/* 자동 생성 — tools/mkassets.py. 손으로 고치지 말 것. */
#include "lvgl.h"

static const uint8_t app_icon_meet_map[] = {
    0x82,0x18,0x82,0x18,0x82,0x18,0x82,0x18,0x82,0x18,0x82,0x18,0x82,0x18,0x82,0x18,
    0x82,0x18,0x82,0x18,0x82,0x18,0x82,0x18,0x82,0x18,0x82,0x18,0x82,0x18,0x82,0x18,
    0x82,0x18,0x82,0x18,0x82,0x18,0x82,0x18,0x82,0x18,0x82,0x18,0x82,0x18,0x82,0x18,
    0x82,0x18,0x82,0x18,0x82,0x18,0x82,0x18,0x82,0x18,0x82,0x18,0x82,0x18,0x82,0x18,
    0x82,0x18,0x82,0x18,0x82,0x18,0x82,0x18,0x82,0x18,0x82,0x18,0x82,0x18,0x82,0x18,
    0x82,0x18,0x82,0x18,0x82,0x18,0x82,0x18,0x82,0x18,0x82,0x18,0x82,0x18,0x82,0x18,
    0x82,0x18,0x82,0x18,0x82,0x18,0x82,0x18,0x82,0x18,0x82,0x18,0x82,0x18,0x82,0x18,
    0x82,0x18,0x82,0x18,0x82,0x18,0x82,0x18,0x82,0x18,0x82,0x18,0x82,0x18,0x82,0x18,
    0x82,0x18,0x82,0x18,0x82,0x18,0x82,0x18,0x82,0x18,0x82,0x18,0x82,0x18,0x82,0x18,
    0x82,0x18,0x82,0x18,0x82,0x18,0x82,0x18,0x82,0x18,0x82,0x18,0x82,0x18,0x82,0x18,
    0x82,0x18,0x82,0x18,0x82,0x18,0x82,0x18,0x82,0x18,0x82,0x18,0x82,0x18,0x82,0x18,
    0x82,0x18,0x82,0x18,0x82,0x18,0x82,0x18,0x82,0x18,0x82,0x18,0x82,0x18,0x82,0x18,
    0x82,0x18,0x82,0x18,0x82,0x18,0x82,0x18,0x82,0x18,0x82,0x18,0x82,0x18,0x82,0x18,
    0x82,0x18,0x82,0x18,0x82,0x18,0x82,0x18,0x82,0x18,0x82,0x18,0x82,0x18,0x82,0x18,
    0x82,0x18,0x82,0x18,0x82,0x18,0x82,0x18,0x82,0x18,0x82,0x18,0x82,0x18,0x82,0x18,
    0x82,0x18,0x82,0x18,0x82,0x18,0x82,0x18,0x82,0x18,0x82,0x18,0x82,0x18,0x82,0x18,
    0x82,0x18,0x82,0x18,0x82,0x18,0x82,0x18,0x82,0x18,0x82,0x18,0x82,0x18,0x82,0x18,
    0x82,0x18,0x82,0x18,0x82,0x18,0x82,0x18,0x82,0x18,0x82,0x18,0x82,0x18,0x82,0x18,
    0x82,0x18,0x82,0x18,0x82,0x18,0x82,0x18,0x82,0x18,0x82,0x18,0x82,0x18,0x82,0x18,
    0x82,0x18,0x82,0x18,0x82,0x18,0x82,0x18,0x82,0x18,0x82,0x18,0x82,0x18,0x82,0x18,
    0x82,0x18,0x82,0x18,0x82,0x18,0x82,0x18,0x82,0x18,0x82,0x18,0x82,0x18,0x82,0x18,
    0x82,0x18,0x82,0x18,0x82,0x18,0x82,0x18,0x82,0x18,0x82,0x18,0x82,0x18,0x82,0x18,
    0x82,0x18,0x82,0x18,0x82,0x18,0x82,0x18,0x82,0x18,0x82,0x18,0x82,0x18,0x82,0x18,
    0x82,0x18,0x82,0x18,0x82,0x18,0x82,0x18,0x82,0x18,0x82,0x18,0x82,0x18,0x82,0x18,
    0x82,0x18,0x82,0x18,0x82,0x18,0x82,0x18,0x82,0x18,0x82,0x18,0x82,0x18,0x82,0x18,
    0x82,0x18,0x82,0x18,0x82,0x18,0x82,0x18,0x82,0x18,0x82,0x18,0x82,0x18,0x82,0x18,
    0x82,0x18,0x82,0x18,0x82,0x18,0x82,0x18,0x82,0x18,0x82,0x18,0x82,0x18,0x82,0x18,
    0x82,0x18,0x82,0x18,0x82,0x18,0x82,0x18,0x82,0x18,0x82,0x18,0x82,0x18,0x82,0x18,
    0x82,0x18,0x82,0x18,0x82,0x18,0x82,0x18,0x82,0x18,0x82,0x18,0x82,0x18,0x82,0x18,
    0x82,0x18,0x82,0x18,0x82,0x18,0x82,0x18,0x82,0x18,0x82,0x18,0x82,0x18,0x82,0x18,
    0x82,0x18,0x82,0x18,0x82,0x18,0x82,0x18,0x82,0x18,0x82,0x18,0x82,0x18,0x82,0x18,
    0x82,0x18,0x82,0x18,0x82,0x18,0x82,0x18,0x82,0x18,0x82,0x18,0x82,0x18,0x82,0x18,
    0x82,0x18,0x82,0x18,0x82,0x18,0x82,0x18,0x82,0x18,0x82,0x18,0x82,0x18,0x82,0x18,
    0x82,0x18,0x82,0x18,0x82,0x18,0x82,0x18,0x82,0x18,0x82,0x18,0x82,0x18,0x82,0x18,
    0x82,0x18,0x82,0x18,0x82,0x18,0x82,0x18,0x82,0x18,0x82,0x18,0x82,0x18,0x82,0x18,
    0x82,0x18,0x82,0x18,0x82,0x18,0x82,0x18,0x82,0x18,0x82,0x18,0x82,0x18,0x82,0x18,
    0x82,0x18,0x82,0x18,0x82,0x18,0x82,0x18,0x82,0x18,0x82,0x18,0x82,0x18,0x82,0x18,
    0x82,0x18,0x82,0x18,0x82,0x18,0x82,0x18,0x82,0x18,0x82,0x18,0x82,0x18,0x82,0x18,
    0x82,0x18,0x82,0x18,0x82,0x18,0x82,0x18,0x82,0x18,0x82,0x18,0x82,0x18,0x82,0x18,
    0x82,0x18,0x82,0x18,0x82,0x18,0x82,0x18,0x82,0x18,0x82,0x18,0x82,0x18,0x82,0x18,
    0x82,0x18,0x82,0x18,0x82,0x18,0x82,0x18,0x82,0x18,0x82,0x18,0x82,0x18,0x82,0x18,
    0x82,0x18,0x82,0x18,0x82,0x18,0x82,0x18,0x82,0x18,0x82,0x18,0x82,0x18,0x82,0x18,
    0x82,0x18,0x82,0x18,0x82,0x18,0x82,0x18,0x82,0x18,0x82,0x18,0x82,0x18,0x82,0x18,
    0x82,0x18,0x82,0x18,0x82,0x18,0x82,0x18,0x82,0x18,0x82,0x18,0x82,0x18,0x82,0x18,
    0x82,0x18,0x82,0x18,0x82,0x18,0x82,0x18,0x82,0x18,0x82,0x18,0x82,0x18,0x82,0x18,
    0x82,0x18,0x82,0x18,0x82,0x18,0x82,0x18,0x82,0x18,0x82,0x18,0x82,0x18,0x82,0x18,
    0x82,0x18,0x82,0x18,0x82,0x18,0x82,0x18,0x82,0x18,0x82,0x18,0x82,0x18,0x82,0x18,
    0x82,0x18,0x82,0x18,0x82,0x18,0x82,0x18,0x82,0x18,0x82,0x18,0x82,0x18,0x82,0x18,
    0x82,0x18,0x82,0x18,0x82,0x18,0x82,0x18,0x82,0x18,0x82,0x18,0x82,0x18,0x82,0x18,
    0x82,0x18,0x82,0x18,0x82,0x18,0x82,0x18,0x82,0x18,0x82,0x18,0x82,0x18,0x82,0x18,
    0x82,0x18,0x82,0x18,0x82,0x18,0x82,0x18,0x82,0x18,0x82,0x18,0x82,0x18,0x82,0x18,
    0x82,0x18,0x82,0x18,0x82,0x18,0x82,0x18,0x82,0x18,0x82,0x18,0x82,0x18,0x82,0x18,
    0x82,0x18,0x82,0x18,0x82,0x18,0x82,0x18,0x82,0x18,0x82,0x18,0x82,0x18,0x82,0x18,
    0x82,0x18,0x82,0x18,0x82,0x18,0x82,0x18,0x82,0x18,0x82,0x18,0x82,0x18,0x82,0x18,
    0x82,0x18,0x82,0x18,0x82,0x18,0x82,0x18,0x82,0x18,0x82,0x18,0x82,0x18,0x82,0x18,
    0x82,0x18,0x82,0x18,0x82,0x18,0x82,0x18,0x82,0x18,0x82,0x18,0x82,0x18,0x82,0x18,
    0x82,0x18,0x82,0x18,0x82,0x18,0x82,0x18,0x82,0x18,0x82,0x18,0x82,0x18,0x82,0x18,
    0x82,0x18,0x82,0x18,0x82,0x18,0x82,0x18,0x82,0x18,0x82,0x18,0x82,0x18,0x82,0x18,
    0x82,0x18,0x82,0x18,0x82,0x18,0x82,0x18,0x82,0x18,0x82,0x18,0x82,0x18,0x82,0x18,
    0x82,0x18,0x82,0x18,0x82,0x18,0x82,0x18,0x82,0x18,0x82,0x18,0x82,0x18,0x82,0x18,
    0x82,0x18,0x82,0x18,0x82,0x18,0x82,0x18,0x82,0x18,0x82,0x18,0x82,0x18,0x82,0x18,
    0x82,0x18,0x82,0x18,0x82,0x18,0x82,0x18,0x82,0x18,0x82,0x18,0x82,0x18,0x82,0x18,
    0x82,0x18,0x82,0x18,0x82,0x18,0x82,0x18,0x82,0x18,0x82,0x18,0x82,0x18,0x82,0x18,
    0x82,0x18,0x82,0x18,0x82,0x18,0x82,0x18,0x82,0x18,0x82,0x18,0x82,0x18,0x82,0x18,
    0x82,0x18,0x82,0x18,0x82,0x18,0x82,0x18,0x82,0x18,0x82,0x18,0x82,0x18,0x82,0x18,
    0x82,0x18,0x82,0x18,0x82,0x18,0x82,0x18,0x82,0x18,0x82,0x18,0x82,0x18,0x82,0x18,
    0x82,0x18,0x82,0x18,0x82,0x18,0x82,0x18,0x82,0x18,0x82,0x18,0x82,0x18,0x82,0x18,
    0x82,0x18,0x82,0x18,0x82,0x18,0x82,0x18,0x82,0x18,0x82,0x18,0x82,0x18,0x82,0x18,
    0x82,0x18,0x82,0x18,0x82,0x18,0x82,0x18,0x82,0x18,0x82,0x18,0x82,0x18,0x82,0x18,
    0x82,0x18,0x82,0x18,0x82,0x18,0x82,0x18,0x82,0x18,0x82,0x18,0x82,0x18,0x82,0x18,
    0x82,0x18,0x82,0x18,0x82,0x18,0x82,0x18,0x82,0x18,0x82,0x18,0x82,0x18,0x82,0x18,
    0x82,0x18,0x82,0x18,0x82,0x18,0x82,0x18,0x82,0x18,0x82,0x18,0x82,0x18,0x82,0x18,
    0x82,0x18,0x82,0x18,0x82,0x18,0x82,0x18,0x82,0x18,0x82,0x18,0x82,0x18,0x82,0x18,
    0x82,0x18,0x82,0x18,0x82,0x18,0x82,0x18,0x82,0x18,0x82,0x18,0x82,0x18,0x82,0x18,
    0x82,0x18,0x82,0x18,0x82,0x18,0x82,0x18,0x82,0x18,0x82,0x18,0x82,0x18,0x82,0x18,
    0x82,0x18,0x82,0x18,0x82,0x18,0x82,0x18,0x82,0x18,0x82,0x18,0x82,0x18,0x82,0x18,
    0x82,0x18,0x82,0x18,0x82,0x18,0x82,0x18,0x82,0x18,0x82,0x18,0x82,0x18,0x82,0x18,
    0x82,0x18,0x82,0x18,0x82,0x18,0x82,0x18,0x82,0x18,0x82,0x18,0x82,0x18,0x82,0x18,
    0x82,0x18,0x82,0x18,0x82,0x18,0x82,0x18,0x82,0x18,0x82,0x18,0x82,0x18,0x82,0x18,
    0x82,0x18,0x82,0x18,0x82,0x18,0x82,0x18,0x82,0x18,0x82,0x18,0x82,0x18,0x82,0x18,
    0x82,0x18,0x82,0x18,0x82,0x18,0x82,0x18,0x82,0x18,0x82,0x18,0x82,0x18,0x82,0x18,
    0x82,0x18,0x82,0x18,0x82,0x18,0x82,0x18,0x82,0x18,0x82,0x18,0x82,0x18,0x82,0x18,
    0x82,0x18,0x82,0x18,0x82,0x18,0x82,0x18,0x82,0x18,0x82,0x18,0x82,0x18,0x82,0x18,
    0x82,0x18,0x82,0x18,0x82,0x18,0x82,0x18,0x82,0x18,0x82,0x18,0x82,0x18,0x82,0x18,
    0x82,0x18,0x82,0x18,0x82,0x18,0x82,0x18,0x82,0x18,0x82,0x18,0x82,0x18,0x82,0x18,
    0x82,0x18,0x82,0x18,0x82,0x18,0x82,0x18,0x82,0x18,0x82,0x18,0x82,0x18,0x82,0x18,
    0x82,0x18,0x82,0x18,0x82,0x18,0x82,0x18,0x82,0x18,0x82,0x18,0x82,0x18,0x82,0x18,
    0x82,0x18,0x82,0x18,0x82,0x18,0x82,0x18,0x82,0x18,0x82,0x18,0x82,0x18,0x82,0x18,
    0x82,0x18,0x82,0x18,0x82,0x18,0x82,0x18,0x82,0x18,0x82,0x18,0x82,0x18,0x82,0x18,
    0x82,0x18,0x82,0x18,0x82,0x18,0x82,0x18,0x82,0x18,0x82,0x18,0x82,0x18,0x82,0x18,
    0x82,0x18,0x82,0x18,0x82,0x18,0x82,0x18,0x82,0x18,0x82,0x18,0x82,0x18,0x82,0x18,
    0x82,0x18,0x82,0x18,0x82,0x18,0x82,0x18,0x82,0x18,0x82,0x18,0x82,0x18,0x82,0x18,
    0x82,0x18,0x82,0x18,0x82,0x18,0x82,0x18,0x82,0x18,0x82,0x18,0x82,0x18,0x82,0x18,
    0x82,0x18,0x82,0x18,0x82,0x18,0x82,0x18,0x82,0x18,0x82,0x18,0x82,0x18,0x82,0x18,
    0x82,0x18,0x82,0x18,0x82,0x18,0x82,0x18,0x82,0x18,0x82,0x18,0x82,0x18,0x82,0x18,
    0x82,0x18,0x82,0x18,0x82,0x18,0x82,0x18,0x82,0x18,0x82,0x18,0x82,0x18,0x82,0x18,
    0x82,0x18,0x82,0x18,0x82,0x18,0x82,0x18,0x82,0x18,0x82,0x18,0x82,0x18,0x82,0x18,
    0x82,0x18,0x82,0x18,0x82,0x18,0x82,0x18,0x82,0x18,0x82,0x18,0x82,0x18,0x82,0x18,
    0x82,0x18,0x82,0x18,0x82,0x18,0x82,0x18,0x82,0x18,0x82,0x18,0x82,0x18,0x82,0x18,
    0x82,0x18,0x82,0x18,0x82,0x18,0x82,0x18,0x82,0x18,0x82,0x18,0x82,0x18,0x82,0x18,
    0x82,0x18,0x82,0x18,0x82,0x18,0x82,0x18,0x82,0x18,0x82,0x18,0x82,0x18,0x82,0x18,
    0x82,0x18,0x82,0x18,0x82,0x18,0x82,0x18,0x82,0x18,0x82,0x18,0x82,0x18,0x82,0x18,
    0x82,0x18,0x82,0x18,0x82,0x18,0x82,0x18,0x82,0x18,0x82,0x18,0x82,0x18,0x82,0x18,
    0x82,0x18,0x82,0x18,0x82,0x18,0x82,0x18,0x82,0x18,0x82,0x18,0x82,0x18,0x82,0x18,
    0x82,0x18,0x82,0x18,0x82,0x18,0x82,0x18,0x82,0x18,0x82,0x18,0x82,0x18,0x82,0x18,
    0x82,0x18,0x82,0x18,0x82,0x18,0x82,0x18,0x82,0x18,0x82,0x18,0x82,0x18,0x82,0x18,
    0x82,0x18,0x82,0x18,0x82,0x18,0x82,0x18,0x82,0x18,0x82,0x18,0x82,0x18,0x82,0x18,
    0x82,0x18,0x82,0x18,0x82,0x18,0x82,0x18,0x82,0x18,0x82,0x18,0x82,0x18,0x82,0x18,
    0x82,0x18,0x82,0x18,0x82,0x18,0x82,0x18,0x82,0x18,0x82,0x18,0x82,0x18,0x82,0x18,
    0x82,0x18,0x82,0x18,0x82,0x18,0x82,0x18,0x82,0x18,0x82,0x18,0x82,0x18,0x82,0x18,
    0x82,0x18,0x82,0x18,0x82,0x18,0x82,0x18,0x82,0x18,0x82,0x18,0x82,0x18,0x82,0x18,
    0x82,0x18,0x82,0x18,0x82,0x18,0x82,0x18,0x82,0x18,0x82,0x18,0x82,0x18,0x82,0x18,
    0x82,0x18,0x82,0x18,0x82,0x18,0x82,0x18,0x82,0x18,0x82,0x18,0x82,0x18,0x82,0x18,
    0x82,0x18,0x82,0x18,0x82,0x18,0x82,0x18,0x82,0x18,0x82,0x18,0x82,0x18,0x82,0x18,
    0x82,0x18,0x82,0x18,0x82,0x18,0x82,0x18,0x82,0x18,0x82,0x18,0x82,0x18,0x82,0x18,
    0x82,0x18,0x82,0x18,0x82,0x18,0x82,0x18,0x82,0x18,0x82,0x18,0x82,0x18,0x82,0x18,
    0x82,0x18,0x82,0x18,0x82,0x18,0x82,0x18,0x82,0x18,0x82,0x18,0x82,0x18,0x82,0x18,
    0x82,0x18,0x82,0x18,0x82,0x18,0x82,0x18,0x82,0x18,0x82,0x18,0x82,0x18,0x82,0x18,
    0x82,0x18,0x82,0x18,0x82,0x18,0x82,0x18,0x82,0x18,0x82,0x18,0x82,0x18,0x82,0x18,
    0x82,0x18,0x82,0x18,0x82,0x18,0x82,0x18,0x82,0x18,0x82,0x18,0x82,0x18,0x82,0x18,
    0x82,0x18,0x82,0x18,0x82,0x18,0x82,0x18,0x82,0x18,0x82,0x18,0x82,0x18,0x82,0x18,
    0x82,0x18,0x82,0x18,0x82,0x18,0x82,0x18,0x82,0x18,0x82,0x18,0x82,0x18,0x82,0x18,
    0x82,0x18,0x82,0x18,0x82,0x18,0x82,0x18,0x82,0x18,0x82,0x18,0x82,0x18,0x82,0x18,
    0x82,0x18,0x82,0x18,0x82,0x18,0x82,0x18,0x82,0x18,0x82,0x18,0x82,0x18,0x82,0x18,
    0x82,0x18,0x82,0x18,0x82,0x18,0x82,0x18,0x82,0x18,0x82,0x18,0x82,0x18,0x82,0x18,
    0x82,0x18,0x82,0x18,0x82,0x18,0x82,0x18,0x82,0x18,0x82,0x18,0x82,0x18,0x82,0x18,
    0x82,0x18,0x82,0x18,0x82,0x18,0x82,0x18,0x82,0x18,0x82,0x18,0x82,0x18,0x82,0x18,
    0x82,0x18,0x82,0x18,0x82,0x18,0x82,0x18,0x82,0x18,0x82,0x18,0x82,0x18,0x82,0x18,
    0x82,0x18,0x82,0x18,0x82,0x18,0x82,0x18,0x82,0x18,0x82,0x18,0x82,0x18,0x82,0x18,
    0x82,0x18,0x82,0x18,0x82,0x18,0x82,0x18,0x82,0x18,0x82,0x18,0x82,0x18,0x82,0x18,
    0x82,0x18,0x82,0x18,0x82,0x18,0x82,0x18,0x82,0x18,0x82,0x18,0x82,0x18,0x82,0x18,
    0x82,0x18,0x82,0x18,0x82,0x18,0x82,0x18,0x82,0x18,0x82,0x18,0x82,0x18,0x82,0x18,
    0x82,0x18,0x82,0x18,0x82,0x18,0x82,0x18,0x82,0x18,0x82,0x18,0x82,0x18,0x82,0x18,
    0x82,0x18,0x82,0x18,0x82,0x18,0x82,0x18,0x82,0x18,0x82,0x18,0x82,0x18,0x82,0x18,
    0x82,0x18,0x82,0x18,0x82,0x18,0x82,0x18,0x82,0x18,0x82,0x18,0x82,0x18,0x82,0x18,
    0x82,0x18,0x82,0x18,0x82,0x18,0x82,0x18,0x82,0x18,0x82,0x18,0x82,0x18,0x82,0x18,
    0x82,0x18,0x82,0x18,0x82,0x18,0x82,0x18,0x82,0x18,0x82,0x18,0x82,0x18,0x82,0x18,
    0x82,0x18,0x82,0x18,0x82,0x18,0x82,0x18,0x82,0x18,0x82,0x18,0x82,0x18,0x82,0x18,
    0x82,0x18,0x82,0x18,0x82,0x18,0x82,0x18,0x82,0x18,0x82,0x18,0x82,0x18,0x82,0x18,
    0x82,0x18,0x82,0x18,0x82,0x18,0x82,0x18,0x82,0x18,0x82,0x18,0x82,0x18,0x82,0x18,
    0x82,0x18,0x82,0x18,0x82,0x18,0x82,0x18,0x82,0x18,0x82,0x18,0x82,0x18,0x82,0x18,
    0x82,0x18,0x82,0x18,0x82,0x18,0x82,0x18,0x82,0x18,0x82,0x18,0x82,0x18,0x82,0x18,
    0x82,0x18,0x82,0x18,0x82,0x18,0x82,0x18,0x82,0x18,0x82,0x18,0x82,0x18,0x82,0x18,
    0x82,0x18,0x82,0x18,0x82,0x18,0x82,0x18,0x82,0x18,0x82,0x18,0x82,0x18,0x82,0x18,
    0x82,0x18,0x82,0x18,0x82,0x18,0x82,0x18,0x82,0x18,0x82,0x18,0x82,0x18,0x82,0x18,
    0x82,0x18,0x82,0x18,0x82,0x18,0x82,0x18,0x82,0x18,0x82,0x18,0x82,0x18,0x82,0x18,
    0x82,0x18,0x82,0x18,0x82,0x18,0x82,0x18,0x82,0x18,0x82,0x18,0x82,0x18,0x82,0x18,
    0x82,0x18,0x82,0x18,0x82,0x18,0x82,0x18,0x82,0x18,0x82,0x18,0x82,0x18,0x82,0x18,
    0x82,0x18,0x82,0x18,0x82,0x18,0x82,0x18,0x82,0x18,0x82,0x18,0x82,0x18,0x82,0x18,
    0x82,0x18,0x82,0x18,0x82,0x18,0x82,0x18,0x82,0x18,0x82,0x18,0x82,0x18,0x82,0x18,
    0x82,0x18,0x82,0x18,0x82,0x18,0x82,0x18,0x82,0x18,0x82,0x18,0x82,0x18,0x82,0x18,
    0x82,0x18,0x82,0x18,0x82,0x18,0x82,0x18,0x82,0x18,0x82,0x18,0x82,0x18,0x82,0x18,
    0x82,0x18,0x82,0x18,0x82,0x18,0x82,0x18,0x82,0x18,0x82,0x18,0x82,0x18,0x82,0x18,
    0x82,0x18,0x82,0x18,0x82,0x18,0x82,0x18,0x82,0x18,0x82,0x18,0x82,0x18,0x82,0x18,
    0x82,0x18,0x82,0x18,0x82,0x18,0x82,0x18,0x82,0x18,0x82,0x18,0x82,0x18,0x82,0x18,
    0x82,0x18,0x82,0x18,0x82,0x18,0x82,0x18,0x82,0x18,0x82,0x18,0x82,0x18,0x82,0x18,
    0x82,0x18,0x82,0x18,0x82,0x18,0x82,0x18,0x82,0x18,0x82,0x18,0x82,0x18,0x82,0x18,
    0x82,0x18,0x82,0x18,0x82,0x18,0x82,0x18,0x82,0x18,0x82,0x18,0x82,0x18,0x82,0x18,
    0x82,0x18,0x82,0x18,0x82,0x18,0x82,0x18,0x82,0x18,0x82,0x18,0x82,0x18,0x82,0x18,
    0x82,0x18,0x82,0x18,0x82,0x18,0x82,0x18,0x82,0x18,0x82,0x18,0x82,0x18,0x82,0x18,
    0x82,0x18,0x82,0x18,0x82,0x18,0x82,0x18,0x82,0x18,0x82,0x18,0x82,0x18,0x82,0x18,
    0x82,0x18,0x82,0x18,0x82,0x18,0x82,0x18,0x82,0x18,0x82,0x18,0x82,0x18,0x82,0x18,
    0x82,0x18,0x82,0x18,0x82,0x18,0x82,0x18,0x82,0x18,0x82,0x18,0x82,0x18,0x82,0x18,
    0x82,0x18,0x82,0x18,0x82,0x18,0x82,0x18,0x82,0x18,0x82,0x18,0x82,0x18,0x82,0x18,
    0x82,0x18,0x82,0x18,0x82,0x18,0x82,0x18,0x82,0x18,0x82,0x18,0x82,0x18,0x82,0x18,
    0x82,0x18,0x82,0x18,0x82,0x18,0x82,0x18,0x82,0x18,0x82,0x18,0x82,0x18,0x82,0x18,
    0x82,0x18,0x82,0x18,0x82,0x18,0x82,0x18,0x82,0x18,0x82,0x18,0x82,0x18,0x82,0x18,
    0x82,0x18,0x82,0x18,0x82,0x18,0x82,0x18,0x82,0x18,0x82,0x18,0x82,0x18,0x82,0x18,
    0x82,0x18,0x82,0x18,0x82,0x18,0x82,0x18,0x82,0x18,0x82,0x18,0x82,0x18,0x82,0x18,
    0x82,0x18,0x82,0x18,0x82,0x18,0x82,0x18,0x82,0x18,0x82,0x18,0x82,0x18,0x82,0x18,
    0x82,0x18,0x82,0x18,0x82,0x18,0x82,0x18,0x82,0x18,0x82,0x18,0x82,0x18,0x82,0x18,
    0x82,0x18,0x82,0x18,0x82,0x18,0x82,0x18,0x82,0x18,0x82,0x18,0x82,0x18,0x82,0x18,
    0x82,0x18,0x82,0x18,0x82,0x18,0x82,0x18,0x82,0x18,0x82,0x18,0x82,0x18,0x82,0x18,
    0x82,0x18,0x82,0x18,0x82,0x18,0x82,0x18,0x82,0x18,0x82,0x18,0x82,0x18,0x82,0x18,
    0x82,0x18,0x82,0x18,0x82,0x18,0x82,0x18,0x82,0x18,0x82,0x18,0x82,0x18,0x82,0x18,
    0x82,0x18,0x82,0x18,0x82,0x18,0x82,0x18,0x82,0x18,0x82,0x18,0x82,0x18,0x82,0x18,
    0x82,0x18,0x82,0x18,0x82,0x18,0x82,0x18,0x82,0x18,0x82,0x18,0x82,0x18,0x82,0x18,
    0x82,0x18,0x82,0x18,0x82,0x18,0x82,0x18,0x82,0x18,0x82,0x18,0x82,0x18,0x82,0x18,
    0x82,0x18,0x82,0x18,0x82,0x18,0x82,0x18,0x82,0x18,0x82,0x18,0x82,0x18,0x82,0x18,
    0x82,0x18,0x82,0x18,0x82,0x18,0x82,0x18,0x82,0x18,0x82,0x18,0x82,0x18,0x82,0x18,
    0x82,0x18,0x82,0x18,0x82,0x18,0x82,0x18,0x82,0x18,0x82,0x18,0x82,0x18,0x82,0x18,
    0x82,0x18,0x82,0x18,0x82,0x18,0x82,0x18,0x82,0x18,0x82,0x18,0x82,0x18,0x82,0x18,
    0x82,0x18,0x82,0x18,0x82,0x18,0x82,0x18,0x82,0x18,0x82,0x18,0x82,0x18,0x82,0x18,
    0x82,0x18,0x82,0x18,0x82,0x18,0x82,0x18,0x82,0x18,0x82,0x18,0x82,0x18,0x82,0x18,
    0x82,0x18,0x82,0x18,0x82,0x18,0x82,0x18,0x82,0x18,0x82,0x18,0x82,0x18,0x82,0x18,
    0x82,0x18,0x82,0x18,0x82,0x18,0x82,0x18,0x82,0x18,0x82,0x18,0x82,0x18,0x82,0x18,
    0x82,0x18,0x82,0x18,0x82,0x18,0x82,0x18,0x82,0x18,0x82,0x18,0x82,0x18,0x82,0x18,
    0x82,0x18,0x82,0x18,0x82,0x18,0x82,0x18,0x82,0x18,0x82,0x18,0x82,0x18,0x82,0x18,
    0x82,0x18,0x82,0x18,0x82,0x18,0x82,0x18,0x82,0x18,0x82,0x18,0x82,0x18,0x82,0x18,
    0x82,0x18,0x82,0x18,0x82,0x18,0x82,0x18,0x82,0x18,0x82,0x18,0x82,0x18,0x82,0x18,
    0x82,0x18,0x82,0x18,0x82,0x18,0x82,0x18,0x82,0x18,0x82,0x18,0x82,0x18,0x82,0x18,
    0x82,0x18,0x82,0x18,0x82,0x18,0x82,0x18,0x82,0x18,0x82,0x18,0x82,0x18,0x82,0x18,
    0x82,0x18,0x82,0x18,0x82,0x18,0x82,0x18,0x82,0x18,0x82,0x18,0x82,0x18,0x82,0x18,
    0x82,0x18,0x82,0x18,0x82,0x18,0x82,0x18,0x82,0x18,0x82,0x18,0x82,0x18,0x82,0x18,
    0x82,0x18,0x82,0x18,0x82,0x18,0x82,0x18,0x82,0x18,0x82,0x18,0x82,0x18,0x82,0x18,
    0x82,0x18,0x82,0x18,0x82,0x18,0x82,0x18,0x82,0x18,0x82,0x18,0x82,0x18,0x82,0x18,
    0x82,0x18,0x82,0x18,0x82,0x18,0x82,0x18,0x82,0x18,0x82,0x18,0x82,0x18,0x82,0x18,
    0x82,0x18,0x82,0x18,0x82,0x18,0x82,0x18,0x82,0x18,0x82,0x18,0x82,0x18,0x82,0x18,
    0x82,0x18,0x82,0x18,0x82,0x18,0x82,0x18,0x82,0x18,0x82,0x18,0x82,0x18,0x82,0x18,
    0x82,0x18,0x82,0x18,0x82,0x18,0x82,0x18,0x82,0x18,0x82,0x18,0x82,0x18,0x82,0x18,
    0x82,0x18,0x82,0x18,0x82,0x18,0x82,0x18,0x82,0x18,0x82,0x18,0x82,0x18,0x82,0x18,
    0x82,0x18,0x82,0x18,0x82,0x18,0x82,0x18,0x82,0x18,0x82,0x18,0x82,0x18,0x82,0x18,
    0x82,0x18,0x82,0x18,0x82,0x18,0x82,0x18,0x82,0x18,0x82,0x18,0x82,0x18,0x82,0x18,
    0x82,0x18,0x82,0x18,0x82,0x18,0x82,0x18,0x82,0x18,0x82,0x18,0x82,0x18,0x82,0x18,
    0x82,0x18,0x82,0x18,0x82,0x18,0x82,0x18,0x82,0x18,0x82,0x18,0x82,0x18,0x82,0x18,
    0x82,0x18,0x82,0x18,0x82,0x18,0x82,0x18,0x82,0x18,0x82,0x18,0x82,0x18,0x82,0x18,
    0x82,0x18,0x82,0x18,0x82,0x18,0x82,0x18,0x82,0x18,0x82,0x18,0x82,0x18,0x82,0x18,
    0x82,0x18,0x82,0x18,0x82,0x18,0x82,0x18,0x82,0x18,0x82,0x18,0x82,0x18,0x82,0x18,
    0x82,0x18,0x82,0x18,0x82,0x18,0x82,0x18,0x82,0x18,0x82,0x18,0x82,0x18,0x82,0x18,
    0x82,0x18,0x82,0x18,0x82,0x18,0x82,0x18,0x82,0x18,0x82,0x18,0x82,0x18,0x82,0x18,
    0x82,0x18,0x82,0x18,0x82,0x18,0x82,0x18,0x82,0x18,0x82,0x18,0x82,0x18,0x82,0x18,
    0x82,0x18,0x82,0x18,0x82,0x18,0x82,0x18,0x82,0x18,0x82,0x18,0x82,0x18,0x82,0x18,
    0x82,0x18,0x82,0x18,0x82,0x18,0x82,0x18,0x82,0x18,0x82,0x18,0x82,0x18,0x82,0x18,
    0x82,0x18,0x82,0x18,0x82,0x18,0x82,0x18,0x82,0x18,0x82,0x18,0x82,0x18,0x82,0x18,
    0x82,0x18,0x82,0x18,0x82,0x18,0x82,0x18,0x82,0x18,0x82,0x18,0x82,0x18,0x82,0x18,
    0x82,0x18,0x82,0x18,0x82,0x18,0x82,0x18,0x82,0x18,0x82,0x18,0x82,0x18,0x82,0x18,
    0x82,0x18,0x82,0x18,0x82,0x18,0x82,0x18,0x82,0x18,0x82,0x18,0x82,0x18,0x82,0x18,
    0x82,0x18,0x82,0x18,0x82,0x18,0x82,0x18,0x82,0x18,0x82,0x18,0x82,0x18,0x82,0x18,
    0x82,0x18,0x82,0x18,0x82,0x18,0x82,0x18,0x82,0x18,0x82,0x18,0x82,0x18,0x82,0x18,
    0x82,0x18,0x82,0x18,0x82,0x18,0x82,0x18,0x82,0x18,0x82,0x18,0x82,0x18,0x82,0x18,
    0x82,0x18,0x82,0x18,0x82,0x18,0x82,0x18,0x82,0x18,0x82,0x18,0x82,0x18,0x82,0x18,
    0x82,0x18,0x82,0x18,0x82,0x18,0x82,0x18,0x82,0x18,0x82,0x18,0x82,0x18,0x82,0x18,
    0x82,0x18,0x82,0x18,0x82,0x18,0x82,0x18,0x82,0x18,0x82,0x18,0x82,0x18,0x82,0x18,
    0x82,0x18,0x82,0x18,0x82,0x18,0x82,0x18,0x82,0x18,0x82,0x18,0x82,0x18,0x82,0x18,
    0x82,0x18,0x82,0x18,0x82,0x18,0x82,0x18,0x82,0x18,0x82,0x18,0x82,0x18,0x82,0x18,
    0x82,0x18,0x82,0x18,0x82,0x18,0x82,0x18,0x82,0x18,0x82,0x18,0x82,0x18,0x82,0x18,
    0x82,0x18,0x82,0x18,0x82,0x18,0x82,0x18,0x82,0x18,0x82,0x18,0x82,0x18,0x82,0x18,
    0x82,0x18,0x82,0x18,0x82,0x18,0x82,0x18,0x82,0x18,0x82,0x18,0x82,0x18,0x82,0x18,
    0x82,0x18,0x82,0x18,0x82,0x18,0x82,0x18,0x82,0x18,0x82,0x18,0x82,0x18,0x82,0x18,
    0x82,0x18,0x82,0x18,0x82,0x18,0x82,0x18,0x82,0x18,0x82,0x18,0x82,0x18,0x82,0x18,
    0x82,0x18,0x82,0x18,0x82,0x18,0x82,0x18,0x82,0x18,0x82,0x18,0x82,0x18,0x82,0x18,
    0x82,0x18,0x82,0x18,0x82,0x18,0x82,0x18,0x82,0x18,0x82,0x18,0x82,0x18,0x82,0x18,
    0x82,0x18,0x82,0x18,0x82,0x18,0x82,0x18,0x82,0x18,0x82,0x18,0x82,0x18,0x82,0x18,
    0x82,0x18,0x82,0x18,0x82,0x18,0x82,0x18,0x82,0x18,0x82,0x18,0x82,0x18,0x82,0x18,
    0x82,0x18,0x82,0x18,0x82,0x18,0x82,0x18,0x82,0x18,0x82,0x18,0x82,0x18,0x82,0x18,
    0x82,0x18,0x82,0x18,0x82,0x18,0x82,0x18,0x82,0x18,0x82,0x18,0x82,0x18,0x82,0x18,
    0x82,0x18,0x82,0x18,0x82,0x18,0x82,0x18,0x82,0x18,0x82,0x18,0x82,0x18,0x82,0x18,
    0x82,0x18,0x82,0x18,0x82,0x18,0x82,0x18,0x82,0x18,0x82,0x18,0x82,0x18,0x82,0x18,
    0x82,0x18,0x82,0x18,0x82,0x18,0x82,0x18,0x82,0x18,0x82,0x18,0x82,0x18,0x82,0x18,
    0x82,0x18,0x82,0x18,0x82,0x18,0x82,0x18,0x82,0x18,0x82,0x18,0x82,0x18,0x82,0x18,
    0x82,0x18,0x82,0x18,0x82,0x18,0x82,0x18,0x82,0x18,0x82,0x18,0x82,0x18,0x82,0x18,
    0x82,0x18,0x82,0x18,0x82,0x18,0x82,0x18,0x82,0x18,0x82,0x18,0x82,0x18,0x82,0x18,
    0x82,0x18,0x82,0x18,0x82,0x18,0x82,0x18,0x82,0x18,0x82,0x18,0x82,0x18,0x82,0x18,
    0x82,0x18,0x82,0x18,0x82,0x18,0x82,0x18,0x82,0x18,0x82,0x18,0x82,0x18,0x82,0x18,
    0x82,0x18,0x82,0x18,0x82,0x18,0x82,0x18,0x82,0x18,0x82,0x18,0x82,0x18,0x82,0x18,
    0x82,0x18,0x82,0x18,0x82,0x18,0x82,0x18,0x82,0x18,0x82,0x18,0x82,0x18,0x82,0x18,
    0x82,0x18,0x82,0x18,0x82,0x18,0x82,0x18,0x82,0x18,0x82,0x18,0x82,0x18,0x82,0x18,
    0x82,0x18,0x82,0x18,0x82,0x18,0x82,0x18,0x82,0x18,0x82,0x18,0x82,0x18,0x82,0x18,
    0x82,0x18,0x82,0x18,0x82,0x18,0x82,0x18,0x82,0x18,0x82,0x18,0x82,0x18,0x82,0x18,
    0x82,0x18,0x82,0x18,0x82,0x18,0x82,0x18,0x82,0x18,0x82,0x18,0x82,0x18,0x82,0x18,
    0x82,0x18,0x82,0x18,0x82,0x18,0x82,0x18,0x82,0x18,0x82,0x18,0x82,0x18,0x82,0x18,
    0x82,0x18,0x82,0x18,0x82,0x18,0x82,0x18,0x82,0x18,0x82,0x18,0x82,0x18,0x82,0x18,
    0x82,0x18,0x82,0x18,0x82,0x18,0x82,0x18,0x82,0x18,0x82,0x18,0x82,0x18,0x82,0x18,
    0x82,0x18,0x82,0x18,0x82,0x18,0x82,0x18,0x82,0x18,0x82,0x18,0x82,0x18,0x82,0x18,
    0x82,0x18,0x82,0x18,0x82,0x18,0x82,0x18,0x82,0x18,0x82,0x18,0x82,0x18,0x82,0x18,
    0x82,0x18,0x82,0x18,0x82,0x18,0x82,0x18,0x82,0x18,0x82,0x18,0x82,0x18,0x82,0x18,
    0x82,0x18,0x82,0x18,0x82,0x18,0x82,0x18,0x82,0x18,0x82,0x18,0x82,0x18,0x82,0x18,
    0x82,0x18,0x82,0x18,0x82,0x18,0x82,0x18,0x82,0x18,0x82,0x18,0x82,0x18,0x82,0x18,
    0x82,0x18,0x82,0x18,0x82,0x18,0x82,0x18,0x82,0x18,0x82,0x18,0x82,0x18,0x82,0x18,
    0x82,0x18,0x82,0x18,0x82,0x18,0x82,0x18,0x82,0x18,0x82,0x18,0x82,0x18,0x82,0x18,
    0x82,0x18,0x82,0x18,0x82,0x18,0x82,0x18,0x82,0x18,0x82,0x18,0x82,0x18,0x82,0x18,
    0x82,0x18,0x82,0x18,0x82,0x18,0x82,0x18,0x82,0x18,0x82,0x18,0x82,0x18,0x82,0x18,
    0x82,0x18,0x82,0x18,0x82,0x18,0x82,0x18,0x82,0x18,0x82,0x18,0x82,0x18,0x82,0x18,
    0x82,0x18,0x82,0x18,0x82,0x18,0x82,0x18,0x82,0x18,0x82,0x18,0x82,0x18,0x82,0x18,
    0x82,0x18,0x82,0x18,0x82,0x18,0x82,0x18,0x82,0x18,0x82,0x18,0x82,0x18,0x82,0x18,
    0x82,0x18,0x82,0x18,0x82,0x18,0x82,0x18,0x82,0x18,0x82,0x18,0x82,0x18,0x82,0x18,
    0x82,0x18,0x82,0x18,0x82,0x18,0x82,0x18,0x82,0x18,0x82,0x18,0x82,0x18,0x82,0x18,
    0x82,0x18,0x82,0x18,0x82,0x18,0x82,0x18,0x82,0x18,0x82,0x18,0x82,0x18,0x82,0x18,
    0x82,0x18,0x82,0x18,0x82,0x18,0x82,0x18,0x82,0x18,0x82,0x18,0x82,0x18,0x82,0x18,
    0x82,0x18,0x82,0x18,0x82,0x18,0x82,0x18,0x82,0x18,0x82,0x18,0x82,0x18,0x82,0x18,
    0x82,0x18,0x82,0x18,0x82,0x18,0x82,0x18,0x82,0x18,0x82,0x18,0x82,0x18,0x82,0x18,
    0x82,0x18,0x82,0x18,0x82,0x18,0x82,0x18,0x82,0x18,0x82,0x18,0x82,0x18,0x82,0x18,
    0x82,0x18,0x82,0x18,0x82,0x18,0x82,0x18,0x82,0x18,0x82,0x18,0x82,0x18,0x82,0x18,
    0x82,0x18,0x82,0x18,0x82,0x18,0x82,0x18,0x82,0x18,0x82,0x18,0x82,0x18,0x82,0x18,
    0x82,0x18,0x82,0x18,0x82,0x18,0x82,0x18,0x82,0x18,0x82,0x18,0x82,0x18,0x82,0x18,
    0x82,0x18,0x82,0x18,0x82,0x18,0x82,0x18,0x82,0x18,0x82,0x18,0x82,0x18,0x82,0x18,
    0x82,0x18,0x82,0x18,0x82,0x18,0x82,0x18,0x82,0x18,0x82,0x18,0x82,0x18,0x82,0x18,
    0x82,0x18,0x82,0x18,0x82,0x18,0x82,0x18,0x82,0x18,0x82,0x18,0x82,0x18,0x82,0x18,
    0x82,0x18,0x82,0x18,0x82,0x18,0x82,0x18,0x82,0x18,0x82,0x18,0x82,0x18,0x82,0x18,
    0x82,0x18,0x82,0x18,0x82,0x18,0x82,0x18,0x82,0x18,0x82,0x18,0x82,0x18,0x82,0x18,
    0x82,0x18,0x82,0x18,0x82,0x18,0x82,0x18,0x82,0x18,0x82,0x18,0x82,0x18,0x82,0x18,
    0x82,0x18,0x82,0x18,0x82,0x18,0x82,0x18,0x82,0x18,0x82,0x18,0x82,0x18,0x82,0x18,
    0x82,0x18,0x82,0x18,0x82,0x18,0x82,0x18,0x82,0x18,0x82,0x18,0x82,0x18,0x82,0x18,
    0x82,0x18,0x82,0x18,0x82,0x18,0x82,0x18,0x82,0x18,0x82,0x18,0x82,0x18,0x82,0x18,
    0x82,0x18,0x82,0x18,0x82,0x18,0x82,0x18,0x82,0x18,0x82,0x18,0x82,0x18,0x82,0x18,
    0x82,0x18,0x82,0x18,0x82,0x18,0x82,0x18,0x82,0x18,0x82,0x18,0x82,0x18,0x82,0x18,
    0x82,0x18,0x82,0x18,0x82,0x18,0x82,0x18,0x82,0x18,0x82,0x18,0x82,0x18,0x82,0x18,
    0x82,0x18,0x82,0x18,0x82,0x18,0x82,0x18,0x82,0x18,0x82,0x18,0x82,0x18,0x82,0x18,
    0x82,0x18,0x82,0x18,0x82,0x18,0x82,0x18,0x82,0x18,0x82,0x18,0x82,0x18,0x82,0x18,
    0x82,0x18,0x82,0x18,0x82,0x18,0x82,0x18,0x82,0x18,0x82,0x18,0x82,0x18,0x82,0x18,
    0x82,0x18,0x82,0x18,0x82,0x18,0x82,0x18,0x82,0x18,0x82,0x18,0x82,0x18,0x82,0x18,
    0x82,0x18,0x82,0x18,0x82,0x18,0x82,0x18,0x82,0x18,0x82,0x18,0x82,0x18,0x82,0x18,
    0x62,0x10,0x62,0x08,0x41,0x08,0x41,0x00,0x41,0x00,0x41,0x08,0x62,0x08,0x62,0x10,
    0x82,0x18,0x82,0x18,0x82,0x18,0x82,0x18,0x82,0x18,0x82,0x18,0x82,0x18,0x82,0x18,
    0x82,0x18,0x82,0x18,0x82,0x18,0x82,0x18,0x82,0x18,0x82,0x18,0x82,0x18,0x82,0x18,
    0x82,0x18,0x82,0x18,0x82,0x18,0x82,0x18,0x82,0x18,0x82,0x18,0x82,0x18,0x82,0x18,
    0x82,0x18,0x82,0x18,0x82,0x18,0x82,0x18,0x82,0x18,0x82,0x18,0x82,0x18,0x82,0x18,
    0x82,0x18,0x82,0x18,0x82,0x18,0x82,0x18,0x82,0x18,0x82,0x18,0x82,0x18,0x82,0x18,
    0x82,0x18,0x82,0x18,0x82,0x18,0x82,0x18,0x82,0x18,0x82,0x18,0x82,0x18,0x82,0x18,
    0x82,0x18,0x82,0x18,0x82,0x18,0x82,0x18,0x82,0x18,0x82,0x18,0x82,0x18,0x82,0x18,
    0x82,0x18,0x82,0x18,0x82,0x18,0x82,0x18,0x82,0x18,0x82,0x18,0x82,0x18,0x82,0x18,
    0x82,0x18,0x82,0x18,0x82,0x18,0x82,0x18,0x82,0x18,0x82,0x18,0x82,0x18,0x82,0x18,
    0x82,0x18,0x82,0x18,0x82,0x18,0x82,0x18,0x82,0x18,0x82,0x18,0x82,0x18,0x82,0x18,
    0x82,0x18,0x82,0x18,0x82,0x18,0x82,0x18,0x82,0x18,0x82,0x18,0x82,0x18,0x82,0x18,
    0x82,0x18,0x82,0x18,0x82,0x18,0x82,0x18,0x82,0x18,0x82,0x18,0x82,0x18,0x82,0x18,
    0x82,0x18,0x82,0x18,0x82,0x18,0x82,0x18,0x82,0x18,0x82,0x18,0x82,0x18,0x82,0x18,
    0x82,0x18,0x82,0x18,0x82,0x18,0x82,0x18,0x82,0x18,0x82,0x18,0x62,0x10,0x41,0x08,
    0x82,0x20,0xE4,0x40,0x66,0x69,0xA7,0x89,0xA7,0x89,0x86,0x79,0x04,0x49,0xA3,0x28,
    0x62,0x08,0x62,0x08,0x82,0x18,0x82,0x18,0x82,0x18,0x82,0x18,0x82,0x18,0x82,0x18,
    0x82,0x18,0x82,0x18,0x82,0x18,0x82,0x18,0x82,0x18,0x82,0x18,0x82,0x18,0x82,0x18,
    0x82,0x18,0x82,0x18,0x82,0x18,0x82,0x18,0x82,0x18,0x82,0x18,0x82,0x18,0x82,0x18,
    0x82,0x18,0x82,0x18,0x82,0x18,0x82,0x18,0x82,0x18,0x82,0x18,0x82,0x18,0x82,0x18,
    0x82,0x18,0x82,0x18,0x82,0x18,0x82,0x18,0x82,0x18,0x82,0x18,0x82,0x18,0x82,0x18,
    0x82,0x18,0x82,0x18,0x82,0x18,0x82,0x18,0x82,0x18,0x82,0x18,0x82,0x18,0x82,0x18,
    0x82,0x18,0x82,0x18,0x82,0x18,0x82,0x18,0x82,0x18,0x82,0x18,0x82,0x18,0x82,0x18,
    0x82,0x18,0x82,0x18,0x82,0x18,0x82,0x18,0x82,0x18,0x82,0x18,0x82,0x18,0x82,0x18,
    0x82,0x18,0x82,0x18,0x82,0x18,0x82,0x18,0x82,0x18,0x82,0x18,0x82,0x18,0x82,0x18,
    0x82,0x18,0x82,0x18,0x82,0x18,0x82,0x18,0x82,0x18,0x82,0x18,0x82,0x18,0x82,0x18,
    0x82,0x18,0x82,0x18,0x82,0x18,0x82,0x18,0x82,0x18,0x82,0x18,0x82,0x18,0x82,0x18,
    0x82,0x18,0x82,0x18,0x82,0x18,0x82,0x18,0x82,0x18,0x82,0x18,0x82,0x18,0x82,0x18,
    0x82,0x18,0x82,0x18,0x82,0x18,0x82,0x18,0x82,0x18,0x82,0x18,0x82,0x18,0x82,0x18,
    0x82,0x18,0x82,0x18,0x82,0x18,0x82,0x18,0x82,0x18,0x41,0x08,0xE3,0x38,0xC7,0x91,
    0x8A,0xE2,0xEB,0xFA,0x0C,0xFB,0x0C,0xFB,0x0C,0xFB,0x0C,0xFB,0xEB,0xFA,0xAA,0xEA,
    0x08,0xAA,0x04,0x51,0x62,0x08,0x62,0x10,0x82,0x18,0x82,0x18,0x82,0x18,0x82,0x18,
    0x82,0x18,0x82,0x18,0x82,0x18,0x82,0x18,0x82,0x18,0x82,0x18,0x82,0x18,0x82,0x18,
    0x82,0x18,0x82,0x18,0x82,0x18,0x82,0x18,0x82,0x18,0x82,0x18,0x82,0x18,0x82,0x18,
    0x82,0x18,0x82,0x18,0x82,0x18,0x82,0x18,0x82,0x18,0x82,0x18,0x82,0x18,0x82,0x18,
    0x82,0x18,0x82,0x18,0x82,0x18,0x82,0x18,0x82,0x18,0x82,0x18,0x82,0x18,0x82,0x18,
    0x82,0x18,0x82,0x18,0x82,0x18,0x82,0x18,0x82,0x18,0x82,0x18,0x82,0x18,0x82,0x18,
    0x82,0x18,0x82,0x18,0x82,0x18,0x82,0x18,0x82,0x18,0x82,0x18,0x82,0x18,0x82,0x18,
    0x82,0x18,0x82,0x18,0x82,0x18,0x82,0x18,0x82,0x18,0x82,0x18,0x82,0x18,0x82,0x18,
    0x82,0x18,0x82,0x18,0x82,0x18,0x82,0x18,0x82,0x18,0x82,0x18,0x82,0x18,0x82,0x18,
    0x82,0x18,0x82,0x18,0x82,0x18,0x82,0x18,0x82,0x18,0x82,0x18,0x82,0x18,0x82,0x18,
    0x82,0x18,0x82,0x18,0x82,0x18,0x82,0x18,0x82,0x18,0x82,0x18,0x82,0x18,0x82,0x18,
    0x82,0x18,0x82,0x18,0x82,0x18,0x82,0x18,0x82,0x18,0x82,0x18,0x82,0x18,0x82,0x18,
    0x82,0x18,0x82,0x18,0x82,0x18,0x82,0x18,0x82,0x18,0x82,0x18,0x82,0x18,0x82,0x18,
    0x82,0x18,0x82,0x18,0x82,0x18,0x62,0x10,0x62,0x10,0xA6,0x89,0xCB,0xFA,0x0C,0xFB,
    0xEB,0xFA,0xCB,0xFA,0xCB,0xFA,0xCB,0xFA,0xCB,0xFA,0xCB,0xFA,0xCB,0xFA,0xEB,0xFA,
    0x0C,0xFB,0xEB,0xFA,0x08,0xAA,0x82,0x20,0x62,0x08,0x82,0x18,0x82,0x18,0x82,0x18,
    0x82,0x18,0x82,0x18,0x82,0x18,0x82,0x18,0x82,0x18,0x82,0x18,0x82,0x18,0x82,0x18,
    0x82,0x18,0x82,0x18,0x82,0x18,0x82,0x18,0x82,0x18,0x82,0x18,0x82,0x18,0x82,0x18,
    0x82,0x18,0x82,0x18,0x82,0x18,0x82,0x18,0x82,0x18,0x82,0x18,0x82,0x18,0x82,0x18,
    0x82,0x18,0x82,0x18,0x82,0x18,0x82,0x18,0x82,0x18,0x82,0x18,0x82,0x18,0x82,0x18,
    0x82,0x18,0x82,0x18,0x82,0x18,0x82,0x18,0x82,0x18,0x82,0x18,0x82,0x18,0x82,0x18,
    0x82,0x18,0x82,0x18,0x82,0x18,0x82,0x18,0x82,0x18,0x82,0x18,0x82,0x18,0x82,0x18,
    0x82,0x18,0x82,0x18,0x82,0x18,0x82,0x18,0x82,0x18,0x82,0x18,0x82,0x18,0x82,0x18,
    0x82,0x18,0x82,0x18,0x82,0x18,0x82,0x18,0x82,0x18,0x82,0x18,0x82,0x18,0x82,0x18,
    0x82,0x18,0x82,0x18,0x82,0x18,0x82,0x18,0x82,0x18,0x82,0x18,0x82,0x18,0x82,0x18,
    0x82,0x18,0x82,0x18,0x82,0x18,0x82,0x18,0x82,0x18,0x82,0x18,0x82,0x18,0x82,0x18,
    0x82,0x18,0x82,0x18,0x82,0x18,0x82,0x18,0x82,0x18,0x82,0x18,0x82,0x18,0x82,0x18,
    0x82,0x18,0x82,0x18,0x82,0x18,0x82,0x18,0x82,0x18,0x82,0x18,0x82,0x18,0x82,0x18,
    0x82,0x18,0x82,0x18,0x62,0x10,0x82,0x20,0x49,0xBA,0x0C,0xFB,0xCB,0xFA,0xCB,0xFA,
    0xCB,0xFA,0xCB,0xFA,0xCB,0xFA,0xCB,0xFA,0xCB,0xFA,0xCB,0xFA,0xCB,0xFA,0xCB,0xFA,
    0xCB,0xFA,0xCB,0xFA,0x0C,0xFB,0x8A,0xDA,0xE4,0x40,0x62,0x08,0x82,0x18,0x82,0x18,
    0x82,0x18,0x82,0x18,0x82,0x18,0x82,0x18,0x82,0x18,0x82,0x18,0x82,0x18,0x82,0x18,
    0x82,0x18,0x82,0x18,0x82,0x18,0x82,0x18,0x82,0x18,0x82,0x18,0x82,0x18,0x82,0x18,
    0x82,0x18,0x82,0x18,0x82,0x18,0x82,0x18,0x82,0x18,0x82,0x18,0x82,0x18,0x82,0x18,
    0x82,0x18,0x82,0x18,0x82,0x18,0x82,0x18,0x82,0x18,0x82,0x18,0x82,0x18,0x82,0x18,
    0x82,0x18,0x82,0x18,0x82,0x18,0x82,0x18,0x82,0x18,0x82,0x18,0x82,0x18,0x82,0x18,
    0x82,0x18,0x82,0x18,0x82,0x18,0x82,0x18,0x82,0x18,0x82,0x18,0x82,0x18,0x82,0x18,
    0x82,0x18,0x82,0x18,0x82,0x18,0x82,0x18,0x82,0x18,0x82,0x18,0x82,0x18,0x82,0x18,
    0x82,0x18,0x82,0x18,0x82,0x18,0x82,0x18,0x82,0x18,0x82,0x18,0x82,0x18,0x82,0x18,
    0x82,0x18,0x82,0x18,0x82,0x18,0x82,0x18,0x82,0x18,0x82,0x18,0x82,0x18,0x82,0x18,
    0x82,0x18,0x82,0x18,0x82,0x18,0x82,0x18,0x82,0x18,0x82,0x18,0x82,0x18,0x82,0x18,
    0x82,0x18,0x82,0x18,0x82,0x18,0x82,0x18,0x82,0x18,0x82,0x18,0x82,0x18,0x82,0x18,
    0x82,0x18,0x82,0x18,0x82,0x18,0x82,0x18,0x82,0x18,0x82,0x18,0x82,0x18,0x82,0x18,
    0x82,0x18,0x62,0x10,0x82,0x18,0x69,0xD2,0x0C,0xFB,0xCB,0xFA,0xCB,0xFA,0xCB,0xFA,
    0xCB,0xFA,0xCB,0xFA,0xCB,0xFA,0xCB,0xFA,0xCB,0xFA,0xCB,0xFA,0xCB,0xFA,0xCB,0xFA,
    0xCB,0xFA,0xCB,0xFA,0xCB,0xFA,0xEB,0xFA,0xCB,0xF2,0xE3,0x38,0x62,0x08,0x82,0x18,
    0x82,0x18,0x82,0x18,0x82,0x18,0x82,0x18,0x82,0x18,0x82,0x18,0x82,0x18,0x82,0x18,
    0x82,0x18,0x82,0x18,0x82,0x18,0x82,0x18,0x82,0x18,0x82,0x18,0x82,0x18,0x82,0x18,
    0x82,0x18,0x82,0x18,0x82,0x18,0x82,0x18,0x82,0x18,0x82,0x18,0x82,0x18,0x82,0x18,
    0x82,0x18,0x82,0x18,0x82,0x18,0x82,0x18,0x82,0x18,0x82,0x18,0x82,0x18,0x82,0x18,
    0x82,0x18,0x82,0x18,0x82,0x18,0x82,0x18,0x82,0x18,0x82,0x18,0x82,0x18,0x82,0x18,
    0x82,0x18,0x82,0x18,0x82,0x18,0x82,0x18,0x82,0x18,0x82,0x18,0x82,0x18,0x82,0x18,
    0x82,0x18,0x82,0x18,0x82,0x18,0x82,0x18,0x82,0x18,0x82,0x18,0x82,0x18,0x82,0x18,
    0x82,0x18,0x82,0x18,0x82,0x18,0x82,0x18,0x82,0x18,0x82,0x18,0x82,0x18,0x82,0x18,
    0x82,0x18,0x82,0x18,0x82,0x18,0x82,0x18,0x82,0x18,0x82,0x18,0x82,0x18,0x82,0x18,
    0x82,0x18,0x82,0x18,0x82,0x18,0x82,0x18,0x82,0x18,0x82,0x18,0x82,0x18,0x82,0x18,
    0x82,0x18,0x82,0x18,0x82,0x18,0x82,0x18,0x82,0x18,0x82,0x18,0x82,0x18,0x82,0x18,
    0x82,0x18,0x82,0x18,0x82,0x18,0x82,0x18,0x82,0x18,0x82,0x18,0x82,0x18,0x82,0x18,
    0x82,0x18,0x62,0x08,0xE8,0xA9,0x0C,0xFB,0xCB,0xFA,0xCB,0xFA,0xCB,0xFA,0xCB,0xFA,
    0xCB,0xFA,0xCB,0xFA,0xCB,0xFA,0xCB,0xFA,0xCB,0xFA,0xCB,0xFA,0xCB,0xFA,0xCB,0xFA,
    0xCB,0xFA,0xCB,0xFA,0xCB,0xFA,0xCB,0xFA,0xEB,0xFA,0x6A,0xD2,0x82,0x18,0x62,0x10,
    0x82,0x18,0x82,0x18,0x82,0x18,0x82,0x18,0x82,0x18,0x82,0x18,0x82,0x18,0x82,0x18,
    0x82,0x18,0x82,0x18,0x82,0x18,0x82,0x18,0x82,0x18,0x82,0x18,0x82,0x18,0x82,0x18,
    0x82,0x18,0x82,0x18,0x82,0x18,0x82,0x18,0x82,0x18,0x82,0x18,0x82,0x18,0x82,0x18,
    0x82,0x18,0x82,0x18,0x82,0x18,0x82,0x18,0x82,0x18,0x82,0x18,0x82,0x18,0x82,0x18,
    0x82,0x18,0x82,0x18,0x82,0x18,0x82,0x18,0x82,0x18,0x82,0x18,0x82,0x18,0x82,0x18,
    0x82,0x18,0x82,0x18,0x82,0x18,0x82,0x18,0x82,0x18,0x82,0x18,0x82,0x18,0x82,0x18,
    0x82,0x18,0x82,0x18,0x82,0x18,0x82,0x18,0x82,0x18,0x82,0x18,0x82,0x18,0x82,0x18,
    0x82,0x18,0x82,0x18,0x82,0x18,0x82,0x18,0x82,0x18,0x82,0x18,0x82,0x18,0x82,0x18,
    0x82,0x18,0x82,0x18,0x82,0x18,0x82,0x18,0x82,0x18,0x82,0x18,0x82,0x18,0x82,0x18,
    0x82,0x18,0x82,0x18,0x82,0x18,0x82,0x18,0x82,0x18,0x82,0x18,0x82,0x18,0x82,0x18,
    0x82,0x18,0x82,0x18,0x82,0x18,0x82,0x18,0x82,0x18,0x82,0x18,0x82,0x18,0x82,0x18,
    0x82,0x18,0x82,0x18,0x82,0x18,0x82,0x18,0x82,0x18,0x82,0x18,0x82,0x18,0x82,0x18,
    0x62,0x08,0x45,0x61,0x0C,0xFB,0xCB,0xFA,0xCB,0xFA,0xCB,0xFA,0xCB,0xFA,0xCB,0xFA,
    0xCB,0xFA,0xCB,0xFA,0xCB,0xFA,0xCB,0xFA,0xCB,0xFA,0xCB,0xFA,0xCB,0xFA,0xCB,0xFA,
    0xCB,0xFA,0xCB,0xFA,0xCB,0xFA,0xCB,0xFA,0xCB,0xFA,0x0C,0xFB,0xE7,0xA1,0x62,0x08,
    0x82,0x18,0x82,0x18,0x82,0x18,0x82,0x18,0x82,0x18,0x82,0x18,0x82,0x18,0x82,0x18,
    0x82,0x18,0x82,0x18,0x82,0x18,0x82,0x18,0x82,0x18,0x82,0x18,0x82,0x18,0x82,0x18,
    0x82,0x18,0x82,0x18,0x82,0x18,0x82,0x18,0x82,0x18,0x82,0x18,0x82,0x18,0x82,0x18,
    0x82,0x18,0x82,0x18,0x82,0x18,0x82,0x18,0x82,0x18,0x82,0x18,0x82,0x18,0x82,0x18,
    0x82,0x18,0x82,0x18,0x82,0x18,0x82,0x18,0x82,0x18,0x82,0x18,0x82,0x18,0x82,0x18,
    0x82,0x18,0x82,0x18,0x82,0x18,0x82,0x18,0x82,0x18,0x82,0x18,0x82,0x18,0x82,0x18,
    0x82,0x18,0x82,0x18,0x82,0x18,0x82,0x18,0x82,0x18,0x82,0x18,0x82,0x18,0x82,0x18,
    0x82,0x18,0x82,0x18,0x82,0x18,0x82,0x18,0x82,0x18,0x82,0x18,0x82,0x18,0x82,0x18,
    0x82,0x18,0x82,0x18,0x82,0x18,0x82,0x18,0x82,0x18,0x82,0x18,0x82,0x18,0x82,0x18,
    0x82,0x18,0x82,0x18,0x82,0x18,0x82,0x18,0x82,0x18,0x82,0x18,0x82,0x18,0x82,0x18,
    0x82,0x18,0x82,0x18,0x82,0x18,0x82,0x18,0x82,0x18,0x82,0x18,0x82,0x18,0x82,0x18,
    0x82,0x18,0x82,0x18,0x82,0x18,0x82,0x18,0x82,0x18,0x82,0x18,0x82,0x18,0x82,0x18,
    0x62,0x10,0x6A,0xDA,0xEB,0xFA,0xCB,0xFA,0xCB,0xFA,0xCB,0xFA,0xCB,0xFA,0xCB,0xFA,
    0xCB,0xFA,0xCB,0xFA,0xCB,0xFA,0xCB,0xFA,0xCB,0xFA,0xCB,0xFA,0xCB,0xFA,0xCB,0xFA,
    0xCB,0xFA,0xCB,0xFA,0xCB,0xFA,0xCB,0xFA,0xCB,0xFA,0xCB,0xFA,0xCB,0xFA,0xC3,0x30,
    0x62,0x10,0x82,0x18,0x82,0x18,0x82,0x18,0x82,0x18,0x82,0x18,0x82,0x18,0x82,0x18,
    0x82,0x18,0x82,0x18,0x82,0x18,0x82,0x18,0x82,0x18,0x82,0x18,0x82,0x18,0x82,0x18,
    0x82,0x18,0x82,0x18,0x82,0x18,0x82,0x18,0x82,0x18,0x82,0x18,0x82,0x18,0x82,0x18,
    0x82,0x18,0x82,0x18,0x82,0x18,0x82,0x18,0x82,0x18,0x82,0x18,0x82,0x18,0x82,0x18,
    0x82,0x18,0x82,0x18,0x82,0x18,0x82,0x18,0x82,0x18,0x82,0x18,0x82,0x18,0x82,0x18,
    0x82,0x18,0x82,0x18,0x82,0x18,0x82,0x18,0x82,0x18,0x82,0x18,0x82,0x18,0x82,0x18,
    0x82,0x18,0x82,0x18,0x82,0x18,0x82,0x18,0x82,0x18,0x82,0x18,0x82,0x18,0x82,0x18,
    0x82,0x18,0x82,0x18,0x82,0x18,0x82,0x18,0x82,0x18,0x82,0x18,0x82,0x18,0x82,0x18,
    0x82,0x18,0x82,0x18,0x82,0x18,0x82,0x18,0x82,0x18,0x82,0x18,0x82,0x18,0x82,0x18,
    0x82,0x18,0x82,0x18,0x82,0x18,0x82,0x18,0x82,0x18,0x82,0x18,0x82,0x18,0x82,0x18,
    0x82,0x18,0x82,0x18,0x82,0x18,0x82,0x18,0x82,0x18,0x82,0x18,0x82,0x18,0x82,0x18,
    0x82,0x18,0x82,0x18,0x82,0x18,0x82,0x18,0x82,0x18,0x82,0x18,0x82,0x18,0x62,0x08,
    0x24,0x51,0xEB,0xFA,0xCB,0xFA,0xCB,0xFA,0xCB,0xFA,0xCB,0xFA,0xCB,0xFA,0xCB,0xFA,
    0xCB,0xFA,0xCB,0xFA,0xCB,0xFA,0xCB,0xFA,0xCB,0xFA,0xCB,0xFA,0xCB,0xFA,0xCB,0xFA,
    0xCB,0xFA,0xCB,0xFA,0xCB,0xFA,0xCB,0xFA,0xCB,0xFA,0xCB,0xFA,0x0C,0xFB,0xA7,0x89,
    0x41,0x08,0x82,0x18,0x82,0x18,0x82,0x18,0x82,0x18,0x82,0x18,0x82,0x18,0x82,0x18,
    0x82,0x18,0x82,0x18,0x82,0x18,0x82,0x18,0x82,0x18,0x82,0x18,0x82,0x18,0x82,0x18,
    0x82,0x18,0x82,0x18,0x82,0x18,0x82,0x18,0x82,0x18,0x82,0x18,0x82,0x18,0x82,0x18,
    0x82,0x18,0x82,0x18,0x82,0x18,0x82,0x18,0x82,0x18,0x82,0x18,0x82,0x18,0x82,0x18,
    0x82,0x18,0x82,0x18,0x82,0x18,0x82,0x18,0x82,0x18,0x82,0x18,0x82,0x18,0x82,0x18,
    0x82,0x18,0x82,0x18,0x82,0x18,0x82,0x18,0x82,0x18,0x82,0x18,0x82,0x18,0x82,0x18,
    0x82,0x18,0x82,0x18,0x82,0x18,0x82,0x18,0x82,0x18,0x82,0x18,0x82,0x18,0x82,0x18,
    0x82,0x18,0x82,0x18,0x82,0x18,0x82,0x18,0x82,0x18,0x82,0x18,0x82,0x18,0x82,0x18,
    0x82,0x18,0x82,0x18,0x82,0x18,0x82,0x18,0x82,0x18,0x82,0x18,0x82,0x18,0x82,0x18,
    0x82,0x18,0x82,0x18,0x82,0x18,0x82,0x18,0x82,0x18,0x82,0x18,0x82,0x18,0x82,0x18,
    0x82,0x18,0x82,0x18,0x82,0x18,0x82,0x18,0x82,0x18,0x82,0x18,0x82,0x18,0x82,0x18,
    0x82,0x18,0x82,0x18,0x82,0x18,0x82,0x18,0x82,0x18,0x82,0x18,0x82,0x18,0x41,0x08,
    0xE7,0x99,0x0C,0xFB,0xCB,0xFA,0xCB,0xFA,0xCB,0xFA,0xCB,0xFA,0xCB,0xFA,0xCB,0xFA,
    0xCB,0xFA,0xCB,0xFA,0xCB,0xFA,0xCB,0xFA,0xCB,0xFA,0xCB,0xFA,0xCB,0xFA,0xCB,0xFA,
    0xCB,0xFA,0xCB,0xFA,0xCB,0xFA,0xCB,0xFA,0xCB,0xFA,0xCB,0xFA,0xEB,0xFA,0x69,0xD2,
    0x62,0x10,0x82,0x18,0x82,0x18,0x82,0x18,0x82,0x18,0x82,0x18,0x82,0x18,0x82,0x18,
    0x82,0x18,0x82,0x18,0x82,0x18,0x82,0x18,0x82,0x18,0x82,0x18,0x82,0x18,0x82,0x18,
    0x82,0x18,0x82,0x18,0x82,0x18,0x82,0x18,0x82,0x18,0x82,0x18,0x82,0x18,0x82,0x18,
    0x82,0x18,0x82,0x18,0x82,0x18,0x82,0x18,0x82,0x18,0x82,0x18,0x82,0x18,0x82,0x18,
    0x82,0x18,0x82,0x18,0x82,0x18,0x82,0x18,0x82,0x18,0x82,0x18,0x82,0x18,0x82,0x18,
    0x82,0x18,0x82,0x18,0x82,0x18,0x82,0x18,0x82,0x18,0x82,0x18,0x82,0x18,0x82,0x18,
    0x82,0x18,0x82,0x18,0x82,0x18,0x82,0x18,0x82,0x18,0x82,0x18,0x82,0x18,0x82,0x18,
    0x82,0x18,0x82,0x18,0x82,0x18,0x82,0x18,0x82,0x18,0x82,0x18,0x82,0x18,0x82,0x18,
    0x82,0x18,0x82,0x18,0x82,0x18,0x82,0x18,0x82,0x18,0x82,0x18,0x82,0x18,0x82,0x18,
    0x82,0x18,0x82,0x18,0x82,0x18,0x82,0x18,0x82,0x18,0x82,0x18,0x82,0x18,0x82,0x18,
    0x82,0x18,0x82,0x18,0x82,0x18,0x82,0x18,0x82,0x18,0x82,0x18,0x82,0x18,0x82,0x18,
    0x82,0x18,0x82,0x18,0x82,0x18,0x82,0x18,0x82,0x18,0x82,0x18,0x82,0x18,0x62,0x10,
    0x49,0xCA,0xEB,0xFA,0xCB,0xFA,0xCB,0xFA,0xCB,0xFA,0xCB,0xFA,0xCB,0xFA,0xCB,0xFA,
    0xCB,0xFA,0xCB,0xFA,0xCB,0xFA,0xCB,0xFA,0xCB,0xFA,0xCB,0xFA,0xCB,0xFA,0xCB,0xFA,
    0xCB,0xFA,0xCB,0xFA,0xCB,0xFA,0xCB,0xFA,0xCB,0xFA,0xCB,0xFA,0xEB,0xFA,0xAA,0xF2,
    0xA3,0x28,0x62,0x10,0x82,0x18,0x82,0x18,0x82,0x18,0x82,0x18,0x82,0x18,0x82,0x18,
    0x82,0x18,0x82,0x18,0x82,0x18,0x82,0x18,0x82,0x18,0x82,0x18,0x82,0x18,0x82,0x18,
    0x82,0x18,0x82,0x18,0x82,0x18,0x82,0x18,0x82,0x18,0x82,0x18,0x82,0x18,0x82,0x18,
    0x82,0x18,0x82,0x18,0x82,0x18,0x82,0x18,0x82,0x18,0x82,0x18,0x82,0x18,0x82,0x18,
    0x82,0x18,0x82,0x18,0x82,0x18,0x82,0x18,0x82,0x18,0x82,0x18,0x82,0x18,0x82,0x18,
    0x82,0x18,0x82,0x18,0x82,0x18,0x82,0x18,0x82,0x18,0x82,0x18,0x82,0x18,0x82,0x18,
    0x82,0x18,0x82,0x18,0x82,0x18,0x82,0x18,0x82,0x18,0x82,0x18,0x82,0x18,0x82,0x18,
    0x82,0x18,0x82,0x18,0x82,0x18,0x82,0x18,0x82,0x18,0x82,0x18,0x82,0x18,0x82,0x18,
    0x82,0x18,0x82,0x18,0x82,0x18,0x82,0x18,0x82,0x18,0x82,0x18,0x82,0x18,0x82,0x18,
    0x82,0x18,0x82,0x18,0x82,0x18,0x82,0x18,0x82,0x18,0x82,0x18,0x82,0x18,0x82,0x18,
    0x82,0x18,0x82,0x18,0x82,0x18,0x82,0x18,0x82,0x18,0x82,0x18,0x82,0x18,0x82,0x18,
    0x82,0x18,0x82,0x18,0x82,0x18,0x82,0x18,0x82,0x18,0x82,0x18,0x62,0x10,0xA3,0x20,
    0xAA,0xEA,0xEB,0xFA,0xCB,0xFA,0xCB,0xFA,0xCB,0xFA,0xCB,0xFA,0xCB,0xFA,0xCB,0xFA,
    0xCB,0xFA,0xCB,0xFA,0xCB,0xFA,0xCB,0xFA,0xCB,0xFA,0xCB,0xFA,0xCB,0xFA,0xCB,0xFA,
    0xCB,0xFA,0xCB,0xFA,0xCB,0xFA,0xCB,0xFA,0xCB,0xFA,0xCB,0xFA,0xCB,0xFA,0xEB,0xFA,
    0x04,0x51,0x62,0x08,0x82,0x18,0x82,0x18,0x82,0x18,0x82,0x18,0x82,0x18,0x82,0x18,
    0x82,0x18,0x82,0x18,0x82,0x18,0x82,0x18,0x82,0x18,0x82,0x18,0x82,0x18,0x82,0x18,
    0x82,0x18,0x82,0x18,0x82,0x18,0x82,0x18,0x82,0x18,0x82,0x18,0x82,0x18,0x82,0x18,
    0x82,0x18,0x82,0x18,0x82,0x18,0x82,0x18,0x82,0x18,0x82,0x18,0x82,0x18,0x82,0x18,
    0x82,0x18,0x82,0x18,0x82,0x18,0x82,0x18,0x82,0x18,0x82,0x18,0x82,0x18,0x82,0x18,
    0x82,0x18,0x82,0x18,0x82,0x18,0x82,0x18,0x82,0x18,0x82,0x18,0x82,0x18,0x82,0x18,
    0x82,0x18,0x82,0x18,0x82,0x18,0x82,0x18,0x82,0x18,0x82,0x18,0x82,0x18,0x82,0x18,
    0x82,0x18,0x82,0x18,0x82,0x18,0x82,0x18,0x82,0x18,0x82,0x18,0x82,0x18,0x82,0x18,
    0x82,0x18,0x82,0x18,0x82,0x18,0x82,0x18,0x82,0x18,0x82,0x18,0x82,0x18,0x82,0x18,
    0x82,0x18,0x82,0x18,0x82,0x18,0x82,0x18,0x82,0x18,0x82,0x18,0x82,0x18,0x82,0x18,
    0x82,0x18,0x82,0x18,0x82,0x18,0x82,0x18,0x82,0x18,0x82,0x18,0x82,0x18,0x82,0x18,
    0x82,0x18,0x82,0x18,0x82,0x18,0x82,0x18,0x82,0x18,0x82,0x18,0x62,0x10,0xA3,0x20,
    0xAA,0xF2,0xEB,0xFA,0xCB,0xFA,0xCB,0xFA,0xCB,0xFA,0xCB,0xFA,0xCB,0xFA,0xCB,0xFA,
    0xCB,0xFA,0xCB,0xFA,0xCB,0xFA,0xCB,0xFA,0xCB,0xFA,0xCB,0xFA,0xCB,0xFA,0xCB,0xFA,
    0xCB,0xFA,0xCB,0xFA,0xCB,0xFA,0xCB,0xFA,0xCB,0xFA,0xCB,0xFA,0xCB,0xFA,0xEB,0xFA,
    0x04,0x51,0x62,0x08,0x82,0x18,0x82,0x18,0x82,0x18,0x82,0x18,0x82,0x18,0x82,0x18,
    0x82,0x18,0x82,0x18,0x82,0x18,0x82,0x18,0x82,0x18,0x82,0x18,0x82,0x18,0x82,0x18,
    0x82,0x18,0x82,0x18,0x82,0x18,0x82,0x18,0x82,0x18,0x82,0x18,0x82,0x18,0x82,0x18,
    0x82,0x18,0x82,0x18,0x82,0x18,0x82,0x18,0x82,0x18,0x82,0x18,0x82,0x18,0x82,0x18,
    0x82,0x18,0x82,0x18,0x82,0x18,0x82,0x18,0x82,0x18,0x82,0x18,0x82,0x18,0x82,0x18,
    0x82,0x18,0x82,0x18,0x82,0x18,0x82,0x18,0x82,0x18,0x82,0x18,0x82,0x18,0x82,0x18,
    0x82,0x18,0x82,0x18,0x82,0x18,0x82,0x18,0x82,0x18,0x82,0x18,0x82,0x18,0x82,0x18,
    0x82,0x18,0x82,0x18,0x82,0x18,0x82,0x18,0x82,0x18,0x82,0x18,0x82,0x18,0x82,0x18,
    0x82,0x18,0x82,0x18,0x82,0x18,0x82,0x18,0x82,0x18,0x82,0x18,0x82,0x18,0x82,0x18,
    0x82,0x18,0x82,0x18,0x82,0x18,0x82,0x18,0x82,0x18,0x82,0x18,0x82,0x18,0x82,0x18,
    0x82,0x18,0x82,0x18,0x82,0x18,0x82,0x18,0x82,0x18,0x82,0x18,0x82,0x18,0x82,0x18,
    0x82,0x18,0x82,0x18,0x82,0x18,0x82,0x18,0x82,0x18,0x82,0x18,0x62,0x10,0xA3,0x20,
    0xAA,0xF2,0xEB,0xFA,0xCB,0xFA,0xCB,0xFA,0xCB,0xFA,0xCB,0xFA,0xCB,0xFA,0xCB,0xFA,
    0xCB,0xFA,0xCB,0xFA,0xCB,0xFA,0xCB,0xFA,0xCB,0xFA,0xCB,0xFA,0xCB,0xFA,0xCB,0xFA,
    0xCB,0xFA,0xCB,0xFA,0xCB,0xFA,0xCB,0xFA,0xCB,0xFA,0xCB,0xFA,0xCB,0xFA,0xEB,0xFA,
    0x04,0x51,0x62,0x08,0x82,0x18,0x82,0x18,0x82,0x18,0x82,0x18,0x82,0x18,0x82,0x18,
    0x82,0x18,0x82,0x18,0x82,0x18,0x82,0x18,0x82,0x18,0x82,0x18,0x82,0x18,0x82,0x18,
    0x82,0x18,0x82,0x18,0x82,0x18,0x82,0x18,0x82,0x18,0x82,0x18,0x82,0x18,0x82,0x18,
    0x82,0x18,0x82,0x18,0x82,0x18,0x82,0x18,0x82,0x18,0x82,0x18,0x82,0x18,0x82,0x18,
    0x82,0x18,0x82,0x18,0x82,0x18,0x82,0x18,0x82,0x18,0x82,0x18,0x82,0x18,0x82,0x18,
    0x82,0x18,0x82,0x18,0x82,0x18,0x82,0x18,0x82,0x18,0x82,0x18,0x82,0x18,0x82,0x18,
    0x82,0x18,0x82,0x18,0x82,0x18,0x82,0x18,0x82,0x18,0x82,0x18,0x82,0x18,0x82,0x18,
    0x82,0x18,0x82,0x18,0x82,0x18,0x82,0x18,0x82,0x18,0x82,0x18,0x82,0x18,0x82,0x18,
    0x82,0x18,0x82,0x18,0x82,0x18,0x82,0x18,0x82,0x18,0x82,0x18,0x82,0x18,0x82,0x18,
    0x82,0x18,0x82,0x18,0x82,0x18,0x82,0x18,0x82,0x18,0x82,0x18,0x82,0x18,0x82,0x18,
    0x82,0x18,0x82,0x18,0x82,0x18,0x82,0x18,0x82,0x18,0x82,0x18,0x82,0x18,0x82,0x18,
    0x82,0x18,0x82,0x18,0x82,0x18,0x82,0x18,0x82,0x18,0x82,0x18,0x62,0x10,0xA3,0x20,
    0xAA,0xF2,0xEB,0xFA,0xCB,0xFA,0xCB,0xFA,0xCB,0xFA,0xCB,0xFA,0xCB,0xFA,0xCB,0xFA,
    0xCB,0xFA,0xCB,0xFA,0xCB,0xFA,0xCB,0xFA,0xCB,0xFA,0xCB,0xFA,0xCB,0xFA,0xCB,0xFA,
    0xCB,0xFA,0xCB,0xFA,0xCB,0xFA,0xCB,0xFA,0xCB,0xFA,0xCB,0xFA,0xCB,0xFA,0xEB,0xFA,
    0x04,0x51,0x62,0x08,0x82,0x18,0x82,0x18,0x82,0x18,0x82,0x18,0x82,0x18,0x82,0x18,
    0x82,0x18,0x82,0x18,0x82,0x18,0x82,0x18,0x82,0x18,0x82,0x18,0x82,0x18,0x82,0x18,
    0x82,0x18,0x82,0x18,0x82,0x18,0x82,0x18,0x82,0x18,0x82,0x18,0x82,0x18,0x82,0x18,
    0x82,0x18,0x82,0x18,0x82,0x18,0x82,0x18,0x82,0x18,0x82,0x18,0x82,0x18,0x82,0x18,
    0x82,0x18,0x82,0x18,0x82,0x18,0x82,0x18,0x82,0x18,0x82,0x18,0x82,0x18,0x82,0x18,
    0x82,0x18,0x82,0x18,0x82,0x18,0x82,0x18,0x82,0x18,0x82,0x18,0x82,0x18,0x82,0x18,
    0x82,0x18,0x82,0x18,0x82,0x18,0x82,0x18,0x82,0x18,0x82,0x18,0x82,0x18,0x82,0x18,
    0x82,0x18,0x82,0x18,0x82,0x18,0x82,0x18,0x82,0x18,0x82,0x18,0x82,0x18,0x82,0x18,
    0x82,0x18,0x82,0x18,0x82,0x18,0x82,0x18,0x82,0x18,0x82,0x18,0x82,0x18,0x82,0x18,
    0x82,0x18,0x82,0x18,0x82,0x18,0x82,0x18,0x82,0x18,0x82,0x18,0x82,0x18,0x82,0x18,
    0x82,0x18,0x82,0x18,0x82,0x18,0x82,0x18,0x82,0x18,0x82,0x18,0x82,0x18,0x82,0x18,
    0x82,0x18,0x82,0x18,0x82,0x18,0x82,0x18,0x82,0x18,0x82,0x18,0x62,0x10,0xA3,0x20,
    0xAA,0xF2,0xEB,0xFA,0xCB,0xFA,0xCB,0xFA,0xCB,0xFA,0xCB,0xFA,0xCB,0xFA,0xCB,0xFA,
    0xCB,0xFA,0xCB,0xFA,0xCB,0xFA,0xCB,0xFA,0xCB,0xFA,0xCB,0xFA,0xCB,0xFA,0xCB,0xFA,
    0xCB,0xFA,0xCB,0xFA,0xCB,0xFA,0xCB,0xFA,0xCB,0xFA,0xCB,0xFA,0xCB,0xFA,0xEB,0xFA,
    0x04,0x51,0x62,0x08,0x82,0x18,0x82,0x18,0x82,0x18,0x82,0x18,0x82,0x18,0x82,0x18,
    0x82,0x18,0x82,0x18,0x82,0x18,0x82,0x18,0x82,0x18,0x82,0x18,0x82,0x18,0x82,0x18,
    0x82,0x18,0x82,0x18,0x82,0x18,0x82,0x18,0x82,0x18,0x82,0x18,0x82,0x18,0x82,0x18,
    0x82,0x18,0x82,0x18,0x82,0x18,0x82,0x18,0x82,0x18,0x82,0x18,0x82,0x18,0x82,0x18,
    0x82,0x18,0x82,0x18,0x82,0x18,0x82,0x18,0x82,0x18,0x82,0x18,0x82,0x18,0x82,0x18,
    0x82,0x18,0x82,0x18,0x82,0x18,0x82,0x18,0x82,0x18,0x82,0x18,0x82,0x18,0x82,0x18,
    0x82,0x18,0x82,0x18,0x82,0x18,0x82,0x18,0x82,0x18,0x82,0x18,0x82,0x18,0x82,0x18,
    0x82,0x18,0x82,0x18,0x82,0x18,0x82,0x18,0x82,0x18,0x82,0x18,0x82,0x18,0x82,0x18,
    0x82,0x18,0x82,0x18,0x82,0x18,0x82,0x18,0x82,0x18,0x82,0x18,0x82,0x18,0x82,0x18,
    0x82,0x18,0x82,0x18,0x82,0x18,0x82,0x18,0x82,0x18,0x82,0x18,0x82,0x18,0x82,0x18,
    0x82,0x18,0x82,0x18,0x82,0x18,0x82,0x18,0x82,0x18,0x82,0x18,0x82,0x18,0x82,0x18,
    0x82,0x18,0x82,0x18,0x82,0x18,0x82,0x18,0x82,0x18,0x82,0x18,0x62,0x10,0xA3,0x20,
    0xAA,0xF2,0xEB,0xFA,0xCB,0xFA,0xCB,0xFA,0xCB,0xFA,0xCB,0xFA,0xCB,0xFA,0xCB,0xFA,
    0xCB,0xFA,0xCB,0xFA,0xCB,0xFA,0xCB,0xFA,0xCB,0xFA,0xCB,0xFA,0xCB,0xFA,0xCB,0xFA,
    0xCB,0xFA,0xCB,0xFA,0xCB,0xFA,0xCB,0xFA,0xCB,0xFA,0xCB,0xFA,0xCB,0xFA,0xEB,0xFA,
    0x04,0x51,0x62,0x08,0x82,0x18,0x82,0x18,0x82,0x18,0x82,0x18,0x82,0x18,0x82,0x18,
    0x82,0x18,0x82,0x18,0x82,0x18,0x82,0x18,0x82,0x18,0x82,0x18,0x82,0x18,0x82,0x18,
    0x82,0x18,0x82,0x18,0x82,0x18,0x82,0x18,0x82,0x18,0x82,0x18,0x82,0x18,0x82,0x18,
    0x82,0x18,0x82,0x18,0x82,0x18,0x82,0x18,0x82,0x18,0x82,0x18,0x82,0x18,0x82,0x18,
    0x82,0x18,0x82,0x18,0x82,0x18,0x82,0x18,0x82,0x18,0x82,0x18,0x82,0x18,0x82,0x18,
    0x82,0x18,0x82,0x18,0x82,0x18,0x82,0x18,0x82,0x18,0x82,0x18,0x82,0x18,0x82,0x18,
    0x82,0x18,0x82,0x18,0x82,0x18,0x82,0x18,0x82,0x18,0x82,0x18,0x82,0x18,0x82,0x18,
    0x82,0x18,0x82,0x18,0x82,0x18,0x82,0x18,0x82,0x18,0x82,0x18,0x82,0x18,0x82,0x18,
    0x82,0x18,0x82,0x18,0x82,0x18,0x82,0x18,0x82,0x18,0x82,0x18,0x82,0x18,0x82,0x18,
    0x82,0x18,0x82,0x18,0x82,0x18,0x82,0x18,0x82,0x18,0x82,0x18,0x82,0x18,0x82,0x18,
    0x82,0x18,0x82,0x18,0x82,0x18,0x82,0x18,0x82,0x18,0x82,0x18,0x82,0x18,0x82,0x18,
    0x82,0x18,0x82,0x18,0x82,0x18,0x82,0x18,0x82,0x18,0x82,0x18,0x62,0x10,0xA3,0x20,
    0xAA,0xF2,0xEB,0xFA,0xCB,0xFA,0xCB,0xFA,0xCB,0xFA,0xCB,0xFA,0xCB,0xFA,0xCB,0xFA,
    0xCB,0xFA,0xCB,0xFA,0xCB,0xFA,0xCB,0xFA,0xCB,0xFA,0xCB,0xFA,0xCB,0xFA,0xCB,0xFA,
    0xCB,0xFA,0xCB,0xFA,0xCB,0xFA,0xCB,0xFA,0xCB,0xFA,0xCB,0xFA,0xCB,0xFA,0xEB,0xFA,
    0x04,0x51,0x62,0x08,0x82,0x18,0x82,0x18,0x82,0x18,0x82,0x18,0x82,0x18,0x82,0x18,
    0x82,0x18,0x82,0x18,0x82,0x18,0x82,0x18,0x82,0x18,0x82,0x18,0x82,0x18,0x82,0x18,
    0x82,0x18,0x82,0x18,0x82,0x18,0x82,0x18,0x82,0x18,0x82,0x18,0x82,0x18,0x82,0x18,
    0x82,0x18,0x82,0x18,0x82,0x18,0x82,0x18,0x82,0x18,0x82,0x18,0x82,0x18,0x82,0x18,
    0x82,0x18,0x82,0x18,0x82,0x18,0x82,0x18,0x82,0x18,0x82,0x18,0x82,0x18,0x82,0x18,
    0x82,0x18,0x82,0x18,0x82,0x18,0x82,0x18,0x82,0x18,0x82,0x18,0x82,0x18,0x82,0x18,
    0x82,0x18,0x82,0x18,0x82,0x18,0x82,0x18,0x82,0x18,0x82,0x18,0x82,0x18,0x82,0x18,
    0x82,0x18,0x82,0x18,0x82,0x18,0x82,0x18,0x82,0x18,0x82,0x18,0x82,0x18,0x82,0x18,
    0x82,0x18,0x82,0x18,0x82,0x18,0x82,0x18,0x82,0x18,0x82,0x18,0x82,0x18,0x82,0x18,
    0x82,0x18,0x82,0x18,0x82,0x18,0x82,0x18,0x82,0x18,0x82,0x18,0x82,0x18,0x82,0x18,
    0x82,0x18,0x82,0x18,0x82,0x18,0x82,0x18,0x82,0x18,0x82,0x18,0x82,0x18,0x82,0x18,
    0x82,0x18,0x82,0x18,0x82,0x18,0x82,0x18,0x82,0x18,0x82,0x18,0x62,0x10,0xA3,0x20,
    0xAA,0xF2,0xEB,0xFA,0xCB,0xFA,0xCB,0xFA,0xCB,0xFA,0xCB,0xFA,0xCB,0xFA,0xCB,0xFA,
    0xCB,0xFA,0xCB,0xFA,0xCB,0xFA,0xCB,0xFA,0xCB,0xFA,0xCB,0xFA,0xCB,0xFA,0xCB,0xFA,
    0xCB,0xFA,0xCB,0xFA,0xCB,0xFA,0xCB,0xFA,0xCB,0xFA,0xCB,0xFA,0xCB,0xFA,0xEB,0xFA,
    0x04,0x51,0x62,0x08,0x82,0x18,0x82,0x18,0x82,0x18,0x82,0x18,0x82,0x18,0x82,0x18,
    0x82,0x18,0x82,0x18,0x82,0x18,0x82,0x18,0x82,0x18,0x82,0x18,0x82,0x18,0x82,0x18,
    0x82,0x18,0x82,0x18,0x82,0x18,0x82,0x18,0x82,0x18,0x82,0x18,0x82,0x18,0x82,0x18,
    0x82,0x18,0x82,0x18,0x82,0x18,0x82,0x18,0x82,0x18,0x82,0x18,0x82,0x18,0x82,0x18,
    0x82,0x18,0x82,0x18,0x82,0x18,0x82,0x18,0x82,0x18,0x82,0x18,0x82,0x18,0x82,0x18,
    0x82,0x18,0x82,0x18,0x82,0x18,0x82,0x18,0x82,0x18,0x82,0x18,0x82,0x18,0x82,0x18,
    0x82,0x18,0x82,0x18,0x82,0x18,0x82,0x18,0x82,0x18,0x82,0x18,0x82,0x18,0x82,0x18,
    0x82,0x18,0x82,0x18,0x82,0x18,0x82,0x18,0x82,0x18,0x82,0x18,0x82,0x18,0x82,0x18,
    0x82,0x18,0x82,0x18,0x82,0x18,0x82,0x18,0x82,0x18,0x82,0x18,0x82,0x18,0x82,0x18,
    0x82,0x18,0x82,0x18,0x82,0x18,0x82,0x18,0x82,0x18,0x82,0x18,0x82,0x18,0x82,0x18,
    0x82,0x18,0x82,0x18,0x82,0x18,0x82,0x18,0x82,0x18,0x82,0x18,0x82,0x18,0x82,0x18,
    0x82,0x18,0x82,0x18,0x82,0x18,0x82,0x18,0x82,0x18,0x82,0x18,0x62,0x10,0xA3,0x20,
    0xAA,0xF2,0xEB,0xFA,0xCB,0xFA,0xCB,0xFA,0xCB,0xFA,0xCB,0xFA,0xCB,0xFA,0xCB,0xFA,
    0xCB,0xFA,0xCB,0xFA,0xCB,0xFA,0xCB,0xFA,0xCB,0xFA,0xCB,0xFA,0xCB,0xFA,0xCB,0xFA,
    0xCB,0xFA,0xCB,0xFA,0xCB,0xFA,0xCB,0xFA,0xCB,0xFA,0xCB,0xFA,0xCB,0xFA,0xEB,0xFA,
    0x04,0x51,0x62,0x08,0x82,0x18,0x82,0x18,0x82,0x18,0x82,0x18,0x82,0x18,0x82,0x18,
    0x82,0x18,0x82,0x18,0x82,0x18,0x82,0x18,0x82,0x18,0x82,0x18,0x82,0x18,0x82,0x18,
    0x82,0x18,0x82,0x18,0x82,0x18,0x82,0x18,0x82,0x18,0x82,0x18,0x82,0x18,0x82,0x18,
    0x82,0x18,0x82,0x18,0x82,0x18,0x82,0x18,0x82,0x18,0x82,0x18,0x82,0x18,0x82,0x18,
    0x82,0x18,0x82,0x18,0x82,0x18,0x82,0x18,0x82,0x18,0x82,0x18,0x82,0x18,0x82,0x18,
    0x82,0x18,0x82,0x18,0x82,0x18,0x82,0x18,0x82,0x18,0x82,0x18,0x82,0x18,0x82,0x18,
    0x82,0x18,0x82,0x18,0x82,0x18,0x82,0x18,0x82,0x18,0x82,0x18,0x82,0x18,0x82,0x18,
    0x82,0x18,0x82,0x18,0x82,0x18,0x82,0x18,0x82,0x18,0x82,0x18,0x82,0x18,0x82,0x18,
    0x82,0x18,0x82,0x18,0x82,0x18,0x82,0x18,0x82,0x18,0x82,0x18,0x82,0x18,0x82,0x18,
    0x82,0x18,0x82,0x18,0x82,0x18,0x82,0x18,0x82,0x18,0x82,0x18,0x82,0x18,0x82,0x18,
    0x82,0x18,0x82,0x18,0x82,0x18,0x82,0x18,0x82,0x18,0x82,0x18,0x82,0x18,0x82,0x18,
    0x82,0x18,0x82,0x18,0x82,0x18,0x82,0x18,0x82,0x18,0x82,0x18,0x62,0x10,0xA3,0x20,
    0xAA,0xF2,0xEB,0xFA,0xCB,0xFA,0xCB,0xFA,0xCB,0xFA,0xCB,0xFA,0xCB,0xFA,0xCB,0xFA,
    0xCB,0xFA,0xCB,0xFA,0xCB,0xFA,0xCB,0xFA,0xCB,0xFA,0xCB,0xFA,0xCB,0xFA,0xCB,0xFA,
    0xCB,0xFA,0xCB,0xFA,0xCB,0xFA,0xCB,0xFA,0xCB,0xFA,0xCB,0xFA,0xCB,0xFA,0xEB,0xFA,
    0x04,0x51,0x62,0x08,0x82,0x18,0x82,0x18,0x82,0x18,0x82,0x18,0x82,0x18,0x82,0x18,
    0x82,0x18,0x82,0x18,0x82,0x18,0x82,0x18,0x82,0x18,0x82,0x18,0x82,0x18,0x82,0x18,
    0x82,0x18,0x82,0x18,0x82,0x18,0x82,0x18,0x82,0x18,0x82,0x18,0x82,0x18,0x82,0x18,
    0x82,0x18,0x82,0x18,0x82,0x18,0x82,0x18,0x82,0x18,0x82,0x18,0x82,0x18,0x82,0x18,
    0x82,0x18,0x82,0x18,0x82,0x18,0x82,0x18,0x82,0x18,0x82,0x18,0x82,0x18,0x82,0x18,
    0x82,0x18,0x82,0x18,0x82,0x18,0x82,0x18,0x82,0x18,0x82,0x18,0x82,0x18,0x82,0x18,
    0x82,0x18,0x82,0x18,0x82,0x18,0x82,0x18,0x82,0x18,0x82,0x18,0x82,0x18,0x82,0x18,
    0x82,0x18,0x82,0x18,0x82,0x18,0x82,0x18,0x82,0x18,0x82,0x18,0x82,0x18,0x82,0x18,
    0x82,0x18,0x82,0x18,0x82,0x18,0x82,0x18,0x82,0x18,0x82,0x18,0x82,0x18,0x82,0x18,
    0x82,0x18,0x82,0x18,0x82,0x18,0x82,0x18,0x82,0x18,0x82,0x18,0x82,0x18,0x82,0x18,
    0x82,0x18,0x82,0x18,0x82,0x18,0x82,0x18,0x82,0x18,0x82,0x18,0x82,0x18,0x82,0x18,
    0x82,0x18,0x82,0x18,0x82,0x18,0x82,0x18,0x82,0x18,0x82,0x18,0x62,0x10,0xA3,0x20,
    0xAA,0xF2,0xEB,0xFA,0xCB,0xFA,0xCB,0xFA,0xCB,0xFA,0xCB,0xFA,0xCB,0xFA,0xCB,0xFA,
    0xCB,0xFA,0xCB,0xFA,0xCB,0xFA,0xCB,0xFA,0xCB,0xFA,0xCB,0xFA,0xCB,0xFA,0xCB,0xFA,
    0xCB,0xFA,0xCB,0xFA,0xCB,0xFA,0xCB,0xFA,0xCB,0xFA,0xCB,0xFA,0xCB,0xFA,0xEB,0xFA,
    0x04,0x51,0x62,0x08,0x82,0x18,0x82,0x18,0x82,0x18,0x82,0x18,0x82,0x18,0x82,0x18,
    0x82,0x18,0x82,0x18,0x82,0x18,0x82,0x18,0x82,0x18,0x82,0x18,0x82,0x18,0x82,0x18,
    0x82,0x18,0x82,0x18,0x82,0x18,0x82,0x18,0x82,0x18,0x82,0x18,0x82,0x18,0x82,0x18,
    0x82,0x18,0x82,0x18,0x82,0x18,0x82,0x18,0x82,0x18,0x82,0x18,0x82,0x18,0x82,0x18,
    0x82,0x18,0x82,0x18,0x82,0x18,0x82,0x18,0x82,0x18,0x82,0x18,0x82,0x18,0x82,0x18,
    0x82,0x18,0x82,0x18,0x82,0x18,0x82,0x18,0x82,0x18,0x82,0x18,0x82,0x18,0x82,0x18,
    0x82,0x18,0x82,0x18,0x82,0x18,0x82,0x18,0x82,0x18,0x82,0x18,0x82,0x18,0x82,0x18,
    0x82,0x18,0x82,0x18,0x82,0x18,0x82,0x18,0x82,0x18,0x82,0x18,0x82,0x18,0x82,0x18,
    0x82,0x18,0x82,0x18,0x82,0x18,0x82,0x18,0x82,0x18,0x82,0x18,0x82,0x18,0x82,0x18,
    0x82,0x18,0x82,0x18,0x82,0x18,0x82,0x18,0x82,0x18,0x82,0x18,0x82,0x18,0x82,0x18,
    0x82,0x18,0x82,0x18,0x82,0x18,0x82,0x18,0x82,0x18,0x82,0x18,0x82,0x18,0x82,0x18,
    0x82,0x18,0x82,0x18,0x82,0x18,0x82,0x18,0x82,0x18,0x82,0x18,0x62,0x10,0xA3,0x20,
    0xAA,0xF2,0xEB,0xFA,0xCB,0xFA,0xCB,0xFA,0xCB,0xFA,0xCB,0xFA,0xCB,0xFA,0xCB,0xFA,
    0xCB,0xFA,0xCB,0xFA,0xCB,0xFA,0xCB,0xFA,0xCB,0xFA,0xCB,0xFA,0xCB,0xFA,0xCB,0xFA,
    0xCB,0xFA,0xCB,0xFA,0xCB,0xFA,0xCB,0xFA,0xCB,0xFA,0xCB,0xFA,0xCB,0xFA,0xEB,0xFA,
    0x04,0x51,0x62,0x08,0x82,0x18,0x82,0x18,0x82,0x18,0x82,0x18,0x82,0x18,0x82,0x18,
    0x82,0x18,0x82,0x18,0x82,0x18,0x82,0x18,0x82,0x18,0x82,0x18,0x82,0x18,0x82,0x18,
    0x82,0x18,0x82,0x18,0x82,0x18,0x82,0x18,0x82,0x18,0x82,0x18,0x82,0x18,0x82,0x18,
    0x82,0x18,0x82,0x18,0x82,0x18,0x82,0x18,0x82,0x18,0x82,0x18,0x82,0x18,0x82,0x18,
    0x82,0x18,0x82,0x18,0x82,0x18,0x82,0x18,0x82,0x18,0x82,0x18,0x82,0x18,0x82,0x18,
    0x82,0x18,0x82,0x18,0x82,0x18,0x82,0x18,0x82,0x18,0x82,0x18,0x82,0x18,0x82,0x18,
    0x82,0x18,0x82,0x18,0x82,0x18,0x82,0x18,0x82,0x18,0x82,0x18,0x82,0x18,0x82,0x18,
    0x82,0x18,0x82,0x18,0x82,0x18,0x82,0x18,0x82,0x18,0x82,0x18,0x82,0x18,0x82,0x18,
    0x82,0x18,0x82,0x18,0x82,0x18,0x82,0x18,0x82,0x18,0x82,0x18,0x82,0x18,0x82,0x18,
    0x82,0x18,0x82,0x18,0x82,0x18,0x82,0x18,0x82,0x18,0x82,0x18,0x82,0x18,0x82,0x18,
    0x82,0x18,0x82,0x18,0x82,0x18,0x82,0x18,0x82,0x18,0x82,0x18,0x82,0x18,0x82,0x18,
    0x82,0x18,0x82,0x18,0x82,0x18,0x82,0x18,0x82,0x18,0x82,0x18,0x62,0x10,0xA3,0x20,
    0xAA,0xF2,0xEB,0xFA,0xCB,0xFA,0xCB,0xFA,0xCB,0xFA,0xCB,0xFA,0xCB,0xFA,0xCB,0xFA,
    0xCB,0xFA,0xCB,0xFA,0xCB,0xFA,0xCB,0xFA,0xCB,0xFA,0xCB,0xFA,0xCB,0xFA,0xCB,0xFA,
    0xCB,0xFA,0xCB,0xFA,0xCB,0xFA,0xCB,0xFA,0xCB,0xFA,0xCB,0xFA,0xCB,0xFA,0xEB,0xFA,
    0x04,0x51,0x62,0x08,0x82,0x18,0x82,0x18,0x82,0x18,0x82,0x18,0x82,0x18,0x82,0x18,
    0x82,0x18,0x82,0x18,0x82,0x18,0x82,0x18,0x82,0x18,0x82,0x18,0x82,0x18,0x82,0x18,
    0x82,0x18,0x82,0x18,0x82,0x18,0x82,0x18,0x82,0x18,0x82,0x18,0x82,0x18,0x82,0x18,
    0x82,0x18,0x82,0x18,0x82,0x18,0x82,0x18,0x82,0x18,0x82,0x18,0x82,0x18,0x82,0x18,
    0x82,0x18,0x82,0x18,0x82,0x18,0x82,0x18,0x82,0x18,0x82,0x18,0x82,0x18,0x82,0x18,
    0x82,0x18,0x82,0x18,0x82,0x18,0x82,0x18,0x82,0x18,0x82,0x18,0x82,0x18,0x82,0x18,
    0x82,0x18,0x82,0x18,0x82,0x18,0x82,0x18,0x82,0x18,0x82,0x18,0x82,0x18,0x82,0x18,
    0x82,0x18,0x82,0x18,0x82,0x18,0x82,0x18,0x82,0x18,0x82,0x18,0x82,0x18,0x82,0x18,
    0x82,0x18,0x82,0x18,0x82,0x18,0x82,0x18,0x82,0x18,0x82,0x18,0x82,0x18,0x82,0x18,
    0x82,0x18,0x82,0x18,0x82,0x18,0x82,0x18,0x82,0x18,0x82,0x18,0x82,0x18,0x82,0x18,
    0x82,0x18,0x82,0x18,0x82,0x18,0x82,0x18,0x82,0x18,0x82,0x18,0x82,0x18,0x82,0x18,
    0x82,0x18,0x82,0x18,0x82,0x18,0x82,0x18,0x82,0x18,0x82,0x18,0x62,0x10,0xA3,0x20,
    0xAA,0xF2,0xEB,0xFA,0xCB,0xFA,0xCB,0xFA,0xCB,0xFA,0xCB,0xFA,0xCB,0xFA,0xCB,0xFA,
    0xCB,0xFA,0xCB,0xFA,0xCB,0xFA,0xCB,0xFA,0xCB,0xFA,0xCB,0xFA,0xCB,0xFA,0xCB,0xFA,
    0xCB,0xFA,0xCB,0xFA,0xCB,0xFA,0xCB,0xFA,0xCB,0xFA,0xCB,0xFA,0xCB,0xFA,0xEB,0xFA,
    0x04,0x51,0x62,0x08,0x82,0x18,0x82,0x18,0x82,0x18,0x82,0x18,0x82,0x18,0x82,0x18,
    0x82,0x18,0x82,0x18,0x82,0x18,0x82,0x18,0x82,0x18,0x82,0x18,0x82,0x18,0x82,0x18,
    0x82,0x18,0x82,0x18,0x82,0x18,0x82,0x18,0x82,0x18,0x82,0x18,0x82,0x18,0x82,0x18,
    0x82,0x18,0x82,0x18,0x82,0x18,0x82,0x18,0x82,0x18,0x82,0x18,0x82,0x18,0x82,0x18,
    0x82,0x18,0x82,0x18,0x82,0x18,0x82,0x18,0x82,0x18,0x82,0x18,0x82,0x18,0x82,0x18,
    0x82,0x18,0x82,0x18,0x82,0x18,0x82,0x18,0x82,0x18,0x82,0x18,0x82,0x18,0x82,0x18,
    0x82,0x18,0x82,0x18,0x82,0x18,0x82,0x18,0x82,0x18,0x82,0x18,0x82,0x18,0x82,0x18,
    0x82,0x18,0x82,0x18,0x82,0x18,0x82,0x18,0x82,0x18,0x82,0x18,0x82,0x18,0x82,0x18,
    0x82,0x18,0x82,0x18,0x82,0x18,0x82,0x18,0x82,0x18,0x82,0x18,0x82,0x18,0x82,0x18,
    0x82,0x18,0x82,0x18,0x82,0x18,0x82,0x18,0x82,0x18,0x82,0x18,0x82,0x18,0x82,0x18,
    0x82,0x18,0x82,0x18,0x82,0x18,0x82,0x18,0x82,0x18,0x82,0x18,0x82,0x18,0x82,0x18,
    0x82,0x18,0x82,0x18,0x82,0x18,0x82,0x18,0x82,0x18,0x82,0x18,0x62,0x10,0xA3,0x20,
    0xAA,0xF2,0xEB,0xFA,0xCB,0xFA,0xCB,0xFA,0xCB,0xFA,0xCB,0xFA,0xCB,0xFA,0xCB,0xFA,
    0xCB,0xFA,0xCB,0xFA,0xCB,0xFA,0xCB,0xFA,0xCB,0xFA,0xCB,0xFA,0xCB,0xFA,0xCB,0xFA,
    0xCB,0xFA,0xCB,0xFA,0xCB,0xFA,0xCB,0xFA,0xCB,0xFA,0xCB,0xFA,0xCB,0xFA,0xEB,0xFA,
    0x04,0x51,0x62,0x08,0x82,0x18,0x82,0x18,0x82,0x18,0x82,0x18,0x82,0x18,0x82,0x18,
    0x82,0x18,0x82,0x18,0x82,0x18,0x82,0x18,0x82,0x18,0x82,0x18,0x82,0x18,0x82,0x18,
    0x82,0x18,0x82,0x18,0x82,0x18,0x82,0x18,0x82,0x18,0x82,0x18,0x82,0x18,0x82,0x18,
    0x82,0x18,0x82,0x18,0x82,0x18,0x82,0x18,0x82,0x18,0x82,0x18,0x82,0x18,0x82,0x18,
    0x82,0x18,0x82,0x18,0x82,0x18,0x82,0x18,0x82,0x18,0x82,0x18,0x82,0x18,0x82,0x18,
    0x82,0x18,0x82,0x18,0x82,0x18,0x82,0x18,0x82,0x18,0x82,0x18,0x82,0x18,0x82,0x18,
    0x82,0x18,0x82,0x18,0x82,0x18,0x82,0x18,0x82,0x18,0x82,0x18,0x82,0x18,0x82,0x18,
    0x82,0x18,0x82,0x18,0x82,0x18,0x82,0x18,0x82,0x18,0x82,0x18,0x82,0x18,0x82,0x18,
    0x82,0x18,0x82,0x18,0x82,0x18,0x82,0x18,0x82,0x18,0x82,0x18,0x82,0x18,0x82,0x18,
    0x82,0x18,0x82,0x18,0x82,0x18,0x82,0x18,0x82,0x18,0x82,0x18,0x82,0x18,0x82,0x18,
    0x82,0x18,0x82,0x18,0x82,0x18,0x82,0x18,0x82,0x18,0x82,0x18,0x82,0x18,0x82,0x18,
    0x82,0x18,0x82,0x18,0x82,0x18,0x82,0x18,0x82,0x18,0x82,0x18,0x62,0x10,0xA3,0x20,
    0xAA,0xF2,0xEB,0xFA,0xCB,0xFA,0xCB,0xFA,0xCB,0xFA,0xCB,0xFA,0xCB,0xFA,0xCB,0xFA,
    0xCB,0xFA,0xCB,0xFA,0xCB,0xFA,0xCB,0xFA,0xCB,0xFA,0xCB,0xFA,0xCB,0xFA,0xCB,0xFA,
    0xCB,0xFA,0xCB,0xFA,0xCB,0xFA,0xCB,0xFA,0xCB,0xFA,0xCB,0xFA,0xCB,0xFA,0xEB,0xFA,
    0x04,0x51,0x62,0x08,0x82,0x18,0x82,0x18,0x82,0x18,0x82,0x18,0x82,0x18,0x82,0x18,
    0x82,0x18,0x82,0x18,0x82,0x18,0x82,0x18,0x82,0x18,0x82,0x18,0x82,0x18,0x82,0x18,
    0x82,0x18,0x82,0x18,0x82,0x18,0x82,0x18,0x82,0x18,0x82,0x18,0x82,0x18,0x82,0x18,
    0x82,0x18,0x82,0x18,0x82,0x18,0x82,0x18,0x82,0x18,0x82,0x18,0x82,0x18,0x82,0x18,
    0x82,0x18,0x82,0x18,0x82,0x18,0x82,0x18,0x82,0x18,0x82,0x18,0x82,0x18,0x82,0x18,
    0x82,0x18,0x82,0x18,0x82,0x18,0x82,0x18,0x82,0x18,0x82,0x18,0x82,0x18,0x82,0x18,
    0x82,0x18,0x82,0x18,0x82,0x18,0x82,0x18,0x82,0x18,0x82,0x18,0x82,0x18,0x82,0x18,
    0x82,0x18,0x82,0x18,0x82,0x18,0x82,0x18,0x82,0x18,0x82,0x18,0x82,0x18,0x82,0x18,
    0x82,0x18,0x82,0x18,0x82,0x18,0x82,0x18,0x82,0x18,0x82,0x18,0x82,0x18,0x82,0x18,
    0x82,0x18,0x82,0x18,0x82,0x18,0x82,0x18,0x82,0x18,0x82,0x18,0x82,0x18,0x82,0x18,
    0x82,0x18,0x82,0x18,0x82,0x18,0x82,0x18,0x82,0x18,0x82,0x18,0x82,0x18,0x82,0x18,
    0x82,0x18,0x82,0x18,0x82,0x18,0x82,0x18,0x82,0x18,0x82,0x18,0x62,0x10,0xA3,0x20,
    0xAA,0xF2,0xEB,0xFA,0xCB,0xFA,0xCB,0xFA,0xCB,0xFA,0xCB,0xFA,0xCB,0xFA,0xCB,0xFA,
    0xCB,0xFA,0xCB,0xFA,0xCB,0xFA,0xCB,0xFA,0xCB,0xFA,0xCB,0xFA,0xCB,0xFA,0xCB,0xFA,
    0xCB,0xFA,0xCB,0xFA,0xCB,0xFA,0xCB,0xFA,0xCB,0xFA,0xCB,0xFA,0xCB,0xFA,0xEB,0xFA,
    0x04,0x51,0x62,0x08,0x82,0x18,0x82,0x18,0x82,0x18,0x82,0x18,0x82,0x18,0x82,0x18,
    0x82,0x18,0x82,0x18,0x82,0x18,0x82,0x18,0x82,0x18,0x82,0x18,0x82,0x18,0x82,0x18,
    0x82,0x18,0x82,0x18,0x82,0x18,0x82,0x18,0x82,0x18,0x82,0x18,0x82,0x18,0x82,0x18,
    0x82,0x18,0x82,0x18,0x82,0x18,0x82,0x18,0x82,0x18,0x82,0x18,0x82,0x18,0x82,0x18,
    0x82,0x18,0x82,0x18,0x82,0x18,0x82,0x18,0x82,0x18,0x82,0x18,0x82,0x18,0x82,0x18,
    0x82,0x18,0x82,0x18,0x82,0x18,0x82,0x18,0x82,0x18,0x82,0x18,0x82,0x18,0x82,0x18,
    0x82,0x18,0x82,0x18,0x82,0x18,0x82,0x18,0x82,0x18,0x82,0x18,0x82,0x18,0x82,0x18,
    0x82,0x18,0x82,0x18,0x82,0x18,0x82,0x18,0x82,0x18,0x82,0x18,0x82,0x18,0x82,0x18,
    0x82,0x18,0x82,0x18,0x82,0x18,0x82,0x18,0x82,0x18,0x82,0x18,0x82,0x18,0x82,0x18,
    0x82,0x18,0x82,0x18,0x82,0x18,0x82,0x18,0x82,0x18,0x82,0x18,0x82,0x18,0x82,0x18,
    0x82,0x18,0x82,0x18,0x82,0x18,0x82,0x18,0x82,0x18,0x82,0x18,0x82,0x18,0x82,0x18,
    0x82,0x18,0x82,0x18,0x82,0x18,0x82,0x18,0x82,0x18,0x82,0x18,0x62,0x10,0xA3,0x20,
    0xAA,0xF2,0xEB,0xFA,0xCB,0xFA,0xCB,0xFA,0xCB,0xFA,0xCB,0xFA,0xCB,0xFA,0xCB,0xFA,
    0xCB,0xFA,0xCB,0xFA,0xCB,0xFA,0xCB,0xFA,0xCB,0xFA,0xCB,0xFA,0xCB,0xFA,0xCB,0xFA,
    0xCB,0xFA,0xCB,0xFA,0xCB,0xFA,0xCB,0xFA,0xCB,0xFA,0xCB,0xFA,0xCB,0xFA,0xEB,0xFA,
    0x04,0x51,0x62,0x08,0x82,0x18,0x82,0x18,0x82,0x18,0x82,0x18,0x82,0x18,0x82,0x18,
    0x82,0x18,0x82,0x18,0x82,0x18,0x82,0x18,0x82,0x18,0x82,0x18,0x82,0x18,0x82,0x18,
    0x82,0x18,0x82,0x18,0x82,0x18,0x82,0x18,0x82,0x18,0x82,0x18,0x82,0x18,0x82,0x18,
    0x82,0x18,0x82,0x18,0x82,0x18,0x82,0x18,0x82,0x18,0x82,0x18,0x82,0x18,0x82,0x18,
    0x82,0x18,0x82,0x18,0x82,0x18,0x82,0x18,0x82,0x18,0x82,0x18,0x82,0x18,0x82,0x18,
    0x82,0x18,0x82,0x18,0x82,0x18,0x82,0x18,0x82,0x18,0x82,0x18,0x82,0x18,0x82,0x18,
    0x82,0x18,0x82,0x18,0x82,0x18,0x82,0x18,0x82,0x18,0x82,0x18,0x82,0x18,0x82,0x18,
    0x82,0x18,0x82,0x18,0x82,0x18,0x82,0x18,0x82,0x18,0x82,0x18,0x82,0x18,0x82,0x18,
    0x82,0x18,0x82,0x18,0x82,0x18,0x82,0x18,0x82,0x18,0x82,0x18,0x82,0x18,0x82,0x18,
    0x82,0x18,0x82,0x18,0x82,0x18,0x82,0x18,0x82,0x18,0x82,0x18,0x82,0x18,0x82,0x18,
    0x82,0x18,0x82,0x18,0x82,0x18,0x82,0x18,0x82,0x18,0x82,0x18,0x82,0x18,0x82,0x18,
    0x82,0x18,0x82,0x18,0x82,0x18,0x82,0x18,0x82,0x18,0x82,0x18,0x62,0x10,0xA3,0x20,
    0xAA,0xF2,0xEB,0xFA,0xCB,0xFA,0xCB,0xFA,0xCB,0xFA,0xCB,0xFA,0xCB,0xFA,0xCB,0xFA,
    0xCB,0xFA,0xCB,0xFA,0xCB,0xFA,0xCB,0xFA,0xCB,0xFA,0xCB,0xFA,0xCB,0xFA,0xCB,0xFA,
    0xCB,0xFA,0xCB,0xFA,0xCB,0xFA,0xCB,0xFA,0xCB,0xFA,0xCB,0xFA,0xCB,0xFA,0xEB,0xFA,
    0x04,0x51,0x62,0x08,0x82,0x18,0x82,0x18,0x82,0x18,0x82,0x18,0x82,0x18,0x82,0x18,
    0x82,0x18,0x82,0x18,0x82,0x18,0x82,0x18,0x82,0x18,0x82,0x18,0x82,0x18,0x82,0x18,
    0x82,0x18,0x82,0x18,0x82,0x18,0x82,0x18,0x82,0x18,0x82,0x18,0x82,0x18,0x82,0x18,
    0x82,0x18,0x82,0x18,0x82,0x18,0x82,0x18,0x82,0x18,0x82,0x18,0x82,0x18,0x82,0x18,
    0x82,0x18,0x82,0x18,0x82,0x18,0x82,0x18,0x82,0x18,0x82,0x18,0x82,0x18,0x82,0x18,
    0x82,0x18,0x82,0x18,0x82,0x18,0x82,0x18,0x82,0x18,0x82,0x18,0x82,0x18,0x82,0x18,
    0x82,0x18,0x82,0x18,0x82,0x18,0x82,0x18,0x82,0x18,0x82,0x18,0x82,0x18,0x82,0x18,
    0x82,0x18,0x82,0x18,0x82,0x18,0x82,0x18,0x82,0x18,0x82,0x18,0x82,0x18,0x82,0x18,
    0x82,0x18,0x82,0x18,0x82,0x18,0x82,0x18,0x82,0x18,0x82,0x18,0x82,0x18,0x82,0x18,
    0x82,0x18,0x82,0x18,0x82,0x18,0x82,0x18,0x82,0x18,0x82,0x18,0x82,0x18,0x82,0x18,
    0x82,0x18,0x82,0x18,0x82,0x18,0x82,0x18,0x82,0x18,0x82,0x18,0x82,0x18,0x82,0x18,
    0x82,0x18,0x82,0x18,0x82,0x18,0x82,0x18,0x82,0x18,0x82,0x18,0x62,0x10,0xA3,0x20,
    0xAA,0xF2,0xEB,0xFA,0xCB,0xFA,0xCB,0xFA,0xCB,0xFA,0xCB,0xFA,0xCB,0xFA,0xCB,0xFA,
    0xCB,0xFA,0xCB,0xFA,0xCB,0xFA,0xCB,0xFA,0xCB,0xFA,0xCB,0xFA,0xCB,0xFA,0xCB,0xFA,
    0xCB,0xFA,0xCB,0xFA,0xCB,0xFA,0xCB,0xFA,0xCB,0xFA,0xCB,0xFA,0xCB,0xFA,0xEB,0xFA,
    0x04,0x51,0x62,0x08,0x82,0x18,0x82,0x18,0x82,0x18,0x82,0x18,0x82,0x18,0x82,0x18,
    0x82,0x18,0x82,0x18,0x82,0x18,0x82,0x18,0x82,0x18,0x82,0x18,0x82,0x18,0x82,0x18,
    0x82,0x18,0x82,0x18,0x82,0x18,0x82,0x18,0x82,0x18,0x82,0x18,0x82,0x18,0x82,0x18,
    0x82,0x18,0x82,0x18,0x82,0x18,0x82,0x18,0x82,0x18,0x82,0x18,0x82,0x18,0x82,0x18,
    0x82,0x18,0x82,0x18,0x82,0x18,0x82,0x18,0x82,0x18,0x82,0x18,0x82,0x18,0x82,0x18,
    0x82,0x18,0x82,0x18,0x82,0x18,0x82,0x18,0x82,0x18,0x82,0x18,0x82,0x18,0x82,0x18,
    0x82,0x18,0x82,0x18,0x82,0x18,0x82,0x18,0x82,0x18,0x82,0x18,0x82,0x18,0x82,0x18,
    0x82,0x18,0x82,0x18,0x82,0x18,0x82,0x18,0x82,0x18,0x82,0x18,0x82,0x18,0x82,0x18,
    0x82,0x18,0x82,0x18,0x82,0x18,0x82,0x18,0x82,0x18,0x82,0x18,0x82,0x18,0x82,0x18,
    0x82,0x18,0x82,0x18,0x82,0x18,0x82,0x18,0x82,0x18,0x82,0x18,0x82,0x18,0x82,0x18,
    0x82,0x18,0x82,0x18,0x82,0x18,0x82,0x18,0x82,0x18,0x82,0x18,0x82,0x18,0x82,0x18,
    0x82,0x18,0x82,0x18,0x82,0x18,0x82,0x18,0x82,0x18,0x82,0x18,0x62,0x10,0xA3,0x20,
    0xAA,0xF2,0xEB,0xFA,0xCB,0xFA,0xCB,0xFA,0xCB,0xFA,0xCB,0xFA,0xCB,0xFA,0xCB,0xFA,
    0xCB,0xFA,0xCB,0xFA,0xCB,0xFA,0xCB,0xFA,0xCB,0xFA,0xCB,0xFA,0xCB,0xFA,0xCB,0xFA,
    0xCB,0xFA,0xCB,0xFA,0xCB,0xFA,0xCB,0xFA,0xCB,0xFA,0xCB,0xFA,0xCB,0xFA,0xEB,0xFA,
    0x04,0x51,0x62,0x08,0x82,0x18,0x82,0x18,0x82,0x18,0x82,0x18,0x82,0x18,0x82,0x18,
    0x82,0x18,0x82,0x18,0x82,0x18,0x82,0x18,0x82,0x18,0x82,0x18,0x82,0x18,0x82,0x18,
    0x82,0x18,0x82,0x18,0x82,0x18,0x82,0x18,0x82,0x18,0x82,0x18,0x82,0x18,0x82,0x18,
    0x82,0x18,0x82,0x18,0x82,0x18,0x82,0x18,0x82,0x18,0x82,0x18,0x82,0x18,0x82,0x18,
    0x82,0x18,0x82,0x18,0x82,0x18,0x82,0x18,0x82,0x18,0x82,0x18,0x82,0x18,0x82,0x18,
    0x82,0x18,0x82,0x18,0x82,0x18,0x82,0x18,0x82,0x18,0x82,0x18,0x82,0x18,0x82,0x18,
    0x82,0x18,0x82,0x18,0x82,0x18,0x82,0x18,0x82,0x18,0x82,0x18,0x82,0x18,0x82,0x18,
    0x82,0x18,0x82,0x18,0x82,0x18,0x82,0x18,0x82,0x18,0x82,0x18,0x82,0x18,0x82,0x18,
    0x82,0x18,0x82,0x18,0x82,0x18,0x82,0x18,0x82,0x18,0x82,0x18,0x82,0x18,0x82,0x18,
    0x82,0x18,0x82,0x18,0x82,0x18,0x82,0x18,0x82,0x18,0x82,0x18,0x82,0x18,0x82,0x18,
    0x82,0x18,0x82,0x18,0x82,0x18,0x82,0x18,0x82,0x18,0x82,0x18,0x82,0x18,0x82,0x18,
    0x82,0x18,0x82,0x18,0x82,0x18,0x82,0x18,0x82,0x18,0x82,0x18,0x62,0x10,0xA3,0x20,
    0xAA,0xF2,0xEB,0xFA,0xCB,0xFA,0xCB,0xFA,0xCB,0xFA,0xCB,0xFA,0xCB,0xFA,0xCB,0xFA,
    0xCB,0xFA,0xCB,0xFA,0xCB,0xFA,0xCB,0xFA,0xCB,0xFA,0xCB,0xFA,0xCB,0xFA,0xCB,0xFA,
    0xCB,0xFA,0xCB,0xFA,0xCB,0xFA,0xCB,0xFA,0xCB,0xFA,0xCB,0xFA,0xCB,0xFA,0xEB,0xFA,
    0x04,0x51,0x62,0x08,0x82,0x18,0x82,0x18,0x82,0x18,0x82,0x18,0x82,0x18,0x82,0x18,
    0x82,0x18,0x82,0x18,0x82,0x18,0x82,0x18,0x82,0x18,0x82,0x18,0x82,0x18,0x82,0x18,
    0x82,0x18,0x82,0x18,0x82,0x18,0x82,0x18,0x82,0x18,0x82,0x18,0x82,0x18,0x82,0x18,
    0x82,0x18,0x82,0x18,0x82,0x18,0x82,0x18,0x82,0x18,0x82,0x18,0x82,0x18,0x82,0x18,
    0x82,0x18,0x82,0x18,0x82,0x18,0x82,0x18,0x82,0x18,0x82,0x18,0x82,0x18,0x82,0x18,
    0x82,0x18,0x82,0x18,0x82,0x18,0x82,0x18,0x82,0x18,0x82,0x18,0x82,0x18,0x82,0x18,
    0x82,0x18,0x82,0x18,0x82,0x18,0x82,0x18,0x82,0x18,0x82,0x18,0x82,0x18,0x82,0x18,
    0x82,0x18,0x82,0x18,0x82,0x18,0x82,0x18,0x82,0x18,0x82,0x18,0x82,0x18,0x82,0x18,
    0x82,0x18,0x82,0x18,0x82,0x18,0x82,0x18,0x82,0x18,0x82,0x18,0x82,0x18,0x82,0x18,
    0x82,0x18,0x82,0x18,0x82,0x18,0x82,0x18,0x82,0x18,0x82,0x18,0x82,0x18,0x82,0x18,
    0x82,0x18,0x82,0x18,0x82,0x18,0x82,0x18,0x82,0x18,0x82,0x18,0x82,0x18,0x82,0x18,
    0x82,0x18,0x82,0x18,0x82,0x18,0x82,0x18,0x82,0x18,0x82,0x18,0x62,0x10,0xA3,0x20,
    0xAA,0xEA,0xEB,0xFA,0xCB,0xFA,0xCB,0xFA,0xCB,0xFA,0xCB,0xFA,0xCB,0xFA,0xCB,0xFA,
    0xCB,0xFA,0xCB,0xFA,0xCB,0xFA,0xCB,0xFA,0xCB,0xFA,0xCB,0xFA,0xCB,0xFA,0xCB,0xFA,
    0xCB,0xFA,0xCB,0xFA,0xCB,0xFA,0xCB,0xFA,0xCB,0xFA,0xCB,0xFA,0xCB,0xFA,0xEB,0xFA,
    0x04,0x51,0x62,0x08,0x82,0x18,0x82,0x18,0x82,0x18,0x82,0x18,0x82,0x18,0x82,0x18,
    0x82,0x18,0x82,0x18,0x82,0x18,0x82,0x18,0x82,0x18,0x82,0x18,0x82,0x18,0x82,0x18,
    0x82,0x18,0x82,0x18,0x82,0x18,0x82,0x18,0x82,0x18,0x82,0x18,0x82,0x18,0x82,0x18,
    0x82,0x18,0x82,0x18,0x82,0x18,0x82,0x18,0x82,0x18,0x82,0x18,0x82,0x18,0x82,0x18,
    0x82,0x18,0x82,0x18,0x82,0x18,0x82,0x18,0x82,0x18,0x82,0x18,0x82,0x18,0x82,0x18,
    0x82,0x18,0x82,0x18,0x82,0x18,0x82,0x18,0x82,0x18,0x82,0x18,0x82,0x18,0x82,0x18,
    0x82,0x18,0x82,0x18,0x82,0x18,0x82,0x18,0x82,0x18,0x82,0x18,0x82,0x18,0x82,0x18,
    0x82,0x18,0x82,0x18,0x82,0x18,0x82,0x18,0x82,0x18,0x82,0x18,0x82,0x18,0x82,0x18,
    0x82,0x18,0x82,0x18,0x82,0x18,0x82,0x18,0x82,0x18,0x82,0x18,0x82,0x18,0x82,0x18,
    0x82,0x18,0x82,0x18,0x82,0x18,0x82,0x18,0x82,0x18,0x82,0x18,0x82,0x18,0x82,0x18,
    0x82,0x18,0x82,0x18,0x82,0x18,0x82,0x18,0x82,0x18,0x82,0x18,0x82,0x18,0x82,0x18,
    0x82,0x18,0x82,0x18,0x82,0x18,0x82,0x18,0x82,0x18,0x82,0x18,0x62,0x10,0xA3,0x28,
    0xAA,0xF2,0xEB,0xFA,0xCB,0xFA,0xCB,0xFA,0xCB,0xFA,0xCB,0xFA,0xCB,0xFA,0xCB,0xFA,
    0xCB,0xFA,0xCB,0xFA,0xCB,0xFA,0xCB,0xFA,0xCB,0xFA,0xCB,0xFA,0xCB,0xFA,0xCB,0xFA,
    0xCB,0xFA,0xCB,0xFA,0xCB,0xFA,0xCB,0xFA,0xCB,0xFA,0xCB,0xFA,0xCB,0xFA,0xEB,0xFA,
    0x24,0x51,0x62,0x08,0x82,0x18,0x82,0x18,0x82,0x18,0x82,0x18,0x82,0x18,0x82,0x18,
    0x82,0x18,0x82,0x18,0x82,0x18,0x82,0x18,0x82,0x18,0x82,0x18,0x82,0x18,0x82,0x18,
    0x82,0x18,0x82,0x18,0x82,0x18,0x82,0x18,0x82,0x18,0x82,0x18,0x82,0x18,0x82,0x18,
    0x82,0x18,0x82,0x18,0x82,0x18,0x82,0x18,0x82,0x18,0x82,0x18,0x82,0x18,0x82,0x18,
    0x82,0x18,0x82,0x18,0x82,0x18,0x82,0x18,0x82,0x18,0x82,0x18,0x82,0x18,0x82,0x18,
    0x82,0x18,0x82,0x18,0x82,0x18,0x82,0x18,0x82,0x18,0x82,0x18,0x82,0x18,0x82,0x18,
    0x82,0x18,0x82,0x18,0x82,0x18,0x82,0x18,0x82,0x18,0x82,0x18,0x82,0x18,0x82,0x18,
    0x82,0x18,0x82,0x18,0x82,0x18,0x82,0x18,0x82,0x18,0x82,0x18,0x82,0x18,0x82,0x18,
    0x82,0x18,0x82,0x18,0x82,0x18,0x82,0x18,0x82,0x18,0x82,0x18,0x82,0x18,0x82,0x18,
    0x82,0x18,0x82,0x18,0x82,0x18,0x82,0x18,0x82,0x18,0x82,0x18,0x82,0x18,0x82,0x18,
    0x82,0x18,0x82,0x18,0x82,0x18,0x82,0x18,0x82,0x18,0x82,0x18,0x82,0x18,0x82,0x18,
    0x82,0x18,0x82,0x18,0x82,0x18,0x82,0x18,0x82,0x18,0x82,0x18,0x82,0x10,0x82,0x20,
    0x8A,0xE2,0xEB,0xFA,0xCB,0xFA,0xCB,0xFA,0xCB,0xFA,0xCB,0xFA,0xCB,0xFA,0xCB,0xFA,
    0xCB,0xFA,0xCB,0xFA,0xCB,0xFA,0xCB,0xFA,0xCB,0xFA,0xCB,0xFA,0xCB,0xFA,0xCB,0xFA,
    0xCB,0xFA,0xCB,0xFA,0xCB,0xFA,0xCB,0xFA,0xCB,0xFA,0xCB,0xFA,0xCB,0xFA,0xEB,0xFA,
    0x04,0x49,0x62,0x08,0x82,0x18,0x82,0x18,0x82,0x18,0x82,0x18,0x82,0x18,0x82,0x18,
    0x82,0x18,0x82,0x18,0x82,0x18,0x82,0x18,0x82,0x18,0x82,0x18,0x82,0x18,0x82,0x18,
    0x82,0x18,0x82,0x18,0x82,0x18,0x82,0x18,0x82,0x18,0x82,0x18,0x82,0x18,0x82,0x18,
    0x82,0x18,0x82,0x18,0x82,0x18,0x82,0x18,0x82,0x18,0x82,0x18,0x82,0x18,0x82,0x18,
    0x82,0x18,0x82,0x18,0x82,0x18,0x82,0x18,0x82,0x18,0x82,0x18,0x82,0x18,0x82,0x18,
    0x82,0x18,0x82,0x18,0x82,0x18,0x82,0x18,0x82,0x18,0x82,0x18,0x82,0x18,0x82,0x18,
    0x82,0x18,0x82,0x18,0x82,0x18,0x82,0x18,0x82,0x18,0x82,0x18,0x82,0x18,0x82,0x18,
    0x82,0x18,0x82,0x18,0x82,0x18,0x82,0x18,0x82,0x18,0x82,0x18,0x82,0x18,0x82,0x18,
    0x82,0x18,0x82,0x18,0x82,0x18,0x82,0x18,0x82,0x18,0x82,0x18,0x82,0x18,0x82,0x18,
    0x82,0x18,0x82,0x18,0x82,0x18,0x82,0x18,0x82,0x18,0x82,0x18,0x82,0x18,0x82,0x18,
    0x82,0x18,0x82,0x18,0x82,0x18,0x82,0x18,0x82,0x18,0x82,0x18,0x82,0x18,0x82,0x18,
    0x82,0x18,0x82,0x18,0x82,0x18,0x82,0x18,0x82,0x18,0x82,0x18,0x82,0x18,0x62,0x08,
    0x28,0xBA,0xEB,0xFA,0xCB,0xFA,0xCB,0xFA,0xCB,0xFA,0xCB,0xFA,0xCB,0xFA,0xCB,0xFA,
    0xCB,0xFA,0xCB,0xFA,0xCB,0xFA,0xCB,0xFA,0xCB,0xFA,0xCB,0xFA,0xCB,0xFA,0xCB,0xFA,
    0xCB,0xFA,0xCB,0xFA,0xCB,0xFA,0xCB,0xFA,0xCB,0xFA,0xCB,0xFA,0xEB,0xFA,0xAA,0xEA,
    0xA3,0x20,0x62,0x10,0x82,0x18,0x82,0x18,0x82,0x18,0x82,0x18,0x82,0x18,0x82,0x18,
    0x82,0x18,0x82,0x18,0x82,0x18,0x82,0x18,0x82,0x18,0x82,0x18,0x82,0x18,0x82,0x18,
    0x82,0x18,0x82,0x18,0x82,0x18,0x82,0x18,0x82,0x18,0x82,0x18,0x82,0x18,0x82,0x18,
    0x82,0x18,0x82,0x18,0x82,0x18,0x82,0x18,0x82,0x18,0x82,0x18,0x82,0x18,0x82,0x18,
    0x82,0x18,0x82,0x18,0x82,0x18,0x82,0x18,0x82,0x18,0x82,0x18,0x82,0x18,0x82,0x18,
    0x82,0x18,0x82,0x18,0x82,0x18,0x82,0x18,0x82,0x18,0x82,0x18,0x82,0x18,0x82,0x18,
    0x82,0x18,0x82,0x18,0x82,0x18,0x82,0x18,0x82,0x18,0x82,0x18,0x82,0x18,0x82,0x18,
    0x82,0x18,0x82,0x18,0x82,0x18,0x82,0x18,0x82,0x18,0x82,0x18,0x82,0x18,0x82,0x18,
    0x82,0x18,0x82,0x18,0x82,0x18,0x82,0x18,0x82,0x18,0x82,0x18,0x82,0x18,0x82,0x18,
    0x82,0x18,0x82,0x18,0x82,0x18,0x82,0x18,0x82,0x18,0x82,0x18,0x82,0x18,0x82,0x18,
    0x82,0x18,0x82,0x18,0x82,0x18,0x82,0x18,0x82,0x18,0x82,0x18,0x82,0x18,0x82,0x18,
    0x82,0x18,0x82,0x18,0x82,0x18,0x82,0x18,0x82,0x18,0x82,0x18,0x82,0x18,0x41,0x00,
    0xA7,0x89,0x0C,0xFB,0xCB,0xFA,0xCB,0xFA,0xCB,0xFA,0xCB,0xFA,0xCB,0xFA,0xCB,0xFA,
    0xCB,0xFA,0xCB,0xFA,0xCB,0xFA,0xCB,0xFA,0xCB,0xFA,0xCB,0xFA,0xCB,0xFA,0xCB,0xFA,
    0xCB,0xFA,0xCB,0xFA,0xCB,0xFA,0xCB,0xFA,0xCB,0xFA,0xCB,0xFA,0xEB,0xFA,0x49,0xC2,
    0x62,0x08,0x82,0x18,0x82,0x18,0x82,0x18,0x82,0x18,0x82,0x18,0x82,0x18,0x82,0x18,
    0x82,0x18,0x82,0x18,0x82,0x18,0x82,0x18,0x82,0x18,0x82,0x18,0x82,0x18,0x82,0x18,
    0x82,0x18,0x82,0x18,0x82,0x18,0x82,0x18,0x82,0x18,0x82,0x18,0x82,0x18,0x82,0x18,
    0x82,0x18,0x82,0x18,0x82,0x18,0x82,0x18,0x82,0x18,0x82,0x18,0x82,0x18,0x82,0x18,
    0x82,0x18,0x82,0x18,0x82,0x18,0x82,0x18,0x82,0x18,0x82,0x18,0x82,0x18,0x82,0x18,
    0x82,0x18,0x82,0x18,0x82,0x18,0x82,0x18,0x82,0x18,0x82,0x18,0x82,0x18,0x82,0x18,
    0x82,0x18,0x82,0x18,0x82,0x18,0x82,0x18,0x82,0x18,0x82,0x18,0x82,0x18,0x82,0x18,
    0x82,0x18,0x82,0x18,0x82,0x18,0x82,0x18,0x82,0x18,0x82,0x18,0x82,0x18,0x82,0x18,
    0x82,0x18,0x82,0x18,0x82,0x18,0x82,0x18,0x82,0x18,0x82,0x18,0x82,0x18,0x82,0x18,
    0x82,0x18,0x82,0x18,0x82,0x18,0x82,0x18,0x82,0x18,0x82,0x18,0x82,0x18,0x82,0x18,
    0x82,0x18,0x82,0x18,0x82,0x18,0x82,0x18,0x82,0x18,0x82,0x18,0x82,0x18,0x82,0x18,
    0x82,0x18,0x82,0x18,0x82,0x18,0x82,0x18,0x82,0x18,0x82,0x18,0x82,0x18,0x62,0x08,
    0xE4,0x40,0xCB,0xFA,0xCB,0xFA,0xCB,0xFA,0xCB,0xFA,0xCB,0xFA,0xCB,0xFA,0xCB,0xFA,
    0xCB,0xFA,0xCB,0xFA,0xCB,0xFA,0xCB,0xFA,0xCB,0xFA,0xCB,0xFA,0xCB,0xFA,0xCB,0xFA,
    0xCB,0xFA,0xCB,0xFA,0xCB,0xFA,0xCB,0xFA,0xCB,0xFA,0xCB,0xFA,0x0C,0xFB,0x66,0x71,
    0x41,0x08,0x82,0x18,0x82,0x18,0x82,0x18,0x82,0x18,0x82,0x18,0x82,0x18,0x82,0x18,
    0x82,0x18,0x82,0x18,0x82,0x18,0x82,0x18,0x82,0x18,0x82,0x18,0x82,0x18,0x82,0x18,
    0x82,0x18,0x82,0x18,0x82,0x18,0x82,0x18,0x82,0x18,0x82,0x18,0x82,0x18,0x82,0x18,
    0x82,0x18,0x82,0x18,0x82,0x18,0x82,0x18,0x82,0x18,0x82,0x18,0x82,0x18,0x82,0x18,
    0x82,0x18,0x82,0x18,0x82,0x18,0x82,0x18,0x82,0x18,0x82,0x18,0x82,0x18,0x82,0x18,
    0x82,0x18,0x82,0x18,0x82,0x18,0x82,0x18,0x82,0x18,0x82,0x18,0x82,0x18,0x82,0x18,
    0x82,0x18,0x82,0x18,0x82,0x18,0x82,0x18,0x82,0x18,0x82,0x18,0x82,0x18,0x82,0x18,
    0x82,0x18,0x82,0x18,0x82,0x18,0x82,0x18,0x82,0x18,0x82,0x18,0x82,0x18,0x82,0x18,
    0x82,0x18,0x82,0x18,0x82,0x18,0x82,0x18,0x82,0x18,0x82,0x18,0x82,0x18,0x82,0x18,
    0x82,0x18,0x82,0x18,0x82,0x18,0x82,0x18,0x82,0x18,0x82,0x18,0x82,0x18,0x82,0x18,
    0x82,0x18,0x82,0x18,0x82,0x18,0x82,0x18,0x82,0x18,0x82,0x18,0x82,0x18,0x82,0x18,
    0x82,0x18,0x82,0x18,0x82,0x18,0x82,0x18,0x82,0x18,0x82,0x18,0x82,0x18,0x82,0x18,
    0x62,0x08,0x49,0xC2,0xEB,0xFA,0xCB,0xFA,0xCB,0xFA,0xCB,0xFA,0xCB,0xFA,0xCB,0xFA,
    0xCB,0xFA,0xCB,0xFA,0xCB,0xFA,0xCB,0xFA,0xCB,0xFA,0xCB,0xFA,0xCB,0xFA,0xCB,0xFA,
    0xCB,0xFA,0xCB,0xFA,0xCB,0xFA,0xCB,0xFA,0xCB,0xFA,0xEB,0xFA,0xAA,0xF2,0xA3,0x20,
    0x62,0x10,0x82,0x18,0x82,0x18,0x82,0x18,0x82,0x18,0x82,0x18,0x82,0x18,0x82,0x18,
    0x82,0x18,0x82,0x18,0x82,0x18,0x82,0x18,0x82,0x18,0x82,0x18,0x82,0x18,0x82,0x18,
    0x82,0x18,0x82,0x18,0x82,0x18,0x82,0x18,0x82,0x18,0x82,0x18,0x82,0x18,0x82,0x18,
    0x82,0x18,0x82,0x18,0x82,0x18,0x82,0x18,0x82,0x18,0x82,0x18,0x82,0x18,0x82,0x18,
    0x82,0x18,0x82,0x18,0x82,0x18,0x82,0x18,0x82,0x18,0x82,0x18,0x82,0x18,0x82,0x18,
    0x82,0x18,0x82,0x18,0x82,0x18,0x82,0x18,0x82,0x18,0x82,0x18,0x82,0x18,0x82,0x18,
    0x82,0x18,0x82,0x18,0x82,0x18,0x82,0x18,0x82,0x18,0x82,0x18,0x82,0x18,0x82,0x18,
    0x82,0x18,0x82,0x18,0x82,0x18,0x82,0x18,0x82,0x18,0x82,0x18,0x82,0x18,0x82,0x18,
    0x82,0x18,0x82,0x18,0x82,0x18,0x82,0x18,0x82,0x18,0x82,0x18,0x82,0x18,0x82,0x18,
    0x82,0x18,0x82,0x18,0x82,0x18,0x82,0x18,0x82,0x18,0x82,0x18,0x82,0x18,0x82,0x18,
    0x82,0x18,0x82,0x18,0x82,0x18,0x82,0x18,0x82,0x18,0x82,0x18,0x82,0x18,0x82,0x18,
    0x82,0x18,0x82,0x18,0x82,0x18,0x82,0x18,0x82,0x18,0x82,0x18,0x82,0x18,0x82,0x18,
    0x62,0x08,0xE4,0x40,0xEB,0xFA,0xCB,0xFA,0xCB,0xFA,0xCB,0xFA,0xCB,0xFA,0xCB,0xFA,
    0xCB,0xFA,0xCB,0xFA,0xCB,0xFA,0xCB,0xFA,0xCB,0xFA,0xCB,0xFA,0xCB,0xFA,0xCB,0xFA,
    0xCB,0xFA,0xCB,0xFA,0xCB,0xFA,0xCB,0xFA,0xCB,0xFA,0x0C,0xFB,0x86,0x79,0x41,0x08,
    0x82,0x18,0x82,0x18,0x82,0x18,0x82,0x18,0x82,0x18,0x82,0x18,0x82,0x18,0x82,0x18,
    0x82,0x18,0x82,0x18,0x82,0x18,0x82,0x18,0x82,0x18,0x82,0x18,0x82,0x18,0x82,0x18,
    0x82,0x18,0x82,0x18,0x82,0x18,0x82,0x18,0x82,0x18,0x82,0x18,0x82,0x18,0x82,0x18,
    0x82,0x18,0x82,0x18,0x82,0x18,0x82,0x18,0x82,0x18,0x82,0x18,0x82,0x18,0x82,0x18,
    0x82,0x18,0x82,0x18,0x82,0x18,0x82,0x18,0x82,0x18,0x82,0x18,0x82,0x18,0x82,0x18,
    0x82,0x18,0x82,0x18,0x82,0x18,0x82,0x18,0x82,0x18,0x82,0x18,0x82,0x18,0x82,0x18,
    0x82,0x18,0x82,0x18,0x82,0x18,0x82,0x18,0x82,0x18,0x82,0x18,0x82,0x18,0x82,0x18,
    0x82,0x18,0x82,0x18,0x82,0x18,0x82,0x18,0x82,0x18,0x82,0x18,0x82,0x18,0x82,0x18,
    0x82,0x18,0x82,0x18,0x82,0x18,0x82,0x18,0x82,0x18,0x82,0x18,0x82,0x18,0x82,0x18,
    0x82,0x18,0x82,0x18,0x82,0x18,0x82,0x18,0x82,0x18,0x82,0x18,0x82,0x18,0x82,0x18,
    0x82,0x18,0x82,0x18,0x82,0x18,0x82,0x18,0x82,0x18,0x82,0x18,0x82,0x18,0x82,0x18,
    0x82,0x18,0x82,0x18,0x82,0x18,0x82,0x18,0x82,0x18,0x82,0x18,0x82,0x18,0x82,0x18,
    0x82,0x18,0x41,0x08,0x86,0x79,0x0C,0xFB,0xCB,0xFA,0xCB,0xFA,0xCB,0xFA,0xCB,0xFA,
    0xCB,0xFA,0xCB,0xFA,0xCB,0xFA,0xCB,0xFA,0xCB,0xFA,0xCB,0xFA,0xCB,0xFA,0xCB,0xFA,
    0xCB,0xFA,0xCB,0xFA,0xCB,0xFA,0xCB,0xFA,0x0C,0xFB,0x08,0xB2,0x62,0x08,0x82,0x18,
    0x82,0x18,0x82,0x18,0x82,0x18,0x82,0x18,0x82,0x18,0x82,0x18,0x82,0x18,0x82,0x18,
    0x82,0x18,0x82,0x18,0x82,0x18,0x82,0x18,0x82,0x18,0x82,0x18,0x82,0x18,0x82,0x18,
    0x82,0x18,0x82,0x18,0x82,0x18,0x82,0x18,0x82,0x18,0x82,0x18,0x82,0x18,0x82,0x18,
    0x82,0x18,0x82,0x18,0x82,0x18,0x82,0x18,0x82,0x18,0x82,0x18,0x82,0x18,0x82,0x18,
    0x82,0x18,0x82,0x18,0x82,0x18,0x82,0x18,0x82,0x18,0x82,0x18,0x82,0x18,0x82,0x18,
    0x82,0x18,0x82,0x18,0x82,0x18,0x82,0x18,0x82,0x18,0x82,0x18,0x82,0x18,0x82,0x18,
    0x82,0x18,0x82,0x18,0x82,0x18,0x82,0x18,0x82,0x18,0x82,0x18,0x82,0x18,0x82,0x18,
    0x82,0x18,0x82,0x18,0x82,0x18,0x82,0x18,0x82,0x18,0x82,0x18,0x82,0x18,0x82,0x18,
    0x82,0x18,0x82,0x18,0x82,0x18,0x82,0x18,0x82,0x18,0x82,0x18,0x82,0x18,0x82,0x18,
    0x82,0x18,0x82,0x18,0x82,0x18,0x82,0x18,0x82,0x18,0x82,0x18,0x82,0x18,0x82,0x18,
    0x82,0x18,0x82,0x18,0x82,0x18,0x82,0x18,0x82,0x18,0x82,0x18,0x82,0x18,0x82,0x18,
    0x82,0x18,0x82,0x18,0x82,0x18,0x82,0x18,0x82,0x18,0x82,0x18,0x82,0x18,0x82,0x18,
    0x82,0x18,0x82,0x18,0x62,0x08,0xE7,0xA1,0x0C,0xFB,0xCB,0xFA,0xCB,0xFA,0xCB,0xFA,
    0xCB,0xFA,0xCB,0xFA,0xCB,0xFA,0xCB,0xFA,0xCB,0xFA,0xCB,0xFA,0xCB,0xFA,0xCB,0xFA,
    0xCB,0xFA,0xCB,0xFA,0xCB,0xFA,0x0C,0xFB,0x69,0xD2,0x82,0x20,0x62,0x10,0x82,0x18,
    0x82,0x18,0x82,0x18,0x82,0x18,0x82,0x18,0x82,0x18,0x82,0x18,0x82,0x18,0x82,0x18,
    0x82,0x18,0x82,0x18,0x82,0x18,0x82,0x18,0x82,0x18,0x82,0x18,0x82,0x18,0x82,0x18,
    0x82,0x18,0x82,0x18,0x82,0x18,0x82,0x18,0x82,0x18,0x82,0x18,0x82,0x18,0x82,0x18,
    0x82,0x18,0x82,0x18,0x82,0x18,0x82,0x18,0x82,0x18,0x82,0x18,0x82,0x18,0x82,0x18,
    0x82,0x18,0x82,0x18,0x82,0x18,0x82,0x18,0x82,0x18,0x82,0x18,0x82,0x18,0x82,0x18,
    0x82,0x18,0x82,0x18,0x82,0x18,0x82,0x18,0x82,0x18,0x82,0x18,0x82,0x18,0x82,0x18,
    0x82,0x18,0x82,0x18,0x82,0x18,0x82,0x18,0x82,0x18,0x82,0x18,0x82,0x18,0x82,0x18,
    0x82,0x18,0x82,0x18,0x82,0x18,0x82,0x18,0x82,0x18,0x82,0x18,0x82,0x18,0x82,0x18,
    0x82,0x18,0x82,0x18,0x82,0x18,0x82,0x18,0x82,0x18,0x82,0x18,0x82,0x18,0x82,0x18,
    0x82,0x18,0x82,0x18,0x82,0x18,0x82,0x18,0x82,0x18,0x82,0x18,0x82,0x18,0x82,0x18,
    0x82,0x18,0x82,0x18,0x82,0x18,0x82,0x18,0x82,0x18,0x82,0x18,0x82,0x18,0x82,0x18,
    0x82,0x18,0x82,0x18,0x82,0x18,0x82,0x18,0x82,0x18,0x82,0x18,0x82,0x18,0x82,0x18,
    0x82,0x18,0x82,0x18,0x82,0x10,0x62,0x08,0xA6,0x89,0xEB,0xFA,0xEB,0xFA,0xCB,0xFA,
    0xCB,0xFA,0xCB,0xFA,0xCB,0xFA,0xCB,0xFA,0xCB,0xFA,0xCB,0xFA,0xCB,0xFA,0xCB,0xFA,
    0xCB,0xFA,0xEB,0xFA,0x0C,0xFB,0x08,0xB2,0x82,0x20,0x62,0x10,0x82,0x18,0x82,0x18,
    0x82,0x18,0x82,0x18,0x82,0x18,0x82,0x18,0x82,0x18,0x82,0x18,0x82,0x18,0x82,0x18,
    0x82,0x18,0x82,0x18,0x82,0x18,0x82,0x18,0x82,0x18,0x82,0x18,0x82,0x18,0x82,0x18,
    0x82,0x18,0x82,0x18,0x82,0x18,0x82,0x18,0x82,0x18,0x82,0x18,0x82,0x18,0x82,0x18,
    0x82,0x18,0x82,0x18,0x82,0x18,0x82,0x18,0x82,0x18,0x82,0x18,0x82,0x18,0x82,0x18,
    0x82,0x18,0x82,0x18,0x82,0x18,0x82,0x18,0x82,0x18,0x82,0x18,0x82,0x18,0x82,0x18,
    0x82,0x18,0x82,0x18,0x82,0x18,0x82,0x18,0x82,0x18,0x82,0x18,0x82,0x18,0x82,0x18,
    0x82,0x18,0x82,0x18,0x82,0x18,0x82,0x18,0x82,0x18,0x82,0x18,0x82,0x18,0x82,0x18,
    0x82,0x18,0x82,0x18,0x82,0x18,0x82,0x18,0x82,0x18,0x82,0x18,0x82,0x18,0x82,0x18,
    0x82,0x18,0x82,0x18,0x82,0x18,0x82,0x18,0x82,0x18,0x82,0x18,0x82,0x18,0x82,0x18,
    0x82,0x18,0x82,0x18,0x82,0x18,0x82,0x18,0x82,0x18,0x82,0x18,0x82,0x18,0x82,0x18,
    0x82,0x18,0x82,0x18,0x82,0x18,0x82,0x18,0x82,0x18,0x82,0x18,0x82,0x18,0x82,0x18,
    0x82,0x18,0x82,0x18,0x82,0x18,0x82,0x18,0x82,0x18,0x82,0x18,0x82,0x18,0x82,0x18,
    0x82,0x18,0x82,0x18,0x82,0x18,0x82,0x18,0x41,0x00,0x24,0x51,0x8A,0xDA,0xEB,0xFA,
    0x0B,0xFB,0xEB,0xFA,0xCB,0xFA,0xCB,0xFA,0xCB,0xFA,0xCB,0xFA,0xEB,0xFA,0xEB,0xFA,
    0x0C,0xFB,0xAA,0xEA,0x86,0x79,0x62,0x08,0x62,0x10,0x82,0x18,0x82,0x18,0x82,0x18,
    0x82,0x18,0x82,0x18,0x82,0x18,0x82,0x18,0x82,0x18,0x82,0x18,0x82,0x18,0x82,0x18,
    0x82,0x18,0x82,0x18,0x82,0x18,0x82,0x18,0x82,0x18,0x82,0x18,0x82,0x18,0x82,0x18,
    0x82,0x18,0x82,0x18,0x82,0x18,0x82,0x18,0x82,0x18,0x82,0x18,0x82,0x18,0x82,0x18,
    0x82,0x18,0x82,0x18,0x82,0x18,0x82,0x18,0x82,0x18,0x82,0x18,0x82,0x18,0x82,0x18,
    0x82,0x18,0x82,0x18,0x82,0x18,0x82,0x18,0x82,0x18,0x82,0x18,0x82,0x18,0x82,0x18,
    0x82,0x18,0x82,0x18,0x82,0x18,0x82,0x18,0x82,0x18,0x82,0x18,0x82,0x18,0x82,0x18,
    0x82,0x18,0x82,0x18,0x82,0x18,0x82,0x18,0x82,0x18,0x82,0x18,0x82,0x18,0x82,0x18,
    0x82,0x18,0x82,0x18,0x82,0x18,0x82,0x18,0x82,0x18,0x82,0x18,0x82,0x18,0x82,0x18,
    0x82,0x18,0x82,0x18,0x82,0x18,0x82,0x18,0x82,0x18,0x82,0x18,0x82,0x18,0x82,0x18,
    0x82,0x18,0x82,0x18,0x82,0x18,0x82,0x18,0x82,0x18,0x82,0x18,0x82,0x18,0x82,0x18,
    0x82,0x18,0x82,0x18,0x82,0x18,0x82,0x18,0x82,0x18,0x82,0x18,0xA3,0x18,0x82,0x18,
    0x82,0x18,0x82,0x18,0x82,0x18,0x82,0x18,0x82,0x18,0x82,0x18,0x82,0x18,0x82,0x18,
    0x82,0x18,0x82,0x18,0x82,0x18,0x82,0x18,0x82,0x18,0x62,0x08,0x82,0x18,0x25,0x59,
    0x08,0xB2,0x8A,0xE2,0xCB,0xFA,0xEB,0xFA,0xEB,0xFA,0xEB,0xFA,0xAA,0xEA,0x49,0xC2,
    0x66,0x71,0xA3,0x20,0x41,0x08,0x82,0x18,0x82,0x18,0x82,0x18,0x82,0x18,0x82,0x18,
    0x82,0x18,0x82,0x18,0x82,0x18,0x82,0x18,0x82,0x18,0x82,0x18,0x82,0x18,0x82,0x18,
    0x82,0x18,0x82,0x18,0x82,0x18,0x82,0x18,0x82,0x18,0x82,0x18,0x82,0x18,0x82,0x18,
    0x82,0x18,0x82,0x18,0x82,0x18,0x82,0x18,0x82,0x18,0x82,0x18,0x82,0x18,0x82,0x18,
    0x82,0x18,0x82,0x18,0x82,0x18,0x82,0x18,0x82,0x18,0x82,0x18,0x82,0x18,0x82,0x18,
    0x82,0x18,0x82,0x18,0x82,0x18,0x82,0x18,0x82,0x18,0x82,0x18,0x82,0x18,0x82,0x18,
    0x82,0x18,0x82,0x18,0x82,0x18,0x82,0x18,0x82,0x18,0x82,0x18,0x82,0x18,0x82,0x18,
    0x82,0x18,0x82,0x18,0x82,0x18,0x82,0x18,0x82,0x18,0x82,0x18,0x82,0x18,0x82,0x18,
    0x82,0x18,0x82,0x18,0x82,0x18,0x82,0x18,0x82,0x18,0x82,0x18,0x82,0x18,0x82,0x18,
    0x82,0x18,0x82,0x18,0x82,0x18,0x82,0x18,0x82,0x18,0x82,0x18,0x82,0x18,0x82,0x18,
    0x82,0x18,0x82,0x18,0x82,0x18,0x82,0x18,0x82,0x18,0x82,0x18,0x82,0x18,0x82,0x18,
    0x82,0x18,0x82,0x18,0x82,0x18,0xA2,0x18,0x82,0x18,0x21,0x10,0x00,0x08,0x82,0x18,
    0x82,0x18,0x82,0x18,0x82,0x18,0x82,0x18,0x82,0x18,0x82,0x18,0x82,0x18,0x82,0x18,
    0x82,0x18,0x82,0x18,0x82,0x18,0x82,0x18,0x82,0x18,0x82,0x18,0x82,0x10,0x62,0x08,
    0x62,0x08,0x82,0x18,0xE4,0x38,0x24,0x51,0x24,0x51,0x04,0x49,0xA3,0x20,0x62,0x08,
    0x41,0x08,0x62,0x10,0x82,0x18,0x82,0x18,0x82,0x18,0x82,0x18,0x82,0x18,0x82,0x18,
    0x82,0x18,0x82,0x18,0x82,0x18,0x82,0x18,0x82,0x18,0x82,0x18,0x82,0x18,0x82,0x18,
    0x82,0x18,0x00,0x08,0x41,0x10,0x82,0x18,0xA2,0x18,0x82,0x18,0x82,0x18,0x82,0x18,
    0x82,0x18,0x82,0x18,0x82,0x18,0x82,0x18,0x82,0x18,0x82,0x18,0x82,0x18,0x82,0x18,
    0x82,0x18,0x82,0x18,0x82,0x18,0x82,0x18,0x82,0x18,0x82,0x18,0x82,0x18,0x82,0x18,
    0x82,0x18,0x82,0x18,0x82,0x18,0x82,0x18,0x82,0x18,0x82,0x18,0x82,0x18,0x82,0x18,
    0x82,0x18,0x82,0x18,0x82,0x18,0x82,0x18,0x82,0x18,0x82,0x18,0x82,0x18,0x82,0x18,
    0x82,0x18,0x82,0x18,0x82,0x18,0x82,0x18,0x82,0x18,0x82,0x18,0x82,0x18,0x82,0x18,
    0x82,0x18,0x82,0x18,0x82,0x18,0x82,0x18,0x82,0x18,0x82,0x18,0x82,0x18,0x82,0x18,
    0x82,0x18,0x82,0x18,0x82,0x18,0x82,0x18,0x82,0x18,0x82,0x18,0x82,0x18,0x82,0x18,
    0x82,0x18,0x82,0x18,0x82,0x18,0x82,0x18,0x82,0x18,0x82,0x18,0x82,0x18,0x82,0x18,
    0x82,0x18,0x82,0x18,0x41,0x10,0x00,0x08,0x41,0x10,0xA7,0x39,0x8E,0x7B,0xA3,0x18,
    0x62,0x10,0x82,0x18,0x82,0x18,0x82,0x18,0x82,0x18,0x82,0x18,0x82,0x18,0x82,0x18,
    0x82,0x18,0x82,0x18,0x82,0x18,0x82,0x18,0x82,0x18,0x82,0x18,0x82,0x18,0x82,0x18,
    0x82,0x18,0x62,0x10,0x62,0x10,0x62,0x08,0x62,0x08,0x62,0x08,0x62,0x10,0x82,0x18,
    0x82,0x18,0x82,0x18,0x82,0x18,0x82,0x18,0x82,0x18,0x82,0x18,0x82,0x18,0x82,0x18,
    0x82,0x18,0x82,0x18,0x82,0x18,0x82,0x18,0x82,0x18,0x82,0x18,0x82,0x18,0x62,0x10,
    0xA3,0x18,0x2C,0x6B,0x45,0x29,0x00,0x08,0x00,0x08,0x41,0x10,0x82,0x18,0x82,0x18,
    0x82,0x18,0x82,0x18,0x82,0x18,0x82,0x18,0x82,0x18,0x82,0x18,0x82,0x18,0x82,0x18,
    0x82,0x18,0x82,0x18,0x82,0x18,0x82,0x18,0x82,0x18,0x82,0x18,0x82,0x18,0x82,0x18,
    0x82,0x18,0x82,0x18,0x82,0x18,0x82,0x18,0x82,0x18,0x82,0x18,0x82,0x18,0x82,0x18,
    0x82,0x18,0x82,0x18,0x82,0x18,0x82,0x18,0x82,0x18,0x82,0x18,0x82,0x18,0x82,0x18,
    0x82,0x18,0x82,0x18,0x82,0x18,0x82,0x18,0x82,0x18,0x82,0x18,0x82,0x18,0x82,0x18,
    0x82,0x18,0x82,0x18,0x82,0x18,0x82,0x18,0x82,0x18,0x82,0x18,0x82,0x18,0x82,0x18,
    0x82,0x18,0x82,0x18,0x82,0x18,0x82,0x18,0x82,0x18,0x82,0x18,0x82,0x18,0x82,0x18,
    0x82,0x18,0x82,0x18,0x82,0x18,0x82,0x18,0x82,0x18,0x82,0x18,0x82,0x18,0x82,0x18,
    0x82,0x18,0x82,0x18,0x25,0x29,0x6D,0x73,0x39,0xCE,0xDF,0xFF,0xFF,0xFF,0x6A,0x52,
    0x21,0x08,0x82,0x18,0x82,0x18,0x82,0x18,0x82,0x18,0x82,0x18,0x82,0x18,0x82,0x18,
    0x82,0x18,0x82,0x18,0x82,0x18,0x82,0x18,0x82,0x18,0x82,0x18,0x82,0x18,0x82,0x18,
    0x82,0x18,0x82,0x18,0x82,0x18,0x82,0x18,0x82,0x18,0x82,0x18,0x82,0x18,0x82,0x18,
    0x82,0x18,0x82,0x18,0x82,0x18,0x82,0x18,0x82,0x18,0x82,0x18,0x82,0x18,0x82,0x18,
    0x82,0x18,0x82,0x18,0x82,0x18,0x82,0x18,0x82,0x18,0x82,0x18,0x82,0x18,0x21,0x08,
    0x6A,0x52,0xFF,0xFF,0x9E,0xF7,0xB6,0xB5,0x2D,0x6B,0x45,0x29,0x82,0x18,0x82,0x18,
    0x82,0x18,0x82,0x18,0x82,0x18,0x82,0x18,0x82,0x18,0x82,0x18,0x82,0x18,0x82,0x18,
    0x82,0x18,0x82,0x18,0x82,0x18,0x82,0x18,0x82,0x18,0x82,0x18,0x82,0x18,0x82,0x18,
    0x82,0x18,0x82,0x18,0x82,0x18,0x82,0x18,0x82,0x18,0x82,0x18,0x82,0x18,0x82,0x18,
    0x82,0x18,0x82,0x18,0x82,0x18,0x82,0x18,0x82,0x18,0x82,0x18,0x82,0x18,0x82,0x18,
    0x82,0x18,0x82,0x18,0x82,0x18,0x82,0x18,0x82,0x18,0x82,0x18,0x82,0x18,0x82,0x18,
    0x82,0x18,0x82,0x18,0x82,0x18,0x82,0x18,0x82,0x18,0x82,0x18,0x82,0x18,0x82,0x18,
    0x82,0x18,0x82,0x18,0x82,0x18,0x82,0x18,0x82,0x18,0x82,0x18,0x82,0x18,0x82,0x18,
    0x82,0x18,0x82,0x18,0x82,0x18,0x82,0x18,0x82,0x18,0x82,0x18,0x82,0x18,0x82,0x18,
    0x62,0x10,0xA3,0x18,0x1C,0xE7,0xFF,0xFF,0xFF,0xFF,0xFF,0xFF,0xFF,0xFF,0x75,0xAD,
    0x00,0x08,0xA3,0x18,0x82,0x18,0x82,0x18,0x82,0x18,0x82,0x18,0x82,0x18,0x82,0x18,
    0x82,0x18,0x82,0x18,0x82,0x18,0x82,0x18,0x82,0x18,0x82,0x18,0x82,0x18,0x82,0x18,
    0x82,0x18,0x82,0x18,0x82,0x18,0x82,0x18,0x82,0x18,0x82,0x18,0x82,0x18,0x82,0x18,
    0x82,0x18,0x82,0x18,0x82,0x18,0x82,0x18,0x82,0x18,0x82,0x18,0x82,0x18,0x82,0x18,
    0x82,0x18,0x82,0x18,0x82,0x18,0x82,0x18,0x82,0x18,0x82,0x18,0xA3,0x18,0x00,0x08,
    0x75,0xAD,0xFF,0xFF,0xFF,0xFF,0xFF,0xFF,0xFF,0xFF,0x1C,0xE7,0xA3,0x18,0x62,0x10,
    0x82,0x18,0x82,0x18,0x82,0x18,0x82,0x18,0x82,0x18,0x82,0x18,0x82,0x18,0x82,0x18,
    0x82,0x18,0x82,0x18,0x82,0x18,0x82,0x18,0x82,0x18,0x82,0x18,0x82,0x18,0x82,0x18,
    0x82,0x18,0x82,0x18,0x82,0x18,0x82,0x18,0x82,0x18,0x82,0x18,0x82,0x18,0x82,0x18,
    0x82,0x18,0x82,0x18,0x82,0x18,0x82,0x18,0x82,0x18,0x82,0x18,0x82,0x18,0x82,0x18,
    0x82,0x18,0x82,0x18,0x82,0x18,0x82,0x18,0x82,0x18,0x82,0x18,0x82,0x18,0x82,0x18,
    0x82,0x18,0x82,0x18,0x82,0x18,0x82,0x18,0x82,0x18,0x82,0x18,0x82,0x18,0x82,0x18,
    0x82,0x18,0x82,0x18,0x82,0x18,0x82,0x18,0x82,0x18,0x82,0x18,0x82,0x18,0x82,0x18,
    0x82,0x18,0x82,0x18,0x82,0x18,0x82,0x18,0x82,0x18,0x82,0x18,0x82,0x18,0x82,0x18,
    0x82,0x18,0x00,0x08,0x34,0xA5,0xDF,0xFF,0xDF,0xFF,0xFF,0xFF,0xFF,0xFF,0xDF,0xFF,
    0xA6,0x39,0x41,0x10,0x82,0x18,0x82,0x18,0x82,0x18,0x82,0x18,0x82,0x18,0x82,0x18,
    0x82,0x18,0x82,0x18,0x82,0x18,0x82,0x18,0x82,0x18,0x82,0x18,0x82,0x18,0x82,0x18,
    0x82,0x18,0x82,0x18,0x82,0x18,0x82,0x18,0x82,0x18,0x82,0x18,0x82,0x18,0x82,0x18,
    0x82,0x18,0x82,0x18,0x82,0x18,0x82,0x18,0x82,0x18,0x82,0x18,0x82,0x18,0x82,0x18,
    0x82,0x18,0x82,0x18,0x82,0x18,0x82,0x18,0x82,0x18,0x82,0x18,0x41,0x10,0xA6,0x39,
    0xDF,0xFF,0xFF,0xFF,0xFF,0xFF,0xDF,0xFF,0xDF,0xFF,0x34,0xA5,0x00,0x08,0x82,0x18,
    0x82,0x18,0x82,0x18,0x82,0x18,0x82,0x18,0x82,0x18,0x82,0x18,0x82,0x18,0x82,0x18,
    0x82,0x18,0x82,0x18,0x82,0x18,0x82,0x18,0x82,0x18,0x82,0x18,0x82,0x18,0x82,0x18,
    0x82,0x18,0x82,0x18,0x82,0x18,0x82,0x18,0x82,0x18,0x82,0x18,0x82,0x18,0x82,0x18,
    0x82,0x18,0x82,0x18,0x82,0x18,0x82,0x18,0x82,0x18,0x82,0x18,0x82,0x18,0x82,0x18,
    0x82,0x18,0x82,0x18,0x82,0x18,0x82,0x18,0x82,0x18,0x82,0x18,0x82,0x18,0x82,0x18,
    0x82,0x18,0x82,0x18,0x82,0x18,0x82,0x18,0x82,0x18,0x82,0x18,0x82,0x18,0x82,0x18,
    0x82,0x18,0x82,0x18,0x82,0x18,0x82,0x18,0x82,0x18,0x82,0x18,0x82,0x18,0x82,0x18,
    0x82,0x18,0x82,0x18,0x82,0x18,0x82,0x18,0x82,0x18,0x82,0x18,0x82,0x18,0x82,0x18,
    0x82,0x18,0x21,0x08,0x08,0x4A,0xFF,0xFF,0xFF,0xFF,0xFF,0xFF,0xFF,0xFF,0xFF,0xFF,
    0x35,0xAD,0x00,0x00,0xA3,0x18,0x82,0x18,0x82,0x18,0x82,0x18,0x82,0x18,0x82,0x18,
    0x82,0x18,0x82,0x18,0x82,0x18,0x82,0x18,0x82,0x18,0x82,0x18,0x82,0x18,0x82,0x18,
    0x82,0x18,0x82,0x18,0x82,0x18,0x82,0x18,0x82,0x18,0x82,0x18,0x82,0x18,0x82,0x18,
    0x82,0x18,0x82,0x18,0x82,0x18,0x82,0x18,0x82,0x18,0x82,0x18,0x82,0x18,0x82,0x18,
    0x82,0x18,0x82,0x18,0x82,0x18,0x82,0x18,0x82,0x18,0xA3,0x18,0x00,0x00,0x35,0xAD,
    0xFF,0xFF,0xFF,0xFF,0xFF,0xFF,0xFF,0xFF,0xFF,0xFF,0x08,0x4A,0x21,0x08,0x82,0x18,
    0x82,0x18,0x82,0x18,0x82,0x18,0x82,0x18,0x82,0x18,0x82,0x18,0x82,0x18,0x82,0x18,
    0x82,0x18,0x82,0x18,0x82,0x18,0x82,0x18,0x82,0x18,0x82,0x18,0x82,0x18,0x82,0x18,
    0x82,0x18,0x82,0x18,0x82,0x18,0x82,0x18,0x82,0x18,0x82,0x18,0x82,0x18,0x82,0x18,
    0x82,0x18,0x82,0x18,0x82,0x18,0x82,0x18,0x82,0x18,0x82,0x18,0x82,0x18,0x82,0x18,
    0x82,0x18,0x82,0x18,0x82,0x18,0x82,0x18,0x82,0x18,0x82,0x18,0x82,0x18,0x82,0x18,
    0x82,0x18,0x82,0x18,0x82,0x18,0x82,0x18,0x82,0x18,0x82,0x18,0x82,0x18,0x82,0x18,
    0x82,0x18,0x82,0x18,0x82,0x18,0x82,0x18,0x82,0x18,0x82,0x18,0x82,0x18,0x82,0x18,
    0x82,0x18,0x82,0x18,0x82,0x18,0x82,0x18,0x82,0x18,0x82,0x18,0x82,0x18,0x82,0x18,
    0x82,0x18,0x82,0x18,0x41,0x10,0x18,0xC6,0xFF,0xFF,0xFF,0xFF,0xFF,0xFF,0xFF,0xFF,
    0xDF,0xFF,0xE8,0x41,0x21,0x08,0x82,0x18,0x82,0x18,0x82,0x18,0x82,0x18,0x82,0x18,
    0x82,0x18,0x82,0x18,0x82,0x18,0x82,0x18,0x82,0x18,0x82,0x18,0x82,0x18,0x82,0x18,
    0x82,0x18,0x82,0x18,0x82,0x18,0x82,0x18,0x82,0x18,0x82,0x18,0x82,0x18,0x82,0x18,
    0x82,0x18,0x82,0x18,0x82,0x18,0x82,0x18,0x82,0x18,0x82,0x18,0x82,0x18,0x82,0x18,
    0x82,0x18,0x82,0x18,0x82,0x18,0x82,0x18,0x82,0x18,0x21,0x08,0xE8,0x41,0xDF,0xFF,
    0xFF,0xFF,0xFF,0xFF,0xFF,0xFF,0xFF,0xFF,0x18,0xC6,0x41,0x10,0x82,0x18,0x82,0x18,
    0x82,0x18,0x82,0x18,0x82,0x18,0x82,0x18,0x82,0x18,0x82,0x18,0x82,0x18,0x82,0x18,
    0x82,0x18,0x82,0x18,0x82,0x18,0x82,0x18,0x82,0x18,0x82,0x18,0x82,0x18,0x82,0x18,
    0x82,0x18,0x82,0x18,0x82,0x18,0x82,0x18,0x82,0x18,0x82,0x18,0x82,0x18,0x82,0x18,
    0x82,0x18,0x82,0x18,0x82,0x18,0x82,0x18,0x82,0x18,0x82,0x18,0x82,0x18,0x82,0x18,
    0x82,0x18,0x82,0x18,0x82,0x18,0x82,0x18,0x82,0x18,0x82,0x18,0x82,0x18,0x82,0x18,
    0x82,0x18,0x82,0x18,0x82,0x18,0x82,0x18,0x82,0x18,0x82,0x18,0x82,0x18,0x82,0x18,
    0x82,0x18,0x82,0x18,0x82,0x18,0x82,0x18,0x82,0x18,0x82,0x18,0x82,0x18,0x82,0x18,
    0x82,0x18,0x82,0x18,0x82,0x18,0x82,0x18,0x82,0x18,0x82,0x18,0x82,0x18,0x82,0x18,
    0x82,0x18,0x82,0x18,0x00,0x08,0x6A,0x52,0xFF,0xFF,0xFF,0xFF,0xFF,0xFF,0xFF,0xFF,
    0xFF,0xFF,0x38,0xCE,0x21,0x08,0x82,0x18,0x82,0x18,0x82,0x18,0x82,0x18,0x82,0x18,
    0x82,0x18,0x82,0x18,0x82,0x18,0x82,0x18,0x82,0x18,0x82,0x18,0x82,0x18,0x82,0x18,
    0x82,0x18,0x82,0x18,0x82,0x18,0x82,0x18,0x82,0x18,0x82,0x18,0x82,0x18,0x82,0x18,
    0x82,0x18,0x82,0x18,0x82,0x18,0x82,0x18,0x82,0x18,0x82,0x18,0x82,0x18,0x82,0x18,
    0x82,0x18,0x82,0x18,0x82,0x18,0x82,0x18,0x82,0x18,0x21,0x08,0x38,0xCE,0xFF,0xFF,
    0xFF,0xFF,0xFF,0xFF,0xFF,0xFF,0xFF,0xFF,0x6A,0x52,0x00,0x08,0x82,0x18,0x82,0x18,
    0x82,0x18,0x82,0x18,0x82,0x18,0x82,0x18,0x82,0x18,0x82,0x18,0x82,0x18,0x82,0x18,
    0x82,0x18,0x82,0x18,0x82,0x18,0x82,0x18,0x82,0x18,0x82,0x18,0x82,0x18,0x82,0x18,
    0x82,0x18,0x82,0x18,0x82,0x18,0x82,0x18,0x82,0x18,0x82,0x18,0x82,0x18,0x82,0x18,
    0x82,0x18,0x82,0x18,0x82,0x18,0x82,0x18,0x82,0x18,0x82,0x18,0x82,0x18,0x82,0x18,
    0x82,0x18,0x82,0x18,0x82,0x18,0x82,0x18,0x82,0x18,0x82,0x18,0x82,0x18,0x82,0x18,
    0x82,0x18,0x82,0x18,0x82,0x18,0x82,0x18,0x82,0x18,0x82,0x18,0x82,0x18,0x82,0x18,
    0x82,0x18,0x82,0x18,0x82,0x18,0x82,0x18,0x82,0x18,0x82,0x18,0x82,0x18,0x82,0x18,
    0x82,0x18,0x82,0x18,0x82,0x18,0x82,0x18,0x82,0x18,0x82,0x18,0x82,0x18,0x82,0x18,
    0x82,0x18,0x82,0x18,0x82,0x18,0x21,0x08,0xF7,0xC5,0xFF,0xFF,0xFF,0xFF,0xFF,0xFF,
    0xFF,0xFF,0xFF,0xFF,0xCF,0x7B,0x00,0x08,0xA3,0x18,0x82,0x18,0x82,0x18,0x82,0x18,
    0x82,0x18,0x82,0x18,0x82,0x18,0x82,0x18,0x82,0x18,0x82,0x18,0x82,0x18,0x82,0x18,
    0x82,0x18,0x82,0x18,0x82,0x18,0x82,0x18,0x82,0x18,0x82,0x18,0x82,0x18,0x82,0x18,
    0x82,0x18,0x82,0x18,0x82,0x18,0x82,0x18,0x82,0x18,0x82,0x18,0x82,0x18,0x82,0x18,
    0x82,0x18,0x82,0x18,0x82,0x18,0xA3,0x18,0x00,0x08,0xCF,0x7B,0xFF,0xFF,0xFF,0xFF,
    0xFF,0xFF,0xFF,0xFF,0xFF,0xFF,0xF7,0xC5,0x21,0x08,0x82,0x18,0x82,0x18,0x82,0x18,
    0x82,0x18,0x82,0x18,0x82,0x18,0x82,0x18,0x82,0x18,0x82,0x18,0x82,0x18,0x82,0x18,
    0x82,0x18,0x82,0x18,0x82,0x18,0x82,0x18,0x82,0x18,0x82,0x18,0x82,0x18,0x82,0x18,
    0x82,0x18,0x82,0x18,0x82,0x18,0x82,0x18,0x82,0x18,0x82,0x18,0x82,0x18,0x82,0x18,
    0x82,0x18,0x82,0x18,0x82,0x18,0x82,0x18,0x82,0x18,0x82,0x18,0x82,0x18,0x82,0x18,
    0x82,0x18,0x82,0x18,0x82,0x18,0x82,0x18,0x82,0x18,0x82,0x18,0x82,0x18,0x82,0x18,
    0x82,0x18,0x82,0x18,0x82,0x18,0x82,0x18,0x82,0x18,0x82,0x18,0x82,0x18,0x82,0x18,
    0x82,0x18,0x82,0x18,0x82,0x18,0x82,0x18,0x82,0x18,0x82,0x18,0x82,0x18,0x82,0x18,
    0x82,0x18,0x82,0x18,0x82,0x18,0x82,0x18,0x82,0x18,0x82,0x18,0x82,0x18,0x82,0x18,
    0x82,0x18,0x82,0x18,0x82,0x18,0x21,0x10,0x86,0x39,0xDF,0xFF,0xFF,0xFF,0xFF,0xFF,
    0xFF,0xFF,0xFF,0xFF,0xFF,0xFF,0x6A,0x52,0x00,0x00,0xA3,0x18,0x82,0x18,0x82,0x18,
    0x82,0x18,0x82,0x18,0x82,0x18,0x82,0x18,0x82,0x18,0x82,0x18,0x82,0x18,0x82,0x18,
    0x82,0x18,0x82,0x18,0x82,0x18,0x82,0x18,0x82,0x18,0x82,0x18,0x82,0x18,0x82,0x18,
    0x82,0x18,0x82,0x18,0x82,0x18,0x82,0x18,0x82,0x18,0x82,0x18,0x82,0x18,0x82,0x18,
    0x82,0x18,0x82,0x18,0xA3,0x18,0x00,0x00,0x6A,0x52,0xFF,0xFF,0xFF,0xFF,0xFF,0xFF,
    0xFF,0xFF,0xFF,0xFF,0xDF,0xFF,0x86,0x39,0x21,0x10,0x82,0x18,0x82,0x18,0x82,0x18,
    0x82,0x18,0x82,0x18,0x82,0x18,0x82,0x18,0x82,0x18,0x82,0x18,0x82,0x18,0x82,0x18,
    0x82,0x18,0x82,0x18,0x82,0x18,0x82,0x18,0x82,0x18,0x82,0x18,0x82,0x18,0x82,0x18,
    0x82,0x18,0x82,0x18,0x82,0x18,0x82,0x18,0x82,0x18,0x82,0x18,0x82,0x18,0x82,0x18,
    0x82,0x18,0x82,0x18,0x82,0x18,0x82,0x18,0x82,0x18,0x82,0x18,0x82,0x18,0x82,0x18,
    0x82,0x18,0x82,0x18,0x82,0x18,0x82,0x18,0x82,0x18,0x82,0x18,0x82,0x18,0x82,0x18,
    0x82,0x18,0x82,0x18,0x82,0x18,0x82,0x18,0x82,0x18,0x82,0x18,0x82,0x18,0x82,0x18,
    0x82,0x18,0x82,0x18,0x82,0x18,0x82,0x18,0x82,0x18,0x82,0x18,0x82,0x18,0x82,0x18,
    0x82,0x18,0x82,0x18,0x82,0x18,0x82,0x18,0x82,0x18,0x82,0x18,0x82,0x18,0x82,0x18,
    0x82,0x18,0x82,0x18,0x82,0x18,0xA3,0x18,0x00,0x08,0x51,0x8C,0xFF,0xFF,0xDF,0xFF,
    0xFF,0xFF,0xFF,0xFF,0xFF,0xFF,0x7D,0xEF,0xE8,0x41,0x00,0x08,0xA3,0x18,0x82,0x18,
    0x82,0x18,0x82,0x18,0x82,0x18,0x82,0x18,0x82,0x18,0x82,0x18,0x82,0x18,0x82,0x18,
    0x82,0x18,0x82,0x18,0x82,0x18,0x82,0x18,0x82,0x18,0x82,0x18,0x82,0x18,0x82,0x18,
    0x82,0x18,0x82,0x18,0x82,0x18,0x82,0x18,0x82,0x18,0x82,0x18,0x82,0x18,0x82,0x18,
    0x82,0x18,0xA3,0x18,0x00,0x08,0xE8,0x41,0x7D,0xEF,0xFF,0xFF,0xFF,0xFF,0xFF,0xFF,
    0xDF,0xFF,0xFF,0xFF,0x51,0x8C,0x00,0x08,0xA3,0x18,0x82,0x18,0x82,0x18,0x82,0x18,
    0x82,0x18,0x82,0x18,0x82,0x18,0x82,0x18,0x82,0x18,0x82,0x18,0x82,0x18,0x82,0x18,
    0x82,0x18,0x82,0x18,0x82,0x18,0x82,0x18,0x82,0x18,0x82,0x18,0x82,0x18,0x82,0x18,
    0x82,0x18,0x82,0x18,0x82,0x18,0x82,0x18,0x82,0x18,0x82,0x18,0x82,0x18,0x82,0x18,
    0x82,0x18,0x82,0x18,0x82,0x18,0x82,0x18,0x82,0x18,0x82,0x18,0x82,0x18,0x82,0x18,
    0x82,0x18,0x82,0x18,0x82,0x18,0x82,0x18,0x82,0x18,0x82,0x18,0x82,0x18,0x82,0x18,
    0x82,0x18,0x82,0x18,0x82,0x18,0x82,0x18,0x82,0x18,0x82,0x18,0x82,0x18,0x82,0x18,
    0x82,0x18,0x82,0x18,0x82,0x18,0x82,0x18,0x82,0x18,0x82,0x18,0x82,0x18,0x82,0x18,
    0x82,0x18,0x82,0x18,0x82,0x18,0x82,0x18,0x82,0x18,0x82,0x18,0x82,0x18,0x82,0x18,
    0x82,0x18,0x82,0x18,0x82,0x18,0x82,0x18,0x82,0x18,0x21,0x08,0x18,0xC6,0xFF,0xFF,
    0xDF,0xFF,0xFF,0xFF,0xFF,0xFF,0xFF,0xFF,0x9E,0xF7,0xE8,0x41,0x00,0x08,0xA3,0x18,
    0x82,0x18,0x82,0x18,0x82,0x18,0x82,0x18,0x82,0x18,0x82,0x18,0x82,0x18,0x82,0x18,
    0x82,0x18,0x82,0x18,0x82,0x18,0x82,0x18,0x82,0x18,0x82,0x18,0x82,0x18,0x82,0x18,
    0x82,0x18,0x82,0x18,0x82,0x18,0x82,0x18,0x82,0x18,0x82,0x18,0x82,0x18,0x82,0x18,
    0xA3,0x18,0x00,0x08,0xE8,0x41,0x9E,0xF7,0xFF,0xFF,0xFF,0xFF,0xFF,0xFF,0xDF,0xFF,
    0xFF,0xFF,0x18,0xC6,0x21,0x08,0x82,0x18,0x82,0x18,0x82,0x18,0x82,0x18,0x82,0x18,
    0x82,0x18,0x82,0x18,0x82,0x18,0x82,0x18,0x82,0x18,0x82,0x18,0x82,0x18,0x82,0x18,
    0x82,0x18,0x82,0x18,0x82,0x18,0x82,0x18,0x82,0x18,0x82,0x18,0x82,0x18,0x82,0x18,
    0x82,0x18,0x82,0x18,0x82,0x18,0x82,0x18,0x82,0x18,0x82,0x18,0x82,0x18,0x82,0x18,
    0x82,0x18,0x82,0x18,0x82,0x18,0x82,0x18,0x82,0x18,0x82,0x18,0x82,0x18,0x82,0x18,
    0x82,0x18,0x82,0x18,0x82,0x18,0x82,0x18,0x82,0x18,0x82,0x18,0x82,0x18,0x82,0x18,
    0x82,0x18,0x82,0x18,0x82,0x18,0x82,0x18,0x82,0x18,0x82,0x18,0x82,0x18,0x82,0x18,
    0x82,0x18,0x82,0x18,0x82,0x18,0x82,0x18,0x82,0x18,0x82,0x18,0x82,0x18,0x82,0x18,
    0x82,0x18,0x82,0x18,0x82,0x18,0x82,0x18,0x82,0x18,0x82,0x18,0x82,0x18,0x82,0x18,
    0x82,0x18,0x82,0x18,0x82,0x18,0x82,0x18,0x82,0x18,0x41,0x10,0x04,0x29,0x7D,0xEF,
    0xFF,0xFF,0xFF,0xFF,0xFF,0xFF,0xFF,0xFF,0xFF,0xFF,0x9E,0xF7,0x08,0x4A,0x00,0x00,
    0x82,0x18,0x82,0x18,0x82,0x18,0x82,0x18,0x82,0x18,0x82,0x18,0x82,0x18,0x82,0x18,
    0x82,0x18,0x82,0x18,0x82,0x18,0x82,0x18,0x82,0x18,0x82,0x18,0x82,0x18,0x82,0x18,
    0x82,0x18,0x82,0x18,0x82,0x18,0x82,0x18,0x82,0x18,0x82,0x18,0x82,0x18,0x82,0x18,
    0x00,0x00,0x08,0x4A,0x9E,0xF7,0xFF,0xFF,0xFF,0xFF,0xFF,0xFF,0xFF,0xFF,0xFF,0xFF,
    0x7D,0xEF,0x04,0x29,0x41,0x10,0x82,0x18,0x82,0x18,0x82,0x18,0x82,0x18,0x82,0x18,
    0x82,0x18,0x82,0x18,0x82,0x18,0x82,0x18,0x82,0x18,0x82,0x18,0x82,0x18,0x82,0x18,
    0x82,0x18,0x82,0x18,0x82,0x18,0x82,0x18,0x82,0x18,0x82,0x18,0x82,0x18,0x82,0x18,
    0x82,0x18,0x82,0x18,0x82,0x18,0x82,0x18,0x82,0x18,0x82,0x18,0x82,0x18,0x82,0x18,
    0x82,0x18,0x82,0x18,0x82,0x18,0x82,0x18,0x82,0x18,0x82,0x18,0x82,0x18,0x82,0x18,
    0x82,0x18,0x82,0x18,0x82,0x18,0x82,0x18,0x82,0x18,0x82,0x18,0x82,0x18,0x82,0x18,
    0x82,0x18,0x82,0x18,0x82,0x18,0x82,0x18,0x82,0x18,0x82,0x18,0x82,0x18,0x82,0x18,
    0x82,0x18,0x82,0x18,0x82,0x18,0x82,0x18,0x82,0x18,0x82,0x18,0x82,0x18,0x82,0x18,
    0x82,0x18,0x82,0x18,0x82,0x18,0x82,0x18,0x82,0x18,0x82,0x18,0x82,0x18,0x82,0x18,
    0x82,0x18,0x82,0x18,0x82,0x18,0x82,0x18,0x82,0x18,0x82,0x18,0x21,0x08,0xE8,0x41,
    0x9E,0xF7,0xFF,0xFF,0xFF,0xFF,0xFF,0xFF,0xFF,0xFF,0xFF,0xFF,0xFF,0xFF,0xAF,0x7B,
    0x21,0x08,0x21,0x08,0xA3,0x18,0x82,0x18,0x82,0x18,0x82,0x18,0x82,0x18,0x82,0x18,
    0x82,0x18,0x82,0x18,0x82,0x18,0x82,0x18,0xA3,0x18,0x82,0x18,0x82,0x18,0x82,0x18,
    0x82,0x18,0x82,0x18,0x82,0x18,0x82,0x18,0x82,0x18,0xA3,0x18,0x21,0x08,0x21,0x08,
    0xAF,0x7B,0xFF,0xFF,0xFF,0xFF,0xFF,0xFF,0xFF,0xFF,0xFF,0xFF,0xFF,0xFF,0x9E,0xF7,
    0xE8,0x41,0x21,0x08,0x82,0x18,0x82,0x18,0x82,0x18,0x82,0x18,0x82,0x18,0x82,0x18,
    0x82,0x18,0x82,0x18,0x82,0x18,0x82,0x18,0x82,0x18,0x82,0x18,0x82,0x18,0x82,0x18,
    0x82,0x18,0x82,0x18,0x82,0x18,0x82,0x18,0x82,0x18,0x82,0x18,0x82,0x18,0x82,0x18,
    0x82,0x18,0x82,0x18,0x82,0x18,0x82,0x18,0x82,0x18,0x82,0x18,0x82,0x18,0x82,0x18,
    0x82,0x18,0x82,0x18,0x82,0x18,0x82,0x18,0x82,0x18,0x82,0x18,0x82,0x18,0x82,0x18,
    0x82,0x18,0x82,0x18,0x82,0x18,0x82,0x18,0x82,0x18,0x82,0x18,0x82,0x18,0x82,0x18,
    0x82,0x18,0x82,0x18,0x82,0x18,0x82,0x18,0x82,0x18,0x82,0x18,0x82,0x18,0x82,0x18,
    0x82,0x18,0x82,0x18,0x82,0x18,0x82,0x18,0x82,0x18,0x82,0x18,0x82,0x18,0x82,0x18,
    0x82,0x18,0x82,0x18,0x82,0x18,0x82,0x18,0x82,0x18,0x82,0x18,0x82,0x18,0x82,0x18,
    0x82,0x18,0x82,0x18,0x82,0x18,0x82,0x18,0x82,0x18,0x82,0x18,0xA3,0x18,0x00,0x00,
    0xEB,0x62,0xFF,0xFF,0xFF,0xFF,0xFF,0xFF,0xFF,0xFF,0xFF,0xFF,0xFF,0xFF,0xFF,0xFF,
    0xF7,0xBD,0x86,0x39,0x00,0x08,0x41,0x10,0xA3,0x18,0x82,0x18,0x82,0x18,0x82,0x18,
    0x82,0x18,0x82,0x18,0x82,0x18,0x00,0x08,0x00,0x08,0x62,0x10,0x82,0x18,0x82,0x18,
    0x82,0x18,0x82,0x18,0x82,0x18,0xA3,0x18,0x41,0x10,0x00,0x08,0x86,0x39,0xF7,0xBD,
    0xFF,0xFF,0xFF,0xFF,0xFF,0xFF,0xFF,0xFF,0xFF,0xFF,0xFF,0xFF,0xFF,0xFF,0xEB,0x62,
    0x00,0x00,0xA3,0x18,0x82,0x18,0x82,0x18,0x82,0x18,0x82,0x18,0x82,0x18,0x82,0x18,
    0x82,0x18,0x82,0x18,0x82,0x18,0x82,0x18,0x82,0x18,0x82,0x18,0x82,0x18,0x82,0x18,
    0x82,0x18,0x82,0x18,0x82,0x18,0x82,0x18,0x82,0x18,0x82,0x18,0x82,0x18,0x82,0x18,
    0x82,0x18,0x82,0x18,0x82,0x18,0x82,0x18,0x82,0x18,0x82,0x18,0x82,0x18,0x82,0x18,
    0x82,0x18,0x82,0x18,0x82,0x18,0x82,0x18,0x82,0x18,0x82,0x18,0x82,0x18,0x82,0x18,
    0x82,0x18,0x82,0x18,0x82,0x18,0x82,0x18,0x82,0x18,0x82,0x18,0x82,0x18,0x82,0x18,
    0x82,0x18,0x82,0x18,0x82,0x18,0x82,0x18,0x82,0x18,0x82,0x18,0x82,0x18,0x82,0x18,
    0x82,0x18,0x82,0x18,0x82,0x18,0x82,0x18,0x82,0x18,0x82,0x18,0x82,0x18,0x82,0x18,
    0x82,0x18,0x82,0x18,0x82,0x18,0x82,0x18,0x82,0x18,0x82,0x18,0x82,0x18,0x82,0x18,
    0x82,0x18,0x82,0x18,0x82,0x18,0x82,0x18,0x82,0x18,0x82,0x18,0x82,0x18,0xA3,0x18,
    0x00,0x08,0x4D,0x6B,0xBE,0xF7,0xFF,0xFF,0xFF,0xFF,0xFF,0xFF,0xFF,0xFF,0xFF,0xFF,
    0xFF,0xFF,0xDF,0xFF,0xB3,0x9C,0x66,0x31,0x00,0x08,0x00,0x08,0x62,0x10,0x82,0x18,
    0xA3,0x18,0x82,0x18,0x62,0x10,0x4D,0x6B,0xEF,0x83,0xC3,0x20,0x62,0x10,0xA3,0x18,
    0x82,0x18,0x62,0x10,0x00,0x08,0x00,0x08,0x66,0x31,0xB3,0x9C,0xDF,0xFF,0xFF,0xFF,
    0xFF,0xFF,0xFF,0xFF,0xFF,0xFF,0xFF,0xFF,0xFF,0xFF,0xBE,0xF7,0x4D,0x6B,0x00,0x08,
    0xA3,0x18,0x82,0x18,0x82,0x18,0x82,0x18,0x82,0x18,0x82,0x18,0x82,0x18,0x82,0x18,
    0x82,0x18,0x82,0x18,0x82,0x18,0x82,0x18,0x82,0x18,0x82,0x18,0x82,0x18,0x82,0x18,
    0x82,0x18,0x82,0x18,0x82,0x18,0x82,0x18,0x82,0x18,0x82,0x18,0x82,0x18,0x82,0x18,
    0x82,0x18,0x82,0x18,0x82,0x18,0x82,0x18,0x82,0x18,0x82,0x18,0x82,0x18,0x82,0x18,
    0x82,0x18,0x82,0x18,0x82,0x18,0x82,0x18,0x82,0x18,0x82,0x18,0x82,0x18,0x82,0x18,
    0x82,0x18,0x82,0x18,0x82,0x18,0x82,0x18,0x82,0x18,0x82,0x18,0x82,0x18,0x82,0x18,
    0x82,0x18,0x82,0x18,0x82,0x18,0x82,0x18,0x82,0x18,0x82,0x18,0x82,0x18,0x82,0x18,
    0x82,0x18,0x82,0x18,0x82,0x18,0x82,0x18,0x82,0x18,0x82,0x18,0x82,0x18,0x82,0x18,
    0x82,0x18,0x82,0x18,0x82,0x18,0x82,0x18,0x82,0x18,0x82,0x18,0x82,0x18,0x82,0x18,
    0x82,0x18,0x82,0x18,0x82,0x18,0x82,0x18,0x82,0x18,0x82,0x18,0x82,0x18,0x82,0x18,
    0xA3,0x18,0x00,0x00,0xE8,0x41,0x7D,0xEF,0xFF,0xFF,0xDF,0xFF,0xFF,0xFF,0xFF,0xFF,
    0xFF,0xFF,0xFF,0xFF,0xFF,0xFF,0xDF,0xFF,0x34,0xAD,0xAA,0x5A,0xE4,0x20,0x21,0x08,
    0x00,0x08,0x00,0x00,0x10,0x84,0xFF,0xFF,0xFF,0xFF,0xF7,0xBD,0x00,0x00,0x00,0x08,
    0x21,0x08,0xE4,0x20,0xAA,0x5A,0x34,0xAD,0xDF,0xFF,0xFF,0xFF,0xFF,0xFF,0xFF,0xFF,
    0xFF,0xFF,0xFF,0xFF,0xDF,0xFF,0xFF,0xFF,0x7D,0xEF,0xE8,0x41,0x00,0x00,0xA3,0x18,
    0x82,0x18,0x82,0x18,0x82,0x18,0x82,0x18,0x82,0x18,0x82,0x18,0x82,0x18,0x82,0x18,
    0x82,0x18,0x82,0x18,0x82,0x18,0x82,0x18,0x82,0x18,0x82,0x18,0x82,0x18,0x82,0x18,
    0x82,0x18,0x82,0x18,0x82,0x18,0x82,0x18,0x82,0x18,0x82,0x18,0x82,0x18,0x82,0x18,
    0x82,0x18,0x82,0x18,0x82,0x18,0x82,0x18,0x82,0x18,0x82,0x18,0x82,0x18,0x82,0x18,
    0x82,0x18,0x82,0x18,0x82,0x18,0x82,0x18,0x82,0x18,0x82,0x18,0x82,0x18,0x82,0x18,
    0x82,0x18,0x82,0x18,0x82,0x18,0x82,0x18,0x82,0x18,0x82,0x18,0x82,0x18,0x82,0x18,
    0x82,0x18,0x82,0x18,0x82,0x18,0x82,0x18,0x82,0x18,0x82,0x18,0x82,0x18,0x82,0x18,
    0x82,0x18,0x82,0x18,0x82,0x18,0x82,0x18,0x82,0x18,0x82,0x18,0x82,0x18,0x82,0x18,
    0x82,0x18,0x82,0x18,0x82,0x18,0x82,0x18,0x82,0x18,0x82,0x18,0x82,0x18,0x82,0x18,
    0x82,0x18,0x82,0x18,0x82,0x18,0x82,0x18,0x82,0x18,0x82,0x18,0x82,0x18,0x82,0x18,
    0x82,0x18,0xA3,0x18,0x21,0x08,0x66,0x31,0x59,0xCE,0xFF,0xFF,0xFF,0xFF,0xFF,0xFF,
    0xFF,0xFF,0xFF,0xFF,0xFF,0xFF,0xFF,0xFF,0xFF,0xFF,0xFF,0xFF,0x7D,0xEF,0x18,0xC6,
    0x71,0x8C,0x8E,0x73,0xBA,0xD6,0xFF,0xFF,0xDF,0xFF,0xBE,0xF7,0x30,0x8C,0x51,0x8C,
    0x18,0xC6,0x7D,0xEF,0xFF,0xFF,0xFF,0xFF,0xFF,0xFF,0xFF,0xFF,0xFF,0xFF,0xFF,0xFF,
    0xFF,0xFF,0xFF,0xFF,0xFF,0xFF,0x59,0xCE,0x66,0x31,0x21,0x08,0xA3,0x18,0x82,0x18,
    0x82,0x18,0x82,0x18,0x82,0x18,0x82,0x18,0x82,0x18,0x82,0x18,0x82,0x18,0x82,0x18,
    0x82,0x18,0x82,0x18,0x82,0x18,0x82,0x18,0x82,0x18,0x82,0x18,0x82,0x18,0x82,0x18,
    0x82,0x18,0x82,0x18,0x82,0x18,0x82,0x18,0x82,0x18,0x82,0x18,0x82,0x18,0x82,0x18,
    0x82,0x18,0x82,0x18,0x82,0x18,0x82,0x18,0x82,0x18,0x82,0x18,0x82,0x18,0x82,0x18,
    0x82,0x18,0x82,0x18,0x82,0x18,0x82,0x18,0x82,0x18,0x82,0x18,0x82,0x18,0x82,0x18,
    0x82,0x18,0x82,0x18,0x82,0x18,0x82,0x18,0x82,0x18,0x82,0x18,0x82,0x18,0x82,0x18,
    0x82,0x18,0x82,0x18,0x82,0x18,0x82,0x18,0x82,0x18,0x82,0x18,0x82,0x18,0x82,0x18,
    0x82,0x18,0x82,0x18,0x82,0x18,0x82,0x18,0x82,0x18,0x82,0x18,0x82,0x18,0x82,0x18,
    0x82,0x18,0x82,0x18,0x82,0x18,0x82,0x18,0x82,0x18,0x82,0x18,0x82,0x18,0x82,0x18,
    0x82,0x18,0x82,0x18,0x82,0x18,0x82,0x18,0x82,0x18,0x82,0x18,0x82,0x18,0x82,0x18,
    0x82,0x18,0x82,0x18,0xA3,0x18,0x21,0x10,0x62,0x10,0x30,0x8C,0xFF,0xFF,0xFF,0xFF,
    0xFF,0xFF,0xFF,0xFF,0xFF,0xFF,0xFF,0xFF,0xFF,0xFF,0xFF,0xFF,0xFF,0xFF,0xFF,0xFF,
    0xFF,0xFF,0xFF,0xFF,0xFF,0xFF,0xFF,0xFF,0xFF,0xFF,0xFF,0xFF,0xFF,0xFF,0xFF,0xFF,
    0xFF,0xFF,0xFF,0xFF,0xFF,0xFF,0xFF,0xFF,0xFF,0xFF,0xFF,0xFF,0xFF,0xFF,0xFF,0xFF,
    0xFF,0xFF,0xFF,0xFF,0x30,0x8C,0x62,0x10,0x21,0x10,0xA3,0x18,0x82,0x18,0x82,0x18,
    0x82,0x18,0x82,0x18,0x82,0x18,0x82,0x18,0x82,0x18,0x82,0x18,0x82,0x18,0x82,0x18,
    0x82,0x18,0x82,0x18,0x82,0x18,0x82,0x18,0x82,0x18,0x82,0x18,0x82,0x18,0x82,0x18,
    0x82,0x18,0x82,0x18,0x82,0x18,0x82,0x18,0x82,0x18,0x82,0x18,0x82,0x18,0x82,0x18,
    0x82,0x18,0x82,0x18,0x82,0x18,0x82,0x18,0x82,0x18,0x82,0x18,0x82,0x18,0x82,0x18,
    0x82,0x18,0x82,0x18,0x82,0x18,0x82,0x18,0x82,0x18,0x82,0x18,0x82,0x18,0x82,0x18,
    0x82,0x18,0x82,0x18,0x82,0x18,0x82,0x18,0x82,0x18,0x82,0x18,0x82,0x18,0x82,0x18,
    0x82,0x18,0x82,0x18,0x82,0x18,0x82,0x18,0x82,0x18,0x82,0x18,0x82,0x18,0x82,0x18,
    0x82,0x18,0x82,0x18,0x82,0x18,0x82,0x18,0x82,0x18,0x82,0x18,0x82,0x18,0x82,0x18,
    0x82,0x18,0x82,0x18,0x82,0x18,0x82,0x18,0x82,0x18,0x82,0x18,0x82,0x18,0x82,0x18,
    0x82,0x18,0x82,0x18,0x82,0x18,0x82,0x18,0x82,0x18,0x82,0x18,0x82,0x18,0x82,0x18,
    0x82,0x18,0x82,0x18,0x82,0x18,0x82,0x18,0x82,0x18,0x00,0x00,0xE8,0x41,0xF7,0xBD,
    0xFF,0xFF,0xFF,0xFF,0xFF,0xFF,0xDF,0xFF,0xFF,0xFF,0xFF,0xFF,0xFF,0xFF,0xFF,0xFF,
    0xDF,0xFF,0xDF,0xFF,0xFF,0xFF,0xFF,0xFF,0xFF,0xFF,0xFF,0xFF,0xFF,0xFF,0xDF,0xFF,
    0xFF,0xFF,0xFF,0xFF,0xFF,0xFF,0xFF,0xFF,0xDF,0xFF,0xFF,0xFF,0xFF,0xFF,0xFF,0xFF,
    0xF7,0xBD,0xE8,0x41,0x00,0x00,0x82,0x18,0x82,0x18,0x82,0x18,0x82,0x18,0x82,0x18,
    0x82,0x18,0x82,0x18,0x82,0x18,0x82,0x18,0x82,0x18,0x82,0x18,0x82,0x18,0x82,0x18,
    0x82,0x18,0x82,0x18,0x82,0x18,0x82,0x18,0x82,0x18,0x82,0x18,0x82,0x18,0x82,0x18,
    0x82,0x18,0x82,0x18,0x82,0x18,0x82,0x18,0x82,0x18,0x82,0x18,0x82,0x18,0x82,0x18,
    0x82,0x18,0x82,0x18,0x82,0x18,0x82,0x18,0x82,0x18,0x82,0x18,0x82,0x18,0x82,0x18,
    0x82,0x18,0x82,0x18,0x82,0x18,0x82,0x18,0x82,0x18,0x82,0x18,0x82,0x18,0x82,0x18,
    0x82,0x18,0x82,0x18,0x82,0x18,0x82,0x18,0x82,0x18,0x82,0x18,0x82,0x18,0x82,0x18,
    0x82,0x18,0x82,0x18,0x82,0x18,0x82,0x18,0x82,0x18,0x82,0x18,0x82,0x18,0x82,0x18,
    0x82,0x18,0x82,0x18,0x82,0x18,0x82,0x18,0x82,0x18,0x82,0x18,0x82,0x18,0x82,0x18,
    0x82,0x18,0x82,0x18,0x82,0x18,0x82,0x18,0x82,0x18,0x82,0x18,0x82,0x18,0x82,0x18,
    0x82,0x18,0x82,0x18,0x82,0x18,0x82,0x18,0x82,0x18,0x82,0x18,0x82,0x18,0x82,0x18,
    0x82,0x18,0x82,0x18,0x82,0x18,0x82,0x18,0x82,0x18,0xA3,0x18,0x21,0x08,0x21,0x08,
    0x69,0x52,0xF7,0xBD,0xFF,0xFF,0xFF,0xFF,0xFF,0xFF,0xFF,0xFF,0xFF,0xFF,0xDF,0xFF,
    0xFF,0xFF,0xFF,0xFF,0xFF,0xFF,0xFF,0xFF,0xFF,0xFF,0xFF,0xFF,0xFF,0xFF,0xFF,0xFF,
    0xDF,0xFF,0xFF,0xFF,0xFF,0xFF,0xFF,0xFF,0xFF,0xFF,0xFF,0xFF,0xF7,0xBD,0x69,0x52,
    0x21,0x08,0x21,0x08,0xA3,0x18,0x82,0x18,0x82,0x18,0x82,0x18,0x82,0x18,0x82,0x18,
    0x82,0x18,0x82,0x18,0x82,0x18,0x82,0x18,0x82,0x18,0x82,0x18,0x82,0x18,0x82,0x18,
    0x82,0x18,0x82,0x18,0x82,0x18,0x82,0x18,0x82,0x18,0x82,0x18,0x82,0x18,0x82,0x18,
    0x82,0x18,0x82,0x18,0x82,0x18,0x82,0x18,0x82,0x18,0x82,0x18,0x82,0x18,0x82,0x18,
    0x82,0x18,0x82,0x18,0x82,0x18,0x82,0x18,0x82,0x18,0x82,0x18,0x82,0x18,0x82,0x18,
    0x82,0x18,0x82,0x18,0x82,0x18,0x82,0x18,0x82,0x18,0x82,0x18,0x82,0x18,0x82,0x18,
    0x82,0x18,0x82,0x18,0x82,0x18,0x82,0x18,0x82,0x18,0x82,0x18,0x82,0x18,0x82,0x18,
    0x82,0x18,0x82,0x18,0x82,0x18,0x82,0x18,0x82,0x18,0x82,0x18,0x82,0x18,0x82,0x18,
    0x82,0x18,0x82,0x18,0x82,0x18,0x82,0x18,0x82,0x18,0x82,0x18,0x82,0x18,0x82,0x18,
    0x82,0x18,0x82,0x18,0x82,0x18,0x82,0x18,0x82,0x18,0x82,0x18,0x82,0x18,0x82,0x18,
    0x82,0x18,0x82,0x18,0x82,0x18,0x82,0x18,0x82,0x18,0x82,0x18,0x82,0x18,0x82,0x18,
    0x82,0x18,0x82,0x18,0x82,0x18,0x82,0x18,0x82,0x18,0x82,0x18,0x82,0x18,0x82,0x18,
    0x00,0x08,0x21,0x08,0xC7,0x39,0x92,0x94,0xBA,0xD6,0xDF,0xFF,0xFF,0xFF,0xFF,0xFF,
    0xFF,0xFF,0xFF,0xFF,0xFF,0xFF,0xFF,0xFF,0xFF,0xFF,0xFF,0xFF,0xFF,0xFF,0xFF,0xFF,
    0xFF,0xFF,0xFF,0xFF,0xDF,0xFF,0xBA,0xD6,0x92,0x94,0xC7,0x39,0x21,0x08,0x00,0x08,
    0x82,0x18,0x82,0x18,0x82,0x18,0x82,0x18,0x82,0x18,0x82,0x18,0x82,0x18,0x82,0x18,
    0x82,0x18,0x82,0x18,0x82,0x18,0x82,0x18,0x82,0x18,0x82,0x18,0x82,0x18,0x82,0x18,
    0x82,0x18,0x82,0x18,0x82,0x18,0x82,0x18,0x82,0x18,0x82,0x18,0x82,0x18,0x82,0x18,
    0x82,0x18,0x82,0x18,0x82,0x18,0x82,0x18,0x82,0x18,0x82,0x18,0x82,0x18,0x82,0x18,
    0x82,0x18,0x82,0x18,0x82,0x18,0x82,0x18,0x82,0x18,0x82,0x18,0x82,0x18,0x82,0x18,
    0x82,0x18,0x82,0x18,0x82,0x18,0x82,0x18,0x82,0x18,0x82,0x18,0x82,0x18,0x82,0x18,
    0x82,0x18,0x82,0x18,0x82,0x18,0x82,0x18,0x82,0x18,0x82,0x18,0x82,0x18,0x82,0x18,
    0x82,0x18,0x82,0x18,0x82,0x18,0x82,0x18,0x82,0x18,0x82,0x18,0x82,0x18,0x82,0x18,
    0x82,0x18,0x82,0x18,0x82,0x18,0x82,0x18,0x82,0x18,0x82,0x18,0x82,0x18,0x82,0x18,
    0x82,0x18,0x82,0x18,0x82,0x18,0x82,0x18,0x82,0x18,0x82,0x18,0x82,0x18,0x82,0x18,
    0x82,0x18,0x82,0x18,0x82,0x18,0x82,0x18,0x82,0x18,0x82,0x18,0x82,0x18,0x82,0x18,
    0x82,0x18,0x82,0x18,0x82,0x18,0x82,0x18,0x82,0x18,0x82,0x18,0x82,0x18,0x82,0x18,
    0x82,0x18,0x82,0x18,0x21,0x10,0x00,0x08,0x82,0x18,0x86,0x39,0x2D,0x6B,0xB3,0x9C,
    0xF7,0xC5,0xDB,0xDE,0xDF,0xFF,0xFF,0xFF,0xFF,0xFF,0xFF,0xFF,0xDB,0xDE,0xF7,0xBD,
    0xB3,0x9C,0x2D,0x6B,0x86,0x39,0x82,0x18,0x00,0x08,0x21,0x10,0x82,0x18,0x82,0x18,
    0x82,0x18,0x82,0x18,0x82,0x18,0x82,0x18,0x82,0x18,0x82,0x18,0x82,0x18,0x82,0x18,
    0x82,0x18,0x82,0x18,0x82,0x18,0x82,0x18,0x82,0x18,0x82,0x18,0x82,0x18,0x82,0x18,
    0x82,0x18,0x82,0x18,0x82,0x18,0x82,0x18,0x82,0x18,0x82,0x18,0x82,0x18,0x82,0x18,
    0x82,0x18,0x82,0x18,0x82,0x18,0x82,0x18,0x82,0x18,0x82,0x18,0x82,0x18,0x82,0x18,
    0x82,0x18,0x82,0x18,0x82,0x18,0x82,0x18,0x82,0x18,0x82,0x18,0x82,0x18,0x82,0x18,
    0x82,0x18,0x82,0x18,0x82,0x18,0x82,0x18,0x82,0x18,0x82,0x18,0x82,0x18,0x82,0x18,
    0x82,0x18,0x82,0x18,0x82,0x18,0x82,0x18,0x82,0x18,0x82,0x18,0x82,0x18,0x82,0x18,
    0x82,0x18,0x82,0x18,0x82,0x18,0x82,0x18,0x82,0x18,0x82,0x18,0x82,0x18,0x82,0x18,
    0x82,0x18,0x82,0x18,0x82,0x18,0x82,0x18,0x82,0x18,0x82,0x18,0x82,0x18,0x82,0x18,
    0x82,0x18,0x82,0x18,0x82,0x18,0x82,0x18,0x82,0x18,0x82,0x18,0x82,0x18,0x82,0x18,
    0x82,0x18,0x82,0x18,0x82,0x18,0x82,0x18,0x82,0x18,0x82,0x18,0x82,0x18,0x82,0x18,
    0x82,0x18,0x82,0x18,0x82,0x18,0x82,0x18,0x82,0x18,0x82,0x18,0x82,0x18,0x82,0x18,
    0x82,0x18,0x82,0x18,0x82,0x18,0xA3,0x18,0x82,0x18,0x41,0x10,0x00,0x08,0x00,0x08,
    0x21,0x08,0x41,0x10,0x38,0xCE,0xFF,0xFF,0xFF,0xFF,0x9E,0xF7,0x04,0x29,0x00,0x08,
    0x00,0x08,0x00,0x08,0x41,0x10,0x82,0x18,0xA3,0x18,0x82,0x18,0x82,0x18,0x82,0x18,
    0x82,0x18,0x82,0x18,0x82,0x18,0x82,0x18,0x82,0x18,0x82,0x18,0x82,0x18,0x82,0x18,
    0x82,0x18,0x82,0x18,0x82,0x18,0x82,0x18,0x82,0x18,0x82,0x18,0x82,0x18,0x82,0x18,
    0x82,0x18,0x82,0x18,0x82,0x18,0x82,0x18,0x82,0x18,0x82,0x18,0x82,0x18,0x82,0x18,
    0x82,0x18,0x82,0x18,0x82,0x18,0x82,0x18,0x82,0x18,0x82,0x18,0x82,0x18,0x82,0x18,
    0x82,0x18,0x82,0x18,0x82,0x18,0x82,0x18,0x82,0x18,0x82,0x18,0x82,0x18,0x82,0x18,
    0x82,0x18,0x82,0x18,0x82,0x18,0x82,0x18,0x82,0x18,0x82,0x18,0x82,0x18,0x82,0x18,
    0x82,0x18,0x82,0x18,0x82,0x18,0x82,0x18,0x82,0x18,0x82,0x18,0x82,0x18,0x82,0x18,
    0x82,0x18,0x82,0x18,0x82,0x18,0x82,0x18,0x82,0x18,0x82,0x18,0x82,0x18,0x82,0x18,
    0x82,0x18,0x82,0x18,0x82,0x18,0x82,0x18,0x82,0x18,0x82,0x18,0x82,0x18,0x82,0x18,
    0x82,0x18,0x82,0x18,0x82,0x18,0x82,0x18,0x82,0x18,0x82,0x18,0x82,0x18,0x82,0x18,
    0x82,0x18,0x82,0x18,0x82,0x18,0x82,0x18,0x82,0x18,0x82,0x18,0x82,0x18,0x82,0x18,
    0x82,0x18,0x82,0x18,0x82,0x18,0x82,0x18,0x82,0x18,0x82,0x18,0x82,0x18,0x82,0x18,
    0x82,0x18,0x82,0x18,0x82,0x18,0x82,0x18,0x82,0x18,0x82,0x18,0xA3,0x18,0x82,0x18,
    0xA3,0x18,0x21,0x08,0x18,0xC6,0xFF,0xFF,0xFF,0xFF,0x9E,0xF7,0xE4,0x20,0x62,0x10,
    0xA3,0x18,0xA3,0x18,0x82,0x18,0x82,0x18,0x82,0x18,0x82,0x18,0x82,0x18,0x82,0x18,
    0x82,0x18,0x82,0x18,0x82,0x18,0x82,0x18,0x82,0x18,0x82,0x18,0x82,0x18,0x82,0x18,
    0x82,0x18,0x82,0x18,0x82,0x18,0x82,0x18,0x82,0x18,0x82,0x18,0x82,0x18,0x82,0x18,
    0x82,0x18,0x82,0x18,0x82,0x18,0x82,0x18,0x82,0x18,0x82,0x18,0x82,0x18,0x82,0x18,
    0x82,0x18,0x82,0x18,0x82,0x18,0x82,0x18,0x82,0x18,0x82,0x18,0x82,0x18,0x82,0x18,
    0x82,0x18,0x82,0x18,0x82,0x18,0x82,0x18,0x82,0x18,0x82,0x18,0x82,0x18,0x82,0x18,
    0x82,0x18,0x82,0x18,0x82,0x18,0x82,0x18,0x82,0x18,0x82,0x18,0x82,0x18,0x82,0x18,
    0x82,0x18,0x82,0x18,0x82,0x18,0x82,0x18,0x82,0x18,0x82,0x18,0x82,0x18,0x82,0x18,
    0x82,0x18,0x82,0x18,0x82,0x18,0x82,0x18,0x82,0x18,0x82,0x18,0x82,0x18,0x82,0x18,
    0x82,0x18,0x82,0x18,0x82,0x18,0x82,0x18,0x82,0x18,0x82,0x18,0x82,0x18,0x82,0x18,
    0x82,0x18,0x82,0x18,0x82,0x18,0x82,0x18,0x82,0x18,0x82,0x18,0x82,0x18,0x82,0x18,
    0x82,0x18,0x82,0x18,0x82,0x18,0x82,0x18,0x82,0x18,0x82,0x18,0x82,0x18,0x82,0x18,
    0x82,0x18,0x82,0x18,0x82,0x18,0x82,0x18,0x82,0x18,0x82,0x18,0x82,0x18,0x82,0x18,
    0x82,0x18,0x82,0x18,0x82,0x18,0x82,0x18,0x82,0x18,0x82,0x18,0x82,0x18,0x82,0x18,
    0x82,0x18,0x21,0x08,0x18,0xC6,0xFF,0xFF,0xFF,0xFF,0x9E,0xF7,0x04,0x21,0x62,0x10,
    0x82,0x18,0x82,0x18,0x82,0x18,0x82,0x18,0x82,0x18,0x82,0x18,0x82,0x18,0x82,0x18,
    0x82,0x18,0x82,0x18,0x82,0x18,0x82,0x18,0x82,0x18,0x82,0x18,0x82,0x18,0x82,0x18,
    0x82,0x18,0x82,0x18,0x82,0x18,0x82,0x18,0x82,0x18,0x82,0x18,0x82,0x18,0x82,0x18,
    0x82,0x18,0x82,0x18,0x82,0x18,0x82,0x18,0x82,0x18,0x82,0x18,0x82,0x18,0x82,0x18,
    0x82,0x18,0x82,0x18,0x82,0x18,0x82,0x18,0x82,0x18,0x82,0x18,0x82,0x18,0x82,0x18,
    0x82,0x18,0x82,0x18,0x82,0x18,0x82,0x18,0x82,0x18,0x82,0x18,0x82,0x18,0x82,0x18,
    0x82,0x18,0x82,0x18,0x82,0x18,0x82,0x18,0x82,0x18,0x82,0x18,0x82,0x18,0x82,0x18,
    0x82,0x18,0x82,0x18,0x82,0x18,0x82,0x18,0x82,0x18,0x82,0x18,0x82,0x18,0x82,0x18,
    0x82,0x18,0x82,0x18,0x82,0x18,0x82,0x18,0x82,0x18,0x82,0x18,0x82,0x18,0x82,0x18,
    0x82,0x18,0x82,0x18,0x82,0x18,0x82,0x18,0x82,0x18,0x82,0x18,0x82,0x18,0x82,0x18,
    0x82,0x18,0x82,0x18,0x82,0x18,0x82,0x18,0x82,0x18,0x82,0x18,0x82,0x18,0x82,0x18,
    0x82,0x18,0x82,0x18,0x82,0x18,0x82,0x18,0x82,0x18,0x82,0x18,0x82,0x18,0x82,0x18,
    0x82,0x18,0x82,0x18,0x82,0x18,0x82,0x18,0x82,0x18,0x82,0x18,0x82,0x18,0x82,0x18,
    0x82,0x18,0x82,0x18,0x82,0x18,0x82,0x18,0x82,0x18,0x82,0x18,0x82,0x18,0x82,0x18,
    0x82,0x18,0x21,0x08,0x18,0xC6,0xFF,0xFF,0xFF,0xFF,0x9E,0xF7,0xE4,0x20,0x62,0x10,
    0x82,0x18,0x82,0x18,0x82,0x18,0x82,0x18,0x82,0x18,0x82,0x18,0x82,0x18,0x82,0x18,
    0x82,0x18,0x82,0x18,0x82,0x18,0x82,0x18,0x82,0x18,0x82,0x18,0x82,0x18,0x82,0x18,
    0x82,0x18,0x82,0x18,0x82,0x18,0x82,0x18,0x82,0x18,0x82,0x18,0x82,0x18,0x82,0x18,
    0x82,0x18,0x82,0x18,0x82,0x18,0x82,0x18,0x82,0x18,0x82,0x18,0x82,0x18,0x82,0x18,
    0x82,0x18,0x82,0x18,0x82,0x18,0x82,0x18,0x82,0x18,0x82,0x18,0x82,0x18,0x82,0x18,
    0x82,0x18,0x82,0x18,0x82,0x18,0x82,0x18,0x82,0x18,0x82,0x18,0x82,0x18,0x82,0x18,
    0x82,0x18,0x82,0x18,0x82,0x18,0x82,0x18,0x82,0x18,0x82,0x18,0x82,0x18,0x82,0x18,
    0x82,0x18,0x82,0x18,0x82,0x18,0x82,0x18,0x82,0x18,0x82,0x18,0x82,0x18,0x82,0x18,
    0x82,0x18,0x82,0x18,0x82,0x18,0x82,0x18,0x82,0x18,0x82,0x18,0x82,0x18,0x82,0x18,
    0x82,0x18,0x82,0x18,0x82,0x18,0x82,0x18,0x82,0x18,0x82,0x18,0x82,0x18,0x82,0x18,
    0x82,0x18,0x82,0x18,0x82,0x18,0x82,0x18,0x82,0x18,0x82,0x18,0x82,0x18,0x82,0x18,
    0x82,0x18,0x82,0x18,0x82,0x18,0x82,0x18,0x82,0x18,0x82,0x18,0x82,0x18,0x82,0x18,
    0x82,0x18,0x82,0x18,0x82,0x18,0x82,0x18,0x82,0x18,0x82,0x18,0x82,0x18,0x82,0x18,
    0x82,0x18,0x82,0x18,0x82,0x18,0x82,0x18,0x82,0x18,0x82,0x18,0x82,0x18,0x82,0x18,
    0x82,0x18,0x21,0x08,0x18,0xC6,0xFF,0xFF,0xFF,0xFF,0x9E,0xF7,0xE4,0x20,0x62,0x10,
    0x82,0x18,0x82,0x18,0x82,0x18,0x82,0x18,0x82,0x18,0x82,0x18,0x82,0x18,0x82,0x18,
    0x82,0x18,0x82,0x18,0x82,0x18,0x82,0x18,0x82,0x18,0x82,0x18,0x82,0x18,0x82,0x18,
    0x82,0x18,0x82,0x18,0x82,0x18,0x82,0x18,0x82,0x18,0x82,0x18,0x82,0x18,0x82,0x18,
    0x82,0x18,0x82,0x18,0x82,0x18,0x82,0x18,0x82,0x18,0x82,0x18,0x82,0x18,0x82,0x18,
    0x82,0x18,0x82,0x18,0x82,0x18,0x82,0x18,0x82,0x18,0x82,0x18,0x82,0x18,0x82,0x18,
    0x82,0x18,0x82,0x18,0x82,0x18,0x82,0x18,0x82,0x18,0x82,0x18,0x82,0x18,0x82,0x18,
    0x82,0x18,0x82,0x18,0x82,0x18,0x82,0x18,0x82,0x18,0x82,0x18,0x82,0x18,0x82,0x18,
    0x82,0x18,0x82,0x18,0x82,0x18,0x82,0x18,0x82,0x18,0x82,0x18,0x82,0x18,0x82,0x18,
    0x82,0x18,0x82,0x18,0x82,0x18,0x82,0x18,0x82,0x18,0x82,0x18,0x82,0x18,0x82,0x18,
    0x82,0x18,0x82,0x18,0x82,0x18,0x82,0x18,0x82,0x18,0x82,0x18,0x82,0x18,0x82,0x18,
    0x82,0x18,0x82,0x18,0x82,0x18,0x82,0x18,0x82,0x18,0x82,0x18,0x82,0x18,0x82,0x18,
    0x82,0x18,0x82,0x18,0x82,0x18,0x82,0x18,0x82,0x18,0x82,0x18,0x82,0x18,0x82,0x18,
    0x82,0x18,0x82,0x18,0x82,0x18,0x82,0x18,0x82,0x18,0x82,0x18,0x82,0x18,0x82,0x18,
    0x82,0x18,0x82,0x18,0x82,0x18,0x82,0x18,0x82,0x18,0x82,0x18,0x82,0x18,0x82,0x18,
    0x82,0x18,0x21,0x08,0x18,0xC6,0xFF,0xFF,0xFF,0xFF,0x9E,0xF7,0xE4,0x20,0x62,0x10,
    0x82,0x18,0x82,0x18,0x82,0x18,0x82,0x18,0x82,0x18,0x82,0x18,0x82,0x18,0x82,0x18,
    0x82,0x18,0x82,0x18,0x82,0x18,0x82,0x18,0x82,0x18,0x82,0x18,0x82,0x18,0x82,0x18,
    0x82,0x18,0x82,0x18,0x82,0x18,0x82,0x18,0x82,0x18,0x82,0x18,0x82,0x18,0x82,0x18,
    0x82,0x18,0x82,0x18,0x82,0x18,0x82,0x18,0x82,0x18,0x82,0x18,0x82,0x18,0x82,0x18,
    0x82,0x18,0x82,0x18,0x82,0x18,0x82,0x18,0x82,0x18,0x82,0x18,0x82,0x18,0x82,0x18,
    0x82,0x18,0x82,0x18,0x82,0x18,0x82,0x18,0x82,0x18,0x82,0x18,0x82,0x18,0x82,0x18,
    0x82,0x18,0x82,0x18,0x82,0x18,0x82,0x18,0x82,0x18,0x82,0x18,0x82,0x18,0x82,0x18,
    0x82,0x18,0x82,0x18,0x82,0x18,0x82,0x18,0x82,0x18,0x82,0x18,0x82,0x18,0x82,0x18,
    0x82,0x18,0x82,0x18,0x82,0x18,0x82,0x18,0x82,0x18,0x82,0x18,0x82,0x18,0x82,0x18,
    0x82,0x18,0x82,0x18,0x82,0x18,0x82,0x18,0x82,0x18,0x82,0x18,0x82,0x18,0x82,0x18,
    0x82,0x18,0x82,0x18,0x82,0x18,0x82,0x18,0x82,0x18,0x82,0x18,0x82,0x18,0x82,0x18,
    0x82,0x18,0x82,0x18,0x82,0x18,0x82,0x18,0x82,0x18,0x82,0x18,0x82,0x18,0x82,0x18,
    0x82,0x18,0x82,0x18,0x82,0x18,0x82,0x18,0x82,0x18,0x82,0x18,0x82,0x18,0x82,0x18,
    0x82,0x18,0x82,0x18,0x82,0x18,0x82,0x18,0x82,0x18,0x82,0x18,0x82,0x18,0x82,0x18,
    0x82,0x18,0x21,0x08,0x18,0xC6,0xFF,0xFF,0xFF,0xFF,0x7D,0xEF,0xE4,0x20,0x62,0x10,
    0x82,0x18,0x82,0x18,0x82,0x18,0x82,0x18,0x82,0x18,0x82,0x18,0x82,0x18,0x82,0x18,
    0x82,0x18,0x82,0x18,0x82,0x18,0x82,0x18,0x82,0x18,0x82,0x18,0x82,0x18,0x82,0x18,
    0x82,0x18,0x82,0x18,0x82,0x18,0x82,0x18,0x82,0x18,0x82,0x18,0x82,0x18,0x82,0x18,
    0x82,0x18,0x82,0x18,0x82,0x18,0x82,0x18,0x82,0x18,0x82,0x18,0x82,0x18,0x82,0x18,
    0x82,0x18,0x82,0x18,0x82,0x18,0x82,0x18,0x82,0x18,0x82,0x18,0x82,0x18,0x82,0x18,
    0x82,0x18,0x82,0x18,0x82,0x18,0x82,0x18,0x82,0x18,0x82,0x18,0x82,0x18,0x82,0x18,
    0x82,0x18,0x82,0x18,0x82,0x18,0x82,0x18,0x82,0x18,0x82,0x18,0x82,0x18,0x82,0x18,
    0x82,0x18,0x82,0x18,0x82,0x18,0x82,0x18,0x82,0x18,0x82,0x18,0x82,0x18,0x82,0x18,
    0x82,0x18,0x82,0x18,0x82,0x18,0x82,0x18,0x82,0x18,0x82,0x18,0x82,0x18,0x82,0x18,
    0x82,0x18,0x82,0x18,0x82,0x18,0x82,0x18,0x82,0x18,0x82,0x18,0x82,0x18,0x82,0x18,
    0x82,0x18,0x82,0x18,0x82,0x18,0x82,0x18,0x82,0x18,0x82,0x18,0x82,0x18,0x82,0x18,
    0x82,0x18,0x82,0x18,0x82,0x18,0x82,0x18,0x82,0x18,0x82,0x18,0x82,0x18,0x82,0x18,
    0x82,0x18,0x82,0x18,0x82,0x18,0x82,0x18,0x82,0x18,0x82,0x18,0x82,0x18,0x82,0x18,
    0x82,0x18,0x82,0x18,0x82,0x18,0x82,0x18,0x82,0x18,0x82,0x18,0x82,0x18,0x82,0x18,
    0x82,0x18,0x21,0x08,0x38,0xCE,0xFF,0xFF,0xFF,0xFF,0x9E,0xF7,0x04,0x29,0x41,0x10,
    0x82,0x18,0x82,0x18,0x82,0x18,0x82,0x18,0x82,0x18,0x82,0x18,0x82,0x18,0x82,0x18,
    0x82,0x18,0x82,0x18,0x82,0x18,0x82,0x18,0x82,0x18,0x82,0x18,0x82,0x18,0x82,0x18,
    0x82,0x18,0x82,0x18,0x82,0x18,0x82,0x18,0x82,0x18,0x82,0x18,0x82,0x18,0x82,0x18,
    0x82,0x18,0x82,0x18,0x82,0x18,0x82,0x18,0x82,0x18,0x82,0x18,0x82,0x18,0x82,0x18,
    0x82,0x18,0x82,0x18,0x82,0x18,0x82,0x18,0x82,0x18,0x82,0x18,0x82,0x18,0x82,0x18,
    0x82,0x18,0x82,0x18,0x82,0x18,0x82,0x18,0x82,0x18,0x82,0x18,0x82,0x18,0x82,0x18,
    0x82,0x18,0x82,0x18,0x82,0x18,0x82,0x18,0x82,0x18,0x82,0x18,0x82,0x18,0x82,0x18,
    0x82,0x18,0x82,0x18,0x82,0x18,0x82,0x18,0x82,0x18,0x82,0x18,0x82,0x18,0x82,0x18,
    0x82,0x18,0x82,0x18,0x82,0x18,0x82,0x18,0x82,0x18,0x82,0x18,0x82,0x18,0x82,0x18,
    0x82,0x18,0x82,0x18,0x82,0x18,0x82,0x18,0x82,0x18,0x82,0x18,0x82,0x18,0x82,0x18,
    0x82,0x18,0x82,0x18,0x82,0x18,0x82,0x18,0x82,0x18,0x82,0x18,0x82,0x18,0x82,0x18,
    0x82,0x18,0x82,0x18,0x82,0x18,0x82,0x18,0x82,0x18,0x82,0x18,0x82,0x18,0x82,0x18,
    0x82,0x18,0x82,0x18,0x82,0x18,0x82,0x18,0x82,0x18,0x82,0x18,0x82,0x18,0x82,0x18,
    0x82,0x18,0x82,0x18,0x82,0x18,0x82,0x18,0x82,0x18,0x82,0x18,0x82,0x18,0x82,0x18,
    0x82,0x18,0x00,0x08,0x34,0xAD,0xFF,0xFF,0xFF,0xFF,0xFB,0xDE,0x82,0x18,0x62,0x10,
    0x82,0x18,0x82,0x18,0x82,0x18,0x82,0x18,0x82,0x18,0x82,0x18,0x82,0x18,0x82,0x18,
    0x82,0x18,0x82,0x18,0x82,0x18,0x82,0x18,0x82,0x18,0x82,0x18,0x82,0x18,0x82,0x18,
    0x82,0x18,0x82,0x18,0x82,0x18,0x82,0x18,0x82,0x18,0x82,0x18,0x82,0x18,0x82,0x18,
    0x82,0x18,0x82,0x18,0x82,0x18,0x82,0x18,0x82,0x18,0x82,0x18,0x82,0x18,0x82,0x18,
    0x82,0x18,0x82,0x18,0x82,0x18,0x82,0x18,0x82,0x18,0x82,0x18,0x82,0x18,0x82,0x18,
    0x82,0x18,0x82,0x18,0x82,0x18,0x82,0x18,0x82,0x18,0x82,0x18,0x82,0x18,0x82,0x18,
    0x82,0x18,0x82,0x18,0x82,0x18,0x82,0x18,0x82,0x18,0x82,0x18,0x82,0x18,0x82,0x18,
    0x82,0x18,0x82,0x18,0x82,0x18,0x82,0x18,0x82,0x18,0x82,0x18,0x82,0x18,0x82,0x18,
    0x82,0x18,0x82,0x18,0x82,0x18,0x82,0x18,0x82,0x18,0x82,0x18,0x82,0x18,0x82,0x18,
    0x82,0x18,0x82,0x18,0x82,0x18,0x82,0x18,0x82,0x18,0x82,0x18,0x82,0x18,0x82,0x18,
    0x82,0x18,0x82,0x18,0x82,0x18,0x82,0x18,0x82,0x18,0x82,0x18,0x82,0x18,0x82,0x18,
    0x82,0x18,0x82,0x18,0x82,0x18,0x82,0x18,0x82,0x18,0x82,0x18,0x82,0x18,0x82,0x18,
    0x82,0x18,0x82,0x18,0x82,0x18,0x82,0x18,0x82,0x18,0x82,0x18,0x82,0x18,0x82,0x18,
    0x82,0x18,0x82,0x18,0x82,0x18,0x82,0x18,0x82,0x18,0x82,0x18,0x82,0x18,0x82,0x18,
    0x82,0x18,0x62,0x10,0xE4,0x20,0x14,0xA5,0xB7,0xBD,0xC7,0x41,0x41,0x10,0x82,0x18,
    0x82,0x18,0x82,0x18,0x82,0x18,0x82,0x18,0x82,0x18,0x82,0x18,0x82,0x18,0x82,0x18,
    0x82,0x18,0x82,0x18,0x82,0x18,0x82,0x18,0x82,0x18,0x82,0x18,0x82,0x18,0x82,0x18,
    0x82,0x18,0x82,0x18,0x82,0x18,0x82,0x18,0x82,0x18,0x82,0x18,0x82,0x18,0x82,0x18,
    0x82,0x18,0x82,0x18,0x82,0x18,0x82,0x18,0x82,0x18,0x82,0x18,0x82,0x18,0x82,0x18,
    0x82,0x18,0x82,0x18,0x82,0x18,0x82,0x18,0x82,0x18,0x82,0x18,0x82,0x18,0x82,0x18,
    0x82,0x18,0x82,0x18,0x82,0x18,0x82,0x18,0x82,0x18,0x82,0x18,0x82,0x18,0x82,0x18,
    0x82,0x18,0x82,0x18,0x82,0x18,0x82,0x18,0x82,0x18,0x82,0x18,0x82,0x18,0x82,0x18,
    0x82,0x18,0x82,0x18,0x82,0x18,0x82,0x18,0x82,0x18,0x82,0x18,0x82,0x18,0x82,0x18,
    0x82,0x18,0x82,0x18,0x82,0x18,0x82,0x18,0x82,0x18,0x82,0x18,0x82,0x18,0x82,0x18,
    0x82,0x18,0x82,0x18,0x82,0x18,0x82,0x18,0x82,0x18,0x82,0x18,0x82,0x18,0x82,0x18,
    0x82,0x18,0x82,0x18,0x82,0x18,0x82,0x18,0x82,0x18,0x82,0x18,0x82,0x18,0x82,0x18,
    0x82,0x18,0x82,0x18,0x82,0x18,0x82,0x18,0x82,0x18,0x82,0x18,0x82,0x18,0x82,0x18,
    0x82,0x18,0x82,0x18,0x82,0x18,0x82,0x18,0x82,0x18,0x82,0x18,0x82,0x18,0x82,0x18,
    0x82,0x18,0x82,0x18,0x82,0x18,0x82,0x18,0x82,0x18,0x82,0x18,0x82,0x18,0x82,0x18,
    0x82,0x18,0x82,0x18,0x62,0x10,0x00,0x08,0x21,0x08,0x41,0x10,0x82,0x18,0x82,0x18,
    0x82,0x18,0x82,0x18,0x82,0x18,0x82,0x18,0x82,0x18,0x82,0x18,0x82,0x18,0x82,0x18,
    0x82,0x18,0x82,0x18,0x82,0x18,0x82,0x18,0x82,0x18,0x82,0x18,0x82,0x18,0x82,0x18,
    0x82,0x18,0x82,0x18,0x82,0x18,0x82,0x18,0x82,0x18,0x82,0x18,0x82,0x18,0x82,0x18,
    0x82,0x18,0x82,0x18,0x82,0x18,0x82,0x18,0x82,0x18,0x82,0x18,0x82,0x18,0x82,0x18,
    0x82,0x18,0x82,0x18,0x82,0x18,0x82,0x18,0x82,0x18,0x82,0x18,0x82,0x18,0x82,0x18,
    0x82,0x18,0x82,0x18,0x82,0x18,0x82,0x18,0x82,0x18,0x82,0x18,0x82,0x18,0x82,0x18,
    0x82,0x18,0x82,0x18,0x82,0x18,0x82,0x18,0x82,0x18,0x82,0x18,0x82,0x18,0x82,0x18,
    0x82,0x18,0x82,0x18,0x82,0x18,0x82,0x18,0x82,0x18,0x82,0x18,0x82,0x18,0x82,0x18,
    0x82,0x18,0x82,0x18,0x82,0x18,0x82,0x18,0x82,0x18,0x82,0x18,0x82,0x18,0x82,0x18,
    0x82,0x18,0x82,0x18,0x82,0x18,0x82,0x18,0x82,0x18,0x82,0x18,0x82,0x18,0x82,0x18,
    0x82,0x18,0x82,0x18,0x82,0x18,0x82,0x18,0x82,0x18,0x82,0x18,0x82,0x18,0x82,0x18,
    0x82,0x18,0x82,0x18,0x82,0x18,0x82,0x18,0x82,0x18,0x82,0x18,0x82,0x18,0x82,0x18,
    0x82,0x18,0x82,0x18,0x82,0x18,0x82,0x18,0x82,0x18,0x82,0x18,0x82,0x18,0x82,0x18,
    0x82,0x18,0x82,0x18,0x82,0x18,0x82,0x18,0x82,0x18,0x82,0x18,0x82,0x18,0x82,0x18,
    0x82,0x18,0x82,0x18,0x82,0x18,0x82,0x18,0x82,0x18,0x82,0x18,0x82,0x18,0x82,0x18,
    0x82,0x18,0x82,0x18,0x82,0x18,0x82,0x18,0x82,0x18,0x82,0x18,0x82,0x18,0x82,0x18,
    0x82,0x18,0x82,0x18,0x82,0x18,0x82,0x18,0x82,0x18,0x82,0x18,0x82,0x18,0x82,0x18,
    0x82,0x18,0x82,0x18,0x82,0x18,0x82,0x18,0x82,0x18,0x82,0x18,0x82,0x18,0x82,0x18,
    0x82,0x18,0x82,0x18,0x82,0x18,0x82,0x18,0x82,0x18,0x82,0x18,0x82,0x18,0x82,0x18,
    0x82,0x18,0x82,0x18,0x82,0x18,0x82,0x18,0x82,0x18,0x82,0x18,0x82,0x18,0x82,0x18,
    0x82,0x18,0x82,0x18,0x82,0x18,0x82,0x18,0x82,0x18,0x82,0x18,0x82,0x18,0x82,0x18,
    0x82,0x18,0x82,0x18,0x82,0x18,0x82,0x18,0x82,0x18,0x82,0x18,0x82,0x18,0x82,0x18,
    0x82,0x18,0x82,0x18,0x82,0x18,0x82,0x18,0x82,0x18,0x82,0x18,0x82,0x18,0x82,0x18,
    0x82,0x18,0x82,0x18,0x82,0x18,0x82,0x18,0x82,0x18,0x82,0x18,0x82,0x18,0x82,0x18,
    0x82,0x18,0x82,0x18,0x82,0x18,0x82,0x18,0x82,0x18,0x82,0x18,0x82,0x18,0x82,0x18,
    0x82,0x18,0x82,0x18,0x82,0x18,0x82,0x18,0x82,0x18,0x82,0x18,0x82,0x18,0x82,0x18,
    0x82,0x18,0x82,0x18,0x82,0x18,0x82,0x18,0x82,0x18,0x82,0x18,0x82,0x18,0x82,0x18,
    0x82,0x18,0x82,0x18,0x82,0x18,0x82,0x18,0x82,0x18,0x82,0x18,0x82,0x18,0x82,0x18,
    0x82,0x18,0x82,0x18,0x82,0x18,0x82,0x18,0x82,0x18,0x82,0x18,0x82,0x18,0x82,0x18,
    0x82,0x18,0x82,0x18,0x82,0x18,0x82,0x18,0x82,0x18,0x82,0x18,0x82,0x18,0x82,0x18,
    0x82,0x18,0x82,0x18,0x82,0x18,0x82,0x18,0x82,0x18,0x82,0x18,0x82,0x18,0x82,0x18,
    0x82,0x18,0x82,0x18,0x82,0x18,0x82,0x18,0x82,0x18,0x82,0x18,0x82,0x18,0x82,0x18,
    0x82,0x18,0x82,0x18,0x82,0x18,0x82,0x18,0x82,0x18,0x82,0x18,0x82,0x18,0x82,0x18,
    0x82,0x18,0x82,0x18,0x82,0x18,0x82,0x18,0x82,0x18,0x82,0x18,0x82,0x18,0x82,0x18,
    0x82,0x18,0x82,0x18,0x82,0x18,0x82,0x18,0x82,0x18,0x82,0x18,0x82,0x18,0x82,0x18,
    0x82,0x18,0x82,0x18,0x82,0x18,0x82,0x18,0x82,0x18,0x82,0x18,0x82,0x18,0x82,0x18,
    0x82,0x18,0x82,0x18,0x82,0x18,0x82,0x18,0x82,0x18,0x82,0x18,0x82,0x18,0x82,0x18,
    0x82,0x18,0x82,0x18,0x82,0x18,0x82,0x18,0x82,0x18,0x82,0x18,0x82,0x18,0x82,0x18,
    0x82,0x18,0x82,0x18,0x82,0x18,0x82,0x18,0x82,0x18,0x82,0x18,0x82,0x18,0x82,0x18,
    0x82,0x18,0x82,0x18,0x82,0x18,0x82,0x18,0x82,0x18,0x82,0x18,0x82,0x18,0x82,0x18,
    0x82,0x18,0x82,0x18,0x82,0x18,0x82,0x18,0x82,0x18,0x82,0x18,0x82,0x18,0x82,0x18,
    0x82,0x18,0x82,0x18,0x82,0x18,0x82,0x18,0x82,0x18,0x82,0x18,0x82,0x18,0x82,0x18,
    0x82,0x18,0x82,0x18,0x82,0x18,0x82,0x18,0x82,0x18,0x82,0x18,0x82,0x18,0x82,0x18,
    0x82,0x18,0x82,0x18,0x82,0x18,0x82,0x18,0x82,0x18,0x82,0x18,0x82,0x18,0x82,0x18,
    0x82,0x18,0x82,0x18,0x82,0x18,0x82,0x18,0x82,0x18,0x82,0x18,0x82,0x18,0x82,0x18,
    0x82,0x18,0x82,0x18,0x82,0x18,0x82,0x18,0x82,0x18,0x82,0x18,0x82,0x18,0x82,0x18,
    0x82,0x18,0x82,0x18,0x82,0x18,0x82,0x18,0x82,0x18,0x82,0x18,0x82,0x18,0x82,0x18,
    0x82,0x18,0x82,0x18,0x82,0x18,0x82,0x18,0x82,0x18,0x82,0x18,0x82,0x18,0x82,0x18,
    0x82,0x18,0x82,0x18,0x82,0x18,0x82,0x18,0x82,0x18,0x82,0x18,0x82,0x18,0x82,0x18,
    0x82,0x18,0x82,0x18,0x82,0x18,0x82,0x18,0x82,0x18,0x82,0x18,0x82,0x18,0x82,0x18,
    0x82,0x18,0x82,0x18,0x82,0x18,0x82,0x18,0x82,0x18,0x82,0x18,0x82,0x18,0x82,0x18,
    0x82,0x18,0x82,0x18,0x82,0x18,0x82,0x18,0x82,0x18,0x82,0x18,0x82,0x18,0x82,0x18,
    0x82,0x18,0x82,0x18,0x82,0x18,0x82,0x18,0x82,0x18,0x82,0x18,0x82,0x18,0x82,0x18,
    0x82,0x18,0x82,0x18,0x82,0x18,0x82,0x18,0x82,0x18,0x82,0x18,0x82,0x18,0x82,0x18,
    0x82,0x18,0x82,0x18,0x82,0x18,0x82,0x18,0x82,0x18,0x82,0x18,0x82,0x18,0x82,0x18,
    0x82,0x18,0x82,0x18,0x82,0x18,0x82,0x18,0x82,0x18,0x82,0x18,0x82,0x18,0x82,0x18,
    0x82,0x18,0x82,0x18,0x82,0x18,0x82,0x18,0x82,0x18,0x82,0x18,0x82,0x18,0x82,0x18,
    0x82,0x18,0x82,0x18,0x82,0x18,0x82,0x18,0x82,0x18,0x82,0x18,0x82,0x18,0x82,0x18,
    0x82,0x18,0x82,0x18,0x82,0x18,0x82,0x18,0x82,0x18,0x82,0x18,0x82,0x18,0x82,0x18,
    0x82,0x18,0x82,0x18,0x82,0x18,0x82,0x18,0x82,0x18,0x82,0x18,0x82,0x18,0x82,0x18,
    0x82,0x18,0x82,0x18,0x82,0x18,0x82,0x18,0x82,0x18,0x82,0x18,0x82,0x18,0x82,0x18,
    0x82,0x18,0x82,0x18,0x82,0x18,0x82,0x18,0x82,0x18,0x82,0x18,0x82,0x18,0x82,0x18,
    0x82,0x18,0x82,0x18,0x82,0x18,0x82,0x18,0x82,0x18,0x82,0x18,0x82,0x18,0x82,0x18,
    0x82,0x18,0x82,0x18,0x82,0x18,0x82,0x18,0x82,0x18,0x82,0x18,0x82,0x18,0x82,0x18,
    0x82,0x18,0x82,0x18,0x82,0x18,0x82,0x18,0x82,0x18,0x82,0x18,0x82,0x18,0x82,0x18,
    0x82,0x18,0x82,0x18,0x82,0x18,0x82,0x18,0x82,0x18,0x82,0x18,0x82,0x18,0x82,0x18,
    0x82,0x18,0x82,0x18,0x82,0x18,0x82,0x18,0x82,0x18,0x82,0x18,0x82,0x18,0x82,0x18,
    0x82,0x18,0x82,0x18,0x82,0x18,0x82,0x18,0x82,0x18,0x82,0x18,0x82,0x18,0x82,0x18,
    0x82,0x18,0x82,0x18,0x82,0x18,0x82,0x18,0x82,0x18,0x82,0x18,0x82,0x18,0x82,0x18,
    0x82,0x18,0x82,0x18,0x82,0x18,0x82,0x18,0x82,0x18,0x82,0x18,0x82,0x18,0x82,0x18,
    0x82,0x18,0x82,0x18,0x82,0x18,0x82,0x18,0x82,0x18,0x82,0x18,0x82,0x18,0x82,0x18,
    0x82,0x18,0x82,0x18,0x82,0x18,0x82,0x18,0x82,0x18,0x82,0x18,0x82,0x18,0x82,0x18,
    0x82,0x18,0x82,0x18,0x82,0x18,0x82,0x18,0x82,0x18,0x82,0x18,0x82,0x18,0x82,0x18,
    0x82,0x18,0x82,0x18,0x82,0x18,0x82,0x18,0x82,0x18,0x82,0x18,0x82,0x18,0x82,0x18,
    0x82,0x18,0x82,0x18,0x82,0x18,0x82,0x18,0x82,0x18,0x82,0x18,0x82,0x18,0x82,0x18,
    0x82,0x18,0x82,0x18,0x82,0x18,0x82,0x18,0x82,0x18,0x82,0x18,0x82,0x18,0x82,0x18,
    0x82,0x18,0x82,0x18,0x82,0x18,0x82,0x18,0x82,0x18,0x82,0x18,0x82,0x18,0x82,0x18,
    0x82,0x18,0x82,0x18,0x82,0x18,0x82,0x18,0x82,0x18,0x82,0x18,0x82,0x18,0x82,0x18,
    0x82,0x18,0x82,0x18,0x82,0x18,0x82,0x18,0x82,0x18,0x82,0x18,0x82,0x18,0x82,0x18,
    0x82,0x18,0x82,0x18,0x82,0x18,0x82,0x18,0x82,0x18,0x82,0x18,0x82,0x18,0x82,0x18,
    0x82,0x18,0x82,0x18,0x82,0x18,0x82,0x18,0x82,0x18,0x82,0x18,0x82,0x18,0x82,0x18,
    0x82,0x18,0x82,0x18,0x82,0x18,0x82,0x18,0x82,0x18,0x82,0x18,0x82,0x18,0x82,0x18,
    0x82,0x18,0x82,0x18,0x82,0x18,0x82,0x18,0x82,0x18,0x82,0x18,0x82,0x18,0x82,0x18,
    0x82,0x18,0x82,0x18,0x82,0x18,0x82,0x18,0x82,0x18,0x82,0x18,0x82,0x18,0x82,0x18,
    0x82,0x18,0x82,0x18,0x82,0x18,0x82,0x18,0x82,0x18,0x82,0x18,0x82,0x18,0x82,0x18,
    0x82,0x18,0x82,0x18,0x82,0x18,0x82,0x18,0x82,0x18,0x82,0x18,0x82,0x18,0x82,0x18,
    0x82,0x18,0x82,0x18,0x82,0x18,0x82,0x18,0x82,0x18,0x82,0x18,0x82,0x18,0x82,0x18,
    0x82,0x18,0x82,0x18,0x82,0x18,0x82,0x18,0x82,0x18,0x82,0x18,0x82,0x18,0x82,0x18,
    0x82,0x18,0x82,0x18,0x82,0x18,0x82,0x18,0x82,0x18,0x82,0x18,0x82,0x18,0x82,0x18,
    0x82,0x18,0x82,0x18,0x82,0x18,0x82,0x18,0x82,0x18,0x82,0x18,0x82,0x18,0x82,0x18,
    0x82,0x18,0x82,0x18,0x82,0x18,0x82,0x18,0x82,0x18,0x82,0x18,0x82,0x18,0x82,0x18,
    0x82,0x18,0x82,0x18,0x82,0x18,0x82,0x18,0x82,0x18,0x82,0x18,0x82,0x18,0x82,0x18,
    0x82,0x18,0x82,0x18,0x82,0x18,0x82,0x18,0x82,0x18,0x82,0x18,0x82,0x18,0x82,0x18,
    0x82,0x18,0x82,0x18,0x82,0x18,0x82,0x18,0x82,0x18,0x82,0x18,0x82,0x18,0x82,0x18,
    0x82,0x18,0x82,0x18,0x82,0x18,0x82,0x18,0x82,0x18,0x82,0x18,0x82,0x18,0x82,0x18,
    0x82,0x18,0x82,0x18,0x82,0x18,0x82,0x18,0x82,0x18,0x82,0x18,0x82,0x18,0x82,0x18,
    0x82,0x18,0x82,0x18,0x82,0x18,0x82,0x18,0x82,0x18,0x82,0x18,0x82,0x18,0x82,0x18,
    0x82,0x18,0x82,0x18,0x82,0x18,0x82,0x18,0x82,0x18,0x82,0x18,0x82,0x18,0x82,0x18,
    0x82,0x18,0x82,0x18,0x82,0x18,0x82,0x18,0x82,0x18,0x82,0x18,0x82,0x18,0x82,0x18,
    0x82,0x18,0x82,0x18,0x82,0x18,0x82,0x18,0x82,0x18,0x82,0x18,0x82,0x18,0x82,0x18,
    0x82,0x18,0x82,0x18,0x82,0x18,0x82,0x18,0x82,0x18,0x82,0x18,0x82,0x18,0x82,0x18,
    0x82,0x18,0x82,0x18,0x82,0x18,0x82,0x18,0x82,0x18,0x82,0x18,0x82,0x18,0x82,0x18,
    0x82,0x18,0x82,0x18,0x82,0x18,0x82,0x18,0x82,0x18,0x82,0x18,0x82,0x18,0x82,0x18,
    0x82,0x18,0x82,0x18,0x82,0x18,0x82,0x18,0x82,0x18,0x82,0x18,0x82,0x18,0x82,0x18,
    0x82,0x18,0x82,0x18,0x82,0x18,0x82,0x18,0x82,0x18,0x82,0x18,0x82,0x18,0x82,0x18,
    0x82,0x18,0x82,0x18,0x82,0x18,0x82,0x18,0x82,0x18,0x82,0x18,0x82,0x18,0x82,0x18,
    0x82,0x18,0x82,0x18,0x82,0x18,0x82,0x18,0x82,0x18,0x82,0x18,0x82,0x18,0x82,0x18,
    0x82,0x18,0x82,0x18,0x82,0x18,0x82,0x18,0x82,0x18,0x82,0x18,0x82,0x18,0x82,0x18,
    0x82,0x18,0x82,0x18,0x82,0x18,0x82,0x18,0x82,0x18,0x82,0x18,0x82,0x18,0x82,0x18,
    0x82,0x18,0x82,0x18,0x82,0x18,0x82,0x18,0x82,0x18,0x82,0x18,0x82,0x18,0x82,0x18,
    0x82,0x18,0x82,0x18,0x82,0x18,0x82,0x18,0x82,0x18,0x82,0x18,0x82,0x18,0x82,0x18,
    0x82,0x18,0x82,0x18,0x82,0x18,0x82,0x18,0x82,0x18,0x82,0x18,0x82,0x18,0x82,0x18,
    0x82,0x18,0x82,0x18,0x82,0x18,0x82,0x18,0x82,0x18,0x82,0x18,0x82,0x18,0x82,0x18,
    0x82,0x18,0x82,0x18,0x82,0x18,0x82,0x18,0x82,0x18,0x82,0x18,0x82,0x18,0x82,0x18,
    0x82,0x18,0x82,0x18,0x82,0x18,0x82,0x18,0x82,0x18,0x82,0x18,0x82,0x18,0x82,0x18,
    0x82,0x18,0x82,0x18,0x82,0x18,0x82,0x18,0x82,0x18,0x82,0x18,0x82,0x18,0x82,0x18,
    0x82,0x18,0x82,0x18,0x82,0x18,0x82,0x18,0x82,0x18,0x82,0x18,0x82,0x18,0x82,0x18,
    0x82,0x18,0x82,0x18,0x82,0x18,0x82,0x18,0x82,0x18,0x82,0x18,0x82,0x18,0x82,0x18,
    0x82,0x18,0x82,0x18,0x82,0x18,0x82,0x18,0x82,0x18,0x82,0x18,0x82,0x18,0x82,0x18,
    0x82,0x18,0x82,0x18,0x82,0x18,0x82,0x18,0x82,0x18,0x82,0x18,0x82,0x18,0x82,0x18,
    0x82,0x18,0x82,0x18,0x82,0x18,0x82,0x18,0x82,0x18,0x82,0x18,0x82,0x18,0x82,0x18,
    0x82,0x18,0x82,0x18,0x82,0x18,0x82,0x18,0x82,0x18,0x82,0x18,0x82,0x18,0x82,0x18,
    0x82,0x18,0x82,0x18,0x82,0x18,0x82,0x18,0x82,0x18,0x82,0x18,0x82,0x18,0x82,0x18,
    0x82,0x18,0x82,0x18,0x82,0x18,0x82,0x18,0x82,0x18,0x82,0x18,0x82,0x18,0x82,0x18,
    0x82,0x18,0x82,0x18,0x82,0x18,0x82,0x18,0x82,0x18,0x82,0x18,0x82,0x18,0x82,0x18,
    0x82,0x18,0x82,0x18,0x82,0x18,0x82,0x18,0x82,0x18,0x82,0x18,0x82,0x18,0x82,0x18,
    0x82,0x18,0x82,0x18,0x82,0x18,0x82,0x18,0x82,0x18,0x82,0x18,0x82,0x18,0x82,0x18,
    0x82,0x18,0x82,0x18,0x82,0x18,0x82,0x18,0x82,0x18,0x82,0x18,0x82,0x18,0x82,0x18,
    0x82,0x18,0x82,0x18,0x82,0x18,0x82,0x18,0x82,0x18,0x82,0x18,0x82,0x18,0x82,0x18,
    0x82,0x18,0x82,0x18,0x82,0x18,0x82,0x18,0x82,0x18,0x82,0x18,0x82,0x18,0x82,0x18,
    0x82,0x18,0x82,0x18,0x82,0x18,0x82,0x18,0x82,0x18,0x82,0x18,0x82,0x18,0x82,0x18,
    0x82,0x18,0x82,0x18,0x82,0x18,0x82,0x18,0x82,0x18,0x82,0x18,0x82,0x18,0x82,0x18,
    0x82,0x18,0x82,0x18,0x82,0x18,0x82,0x18,0x82,0x18,0x82,0x18,0x82,0x18,0x82,0x18,
    0x82,0x18,0x82,0x18,0x82,0x18,0x82,0x18,0x82,0x18,0x82,0x18,0x82,0x18,0x82,0x18,
    0x82,0x18,0x82,0x18,0x82,0x18,0x82,0x18,0x82,0x18,0x82,0x18,0x82,0x18,0x82,0x18,
    0x82,0x18,0x82,0x18,0x82,0x18,0x82,0x18,0x82,0x18,0x82,0x18,0x82,0x18,0x82,0x18,
    0x82,0x18,0x82,0x18,0x82,0x18,0x82,0x18,0x82,0x18,0x82,0x18,0x82,0x18,0x82,0x18,
    0x82,0x18,0x82,0x18,0x82,0x18,0x82,0x18,0x82,0x18,0x82,0x18,0x82,0x18,0x82,0x18,
    0x82,0x18,0x82,0x18,0x82,0x18,0x82,0x18,0x82,0x18,0x82,0x18,0x82,0x18,0x82,0x18,
    0x82,0x18,0x82,0x18,0x82,0x18,0x82,0x18,0x82,0x18,0x82,0x18,0x82,0x18,0x82,0x18,
    0x82,0x18,0x82,0x18,0x82,0x18,0x82,0x18,0x82,0x18,0x82,0x18,0x82,0x18,0x82,0x18,
    0x82,0x18,0x82,0x18,0x82,0x18,0x82,0x18,0x82,0x18,0x82,0x18,0x82,0x18,0x82,0x18,
    0x82,0x18,0x82,0x18,0x82,0x18,0x82,0x18,0x82,0x18,0x82,0x18,0x82,0x18,0x82,0x18,
    0x82,0x18,0x82,0x18,0x82,0x18,0x82,0x18,0x82,0x18,0x82,0x18,0x82,0x18,0x82,0x18,
    0x82,0x18,0x82,0x18,0x82,0x18,0x82,0x18,0x82,0x18,0x82,0x18,0x82,0x18,0x82,0x18,
    0x82,0x18,0x82,0x18,0x82,0x18,0x82,0x18,0x82,0x18,0x82,0x18,0x82,0x18,0x82,0x18,
    0x82,0x18,0x82,0x18,0x82,0x18,0x82,0x18,0x82,0x18,0x82,0x18,0x82,0x18,0x82,0x18,
    0x82,0x18,0x82,0x18,0x82,0x18,0x82,0x18,0x82,0x18,0x82,0x18,0x82,0x18,0x82,0x18,
    0x82,0x18,0x82,0x18,0x82,0x18,0x82,0x18,0x82,0x18,0x82,0x18,0x82,0x18,0x82,0x18,
    0x82,0x18,0x82,0x18,0x82,0x18,0x82,0x18,0x82,0x18,0x82,0x18,0x82,0x18,0x82,0x18,
    0x82,0x18,0x82,0x18,0x82,0x18,0x82,0x18,0x82,0x18,0x82,0x18,0x82,0x18,0x82,0x18,
    0x82,0x18,0x82,0x18,0x82,0x18,0x82,0x18,0x82,0x18,0x82,0x18,0x82,0x18,0x82,0x18,
    0x82,0x18,0x82,0x18,0x82,0x18,0x82,0x18,0x82,0x18,0x82,0x18,0x82,0x18,0x82,0x18,
    0x82,0x18,0x82,0x18,0x82,0x18,0x82,0x18,0x82,0x18,0x82,0x18,0x82,0x18,0x82,0x18,
    0x82,0x18,0x82,0x18,0x82,0x18,0x82,0x18,0x82,0x18,0x82,0x18,0x82,0x18,0x82,0x18,
    0x82,0x18,0x82,0x18,0x82,0x18,0x82,0x18,0x82,0x18,0x82,0x18,0x82,0x18,0x82,0x18,
    0x82,0x18,0x82,0x18,0x82,0x18,0x82,0x18,0x82,0x18,0x82,0x18,0x82,0x18,0x82,0x18,
    0x82,0x18,0x82,0x18,0x82,0x18,0x82,0x18,0x82,0x18,0x82,0x18,0x82,0x18,0x82,0x18,
    0x82,0x18,0x82,0x18,0x82,0x18,0x82,0x18,0x82,0x18,0x82,0x18,0x82,0x18,0x82,0x18,
    0x82,0x18,0x82,0x18,0x82,0x18,0x82,0x18,0x82,0x18,0x82,0x18,0x82,0x18,0x82,0x18,
    0x82,0x18,0x82,0x18,0x82,0x18,0x82,0x18,0x82,0x18,0x82,0x18,0x82,0x18,0x82,0x18,
    0x82,0x18,0x82,0x18,0x82,0x18,0x82,0x18,0x82,0x18,0x82,0x18,0x82,0x18,0x82,0x18,
    0x82,0x18,0x82,0x18,0x82,0x18,0x82,0x18,0x82,0x18,0x82,0x18,0x82,0x18,0x82,0x18,
    0x82,0x18,0x82,0x18,0x82,0x18,0x82,0x18,0x82,0x18,0x82,0x18,0x82,0x18,0x82,0x18,
    0x82,0x18,0x82,0x18,0x82,0x18,0x82,0x18,0x82,0x18,0x82,0x18,0x82,0x18,0x82,0x18,
    0x82,0x18,0x82,0x18,0x82,0x18,0x82,0x18,0x82,0x18,0x82,0x18,0x82,0x18,0x82,0x18,
    0x82,0x18,0x82,0x18,0x82,0x18,0x82,0x18,0x82,0x18,0x82,0x18,0x82,0x18,0x82,0x18,
    0x82,0x18,0x82,0x18,0x82,0x18,0x82,0x18,0x82,0x18,0x82,0x18,0x82,0x18,0x82,0x18,
    0x82,0x18,0x82,0x18,0x82,0x18,0x82,0x18,0x82,0x18,0x82,0x18,0x82,0x18,0x82,0x18,
    0x82,0x18,0x82,0x18,0x82,0x18,0x82,0x18,0x82,0x18,0x82,0x18,0x82,0x18,0x82,0x18,
    0x82,0x18,0x82,0x18,0x82,0x18,0x82,0x18,0x82,0x18,0x82,0x18,0x82,0x18,0x82,0x18,
    0x82,0x18,0x82,0x18,0x82,0x18,0x82,0x18,0x82,0x18,0x82,0x18,0x82,0x18,0x82,0x18,
    0x82,0x18,0x82,0x18,0x82,0x18,0x82,0x18,0x82,0x18,0x82,0x18,0x82,0x18,0x82,0x18,
    0x82,0x18,0x82,0x18,0x82,0x18,0x82,0x18,0x82,0x18,0x82,0x18,0x82,0x18,0x82,0x18,
    0x82,0x18,0x82,0x18,0x82,0x18,0x82,0x18,0x82,0x18,0x82,0x18,0x82,0x18,0x82,0x18,
    0x82,0x18,0x82,0x18,0x82,0x18,0x82,0x18,0x82,0x18,0x82,0x18,0x82,0x18,0x82,0x18,
    0x82,0x18,0x82,0x18,0x82,0x18,0x82,0x18,0x82,0x18,0x82,0x18,0x82,0x18,0x82,0x18,
    0x82,0x18,0x82,0x18,0x82,0x18,0x82,0x18,0x82,0x18,0x82,0x18,0x82,0x18,0x82,0x18,
    0x82,0x18,0x82,0x18,0x82,0x18,0x82,0x18,0x82,0x18,0x82,0x18,0x82,0x18,0x82,0x18,
    0x82,0x18,0x82,0x18,0x82,0x18,0x82,0x18,0x82,0x18,0x82,0x18,0x82,0x18,0x82,0x18,
    0x82,0x18,0x82,0x18,0x82,0x18,0x82,0x18,0x82,0x18,0x82,0x18,0x82,0x18,0x82,0x18,
    0x82,0x18,0x82,0x18,0x82,0x18,0x82,0x18,0x82,0x18,0x82,0x18,0x82,0x18,0x82,0x18,
    0x82,0x18,0x82,0x18,0x82,0x18,0x82,0x18,0x82,0x18,0x82,0x18,0x82,0x18,0x82,0x18,
    0x82,0x18,0x82,0x18,0x82,0x18,0x82,0x18,0x82,0x18,0x82,0x18,0x82,0x18,0x82,0x18,
    0x82,0x18,0x82,0x18,0x82,0x18,0x82,0x18,0x82,0x18,0x82,0x18,0x82,0x18,0x82,0x18,
    0x82,0x18,0x82,0x18,0x82,0x18,0x82,0x18,0x82,0x18,0x82,0x18,0x82,0x18,0x82,0x18,
    0x82,0x18,0x82,0x18,0x82,0x18,0x82,0x18,0x82,0x18,0x82,0x18,0x82,0x18,0x82,0x18,
    0x82,0x18,0x82,0x18,0x82,0x18,0x82,0x18,0x82,0x18,0x82,0x18,0x82,0x18,0x82,0x18,
    0x82,0x18,0x82,0x18,0x82,0x18,0x82,0x18,0x82,0x18,0x82,0x18,0x82,0x18,0x82,0x18,
    0x82,0x18,0x82,0x18,0x82,0x18,0x82,0x18,0x82,0x18,0x82,0x18,0x82,0x18,0x82,0x18,
    0x82,0x18,0x82,0x18,0x82,0x18,0x82,0x18,0x82,0x18,0x82,0x18,0x82,0x18,0x82,0x18,
    0x82,0x18,0x82,0x18,0x82,0x18,0x82,0x18,0x82,0x18,0x82,0x18,0x82,0x18,0x82,0x18,
    0x82,0x18,0x82,0x18,0x82,0x18,0x82,0x18,0x82,0x18,0x82,0x18,0x82,0x18,0x82,0x18,
    0x82,0x18,0x82,0x18,0x82,0x18,0x82,0x18,0x82,0x18,0x82,0x18,0x82,0x18,0x82,0x18,
    0x82,0x18,0x82,0x18,0x82,0x18,0x82,0x18,0x82,0x18,0x82,0x18,0x82,0x18,0x82,0x18,
    0x82,0x18,0x82,0x18,0x82,0x18,0x82,0x18,0x82,0x18,0x82,0x18,0x82,0x18,0x82,0x18,
    0x82,0x18,0x82,0x18,0x82,0x18,0x82,0x18,0x82,0x18,0x82,0x18,0x82,0x18,0x82,0x18,
    0x82,0x18,0x82,0x18,0x82,0x18,0x82,0x18,0x82,0x18,0x82,0x18,0x82,0x18,0x82,0x18,
    0x82,0x18,0x82,0x18,0x82,0x18,0x82,0x18,0x82,0x18,0x82,0x18,0x82,0x18,0x82,0x18,
    0x82,0x18,0x82,0x18,0x82,0x18,0x82,0x18,0x82,0x18,0x82,0x18,0x82,0x18,0x82,0x18,
    0x82,0x18,0x82,0x18,0x82,0x18,0x82,0x18,0x82,0x18,0x82,0x18,0x82,0x18,0x82,0x18,
    0x82,0x18,0x82,0x18,0x82,0x18,0x82,0x18,0x82,0x18,0x82,0x18,0x82,0x18,0x82,0x18,
    0x82,0x18,0x82,0x18,0x82,0x18,0x82,0x18,0x82,0x18,0x82,0x18,0x82,0x18,0x82,0x18,
    0x82,0x18,0x82,0x18,0x82,0x18,0x82,0x18,0x82,0x18,0x82,0x18,0x82,0x18,0x82,0x18,
    0x82,0x18,0x82,0x18,0x82,0x18,0x82,0x18,0x82,0x18,0x82,0x18,0x82,0x18,0x82,0x18,
    0x82,0x18,0x82,0x18,0x82,0x18,0x82,0x18,0x82,0x18,0x82,0x18,0x82,0x18,0x82,0x18,
    0x82,0x18,0x82,0x18,0x82,0x18,0x82,0x18,0x82,0x18,0x82,0x18,0x82,0x18,0x82,0x18,
    0x82,0x18,0x82,0x18,0x82,0x18,0x82,0x18,0x82,0x18,0x82,0x18,0x82,0x18,0x82,0x18,
    0x82,0x18,0x82,0x18,0x82,0x18,0x82,0x18,0x82,0x18,0x82,0x18,0x82,0x18,0x82,0x18,
    0x82,0x18,0x82,0x18,0x82,0x18,0x82,0x18,0x82,0x18,0x82,0x18,0x82,0x18,0x82,0x18,
    0x82,0x18,0x82,0x18,0x82,0x18,0x82,0x18,0x82,0x18,0x82,0x18,0x82,0x18,0x82,0x18,
    0x82,0x18,0x82,0x18,0x82,0x18,0x82,0x18,0x82,0x18,0x82,0x18,0x82,0x18,0x82,0x18,
    0x82,0x18,0x82,0x18,0x82,0x18,0x82,0x18,0x82,0x18,0x82,0x18,0x82,0x18,0x82,0x18,
    0x82,0x18,0x82,0x18,0x82,0x18,0x82,0x18,0x82,0x18,0x82,0x18,0x82,0x18,0x82,0x18,
    0x82,0x18,0x82,0x18,0x82,0x18,0x82,0x18,0x82,0x18,0x82,0x18,0x82,0x18,0x82,0x18,
    0x82,0x18,0x82,0x18,0x82,0x18,0x82,0x18,0x82,0x18,0x82,0x18,0x82,0x18,0x82,0x18,
    0x82,0x18,0x82,0x18,0x82,0x18,0x82,0x18,0x82,0x18,0x82,0x18,0x82,0x18,0x82,0x18,
    0x82,0x18,0x82,0x18,0x82,0x18,0x82,0x18,0x82,0x18,0x82,0x18,0x82,0x18,0x82,0x18,
    0x82,0x18,0x82,0x18,0x82,0x18,0x82,0x18,0x82,0x18,0x82,0x18,0x82,0x18,0x82,0x18,
    0x82,0x18,0x82,0x18,0x82,0x18,0x82,0x18,0x82,0x18,0x82,0x18,0x82,0x18,0x82,0x18,
    0x82,0x18,0x82,0x18,0x82,0x18,0x82,0x18,0x82,0x18,0x82,0x18,0x82,0x18,0x82,0x18,
    0x82,0x18,0x82,0x18,0x82,0x18,0x82,0x18,0x82,0x18,0x82,0x18,0x82,0x18,0x82,0x18,
    0x82,0x18,0x82,0x18,0x82,0x18,0x82,0x18,0x82,0x18,0x82,0x18,0x82,0x18,0x82,0x18,
    0x82,0x18,0x82,0x18,0x82,0x18,0x82,0x18,0x82,0x18,0x82,0x18,0x82,0x18,0x82,0x18,
    0x82,0x18,0x82,0x18,0x82,0x18,0x82,0x18,0x82,0x18,0x82,0x18,0x82,0x18,0x82,0x18,
    0x82,0x18,0x82,0x18,0x82,0x18,0x82,0x18,0x82,0x18,0x82,0x18,0x82,0x18,0x82,0x18,
    0x82,0x18,0x82,0x18,0x82,0x18,0x82,0x18,0x82,0x18,0x82,0x18,0x82,0x18,0x82,0x18,
    0x82,0x18,0x82,0x18,0x82,0x18,0x82,0x18,0x82,0x18,0x82,0x18,0x82,0x18,0x82,0x18,
    0x82,0x18,0x82,0x18,0x82,0x18,0x82,0x18,0x82,0x18,0x82,0x18,0x82,0x18,0x82,0x18,
    0x82,0x18,0x82,0x18,0x82,0x18,0x82,0x18,0x82,0x18,0x82,0x18,0x82,0x18,0x82,0x18,
    0x82,0x18,0x82,0x18,0x82,0x18,0x82,0x18,0x82,0x18,0x82,0x18,0x82,0x18,0x82,0x18,
    0x82,0x18,0x82,0x18,0x82,0x18,0x82,0x18,0x82,0x18,0x82,0x18,0x82,0x18,0x82,0x18,
    0x82,0x18,0x82,0x18,0x82,0x18,0x82,0x18,0x82,0x18,0x82,0x18,0x82,0x18,0x82,0x18,
    0x82,0x18,0x82,0x18,0x82,0x18,0x82,0x18,0x82,0x18,0x82,0x18,0x82,0x18,0x82,0x18,
    0x82,0x18,0x82,0x18,0x82,0x18,0x82,0x18,0x82,0x18,0x82,0x18,0x82,0x18,0x82,0x18,
    0x82,0x18,0x82,0x18,0x82,0x18,0x82,0x18,0x82,0x18,0x82,0x18,0x82,0x18,0x82,0x18,
    0x82,0x18,0x82,0x18,0x82,0x18,0x82,0x18,0x82,0x18,0x82,0x18,0x82,0x18,0x82,0x18,
    0x82,0x18,0x82,0x18,0x82,0x18,0x82,0x18,0x82,0x18,0x82,0x18,0x82,0x18,0x82,0x18,
    0x82,0x18,0x82,0x18,0x82,0x18,0x82,0x18,0x82,0x18,0x82,0x18,0x82,0x18,0x82,0x18,
    0x82,0x18,0x82,0x18,0x82,0x18,0x82,0x18,0x82,0x18,0x82,0x18,0x82,0x18,0x82,0x18,
    0x82,0x18,0x82,0x18,0x82,0x18,0x82,0x18,0x82,0x18,0x82,0x18,0x82,0x18,0x82,0x18,
    0x82,0x18,0x82,0x18,0x82,0x18,0x82,0x18,0x82,0x18,0x82,0x18,0x82,0x18,0x82,0x18,
    0x82,0x18,0x82,0x18,0x82,0x18,0x82,0x18,0x82,0x18,0x82,0x18,0x82,0x18,0x82,0x18,
    0x82,0x18,0x82,0x18,0x82,0x18,0x82,0x18,0x82,0x18,0x82,0x18,0x82,0x18,0x82,0x18,
    0x82,0x18,0x82,0x18,0x82,0x18,0x82,0x18,0x82,0x18,0x82,0x18,0x82,0x18,0x82,0x18,
    0x82,0x18,0x82,0x18,0x82,0x18,0x82,0x18,0x82,0x18,0x82,0x18,0x82,0x18,0x82,0x18,
    0x82,0x18,0x82,0x18,0x82,0x18,0x82,0x18,0x82,0x18,0x82,0x18,0x82,0x18,0x82,0x18,
    0x82,0x18,0x82,0x18,0x82,0x18,0x82,0x18,0x82,0x18,0x82,0x18,0x82,0x18,0x82,0x18,
    0x82,0x18,0x82,0x18,0x82,0x18,0x82,0x18,0x82,0x18,0x82,0x18,0x82,0x18,0x82,0x18,
    0x82,0x18,0x82,0x18,0x82,0x18,0x82,0x18,0x82,0x18,0x82,0x18,0x82,0x18,0x82,0x18,
    0x82,0x18,0x82,0x18,0x82,0x18,0x82,0x18,0x82,0x18,0x82,0x18,0x82,0x18,0x82,0x18,
    0x82,0x18,0x82,0x18,0x82,0x18,0x82,0x18,0x82,0x18,0x82,0x18,0x82,0x18,0x82,0x18,
    0x82,0x18,0x82,0x18,0x82,0x18,0x82,0x18,0x82,0x18,0x82,0x18,0x82,0x18,0x82,0x18,
    0x82,0x18,0x82,0x18,0x82,0x18,0x82,0x18,0x82,0x18,0x82,0x18,0x82,0x18,0x82,0x18,
    0x82,0x18,0x82,0x18,0x82,0x18,0x82,0x18,0x82,0x18,0x82,0x18,0x82,0x18,0x82,0x18,
    0x82,0x18,0x82,0x18,0x82,0x18,0x82,0x18,0x82,0x18,0x82,0x18,0x82,0x18,0x82,0x18,
    0x82,0x18,0x82,0x18,0x82,0x18,0x82,0x18,0x82,0x18,0x82,0x18,0x82,0x18,0x82,0x18,
    0x82,0x18,0x82,0x18,0x82,0x18,0x82,0x18,0x82,0x18,0x82,0x18,0x82,0x18,0x82,0x18,
    0x82,0x18,0x82,0x18,0x82,0x18,0x82,0x18,0x82,0x18,0x82,0x18,0x82,0x18,0x82,0x18,
    0x82,0x18,0x82,0x18,0x82,0x18,0x82,0x18,0x82,0x18,0x82,0x18,0x82,0x18,0x82,0x18,
    0x82,0x18,0x82,0x18,0x82,0x18,0x82,0x18,0x82,0x18,0x82,0x18,0x82,0x18,0x82,0x18,
    0x82,0x18,0x82,0x18,0x82,0x18,0x82,0x18,0x82,0x18,0x82,0x18,0x82,0x18,0x82,0x18,
    0x82,0x18,0x82,0x18,0x82,0x18,0x82,0x18,0x82,0x18,0x82,0x18,0x82,0x18,0x82,0x18,
    0x82,0x18,0x82,0x18,0x82,0x18,0x82,0x18,0x82,0x18,0x82,0x18,0x82,0x18,0x82,0x18,
    0x82,0x18,0x82,0x18,0x82,0x18,0x82,0x18,0x82,0x18,0x82,0x18,0x82,0x18,0x82,0x18,
    0x82,0x18,0x82,0x18,0x82,0x18,0x82,0x18,0x82,0x18,0x82,0x18,0x82,0x18,0x82,0x18,
    0x82,0x18,0x82,0x18,0x82,0x18,0x82,0x18,0x82,0x18,0x82,0x18,0x82,0x18,0x82,0x18,
    0x82,0x18,0x82,0x18,0x82,0x18,0x82,0x18,0x82,0x18,0x82,0x18,0x82,0x18,0x82,0x18,
    0x82,0x18,0x82,0x18,0x82,0x18,0x82,0x18,0x82,0x18,0x82,0x18,0x82,0x18,0x82,0x18,
    0x82,0x18,0x82,0x18,0x82,0x18,0x82,0x18,0x82,0x18,0x82,0x18,0x82,0x18,0x82,0x18,
    0x82,0x18,0x82,0x18,0x82,0x18,0x82,0x18,0x82,0x18,0x82,0x18,0x82,0x18,0x82,0x18,
    0x82,0x18,0x82,0x18,0x82,0x18,0x82,0x18,0x82,0x18,0x82,0x18,0x82,0x18,0x82,0x18,
    0x82,0x18,0x82,0x18,0x82,0x18,0x82,0x18,0x82,0x18,0x82,0x18,0x82,0x18,0x82,0x18,
    0x82,0x18,0x82,0x18,0x82,0x18,0x82,0x18,0x82,0x18,0x82,0x18,0x82,0x18,0x82,0x18,
    0x82,0x18,0x82,0x18,0x82,0x18,0x82,0x18,0x82,0x18,0x82,0x18,0x82,0x18,0x82,0x18,
    0x82,0x18,0x82,0x18,0x82,0x18,0x82,0x18,0x82,0x18,0x82,0x18,0x82,0x18,0x82,0x18,
    0x82,0x18,0x82,0x18,0x82,0x18,0x82,0x18,0x82,0x18,0x82,0x18,0x82,0x18,0x82,0x18,
    0x82,0x18,0x82,0x18,0x82,0x18,0x82,0x18,0x82,0x18,0x82,0x18,0x82,0x18,0x82,0x18,
    0x82,0x18,0x82,0x18,0x82,0x18,0x82,0x18,0x82,0x18,0x82,0x18,0x82,0x18,0x82,0x18,
    0x82,0x18,0x82,0x18,0x82,0x18,0x82,0x18,0x82,0x18,0x82,0x18,0x82,0x18,0x82,0x18,
    0x82,0x18,0x82,0x18,0x82,0x18,0x82,0x18,0x82,0x18,0x82,0x18,0x82,0x18,0x82,0x18,
    0x82,0x18,0x82,0x18,0x82,0x18,0x82,0x18,0x82,0x18,0x82,0x18,0x82,0x18,0x82,0x18,
    0x82,0x18,0x82,0x18,0x82,0x18,0x82,0x18,0x82,0x18,0x82,0x18,0x82,0x18,0x82,0x18,
    0x82,0x18,0x82,0x18,0x82,0x18,0x82,0x18,0x82,0x18,0x82,0x18,0x82,0x18,0x82,0x18,
    0x82,0x18,0x82,0x18,0x82,0x18,0x82,0x18,0x82,0x18,0x82,0x18,0x82,0x18,0x82,0x18,
    0x82,0x18,0x82,0x18,0x82,0x18,0x82,0x18,0x82,0x18,0x82,0x18,0x82,0x18,0x82,0x18,
    0x82,0x18,0x82,0x18,0x82,0x18,0x82,0x18,0x82,0x18,0x82,0x18,0x82,0x18,0x82,0x18,
    0x82,0x18,0x82,0x18,0x82,0x18,0x82,0x18,0x82,0x18,0x82,0x18,0x82,0x18,0x82,0x18,
    0x82,0x18,0x82,0x18,0x82,0x18,0x82,0x18,0x82,0x18,0x82,0x18,0x82,0x18,0x82,0x18,
    0x82,0x18,0x82,0x18,0x82,0x18,0x82,0x18,0x82,0x18,0x82,0x18,0x82,0x18,0x82,0x18,
    0x82,0x18,0x82,0x18,0x82,0x18,0x82,0x18,0x82,0x18,0x82,0x18,0x82,0x18,0x82,0x18,
    0x82,0x18,0x82,0x18,0x82,0x18,0x82,0x18,0x82,0x18,0x82,0x18,0x82,0x18,0x82,0x18,
    0x82,0x18,0x82,0x18,0x82,0x18,0x82,0x18,0x82,0x18,0x82,0x18,0x82,0x18,0x82,0x18,
    0x82,0x18,0x82,0x18,0x82,0x18,0x82,0x18,0x82,0x18,0x82,0x18,0x82,0x18,0x82,0x18,
    0x82,0x18,0x82,0x18,0x82,0x18,0x82,0x18,0x82,0x18,0x82,0x18,0x82,0x18,0x82,0x18,
    0x82,0x18,0x82,0x18,0x82,0x18,0x82,0x18,0x82,0x18,0x82,0x18,0x82,0x18,0x82,0x18,
    0x82,0x18,0x82,0x18,0x82,0x18,0x82,0x18,0x82,0x18,0x82,0x18,0x82,0x18,0x82,0x18,
    0x82,0x18,0x82,0x18,0x82,0x18,0x82,0x18,0x82,0x18,0x82,0x18,0x82,0x18,0x82,0x18,
    0x82,0x18,0x82,0x18,0x82,0x18,0x82,0x18,0x82,0x18,0x82,0x18,0x82,0x18,0x82,0x18,
    0x82,0x18,0x82,0x18,0x82,0x18,0x82,0x18,0x82,0x18,0x82,0x18,0x82,0x18,0x82,0x18,
    0x82,0x18,0x82,0x18,0x82,0x18,0x82,0x18,0x82,0x18,0x82,0x18,0x82,0x18,0x82,0x18,
    0x82,0x18,0x82,0x18,0x82,0x18,0x82,0x18,0x82,0x18,0x82,0x18,0x82,0x18,0x82,0x18,
    0x82,0x18,0x82,0x18,0x82,0x18,0x82,0x18,0x82,0x18,0x82,0x18,0x82,0x18,0x82,0x18,
    0x82,0x18,0x82,0x18,0x82,0x18,0x82,0x18,0x82,0x18,0x82,0x18,0x82,0x18,0x82,0x18,
    0x82,0x18,0x82,0x18,0x82,0x18,0x82,0x18,0x82,0x18,0x82,0x18,0x82,0x18,0x82,0x18,
    0x82,0x18,0x82,0x18,0x82,0x18,0x82,0x18,0x82,0x18,0x82,0x18,0x82,0x18,0x82,0x18,
    0x82,0x18,0x82,0x18,0x82,0x18,0x82,0x18,0x82,0x18,0x82,0x18,0x82,0x18,0x82,0x18,
    0x00,0x00,0x00,0x00,0x00,0x00,0x00,0x00,0x00,0x00,0x00,0x00,0x00,0x00,0x00,0x00,
    0x00,0x00,0x00,0x00,0x00,0x00,0x00,0x00,0x00,0x00,0x00,0x00,0x00,0x00,0x00,0x00,
    0x00,0x00,0x00,0x00,0x00,0x00,0x00,0x00,0x00,0x02,0x04,0x03,0x00,0x00,0x00,0x00,
    0x03,0x1F,0x45,0x78,0x88,0xB9,0xCB,0xCA,0xF2,0xFF,0xFE,0xFF,0xFF,0xFE,0xFF,0xF2,
    0xCA,0xCB,0xB9,0x88,0x78,0x45,0x1F,0x03,0x00,0x00,0x00,0x00,0x03,0x04,0x02,0x00,
    0x00,0x00,0x00,0x00,0x00,0x00,0x00,0x00,0x00,0x00,0x00,0x00,0x00,0x00,0x00,0x00,
    0x00,0x00,0x00,0x00,0x00,0x00,0x00,0x00,0x00,0x00,0x00,0x00,0x00,0x00,0x00,0x00,
    0x00,0x00,0x00,0x00,0x00,0x00,0x00,0x00,0x00,0x00,0x00,0x00,0x00,0x00,0x00,0x00,
    0x00,0x00,0x00,0x00,0x00,0x00,0x00,0x00,0x00,0x00,0x00,0x00,0x00,0x00,0x00,0x00,
    0x00,0x00,0x00,0x00,0x00,0x00,0x00,0x00,0x00,0x00,0x00,0x00,0x00,0x00,0x01,0x04,
    0x02,0x00,0x00,0x00,0x0A,0x34,0x6E,0xAB,0xD2,0xF1,0xFF,0xFF,0xFF,0xFF,0xFF,0xFF,
    0xFF,0xFF,0xFF,0xFF,0xFF,0xFF,0xFF,0xFF,0xFF,0xFF,0xFF,0xFF,0xFF,0xFF,0xF1,0xD2,
    0xAB,0x6E,0x34,0x0A,0x00,0x00,0x00,0x02,0x04,0x01,0x00,0x00,0x00,0x00,0x00,0x00,
    0x00,0x00,0x00,0x00,0x00,0x00,0x00,0x00,0x00,0x00,0x00,0x00,0x00,0x00,0x00,0x00,
    0x00,0x00,0x00,0x00,0x00,0x00,0x00,0x00,0x00,0x00,0x00,0x00,0x00,0x00,0x00,0x00,
    0x00,0x00,0x00,0x00,0x00,0x00,0x00,0x00,0x00,0x00,0x00,0x00,0x00,0x00,0x00,0x00,
    0x00,0x00,0x00,0x00,0x00,0x00,0x00,0x00,0x00,0x00,0x00,0x00,0x00,0x00,0x00,0x00,
    0x00,0x00,0x00,0x00,0x02,0x03,0x00,0x00,0x00,0x1C,0x61,0xAE,0xE2,0xFF,0xFF,0xFF,
    0xFF,0xFF,0xFE,0xFC,0xFC,0xFD,0xFD,0xFD,0xFF,0xFF,0xFF,0xFF,0xFF,0xFF,0xFF,0xFF,
    0xFD,0xFD,0xFD,0xFC,0xFC,0xFE,0xFF,0xFF,0xFF,0xFF,0xFF,0xE2,0xAE,0x61,0x1C,0x00,
    0x00,0x00,0x03,0x02,0x00,0x00,0x00,0x00,0x00,0x00,0x00,0x00,0x00,0x00,0x00,0x00,
    0x00,0x00,0x00,0x00,0x00,0x00,0x00,0x00,0x00,0x00,0x00,0x00,0x00,0x00,0x00,0x00,
    0x00,0x00,0x00,0x00,0x00,0x00,0x00,0x00,0x00,0x00,0x00,0x00,0x00,0x00,0x00,0x00,
    0x00,0x00,0x00,0x00,0x00,0x00,0x00,0x00,0x00,0x00,0x00,0x00,0x00,0x00,0x00,0x00,
    0x00,0x00,0x00,0x00,0x00,0x00,0x00,0x00,0x00,0x01,0x03,0x01,0x00,0x00,0x17,0x61,
    0xB0,0xF1,0xFF,0xFF,0xFF,0xFE,0xFB,0xFC,0xFD,0xFE,0xFF,0xFF,0xFF,0xFF,0xFF,0xFF,
    0xFF,0xFF,0xFF,0xFF,0xFF,0xFF,0xFF,0xFF,0xFF,0xFF,0xFF,0xFF,0xFF,0xFF,0xFE,0xFD,
    0xFC,0xFB,0xFE,0xFF,0xFF,0xFF,0xF1,0xB0,0x61,0x17,0x00,0x00,0x01,0x03,0x01,0x00,
    0x00,0x00,0x00,0x00,0x00,0x00,0x00,0x00,0x00,0x00,0x00,0x00,0x00,0x00,0x00,0x00,
    0x00,0x00,0x00,0x00,0x00,0x00,0x00,0x00,0x00,0x00,0x00,0x00,0x00,0x00,0x00,0x00,
    0x00,0x00,0x00,0x00,0x00,0x00,0x00,0x00,0x00,0x00,0x00,0x00,0x00,0x00,0x00,0x00,
    0x00,0x00,0x00,0x00,0x00,0x00,0x00,0x00,0x00,0x00,0x00,0x00,0x00,0x00,0x00,0x00,
    0x03,0x00,0x00,0x00,0x3A,0x9A,0xE9,0xFF,0xFF,0xFF,0xFC,0xFC,0xFD,0xFF,0xFF,0xFF,
    0xFF,0xFF,0xFF,0xFF,0xFF,0xFF,0xFF,0xFF,0xFF,0xFF,0xFF,0xFF,0xFF,0xFF,0xFF,0xFF,
    0xFF,0xFF,0xFF,0xFF,0xFF,0xFF,0xFF,0xFF,0xFF,0xFF,0xFF,0xFD,0xFC,0xFC,0xFF,0xFF,
    0xFF,0xE9,0x9A,0x3A,0x00,0x00,0x00,0x03,0x00,0x00,0x00,0x00,0x00,0x00,0x00,0x00,
    0x00,0x00,0x00,0x00,0x00,0x00,0x00,0x00,0x00,0x00,0x00,0x00,0x00,0x00,0x00,0x00,
    0x00,0x00,0x00,0x00,0x00,0x00,0x00,0x00,0x00,0x00,0x00,0x00,0x00,0x00,0x00,0x00,
    0x00,0x00,0x00,0x00,0x00,0x00,0x00,0x00,0x00,0x00,0x00,0x00,0x00,0x00,0x00,0x00,
    0x00,0x00,0x00,0x00,0x00,0x00,0x03,0x02,0x00,0x03,0x45,0xBA,0xFF,0xFF,0xFF,0xFC,
    0xFC,0xFE,0xFF,0xFF,0xFF,0xFF,0xFF,0xFF,0xFF,0xFF,0xFF,0xFF,0xFF,0xFF,0xFF,0xFF,
    0xFF,0xFF,0xFF,0xFF,0xFF,0xFF,0xFF,0xFF,0xFF,0xFF,0xFF,0xFF,0xFF,0xFF,0xFF,0xFF,
    0xFF,0xFF,0xFF,0xFF,0xFF,0xFF,0xFE,0xFC,0xFC,0xFF,0xFF,0xFF,0xBA,0x45,0x03,0x00,
    0x02,0x03,0x00,0x00,0x00,0x00,0x00,0x00,0x00,0x00,0x00,0x00,0x00,0x00,0x00,0x00,
    0x00,0x00,0x00,0x00,0x00,0x00,0x00,0x00,0x00,0x00,0x00,0x00,0x00,0x00,0x00,0x00,
    0x00,0x00,0x00,0x00,0x00,0x00,0x00,0x00,0x00,0x00,0x00,0x00,0x00,0x00,0x00,0x00,
    0x00,0x00,0x00,0x00,0x00,0x00,0x00,0x00,0x00,0x00,0x00,0x00,0x01,0x03,0x00,0x00,
    0x59,0xD2,0xFF,0xFF,0xFE,0xFC,0xFE,0xFF,0xFF,0xFF,0xFF,0xFF,0xFF,0xFF,0xFF,0xFF,
    0xFF,0xFF,0xFF,0xFF,0xFF,0xFF,0xFF,0xFF,0xFF,0xFF,0xFF,0xFF,0xFF,0xFF,0xFF,0xFF,
    0xFF,0xFF,0xFF,0xFF,0xFF,0xFF,0xFF,0xFF,0xFF,0xFF,0xFF,0xFF,0xFF,0xFF,0xFF,0xFF,
    0xFF,0xFE,0xFC,0xFE,0xFF,0xFF,0xD2,0x59,0x00,0x00,0x03,0x01,0x00,0x00,0x00,0x00,
    0x00,0x00,0x00,0x00,0x00,0x00,0x00,0x00,0x00,0x00,0x00,0x00,0x00,0x00,0x00,0x00,
    0x00,0x00,0x00,0x00,0x00,0x00,0x00,0x00,0x00,0x00,0x00,0x00,0x00,0x00,0x00,0x00,
    0x00,0x00,0x00,0x00,0x00,0x00,0x00,0x00,0x00,0x00,0x00,0x00,0x00,0x00,0x00,0x00,
    0x00,0x00,0x00,0x03,0x00,0x00,0x43,0xBA,0xFF,0xFF,0xFD,0xFC,0xFF,0xFF,0xFF,0xFF,
    0xFF,0xFF,0xFF,0xFF,0xFF,0xFF,0xFF,0xFF,0xFF,0xFF,0xFF,0xFF,0xFF,0xFF,0xFF,0xFF,
    0xFF,0xFF,0xFF,0xFF,0xFF,0xFF,0xFF,0xFF,0xFF,0xFF,0xFF,0xFF,0xFF,0xFF,0xFF,0xFF,
    0xFF,0xFF,0xFF,0xFF,0xFF,0xFF,0xFF,0xFF,0xFF,0xFF,0xFF,0xFF,0xFC,0xFD,0xFF,0xFF,
    0xBA,0x43,0x00,0x00,0x03,0x00,0x00,0x00,0x00,0x00,0x00,0x00,0x00,0x00,0x00,0x00,
    0x00,0x00,0x00,0x00,0x00,0x00,0x00,0x00,0x00,0x00,0x00,0x00,0x00,0x00,0x00,0x00,
    0x00,0x00,0x00,0x00,0x00,0x00,0x00,0x00,0x00,0x00,0x00,0x00,0x00,0x00,0x00,0x00,
    0x00,0x00,0x00,0x00,0x00,0x00,0x00,0x00,0x00,0x02,0x02,0x00,0x1A,0x9E,0xFF,0xFF,
    0xFD,0xFD,0xFF,0xFF,0xFF,0xFF,0xFF,0xFF,0xFF,0xFF,0xFF,0xFF,0xFF,0xFF,0xFF,0xFF,
    0xFF,0xFF,0xFF,0xFF,0xFF,0xFF,0xFF,0xFF,0xFF,0xFF,0xFF,0xFF,0xFF,0xFF,0xFF,0xFF,
    0xFF,0xFF,0xFF,0xFF,0xFF,0xFF,0xFF,0xFF,0xFF,0xFF,0xFF,0xFF,0xFF,0xFF,0xFF,0xFF,
    0xFF,0xFF,0xFF,0xFF,0xFF,0xFF,0xFD,0xFD,0xFF,0xFF,0x9E,0x1A,0x00,0x02,0x02,0x00,
    0x00,0x00,0x00,0x00,0x00,0x00,0x00,0x00,0x00,0x00,0x00,0x00,0x00,0x00,0x00,0x00,
    0x00,0x00,0x00,0x00,0x00,0x00,0x00,0x00,0x00,0x00,0x00,0x00,0x00,0x00,0x00,0x00,
    0x00,0x00,0x00,0x00,0x00,0x00,0x00,0x00,0x00,0x00,0x00,0x00,0x00,0x00,0x00,0x00,
    0x04,0x00,0x00,0x6D,0xE9,0xFF,0xFE,0xFC,0xFF,0xFF,0xFF,0xFF,0xFF,0xFF,0xFF,0xFF,
    0xFF,0xFF,0xFF,0xFF,0xFF,0xFF,0xFF,0xFF,0xFF,0xFF,0xFF,0xFF,0xFF,0xFF,0xFF,0xFF,
    0xFF,0xFF,0xFF,0xFF,0xFF,0xFF,0xFF,0xFF,0xFF,0xFF,0xFF,0xFF,0xFF,0xFF,0xFF,0xFF,
    0xFF,0xFF,0xFF,0xFF,0xFF,0xFF,0xFF,0xFF,0xFF,0xFF,0xFF,0xFF,0xFF,0xFF,0xFF,0xFF,
    0xFC,0xFE,0xFF,0xE9,0x6D,0x00,0x00,0x04,0x00,0x00,0x00,0x00,0x00,0x00,0x00,0x00,
    0x00,0x00,0x00,0x00,0x00,0x00,0x00,0x00,0x00,0x00,0x00,0x00,0x00,0x00,0x00,0x00,
    0x00,0x00,0x00,0x00,0x00,0x00,0x00,0x00,0x00,0x00,0x00,0x00,0x00,0x00,0x00,0x00,
    0x00,0x00,0x00,0x00,0x00,0x00,0x01,0x04,0x00,0x26,0xB8,0xFF,0xFF,0xFB,0xFF,0xFF,
    0xFF,0xFF,0xFF,0xFF,0xFF,0xFF,0xFF,0xFF,0xFF,0xFF,0xFF,0xFF,0xFF,0xFF,0xFF,0xFF,
    0xFF,0xFF,0xFF,0xFF,0xFF,0xFF,0xFF,0xFF,0xFF,0xFF,0xFF,0xFF,0xFF,0xFF,0xFF,0xFF,
    0xFF,0xFF,0xFF,0xFF,0xFF,0xFF,0xFF,0xFF,0xFF,0xFF,0xFF,0xFF,0xFF,0xFF,0xFF,0xFF,
    0xFF,0xFF,0xFF,0xFF,0xFF,0xFF,0xFF,0xFF,0xFF,0xFF,0xFB,0xFF,0xFF,0xB8,0x26,0x00,
    0x04,0x01,0x00,0x00,0x00,0x00,0x00,0x00,0x00,0x00,0x00,0x00,0x00,0x00,0x00,0x00,
    0x00,0x00,0x00,0x00,0x00,0x00,0x00,0x00,0x00,0x00,0x00,0x00,0x00,0x00,0x00,0x00,
    0x00,0x00,0x00,0x00,0x00,0x00,0x00,0x00,0x00,0x00,0x00,0x00,0x00,0x02,0x00,0x00,
    0x56,0xEC,0xFF,0xFB,0xFE,0xFF,0xFF,0xFF,0xFF,0xFF,0xFF,0xFF,0xFF,0xFF,0xFF,0xFF,
    0xFF,0xFF,0xFF,0xFF,0xFF,0xFF,0xFF,0xFF,0xFF,0xFF,0xFF,0xFF,0xFF,0xFF,0xFF,0xFF,
    0xFF,0xFF,0xFF,0xFF,0xFF,0xFF,0xFF,0xFF,0xFF,0xFF,0xFF,0xFF,0xFF,0xFF,0xFF,0xFF,
    0xFF,0xFF,0xFF,0xFF,0xFF,0xFF,0xFF,0xFF,0xFF,0xFF,0xFF,0xFF,0xFF,0xFF,0xFF,0xFF,
    0xFF,0xFF,0xFF,0xFE,0xFB,0xFF,0xEC,0x56,0x00,0x00,0x02,0x00,0x00,0x00,0x00,0x00,
    0x00,0x00,0x00,0x00,0x00,0x00,0x00,0x00,0x00,0x00,0x00,0x00,0x00,0x00,0x00,0x00,
    0x00,0x00,0x00,0x00,0x00,0x00,0x00,0x00,0x00,0x00,0x00,0x00,0x00,0x00,0x00,0x00,
    0x00,0x00,0x00,0x00,0x03,0x00,0x04,0x8F,0xFF,0xFF,0xFC,0xFF,0xFF,0xFF,0xFF,0xFF,
    0xFF,0xFF,0xFF,0xFF,0xFF,0xFF,0xFF,0xFF,0xFF,0xFF,0xFF,0xFF,0xFF,0xFF,0xFF,0xFF,
    0xFF,0xFF,0xFF,0xFF,0xFF,0xFF,0xFF,0xFF,0xFF,0xFF,0xFF,0xFF,0xFF,0xFF,0xFF,0xFF,
    0xFF,0xFF,0xFF,0xFF,0xFF,0xFF,0xFF,0xFF,0xFF,0xFF,0xFF,0xFF,0xFF,0xFF,0xFF,0xFF,
    0xFF,0xFF,0xFF,0xFF,0xFF,0xFF,0xFF,0xFF,0xFF,0xFF,0xFF,0xFF,0xFF,0xFC,0xFF,0xFF,
    0x8F,0x04,0x00,0x03,0x00,0x00,0x00,0x00,0x00,0x00,0x00,0x00,0x00,0x00,0x00,0x00,
    0x00,0x00,0x00,0x00,0x00,0x00,0x00,0x00,0x00,0x00,0x00,0x00,0x00,0x00,0x00,0x00,
    0x00,0x00,0x00,0x00,0x00,0x00,0x00,0x00,0x00,0x00,0x00,0x03,0x00,0x19,0xC4,0xFF,
    0xFC,0xFE,0xFF,0xFF,0xFF,0xFF,0xFF,0xFF,0xFF,0xFF,0xFF,0xFF,0xFF,0xFF,0xFF,0xFF,
    0xFF,0xFF,0xFF,0xFF,0xFF,0xFF,0xFF,0xFF,0xFF,0xFF,0xFF,0xFF,0xFF,0xFF,0xFF,0xFF,
    0xFF,0xFF,0xFF,0xFF,0xFF,0xFF,0xFF,0xFF,0xFF,0xFF,0xFF,0xFF,0xFF,0xFF,0xFF,0xFF,
    0xFF,0xFF,0xFF,0xFF,0xFF,0xFF,0xFF,0xFF,0xFF,0xFF,0xFF,0xFF,0xFF,0xFF,0xFF,0xFF,
    0xFF,0xFF,0xFF,0xFF,0xFF,0xFF,0xFE,0xFC,0xFF,0xC4,0x19,0x00,0x03,0x00,0x00,0x00,
    0x00,0x00,0x00,0x00,0x00,0x00,0x00,0x00,0x00,0x00,0x00,0x00,0x00,0x00,0x00,0x00,
    0x00,0x00,0x00,0x00,0x00,0x00,0x00,0x00,0x00,0x00,0x00,0x00,0x00,0x00,0x00,0x00,
    0x00,0x00,0x04,0x00,0x35,0xE6,0xFF,0xFB,0xFF,0xFF,0xFF,0xFF,0xFF,0xFF,0xFF,0xFF,
    0xFF,0xFF,0xFF,0xFF,0xFF,0xFF,0xFF,0xFF,0xFF,0xFF,0xFF,0xFF,0xFF,0xFF,0xFF,0xFF,
    0xFF,0xFF,0xFF,0xFF,0xFF,0xFF,0xFF,0xFF,0xFF,0xFF,0xFF,0xFF,0xFF,0xFF,0xFF,0xFF,
    0xFF,0xFF,0xFF,0xFF,0xFF,0xFF,0xFF,0xFF,0xFF,0xFF,0xFF,0xFF,0xFF,0xFF,0xFF,0xFF,
    0xFF,0xFF,0xFF,0xFF,0xFF,0xFF,0xFF,0xFF,0xFF,0xFF,0xFF,0xFF,0xFF,0xFF,0xFF,0xFF,
    0xFB,0xFF,0xE6,0x35,0x00,0x04,0x00,0x00,0x00,0x00,0x00,0x00,0x00,0x00,0x00,0x00,
    0x00,0x00,0x00,0x00,0x00,0x00,0x00,0x00,0x00,0x00,0x00,0x00,0x00,0x00,0x00,0x00,
    0x00,0x00,0x00,0x00,0x00,0x00,0x00,0x00,0x00,0x04,0x00,0x3B,0xEE,0xFF,0xFB,0xFF,
    0xFF,0xFF,0xFF,0xFF,0xFF,0xFF,0xFF,0xFF,0xFF,0xFF,0xFF,0xFF,0xFF,0xFF,0xFF,0xFF,
    0xFF,0xFF,0xFF,0xFF,0xFF,0xFF,0xFF,0xFF,0xFF,0xFF,0xFF,0xFF,0xFF,0xFF,0xFF,0xFF,
    0xFF,0xFF,0xFF,0xFF,0xFF,0xFF,0xFF,0xFF,0xFF,0xFF,0xFF,0xFF,0xFF,0xFF,0xFF,0xFF,
    0xFF,0xFF,0xFF,0xFF,0xFF,0xFF,0xFF,0xFF,0xFF,0xFF,0xFF,0xFF,0xFF,0xFF,0xFF,0xFF,
    0xFF,0xFF,0xFF,0xFF,0xFF,0xFF,0xFF,0xFF,0xFF,0xFB,0xFF,0xEE,0x3B,0x00,0x04,0x00,
    0x00,0x00,0x00,0x00,0x00,0x00,0x00,0x00,0x00,0x00,0x00,0x00,0x00,0x00,0x00,0x00,
    0x00,0x00,0x00,0x00,0x00,0x00,0x00,0x00,0x00,0x00,0x00,0x00,0x00,0x00,0x00,0x00,
    0x04,0x00,0x65,0xFB,0xFF,0xFD,0xFF,0xFF,0xFF,0xFF,0xFF,0xFF,0xFF,0xFF,0xFF,0xFF,
    0xFF,0xFF,0xFF,0xFF,0xFF,0xFF,0xFF,0xFF,0xFF,0xFF,0xFF,0xFF,0xFF,0xFF,0xFF,0xFF,
    0xFF,0xFF,0xFF,0xFF,0xFF,0xFF,0xFF,0xFF,0xFF,0xFF,0xFF,0xFF,0xFF,0xFF,0xFF,0xFF,
    0xFF,0xFF,0xFF,0xFF,0xFF,0xFF,0xFF,0xFF,0xFF,0xFF,0xFF,0xFF,0xFF,0xFF,0xFF,0xFF,
    0xFF,0xFF,0xFF,0xFF,0xFF,0xFF,0xFF,0xFF,0xFF,0xFF,0xFF,0xFF,0xFF,0xFF,0xFF,0xFF,
    0xFF,0xFF,0xFD,0xFF,0xFB,0x65,0x00,0x04,0x00,0x00,0x00,0x00,0x00,0x00,0x00,0x00,
    0x00,0x00,0x00,0x00,0x00,0x00,0x00,0x00,0x00,0x00,0x00,0x00,0x00,0x00,0x00,0x00,
    0x00,0x00,0x00,0x00,0x00,0x00,0x00,0x04,0x00,0x65,0xFF,0xFE,0xFD,0xFF,0xFF,0xFF,
    0xFF,0xFF,0xFF,0xFF,0xFF,0xFF,0xFF,0xFF,0xFF,0xFF,0xFF,0xFF,0xFF,0xFF,0xFF,0xFF,
    0xFF,0xFF,0xFF,0xFF,0xFF,0xFF,0xFF,0xFF,0xFF,0xFF,0xFF,0xFF,0xFF,0xFF,0xFF,0xFF,
    0xFF,0xFF,0xFF,0xFF,0xFF,0xFF,0xFF,0xFF,0xFF,0xFF,0xFF,0xFF,0xFF,0xFF,0xFF,0xFF,
    0xFF,0xFF,0xFF,0xFF,0xFF,0xFF,0xFF,0xFF,0xFF,0xFF,0xFF,0xFF,0xFF,0xFF,0xFF,0xFF,
    0xFF,0xFF,0xFF,0xFF,0xFF,0xFF,0xFF,0xFF,0xFF,0xFF,0xFF,0xFD,0xFE,0xFF,0x65,0x00,
    0x04,0x00,0x00,0x00,0x00,0x00,0x00,0x00,0x00,0x00,0x00,0x00,0x00,0x00,0x00,0x00,
    0x00,0x00,0x00,0x00,0x00,0x00,0x00,0x00,0x00,0x00,0x00,0x00,0x00,0x00,0x04,0x00,
    0x65,0xFF,0xFC,0xFE,0xFF,0xFF,0xFF,0xFF,0xFF,0xFF,0xFF,0xFF,0xFF,0xFF,0xFF,0xFF,
    0xFF,0xFF,0xFF,0xFF,0xFF,0xFF,0xFF,0xFF,0xFF,0xFF,0xFF,0xFF,0xFF,0xFF,0xFF,0xFF,
    0xFF,0xFF,0xFF,0xFF,0xFF,0xFF,0xFF,0xFF,0xFF,0xFF,0xFF,0xFF,0xFF,0xFF,0xFF,0xFF,
    0xFF,0xFF,0xFF,0xFF,0xFF,0xFF,0xFF,0xFF,0xFF,0xFF,0xFF,0xFF,0xFF,0xFF,0xFF,0xFF,
    0xFF,0xFF,0xFF,0xFF,0xFF,0xFF,0xFF,0xFF,0xFF,0xFF,0xFF,0xFF,0xFF,0xFF,0xFF,0xFF,
    0xFF,0xFF,0xFF,0xFF,0xFE,0xFC,0xFF,0x65,0x00,0x04,0x00,0x00,0x00,0x00,0x00,0x00,
    0x00,0x00,0x00,0x00,0x00,0x00,0x00,0x00,0x00,0x00,0x00,0x00,0x00,0x00,0x00,0x00,
    0x00,0x00,0x00,0x00,0x00,0x03,0x00,0x39,0xFE,0xFD,0xFE,0xFF,0xFF,0xFF,0xFF,0xFF,
    0xFF,0xFF,0xFF,0xFF,0xFF,0xFF,0xFF,0xFF,0xFF,0xFF,0xFF,0xFF,0xFF,0xFF,0xFF,0xFF,
    0xFF,0xFF,0xFF,0xFF,0xFF,0xFF,0xFF,0xFF,0xFF,0xFF,0xFF,0xFF,0xFF,0xFF,0xFF,0xFF,
    0xFF,0xFF,0xFF,0xFF,0xFF,0xFF,0xFF,0xFF,0xFF,0xFF,0xFF,0xFF,0xFF,0xFF,0xFF,0xFF,
    0xFF,0xFF,0xFF,0xFF,0xFF,0xFF,0xFF,0xFF,0xFF,0xFF,0xFF,0xFF,0xFF,0xFF,0xFF,0xFF,
    0xFF,0xFF,0xFF,0xFF,0xFF,0xFF,0xFF,0xFF,0xFF,0xFF,0xFF,0xFF,0xFF,0xFE,0xFD,0xFE,
    0x39,0x00,0x03,0x00,0x00,0x00,0x00,0x00,0x00,0x00,0x00,0x00,0x00,0x00,0x00,0x00,
    0x00,0x00,0x00,0x00,0x00,0x00,0x00,0x00,0x00,0x00,0x00,0x00,0x02,0x00,0x36,0xED,
    0xFD,0xFD,0xFF,0xFF,0xFF,0xFF,0xFF,0xFF,0xFF,0xFF,0xFF,0xFF,0xFF,0xFF,0xFF,0xFF,
    0xFF,0xFF,0xFF,0xFF,0xFF,0xFF,0xFF,0xFF,0xFF,0xFF,0xFF,0xFF,0xFF,0xFF,0xFF,0xFF,
    0xFF,0xFF,0xFF,0xFF,0xFF,0xFF,0xFF,0xFF,0xFF,0xFF,0xFF,0xFF,0xFF,0xFF,0xFF,0xFF,
    0xFF,0xFF,0xFF,0xFF,0xFF,0xFF,0xFF,0xFF,0xFF,0xFF,0xFF,0xFF,0xFF,0xFF,0xFF,0xFF,
    0xFF,0xFF,0xFF,0xFF,0xFF,0xFF,0xFF,0xFF,0xFF,0xFF,0xFF,0xFF,0xFF,0xFF,0xFF,0xFF,
    0xFF,0xFF,0xFF,0xFF,0xFF,0xFF,0xFD,0xFD,0xED,0x36,0x00,0x02,0x00,0x00,0x00,0x00,
    0x00,0x00,0x00,0x00,0x00,0x00,0x00,0x00,0x00,0x00,0x00,0x00,0x00,0x00,0x00,0x00,
    0x00,0x00,0x00,0x02,0x01,0x16,0xE9,0xFF,0xFD,0xFF,0xFF,0xFF,0xFF,0xFF,0xFF,0xFF,
    0xFF,0xFF,0xFF,0xFF,0xFF,0xFF,0xFF,0xFF,0xFF,0xFF,0xFF,0xFF,0xFF,0xFF,0xFF,0xFF,
    0xFF,0xFF,0xFF,0xFF,0xFF,0xFF,0xFF,0xFF,0xFF,0xFF,0xFF,0xFF,0xFF,0xFF,0xFF,0xFF,
    0xFF,0xFF,0xFF,0xFF,0xFF,0xFF,0xFF,0xFF,0xFF,0xFF,0xFF,0xFF,0xFF,0xFF,0xFF,0xFF,
    0xFF,0xFF,0xFF,0xFF,0xFF,0xFF,0xFF,0xFF,0xFF,0xFF,0xFF,0xFF,0xFF,0xFF,0xFF,0xFF,
    0xFF,0xFF,0xFF,0xFF,0xFF,0xFF,0xFF,0xFF,0xFF,0xFF,0xFF,0xFF,0xFF,0xFF,0xFF,0xFD,
    0xFF,0xE9,0x16,0x01,0x02,0x00,0x00,0x00,0x00,0x00,0x00,0x00,0x00,0x00,0x00,0x00,
    0x00,0x00,0x00,0x00,0x00,0x00,0x00,0x00,0x00,0x00,0x01,0x03,0x03,0xC6,0xFF,0xFC,
    0xFF,0xFF,0xFF,0xFF,0xFF,0xFF,0xFF,0xFF,0xFF,0xFF,0xFF,0xFF,0xFF,0xFF,0xFF,0xFF,
    0xFF,0xFF,0xFF,0xFF,0xFF,0xFF,0xFF,0xFF,0xFF,0xFF,0xFF,0xFF,0xFF,0xFF,0xFF,0xFF,
    0xFF,0xFF,0xFF,0xFF,0xFF,0xFF,0xFF,0xFF,0xFF,0xFF,0xFF,0xFF,0xFF,0xFF,0xFF,0xFF,
    0xFF,0xFF,0xFF,0xFF,0xFF,0xFF,0xFF,0xFF,0xFF,0xFF,0xFF,0xFF,0xFF,0xFF,0xFF,0xFF,
    0xFF,0xFF,0xFF,0xFF,0xFF,0xFF,0xFF,0xFF,0xFF,0xFF,0xFF,0xFF,0xFF,0xFF,0xFF,0xFF,
    0xFF,0xFF,0xFF,0xFF,0xFF,0xFF,0xFF,0xFF,0xFC,0xFF,0xC6,0x03,0x03,0x01,0x00,0x00,
    0x00,0x00,0x00,0x00,0x00,0x00,0x00,0x00,0x00,0x00,0x00,0x00,0x00,0x00,0x00,0x00,
    0x00,0x00,0x04,0x00,0x8F,0xFF,0xFB,0xFF,0xFF,0xFF,0xFF,0xFF,0xFF,0xFF,0xFF,0xFF,
    0xFF,0xFF,0xFF,0xFF,0xFF,0xFF,0xFF,0xFF,0xFF,0xFF,0xFF,0xFF,0xFF,0xFF,0xFF,0xFF,
    0xFF,0xFF,0xFF,0xFF,0xFF,0xFF,0xFF,0xFF,0xFF,0xFF,0xFF,0xFF,0xFF,0xFF,0xFF,0xFF,
    0xFF,0xFF,0xFF,0xFF,0xFF,0xFF,0xFF,0xFF,0xFF,0xFF,0xFF,0xFF,0xFF,0xFF,0xFF,0xFF,
    0xFF,0xFF,0xFF,0xFF,0xFF,0xFF,0xFF,0xFF,0xFF,0xFF,0xFF,0xFF,0xFF,0xFF,0xFF,0xFF,
    0xFF,0xFF,0xFF,0xFF,0xFF,0xFF,0xFF,0xFF,0xFF,0xFF,0xFF,0xFF,0xFF,0xFF,0xFF,0xFF,
    0xFF,0xFB,0xFF,0x8F,0x00,0x04,0x00,0x00,0x00,0x00,0x00,0x00,0x00,0x00,0x00,0x00,
    0x00,0x00,0x00,0x00,0x00,0x00,0x00,0x00,0x00,0x03,0x00,0x54,0xFF,0xFB,0xFF,0xFF,
    0xFF,0xFF,0xFF,0xFF,0xFF,0xFF,0xFF,0xFF,0xFF,0xFF,0xFF,0xFF,0xFF,0xFF,0xFF,0xFF,
    0xFF,0xFF,0xFF,0xFF,0xFF,0xFF,0xFF,0xFF,0xFF,0xFF,0xFF,0xFF,0xFF,0xFF,0xFF,0xFF,
    0xFF,0xFF,0xFF,0xFF,0xFF,0xFF,0xFF,0xFF,0xFF,0xFF,0xFF,0xFF,0xFF,0xFF,0xFF,0xFF,
    0xFF,0xFF,0xFF,0xFF,0xFF,0xFF,0xFF,0xFF,0xFF,0xFF,0xFF,0xFF,0xFF,0xFF,0xFF,0xFF,
    0xFF,0xFF,0xFF,0xFF,0xFF,0xFF,0xFF,0xFF,0xFF,0xFF,0xFF,0xFF,0xFF,0xFF,0xFF,0xFF,
    0xFF,0xFF,0xFF,0xFF,0xFF,0xFF,0xFF,0xFF,0xFF,0xFF,0xFB,0xFF,0x54,0x00,0x03,0x00,
    0x00,0x00,0x00,0x00,0x00,0x00,0x00,0x00,0x00,0x00,0x00,0x00,0x00,0x00,0x00,0x00,
    0x02,0x01,0x23,0xEE,0xFD,0xFE,0xFF,0xFF,0xFF,0xFF,0xFF,0xFF,0xFF,0xFF,0xFF,0xFF,
    0xFF,0xFF,0xFF,0xFF,0xFF,0xFF,0xFF,0xFF,0xFF,0xFF,0xFF,0xFF,0xFF,0xFF,0xFF,0xFF,
    0xFF,0xFF,0xFF,0xFF,0xFF,0xFF,0xFF,0xFF,0xFF,0xFF,0xFF,0xFF,0xFF,0xFF,0xFF,0xFF,
    0xFF,0xFF,0xFF,0xFF,0xFF,0xFF,0xFF,0xFF,0xFF,0xFF,0xFF,0xFF,0xFF,0xFF,0xFF,0xFF,
    0xFF,0xFF,0xFF,0xFF,0xFF,0xFF,0xFF,0xFF,0xFF,0xFF,0xFF,0xFF,0xFF,0xFF,0xFF,0xFF,
    0xFF,0xFF,0xFF,0xFF,0xFF,0xFF,0xFF,0xFF,0xFF,0xFF,0xFF,0xFF,0xFF,0xFF,0xFF,0xFF,
    0xFF,0xFF,0xFE,0xFD,0xEE,0x23,0x01,0x02,0x00,0x00,0x00,0x00,0x00,0x00,0x00,0x00,
    0x00,0x00,0x00,0x00,0x00,0x00,0x00,0x00,0x03,0x00,0xBC,0xFF,0xFC,0xFF,0xFF,0xFF,
    0xFF,0xFF,0xFF,0xFF,0xFF,0xFF,0xFF,0xFF,0xFF,0xFF,0xFF,0xFF,0xFF,0xFF,0xFF,0xFF,
    0xFF,0xFF,0xFF,0xFF,0xFF,0xFF,0xFF,0xFF,0xFF,0xFF,0xFF,0xFF,0xFF,0xFF,0xFF,0xFF,
    0xFF,0xFF,0xFF,0xFF,0xFF,0xFF,0xFF,0xFF,0xFF,0xFF,0xFF,0xFF,0xFF,0xFF,0xFF,0xFF,
    0xFF,0xFF,0xFF,0xFF,0xFF,0xFF,0xFF,0xFF,0xFF,0xFF,0xFF,0xFF,0xFF,0xFF,0xFF,0xFF,
    0xFF,0xFF,0xFF,0xFF,0xFF,0xFF,0xFF,0xFF,0xFF,0xFF,0xFF,0xFF,0xFF,0xFF,0xFF,0xFF,
    0xFF,0xFF,0xFF,0xFF,0xFF,0xFF,0xFF,0xFF,0xFF,0xFF,0xFF,0xFC,0xFF,0xBC,0x00,0x03,
    0x00,0x00,0x00,0x00,0x00,0x00,0x00,0x00,0x00,0x00,0x00,0x00,0x00,0x00,0x00,0x03,
    0x00,0x6B,0xFF,0xFB,0xFF,0xFF,0xFF,0xFF,0xFF,0xFF,0xFF,0xFF,0xFF,0xFF,0xFF,0xFF,
    0xFF,0xFF,0xFF,0xFF,0xFF,0xFF,0xFF,0xFF,0xFF,0xFF,0xFF,0xFF,0xFF,0xFF,0xFF,0xFF,
    0xFF,0xFF,0xFF,0xFF,0xFF,0xFF,0xFF,0xFF,0xFF,0xFF,0xFF,0xFF,0xFF,0xFF,0xFF,0xFF,
    0xFF,0xFF,0xFF,0xFF,0xFF,0xFF,0xFF,0xFF,0xFF,0xFF,0xFF,0xFF,0xFF,0xFF,0xFF,0xFF,
    0xFF,0xFF,0xFF,0xFF,0xFF,0xFF,0xFF,0xFF,0xFF,0xFF,0xFF,0xFF,0xFF,0xFF,0xFF,0xFF,
    0xFF,0xFF,0xFF,0xFF,0xFF,0xFF,0xFF,0xFF,0xFF,0xFF,0xFF,0xFF,0xFF,0xFF,0xFF,0xFF,
    0xFF,0xFF,0xFF,0xFF,0xFB,0xFF,0x6B,0x00,0x03,0x00,0x00,0x00,0x00,0x00,0x00,0x00,
    0x00,0x00,0x00,0x00,0x00,0x00,0x02,0x01,0x18,0xEE,0xFD,0xFE,0xFF,0xFF,0xFF,0xFF,
    0xFF,0xFF,0xFF,0xFF,0xFF,0xFF,0xFF,0xFF,0xFF,0xFF,0xFF,0xFF,0xFF,0xFF,0xFF,0xFF,
    0xFF,0xFF,0xFF,0xFF,0xFF,0xFF,0xFF,0xFF,0xFF,0xFF,0xFF,0xFF,0xFF,0xFF,0xFF,0xFF,
    0xFF,0xFF,0xFF,0xFF,0xFF,0xFF,0xFF,0xFF,0xFF,0xFF,0xFF,0xFF,0xFF,0xFF,0xFF,0xFF,
    0xFF,0xFF,0xFF,0xFF,0xFF,0xFF,0xFF,0xFF,0xFF,0xFF,0xFF,0xFF,0xFF,0xFF,0xFF,0xFF,
    0xFF,0xFF,0xFF,0xFF,0xFF,0xFF,0xFF,0xFF,0xFF,0xFF,0xFF,0xFF,0xFF,0xFF,0xFF,0xFF,
    0xFF,0xFF,0xFF,0xFF,0xFF,0xFF,0xFF,0xFF,0xFF,0xFF,0xFF,0xFF,0xFE,0xFD,0xEE,0x18,
    0x01,0x02,0x00,0x00,0x00,0x00,0x00,0x00,0x00,0x00,0x00,0x00,0x00,0x00,0x03,0x00,
    0xA0,0xFF,0xFC,0xFF,0xFF,0xFF,0xFF,0xFF,0xFF,0xFF,0xFF,0xFF,0xFF,0xFF,0xFF,0xFF,
    0xFF,0xFF,0xFF,0xFF,0xFF,0xFF,0xFF,0xFF,0xFF,0xFF,0xFF,0xFF,0xFF,0xFF,0xFF,0xFF,
    0xFF,0xFF,0xFF,0xFF,0xFF,0xFF,0xFF,0xFF,0xFF,0xFF,0xFF,0xFF,0xFF,0xFF,0xFF,0xFF,
    0xFF,0xFF,0xFF,0xFF,0xFF,0xFF,0xFF,0xFF,0xFF,0xFF,0xFF,0xFF,0xFF,0xFF,0xFF,0xFF,
    0xFF,0xFF,0xFF,0xFF,0xFF,0xFF,0xFF,0xFF,0xFF,0xFF,0xFF,0xFF,0xFF,0xFF,0xFF,0xFF,
    0xFF,0xFF,0xFF,0xFF,0xFF,0xFF,0xFF,0xFF,0xFF,0xFF,0xFF,0xFF,0xFF,0xFF,0xFF,0xFF,
    0xFF,0xFF,0xFF,0xFF,0xFF,0xFC,0xFF,0xA0,0x00,0x03,0x00,0x00,0x00,0x00,0x00,0x00,
    0x00,0x00,0x00,0x00,0x00,0x03,0x01,0x3F,0xFD,0xFC,0xFF,0xFF,0xFF,0xFF,0xFF,0xFF,
    0xFF,0xFF,0xFF,0xFF,0xFF,0xFF,0xFF,0xFF,0xFF,0xFF,0xFF,0xFF,0xFF,0xFF,0xFF,0xFF,
    0xFF,0xFF,0xFF,0xFF,0xFF,0xFF,0xFF,0xFF,0xFF,0xFF,0xFF,0xFF,0xFF,0xFF,0xFF,0xFF,
    0xFF,0xFF,0xFF,0xFF,0xFF,0xFF,0xFF,0xFF,0xFF,0xFF,0xFF,0xFF,0xFF,0xFF,0xFF,0xFF,
    0xFF,0xFF,0xFF,0xFF,0xFF,0xFF,0xFF,0xFF,0xFF,0xFF,0xFF,0xFF,0xFF,0xFF,0xFF,0xFF,
    0xFF,0xFF,0xFF,0xFF,0xFF,0xFF,0xFF,0xFF,0xFF,0xFF,0xFF,0xFF,0xFF,0xFF,0xFF,0xFF,
    0xFF,0xFF,0xFF,0xFF,0xFF,0xFF,0xFF,0xFF,0xFF,0xFF,0xFF,0xFF,0xFF,0xFF,0xFC,0xFD,
    0x3F,0x01,0x03,0x00,0x00,0x00,0x00,0x00,0x00,0x00,0x00,0x00,0x00,0x02,0x00,0xBF,
    0xFF,0xFC,0xFF,0xFF,0xFF,0xFF,0xFF,0xFF,0xFF,0xFF,0xFF,0xFF,0xFF,0xFF,0xFF,0xFF,
    0xFF,0xFF,0xFF,0xFF,0xFF,0xFF,0xFF,0xFF,0xFF,0xFF,0xFF,0xFF,0xFF,0xFF,0xFF,0xFF,
    0xFF,0xFF,0xFF,0xFF,0xFF,0xFF,0xFF,0xFF,0xFF,0xFF,0xFF,0xFF,0xFF,0xFF,0xFF,0xFF,
    0xFF,0xFF,0xFF,0xFF,0xFF,0xFF,0xFF,0xFF,0xFF,0xFF,0xFF,0xFF,0xFF,0xFF,0xFF,0xFF,
    0xFF,0xFF,0xFF,0xFF,0xFF,0xFF,0xFF,0xFF,0xFF,0xFF,0xFF,0xFF,0xFF,0xFF,0xFF,0xFF,
    0xFF,0xFF,0xFF,0xFF,0xFF,0xFF,0xFF,0xFF,0xFF,0xFF,0xFF,0xFF,0xFF,0xFF,0xFF,0xFF,
    0xFF,0xFF,0xFF,0xFF,0xFF,0xFF,0xFC,0xFF,0xBF,0x00,0x02,0x00,0x00,0x00,0x00,0x00,
    0x00,0x00,0x00,0x00,0x03,0x00,0x56,0xFF,0xFC,0xFF,0xFF,0xFF,0xFF,0xFF,0xFF,0xFF,
    0xFF,0xFF,0xFF,0xFF,0xFF,0xFF,0xFF,0xFF,0xFF,0xFF,0xFF,0xFF,0xFF,0xFF,0xFF,0xFF,
    0xFF,0xFF,0xFF,0xFF,0xFF,0xFF,0xFF,0xFF,0xFF,0xFF,0xFF,0xFF,0xFF,0xFF,0xFF,0xFF,
    0xFF,0xFF,0xFF,0xFF,0xFF,0xFF,0xFF,0xFF,0xFF,0xFF,0xFF,0xFF,0xFF,0xFF,0xFF,0xFF,
    0xFF,0xFF,0xFF,0xFF,0xFF,0xFF,0xFF,0xFF,0xFF,0xFF,0xFF,0xFF,0xFF,0xFF,0xFF,0xFF,
    0xFF,0xFF,0xFF,0xFF,0xFF,0xFF,0xFF,0xFF,0xFF,0xFF,0xFF,0xFF,0xFF,0xFF,0xFF,0xFF,
    0xFF,0xFF,0xFF,0xFF,0xFF,0xFF,0xFF,0xFF,0xFF,0xFF,0xFF,0xFF,0xFF,0xFF,0xFF,0xFC,
    0xFF,0x56,0x00,0x03,0x00,0x00,0x00,0x00,0x00,0x00,0x00,0x00,0x02,0x04,0xD8,0xFF,
    0xFD,0xFF,0xFF,0xFF,0xFF,0xFF,0xFF,0xFF,0xFF,0xFF,0xFF,0xFF,0xFF,0xFF,0xFF,0xFF,
    0xFF,0xFF,0xFF,0xFF,0xFF,0xFF,0xFF,0xFF,0xFF,0xFF,0xFF,0xFF,0xFF,0xFF,0xFF,0xFF,
    0xFF,0xFF,0xFF,0xFF,0xFF,0xFF,0xFF,0xFF,0xFF,0xFF,0xFF,0xFF,0xFF,0xFF,0xFF,0xFF,
    0xFF,0xFF,0xFF,0xFF,0xFF,0xFF,0xFF,0xFF,0xFF,0xFF,0xFF,0xFF,0xFF,0xFF,0xFF,0xFF,
    0xFF,0xFF,0xFF,0xFF,0xFF,0xFF,0xFF,0xFF,0xFF,0xFF,0xFF,0xFF,0xFF,0xFF,0xFF,0xFF,
    0xFF,0xFF,0xFF,0xFF,0xFF,0xFF,0xFF,0xFF,0xFF,0xFF,0xFF,0xFF,0xFF,0xFF,0xFF,0xFF,
    0xFF,0xFF,0xFF,0xFF,0xFF,0xFF,0xFF,0xFD,0xFF,0xD8,0x04,0x02,0x00,0x00,0x00,0x00,
    0x00,0x00,0x00,0x03,0x00,0x41,0xFE,0xFD,0xFF,0xFF,0xFF,0xFF,0xFF,0xFF,0xFF,0xFF,
    0xFF,0xFF,0xFF,0xFF,0xFF,0xFF,0xFF,0xFF,0xFF,0xFF,0xFF,0xFF,0xFF,0xFF,0xFF,0xFF,
    0xFF,0xFF,0xFF,0xFF,0xFF,0xFF,0xFF,0xFF,0xFF,0xFF,0xFF,0xFF,0xFF,0xFF,0xFF,0xFF,
    0xFF,0xFF,0xFF,0xFF,0xFF,0xFF,0xFF,0xFF,0xFF,0xFF,0xFF,0xFF,0xFF,0xFF,0xFF,0xFF,
    0xFF,0xFF,0xFF,0xFF,0xFF,0xFF,0xFF,0xFF,0xFF,0xFF,0xFF,0xFF,0xFF,0xFF,0xFF,0xFF,
    0xFF,0xFF,0xFF,0xFF,0xFF,0xFF,0xFF,0xFF,0xFF,0xFF,0xFF,0xFF,0xFF,0xFF,0xFF,0xFF,
    0xFF,0xFF,0xFF,0xFF,0xFF,0xFF,0xFF,0xFF,0xFF,0xFF,0xFF,0xFF,0xFF,0xFF,0xFF,0xFF,
    0xFD,0xFE,0x41,0x00,0x03,0x00,0x00,0x00,0x00,0x00,0x00,0x02,0x02,0xBF,0xFF,0xFC,
    0xFF,0xFF,0xFF,0xFF,0xFF,0xFF,0xFF,0xFF,0xFF,0xFF,0xFF,0xFF,0xFF,0xFF,0xFF,0xFF,
    0xFF,0xFF,0xFF,0xFF,0xFF,0xFF,0xFF,0xFF,0xFF,0xFF,0xFF,0xFF,0xFF,0xFF,0xFF,0xFF,
    0xFF,0xFF,0xFF,0xFF,0xFF,0xFF,0xFF,0xFF,0xFF,0xFF,0xFF,0xFF,0xFF,0xFF,0xFF,0xFF,
    0xFF,0xFF,0xFF,0xFF,0xFF,0xFF,0xFF,0xFF,0xFF,0xFF,0xFF,0xFF,0xFF,0xFF,0xFF,0xFF,
    0xFF,0xFF,0xFF,0xFF,0xFF,0xFF,0xFF,0xFF,0xFF,0xFF,0xFF,0xFF,0xFF,0xFF,0xFF,0xFF,
    0xFF,0xFF,0xFF,0xFF,0xFF,0xFF,0xFF,0xFF,0xFF,0xFF,0xFF,0xFF,0xFF,0xFF,0xFF,0xFF,
    0xFF,0xFF,0xFF,0xFF,0xFF,0xFF,0xFF,0xFF,0xFC,0xFF,0xBF,0x02,0x02,0x00,0x00,0x00,
    0x00,0x00,0x03,0x01,0x36,0xFF,0xFD,0xFF,0xFF,0xFF,0xFF,0xFF,0xFF,0xFF,0xFF,0xFF,
    0xFF,0xFF,0xFF,0xFF,0xFF,0xFF,0xFF,0xFF,0xFF,0xFF,0xFF,0xFF,0xFF,0xFF,0xFF,0xFF,
    0xFF,0xFF,0xFF,0xFF,0xFF,0xFF,0xFF,0xFF,0xFF,0xFF,0xFF,0xFF,0xFF,0xFF,0xFF,0xFF,
    0xFF,0xFF,0xFF,0xFF,0xFF,0xFF,0xFF,0xFF,0xFF,0xFF,0xFF,0xFF,0xFF,0xFF,0xFF,0xFF,
    0xFF,0xFF,0xFF,0xFF,0xFF,0xFF,0xFF,0xFF,0xFF,0xFF,0xFF,0xFF,0xFF,0xFF,0xFF,0xFF,
    0xFF,0xFF,0xFF,0xFF,0xFF,0xFF,0xFF,0xFF,0xFF,0xFF,0xFF,0xFF,0xFF,0xFF,0xFF,0xFF,
    0xFF,0xFF,0xFF,0xFF,0xFF,0xFF,0xFF,0xFF,0xFF,0xFF,0xFF,0xFF,0xFF,0xFF,0xFF,0xFF,
    0xFF,0xFD,0xFF,0x36,0x01,0x03,0x00,0x00,0x00,0x00,0x03,0x00,0x9A,0xFF,0xFB,0xFF,
    0xFF,0xFF,0xFF,0xFF,0xFF,0xFF,0xFF,0xFF,0xFF,0xFF,0xFF,0xFF,0xFF,0xFF,0xFF,0xFF,
    0xFF,0xFF,0xFF,0xFF,0xFF,0xFF,0xFF,0xFF,0xFF,0xFF,0xFF,0xFF,0xFF,0xFF,0xFF,0xFF,
    0xFF,0xFF,0xFF,0xFF,0xFF,0xFF,0xFF,0xFF,0xFF,0xFF,0xFF,0xFF,0xFF,0xFF,0xFF,0xFF,
    0xFF,0xFF,0xFF,0xFF,0xFF,0xFF,0xFF,0xFF,0xFF,0xFF,0xFF,0xFF,0xFF,0xFF,0xFF,0xFF,
    0xFF,0xFF,0xFF,0xFF,0xFF,0xFF,0xFF,0xFF,0xFF,0xFF,0xFF,0xFF,0xFF,0xFF,0xFF,0xFF,
    0xFF,0xFF,0xFF,0xFF,0xFF,0xFF,0xFF,0xFF,0xFF,0xFF,0xFF,0xFF,0xFF,0xFF,0xFF,0xFF,
    0xFF,0xFF,0xFF,0xFF,0xFF,0xFF,0xFF,0xFF,0xFF,0xFB,0xFF,0x9A,0x00,0x03,0x00,0x00,
    0x00,0x01,0x00,0x15,0xEB,0xFE,0xFE,0xFF,0xFF,0xFF,0xFF,0xFF,0xFF,0xFF,0xFF,0xFF,
    0xFF,0xFF,0xFF,0xFF,0xFF,0xFF,0xFF,0xFF,0xFF,0xFF,0xFF,0xFF,0xFF,0xFF,0xFF,0xFF,
    0xFF,0xFF,0xFF,0xFF,0xFF,0xFF,0xFF,0xFF,0xFF,0xFF,0xFF,0xFF,0xFF,0xFF,0xFF,0xFF,
    0xFF,0xFF,0xFF,0xFF,0xFF,0xFF,0xFF,0xFF,0xFF,0xFF,0xFF,0xFF,0xFF,0xFF,0xFF,0xFF,
    0xFF,0xFF,0xFF,0xFF,0xFF,0xFF,0xFF,0xFF,0xFF,0xFF,0xFF,0xFF,0xFF,0xFF,0xFF,0xFF,
    0xFF,0xFF,0xFF,0xFF,0xFF,0xFF,0xFF,0xFF,0xFF,0xFF,0xFF,0xFF,0xFF,0xFF,0xFF,0xFF,
    0xFF,0xFF,0xFF,0xFF,0xFF,0xFF,0xFF,0xFF,0xFF,0xFF,0xFF,0xFF,0xFF,0xFF,0xFF,0xFF,
    0xFF,0xFE,0xFE,0xEB,0x15,0x00,0x01,0x00,0x00,0x04,0x00,0x60,0xFF,0xFC,0xFF,0xFF,
    0xFF,0xFF,0xFF,0xFF,0xFF,0xFF,0xFF,0xFF,0xFF,0xFF,0xFF,0xFF,0xFF,0xFF,0xFF,0xFF,
    0xFF,0xFF,0xFF,0xFF,0xFF,0xFF,0xFF,0xFF,0xFF,0xFF,0xFF,0xFF,0xFF,0xFF,0xFF,0xFF,
    0xFF,0xFF,0xFF,0xFF,0xFF,0xFF,0xFF,0xFF,0xFF,0xFF,0xFF,0xFF,0xFF,0xFF,0xFF,0xFF,
    0xFF,0xFF,0xFF,0xFF,0xFF,0xFF,0xFF,0xFF,0xFF,0xFF,0xFF,0xFF,0xFF,0xFF,0xFF,0xFF,
    0xFF,0xFF,0xFF,0xFF,0xFF,0xFF,0xFF,0xFF,0xFF,0xFF,0xFF,0xFF,0xFF,0xFF,0xFF,0xFF,
    0xFF,0xFF,0xFF,0xFF,0xFF,0xFF,0xFF,0xFF,0xFF,0xFF,0xFF,0xFF,0xFF,0xFF,0xFF,0xFF,
    0xFF,0xFF,0xFF,0xFF,0xFF,0xFF,0xFF,0xFF,0xFF,0xFF,0xFC,0xFF,0x60,0x00,0x04,0x00,
    0x00,0x02,0x00,0xB4,0xFE,0xFC,0xFF,0xFF,0xFF,0xFF,0xFF,0xFF,0xFF,0xFF,0xFF,0xFF,
    0xFF,0xFF,0xFF,0xFF,0xFF,0xFF,0xFF,0xFF,0xFF,0xFF,0xFF,0xFF,0xFF,0xFF,0xFF,0xFF,
    0xFF,0xFF,0xFF,0xFF,0xFF,0xFF,0xFF,0xFF,0xFF,0xFF,0xFF,0xFF,0xFF,0xFF,0xFF,0xFF,
    0xFF,0xFF,0xFF,0xFF,0xFF,0xFF,0xFF,0xFF,0xFF,0xFF,0xFF,0xFF,0xFF,0xFF,0xFF,0xFF,
    0xFF,0xFF,0xFF,0xFF,0xFF,0xFF,0xFF,0xFF,0xFF,0xFF,0xFF,0xFF,0xFF,0xFF,0xFF,0xFF,
    0xFF,0xFF,0xFF,0xFF,0xFF,0xFF,0xFF,0xFF,0xFF,0xFF,0xFF,0xFF,0xFF,0xFF,0xFF,0xFF,
    0xFF,0xFF,0xFF,0xFF,0xFF,0xFF,0xFF,0xFF,0xFF,0xFF,0xFF,0xFF,0xFF,0xFF,0xFF,0xFF,
    0xFF,0xFF,0xFC,0xFE,0xB4,0x00,0x02,0x00,0x01,0x00,0x18,0xF1,0xFF,0xFE,0xFF,0xFF,
    0xFF,0xFF,0xFF,0xFF,0xFF,0xFF,0xFF,0xFF,0xFF,0xFF,0xFF,0xFF,0xFF,0xFF,0xFF,0xFF,
    0xFF,0xFF,0xFF,0xFF,0xFF,0xFF,0xFF,0xFF,0xFF,0xFF,0xFF,0xFF,0xFF,0xFF,0xFF,0xFF,
    0xFF,0xFF,0xFF,0xFF,0xFF,0xFF,0xFF,0xFF,0xFF,0xFF,0xFF,0xFF,0xFF,0xFF,0xFF,0xFF,
    0xFF,0xFF,0xFF,0xFF,0xFF,0xFF,0xFF,0xFF,0xFF,0xFF,0xFF,0xFF,0xFF,0xFF,0xFF,0xFF,
    0xFF,0xFF,0xFF,0xFF,0xFF,0xFF,0xFF,0xFF,0xFF,0xFF,0xFF,0xFF,0xFF,0xFF,0xFF,0xFF,
    0xFF,0xFF,0xFF,0xFF,0xFF,0xFF,0xFF,0xFF,0xFF,0xFF,0xFF,0xFF,0xFF,0xFF,0xFF,0xFF,
    0xFF,0xFF,0xFF,0xFF,0xFF,0xFF,0xFF,0xFF,0xFF,0xFF,0xFE,0xFF,0xF1,0x18,0x00,0x01,
    0x04,0x00,0x61,0xFF,0xFC,0xFF,0xFF,0xFF,0xFF,0xFF,0xFF,0xFF,0xFF,0xFF,0xFF,0xFF,
    0xFF,0xFF,0xFF,0xFF,0xFF,0xFF,0xFF,0xFF,0xFF,0xFF,0xFF,0xFF,0xFF,0xFF,0xFF,0xFF,
    0xFF,0xFF,0xFF,0xFF,0xFF,0xFF,0xFF,0xFF,0xFF,0xFF,0xFF,0xFF,0xFF,0xFF,0xFF,0xFF,
    0xFF,0xFF,0xFF,0xFF,0xFF,0xFF,0xFF,0xFF,0xFF,0xFF,0xFF,0xFF,0xFF,0xFF,0xFF,0xFF,
    0xFF,0xFF,0xFF,0xFF,0xFF,0xFF,0xFF,0xFF,0xFF,0xFF,0xFF,0xFF,0xFF,0xFF,0xFF,0xFF,
    0xFF,0xFF,0xFF,0xFF,0xFF,0xFF,0xFF,0xFF,0xFF,0xFF,0xFF,0xFF,0xFF,0xFF,0xFF,0xFF,
    0xFF,0xFF,0xFF,0xFF,0xFF,0xFF,0xFF,0xFF,0xFF,0xFF,0xFF,0xFF,0xFF,0xFF,0xFF,0xFF,
    0xFF,0xFF,0xFF,0xFC,0xFF,0x61,0x00,0x04,0x04,0x00,0xB0,0xFF,0xFC,0xFF,0xFF,0xFF,
    0xFF,0xFF,0xFF,0xFF,0xFF,0xFF,0xFF,0xFF,0xFF,0xFF,0xFF,0xFF,0xFF,0xFF,0xFF,0xFF,
    0xFF,0xFF,0xFF,0xFF,0xFF,0xFF,0xFF,0xFF,0xFF,0xFF,0xFF,0xFF,0xFF,0xFF,0xFF,0xFF,
    0xFF,0xFF,0xFF,0xFF,0xFF,0xFF,0xFF,0xFF,0xFF,0xFF,0xFF,0xFF,0xFF,0xFF,0xFF,0xFF,
    0xFF,0xFF,0xFF,0xFF,0xFF,0xFF,0xFF,0xFF,0xFF,0xFF,0xFF,0xFF,0xFF,0xFF,0xFF,0xFF,
    0xFF,0xFF,0xFF,0xFF,0xFF,0xFF,0xFF,0xFF,0xFF,0xFF,0xFF,0xFF,0xFF,0xFF,0xFF,0xFF,
    0xFF,0xFF,0xFF,0xFF,0xFF,0xFF,0xFF,0xFF,0xFF,0xFF,0xFF,0xFF,0xFF,0xFF,0xFF,0xFF,
    0xFF,0xFF,0xFF,0xFF,0xFF,0xFF,0xFF,0xFF,0xFF,0xFF,0xFF,0xFC,0xFF,0xB0,0x00,0x04,
    0x01,0x0A,0xE5,0xFF,0xFE,0xFF,0xFF,0xFF,0xFF,0xFF,0xFF,0xFF,0xFF,0xFF,0xFF,0xFF,
    0xFF,0xFF,0xFF,0xFF,0xFF,0xFF,0xFF,0xFF,0xFF,0xFF,0xFF,0xFF,0xFF,0xFF,0xFF,0xFF,
    0xFF,0xFF,0xFF,0xFF,0xFF,0xFF,0xFF,0xFF,0xFF,0xFF,0xFF,0xFF,0xFF,0xFF,0xFF,0xFF,
    0xFF,0xFF,0xFF,0xFF,0xFF,0xFF,0xFF,0xFF,0xFF,0xFF,0xFF,0xFF,0xFF,0xFF,0xFF,0xFF,
    0xFF,0xFF,0xFF,0xFF,0xFF,0xFF,0xFF,0xFF,0xFF,0xFF,0xFF,0xFF,0xFF,0xFF,0xFF,0xFF,
    0xFF,0xFF,0xFF,0xFF,0xFF,0xFF,0xFF,0xFF,0xFF,0xFF,0xFF,0xFF,0xFF,0xFF,0xFF,0xFF,
    0xFF,0xFF,0xFF,0xFF,0xFF,0xFF,0xFF,0xFF,0xFF,0xFF,0xFF,0xFF,0xFF,0xFF,0xFF,0xFF,
    0xFF,0xFF,0xFF,0xFE,0xFF,0xE5,0x0A,0x01,0x00,0x32,0xFD,0xFE,0xFF,0xFF,0xFF,0xFF,
    0xFF,0xFF,0xFF,0xFF,0xFF,0xFF,0xFF,0xFF,0xFF,0xFF,0xFF,0xFF,0xFF,0xFF,0xFF,0xFF,
    0xFF,0xFF,0xFF,0xFF,0xFF,0xFF,0xFF,0xFF,0xFF,0xFF,0xFF,0xFF,0xFF,0xFF,0xFF,0xFF,
    0xFF,0xFF,0xFF,0xFF,0xFF,0xFF,0xFF,0xFF,0xFF,0xFF,0xFF,0xFF,0xFF,0xFF,0xFF,0xFF,
    0xFF,0xFF,0xFF,0xFF,0xFF,0xFF,0xFF,0xFF,0xFF,0xFF,0xFF,0xFF,0xFF,0xFF,0xFF,0xFF,
    0xFF,0xFF,0xFF,0xFF,0xFF,0xFF,0xFF,0xFF,0xFF,0xFF,0xFF,0xFF,0xFF,0xFF,0xFF,0xFF,
    0xFF,0xFF,0xFF,0xFF,0xFF,0xFF,0xFF,0xFF,0xFF,0xFF,0xFF,0xFF,0xFF,0xFF,0xFF,0xFF,
    0xFF,0xFF,0xFF,0xFF,0xFF,0xFF,0xFF,0xFF,0xFF,0xFF,0xFF,0xFF,0xFE,0xFD,0x32,0x00,
    0x00,0x6E,0xFF,0xFB,0xFF,0xFF,0xFF,0xFF,0xFF,0xFF,0xFF,0xFF,0xFF,0xFF,0xFF,0xFF,
    0xFF,0xFF,0xFF,0xFF,0xFF,0xFF,0xFF,0xFF,0xFF,0xFF,0xFF,0xFF,0xFF,0xFF,0xFF,0xFF,
    0xFF,0xFF,0xFF,0xFF,0xFF,0xFF,0xFF,0xFF,0xFF,0xFF,0xFF,0xFF,0xFF,0xFF,0xFF,0xFF,
    0xFF,0xFF,0xFF,0xFF,0xFF,0xFF,0xFF,0xFF,0xFF,0xFF,0xFF,0xFF,0xFF,0xFF,0xFF,0xFF,
    0xFF,0xFF,0xFF,0xFF,0xFF,0xFF,0xFF,0xFF,0xFF,0xFF,0xFF,0xFF,0xFF,0xFF,0xFF,0xFF,
    0xFF,0xFF,0xFF,0xFF,0xFF,0xFF,0xFF,0xFF,0xFF,0xFF,0xFF,0xFF,0xFF,0xFF,0xFF,0xFF,
    0xFF,0xFF,0xFF,0xFF,0xFF,0xFF,0xFF,0xFF,0xFF,0xFF,0xFF,0xFF,0xFF,0xFF,0xFF,0xFF,
    0xFF,0xFF,0xFF,0xFF,0xFB,0xFF,0x6E,0x00,0x00,0xAA,0xFF,0xFC,0xFF,0xFF,0xFF,0xFF,
    0xFF,0xFF,0xFF,0xFF,0xFF,0xFF,0xFF,0xFF,0xFF,0xFF,0xFF,0xFF,0xFF,0xFF,0xFF,0xFF,
    0xFF,0xFF,0xFF,0xFF,0xFF,0xFF,0xFF,0xFF,0xFF,0xFF,0xFF,0xFF,0xFF,0xFF,0xFF,0xFF,
    0xFF,0xFF,0xFF,0xFF,0xFF,0xFF,0xFF,0xFF,0xFF,0xFF,0xFF,0xFF,0xFF,0xFF,0xFF,0xFF,
    0xFF,0xFF,0xFF,0xFF,0xFF,0xFF,0xFF,0xFF,0xFF,0xFF,0xFF,0xFF,0xFF,0xFF,0xFF,0xFF,
    0xFF,0xFF,0xFF,0xFF,0xFF,0xFF,0xFF,0xFF,0xFF,0xFF,0xFF,0xFF,0xFF,0xFF,0xFF,0xFF,
    0xFF,0xFF,0xFF,0xFF,0xFF,0xFF,0xFF,0xFF,0xFF,0xFF,0xFF,0xFF,0xFF,0xFF,0xFF,0xFF,
    0xFF,0xFF,0xFF,0xFF,0xFF,0xFF,0xFF,0xFF,0xFF,0xFF,0xFF,0xFF,0xFC,0xFF,0xAA,0x00,
    0x06,0xD4,0xFF,0xFD,0xFF,0xFF,0xFF,0xFF,0xFF,0xFF,0xFF,0xFF,0xFF,0xFF,0xFF,0xFF,
    0xFF,0xFF,0xFF,0xFF,0xFF,0xFF,0xFF,0xFF,0xFF,0xFF,0xFF,0xFF,0xFF,0xFF,0xFF,0xFF,
    0xFF,0xFF,0xFF,0xFF,0xFF,0xFF,0xFF,0xFF,0xFF,0xFF,0xFF,0xFF,0xFF,0xFF,0xFF,0xFF,
    0xFF,0xFF,0xFF,0xFF,0xFF,0xFF,0xFF,0xFF,0xFF,0xFF,0xFF,0xFF,0xFF,0xFF,0xFF,0xFF,
    0xFF,0xFF,0xFF,0xFF,0xFF,0xFF,0xFF,0xFF,0xFF,0xFF,0xFF,0xFF,0xFF,0xFF,0xFF,0xFF,
    0xFF,0xFF,0xFF,0xFF,0xFF,0xFF,0xFF,0xFF,0xFF,0xFF,0xFF,0xFF,0xFF,0xFF,0xFF,0xFF,
    0xFF,0xFF,0xFF,0xFF,0xFF,0xFF,0xFF,0xFF,0xFF,0xFF,0xFF,0xFF,0xFF,0xFF,0xFF,0xFF,
    0xFF,0xFF,0xFF,0xFF,0xFD,0xFF,0xD4,0x06,0x21,0xF3,0xFF,0xFE,0xFF,0xFF,0xFF,0xFF,
    0xFF,0xFF,0xFF,0xFF,0xFF,0xFF,0xFF,0xFF,0xFF,0xFF,0xFF,0xFF,0xFF,0xFF,0xFF,0xFF,
    0xFF,0xFF,0xFF,0xFF,0xFF,0xFF,0xFF,0xFF,0xFF,0xFF,0xFF,0xFF,0xFF,0xFF,0xFF,0xFF,
    0xFF,0xFF,0xFF,0xFF,0xFF,0xFF,0xFF,0xFF,0xFF,0xFF,0xFF,0xFF,0xFF,0xFF,0xFF,0xFF,
    0xFF,0xFF,0xFF,0xFF,0xFF,0xFF,0xFF,0xFF,0xFF,0xFF,0xFF,0xFF,0xFF,0xFF,0xFF,0xFF,
    0xFF,0xFF,0xFF,0xFF,0xFF,0xFF,0xFF,0xFF,0xFF,0xFF,0xFF,0xFF,0xFF,0xFF,0xFF,0xFF,
    0xFF,0xFF,0xFF,0xFF,0xFF,0xFF,0xFF,0xFF,0xFF,0xFF,0xFF,0xFF,0xFF,0xFF,0xFF,0xFF,
    0xFF,0xFF,0xFF,0xFF,0xFF,0xFF,0xFF,0xFF,0xFF,0xFF,0xFF,0xFF,0xFE,0xFF,0xF3,0x21,
    0x45,0xFF,0xFE,0xFF,0xFF,0xFF,0xFF,0xFF,0xFF,0xFF,0xFF,0xFF,0xFF,0xFF,0xFF,0xFF,
    0xFF,0xFF,0xFF,0xFF,0xFF,0xFF,0xFF,0xFF,0xFF,0xFF,0xFF,0xFF,0xFF,0xFF,0xFF,0xFF,
    0xFF,0xFF,0xFF,0xFF,0xFF,0xFF,0xFF,0xFF,0xFF,0xFF,0xFF,0xFF,0xFF,0xFF,0xFF,0xFF,
    0xFF,0xFF,0xFF,0xFF,0xFF,0xFF,0xFF,0xFF,0xFF,0xFF,0xFF,0xFF,0xFF,0xFF,0xFF,0xFF,
    0xFF,0xFF,0xFF,0xFF,0xFF,0xFF,0xFF,0xFF,0xFF,0xFF,0xFF,0xFF,0xFF,0xFF,0xFF,0xFF,
    0xFF,0xFF,0xFF,0xFF,0xFF,0xFF,0xFF,0xFF,0xFF,0xFF,0xFF,0xFF,0xFF,0xFF,0xFF,0xFF,
    0xFF,0xFF,0xFF,0xFF,0xFF,0xFF,0xFF,0xFF,0xFF,0xFF,0xFF,0xFF,0xFF,0xFF,0xFF,0xFF,
    0xFF,0xFF,0xFF,0xFF,0xFF,0xFE,0xFF,0x45,0x77,0xFF,0xFD,0xFF,0xFF,0xFF,0xFF,0xFF,
    0xFF,0xFF,0xFF,0xFF,0xFF,0xFF,0xFF,0xFF,0xFF,0xFF,0xFF,0xFF,0xFF,0xFF,0xFF,0xFF,
    0xFF,0xFF,0xFF,0xFF,0xFF,0xFF,0xFF,0xFF,0xFF,0xFF,0xFF,0xFF,0xFF,0xFF,0xFF,0xFF,
    0xFF,0xFF,0xFF,0xFF,0xFF,0xFF,0xFF,0xFF,0xFF,0xFF,0xFF,0xFF,0xFF,0xFF,0xFF,0xFF,
    0xFF,0xFF,0xFF,0xFF,0xFF,0xFF,0xFF,0xFF,0xFF,0xFF,0xFF,0xFF,0xFF,0xFF,0xFF,0xFF,
    0xFF,0xFF,0xFF,0xFF,0xFF,0xFF,0xFF,0xFF,0xFF,0xFF,0xFF,0xFF,0xFF,0xFF,0xFF,0xFF,
    0xFF,0xFF,0xFF,0xFF,0xFF,0xFF,0xFF,0xFF,0xFF,0xFF,0xFF,0xFF,0xFF,0xFF,0xFF,0xFF,
    0xFF,0xFF,0xFF,0xFF,0xFF,0xFF,0xFF,0xFF,0xFF,0xFF,0xFF,0xFF,0xFF,0xFD,0xFF,0x77,
    0x89,0xFF,0xFC,0xFF,0xFF,0xFF,0xFF,0xFF,0xFF,0xFF,0xFF,0xFF,0xFF,0xFF,0xFF,0xFF,
    0xFF,0xFF,0xFF,0xFF,0xFF,0xFF,0xFF,0xFF,0xFF,0xFF,0xFF,0xFF,0xFF,0xFF,0xFF,0xFF,
    0xFF,0xFF,0xFF,0xFF,0xFF,0xFF,0xFF,0xFF,0xFF,0xFF,0xFF,0xFF,0xFF,0xFF,0xFF,0xFF,
    0xFF,0xFF,0xFF,0xFF,0xFF,0xFF,0xFF,0xFF,0xFF,0xFF,0xFF,0xFF,0xFF,0xFF,0xFF,0xFF,
    0xFF,0xFF,0xFF,0xFF,0xFF,0xFF,0xFF,0xFF,0xFF,0xFF,0xFF,0xFF,0xFF,0xFF,0xFF,0xFF,
    0xFF,0xFF,0xFF,0xFF,0xFF,0xFF,0xFF,0xFF,0xFF,0xFF,0xFF,0xFF,0xFF,0xFF,0xFF,0xFF,
    0xFF,0xFF,0xFF,0xFF,0xFF,0xFF,0xFF,0xFF,0xFF,0xFF,0xFF,0xFF,0xFF,0xFF,0xFF,0xFF,
    0xFF,0xFF,0xFF,0xFF,0xFF,0xFC,0xFF,0x89,0xB9,0xFF,0xFD,0xFF,0xFF,0xFF,0xFF,0xFF,
    0xFF,0xFF,0xFF,0xFF,0xFF,0xFF,0xFF,0xFF,0xFF,0xFF,0xFF,0xFF,0xFF,0xFF,0xFF,0xFF,
    0xFF,0xFF,0xFF,0xFF,0xFF,0xFF,0xFF,0xFF,0xFF,0xFF,0xFF,0xFF,0xFF,0xFF,0xFF,0xFF,
    0xFF,0xFF,0xFF,0xFF,0xFF,0xFF,0xFF,0xFF,0xFF,0xFF,0xFF,0xFF,0xFF,0xFF,0xFF,0xFF,
    0xFF,0xFF,0xFF,0xFF,0xFF,0xFF,0xFF,0xFF,0xFF,0xFF,0xFF,0xFF,0xFF,0xFF,0xFF,0xFF,
    0xFF,0xFF,0xFF,0xFF,0xFF,0xFF,0xFF,0xFF,0xFF,0xFF,0xFF,0xFF,0xFF,0xFF,0xFF,0xFF,
    0xFF,0xFF,0xFF,0xFF,0xFF,0xFF,0xFF,0xFF,0xFF,0xFF,0xFF,0xFF,0xFF,0xFF,0xFF,0xFF,
    0xFF,0xFF,0xFF,0xFF,0xFF,0xFF,0xFF,0xFF,0xFF,0xFF,0xFF,0xFF,0xFF,0xFD,0xFF,0xB9,
    0xCF,0xFF,0xFD,0xFF,0xFF,0xFF,0xFF,0xFF,0xFF,0xFF,0xFF,0xFF,0xFF,0xFF,0xFF,0xFF,
    0xFF,0xFF,0xFF,0xFF,0xFF,0xFF,0xFF,0xFF,0xFF,0xFF,0xFF,0xFF,0xFF,0xFF,0xFF,0xFF,
    0xFF,0xFF,0xFF,0xFF,0xFF,0xFF,0xFF,0xFF,0xFF,0xFF,0xFF,0xFF,0xFF,0xFF,0xFF,0xFF,
    0xFF,0xFF,0xFF,0xFF,0xFF,0xFF,0xFF,0xFF,0xFF,0xFF,0xFF,0xFF,0xFF,0xFF,0xFF,0xFF,
    0xFF,0xFF,0xFF,0xFF,0xFF,0xFF,0xFF,0xFF,0xFF,0xFF,0xFF,0xFF,0xFF,0xFF,0xFF,0xFF,
    0xFF,0xFF,0xFF,0xFF,0xFF,0xFF,0xFF,0xFF,0xFF,0xFF,0xFF,0xFF,0xFF,0xFF,0xFF,0xFF,
    0xFF,0xFF,0xFF,0xFF,0xFF,0xFF,0xFF,0xFF,0xFF,0xFF,0xFF,0xFF,0xFF,0xFF,0xFF,0xFF,
    0xFF,0xFF,0xFF,0xFF,0xFF,0xFD,0xFF,0xCF,0xC8,0xFF,0xFD,0xFF,0xFF,0xFF,0xFF,0xFF,
    0xFF,0xFF,0xFF,0xFF,0xFF,0xFF,0xFF,0xFF,0xFF,0xFF,0xFF,0xFF,0xFF,0xFF,0xFF,0xFF,
    0xFF,0xFF,0xFF,0xFF,0xFF,0xFF,0xFF,0xFF,0xFF,0xFF,0xFF,0xFF,0xFF,0xFF,0xFF,0xFF,
    0xFF,0xFF,0xFF,0xFF,0xFF,0xFF,0xFF,0xFF,0xFF,0xFF,0xFF,0xFF,0xFF,0xFF,0xFF,0xFF,
    0xFF,0xFF,0xFF,0xFF,0xFF,0xFF,0xFF,0xFF,0xFF,0xFF,0xFF,0xFF,0xFF,0xFF,0xFF,0xFF,
    0xFF,0xFF,0xFF,0xFF,0xFF,0xFF,0xFF,0xFF,0xFF,0xFF,0xFF,0xFF,0xFF,0xFF,0xFF,0xFF,
    0xFF,0xFF,0xFF,0xFF,0xFF,0xFF,0xFF,0xFF,0xFF,0xFF,0xFF,0xFF,0xFF,0xFF,0xFF,0xFF,
    0xFF,0xFF,0xFF,0xFF,0xFF,0xFF,0xFF,0xFF,0xFF,0xFF,0xFF,0xFF,0xFF,0xFD,0xFF,0xC8,
    0xF2,0xFF,0xFE,0xFF,0xFF,0xFF,0xFF,0xFF,0xFF,0xFF,0xFF,0xFF,0xFF,0xFF,0xFF,0xFF,
    0xFF,0xFF,0xFF,0xFF,0xFF,0xFF,0xFF,0xFF,0xFF,0xFF,0xFF,0xFF,0xFF,0xFF,0xFF,0xFF,
    0xFF,0xFF,0xFF,0xFF,0xFF,0xFF,0xFF,0xFF,0xFF,0xFF,0xFF,0xFF,0xFF,0xFF,0xFF,0xFF,
    0xFF,0xFF,0xFF,0xFF,0xFF,0xFF,0xFF,0xFF,0xFF,0xFF,0xFF,0xFF,0xFF,0xFF,0xFF,0xFF,
    0xFF,0xFF,0xFF,0xFF,0xFF,0xFF,0xFF,0xFF,0xFF,0xFF,0xFF,0xFF,0xFF,0xFF,0xFF,0xFF,
    0xFF,0xFF,0xFF,0xFF,0xFF,0xFF,0xFF,0xFF,0xFF,0xFF,0xFF,0xFF,0xFF,0xFF,0xFF,0xFF,
    0xFF,0xFF,0xFF,0xFF,0xFF,0xFF,0xFF,0xFF,0xFF,0xFF,0xFF,0xFF,0xFF,0xFF,0xFF,0xFF,
    0xFF,0xFF,0xFF,0xFF,0xFF,0xFE,0xFF,0xF2,0xFF,0xFF,0xFF,0xFF,0xFF,0xFF,0xFF,0xFF,
    0xFF,0xFF,0xFF,0xFF,0xFF,0xFF,0xFF,0xFF,0xFF,0xFF,0xFF,0xFF,0xFF,0xFF,0xFF,0xFF,
    0xFF,0xFF,0xFF,0xFF,0xFF,0xFF,0xFF,0xFF,0xFF,0xFF,0xFF,0xFF,0xFF,0xFF,0xFF,0xFF,
    0xFF,0xFF,0xFF,0xFF,0xFF,0xFF,0xFF,0xFF,0xFF,0xFF,0xFF,0xFF,0xFF,0xFF,0xFF,0xFF,
    0xFF,0xFF,0xFF,0xFF,0xFF,0xFF,0xFF,0xFF,0xFF,0xFF,0xFF,0xFF,0xFF,0xFF,0xFF,0xFF,
    0xFF,0xFF,0xFF,0xFF,0xFF,0xFF,0xFF,0xFF,0xFF,0xFF,0xFF,0xFF,0xFF,0xFF,0xFF,0xFF,
    0xFF,0xFF,0xFF,0xFF,0xFF,0xFF,0xFF,0xFF,0xFF,0xFF,0xFF,0xFF,0xFF,0xFF,0xFF,0xFF,
    0xFF,0xFF,0xFF,0xFF,0xFF,0xFF,0xFF,0xFF,0xFF,0xFF,0xFF,0xFF,0xFF,0xFF,0xFF,0xFF,
    0xFE,0xFF,0xFF,0xFF,0xFF,0xFF,0xFF,0xFF,0xFF,0xFF,0xFF,0xFF,0xFF,0xFF,0xFF,0xFF,
    0xFF,0xFF,0xFF,0xFF,0xFF,0xFF,0xFF,0xFF,0xFF,0xFF,0xFF,0xFF,0xFF,0xFF,0xFF,0xFF,
    0xFF,0xFF,0xFF,0xFF,0xFF,0xFF,0xFF,0xFF,0xFF,0xFF,0xFF,0xFF,0xFF,0xFF,0xFF,0xFF,
    0xFF,0xFF,0xFF,0xFF,0xFF,0xFF,0xFF,0xFF,0xFF,0xFF,0xFF,0xFF,0xFF,0xFF,0xFF,0xFF,
    0xFF,0xFF,0xFF,0xFF,0xFF,0xFF,0xFF,0xFF,0xFF,0xFF,0xFF,0xFF,0xFF,0xFF,0xFF,0xFF,
    0xFF,0xFF,0xFF,0xFF,0xFF,0xFF,0xFF,0xFF,0xFF,0xFF,0xFF,0xFF,0xFF,0xFF,0xFF,0xFF,
    0xFF,0xFF,0xFF,0xFF,0xFF,0xFF,0xFF,0xFF,0xFF,0xFF,0xFF,0xFF,0xFF,0xFF,0xFF,0xFF,
    0xFF,0xFF,0xFF,0xFF,0xFF,0xFF,0xFF,0xFE,0xFF,0xFF,0xFF,0xFF,0xFF,0xFF,0xFF,0xFF,
    0xFF,0xFF,0xFF,0xFF,0xFF,0xFF,0xFF,0xFF,0xFF,0xFF,0xFF,0xFF,0xFF,0xFF,0xFF,0xFF,
    0xFF,0xFF,0xFF,0xFF,0xFF,0xFF,0xFF,0xFF,0xFF,0xFF,0xFF,0xFF,0xFF,0xFF,0xFF,0xFF,
    0xFF,0xFF,0xFF,0xFF,0xFF,0xFF,0xFF,0xFF,0xFF,0xFF,0xFF,0xFF,0xFF,0xFF,0xFF,0xFF,
    0xFF,0xFF,0xFF,0xFF,0xFF,0xFF,0xFF,0xFF,0xFF,0xFF,0xFF,0xFF,0xFF,0xFF,0xFF,0xFF,
    0xFF,0xFF,0xFF,0xFF,0xFF,0xFF,0xFF,0xFF,0xFF,0xFF,0xFF,0xFF,0xFF,0xFF,0xFF,0xFF,
    0xFF,0xFF,0xFF,0xFF,0xFF,0xFF,0xFF,0xFF,0xFF,0xFF,0xFF,0xFF,0xFF,0xFF,0xFF,0xFF,
    0xFF,0xFF,0xFF,0xFF,0xFF,0xFF,0xFF,0xFF,0xFF,0xFF,0xFF,0xFF,0xFF,0xFF,0xFF,0xFF,
    0xFF,0xFF,0xFF,0xFF,0xFF,0xFF,0xFF,0xFF,0xFF,0xFF,0xFF,0xFF,0xFF,0xFF,0xFF,0xFF,
    0xFF,0xFF,0xFF,0xFF,0xFF,0xFF,0xFF,0xFF,0xFF,0xFF,0xFF,0xFF,0xFF,0xFF,0xFF,0xFF,
    0xFF,0xFF,0xFF,0xFF,0xFF,0xFF,0xFF,0xFF,0xFF,0xFF,0xFF,0xFF,0xFF,0xFF,0xFF,0xFF,
    0xFF,0xFF,0xFF,0xFF,0xFF,0xFF,0xFF,0xFF,0xFF,0xFF,0xFF,0xFF,0xFF,0xFF,0xFF,0xFF,
    0xFF,0xFF,0xFF,0xFF,0xFF,0xFF,0xFF,0xFF,0xFF,0xFF,0xFF,0xFF,0xFF,0xFF,0xFF,0xFF,
    0xFF,0xFF,0xFF,0xFF,0xFF,0xFF,0xFF,0xFF,0xFF,0xFF,0xFF,0xFF,0xFF,0xFF,0xFF,0xFF,
    0xFF,0xFF,0xFF,0xFF,0xFF,0xFF,0xFF,0xFF,0xFF,0xFF,0xFF,0xFF,0xFF,0xFF,0xFF,0xFF,
    0xFF,0xFF,0xFF,0xFF,0xFF,0xFF,0xFF,0xFF,0xFE,0xFF,0xFF,0xFF,0xFF,0xFF,0xFF,0xFF,
    0xFF,0xFF,0xFF,0xFF,0xFF,0xFF,0xFF,0xFF,0xFF,0xFF,0xFF,0xFF,0xFF,0xFF,0xFF,0xFF,
    0xFF,0xFF,0xFF,0xFF,0xFF,0xFF,0xFF,0xFF,0xFF,0xFF,0xFF,0xFF,0xFF,0xFF,0xFF,0xFF,
    0xFF,0xFF,0xFF,0xFF,0xFF,0xFF,0xFF,0xFF,0xFF,0xFF,0xFF,0xFF,0xFF,0xFF,0xFF,0xFF,
    0xFF,0xFF,0xFF,0xFF,0xFF,0xFF,0xFF,0xFF,0xFF,0xFF,0xFF,0xFF,0xFF,0xFF,0xFF,0xFF,
    0xFF,0xFF,0xFF,0xFF,0xFF,0xFF,0xFF,0xFF,0xFF,0xFF,0xFF,0xFF,0xFF,0xFF,0xFF,0xFF,
    0xFF,0xFF,0xFF,0xFF,0xFF,0xFF,0xFF,0xFF,0xFF,0xFF,0xFF,0xFF,0xFF,0xFF,0xFF,0xFF,
    0xFF,0xFF,0xFF,0xFF,0xFF,0xFF,0xFF,0xFF,0xFF,0xFF,0xFF,0xFF,0xFF,0xFF,0xFF,0xFE,
    0xFF,0xFF,0xFF,0xFF,0xFF,0xFF,0xFF,0xFF,0xFF,0xFF,0xFF,0xFF,0xFF,0xFF,0xFF,0xFF,
    0xFF,0xFF,0xFF,0xFF,0xFF,0xFF,0xFF,0xFF,0xFF,0xFF,0xFF,0xFF,0xFF,0xFF,0xFF,0xFF,
    0xFF,0xFF,0xFF,0xFF,0xFF,0xFF,0xFF,0xFF,0xFF,0xFF,0xFF,0xFF,0xFF,0xFF,0xFF,0xFF,
    0xFF,0xFF,0xFF,0xFF,0xFF,0xFF,0xFF,0xFF,0xFF,0xFF,0xFF,0xFF,0xFF,0xFF,0xFF,0xFF,
    0xFF,0xFF,0xFF,0xFF,0xFF,0xFF,0xFF,0xFF,0xFF,0xFF,0xFF,0xFF,0xFF,0xFF,0xFF,0xFF,
    0xFF,0xFF,0xFF,0xFF,0xFF,0xFF,0xFF,0xFF,0xFF,0xFF,0xFF,0xFF,0xFF,0xFF,0xFF,0xFF,
    0xFF,0xFF,0xFF,0xFF,0xFF,0xFF,0xFF,0xFF,0xFF,0xFF,0xFF,0xFF,0xFF,0xFF,0xFF,0xFF,
    0xFF,0xFF,0xFF,0xFF,0xFF,0xFF,0xFF,0xFF,0xF2,0xFF,0xFE,0xFF,0xFF,0xFF,0xFF,0xFF,
    0xFF,0xFF,0xFF,0xFF,0xFF,0xFF,0xFF,0xFF,0xFF,0xFF,0xFF,0xFF,0xFF,0xFF,0xFF,0xFF,
    0xFF,0xFF,0xFF,0xFF,0xFF,0xFF,0xFF,0xFF,0xFF,0xFF,0xFF,0xFF,0xFF,0xFF,0xFF,0xFF,
    0xFF,0xFF,0xFF,0xFF,0xFF,0xFF,0xFF,0xFF,0xFF,0xFF,0xFF,0xFF,0xFF,0xFF,0xFF,0xFF,
    0xFF,0xFF,0xFF,0xFF,0xFF,0xFF,0xFF,0xFF,0xFF,0xFF,0xFF,0xFF,0xFF,0xFF,0xFF,0xFF,
    0xFF,0xFF,0xFF,0xFF,0xFF,0xFF,0xFF,0xFF,0xFF,0xFF,0xFF,0xFF,0xFF,0xFF,0xFF,0xFF,
    0xFF,0xFF,0xFF,0xFF,0xFF,0xFF,0xFF,0xFF,0xFF,0xFF,0xFF,0xFF,0xFF,0xFF,0xFF,0xFF,
    0xFF,0xFF,0xFF,0xFF,0xFF,0xFF,0xFF,0xFF,0xFF,0xFF,0xFF,0xFF,0xFF,0xFE,0xFF,0xF2,
    0xC8,0xFF,0xFD,0xFF,0xFF,0xFF,0xFF,0xFF,0xFF,0xFF,0xFF,0xFF,0xFF,0xFF,0xFF,0xFF,
    0xFF,0xFF,0xFF,0xFF,0xFF,0xFF,0xFF,0xFF,0xFF,0xFF,0xFF,0xFF,0xFF,0xFF,0xFF,0xFF,
    0xFF,0xFF,0xFF,0xFF,0xFF,0xFF,0xFF,0xFF,0xFF,0xFF,0xFF,0xFF,0xFF,0xFF,0xFF,0xFF,
    0xFF,0xFF,0xFF,0xFF,0xFF,0xFF,0xFF,0xFF,0xFF,0xFF,0xFF,0xFF,0xFF,0xFF,0xFF,0xFF,
    0xFF,0xFF,0xFF,0xFF,0xFF,0xFF,0xFF,0xFF,0xFF,0xFF,0xFF,0xFF,0xFF,0xFF,0xFF,0xFF,
    0xFF,0xFF,0xFF,0xFF,0xFF,0xFF,0xFF,0xFF,0xFF,0xFF,0xFF,0xFF,0xFF,0xFF,0xFF,0xFF,
    0xFF,0xFF,0xFF,0xFF,0xFF,0xFF,0xFF,0xFF,0xFF,0xFF,0xFF,0xFF,0xFF,0xFF,0xFF,0xFF,
    0xFF,0xFF,0xFF,0xFF,0xFF,0xFD,0xFF,0xC8,0xCF,0xFF,0xFD,0xFF,0xFF,0xFF,0xFF,0xFF,
    0xFF,0xFF,0xFF,0xFF,0xFF,0xFF,0xFF,0xFF,0xFF,0xFF,0xFF,0xFF,0xFF,0xFF,0xFF,0xFF,
    0xFF,0xFF,0xFF,0xFF,0xFF,0xFF,0xFF,0xFF,0xFF,0xFF,0xFF,0xFF,0xFF,0xFF,0xFF,0xFF,
    0xFF,0xFF,0xFF,0xFF,0xFF,0xFF,0xFF,0xFF,0xFF,0xFF,0xFF,0xFF,0xFF,0xFF,0xFF,0xFF,
    0xFF,0xFF,0xFF,0xFF,0xFF,0xFF,0xFF,0xFF,0xFF,0xFF,0xFF,0xFF,0xFF,0xFF,0xFF,0xFF,
    0xFF,0xFF,0xFF,0xFF,0xFF,0xFF,0xFF,0xFF,0xFF,0xFF,0xFF,0xFF,0xFF,0xFF,0xFF,0xFF,
    0xFF,0xFF,0xFF,0xFF,0xFF,0xFF,0xFF,0xFF,0xFF,0xFF,0xFF,0xFF,0xFF,0xFF,0xFF,0xFF,
    0xFF,0xFF,0xFF,0xFF,0xFF,0xFF,0xFF,0xFF,0xFF,0xFF,0xFF,0xFF,0xFF,0xFD,0xFF,0xCF,
    0xB9,0xFF,0xFD,0xFF,0xFF,0xFF,0xFF,0xFF,0xFF,0xFF,0xFF,0xFF,0xFF,0xFF,0xFF,0xFF,
    0xFF,0xFF,0xFF,0xFF,0xFF,0xFF,0xFF,0xFF,0xFF,0xFF,0xFF,0xFF,0xFF,0xFF,0xFF,0xFF,
    0xFF,0xFF,0xFF,0xFF,0xFF,0xFF,0xFF,0xFF,0xFF,0xFF,0xFF,0xFF,0xFF,0xFF,0xFF,0xFF,
    0xFF,0xFF,0xFF,0xFF,0xFF,0xFF,0xFF,0xFF,0xFF,0xFF,0xFF,0xFF,0xFF,0xFF,0xFF,0xFF,
    0xFF,0xFF,0xFF,0xFF,0xFF,0xFF,0xFF,0xFF,0xFF,0xFF,0xFF,0xFF,0xFF,0xFF,0xFF,0xFF,
    0xFF,0xFF,0xFF,0xFF,0xFF,0xFF,0xFF,0xFF,0xFF,0xFF,0xFF,0xFF,0xFF,0xFF,0xFF,0xFF,
    0xFF,0xFF,0xFF,0xFF,0xFF,0xFF,0xFF,0xFF,0xFF,0xFF,0xFF,0xFF,0xFF,0xFF,0xFF,0xFF,
    0xFF,0xFF,0xFF,0xFF,0xFF,0xFD,0xFF,0xB9,0x89,0xFF,0xFC,0xFF,0xFF,0xFF,0xFF,0xFF,
    0xFF,0xFF,0xFF,0xFF,0xFF,0xFF,0xFF,0xFF,0xFF,0xFF,0xFF,0xFF,0xFF,0xFF,0xFF,0xFF,
    0xFF,0xFF,0xFF,0xFF,0xFF,0xFF,0xFF,0xFF,0xFF,0xFF,0xFF,0xFF,0xFF,0xFF,0xFF,0xFF,
    0xFF,0xFF,0xFF,0xFF,0xFF,0xFF,0xFF,0xFF,0xFF,0xFF,0xFF,0xFF,0xFF,0xFF,0xFF,0xFF,
    0xFF,0xFF,0xFF,0xFF,0xFF,0xFF,0xFF,0xFF,0xFF,0xFF,0xFF,0xFF,0xFF,0xFF,0xFF,0xFF,
    0xFF,0xFF,0xFF,0xFF,0xFF,0xFF,0xFF,0xFF,0xFF,0xFF,0xFF,0xFF,0xFF,0xFF,0xFF,0xFF,
    0xFF,0xFF,0xFF,0xFF,0xFF,0xFF,0xFF,0xFF,0xFF,0xFF,0xFF,0xFF,0xFF,0xFF,0xFF,0xFF,
    0xFF,0xFF,0xFF,0xFF,0xFF,0xFF,0xFF,0xFF,0xFF,0xFF,0xFF,0xFF,0xFF,0xFC,0xFF,0x89,
    0x77,0xFF,0xFD,0xFF,0xFF,0xFF,0xFF,0xFF,0xFF,0xFF,0xFF,0xFF,0xFF,0xFF,0xFF,0xFF,
    0xFF,0xFF,0xFF,0xFF,0xFF,0xFF,0xFF,0xFF,0xFF,0xFF,0xFF,0xFF,0xFF,0xFF,0xFF,0xFF,
    0xFF,0xFF,0xFF,0xFF,0xFF,0xFF,0xFF,0xFF,0xFF,0xFF,0xFF,0xFF,0xFF,0xFF,0xFF,0xFF,
    0xFF,0xFF,0xFF,0xFF,0xFF,0xFF,0xFF,0xFF,0xFF,0xFF,0xFF,0xFF,0xFF,0xFF,0xFF,0xFF,
    0xFF,0xFF,0xFF,0xFF,0xFF,0xFF,0xFF,0xFF,0xFF,0xFF,0xFF,0xFF,0xFF,0xFF,0xFF,0xFF,
    0xFF,0xFF,0xFF,0xFF,0xFF,0xFF,0xFF,0xFF,0xFF,0xFF,0xFF,0xFF,0xFF,0xFF,0xFF,0xFF,
    0xFF,0xFF,0xFF,0xFF,0xFF,0xFF,0xFF,0xFF,0xFF,0xFF,0xFF,0xFF,0xFF,0xFF,0xFF,0xFF,
    0xFF,0xFF,0xFF,0xFF,0xFF,0xFD,0xFF,0x77,0x45,0xFF,0xFE,0xFF,0xFF,0xFF,0xFF,0xFF,
    0xFF,0xFF,0xFF,0xFF,0xFF,0xFF,0xFF,0xFF,0xFF,0xFF,0xFF,0xFF,0xFF,0xFF,0xFF,0xFF,
    0xFF,0xFF,0xFF,0xFF,0xFF,0xFF,0xFF,0xFF,0xFF,0xFF,0xFF,0xFF,0xFF,0xFF,0xFF,0xFF,
    0xFF,0xFF,0xFF,0xFF,0xFF,0xFF,0xFF,0xFF,0xFF,0xFF,0xFF,0xFF,0xFF,0xFF,0xFF,0xFF,
    0xFF,0xFF,0xFF,0xFF,0xFF,0xFF,0xFF,0xFF,0xFF,0xFF,0xFF,0xFF,0xFF,0xFF,0xFF,0xFF,
    0xFF,0xFF,0xFF,0xFF,0xFF,0xFF,0xFF,0xFF,0xFF,0xFF,0xFF,0xFF,0xFF,0xFF,0xFF,0xFF,
    0xFF,0xFF,0xFF,0xFF,0xFF,0xFF,0xFF,0xFF,0xFF,0xFF,0xFF,0xFF,0xFF,0xFF,0xFF,0xFF,
    0xFF,0xFF,0xFF,0xFF,0xFF,0xFF,0xFF,0xFF,0xFF,0xFF,0xFF,0xFF,0xFF,0xFE,0xFF,0x45,
    0x21,0xF3,0xFF,0xFE,0xFF,0xFF,0xFF,0xFF,0xFF,0xFF,0xFF,0xFF,0xFF,0xFF,0xFF,0xFF,
    0xFF,0xFF,0xFF,0xFF,0xFF,0xFF,0xFF,0xFF,0xFF,0xFF,0xFF,0xFF,0xFF,0xFF,0xFF,0xFF,
    0xFF,0xFF,0xFF,0xFF,0xFF,0xFF,0xFF,0xFF,0xFF,0xFF,0xFF,0xFF,0xFF,0xFF,0xFF,0xFF,
    0xFF,0xFF,0xFF,0xFF,0xFF,0xFF,0xFF,0xFF,0xFF,0xFF,0xFF,0xFF,0xFF,0xFF,0xFF,0xFF,
    0xFF,0xFF,0xFF,0xFF,0xFF,0xFF,0xFF,0xFF,0xFF,0xFF,0xFF,0xFF,0xFF,0xFF,0xFF,0xFF,
    0xFF,0xFF,0xFF,0xFF,0xFF,0xFF,0xFF,0xFF,0xFF,0xFF,0xFF,0xFF,0xFF,0xFF,0xFF,0xFF,
    0xFF,0xFF,0xFF,0xFF,0xFF,0xFF,0xFF,0xFF,0xFF,0xFF,0xFF,0xFF,0xFF,0xFF,0xFF,0xFF,
    0xFF,0xFF,0xFF,0xFF,0xFE,0xFF,0xF3,0x21,0x06,0xD4,0xFF,0xFD,0xFF,0xFF,0xFF,0xFF,
    0xFF,0xFF,0xFF,0xFF,0xFF,0xFF,0xFF,0xFF,0xFF,0xFF,0xFF,0xFF,0xFF,0xFF,0xFF,0xFF,
    0xFF,0xFF,0xFF,0xFF,0xFF,0xFF,0xFF,0xFF,0xFF,0xFF,0xFF,0xFF,0xFF,0xFF,0xFF,0xFF,
    0xFF,0xFF,0xFF,0xFF,0xFF,0xFF,0xFF,0xFF,0xFF,0xFF,0xFF,0xFF,0xFF,0xFF,0xFF,0xFF,
    0xFF,0xFF,0xFF,0xFF,0xFF,0xFF,0xFF,0xFF,0xFF,0xFF,0xFF,0xFF,0xFF,0xFF,0xFF,0xFF,
    0xFF,0xFF,0xFF,0xFF,0xFF,0xFF,0xFF,0xFF,0xFF,0xFF,0xFF,0xFF,0xFF,0xFF,0xFF,0xFF,
    0xFF,0xFF,0xFF,0xFF,0xFF,0xFF,0xFF,0xFF,0xFF,0xFF,0xFF,0xFF,0xFF,0xFF,0xFF,0xFF,
    0xFF,0xFF,0xFF,0xFF,0xFF,0xFF,0xFF,0xFF,0xFF,0xFF,0xFF,0xFF,0xFD,0xFF,0xD4,0x06,
    0x00,0xAA,0xFF,0xFC,0xFF,0xFF,0xFF,0xFF,0xFF,0xFF,0xFF,0xFF,0xFF,0xFF,0xFF,0xFF,
    0xFF,0xFF,0xFF,0xFF,0xFF,0xFF,0xFF,0xFF,0xFF,0xFF,0xFF,0xFF,0xFF,0xFF,0xFF,0xFF,
    0xFF,0xFF,0xFF,0xFF,0xFF,0xFF,0xFF,0xFF,0xFF,0xFF,0xFF,0xFF,0xFF,0xFF,0xFF,0xFF,
    0xFF,0xFF,0xFF,0xFF,0xFF,0xFF,0xFF,0xFF,0xFF,0xFF,0xFF,0xFF,0xFF,0xFF,0xFF,0xFF,
    0xFF,0xFF,0xFF,0xFF,0xFF,0xFF,0xFF,0xFF,0xFF,0xFF,0xFF,0xFF,0xFF,0xFF,0xFF,0xFF,
    0xFF,0xFF,0xFF,0xFF,0xFF,0xFF,0xFF,0xFF,0xFF,0xFF,0xFF,0xFF,0xFF,0xFF,0xFF,0xFF,
    0xFF,0xFF,0xFF,0xFF,0xFF,0xFF,0xFF,0xFF,0xFF,0xFF,0xFF,0xFF,0xFF,0xFF,0xFF,0xFF,
    0xFF,0xFF,0xFF,0xFF,0xFC,0xFF,0xAA,0x00,0x00,0x6E,0xFF,0xFB,0xFF,0xFF,0xFF,0xFF,
    0xFF,0xFF,0xFF,0xFF,0xFF,0xFF,0xFF,0xFF,0xFF,0xFF,0xFF,0xFF,0xFF,0xFF,0xFF,0xFF,
    0xFF,0xFF,0xFF,0xFF,0xFF,0xFF,0xFF,0xFF,0xFF,0xFF,0xFF,0xFF,0xFF,0xFF,0xFF,0xFF,
    0xFF,0xFF,0xFF,0xFF,0xFF,0xFF,0xFF,0xFF,0xFF,0xFF,0xFF,0xFF,0xFF,0xFF,0xFF,0xFF,
    0xFF,0xFF,0xFF,0xFF,0xFF,0xFF,0xFF,0xFF,0xFF,0xFF,0xFF,0xFF,0xFF,0xFF,0xFF,0xFF,
    0xFF,0xFF,0xFF,0xFF,0xFF,0xFF,0xFF,0xFF,0xFF,0xFF,0xFF,0xFF,0xFF,0xFF,0xFF,0xFF,
    0xFF,0xFF,0xFF,0xFF,0xFF,0xFF,0xFF,0xFF,0xFF,0xFF,0xFF,0xFF,0xFF,0xFF,0xFF,0xFF,
    0xFF,0xFF,0xFF,0xFF,0xFF,0xFF,0xFF,0xFF,0xFF,0xFF,0xFF,0xFF,0xFB,0xFF,0x6E,0x00,
    0x00,0x32,0xFD,0xFE,0xFF,0xFF,0xFF,0xFF,0xFF,0xFF,0xFF,0xFF,0xFF,0xFF,0xFF,0xFF,
    0xFF,0xFF,0xFF,0xFF,0xFF,0xFF,0xFF,0xFF,0xFF,0xFF,0xFF,0xFF,0xFF,0xFF,0xFF,0xFF,
    0xFF,0xFF,0xFF,0xFF,0xFF,0xFF,0xFF,0xFF,0xFF,0xFF,0xFF,0xFF,0xFF,0xFF,0xFF,0xFF,
    0xFF,0xFF,0xFF,0xFF,0xFF,0xFF,0xFF,0xFF,0xFF,0xFF,0xFF,0xFF,0xFF,0xFF,0xFF,0xFF,
    0xFF,0xFF,0xFF,0xFF,0xFF,0xFF,0xFF,0xFF,0xFF,0xFF,0xFF,0xFF,0xFF,0xFF,0xFF,0xFF,
    0xFF,0xFF,0xFF,0xFF,0xFF,0xFF,0xFF,0xFF,0xFF,0xFF,0xFF,0xFF,0xFF,0xFF,0xFF,0xFF,
    0xFF,0xFF,0xFF,0xFF,0xFF,0xFF,0xFF,0xFF,0xFF,0xFF,0xFF,0xFF,0xFF,0xFF,0xFF,0xFF,
    0xFF,0xFF,0xFF,0xFF,0xFE,0xFD,0x32,0x00,0x01,0x0A,0xE5,0xFF,0xFE,0xFF,0xFF,0xFF,
    0xFF,0xFF,0xFF,0xFF,0xFF,0xFF,0xFF,0xFF,0xFF,0xFF,0xFF,0xFF,0xFF,0xFF,0xFF,0xFF,
    0xFF,0xFF,0xFF,0xFF,0xFF,0xFF,0xFF,0xFF,0xFF,0xFF,0xFF,0xFF,0xFF,0xFF,0xFF,0xFF,
    0xFF,0xFF,0xFF,0xFF,0xFF,0xFF,0xFF,0xFF,0xFF,0xFF,0xFF,0xFF,0xFF,0xFF,0xFF,0xFF,
    0xFF,0xFF,0xFF,0xFF,0xFF,0xFF,0xFF,0xFF,0xFF,0xFF,0xFF,0xFF,0xFF,0xFF,0xFF,0xFF,
    0xFF,0xFF,0xFF,0xFF,0xFF,0xFF,0xFF,0xFF,0xFF,0xFF,0xFF,0xFF,0xFF,0xFF,0xFF,0xFF,
    0xFF,0xFF,0xFF,0xFF,0xFF,0xFF,0xFF,0xFF,0xFF,0xFF,0xFF,0xFF,0xFF,0xFF,0xFF,0xFF,
    0xFF,0xFF,0xFF,0xFF,0xFF,0xFF,0xFF,0xFF,0xFF,0xFF,0xFF,0xFE,0xFF,0xE5,0x0A,0x01,
    0x04,0x00,0xB0,0xFF,0xFC,0xFF,0xFF,0xFF,0xFF,0xFF,0xFF,0xFF,0xFF,0xFF,0xFF,0xFF,
    0xFF,0xFF,0xFF,0xFF,0xFF,0xFF,0xFF,0xFF,0xFF,0xFF,0xFF,0xFF,0xFF,0xFF,0xFF,0xFF,
    0xFF,0xFF,0xFF,0xFF,0xFF,0xFF,0xFF,0xFF,0xFF,0xFF,0xFF,0xFF,0xFF,0xFF,0xFF,0xFF,
    0xFF,0xFF,0xFF,0xFF,0xFF,0xFF,0xFF,0xFF,0xFF,0xFF,0xFF,0xFF,0xFF,0xFF,0xFF,0xFF,
    0xFF,0xFF,0xFF,0xFF,0xFF,0xFF,0xFF,0xFF,0xFF,0xFF,0xFF,0xFF,0xFF,0xFF,0xFF,0xFF,
    0xFF,0xFF,0xFF,0xFF,0xFF,0xFF,0xFF,0xFF,0xFF,0xFF,0xFF,0xFF,0xFF,0xFF,0xFF,0xFF,
    0xFF,0xFF,0xFF,0xFF,0xFF,0xFF,0xFF,0xFF,0xFF,0xFF,0xFF,0xFF,0xFF,0xFF,0xFF,0xFF,
    0xFF,0xFF,0xFF,0xFC,0xFF,0xB0,0x00,0x04,0x04,0x00,0x61,0xFF,0xFC,0xFF,0xFF,0xFF,
    0xFF,0xFF,0xFF,0xFF,0xFF,0xFF,0xFF,0xFF,0xFF,0xFF,0xFF,0xFF,0xFF,0xFF,0xFF,0xFF,
    0xFF,0xFF,0xFF,0xFF,0xFF,0xFF,0xFF,0xFF,0xFF,0xFF,0xFF,0xFF,0xFF,0xFF,0xFF,0xFF,
    0xFF,0xFF,0xFF,0xFF,0xFF,0xFF,0xFF,0xFF,0xFF,0xFF,0xFF,0xFF,0xFF,0xFF,0xFF,0xFF,
    0xFF,0xFF,0xFF,0xFF,0xFF,0xFF,0xFF,0xFF,0xFF,0xFF,0xFF,0xFF,0xFF,0xFF,0xFF,0xFF,
    0xFF,0xFF,0xFF,0xFF,0xFF,0xFF,0xFF,0xFF,0xFF,0xFF,0xFF,0xFF,0xFF,0xFF,0xFF,0xFF,
    0xFF,0xFF,0xFF,0xFF,0xFF,0xFF,0xFF,0xFF,0xFF,0xFF,0xFF,0xFF,0xFF,0xFF,0xFF,0xFF,
    0xFF,0xFF,0xFF,0xFF,0xFF,0xFF,0xFF,0xFF,0xFF,0xFF,0xFF,0xFC,0xFF,0x61,0x00,0x04,
    0x01,0x00,0x18,0xF1,0xFF,0xFE,0xFF,0xFF,0xFF,0xFF,0xFF,0xFF,0xFF,0xFF,0xFF,0xFF,
    0xFF,0xFF,0xFF,0xFF,0xFF,0xFF,0xFF,0xFF,0xFF,0xFF,0xFF,0xFF,0xFF,0xFF,0xFF,0xFF,
    0xFF,0xFF,0xFF,0xFF,0xFF,0xFF,0xFF,0xFF,0xFF,0xFF,0xFF,0xFF,0xFF,0xFF,0xFF,0xFF,
    0xFF,0xFF,0xFF,0xFF,0xFF,0xFF,0xFF,0xFF,0xFF,0xFF,0xFF,0xFF,0xFF,0xFF,0xFF,0xFF,
    0xFF,0xFF,0xFF,0xFF,0xFF,0xFF,0xFF,0xFF,0xFF,0xFF,0xFF,0xFF,0xFF,0xFF,0xFF,0xFF,
    0xFF,0xFF,0xFF,0xFF,0xFF,0xFF,0xFF,0xFF,0xFF,0xFF,0xFF,0xFF,0xFF,0xFF,0xFF,0xFF,
    0xFF,0xFF,0xFF,0xFF,0xFF,0xFF,0xFF,0xFF,0xFF,0xFF,0xFF,0xFF,0xFF,0xFF,0xFF,0xFF,
    0xFF,0xFF,0xFE,0xFF,0xF1,0x18,0x00,0x01,0x00,0x02,0x00,0xB4,0xFE,0xFC,0xFF,0xFF,
    0xFF,0xFF,0xFF,0xFF,0xFF,0xFF,0xFF,0xFF,0xFF,0xFF,0xFF,0xFF,0xFF,0xFF,0xFF,0xFF,
    0xFF,0xFF,0xFF,0xFF,0xFF,0xFF,0xFF,0xFF,0xFF,0xFF,0xFF,0xFF,0xFF,0xFF,0xFF,0xFF,
    0xFF,0xFF,0xFF,0xFF,0xFF,0xFF,0xFF,0xFF,0xFF,0xFF,0xFF,0xFF,0xFF,0xFF,0xFF,0xFF,
    0xFF,0xFF,0xFF,0xFF,0xFF,0xFF,0xFF,0xFF,0xFF,0xFF,0xFF,0xFF,0xFF,0xFF,0xFF,0xFF,
    0xFF,0xFF,0xFF,0xFF,0xFF,0xFF,0xFF,0xFF,0xFF,0xFF,0xFF,0xFF,0xFF,0xFF,0xFF,0xFF,
    0xFF,0xFF,0xFF,0xFF,0xFF,0xFF,0xFF,0xFF,0xFF,0xFF,0xFF,0xFF,0xFF,0xFF,0xFF,0xFF,
    0xFF,0xFF,0xFF,0xFF,0xFF,0xFF,0xFF,0xFF,0xFF,0xFF,0xFC,0xFE,0xB4,0x00,0x02,0x00,
    0x00,0x04,0x00,0x60,0xFF,0xFC,0xFF,0xFF,0xFF,0xFF,0xFF,0xFF,0xFF,0xFF,0xFF,0xFF,
    0xFF,0xFF,0xFF,0xFF,0xFF,0xFF,0xFF,0xFF,0xFF,0xFF,0xFF,0xFF,0xFF,0xFF,0xFF,0xFF,
    0xFF,0xFF,0xFF,0xFF,0xFF,0xFF,0xFF,0xFF,0xFF,0xFF,0xFF,0xFF,0xFF,0xFF,0xFF,0xFF,
    0xFF,0xFF,0xFF,0xFF,0xFF,0xFF,0xFF,0xFF,0xFF,0xFF,0xFF,0xFF,0xFF,0xFF,0xFF,0xFF,
    0xFF,0xFF,0xFF,0xFF,0xFF,0xFF,0xFF,0xFF,0xFF,0xFF,0xFF,0xFF,0xFF,0xFF,0xFF,0xFF,
    0xFF,0xFF,0xFF,0xFF,0xFF,0xFF,0xFF,0xFF,0xFF,0xFF,0xFF,0xFF,0xFF,0xFF,0xFF,0xFF,
    0xFF,0xFF,0xFF,0xFF,0xFF,0xFF,0xFF,0xFF,0xFF,0xFF,0xFF,0xFF,0xFF,0xFF,0xFF,0xFF,
    0xFF,0xFF,0xFC,0xFF,0x60,0x00,0x04,0x00,0x00,0x01,0x00,0x15,0xEB,0xFE,0xFE,0xFF,
    0xFF,0xFF,0xFF,0xFF,0xFF,0xFF,0xFF,0xFF,0xFF,0xFF,0xFF,0xFF,0xFF,0xFF,0xFF,0xFF,
    0xFF,0xFF,0xFF,0xFF,0xFF,0xFF,0xFF,0xFF,0xFF,0xFF,0xFF,0xFF,0xFF,0xFF,0xFF,0xFF,
    0xFF,0xFF,0xFF,0xFF,0xFF,0xFF,0xFF,0xFF,0xFF,0xFF,0xFF,0xFF,0xFF,0xFF,0xFF,0xFF,
    0xFF,0xFF,0xFF,0xFF,0xFF,0xFF,0xFF,0xFF,0xFF,0xFF,0xFF,0xFF,0xFF,0xFF,0xFF,0xFF,
    0xFF,0xFF,0xFF,0xFF,0xFF,0xFF,0xFF,0xFF,0xFF,0xFF,0xFF,0xFF,0xFF,0xFF,0xFF,0xFF,
    0xFF,0xFF,0xFF,0xFF,0xFF,0xFF,0xFF,0xFF,0xFF,0xFF,0xFF,0xFF,0xFF,0xFF,0xFF,0xFF,
    0xFF,0xFF,0xFF,0xFF,0xFF,0xFF,0xFF,0xFF,0xFF,0xFE,0xFE,0xEB,0x15,0x00,0x01,0x00,
    0x00,0x00,0x03,0x00,0x9A,0xFF,0xFB,0xFF,0xFF,0xFF,0xFF,0xFF,0xFF,0xFF,0xFF,0xFF,
    0xFF,0xFF,0xFF,0xFF,0xFF,0xFF,0xFF,0xFF,0xFF,0xFF,0xFF,0xFF,0xFF,0xFF,0xFF,0xFF,
    0xFF,0xFF,0xFF,0xFF,0xFF,0xFF,0xFF,0xFF,0xFF,0xFF,0xFF,0xFF,0xFF,0xFF,0xFF,0xFF,
    0xFF,0xFF,0xFF,0xFF,0xFF,0xFF,0xFF,0xFF,0xFF,0xFF,0xFF,0xFF,0xFF,0xFF,0xFF,0xFF,
    0xFF,0xFF,0xFF,0xFF,0xFF,0xFF,0xFF,0xFF,0xFF,0xFF,0xFF,0xFF,0xFF,0xFF,0xFF,0xFF,
    0xFF,0xFF,0xFF,0xFF,0xFF,0xFF,0xFF,0xFF,0xFF,0xFF,0xFF,0xFF,0xFF,0xFF,0xFF,0xFF,
    0xFF,0xFF,0xFF,0xFF,0xFF,0xFF,0xFF,0xFF,0xFF,0xFF,0xFF,0xFF,0xFF,0xFF,0xFF,0xFF,
    0xFF,0xFB,0xFF,0x9A,0x00,0x03,0x00,0x00,0x00,0x00,0x03,0x01,0x36,0xFF,0xFD,0xFF,
    0xFF,0xFF,0xFF,0xFF,0xFF,0xFF,0xFF,0xFF,0xFF,0xFF,0xFF,0xFF,0xFF,0xFF,0xFF,0xFF,
    0xFF,0xFF,0xFF,0xFF,0xFF,0xFF,0xFF,0xFF,0xFF,0xFF,0xFF,0xFF,0xFF,0xFF,0xFF,0xFF,
    0xFF,0xFF,0xFF,0xFF,0xFF,0xFF,0xFF,0xFF,0xFF,0xFF,0xFF,0xFF,0xFF,0xFF,0xFF,0xFF,
    0xFF,0xFF,0xFF,0xFF,0xFF,0xFF,0xFF,0xFF,0xFF,0xFF,0xFF,0xFF,0xFF,0xFF,0xFF,0xFF,
    0xFF,0xFF,0xFF,0xFF,0xFF,0xFF,0xFF,0xFF,0xFF,0xFF,0xFF,0xFF,0xFF,0xFF,0xFF,0xFF,
    0xFF,0xFF,0xFF,0xFF,0xFF,0xFF,0xFF,0xFF,0xFF,0xFF,0xFF,0xFF,0xFF,0xFF,0xFF,0xFF,
    0xFF,0xFF,0xFF,0xFF,0xFF,0xFF,0xFF,0xFF,0xFF,0xFD,0xFF,0x36,0x01,0x03,0x00,0x00,
    0x00,0x00,0x00,0x02,0x02,0xBF,0xFF,0xFC,0xFF,0xFF,0xFF,0xFF,0xFF,0xFF,0xFF,0xFF,
    0xFF,0xFF,0xFF,0xFF,0xFF,0xFF,0xFF,0xFF,0xFF,0xFF,0xFF,0xFF,0xFF,0xFF,0xFF,0xFF,
    0xFF,0xFF,0xFF,0xFF,0xFF,0xFF,0xFF,0xFF,0xFF,0xFF,0xFF,0xFF,0xFF,0xFF,0xFF,0xFF,
    0xFF,0xFF,0xFF,0xFF,0xFF,0xFF,0xFF,0xFF,0xFF,0xFF,0xFF,0xFF,0xFF,0xFF,0xFF,0xFF,
    0xFF,0xFF,0xFF,0xFF,0xFF,0xFF,0xFF,0xFF,0xFF,0xFF,0xFF,0xFF,0xFF,0xFF,0xFF,0xFF,
    0xFF,0xFF,0xFF,0xFF,0xFF,0xFF,0xFF,0xFF,0xFF,0xFF,0xFF,0xFF,0xFF,0xFF,0xFF,0xFF,
    0xFF,0xFF,0xFF,0xFF,0xFF,0xFF,0xFF,0xFF,0xFF,0xFF,0xFF,0xFF,0xFF,0xFF,0xFF,0xFF,
    0xFC,0xFF,0xBF,0x02,0x02,0x00,0x00,0x00,0x00,0x00,0x00,0x03,0x00,0x41,0xFE,0xFD,
    0xFF,0xFF,0xFF,0xFF,0xFF,0xFF,0xFF,0xFF,0xFF,0xFF,0xFF,0xFF,0xFF,0xFF,0xFF,0xFF,
    0xFF,0xFF,0xFF,0xFF,0xFF,0xFF,0xFF,0xFF,0xFF,0xFF,0xFF,0xFF,0xFF,0xFF,0xFF,0xFF,
    0xFF,0xFF,0xFF,0xFF,0xFF,0xFF,0xFF,0xFF,0xFF,0xFF,0xFF,0xFF,0xFF,0xFF,0xFF,0xFF,
    0xFF,0xFF,0xFF,0xFF,0xFF,0xFF,0xFF,0xFF,0xFF,0xFF,0xFF,0xFF,0xFF,0xFF,0xFF,0xFF,
    0xFF,0xFF,0xFF,0xFF,0xFF,0xFF,0xFF,0xFF,0xFF,0xFF,0xFF,0xFF,0xFF,0xFF,0xFF,0xFF,
    0xFF,0xFF,0xFF,0xFF,0xFF,0xFF,0xFF,0xFF,0xFF,0xFF,0xFF,0xFF,0xFF,0xFF,0xFF,0xFF,
    0xFF,0xFF,0xFF,0xFF,0xFF,0xFF,0xFF,0xFF,0xFD,0xFE,0x41,0x00,0x03,0x00,0x00,0x00,
    0x00,0x00,0x00,0x00,0x02,0x04,0xD8,0xFF,0xFD,0xFF,0xFF,0xFF,0xFF,0xFF,0xFF,0xFF,
    0xFF,0xFF,0xFF,0xFF,0xFF,0xFF,0xFF,0xFF,0xFF,0xFF,0xFF,0xFF,0xFF,0xFF,0xFF,0xFF,
    0xFF,0xFF,0xFF,0xFF,0xFF,0xFF,0xFF,0xFF,0xFF,0xFF,0xFF,0xFF,0xFF,0xFF,0xFF,0xFF,
    0xFF,0xFF,0xFF,0xFF,0xFF,0xFF,0xFF,0xFF,0xFF,0xFF,0xFF,0xFF,0xFF,0xFF,0xFF,0xFF,
    0xFF,0xFF,0xFF,0xFF,0xFF,0xFF,0xFF,0xFF,0xFF,0xFF,0xFF,0xFF,0xFF,0xFF,0xFF,0xFF,
    0xFF,0xFF,0xFF,0xFF,0xFF,0xFF,0xFF,0xFF,0xFF,0xFF,0xFF,0xFF,0xFF,0xFF,0xFF,0xFF,
    0xFF,0xFF,0xFF,0xFF,0xFF,0xFF,0xFF,0xFF,0xFF,0xFF,0xFF,0xFF,0xFF,0xFF,0xFF,0xFD,
    0xFF,0xD8,0x04,0x02,0x00,0x00,0x00,0x00,0x00,0x00,0x00,0x00,0x03,0x00,0x56,0xFF,
    0xFC,0xFF,0xFF,0xFF,0xFF,0xFF,0xFF,0xFF,0xFF,0xFF,0xFF,0xFF,0xFF,0xFF,0xFF,0xFF,
    0xFF,0xFF,0xFF,0xFF,0xFF,0xFF,0xFF,0xFF,0xFF,0xFF,0xFF,0xFF,0xFF,0xFF,0xFF,0xFF,
    0xFF,0xFF,0xFF,0xFF,0xFF,0xFF,0xFF,0xFF,0xFF,0xFF,0xFF,0xFF,0xFF,0xFF,0xFF,0xFF,
    0xFF,0xFF,0xFF,0xFF,0xFF,0xFF,0xFF,0xFF,0xFF,0xFF,0xFF,0xFF,0xFF,0xFF,0xFF,0xFF,
    0xFF,0xFF,0xFF,0xFF,0xFF,0xFF,0xFF,0xFF,0xFF,0xFF,0xFF,0xFF,0xFF,0xFF,0xFF,0xFF,
    0xFF,0xFF,0xFF,0xFF,0xFF,0xFF,0xFF,0xFF,0xFF,0xFF,0xFF,0xFF,0xFF,0xFF,0xFF,0xFF,
    0xFF,0xFF,0xFF,0xFF,0xFF,0xFF,0xFF,0xFC,0xFF,0x56,0x00,0x03,0x00,0x00,0x00,0x00,
    0x00,0x00,0x00,0x00,0x00,0x02,0x00,0xBF,0xFF,0xFC,0xFF,0xFF,0xFF,0xFF,0xFF,0xFF,
    0xFF,0xFF,0xFF,0xFF,0xFF,0xFF,0xFF,0xFF,0xFF,0xFF,0xFF,0xFF,0xFF,0xFF,0xFF,0xFF,
    0xFF,0xFF,0xFF,0xFF,0xFF,0xFF,0xFF,0xFF,0xFF,0xFF,0xFF,0xFF,0xFF,0xFF,0xFF,0xFF,
    0xFF,0xFF,0xFF,0xFF,0xFF,0xFF,0xFF,0xFF,0xFF,0xFF,0xFF,0xFF,0xFF,0xFF,0xFF,0xFF,
    0xFF,0xFF,0xFF,0xFF,0xFF,0xFF,0xFF,0xFF,0xFF,0xFF,0xFF,0xFF,0xFF,0xFF,0xFF,0xFF,
    0xFF,0xFF,0xFF,0xFF,0xFF,0xFF,0xFF,0xFF,0xFF,0xFF,0xFF,0xFF,0xFF,0xFF,0xFF,0xFF,
    0xFF,0xFF,0xFF,0xFF,0xFF,0xFF,0xFF,0xFF,0xFF,0xFF,0xFF,0xFF,0xFF,0xFF,0xFC,0xFF,
    0xBF,0x00,0x02,0x00,0x00,0x00,0x00,0x00,0x00,0x00,0x00,0x00,0x00,0x03,0x01,0x3F,
    0xFD,0xFC,0xFF,0xFF,0xFF,0xFF,0xFF,0xFF,0xFF,0xFF,0xFF,0xFF,0xFF,0xFF,0xFF,0xFF,
    0xFF,0xFF,0xFF,0xFF,0xFF,0xFF,0xFF,0xFF,0xFF,0xFF,0xFF,0xFF,0xFF,0xFF,0xFF,0xFF,
    0xFF,0xFF,0xFF,0xFF,0xFF,0xFF,0xFF,0xFF,0xFF,0xFF,0xFF,0xFF,0xFF,0xFF,0xFF,0xFF,
    0xFF,0xFF,0xFF,0xFF,0xFF,0xFF,0xFF,0xFF,0xFF,0xFF,0xFF,0xFF,0xFF,0xFF,0xFF,0xFF,
    0xFF,0xFF,0xFF,0xFF,0xFF,0xFF,0xFF,0xFF,0xFF,0xFF,0xFF,0xFF,0xFF,0xFF,0xFF,0xFF,
    0xFF,0xFF,0xFF,0xFF,0xFF,0xFF,0xFF,0xFF,0xFF,0xFF,0xFF,0xFF,0xFF,0xFF,0xFF,0xFF,
    0xFF,0xFF,0xFF,0xFF,0xFF,0xFF,0xFC,0xFD,0x3F,0x01,0x03,0x00,0x00,0x00,0x00,0x00,
    0x00,0x00,0x00,0x00,0x00,0x00,0x03,0x00,0xA0,0xFF,0xFC,0xFF,0xFF,0xFF,0xFF,0xFF,
    0xFF,0xFF,0xFF,0xFF,0xFF,0xFF,0xFF,0xFF,0xFF,0xFF,0xFF,0xFF,0xFF,0xFF,0xFF,0xFF,
    0xFF,0xFF,0xFF,0xFF,0xFF,0xFF,0xFF,0xFF,0xFF,0xFF,0xFF,0xFF,0xFF,0xFF,0xFF,0xFF,
    0xFF,0xFF,0xFF,0xFF,0xFF,0xFF,0xFF,0xFF,0xFF,0xFF,0xFF,0xFF,0xFF,0xFF,0xFF,0xFF,
    0xFF,0xFF,0xFF,0xFF,0xFF,0xFF,0xFF,0xFF,0xFF,0xFF,0xFF,0xFF,0xFF,0xFF,0xFF,0xFF,
    0xFF,0xFF,0xFF,0xFF,0xFF,0xFF,0xFF,0xFF,0xFF,0xFF,0xFF,0xFF,0xFF,0xFF,0xFF,0xFF,
    0xFF,0xFF,0xFF,0xFF,0xFF,0xFF,0xFF,0xFF,0xFF,0xFF,0xFF,0xFF,0xFF,0xFC,0xFF,0xA0,
    0x00,0x03,0x00,0x00,0x00,0x00,0x00,0x00,0x00,0x00,0x00,0x00,0x00,0x00,0x02,0x01,
    0x18,0xEE,0xFD,0xFE,0xFF,0xFF,0xFF,0xFF,0xFF,0xFF,0xFF,0xFF,0xFF,0xFF,0xFF,0xFF,
    0xFF,0xFF,0xFF,0xFF,0xFF,0xFF,0xFF,0xFF,0xFF,0xFF,0xFF,0xFF,0xFF,0xFF,0xFF,0xFF,
    0xFF,0xFF,0xFF,0xFF,0xFF,0xFF,0xFF,0xFF,0xFF,0xFF,0xFF,0xFF,0xFF,0xFF,0xFF,0xFF,
    0xFF,0xFF,0xFF,0xFF,0xFF,0xFF,0xFF,0xFF,0xFF,0xFF,0xFF,0xFF,0xFF,0xFF,0xFF,0xFF,
    0xFF,0xFF,0xFF,0xFF,0xFF,0xFF,0xFF,0xFF,0xFF,0xFF,0xFF,0xFF,0xFF,0xFF,0xFF,0xFF,
    0xFF,0xFF,0xFF,0xFF,0xFF,0xFF,0xFF,0xFF,0xFF,0xFF,0xFF,0xFF,0xFF,0xFF,0xFF,0xFF,
    0xFF,0xFF,0xFF,0xFF,0xFE,0xFD,0xEE,0x18,0x01,0x02,0x00,0x00,0x00,0x00,0x00,0x00,
    0x00,0x00,0x00,0x00,0x00,0x00,0x00,0x03,0x00,0x6B,0xFF,0xFB,0xFF,0xFF,0xFF,0xFF,
    0xFF,0xFF,0xFF,0xFF,0xFF,0xFF,0xFF,0xFF,0xFF,0xFF,0xFF,0xFF,0xFF,0xFF,0xFF,0xFF,
    0xFF,0xFF,0xFF,0xFF,0xFF,0xFF,0xFF,0xFF,0xFF,0xFF,0xFF,0xFF,0xFF,0xFF,0xFF,0xFF,
    0xFF,0xFF,0xFF,0xFF,0xFF,0xFF,0xFF,0xFF,0xFF,0xFF,0xFF,0xFF,0xFF,0xFF,0xFF,0xFF,
    0xFF,0xFF,0xFF,0xFF,0xFF,0xFF,0xFF,0xFF,0xFF,0xFF,0xFF,0xFF,0xFF,0xFF,0xFF,0xFF,
    0xFF,0xFF,0xFF,0xFF,0xFF,0xFF,0xFF,0xFF,0xFF,0xFF,0xFF,0xFF,0xFF,0xFF,0xFF,0xFF,
    0xFF,0xFF,0xFF,0xFF,0xFF,0xFF,0xFF,0xFF,0xFF,0xFF,0xFF,0xFF,0xFB,0xFF,0x6B,0x00,
    0x03,0x00,0x00,0x00,0x00,0x00,0x00,0x00,0x00,0x00,0x00,0x00,0x00,0x00,0x00,0x00,
    0x03,0x00,0xBC,0xFF,0xFC,0xFF,0xFF,0xFF,0xFF,0xFF,0xFF,0xFF,0xFF,0xFF,0xFF,0xFF,
    0xFF,0xFF,0xFF,0xFF,0xFF,0xFF,0xFF,0xFF,0xFF,0xFF,0xFF,0xFF,0xFF,0xFF,0xFF,0xFF,
    0xFF,0xFF,0xFF,0xFF,0xFF,0xFF,0xFF,0xFF,0xFF,0xFF,0xFF,0xFF,0xFF,0xFF,0xFF,0xFF,
    0xFF,0xFF,0xFF,0xFF,0xFF,0xFF,0xFF,0xFF,0xFF,0xFF,0xFF,0xFF,0xFF,0xFF,0xFF,0xFF,
    0xFF,0xFF,0xFF,0xFF,0xFF,0xFF,0xFF,0xFF,0xFF,0xFF,0xFF,0xFF,0xFF,0xFF,0xFF,0xFF,
    0xFF,0xFF,0xFF,0xFF,0xFF,0xFF,0xFF,0xFF,0xFF,0xFF,0xFF,0xFF,0xFF,0xFF,0xFF,0xFF,
    0xFF,0xFF,0xFF,0xFC,0xFF,0xBC,0x00,0x03,0x00,0x00,0x00,0x00,0x00,0x00,0x00,0x00,
    0x00,0x00,0x00,0x00,0x00,0x00,0x00,0x00,0x02,0x01,0x23,0xEE,0xFD,0xFE,0xFF,0xFF,
    0xFF,0xFF,0xFF,0xFF,0xFF,0xFF,0xFF,0xFF,0xFF,0xFF,0xFF,0xFF,0xFF,0xFF,0xFF,0xFF,
    0xFF,0xFF,0xFF,0xFF,0xFF,0xFF,0xFF,0xFF,0xFF,0xFF,0xFF,0xFF,0xFF,0xFF,0xFF,0xFF,
    0xFF,0xFF,0xFF,0xFF,0xFF,0xFF,0xFF,0xFF,0xFF,0xFF,0xFF,0xFF,0xFF,0xFF,0xFF,0xFF,
    0xFF,0xFF,0xFF,0xFF,0xFF,0xFF,0xFF,0xFF,0xFF,0xFF,0xFF,0xFF,0xFF,0xFF,0xFF,0xFF,
    0xFF,0xFF,0xFF,0xFF,0xFF,0xFF,0xFF,0xFF,0xFF,0xFF,0xFF,0xFF,0xFF,0xFF,0xFF,0xFF,
    0xFF,0xFF,0xFF,0xFF,0xFF,0xFF,0xFF,0xFF,0xFF,0xFF,0xFE,0xFD,0xEE,0x23,0x01,0x02,
    0x00,0x00,0x00,0x00,0x00,0x00,0x00,0x00,0x00,0x00,0x00,0x00,0x00,0x00,0x00,0x00,
    0x00,0x03,0x00,0x54,0xFF,0xFB,0xFF,0xFF,0xFF,0xFF,0xFF,0xFF,0xFF,0xFF,0xFF,0xFF,
    0xFF,0xFF,0xFF,0xFF,0xFF,0xFF,0xFF,0xFF,0xFF,0xFF,0xFF,0xFF,0xFF,0xFF,0xFF,0xFF,
    0xFF,0xFF,0xFF,0xFF,0xFF,0xFF,0xFF,0xFF,0xFF,0xFF,0xFF,0xFF,0xFF,0xFF,0xFF,0xFF,
    0xFF,0xFF,0xFF,0xFF,0xFF,0xFF,0xFF,0xFF,0xFF,0xFF,0xFF,0xFF,0xFF,0xFF,0xFF,0xFF,
    0xFF,0xFF,0xFF,0xFF,0xFF,0xFF,0xFF,0xFF,0xFF,0xFF,0xFF,0xFF,0xFF,0xFF,0xFF,0xFF,
    0xFF,0xFF,0xFF,0xFF,0xFF,0xFF,0xFF,0xFF,0xFF,0xFF,0xFF,0xFF,0xFF,0xFF,0xFF,0xFF,
    0xFF,0xFF,0xFB,0xFF,0x54,0x00,0x03,0x00,0x00,0x00,0x00,0x00,0x00,0x00,0x00,0x00,
    0x00,0x00,0x00,0x00,0x00,0x00,0x00,0x00,0x00,0x00,0x04,0x00,0x8F,0xFF,0xFB,0xFF,
    0xFF,0xFF,0xFF,0xFF,0xFF,0xFF,0xFF,0xFF,0xFF,0xFF,0xFF,0xFF,0xFF,0xFF,0xFF,0xFF,
    0xFF,0xFF,0xFF,0xFF,0xFF,0xFF,0xFF,0xFF,0xFF,0xFF,0xFF,0xFF,0xFF,0xFF,0xFF,0xFF,
    0xFF,0xFF,0xFF,0xFF,0xFF,0xFF,0xFF,0xFF,0xFF,0xFF,0xFF,0xFF,0xFF,0xFF,0xFF,0xFF,
    0xFF,0xFF,0xFF,0xFF,0xFF,0xFF,0xFF,0xFF,0xFF,0xFF,0xFF,0xFF,0xFF,0xFF,0xFF,0xFF,
    0xFF,0xFF,0xFF,0xFF,0xFF,0xFF,0xFF,0xFF,0xFF,0xFF,0xFF,0xFF,0xFF,0xFF,0xFF,0xFF,
    0xFF,0xFF,0xFF,0xFF,0xFF,0xFF,0xFF,0xFF,0xFF,0xFB,0xFF,0x8F,0x00,0x04,0x00,0x00,
    0x00,0x00,0x00,0x00,0x00,0x00,0x00,0x00,0x00,0x00,0x00,0x00,0x00,0x00,0x00,0x00,
    0x00,0x00,0x01,0x03,0x03,0xC6,0xFF,0xFC,0xFF,0xFF,0xFF,0xFF,0xFF,0xFF,0xFF,0xFF,
    0xFF,0xFF,0xFF,0xFF,0xFF,0xFF,0xFF,0xFF,0xFF,0xFF,0xFF,0xFF,0xFF,0xFF,0xFF,0xFF,
    0xFF,0xFF,0xFF,0xFF,0xFF,0xFF,0xFF,0xFF,0xFF,0xFF,0xFF,0xFF,0xFF,0xFF,0xFF,0xFF,
    0xFF,0xFF,0xFF,0xFF,0xFF,0xFF,0xFF,0xFF,0xFF,0xFF,0xFF,0xFF,0xFF,0xFF,0xFF,0xFF,
    0xFF,0xFF,0xFF,0xFF,0xFF,0xFF,0xFF,0xFF,0xFF,0xFF,0xFF,0xFF,0xFF,0xFF,0xFF,0xFF,
    0xFF,0xFF,0xFF,0xFF,0xFF,0xFF,0xFF,0xFF,0xFF,0xFF,0xFF,0xFF,0xFF,0xFF,0xFF,0xFF,
    0xFC,0xFF,0xC6,0x03,0x03,0x01,0x00,0x00,0x00,0x00,0x00,0x00,0x00,0x00,0x00,0x00,
    0x00,0x00,0x00,0x00,0x00,0x00,0x00,0x00,0x00,0x00,0x00,0x02,0x01,0x16,0xE9,0xFF,
    0xFD,0xFF,0xFF,0xFF,0xFF,0xFF,0xFF,0xFF,0xFF,0xFF,0xFF,0xFF,0xFF,0xFF,0xFF,0xFF,
    0xFF,0xFF,0xFF,0xFF,0xFF,0xFF,0xFF,0xFF,0xFF,0xFF,0xFF,0xFF,0xFF,0xFF,0xFF,0xFF,
    0xFF,0xFF,0xFF,0xFF,0xFF,0xFF,0xFF,0xFF,0xFF,0xFF,0xFF,0xFF,0xFF,0xFF,0xFF,0xFF,
    0xFF,0xFF,0xFF,0xFF,0xFF,0xFF,0xFF,0xFF,0xFF,0xFF,0xFF,0xFF,0xFF,0xFF,0xFF,0xFF,
    0xFF,0xFF,0xFF,0xFF,0xFF,0xFF,0xFF,0xFF,0xFF,0xFF,0xFF,0xFF,0xFF,0xFF,0xFF,0xFF,
    0xFF,0xFF,0xFF,0xFF,0xFF,0xFF,0xFF,0xFD,0xFF,0xE9,0x16,0x01,0x02,0x00,0x00,0x00,
    0x00,0x00,0x00,0x00,0x00,0x00,0x00,0x00,0x00,0x00,0x00,0x00,0x00,0x00,0x00,0x00,
    0x00,0x00,0x00,0x00,0x02,0x00,0x36,0xED,0xFD,0xFD,0xFF,0xFF,0xFF,0xFF,0xFF,0xFF,
    0xFF,0xFF,0xFF,0xFF,0xFF,0xFF,0xFF,0xFF,0xFF,0xFF,0xFF,0xFF,0xFF,0xFF,0xFF,0xFF,
    0xFF,0xFF,0xFF,0xFF,0xFF,0xFF,0xFF,0xFF,0xFF,0xFF,0xFF,0xFF,0xFF,0xFF,0xFF,0xFF,
    0xFF,0xFF,0xFF,0xFF,0xFF,0xFF,0xFF,0xFF,0xFF,0xFF,0xFF,0xFF,0xFF,0xFF,0xFF,0xFF,
    0xFF,0xFF,0xFF,0xFF,0xFF,0xFF,0xFF,0xFF,0xFF,0xFF,0xFF,0xFF,0xFF,0xFF,0xFF,0xFF,
    0xFF,0xFF,0xFF,0xFF,0xFF,0xFF,0xFF,0xFF,0xFF,0xFF,0xFF,0xFF,0xFF,0xFF,0xFD,0xFD,
    0xED,0x36,0x00,0x02,0x00,0x00,0x00,0x00,0x00,0x00,0x00,0x00,0x00,0x00,0x00,0x00,
    0x00,0x00,0x00,0x00,0x00,0x00,0x00,0x00,0x00,0x00,0x00,0x00,0x00,0x03,0x00,0x39,
    0xFE,0xFD,0xFE,0xFF,0xFF,0xFF,0xFF,0xFF,0xFF,0xFF,0xFF,0xFF,0xFF,0xFF,0xFF,0xFF,
    0xFF,0xFF,0xFF,0xFF,0xFF,0xFF,0xFF,0xFF,0xFF,0xFF,0xFF,0xFF,0xFF,0xFF,0xFF,0xFF,
    0xFF,0xFF,0xFF,0xFF,0xFF,0xFF,0xFF,0xFF,0xFF,0xFF,0xFF,0xFF,0xFF,0xFF,0xFF,0xFF,
    0xFF,0xFF,0xFF,0xFF,0xFF,0xFF,0xFF,0xFF,0xFF,0xFF,0xFF,0xFF,0xFF,0xFF,0xFF,0xFF,
    0xFF,0xFF,0xFF,0xFF,0xFF,0xFF,0xFF,0xFF,0xFF,0xFF,0xFF,0xFF,0xFF,0xFF,0xFF,0xFF,
    0xFF,0xFF,0xFF,0xFF,0xFF,0xFE,0xFD,0xFE,0x39,0x00,0x03,0x00,0x00,0x00,0x00,0x00,
    0x00,0x00,0x00,0x00,0x00,0x00,0x00,0x00,0x00,0x00,0x00,0x00,0x00,0x00,0x00,0x00,
    0x00,0x00,0x00,0x00,0x00,0x00,0x04,0x00,0x65,0xFF,0xFC,0xFE,0xFF,0xFF,0xFF,0xFF,
    0xFF,0xFF,0xFF,0xFF,0xFF,0xFF,0xFF,0xFF,0xFF,0xFF,0xFF,0xFF,0xFF,0xFF,0xFF,0xFF,
    0xFF,0xFF,0xFF,0xFF,0xFF,0xFF,0xFF,0xFF,0xFF,0xFF,0xFF,0xFF,0xFF,0xFF,0xFF,0xFF,
    0xFF,0xFF,0xFF,0xFF,0xFF,0xFF,0xFF,0xFF,0xFF,0xFF,0xFF,0xFF,0xFF,0xFF,0xFF,0xFF,
    0xFF,0xFF,0xFF,0xFF,0xFF,0xFF,0xFF,0xFF,0xFF,0xFF,0xFF,0xFF,0xFF,0xFF,0xFF,0xFF,
    0xFF,0xFF,0xFF,0xFF,0xFF,0xFF,0xFF,0xFF,0xFF,0xFF,0xFF,0xFF,0xFE,0xFC,0xFF,0x65,
    0x00,0x04,0x00,0x00,0x00,0x00,0x00,0x00,0x00,0x00,0x00,0x00,0x00,0x00,0x00,0x00,
    0x00,0x00,0x00,0x00,0x00,0x00,0x00,0x00,0x00,0x00,0x00,0x00,0x00,0x00,0x00,0x04,
    0x00,0x65,0xFF,0xFE,0xFD,0xFF,0xFF,0xFF,0xFF,0xFF,0xFF,0xFF,0xFF,0xFF,0xFF,0xFF,
    0xFF,0xFF,0xFF,0xFF,0xFF,0xFF,0xFF,0xFF,0xFF,0xFF,0xFF,0xFF,0xFF,0xFF,0xFF,0xFF,
    0xFF,0xFF,0xFF,0xFF,0xFF,0xFF,0xFF,0xFF,0xFF,0xFF,0xFF,0xFF,0xFF,0xFF,0xFF,0xFF,
    0xFF,0xFF,0xFF,0xFF,0xFF,0xFF,0xFF,0xFF,0xFF,0xFF,0xFF,0xFF,0xFF,0xFF,0xFF,0xFF,
    0xFF,0xFF,0xFF,0xFF,0xFF,0xFF,0xFF,0xFF,0xFF,0xFF,0xFF,0xFF,0xFF,0xFF,0xFF,0xFF,
    0xFF,0xFF,0xFF,0xFD,0xFE,0xFF,0x65,0x00,0x04,0x00,0x00,0x00,0x00,0x00,0x00,0x00,
    0x00,0x00,0x00,0x00,0x00,0x00,0x00,0x00,0x00,0x00,0x00,0x00,0x00,0x00,0x00,0x00,
    0x00,0x00,0x00,0x00,0x00,0x00,0x00,0x00,0x04,0x00,0x65,0xFB,0xFF,0xFD,0xFF,0xFF,
    0xFF,0xFF,0xFF,0xFF,0xFF,0xFF,0xFF,0xFF,0xFF,0xFF,0xFF,0xFF,0xFF,0xFF,0xFF,0xFF,
    0xFF,0xFF,0xFF,0xFF,0xFF,0xFF,0xFF,0xFF,0xFF,0xFF,0xFF,0xFF,0xFF,0xFF,0xFF,0xFF,
    0xFF,0xFF,0xFF,0xFF,0xFF,0xFF,0xFF,0xFF,0xFF,0xFF,0xFF,0xFF,0xFF,0xFF,0xFF,0xFF,
    0xFF,0xFF,0xFF,0xFF,0xFF,0xFF,0xFF,0xFF,0xFF,0xFF,0xFF,0xFF,0xFF,0xFF,0xFF,0xFF,
    0xFF,0xFF,0xFF,0xFF,0xFF,0xFF,0xFF,0xFF,0xFF,0xFF,0xFD,0xFF,0xFB,0x65,0x00,0x04,
    0x00,0x00,0x00,0x00,0x00,0x00,0x00,0x00,0x00,0x00,0x00,0x00,0x00,0x00,0x00,0x00,
    0x00,0x00,0x00,0x00,0x00,0x00,0x00,0x00,0x00,0x00,0x00,0x00,0x00,0x00,0x00,0x00,
    0x00,0x04,0x00,0x3B,0xEE,0xFF,0xFB,0xFF,0xFF,0xFF,0xFF,0xFF,0xFF,0xFF,0xFF,0xFF,
    0xFF,0xFF,0xFF,0xFF,0xFF,0xFF,0xFF,0xFF,0xFF,0xFF,0xFF,0xFF,0xFF,0xFF,0xFF,0xFF,
    0xFF,0xFF,0xFF,0xFF,0xFF,0xFF,0xFF,0xFF,0xFF,0xFF,0xFF,0xFF,0xFF,0xFF,0xFF,0xFF,
    0xFF,0xFF,0xFF,0xFF,0xFF,0xFF,0xFF,0xFF,0xFF,0xFF,0xFF,0xFF,0xFF,0xFF,0xFF,0xFF,
    0xFF,0xFF,0xFF,0xFF,0xFF,0xFF,0xFF,0xFF,0xFF,0xFF,0xFF,0xFF,0xFF,0xFF,0xFF,0xFF,
    0xFF,0xFB,0xFF,0xEE,0x3B,0x00,0x04,0x00,0x00,0x00,0x00,0x00,0x00,0x00,0x00,0x00,
    0x00,0x00,0x00,0x00,0x00,0x00,0x00,0x00,0x00,0x00,0x00,0x00,0x00,0x00,0x00,0x00,
    0x00,0x00,0x00,0x00,0x00,0x00,0x00,0x00,0x00,0x00,0x04,0x00,0x35,0xE6,0xFF,0xFB,
    0xFF,0xFF,0xFF,0xFF,0xFF,0xFF,0xFF,0xFF,0xFF,0xFF,0xFF,0xFF,0xFF,0xFF,0xFF,0xFF,
    0xFF,0xFF,0xFF,0xFF,0xFF,0xFF,0xFF,0xFF,0xFF,0xFF,0xFF,0xFF,0xFF,0xFF,0xFF,0xFF,
    0xFF,0xFF,0xFF,0xFF,0xFF,0xFF,0xFF,0xFF,0xFF,0xFF,0xFF,0xFF,0xFF,0xFF,0xFF,0xFF,
    0xFF,0xFF,0xFF,0xFF,0xFF,0xFF,0xFF,0xFF,0xFF,0xFF,0xFF,0xFF,0xFF,0xFF,0xFF,0xFF,
    0xFF,0xFF,0xFF,0xFF,0xFF,0xFF,0xFF,0xFF,0xFB,0xFF,0xE6,0x35,0x00,0x04,0x00,0x00,
    0x00,0x00,0x00,0x00,0x00,0x00,0x00,0x00,0x00,0x00,0x00,0x00,0x00,0x00,0x00,0x00,
    0x00,0x00,0x00,0x00,0x00,0x00,0x00,0x00,0x00,0x00,0x00,0x00,0x00,0x00,0x00,0x00,
    0x00,0x00,0x00,0x03,0x00,0x19,0xC4,0xFF,0xFC,0xFE,0xFF,0xFF,0xFF,0xFF,0xFF,0xFF,
    0xFF,0xFF,0xFF,0xFF,0xFF,0xFF,0xFF,0xFF,0xFF,0xFF,0xFF,0xFF,0xFF,0xFF,0xFF,0xFF,
    0xFF,0xFF,0xFF,0xFF,0xFF,0xFF,0xFF,0xFF,0xFF,0xFF,0xFF,0xFF,0xFF,0xFF,0xFF,0xFF,
    0xFF,0xFF,0xFF,0xFF,0xFF,0xFF,0xFF,0xFF,0xFF,0xFF,0xFF,0xFF,0xFF,0xFF,0xFF,0xFF,
    0xFF,0xFF,0xFF,0xFF,0xFF,0xFF,0xFF,0xFF,0xFF,0xFF,0xFF,0xFF,0xFF,0xFF,0xFE,0xFC,
    0xFF,0xC4,0x19,0x00,0x03,0x00,0x00,0x00,0x00,0x00,0x00,0x00,0x00,0x00,0x00,0x00,
    0x00,0x00,0x00,0x00,0x00,0x00,0x00,0x00,0x00,0x00,0x00,0x00,0x00,0x00,0x00,0x00,
    0x00,0x00,0x00,0x00,0x00,0x00,0x00,0x00,0x00,0x00,0x00,0x00,0x03,0x00,0x04,0x8F,
    0xFF,0xFF,0xFC,0xFF,0xFF,0xFF,0xFF,0xFF,0xFF,0xFF,0xFF,0xFF,0xFF,0xFF,0xFF,0xFF,
    0xFF,0xFF,0xFF,0xFF,0xFF,0xFF,0xFF,0xFF,0xFF,0xFF,0xFF,0xFF,0xFF,0xFF,0xFF,0xFF,
    0xFF,0xFF,0xFF,0xFF,0xFF,0xFF,0xFF,0xFF,0xFF,0xFF,0xFF,0xFF,0xFF,0xFF,0xFF,0xFF,
    0xFF,0xFF,0xFF,0xFF,0xFF,0xFF,0xFF,0xFF,0xFF,0xFF,0xFF,0xFF,0xFF,0xFF,0xFF,0xFF,
    0xFF,0xFF,0xFF,0xFF,0xFF,0xFC,0xFF,0xFF,0x8F,0x04,0x00,0x03,0x00,0x00,0x00,0x00,
    0x00,0x00,0x00,0x00,0x00,0x00,0x00,0x00,0x00,0x00,0x00,0x00,0x00,0x00,0x00,0x00,
    0x00,0x00,0x00,0x00,0x00,0x00,0x00,0x00,0x00,0x00,0x00,0x00,0x00,0x00,0x00,0x00,
    0x00,0x00,0x00,0x00,0x00,0x02,0x00,0x00,0x56,0xEC,0xFF,0xFB,0xFE,0xFF,0xFF,0xFF,
    0xFF,0xFF,0xFF,0xFF,0xFF,0xFF,0xFF,0xFF,0xFF,0xFF,0xFF,0xFF,0xFF,0xFF,0xFF,0xFF,
    0xFF,0xFF,0xFF,0xFF,0xFF,0xFF,0xFF,0xFF,0xFF,0xFF,0xFF,0xFF,0xFF,0xFF,0xFF,0xFF,
    0xFF,0xFF,0xFF,0xFF,0xFF,0xFF,0xFF,0xFF,0xFF,0xFF,0xFF,0xFF,0xFF,0xFF,0xFF,0xFF,
    0xFF,0xFF,0xFF,0xFF,0xFF,0xFF,0xFF,0xFF,0xFF,0xFF,0xFF,0xFE,0xFB,0xFF,0xEC,0x56,
    0x00,0x00,0x02,0x00,0x00,0x00,0x00,0x00,0x00,0x00,0x00,0x00,0x00,0x00,0x00,0x00,
    0x00,0x00,0x00,0x00,0x00,0x00,0x00,0x00,0x00,0x00,0x00,0x00,0x00,0x00,0x00,0x00,
    0x00,0x00,0x00,0x00,0x00,0x00,0x00,0x00,0x00,0x00,0x00,0x00,0x00,0x00,0x01,0x04,
    0x00,0x26,0xB8,0xFF,0xFF,0xFB,0xFF,0xFF,0xFF,0xFF,0xFF,0xFF,0xFF,0xFF,0xFF,0xFF,
    0xFF,0xFF,0xFF,0xFF,0xFF,0xFF,0xFF,0xFF,0xFF,0xFF,0xFF,0xFF,0xFF,0xFF,0xFF,0xFF,
    0xFF,0xFF,0xFF,0xFF,0xFF,0xFF,0xFF,0xFF,0xFF,0xFF,0xFF,0xFF,0xFF,0xFF,0xFF,0xFF,
    0xFF,0xFF,0xFF,0xFF,0xFF,0xFF,0xFF,0xFF,0xFF,0xFF,0xFF,0xFF,0xFF,0xFF,0xFF,0xFF,
    0xFF,0xFF,0xFB,0xFF,0xFF,0xB8,0x26,0x00,0x04,0x01,0x00,0x00,0x00,0x00,0x00,0x00,
    0x00,0x00,0x00,0x00,0x00,0x00,0x00,0x00,0x00,0x00,0x00,0x00,0x00,0x00,0x00,0x00,
    0x00,0x00,0x00,0x00,0x00,0x00,0x00,0x00,0x00,0x00,0x00,0x00,0x00,0x00,0x00,0x00,
    0x00,0x00,0x00,0x00,0x00,0x00,0x00,0x00,0x04,0x00,0x00,0x6D,0xE9,0xFF,0xFE,0xFC,
    0xFF,0xFF,0xFF,0xFF,0xFF,0xFF,0xFF,0xFF,0xFF,0xFF,0xFF,0xFF,0xFF,0xFF,0xFF,0xFF,
    0xFF,0xFF,0xFF,0xFF,0xFF,0xFF,0xFF,0xFF,0xFF,0xFF,0xFF,0xFF,0xFF,0xFF,0xFF,0xFF,
    0xFF,0xFF,0xFF,0xFF,0xFF,0xFF,0xFF,0xFF,0xFF,0xFF,0xFF,0xFF,0xFF,0xFF,0xFF,0xFF,
    0xFF,0xFF,0xFF,0xFF,0xFF,0xFF,0xFF,0xFF,0xFC,0xFE,0xFF,0xE9,0x6D,0x00,0x00,0x04,
    0x00,0x00,0x00,0x00,0x00,0x00,0x00,0x00,0x00,0x00,0x00,0x00,0x00,0x00,0x00,0x00,
    0x00,0x00,0x00,0x00,0x00,0x00,0x00,0x00,0x00,0x00,0x00,0x00,0x00,0x00,0x00,0x00,
    0x00,0x00,0x00,0x00,0x00,0x00,0x00,0x00,0x00,0x00,0x00,0x00,0x00,0x00,0x00,0x00,
    0x00,0x02,0x02,0x00,0x1A,0x9E,0xFF,0xFF,0xFD,0xFD,0xFF,0xFF,0xFF,0xFF,0xFF,0xFF,
    0xFF,0xFF,0xFF,0xFF,0xFF,0xFF,0xFF,0xFF,0xFF,0xFF,0xFF,0xFF,0xFF,0xFF,0xFF,0xFF,
    0xFF,0xFF,0xFF,0xFF,0xFF,0xFF,0xFF,0xFF,0xFF,0xFF,0xFF,0xFF,0xFF,0xFF,0xFF,0xFF,
    0xFF,0xFF,0xFF,0xFF,0xFF,0xFF,0xFF,0xFF,0xFF,0xFF,0xFF,0xFF,0xFF,0xFF,0xFD,0xFD,
    0xFF,0xFF,0x9E,0x1A,0x00,0x02,0x02,0x00,0x00,0x00,0x00,0x00,0x00,0x00,0x00,0x00,
    0x00,0x00,0x00,0x00,0x00,0x00,0x00,0x00,0x00,0x00,0x00,0x00,0x00,0x00,0x00,0x00,
    0x00,0x00,0x00,0x00,0x00,0x00,0x00,0x00,0x00,0x00,0x00,0x00,0x00,0x00,0x00,0x00,
    0x00,0x00,0x00,0x00,0x00,0x00,0x00,0x00,0x00,0x00,0x00,0x03,0x00,0x00,0x43,0xBA,
    0xFF,0xFF,0xFD,0xFC,0xFF,0xFF,0xFF,0xFF,0xFF,0xFF,0xFF,0xFF,0xFF,0xFF,0xFF,0xFF,
    0xFF,0xFF,0xFF,0xFF,0xFF,0xFF,0xFF,0xFF,0xFF,0xFF,0xFF,0xFF,0xFF,0xFF,0xFF,0xFF,
    0xFF,0xFF,0xFF,0xFF,0xFF,0xFF,0xFF,0xFF,0xFF,0xFF,0xFF,0xFF,0xFF,0xFF,0xFF,0xFF,
    0xFF,0xFF,0xFF,0xFF,0xFC,0xFD,0xFF,0xFF,0xBA,0x43,0x00,0x00,0x03,0x00,0x00,0x00,
    0x00,0x00,0x00,0x00,0x00,0x00,0x00,0x00,0x00,0x00,0x00,0x00,0x00,0x00,0x00,0x00,
    0x00,0x00,0x00,0x00,0x00,0x00,0x00,0x00,0x00,0x00,0x00,0x00,0x00,0x00,0x00,0x00,
    0x00,0x00,0x00,0x00,0x00,0x00,0x00,0x00,0x00,0x00,0x00,0x00,0x00,0x00,0x00,0x00,
    0x00,0x00,0x00,0x00,0x01,0x03,0x00,0x00,0x59,0xD2,0xFF,0xFF,0xFE,0xFC,0xFE,0xFF,
    0xFF,0xFF,0xFF,0xFF,0xFF,0xFF,0xFF,0xFF,0xFF,0xFF,0xFF,0xFF,0xFF,0xFF,0xFF,0xFF,
    0xFF,0xFF,0xFF,0xFF,0xFF,0xFF,0xFF,0xFF,0xFF,0xFF,0xFF,0xFF,0xFF,0xFF,0xFF,0xFF,
    0xFF,0xFF,0xFF,0xFF,0xFF,0xFF,0xFF,0xFF,0xFF,0xFE,0xFC,0xFE,0xFF,0xFF,0xD2,0x59,
    0x00,0x00,0x03,0x01,0x00,0x00,0x00,0x00,0x00,0x00,0x00,0x00,0x00,0x00,0x00,0x00,
    0x00,0x00,0x00,0x00,0x00,0x00,0x00,0x00,0x00,0x00,0x00,0x00,0x00,0x00,0x00,0x00,
    0x00,0x00,0x00,0x00,0x00,0x00,0x00,0x00,0x00,0x00,0x00,0x00,0x00,0x00,0x00,0x00,
    0x00,0x00,0x00,0x00,0x00,0x00,0x00,0x00,0x00,0x00,0x00,0x00,0x00,0x00,0x03,0x02,
    0x00,0x03,0x45,0xBA,0xFF,0xFF,0xFF,0xFC,0xFC,0xFE,0xFF,0xFF,0xFF,0xFF,0xFF,0xFF,
    0xFF,0xFF,0xFF,0xFF,0xFF,0xFF,0xFF,0xFF,0xFF,0xFF,0xFF,0xFF,0xFF,0xFF,0xFF,0xFF,
    0xFF,0xFF,0xFF,0xFF,0xFF,0xFF,0xFF,0xFF,0xFF,0xFF,0xFF,0xFF,0xFF,0xFF,0xFE,0xFC,
    0xFC,0xFF,0xFF,0xFF,0xBA,0x45,0x03,0x00,0x02,0x03,0x00,0x00,0x00,0x00,0x00,0x00,
    0x00,0x00,0x00,0x00,0x00,0x00,0x00,0x00,0x00,0x00,0x00,0x00,0x00,0x00,0x00,0x00,
    0x00,0x00,0x00,0x00,0x00,0x00,0x00,0x00,0x00,0x00,0x00,0x00,0x00,0x00,0x00,0x00,
    0x00,0x00,0x00,0x00,0x00,0x00,0x00,0x00,0x00,0x00,0x00,0x00,0x00,0x00,0x00,0x00,
    0x00,0x00,0x00,0x00,0x00,0x00,0x00,0x00,0x03,0x00,0x00,0x00,0x3A,0x9A,0xE9,0xFF,
    0xFF,0xFF,0xFC,0xFC,0xFD,0xFF,0xFF,0xFF,0xFF,0xFF,0xFF,0xFF,0xFF,0xFF,0xFF,0xFF,
    0xFF,0xFF,0xFF,0xFF,0xFF,0xFF,0xFF,0xFF,0xFF,0xFF,0xFF,0xFF,0xFF,0xFF,0xFF,0xFF,
    0xFF,0xFF,0xFF,0xFD,0xFC,0xFC,0xFF,0xFF,0xFF,0xE9,0x9A,0x3A,0x00,0x00,0x00,0x03,
    0x00,0x00,0x00,0x00,0x00,0x00,0x00,0x00,0x00,0x00,0x00,0x00,0x00,0x00,0x00,0x00,
    0x00,0x00,0x00,0x00,0x00,0x00,0x00,0x00,0x00,0x00,0x00,0x00,0x00,0x00,0x00,0x00,
    0x00,0x00,0x00,0x00,0x00,0x00,0x00,0x00,0x00,0x00,0x00,0x00,0x00,0x00,0x00,0x00,
    0x00,0x00,0x00,0x00,0x00,0x00,0x00,0x00,0x00,0x00,0x00,0x00,0x00,0x00,0x00,0x00,
    0x00,0x01,0x03,0x01,0x00,0x00,0x17,0x61,0xB0,0xF1,0xFF,0xFF,0xFF,0xFE,0xFB,0xFC,
    0xFD,0xFE,0xFF,0xFF,0xFF,0xFF,0xFF,0xFF,0xFF,0xFF,0xFF,0xFF,0xFF,0xFF,0xFF,0xFF,
    0xFF,0xFF,0xFF,0xFF,0xFF,0xFF,0xFE,0xFD,0xFC,0xFB,0xFE,0xFF,0xFF,0xFF,0xF1,0xB0,
    0x61,0x17,0x00,0x00,0x01,0x03,0x01,0x00,0x00,0x00,0x00,0x00,0x00,0x00,0x00,0x00,
    0x00,0x00,0x00,0x00,0x00,0x00,0x00,0x00,0x00,0x00,0x00,0x00,0x00,0x00,0x00,0x00,
    0x00,0x00,0x00,0x00,0x00,0x00,0x00,0x00,0x00,0x00,0x00,0x00,0x00,0x00,0x00,0x00,
    0x00,0x00,0x00,0x00,0x00,0x00,0x00,0x00,0x00,0x00,0x00,0x00,0x00,0x00,0x00,0x00,
    0x00,0x00,0x00,0x00,0x00,0x00,0x00,0x00,0x00,0x00,0x00,0x00,0x02,0x03,0x00,0x00,
    0x00,0x1C,0x61,0xAE,0xE2,0xFF,0xFF,0xFF,0xFF,0xFF,0xFE,0xFC,0xFC,0xFD,0xFD,0xFD,
    0xFF,0xFF,0xFF,0xFF,0xFF,0xFF,0xFF,0xFF,0xFD,0xFD,0xFD,0xFC,0xFC,0xFE,0xFF,0xFF,
    0xFF,0xFF,0xFF,0xE2,0xAE,0x61,0x1C,0x00,0x00,0x00,0x03,0x02,0x00,0x00,0x00,0x00,
    0x00,0x00,0x00,0x00,0x00,0x00,0x00,0x00,0x00,0x00,0x00,0x00,0x00,0x00,0x00,0x00,
    0x00,0x00,0x00,0x00,0x00,0x00,0x00,0x00,0x00,0x00,0x00,0x00,0x00,0x00,0x00,0x00,
    0x00,0x00,0x00,0x00,0x00,0x00,0x00,0x00,0x00,0x00,0x00,0x00,0x00,0x00,0x00,0x00,
    0x00,0x00,0x00,0x00,0x00,0x00,0x00,0x00,0x00,0x00,0x00,0x00,0x00,0x00,0x00,0x00,
    0x00,0x00,0x00,0x00,0x00,0x00,0x01,0x04,0x02,0x00,0x00,0x00,0x0A,0x34,0x6E,0xAB,
    0xD2,0xF1,0xFF,0xFF,0xFF,0xFF,0xFF,0xFF,0xFF,0xFF,0xFF,0xFF,0xFF,0xFF,0xFF,0xFF,
    0xFF,0xFF,0xFF,0xFF,0xFF,0xFF,0xF1,0xD2,0xAB,0x6E,0x34,0x0A,0x00,0x00,0x00,0x02,
    0x04,0x01,0x00,0x00,0x00,0x00,0x00,0x00,0x00,0x00,0x00,0x00,0x00,0x00,0x00,0x00,
    0x00,0x00,0x00,0x00,0x00,0x00,0x00,0x00,0x00,0x00,0x00,0x00,0x00,0x00,0x00,0x00,
    0x00,0x00,0x00,0x00,0x00,0x00,0x00,0x00,0x00,0x00,0x00,0x00,0x00,0x00,0x00,0x00,
    0x00,0x00,0x00,0x00,0x00,0x00,0x00,0x00,0x00,0x00,0x00,0x00,0x00,0x00,0x00,0x00,
    0x00,0x00,0x00,0x00,0x00,0x00,0x00,0x00,0x00,0x00,0x00,0x00,0x00,0x00,0x00,0x00,
    0x00,0x02,0x04,0x03,0x00,0x00,0x00,0x00,0x03,0x1F,0x45,0x78,0x88,0xB9,0xCB,0xCA,
    0xF2,0xFF,0xFE,0xFF,0xFF,0xFE,0xFF,0xF2,0xCA,0xCB,0xB9,0x88,0x78,0x45,0x1F,0x03,
    0x00,0x00,0x00,0x00,0x03,0x04,0x02,0x00,0x00,0x00,0x00,0x00,0x00,0x00,0x00,0x00,
    0x00,0x00,0x00,0x00,0x00,0x00,0x00,0x00,0x00,0x00,0x00,0x00,0x00,0x00,0x00,0x00,
    0x00,0x00,0x00,0x00,0x00,0x00,0x00,0x00,0x00,0x00,0x00,0x00,0x00,0x00,0x00,0x00,
};

const lv_image_dsc_t app_icon_meet = {
    .header = {
        .magic  = LV_IMAGE_HEADER_MAGIC,
        .cf     = LV_COLOR_FORMAT_RGB565A8,
        .flags  = 0,
        .w      = 120,
        .h      = 120,
        .stride = 240,
    },
    .data_size = sizeof(app_icon_meet_map),
    .data      = app_icon_meet_map,
};
