/* Generated by tools/mkassets.py. Do not edit by hand. */
#include "lvgl.h"

static const uint8_t app_icon_moon_map[] = {
    0x00,0x00,0x00,0x00,0x00,0x00,0x00,0x00,0x00,0x00,0x00,0x00,0x00,0x00,0x00,0x00,
    0x00,0x00,0x00,0x00,0x00,0x00,0x00,0x00,0x00,0x00,0x00,0x00,0x00,0x00,0x00,0x00,
    0x00,0x00,0x00,0x00,0x00,0x00,0x00,0x00,0x00,0x00,0x00,0x00,0x00,0x00,0x00,0x00,
    0x00,0x00,0x00,0x00,0x00,0x00,0x00,0x00,0x00,0x00,0x00,0x00,0x00,0x00,0x00,0x00,
    0x00,0x00,0x00,0x00,0x00,0x00,0x00,0x00,0x00,0x00,0x00,0x00,0x00,0x00,0x00,0x00,
    0x00,0x00,0x00,0x00,0x00,0x00,0x00,0x00,0x00,0x00,0x00,0x00,0x00,0x00,0x00,0x00,
    0x00,0x00,0x00,0x00,0x00,0x00,0x00,0x00,0x00,0x00,0x00,0x00,0x00,0x00,0x00,0x00,
    0x00,0x00,0x00,0x00,0x00,0x00,0x00,0x00,0x00,0x00,0x00,0x00,0x00,0x00,0x00,0x00,
    0x00,0x00,0x00,0x00,0x00,0x00,0x00,0x00,0x00,0x00,0x00,0x00,0x00,0x00,0x00,0x00,
    0x00,0x00,0x00,0x00,0x00,0x00,0x00,0x00,0x00,0x00,0x00,0x00,0x00,0x00,0x00,0x00,
    0x00,0x00,0x00,0x00,0x00,0x00,0x00,0x00,0x00,0x00,0x00,0x00,0x00,0x00,0x00,0x00,
    0x00,0x00,0x00,0x00,0x00,0x00,0x00,0x00,0x00,0x00,0x00,0x00,0x00,0x00,0x00,0x00,
    0x00,0x00,0x00,0x00,0x00,0x00,0x00,0x00,0x00,0x00,0x00,0x00,0x00,0x00,0x00,0x00,
    0x00,0x00,0x00,0x00,0x00,0x00,0x00,0x00,0x00,0x00,0x00,0x00,0x00,0x00,0x00,0x00,
    0x00,0x00,0x00,0x00,0x00,0x00,0x00,0x00,0x00,0x00,0x00,0x00,0x00,0x00,0x00,0x00,
    0x00,0x00,0x00,0x00,0x00,0x00,0x00,0x00,0x00,0x00,0x00,0x00,0x00,0x00,0x00,0x00,
    0x00,0x00,0x00,0x00,0x00,0x00,0x00,0x00,0x00,0x00,0x00,0x00,0x00,0x00,0x00,0x00,
    0x00,0x00,0x00,0x00,0x00,0x00,0x00,0x00,0x00,0x00,0x00,0x00,0x00,0x00,0x00,0x00,
    0x00,0x00,0x00,0x00,0x00,0x00,0x00,0x00,0x00,0x00,0x00,0x00,0x00,0x00,0x00,0x00,
    0x00,0x00,0x00,0x00,0x00,0x00,0x00,0x00,0x00,0x00,0x00,0x00,0x00,0x00,0x00,0x00,
    0x00,0x00,0x00,0x00,0x00,0x00,0x00,0x00,0x00,0x00,0x00,0x00,0x00,0x00,0x00,0x00,
    0x00,0x00,0x00,0x00,0x00,0x00,0x00,0x00,0x00,0x00,0x00,0x00,0x00,0x00,0x00,0x00,
    0x00,0x00,0x00,0x00,0x00,0x00,0x00,0x00,0x00,0x00,0x00,0x00,0x00,0x00,0x00,0x00,
    0x00,0x00,0x00,0x00,0x00,0x00,0x00,0x00,0x00,0x00,0x00,0x00,0x00,0x00,0x00,0x00,
    0x00,0x00,0x00,0x00,0x00,0x00,0x00,0x00,0x00,0x00,0x00,0x00,0x00,0x00,0x00,0x00,
    0x00,0x00,0x00,0x00,0x00,0x00,0x00,0x00,0x00,0x00,0x00,0x00,0x00,0x00,0x00,0x00,
    0x00,0x00,0x00,0x00,0x00,0x00,0x00,0x00,0x00,0x00,0x00,0x00,0x00,0x00,0x00,0x00,
    0x00,0x00,0x00,0x00,0x00,0x00,0x00,0x00,0x00,0x00,0x00,0x00,0x00,0x00,0x00,0x00,
    0x00,0x00,0x00,0x00,0x00,0x00,0x00,0x00,0x00,0x00,0x00,0x00,0x00,0x00,0x00,0x00,
    0x00,0x00,0x00,0x00,0x00,0x00,0x00,0x00,0x00,0x00,0x00,0x00,0x00,0x00,0x00,0x00,
    0x00,0x00,0x00,0x00,0x00,0x00,0x00,0x00,0x00,0x00,0x00,0x00,0x00,0x00,0x00,0x00,
    0x00,0x00,0x00,0x00,0x00,0x00,0x00,0x00,0x00,0x00,0x00,0x00,0x00,0x00,0x00,0x00,
    0x00,0x00,0x00,0x00,0x00,0x00,0x00,0x00,0x00,0x00,0x00,0x00,0x00,0x00,0x00,0x00,
    0x00,0x00,0x00,0x00,0x00,0x00,0x00,0x00,0x00,0x00,0x00,0x00,0x00,0x00,0x00,0x00,
    0x00,0x00,0x00,0x00,0x00,0x00,0x00,0x00,0x00,0x00,0x00,0x00,0x00,0x00,0x00,0x00,
    0x00,0x00,0x00,0x00,0x00,0x00,0x00,0x00,0x00,0x00,0x00,0x00,0x00,0x00,0x00,0x00,
    0x00,0x00,0x00,0x00,0x00,0x00,0x00,0x00,0x00,0x00,0x00,0x00,0x00,0x00,0x00,0x00,
    0x00,0x00,0x00,0x00,0x00,0x00,0x00,0x00,0x00,0x00,0x00,0x00,0x00,0x00,0x00,0x00,
    0x00,0x00,0x00,0x00,0x00,0x00,0x00,0x00,0x00,0x00,0x00,0x00,0x00,0x00,0x00,0x00,
    0x00,0x00,0x00,0x00,0x00,0x00,0x00,0x00,0x00,0x00,0x00,0x00,0x00,0x00,0x00,0x00,
    0x00,0x00,0x00,0x00,0x00,0x00,0x00,0x00,0x00,0x00,0x00,0x00,0x00,0x00,0x00,0x00,
    0x00,0x00,0x00,0x00,0x00,0x00,0x00,0x00,0x00,0x00,0x00,0x00,0x00,0x00,0x00,0x00,
    0x00,0x00,0x00,0x00,0x00,0x00,0x00,0x00,0x00,0x00,0x00,0x00,0x00,0x00,0x00,0x00,
    0x00,0x00,0x00,0x00,0x00,0x00,0x00,0x00,0x00,0x00,0x00,0x00,0x00,0x00,0x00,0x00,
    0x00,0x00,0x00,0x00,0x00,0x00,0x00,0x00,0x00,0x00,0x00,0x00,0x00,0x00,0x00,0x00,
    0x00,0x00,0x00,0x00,0x00,0x00,0x00,0x00,0x00,0x00,0x00,0x00,0x00,0x00,0x00,0x00,
    0x00,0x00,0x00,0x00,0x00,0x00,0x00,0x00,0x00,0x00,0x00,0x00,0x00,0x00,0x00,0x00,
    0x00,0x00,0x00,0x00,0x00,0x00,0x00,0x00,0x00,0x00,0x00,0x00,0x00,0x00,0x00,0x00,
    0x00,0x00,0x00,0x00,0x00,0x00,0x00,0x00,0x00,0x00,0x00,0x00,0x00,0x00,0x00,0x00,
    0x00,0x00,0x00,0x00,0x00,0x00,0x00,0x00,0x00,0x00,0x00,0x00,0x00,0x00,0x00,0x00,
    0x00,0x00,0x00,0x00,0x00,0x00,0x00,0x00,0x00,0x00,0x00,0x00,0x00,0x00,0x00,0x00,
    0x00,0x00,0x00,0x00,0x00,0x00,0x00,0x00,0x00,0x00,0x00,0x00,0x00,0x00,0x00,0x00,
    0x00,0x00,0x00,0x00,0x00,0x00,0x00,0x00,0x00,0x00,0x00,0x00,0x00,0x00,0x00,0x00,
    0x00,0x00,0x00,0x00,0x00,0x00,0x00,0x00,0x00,0x00,0x00,0x00,0x00,0x00,0x00,0x00,
    0x00,0x00,0x00,0x00,0x00,0x00,0x00,0x00,0x00,0x00,0x00,0x00,0x00,0x00,0x00,0x00,
    0x00,0x00,0x00,0x00,0x00,0x00,0x00,0x00,0x00,0x00,0x00,0x00,0x00,0x00,0x00,0x00,
    0x00,0x00,0x00,0x00,0x00,0x00,0x00,0x00,0x00,0x00,0x00,0x00,0x00,0x00,0x00,0x00,
    0x00,0x00,0x00,0x00,0x00,0x00,0x00,0x00,0x00,0x00,0x00,0x00,0x00,0x00,0x00,0x00,
    0x00,0x00,0x00,0x00,0x00,0x00,0x00,0x00,0x00,0x00,0x00,0x00,0x00,0x00,0x00,0x00,
    0x00,0x00,0x00,0x00,0x00,0x00,0x00,0x00,0x00,0x00,0x00,0x00,0x00,0x00,0x00,0x00,
    0x00,0x00,0x00,0x00,0x00,0x00,0x00,0x00,0x00,0x00,0x00,0x00,0x00,0x00,0x00,0x00,
    0x00,0x00,0x00,0x00,0x00,0x00,0x00,0x00,0x00,0x00,0x00,0x00,0x00,0x00,0x00,0x00,
    0x00,0x00,0x00,0x00,0x00,0x00,0x00,0x00,0x00,0x00,0x00,0x00,0x00,0x00,0x00,0x00,
    0x00,0x00,0x00,0x00,0x00,0x00,0x00,0x00,0x00,0x00,0x00,0x00,0x00,0x00,0x00,0x00,
    0x00,0x00,0x00,0x00,0x00,0x00,0x00,0x00,0x00,0x00,0x00,0x00,0x00,0x00,0x00,0x00,
    0x00,0x00,0x00,0x00,0x00,0x00,0x00,0x00,0x00,0x00,0x00,0x00,0x00,0x00,0x00,0x00,
    0x00,0x00,0x00,0x00,0x00,0x00,0x00,0x00,0x00,0x00,0x00,0x00,0x00,0x00,0x00,0x00,
    0x00,0x00,0x00,0x00,0x00,0x00,0x00,0x00,0x00,0x00,0x00,0x00,0x00,0x00,0x00,0x00,
    0x00,0x00,0x00,0x00,0x00,0x00,0x00,0x00,0x00,0x00,0x00,0x00,0x00,0x00,0x00,0x00,
    0x00,0x00,0x00,0x00,0x00,0x00,0x00,0x00,0x00,0x00,0x00,0x00,0x00,0x00,0x00,0x00,
    0x00,0x00,0x00,0x00,0x00,0x00,0x00,0x00,0x00,0x00,0x00,0x00,0x00,0x00,0x00,0x00,
    0x00,0x00,0x00,0x00,0x00,0x00,0x00,0x00,0x00,0x00,0x00,0x00,0x00,0x00,0x00,0x00,
    0x00,0x00,0x00,0x00,0x00,0x00,0x00,0x00,0x00,0x00,0x00,0x00,0x00,0x00,0x00,0x00,
    0x00,0x00,0x00,0x00,0x00,0x00,0x00,0x00,0x00,0x00,0x00,0x00,0x00,0x00,0x00,0x00,
    0x00,0x00,0x00,0x00,0x00,0x00,0x00,0x00,0x00,0x00,0x00,0x00,0x00,0x00,0x00,0x00,
    0x00,0x00,0x00,0x00,0x00,0x00,0x00,0x00,0x00,0x00,0x00,0x00,0x00,0x00,0x00,0x00,
    0x00,0x00,0x00,0x00,0x00,0x00,0x00,0x00,0x00,0x00,0x00,0x00,0x00,0x00,0x00,0x00,
    0x00,0x00,0x00,0x00,0x00,0x00,0x00,0x00,0x00,0x00,0x00,0x00,0x00,0x00,0x00,0x00,
    0x00,0x00,0x00,0x00,0x00,0x00,0x00,0x00,0x00,0x00,0x00,0x00,0x00,0x00,0x00,0x00,
    0x00,0x00,0x00,0x00,0x00,0x00,0x00,0x00,0x00,0x00,0x00,0x00,0x00,0x00,0x00,0x00,
    0x00,0x00,0x00,0x00,0x00,0x00,0x00,0x00,0x00,0x00,0x00,0x00,0x00,0x00,0x00,0x00,
    0x00,0x00,0x00,0x00,0x00,0x00,0x00,0x00,0x00,0x00,0x00,0x00,0x00,0x00,0x00,0x00,
    0x00,0x00,0x00,0x00,0x00,0x00,0x00,0x00,0x00,0x00,0x00,0x00,0x00,0x00,0x00,0x00,
    0x00,0x00,0x00,0x00,0x00,0x00,0x00,0x00,0x00,0x00,0x00,0x00,0x00,0x00,0x00,0x00,
    0x00,0x00,0x00,0x00,0x00,0x00,0x00,0x00,0x00,0x00,0x00,0x00,0x00,0x00,0x00,0x00,
    0x00,0x00,0x00,0x00,0x00,0x00,0x00,0x00,0x00,0x00,0x00,0x00,0x00,0x00,0x00,0x00,
    0x00,0x00,0x00,0x00,0x00,0x00,0x00,0x00,0x00,0x00,0x00,0x00,0x00,0x00,0x00,0x00,
    0x00,0x00,0x00,0x00,0x00,0x00,0x00,0x00,0x00,0x00,0x00,0x00,0x00,0x00,0x00,0x00,
    0x00,0x00,0x00,0x00,0x00,0x00,0x00,0x00,0x00,0x00,0x00,0x00,0x00,0x00,0x00,0x00,
    0x00,0x00,0x00,0x00,0x00,0x00,0x00,0x00,0x00,0x00,0x00,0x00,0x00,0x00,0x00,0x00,
    0x00,0x00,0x00,0x00,0x00,0x00,0x00,0x00,0x00,0x00,0x00,0x00,0x00,0x00,0x00,0x00,
    0x00,0x00,0x00,0x00,0x00,0x00,0x00,0x00,0x00,0x00,0x00,0x00,0x00,0x00,0x00,0x00,
    0x00,0x00,0x00,0x00,0x00,0x00,0x00,0x00,0x00,0x00,0x00,0x00,0x00,0x00,0x00,0x00,
    0x00,0x00,0x00,0x00,0x00,0x00,0x00,0x00,0x00,0x00,0x00,0x00,0x00,0x00,0x00,0x00,
    0x00,0x00,0x00,0x00,0x00,0x00,0x00,0x00,0x00,0x00,0x00,0x00,0x00,0x00,0x00,0x00,
    0x00,0x00,0x00,0x00,0x00,0x00,0x00,0x00,0x00,0x00,0x00,0x00,0x00,0x00,0x00,0x00,
    0x00,0x00,0x00,0x00,0x00,0x00,0x00,0x00,0x00,0x00,0x00,0x00,0x00,0x00,0x00,0x00,
    0x00,0x00,0x00,0x00,0x00,0x00,0x00,0x00,0x00,0x00,0x00,0x00,0x00,0x00,0x00,0x00,
    0x00,0x00,0x00,0x00,0x00,0x00,0x00,0x00,0x00,0x00,0x00,0x00,0x00,0x00,0x00,0x00,
    0x00,0x00,0x00,0x00,0x00,0x00,0x00,0x00,0x00,0x00,0x00,0x00,0x00,0x00,0x00,0x00,
    0x00,0x00,0x00,0x00,0x00,0x00,0x00,0x00,0x00,0x00,0x00,0x00,0x00,0x00,0x00,0x00,
    0x00,0x00,0x00,0x00,0x00,0x00,0x00,0x00,0x00,0x00,0x00,0x00,0x00,0x00,0x00,0x00,
    0x00,0x00,0x00,0x00,0x00,0x00,0x00,0x00,0x00,0x00,0x00,0x00,0x00,0x00,0x00,0x00,
    0x00,0x00,0x00,0x00,0x00,0x00,0x00,0x00,0x00,0x00,0x00,0x00,0x00,0x00,0x00,0x00,
    0x00,0x00,0x00,0x00,0x00,0x00,0x00,0x00,0x00,0x00,0x00,0x00,0x00,0x00,0x00,0x00,
    0x00,0x00,0x00,0x00,0x00,0x00,0x00,0x00,0x00,0x00,0x00,0x00,0x00,0x00,0x00,0x00,
    0x00,0x00,0x00,0x00,0x00,0x00,0x00,0x00,0x00,0x00,0x00,0x00,0x00,0x00,0x00,0x00,
    0x00,0x00,0x00,0x00,0x00,0x00,0x00,0x00,0x00,0x00,0x00,0x00,0x00,0x00,0x00,0x00,
    0x00,0x00,0x00,0x00,0x00,0x00,0x00,0x00,0x00,0x00,0x00,0x00,0x00,0x00,0x00,0x00,
    0x00,0x00,0x00,0x00,0x00,0x00,0x00,0x00,0x00,0x00,0x00,0x00,0x00,0x00,0x00,0x00,
    0x00,0x00,0x00,0x00,0x00,0x00,0x00,0x00,0x00,0x00,0x00,0x00,0x00,0x00,0x00,0x00,
    0x00,0x00,0x00,0x00,0x00,0x00,0x61,0x08,0xA2,0x10,0x03,0x19,0x65,0x29,0x49,0x4A,
    0x69,0x4A,0xA6,0x31,0xC7,0x39,0x69,0x4A,0x89,0x4A,0x65,0x29,0x45,0x29,0x07,0x3A,
    0xC7,0x39,0x85,0x29,0x65,0x29,0xE3,0x18,0x82,0x10,0x41,0x08,0x00,0x00,0x00,0x00,
    0x00,0x00,0x00,0x00,0x00,0x00,0x00,0x00,0x00,0x00,0x00,0x00,0x00,0x00,0x00,0x00,
    0x00,0x00,0x00,0x00,0x00,0x00,0x00,0x00,0x00,0x00,0x00,0x00,0x00,0x00,0x00,0x00,
    0x00,0x00,0x00,0x00,0x00,0x00,0x00,0x00,0x00,0x00,0x00,0x00,0x00,0x00,0x00,0x00,
    0x00,0x00,0x00,0x00,0x00,0x00,0x00,0x00,0x00,0x00,0x00,0x00,0x00,0x00,0x00,0x00,
    0x00,0x00,0x00,0x00,0x00,0x00,0x00,0x00,0x00,0x00,0x00,0x00,0x00,0x00,0x00,0x00,
    0x00,0x00,0x00,0x00,0x00,0x00,0x00,0x00,0x00,0x00,0x00,0x00,0x00,0x00,0x00,0x00,
    0x00,0x00,0x00,0x00,0x00,0x00,0x00,0x00,0x00,0x00,0x00,0x00,0x00,0x00,0x00,0x00,
    0x00,0x00,0x00,0x00,0x00,0x00,0x00,0x00,0x00,0x00,0x00,0x00,0x00,0x00,0x00,0x00,
    0x00,0x00,0x00,0x00,0x00,0x00,0x00,0x00,0x00,0x00,0x00,0x00,0x00,0x00,0x00,0x00,
    0x00,0x00,0x00,0x00,0x00,0x00,0x00,0x00,0x00,0x00,0x00,0x00,0x00,0x00,0x00,0x00,
    0x00,0x00,0x00,0x00,0x00,0x00,0x00,0x00,0x00,0x00,0x00,0x00,0x00,0x00,0x00,0x00,
    0x00,0x00,0x00,0x00,0x00,0x00,0x00,0x00,0x00,0x00,0x00,0x00,0x61,0x08,0xE3,0x18,
    0x86,0x31,0xE7,0x39,0x48,0x42,0x07,0x3A,0xE7,0x39,0xCA,0x52,0x4D,0x6B,0x2C,0x63,
    0x48,0x42,0x07,0x3A,0x8A,0x52,0x28,0x42,0x69,0x4A,0x28,0x42,0x69,0x4A,0xCA,0x52,
    0xCA,0x52,0xEB,0x5A,0xAA,0x52,0x8A,0x52,0xAA,0x52,0x49,0x4A,0xE7,0x39,0x65,0x29,
    0xE3,0x18,0x61,0x08,0x00,0x00,0x00,0x00,0x00,0x00,0x00,0x00,0x00,0x00,0x00,0x00,
    0x00,0x00,0x00,0x00,0x00,0x00,0x00,0x00,0x00,0x00,0x00,0x00,0x00,0x00,0x00,0x00,
    0x00,0x00,0x00,0x00,0x00,0x00,0x00,0x00,0x00,0x00,0x00,0x00,0x00,0x00,0x00,0x00,
    0x00,0x00,0x00,0x00,0x00,0x00,0x00,0x00,0x00,0x00,0x00,0x00,0x00,0x00,0x00,0x00,
    0x00,0x00,0x00,0x00,0x00,0x00,0x00,0x00,0x00,0x00,0x00,0x00,0x00,0x00,0x00,0x00,
    0x00,0x00,0x00,0x00,0x00,0x00,0x00,0x00,0x00,0x00,0x00,0x00,0x00,0x00,0x00,0x00,
    0x00,0x00,0x00,0x00,0x00,0x00,0x00,0x00,0x00,0x00,0x00,0x00,0x00,0x00,0x00,0x00,
    0x00,0x00,0x00,0x00,0x00,0x00,0x00,0x00,0x00,0x00,0x00,0x00,0x00,0x00,0x00,0x00,
    0x00,0x00,0x00,0x00,0x00,0x00,0x00,0x00,0x00,0x00,0x00,0x00,0x00,0x00,0x00,0x00,
    0x00,0x00,0x00,0x00,0x00,0x00,0x00,0x00,0x00,0x00,0x00,0x00,0x00,0x00,0x00,0x00,
    0x00,0x00,0x00,0x00,0x00,0x00,0x00,0x00,0x00,0x00,0x00,0x00,0x00,0x00,0x00,0x00,
    0x00,0x00,0x00,0x00,0x00,0x00,0x82,0x10,0x44,0x21,0x07,0x3A,0xC7,0x39,0xAA,0x52,
    0xCA,0x52,0xAA,0x52,0xAA,0x52,0x89,0x4A,0x0C,0x63,0x2C,0x63,0x0C,0x63,0x4C,0x63,
    0x8A,0x52,0x69,0x4A,0x89,0x4A,0xAA,0x52,0x49,0x4A,0xAA,0x52,0x28,0x42,0x49,0x4A,
    0xE7,0x39,0x07,0x3A,0x28,0x42,0x48,0x42,0x8A,0x52,0x69,0x4A,0x48,0x42,0x69,0x4A,
    0x8A,0x52,0x48,0x42,0xE7,0x39,0x45,0x29,0xA2,0x10,0x20,0x00,0x00,0x00,0x00,0x00,
    0x00,0x00,0x00,0x00,0x00,0x00,0x00,0x00,0x00,0x00,0x00,0x00,0x00,0x00,0x00,0x00,
    0x00,0x00,0x00,0x00,0x00,0x00,0x00,0x00,0x00,0x00,0x00,0x00,0x00,0x00,0x00,0x00,
    0x00,0x00,0x00,0x00,0x00,0x00,0x00,0x00,0x00,0x00,0x00,0x00,0x00,0x00,0x00,0x00,
    0x00,0x00,0x00,0x00,0x00,0x00,0x00,0x00,0x00,0x00,0x00,0x00,0x00,0x00,0x00,0x00,
    0x00,0x00,0x00,0x00,0x00,0x00,0x00,0x00,0x00,0x00,0x00,0x00,0x00,0x00,0x00,0x00,
    0x00,0x00,0x00,0x00,0x00,0x00,0x00,0x00,0x00,0x00,0x00,0x00,0x00,0x00,0x00,0x00,
    0x00,0x00,0x00,0x00,0x00,0x00,0x00,0x00,0x00,0x00,0x00,0x00,0x00,0x00,0x00,0x00,
    0x00,0x00,0x00,0x00,0x00,0x00,0x00,0x00,0x00,0x00,0x00,0x00,0x00,0x00,0x00,0x00,
    0x00,0x00,0x00,0x00,0x00,0x00,0x00,0x00,0x00,0x00,0x00,0x00,0x00,0x00,0x00,0x00,
    0x00,0x00,0x00,0x00,0x00,0x00,0x00,0x00,0x00,0x00,0x00,0x00,0x00,0x00,0x00,0x00,
    0x61,0x08,0x24,0x21,0x69,0x4A,0x28,0x42,0x48,0x42,0x8A,0x52,0x08,0x42,0x08,0x42,
    0x48,0x42,0x28,0x42,0x89,0x4A,0x89,0x4A,0x4D,0x6B,0x0B,0x5B,0xAE,0x73,0x10,0x84,
    0x8E,0x73,0x07,0x3A,0xCB,0x5A,0x49,0x4A,0x69,0x4A,0x69,0x4A,0xCA,0x52,0xAA,0x52,
    0xEB,0x5A,0xAA,0x52,0x8A,0x52,0x69,0x4A,0x49,0x4A,0x49,0x4A,0x49,0x4A,0x28,0x42,
    0xAA,0x52,0x69,0x4A,0x8A,0x52,0x89,0x4A,0x28,0x42,0xA6,0x31,0x44,0x21,0x61,0x08,
    0x00,0x00,0x00,0x00,0x00,0x00,0x00,0x00,0x00,0x00,0x00,0x00,0x00,0x00,0x00,0x00,
    0x00,0x00,0x00,0x00,0x00,0x00,0x00,0x00,0x00,0x00,0x00,0x00,0x00,0x00,0x00,0x00,
    0x00,0x00,0x00,0x00,0x00,0x00,0x00,0x00,0x00,0x00,0x00,0x00,0x00,0x00,0x00,0x00,
    0x00,0x00,0x00,0x00,0x00,0x00,0x00,0x00,0x00,0x00,0x00,0x00,0x00,0x00,0x00,0x00,
    0x00,0x00,0x00,0x00,0x00,0x00,0x00,0x00,0x00,0x00,0x00,0x00,0x00,0x00,0x00,0x00,
    0x00,0x00,0x00,0x00,0x00,0x00,0x00,0x00,0x00,0x00,0x00,0x00,0x00,0x00,0x00,0x00,
    0x00,0x00,0x00,0x00,0x00,0x00,0x00,0x00,0x00,0x00,0x00,0x00,0x00,0x00,0x00,0x00,
    0x00,0x00,0x00,0x00,0x00,0x00,0x00,0x00,0x00,0x00,0x00,0x00,0x00,0x00,0x00,0x00,
    0x00,0x00,0x00,0x00,0x00,0x00,0x00,0x00,0x00,0x00,0x00,0x00,0x00,0x00,0x00,0x00,
    0x00,0x00,0x00,0x00,0x00,0x00,0x00,0x00,0x00,0x00,0x00,0x00,0xA2,0x10,0xA6,0x31,
    0x69,0x4A,0xAA,0x52,0x69,0x4A,0x69,0x4A,0x49,0x4A,0x28,0x42,0xEB,0x5A,0xAA,0x52,
    0xAA,0x52,0x28,0x42,0x69,0x4A,0x0C,0x63,0x8E,0x73,0x2C,0x63,0x2C,0x63,0x10,0x84,
    0x8A,0x52,0xCB,0x5A,0x6D,0x6B,0x2C,0x63,0xCA,0x52,0xA6,0x31,0x8E,0x73,0x2C,0x63,
    0xCB,0x5A,0x8A,0x52,0x89,0x4A,0x89,0x4A,0xCB,0x5A,0x69,0x4A,0xC7,0x39,0xCA,0x52,
    0xCA,0x52,0xEB,0x5A,0x69,0x4A,0x49,0x4A,0x69,0x4A,0x69,0x4A,0x69,0x4A,0x28,0x42,
    0xA6,0x31,0xA2,0x10,0x20,0x00,0x00,0x00,0x00,0x00,0x00,0x00,0x00,0x00,0x00,0x00,
    0x00,0x00,0x00,0x00,0x00,0x00,0x00,0x00,0x00,0x00,0x00,0x00,0x00,0x00,0x00,0x00,
    0x00,0x00,0x00,0x00,0x00,0x00,0x00,0x00,0x00,0x00,0x00,0x00,0x00,0x00,0x00,0x00,
    0x00,0x00,0x00,0x00,0x00,0x00,0x00,0x00,0x00,0x00,0x00,0x00,0x00,0x00,0x00,0x00,
    0x00,0x00,0x00,0x00,0x00,0x00,0x00,0x00,0x00,0x00,0x00,0x00,0x00,0x00,0x00,0x00,
    0x00,0x00,0x00,0x00,0x00,0x00,0x00,0x00,0x00,0x00,0x00,0x00,0x00,0x00,0x00,0x00,
    0x00,0x00,0x00,0x00,0x00,0x00,0x00,0x00,0x00,0x00,0x00,0x00,0x00,0x00,0x00,0x00,
    0x00,0x00,0x00,0x00,0x00,0x00,0x00,0x00,0x00,0x00,0x00,0x00,0x00,0x00,0x00,0x00,
    0x00,0x00,0x00,0x00,0x00,0x00,0x00,0x00,0x00,0x00,0x00,0x00,0x00,0x00,0x00,0x00,
    0x00,0x00,0x00,0x00,0x00,0x00,0x00,0x00,0xC3,0x18,0xC7,0x39,0x28,0x42,0xCA,0x52,
    0xAA,0x52,0x48,0x42,0xCA,0x52,0x89,0x4A,0x69,0x4A,0x8A,0x52,0x69,0x4A,0xCB,0x5A,
    0xCA,0x52,0x0C,0x63,0x69,0x4A,0x0C,0x63,0xAE,0x73,0x0B,0x5B,0xEB,0x5A,0xEF,0x7B,
    0x28,0x42,0x2C,0x63,0xCF,0x7B,0xCA,0x52,0x69,0x4A,0x28,0x42,0xCA,0x52,0xAA,0x52,
    0x2C,0x63,0xCB,0x5A,0x8A,0x52,0xEB,0x5A,0x2C,0x63,0x28,0x42,0xAA,0x52,0x0C,0x63,
    0x0B,0x5B,0xAA,0x52,0x8A,0x52,0xCB,0x5A,0x48,0x42,0xAA,0x52,0x8A,0x52,0x08,0x42,
    0x48,0x42,0x28,0x42,0xC6,0x31,0x24,0x21,0x20,0x00,0x00,0x00,0x00,0x00,0x00,0x00,
    0x00,0x00,0x00,0x00,0x00,0x00,0x00,0x00,0x00,0x00,0x00,0x00,0x00,0x00,0x00,0x00,
    0x00,0x00,0x00,0x00,0x00,0x00,0x00,0x00,0x00,0x00,0x00,0x00,0x00,0x00,0x00,0x00,
    0x00,0x00,0x00,0x00,0x00,0x00,0x00,0x00,0x00,0x00,0x00,0x00,0x00,0x00,0x00,0x00,
    0x00,0x00,0x00,0x00,0x00,0x00,0x00,0x00,0x00,0x00,0x00,0x00,0x00,0x00,0x00,0x00,
    0x00,0x00,0x00,0x00,0x00,0x00,0x00,0x00,0x00,0x00,0x00,0x00,0x00,0x00,0x00,0x00,
    0x00,0x00,0x00,0x00,0x00,0x00,0x00,0x00,0x00,0x00,0x00,0x00,0x00,0x00,0x00,0x00,
    0x00,0x00,0x00,0x00,0x00,0x00,0x00,0x00,0x00,0x00,0x00,0x00,0x00,0x00,0x00,0x00,
    0x00,0x00,0x00,0x00,0x00,0x00,0x00,0x00,0x00,0x00,0x00,0x00,0x00,0x00,0x00,0x00,
    0x00,0x00,0x00,0x00,0x82,0x10,0xA6,0x31,0xAA,0x52,0x89,0x4A,0x28,0x42,0xCA,0x52,
    0x28,0x42,0x8A,0x52,0xCB,0x5A,0x89,0x4A,0xAA,0x52,0xAA,0x52,0x89,0x4A,0x89,0x4A,
    0x48,0x42,0x8E,0x73,0xCB,0x5A,0x0B,0x5B,0x6D,0x6B,0xCB,0x5A,0x4C,0x63,0xEB,0x5A,
    0x69,0x4A,0x2C,0x63,0xCA,0x52,0xEB,0x5A,0x49,0x4A,0xEB,0x5A,0xAA,0x52,0x48,0x42,
    0x69,0x4A,0xAA,0x52,0xAA,0x52,0xEB,0x5A,0x69,0x4A,0x89,0x4A,0x2C,0x63,0xEB,0x5A,
    0xCA,0x52,0xCB,0x5A,0xAA,0x52,0x28,0x42,0x89,0x4A,0x8A,0x52,0x8A,0x52,0x69,0x4A,
    0x48,0x42,0x48,0x42,0x07,0x3A,0x08,0x42,0xE7,0x39,0xE3,0x18,0x00,0x00,0x00,0x00,
    0x00,0x00,0x00,0x00,0x00,0x00,0x00,0x00,0x00,0x00,0x00,0x00,0x00,0x00,0x00,0x00,
    0x00,0x00,0x00,0x00,0x00,0x00,0x00,0x00,0x00,0x00,0x00,0x00,0x00,0x00,0x00,0x00,
    0x00,0x00,0x00,0x00,0x00,0x00,0x00,0x00,0x00,0x00,0x00,0x00,0x00,0x00,0x00,0x00,
    0x00,0x00,0x00,0x00,0x00,0x00,0x00,0x00,0x00,0x00,0x00,0x00,0x00,0x00,0x00,0x00,
    0x00,0x00,0x00,0x00,0x00,0x00,0x00,0x00,0x00,0x00,0x00,0x00,0x00,0x00,0x00,0x00,
    0x00,0x00,0x00,0x00,0x00,0x00,0x00,0x00,0x00,0x00,0x00,0x00,0x00,0x00,0x00,0x00,
    0x00,0x00,0x00,0x00,0x00,0x00,0x00,0x00,0x00,0x00,0x00,0x00,0x00,0x00,0x00,0x00,
    0x00,0x00,0x00,0x00,0x00,0x00,0x00,0x00,0x00,0x00,0x00,0x00,0x00,0x00,0x00,0x00,
    0x81,0x08,0x85,0x29,0x48,0x42,0x69,0x4A,0x69,0x4A,0xAA,0x52,0x69,0x4A,0xAA,0x52,
    0x07,0x3A,0xAA,0x52,0x0C,0x63,0x49,0x4A,0x28,0x42,0xAA,0x52,0x69,0x4A,0x0B,0x5B,
    0x48,0x42,0xAA,0x52,0xAE,0x73,0x2C,0x63,0xEB,0x5A,0xEB,0x5A,0x6D,0x6B,0xEB,0x5A,
    0x89,0x4A,0x0C,0x63,0x0C,0x63,0x6D,0x6B,0x49,0x4A,0x2C,0x63,0x8A,0x52,0xAA,0x52,
    0x48,0x42,0xEB,0x5A,0x8A,0x52,0x69,0x4A,0xAA,0x52,0xEB,0x5A,0xCB,0x5A,0xEB,0x5A,
    0xEB,0x5A,0x2C,0x63,0xEB,0x5A,0x8A,0x52,0xCB,0x5A,0x69,0x4A,0xAA,0x52,0x89,0x4A,
    0xAA,0x52,0x28,0x42,0x08,0x42,0xC7,0x39,0x28,0x42,0x8A,0x52,0xC6,0x31,0xA2,0x10,
    0x00,0x00,0x00,0x00,0x00,0x00,0x00,0x00,0x00,0x00,0x00,0x00,0x00,0x00,0x00,0x00,
    0x00,0x00,0x00,0x00,0x00,0x00,0x00,0x00,0x00,0x00,0x00,0x00,0x00,0x00,0x00,0x00,
    0x00,0x00,0x00,0x00,0x00,0x00,0x00,0x00,0x00,0x00,0x00,0x00,0x00,0x00,0x00,0x00,
    0x00,0x00,0x00,0x00,0x00,0x00,0x00,0x00,0x00,0x00,0x00,0x00,0x00,0x00,0x00,0x00,
    0x00,0x00,0x00,0x00,0x00,0x00,0x00,0x00,0x00,0x00,0x00,0x00,0x00,0x00,0x00,0x00,
    0x00,0x00,0x00,0x00,0x00,0x00,0x00,0x00,0x00,0x00,0x00,0x00,0x00,0x00,0x00,0x00,
    0x00,0x00,0x00,0x00,0x00,0x00,0x00,0x00,0x00,0x00,0x00,0x00,0x00,0x00,0x00,0x00,
    0x00,0x00,0x00,0x00,0x00,0x00,0x00,0x00,0x00,0x00,0x00,0x00,0x00,0x00,0x24,0x21,
    0x69,0x4A,0x89,0x4A,0xCA,0x52,0x8A,0x52,0x8A,0x52,0x8A,0x52,0xCB,0x5A,0xCA,0x52,
    0x69,0x4A,0xEB,0x5A,0xEB,0x5A,0x69,0x4A,0xAA,0x52,0x8D,0x6B,0xAA,0x52,0xAA,0x52,
    0x28,0x42,0xAE,0x73,0x8D,0x6B,0x4C,0x63,0xAE,0x73,0xAE,0x73,0x2C,0x63,0x0B,0x5B,
    0x0B,0x5B,0xEB,0x5A,0x0C,0x63,0xEB,0x5A,0x2C,0x63,0x2C,0x63,0x8E,0x73,0x0C,0x63,
    0x8A,0x52,0x4C,0x63,0x69,0x4A,0x28,0x42,0xEB,0x5A,0x0C,0x63,0xCA,0x52,0xCA,0x52,
    0xEB,0x5A,0x0C,0x63,0xAA,0x52,0x0C,0x63,0xEB,0x5A,0xAA,0x52,0x69,0x4A,0x69,0x4A,
    0x89,0x4A,0x8A,0x52,0xE7,0x39,0x69,0x4A,0x49,0x4A,0x08,0x42,0x28,0x42,0x49,0x4A,
    0x65,0x29,0x20,0x00,0x00,0x00,0x00,0x00,0x00,0x00,0x00,0x00,0x00,0x00,0x00,0x00,
    0x00,0x00,0x00,0x00,0x00,0x00,0x00,0x00,0x00,0x00,0x00,0x00,0x00,0x00,0x00,0x00,
    0x00,0x00,0x00,0x00,0x00,0x00,0x00,0x00,0x00,0x00,0x00,0x00,0x00,0x00,0x00,0x00,
    0x00,0x00,0x00,0x00,0x00,0x00,0x00,0x00,0x00,0x00,0x00,0x00,0x00,0x00,0x00,0x00,
    0x00,0x00,0x00,0x00,0x00,0x00,0x00,0x00,0x00,0x00,0x00,0x00,0x00,0x00,0x00,0x00,
    0x00,0x00,0x00,0x00,0x00,0x00,0x00,0x00,0x00,0x00,0x00,0x00,0x00,0x00,0x00,0x00,
    0x00,0x00,0x00,0x00,0x00,0x00,0x00,0x00,0x00,0x00,0x00,0x00,0x00,0x00,0x00,0x00,
    0x00,0x00,0x00,0x00,0x00,0x00,0x00,0x00,0x00,0x00,0x61,0x08,0xE7,0x39,0x8A,0x52,
    0x48,0x42,0xAA,0x52,0x0B,0x5B,0xCB,0x5A,0xAA,0x52,0x89,0x4A,0xCB,0x5A,0xCA,0x52,
    0xAA,0x52,0xEB,0x5A,0x89,0x4A,0xCB,0x5A,0x71,0x8C,0x4C,0x63,0x8A,0x52,0x48,0x42,
    0xAE,0x73,0xAE,0x73,0xAE,0x73,0xAE,0x73,0xCE,0x73,0x0C,0x63,0x2C,0x63,0x2C,0x63,
    0x0C,0x63,0x0B,0x5B,0x0C,0x63,0x4D,0x6B,0x8E,0x73,0x8D,0x6B,0x6D,0x6B,0x2C,0x63,
    0x2C,0x63,0x0B,0x5B,0x2C,0x63,0x89,0x4A,0x69,0x4A,0xCA,0x52,0xCA,0x52,0x4C,0x63,
    0xAA,0x52,0xAA,0x52,0x89,0x4A,0x68,0x42,0xEB,0x5A,0x89,0x4A,0x28,0x42,0x8A,0x52,
    0x69,0x4A,0x49,0x4A,0x89,0x4A,0x28,0x42,0x48,0x42,0x48,0x42,0x28,0x42,0x28,0x42,
    0x28,0x42,0xE7,0x39,0xC2,0x10,0x00,0x00,0x00,0x00,0x00,0x00,0x00,0x00,0x00,0x00,
    0x00,0x00,0x00,0x00,0x00,0x00,0x00,0x00,0x00,0x00,0x00,0x00,0x00,0x00,0x00,0x00,
    0x00,0x00,0x00,0x00,0x00,0x00,0x00,0x00,0x00,0x00,0x00,0x00,0x00,0x00,0x00,0x00,
    0x00,0x00,0x00,0x00,0x00,0x00,0x00,0x00,0x00,0x00,0x00,0x00,0x00,0x00,0x00,0x00,
    0x00,0x00,0x00,0x00,0x00,0x00,0x00,0x00,0x00,0x00,0x00,0x00,0x00,0x00,0x00,0x00,
    0x00,0x00,0x00,0x00,0x00,0x00,0x00,0x00,0x00,0x00,0x00,0x00,0x00,0x00,0x00,0x00,
    0x00,0x00,0x00,0x00,0x00,0x00,0x00,0x00,0x00,0x00,0x00,0x00,0x00,0x00,0x00,0x00,
    0x00,0x00,0x00,0x00,0x00,0x00,0x00,0x00,0x03,0x19,0xCB,0x5A,0xAA,0x52,0x69,0x4A,
    0xCA,0x52,0x89,0x4A,0x2C,0x63,0xAA,0x52,0x69,0x4A,0x0B,0x5B,0xCB,0x5A,0xAA,0x52,
    0x89,0x4A,0x0C,0x63,0x89,0x4A,0xAA,0x52,0x0F,0x7C,0x0B,0x5B,0xAA,0x52,0xEF,0x7B,
    0xAE,0x73,0x8D,0x6B,0xEF,0x7B,0xAE,0x73,0x4C,0x63,0x4D,0x6B,0x6D,0x6B,0x4D,0x6B,
    0x4D,0x6B,0x4C,0x63,0x6D,0x6B,0x6D,0x6B,0x4C,0x63,0x0C,0x63,0x4C,0x63,0x4C,0x63,
    0x2C,0x63,0xAA,0x52,0x8A,0x52,0x69,0x4A,0x8A,0x52,0xAA,0x52,0x0B,0x5B,0x4C,0x63,
    0xCB,0x5A,0xAA,0x52,0xCB,0x5A,0x4C,0x63,0xAA,0x52,0x49,0x4A,0x89,0x4A,0x69,0x4A,
    0x48,0x42,0x28,0x42,0x48,0x42,0x89,0x4A,0xE7,0x39,0x69,0x4A,0x69,0x4A,0x69,0x4A,
    0xC7,0x39,0x28,0x42,0x49,0x4A,0x24,0x21,0x00,0x00,0x00,0x00,0x00,0x00,0x00,0x00,
    0x00,0x00,0x00,0x00,0x00,0x00,0x00,0x00,0x00,0x00,0x00,0x00,0x00,0x00,0x00,0x00,
    0x00,0x00,0x00,0x00,0x00,0x00,0x00,0x00,0x00,0x00,0x00,0x00,0x00,0x00,0x00,0x00,
    0x00,0x00,0x00,0x00,0x00,0x00,0x00,0x00,0x00,0x00,0x00,0x00,0x00,0x00,0x00,0x00,
    0x00,0x00,0x00,0x00,0x00,0x00,0x00,0x00,0x00,0x00,0x00,0x00,0x00,0x00,0x00,0x00,
    0x00,0x00,0x00,0x00,0x00,0x00,0x00,0x00,0x00,0x00,0x00,0x00,0x00,0x00,0x00,0x00,
    0x00,0x00,0x00,0x00,0x00,0x00,0x00,0x00,0x00,0x00,0x00,0x00,0x00,0x00,0x00,0x00,
    0x00,0x00,0x00,0x00,0x00,0x00,0x85,0x29,0xCB,0x5A,0xCB,0x5A,0xCA,0x52,0xAA,0x52,
    0xCB,0x5A,0xEB,0x5A,0x69,0x4A,0x69,0x4A,0x69,0x4A,0xCB,0x5A,0xEB,0x5A,0xCA,0x52,
    0xEB,0x5A,0x2C,0x63,0xCA,0x52,0x8A,0x52,0x49,0x4A,0x4C,0x63,0xAE,0x73,0x6D,0x6B,
    0xAE,0x73,0xAE,0x73,0x10,0x84,0x6D,0x6B,0x6D,0x6B,0x8E,0x73,0x4D,0x6B,0xCE,0x73,
    0x6D,0x6B,0x2C,0x63,0x4D,0x6B,0x4D,0x6B,0x6D,0x6B,0xAE,0x73,0x0B,0x5B,0x6D,0x6B,
    0x2C,0x63,0x28,0x42,0xEB,0x5A,0x0B,0x5B,0x0C,0x63,0x2C,0x63,0x0B,0x5B,0xAA,0x52,
    0x0C,0x63,0xEB,0x5A,0x8A,0x52,0x2C,0x63,0x0B,0x5B,0x28,0x42,0x0B,0x5B,0x8A,0x52,
    0xC6,0x31,0x28,0x42,0x28,0x42,0x69,0x4A,0x86,0x31,0x28,0x42,0x69,0x4A,0x89,0x4A,
    0x49,0x4A,0x28,0x42,0x28,0x42,0x48,0x42,0x86,0x31,0x40,0x00,0x00,0x00,0x00,0x00,
    0x00,0x00,0x00,0x00,0x00,0x00,0x00,0x00,0x00,0x00,0x00,0x00,0x00,0x00,0x00,0x00,
    0x00,0x00,0x00,0x00,0x00,0x00,0x00,0x00,0x00,0x00,0x00,0x00,0x00,0x00,0x00,0x00,
    0x00,0x00,0x00,0x00,0x00,0x00,0x00,0x00,0x00,0x00,0x00,0x00,0x00,0x00,0x00,0x00,
    0x00,0x00,0x00,0x00,0x00,0x00,0x00,0x00,0x00,0x00,0x00,0x00,0x00,0x00,0x00,0x00,
    0x00,0x00,0x00,0x00,0x00,0x00,0x00,0x00,0x00,0x00,0x00,0x00,0x00,0x00,0x00,0x00,
    0x00,0x00,0x00,0x00,0x00,0x00,0x00,0x00,0x00,0x00,0x00,0x00,0x00,0x00,0x00,0x00,
    0x00,0x00,0x41,0x08,0x08,0x42,0xEB,0x5A,0xAA,0x52,0xCB,0x5A,0xAA,0x52,0x89,0x4A,
    0x48,0x42,0xAA,0x52,0xCB,0x5A,0xAA,0x52,0x49,0x4A,0xEB,0x5A,0x89,0x4A,0xEB,0x5A,
    0x8E,0x73,0x2C,0x63,0xCB,0x5A,0x8A,0x52,0xEB,0x5A,0x10,0x84,0xEF,0x7B,0xAA,0x52,
    0x2C,0x63,0xEF,0x7B,0x8E,0x73,0x6D,0x6B,0xCE,0x73,0xCE,0x73,0x4C,0x63,0xCE,0x73,
    0xAE,0x73,0x0C,0x63,0xCA,0x52,0x4D,0x6B,0x8D,0x6B,0xAE,0x73,0xEB,0x5A,0x6D,0x6B,
    0x6D,0x6B,0x0B,0x5B,0x4D,0x6B,0x4C,0x63,0xEB,0x5A,0x8E,0x73,0x8E,0x73,0xCB,0x5A,
    0x2C,0x63,0x4D,0x6B,0x0C,0x63,0x4D,0x6B,0x0B,0x5B,0x0B,0x5B,0x8A,0x52,0xCA,0x52,
    0xCA,0x52,0xAA,0x52,0x69,0x4A,0x49,0x4A,0x28,0x42,0x69,0x4A,0x69,0x4A,0xEB,0x5A,
    0xCA,0x52,0xAA,0x52,0x69,0x4A,0x08,0x42,0x28,0x42,0xE7,0x39,0x82,0x10,0x00,0x00,
    0x00,0x00,0x00,0x00,0x00,0x00,0x00,0x00,0x00,0x00,0x00,0x00,0x00,0x00,0x00,0x00,
    0x00,0x00,0x00,0x00,0x00,0x00,0x00,0x00,0x00,0x00,0x00,0x00,0x00,0x00,0x00,0x00,
    0x00,0x00,0x00,0x00,0x00,0x00,0x00,0x00,0x00,0x00,0x00,0x00,0x00,0x00,0x00,0x00,
    0x00,0x00,0x00,0x00,0x00,0x00,0x00,0x00,0x00,0x00,0x00,0x00,0x00,0x00,0x00,0x00,
    0x00,0x00,0x00,0x00,0x00,0x00,0x00,0x00,0x00,0x00,0x00,0x00,0x00,0x00,0x00,0x00,
    0x00,0x00,0x00,0x00,0x00,0x00,0x00,0x00,0x00,0x00,0x00,0x00,0x00,0x00,0x00,0x00,
    0x82,0x10,0x48,0x42,0xEB,0x5A,0x8A,0x52,0xAA,0x52,0xCA,0x52,0xEB,0x5A,0xAA,0x52,
    0xAA,0x52,0xAA,0x52,0x8A,0x52,0x0B,0x5B,0xEB,0x5A,0x2C,0x63,0x4D,0x6B,0xCB,0x5A,
    0x6D,0x6B,0x4C,0x63,0x2C,0x63,0x69,0x4A,0x10,0x84,0x92,0x94,0x10,0x84,0x0B,0x5B,
    0xEB,0x5A,0x6D,0x6B,0x0B,0x5B,0x4D,0x6B,0x8E,0x73,0x6D,0x6B,0x6D,0x6B,0x2C,0x63,
    0x8D,0x6B,0x6D,0x6B,0x0B,0x5B,0x2C,0x63,0x0B,0x5B,0x6D,0x6B,0x2C,0x63,0x4C,0x63,
    0x0C,0x63,0xEB,0x5A,0x6D,0x6B,0xAE,0x73,0xEC,0x62,0x2C,0x63,0x30,0x84,0x8D,0x6B,
    0x6D,0x6B,0xAE,0x73,0x4C,0x63,0x4D,0x6B,0x8A,0x52,0x48,0x42,0x2C,0x63,0x2C,0x63,
    0x4D,0x6B,0x2C,0x63,0xAA,0x52,0x69,0x4A,0xAA,0x52,0x8A,0x52,0xCA,0x52,0xEB,0x5A,
    0x89,0x4A,0x8A,0x52,0x69,0x4A,0x69,0x4A,0xA6,0x31,0xE7,0x39,0xC7,0x39,0xA2,0x10,
    0x00,0x00,0x00,0x00,0x00,0x00,0x00,0x00,0x00,0x00,0x00,0x00,0x00,0x00,0x00,0x00,
    0x00,0x00,0x00,0x00,0x00,0x00,0x00,0x00,0x00,0x00,0x00,0x00,0x00,0x00,0x00,0x00,
    0x00,0x00,0x00,0x00,0x00,0x00,0x00,0x00,0x00,0x00,0x00,0x00,0x00,0x00,0x00,0x00,
    0x00,0x00,0x00,0x00,0x00,0x00,0x00,0x00,0x00,0x00,0x00,0x00,0x00,0x00,0x00,0x00,
    0x00,0x00,0x00,0x00,0x00,0x00,0x00,0x00,0x00,0x00,0x00,0x00,0x00,0x00,0x00,0x00,
    0x00,0x00,0x00,0x00,0x00,0x00,0x00,0x00,0x00,0x00,0x00,0x00,0x00,0x00,0xE3,0x18,
    0x49,0x4A,0xCB,0x5A,0xEB,0x5A,0xEB,0x5A,0xEB,0x5A,0xEB,0x5A,0xEB,0x5A,0x8A,0x52,
    0xEB,0x5A,0xEB,0x5A,0xCA,0x52,0x0C,0x63,0x6D,0x6B,0xEB,0x5A,0x0C,0x63,0x8D,0x6B,
    0x4C,0x63,0xAE,0x73,0x4C,0x63,0x89,0x4A,0xAE,0x73,0x30,0x84,0x4C,0x63,0x6D,0x6B,
    0xCF,0x7B,0x6D,0x6B,0x6D,0x6B,0x6D,0x6B,0x2C,0x63,0x8E,0x73,0x4C,0x63,0x2C,0x63,
    0x4C,0x63,0x2C,0x63,0x2C,0x63,0xEB,0x5A,0x2C,0x63,0xAE,0x73,0x0B,0x5B,0xAE,0x73,
    0x4C,0x63,0x2C,0x63,0x6D,0x6B,0x2C,0x63,0xEF,0x7B,0x4C,0x63,0x8D,0x6B,0x6D,0x6B,
    0x4D,0x6B,0xAE,0x73,0x8D,0x6B,0xEB,0x5A,0x8A,0x52,0x4D,0x6B,0x4C,0x63,0x0C,0x63,
    0xCB,0x5A,0x89,0x4A,0x2C,0x63,0xCB,0x5A,0xEB,0x5A,0x89,0x4A,0x8A,0x52,0xCB,0x5A,
    0xAA,0x52,0x89,0x4A,0xCA,0x52,0x8A,0x52,0x28,0x42,0xE7,0x39,0xE7,0x39,0xE7,0x39,
    0xE3,0x18,0x00,0x00,0x00,0x00,0x00,0x00,0x00,0x00,0x00,0x00,0x00,0x00,0x00,0x00,
    0x00,0x00,0x00,0x00,0x00,0x00,0x00,0x00,0x00,0x00,0x00,0x00,0x00,0x00,0x00,0x00,
    0x00,0x00,0x00,0x00,0x00,0x00,0x00,0x00,0x00,0x00,0x00,0x00,0x00,0x00,0x00,0x00,
    0x00,0x00,0x00,0x00,0x00,0x00,0x00,0x00,0x00,0x00,0x00,0x00,0x00,0x00,0x00,0x00,
    0x00,0x00,0x00,0x00,0x00,0x00,0x00,0x00,0x00,0x00,0x00,0x00,0x00,0x00,0x00,0x00,
    0x00,0x00,0x00,0x00,0x00,0x00,0x00,0x00,0x00,0x00,0x00,0x00,0xC3,0x18,0xAA,0x52,
    0xEB,0x5A,0x2C,0x63,0xEB,0x5A,0x0B,0x5B,0x2C,0x63,0x4C,0x63,0xCB,0x5A,0x0B,0x5B,
    0x4D,0x6B,0x6D,0x6B,0x4D,0x6B,0x2C,0x63,0x6D,0x6B,0x2C,0x63,0x8E,0x73,0xCE,0x73,
    0xEB,0x5A,0xEF,0x7B,0x6D,0x6B,0x8D,0x6B,0x6D,0x6B,0x4C,0x63,0x0F,0x7C,0x50,0x84,
    0x8D,0x6B,0xEF,0x7B,0xAE,0x73,0xAE,0x73,0xCF,0x7B,0xCE,0x73,0x8E,0x73,0xAE,0x73,
    0xCE,0x73,0xAE,0x73,0x0B,0x5B,0x2C,0x63,0x4C,0x63,0x6D,0x6B,0xCE,0x73,0x8D,0x6B,
    0x8D,0x6B,0x6D,0x6B,0x6D,0x6B,0xCE,0x73,0x8E,0x73,0xAE,0x73,0x6D,0x6B,0xAE,0x73,
    0xCF,0x7B,0x8E,0x73,0xAE,0x73,0x4D,0x6B,0x0C,0x63,0xCF,0x7B,0xEB,0x5A,0x0C,0x63,
    0x2C,0x63,0xAA,0x52,0xCA,0x52,0x2C,0x63,0xCA,0x52,0x8A,0x52,0x89,0x4A,0xCA,0x52,
    0x8A,0x52,0x28,0x42,0x48,0x42,0x69,0x4A,0x49,0x4A,0x49,0x4A,0xC6,0x31,0xC7,0x39,
    0xE7,0x39,0xE3,0x18,0x00,0x00,0x00,0x00,0x00,0x00,0x00,0x00,0x00,0x00,0x00,0x00,
    0x00,0x00,0x00,0x00,0x00,0x00,0x00,0x00,0x00,0x00,0x00,0x00,0x00,0x00,0x00,0x00,
    0x00,0x00,0x00,0x00,0x00,0x00,0x00,0x00,0x00,0x00,0x00,0x00,0x00,0x00,0x00,0x00,
    0x00,0x00,0x00,0x00,0x00,0x00,0x00,0x00,0x00,0x00,0x00,0x00,0x00,0x00,0x00,0x00,
    0x00,0x00,0x00,0x00,0x00,0x00,0x00,0x00,0x00,0x00,0x00,0x00,0x00,0x00,0x00,0x00,
    0x00,0x00,0x00,0x00,0x00,0x00,0x00,0x00,0x00,0x00,0xE3,0x18,0xEB,0x5A,0x2C,0x63,
    0xEB,0x5A,0x2C,0x63,0x2C,0x63,0xEB,0x5A,0x8D,0x6B,0x2C,0x63,0x2C,0x63,0x0B,0x5B,
    0x2C,0x63,0x4D,0x6B,0xAE,0x73,0x8E,0x73,0x6D,0x6B,0x8D,0x6B,0x10,0x84,0x0B,0x5B,
    0xCF,0x7B,0x8E,0x73,0x6D,0x6B,0x4C,0x63,0xEB,0x5A,0xCE,0x73,0x0F,0x7C,0x0F,0x7C,
    0xAE,0x73,0x30,0x84,0xAE,0x73,0x8E,0x73,0x30,0x84,0x0F,0x7C,0xCE,0x73,0xCE,0x73,
    0xCF,0x7B,0xEF,0x7B,0x8D,0x6B,0x8D,0x6B,0x8E,0x73,0xAE,0x73,0x8E,0x73,0x6D,0x6B,
    0xEF,0x7B,0x8D,0x6B,0xEF,0x7B,0x4D,0x6B,0x6D,0x6B,0x6D,0x6B,0x4C,0x63,0x8D,0x6B,
    0xCE,0x73,0xAE,0x73,0xAE,0x73,0x8E,0x73,0x6D,0x6B,0x6D,0x6B,0x4C,0x63,0xEB,0x5A,
    0x2C,0x63,0xEB,0x5A,0x89,0x4A,0x2C,0x63,0xCA,0x52,0xAA,0x52,0x69,0x4A,0x8A,0x52,
    0x69,0x4A,0x69,0x4A,0x49,0x4A,0x28,0x42,0x49,0x4A,0x28,0x42,0x08,0x42,0xC7,0x39,
    0xC6,0x31,0x28,0x42,0xE3,0x18,0x00,0x00,0x00,0x00,0x00,0x00,0x00,0x00,0x00,0x00,
    0x00,0x00,0x00,0x00,0x00,0x00,0x00,0x00,0x00,0x00,0x00,0x00,0x00,0x00,0x00,0x00,
    0x00,0x00,0x00,0x00,0x00,0x00,0x00,0x00,0x00,0x00,0x00,0x00,0x00,0x00,0x00,0x00,
    0x00,0x00,0x00,0x00,0x00,0x00,0x00,0x00,0x00,0x00,0x00,0x00,0x00,0x00,0x00,0x00,
    0x00,0x00,0x00,0x00,0x00,0x00,0x00,0x00,0x00,0x00,0x00,0x00,0x00,0x00,0x00,0x00,
    0x00,0x00,0x00,0x00,0x00,0x00,0x00,0x00,0x61,0x08,0x0B,0x5B,0xEB,0x5A,0x49,0x4A,
    0x69,0x4A,0x2C,0x63,0xEB,0x5A,0x2C,0x63,0xAE,0x73,0x0B,0x5B,0x4D,0x6B,0x4D,0x6B,
    0x6D,0x6B,0x4C,0x63,0x6D,0x6B,0xAE,0x73,0xAE,0x73,0xCE,0x73,0xCA,0x52,0xAA,0x52,
    0x10,0x84,0x8E,0x73,0x2C,0x63,0xAA,0x52,0x8D,0x6B,0x0F,0x7C,0xCE,0x73,0xCE,0x73,
    0xCF,0x7B,0x30,0x84,0xEF,0x7B,0xEF,0x7B,0x30,0x84,0xCF,0x7B,0xAE,0x73,0xEF,0x7B,
    0xCE,0x73,0x4D,0x6B,0xCE,0x73,0x6D,0x6B,0xCF,0x7B,0x4C,0x63,0x4C,0x63,0x10,0x84,
    0x8D,0x6B,0x0C,0x63,0x8D,0x6B,0x6D,0x6B,0x0C,0x63,0x4C,0x63,0x0B,0x5B,0x6D,0x6B,
    0x8D,0x6B,0xAD,0x6B,0x10,0x84,0xEF,0x7B,0x8D,0x6B,0x6D,0x6B,0x2C,0x63,0xEB,0x5A,
    0xEB,0x5A,0xAA,0x52,0x89,0x4A,0x0C,0x63,0xAA,0x52,0xCB,0x5A,0x8A,0x52,0x69,0x4A,
    0xCA,0x52,0x69,0x4A,0x49,0x4A,0x07,0x3A,0x28,0x42,0x28,0x42,0x28,0x42,0x07,0x3A,
    0xA6,0x31,0xC7,0x39,0x28,0x42,0xA2,0x10,0x00,0x00,0x00,0x00,0x00,0x00,0x00,0x00,
    0x00,0x00,0x00,0x00,0x00,0x00,0x00,0x00,0x00,0x00,0x00,0x00,0x00,0x00,0x00,0x00,
    0x00,0x00,0x00,0x00,0x00,0x00,0x00,0x00,0x00,0x00,0x00,0x00,0x00,0x00,0x00,0x00,
    0x00,0x00,0x00,0x00,0x00,0x00,0x00,0x00,0x00,0x00,0x00,0x00,0x00,0x00,0x00,0x00,
    0x00,0x00,0x00,0x00,0x00,0x00,0x00,0x00,0x00,0x00,0x00,0x00,0x00,0x00,0x00,0x00,
    0x00,0x00,0x00,0x00,0x00,0x00,0x41,0x08,0x69,0x4A,0x2C,0x63,0xEB,0x5A,0xCA,0x52,
    0xEB,0x5A,0x0B,0x5B,0xEB,0x5A,0x6D,0x6B,0x4C,0x63,0xAE,0x73,0x8E,0x73,0x2C,0x63,
    0x4C,0x63,0x4C,0x63,0x6D,0x6B,0x4D,0x6B,0xCE,0x73,0x8E,0x73,0x0C,0x63,0x4D,0x6B,
    0xAE,0x73,0xEF,0x7B,0x4D,0x6B,0xCF,0x7B,0xAE,0x73,0xEF,0x7B,0xEF,0x7B,0xEF,0x7B,
    0xCF,0x7B,0xEF,0x7B,0x10,0x84,0xAE,0x73,0xEF,0x7B,0xEF,0x7B,0xEF,0x7B,0xCE,0x73,
    0x0F,0x7C,0xEF,0x7B,0xCE,0x73,0xCF,0x7B,0x4D,0x6B,0x0B,0x5B,0x8E,0x73,0xAE,0x73,
    0x4C,0x63,0xAE,0x73,0x4D,0x6B,0x0B,0x5B,0xEF,0x7B,0x4D,0x6B,0x4D,0x6B,0xEF,0x7B,
    0x8D,0x6B,0x8D,0x6B,0xCE,0x73,0xCF,0x7B,0x4C,0x63,0x2C,0x63,0x2C,0x63,0x6D,0x6B,
    0xEB,0x5A,0xCA,0x52,0x0B,0x5B,0xCB,0x5A,0x69,0x4A,0x89,0x4A,0xAA,0x52,0x89,0x4A,
    0x89,0x4A,0xAA,0x52,0x48,0x42,0x8A,0x52,0xC7,0x39,0x07,0x3A,0x28,0x42,0x28,0x42,
    0x08,0x42,0xC7,0x39,0xE7,0x39,0xE7,0x39,0x81,0x08,0x00,0x00,0x00,0x00,0x00,0x00,
    0x00,0x00,0x00,0x00,0x00,0x00,0x00,0x00,0x00,0x00,0x00,0x00,0x00,0x00,0x00,0x00,
    0x00,0x00,0x00,0x00,0x00,0x00,0x00,0x00,0x00,0x00,0x00,0x00,0x00,0x00,0x00,0x00,
    0x00,0x00,0x00,0x00,0x00,0x00,0x00,0x00,0x00,0x00,0x00,0x00,0x00,0x00,0x00,0x00,
    0x00,0x00,0x00,0x00,0x00,0x00,0x00,0x00,0x00,0x00,0x00,0x00,0x00,0x00,0x00,0x00,
    0x00,0x00,0x00,0x00,0x00,0x00,0x28,0x42,0x6D,0x6B,0x0C,0x63,0x6D,0x6B,0x6D,0x6B,
    0x2C,0x63,0x2C,0x63,0xEB,0x5A,0x0B,0x5B,0x2C,0x63,0xCE,0x73,0x4C,0x63,0xAE,0x73,
    0x8E,0x73,0x4C,0x63,0x8E,0x73,0x8E,0x73,0x6D,0x6B,0xAE,0x73,0xEF,0x7B,0x4C,0x63,
    0xEB,0x5A,0xAE,0x73,0xCF,0x7B,0xEF,0x7B,0x8E,0x73,0xAE,0x73,0x10,0x84,0x10,0x84,
    0x51,0x8C,0xCF,0x7B,0xEF,0x7B,0x8E,0x73,0x8E,0x73,0xAE,0x73,0xAF,0x7B,0x10,0x84,
    0x0F,0x7C,0x8E,0x73,0x6D,0x6B,0x8D,0x6B,0xEB,0x5A,0x6D,0x6B,0xCE,0x73,0x8D,0x6B,
    0x4C,0x63,0x4C,0x63,0xEB,0x5A,0x6D,0x6B,0x4D,0x6B,0x6D,0x6B,0xEF,0x7B,0x8E,0x73,
    0x8D,0x6B,0x2C,0x63,0x8D,0x6B,0x8E,0x73,0x6D,0x6B,0x6D,0x6B,0x8D,0x6B,0x6D,0x6B,
    0x0B,0x5B,0x2C,0x63,0x4C,0x63,0x0B,0x5B,0xEB,0x5A,0x0B,0x5B,0xEB,0x5A,0x8A,0x52,
    0x69,0x4A,0xAA,0x52,0x69,0x4A,0xAA,0x52,0x08,0x42,0x28,0x42,0x08,0x42,0x08,0x42,
    0xE7,0x39,0xE7,0x39,0xC6,0x31,0xE7,0x39,0xC6,0x31,0x20,0x00,0x00,0x00,0x00,0x00,
    0x00,0x00,0x00,0x00,0x00,0x00,0x00,0x00,0x00,0x00,0x00,0x00,0x00,0x00,0x00,0x00,
    0x00,0x00,0x00,0x00,0x00,0x00,0x00,0x00,0x00,0x00,0x00,0x00,0x00,0x00,0x00,0x00,
    0x00,0x00,0x00,0x00,0x00,0x00,0x00,0x00,0x00,0x00,0x00,0x00,0x00,0x00,0x00,0x00,
    0x00,0x00,0x00,0x00,0x00,0x00,0x00,0x00,0x00,0x00,0x00,0x00,0x00,0x00,0x00,0x00,
    0x00,0x00,0x00,0x00,0xA6,0x31,0x4C,0x63,0x4C,0x63,0xEB,0x5A,0x2C,0x63,0x6D,0x6B,
    0x2C,0x63,0x4C,0x63,0x6D,0x6B,0x6D,0x6B,0xCE,0x73,0xCF,0x7B,0x6D,0x6B,0x2C,0x63,
    0x4D,0x6B,0x8D,0x6B,0x6D,0x6B,0xCF,0x7B,0x2C,0x63,0x0F,0x7C,0xEF,0x7B,0xAE,0x73,
    0x49,0x4A,0xAE,0x73,0xCF,0x7B,0xAE,0x73,0xCF,0x7B,0xEF,0x7B,0x30,0x84,0x10,0x84,
    0x4D,0x6B,0x8D,0x6B,0x6D,0x6B,0x8E,0x73,0x8E,0x73,0x0F,0x7C,0x30,0x84,0x10,0x84,
    0x2C,0x63,0x4C,0x63,0xAE,0x73,0x4C,0x63,0xEB,0x5A,0xAE,0x73,0xCE,0x73,0x2C,0x63,
    0x8D,0x6B,0x2C,0x63,0x8E,0x73,0xCA,0x52,0xEB,0x5A,0xAE,0x73,0x4D,0x6B,0x8D,0x6B,
    0x8E,0x73,0x4D,0x6B,0x8D,0x6B,0x4D,0x6B,0x8E,0x73,0xAE,0x73,0x6D,0x6B,0xEB,0x5A,
    0xEB,0x5A,0x4D,0x6B,0xCB,0x5A,0x2C,0x63,0xAA,0x52,0xAA,0x52,0x8A,0x52,0x8A,0x52,
    0x69,0x4A,0x48,0x42,0x89,0x4A,0x28,0x42,0x49,0x4A,0x48,0x42,0x08,0x42,0xC7,0x39,
    0xE7,0x39,0xE7,0x39,0xE7,0x39,0xC7,0x39,0xE7,0x39,0x44,0x21,0x00,0x00,0x00,0x00,
    0x00,0x00,0x00,0x00,0x00,0x00,0x00,0x00,0x00,0x00,0x00,0x00,0x00,0x00,0x00,0x00,
    0x00,0x00,0x00,0x00,0x00,0x00,0x00,0x00,0x00,0x00,0x00,0x00,0x00,0x00,0x00,0x00,
    0x00,0x00,0x00,0x00,0x00,0x00,0x00,0x00,0x00,0x00,0x00,0x00,0x00,0x00,0x00,0x00,
    0x00,0x00,0x00,0x00,0x00,0x00,0x00,0x00,0x00,0x00,0x00,0x00,0x00,0x00,0x00,0x00,
    0x00,0x00,0x04,0x21,0x0B,0x5B,0xCB,0x5A,0x2C,0x63,0x48,0x42,0x0C,0x63,0xAE,0x73,
    0x0C,0x63,0x6D,0x6B,0xAE,0x73,0xAE,0x73,0xAE,0x73,0xCF,0x7B,0xEF,0x7B,0xEB,0x5A,
    0xCE,0x73,0x6D,0x6B,0xCA,0x52,0x10,0x84,0x8E,0x73,0x71,0x8C,0xAF,0x7B,0xCA,0x52,
    0x6D,0x6B,0x30,0x84,0xCE,0x73,0x8D,0x6B,0x0F,0x7C,0xCF,0x7B,0x8D,0x6B,0x0F,0x7C,
    0x8D,0x6B,0x8D,0x6B,0x0F,0x7C,0xCF,0x7B,0xAE,0x73,0xEF,0x7B,0xEF,0x7B,0x10,0x84,
    0x2C,0x63,0xAE,0x73,0x50,0x84,0x6D,0x6B,0xAE,0x73,0x0F,0x7C,0x6D,0x6B,0xEB,0x5A,
    0x8E,0x73,0x30,0x84,0x4C,0x63,0xEB,0x5A,0x4C,0x63,0x6D,0x6B,0x6D,0x6B,0x6D,0x6B,
    0xCF,0x7B,0xAE,0x73,0xEB,0x5A,0x8D,0x6B,0x6D,0x6B,0x2C,0x63,0x6D,0x6B,0x6D,0x6B,
    0xCB,0x5A,0x0B,0x5B,0x89,0x4A,0xCA,0x52,0x0B,0x5B,0xAA,0x52,0xAA,0x52,0x69,0x4A,
    0x49,0x4A,0xE7,0x39,0x28,0x42,0x69,0x4A,0x69,0x4A,0x69,0x4A,0x28,0x42,0x28,0x42,
    0x48,0x42,0xE7,0x39,0xE7,0x39,0xC7,0x39,0xA6,0x31,0xA6,0x31,0xE3,0x18,0x00,0x00,
    0x00,0x00,0x00,0x00,0x00,0x00,0x00,0x00,0x00,0x00,0x00,0x00,0x00,0x00,0x00,0x00,
    0x00,0x00,0x00,0x00,0x00,0x00,0x00,0x00,0x00,0x00,0x00,0x00,0x00,0x00,0x00,0x00,
    0x00,0x00,0x00,0x00,0x00,0x00,0x00,0x00,0x00,0x00,0x00,0x00,0x00,0x00,0x00,0x00,
    0x00,0x00,0x00,0x00,0x00,0x00,0x00,0x00,0x00,0x00,0x00,0x00,0x00,0x00,0x00,0x00,
    0x82,0x10,0xCB,0x5A,0x0C,0x63,0x4D,0x6B,0x8A,0x52,0x69,0x4A,0x2C,0x63,0x6D,0x6B,
    0x2C,0x63,0x8E,0x73,0xAE,0x73,0xEF,0x7B,0xCF,0x7B,0x4D,0x6B,0xEF,0x7B,0x2C,0x63,
    0x50,0x84,0xEB,0x5A,0x2C,0x63,0xAF,0x7B,0x8D,0x6B,0xAE,0x73,0xAE,0x73,0xAE,0x73,
    0x51,0x8C,0xEF,0x7B,0xAE,0x73,0x30,0x84,0x0F,0x7C,0xEF,0x7B,0xCE,0x73,0xAE,0x73,
    0x30,0x84,0x50,0x84,0x10,0x84,0xEF,0x7B,0xAE,0x73,0xEF,0x7B,0x8D,0x6B,0xAE,0x73,
    0x0F,0x7C,0x8D,0x6B,0x50,0x84,0x0F,0x7C,0xCF,0x7B,0x30,0x84,0xEB,0x5A,0x0C,0x63,
    0xAE,0x73,0xCF,0x7B,0x8D,0x6B,0x2C,0x63,0x2C,0x63,0x6D,0x6B,0xCE,0x73,0x8D,0x6B,
    0x0B,0x5B,0x8E,0x73,0xEB,0x5A,0x8D,0x6B,0x6D,0x6B,0xAE,0x73,0xAE,0x73,0x4D,0x6B,
    0xAE,0x73,0x6D,0x6B,0x0C,0x63,0x0C,0x63,0x0B,0x5B,0xCA,0x52,0xEB,0x5A,0x69,0x4A,
    0x49,0x4A,0x28,0x42,0x07,0x3A,0x48,0x42,0x69,0x4A,0x49,0x4A,0x49,0x4A,0xE7,0x39,
    0xE7,0x39,0xC6,0x31,0x07,0x3A,0xE7,0x39,0xE7,0x39,0xA6,0x31,0xA6,0x31,0x82,0x10,
    0x00,0x00,0x00,0x00,0x00,0x00,0x00,0x00,0x00,0x00,0x00,0x00,0x00,0x00,0x00,0x00,
    0x00,0x00,0x00,0x00,0x00,0x00,0x00,0x00,0x00,0x00,0x00,0x00,0x00,0x00,0x00,0x00,
    0x00,0x00,0x00,0x00,0x00,0x00,0x00,0x00,0x00,0x00,0x00,0x00,0x00,0x00,0x00,0x00,
    0x00,0x00,0x00,0x00,0x00,0x00,0x00,0x00,0x00,0x00,0x00,0x00,0x00,0x00,0x00,0x00,
    0x48,0x42,0x2C,0x63,0x6D,0x6B,0x8E,0x73,0xEB,0x5A,0x2C,0x63,0xAE,0x73,0x6D,0x6B,
    0xAE,0x73,0xEF,0x7B,0xCE,0x73,0x30,0x84,0x0F,0x7C,0x0B,0x5B,0x6D,0x6B,0xCE,0x73,
    0xCE,0x73,0xAE,0x73,0x8E,0x73,0xCF,0x7B,0x8D,0x6B,0x4C,0x63,0xAE,0x73,0x71,0x8C,
    0xAE,0x73,0xEF,0x7B,0x71,0x8C,0x50,0x84,0x8D,0x6B,0xCE,0x73,0x0F,0x7C,0x0F,0x7C,
    0x91,0x8C,0xCE,0x73,0x30,0x84,0x30,0x84,0xAE,0x73,0x30,0x84,0xEF,0x7B,0x30,0x84,
    0xAE,0x73,0xCF,0x7B,0x0F,0x7C,0x6D,0x6B,0xCE,0x73,0x6D,0x6B,0x8E,0x73,0x6D,0x6B,
    0x4C,0x63,0x10,0x84,0x0C,0x63,0xCB,0x5A,0x4C,0x63,0x10,0x84,0x10,0x84,0xAE,0x73,
    0x0B,0x5B,0x0C,0x63,0xAE,0x73,0x4C,0x63,0xCF,0x7B,0xEF,0x7B,0xAE,0x73,0x6D,0x6B,
    0x6D,0x6B,0x2C,0x63,0xAA,0x52,0x0B,0x5B,0x2C,0x63,0xCB,0x5A,0x0B,0x5B,0xAA,0x52,
    0x8A,0x52,0x69,0x4A,0x28,0x42,0x69,0x4A,0x69,0x4A,0x28,0x42,0x49,0x4A,0x08,0x42,
    0x85,0x29,0x86,0x31,0xE7,0x39,0xC7,0x39,0x07,0x3A,0xC7,0x39,0xA6,0x31,0xA6,0x31,
    0x41,0x08,0x00,0x00,0x00,0x00,0x00,0x00,0x00,0x00,0x00,0x00,0x00,0x00,0x00,0x00,
    0x00,0x00,0x00,0x00,0x00,0x00,0x00,0x00,0x00,0x00,0x00,0x00,0x00,0x00,0x00,0x00,
    0x00,0x00,0x00,0x00,0x00,0x00,0x00,0x00,0x00,0x00,0x00,0x00,0x00,0x00,0x00,0x00,
    0x00,0x00,0x00,0x00,0x00,0x00,0x00,0x00,0x00,0x00,0x00,0x00,0x00,0x00,0x65,0x29,
    0x0C,0x63,0x6D,0x6B,0x4D,0x6B,0x6D,0x6B,0x2C,0x63,0x4D,0x6B,0x6D,0x6B,0x6D,0x6B,
    0x8E,0x73,0xAE,0x73,0x10,0x84,0xEF,0x7B,0xAE,0x73,0x2C,0x63,0xAE,0x73,0x6D,0x6B,
    0x8E,0x73,0xAE,0x73,0x6D,0x6B,0xEF,0x7B,0x2C,0x63,0x6D,0x6B,0xEF,0x7B,0x92,0x94,
    0xEF,0x7B,0x10,0x84,0x50,0x84,0xEF,0x7B,0x8D,0x6B,0xCE,0x73,0xEF,0x7B,0x71,0x8C,
    0x30,0x84,0xEF,0x7B,0xEF,0x7B,0x50,0x84,0x30,0x84,0x0F,0x7C,0x50,0x84,0x30,0x84,
    0xCF,0x7B,0x30,0x84,0x30,0x84,0x6D,0x6B,0xAE,0x73,0x4D,0x6B,0x8D,0x6B,0xAE,0x73,
    0x8D,0x6B,0xCF,0x7B,0x2C,0x63,0x8E,0x73,0x6D,0x6B,0x2C,0x63,0x4D,0x6B,0x30,0x84,
    0x6D,0x6B,0x4C,0x63,0xCE,0x73,0xCF,0x7B,0x6D,0x6B,0x6D,0x6B,0x4C,0x63,0x4D,0x6B,
    0x4D,0x6B,0x8A,0x52,0x0B,0x5B,0x2C,0x63,0x4C,0x63,0x0B,0x5B,0x0B,0x5B,0xEB,0x5A,
    0xAA,0x52,0xAA,0x52,0x49,0x4A,0x28,0x42,0x08,0x42,0xE7,0x39,0x07,0x3A,0x48,0x42,
    0xA6,0x31,0x65,0x29,0xA6,0x31,0xC7,0x39,0xA6,0x31,0xE7,0x39,0xA6,0x31,0x65,0x29,
    0x45,0x29,0x00,0x00,0x00,0x00,0x00,0x00,0x00,0x00,0x00,0x00,0x00,0x00,0x00,0x00,
    0x00,0x00,0x00,0x00,0x00,0x00,0x00,0x00,0x00,0x00,0x00,0x00,0x00,0x00,0x00,0x00,
    0x00,0x00,0x00,0x00,0x00,0x00,0x00,0x00,0x00,0x00,0x00,0x00,0x00,0x00,0x00,0x00,
    0x00,0x00,0x00,0x00,0x00,0x00,0x00,0x00,0x00,0x00,0x00,0x00,0x82,0x10,0xCB,0x5A,
    0x4D,0x6B,0x6D,0x6B,0x2C,0x63,0x4C,0x63,0x6D,0x6B,0x4D,0x6B,0x4C,0x63,0xCF,0x7B,
    0x8E,0x73,0x6D,0x6B,0x51,0x8C,0xAE,0x73,0x4D,0x6B,0xCE,0x73,0x6D,0x6B,0xCF,0x7B,
    0xEF,0x7B,0xAE,0x73,0xAE,0x73,0x0C,0x63,0xEF,0x7B,0x92,0x94,0x50,0x84,0x30,0x84,
    0x51,0x8C,0x30,0x84,0xEF,0x7B,0xCE,0x73,0x30,0x84,0x0F,0x7C,0xAE,0x73,0x8E,0x73,
    0xCF,0x7B,0x30,0x84,0xCE,0x73,0x30,0x84,0x30,0x84,0xCE,0x73,0x30,0x84,0xEF,0x7B,
    0x10,0x84,0x31,0x8C,0x51,0x8C,0x10,0x84,0x6C,0x63,0x51,0x8C,0xEF,0x7B,0x6D,0x6B,
    0x8E,0x73,0x0F,0x7C,0xAE,0x73,0xAE,0x73,0xCF,0x7B,0x2B,0x5B,0x0F,0x7C,0x30,0x84,
    0xAA,0x52,0xCE,0x73,0x30,0x84,0x6D,0x6B,0x2B,0x5B,0x6D,0x6B,0x6D,0x6B,0x6D,0x6B,
    0x6D,0x6B,0xCA,0x52,0x2C,0x63,0x0B,0x5B,0x2B,0x5B,0x0B,0x5B,0xAA,0x52,0xCB,0x5A,
    0x49,0x4A,0xEB,0x5A,0x28,0x42,0x08,0x42,0x69,0x4A,0x28,0x42,0x08,0x42,0x48,0x42,
    0x07,0x3A,0x86,0x31,0x65,0x29,0xA6,0x31,0xA6,0x31,0xE7,0x39,0xE7,0x39,0x65,0x29,
    0xA6,0x31,0xA2,0x10,0x00,0x00,0x00,0x00,0x00,0x00,0x00,0x00,0x00,0x00,0x00,0x00,
    0x00,0x00,0x00,0x00,0x00,0x00,0x00,0x00,0x00,0x00,0x00,0x00,0x00,0x00,0x00,0x00,
    0x00,0x00,0x00,0x00,0x00,0x00,0x00,0x00,0x00,0x00,0x00,0x00,0x00,0x00,0x00,0x00,
    0x00,0x00,0x00,0x00,0x00,0x00,0x00,0x00,0x00,0x00,0x00,0x00,0x07,0x3A,0x4C,0x63,
    0x6D,0x6B,0x6D,0x6B,0x6D,0x6B,0x4D,0x6B,0x0B,0x5B,0x4C,0x63,0xAE,0x73,0x8D,0x6B,
    0xAE,0x73,0x6D,0x6B,0x8D,0x6B,0x6D,0x6B,0x10,0x84,0xEF,0x7B,0xCF,0x7B,0x10,0x84,
    0x51,0x8C,0x8E,0x73,0x6D,0x6B,0x30,0x84,0xAE,0x73,0x0F,0x7C,0x30,0x84,0x30,0x84,
    0x0F,0x7C,0x0F,0x7C,0xAE,0x73,0xCF,0x7B,0x30,0x84,0x30,0x84,0xCE,0x73,0xCF,0x7B,
    0xEF,0x7B,0xCE,0x73,0xCE,0x73,0x4C,0x63,0x8D,0x6B,0xCE,0x73,0xEF,0x7B,0xAE,0x73,
    0xAE,0x73,0xEF,0x7B,0x30,0x84,0x71,0x8C,0x71,0x8C,0x70,0x84,0x71,0x8C,0xAE,0x73,
    0x4C,0x63,0xEF,0x7B,0x0C,0x63,0x6E,0x73,0xEF,0x7B,0xEF,0x7B,0x30,0x84,0xAE,0x73,
    0x2C,0x63,0x8E,0x73,0xEF,0x7B,0x8E,0x73,0x4D,0x6B,0x0C,0x63,0x6D,0x6B,0x2D,0x6B,
    0x6D,0x6B,0xCB,0x5A,0x0C,0x63,0xCB,0x5A,0x0B,0x5B,0xCA,0x52,0x8A,0x52,0x89,0x4A,
    0xAA,0x52,0xAA,0x52,0x48,0x42,0xA6,0x31,0x28,0x42,0xC6,0x31,0xE7,0x39,0x28,0x42,
    0x08,0x42,0xE7,0x39,0xC6,0x31,0xC6,0x31,0xA6,0x31,0xC7,0x39,0xC7,0x39,0x65,0x29,
    0x65,0x29,0x65,0x29,0x00,0x00,0x00,0x00,0x00,0x00,0x00,0x00,0x00,0x00,0x00,0x00,
    0x00,0x00,0x00,0x00,0x00,0x00,0x00,0x00,0x00,0x00,0x00,0x00,0x00,0x00,0x00,0x00,
    0x00,0x00,0x00,0x00,0x00,0x00,0x00,0x00,0x00,0x00,0x00,0x00,0x00,0x00,0x00,0x00,
    0x00,0x00,0x00,0x00,0x00,0x00,0x00,0x00,0x00,0x00,0xC3,0x18,0x0C,0x63,0x2C,0x63,
    0x8E,0x73,0xAE,0x73,0x8D,0x6B,0x0B,0x5B,0x4C,0x63,0x8E,0x73,0xCE,0x73,0x8D,0x6B,
    0x8D,0x6B,0xAE,0x73,0x30,0x84,0xCF,0x7B,0xCE,0x73,0x0F,0x7C,0xEF,0x7B,0x0F,0x7C,
    0x92,0x94,0x8D,0x6B,0xCE,0x73,0x30,0x84,0x2C,0x63,0x30,0x84,0x50,0x84,0x30,0x84,
    0x30,0x84,0xEF,0x7B,0xCF,0x7B,0xAE,0x73,0x8E,0x73,0xEF,0x7B,0x30,0x84,0xEF,0x7B,
    0xCF,0x7B,0xCF,0x7B,0x6D,0x6B,0xAA,0x52,0xEB,0x5A,0x6D,0x6B,0x2C,0x63,0xAE,0x73,
    0x6D,0x6B,0x30,0x84,0xAE,0x73,0x30,0x84,0x51,0x8C,0x50,0x84,0xB2,0x94,0xEF,0x7B,
    0xAA,0x52,0xEF,0x7B,0x0F,0x7C,0xCF,0x7B,0x4C,0x63,0x0F,0x7C,0x92,0x94,0xAE,0x73,
    0xEE,0x73,0xAE,0x73,0xAE,0x73,0xAE,0x73,0x10,0x84,0xEF,0x7B,0x8E,0x73,0xAE,0x73,
    0x2C,0x63,0x2C,0x63,0x8D,0x6B,0xEB,0x5A,0xAA,0x52,0x2C,0x63,0xAA,0x52,0xAA,0x52,
    0x89,0x4A,0x49,0x4A,0xAA,0x52,0xC7,0x39,0x07,0x3A,0xA6,0x31,0x85,0x29,0xE7,0x39,
    0xA6,0x31,0xE7,0x39,0x08,0x42,0xA6,0x31,0x85,0x29,0xC6,0x31,0xA6,0x31,0xA6,0x31,
    0x45,0x29,0x65,0x29,0xC2,0x10,0x00,0x00,0x00,0x00,0x00,0x00,0x00,0x00,0x00,0x00,
    0x00,0x00,0x00,0x00,0x00,0x00,0x00,0x00,0x00,0x00,0x00,0x00,0x00,0x00,0x00,0x00,
    0x00,0x00,0x00,0x00,0x00,0x00,0x00,0x00,0x00,0x00,0x00,0x00,0x00,0x00,0x00,0x00,
    0x00,0x00,0x00,0x00,0x00,0x00,0x00,0x00,0x00,0x00,0x28,0x42,0x4C,0x63,0x2C,0x63,
    0x4C,0x63,0x8E,0x73,0x2C,0x63,0x4D,0x6B,0x8E,0x73,0xAE,0x73,0x0F,0x7C,0xEF,0x7B,
    0x30,0x84,0xAE,0x73,0xEF,0x7B,0xAE,0x73,0x8E,0x73,0xCE,0x73,0xAE,0x73,0xAE,0x73,
    0xAE,0x73,0x6D,0x6B,0x30,0x84,0xCE,0x73,0x0B,0x5B,0xEF,0x7B,0x71,0x8C,0x30,0x84,
    0xEF,0x7B,0x10,0x84,0xCF,0x7B,0xAE,0x73,0x10,0x84,0xCF,0x7B,0x10,0x84,0xEF,0x7B,
    0x4D,0x6B,0x4D,0x6B,0x4C,0x63,0x49,0x4A,0x8A,0x52,0x2C,0x63,0x8E,0x73,0x8D,0x6B,
    0x0F,0x7C,0x0F,0x7C,0x8D,0x6B,0x6D,0x6B,0x8D,0x6B,0x10,0x84,0x71,0x8C,0xEF,0x7B,
    0x4D,0x6B,0xCE,0x73,0x10,0x84,0xAE,0x73,0x6D,0x6B,0x30,0x84,0x51,0x8C,0xCF,0x7B,
    0xCE,0x73,0x6D,0x6B,0xAE,0x73,0xAE,0x73,0xEF,0x7B,0x30,0x84,0xAE,0x73,0x8D,0x6B,
    0x4D,0x6B,0x4C,0x63,0x0B,0x5B,0x2C,0x63,0xEB,0x5A,0x4C,0x63,0x2C,0x63,0xAA,0x52,
    0xEB,0x5A,0xAA,0x52,0xAA,0x52,0x08,0x42,0xA6,0x31,0xA5,0x29,0x44,0x21,0x86,0x31,
    0xA6,0x31,0xC7,0x39,0xA6,0x31,0xC7,0x39,0xA6,0x31,0x86,0x31,0xA6,0x31,0x85,0x29,
    0x65,0x29,0x85,0x29,0x65,0x29,0x20,0x00,0x00,0x00,0x00,0x00,0x00,0x00,0x00,0x00,
    0x00,0x00,0x00,0x00,0x00,0x00,0x00,0x00,0x00,0x00,0x00,0x00,0x00,0x00,0x00,0x00,
    0x00,0x00,0x00,0x00,0x00,0x00,0x00,0x00,0x00,0x00,0x00,0x00,0x00,0x00,0x00,0x00,
    0x00,0x00,0x00,0x00,0x00,0x00,0x00,0x00,0xE3,0x18,0x0B,0x5B,0x2C,0x63,0x4D,0x6B,
    0x0B,0x5B,0x4D,0x6B,0x6D,0x6B,0x8D,0x6B,0xAE,0x73,0xAE,0x73,0xCE,0x73,0x30,0x84,
    0xEF,0x7B,0xAE,0x73,0x0B,0x5B,0x6D,0x6B,0xCF,0x7B,0x30,0x84,0xEF,0x7B,0xCE,0x73,
    0x0F,0x7C,0xAE,0x73,0xCE,0x73,0xCF,0x7B,0x4D,0x6B,0xB2,0x94,0x91,0x8C,0x10,0x84,
    0x10,0x84,0xEF,0x7B,0x10,0x84,0x31,0x8C,0xCF,0x7B,0xAE,0x73,0x51,0x8C,0x8E,0x73,
    0xAE,0x73,0x2C,0x63,0x2C,0x63,0xEB,0x5A,0x8D,0x6B,0xCF,0x7B,0xEF,0x7B,0x0F,0x7C,
    0x30,0x84,0x0F,0x7C,0xEE,0x73,0x6D,0x6B,0x2C,0x63,0xAE,0x73,0x10,0x84,0x30,0x84,
    0x6D,0x6B,0x8E,0x73,0xAE,0x73,0x4C,0x63,0x4D,0x6B,0x91,0x8C,0x8D,0x6B,0x6D,0x6B,
    0xEF,0x7B,0xEF,0x7B,0xCF,0x7B,0x6D,0x6B,0xAE,0x73,0x71,0x8C,0x50,0x84,0xCF,0x7B,
    0x4C,0x63,0x6D,0x6B,0x8D,0x6B,0x4D,0x6B,0x4C,0x63,0x0B,0x5B,0x0B,0x5B,0xCA,0x52,
    0xCA,0x52,0xAA,0x52,0x69,0x4A,0xC6,0x31,0x85,0x29,0xA6,0x31,0xC6,0x31,0xA6,0x31,
    0x65,0x29,0xA6,0x31,0xC7,0x39,0xA6,0x31,0xA6,0x31,0x85,0x29,0x86,0x31,0x85,0x29,
    0x24,0x21,0x44,0x21,0x85,0x29,0xC3,0x18,0x00,0x00,0x00,0x00,0x00,0x00,0x00,0x00,
    0x00,0x00,0x00,0x00,0x00,0x00,0x00,0x00,0x00,0x00,0x00,0x00,0x00,0x00,0x00,0x00,
    0x00,0x00,0x00,0x00,0x00,0x00,0x00,0x00,0x00,0x00,0x00,0x00,0x00,0x00,0x00,0x00,
    0x00,0x00,0x00,0x00,0x00,0x00,0x00,0x00,0x49,0x4A,0x2C,0x63,0x4C,0x63,0x4C,0x63,
    0x4C,0x63,0x2C,0x63,0x8E,0x73,0xCE,0x73,0xCE,0x73,0x4C,0x63,0x8E,0x73,0x51,0x8C,
    0x50,0x84,0x6C,0x63,0xEF,0x7B,0xCE,0x73,0xF0,0x83,0xAE,0x73,0xEF,0x7B,0x14,0xA5,
    0x71,0x8C,0xCE,0x73,0xCE,0x73,0x8E,0x73,0xEF,0x7B,0x6D,0x6B,0x30,0x84,0x51,0x8C,
    0xCF,0x7B,0xEF,0x7B,0x30,0x84,0x51,0x8C,0x8E,0x73,0xEF,0x7B,0xAE,0x73,0x4C,0x63,
    0xAE,0x73,0x30,0x84,0x71,0x8C,0x10,0x84,0x8D,0x6B,0x0F,0x7C,0xCF,0x7B,0x8E,0x73,
    0xEF,0x7B,0x0F,0x7C,0xAE,0x73,0x30,0x84,0x8E,0x73,0x8D,0x6B,0xCF,0x7B,0x91,0x8C,
    0x0F,0x7C,0x0F,0x7C,0x91,0x8C,0x10,0x84,0xEF,0x7B,0xEF,0x7B,0x92,0x94,0xAE,0x73,
    0x6D,0x6B,0xAE,0x73,0xCE,0x73,0x8D,0x6B,0x51,0x8C,0x14,0xA5,0x91,0x8C,0x13,0x9D,
    0x10,0x84,0xAE,0x73,0xCF,0x7B,0x4D,0x6B,0x4C,0x63,0xCB,0x5A,0xCA,0x52,0x0B,0x5B,
    0x2C,0x63,0x69,0x4A,0x69,0x4A,0xAA,0x52,0x08,0x42,0xE7,0x39,0xC6,0x31,0xC7,0x39,
    0xE7,0x39,0x65,0x29,0x86,0x31,0x65,0x29,0x85,0x29,0x85,0x29,0x86,0x31,0xA6,0x31,
    0x24,0x21,0x04,0x21,0x65,0x29,0x65,0x29,0x20,0x00,0x00,0x00,0x00,0x00,0x00,0x00,
    0x00,0x00,0x00,0x00,0x00,0x00,0x00,0x00,0x00,0x00,0x00,0x00,0x00,0x00,0x00,0x00,
    0x00,0x00,0x00,0x00,0x00,0x00,0x00,0x00,0x00,0x00,0x00,0x00,0x00,0x00,0x00,0x00,
    0x00,0x00,0x00,0x00,0x00,0x00,0xC3,0x18,0x2C,0x63,0x0C,0x63,0x6D,0x6B,0x0C,0x63,
    0x2C,0x63,0x8D,0x6B,0xAE,0x73,0x8E,0x73,0x4D,0x6B,0x6D,0x6B,0xCF,0x7B,0x10,0x84,
    0x30,0x84,0xCF,0x7B,0xAE,0x73,0xEF,0x7B,0x0F,0x7C,0x6D,0x6B,0x50,0x84,0xD3,0x9C,
    0xB2,0x94,0xAE,0x73,0x10,0x84,0xEF,0x7B,0xEF,0x7B,0x0C,0x63,0x50,0x84,0x51,0x8C,
    0xAE,0x73,0xEF,0x7B,0x10,0x84,0x71,0x8C,0xF0,0x83,0xAE,0x73,0xCF,0x7B,0xAE,0x73,
    0x8E,0x73,0x50,0x84,0xCF,0x7B,0x4D,0x6B,0x0C,0x63,0xCB,0x5A,0x6A,0x52,0x0C,0x63,
    0xEF,0x7B,0xEF,0x7B,0xAE,0x73,0x30,0x84,0xAE,0x73,0x2C,0x63,0xAE,0x73,0x71,0x8C,
    0x51,0x8C,0x30,0x84,0x0F,0x7C,0xCF,0x7B,0xAE,0x73,0x30,0x84,0x91,0x8C,0xCE,0x73,
    0x0F,0x7C,0x0F,0x7C,0xAE,0x73,0x8D,0x6B,0xCE,0x73,0x92,0x94,0x92,0x94,0xF3,0x9C,
    0x30,0x84,0xCE,0x73,0x4C,0x63,0x2C,0x63,0xEB,0x5A,0x2C,0x63,0xCA,0x52,0x0B,0x5B,
    0x0B,0x5B,0x89,0x4A,0x8A,0x52,0xAA,0x52,0x07,0x3A,0xC6,0x31,0xE7,0x39,0xE6,0x31,
    0xE7,0x39,0x85,0x29,0x86,0x31,0x65,0x29,0xA6,0x31,0x86,0x31,0x85,0x29,0xA6,0x31,
    0x24,0x21,0x04,0x21,0x24,0x21,0x85,0x29,0xC3,0x18,0x00,0x00,0x00,0x00,0x00,0x00,
    0x00,0x00,0x00,0x00,0x00,0x00,0x00,0x00,0x00,0x00,0x00,0x00,0x00,0x00,0x00,0x00,
    0x00,0x00,0x00,0x00,0x00,0x00,0x00,0x00,0x00,0x00,0x00,0x00,0x00,0x00,0x00,0x00,
    0x00,0x00,0x00,0x00,0x00,0x00,0xE7,0x39,0x6D,0x6B,0x0B,0x5B,0x4C,0x63,0x6D,0x6B,
    0x4D,0x6B,0xEF,0x7B,0xCE,0x73,0x6D,0x6B,0x2C,0x63,0xAE,0x73,0x10,0x84,0x50,0x84,
    0xAE,0x73,0xEF,0x7B,0xEF,0x7B,0x8E,0x73,0x2B,0x5B,0xEF,0x7B,0x6D,0x6B,0xEF,0x7B,
    0xEF,0x7B,0x6D,0x6B,0xEF,0x7B,0x8E,0x73,0xAE,0x73,0x2C,0x63,0x71,0x8C,0x10,0x84,
    0x4D,0x6B,0x6D,0x6B,0x30,0x84,0x31,0x8C,0xAE,0x73,0x0C,0x63,0x30,0x84,0x8E,0x73,
    0xB2,0x94,0x30,0x84,0xCB,0x5A,0x6D,0x6B,0x2C,0x63,0x8A,0x52,0x49,0x4A,0x8A,0x52,
    0x6D,0x6B,0xEF,0x7B,0xCE,0x73,0xCF,0x7B,0x10,0x84,0x0B,0x5B,0x6C,0x63,0x30,0x84,
    0x10,0x84,0xCF,0x7B,0xAE,0x73,0x8A,0x52,0x8D,0x6B,0x50,0x84,0xCF,0x7B,0xCF,0x7B,
    0x71,0x8C,0xEF,0x7B,0xCF,0x7B,0x6D,0x6B,0xAE,0x73,0xAE,0x73,0x51,0x8C,0x91,0x8C,
    0x30,0x84,0x8E,0x73,0x2C,0x63,0x4C,0x63,0x6D,0x6B,0x2C,0x63,0x4C,0x63,0x2C,0x63,
    0xAA,0x52,0x89,0x4A,0x69,0x4A,0x28,0x42,0x28,0x42,0xC7,0x39,0xC7,0x39,0xC6,0x31,
    0xE7,0x39,0xA6,0x31,0x85,0x29,0xA6,0x31,0xE7,0x39,0xC6,0x31,0x86,0x31,0xA6,0x31,
    0x65,0x29,0x04,0x21,0x04,0x21,0x44,0x21,0x24,0x21,0x00,0x00,0x00,0x00,0x00,0x00,
    0x00,0x00,0x00,0x00,0x00,0x00,0x00,0x00,0x00,0x00,0x00,0x00,0x00,0x00,0x00,0x00,
    0x00,0x00,0x00,0x00,0x00,0x00,0x00,0x00,0x00,0x00,0x00,0x00,0x00,0x00,0x00,0x00,
    0x00,0x00,0x00,0x00,0x61,0x08,0xEB,0x5A,0x4D,0x6B,0x2C,0x63,0x6D,0x6B,0x8D,0x6B,
    0x6D,0x6B,0x8E,0x73,0x6D,0x6B,0x4D,0x6B,0xAE,0x73,0x51,0x8C,0x30,0x84,0x0F,0x7C,
    0x0F,0x7C,0x8D,0x6B,0x51,0x8C,0xCF,0x7B,0x6D,0x6B,0x71,0x8C,0x30,0x84,0x0F,0x7C,
    0x30,0x84,0xAE,0x73,0xAE,0x73,0x30,0x84,0x4D,0x6B,0x0C,0x63,0x0F,0x7C,0x71,0x8C,
    0x51,0x8C,0x51,0x8C,0x71,0x8C,0x71,0x8C,0x6D,0x6B,0x4D,0x6B,0xAE,0x73,0xCF,0x7B,
    0x92,0x94,0x10,0x84,0xEB,0x5A,0x6D,0x6B,0xEB,0x5A,0xAA,0x52,0x49,0x4A,0x28,0x42,
    0x89,0x4A,0xEE,0x73,0x0F,0x7C,0x6D,0x6B,0xCA,0x52,0x69,0x4A,0xCA,0x52,0x50,0x84,
    0x10,0x84,0x50,0x84,0x8E,0x73,0x2C,0x63,0x10,0x84,0xEF,0x7B,0x8D,0x6B,0xAE,0x73,
    0xAE,0x73,0x6D,0x6B,0xAE,0x73,0x2C,0x63,0xEF,0x7B,0xEF,0x7B,0xCF,0x7B,0x4D,0x6B,
    0xF0,0x83,0xCF,0x7B,0xCE,0x73,0x8D,0x6B,0x6D,0x6B,0x2C,0x63,0x2C,0x63,0x2C,0x63,
    0x69,0x4A,0x0C,0x63,0x48,0x42,0x69,0x4A,0xCA,0x52,0xE7,0x39,0xC6,0x31,0xC7,0x39,
    0xE7,0x39,0xC6,0x31,0x86,0x31,0xA6,0x31,0xC6,0x31,0xA6,0x31,0xA6,0x31,0x85,0x29,
    0x45,0x29,0x44,0x21,0xE3,0x18,0x24,0x21,0x86,0x31,0x82,0x10,0x00,0x00,0x00,0x00,
    0x00,0x00,0x00,0x00,0x00,0x00,0x00,0x00,0x00,0x00,0x00,0x00,0x00,0x00,0x00,0x00,
    0x00,0x00,0x00,0x00,0x00,0x00,0x00,0x00,0x00,0x00,0x00,0x00,0x00,0x00,0x00,0x00,
    0x00,0x00,0x00,0x00,0x65,0x29,0x6D,0x6B,0x4C,0x63,0x6D,0x6B,0x6D,0x6B,0x2C,0x63,
    0x2C,0x63,0xAE,0x73,0x8E,0x73,0x4C,0x63,0xCE,0x73,0x71,0x8C,0x92,0x94,0x0F,0x7C,
    0x30,0x84,0x50,0x84,0x92,0x94,0x30,0x84,0xEF,0x7B,0xF3,0x9C,0x50,0x84,0xAE,0x73,
    0x8E,0x73,0xCF,0x7B,0xAE,0x73,0x8E,0x73,0x30,0x84,0xCF,0x7B,0xEF,0x7B,0xB2,0x94,
    0x51,0x8C,0x10,0x84,0x10,0x84,0xCE,0x73,0xEF,0x7B,0xCF,0x7B,0x8D,0x6B,0xAE,0x73,
    0xCF,0x7B,0x10,0x84,0xAA,0x52,0xAA,0x52,0xAA,0x52,0x69,0x4A,0x28,0x42,0x49,0x4A,
    0x08,0x42,0x4C,0x63,0x4C,0x63,0x6D,0x6B,0x8E,0x73,0xAA,0x52,0x69,0x4A,0xCF,0x7B,
    0x30,0x84,0x91,0x8C,0xEF,0x7B,0x2C,0x63,0x71,0x8C,0x30,0x84,0x50,0x84,0x10,0x84,
    0x8E,0x73,0xAE,0x73,0xCE,0x73,0xEF,0x7B,0x8D,0x6B,0xEF,0x7B,0xCE,0x73,0xEB,0x5A,
    0x4D,0x6B,0x6D,0x6B,0x6D,0x6B,0x8E,0x73,0x6D,0x6B,0x2C,0x63,0x4C,0x63,0xEB,0x5A,
    0x8A,0x52,0xCB,0x5A,0x48,0x42,0x69,0x4A,0xCA,0x52,0x69,0x4A,0xE7,0x39,0xE7,0x39,
    0xC6,0x31,0xE7,0x39,0xC6,0x31,0xC7,0x39,0xC7,0x39,0xA6,0x31,0x85,0x29,0x86,0x31,
    0x45,0x29,0x65,0x29,0x03,0x19,0x24,0x21,0x85,0x29,0x04,0x21,0x00,0x00,0x00,0x00,
    0x00,0x00,0x00,0x00,0x00,0x00,0x00,0x00,0x00,0x00,0x00,0x00,0x00,0x00,0x00,0x00,
    0x00,0x00,0x00,0x00,0x00,0x00,0x00,0x00,0x00,0x00,0x00,0x00,0x00,0x00,0x00,0x00,
    0x00,0x00,0x00,0x00,0x69,0x4A,0x4D,0x6B,0x4C,0x63,0x6D,0x6B,0x4D,0x6B,0x4D,0x6B,
    0x8E,0x73,0xCF,0x7B,0x10,0x84,0x6D,0x6B,0x8D,0x6B,0x51,0x8C,0x51,0x8C,0xCE,0x73,
    0xEF,0x7B,0x51,0x8C,0xD2,0x94,0xEF,0x7B,0xCF,0x7B,0xEF,0x7B,0x0F,0x7C,0x0F,0x7C,
    0x0F,0x7C,0x10,0x84,0x30,0x84,0xAE,0x73,0x10,0x84,0x8D,0x6B,0x51,0x8C,0xEF,0x7B,
    0x30,0x84,0xEF,0x7B,0x10,0x84,0xAE,0x73,0xEF,0x7B,0x30,0x84,0x31,0x8C,0x10,0x84,
    0xAE,0x73,0x69,0x4A,0x8A,0x52,0x8A,0x52,0x69,0x4A,0x69,0x4A,0x49,0x4A,0x69,0x4A,
    0x89,0x4A,0x6C,0x63,0x8D,0x6B,0x2C,0x63,0x6D,0x6B,0xAE,0x73,0xEA,0x52,0x0B,0x5B,
    0x30,0x84,0x71,0x8C,0xCE,0x73,0xAE,0x73,0x92,0x94,0x30,0x84,0x71,0x8C,0x10,0x84,
    0x4D,0x6B,0x30,0x84,0x92,0x94,0x4D,0x6B,0xEB,0x5A,0xEF,0x7B,0xAE,0x73,0x6D,0x6B,
    0x6D,0x6B,0x8E,0x73,0x6D,0x6B,0x6D,0x6B,0x6D,0x6B,0x6D,0x6B,0x4C,0x63,0x0B,0x5B,
    0x2C,0x63,0xEB,0x5A,0x2C,0x63,0xCB,0x5A,0xCA,0x52,0xAA,0x52,0x49,0x4A,0xE7,0x39,
    0xA6,0x31,0xA6,0x31,0xA6,0x31,0xA6,0x31,0x86,0x31,0xA6,0x31,0xA6,0x31,0x85,0x29,
    0x65,0x29,0x85,0x29,0x24,0x21,0x24,0x21,0x45,0x29,0x65,0x29,0x20,0x00,0x00,0x00,
    0x00,0x00,0x00,0x00,0x00,0x00,0x00,0x00,0x00,0x00,0x00,0x00,0x00,0x00,0x00,0x00,
    0x00,0x00,0x00,0x00,0x00,0x00,0x00,0x00,0x00,0x00,0x00,0x00,0x00,0x00,0x00,0x00,
    0x00,0x00,0xA2,0x10,0xEB,0x5A,0x2C,0x63,0x0C,0x63,0xEB,0x5A,0xEB,0x5A,0x6D,0x6B,
    0x4D,0x6B,0x4D,0x6B,0x8D,0x6B,0x6D,0x6B,0x8D,0x6B,0x30,0x84,0x0F,0x7C,0xAE,0x73,
    0xEF,0x7B,0xEF,0x7B,0x10,0x84,0xAE,0x73,0xCE,0x73,0xAE,0x73,0xCE,0x73,0x70,0x84,
    0x10,0x84,0xCF,0x7B,0x51,0x8C,0xEF,0x7B,0x6D,0x6B,0xAE,0x73,0x51,0x8C,0x51,0x8C,
    0x30,0x84,0x71,0x8C,0xAF,0x7B,0x4D,0x6B,0x10,0x84,0xEF,0x7B,0xAE,0x73,0x51,0x8C,
    0x2C,0x63,0x07,0x3A,0x6A,0x52,0x8A,0x52,0x8A,0x52,0x69,0x4A,0x8A,0x52,0x8A,0x52,
    0x49,0x4A,0x2C,0x63,0x30,0x84,0x4C,0x63,0xAE,0x73,0x0B,0x5B,0x69,0x4A,0xAE,0x73,
    0x92,0x94,0x92,0x94,0x6D,0x6B,0xCF,0x7B,0xD3,0x9C,0x50,0x84,0x10,0x84,0x30,0x84,
    0x2C,0x63,0x8D,0x6B,0xCF,0x7B,0x4C,0x63,0xAE,0x73,0xEF,0x7B,0x0C,0x63,0xAE,0x73,
    0xCF,0x7B,0xEF,0x7B,0xEF,0x7B,0x6D,0x6B,0x8E,0x73,0x4C,0x63,0x6D,0x6B,0x8D,0x6B,
    0x0C,0x63,0xCB,0x5A,0x4C,0x63,0x4D,0x6B,0x2C,0x63,0xAA,0x52,0x69,0x4A,0x49,0x4A,
    0x49,0x4A,0xA6,0x31,0xA6,0x31,0xA6,0x31,0xA6,0x31,0x86,0x31,0xA6,0x31,0x86,0x31,
    0x85,0x29,0x65,0x29,0x24,0x21,0x24,0x21,0x44,0x21,0x65,0x29,0xA2,0x10,0x00,0x00,
    0x00,0x00,0x00,0x00,0x00,0x00,0x00,0x00,0x00,0x00,0x00,0x00,0x00,0x00,0x00,0x00,
    0x00,0x00,0x00,0x00,0x00,0x00,0x00,0x00,0x00,0x00,0x00,0x00,0x00,0x00,0x00,0x00,
    0x00,0x00,0x86,0x31,0x2C,0x63,0x2C,0x63,0x2C,0x63,0x4C,0x63,0x0B,0x5B,0x8E,0x73,
    0x4D,0x6B,0x2C,0x63,0x6D,0x6B,0x2C,0x63,0x4D,0x6B,0x51,0x8C,0xEF,0x7B,0xEF,0x7B,
    0xAE,0x73,0x10,0x84,0x8E,0x73,0x4C,0x63,0x50,0x84,0x92,0x94,0x8D,0x6B,0x10,0x84,
    0x2C,0x63,0xAE,0x73,0xCF,0x7B,0x10,0x84,0xCF,0x7B,0x92,0x94,0x50,0x84,0x92,0x94,
    0x51,0x8C,0xB2,0x94,0x92,0x94,0xAF,0x7B,0xCF,0x7B,0x30,0x84,0x10,0x84,0xEF,0x7B,
    0x2C,0x63,0x48,0x42,0x49,0x4A,0x69,0x4A,0xEC,0x62,0xAA,0x52,0x69,0x4A,0x49,0x4A,
    0x89,0x4A,0x2C,0x63,0xAE,0x73,0x6C,0x63,0xCA,0x52,0xAA,0x52,0xCE,0x73,0x91,0x8C,
    0xB2,0x94,0x30,0x84,0x4D,0x6B,0x4D,0x6B,0x51,0x8C,0x51,0x8C,0x30,0x84,0xAE,0x73,
    0x4C,0x63,0x0F,0x7C,0xCE,0x73,0x8D,0x6B,0x6D,0x6B,0x2C,0x63,0xEF,0x7B,0x30,0x84,
    0x8E,0x73,0xEF,0x7B,0xCE,0x73,0x8D,0x6B,0xAE,0x73,0x6D,0x6B,0x0B,0x5B,0x2C,0x63,
    0xCB,0x5A,0xEB,0x5A,0xCB,0x5A,0xEB,0x5A,0x0B,0x5B,0xCB,0x5A,0xCA,0x52,0xAA,0x52,
    0xAA,0x52,0x28,0x42,0xC6,0x31,0xC6,0x31,0xC6,0x31,0xA6,0x31,0x45,0x29,0x86,0x31,
    0x86,0x31,0x24,0x21,0x24,0x21,0x24,0x21,0x44,0x21,0x44,0x21,0x24,0x21,0x00,0x00,
    0x00,0x00,0x00,0x00,0x00,0x00,0x00,0x00,0x00,0x00,0x00,0x00,0x00,0x00,0x00,0x00,
    0x00,0x00,0x00,0x00,0x00,0x00,0x00,0x00,0x00,0x00,0x00,0x00,0x00,0x00,0x00,0x00,
    0x00,0x00,0x28,0x42,0x0C,0x63,0x0C,0x63,0x6D,0x6B,0x4C,0x63,0xAA,0x52,0xEF,0x7B,
    0xCF,0x7B,0x6D,0x6B,0x10,0x84,0x8D,0x6B,0x30,0x84,0x30,0x84,0xEF,0x7B,0x51,0x8C,
    0xCF,0x7B,0x8E,0x73,0x50,0x84,0xEF,0x7B,0x0F,0x7C,0x0F,0x7C,0xAE,0x73,0xAE,0x73,
    0x6D,0x6B,0x4C,0x63,0xCF,0x7B,0xAE,0x73,0xCF,0x7B,0x30,0x84,0x92,0x94,0x51,0x8C,
    0x51,0x8C,0x71,0x8C,0x31,0x8C,0x51,0x8C,0xEF,0x7B,0x10,0x84,0xEF,0x7B,0x92,0x94,
    0x10,0x84,0x0C,0x63,0x0C,0x63,0xEB,0x5A,0xAA,0x52,0x2C,0x63,0x6D,0x6B,0xAA,0x52,
    0x0C,0x63,0xEF,0x7B,0x6D,0x6B,0x6D,0x6B,0x89,0x4A,0x89,0x4A,0xEF,0x7B,0x71,0x8C,
    0x91,0x8C,0x10,0x84,0x2C,0x63,0xAE,0x73,0x30,0x84,0xAE,0x73,0xCF,0x7B,0x8D,0x6B,
    0x4C,0x63,0xAE,0x73,0xCE,0x73,0xEF,0x7B,0x6E,0x73,0x6D,0x6B,0xEF,0x7B,0x50,0x84,
    0x8D,0x6B,0xAE,0x73,0xEF,0x7B,0xAE,0x73,0xCE,0x73,0xEB,0x5A,0x4D,0x6B,0x8D,0x6B,
    0x8E,0x73,0xEB,0x5A,0xAA,0x52,0xAA,0x52,0xEB,0x5A,0xEB,0x5A,0xCA,0x52,0x69,0x4A,
    0x28,0x42,0x28,0x42,0x08,0x42,0xE7,0x39,0x07,0x3A,0xC7,0x39,0x65,0x29,0x65,0x29,
    0x65,0x29,0x86,0x31,0x04,0x21,0x04,0x21,0x24,0x21,0x44,0x21,0x44,0x21,0x20,0x00,
    0x00,0x00,0x00,0x00,0x00,0x00,0x00,0x00,0x00,0x00,0x00,0x00,0x00,0x00,0x00,0x00,
    0x00,0x00,0x00,0x00,0x00,0x00,0x00,0x00,0x00,0x00,0x00,0x00,0x00,0x00,0x00,0x00,
    0x61,0x08,0xCA,0x52,0x0C,0x63,0x6D,0x6B,0x8E,0x73,0x0B,0x5B,0xAA,0x52,0x0F,0x7C,
    0xEF,0x7B,0x8E,0x73,0xCE,0x73,0xAE,0x73,0x71,0x8C,0x10,0x84,0xAE,0x73,0xAE,0x73,
    0x10,0x84,0xEF,0x7B,0x4C,0x63,0x50,0x84,0x0F,0x7C,0xCE,0x73,0x8E,0x73,0xCE,0x73,
    0xAE,0x73,0x6D,0x6B,0x2C,0x63,0x4C,0x63,0xEF,0x7B,0xCF,0x7B,0x92,0x94,0x71,0x8C,
    0x92,0x94,0x31,0x8C,0x51,0x8C,0x71,0x8C,0xAE,0x73,0x10,0x84,0x6D,0x6B,0x10,0x84,
    0x71,0x8C,0xEF,0x7B,0xEF,0x7B,0x4D,0x6B,0xCB,0x5A,0xAA,0x52,0xEB,0x5A,0x4D,0x6B,
    0x8D,0x6B,0xAE,0x73,0xCE,0x73,0x8D,0x6B,0xEA,0x52,0xAA,0x52,0xCF,0x7B,0x51,0x8C,
    0xD2,0x94,0x0F,0x7C,0x2C,0x63,0x30,0x84,0xAE,0x73,0x10,0x84,0x30,0x84,0x8D,0x6B,
    0x6D,0x6B,0x30,0x84,0x6D,0x6B,0xCE,0x73,0x10,0x84,0x51,0x8C,0xCE,0x73,0x10,0x84,
    0xCE,0x73,0x8E,0x73,0xAE,0x73,0x10,0x84,0x8D,0x6B,0x2C,0x63,0x6D,0x6B,0x8D,0x6B,
    0x8D,0x6B,0xAA,0x52,0x49,0x4A,0xAA,0x52,0xAA,0x52,0xCA,0x52,0xAA,0x52,0x08,0x42,
    0x08,0x42,0x28,0x42,0x28,0x42,0xE7,0x39,0x07,0x3A,0x65,0x29,0x44,0x21,0x44,0x21,
    0x45,0x29,0x85,0x29,0x24,0x21,0x44,0x21,0x24,0x21,0x24,0x21,0x65,0x29,0x82,0x10,
    0x00,0x00,0x00,0x00,0x00,0x00,0x00,0x00,0x00,0x00,0x00,0x00,0x00,0x00,0x00,0x00,
    0x00,0x00,0x00,0x00,0x00,0x00,0x00,0x00,0x00,0x00,0x00,0x00,0x00,0x00,0x00,0x00,
    0x04,0x21,0x2C,0x63,0x2C,0x63,0x4C,0x63,0x6D,0x6B,0x0B,0x5B,0x0C,0x63,0x0F,0x7C,
    0xCE,0x73,0xCF,0x7B,0x30,0x84,0xEB,0x5A,0xAE,0x73,0xEF,0x7B,0x0F,0x7C,0x6D,0x6B,
    0x10,0x84,0xEF,0x7B,0x2D,0x6B,0xAE,0x73,0xCE,0x73,0xAE,0x73,0xEB,0x5A,0xEE,0x73,
    0x6D,0x6B,0xEF,0x7B,0x2C,0x63,0xCE,0x73,0xEF,0x7B,0xCF,0x7B,0x30,0x84,0x0F,0x7C,
    0x30,0x84,0x71,0x8C,0xD3,0x9C,0x30,0x84,0x10,0x84,0xAE,0x73,0xAF,0x7B,0xCF,0x7B,
    0x71,0x8C,0x50,0x84,0x51,0x8C,0xCF,0x7B,0x8E,0x73,0x4D,0x6B,0x4C,0x63,0x0F,0x7C,
    0x0F,0x7C,0xAE,0x73,0x8D,0x6B,0x69,0x4A,0x2C,0x63,0xCF,0x7B,0xEF,0x7B,0xB2,0x94,
    0x71,0x8C,0x4D,0x6B,0x2C,0x63,0xCF,0x7B,0xAE,0x73,0x51,0x8C,0x10,0x84,0x30,0x84,
    0x0C,0x63,0xAE,0x73,0xEB,0x5A,0x6D,0x6B,0x30,0x84,0x0F,0x7C,0xCE,0x73,0xEF,0x7B,
    0xCE,0x73,0x6D,0x6B,0x6D,0x6B,0x71,0x8C,0x4D,0x6B,0x6D,0x6B,0xAE,0x73,0x4C,0x63,
    0xEA,0x52,0xEB,0x5A,0xE7,0x39,0x48,0x42,0x0B,0x5B,0xAA,0x52,0x8A,0x52,0x89,0x4A,
    0x28,0x42,0xAA,0x52,0x69,0x4A,0xC6,0x31,0x65,0x29,0x24,0x21,0x44,0x21,0x23,0x19,
    0x24,0x21,0x65,0x29,0x24,0x21,0x24,0x21,0x44,0x21,0x24,0x21,0x65,0x29,0xE3,0x18,
    0x00,0x00,0x00,0x00,0x00,0x00,0x00,0x00,0x00,0x00,0x00,0x00,0x00,0x00,0x00,0x00,
    0x00,0x00,0x00,0x00,0x00,0x00,0x00,0x00,0x00,0x00,0x00,0x00,0x00,0x00,0x00,0x00,
    0xC7,0x39,0x2C,0x63,0xEB,0x5A,0x4D,0x6B,0x6D,0x6B,0xEB,0x5A,0xCB,0x5A,0xCF,0x7B,
    0xAE,0x73,0xEF,0x7B,0xCF,0x7B,0xEB,0x5A,0x10,0x84,0x2C,0x63,0xCF,0x7B,0x6D,0x6B,
    0x2C,0x63,0xCE,0x73,0x71,0x8C,0xCF,0x7B,0xCE,0x73,0x8E,0x73,0x0B,0x5B,0x8E,0x73,
    0x8D,0x6B,0x30,0x84,0x4D,0x6B,0xAE,0x73,0x6D,0x6B,0x8E,0x73,0x51,0x8C,0x50,0x84,
    0xEF,0x7B,0xEF,0x7B,0x10,0x84,0xAE,0x73,0x30,0x84,0xEB,0x5A,0x10,0x84,0x51,0x8C,
    0x8E,0x73,0xAE,0x73,0x50,0x84,0x10,0x84,0x0F,0x7C,0xCE,0x73,0x4D,0x6B,0x8E,0x73,
    0x0F,0x7C,0x30,0x84,0xEB,0x5A,0xCA,0x52,0x0B,0x5B,0xAE,0x73,0xAE,0x73,0x0F,0x7C,
    0xCE,0x73,0xAE,0x73,0x0B,0x5B,0x6D,0x6B,0x8D,0x6B,0xEF,0x7B,0xAE,0x73,0x71,0x8C,
    0x4D,0x6B,0x6D,0x6B,0x30,0x84,0xEF,0x7B,0xAE,0x73,0xAE,0x73,0xEF,0x7B,0xCF,0x7B,
    0xAE,0x73,0x2C,0x63,0xEB,0x5A,0x4D,0x6B,0x8E,0x73,0xEB,0x5A,0xAA,0x52,0x69,0x4A,
    0xCA,0x52,0x0B,0x5B,0xCB,0x5A,0xCA,0x52,0xAA,0x52,0xAA,0x52,0x69,0x4A,0x49,0x4A,
    0x08,0x42,0x69,0x4A,0x07,0x3A,0x86,0x31,0x65,0x29,0x44,0x21,0x24,0x21,0x44,0x21,
    0x24,0x21,0x24,0x21,0x03,0x19,0xE3,0x18,0x24,0x21,0x44,0x21,0x44,0x21,0x44,0x21,
    0x00,0x00,0x00,0x00,0x00,0x00,0x00,0x00,0x00,0x00,0x00,0x00,0x00,0x00,0x00,0x00,
    0x00,0x00,0x00,0x00,0x00,0x00,0x00,0x00,0x00,0x00,0x00,0x00,0x00,0x00,0x00,0x00,
    0x28,0x42,0x0B,0x5B,0xCB,0x5A,0x4D,0x6B,0x4D,0x6B,0xAA,0x52,0x4D,0x6B,0xAE,0x73,
    0xAE,0x73,0xAE,0x73,0x8D,0x6B,0xCE,0x73,0x10,0x84,0x0C,0x63,0x8D,0x6B,0x8E,0x73,
    0x0B,0x5B,0xAE,0x73,0x71,0x8C,0xEF,0x7B,0xAE,0x73,0x8D,0x6B,0x8D,0x6B,0x4D,0x6B,
    0xCE,0x73,0xAE,0x73,0xCB,0x5A,0x50,0x84,0xCF,0x7B,0x4D,0x6B,0x51,0x8C,0x71,0x8C,
    0x51,0x8C,0xCF,0x7B,0x30,0x84,0xEF,0x7B,0xEF,0x7B,0xCF,0x7B,0x6D,0x6B,0x91,0x8C,
    0xAE,0x73,0xAF,0x7B,0x10,0x84,0x30,0x84,0x30,0x84,0xCE,0x73,0xCE,0x73,0xCE,0x73,
    0x8D,0x6B,0x0B,0x5B,0x69,0x4A,0xEB,0x5A,0xAA,0x52,0xEF,0x7B,0xCF,0x7B,0x8E,0x73,
    0x6D,0x6B,0x4C,0x63,0xEF,0x7B,0x30,0x84,0x8D,0x6B,0xCE,0x73,0x6D,0x6B,0x30,0x84,
    0x6D,0x6B,0x4C,0x63,0x8E,0x73,0x8D,0x6B,0xEE,0x73,0x0F,0x7C,0x10,0x84,0xCF,0x7B,
    0xCF,0x7B,0xAE,0x73,0x2C,0x63,0x4D,0x6B,0xAE,0x73,0x0B,0x5B,0x28,0x42,0x48,0x42,
    0xAA,0x52,0xEB,0x5A,0x0C,0x63,0xEB,0x5A,0x69,0x4A,0x89,0x4A,0x07,0x3A,0x08,0x42,
    0xA6,0x31,0x08,0x42,0xA6,0x31,0x45,0x29,0x44,0x21,0x24,0x21,0x24,0x21,0x45,0x29,
    0x24,0x21,0x24,0x21,0x03,0x19,0xE3,0x18,0x24,0x21,0x65,0x29,0x45,0x29,0x65,0x29,
    0x20,0x00,0x00,0x00,0x00,0x00,0x00,0x00,0x00,0x00,0x00,0x00,0x00,0x00,0x00,0x00,
    0x00,0x00,0x00,0x00,0x00,0x00,0x00,0x00,0x00,0x00,0x00,0x00,0x00,0x00,0x40,0x00,
    0x8A,0x52,0xEB,0x5A,0x2C,0x63,0x0C,0x63,0xCA,0x52,0x4C,0x63,0x4D,0x6B,0x8D,0x6B,
    0xAE,0x73,0xEF,0x7B,0x30,0x84,0xCE,0x73,0x0F,0x7C,0x4C,0x63,0xCF,0x7B,0x71,0x8C,
    0x8D,0x6B,0x6D,0x6B,0x4C,0x63,0x6C,0x63,0x6D,0x6B,0xAE,0x73,0x8D,0x6B,0xEB,0x5A,
    0x4C,0x63,0xAE,0x73,0x6D,0x6B,0x8E,0x73,0xF0,0x83,0xCF,0x7B,0x71,0x8C,0x30,0x84,
    0x51,0x8C,0x2D,0x6B,0x71,0x8C,0x51,0x8C,0xEF,0x7B,0x30,0x84,0xCF,0x7B,0x2C,0x63,
    0xAE,0x73,0xCF,0x7B,0xAA,0x52,0x0C,0x63,0x2C,0x63,0x2C,0x63,0x2C,0x63,0x2C,0x63,
    0x0B,0x5B,0x69,0x4A,0x6D,0x6B,0xAE,0x73,0x8D,0x6B,0x10,0x84,0xAF,0x7B,0x8E,0x73,
    0xEB,0x5A,0x8D,0x6B,0x30,0x84,0xCF,0x7B,0xEF,0x7B,0xEF,0x7B,0x8D,0x6B,0xAE,0x73,
    0x0F,0x7C,0x4D,0x6B,0x2C,0x63,0xAE,0x73,0xCE,0x73,0x91,0x8C,0x71,0x8C,0xCE,0x73,
    0x8E,0x73,0x10,0x84,0x6D,0x6B,0x6D,0x6B,0x4D,0x6B,0x8A,0x52,0xE7,0x39,0x69,0x4A,
    0xCB,0x5A,0xEB,0x5A,0xEB,0x5A,0x8A,0x52,0x49,0x4A,0x08,0x42,0xA6,0x31,0xC7,0x39,
    0x86,0x31,0xE7,0x39,0xC7,0x39,0x65,0x29,0x24,0x21,0x24,0x21,0x45,0x29,0x45,0x29,
    0x24,0x21,0x23,0x19,0x03,0x19,0xE3,0x18,0x24,0x21,0x65,0x29,0x24,0x21,0x85,0x29,
    0x61,0x08,0x00,0x00,0x00,0x00,0x00,0x00,0x00,0x00,0x00,0x00,0x00,0x00,0x00,0x00,
    0x00,0x00,0x00,0x00,0x00,0x00,0x00,0x00,0x00,0x00,0x00,0x00,0x00,0x00,0xA2,0x10,
    0x0B,0x5B,0x0B,0x5B,0x6D,0x6B,0xEB,0x5A,0xCA,0x52,0x8D,0x6B,0x6D,0x6B,0xCE,0x73,
    0xAE,0x73,0x8D,0x6B,0xCF,0x7B,0x8D,0x6B,0x6D,0x6B,0xCE,0x73,0x6D,0x6B,0x51,0x8C,
    0xEB,0x5A,0x6D,0x6B,0x8E,0x73,0xEF,0x7B,0x71,0x8C,0xCE,0x73,0xAE,0x73,0x6D,0x6B,
    0x8D,0x6B,0xAE,0x73,0x8E,0x73,0x0C,0x63,0xCF,0x7B,0xEF,0x7B,0x30,0x84,0xEF,0x7B,
    0xAE,0x73,0x2C,0x63,0x4D,0x6B,0x51,0x8C,0x10,0x84,0xEF,0x7B,0xEF,0x7B,0xCE,0x73,
    0x8D,0x6B,0x8E,0x73,0xCB,0x5A,0x48,0x42,0x89,0x4A,0xAA,0x52,0x49,0x4A,0xCB,0x5A,
    0x8A,0x52,0x6D,0x6B,0x10,0x84,0x10,0x84,0x30,0x84,0x30,0x84,0xAE,0x73,0x2C,0x63,
    0x4D,0x6B,0xEB,0x5A,0x4C,0x63,0x8D,0x6B,0x30,0x84,0x10,0x84,0xAE,0x73,0xAE,0x73,
    0xCE,0x73,0xAE,0x73,0xCF,0x7B,0xEF,0x7B,0xAE,0x73,0xAE,0x73,0xCE,0x73,0xEF,0x7B,
    0x6D,0x6B,0x4D,0x6B,0x2C,0x63,0x8D,0x6B,0x0B,0x5B,0x69,0x4A,0xE7,0x39,0x69,0x4A,
    0xCA,0x52,0xCB,0x5A,0x49,0x4A,0x28,0x42,0x28,0x42,0xC7,0x39,0xE7,0x39,0xC6,0x31,
    0x86,0x31,0xA6,0x31,0x65,0x29,0x85,0x29,0x45,0x29,0x45,0x29,0x45,0x29,0x65,0x29,
    0x24,0x21,0x24,0x21,0x04,0x21,0xE3,0x18,0x44,0x21,0x44,0x21,0x24,0x21,0x85,0x29,
    0xA2,0x10,0x00,0x00,0x00,0x00,0x00,0x00,0x00,0x00,0x00,0x00,0x00,0x00,0x00,0x00,
    0x00,0x00,0x00,0x00,0x00,0x00,0x00,0x00,0x00,0x00,0x00,0x00,0x00,0x00,0xE3,0x18,
    0x0C,0x63,0x2C,0x63,0xEB,0x5A,0x0B,0x5B,0x2C,0x63,0xAE,0x73,0x8D,0x6B,0xCF,0x7B,
    0x6D,0x6B,0x6D,0x6B,0xEF,0x7B,0x8E,0x73,0x8E,0x73,0xEF,0x7B,0x6D,0x6B,0x4D,0x6B,
    0x4C,0x63,0xCF,0x7B,0x51,0x8C,0x71,0x8C,0xEF,0x7B,0xAE,0x73,0xAE,0x73,0x6C,0x63,
    0xCE,0x73,0xEF,0x7B,0x4C,0x63,0x8E,0x73,0x6E,0x73,0x6D,0x6B,0x0F,0x7C,0x8D,0x6B,
    0xAF,0x7B,0xF0,0x83,0xAF,0x7B,0x30,0x84,0xB2,0x94,0x10,0x84,0xEF,0x7B,0x30,0x84,
    0x10,0x84,0xEF,0x7B,0x8D,0x6B,0x4D,0x6B,0x8D,0x6B,0x0F,0x7C,0x4C,0x63,0xCE,0x73,
    0x4C,0x63,0xAE,0x73,0x51,0x8C,0xB2,0x94,0x51,0x8C,0xCF,0x7B,0x6D,0x6B,0x50,0x84,
    0xCF,0x7B,0xEF,0x7B,0xAE,0x73,0xEF,0x7B,0xAE,0x73,0xF0,0x83,0x91,0x8C,0xCF,0x7B,
    0xAE,0x73,0xCE,0x73,0x6D,0x6B,0xEF,0x7B,0xCF,0x7B,0xCA,0x52,0x0C,0x63,0x30,0x84,
    0x0F,0x7C,0x6D,0x6B,0x4C,0x63,0x0C,0x63,0x0C,0x63,0xAA,0x52,0x07,0x3A,0x08,0x42,
    0x28,0x42,0x69,0x4A,0x28,0x42,0x08,0x42,0x28,0x42,0xE7,0x39,0xA6,0x31,0xC6,0x31,
    0xA6,0x31,0x85,0x29,0x65,0x29,0x45,0x29,0x65,0x29,0x65,0x29,0x45,0x29,0x85,0x29,
    0x65,0x29,0x04,0x21,0x04,0x21,0xE3,0x18,0x24,0x21,0x44,0x21,0x24,0x21,0x64,0x21,
    0xC3,0x18,0x00,0x00,0x00,0x00,0x00,0x00,0x00,0x00,0x00,0x00,0x00,0x00,0x00,0x00,
    0x00,0x00,0x00,0x00,0x00,0x00,0x00,0x00,0x00,0x00,0x00,0x00,0x00,0x00,0x65,0x29,
    0x2C,0x63,0x2C,0x63,0xEB,0x5A,0x6D,0x6B,0x0C,0x63,0x4D,0x6B,0x8D,0x6B,0xEF,0x7B,
    0x6D,0x6B,0x8D,0x6B,0x0F,0x7C,0x8D,0x6B,0x6D,0x6B,0x4D,0x6B,0x2C,0x63,0x4D,0x6B,
    0x8E,0x73,0xEF,0x7B,0x0F,0x7C,0x92,0x94,0xEF,0x7B,0x30,0x84,0xCE,0x73,0x8D,0x6B,
    0xAE,0x73,0xAE,0x73,0xAE,0x73,0xEF,0x7B,0xCF,0x7B,0xAE,0x73,0xAE,0x73,0x2C,0x63,
    0x51,0x8C,0x51,0x8C,0xEF,0x7B,0xAE,0x73,0x51,0x8C,0x51,0x8C,0x8E,0x73,0xAE,0x73,
    0xEF,0x7B,0xEF,0x7B,0xCE,0x73,0xEF,0x7B,0x0F,0x7C,0x30,0x84,0xCE,0x73,0x0F,0x7C,
    0xCE,0x73,0xCF,0x7B,0x30,0x84,0xEF,0x7B,0x6D,0x6B,0x2C,0x63,0x30,0x84,0xCE,0x73,
    0x6D,0x6B,0x8D,0x6B,0xAE,0x73,0x8D,0x6B,0x8E,0x73,0xCF,0x7B,0xEF,0x7B,0x71,0x8C,
    0x0F,0x7C,0xAE,0x73,0x8E,0x73,0x0B,0x5B,0x2C,0x63,0xEB,0x5A,0xAA,0x52,0xAE,0x73,
    0x8E,0x73,0x6E,0x73,0xAE,0x73,0x2C,0x63,0xCA,0x52,0x69,0x4A,0x08,0x42,0x08,0x42,
    0x07,0x3A,0x28,0x42,0x28,0x42,0x08,0x42,0x07,0x3A,0xC6,0x31,0x86,0x31,0xA6,0x31,
    0x86,0x31,0x65,0x29,0x65,0x29,0x85,0x29,0x45,0x29,0x65,0x29,0x44,0x21,0x85,0x29,
    0x85,0x29,0x04,0x21,0x04,0x21,0x03,0x19,0x24,0x21,0x45,0x29,0x24,0x21,0x65,0x29,
    0x04,0x21,0x00,0x00,0x00,0x00,0x00,0x00,0x00,0x00,0x00,0x00,0x00,0x00,0x00,0x00,
    0x00,0x00,0x00,0x00,0x00,0x00,0x00,0x00,0x00,0x00,0x00,0x00,0x00,0x00,0x86,0x31,
    0x2C,0x63,0x0B,0x5B,0x0C,0x63,0x2C,0x63,0xCB,0x5A,0x2C,0x63,0x6D,0x6B,0x8D,0x6B,
    0x8D,0x6B,0x6D,0x6B,0xAE,0x73,0x4C,0x63,0x4D,0x6B,0x2C,0x63,0x8D,0x6B,0xCF,0x7B,
    0x6D,0x6B,0x4D,0x6B,0x4C,0x63,0xCF,0x7B,0x91,0x8C,0x30,0x84,0xCE,0x73,0x8D,0x6B,
    0x8D,0x6B,0xCE,0x73,0x10,0x84,0x30,0x84,0xCF,0x7B,0x2C,0x63,0xAE,0x73,0x4D,0x6B,
    0xEF,0x7B,0x30,0x84,0xEF,0x7B,0x6D,0x6B,0x8E,0x73,0xF3,0x9C,0xAE,0x73,0xCF,0x7B,
    0xAE,0x73,0xCF,0x7B,0x0F,0x7C,0xEF,0x7B,0x0F,0x7C,0xEF,0x7B,0xEF,0x7B,0xCE,0x73,
    0xCE,0x73,0xCF,0x7B,0xEF,0x7B,0xCE,0x73,0xEB,0x5A,0x2C,0x63,0x71,0x8C,0x2C,0x63,
    0x6D,0x6B,0x10,0x84,0xEB,0x5A,0x6D,0x6B,0x8E,0x73,0xAE,0x73,0x2C,0x63,0x30,0x84,
    0x10,0x84,0x10,0x84,0xCF,0x7B,0xCA,0x52,0x4C,0x63,0x0C,0x63,0x89,0x4A,0x2C,0x63,
    0x8E,0x73,0x6D,0x6B,0x2C,0x63,0x2C,0x63,0x8A,0x52,0x49,0x4A,0x08,0x42,0x08,0x42,
    0x28,0x42,0x28,0x42,0x28,0x42,0x69,0x4A,0x07,0x3A,0xE7,0x39,0xC6,0x31,0x86,0x31,
    0xA6,0x31,0x65,0x29,0x45,0x29,0x65,0x29,0x44,0x21,0x65,0x29,0x65,0x29,0x65,0x29,
    0x44,0x21,0x24,0x21,0x24,0x21,0x24,0x21,0x24,0x21,0x45,0x29,0x24,0x21,0x65,0x29,
    0x04,0x21,0x00,0x00,0x00,0x00,0x00,0x00,0x00,0x00,0x00,0x00,0x00,0x00,0x00,0x00,
    0x00,0x00,0x00,0x00,0x00,0x00,0x00,0x00,0x00,0x00,0x00,0x00,0x00,0x00,0x28,0x42,
    0x2C,0x63,0x2C,0x63,0x2C,0x63,0x0C,0x63,0x0C,0x63,0x4C,0x63,0xEB,0x5A,0x6D,0x6B,
    0x8D,0x6B,0x6D,0x6B,0x6D,0x6B,0xAA,0x52,0xAA,0x52,0xAE,0x73,0x8E,0x73,0x4D,0x6B,
    0x2C,0x63,0x4D,0x6B,0xCF,0x7B,0x6D,0x6B,0x6C,0x63,0x0F,0x7C,0x10,0x84,0xEF,0x7B,
    0x8D,0x6B,0x4D,0x6B,0xCE,0x73,0x0F,0x7C,0xCE,0x73,0x6D,0x6B,0x0F,0x7C,0xCE,0x73,
    0x6D,0x6B,0x10,0x84,0x30,0x84,0xEF,0x7B,0x6D,0x6B,0x91,0x8C,0x30,0x84,0xCE,0x73,
    0xCE,0x73,0x50,0x84,0x30,0x84,0x8D,0x6B,0x30,0x84,0x51,0x8C,0xEF,0x7B,0xCE,0x73,
    0xEF,0x7B,0xCF,0x7B,0x10,0x84,0x71,0x8C,0x6D,0x6B,0x0B,0x5B,0x30,0x84,0xEB,0x5A,
    0x8E,0x73,0xEF,0x7B,0x4D,0x6B,0xEF,0x7B,0x8E,0x73,0x4D,0x6B,0x10,0x84,0x6D,0x6B,
    0x8D,0x6B,0x30,0x84,0x8E,0x73,0x2C,0x63,0x4D,0x6B,0x2C,0x63,0xAA,0x52,0xEB,0x5A,
    0xEF,0x7B,0x8D,0x6B,0x2C,0x63,0xCB,0x5A,0x69,0x4A,0x28,0x42,0x28,0x42,0x07,0x3A,
    0x28,0x42,0x49,0x4A,0x08,0x42,0x28,0x42,0x07,0x3A,0x07,0x3A,0xC7,0x39,0x85,0x29,
    0x86,0x31,0x65,0x29,0x65,0x29,0x65,0x29,0x64,0x21,0x65,0x29,0x65,0x29,0x45,0x29,
    0x24,0x21,0x04,0x21,0x03,0x19,0x24,0x21,0x44,0x21,0x45,0x29,0x24,0x21,0x65,0x29,
    0x45,0x29,0x20,0x00,0x00,0x00,0x00,0x00,0x00,0x00,0x00,0x00,0x00,0x00,0x00,0x00,
    0x00,0x00,0x00,0x00,0x00,0x00,0x00,0x00,0x00,0x00,0x00,0x00,0x00,0x00,0x08,0x42,
    0x0B,0x5B,0x2C,0x63,0x2C,0x63,0x2C,0x63,0x0B,0x5B,0x6D,0x6B,0xAE,0x73,0xAE,0x73,
    0x4C,0x63,0x2C,0x63,0x6D,0x6B,0xCB,0x5A,0x2C,0x63,0xEF,0x7B,0x4D,0x6B,0x8E,0x73,
    0xEF,0x7B,0x30,0x84,0xAE,0x73,0x8D,0x6B,0xEF,0x7B,0xEF,0x7B,0x71,0x8C,0x30,0x84,
    0x2C,0x63,0x6D,0x6B,0x4C,0x63,0x8E,0x73,0x6D,0x6B,0x8D,0x6B,0xCE,0x73,0x0C,0x63,
    0x2D,0x6B,0x8D,0x6B,0x0F,0x7C,0xD2,0x94,0x2C,0x63,0x8E,0x73,0x92,0x94,0x6D,0x6B,
    0x6D,0x6B,0x30,0x84,0x0F,0x7C,0xCE,0x73,0x2C,0x63,0x30,0x84,0xB2,0x94,0x10,0x84,
    0xEF,0x7B,0x10,0x84,0x0F,0x7C,0xCF,0x7B,0x2C,0x63,0x4D,0x6B,0x8D,0x6B,0x4D,0x6B,
    0x6D,0x6B,0x4C,0x63,0x8D,0x6B,0xEF,0x7B,0x4C,0x63,0xCE,0x73,0xAE,0x73,0xAE,0x73,
    0x4D,0x6B,0x6C,0x63,0xCE,0x73,0x8E,0x73,0x2C,0x63,0x0C,0x63,0x2C,0x63,0x6D,0x6B,
    0xAE,0x73,0x6D,0x6B,0x4D,0x6B,0xCB,0x5A,0x08,0x42,0x28,0x42,0x28,0x42,0x28,0x42,
    0x08,0x42,0x28,0x42,0x28,0x42,0x69,0x4A,0x28,0x42,0xE7,0x39,0xA6,0x31,0xA6,0x31,
    0x65,0x29,0x65,0x29,0x65,0x29,0x65,0x29,0x44,0x21,0x44,0x21,0x85,0x29,0x65,0x29,
    0x24,0x21,0x24,0x21,0x24,0x21,0x24,0x21,0x44,0x21,0x65,0x29,0x44,0x21,0x85,0x29,
    0x65,0x29,0x20,0x00,0x00,0x00,0x00,0x00,0x00,0x00,0x00,0x00,0x00,0x00,0x00,0x00,
    0x00,0x00,0x00,0x00,0x00,0x00,0x00,0x00,0x00,0x00,0x00,0x00,0x00,0x00,0x28,0x42,
    0xEB,0x5A,0x4D,0x6B,0x6D,0x6B,0x4C,0x63,0xCA,0x52,0x6D,0x6B,0x6D,0x6B,0x6D,0x6B,
    0x2C,0x63,0xCA,0x52,0xEB,0x5A,0x6D,0x6B,0xEF,0x7B,0x50,0x84,0xEF,0x7B,0xCF,0x7B,
    0xEF,0x7B,0xCE,0x73,0x30,0x84,0xEF,0x7B,0x30,0x84,0xCF,0x7B,0xCF,0x7B,0xCE,0x73,
    0xEF,0x7B,0x0F,0x7C,0x4C,0x63,0x4C,0x63,0xEF,0x7B,0x71,0x8C,0x8D,0x6B,0xEB,0x5A,
    0x8D,0x6B,0xAE,0x73,0x6D,0x6B,0xEF,0x7B,0xEF,0x7B,0x6D,0x6B,0xCE,0x73,0x0F,0x7C,
    0xEF,0x7B,0x8D,0x6B,0x8E,0x73,0xCE,0x73,0x10,0x84,0x4C,0x63,0xEF,0x7B,0x30,0x84,
    0x6D,0x6B,0x8E,0x73,0x4D,0x6B,0x6D,0x6B,0x2C,0x63,0xEB,0x5A,0x0C,0x63,0x6D,0x6B,
    0x4C,0x63,0xAA,0x52,0x4C,0x63,0x8E,0x73,0x0C,0x63,0xEF,0x7B,0xEF,0x7B,0x0C,0x63,
    0x2C,0x63,0x2C,0x63,0xAE,0x73,0x6D,0x6B,0x4C,0x63,0x8D,0x6B,0x8D,0x6B,0xEF,0x7B,
    0xCF,0x7B,0xAE,0x73,0x2C,0x63,0x8A,0x52,0x28,0x42,0x28,0x42,0x28,0x42,0x28,0x42,
    0x07,0x3A,0x28,0x42,0x49,0x4A,0x49,0x4A,0x08,0x42,0xC7,0x39,0xA6,0x31,0xA6,0x31,
    0x85,0x29,0x86,0x31,0x65,0x29,0x65,0x29,0x44,0x21,0x24,0x21,0x65,0x29,0x65,0x29,
    0x45,0x29,0x44,0x21,0x44,0x21,0x44,0x21,0x24,0x21,0x45,0x29,0x24,0x21,0x86,0x31,
    0x85,0x29,0x20,0x00,0x00,0x00,0x00,0x00,0x00,0x00,0x00,0x00,0x00,0x00,0x00,0x00,
    0x00,0x00,0x00,0x00,0x00,0x00,0x00,0x00,0x00,0x00,0x00,0x00,0x00,0x00,0xE7,0x39,
    0x0C,0x63,0x2C,0x63,0x4C,0x63,0x0B,0x5B,0xAA,0x52,0x6D,0x6B,0x2C,0x63,0x2C,0x63,
    0x2C,0x63,0x0B,0x5B,0x4D,0x6B,0x4C,0x63,0xEF,0x7B,0xCE,0x73,0x6D,0x6B,0x6D,0x6B,
    0x2C,0x63,0x6D,0x6B,0x0F,0x7C,0x10,0x84,0xAE,0x73,0xEF,0x7B,0x8D,0x6B,0xCE,0x73,
    0x71,0x8C,0x10,0x84,0x2C,0x63,0xAD,0x6B,0xCE,0x73,0x30,0x84,0xEF,0x7B,0x4D,0x6B,
    0xCE,0x73,0x4C,0x63,0x6D,0x6B,0xAE,0x73,0x50,0x84,0xCE,0x73,0xAD,0x6B,0x4C,0x63,
    0xEF,0x7B,0xCE,0x73,0xCE,0x73,0x0C,0x63,0xCE,0x73,0xCE,0x73,0x2C,0x63,0x2C,0x63,
    0x0B,0x5B,0xAE,0x73,0x4D,0x6B,0xEF,0x7B,0x6D,0x6B,0x6D,0x6B,0x8E,0x73,0x6D,0x6B,
    0x8D,0x6B,0x8E,0x73,0x6D,0x6B,0x0C,0x63,0x6D,0x6B,0x30,0x84,0xEF,0x7B,0x4C,0x63,
    0x4C,0x63,0x6D,0x6B,0xAD,0x6B,0x6D,0x6B,0x8D,0x6B,0x8D,0x6B,0x8E,0x73,0xCF,0x7B,
    0x6D,0x6B,0xCB,0x5A,0x89,0x4A,0x69,0x4A,0x48,0x42,0x48,0x42,0x28,0x42,0x07,0x3A,
    0x08,0x42,0x07,0x3A,0x08,0x42,0x28,0x42,0x07,0x3A,0xE7,0x39,0xE7,0x39,0xC7,0x39,
    0xA6,0x31,0x85,0x29,0x65,0x29,0x45,0x29,0x45,0x29,0x45,0x29,0x65,0x29,0x65,0x29,
    0x44,0x21,0x24,0x21,0x24,0x21,0x44,0x21,0x24,0x21,0x44,0x21,0x44,0x21,0x45,0x29,
    0x45,0x29,0x20,0x00,0x00,0x00,0x00,0x00,0x00,0x00,0x00,0x00,0x00,0x00,0x00,0x00,
    0x00,0x00,0x00,0x00,0x00,0x00,0x00,0x00,0x00,0x00,0x00,0x00,0x00,0x00,0x07,0x3A,
    0x0C,0x63,0x2C,0x63,0x2C,0x63,0xAA,0x52,0xEB,0x5A,0x6D,0x6B,0x2C,0x63,0x0C,0x63,
    0x0B,0x5B,0x8E,0x73,0xAE,0x73,0x69,0x4A,0xCF,0x7B,0x10,0x84,0x8D,0x6B,0xEF,0x7B,
    0xCE,0x73,0x6D,0x6B,0x0B,0x5B,0x6D,0x6B,0x6D,0x6B,0xEF,0x7B,0x4C,0x63,0xEF,0x7B,
    0xD3,0x9C,0x51,0x8C,0x2C,0x63,0x6C,0x63,0x6C,0x63,0xAE,0x73,0x34,0xA5,0x49,0x4A,
    0x2C,0x63,0xAE,0x73,0xAE,0x73,0xCE,0x73,0xEF,0x7B,0xEF,0x7B,0xCE,0x73,0x4D,0x6B,
    0xEF,0x7B,0xAE,0x73,0x8D,0x6B,0x6D,0x6B,0x0B,0x5B,0x30,0x84,0xEF,0x7B,0x8D,0x6B,
    0xCB,0x5A,0x6D,0x6B,0xCF,0x7B,0x30,0x84,0xCE,0x73,0x50,0x84,0x51,0x8C,0xEB,0x5A,
    0x4C,0x63,0x6D,0x6B,0x4D,0x6B,0x2C,0x63,0x8E,0x73,0x30,0x84,0x8D,0x6B,0x4C,0x63,
    0xAE,0x73,0xEF,0x7B,0x30,0x84,0x8E,0x73,0x6D,0x6B,0x0C,0x63,0x6D,0x6B,0x2C,0x63,
    0xCA,0x52,0xAA,0x52,0x69,0x4A,0x28,0x42,0x69,0x4A,0x69,0x4A,0x69,0x4A,0x07,0x3A,
    0x08,0x42,0xE7,0x39,0xE7,0x39,0xE7,0x39,0xC6,0x31,0xC6,0x31,0xC6,0x31,0xA6,0x31,
    0xA6,0x31,0x85,0x29,0x65,0x29,0x45,0x29,0x45,0x29,0x65,0x29,0x45,0x29,0x65,0x29,
    0x44,0x21,0x03,0x19,0x24,0x21,0x45,0x29,0x23,0x19,0x45,0x29,0x45,0x29,0x44,0x21,
    0x45,0x29,0x20,0x00,0x00,0x00,0x00,0x00,0x00,0x00,0x00,0x00,0x00,0x00,0x00,0x00,
    0x00,0x00,0x00,0x00,0x00,0x00,0x00,0x00,0x00,0x00,0x00,0x00,0x00,0x00,0xE7,0x39,
    0xEB,0x5A,0x2C,0x63,0x4C,0x63,0xEB,0x5A,0x2C,0x63,0x6D,0x6B,0x8D,0x6B,0x6D,0x6B,
    0x6D,0x6B,0xEB,0x5A,0xCE,0x73,0x0C,0x63,0xAE,0x73,0xCF,0x7B,0x6D,0x6B,0xCE,0x73,
    0x8D,0x6B,0xEF,0x7B,0x6D,0x6B,0x8D,0x6B,0x0F,0x7C,0xAE,0x73,0x6D,0x6B,0x0B,0x5B,
    0x71,0x8C,0x91,0x8C,0xCF,0x7B,0xAE,0x73,0xAE,0x73,0xCF,0x7B,0x30,0x84,0xEB,0x5A,
    0xEF,0x7B,0x71,0x8C,0x0F,0x7C,0xCE,0x73,0xCE,0x73,0x0F,0x7C,0xCE,0x73,0x92,0x94,
    0x10,0x84,0x30,0x84,0xEF,0x7B,0x30,0x84,0x2C,0x63,0xEF,0x7B,0x10,0x84,0xF0,0x83,
    0x8D,0x6B,0xAE,0x73,0x10,0x84,0x0F,0x7C,0xCE,0x73,0xAE,0x73,0xEF,0x7B,0x4D,0x6B,
    0xCF,0x7B,0x4C,0x63,0x6D,0x6B,0xAA,0x52,0xEF,0x7B,0x50,0x84,0x2C,0x63,0x6D,0x6B,
    0x6D,0x6B,0xCF,0x7B,0xEF,0x7B,0x6D,0x6B,0x2C,0x63,0x4D,0x6B,0x0C,0x63,0x2C,0x63,
    0xCA,0x52,0xCA,0x52,0x8A,0x52,0x49,0x4A,0x69,0x4A,0x48,0x42,0x28,0x42,0x28,0x42,
    0x28,0x42,0x08,0x42,0xE7,0x39,0xE7,0x39,0xC6,0x31,0xC7,0x39,0xC7,0x39,0xA6,0x31,
    0xA6,0x31,0x85,0x29,0x86,0x31,0x65,0x29,0x45,0x29,0x65,0x29,0x45,0x29,0x65,0x29,
    0x65,0x29,0x24,0x21,0x04,0x21,0x24,0x21,0x24,0x21,0x65,0x29,0x24,0x21,0x45,0x29,
    0x65,0x29,0x20,0x00,0x00,0x00,0x00,0x00,0x00,0x00,0x00,0x00,0x00,0x00,0x00,0x00,
    0x00,0x00,0x00,0x00,0x00,0x00,0x00,0x00,0x00,0x00,0x00,0x00,0x00,0x00,0x08,0x42,
    0x0B,0x5B,0x0B,0x5B,0xEB,0x5A,0x2C,0x63,0x8E,0x73,0x2C,0x63,0x6D,0x6B,0x8E,0x73,
    0x6D,0x6B,0x48,0x42,0x8D,0x6B,0xCF,0x7B,0x8D,0x6B,0x2B,0x5B,0xAE,0x73,0xCF,0x7B,
    0xEF,0x7B,0x0F,0x7C,0xCE,0x73,0x8D,0x6B,0x30,0x84,0x4D,0x6B,0x6D,0x6B,0x0B,0x5B,
    0x51,0x8C,0xEF,0x7B,0x51,0x8C,0x10,0x84,0x8D,0x6B,0xCF,0x7B,0xAE,0x73,0x0F,0x7C,
    0x8D,0x6B,0xEF,0x7B,0x71,0x8C,0xEF,0x7B,0xEF,0x7B,0x75,0xAD,0xB2,0x94,0x92,0x94,
    0x10,0x84,0x10,0x84,0x0F,0x7C,0x51,0x8C,0xAE,0x73,0x10,0x84,0x10,0x84,0x8E,0x73,
    0x8E,0x73,0x30,0x84,0x10,0x84,0x0F,0x7C,0x51,0x8C,0xAE,0x73,0xCE,0x73,0x10,0x84,
    0xEF,0x7B,0x8D,0x6B,0x8D,0x6B,0xAE,0x73,0x8E,0x73,0xCF,0x7B,0xAE,0x73,0xAE,0x73,
    0xAE,0x73,0x10,0x84,0xCF,0x7B,0xAA,0x52,0x2C,0x63,0xCF,0x7B,0x2C,0x63,0x4C,0x63,
    0xEB,0x5A,0x49,0x4A,0xAA,0x52,0x69,0x4A,0x49,0x4A,0x08,0x42,0x07,0x3A,0x28,0x42,
    0x28,0x42,0x28,0x42,0x28,0x42,0x07,0x3A,0xE7,0x39,0xE7,0x39,0xC6,0x31,0xC6,0x31,
    0xA6,0x31,0x85,0x29,0xC6,0x31,0x65,0x29,0x65,0x29,0x45,0x29,0x45,0x29,0x65,0x29,
    0x45,0x29,0x45,0x29,0x24,0x21,0x03,0x19,0x44,0x21,0x65,0x29,0x24,0x21,0x44,0x21,
    0x45,0x29,0x20,0x00,0x00,0x00,0x00,0x00,0x00,0x00,0x00,0x00,0x00,0x00,0x00,0x00,
    0x00,0x00,0x00,0x00,0x00,0x00,0x00,0x00,0x00,0x00,0x00,0x00,0x00,0x00,0x28,0x42,
    0x0B,0x5B,0xEB,0x5A,0xEB,0x5A,0x2C,0x63,0x6D,0x6B,0x2C,0x63,0xAA,0x52,0x4C,0x63,
    0x4D,0x6B,0x4D,0x6B,0x6D,0x6B,0xAE,0x73,0x0F,0x7C,0x2C,0x63,0xEF,0x7B,0xCE,0x73,
    0x10,0x84,0x30,0x84,0xAE,0x73,0xCB,0x5A,0xEF,0x7B,0xEF,0x7B,0xAE,0x73,0x4D,0x6B,
    0x51,0x8C,0x6D,0x6B,0x2C,0x63,0x6D,0x6B,0x6D,0x6B,0xAE,0x73,0x8E,0x73,0x8D,0x6B,
    0x0B,0x5B,0xCE,0x73,0xEF,0x7B,0x8E,0x73,0x51,0x8C,0xB6,0xB5,0xD3,0x9C,0x0F,0x7C,
    0x51,0x8C,0xEF,0x7B,0xAE,0x73,0x0F,0x7C,0x2C,0x63,0xCF,0x7B,0x8E,0x73,0x6D,0x6B,
    0xCE,0x73,0x0F,0x7C,0x30,0x84,0x30,0x84,0xCE,0x73,0xEF,0x7B,0x6D,0x6B,0x30,0x84,
    0x10,0x84,0xEF,0x7B,0x8D,0x6B,0x10,0x84,0x6D,0x6B,0xCE,0x73,0xAE,0x73,0xAD,0x6B,
    0x8D,0x6B,0xCE,0x73,0x10,0x84,0x4C,0x63,0xAE,0x73,0xAE,0x73,0x0C,0x63,0x0C,0x63,
    0x69,0x4A,0x49,0x4A,0x89,0x4A,0x49,0x4A,0x28,0x42,0x49,0x4A,0xC7,0x39,0xE7,0x39,
    0x08,0x42,0x08,0x42,0x48,0x42,0x08,0x42,0x08,0x42,0xE7,0x39,0x65,0x29,0xA5,0x29,
    0xA6,0x31,0x86,0x31,0xC6,0x31,0xA6,0x31,0x65,0x29,0x65,0x29,0x65,0x29,0x45,0x29,
    0x45,0x29,0x24,0x21,0x45,0x29,0x03,0x19,0x44,0x21,0x44,0x21,0x45,0x29,0x24,0x21,
    0x45,0x29,0x20,0x00,0x00,0x00,0x00,0x00,0x00,0x00,0x00,0x00,0x00,0x00,0x00,0x00,
    0x00,0x00,0x00,0x00,0x00,0x00,0x00,0x00,0x00,0x00,0x00,0x00,0x00,0x00,0x07,0x3A,
    0x0C,0x63,0xEB,0x5A,0xEB,0x5A,0x2C,0x63,0x4C,0x63,0x2C,0x63,0xCB,0x5A,0x0B,0x5B,
    0x6D,0x6B,0x4D,0x6B,0xCE,0x73,0xEF,0x7B,0xEF,0x7B,0x4C,0x63,0x8E,0x73,0xCF,0x7B,
    0xAE,0x73,0xEF,0x7B,0x8D,0x6B,0xEB,0x5A,0x8E,0x73,0xCE,0x73,0x8D,0x6B,0xCE,0x73,
    0x30,0x84,0x0F,0x7C,0xAE,0x73,0xCF,0x7B,0x8D,0x6B,0xAE,0x73,0x6D,0x6B,0x6D,0x6B,
    0xAE,0x73,0xAE,0x73,0x30,0x84,0xCF,0x7B,0x10,0x84,0x50,0x84,0x10,0x84,0xAE,0x73,
    0x71,0x8C,0x0F,0x7C,0x8E,0x73,0x30,0x84,0x0B,0x5B,0x8E,0x73,0xCE,0x73,0x8E,0x73,
    0x51,0x8C,0x30,0x84,0x30,0x84,0x10,0x84,0xAE,0x73,0x10,0x84,0x6D,0x6B,0x8D,0x6B,
    0xCF,0x7B,0x30,0x84,0x8D,0x6B,0xEF,0x7B,0xAE,0x73,0xEF,0x7B,0xAE,0x73,0x6D,0x6B,
    0x6D,0x6B,0x6D,0x6B,0x30,0x84,0x4C,0x63,0x6D,0x6B,0xEB,0x5A,0xEB,0x5A,0xEB,0x5A,
    0xAA,0x52,0xAA,0x52,0xAA,0x52,0x69,0x4A,0xE7,0x39,0x49,0x4A,0xE7,0x39,0x28,0x42,
    0x48,0x42,0x08,0x42,0x48,0x42,0x28,0x42,0x49,0x4A,0x28,0x42,0xC6,0x31,0xA6,0x31,
    0x86,0x31,0x86,0x31,0xA6,0x31,0xA6,0x31,0x85,0x29,0xA6,0x31,0x65,0x29,0x45,0x29,
    0x44,0x21,0x24,0x21,0x45,0x29,0x03,0x19,0x45,0x29,0x65,0x29,0x65,0x29,0x45,0x29,
    0x44,0x21,0x20,0x00,0x00,0x00,0x00,0x00,0x00,0x00,0x00,0x00,0x00,0x00,0x00,0x00,
    0x00,0x00,0x00,0x00,0x00,0x00,0x00,0x00,0x00,0x00,0x00,0x00,0x00,0x00,0x08,0x42,
    0x0B,0x5B,0xCA,0x52,0xCA,0x52,0x4C,0x63,0x6D,0x6B,0xEB,0x5A,0x0C,0x63,0x8D,0x6B,
    0x2C,0x63,0x2C,0x63,0xCF,0x7B,0xCE,0x73,0xEF,0x7B,0xCE,0x73,0x4C,0x63,0xAE,0x73,
    0xAE,0x73,0xCF,0x7B,0xAE,0x73,0xCE,0x73,0x6D,0x6B,0x4C,0x63,0x0C,0x63,0xEF,0x7B,
    0x0F,0x7C,0xEF,0x7B,0x10,0x84,0xCF,0x7B,0xAE,0x73,0x2C,0x63,0x4C,0x63,0x8E,0x73,
    0xAE,0x73,0xCF,0x7B,0x30,0x84,0x10,0x84,0xCF,0x7B,0x6E,0x73,0x8D,0x6B,0xAE,0x73,
    0xCE,0x73,0x51,0x8C,0x2C,0x63,0xCF,0x7B,0xCF,0x7B,0xAE,0x73,0x8E,0x73,0x4C,0x63,
    0x6D,0x6B,0xCE,0x73,0x91,0x8C,0x51,0x8C,0xEF,0x7B,0xAE,0x73,0xAE,0x73,0x6D,0x6B,
    0x4C,0x63,0x6D,0x6B,0x6D,0x6B,0x10,0x84,0x6D,0x6B,0xEF,0x7B,0xEF,0x7B,0xAE,0x73,
    0x8D,0x6B,0xAE,0x73,0xCE,0x73,0x2C,0x63,0x6D,0x6B,0x4C,0x63,0x89,0x4A,0x4D,0x6B,
    0xCB,0x5A,0x8A,0x52,0x69,0x4A,0x69,0x4A,0xE7,0x39,0x28,0x42,0x28,0x42,0x28,0x42,
    0x28,0x42,0x49,0x4A,0x69,0x4A,0x28,0x42,0x08,0x42,0x08,0x42,0xE7,0x39,0x07,0x3A,
    0xC7,0x39,0xC6,0x31,0xC7,0x39,0xA6,0x31,0xA6,0x31,0xA6,0x31,0x65,0x29,0x65,0x29,
    0x44,0x21,0x45,0x29,0x65,0x29,0x45,0x29,0x44,0x21,0x45,0x29,0x65,0x29,0x45,0x29,
    0x45,0x29,0x20,0x00,0x00,0x00,0x00,0x00,0x00,0x00,0x00,0x00,0x00,0x00,0x00,0x00,
    0x00,0x00,0x00,0x00,0x00,0x00,0x00,0x00,0x00,0x00,0x00,0x00,0x00,0x00,0x85,0x29,
    0x0B,0x5B,0xAA,0x52,0x8A,0x52,0x2C,0x63,0x2C,0x63,0xEB,0x5A,0xEB,0x5A,0x8E,0x73,
    0x2C,0x63,0x4D,0x6B,0xEF,0x7B,0xCE,0x73,0xCF,0x7B,0x8D,0x6B,0xAA,0x52,0x4C,0x63,
    0xCE,0x73,0x8D,0x6B,0xCF,0x7B,0xEF,0x7B,0x0C,0x63,0x4D,0x6B,0x8E,0x73,0x4D,0x6B,
    0xEF,0x7B,0x30,0x84,0xAE,0x73,0xAE,0x73,0xCF,0x7B,0x2C,0x63,0xEB,0x5A,0x8E,0x73,
    0xCF,0x7B,0xCE,0x73,0xEF,0x7B,0x0F,0x7C,0xCF,0x7B,0x4C,0x63,0x8D,0x6B,0x8E,0x73,
    0x6D,0x6B,0x30,0x84,0xEF,0x7B,0x8D,0x6B,0xCF,0x7B,0xAE,0x73,0x8D,0x6B,0xAE,0x73,
    0x0B,0x5B,0xCE,0x73,0xEF,0x7B,0x30,0x84,0x50,0x84,0x4C,0x63,0xCE,0x73,0x6D,0x6B,
    0x2C,0x63,0x6D,0x6B,0x2C,0x63,0x50,0x84,0xAE,0x73,0xCF,0x7B,0xEF,0x7B,0xEF,0x7B,
    0xCE,0x73,0x8E,0x73,0x4D,0x6B,0xAE,0x73,0xCE,0x73,0x8D,0x6B,0x89,0x4A,0x0B,0x5B,
    0x8A,0x52,0x49,0x4A,0x89,0x4A,0x69,0x4A,0x48,0x42,0x69,0x4A,0x28,0x42,0x07,0x3A,
    0x28,0x42,0x69,0x4A,0x69,0x4A,0x08,0x42,0x07,0x3A,0xE7,0x39,0xE7,0x39,0xE7,0x39,
    0xE7,0x39,0x08,0x42,0xE7,0x39,0xC6,0x31,0xC7,0x39,0x85,0x29,0x65,0x29,0x65,0x29,
    0x65,0x29,0x65,0x29,0x65,0x29,0x65,0x29,0x45,0x29,0x45,0x29,0x45,0x29,0x65,0x29,
    0x24,0x21,0x00,0x00,0x00,0x00,0x00,0x00,0x00,0x00,0x00,0x00,0x00,0x00,0x00,0x00,
    0x00,0x00,0x00,0x00,0x00,0x00,0x00,0x00,0x00,0x00,0x00,0x00,0x00,0x00,0x45,0x29,
    0xEB,0x5A,0xEA,0x52,0xCA,0x52,0xCA,0x52,0x0C,0x63,0x0C,0x63,0xAA,0x52,0x0B,0x5B,
    0x4C,0x63,0x2C,0x63,0xEF,0x7B,0x0F,0x7C,0xCE,0x73,0xAE,0x73,0x0B,0x5B,0x2C,0x63,
    0x4C,0x63,0x2C,0x63,0x6D,0x6B,0xEF,0x7B,0x0C,0x63,0x0F,0x7C,0xCE,0x73,0xCB,0x5A,
    0x10,0x84,0x30,0x84,0xEF,0x7B,0xAE,0x73,0x6D,0x6B,0x6D,0x6B,0x6D,0x6B,0x0F,0x7C,
    0xAE,0x73,0x6D,0x6B,0x8D,0x6B,0x30,0x84,0xAE,0x73,0xAE,0x73,0xAE,0x73,0xCE,0x73,
    0x30,0x84,0xCE,0x73,0xEF,0x7B,0xAE,0x73,0xAE,0x73,0xCE,0x73,0xAE,0x73,0x4C,0x63,
    0xAE,0x73,0xAE,0x73,0xAE,0x73,0x71,0x8C,0x0F,0x7C,0x8D,0x6B,0x0B,0x5B,0x2C,0x63,
    0x4C,0x63,0xAE,0x73,0x10,0x84,0x6D,0x6B,0xCF,0x7B,0x30,0x84,0x4C,0x63,0xCF,0x7B,
    0x0F,0x7C,0xAE,0x73,0x8E,0x73,0x8D,0x6B,0xAE,0x73,0x6D,0x6B,0xEB,0x5A,0x69,0x4A,
    0x69,0x4A,0x49,0x4A,0x48,0x42,0x8A,0x52,0xAA,0x52,0x48,0x42,0x28,0x42,0x08,0x42,
    0x28,0x42,0x69,0x4A,0x69,0x4A,0x49,0x4A,0x28,0x42,0x07,0x3A,0x08,0x42,0x08,0x42,
    0xE7,0x39,0xE7,0x39,0xE7,0x39,0xE7,0x39,0xC7,0x39,0x85,0x29,0x65,0x29,0x85,0x29,
    0x45,0x29,0x45,0x29,0x86,0x31,0x65,0x29,0x45,0x29,0x65,0x29,0x45,0x29,0x65,0x29,
    0x24,0x21,0x00,0x00,0x00,0x00,0x00,0x00,0x00,0x00,0x00,0x00,0x00,0x00,0x00,0x00,
    0x00,0x00,0x00,0x00,0x00,0x00,0x00,0x00,0x00,0x00,0x00,0x00,0x00,0x00,0xE3,0x18,
    0x8A,0x52,0xEB,0x5A,0xEB,0x5A,0x8A,0x52,0x6D,0x6B,0x0B,0x5B,0xEB,0x5A,0x0C,0x63,
    0x4D,0x6B,0xEB,0x5A,0xCA,0x52,0xCE,0x73,0x6D,0x6B,0xAF,0x7B,0x8E,0x73,0x4C,0x63,
    0xCF,0x7B,0x6D,0x6B,0xAE,0x73,0xCF,0x7B,0xAA,0x52,0xCE,0x73,0x6D,0x6B,0xCB,0x5A,
    0x0F,0x7C,0xCF,0x7B,0x8D,0x6B,0xCE,0x73,0x6D,0x6B,0x8D,0x6B,0xAE,0x73,0x30,0x84,
    0xEF,0x7B,0x8D,0x6B,0x50,0x84,0x50,0x84,0x6D,0x6B,0xEE,0x73,0x30,0x84,0x8D,0x6B,
    0xAE,0x73,0x51,0x8C,0x8E,0x73,0x2C,0x63,0xCE,0x73,0x6D,0x6B,0xCF,0x7B,0xCF,0x7B,
    0xCE,0x73,0x2C,0x63,0x8E,0x73,0x51,0x8C,0x0B,0x5B,0x4C,0x63,0x2C,0x63,0x0C,0x63,
    0x4D,0x6B,0xCF,0x7B,0xAE,0x73,0x10,0x84,0x6D,0x6B,0xEF,0x7B,0x2C,0x63,0xEF,0x7B,
    0x30,0x84,0xCE,0x73,0x8E,0x73,0x6D,0x6B,0xAA,0x52,0xCB,0x5A,0xAA,0x52,0xAA,0x52,
    0x69,0x4A,0x28,0x42,0x49,0x4A,0x49,0x4A,0x28,0x42,0x69,0x4A,0x49,0x4A,0x28,0x42,
    0x48,0x42,0x69,0x4A,0x69,0x4A,0x48,0x42,0xC7,0x39,0xC7,0x39,0xE7,0x39,0xE7,0x39,
    0xE7,0x39,0xC7,0x39,0xE7,0x39,0xA6,0x31,0xA6,0x31,0x85,0x29,0x65,0x29,0x65,0x29,
    0x24,0x21,0x24,0x21,0x86,0x31,0x65,0x29,0x65,0x29,0x85,0x29,0x65,0x29,0x65,0x29,
    0xE3,0x18,0x00,0x00,0x00,0x00,0x00,0x00,0x00,0x00,0x00,0x00,0x00,0x00,0x00,0x00,
    0x00,0x00,0x00,0x00,0x00,0x00,0x00,0x00,0x00,0x00,0x00,0x00,0x00,0x00,0x82,0x10,
    0x69,0x4A,0xCA,0x52,0x0C,0x63,0xCB,0x5A,0x0B,0x5B,0x2C,0x63,0x2C,0x63,0x2C,0x63,
    0xAE,0x73,0x4D,0x6B,0xCA,0x52,0x6D,0x6B,0x8E,0x73,0x4D,0x6B,0x10,0x84,0x6D,0x6B,
    0xCF,0x7B,0x8D,0x6B,0x0B,0x5B,0x6D,0x6B,0x6D,0x6B,0x8D,0x6B,0xAE,0x73,0xEF,0x7B,
    0x8E,0x73,0x0F,0x7C,0x8D,0x6B,0xCF,0x7B,0xAE,0x73,0x8E,0x73,0x6D,0x6B,0x8E,0x73,
    0x8D,0x6B,0x6D,0x6B,0xCF,0x7B,0xAE,0x73,0xAE,0x73,0xCF,0x7B,0x30,0x84,0x2C,0x63,
    0xCA,0x52,0x50,0x84,0x8D,0x6B,0x2C,0x63,0x8D,0x6B,0x4C,0x63,0x4D,0x6B,0xEF,0x7B,
    0x8D,0x6B,0x4D,0x6B,0xCE,0x73,0x50,0x84,0x6D,0x6B,0xEB,0x5A,0x0B,0x5B,0x0C,0x63,
    0x2C,0x63,0x2C,0x63,0xAE,0x73,0xCF,0x7B,0x8D,0x6B,0xCF,0x7B,0x8E,0x73,0x10,0x84,
    0x10,0x84,0x4C,0x63,0x2C,0x63,0x2C,0x63,0x4C,0x63,0xCA,0x52,0x69,0x4A,0x69,0x4A,
    0x69,0x4A,0xAA,0x52,0x69,0x4A,0x29,0x4A,0x08,0x42,0x28,0x42,0x48,0x42,0x08,0x42,
    0x08,0x42,0x28,0x42,0x28,0x42,0x08,0x42,0xE7,0x39,0xC6,0x31,0xC7,0x39,0xC6,0x31,
    0xC6,0x31,0xA6,0x31,0x07,0x3A,0xC7,0x39,0xA6,0x31,0x65,0x29,0x65,0x29,0x65,0x29,
    0x24,0x21,0x24,0x21,0x65,0x29,0x85,0x29,0x45,0x29,0x65,0x29,0x45,0x29,0x65,0x29,
    0xC2,0x10,0x00,0x00,0x00,0x00,0x00,0x00,0x00,0x00,0x00,0x00,0x00,0x00,0x00,0x00,
    0x00,0x00,0x00,0x00,0x00,0x00,0x00,0x00,0x00,0x00,0x00,0x00,0x00,0x00,0x41,0x08,
    0x89,0x4A,0xEB,0x5A,0xCA,0x52,0xCA,0x52,0xEB,0x5A,0x2C,0x63,0x4C,0x63,0x4D,0x6B,
    0x0C,0x63,0x4D,0x6B,0x2C,0x63,0x0C,0x63,0x4D,0x6B,0x8D,0x6B,0x8D,0x6B,0x4C,0x63,
    0x4C,0x63,0x2C,0x63,0x8D,0x6B,0xEF,0x7B,0xEF,0x7B,0x4D,0x6B,0x51,0x8C,0xEF,0x7B,
    0xCF,0x7B,0xCF,0x7B,0xAE,0x73,0x8E,0x73,0x2C,0x63,0x8D,0x6B,0x8D,0x6B,0xEF,0x7B,
    0xCE,0x73,0x6C,0x63,0x6D,0x6B,0xCE,0x73,0xEF,0x7B,0x10,0x84,0xAE,0x73,0x0B,0x5B,
    0x6D,0x6B,0x10,0x84,0x8E,0x73,0x6D,0x6B,0x6D,0x6B,0x0F,0x7C,0x6D,0x6B,0x2C,0x63,
    0x4D,0x6B,0x8E,0x73,0xAE,0x73,0xEF,0x7B,0xCF,0x7B,0xEB,0x5A,0x8D,0x6B,0x8D,0x6B,
    0x4C,0x63,0x6D,0x6B,0xCE,0x73,0x51,0x8C,0xCF,0x7B,0xAE,0x73,0xCF,0x7B,0xEF,0x7B,
    0x0C,0x63,0xEB,0x5A,0x69,0x4A,0x69,0x4A,0xEB,0x5A,0xEB,0x5A,0x8A,0x52,0xAA,0x52,
    0x49,0x4A,0x28,0x42,0x28,0x42,0x28,0x42,0x48,0x42,0x28,0x42,0x28,0x42,0x28,0x42,
    0xA6,0x31,0x07,0x3A,0x28,0x42,0x08,0x42,0xE7,0x39,0xC7,0x39,0xC7,0x39,0xA6,0x31,
    0x86,0x31,0x86,0x31,0xA6,0x31,0xE7,0x39,0xA6,0x31,0x65,0x29,0x65,0x29,0x65,0x29,
    0x24,0x21,0x45,0x29,0x65,0x29,0x65,0x29,0x45,0x29,0x65,0x29,0x45,0x29,0x44,0x21,
    0x82,0x10,0x00,0x00,0x00,0x00,0x00,0x00,0x00,0x00,0x00,0x00,0x00,0x00,0x00,0x00,
    0x00,0x00,0x00,0x00,0x00,0x00,0x00,0x00,0x00,0x00,0x00,0x00,0x00,0x00,0x00,0x00,
    0x28,0x42,0x0B,0x5B,0xAA,0x52,0x2C,0x63,0x0C,0x63,0xAA,0x52,0x2C,0x63,0x6D,0x6B,
    0xCB,0x5A,0x8E,0x73,0x6D,0x6B,0x0B,0x5B,0x0B,0x5B,0xAE,0x73,0xCF,0x7B,0x0B,0x5B,
    0x89,0x4A,0x8E,0x73,0xEF,0x7B,0xAE,0x73,0xAE,0x73,0x4D,0x6B,0x10,0x84,0x6D,0x6B,
    0xCE,0x73,0xCF,0x7B,0x51,0x8C,0x6D,0x6B,0xAA,0x52,0xAE,0x73,0x2B,0x5B,0xCF,0x7B,
    0x71,0x8C,0xAE,0x73,0xCE,0x73,0xCE,0x73,0xEF,0x7B,0x0F,0x7C,0x8E,0x73,0xAE,0x73,
    0xCF,0x7B,0x10,0x84,0x2C,0x63,0x4C,0x63,0x8D,0x6B,0x30,0x84,0x0F,0x7C,0x6D,0x6B,
    0x8E,0x73,0xCF,0x7B,0x6D,0x6B,0x8E,0x73,0x4D,0x6B,0x4C,0x63,0xEB,0x5A,0xAE,0x73,
    0xAE,0x73,0xEF,0x7B,0xEF,0x7B,0x30,0x84,0xEF,0x7B,0x8D,0x6B,0x0F,0x7C,0x6D,0x6B,
    0xAA,0x52,0xAA,0x52,0x28,0x42,0x69,0x4A,0x6A,0x52,0xCB,0x5A,0xCA,0x52,0xAA,0x52,
    0x49,0x4A,0xE7,0x39,0x08,0x42,0x28,0x42,0x28,0x42,0x28,0x42,0x28,0x42,0x69,0x4A,
    0x07,0x3A,0xE7,0x39,0xE7,0x39,0x28,0x42,0x08,0x42,0xE7,0x39,0xA6,0x31,0x86,0x31,
    0xA6,0x31,0x65,0x29,0xA6,0x31,0xA6,0x31,0x65,0x29,0x85,0x29,0x45,0x29,0x65,0x29,
    0x45,0x29,0x65,0x29,0x45,0x29,0x44,0x21,0x45,0x29,0x65,0x29,0x45,0x29,0x24,0x21,
    0x40,0x00,0x00,0x00,0x00,0x00,0x00,0x00,0x00,0x00,0x00,0x00,0x00,0x00,0x00,0x00,
    0x00,0x00,0x00,0x00,0x00,0x00,0x00,0x00,0x00,0x00,0x00,0x00,0x00,0x00,0x00,0x00,
    0xA6,0x31,0xAA,0x52,0xAA,0x52,0xCB,0x5A,0xEB,0x5A,0xAA,0x52,0x0B,0x5B,0x4C,0x63,
    0xAE,0x73,0x6D,0x6B,0x4C,0x63,0x2C,0x63,0x0C,0x63,0x8D,0x6B,0xAE,0x73,0xAE,0x73,
    0xEB,0x5A,0x6D,0x6B,0x6D,0x6B,0x2C,0x63,0x8E,0x73,0x71,0x8C,0x10,0x84,0x6C,0x63,
    0x0B,0x5B,0xCF,0x7B,0x30,0x84,0x8E,0x73,0x6D,0x6B,0xAE,0x73,0x6D,0x6B,0xCE,0x73,
    0x6D,0x6B,0x4D,0x6B,0x8E,0x73,0x6D,0x6B,0x10,0x84,0x8E,0x73,0xCF,0x7B,0x2C,0x63,
    0xAE,0x73,0xAE,0x73,0xCF,0x7B,0x6D,0x6B,0x6D,0x6B,0x2C,0x63,0xCE,0x73,0xAE,0x73,
    0x6D,0x6B,0x51,0x8C,0x0B,0x5B,0x8D,0x6B,0x4D,0x6B,0x0B,0x5B,0x0C,0x63,0xCB,0x5A,
    0x6D,0x6B,0x8D,0x6B,0x4C,0x63,0xAE,0x73,0xAE,0x73,0x6D,0x6B,0x4D,0x6B,0xEB,0x5A,
    0xCA,0x52,0xCB,0x5A,0x49,0x4A,0x8A,0x52,0xAA,0x52,0xAA,0x52,0xAA,0x52,0x49,0x4A,
    0x49,0x4A,0x49,0x4A,0x49,0x4A,0x49,0x4A,0x07,0x3A,0x28,0x42,0x28,0x42,0x28,0x42,
    0x48,0x42,0x07,0x3A,0xA6,0x31,0x28,0x42,0x07,0x3A,0xE7,0x39,0xE7,0x39,0xC7,0x39,
    0x85,0x29,0xA6,0x31,0xA6,0x31,0x85,0x29,0x65,0x29,0x45,0x29,0x45,0x29,0x65,0x29,
    0x65,0x29,0x44,0x21,0x65,0x29,0x44,0x21,0x85,0x29,0x45,0x29,0x44,0x21,0x04,0x21,
    0x00,0x00,0x00,0x00,0x00,0x00,0x00,0x00,0x00,0x00,0x00,0x00,0x00,0x00,0x00,0x00,
    0x00,0x00,0x00,0x00,0x00,0x00,0x00,0x00,0x00,0x00,0x00,0x00,0x00,0x00,0x00,0x00,
    0x24,0x21,0xCA,0x52,0xAA,0x52,0xCA,0x52,0x2C,0x63,0xEB,0x5A,0x0C,0x63,0x2C,0x63,
    0x8E,0x73,0x6D,0x6B,0xAE,0x73,0x8E,0x73,0x8E,0x73,0x6D,0x6B,0xCF,0x7B,0x2C,0x63,
    0x8A,0x52,0x6D,0x6B,0x0F,0x7C,0xAE,0x73,0x6D,0x6B,0x6D,0x6B,0x8E,0x73,0x0B,0x5B,
    0xCE,0x73,0x8D,0x6B,0x30,0x84,0xEF,0x7B,0x8E,0x73,0xCE,0x73,0x4C,0x63,0x4C,0x63,
    0xAE,0x73,0x4C,0x63,0x6D,0x6B,0x6D,0x6B,0xCF,0x7B,0x8D,0x6B,0xAE,0x73,0x8E,0x73,
    0xEF,0x7B,0x6D,0x6B,0x8D,0x6B,0x6D,0x6B,0x2C,0x63,0xAE,0x73,0xCF,0x7B,0x0C,0x63,
    0x2C,0x63,0x6D,0x6B,0x2C,0x63,0xCB,0x5A,0x0B,0x5B,0xAE,0x73,0xEF,0x7B,0xAA,0x52,
    0x8A,0x52,0x6D,0x6B,0x8E,0x73,0xCE,0x73,0x8D,0x6B,0x2C,0x63,0xCA,0x52,0x69,0x4A,
    0xAA,0x52,0x89,0x4A,0xCB,0x5A,0x69,0x4A,0x28,0x42,0x28,0x42,0x69,0x4A,0x48,0x42,
    0x69,0x4A,0x48,0x42,0x28,0x42,0x07,0x3A,0x07,0x3A,0x28,0x42,0x28,0x42,0x28,0x42,
    0x08,0x42,0xE7,0x39,0xE7,0x39,0xE7,0x39,0xE7,0x39,0xE7,0x39,0xC6,0x31,0xA6,0x31,
    0xA6,0x31,0xA6,0x31,0xA6,0x31,0x65,0x29,0x45,0x29,0x24,0x21,0x44,0x21,0x45,0x29,
    0x45,0x29,0x44,0x21,0x44,0x21,0x44,0x21,0x65,0x29,0x24,0x21,0x44,0x21,0xE3,0x18,
    0x00,0x00,0x00,0x00,0x00,0x00,0x00,0x00,0x00,0x00,0x00,0x00,0x00,0x00,0x00,0x00,
    0x00,0x00,0x00,0x00,0x00,0x00,0x00,0x00,0x00,0x00,0x00,0x00,0x00,0x00,0x00,0x00,
    0x81,0x08,0xAA,0x52,0xEB,0x5A,0xCB,0x5A,0x0C,0x63,0x0B,0x5B,0xEB,0x5A,0x0B,0x5B,
    0x2C,0x63,0x4D,0x6B,0x8E,0x73,0x6D,0x6B,0x8D,0x6B,0x4C,0x63,0xAE,0x73,0x4D,0x6B,
    0xAA,0x52,0xCF,0x7B,0xCF,0x7B,0x8E,0x73,0x8D,0x6B,0xCE,0x73,0xAE,0x73,0x4D,0x6B,
    0xEF,0x7B,0x6D,0x6B,0xAE,0x73,0xCB,0x5A,0x8D,0x6B,0xEF,0x7B,0xEE,0x73,0x8E,0x73,
    0x6D,0x6B,0x6D,0x6B,0xCE,0x73,0xAE,0x73,0xCF,0x7B,0xAE,0x73,0x2C,0x63,0x4C,0x63,
    0x0F,0x7C,0x4C,0x63,0xCE,0x73,0x0C,0x63,0x0C,0x63,0x8E,0x73,0xAE,0x73,0xEB,0x5A,
    0x4C,0x63,0xCE,0x73,0xAE,0x73,0xCB,0x5A,0x8A,0x52,0xAE,0x73,0x4D,0x6B,0x0C,0x63,
    0x2C,0x63,0x2C,0x63,0x30,0x84,0xAE,0x73,0xCA,0x52,0x0C,0x63,0xEB,0x5A,0x69,0x4A,
    0x89,0x4A,0x8A,0x52,0x89,0x4A,0x49,0x4A,0x08,0x42,0x28,0x42,0x48,0x42,0x49,0x4A,
    0x28,0x42,0x28,0x42,0x07,0x3A,0x28,0x42,0x08,0x42,0xE7,0x39,0x28,0x42,0x07,0x3A,
    0xE7,0x39,0xE7,0x39,0xE7,0x39,0xC6,0x31,0xC6,0x31,0xC7,0x39,0xA7,0x39,0xA6,0x31,
    0xA6,0x31,0x86,0x31,0xA6,0x31,0x45,0x29,0x24,0x21,0x44,0x21,0x44,0x21,0x65,0x29,
    0x45,0x29,0x24,0x21,0x24,0x21,0x24,0x21,0x24,0x21,0x03,0x19,0x24,0x21,0xA2,0x10,
    0x00,0x00,0x00,0x00,0x00,0x00,0x00,0x00,0x00,0x00,0x00,0x00,0x00,0x00,0x00,0x00,
    0x00,0x00,0x00,0x00,0x00,0x00,0x00,0x00,0x00,0x00,0x00,0x00,0x00,0x00,0x00,0x00,
    0x00,0x00,0x07,0x3A,0xEB,0x5A,0xCA,0x52,0x2C,0x63,0x0B,0x5B,0xAA,0x52,0xCB,0x5A,
    0x2C,0x63,0x0C,0x63,0x6D,0x6B,0x8D,0x6B,0xCA,0x52,0x0B,0x5B,0x2C,0x63,0x8D,0x6B,
    0xCF,0x7B,0x8D,0x6B,0x8E,0x73,0xEB,0x5A,0x4C,0x63,0xCF,0x7B,0xCF,0x7B,0xAE,0x73,
    0x6D,0x6B,0xAE,0x73,0x8E,0x73,0x4D,0x6B,0xEF,0x7B,0x8D,0x6B,0x4C,0x63,0x8E,0x73,
    0x8E,0x73,0x0F,0x7C,0x8E,0x73,0xAE,0x73,0xEF,0x7B,0x30,0x84,0x4C,0x63,0xAE,0x73,
    0x30,0x84,0x8D,0x6B,0x10,0x84,0x0C,0x63,0xCA,0x52,0xEB,0x5A,0x8A,0x52,0xCE,0x73,
    0xCE,0x73,0x4C,0x63,0x6D,0x6B,0xCF,0x7B,0xEB,0x5A,0xAA,0x52,0x0B,0x5B,0x4C,0x63,
    0x2C,0x63,0x2C,0x63,0x30,0x84,0xCF,0x7B,0x0B,0x5B,0x0C,0x63,0x0C,0x63,0xEB,0x5A,
    0x89,0x4A,0x69,0x4A,0x89,0x4A,0x8A,0x52,0x28,0x42,0x28,0x42,0x49,0x4A,0x28,0x42,
    0x08,0x42,0x08,0x42,0xE7,0x39,0x07,0x3A,0x48,0x42,0x08,0x42,0x07,0x3A,0x28,0x42,
    0x28,0x42,0x08,0x42,0x07,0x3A,0xE7,0x39,0xC7,0x39,0xA6,0x31,0xA6,0x31,0xA6,0x31,
    0x86,0x31,0xA6,0x31,0x65,0x29,0x24,0x21,0x24,0x21,0x44,0x21,0x65,0x29,0x24,0x21,
    0x44,0x21,0x24,0x21,0x24,0x21,0x24,0x21,0x24,0x21,0x03,0x19,0x24,0x21,0x41,0x08,
    0x00,0x00,0x00,0x00,0x00,0x00,0x00,0x00,0x00,0x00,0x00,0x00,0x00,0x00,0x00,0x00,
    0x00,0x00,0x00,0x00,0x00,0x00,0x00,0x00,0x00,0x00,0x00,0x00,0x00,0x00,0x00,0x00,
    0x00,0x00,0x65,0x29,0x89,0x4A,0xAA,0x52,0x0B,0x5B,0xAA,0x52,0xEB,0x5A,0x69,0x4A,
    0xCA,0x52,0x6D,0x6B,0x4D,0x6B,0x8E,0x73,0xCB,0x5A,0xCA,0x52,0xAF,0x7B,0x8A,0x52,
    0xCB,0x5A,0x2C,0x63,0x2C,0x63,0x8D,0x6B,0xAA,0x52,0x4D,0x6B,0x8E,0x73,0xCE,0x73,
    0xAA,0x52,0x4D,0x6B,0xAE,0x73,0xCF,0x7B,0xCF,0x7B,0x8D,0x6B,0x6D,0x6B,0x2C,0x63,
    0x6D,0x6B,0xAE,0x73,0x51,0x8C,0xAE,0x73,0x8D,0x6B,0x6D,0x6B,0xCE,0x73,0x0B,0x5B,
    0xAE,0x73,0x6D,0x6B,0xEF,0x7B,0xCF,0x7B,0x2C,0x63,0xCB,0x5A,0x69,0x4A,0x6D,0x6B,
    0x6D,0x6B,0xCA,0x52,0x6D,0x6B,0x4C,0x63,0xCA,0x52,0x8D,0x6B,0x4D,0x6B,0x2C,0x63,
    0xAA,0x52,0xEB,0x5A,0xEF,0x7B,0x4D,0x6B,0xCB,0x5A,0xEA,0x52,0xEB,0x5A,0x0C,0x63,
    0x8A,0x52,0x69,0x4A,0x48,0x42,0x48,0x42,0x48,0x42,0x49,0x4A,0x07,0x3A,0xE7,0x39,
    0xE7,0x39,0xE7,0x39,0xE7,0x39,0xC7,0x39,0xE7,0x39,0x08,0x42,0x28,0x42,0x07,0x3A,
    0x08,0x42,0xE7,0x39,0xE7,0x39,0xC7,0x39,0xC6,0x31,0xA6,0x31,0x86,0x31,0x85,0x29,
    0xA6,0x31,0xA6,0x31,0x65,0x29,0x24,0x21,0x24,0x21,0x44,0x21,0x45,0x29,0x24,0x21,
    0x24,0x21,0x24,0x21,0x03,0x19,0x24,0x21,0x24,0x21,0xE3,0x18,0xE3,0x18,0x00,0x00,
    0x00,0x00,0x00,0x00,0x00,0x00,0x00,0x00,0x00,0x00,0x00,0x00,0x00,0x00,0x00,0x00,
    0x00,0x00,0x00,0x00,0x00,0x00,0x00,0x00,0x00,0x00,0x00,0x00,0x00,0x00,0x00,0x00,
    0x00,0x00,0xC3,0x18,0x8A,0x52,0xAA,0x52,0xAA,0x52,0xCA,0x52,0xEB,0x5A,0x0B,0x5B,
    0x89,0x4A,0x6D,0x6B,0x2C,0x63,0xCB,0x5A,0x0B,0x5B,0x0C,0x63,0xEF,0x7B,0x4D,0x6B,
    0x08,0x42,0xEB,0x5A,0x8E,0x73,0x6D,0x6B,0x0B,0x5B,0x69,0x4A,0x4D,0x6B,0x4D,0x6B,
    0xEB,0x5A,0xEB,0x5A,0x2C,0x63,0x8E,0x73,0xEF,0x7B,0x8E,0x73,0x0B,0x5B,0x6D,0x6B,
    0xCF,0x7B,0x6D,0x6B,0x6D,0x6B,0xAE,0x73,0xCE,0x73,0x6D,0x6B,0x4C,0x63,0xEB,0x5A,
    0x4D,0x6B,0x8D,0x6B,0xAE,0x73,0xCF,0x7B,0x8E,0x73,0x6D,0x6B,0x0B,0x5B,0xCA,0x52,
    0x8E,0x73,0x8D,0x6B,0x2C,0x63,0x8E,0x73,0xCE,0x73,0x50,0x84,0x0C,0x63,0xCB,0x5A,
    0xEB,0x5A,0xEB,0x5A,0xCE,0x73,0x0B,0x5B,0xAA,0x52,0xAA,0x52,0xAA,0x52,0xAA,0x52,
    0xCA,0x52,0x89,0x4A,0x69,0x4A,0x28,0x42,0x69,0x4A,0x89,0x4A,0x28,0x42,0xE7,0x39,
    0xE7,0x39,0xC6,0x31,0xC7,0x39,0xE7,0x39,0xE7,0x39,0xE7,0x39,0x07,0x3A,0xE7,0x39,
    0xE7,0x39,0xE7,0x39,0xC7,0x39,0xA6,0x31,0xA6,0x31,0xA6,0x31,0xA6,0x31,0xA6,0x31,
    0xA6,0x31,0x65,0x29,0x65,0x29,0x44,0x21,0x45,0x29,0x45,0x29,0x24,0x21,0x24,0x21,
    0x44,0x21,0x24,0x21,0x24,0x21,0x24,0x21,0x04,0x21,0xE3,0x18,0xA2,0x10,0x00,0x00,
    0x00,0x00,0x00,0x00,0x00,0x00,0x00,0x00,0x00,0x00,0x00,0x00,0x00,0x00,0x00,0x00,
    0x00,0x00,0x00,0x00,0x00,0x00,0x00,0x00,0x00,0x00,0x00,0x00,0x00,0x00,0x00,0x00,
    0x00,0x00,0x20,0x00,0x28,0x42,0xCB,0x5A,0xCA,0x52,0xCA,0x52,0xCA,0x52,0x2C,0x63,
    0xAA,0x52,0x2C,0x63,0x0C,0x63,0xAA,0x52,0x6D,0x6B,0x0C,0x63,0x2C,0x63,0x8D,0x6B,
    0x69,0x4A,0x4D,0x6B,0xAE,0x73,0xAE,0x73,0x4D,0x6B,0x28,0x42,0x0B,0x5B,0x2C,0x63,
    0x0C,0x63,0x4C,0x63,0x4C,0x63,0x2C,0x63,0x0C,0x63,0x0C,0x63,0xCA,0x52,0x2C,0x63,
    0xAE,0x73,0x10,0x84,0xAA,0x52,0xEB,0x5A,0x10,0x84,0xCF,0x7B,0x0B,0x5B,0xEB,0x5A,
    0x8D,0x6B,0x8E,0x73,0x6D,0x6B,0x6D,0x6B,0xCE,0x73,0x6D,0x6B,0x4C,0x63,0xEB,0x5A,
    0x6D,0x6B,0x6D,0x6B,0x4D,0x6B,0x2C,0x63,0x51,0x8C,0xCF,0x7B,0x6D,0x6B,0xCA,0x52,
    0x0B,0x5B,0x8E,0x73,0x6D,0x6B,0xEB,0x5A,0xCA,0x52,0xAA,0x52,0x8A,0x52,0xCB,0x5A,
    0xAA,0x52,0x69,0x4A,0x49,0x4A,0x08,0x42,0x89,0x4A,0xAA,0x52,0x49,0x4A,0x08,0x42,
    0xE7,0x39,0xC7,0x39,0xC6,0x31,0xE7,0x39,0xE7,0x39,0xE7,0x39,0xE7,0x39,0xE7,0x39,
    0xE7,0x39,0xE7,0x39,0xC7,0x39,0xA6,0x31,0x86,0x31,0xA6,0x31,0x86,0x31,0x86,0x31,
    0x86,0x31,0x45,0x29,0x24,0x21,0x24,0x21,0x24,0x21,0x44,0x21,0x24,0x21,0x24,0x21,
    0x24,0x21,0x44,0x21,0x24,0x21,0x24,0x21,0xE3,0x18,0xE3,0x18,0x41,0x08,0x00,0x00,
    0x00,0x00,0x00,0x00,0x00,0x00,0x00,0x00,0x00,0x00,0x00,0x00,0x00,0x00,0x00,0x00,
    0x00,0x00,0x00,0x00,0x00,0x00,0x00,0x00,0x00,0x00,0x00,0x00,0x00,0x00,0x00,0x00,
    0x00,0x00,0x00,0x00,0x65,0x29,0xAA,0x52,0xAA,0x52,0xEB,0x5A,0x69,0x4A,0xEB,0x5A,
    0xAA,0x52,0xCB,0x5A,0x0B,0x5B,0xEB,0x5A,0xEB,0x5A,0xEB,0x5A,0x0B,0x5B,0xAA,0x52,
    0xCB,0x5A,0xCE,0x73,0xAE,0x73,0x6D,0x6B,0xEB,0x5A,0x89,0x4A,0x4D,0x6B,0x8D,0x6B,
    0x2C,0x63,0xEB,0x5A,0xCE,0x73,0xEB,0x5A,0x69,0x4A,0x2C,0x63,0x8D,0x6B,0x69,0x4A,
    0x4C,0x63,0x2C,0x63,0xEB,0x5A,0x4C,0x63,0x2C,0x63,0x8E,0x73,0x0B,0x5B,0x6D,0x6B,
    0xCE,0x73,0xAE,0x73,0xAE,0x73,0x0B,0x5B,0x4D,0x6B,0x6D,0x6B,0x2C,0x63,0xEC,0x62,
    0x0C,0x63,0xCB,0x5A,0x89,0x4A,0x4C,0x63,0x0C,0x63,0xEB,0x5A,0x0C,0x63,0x8E,0x73,
    0xEB,0x5A,0x6D,0x6B,0x2C,0x63,0xCA,0x52,0xAA,0x52,0xAA,0x52,0x8A,0x52,0x69,0x4A,
    0x69,0x4A,0x48,0x42,0x69,0x4A,0x49,0x4A,0x49,0x4A,0x69,0x4A,0x28,0x42,0x08,0x42,
    0x07,0x3A,0xE7,0x39,0xC7,0x39,0xE7,0x39,0xC7,0x39,0xC7,0x39,0xC7,0x39,0xC7,0x39,
    0xE7,0x39,0xE7,0x39,0xC6,0x31,0xC7,0x39,0xA6,0x31,0xA6,0x31,0x65,0x29,0x45,0x29,
    0x45,0x29,0x24,0x21,0x03,0x19,0x24,0x21,0x24,0x21,0x04,0x21,0x24,0x21,0x24,0x21,
    0x24,0x21,0x03,0x19,0x03,0x19,0x24,0x21,0xE3,0x18,0xE3,0x18,0x00,0x00,0x00,0x00,
    0x00,0x00,0x00,0x00,0x00,0x00,0x00,0x00,0x00,0x00,0x00,0x00,0x00,0x00,0x00,0x00,
    0x00,0x00,0x00,0x00,0x00,0x00,0x00,0x00,0x00,0x00,0x00,0x00,0x00,0x00,0x00,0x00,
    0x00,0x00,0x00,0x00,0x82,0x10,0x69,0x4A,0x8A,0x52,0xCB,0x5A,0xCA,0x52,0xAA,0x52,
    0xCA,0x52,0xAA,0x52,0x0C,0x63,0xCA,0x52,0xEB,0x5A,0x0B,0x5B,0x0C,0x63,0x2C,0x63,
    0xEB,0x5A,0x6D,0x6B,0xAE,0x73,0x4C,0x63,0xCA,0x52,0xAA,0x52,0x4D,0x6B,0x0B,0x5B,
    0xEB,0x5A,0x0C,0x63,0x0B,0x5B,0xEB,0x5A,0x2C,0x63,0x4C,0x63,0x6D,0x6B,0x28,0x42,
    0x2C,0x63,0x8D,0x6B,0x0C,0x63,0xEF,0x7B,0xAA,0x52,0xEB,0x5A,0xEB,0x5A,0xCB,0x5A,
    0xEF,0x7B,0x2C,0x63,0x4D,0x6B,0x0C,0x63,0xCA,0x52,0x4C,0x63,0x4C,0x63,0x0C,0x63,
    0x4D,0x6B,0x0C,0x63,0x69,0x4A,0x2C,0x63,0x4C,0x63,0xEB,0x5A,0xAA,0x52,0x2C,0x63,
    0x0C,0x63,0x2C,0x63,0x0B,0x5B,0xAA,0x52,0xCB,0x5A,0x0B,0x5B,0x69,0x4A,0x89,0x4A,
    0x69,0x4A,0x49,0x4A,0x89,0x4A,0x49,0x4A,0x49,0x4A,0x28,0x42,0x69,0x4A,0xE7,0x39,
    0x08,0x42,0xE7,0x39,0xE7,0x39,0xC7,0x39,0xC7,0x39,0xC6,0x31,0xE7,0x39,0xE7,0x39,
    0xE7,0x39,0xE7,0x39,0xC7,0x39,0xC7,0x39,0xA6,0x31,0x86,0x31,0x45,0x29,0x24,0x21,
    0x24,0x21,0xE3,0x18,0xE3,0x18,0x24,0x21,0x03,0x19,0x24,0x21,0x45,0x29,0x24,0x21,
    0x03,0x19,0x04,0x21,0x24,0x21,0x03,0x19,0xE3,0x18,0x82,0x10,0x00,0x00,0x00,0x00,
    0x00,0x00,0x00,0x00,0x00,0x00,0x00,0x00,0x00,0x00,0x00,0x00,0x00,0x00,0x00,0x00,
    0x00,0x00,0x00,0x00,0x00,0x00,0x00,0x00,0x00,0x00,0x00,0x00,0x00,0x00,0x00,0x00,
    0x00,0x00,0x00,0x00,0x00,0x00,0xC7,0x39,0x69,0x4A,0x89,0x4A,0xAA,0x52,0xEB,0x5A,
    0xAA,0x52,0xAA,0x52,0x0B,0x5B,0xEB,0x5A,0x0B,0x5B,0x4D,0x6B,0x8A,0x52,0xCA,0x52,
    0xAA,0x52,0x2C,0x63,0x4D,0x6B,0x6D,0x6B,0x2C,0x63,0x0C,0x63,0xEB,0x5A,0x2C,0x63,
    0x69,0x4A,0x0B,0x5B,0x8A,0x52,0x6D,0x6B,0x0C,0x63,0xAA,0x52,0x0C,0x63,0x89,0x4A,
    0x4C,0x63,0x2C,0x63,0x2C,0x63,0x2B,0x5B,0x0B,0x5B,0x6D,0x6B,0x6D,0x6B,0xAA,0x52,
    0xCA,0x52,0x0B,0x5B,0xAE,0x73,0xAE,0x73,0x0B,0x5B,0x6D,0x6B,0xEF,0x7B,0xEF,0x7B,
    0xEB,0x5A,0x0B,0x5B,0xAA,0x52,0x0C,0x63,0x6D,0x6B,0xCA,0x52,0x8A,0x52,0xCA,0x52,
    0x0C,0x63,0xCB,0x5A,0xCB,0x5A,0xAA,0x52,0x69,0x4A,0xCA,0x52,0xAA,0x52,0x89,0x4A,
    0x69,0x4A,0x07,0x3A,0x28,0x42,0x49,0x4A,0x08,0x42,0x08,0x42,0x28,0x42,0x08,0x42,
    0xE7,0x39,0x08,0x42,0xC7,0x39,0xC6,0x31,0xC7,0x39,0x07,0x3A,0x08,0x42,0xC6,0x31,
    0x85,0x29,0xA6,0x31,0xA6,0x31,0xE7,0x39,0xC6,0x31,0x65,0x29,0x24,0x21,0x24,0x21,
    0x03,0x19,0x03,0x19,0x04,0x21,0xE3,0x18,0x03,0x19,0x45,0x29,0x04,0x21,0x24,0x21,
    0x24,0x21,0x04,0x21,0x24,0x21,0xE3,0x18,0xE3,0x18,0x20,0x00,0x00,0x00,0x00,0x00,
    0x00,0x00,0x00,0x00,0x00,0x00,0x00,0x00,0x00,0x00,0x00,0x00,0x00,0x00,0x00,0x00,
    0x00,0x00,0x00,0x00,0x00,0x00,0x00,0x00,0x00,0x00,0x00,0x00,0x00,0x00,0x00,0x00,
    0x00,0x00,0x00,0x00,0x00,0x00,0xC3,0x18,0x69,0x4A,0x89,0x4A,0x8A,0x52,0x69,0x4A,
    0xCA,0x52,0xAA,0x52,0xCB,0x5A,0x2C,0x63,0x2C,0x63,0x6D,0x6B,0x2C,0x63,0x0B,0x5B,
    0xCA,0x52,0x2C,0x63,0x6D,0x6B,0x8E,0x73,0xEB,0x5A,0x2C,0x63,0x0C,0x63,0x2C,0x63,
    0x2C,0x63,0x0C,0x63,0x2C,0x63,0x2C,0x63,0x2C,0x63,0x2C,0x63,0x6D,0x6B,0xAA,0x52,
    0x2C,0x63,0xCB,0x5A,0x4D,0x6B,0x0C,0x63,0x2C,0x63,0x0B,0x5B,0x2C,0x63,0x8E,0x73,
    0x8A,0x52,0x2C,0x63,0x6D,0x6B,0x4D,0x6B,0x2C,0x63,0xCE,0x73,0xAE,0x73,0xAE,0x73,
    0xCA,0x52,0x0B,0x5B,0x89,0x4A,0xAA,0x52,0x2C,0x63,0x0B,0x5B,0x8A,0x52,0x0C,0x63,
    0x0B,0x5B,0xEB,0x5A,0xAA,0x52,0x8A,0x52,0x69,0x4A,0x28,0x42,0x48,0x42,0xAA,0x52,
    0x28,0x42,0x28,0x42,0x48,0x42,0x69,0x4A,0x28,0x42,0xC7,0x39,0xE7,0x39,0x08,0x42,
    0x07,0x3A,0x08,0x42,0xE7,0x39,0xC6,0x31,0xC6,0x31,0xE7,0x39,0xC7,0x39,0x85,0x29,
    0x65,0x29,0x85,0x29,0xA6,0x31,0xA6,0x31,0x86,0x31,0x44,0x21,0x04,0x21,0x03,0x19,
    0x03,0x19,0x24,0x21,0x04,0x21,0x03,0x19,0x24,0x21,0x04,0x21,0x03,0x19,0x24,0x21,
    0x24,0x21,0x03,0x19,0x03,0x19,0x03,0x19,0xC3,0x18,0x00,0x00,0x00,0x00,0x00,0x00,
    0x00,0x00,0x00,0x00,0x00,0x00,0x00,0x00,0x00,0x00,0x00,0x00,0x00,0x00,0x00,0x00,
    0x00,0x00,0x00,0x00,0x00,0x00,0x00,0x00,0x00,0x00,0x00,0x00,0x00,0x00,0x00,0x00,
    0x00,0x00,0x00,0x00,0x00,0x00,0x20,0x00,0x07,0x3A,0x69,0x4A,0x69,0x4A,0x69,0x4A,
    0x8A,0x52,0x69,0x4A,0xCA,0x52,0x0B,0x5B,0x2C,0x63,0x0C,0x63,0x0B,0x5B,0x0C,0x63,
    0x2C,0x63,0x6D,0x6B,0x2C,0x63,0x2C,0x63,0x0B,0x5B,0x2C,0x63,0x2C,0x63,0x4C,0x63,
    0x2C,0x63,0xAE,0x73,0xCA,0x52,0x0B,0x5B,0xCF,0x7B,0xAE,0x73,0x6D,0x6B,0x2C,0x63,
    0x8D,0x6B,0x8D,0x6B,0x89,0x4A,0x2C,0x63,0x6D,0x6B,0xAA,0x52,0x2C,0x63,0x4C,0x63,
    0xCB,0x5A,0x0C,0x63,0x8D,0x6B,0x0B,0x5B,0x0C,0x63,0x8E,0x73,0x0C,0x63,0x2C,0x63,
    0x0C,0x63,0xEB,0x5A,0xCA,0x52,0xCB,0x5A,0xAA,0x52,0xCA,0x52,0x8A,0x52,0xEB,0x5A,
    0xEB,0x5A,0xAA,0x52,0x69,0x4A,0x69,0x4A,0x28,0x42,0x08,0x42,0x07,0x3A,0xCA,0x52,
    0xAA,0x52,0x28,0x42,0x08,0x42,0x28,0x42,0x28,0x42,0xE7,0x39,0xC6,0x31,0xE7,0x39,
    0xE7,0x39,0xE7,0x39,0x08,0x42,0x08,0x42,0xE7,0x39,0xC7,0x39,0x65,0x29,0xA6,0x31,
    0xA6,0x31,0x65,0x29,0x85,0x29,0x86,0x31,0x45,0x29,0x45,0x29,0x24,0x21,0x24,0x21,
    0x24,0x21,0x04,0x21,0x03,0x19,0x03,0x19,0x24,0x21,0x04,0x21,0x44,0x21,0x23,0x19,
    0x04,0x21,0x04,0x21,0x03,0x19,0x24,0x21,0x41,0x08,0x00,0x00,0x00,0x00,0x00,0x00,
    0x00,0x00,0x00,0x00,0x00,0x00,0x00,0x00,0x00,0x00,0x00,0x00,0x00,0x00,0x00,0x00,
    0x00,0x00,0x00,0x00,0x00,0x00,0x00,0x00,0x00,0x00,0x00,0x00,0x00,0x00,0x00,0x00,
    0x00,0x00,0x00,0x00,0x00,0x00,0x00,0x00,0xE3,0x18,0x69,0x4A,0x28,0x42,0x89,0x4A,
    0xAA,0x52,0x69,0x4A,0x8A,0x52,0xCB,0x5A,0x69,0x4A,0x0B,0x5B,0xCB,0x5A,0xCB,0x5A,
    0xEB,0x5A,0xEB,0x5A,0x0C,0x63,0xEB,0x5A,0xCA,0x52,0x0C,0x63,0x6D,0x6B,0x0B,0x5B,
    0xEB,0x5A,0x8D,0x6B,0x0C,0x63,0xAA,0x52,0x6D,0x6B,0x6D,0x6B,0x4D,0x6B,0x0B,0x5B,
    0x2B,0x5B,0xEF,0x7B,0xAA,0x52,0x28,0x42,0x4D,0x6B,0xAA,0x52,0x2C,0x63,0x8D,0x6B,
    0x6C,0x63,0xAA,0x52,0x4C,0x63,0x0B,0x5B,0x6D,0x6B,0x8D,0x6B,0x4D,0x6B,0x4C,0x63,
    0xEB,0x5A,0xCA,0x52,0x4C,0x63,0xCA,0x52,0x8A,0x52,0xCB,0x5A,0xCB,0x5A,0x0B,0x5B,
    0xCA,0x52,0x8A,0x52,0x48,0x42,0x48,0x42,0x08,0x42,0x28,0x42,0x28,0x42,0x69,0x4A,
    0x69,0x4A,0x89,0x4A,0x28,0x42,0x28,0x42,0xC7,0x39,0xA6,0x31,0xC6,0x31,0xC6,0x31,
    0xC7,0x39,0xE7,0x39,0xE7,0x39,0x07,0x3A,0xE7,0x39,0x65,0x29,0x85,0x29,0x86,0x31,
    0x65,0x29,0x65,0x29,0x85,0x29,0x85,0x29,0x24,0x21,0x04,0x21,0x24,0x21,0x04,0x21,
    0x23,0x19,0x24,0x21,0x24,0x21,0x24,0x21,0x24,0x21,0x24,0x21,0x24,0x21,0x04,0x21,
    0x04,0x21,0x03,0x19,0x44,0x21,0xE3,0x18,0x00,0x00,0x00,0x00,0x00,0x00,0x00,0x00,
    0x00,0x00,0x00,0x00,0x00,0x00,0x00,0x00,0x00,0x00,0x00,0x00,0x00,0x00,0x00,0x00,
    0x00,0x00,0x00,0x00,0x00,0x00,0x00,0x00,0x00,0x00,0x00,0x00,0x00,0x00,0x00,0x00,
    0x00,0x00,0x00,0x00,0x00,0x00,0x00,0x00,0x20,0x00,0xE7,0x39,0x49,0x4A,0x28,0x42,
    0x89,0x4A,0x69,0x4A,0xAA,0x52,0x0B,0x5B,0xAA,0x52,0x8A,0x52,0x2C,0x63,0x0C,0x63,
    0x8A,0x52,0x0C,0x63,0x0C,0x63,0xEB,0x5A,0xCB,0x5A,0xCA,0x52,0x2B,0x5B,0x2C,0x63,
    0xEB,0x5A,0x6D,0x6B,0x4C,0x63,0xCB,0x5A,0x2C,0x63,0x0C,0x63,0x2C,0x63,0xEB,0x5A,
    0x0C,0x63,0x0B,0x5B,0x8A,0x52,0x89,0x4A,0xCB,0x5A,0xEB,0x5A,0x8D,0x6B,0x4C,0x63,
    0x6D,0x6B,0x8A,0x52,0x2C,0x63,0x0B,0x5B,0x69,0x4A,0x8E,0x73,0xEB,0x5A,0x4C,0x63,
    0x4D,0x6B,0xEB,0x5A,0xEB,0x5A,0x8A,0x52,0xEB,0x5A,0xCB,0x5A,0x0C,0x63,0xEB,0x5A,
    0x69,0x4A,0x89,0x4A,0x28,0x42,0x69,0x4A,0x89,0x4A,0x28,0x42,0x28,0x42,0x28,0x42,
    0x28,0x42,0xAA,0x52,0x69,0x4A,0x28,0x42,0xC6,0x31,0xA6,0x31,0xA6,0x31,0xA6,0x31,
    0xA6,0x31,0xC6,0x31,0xE7,0x39,0xC7,0x39,0xA6,0x31,0x65,0x29,0xC6,0x31,0xC6,0x31,
    0xA5,0x29,0xA6,0x31,0x86,0x31,0x24,0x21,0x03,0x19,0x24,0x21,0x04,0x21,0xE3,0x18,
    0x24,0x21,0x24,0x21,0x03,0x19,0x04,0x21,0x24,0x21,0x24,0x21,0x24,0x21,0x24,0x21,
    0x03,0x19,0x24,0x21,0x24,0x21,0x41,0x08,0x00,0x00,0x00,0x00,0x00,0x00,0x00,0x00,
    0x00,0x00,0x00,0x00,0x00,0x00,0x00,0x00,0x00,0x00,0x00,0x00,0x00,0x00,0x00,0x00,
    0x00,0x00,0x00,0x00,0x00,0x00,0x00,0x00,0x00,0x00,0x00,0x00,0x00,0x00,0x00,0x00,
    0x00,0x00,0x00,0x00,0x00,0x00,0x00,0x00,0x00,0x00,0xE3,0x18,0x28,0x42,0xE7,0x39,
    0x69,0x4A,0x89,0x4A,0x8A,0x52,0xCA,0x52,0xAA,0x52,0x69,0x4A,0xCA,0x52,0xAA,0x52,
    0x0C,0x63,0x0B,0x5B,0x2C,0x63,0xCA,0x52,0x48,0x42,0xAA,0x52,0x4D,0x6B,0x4C,0x63,
    0xEB,0x5A,0x2C,0x63,0x2C,0x63,0xEB,0x5A,0x2C,0x63,0xAA,0x52,0xCB,0x5A,0x2C,0x63,
    0x2C,0x63,0xEB,0x5A,0xCA,0x52,0xEB,0x5A,0x0B,0x5B,0xEA,0x52,0x2C,0x63,0x8E,0x73,
    0xCB,0x5A,0xCA,0x52,0x2C,0x63,0x0B,0x5B,0xE7,0x39,0x2C,0x63,0x0B,0x5B,0xCB,0x5A,
    0xEB,0x5A,0x0B,0x5B,0xCA,0x52,0xCA,0x52,0xCA,0x52,0xEB,0x5A,0xEB,0x5A,0xCA,0x52,
    0x89,0x4A,0x8A,0x52,0x49,0x4A,0x28,0x42,0x28,0x42,0x08,0x42,0x49,0x4A,0x28,0x42,
    0x48,0x42,0xAA,0x52,0x48,0x42,0xE7,0x39,0xA6,0x31,0xC6,0x31,0xC6,0x31,0x86,0x31,
    0xA6,0x31,0xA6,0x31,0x86,0x31,0x86,0x31,0xA6,0x31,0x65,0x29,0x85,0x29,0x85,0x29,
    0x86,0x31,0xA6,0x31,0x65,0x29,0x45,0x29,0x03,0x19,0x03,0x19,0x24,0x21,0x04,0x21,
    0x24,0x21,0x24,0x21,0x24,0x21,0x45,0x29,0x44,0x21,0x24,0x21,0x24,0x21,0x03,0x19,
    0x03,0x19,0x04,0x21,0xC2,0x10,0x00,0x00,0x00,0x00,0x00,0x00,0x00,0x00,0x00,0x00,
    0x00,0x00,0x00,0x00,0x00,0x00,0x00,0x00,0x00,0x00,0x00,0x00,0x00,0x00,0x00,0x00,
    0x00,0x00,0x00,0x00,0x00,0x00,0x00,0x00,0x00,0x00,0x00,0x00,0x00,0x00,0x00,0x00,
    0x00,0x00,0x00,0x00,0x00,0x00,0x00,0x00,0x00,0x00,0x00,0x00,0xA6,0x31,0x28,0x42,
    0x28,0x42,0x49,0x4A,0x69,0x4A,0x89,0x4A,0xCA,0x52,0xAA,0x52,0xAA,0x52,0x48,0x42,
    0xEB,0x5A,0x2C,0x63,0xCB,0x5A,0xEB,0x5A,0xEB,0x5A,0x48,0x42,0xEB,0x5A,0x2C,0x63,
    0x4D,0x6B,0x2C,0x63,0xEB,0x5A,0x2C,0x63,0x4D,0x6B,0xEB,0x5A,0xAA,0x52,0x0B,0x5B,
    0x0B,0x5B,0x0C,0x63,0xEB,0x5A,0x8A,0x52,0xEB,0x5A,0xEB,0x5A,0x8A,0x52,0xEB,0x5A,
    0x2C,0x63,0x0B,0x5B,0x2C,0x63,0x0B,0x5B,0x0C,0x63,0x0B,0x5B,0xCB,0x5A,0xCA,0x52,
    0x0B,0x5B,0x2C,0x63,0xCB,0x5A,0xEB,0x5A,0xEB,0x5A,0x4C,0x63,0xEB,0x5A,0xEB,0x5A,
    0xAA,0x52,0x89,0x4A,0x49,0x4A,0x07,0x3A,0xC7,0x39,0xA6,0x31,0xE7,0x39,0x28,0x42,
    0x28,0x42,0x08,0x42,0xE7,0x39,0xE7,0x39,0xC7,0x39,0xC7,0x39,0xC7,0x39,0xC6,0x31,
    0xC7,0x39,0xA6,0x31,0x85,0x29,0x65,0x29,0xA6,0x31,0x65,0x29,0x44,0x21,0x44,0x21,
    0x86,0x31,0x85,0x29,0x44,0x21,0x24,0x21,0x03,0x19,0x03,0x19,0x03,0x19,0x04,0x21,
    0xE3,0x18,0x24,0x21,0x65,0x29,0x65,0x29,0x45,0x29,0x44,0x21,0x44,0x21,0x24,0x21,
    0x03,0x19,0x04,0x21,0x20,0x00,0x00,0x00,0x00,0x00,0x00,0x00,0x00,0x00,0x00,0x00,
    0x00,0x00,0x00,0x00,0x00,0x00,0x00,0x00,0x00,0x00,0x00,0x00,0x00,0x00,0x00,0x00,
    0x00,0x00,0x00,0x00,0x00,0x00,0x00,0x00,0x00,0x00,0x00,0x00,0x00,0x00,0x00,0x00,
    0x00,0x00,0x00,0x00,0x00,0x00,0x00,0x00,0x00,0x00,0x00,0x00,0xA2,0x10,0x28,0x42,
    0x28,0x42,0x69,0x4A,0x69,0x4A,0x89,0x4A,0x8A,0x52,0x69,0x4A,0xCB,0x5A,0x48,0x42,
    0x49,0x4A,0xAA,0x52,0x8A,0x52,0x8A,0x52,0x4C,0x63,0x89,0x4A,0x49,0x4A,0x2C,0x63,
    0x4D,0x6B,0x2C,0x63,0xCB,0x5A,0x2C,0x63,0x2C,0x63,0x0C,0x63,0xAA,0x52,0x0B,0x5B,
    0x2C,0x63,0x69,0x4A,0x89,0x4A,0xEB,0x5A,0xCB,0x5A,0x69,0x4A,0xAA,0x52,0x49,0x4A,
    0x4D,0x6B,0x4D,0x6B,0xCB,0x5A,0xEB,0x5A,0xEB,0x5A,0xCB,0x5A,0xCB,0x5A,0xEB,0x5A,
    0xAA,0x52,0xAA,0x52,0xCB,0x5A,0x0C,0x63,0xEB,0x5A,0x4D,0x6B,0x0B,0x5B,0xAA,0x52,
    0xEB,0x5A,0xAA,0x52,0x28,0x42,0x07,0x3A,0xE7,0x39,0x07,0x3A,0xE7,0x39,0xC7,0x39,
    0xC6,0x31,0xC6,0x31,0xA6,0x31,0x85,0x29,0xA6,0x31,0x86,0x31,0xA6,0x31,0xA6,0x31,
    0xA6,0x31,0x86,0x31,0xA6,0x31,0xA6,0x31,0x85,0x29,0x85,0x29,0x65,0x29,0x45,0x29,
    0x45,0x29,0x45,0x29,0x44,0x21,0x04,0x21,0x24,0x21,0x24,0x21,0x03,0x19,0x03,0x19,
    0x03,0x19,0x24,0x21,0x45,0x29,0x24,0x21,0x24,0x21,0x44,0x21,0x45,0x29,0x04,0x21,
    0x24,0x21,0xC2,0x10,0x00,0x00,0x00,0x00,0x00,0x00,0x00,0x00,0x00,0x00,0x00,0x00,
    0x00,0x00,0x00,0x00,0x00,0x00,0x00,0x00,0x00,0x00,0x00,0x00,0x00,0x00,0x00,0x00,
    0x00,0x00,0x00,0x00,0x00,0x00,0x00,0x00,0x00,0x00,0x00,0x00,0x00,0x00,0x00,0x00,
    0x00,0x00,0x00,0x00,0x00,0x00,0x00,0x00,0x00,0x00,0x00,0x00,0x00,0x00,0x44,0x21,
    0x28,0x42,0x28,0x42,0x89,0x4A,0x69,0x4A,0x49,0x4A,0x8A,0x52,0xAA,0x52,0x8A,0x52,
    0x69,0x4A,0x8A,0x52,0x8A,0x52,0x89,0x4A,0x89,0x4A,0x69,0x4A,0x69,0x4A,0x2C,0x63,
    0xAA,0x52,0xEB,0x5A,0x2C,0x63,0x4C,0x63,0xEB,0x5A,0xCB,0x5A,0xEB,0x5A,0x2C,0x63,
    0x2C,0x63,0xCA,0x52,0x69,0x4A,0x28,0x42,0xCA,0x52,0x69,0x4A,0x28,0x42,0x0B,0x5B,
    0x6D,0x6B,0x2C,0x63,0xEB,0x5A,0xCB,0x5A,0xCB,0x5A,0x8A,0x52,0xEB,0x5A,0xEB,0x5A,
    0xAA,0x52,0x07,0x3A,0x69,0x4A,0xCA,0x52,0xEB,0x5A,0xEB,0x5A,0xEB,0x5A,0x89,0x4A,
    0x8A,0x52,0xEB,0x5A,0x07,0x3A,0xC6,0x31,0xC7,0x39,0xE7,0x39,0xC6,0x31,0xC7,0x39,
    0xC7,0x39,0xE7,0x39,0x07,0x3A,0xA6,0x31,0x85,0x29,0x85,0x29,0xA6,0x31,0xA6,0x31,
    0x85,0x29,0x65,0x29,0x44,0x21,0x45,0x29,0x44,0x21,0x85,0x29,0x86,0x31,0x45,0x29,
    0x45,0x29,0x24,0x21,0x04,0x21,0x03,0x19,0xE3,0x18,0x03,0x19,0x04,0x21,0x24,0x21,
    0x45,0x29,0x24,0x21,0x24,0x21,0x24,0x21,0x24,0x21,0x24,0x21,0x24,0x21,0x04,0x21,
    0x03,0x19,0x00,0x00,0x00,0x00,0x00,0x00,0x00,0x00,0x00,0x00,0x00,0x00,0x00,0x00,
    0x00,0x00,0x00,0x00,0x00,0x00,0x00,0x00,0x00,0x00,0x00,0x00,0x00,0x00,0x00,0x00,
    0x00,0x00,0x00,0x00,0x00,0x00,0x00,0x00,0x00,0x00,0x00,0x00,0x00,0x00,0x00,0x00,
    0x00,0x00,0x00,0x00,0x00,0x00,0x00,0x00,0x00,0x00,0x00,0x00,0x00,0x00,0x20,0x00,
    0xC7,0x39,0x28,0x42,0x48,0x42,0x69,0x4A,0x69,0x4A,0x89,0x4A,0x69,0x4A,0x69,0x4A,
    0x69,0x4A,0x69,0x4A,0x8A,0x52,0xAA,0x52,0x8A,0x52,0x49,0x4A,0x49,0x4A,0xCB,0x5A,
    0xCB,0x5A,0xAA,0x52,0x0B,0x5B,0x0C,0x63,0xAA,0x52,0xCB,0x5A,0x2C,0x63,0xEB,0x5A,
    0x2C,0x63,0x0C,0x63,0xAA,0x52,0x69,0x4A,0x69,0x4A,0x49,0x4A,0x69,0x4A,0x0B,0x5B,
    0x2C,0x63,0x2C,0x63,0xEB,0x5A,0xCB,0x5A,0xCB,0x5A,0x89,0x4A,0x48,0x42,0xAA,0x52,
    0xEB,0x5A,0x28,0x42,0x28,0x42,0xCA,0x52,0xAA,0x52,0xAA,0x52,0xCA,0x52,0x0B,0x5B,
    0xCA,0x52,0xAA,0x52,0x48,0x42,0xE7,0x39,0xC7,0x39,0xC6,0x31,0xA6,0x31,0xC7,0x39,
    0xE7,0x39,0xE7,0x39,0xE7,0x39,0xC7,0x39,0xA6,0x31,0xA6,0x31,0x86,0x31,0x44,0x21,
    0x24,0x21,0x45,0x29,0x24,0x21,0x24,0x21,0x44,0x21,0x45,0x29,0x45,0x29,0x45,0x29,
    0x24,0x21,0x04,0x21,0x03,0x19,0x03,0x19,0xE3,0x18,0xE3,0x18,0x03,0x19,0x24,0x21,
    0x45,0x29,0x65,0x29,0x24,0x21,0x24,0x21,0x24,0x21,0x24,0x21,0x24,0x21,0x24,0x21,
    0x41,0x08,0x00,0x00,0x00,0x00,0x00,0x00,0x00,0x00,0x00,0x00,0x00,0x00,0x00,0x00,
    0x00,0x00,0x00,0x00,0x00,0x00,0x00,0x00,0x00,0x00,0x00,0x00,0x00,0x00,0x00,0x00,
    0x00,0x00,0x00,0x00,0x00,0x00,0x00,0x00,0x00,0x00,0x00,0x00,0x00,0x00,0x00,0x00,
    0x00,0x00,0x00,0x00,0x00,0x00,0x00,0x00,0x00,0x00,0x00,0x00,0x00,0x00,0x00,0x00,
    0xA2,0x10,0x08,0x42,0x07,0x3A,0x28,0x42,0x48,0x42,0x69,0x4A,0x69,0x4A,0x69,0x4A,
    0x49,0x4A,0x69,0x4A,0xAA,0x52,0x89,0x4A,0x8A,0x52,0x8A,0x52,0x49,0x4A,0xCB,0x5A,
    0xAA,0x52,0xCB,0x5A,0xCA,0x52,0xAA,0x52,0x89,0x4A,0xAA,0x52,0x0C,0x63,0x2C,0x63,
    0x0B,0x5B,0xAA,0x52,0xCB,0x5A,0xCB,0x5A,0xCA,0x52,0x0B,0x5B,0x28,0x42,0x0B,0x5B,
    0x0C,0x63,0xAA,0x52,0xEB,0x5A,0xCA,0x52,0xEB,0x5A,0xAA,0x52,0x69,0x4A,0xE7,0x39,
    0xEB,0x5A,0x69,0x4A,0x89,0x4A,0xCA,0x52,0x69,0x4A,0x8A,0x52,0xEB,0x5A,0xEB,0x5A,
    0x2C,0x63,0x48,0x42,0x48,0x42,0x48,0x42,0x07,0x3A,0xE7,0x39,0xE7,0x39,0xC7,0x39,
    0xC7,0x39,0xC7,0x39,0xC6,0x31,0xC7,0x39,0xA6,0x31,0x65,0x29,0x65,0x29,0x65,0x29,
    0x45,0x29,0x44,0x21,0x44,0x21,0x65,0x29,0x65,0x29,0x65,0x29,0x45,0x29,0x45,0x29,
    0x24,0x21,0x03,0x19,0x04,0x21,0x03,0x19,0xE3,0x18,0xE3,0x18,0xE3,0x18,0x44,0x21,
    0x45,0x29,0x65,0x29,0x45,0x29,0x44,0x21,0x45,0x29,0x44,0x21,0x44,0x21,0xC2,0x10,
    0x00,0x00,0x00,0x00,0x00,0x00,0x00,0x00,0x00,0x00,0x00,0x00,0x00,0x00,0x00,0x00,
    0x00,0x00,0x00,0x00,0x00,0x00,0x00,0x00,0x00,0x00,0x00,0x00,0x00,0x00,0x00,0x00,
    0x00,0x00,0x00,0x00,0x00,0x00,0x00,0x00,0x00,0x00,0x00,0x00,0x00,0x00,0x00,0x00,
    0x00,0x00,0x00,0x00,0x00,0x00,0x00,0x00,0x00,0x00,0x00,0x00,0x00,0x00,0x00,0x00,
    0x00,0x00,0x04,0x21,0x28,0x42,0xE7,0x39,0x49,0x4A,0x69,0x4A,0x69,0x4A,0x08,0x42,
    0x89,0x4A,0x89,0x4A,0xAA,0x52,0xCA,0x52,0x89,0x4A,0x8A,0x52,0x49,0x4A,0xAA,0x52,
    0xCB,0x5A,0xCB,0x5A,0xCA,0x52,0xAA,0x52,0x6D,0x6B,0x0C,0x63,0x8A,0x52,0xCB,0x5A,
    0x8A,0x52,0xAA,0x52,0xCA,0x52,0xCA,0x52,0x0B,0x5B,0xAA,0x52,0x69,0x4A,0x89,0x4A,
    0xCA,0x52,0x0B,0x5B,0xCA,0x52,0xCB,0x5A,0xAA,0x52,0x0B,0x5B,0x8A,0x52,0x28,0x42,
    0xAA,0x52,0x8A,0x52,0x8A,0x52,0x89,0x4A,0x8A,0x52,0xAA,0x52,0xAA,0x52,0xCA,0x52,
    0xAA,0x52,0x49,0x4A,0xC7,0x39,0xC7,0x39,0xE7,0x39,0xC7,0x39,0xC7,0x39,0xC6,0x31,
    0xA6,0x31,0xA6,0x31,0xA6,0x31,0xA6,0x31,0x65,0x29,0x44,0x21,0x65,0x29,0x66,0x31,
    0x45,0x29,0x65,0x29,0x65,0x29,0x85,0x29,0x65,0x29,0x65,0x29,0x45,0x29,0x65,0x29,
    0x65,0x29,0x65,0x29,0x65,0x29,0x24,0x21,0x04,0x21,0xE3,0x18,0x03,0x19,0x44,0x21,
    0x44,0x21,0x45,0x29,0x44,0x21,0x45,0x29,0x45,0x29,0x45,0x29,0x04,0x21,0x00,0x00,
    0x00,0x00,0x00,0x00,0x00,0x00,0x00,0x00,0x00,0x00,0x00,0x00,0x00,0x00,0x00,0x00,
    0x00,0x00,0x00,0x00,0x00,0x00,0x00,0x00,0x00,0x00,0x00,0x00,0x00,0x00,0x00,0x00,
    0x00,0x00,0x00,0x00,0x00,0x00,0x00,0x00,0x00,0x00,0x00,0x00,0x00,0x00,0x00,0x00,
    0x00,0x00,0x00,0x00,0x00,0x00,0x00,0x00,0x00,0x00,0x00,0x00,0x00,0x00,0x00,0x00,
    0x00,0x00,0x00,0x00,0x86,0x31,0x28,0x42,0x49,0x4A,0x49,0x4A,0x69,0x4A,0x49,0x4A,
    0x89,0x4A,0x89,0x4A,0x69,0x4A,0x89,0x4A,0x89,0x4A,0x8A,0x52,0x69,0x4A,0x89,0x4A,
    0xCB,0x5A,0xAA,0x52,0xAA,0x52,0xAA,0x52,0xCA,0x52,0xCA,0x52,0xE7,0x39,0x49,0x4A,
    0x48,0x42,0x8A,0x52,0x0B,0x5B,0xEB,0x5A,0xCA,0x52,0xCB,0x5A,0x69,0x4A,0x69,0x4A,
    0x49,0x4A,0x89,0x4A,0x0B,0x5B,0xCA,0x52,0x69,0x4A,0xEB,0x5A,0x69,0x4A,0xAA,0x52,
    0xCA,0x52,0x89,0x4A,0xAA,0x52,0x89,0x4A,0x49,0x4A,0xCA,0x52,0x69,0x4A,0xAA,0x52,
    0x8A,0x52,0x49,0x4A,0xC7,0x39,0xC7,0x39,0xC7,0x39,0xA6,0x31,0xA6,0x31,0xC6,0x31,
    0xC6,0x31,0x86,0x31,0x85,0x29,0x85,0x29,0x65,0x29,0x44,0x21,0x45,0x29,0x65,0x29,
    0x85,0x29,0x86,0x31,0x65,0x29,0x65,0x29,0x45,0x29,0x45,0x29,0x44,0x21,0x85,0x29,
    0x65,0x29,0x65,0x29,0x65,0x29,0x45,0x29,0x03,0x19,0x03,0x19,0x03,0x19,0x24,0x21,
    0x44,0x21,0x45,0x29,0x44,0x21,0x45,0x29,0x44,0x21,0x44,0x21,0x20,0x00,0x00,0x00,
    0x00,0x00,0x00,0x00,0x00,0x00,0x00,0x00,0x00,0x00,0x00,0x00,0x00,0x00,0x00,0x00,
    0x00,0x00,0x00,0x00,0x00,0x00,0x00,0x00,0x00,0x00,0x00,0x00,0x00,0x00,0x00,0x00,
    0x00,0x00,0x00,0x00,0x00,0x00,0x00,0x00,0x00,0x00,0x00,0x00,0x00,0x00,0x00,0x00,
    0x00,0x00,0x00,0x00,0x00,0x00,0x00,0x00,0x00,0x00,0x00,0x00,0x00,0x00,0x00,0x00,
    0x00,0x00,0x00,0x00,0x41,0x08,0xA6,0x31,0xE7,0x39,0x48,0x42,0x28,0x42,0x49,0x4A,
    0x69,0x4A,0x49,0x4A,0x89,0x4A,0x89,0x4A,0xAA,0x52,0x8A,0x52,0xAA,0x52,0x69,0x4A,
    0xAA,0x52,0x8A,0x52,0xAA,0x52,0x49,0x4A,0x0B,0x5B,0xAA,0x52,0x69,0x4A,0x69,0x4A,
    0x69,0x4A,0xE7,0x39,0xEB,0x5A,0xAA,0x52,0xAA,0x52,0x89,0x4A,0x89,0x4A,0x69,0x4A,
    0xAA,0x52,0x28,0x42,0x8A,0x52,0xCB,0x5A,0xAA,0x52,0x49,0x4A,0xEB,0x5A,0xAA,0x52,
    0xCA,0x52,0x8A,0x52,0x49,0x4A,0x49,0x4A,0x69,0x4A,0xAA,0x52,0x49,0x4A,0x8A,0x52,
    0x69,0x4A,0x48,0x42,0xE7,0x39,0x08,0x42,0x07,0x3A,0xA6,0x31,0xA6,0x31,0xC7,0x39,
    0xC7,0x39,0x85,0x29,0x65,0x29,0x65,0x29,0x65,0x29,0x45,0x29,0x44,0x21,0x44,0x21,
    0x66,0x31,0x85,0x29,0x65,0x29,0x65,0x29,0x45,0x29,0x24,0x21,0x45,0x29,0xA6,0x31,
    0x65,0x29,0x65,0x29,0x45,0x29,0x24,0x21,0xE3,0x18,0xE3,0x18,0x03,0x19,0x24,0x21,
    0x24,0x21,0x45,0x29,0x45,0x29,0x44,0x21,0x45,0x29,0x61,0x08,0x00,0x00,0x00,0x00,
    0x00,0x00,0x00,0x00,0x00,0x00,0x00,0x00,0x00,0x00,0x00,0x00,0x00,0x00,0x00,0x00,
    0x00,0x00,0x00,0x00,0x00,0x00,0x00,0x00,0x00,0x00,0x00,0x00,0x00,0x00,0x00,0x00,
    0x00,0x00,0x00,0x00,0x00,0x00,0x00,0x00,0x00,0x00,0x00,0x00,0x00,0x00,0x00,0x00,
    0x00,0x00,0x00,0x00,0x00,0x00,0x00,0x00,0x00,0x00,0x00,0x00,0x00,0x00,0x00,0x00,
    0x00,0x00,0x00,0x00,0x00,0x00,0x82,0x10,0xE7,0x39,0xE7,0x39,0x49,0x4A,0x28,0x42,
    0x69,0x4A,0x28,0x42,0x28,0x42,0x8A,0x52,0x69,0x4A,0x69,0x4A,0xAA,0x52,0x8A,0x52,
    0x89,0x4A,0xAA,0x52,0x89,0x4A,0x69,0x4A,0xEB,0x5A,0xCA,0x52,0x0B,0x5B,0xAA,0x52,
    0x48,0x42,0x07,0x3A,0x69,0x4A,0x69,0x4A,0xAA,0x52,0x48,0x42,0x69,0x4A,0x8A,0x52,
    0x89,0x4A,0x8A,0x52,0x69,0x4A,0x89,0x4A,0x89,0x4A,0x08,0x42,0x8A,0x52,0x69,0x4A,
    0x8A,0x52,0x69,0x4A,0x28,0x42,0x28,0x42,0x69,0x4A,0x28,0x42,0x49,0x4A,0x89,0x4A,
    0x69,0x4A,0x07,0x3A,0x08,0x42,0x28,0x42,0x48,0x42,0xE7,0x39,0xA6,0x31,0xA6,0x31,
    0x85,0x29,0x65,0x29,0x65,0x29,0x65,0x29,0x65,0x29,0x45,0x29,0xC3,0x18,0x04,0x21,
    0x45,0x29,0x65,0x29,0x65,0x29,0x65,0x29,0x44,0x21,0x44,0x21,0x85,0x29,0x65,0x29,
    0x65,0x29,0x65,0x29,0x65,0x29,0x24,0x21,0x24,0x21,0xE3,0x18,0x24,0x21,0x24,0x21,
    0x44,0x21,0x45,0x29,0x24,0x21,0x44,0x21,0xA2,0x10,0x00,0x00,0x00,0x00,0x00,0x00,
    0x00,0x00,0x00,0x00,0x00,0x00,0x00,0x00,0x00,0x00,0x00,0x00,0x00,0x00,0x00,0x00,
    0x00,0x00,0x00,0x00,0x00,0x00,0x00,0x00,0x00,0x00,0x00,0x00,0x00,0x00,0x00,0x00,
    0x00,0x00,0x00,0x00,0x00,0x00,0x00,0x00,0x00,0x00,0x00,0x00,0x00,0x00,0x00,0x00,
    0x00,0x00,0x00,0x00,0x00,0x00,0x00,0x00,0x00,0x00,0x00,0x00,0x00,0x00,0x00,0x00,
    0x00,0x00,0x00,0x00,0x00,0x00,0x00,0x00,0xA2,0x10,0xE7,0x39,0x08,0x42,0x28,0x42,
    0x48,0x42,0x69,0x4A,0x08,0x42,0x28,0x42,0x28,0x42,0x69,0x4A,0x49,0x4A,0x89,0x4A,
    0x8A,0x52,0x8A,0x52,0x49,0x4A,0x49,0x4A,0x89,0x4A,0xAA,0x52,0xCA,0x52,0xEB,0x5A,
    0xAA,0x52,0x28,0x42,0x48,0x42,0x69,0x4A,0x8A,0x52,0x89,0x4A,0x08,0x42,0x8A,0x52,
    0xAA,0x52,0x49,0x4A,0x69,0x4A,0x89,0x4A,0x8A,0x52,0x89,0x4A,0x69,0x4A,0x69,0x4A,
    0x8A,0x52,0x48,0x42,0x08,0x42,0x28,0x42,0x69,0x4A,0x28,0x42,0x89,0x4A,0x89,0x4A,
    0x48,0x42,0x48,0x42,0xE7,0x39,0xC7,0x39,0x08,0x42,0xC7,0x39,0xA6,0x31,0xA6,0x31,
    0x65,0x29,0x65,0x29,0x65,0x29,0x44,0x21,0x65,0x29,0x65,0x29,0x03,0x19,0x65,0x29,
    0x45,0x29,0x65,0x29,0x44,0x21,0x45,0x29,0x44,0x21,0x85,0x29,0x65,0x29,0x24,0x21,
    0x45,0x29,0x65,0x29,0x65,0x29,0x24,0x21,0x03,0x19,0x04,0x21,0x24,0x21,0x24,0x21,
    0x24,0x21,0x24,0x21,0x44,0x21,0xC2,0x10,0x00,0x00,0x00,0x00,0x00,0x00,0x00,0x00,
    0x00,0x00,0x00,0x00,0x00,0x00,0x00,0x00,0x00,0x00,0x00,0x00,0x00,0x00,0x00,0x00,
    0x00,0x00,0x00,0x00,0x00,0x00,0x00,0x00,0x00,0x00,0x00,0x00,0x00,0x00,0x00,0x00,
    0x00,0x00,0x00,0x00,0x00,0x00,0x00,0x00,0x00,0x00,0x00,0x00,0x00,0x00,0x00,0x00,
    0x00,0x00,0x00,0x00,0x00,0x00,0x00,0x00,0x00,0x00,0x00,0x00,0x00,0x00,0x00,0x00,
    0x00,0x00,0x00,0x00,0x00,0x00,0x00,0x00,0x00,0x00,0xE3,0x18,0xE7,0x39,0xE7,0x39,
    0x28,0x42,0x08,0x42,0x49,0x4A,0x28,0x42,0x28,0x42,0x28,0x42,0x48,0x42,0x28,0x42,
    0x69,0x4A,0x69,0x4A,0x48,0x42,0x08,0x42,0x49,0x4A,0xAA,0x52,0x69,0x4A,0x69,0x4A,
    0xCA,0x52,0x49,0x4A,0x28,0x42,0x69,0x4A,0x89,0x4A,0x28,0x42,0x69,0x4A,0x8A,0x52,
    0xCA,0x52,0x69,0x4A,0x49,0x4A,0xAA,0x52,0x69,0x4A,0x49,0x4A,0x49,0x4A,0xAA,0x52,
    0x69,0x4A,0x49,0x4A,0x08,0x42,0x08,0x42,0x48,0x42,0x69,0x4A,0x49,0x4A,0x69,0x4A,
    0x49,0x4A,0x08,0x42,0xC6,0x31,0xC6,0x31,0xC6,0x31,0x86,0x31,0x86,0x31,0x65,0x29,
    0x45,0x29,0x65,0x29,0x65,0x29,0x45,0x29,0x65,0x29,0x85,0x29,0x65,0x29,0x45,0x29,
    0x65,0x29,0x44,0x21,0x44,0x21,0x44,0x21,0x45,0x29,0x85,0x29,0x65,0x29,0x65,0x29,
    0x45,0x29,0x45,0x29,0x24,0x21,0x03,0x19,0x24,0x21,0x24,0x21,0x24,0x21,0x24,0x21,
    0x24,0x21,0x44,0x21,0xE3,0x18,0x00,0x00,0x00,0x00,0x00,0x00,0x00,0x00,0x00,0x00,
    0x00,0x00,0x00,0x00,0x00,0x00,0x00,0x00,0x00,0x00,0x00,0x00,0x00,0x00,0x00,0x00,
    0x00,0x00,0x00,0x00,0x00,0x00,0x00,0x00,0x00,0x00,0x00,0x00,0x00,0x00,0x00,0x00,
    0x00,0x00,0x00,0x00,0x00,0x00,0x00,0x00,0x00,0x00,0x00,0x00,0x00,0x00,0x00,0x00,
    0x00,0x00,0x00,0x00,0x00,0x00,0x00,0x00,0x00,0x00,0x00,0x00,0x00,0x00,0x00,0x00,
    0x00,0x00,0x00,0x00,0x00,0x00,0x00,0x00,0x00,0x00,0x00,0x00,0xC3,0x18,0xC7,0x39,
    0xE7,0x39,0x08,0x42,0x07,0x3A,0x28,0x42,0x28,0x42,0x08,0x42,0x28,0x42,0x69,0x4A,
    0x49,0x4A,0x49,0x4A,0x69,0x4A,0x8A,0x52,0x49,0x4A,0x8A,0x52,0xAA,0x52,0xAA,0x52,
    0x89,0x4A,0x28,0x42,0xEB,0x5A,0x49,0x4A,0x28,0x42,0xEB,0x5A,0x48,0x42,0x49,0x4A,
    0x69,0x4A,0x89,0x4A,0x69,0x4A,0x8A,0x52,0x69,0x4A,0x69,0x4A,0x28,0x42,0x28,0x42,
    0x49,0x4A,0x69,0x4A,0x08,0x42,0x49,0x4A,0x89,0x4A,0x49,0x4A,0x28,0x42,0x89,0x4A,
    0x69,0x4A,0x08,0x42,0xE7,0x39,0xC6,0x31,0xA6,0x31,0xC6,0x31,0xA6,0x31,0x86,0x31,
    0xC6,0x31,0xA6,0x31,0x86,0x31,0xA6,0x31,0x86,0x31,0x65,0x29,0x45,0x29,0x45,0x29,
    0x45,0x29,0x24,0x21,0x65,0x29,0xA6,0x31,0xC6,0x31,0x86,0x31,0x86,0x31,0x65,0x29,
    0x86,0x31,0x44,0x21,0x03,0x19,0x24,0x21,0x44,0x21,0x44,0x21,0x44,0x21,0x44,0x21,
    0x45,0x29,0xE3,0x18,0x00,0x00,0x00,0x00,0x00,0x00,0x00,0x00,0x00,0x00,0x00,0x00,
    0x00,0x00,0x00,0x00,0x00,0x00,0x00,0x00,0x00,0x00,0x00,0x00,0x00,0x00,0x00,0x00,
    0x00,0x00,0x00,0x00,0x00,0x00,0x00,0x00,0x00,0x00,0x00,0x00,0x00,0x00,0x00,0x00,
    0x00,0x00,0x00,0x00,0x00,0x00,0x00,0x00,0x00,0x00,0x00,0x00,0x00,0x00,0x00,0x00,
    0x00,0x00,0x00,0x00,0x00,0x00,0x00,0x00,0x00,0x00,0x00,0x00,0x00,0x00,0x00,0x00,
    0x00,0x00,0x00,0x00,0x00,0x00,0x00,0x00,0x00,0x00,0x00,0x00,0x00,0x00,0xC3,0x18,
    0xC6,0x31,0xC6,0x31,0xE7,0x39,0x28,0x42,0x08,0x42,0x08,0x42,0x69,0x4A,0x28,0x42,
    0x48,0x42,0x69,0x4A,0x28,0x42,0x89,0x4A,0x89,0x4A,0xAA,0x52,0x89,0x4A,0xAA,0x52,
    0x28,0x42,0x28,0x42,0xAA,0x52,0x28,0x42,0x49,0x4A,0x4C,0x63,0x69,0x4A,0xA6,0x31,
    0x89,0x4A,0xAA,0x52,0xE7,0x39,0xAA,0x52,0x48,0x42,0x69,0x4A,0x28,0x42,0x8A,0x52,
    0x07,0x3A,0x48,0x42,0x89,0x4A,0xAA,0x52,0x89,0x4A,0x49,0x4A,0x28,0x42,0x28,0x42,
    0x89,0x4A,0x48,0x42,0xE7,0x39,0xC7,0x39,0xA6,0x31,0xC6,0x31,0xA6,0x31,0xA6,0x31,
    0xA6,0x31,0xA6,0x31,0xA6,0x31,0x86,0x31,0x86,0x31,0x85,0x29,0x65,0x29,0x45,0x29,
    0x44,0x21,0x44,0x21,0xA6,0x31,0xC6,0x31,0xC7,0x39,0xA6,0x31,0x86,0x31,0x65,0x29,
    0x65,0x29,0x24,0x21,0x24,0x21,0x44,0x21,0x44,0x21,0x24,0x21,0x24,0x21,0x45,0x29,
    0xE3,0x18,0x00,0x00,0x00,0x00,0x00,0x00,0x00,0x00,0x00,0x00,0x00,0x00,0x00,0x00,
    0x00,0x00,0x00,0x00,0x00,0x00,0x00,0x00,0x00,0x00,0x00,0x00,0x00,0x00,0x00,0x00,
    0x00,0x00,0x00,0x00,0x00,0x00,0x00,0x00,0x00,0x00,0x00,0x00,0x00,0x00,0x00,0x00,
    0x00,0x00,0x00,0x00,0x00,0x00,0x00,0x00,0x00,0x00,0x00,0x00,0x00,0x00,0x00,0x00,
    0x00,0x00,0x00,0x00,0x00,0x00,0x00,0x00,0x00,0x00,0x00,0x00,0x00,0x00,0x00,0x00,
    0x00,0x00,0x00,0x00,0x00,0x00,0x00,0x00,0x00,0x00,0x00,0x00,0x00,0x00,0x00,0x00,
    0x82,0x10,0xA6,0x31,0xA6,0x31,0xA6,0x31,0xA6,0x31,0xE7,0x39,0x28,0x42,0x07,0x3A,
    0xC7,0x39,0x08,0x42,0x08,0x42,0x49,0x4A,0x49,0x4A,0x49,0x4A,0x69,0x4A,0x48,0x42,
    0x49,0x4A,0x49,0x4A,0x48,0x42,0x28,0x42,0x49,0x4A,0x48,0x42,0x49,0x4A,0x07,0x3A,
    0x48,0x42,0x69,0x4A,0x48,0x42,0x89,0x4A,0x28,0x42,0x69,0x4A,0x28,0x42,0x69,0x4A,
    0x89,0x4A,0xC7,0x39,0x49,0x4A,0xEB,0x5A,0x69,0x4A,0xE7,0x39,0x48,0x42,0x89,0x4A,
    0x28,0x42,0x28,0x42,0xE7,0x39,0xA6,0x31,0xA6,0x31,0xA6,0x31,0xA6,0x31,0xA6,0x31,
    0x86,0x31,0x86,0x31,0x86,0x31,0x65,0x29,0x86,0x31,0x85,0x29,0x65,0x29,0x65,0x29,
    0x65,0x29,0x45,0x29,0x86,0x31,0x65,0x29,0x65,0x29,0x86,0x31,0x86,0x31,0x44,0x21,
    0x86,0x31,0x44,0x21,0x65,0x29,0x65,0x29,0x24,0x21,0x03,0x19,0x24,0x21,0xC2,0x10,
    0x00,0x00,0x00,0x00,0x00,0x00,0x00,0x00,0x00,0x00,0x00,0x00,0x00,0x00,0x00,0x00,
    0x00,0x00,0x00,0x00,0x00,0x00,0x00,0x00,0x00,0x00,0x00,0x00,0x00,0x00,0x00,0x00,
    0x00,0x00,0x00,0x00,0x00,0x00,0x00,0x00,0x00,0x00,0x00,0x00,0x00,0x00,0x00,0x00,
    0x00,0x00,0x00,0x00,0x00,0x00,0x00,0x00,0x00,0x00,0x00,0x00,0x00,0x00,0x00,0x00,
    0x00,0x00,0x00,0x00,0x00,0x00,0x00,0x00,0x00,0x00,0x00,0x00,0x00,0x00,0x00,0x00,
    0x00,0x00,0x00,0x00,0x00,0x00,0x00,0x00,0x00,0x00,0x00,0x00,0x00,0x00,0x00,0x00,
    0x00,0x00,0x82,0x10,0x85,0x29,0x85,0x29,0xA6,0x31,0xC6,0x31,0xA6,0x31,0xE7,0x39,
    0xE7,0x39,0xE7,0x39,0xC6,0x31,0xC6,0x31,0xC7,0x39,0xE7,0x39,0x07,0x3A,0x48,0x42,
    0x69,0x4A,0xC7,0x39,0x28,0x42,0x08,0x42,0x08,0x42,0x08,0x42,0x69,0x4A,0x89,0x4A,
    0x28,0x42,0x28,0x42,0x49,0x4A,0x8A,0x52,0xE7,0x39,0xE7,0x39,0x48,0x42,0x08,0x42,
    0x08,0x42,0xE7,0x39,0x07,0x3A,0x69,0x4A,0xAA,0x52,0xAA,0x52,0x08,0x42,0x28,0x42,
    0x28,0x42,0x28,0x42,0x08,0x42,0xA6,0x31,0x86,0x31,0xA6,0x31,0xA6,0x31,0xA6,0x31,
    0x86,0x31,0x86,0x31,0x85,0x29,0x65,0x29,0x85,0x29,0x65,0x29,0x65,0x29,0x65,0x29,
    0x24,0x21,0x45,0x29,0x45,0x29,0x44,0x21,0x44,0x21,0x85,0x29,0x86,0x31,0xA6,0x31,
    0x85,0x29,0x65,0x29,0x86,0x31,0x24,0x21,0xE3,0x18,0x24,0x21,0xC3,0x18,0x00,0x00,
    0x00,0x00,0x00,0x00,0x00,0x00,0x00,0x00,0x00,0x00,0x00,0x00,0x00,0x00,0x00,0x00,
    0x00,0x00,0x00,0x00,0x00,0x00,0x00,0x00,0x00,0x00,0x00,0x00,0x00,0x00,0x00,0x00,
    0x00,0x00,0x00,0x00,0x00,0x00,0x00,0x00,0x00,0x00,0x00,0x00,0x00,0x00,0x00,0x00,
    0x00,0x00,0x00,0x00,0x00,0x00,0x00,0x00,0x00,0x00,0x00,0x00,0x00,0x00,0x00,0x00,
    0x00,0x00,0x00,0x00,0x00,0x00,0x00,0x00,0x00,0x00,0x00,0x00,0x00,0x00,0x00,0x00,
    0x00,0x00,0x00,0x00,0x00,0x00,0x00,0x00,0x00,0x00,0x00,0x00,0x00,0x00,0x00,0x00,
    0x00,0x00,0x00,0x00,0x20,0x00,0x04,0x21,0x86,0x31,0x85,0x29,0x45,0x29,0xE7,0x39,
    0xC7,0x39,0xC6,0x31,0xC7,0x39,0x65,0x29,0x86,0x31,0xC6,0x31,0xC7,0x39,0x08,0x42,
    0x07,0x3A,0xE7,0x39,0x28,0x42,0x07,0x3A,0x28,0x42,0xE7,0x39,0x28,0x42,0x08,0x42,
    0x07,0x3A,0x08,0x42,0xA6,0x31,0x28,0x42,0x28,0x42,0xE7,0x39,0xE7,0x39,0xE7,0x39,
    0xE7,0x39,0xE7,0x39,0x07,0x3A,0x07,0x3A,0x28,0x42,0x49,0x4A,0x08,0x42,0x48,0x42,
    0x49,0x4A,0x07,0x3A,0xE7,0x39,0xE7,0x39,0x85,0x29,0x86,0x31,0xA6,0x31,0xC6,0x31,
    0xC7,0x39,0xA6,0x31,0x65,0x29,0x85,0x29,0xA6,0x31,0x44,0x21,0x24,0x21,0x24,0x21,
    0x24,0x21,0x45,0x29,0x65,0x29,0x65,0x29,0x44,0x21,0x65,0x29,0xA6,0x31,0xA6,0x31,
    0x65,0x29,0x45,0x29,0x65,0x29,0x03,0x19,0xE3,0x18,0x61,0x08,0x00,0x00,0x00,0x00,
    0x00,0x00,0x00,0x00,0x00,0x00,0x00,0x00,0x00,0x00,0x00,0x00,0x00,0x00,0x00,0x00,
    0x00,0x00,0x00,0x00,0x00,0x00,0x00,0x00,0x00,0x00,0x00,0x00,0x00,0x00,0x00,0x00,
    0x00,0x00,0x00,0x00,0x00,0x00,0x00,0x00,0x00,0x00,0x00,0x00,0x00,0x00,0x00,0x00,
    0x00,0x00,0x00,0x00,0x00,0x00,0x00,0x00,0x00,0x00,0x00,0x00,0x00,0x00,0x00,0x00,
    0x00,0x00,0x00,0x00,0x00,0x00,0x00,0x00,0x00,0x00,0x00,0x00,0x00,0x00,0x00,0x00,
    0x00,0x00,0x00,0x00,0x00,0x00,0x00,0x00,0x00,0x00,0x00,0x00,0x00,0x00,0x00,0x00,
    0x00,0x00,0x00,0x00,0x00,0x00,0x00,0x00,0xE3,0x18,0x45,0x29,0x65,0x29,0x85,0x29,
    0xE7,0x39,0xA6,0x31,0x85,0x29,0xA6,0x31,0x85,0x29,0x65,0x29,0xE7,0x39,0xC6,0x31,
    0x08,0x42,0x28,0x42,0x07,0x3A,0xC7,0x39,0xA6,0x31,0x07,0x3A,0x86,0x31,0xC6,0x31,
    0xE7,0x39,0x07,0x3A,0xE7,0x39,0xC7,0x39,0xC7,0x39,0xA6,0x31,0xC7,0x39,0xE7,0x39,
    0x86,0x31,0xE7,0x39,0xC7,0x39,0xE7,0x39,0x08,0x42,0xE7,0x39,0xC6,0x31,0x07,0x3A,
    0x08,0x42,0x08,0x42,0xC7,0x39,0x24,0x21,0x45,0x29,0x65,0x29,0x65,0x29,0xA6,0x31,
    0xC7,0x39,0x86,0x31,0xA6,0x31,0xC6,0x31,0xA6,0x31,0x65,0x29,0x65,0x29,0x65,0x29,
    0x65,0x29,0x45,0x29,0x45,0x29,0x65,0x29,0x65,0x29,0x85,0x29,0x65,0x29,0x44,0x21,
    0x44,0x21,0x24,0x21,0x65,0x29,0xE3,0x18,0x20,0x00,0x00,0x00,0x00,0x00,0x00,0x00,
    0x00,0x00,0x00,0x00,0x00,0x00,0x00,0x00,0x00,0x00,0x00,0x00,0x00,0x00,0x00,0x00,
    0x00,0x00,0x00,0x00,0x00,0x00,0x00,0x00,0x00,0x00,0x00,0x00,0x00,0x00,0x00,0x00,
    0x00,0x00,0x00,0x00,0x00,0x00,0x00,0x00,0x00,0x00,0x00,0x00,0x00,0x00,0x00,0x00,
    0x00,0x00,0x00,0x00,0x00,0x00,0x00,0x00,0x00,0x00,0x00,0x00,0x00,0x00,0x00,0x00,
    0x00,0x00,0x00,0x00,0x00,0x00,0x00,0x00,0x00,0x00,0x00,0x00,0x00,0x00,0x00,0x00,
    0x00,0x00,0x00,0x00,0x00,0x00,0x00,0x00,0x00,0x00,0x00,0x00,0x00,0x00,0x00,0x00,
    0x00,0x00,0x00,0x00,0x00,0x00,0x00,0x00,0x00,0x00,0x82,0x10,0x24,0x21,0x44,0x21,
    0xA6,0x31,0xA6,0x31,0xA6,0x31,0xA6,0x31,0x85,0x29,0x65,0x29,0xA6,0x31,0x86,0x31,
    0xA6,0x31,0xA6,0x31,0xE7,0x39,0xA6,0x31,0xA6,0x31,0x69,0x4A,0x65,0x29,0xA6,0x31,
    0x08,0x42,0xE7,0x39,0xA6,0x31,0xA6,0x31,0xA6,0x31,0xA6,0x31,0x65,0x29,0x85,0x29,
    0xA6,0x31,0xC7,0x39,0xA6,0x31,0xC7,0x39,0xC7,0x39,0x86,0x31,0x44,0x21,0xC6,0x31,
    0x07,0x3A,0xE7,0x39,0x86,0x31,0x24,0x21,0x45,0x29,0x24,0x21,0x65,0x29,0xA6,0x31,
    0xA6,0x31,0xC6,0x31,0xA6,0x31,0x85,0x29,0x86,0x31,0x85,0x29,0x86,0x31,0x65,0x29,
    0x24,0x21,0x44,0x21,0x44,0x21,0x24,0x21,0x03,0x19,0x24,0x21,0x24,0x21,0x03,0x19,
    0x03,0x19,0x24,0x21,0xC2,0x10,0x00,0x00,0x00,0x00,0x00,0x00,0x00,0x00,0x00,0x00,
    0x00,0x00,0x00,0x00,0x00,0x00,0x00,0x00,0x00,0x00,0x00,0x00,0x00,0x00,0x00,0x00,
    0x00,0x00,0x00,0x00,0x00,0x00,0x00,0x00,0x00,0x00,0x00,0x00,0x00,0x00,0x00,0x00,
    0x00,0x00,0x00,0x00,0x00,0x00,0x00,0x00,0x00,0x00,0x00,0x00,0x00,0x00,0x00,0x00,
    0x00,0x00,0x00,0x00,0x00,0x00,0x00,0x00,0x00,0x00,0x00,0x00,0x00,0x00,0x00,0x00,
    0x00,0x00,0x00,0x00,0x00,0x00,0x00,0x00,0x00,0x00,0x00,0x00,0x00,0x00,0x00,0x00,
    0x00,0x00,0x00,0x00,0x00,0x00,0x00,0x00,0x00,0x00,0x00,0x00,0x00,0x00,0x00,0x00,
    0x00,0x00,0x00,0x00,0x00,0x00,0x00,0x00,0x00,0x00,0x00,0x00,0x20,0x00,0xE3,0x18,
    0x65,0x29,0x85,0x29,0x65,0x29,0xA6,0x31,0x65,0x29,0x85,0x29,0x86,0x31,0x86,0x31,
    0x86,0x31,0x86,0x31,0xA6,0x31,0x86,0x31,0x86,0x31,0xC7,0x39,0xA6,0x31,0xA6,0x31,
    0xC6,0x31,0xC7,0x39,0x86,0x31,0xC7,0x39,0xE7,0x39,0xC6,0x31,0xC6,0x31,0xA6,0x31,
    0x65,0x29,0x65,0x29,0xC6,0x31,0x86,0x31,0xC6,0x31,0x08,0x42,0xC6,0x31,0x85,0x29,
    0xA6,0x31,0xE7,0x39,0xA6,0x31,0x85,0x29,0xA6,0x31,0x65,0x29,0xA6,0x31,0x86,0x31,
    0xA6,0x31,0xA6,0x31,0x86,0x31,0x86,0x31,0xA6,0x31,0x86,0x31,0x65,0x29,0x44,0x21,
    0x04,0x21,0x24,0x21,0x04,0x21,0x03,0x19,0x04,0x21,0x04,0x21,0x04,0x21,0x03,0x19,
    0xE3,0x18,0x41,0x08,0x00,0x00,0x00,0x00,0x00,0x00,0x00,0x00,0x00,0x00,0x00,0x00,
    0x00,0x00,0x00,0x00,0x00,0x00,0x00,0x00,0x00,0x00,0x00,0x00,0x00,0x00,0x00,0x00,
    0x00,0x00,0x00,0x00,0x00,0x00,0x00,0x00,0x00,0x00,0x00,0x00,0x00,0x00,0x00,0x00,
    0x00,0x00,0x00,0x00,0x00,0x00,0x00,0x00,0x00,0x00,0x00,0x00,0x00,0x00,0x00,0x00,
    0x00,0x00,0x00,0x00,0x00,0x00,0x00,0x00,0x00,0x00,0x00,0x00,0x00,0x00,0x00,0x00,
    0x00,0x00,0x00,0x00,0x00,0x00,0x00,0x00,0x00,0x00,0x00,0x00,0x00,0x00,0x00,0x00,
    0x00,0x00,0x00,0x00,0x00,0x00,0x00,0x00,0x00,0x00,0x00,0x00,0x00,0x00,0x00,0x00,
    0x00,0x00,0x00,0x00,0x00,0x00,0x00,0x00,0x00,0x00,0x00,0x00,0x00,0x00,0x00,0x00,
    0x82,0x10,0x04,0x21,0x65,0x29,0x85,0x29,0x65,0x29,0x86,0x31,0x65,0x29,0x24,0x21,
    0x86,0x31,0xA6,0x31,0xA6,0x31,0x45,0x29,0x65,0x29,0xA6,0x31,0xC6,0x31,0xA6,0x31,
    0x85,0x29,0x85,0x29,0x85,0x29,0x85,0x29,0x86,0x31,0x86,0x31,0xA6,0x31,0xC6,0x31,
    0x44,0x21,0x85,0x29,0x86,0x31,0x86,0x31,0xA6,0x31,0xC6,0x31,0xA6,0x31,0x85,0x29,
    0x65,0x29,0xA6,0x31,0xC7,0x39,0xC7,0x39,0xC7,0x39,0xC7,0x39,0xA6,0x31,0xA6,0x31,
    0x86,0x31,0x85,0x29,0x65,0x29,0xA6,0x31,0xC6,0x31,0x86,0x31,0x85,0x29,0x45,0x29,
    0x65,0x29,0x44,0x21,0x04,0x21,0x04,0x21,0x04,0x21,0x24,0x21,0x03,0x19,0x82,0x10,
    0x00,0x00,0x00,0x00,0x00,0x00,0x00,0x00,0x00,0x00,0x00,0x00,0x00,0x00,0x00,0x00,
    0x00,0x00,0x00,0x00,0x00,0x00,0x00,0x00,0x00,0x00,0x00,0x00,0x00,0x00,0x00,0x00,
    0x00,0x00,0x00,0x00,0x00,0x00,0x00,0x00,0x00,0x00,0x00,0x00,0x00,0x00,0x00,0x00,
    0x00,0x00,0x00,0x00,0x00,0x00,0x00,0x00,0x00,0x00,0x00,0x00,0x00,0x00,0x00,0x00,
    0x00,0x00,0x00,0x00,0x00,0x00,0x00,0x00,0x00,0x00,0x00,0x00,0x00,0x00,0x00,0x00,
    0x00,0x00,0x00,0x00,0x00,0x00,0x00,0x00,0x00,0x00,0x00,0x00,0x00,0x00,0x00,0x00,
    0x00,0x00,0x00,0x00,0x00,0x00,0x00,0x00,0x00,0x00,0x00,0x00,0x00,0x00,0x00,0x00,
    0x00,0x00,0x00,0x00,0x00,0x00,0x00,0x00,0x00,0x00,0x00,0x00,0x00,0x00,0x00,0x00,
    0x00,0x00,0x00,0x00,0xA2,0x10,0x24,0x21,0x45,0x29,0x45,0x29,0x45,0x29,0x24,0x21,
    0xE3,0x18,0x86,0x31,0x86,0x31,0x44,0x21,0x44,0x21,0xA6,0x31,0x85,0x29,0x44,0x21,
    0x65,0x29,0x85,0x29,0x65,0x29,0x45,0x29,0x65,0x29,0x86,0x31,0x85,0x29,0xA6,0x31,
    0x24,0x21,0x45,0x29,0x86,0x31,0x45,0x29,0x44,0x21,0x24,0x21,0x65,0x29,0xA6,0x31,
    0x86,0x31,0x65,0x29,0xE7,0x39,0xC6,0x31,0xA6,0x31,0xC7,0x39,0x65,0x29,0x86,0x31,
    0xC6,0x31,0xA6,0x31,0x86,0x31,0xA6,0x31,0xA6,0x31,0x65,0x29,0x65,0x29,0x24,0x21,
    0x65,0x29,0x44,0x21,0xE3,0x18,0x03,0x19,0x04,0x21,0xA2,0x10,0x20,0x00,0x00,0x00,
    0x00,0x00,0x00,0x00,0x00,0x00,0x00,0x00,0x00,0x00,0x00,0x00,0x00,0x00,0x00,0x00,
    0x00,0x00,0x00,0x00,0x00,0x00,0x00,0x00,0x00,0x00,0x00,0x00,0x00,0x00,0x00,0x00,
    0x00,0x00,0x00,0x00,0x00,0x00,0x00,0x00,0x00,0x00,0x00,0x00,0x00,0x00,0x00,0x00,
    0x00,0x00,0x00,0x00,0x00,0x00,0x00,0x00,0x00,0x00,0x00,0x00,0x00,0x00,0x00,0x00,
    0x00,0x00,0x00,0x00,0x00,0x00,0x00,0x00,0x00,0x00,0x00,0x00,0x00,0x00,0x00,0x00,
    0x00,0x00,0x00,0x00,0x00,0x00,0x00,0x00,0x00,0x00,0x00,0x00,0x00,0x00,0x00,0x00,
    0x00,0x00,0x00,0x00,0x00,0x00,0x00,0x00,0x00,0x00,0x00,0x00,0x00,0x00,0x00,0x00,
    0x00,0x00,0x00,0x00,0x00,0x00,0x00,0x00,0x00,0x00,0x00,0x00,0x00,0x00,0x00,0x00,
    0x00,0x00,0x00,0x00,0x00,0x00,0x20,0x00,0xA2,0x10,0x44,0x21,0x24,0x21,0x24,0x21,
    0x24,0x21,0x44,0x21,0x65,0x29,0x24,0x21,0x04,0x21,0x65,0x29,0x65,0x29,0x44,0x21,
    0x24,0x21,0x65,0x29,0x45,0x29,0x45,0x29,0x65,0x29,0x65,0x29,0x24,0x21,0x45,0x29,
    0x85,0x29,0x24,0x21,0x65,0x29,0x85,0x29,0x24,0x21,0x65,0x29,0x86,0x31,0x65,0x29,
    0xA6,0x31,0xA6,0x31,0x86,0x31,0x65,0x29,0xA6,0x31,0x86,0x31,0x04,0x21,0x65,0x29,
    0xC7,0x39,0xA6,0x31,0xC6,0x31,0xA6,0x31,0x86,0x31,0x85,0x29,0x44,0x21,0x44,0x21,
    0x45,0x29,0x24,0x21,0x03,0x19,0xE3,0x18,0x41,0x08,0x00,0x00,0x00,0x00,0x00,0x00,
    0x00,0x00,0x00,0x00,0x00,0x00,0x00,0x00,0x00,0x00,0x00,0x00,0x00,0x00,0x00,0x00,
    0x00,0x00,0x00,0x00,0x00,0x00,0x00,0x00,0x00,0x00,0x00,0x00,0x00,0x00,0x00,0x00,
    0x00,0x00,0x00,0x00,0x00,0x00,0x00,0x00,0x00,0x00,0x00,0x00,0x00,0x00,0x00,0x00,
    0x00,0x00,0x00,0x00,0x00,0x00,0x00,0x00,0x00,0x00,0x00,0x00,0x00,0x00,0x00,0x00,
    0x00,0x00,0x00,0x00,0x00,0x00,0x00,0x00,0x00,0x00,0x00,0x00,0x00,0x00,0x00,0x00,
    0x00,0x00,0x00,0x00,0x00,0x00,0x00,0x00,0x00,0x00,0x00,0x00,0x00,0x00,0x00,0x00,
    0x00,0x00,0x00,0x00,0x00,0x00,0x00,0x00,0x00,0x00,0x00,0x00,0x00,0x00,0x00,0x00,
    0x00,0x00,0x00,0x00,0x00,0x00,0x00,0x00,0x00,0x00,0x00,0x00,0x00,0x00,0x00,0x00,
    0x00,0x00,0x00,0x00,0x00,0x00,0x00,0x00,0x00,0x00,0x20,0x00,0xA2,0x10,0xE3,0x18,
    0x44,0x21,0x44,0x21,0x03,0x19,0x24,0x21,0x24,0x21,0x45,0x29,0x65,0x29,0x45,0x29,
    0x24,0x21,0x24,0x21,0x65,0x29,0x24,0x21,0x24,0x21,0x65,0x29,0x24,0x21,0x44,0x21,
    0x03,0x19,0x45,0x29,0x45,0x29,0x44,0x21,0x65,0x29,0x85,0x29,0x65,0x29,0x65,0x29,
    0x65,0x29,0x65,0x29,0x65,0x29,0x45,0x29,0x86,0x31,0x65,0x29,0x65,0x29,0xA6,0x31,
    0xA6,0x31,0x86,0x31,0xA6,0x31,0xA6,0x31,0x86,0x31,0x85,0x29,0x65,0x29,0x65,0x29,
    0x45,0x29,0xE3,0x18,0x61,0x08,0x00,0x00,0x00,0x00,0x00,0x00,0x00,0x00,0x00,0x00,
    0x00,0x00,0x00,0x00,0x00,0x00,0x00,0x00,0x00,0x00,0x00,0x00,0x00,0x00,0x00,0x00,
    0x00,0x00,0x00,0x00,0x00,0x00,0x00,0x00,0x00,0x00,0x00,0x00,0x00,0x00,0x00,0x00,
    0x00,0x00,0x00,0x00,0x00,0x00,0x00,0x00,0x00,0x00,0x00,0x00,0x00,0x00,0x00,0x00,
    0x00,0x00,0x00,0x00,0x00,0x00,0x00,0x00,0x00,0x00,0x00,0x00,0x00,0x00,0x00,0x00,
    0x00,0x00,0x00,0x00,0x00,0x00,0x00,0x00,0x00,0x00,0x00,0x00,0x00,0x00,0x00,0x00,
    0x00,0x00,0x00,0x00,0x00,0x00,0x00,0x00,0x00,0x00,0x00,0x00,0x00,0x00,0x00,0x00,
    0x00,0x00,0x00,0x00,0x00,0x00,0x00,0x00,0x00,0x00,0x00,0x00,0x00,0x00,0x00,0x00,
    0x00,0x00,0x00,0x00,0x00,0x00,0x00,0x00,0x00,0x00,0x00,0x00,0x00,0x00,0x00,0x00,
    0x00,0x00,0x00,0x00,0x00,0x00,0x00,0x00,0x00,0x00,0x00,0x00,0x00,0x00,0x00,0x00,
    0x61,0x08,0x03,0x19,0x24,0x21,0x24,0x21,0x24,0x21,0x24,0x21,0x44,0x21,0x45,0x29,
    0x24,0x21,0x44,0x21,0x44,0x21,0x44,0x21,0x65,0x29,0x65,0x29,0x65,0x29,0x65,0x29,
    0x24,0x21,0x45,0x29,0x65,0x29,0x24,0x21,0x45,0x29,0x65,0x29,0x45,0x29,0x65,0x29,
    0x65,0x29,0xA6,0x31,0xA6,0x31,0xA6,0x31,0xA6,0x31,0xA6,0x31,0x85,0x29,0x65,0x29,
    0xC7,0x39,0xC6,0x31,0xC7,0x39,0xC7,0x39,0xA6,0x31,0x86,0x31,0x45,0x29,0xC3,0x18,
    0x40,0x00,0x00,0x00,0x00,0x00,0x00,0x00,0x00,0x00,0x00,0x00,0x00,0x00,0x00,0x00,
    0x00,0x00,0x00,0x00,0x00,0x00,0x00,0x00,0x00,0x00,0x00,0x00,0x00,0x00,0x00,0x00,
    0x00,0x00,0x00,0x00,0x00,0x00,0x00,0x00,0x00,0x00,0x00,0x00,0x00,0x00,0x00,0x00,
    0x00,0x00,0x00,0x00,0x00,0x00,0x00,0x00,0x00,0x00,0x00,0x00,0x00,0x00,0x00,0x00,
    0x00,0x00,0x00,0x00,0x00,0x00,0x00,0x00,0x00,0x00,0x00,0x00,0x00,0x00,0x00,0x00,
    0x00,0x00,0x00,0x00,0x00,0x00,0x00,0x00,0x00,0x00,0x00,0x00,0x00,0x00,0x00,0x00,
    0x00,0x00,0x00,0x00,0x00,0x00,0x00,0x00,0x00,0x00,0x00,0x00,0x00,0x00,0x00,0x00,
    0x00,0x00,0x00,0x00,0x00,0x00,0x00,0x00,0x00,0x00,0x00,0x00,0x00,0x00,0x00,0x00,
    0x00,0x00,0x00,0x00,0x00,0x00,0x00,0x00,0x00,0x00,0x00,0x00,0x00,0x00,0x00,0x00,
    0x00,0x00,0x00,0x00,0x00,0x00,0x00,0x00,0x00,0x00,0x00,0x00,0x00,0x00,0x00,0x00,
    0x00,0x00,0x00,0x00,0x41,0x08,0xA2,0x10,0x04,0x21,0x04,0x21,0x24,0x21,0x24,0x21,
    0x44,0x21,0x24,0x21,0x45,0x29,0x45,0x29,0x45,0x29,0x65,0x29,0x65,0x29,0x65,0x29,
    0x65,0x29,0x65,0x29,0x44,0x21,0x65,0x29,0x45,0x29,0x45,0x29,0x45,0x29,0x65,0x29,
    0x65,0x29,0x65,0x29,0x86,0x31,0x65,0x29,0x86,0x31,0x65,0x29,0x85,0x29,0x86,0x31,
    0xE7,0x39,0x86,0x31,0x65,0x29,0x65,0x29,0x04,0x21,0x81,0x08,0x00,0x00,0x00,0x00,
    0x00,0x00,0x00,0x00,0x00,0x00,0x00,0x00,0x00,0x00,0x00,0x00,0x00,0x00,0x00,0x00,
    0x00,0x00,0x00,0x00,0x00,0x00,0x00,0x00,0x00,0x00,0x00,0x00,0x00,0x00,0x00,0x00,
    0x00,0x00,0x00,0x00,0x00,0x00,0x00,0x00,0x00,0x00,0x00,0x00,0x00,0x00,0x00,0x00,
    0x00,0x00,0x00,0x00,0x00,0x00,0x00,0x00,0x00,0x00,0x00,0x00,0x00,0x00,0x00,0x00,
    0x00,0x00,0x00,0x00,0x00,0x00,0x00,0x00,0x00,0x00,0x00,0x00,0x00,0x00,0x00,0x00,
    0x00,0x00,0x00,0x00,0x00,0x00,0x00,0x00,0x00,0x00,0x00,0x00,0x00,0x00,0x00,0x00,
    0x00,0x00,0x00,0x00,0x00,0x00,0x00,0x00,0x00,0x00,0x00,0x00,0x00,0x00,0x00,0x00,
    0x00,0x00,0x00,0x00,0x00,0x00,0x00,0x00,0x00,0x00,0x00,0x00,0x00,0x00,0x00,0x00,
    0x00,0x00,0x00,0x00,0x00,0x00,0x00,0x00,0x00,0x00,0x00,0x00,0x00,0x00,0x00,0x00,
    0x00,0x00,0x00,0x00,0x00,0x00,0x00,0x00,0x00,0x00,0x00,0x00,0x00,0x00,0x00,0x00,
    0x00,0x00,0x00,0x00,0x00,0x00,0x00,0x00,0x00,0x00,0x20,0x00,0x82,0x10,0xA2,0x10,
    0x04,0x21,0x24,0x21,0x44,0x21,0x44,0x21,0x44,0x21,0x65,0x29,0x45,0x29,0x85,0x29,
    0x65,0x29,0x24,0x21,0x65,0x29,0x65,0x29,0x65,0x29,0x24,0x21,0x65,0x29,0x65,0x29,
    0x45,0x29,0x44,0x21,0xA6,0x31,0x85,0x29,0xA6,0x31,0x86,0x31,0x85,0x29,0x65,0x29,
    0x24,0x21,0xC3,0x18,0x41,0x08,0x00,0x00,0x00,0x00,0x00,0x00,0x00,0x00,0x00,0x00,
    0x00,0x00,0x00,0x00,0x00,0x00,0x00,0x00,0x00,0x00,0x00,0x00,0x00,0x00,0x00,0x00,
    0x00,0x00,0x00,0x00,0x00,0x00,0x00,0x00,0x00,0x00,0x00,0x00,0x00,0x00,0x00,0x00,
    0x00,0x00,0x00,0x00,0x00,0x00,0x00,0x00,0x00,0x00,0x00,0x00,0x00,0x00,0x00,0x00,
    0x00,0x00,0x00,0x00,0x00,0x00,0x00,0x00,0x00,0x00,0x00,0x00,0x00,0x00,0x00,0x00,
    0x00,0x00,0x00,0x00,0x00,0x00,0x00,0x00,0x00,0x00,0x00,0x00,0x00,0x00,0x00,0x00,
    0x00,0x00,0x00,0x00,0x00,0x00,0x00,0x00,0x00,0x00,0x00,0x00,0x00,0x00,0x00,0x00,
    0x00,0x00,0x00,0x00,0x00,0x00,0x00,0x00,0x00,0x00,0x00,0x00,0x00,0x00,0x00,0x00,
    0x00,0x00,0x00,0x00,0x00,0x00,0x00,0x00,0x00,0x00,0x00,0x00,0x00,0x00,0x00,0x00,
    0x00,0x00,0x00,0x00,0x00,0x00,0x00,0x00,0x00,0x00,0x00,0x00,0x00,0x00,0x00,0x00,
    0x00,0x00,0x00,0x00,0x00,0x00,0x00,0x00,0x00,0x00,0x00,0x00,0x00,0x00,0x00,0x00,
    0x00,0x00,0x00,0x00,0x00,0x00,0x00,0x00,0x00,0x00,0x00,0x00,0x00,0x00,0x00,0x00,
    0x00,0x00,0x20,0x00,0x41,0x08,0x82,0x10,0xA2,0x10,0x03,0x19,0xE3,0x18,0x44,0x21,
    0x24,0x21,0x45,0x29,0x24,0x21,0x03,0x19,0x03,0x19,0x24,0x21,0x24,0x21,0x24,0x21,
    0x45,0x29,0x24,0x21,0x24,0x21,0xE3,0x18,0xC3,0x18,0x82,0x10,0x41,0x08,0x00,0x00,
    0x00,0x00,0x00,0x00,0x00,0x00,0x00,0x00,0x00,0x00,0x00,0x00,0x00,0x00,0x00,0x00,
    0x00,0x00,0x00,0x00,0x00,0x00,0x00,0x00,0x00,0x00,0x00,0x00,0x00,0x00,0x00,0x00,
    0x00,0x00,0x00,0x00,0x00,0x00,0x00,0x00,0x00,0x00,0x00,0x00,0x00,0x00,0x00,0x00,
    0x00,0x00,0x00,0x00,0x00,0x00,0x00,0x00,0x00,0x00,0x00,0x00,0x00,0x00,0x00,0x00,
    0x00,0x00,0x00,0x00,0x00,0x00,0x00,0x00,0x00,0x00,0x00,0x00,0x00,0x00,0x00,0x00,
    0x00,0x00,0x00,0x00,0x00,0x00,0x00,0x00,0x00,0x00,0x00,0x00,0x00,0x00,0x00,0x00,
    0x00,0x00,0x00,0x00,0x00,0x00,0x00,0x00,0x00,0x00,0x00,0x00,0x00,0x00,0x00,0x00,
    0x00,0x00,0x00,0x00,0x00,0x00,0x00,0x00,0x00,0x00,0x00,0x00,0x00,0x00,0x00,0x00,
    0x00,0x00,0x00,0x00,0x00,0x00,0x00,0x00,0x00,0x00,0x00,0x00,0x00,0x00,0x00,0x00,
    0x00,0x00,0x00,0x00,0x00,0x00,0x00,0x00,0x00,0x00,0x00,0x00,0x00,0x00,0x00,0x00,
    0x00,0x00,0x00,0x00,0x00,0x00,0x00,0x00,0x00,0x00,0x00,0x00,0x00,0x00,0x00,0x00,
    0x00,0x00,0x00,0x00,0x00,0x00,0x00,0x00,0x00,0x00,0x00,0x00,0x00,0x00,0x00,0x00,
    0x00,0x00,0x00,0x00,0x00,0x00,0x00,0x00,0x00,0x00,0x00,0x00,0x00,0x00,0x20,0x00,
    0x00,0x00,0x20,0x00,0x00,0x00,0x00,0x00,0x20,0x00,0x00,0x00,0x00,0x00,0x20,0x00,
    0x20,0x00,0x00,0x00,0x00,0x00,0x00,0x00,0x00,0x00,0x00,0x00,0x00,0x00,0x00,0x00,
    0x00,0x00,0x00,0x00,0x00,0x00,0x00,0x00,0x00,0x00,0x00,0x00,0x00,0x00,0x00,0x00,
    0x00,0x00,0x00,0x00,0x00,0x00,0x00,0x00,0x00,0x00,0x00,0x00,0x00,0x00,0x00,0x00,
    0x00,0x00,0x00,0x00,0x00,0x00,0x00,0x00,0x00,0x00,0x00,0x00,0x00,0x00,0x00,0x00,
    0x00,0x00,0x00,0x00,0x00,0x00,0x00,0x00,0x00,0x00,0x00,0x00,0x00,0x00,0x00,0x00,
    0x00,0x00,0x00,0x00,0x00,0x00,0x00,0x00,0x00,0x00,0x00,0x00,0x00,0x00,0x00,0x00,
    0x00,0x00,0x00,0x00,0x00,0x00,0x00,0x00,0x00,0x00,0x00,0x00,0x00,0x00,0x00,0x00,
    0x00,0x00,0x00,0x00,0x00,0x00,0x00,0x00,0x00,0x00,0x00,0x00,0x00,0x00,0x00,0x00,
    0x00,0x00,0x00,0x00,0x00,0x00,0x00,0x00,0x00,0x00,0x00,0x00,0x00,0x00,0x00,0x00,
    0x00,0x00,0x00,0x00,0x00,0x00,0x00,0x00,0x00,0x00,0x00,0x00,0x00,0x00,0x00,0x00,
    0x00,0x00,0x00,0x00,0x00,0x00,0x00,0x00,0x00,0x00,0x00,0x00,0x00,0x00,0x00,0x00,
    0x00,0x00,0x00,0x00,0x00,0x00,0x00,0x00,0x00,0x00,0x00,0x00,0x00,0x00,0x00,0x00,
    0x00,0x00,0x00,0x00,0x00,0x00,0x00,0x00,0x00,0x00,0x00,0x00,0x00,0x00,0x00,0x00,
    0x00,0x00,0x00,0x00,0x00,0x00,0x00,0x00,0x00,0x00,0x00,0x00,0x00,0x00,0x00,0x00,
    0x00,0x00,0x00,0x00,0x00,0x00,0x00,0x00,0x00,0x00,0x00,0x00,0x00,0x00,0x00,0x00,
    0x00,0x00,0x00,0x00,0x00,0x00,0x00,0x00,0x00,0x00,0x00,0x00,0x00,0x00,0x00,0x00,
    0x00,0x00,0x00,0x00,0x00,0x00,0x00,0x00,0x00,0x00,0x00,0x00,0x00,0x00,0x00,0x00,
    0x00,0x00,0x00,0x00,0x00,0x00,0x00,0x00,0x00,0x00,0x00,0x00,0x00,0x00,0x00,0x00,
    0x00,0x00,0x00,0x00,0x00,0x00,0x00,0x00,0x00,0x00,0x00,0x00,0x00,0x00,0x00,0x00,
    0x00,0x00,0x00,0x00,0x00,0x00,0x00,0x00,0x00,0x00,0x00,0x00,0x00,0x00,0x00,0x00,
    0x00,0x00,0x00,0x00,0x00,0x00,0x00,0x00,0x00,0x00,0x00,0x00,0x00,0x00,0x00,0x00,
    0x00,0x00,0x00,0x00,0x00,0x00,0x00,0x00,0x00,0x00,0x00,0x00,0x00,0x00,0x00,0x00,
    0x00,0x00,0x00,0x00,0x00,0x00,0x00,0x00,0x00,0x00,0x00,0x00,0x00,0x00,0x00,0x00,
    0x00,0x00,0x00,0x00,0x00,0x00,0x00,0x00,0x00,0x00,0x00,0x00,0x00,0x00,0x00,0x00,
    0x00,0x00,0x00,0x00,0x00,0x00,0x00,0x00,0x00,0x00,0x00,0x00,0x00,0x00,0x00,0x00,
    0x00,0x00,0x00,0x00,0x00,0x00,0x00,0x00,0x00,0x00,0x00,0x00,0x00,0x00,0x00,0x00,
    0x00,0x00,0x00,0x00,0x00,0x00,0x00,0x00,0x00,0x00,0x00,0x00,0x00,0x00,0x00,0x00,
    0x00,0x00,0x00,0x00,0x00,0x00,0x00,0x00,0x00,0x00,0x00,0x00,0x00,0x00,0x00,0x00,
    0x00,0x00,0x00,0x00,0x00,0x00,0x00,0x00,0x00,0x00,0x00,0x00,0x00,0x00,0x00,0x00,
    0x00,0x00,0x00,0x00,0x00,0x00,0x00,0x00,0x00,0x00,0x00,0x00,0x00,0x00,0x00,0x00,
    0x00,0x00,0x00,0x00,0x00,0x00,0x00,0x00,0x00,0x00,0x00,0x00,0x00,0x00,0x00,0x00,
    0x00,0x00,0x00,0x00,0x00,0x00,0x00,0x00,0x00,0x00,0x00,0x00,0x00,0x00,0x00,0x00,
    0x00,0x00,0x00,0x00,0x00,0x00,0x00,0x00,0x00,0x00,0x00,0x00,0x00,0x00,0x00,0x00,
    0x00,0x00,0x00,0x00,0x00,0x00,0x00,0x00,0x00,0x00,0x00,0x00,0x00,0x00,0x00,0x00,
    0x00,0x00,0x00,0x00,0x00,0x00,0x00,0x00,0x00,0x00,0x00,0x00,0x00,0x00,0x00,0x00,
    0x00,0x00,0x00,0x00,0x00,0x00,0x00,0x00,0x00,0x00,0x00,0x00,0x00,0x00,0x00,0x00,
    0x00,0x00,0x00,0x00,0x00,0x00,0x00,0x00,0x00,0x00,0x00,0x00,0x00,0x00,0x00,0x00,
    0x00,0x00,0x00,0x00,0x00,0x00,0x00,0x00,0x00,0x00,0x00,0x00,0x00,0x00,0x00,0x00,
    0x00,0x00,0x00,0x00,0x00,0x00,0x00,0x00,0x00,0x00,0x00,0x00,0x00,0x00,0x00,0x00,
    0x00,0x00,0x00,0x00,0x00,0x00,0x00,0x00,0x00,0x00,0x00,0x00,0x00,0x00,0x00,0x00,
    0x00,0x00,0x00,0x00,0x00,0x00,0x00,0x00,0x00,0x00,0x00,0x00,0x00,0x00,0x00,0x00,
    0x00,0x00,0x00,0x00,0x00,0x00,0x00,0x00,0x00,0x00,0x00,0x00,0x00,0x00,0x00,0x00,
    0x00,0x00,0x00,0x00,0x00,0x00,0x00,0x00,0x00,0x00,0x00,0x00,0x00,0x00,0x00,0x00,
    0x00,0x00,0x00,0x00,0x00,0x00,0x00,0x00,0x00,0x00,0x00,0x00,0x00,0x00,0x00,0x00,
    0x00,0x00,0x00,0x00,0x00,0x00,0x00,0x00,0x00,0x00,0x00,0x00,0x00,0x00,0x00,0x00,
    0x00,0x00,0x00,0x00,0x00,0x00,0x00,0x00,0x00,0x00,0x00,0x00,0x00,0x00,0x00,0x00,
    0x00,0x00,0x00,0x00,0x00,0x00,0x00,0x00,0x00,0x00,0x00,0x00,0x00,0x00,0x00,0x00,
    0x00,0x00,0x00,0x00,0x00,0x00,0x00,0x00,0x00,0x00,0x00,0x00,0x00,0x00,0x00,0x00,
    0x00,0x00,0x00,0x00,0x00,0x00,0x00,0x00,0x00,0x00,0x00,0x00,0x00,0x00,0x00,0x00,
    0x00,0x00,0x00,0x00,0x00,0x00,0x00,0x00,0x00,0x00,0x00,0x00,0x00,0x00,0x00,0x00,
    0x00,0x00,0x00,0x00,0x00,0x00,0x00,0x00,0x00,0x00,0x00,0x00,0x00,0x00,0x00,0x00,
    0x00,0x00,0x00,0x00,0x00,0x00,0x00,0x00,0x00,0x00,0x00,0x00,0x00,0x00,0x00,0x00,
    0x00,0x00,0x00,0x00,0x00,0x00,0x00,0x00,0x00,0x00,0x00,0x00,0x00,0x00,0x00,0x00,
    0x00,0x00,0x00,0x00,0x00,0x00,0x00,0x00,0x00,0x00,0x00,0x00,0x00,0x00,0x00,0x00,
    0x00,0x00,0x00,0x00,0x00,0x00,0x00,0x00,0x00,0x00,0x00,0x00,0x00,0x00,0x00,0x00,
    0x00,0x00,0x00,0x00,0x00,0x00,0x00,0x00,0x00,0x00,0x00,0x00,0x00,0x00,0x00,0x00,
    0x00,0x00,0x00,0x00,0x00,0x00,0x00,0x00,0x00,0x00,0x00,0x00,0x00,0x00,0x00,0x00,
    0x00,0x00,0x00,0x00,0x00,0x00,0x00,0x00,0x00,0x00,0x00,0x00,0x00,0x00,0x00,0x00,
    0x00,0x00,0x00,0x00,0x00,0x00,0x00,0x00,0x00,0x00,0x00,0x00,0x00,0x00,0x00,0x00,
    0x00,0x00,0x00,0x00,0x00,0x00,0x00,0x00,0x00,0x00,0x00,0x00,0x00,0x00,0x00,0x00,
    0x00,0x00,0x00,0x00,0x00,0x00,0x00,0x00,0x00,0x00,0x00,0x00,0x00,0x00,0x00,0x00,
    0x00,0x00,0x00,0x00,0x00,0x00,0x00,0x00,0x00,0x00,0x00,0x00,0x00,0x00,0x00,0x00,
    0x00,0x00,0x00,0x00,0x00,0x00,0x00,0x00,0x00,0x00,0x00,0x00,0x00,0x00,0x00,0x00,
    0x00,0x00,0x00,0x00,0x00,0x00,0x00,0x00,0x00,0x00,0x00,0x00,0x00,0x00,0x00,0x00,
    0x00,0x00,0x00,0x00,0x00,0x00,0x00,0x00,0x00,0x00,0x00,0x00,0x00,0x00,0x00,0x00,
    0x00,0x00,0x00,0x00,0x00,0x00,0x00,0x00,0x00,0x00,0x00,0x00,0x00,0x00,0x00,0x00,
    0x00,0x00,0x00,0x00,0x00,0x00,0x00,0x00,0x00,0x00,0x00,0x00,0x00,0x00,0x00,0x00,
    0x00,0x00,0x00,0x00,0x00,0x00,0x00,0x00,0x00,0x00,0x00,0x00,0x00,0x00,0x00,0x00,
    0x00,0x00,0x00,0x00,0x00,0x00,0x00,0x00,0x00,0x00,0x00,0x00,0x00,0x00,0x00,0x00,
    0x00,0x00,0x00,0x00,0x00,0x00,0x00,0x00,0x00,0x00,0x00,0x00,0x00,0x00,0x00,0x00,
    0x00,0x00,0x00,0x00,0x00,0x00,0x00,0x00,0x00,0x00,0x00,0x00,0x00,0x00,0x00,0x00,
    0x00,0x00,0x00,0x00,0x00,0x00,0x00,0x00,0x00,0x00,0x00,0x00,0x00,0x00,0x00,0x00,
    0x00,0x00,0x00,0x00,0x00,0x00,0x00,0x00,0x00,0x00,0x00,0x00,0x00,0x00,0x00,0x00,
    0x00,0x00,0x00,0x00,0x00,0x00,0x00,0x00,0x00,0x00,0x00,0x00,0x00,0x00,0x00,0x00,
    0x00,0x00,0x00,0x00,0x00,0x00,0x00,0x00,0x00,0x00,0x00,0x00,0x00,0x00,0x00,0x00,
    0x00,0x00,0x00,0x00,0x00,0x00,0x00,0x00,0x00,0x00,0x00,0x00,0x00,0x00,0x00,0x00,
    0x00,0x00,0x00,0x00,0x00,0x00,0x00,0x00,0x00,0x00,0x00,0x00,0x00,0x00,0x00,0x00,
    0x00,0x00,0x00,0x00,0x00,0x00,0x00,0x00,0x00,0x00,0x00,0x00,0x00,0x00,0x00,0x00,
    0x00,0x00,0x00,0x00,0x00,0x00,0x00,0x00,0x00,0x00,0x00,0x00,0x00,0x00,0x00,0x00,
    0x00,0x00,0x00,0x00,0x00,0x00,0x00,0x00,0x00,0x00,0x00,0x00,0x00,0x00,0x00,0x00,
    0x00,0x00,0x00,0x00,0x00,0x00,0x00,0x00,0x00,0x00,0x00,0x00,0x00,0x00,0x00,0x00,
    0x00,0x00,0x00,0x00,0x00,0x00,0x00,0x00,0x00,0x00,0x00,0x00,0x00,0x00,0x00,0x00,
    0x00,0x00,0x00,0x00,0x00,0x00,0x00,0x00,0x00,0x00,0x00,0x00,0x00,0x00,0x00,0x00,
    0x00,0x00,0x00,0x00,0x00,0x00,0x00,0x00,0x00,0x00,0x00,0x00,0x00,0x00,0x00,0x00,
    0x00,0x00,0x00,0x00,0x00,0x00,0x00,0x00,0x00,0x00,0x00,0x00,0x00,0x00,0x00,0x00,
    0x00,0x00,0x00,0x00,0x00,0x00,0x00,0x00,0x00,0x00,0x00,0x00,0x00,0x00,0x00,0x00,
    0x00,0x00,0x00,0x00,0x00,0x00,0x00,0x00,0x00,0x00,0x00,0x00,0x00,0x00,0x00,0x00,
    0x00,0x00,0x00,0x00,0x00,0x00,0x00,0x00,0x00,0x00,0x00,0x00,0x00,0x00,0x00,0x00,
    0x00,0x00,0x00,0x00,0x00,0x00,0x00,0x00,0x00,0x00,0x00,0x00,0x00,0x00,0x00,0x00,
    0x00,0x00,0x00,0x00,0x00,0x00,0x00,0x00,0x00,0x00,0x00,0x00,0x00,0x00,0x00,0x00,
    0x00,0x00,0x00,0x00,0x00,0x00,0x00,0x00,0x00,0x00,0x00,0x00,0x00,0x00,0x00,0x00,
    0x00,0x00,0x00,0x00,0x00,0x00,0x00,0x00,0x00,0x00,0x00,0x00,0x00,0x00,0x00,0x00,
    0x00,0x00,0x00,0x00,0x00,0x00,0x00,0x00,0x00,0x00,0x00,0x00,0x00,0x00,0x00,0x00,
    0x00,0x00,0x00,0x00,0x00,0x00,0x00,0x00,0x00,0x00,0x00,0x00,0x00,0x00,0x00,0x00,
    0x00,0x00,0x00,0x00,0x00,0x00,0x00,0x00,0x00,0x00,0x00,0x00,0x00,0x00,0x00,0x00,
    0x00,0x00,0x00,0x00,0x00,0x00,0x00,0x00,0x00,0x00,0x00,0x00,0x00,0x00,0x00,0x00,
    0x00,0x00,0x00,0x00,0x00,0x00,0x00,0x00,0x00,0x00,0x00,0x00,0x00,0x00,0x00,0x00,
    0x00,0x00,0x00,0x00,0x00,0x00,0x00,0x00,0x00,0x00,0x00,0x00,0x00,0x00,0x00,0x00,
    0x00,0x00,0x00,0x00,0x00,0x00,0x00,0x00,0x00,0x00,0x00,0x00,0x00,0x00,0x00,0x00,
    0x00,0x00,0x00,0x00,0x00,0x00,0x00,0x00,0x00,0x02,0x04,0x03,0x00,0x00,0x00,0x00,
    0x03,0x1F,0x45,0x78,0x88,0xB9,0xCB,0xCA,0xF2,0xFF,0xFE,0xFF,0xFF,0xFE,0xFF,0xF2,
    0xCA,0xCB,0xB9,0x88,0x78,0x45,0x1F,0x03,0x00,0x00,0x00,0x00,0x03,0x04,0x02,0x00,
    0x00,0x00,0x00,0x00,0x00,0x00,0x00,0x00,0x00,0x00,0x00,0x00,0x00,0x00,0x00,0x00,
    0x00,0x00,0x00,0x00,0x00,0x00,0x00,0x00,0x00,0x00,0x00,0x00,0x00,0x00,0x00,0x00,
    0x00,0x00,0x00,0x00,0x00,0x00,0x00,0x00,0x00,0x00,0x00,0x00,0x00,0x00,0x00,0x00,
    0x00,0x00,0x00,0x00,0x00,0x00,0x00,0x00,0x00,0x00,0x00,0x00,0x00,0x00,0x00,0x00,
    0x00,0x00,0x00,0x00,0x00,0x00,0x00,0x00,0x00,0x00,0x00,0x00,0x00,0x00,0x01,0x04,
    0x02,0x00,0x00,0x00,0x0A,0x34,0x6E,0xAB,0xD2,0xF1,0xFF,0xFF,0xFF,0xFF,0xFF,0xFF,
    0xFF,0xFF,0xFF,0xFF,0xFF,0xFF,0xFF,0xFF,0xFF,0xFF,0xFF,0xFF,0xFF,0xFF,0xF1,0xD2,
    0xAB,0x6E,0x34,0x0A,0x00,0x00,0x00,0x02,0x04,0x01,0x00,0x00,0x00,0x00,0x00,0x00,
    0x00,0x00,0x00,0x00,0x00,0x00,0x00,0x00,0x00,0x00,0x00,0x00,0x00,0x00,0x00,0x00,
    0x00,0x00,0x00,0x00,0x00,0x00,0x00,0x00,0x00,0x00,0x00,0x00,0x00,0x00,0x00,0x00,
    0x00,0x00,0x00,0x00,0x00,0x00,0x00,0x00,0x00,0x00,0x00,0x00,0x00,0x00,0x00,0x00,
    0x00,0x00,0x00,0x00,0x00,0x00,0x00,0x00,0x00,0x00,0x00,0x00,0x00,0x00,0x00,0x00,
    0x00,0x00,0x00,0x00,0x02,0x03,0x00,0x00,0x00,0x1C,0x61,0xAE,0xE2,0xFF,0xFF,0xFF,
    0xFF,0xFF,0xFE,0xFC,0xFC,0xFD,0xFD,0xFD,0xFF,0xFF,0xFF,0xFF,0xFF,0xFF,0xFF,0xFF,
    0xFD,0xFD,0xFD,0xFC,0xFC,0xFE,0xFF,0xFF,0xFF,0xFF,0xFF,0xE2,0xAE,0x61,0x1C,0x00,
    0x00,0x00,0x03,0x02,0x00,0x00,0x00,0x00,0x00,0x00,0x00,0x00,0x00,0x00,0x00,0x00,
    0x00,0x00,0x00,0x00,0x00,0x00,0x00,0x00,0x00,0x00,0x00,0x00,0x00,0x00,0x00,0x00,
    0x00,0x00,0x00,0x00,0x00,0x00,0x00,0x00,0x00,0x00,0x00,0x00,0x00,0x00,0x00,0x00,
    0x00,0x00,0x00,0x00,0x00,0x00,0x00,0x00,0x00,0x00,0x00,0x00,0x00,0x00,0x00,0x00,
    0x00,0x00,0x00,0x00,0x00,0x00,0x00,0x00,0x00,0x01,0x03,0x01,0x00,0x00,0x17,0x61,
    0xB0,0xF1,0xFF,0xFF,0xFF,0xFE,0xFB,0xFC,0xFD,0xFE,0xFF,0xFF,0xFF,0xFF,0xFF,0xFF,
    0xFF,0xFF,0xFF,0xFF,0xFF,0xFF,0xFF,0xFF,0xFF,0xFF,0xFF,0xFF,0xFF,0xFF,0xFE,0xFD,
    0xFC,0xFB,0xFE,0xFF,0xFF,0xFF,0xF1,0xB0,0x61,0x17,0x00,0x00,0x01,0x03,0x01,0x00,
    0x00,0x00,0x00,0x00,0x00,0x00,0x00,0x00,0x00,0x00,0x00,0x00,0x00,0x00,0x00,0x00,
    0x00,0x00,0x00,0x00,0x00,0x00,0x00,0x00,0x00,0x00,0x00,0x00,0x00,0x00,0x00,0x00,
    0x00,0x00,0x00,0x00,0x00,0x00,0x00,0x00,0x00,0x00,0x00,0x00,0x00,0x00,0x00,0x00,
    0x00,0x00,0x00,0x00,0x00,0x00,0x00,0x00,0x00,0x00,0x00,0x00,0x00,0x00,0x00,0x00,
    0x03,0x00,0x00,0x00,0x3A,0x9A,0xE9,0xFF,0xFF,0xFF,0xFC,0xFC,0xFD,0xFF,0xFF,0xFF,
    0xFF,0xFF,0xFF,0xFF,0xFF,0xFF,0xFF,0xFF,0xFF,0xFF,0xFF,0xFF,0xFF,0xFF,0xFF,0xFF,
    0xFF,0xFF,0xFF,0xFF,0xFF,0xFF,0xFF,0xFF,0xFF,0xFF,0xFF,0xFD,0xFC,0xFC,0xFF,0xFF,
    0xFF,0xE9,0x9A,0x3A,0x00,0x00,0x00,0x03,0x00,0x00,0x00,0x00,0x00,0x00,0x00,0x00,
    0x00,0x00,0x00,0x00,0x00,0x00,0x00,0x00,0x00,0x00,0x00,0x00,0x00,0x00,0x00,0x00,
    0x00,0x00,0x00,0x00,0x00,0x00,0x00,0x00,0x00,0x00,0x00,0x00,0x00,0x00,0x00,0x00,
    0x00,0x00,0x00,0x00,0x00,0x00,0x00,0x00,0x00,0x00,0x00,0x00,0x00,0x00,0x00,0x00,
    0x00,0x00,0x00,0x00,0x00,0x00,0x03,0x02,0x00,0x03,0x45,0xBA,0xFF,0xFF,0xFF,0xFC,
    0xFC,0xFE,0xFF,0xFF,0xFF,0xFF,0xFF,0xFF,0xFF,0xFF,0xFF,0xFF,0xFF,0xFF,0xFF,0xFF,
    0xFF,0xFF,0xFF,0xFF,0xFF,0xFF,0xFF,0xFF,0xFF,0xFF,0xFF,0xFF,0xFF,0xFF,0xFF,0xFF,
    0xFF,0xFF,0xFF,0xFF,0xFF,0xFF,0xFE,0xFC,0xFC,0xFF,0xFF,0xFF,0xBA,0x45,0x03,0x00,
    0x02,0x03,0x00,0x00,0x00,0x00,0x00,0x00,0x00,0x00,0x00,0x00,0x00,0x00,0x00,0x00,
    0x00,0x00,0x00,0x00,0x00,0x00,0x00,0x00,0x00,0x00,0x00,0x00,0x00,0x00,0x00,0x00,
    0x00,0x00,0x00,0x00,0x00,0x00,0x00,0x00,0x00,0x00,0x00,0x00,0x00,0x00,0x00,0x00,
    0x00,0x00,0x00,0x00,0x00,0x00,0x00,0x00,0x00,0x00,0x00,0x00,0x01,0x03,0x00,0x00,
    0x59,0xD2,0xFF,0xFF,0xFE,0xFC,0xFE,0xFF,0xFF,0xFF,0xFF,0xFF,0xFF,0xFF,0xFF,0xFF,
    0xFF,0xFF,0xFF,0xFF,0xFF,0xFF,0xFF,0xFF,0xFF,0xFF,0xFF,0xFF,0xFF,0xFF,0xFF,0xFF,
    0xFF,0xFF,0xFF,0xFF,0xFF,0xFF,0xFF,0xFF,0xFF,0xFF,0xFF,0xFF,0xFF,0xFF,0xFF,0xFF,
    0xFF,0xFE,0xFC,0xFE,0xFF,0xFF,0xD2,0x59,0x00,0x00,0x03,0x01,0x00,0x00,0x00,0x00,
    0x00,0x00,0x00,0x00,0x00,0x00,0x00,0x00,0x00,0x00,0x00,0x00,0x00,0x00,0x00,0x00,
    0x00,0x00,0x00,0x00,0x00,0x00,0x00,0x00,0x00,0x00,0x00,0x00,0x00,0x00,0x00,0x00,
    0x00,0x00,0x00,0x00,0x00,0x00,0x00,0x00,0x00,0x00,0x00,0x00,0x00,0x00,0x00,0x00,
    0x00,0x00,0x00,0x03,0x00,0x00,0x43,0xBA,0xFF,0xFF,0xFD,0xFC,0xFF,0xFF,0xFF,0xFF,
    0xFF,0xFF,0xFF,0xFF,0xFF,0xFF,0xFF,0xFF,0xFF,0xFF,0xFF,0xFF,0xFF,0xFF,0xFF,0xFF,
    0xFF,0xFF,0xFF,0xFF,0xFF,0xFF,0xFF,0xFF,0xFF,0xFF,0xFF,0xFF,0xFF,0xFF,0xFF,0xFF,
    0xFF,0xFF,0xFF,0xFF,0xFF,0xFF,0xFF,0xFF,0xFF,0xFF,0xFF,0xFF,0xFC,0xFD,0xFF,0xFF,
    0xBA,0x43,0x00,0x00,0x03,0x00,0x00,0x00,0x00,0x00,0x00,0x00,0x00,0x00,0x00,0x00,
    0x00,0x00,0x00,0x00,0x00,0x00,0x00,0x00,0x00,0x00,0x00,0x00,0x00,0x00,0x00,0x00,
    0x00,0x00,0x00,0x00,0x00,0x00,0x00,0x00,0x00,0x00,0x00,0x00,0x00,0x00,0x00,0x00,
    0x00,0x00,0x00,0x00,0x00,0x00,0x00,0x00,0x00,0x02,0x02,0x00,0x1A,0x9E,0xFF,0xFF,
    0xFD,0xFD,0xFF,0xFF,0xFF,0xFF,0xFF,0xFF,0xFF,0xFF,0xFF,0xFF,0xFF,0xFF,0xFF,0xFF,
    0xFF,0xFF,0xFF,0xFF,0xFF,0xFF,0xFF,0xFF,0xFF,0xFF,0xFF,0xFF,0xFF,0xFF,0xFF,0xFF,
    0xFF,0xFF,0xFF,0xFF,0xFF,0xFF,0xFF,0xFF,0xFF,0xFF,0xFF,0xFF,0xFF,0xFF,0xFF,0xFF,
    0xFF,0xFF,0xFF,0xFF,0xFF,0xFF,0xFD,0xFD,0xFF,0xFF,0x9E,0x1A,0x00,0x02,0x02,0x00,
    0x00,0x00,0x00,0x00,0x00,0x00,0x00,0x00,0x00,0x00,0x00,0x00,0x00,0x00,0x00,0x00,
    0x00,0x00,0x00,0x00,0x00,0x00,0x00,0x00,0x00,0x00,0x00,0x00,0x00,0x00,0x00,0x00,
    0x00,0x00,0x00,0x00,0x00,0x00,0x00,0x00,0x00,0x00,0x00,0x00,0x00,0x00,0x00,0x00,
    0x04,0x00,0x00,0x6D,0xE9,0xFF,0xFE,0xFC,0xFF,0xFF,0xFF,0xFF,0xFF,0xFF,0xFF,0xFF,
    0xFF,0xFF,0xFF,0xFF,0xFF,0xFF,0xFF,0xFF,0xFF,0xFF,0xFF,0xFF,0xFF,0xFF,0xFF,0xFF,
    0xFF,0xFF,0xFF,0xFF,0xFF,0xFF,0xFF,0xFF,0xFF,0xFF,0xFF,0xFF,0xFF,0xFF,0xFF,0xFF,
    0xFF,0xFF,0xFF,0xFF,0xFF,0xFF,0xFF,0xFF,0xFF,0xFF,0xFF,0xFF,0xFF,0xFF,0xFF,0xFF,
    0xFC,0xFE,0xFF,0xE9,0x6D,0x00,0x00,0x04,0x00,0x00,0x00,0x00,0x00,0x00,0x00,0x00,
    0x00,0x00,0x00,0x00,0x00,0x00,0x00,0x00,0x00,0x00,0x00,0x00,0x00,0x00,0x00,0x00,
    0x00,0x00,0x00,0x00,0x00,0x00,0x00,0x00,0x00,0x00,0x00,0x00,0x00,0x00,0x00,0x00,
    0x00,0x00,0x00,0x00,0x00,0x00,0x01,0x04,0x00,0x26,0xB8,0xFF,0xFF,0xFB,0xFF,0xFF,
    0xFF,0xFF,0xFF,0xFF,0xFF,0xFF,0xFF,0xFF,0xFF,0xFF,0xFF,0xFF,0xFF,0xFF,0xFF,0xFF,
    0xFF,0xFF,0xFF,0xFF,0xFF,0xFF,0xFF,0xFF,0xFF,0xFF,0xFF,0xFF,0xFF,0xFF,0xFF,0xFF,
    0xFF,0xFF,0xFF,0xFF,0xFF,0xFF,0xFF,0xFF,0xFF,0xFF,0xFF,0xFF,0xFF,0xFF,0xFF,0xFF,
    0xFF,0xFF,0xFF,0xFF,0xFF,0xFF,0xFF,0xFF,0xFF,0xFF,0xFB,0xFF,0xFF,0xB8,0x26,0x00,
    0x04,0x01,0x00,0x00,0x00,0x00,0x00,0x00,0x00,0x00,0x00,0x00,0x00,0x00,0x00,0x00,
    0x00,0x00,0x00,0x00,0x00,0x00,0x00,0x00,0x00,0x00,0x00,0x00,0x00,0x00,0x00,0x00,
    0x00,0x00,0x00,0x00,0x00,0x00,0x00,0x00,0x00,0x00,0x00,0x00,0x00,0x02,0x00,0x00,
    0x56,0xEC,0xFF,0xFB,0xFE,0xFF,0xFF,0xFF,0xFF,0xFF,0xFF,0xFF,0xFF,0xFF,0xFF,0xFF,
    0xFF,0xFF,0xFF,0xFF,0xFF,0xFF,0xFF,0xFF,0xFF,0xFF,0xFF,0xFF,0xFF,0xFF,0xFF,0xFF,
    0xFF,0xFF,0xFF,0xFF,0xFF,0xFF,0xFF,0xFF,0xFF,0xFF,0xFF,0xFF,0xFF,0xFF,0xFF,0xFF,
    0xFF,0xFF,0xFF,0xFF,0xFF,0xFF,0xFF,0xFF,0xFF,0xFF,0xFF,0xFF,0xFF,0xFF,0xFF,0xFF,
    0xFF,0xFF,0xFF,0xFE,0xFB,0xFF,0xEC,0x56,0x00,0x00,0x02,0x00,0x00,0x00,0x00,0x00,
    0x00,0x00,0x00,0x00,0x00,0x00,0x00,0x00,0x00,0x00,0x00,0x00,0x00,0x00,0x00,0x00,
    0x00,0x00,0x00,0x00,0x00,0x00,0x00,0x00,0x00,0x00,0x00,0x00,0x00,0x00,0x00,0x00,
    0x00,0x00,0x00,0x00,0x03,0x00,0x04,0x8F,0xFF,0xFF,0xFC,0xFF,0xFF,0xFF,0xFF,0xFF,
    0xFF,0xFF,0xFF,0xFF,0xFF,0xFF,0xFF,0xFF,0xFF,0xFF,0xFF,0xFF,0xFF,0xFF,0xFF,0xFF,
    0xFF,0xFF,0xFF,0xFF,0xFF,0xFF,0xFF,0xFF,0xFF,0xFF,0xFF,0xFF,0xFF,0xFF,0xFF,0xFF,
    0xFF,0xFF,0xFF,0xFF,0xFF,0xFF,0xFF,0xFF,0xFF,0xFF,0xFF,0xFF,0xFF,0xFF,0xFF,0xFF,
    0xFF,0xFF,0xFF,0xFF,0xFF,0xFF,0xFF,0xFF,0xFF,0xFF,0xFF,0xFF,0xFF,0xFC,0xFF,0xFF,
    0x8F,0x04,0x00,0x03,0x00,0x00,0x00,0x00,0x00,0x00,0x00,0x00,0x00,0x00,0x00,0x00,
    0x00,0x00,0x00,0x00,0x00,0x00,0x00,0x00,0x00,0x00,0x00,0x00,0x00,0x00,0x00,0x00,
    0x00,0x00,0x00,0x00,0x00,0x00,0x00,0x00,0x00,0x00,0x00,0x03,0x00,0x19,0xC4,0xFF,
    0xFC,0xFE,0xFF,0xFF,0xFF,0xFF,0xFF,0xFF,0xFF,0xFF,0xFF,0xFF,0xFF,0xFF,0xFF,0xFF,
    0xFF,0xFF,0xFF,0xFF,0xFF,0xFF,0xFF,0xFF,0xFF,0xFF,0xFF,0xFF,0xFF,0xFF,0xFF,0xFF,
    0xFF,0xFF,0xFF,0xFF,0xFF,0xFF,0xFF,0xFF,0xFF,0xFF,0xFF,0xFF,0xFF,0xFF,0xFF,0xFF,
    0xFF,0xFF,0xFF,0xFF,0xFF,0xFF,0xFF,0xFF,0xFF,0xFF,0xFF,0xFF,0xFF,0xFF,0xFF,0xFF,
    0xFF,0xFF,0xFF,0xFF,0xFF,0xFF,0xFE,0xFC,0xFF,0xC4,0x19,0x00,0x03,0x00,0x00,0x00,
    0x00,0x00,0x00,0x00,0x00,0x00,0x00,0x00,0x00,0x00,0x00,0x00,0x00,0x00,0x00,0x00,
    0x00,0x00,0x00,0x00,0x00,0x00,0x00,0x00,0x00,0x00,0x00,0x00,0x00,0x00,0x00,0x00,
    0x00,0x00,0x04,0x00,0x35,0xE6,0xFF,0xFB,0xFF,0xFF,0xFF,0xFF,0xFF,0xFF,0xFF,0xFF,
    0xFF,0xFF,0xFF,0xFF,0xFF,0xFF,0xFF,0xFF,0xFF,0xFF,0xFF,0xFF,0xFF,0xFF,0xFF,0xFF,
    0xFF,0xFF,0xFF,0xFF,0xFF,0xFF,0xFF,0xFF,0xFF,0xFF,0xFF,0xFF,0xFF,0xFF,0xFF,0xFF,
    0xFF,0xFF,0xFF,0xFF,0xFF,0xFF,0xFF,0xFF,0xFF,0xFF,0xFF,0xFF,0xFF,0xFF,0xFF,0xFF,
    0xFF,0xFF,0xFF,0xFF,0xFF,0xFF,0xFF,0xFF,0xFF,0xFF,0xFF,0xFF,0xFF,0xFF,0xFF,0xFF,
    0xFB,0xFF,0xE6,0x35,0x00,0x04,0x00,0x00,0x00,0x00,0x00,0x00,0x00,0x00,0x00,0x00,
    0x00,0x00,0x00,0x00,0x00,0x00,0x00,0x00,0x00,0x00,0x00,0x00,0x00,0x00,0x00,0x00,
    0x00,0x00,0x00,0x00,0x00,0x00,0x00,0x00,0x00,0x04,0x00,0x3B,0xEE,0xFF,0xFB,0xFF,
    0xFF,0xFF,0xFF,0xFF,0xFF,0xFF,0xFF,0xFF,0xFF,0xFF,0xFF,0xFF,0xFF,0xFF,0xFF,0xFF,
    0xFF,0xFF,0xFF,0xFF,0xFF,0xFF,0xFF,0xFF,0xFF,0xFF,0xFF,0xFF,0xFF,0xFF,0xFF,0xFF,
    0xFF,0xFF,0xFF,0xFF,0xFF,0xFF,0xFF,0xFF,0xFF,0xFF,0xFF,0xFF,0xFF,0xFF,0xFF,0xFF,
    0xFF,0xFF,0xFF,0xFF,0xFF,0xFF,0xFF,0xFF,0xFF,0xFF,0xFF,0xFF,0xFF,0xFF,0xFF,0xFF,
    0xFF,0xFF,0xFF,0xFF,0xFF,0xFF,0xFF,0xFF,0xFF,0xFB,0xFF,0xEE,0x3B,0x00,0x04,0x00,
    0x00,0x00,0x00,0x00,0x00,0x00,0x00,0x00,0x00,0x00,0x00,0x00,0x00,0x00,0x00,0x00,
    0x00,0x00,0x00,0x00,0x00,0x00,0x00,0x00,0x00,0x00,0x00,0x00,0x00,0x00,0x00,0x00,
    0x04,0x00,0x65,0xFB,0xFF,0xFD,0xFF,0xFF,0xFF,0xFF,0xFF,0xFF,0xFF,0xFF,0xFF,0xFF,
    0xFF,0xFF,0xFF,0xFF,0xFF,0xFF,0xFF,0xFF,0xFF,0xFF,0xFF,0xFF,0xFF,0xFF,0xFF,0xFF,
    0xFF,0xFF,0xFF,0xFF,0xFF,0xFF,0xFF,0xFF,0xFF,0xFF,0xFF,0xFF,0xFF,0xFF,0xFF,0xFF,
    0xFF,0xFF,0xFF,0xFF,0xFF,0xFF,0xFF,0xFF,0xFF,0xFF,0xFF,0xFF,0xFF,0xFF,0xFF,0xFF,
    0xFF,0xFF,0xFF,0xFF,0xFF,0xFF,0xFF,0xFF,0xFF,0xFF,0xFF,0xFF,0xFF,0xFF,0xFF,0xFF,
    0xFF,0xFF,0xFD,0xFF,0xFB,0x65,0x00,0x04,0x00,0x00,0x00,0x00,0x00,0x00,0x00,0x00,
    0x00,0x00,0x00,0x00,0x00,0x00,0x00,0x00,0x00,0x00,0x00,0x00,0x00,0x00,0x00,0x00,
    0x00,0x00,0x00,0x00,0x00,0x00,0x00,0x04,0x00,0x65,0xFF,0xFE,0xFD,0xFF,0xFF,0xFF,
    0xFF,0xFF,0xFF,0xFF,0xFF,0xFF,0xFF,0xFF,0xFF,0xFF,0xFF,0xFF,0xFF,0xFF,0xFF,0xFF,
    0xFF,0xFF,0xFF,0xFF,0xFF,0xFF,0xFF,0xFF,0xFF,0xFF,0xFF,0xFF,0xFF,0xFF,0xFF,0xFF,
    0xFF,0xFF,0xFF,0xFF,0xFF,0xFF,0xFF,0xFF,0xFF,0xFF,0xFF,0xFF,0xFF,0xFF,0xFF,0xFF,
    0xFF,0xFF,0xFF,0xFF,0xFF,0xFF,0xFF,0xFF,0xFF,0xFF,0xFF,0xFF,0xFF,0xFF,0xFF,0xFF,
    0xFF,0xFF,0xFF,0xFF,0xFF,0xFF,0xFF,0xFF,0xFF,0xFF,0xFF,0xFD,0xFE,0xFF,0x65,0x00,
    0x04,0x00,0x00,0x00,0x00,0x00,0x00,0x00,0x00,0x00,0x00,0x00,0x00,0x00,0x00,0x00,
    0x00,0x00,0x00,0x00,0x00,0x00,0x00,0x00,0x00,0x00,0x00,0x00,0x00,0x00,0x04,0x00,
    0x65,0xFF,0xFC,0xFE,0xFF,0xFF,0xFF,0xFF,0xFF,0xFF,0xFF,0xFF,0xFF,0xFF,0xFF,0xFF,
    0xFF,0xFF,0xFF,0xFF,0xFF,0xFF,0xFF,0xFF,0xFF,0xFF,0xFF,0xFF,0xFF,0xFF,0xFF,0xFF,
    0xFF,0xFF,0xFF,0xFF,0xFF,0xFF,0xFF,0xFF,0xFF,0xFF,0xFF,0xFF,0xFF,0xFF,0xFF,0xFF,
    0xFF,0xFF,0xFF,0xFF,0xFF,0xFF,0xFF,0xFF,0xFF,0xFF,0xFF,0xFF,0xFF,0xFF,0xFF,0xFF,
    0xFF,0xFF,0xFF,0xFF,0xFF,0xFF,0xFF,0xFF,0xFF,0xFF,0xFF,0xFF,0xFF,0xFF,0xFF,0xFF,
    0xFF,0xFF,0xFF,0xFF,0xFE,0xFC,0xFF,0x65,0x00,0x04,0x00,0x00,0x00,0x00,0x00,0x00,
    0x00,0x00,0x00,0x00,0x00,0x00,0x00,0x00,0x00,0x00,0x00,0x00,0x00,0x00,0x00,0x00,
    0x00,0x00,0x00,0x00,0x00,0x03,0x00,0x39,0xFE,0xFD,0xFE,0xFF,0xFF,0xFF,0xFF,0xFF,
    0xFF,0xFF,0xFF,0xFF,0xFF,0xFF,0xFF,0xFF,0xFF,0xFF,0xFF,0xFF,0xFF,0xFF,0xFF,0xFF,
    0xFF,0xFF,0xFF,0xFF,0xFF,0xFF,0xFF,0xFF,0xFF,0xFF,0xFF,0xFF,0xFF,0xFF,0xFF,0xFF,
    0xFF,0xFF,0xFF,0xFF,0xFF,0xFF,0xFF,0xFF,0xFF,0xFF,0xFF,0xFF,0xFF,0xFF,0xFF,0xFF,
    0xFF,0xFF,0xFF,0xFF,0xFF,0xFF,0xFF,0xFF,0xFF,0xFF,0xFF,0xFF,0xFF,0xFF,0xFF,0xFF,
    0xFF,0xFF,0xFF,0xFF,0xFF,0xFF,0xFF,0xFF,0xFF,0xFF,0xFF,0xFF,0xFF,0xFE,0xFD,0xFE,
    0x39,0x00,0x03,0x00,0x00,0x00,0x00,0x00,0x00,0x00,0x00,0x00,0x00,0x00,0x00,0x00,
    0x00,0x00,0x00,0x00,0x00,0x00,0x00,0x00,0x00,0x00,0x00,0x00,0x02,0x00,0x36,0xED,
    0xFD,0xFD,0xFF,0xFF,0xFF,0xFF,0xFF,0xFF,0xFF,0xFF,0xFF,0xFF,0xFF,0xFF,0xFF,0xFF,
    0xFF,0xFF,0xFF,0xFF,0xFF,0xFF,0xFF,0xFF,0xFF,0xFF,0xFF,0xFF,0xFF,0xFF,0xFF,0xFF,
    0xFF,0xFF,0xFF,0xFF,0xFF,0xFF,0xFF,0xFF,0xFF,0xFF,0xFF,0xFF,0xFF,0xFF,0xFF,0xFF,
    0xFF,0xFF,0xFF,0xFF,0xFF,0xFF,0xFF,0xFF,0xFF,0xFF,0xFF,0xFF,0xFF,0xFF,0xFF,0xFF,
    0xFF,0xFF,0xFF,0xFF,0xFF,0xFF,0xFF,0xFF,0xFF,0xFF,0xFF,0xFF,0xFF,0xFF,0xFF,0xFF,
    0xFF,0xFF,0xFF,0xFF,0xFF,0xFF,0xFD,0xFD,0xED,0x36,0x00,0x02,0x00,0x00,0x00,0x00,
    0x00,0x00,0x00,0x00,0x00,0x00,0x00,0x00,0x00,0x00,0x00,0x00,0x00,0x00,0x00,0x00,
    0x00,0x00,0x00,0x02,0x01,0x16,0xE9,0xFF,0xFD,0xFF,0xFF,0xFF,0xFF,0xFF,0xFF,0xFF,
    0xFF,0xFF,0xFF,0xFF,0xFF,0xFF,0xFF,0xFF,0xFF,0xFF,0xFF,0xFF,0xFF,0xFF,0xFF,0xFF,
    0xFF,0xFF,0xFF,0xFF,0xFF,0xFF,0xFF,0xFF,0xFF,0xFF,0xFF,0xFF,0xFF,0xFF,0xFF,0xFF,
    0xFF,0xFF,0xFF,0xFF,0xFF,0xFF,0xFF,0xFF,0xFF,0xFF,0xFF,0xFF,0xFF,0xFF,0xFF,0xFF,
    0xFF,0xFF,0xFF,0xFF,0xFF,0xFF,0xFF,0xFF,0xFF,0xFF,0xFF,0xFF,0xFF,0xFF,0xFF,0xFF,
    0xFF,0xFF,0xFF,0xFF,0xFF,0xFF,0xFF,0xFF,0xFF,0xFF,0xFF,0xFF,0xFF,0xFF,0xFF,0xFD,
    0xFF,0xE9,0x16,0x01,0x02,0x00,0x00,0x00,0x00,0x00,0x00,0x00,0x00,0x00,0x00,0x00,
    0x00,0x00,0x00,0x00,0x00,0x00,0x00,0x00,0x00,0x00,0x01,0x03,0x03,0xC6,0xFF,0xFC,
    0xFF,0xFF,0xFF,0xFF,0xFF,0xFF,0xFF,0xFF,0xFF,0xFF,0xFF,0xFF,0xFF,0xFF,0xFF,0xFF,
    0xFF,0xFF,0xFF,0xFF,0xFF,0xFF,0xFF,0xFF,0xFF,0xFF,0xFF,0xFF,0xFF,0xFF,0xFF,0xFF,
    0xFF,0xFF,0xFF,0xFF,0xFF,0xFF,0xFF,0xFF,0xFF,0xFF,0xFF,0xFF,0xFF,0xFF,0xFF,0xFF,
    0xFF,0xFF,0xFF,0xFF,0xFF,0xFF,0xFF,0xFF,0xFF,0xFF,0xFF,0xFF,0xFF,0xFF,0xFF,0xFF,
    0xFF,0xFF,0xFF,0xFF,0xFF,0xFF,0xFF,0xFF,0xFF,0xFF,0xFF,0xFF,0xFF,0xFF,0xFF,0xFF,
    0xFF,0xFF,0xFF,0xFF,0xFF,0xFF,0xFF,0xFF,0xFC,0xFF,0xC6,0x03,0x03,0x01,0x00,0x00,
    0x00,0x00,0x00,0x00,0x00,0x00,0x00,0x00,0x00,0x00,0x00,0x00,0x00,0x00,0x00,0x00,
    0x00,0x00,0x04,0x00,0x8F,0xFF,0xFB,0xFF,0xFF,0xFF,0xFF,0xFF,0xFF,0xFF,0xFF,0xFF,
    0xFF,0xFF,0xFF,0xFF,0xFF,0xFF,0xFF,0xFF,0xFF,0xFF,0xFF,0xFF,0xFF,0xFF,0xFF,0xFF,
    0xFF,0xFF,0xFF,0xFF,0xFF,0xFF,0xFF,0xFF,0xFF,0xFF,0xFF,0xFF,0xFF,0xFF,0xFF,0xFF,
    0xFF,0xFF,0xFF,0xFF,0xFF,0xFF,0xFF,0xFF,0xFF,0xFF,0xFF,0xFF,0xFF,0xFF,0xFF,0xFF,
    0xFF,0xFF,0xFF,0xFF,0xFF,0xFF,0xFF,0xFF,0xFF,0xFF,0xFF,0xFF,0xFF,0xFF,0xFF,0xFF,
    0xFF,0xFF,0xFF,0xFF,0xFF,0xFF,0xFF,0xFF,0xFF,0xFF,0xFF,0xFF,0xFF,0xFF,0xFF,0xFF,
    0xFF,0xFB,0xFF,0x8F,0x00,0x04,0x00,0x00,0x00,0x00,0x00,0x00,0x00,0x00,0x00,0x00,
    0x00,0x00,0x00,0x00,0x00,0x00,0x00,0x00,0x00,0x03,0x00,0x54,0xFF,0xFB,0xFF,0xFF,
    0xFF,0xFF,0xFF,0xFF,0xFF,0xFF,0xFF,0xFF,0xFF,0xFF,0xFF,0xFF,0xFF,0xFF,0xFF,0xFF,
    0xFF,0xFF,0xFF,0xFF,0xFF,0xFF,0xFF,0xFF,0xFF,0xFF,0xFF,0xFF,0xFF,0xFF,0xFF,0xFF,
    0xFF,0xFF,0xFF,0xFF,0xFF,0xFF,0xFF,0xFF,0xFF,0xFF,0xFF,0xFF,0xFF,0xFF,0xFF,0xFF,
    0xFF,0xFF,0xFF,0xFF,0xFF,0xFF,0xFF,0xFF,0xFF,0xFF,0xFF,0xFF,0xFF,0xFF,0xFF,0xFF,
    0xFF,0xFF,0xFF,0xFF,0xFF,0xFF,0xFF,0xFF,0xFF,0xFF,0xFF,0xFF,0xFF,0xFF,0xFF,0xFF,
    0xFF,0xFF,0xFF,0xFF,0xFF,0xFF,0xFF,0xFF,0xFF,0xFF,0xFB,0xFF,0x54,0x00,0x03,0x00,
    0x00,0x00,0x00,0x00,0x00,0x00,0x00,0x00,0x00,0x00,0x00,0x00,0x00,0x00,0x00,0x00,
    0x02,0x01,0x23,0xEE,0xFD,0xFE,0xFF,0xFF,0xFF,0xFF,0xFF,0xFF,0xFF,0xFF,0xFF,0xFF,
    0xFF,0xFF,0xFF,0xFF,0xFF,0xFF,0xFF,0xFF,0xFF,0xFF,0xFF,0xFF,0xFF,0xFF,0xFF,0xFF,
    0xFF,0xFF,0xFF,0xFF,0xFF,0xFF,0xFF,0xFF,0xFF,0xFF,0xFF,0xFF,0xFF,0xFF,0xFF,0xFF,
    0xFF,0xFF,0xFF,0xFF,0xFF,0xFF,0xFF,0xFF,0xFF,0xFF,0xFF,0xFF,0xFF,0xFF,0xFF,0xFF,
    0xFF,0xFF,0xFF,0xFF,0xFF,0xFF,0xFF,0xFF,0xFF,0xFF,0xFF,0xFF,0xFF,0xFF,0xFF,0xFF,
    0xFF,0xFF,0xFF,0xFF,0xFF,0xFF,0xFF,0xFF,0xFF,0xFF,0xFF,0xFF,0xFF,0xFF,0xFF,0xFF,
    0xFF,0xFF,0xFE,0xFD,0xEE,0x23,0x01,0x02,0x00,0x00,0x00,0x00,0x00,0x00,0x00,0x00,
    0x00,0x00,0x00,0x00,0x00,0x00,0x00,0x00,0x03,0x00,0xBC,0xFF,0xFC,0xFF,0xFF,0xFF,
    0xFF,0xFF,0xFF,0xFF,0xFF,0xFF,0xFF,0xFF,0xFF,0xFF,0xFF,0xFF,0xFF,0xFF,0xFF,0xFF,
    0xFF,0xFF,0xFF,0xFF,0xFF,0xFF,0xFF,0xFF,0xFF,0xFF,0xFF,0xFF,0xFF,0xFF,0xFF,0xFF,
    0xFF,0xFF,0xFF,0xFF,0xFF,0xFF,0xFF,0xFF,0xFF,0xFF,0xFF,0xFF,0xFF,0xFF,0xFF,0xFF,
    0xFF,0xFF,0xFF,0xFF,0xFF,0xFF,0xFF,0xFF,0xFF,0xFF,0xFF,0xFF,0xFF,0xFF,0xFF,0xFF,
    0xFF,0xFF,0xFF,0xFF,0xFF,0xFF,0xFF,0xFF,0xFF,0xFF,0xFF,0xFF,0xFF,0xFF,0xFF,0xFF,
    0xFF,0xFF,0xFF,0xFF,0xFF,0xFF,0xFF,0xFF,0xFF,0xFF,0xFF,0xFC,0xFF,0xBC,0x00,0x03,
    0x00,0x00,0x00,0x00,0x00,0x00,0x00,0x00,0x00,0x00,0x00,0x00,0x00,0x00,0x00,0x03,
    0x00,0x6B,0xFF,0xFB,0xFF,0xFF,0xFF,0xFF,0xFF,0xFF,0xFF,0xFF,0xFF,0xFF,0xFF,0xFF,
    0xFF,0xFF,0xFF,0xFF,0xFF,0xFF,0xFF,0xFF,0xFF,0xFF,0xFF,0xFF,0xFF,0xFF,0xFF,0xFF,
    0xFF,0xFF,0xFF,0xFF,0xFF,0xFF,0xFF,0xFF,0xFF,0xFF,0xFF,0xFF,0xFF,0xFF,0xFF,0xFF,
    0xFF,0xFF,0xFF,0xFF,0xFF,0xFF,0xFF,0xFF,0xFF,0xFF,0xFF,0xFF,0xFF,0xFF,0xFF,0xFF,
    0xFF,0xFF,0xFF,0xFF,0xFF,0xFF,0xFF,0xFF,0xFF,0xFF,0xFF,0xFF,0xFF,0xFF,0xFF,0xFF,
    0xFF,0xFF,0xFF,0xFF,0xFF,0xFF,0xFF,0xFF,0xFF,0xFF,0xFF,0xFF,0xFF,0xFF,0xFF,0xFF,
    0xFF,0xFF,0xFF,0xFF,0xFB,0xFF,0x6B,0x00,0x03,0x00,0x00,0x00,0x00,0x00,0x00,0x00,
    0x00,0x00,0x00,0x00,0x00,0x00,0x02,0x01,0x18,0xEE,0xFD,0xFE,0xFF,0xFF,0xFF,0xFF,
    0xFF,0xFF,0xFF,0xFF,0xFF,0xFF,0xFF,0xFF,0xFF,0xFF,0xFF,0xFF,0xFF,0xFF,0xFF,0xFF,
    0xFF,0xFF,0xFF,0xFF,0xFF,0xFF,0xFF,0xFF,0xFF,0xFF,0xFF,0xFF,0xFF,0xFF,0xFF,0xFF,
    0xFF,0xFF,0xFF,0xFF,0xFF,0xFF,0xFF,0xFF,0xFF,0xFF,0xFF,0xFF,0xFF,0xFF,0xFF,0xFF,
    0xFF,0xFF,0xFF,0xFF,0xFF,0xFF,0xFF,0xFF,0xFF,0xFF,0xFF,0xFF,0xFF,0xFF,0xFF,0xFF,
    0xFF,0xFF,0xFF,0xFF,0xFF,0xFF,0xFF,0xFF,0xFF,0xFF,0xFF,0xFF,0xFF,0xFF,0xFF,0xFF,
    0xFF,0xFF,0xFF,0xFF,0xFF,0xFF,0xFF,0xFF,0xFF,0xFF,0xFF,0xFF,0xFE,0xFD,0xEE,0x18,
    0x01,0x02,0x00,0x00,0x00,0x00,0x00,0x00,0x00,0x00,0x00,0x00,0x00,0x00,0x03,0x00,
    0xA0,0xFF,0xFC,0xFF,0xFF,0xFF,0xFF,0xFF,0xFF,0xFF,0xFF,0xFF,0xFF,0xFF,0xFF,0xFF,
    0xFF,0xFF,0xFF,0xFF,0xFF,0xFF,0xFF,0xFF,0xFF,0xFF,0xFF,0xFF,0xFF,0xFF,0xFF,0xFF,
    0xFF,0xFF,0xFF,0xFF,0xFF,0xFF,0xFF,0xFF,0xFF,0xFF,0xFF,0xFF,0xFF,0xFF,0xFF,0xFF,
    0xFF,0xFF,0xFF,0xFF,0xFF,0xFF,0xFF,0xFF,0xFF,0xFF,0xFF,0xFF,0xFF,0xFF,0xFF,0xFF,
    0xFF,0xFF,0xFF,0xFF,0xFF,0xFF,0xFF,0xFF,0xFF,0xFF,0xFF,0xFF,0xFF,0xFF,0xFF,0xFF,
    0xFF,0xFF,0xFF,0xFF,0xFF,0xFF,0xFF,0xFF,0xFF,0xFF,0xFF,0xFF,0xFF,0xFF,0xFF,0xFF,
    0xFF,0xFF,0xFF,0xFF,0xFF,0xFC,0xFF,0xA0,0x00,0x03,0x00,0x00,0x00,0x00,0x00,0x00,
    0x00,0x00,0x00,0x00,0x00,0x03,0x01,0x3F,0xFD,0xFC,0xFF,0xFF,0xFF,0xFF,0xFF,0xFF,
    0xFF,0xFF,0xFF,0xFF,0xFF,0xFF,0xFF,0xFF,0xFF,0xFF,0xFF,0xFF,0xFF,0xFF,0xFF,0xFF,
    0xFF,0xFF,0xFF,0xFF,0xFF,0xFF,0xFF,0xFF,0xFF,0xFF,0xFF,0xFF,0xFF,0xFF,0xFF,0xFF,
    0xFF,0xFF,0xFF,0xFF,0xFF,0xFF,0xFF,0xFF,0xFF,0xFF,0xFF,0xFF,0xFF,0xFF,0xFF,0xFF,
    0xFF,0xFF,0xFF,0xFF,0xFF,0xFF,0xFF,0xFF,0xFF,0xFF,0xFF,0xFF,0xFF,0xFF,0xFF,0xFF,
    0xFF,0xFF,0xFF,0xFF,0xFF,0xFF,0xFF,0xFF,0xFF,0xFF,0xFF,0xFF,0xFF,0xFF,0xFF,0xFF,
    0xFF,0xFF,0xFF,0xFF,0xFF,0xFF,0xFF,0xFF,0xFF,0xFF,0xFF,0xFF,0xFF,0xFF,0xFC,0xFD,
    0x3F,0x01,0x03,0x00,0x00,0x00,0x00,0x00,0x00,0x00,0x00,0x00,0x00,0x02,0x00,0xBF,
    0xFF,0xFC,0xFF,0xFF,0xFF,0xFF,0xFF,0xFF,0xFF,0xFF,0xFF,0xFF,0xFF,0xFF,0xFF,0xFF,
    0xFF,0xFF,0xFF,0xFF,0xFF,0xFF,0xFF,0xFF,0xFF,0xFF,0xFF,0xFF,0xFF,0xFF,0xFF,0xFF,
    0xFF,0xFF,0xFF,0xFF,0xFF,0xFF,0xFF,0xFF,0xFF,0xFF,0xFF,0xFF,0xFF,0xFF,0xFF,0xFF,
    0xFF,0xFF,0xFF,0xFF,0xFF,0xFF,0xFF,0xFF,0xFF,0xFF,0xFF,0xFF,0xFF,0xFF,0xFF,0xFF,
    0xFF,0xFF,0xFF,0xFF,0xFF,0xFF,0xFF,0xFF,0xFF,0xFF,0xFF,0xFF,0xFF,0xFF,0xFF,0xFF,
    0xFF,0xFF,0xFF,0xFF,0xFF,0xFF,0xFF,0xFF,0xFF,0xFF,0xFF,0xFF,0xFF,0xFF,0xFF,0xFF,
    0xFF,0xFF,0xFF,0xFF,0xFF,0xFF,0xFC,0xFF,0xBF,0x00,0x02,0x00,0x00,0x00,0x00,0x00,
    0x00,0x00,0x00,0x00,0x03,0x00,0x56,0xFF,0xFC,0xFF,0xFF,0xFF,0xFF,0xFF,0xFF,0xFF,
    0xFF,0xFF,0xFF,0xFF,0xFF,0xFF,0xFF,0xFF,0xFF,0xFF,0xFF,0xFF,0xFF,0xFF,0xFF,0xFF,
    0xFF,0xFF,0xFF,0xFF,0xFF,0xFF,0xFF,0xFF,0xFF,0xFF,0xFF,0xFF,0xFF,0xFF,0xFF,0xFF,
    0xFF,0xFF,0xFF,0xFF,0xFF,0xFF,0xFF,0xFF,0xFF,0xFF,0xFF,0xFF,0xFF,0xFF,0xFF,0xFF,
    0xFF,0xFF,0xFF,0xFF,0xFF,0xFF,0xFF,0xFF,0xFF,0xFF,0xFF,0xFF,0xFF,0xFF,0xFF,0xFF,
    0xFF,0xFF,0xFF,0xFF,0xFF,0xFF,0xFF,0xFF,0xFF,0xFF,0xFF,0xFF,0xFF,0xFF,0xFF,0xFF,
    0xFF,0xFF,0xFF,0xFF,0xFF,0xFF,0xFF,0xFF,0xFF,0xFF,0xFF,0xFF,0xFF,0xFF,0xFF,0xFC,
    0xFF,0x56,0x00,0x03,0x00,0x00,0x00,0x00,0x00,0x00,0x00,0x00,0x02,0x04,0xD8,0xFF,
    0xFD,0xFF,0xFF,0xFF,0xFF,0xFF,0xFF,0xFF,0xFF,0xFF,0xFF,0xFF,0xFF,0xFF,0xFF,0xFF,
    0xFF,0xFF,0xFF,0xFF,0xFF,0xFF,0xFF,0xFF,0xFF,0xFF,0xFF,0xFF,0xFF,0xFF,0xFF,0xFF,
    0xFF,0xFF,0xFF,0xFF,0xFF,0xFF,0xFF,0xFF,0xFF,0xFF,0xFF,0xFF,0xFF,0xFF,0xFF,0xFF,
    0xFF,0xFF,0xFF,0xFF,0xFF,0xFF,0xFF,0xFF,0xFF,0xFF,0xFF,0xFF,0xFF,0xFF,0xFF,0xFF,
    0xFF,0xFF,0xFF,0xFF,0xFF,0xFF,0xFF,0xFF,0xFF,0xFF,0xFF,0xFF,0xFF,0xFF,0xFF,0xFF,
    0xFF,0xFF,0xFF,0xFF,0xFF,0xFF,0xFF,0xFF,0xFF,0xFF,0xFF,0xFF,0xFF,0xFF,0xFF,0xFF,
    0xFF,0xFF,0xFF,0xFF,0xFF,0xFF,0xFF,0xFD,0xFF,0xD8,0x04,0x02,0x00,0x00,0x00,0x00,
    0x00,0x00,0x00,0x03,0x00,0x41,0xFE,0xFD,0xFF,0xFF,0xFF,0xFF,0xFF,0xFF,0xFF,0xFF,
    0xFF,0xFF,0xFF,0xFF,0xFF,0xFF,0xFF,0xFF,0xFF,0xFF,0xFF,0xFF,0xFF,0xFF,0xFF,0xFF,
    0xFF,0xFF,0xFF,0xFF,0xFF,0xFF,0xFF,0xFF,0xFF,0xFF,0xFF,0xFF,0xFF,0xFF,0xFF,0xFF,
    0xFF,0xFF,0xFF,0xFF,0xFF,0xFF,0xFF,0xFF,0xFF,0xFF,0xFF,0xFF,0xFF,0xFF,0xFF,0xFF,
    0xFF,0xFF,0xFF,0xFF,0xFF,0xFF,0xFF,0xFF,0xFF,0xFF,0xFF,0xFF,0xFF,0xFF,0xFF,0xFF,
    0xFF,0xFF,0xFF,0xFF,0xFF,0xFF,0xFF,0xFF,0xFF,0xFF,0xFF,0xFF,0xFF,0xFF,0xFF,0xFF,
    0xFF,0xFF,0xFF,0xFF,0xFF,0xFF,0xFF,0xFF,0xFF,0xFF,0xFF,0xFF,0xFF,0xFF,0xFF,0xFF,
    0xFD,0xFE,0x41,0x00,0x03,0x00,0x00,0x00,0x00,0x00,0x00,0x02,0x02,0xBF,0xFF,0xFC,
    0xFF,0xFF,0xFF,0xFF,0xFF,0xFF,0xFF,0xFF,0xFF,0xFF,0xFF,0xFF,0xFF,0xFF,0xFF,0xFF,
    0xFF,0xFF,0xFF,0xFF,0xFF,0xFF,0xFF,0xFF,0xFF,0xFF,0xFF,0xFF,0xFF,0xFF,0xFF,0xFF,
    0xFF,0xFF,0xFF,0xFF,0xFF,0xFF,0xFF,0xFF,0xFF,0xFF,0xFF,0xFF,0xFF,0xFF,0xFF,0xFF,
    0xFF,0xFF,0xFF,0xFF,0xFF,0xFF,0xFF,0xFF,0xFF,0xFF,0xFF,0xFF,0xFF,0xFF,0xFF,0xFF,
    0xFF,0xFF,0xFF,0xFF,0xFF,0xFF,0xFF,0xFF,0xFF,0xFF,0xFF,0xFF,0xFF,0xFF,0xFF,0xFF,
    0xFF,0xFF,0xFF,0xFF,0xFF,0xFF,0xFF,0xFF,0xFF,0xFF,0xFF,0xFF,0xFF,0xFF,0xFF,0xFF,
    0xFF,0xFF,0xFF,0xFF,0xFF,0xFF,0xFF,0xFF,0xFC,0xFF,0xBF,0x02,0x02,0x00,0x00,0x00,
    0x00,0x00,0x03,0x01,0x36,0xFF,0xFD,0xFF,0xFF,0xFF,0xFF,0xFF,0xFF,0xFF,0xFF,0xFF,
    0xFF,0xFF,0xFF,0xFF,0xFF,0xFF,0xFF,0xFF,0xFF,0xFF,0xFF,0xFF,0xFF,0xFF,0xFF,0xFF,
    0xFF,0xFF,0xFF,0xFF,0xFF,0xFF,0xFF,0xFF,0xFF,0xFF,0xFF,0xFF,0xFF,0xFF,0xFF,0xFF,
    0xFF,0xFF,0xFF,0xFF,0xFF,0xFF,0xFF,0xFF,0xFF,0xFF,0xFF,0xFF,0xFF,0xFF,0xFF,0xFF,
    0xFF,0xFF,0xFF,0xFF,0xFF,0xFF,0xFF,0xFF,0xFF,0xFF,0xFF,0xFF,0xFF,0xFF,0xFF,0xFF,
    0xFF,0xFF,0xFF,0xFF,0xFF,0xFF,0xFF,0xFF,0xFF,0xFF,0xFF,0xFF,0xFF,0xFF,0xFF,0xFF,
    0xFF,0xFF,0xFF,0xFF,0xFF,0xFF,0xFF,0xFF,0xFF,0xFF,0xFF,0xFF,0xFF,0xFF,0xFF,0xFF,
    0xFF,0xFD,0xFF,0x36,0x01,0x03,0x00,0x00,0x00,0x00,0x03,0x00,0x9A,0xFF,0xFB,0xFF,
    0xFF,0xFF,0xFF,0xFF,0xFF,0xFF,0xFF,0xFF,0xFF,0xFF,0xFF,0xFF,0xFF,0xFF,0xFF,0xFF,
    0xFF,0xFF,0xFF,0xFF,0xFF,0xFF,0xFF,0xFF,0xFF,0xFF,0xFF,0xFF,0xFF,0xFF,0xFF,0xFF,
    0xFF,0xFF,0xFF,0xFF,0xFF,0xFF,0xFF,0xFF,0xFF,0xFF,0xFF,0xFF,0xFF,0xFF,0xFF,0xFF,
    0xFF,0xFF,0xFF,0xFF,0xFF,0xFF,0xFF,0xFF,0xFF,0xFF,0xFF,0xFF,0xFF,0xFF,0xFF,0xFF,
    0xFF,0xFF,0xFF,0xFF,0xFF,0xFF,0xFF,0xFF,0xFF,0xFF,0xFF,0xFF,0xFF,0xFF,0xFF,0xFF,
    0xFF,0xFF,0xFF,0xFF,0xFF,0xFF,0xFF,0xFF,0xFF,0xFF,0xFF,0xFF,0xFF,0xFF,0xFF,0xFF,
    0xFF,0xFF,0xFF,0xFF,0xFF,0xFF,0xFF,0xFF,0xFF,0xFB,0xFF,0x9A,0x00,0x03,0x00,0x00,
    0x00,0x01,0x00,0x15,0xEB,0xFE,0xFE,0xFF,0xFF,0xFF,0xFF,0xFF,0xFF,0xFF,0xFF,0xFF,
    0xFF,0xFF,0xFF,0xFF,0xFF,0xFF,0xFF,0xFF,0xFF,0xFF,0xFF,0xFF,0xFF,0xFF,0xFF,0xFF,
    0xFF,0xFF,0xFF,0xFF,0xFF,0xFF,0xFF,0xFF,0xFF,0xFF,0xFF,0xFF,0xFF,0xFF,0xFF,0xFF,
    0xFF,0xFF,0xFF,0xFF,0xFF,0xFF,0xFF,0xFF,0xFF,0xFF,0xFF,0xFF,0xFF,0xFF,0xFF,0xFF,
    0xFF,0xFF,0xFF,0xFF,0xFF,0xFF,0xFF,0xFF,0xFF,0xFF,0xFF,0xFF,0xFF,0xFF,0xFF,0xFF,
    0xFF,0xFF,0xFF,0xFF,0xFF,0xFF,0xFF,0xFF,0xFF,0xFF,0xFF,0xFF,0xFF,0xFF,0xFF,0xFF,
    0xFF,0xFF,0xFF,0xFF,0xFF,0xFF,0xFF,0xFF,0xFF,0xFF,0xFF,0xFF,0xFF,0xFF,0xFF,0xFF,
    0xFF,0xFE,0xFE,0xEB,0x15,0x00,0x01,0x00,0x00,0x04,0x00,0x60,0xFF,0xFC,0xFF,0xFF,
    0xFF,0xFF,0xFF,0xFF,0xFF,0xFF,0xFF,0xFF,0xFF,0xFF,0xFF,0xFF,0xFF,0xFF,0xFF,0xFF,
    0xFF,0xFF,0xFF,0xFF,0xFF,0xFF,0xFF,0xFF,0xFF,0xFF,0xFF,0xFF,0xFF,0xFF,0xFF,0xFF,
    0xFF,0xFF,0xFF,0xFF,0xFF,0xFF,0xFF,0xFF,0xFF,0xFF,0xFF,0xFF,0xFF,0xFF,0xFF,0xFF,
    0xFF,0xFF,0xFF,0xFF,0xFF,0xFF,0xFF,0xFF,0xFF,0xFF,0xFF,0xFF,0xFF,0xFF,0xFF,0xFF,
    0xFF,0xFF,0xFF,0xFF,0xFF,0xFF,0xFF,0xFF,0xFF,0xFF,0xFF,0xFF,0xFF,0xFF,0xFF,0xFF,
    0xFF,0xFF,0xFF,0xFF,0xFF,0xFF,0xFF,0xFF,0xFF,0xFF,0xFF,0xFF,0xFF,0xFF,0xFF,0xFF,
    0xFF,0xFF,0xFF,0xFF,0xFF,0xFF,0xFF,0xFF,0xFF,0xFF,0xFC,0xFF,0x60,0x00,0x04,0x00,
    0x00,0x02,0x00,0xB4,0xFE,0xFC,0xFF,0xFF,0xFF,0xFF,0xFF,0xFF,0xFF,0xFF,0xFF,0xFF,
    0xFF,0xFF,0xFF,0xFF,0xFF,0xFF,0xFF,0xFF,0xFF,0xFF,0xFF,0xFF,0xFF,0xFF,0xFF,0xFF,
    0xFF,0xFF,0xFF,0xFF,0xFF,0xFF,0xFF,0xFF,0xFF,0xFF,0xFF,0xFF,0xFF,0xFF,0xFF,0xFF,
    0xFF,0xFF,0xFF,0xFF,0xFF,0xFF,0xFF,0xFF,0xFF,0xFF,0xFF,0xFF,0xFF,0xFF,0xFF,0xFF,
    0xFF,0xFF,0xFF,0xFF,0xFF,0xFF,0xFF,0xFF,0xFF,0xFF,0xFF,0xFF,0xFF,0xFF,0xFF,0xFF,
    0xFF,0xFF,0xFF,0xFF,0xFF,0xFF,0xFF,0xFF,0xFF,0xFF,0xFF,0xFF,0xFF,0xFF,0xFF,0xFF,
    0xFF,0xFF,0xFF,0xFF,0xFF,0xFF,0xFF,0xFF,0xFF,0xFF,0xFF,0xFF,0xFF,0xFF,0xFF,0xFF,
    0xFF,0xFF,0xFC,0xFE,0xB4,0x00,0x02,0x00,0x01,0x00,0x18,0xF1,0xFF,0xFE,0xFF,0xFF,
    0xFF,0xFF,0xFF,0xFF,0xFF,0xFF,0xFF,0xFF,0xFF,0xFF,0xFF,0xFF,0xFF,0xFF,0xFF,0xFF,
    0xFF,0xFF,0xFF,0xFF,0xFF,0xFF,0xFF,0xFF,0xFF,0xFF,0xFF,0xFF,0xFF,0xFF,0xFF,0xFF,
    0xFF,0xFF,0xFF,0xFF,0xFF,0xFF,0xFF,0xFF,0xFF,0xFF,0xFF,0xFF,0xFF,0xFF,0xFF,0xFF,
    0xFF,0xFF,0xFF,0xFF,0xFF,0xFF,0xFF,0xFF,0xFF,0xFF,0xFF,0xFF,0xFF,0xFF,0xFF,0xFF,
    0xFF,0xFF,0xFF,0xFF,0xFF,0xFF,0xFF,0xFF,0xFF,0xFF,0xFF,0xFF,0xFF,0xFF,0xFF,0xFF,
    0xFF,0xFF,0xFF,0xFF,0xFF,0xFF,0xFF,0xFF,0xFF,0xFF,0xFF,0xFF,0xFF,0xFF,0xFF,0xFF,
    0xFF,0xFF,0xFF,0xFF,0xFF,0xFF,0xFF,0xFF,0xFF,0xFF,0xFE,0xFF,0xF1,0x18,0x00,0x01,
    0x04,0x00,0x61,0xFF,0xFC,0xFF,0xFF,0xFF,0xFF,0xFF,0xFF,0xFF,0xFF,0xFF,0xFF,0xFF,
    0xFF,0xFF,0xFF,0xFF,0xFF,0xFF,0xFF,0xFF,0xFF,0xFF,0xFF,0xFF,0xFF,0xFF,0xFF,0xFF,
    0xFF,0xFF,0xFF,0xFF,0xFF,0xFF,0xFF,0xFF,0xFF,0xFF,0xFF,0xFF,0xFF,0xFF,0xFF,0xFF,
    0xFF,0xFF,0xFF,0xFF,0xFF,0xFF,0xFF,0xFF,0xFF,0xFF,0xFF,0xFF,0xFF,0xFF,0xFF,0xFF,
    0xFF,0xFF,0xFF,0xFF,0xFF,0xFF,0xFF,0xFF,0xFF,0xFF,0xFF,0xFF,0xFF,0xFF,0xFF,0xFF,
    0xFF,0xFF,0xFF,0xFF,0xFF,0xFF,0xFF,0xFF,0xFF,0xFF,0xFF,0xFF,0xFF,0xFF,0xFF,0xFF,
    0xFF,0xFF,0xFF,0xFF,0xFF,0xFF,0xFF,0xFF,0xFF,0xFF,0xFF,0xFF,0xFF,0xFF,0xFF,0xFF,
    0xFF,0xFF,0xFF,0xFC,0xFF,0x61,0x00,0x04,0x04,0x00,0xB0,0xFF,0xFC,0xFF,0xFF,0xFF,
    0xFF,0xFF,0xFF,0xFF,0xFF,0xFF,0xFF,0xFF,0xFF,0xFF,0xFF,0xFF,0xFF,0xFF,0xFF,0xFF,
    0xFF,0xFF,0xFF,0xFF,0xFF,0xFF,0xFF,0xFF,0xFF,0xFF,0xFF,0xFF,0xFF,0xFF,0xFF,0xFF,
    0xFF,0xFF,0xFF,0xFF,0xFF,0xFF,0xFF,0xFF,0xFF,0xFF,0xFF,0xFF,0xFF,0xFF,0xFF,0xFF,
    0xFF,0xFF,0xFF,0xFF,0xFF,0xFF,0xFF,0xFF,0xFF,0xFF,0xFF,0xFF,0xFF,0xFF,0xFF,0xFF,
    0xFF,0xFF,0xFF,0xFF,0xFF,0xFF,0xFF,0xFF,0xFF,0xFF,0xFF,0xFF,0xFF,0xFF,0xFF,0xFF,
    0xFF,0xFF,0xFF,0xFF,0xFF,0xFF,0xFF,0xFF,0xFF,0xFF,0xFF,0xFF,0xFF,0xFF,0xFF,0xFF,
    0xFF,0xFF,0xFF,0xFF,0xFF,0xFF,0xFF,0xFF,0xFF,0xFF,0xFF,0xFC,0xFF,0xB0,0x00,0x04,
    0x01,0x0A,0xE5,0xFF,0xFE,0xFF,0xFF,0xFF,0xFF,0xFF,0xFF,0xFF,0xFF,0xFF,0xFF,0xFF,
    0xFF,0xFF,0xFF,0xFF,0xFF,0xFF,0xFF,0xFF,0xFF,0xFF,0xFF,0xFF,0xFF,0xFF,0xFF,0xFF,
    0xFF,0xFF,0xFF,0xFF,0xFF,0xFF,0xFF,0xFF,0xFF,0xFF,0xFF,0xFF,0xFF,0xFF,0xFF,0xFF,
    0xFF,0xFF,0xFF,0xFF,0xFF,0xFF,0xFF,0xFF,0xFF,0xFF,0xFF,0xFF,0xFF,0xFF,0xFF,0xFF,
    0xFF,0xFF,0xFF,0xFF,0xFF,0xFF,0xFF,0xFF,0xFF,0xFF,0xFF,0xFF,0xFF,0xFF,0xFF,0xFF,
    0xFF,0xFF,0xFF,0xFF,0xFF,0xFF,0xFF,0xFF,0xFF,0xFF,0xFF,0xFF,0xFF,0xFF,0xFF,0xFF,
    0xFF,0xFF,0xFF,0xFF,0xFF,0xFF,0xFF,0xFF,0xFF,0xFF,0xFF,0xFF,0xFF,0xFF,0xFF,0xFF,
    0xFF,0xFF,0xFF,0xFE,0xFF,0xE5,0x0A,0x01,0x00,0x32,0xFD,0xFE,0xFF,0xFF,0xFF,0xFF,
    0xFF,0xFF,0xFF,0xFF,0xFF,0xFF,0xFF,0xFF,0xFF,0xFF,0xFF,0xFF,0xFF,0xFF,0xFF,0xFF,
    0xFF,0xFF,0xFF,0xFF,0xFF,0xFF,0xFF,0xFF,0xFF,0xFF,0xFF,0xFF,0xFF,0xFF,0xFF,0xFF,
    0xFF,0xFF,0xFF,0xFF,0xFF,0xFF,0xFF,0xFF,0xFF,0xFF,0xFF,0xFF,0xFF,0xFF,0xFF,0xFF,
    0xFF,0xFF,0xFF,0xFF,0xFF,0xFF,0xFF,0xFF,0xFF,0xFF,0xFF,0xFF,0xFF,0xFF,0xFF,0xFF,
    0xFF,0xFF,0xFF,0xFF,0xFF,0xFF,0xFF,0xFF,0xFF,0xFF,0xFF,0xFF,0xFF,0xFF,0xFF,0xFF,
    0xFF,0xFF,0xFF,0xFF,0xFF,0xFF,0xFF,0xFF,0xFF,0xFF,0xFF,0xFF,0xFF,0xFF,0xFF,0xFF,
    0xFF,0xFF,0xFF,0xFF,0xFF,0xFF,0xFF,0xFF,0xFF,0xFF,0xFF,0xFF,0xFE,0xFD,0x32,0x00,
    0x00,0x6E,0xFF,0xFB,0xFF,0xFF,0xFF,0xFF,0xFF,0xFF,0xFF,0xFF,0xFF,0xFF,0xFF,0xFF,
    0xFF,0xFF,0xFF,0xFF,0xFF,0xFF,0xFF,0xFF,0xFF,0xFF,0xFF,0xFF,0xFF,0xFF,0xFF,0xFF,
    0xFF,0xFF,0xFF,0xFF,0xFF,0xFF,0xFF,0xFF,0xFF,0xFF,0xFF,0xFF,0xFF,0xFF,0xFF,0xFF,
    0xFF,0xFF,0xFF,0xFF,0xFF,0xFF,0xFF,0xFF,0xFF,0xFF,0xFF,0xFF,0xFF,0xFF,0xFF,0xFF,
    0xFF,0xFF,0xFF,0xFF,0xFF,0xFF,0xFF,0xFF,0xFF,0xFF,0xFF,0xFF,0xFF,0xFF,0xFF,0xFF,
    0xFF,0xFF,0xFF,0xFF,0xFF,0xFF,0xFF,0xFF,0xFF,0xFF,0xFF,0xFF,0xFF,0xFF,0xFF,0xFF,
    0xFF,0xFF,0xFF,0xFF,0xFF,0xFF,0xFF,0xFF,0xFF,0xFF,0xFF,0xFF,0xFF,0xFF,0xFF,0xFF,
    0xFF,0xFF,0xFF,0xFF,0xFB,0xFF,0x6E,0x00,0x00,0xAA,0xFF,0xFC,0xFF,0xFF,0xFF,0xFF,
    0xFF,0xFF,0xFF,0xFF,0xFF,0xFF,0xFF,0xFF,0xFF,0xFF,0xFF,0xFF,0xFF,0xFF,0xFF,0xFF,
    0xFF,0xFF,0xFF,0xFF,0xFF,0xFF,0xFF,0xFF,0xFF,0xFF,0xFF,0xFF,0xFF,0xFF,0xFF,0xFF,
    0xFF,0xFF,0xFF,0xFF,0xFF,0xFF,0xFF,0xFF,0xFF,0xFF,0xFF,0xFF,0xFF,0xFF,0xFF,0xFF,
    0xFF,0xFF,0xFF,0xFF,0xFF,0xFF,0xFF,0xFF,0xFF,0xFF,0xFF,0xFF,0xFF,0xFF,0xFF,0xFF,
    0xFF,0xFF,0xFF,0xFF,0xFF,0xFF,0xFF,0xFF,0xFF,0xFF,0xFF,0xFF,0xFF,0xFF,0xFF,0xFF,
    0xFF,0xFF,0xFF,0xFF,0xFF,0xFF,0xFF,0xFF,0xFF,0xFF,0xFF,0xFF,0xFF,0xFF,0xFF,0xFF,
    0xFF,0xFF,0xFF,0xFF,0xFF,0xFF,0xFF,0xFF,0xFF,0xFF,0xFF,0xFF,0xFC,0xFF,0xAA,0x00,
    0x06,0xD4,0xFF,0xFD,0xFF,0xFF,0xFF,0xFF,0xFF,0xFF,0xFF,0xFF,0xFF,0xFF,0xFF,0xFF,
    0xFF,0xFF,0xFF,0xFF,0xFF,0xFF,0xFF,0xFF,0xFF,0xFF,0xFF,0xFF,0xFF,0xFF,0xFF,0xFF,
    0xFF,0xFF,0xFF,0xFF,0xFF,0xFF,0xFF,0xFF,0xFF,0xFF,0xFF,0xFF,0xFF,0xFF,0xFF,0xFF,
    0xFF,0xFF,0xFF,0xFF,0xFF,0xFF,0xFF,0xFF,0xFF,0xFF,0xFF,0xFF,0xFF,0xFF,0xFF,0xFF,
    0xFF,0xFF,0xFF,0xFF,0xFF,0xFF,0xFF,0xFF,0xFF,0xFF,0xFF,0xFF,0xFF,0xFF,0xFF,0xFF,
    0xFF,0xFF,0xFF,0xFF,0xFF,0xFF,0xFF,0xFF,0xFF,0xFF,0xFF,0xFF,0xFF,0xFF,0xFF,0xFF,
    0xFF,0xFF,0xFF,0xFF,0xFF,0xFF,0xFF,0xFF,0xFF,0xFF,0xFF,0xFF,0xFF,0xFF,0xFF,0xFF,
    0xFF,0xFF,0xFF,0xFF,0xFD,0xFF,0xD4,0x06,0x21,0xF3,0xFF,0xFE,0xFF,0xFF,0xFF,0xFF,
    0xFF,0xFF,0xFF,0xFF,0xFF,0xFF,0xFF,0xFF,0xFF,0xFF,0xFF,0xFF,0xFF,0xFF,0xFF,0xFF,
    0xFF,0xFF,0xFF,0xFF,0xFF,0xFF,0xFF,0xFF,0xFF,0xFF,0xFF,0xFF,0xFF,0xFF,0xFF,0xFF,
    0xFF,0xFF,0xFF,0xFF,0xFF,0xFF,0xFF,0xFF,0xFF,0xFF,0xFF,0xFF,0xFF,0xFF,0xFF,0xFF,
    0xFF,0xFF,0xFF,0xFF,0xFF,0xFF,0xFF,0xFF,0xFF,0xFF,0xFF,0xFF,0xFF,0xFF,0xFF,0xFF,
    0xFF,0xFF,0xFF,0xFF,0xFF,0xFF,0xFF,0xFF,0xFF,0xFF,0xFF,0xFF,0xFF,0xFF,0xFF,0xFF,
    0xFF,0xFF,0xFF,0xFF,0xFF,0xFF,0xFF,0xFF,0xFF,0xFF,0xFF,0xFF,0xFF,0xFF,0xFF,0xFF,
    0xFF,0xFF,0xFF,0xFF,0xFF,0xFF,0xFF,0xFF,0xFF,0xFF,0xFF,0xFF,0xFE,0xFF,0xF3,0x21,
    0x45,0xFF,0xFE,0xFF,0xFF,0xFF,0xFF,0xFF,0xFF,0xFF,0xFF,0xFF,0xFF,0xFF,0xFF,0xFF,
    0xFF,0xFF,0xFF,0xFF,0xFF,0xFF,0xFF,0xFF,0xFF,0xFF,0xFF,0xFF,0xFF,0xFF,0xFF,0xFF,
    0xFF,0xFF,0xFF,0xFF,0xFF,0xFF,0xFF,0xFF,0xFF,0xFF,0xFF,0xFF,0xFF,0xFF,0xFF,0xFF,
    0xFF,0xFF,0xFF,0xFF,0xFF,0xFF,0xFF,0xFF,0xFF,0xFF,0xFF,0xFF,0xFF,0xFF,0xFF,0xFF,
    0xFF,0xFF,0xFF,0xFF,0xFF,0xFF,0xFF,0xFF,0xFF,0xFF,0xFF,0xFF,0xFF,0xFF,0xFF,0xFF,
    0xFF,0xFF,0xFF,0xFF,0xFF,0xFF,0xFF,0xFF,0xFF,0xFF,0xFF,0xFF,0xFF,0xFF,0xFF,0xFF,
    0xFF,0xFF,0xFF,0xFF,0xFF,0xFF,0xFF,0xFF,0xFF,0xFF,0xFF,0xFF,0xFF,0xFF,0xFF,0xFF,
    0xFF,0xFF,0xFF,0xFF,0xFF,0xFE,0xFF,0x45,0x77,0xFF,0xFD,0xFF,0xFF,0xFF,0xFF,0xFF,
    0xFF,0xFF,0xFF,0xFF,0xFF,0xFF,0xFF,0xFF,0xFF,0xFF,0xFF,0xFF,0xFF,0xFF,0xFF,0xFF,
    0xFF,0xFF,0xFF,0xFF,0xFF,0xFF,0xFF,0xFF,0xFF,0xFF,0xFF,0xFF,0xFF,0xFF,0xFF,0xFF,
    0xFF,0xFF,0xFF,0xFF,0xFF,0xFF,0xFF,0xFF,0xFF,0xFF,0xFF,0xFF,0xFF,0xFF,0xFF,0xFF,
    0xFF,0xFF,0xFF,0xFF,0xFF,0xFF,0xFF,0xFF,0xFF,0xFF,0xFF,0xFF,0xFF,0xFF,0xFF,0xFF,
    0xFF,0xFF,0xFF,0xFF,0xFF,0xFF,0xFF,0xFF,0xFF,0xFF,0xFF,0xFF,0xFF,0xFF,0xFF,0xFF,
    0xFF,0xFF,0xFF,0xFF,0xFF,0xFF,0xFF,0xFF,0xFF,0xFF,0xFF,0xFF,0xFF,0xFF,0xFF,0xFF,
    0xFF,0xFF,0xFF,0xFF,0xFF,0xFF,0xFF,0xFF,0xFF,0xFF,0xFF,0xFF,0xFF,0xFD,0xFF,0x77,
    0x89,0xFF,0xFC,0xFF,0xFF,0xFF,0xFF,0xFF,0xFF,0xFF,0xFF,0xFF,0xFF,0xFF,0xFF,0xFF,
    0xFF,0xFF,0xFF,0xFF,0xFF,0xFF,0xFF,0xFF,0xFF,0xFF,0xFF,0xFF,0xFF,0xFF,0xFF,0xFF,
    0xFF,0xFF,0xFF,0xFF,0xFF,0xFF,0xFF,0xFF,0xFF,0xFF,0xFF,0xFF,0xFF,0xFF,0xFF,0xFF,
    0xFF,0xFF,0xFF,0xFF,0xFF,0xFF,0xFF,0xFF,0xFF,0xFF,0xFF,0xFF,0xFF,0xFF,0xFF,0xFF,
    0xFF,0xFF,0xFF,0xFF,0xFF,0xFF,0xFF,0xFF,0xFF,0xFF,0xFF,0xFF,0xFF,0xFF,0xFF,0xFF,
    0xFF,0xFF,0xFF,0xFF,0xFF,0xFF,0xFF,0xFF,0xFF,0xFF,0xFF,0xFF,0xFF,0xFF,0xFF,0xFF,
    0xFF,0xFF,0xFF,0xFF,0xFF,0xFF,0xFF,0xFF,0xFF,0xFF,0xFF,0xFF,0xFF,0xFF,0xFF,0xFF,
    0xFF,0xFF,0xFF,0xFF,0xFF,0xFC,0xFF,0x89,0xB9,0xFF,0xFD,0xFF,0xFF,0xFF,0xFF,0xFF,
    0xFF,0xFF,0xFF,0xFF,0xFF,0xFF,0xFF,0xFF,0xFF,0xFF,0xFF,0xFF,0xFF,0xFF,0xFF,0xFF,
    0xFF,0xFF,0xFF,0xFF,0xFF,0xFF,0xFF,0xFF,0xFF,0xFF,0xFF,0xFF,0xFF,0xFF,0xFF,0xFF,
    0xFF,0xFF,0xFF,0xFF,0xFF,0xFF,0xFF,0xFF,0xFF,0xFF,0xFF,0xFF,0xFF,0xFF,0xFF,0xFF,
    0xFF,0xFF,0xFF,0xFF,0xFF,0xFF,0xFF,0xFF,0xFF,0xFF,0xFF,0xFF,0xFF,0xFF,0xFF,0xFF,
    0xFF,0xFF,0xFF,0xFF,0xFF,0xFF,0xFF,0xFF,0xFF,0xFF,0xFF,0xFF,0xFF,0xFF,0xFF,0xFF,
    0xFF,0xFF,0xFF,0xFF,0xFF,0xFF,0xFF,0xFF,0xFF,0xFF,0xFF,0xFF,0xFF,0xFF,0xFF,0xFF,
    0xFF,0xFF,0xFF,0xFF,0xFF,0xFF,0xFF,0xFF,0xFF,0xFF,0xFF,0xFF,0xFF,0xFD,0xFF,0xB9,
    0xCF,0xFF,0xFD,0xFF,0xFF,0xFF,0xFF,0xFF,0xFF,0xFF,0xFF,0xFF,0xFF,0xFF,0xFF,0xFF,
    0xFF,0xFF,0xFF,0xFF,0xFF,0xFF,0xFF,0xFF,0xFF,0xFF,0xFF,0xFF,0xFF,0xFF,0xFF,0xFF,
    0xFF,0xFF,0xFF,0xFF,0xFF,0xFF,0xFF,0xFF,0xFF,0xFF,0xFF,0xFF,0xFF,0xFF,0xFF,0xFF,
    0xFF,0xFF,0xFF,0xFF,0xFF,0xFF,0xFF,0xFF,0xFF,0xFF,0xFF,0xFF,0xFF,0xFF,0xFF,0xFF,
    0xFF,0xFF,0xFF,0xFF,0xFF,0xFF,0xFF,0xFF,0xFF,0xFF,0xFF,0xFF,0xFF,0xFF,0xFF,0xFF,
    0xFF,0xFF,0xFF,0xFF,0xFF,0xFF,0xFF,0xFF,0xFF,0xFF,0xFF,0xFF,0xFF,0xFF,0xFF,0xFF,
    0xFF,0xFF,0xFF,0xFF,0xFF,0xFF,0xFF,0xFF,0xFF,0xFF,0xFF,0xFF,0xFF,0xFF,0xFF,0xFF,
    0xFF,0xFF,0xFF,0xFF,0xFF,0xFD,0xFF,0xCF,0xC8,0xFF,0xFD,0xFF,0xFF,0xFF,0xFF,0xFF,
    0xFF,0xFF,0xFF,0xFF,0xFF,0xFF,0xFF,0xFF,0xFF,0xFF,0xFF,0xFF,0xFF,0xFF,0xFF,0xFF,
    0xFF,0xFF,0xFF,0xFF,0xFF,0xFF,0xFF,0xFF,0xFF,0xFF,0xFF,0xFF,0xFF,0xFF,0xFF,0xFF,
    0xFF,0xFF,0xFF,0xFF,0xFF,0xFF,0xFF,0xFF,0xFF,0xFF,0xFF,0xFF,0xFF,0xFF,0xFF,0xFF,
    0xFF,0xFF,0xFF,0xFF,0xFF,0xFF,0xFF,0xFF,0xFF,0xFF,0xFF,0xFF,0xFF,0xFF,0xFF,0xFF,
    0xFF,0xFF,0xFF,0xFF,0xFF,0xFF,0xFF,0xFF,0xFF,0xFF,0xFF,0xFF,0xFF,0xFF,0xFF,0xFF,
    0xFF,0xFF,0xFF,0xFF,0xFF,0xFF,0xFF,0xFF,0xFF,0xFF,0xFF,0xFF,0xFF,0xFF,0xFF,0xFF,
    0xFF,0xFF,0xFF,0xFF,0xFF,0xFF,0xFF,0xFF,0xFF,0xFF,0xFF,0xFF,0xFF,0xFD,0xFF,0xC8,
    0xF2,0xFF,0xFE,0xFF,0xFF,0xFF,0xFF,0xFF,0xFF,0xFF,0xFF,0xFF,0xFF,0xFF,0xFF,0xFF,
    0xFF,0xFF,0xFF,0xFF,0xFF,0xFF,0xFF,0xFF,0xFF,0xFF,0xFF,0xFF,0xFF,0xFF,0xFF,0xFF,
    0xFF,0xFF,0xFF,0xFF,0xFF,0xFF,0xFF,0xFF,0xFF,0xFF,0xFF,0xFF,0xFF,0xFF,0xFF,0xFF,
    0xFF,0xFF,0xFF,0xFF,0xFF,0xFF,0xFF,0xFF,0xFF,0xFF,0xFF,0xFF,0xFF,0xFF,0xFF,0xFF,
    0xFF,0xFF,0xFF,0xFF,0xFF,0xFF,0xFF,0xFF,0xFF,0xFF,0xFF,0xFF,0xFF,0xFF,0xFF,0xFF,
    0xFF,0xFF,0xFF,0xFF,0xFF,0xFF,0xFF,0xFF,0xFF,0xFF,0xFF,0xFF,0xFF,0xFF,0xFF,0xFF,
    0xFF,0xFF,0xFF,0xFF,0xFF,0xFF,0xFF,0xFF,0xFF,0xFF,0xFF,0xFF,0xFF,0xFF,0xFF,0xFF,
    0xFF,0xFF,0xFF,0xFF,0xFF,0xFE,0xFF,0xF2,0xFF,0xFF,0xFF,0xFF,0xFF,0xFF,0xFF,0xFF,
    0xFF,0xFF,0xFF,0xFF,0xFF,0xFF,0xFF,0xFF,0xFF,0xFF,0xFF,0xFF,0xFF,0xFF,0xFF,0xFF,
    0xFF,0xFF,0xFF,0xFF,0xFF,0xFF,0xFF,0xFF,0xFF,0xFF,0xFF,0xFF,0xFF,0xFF,0xFF,0xFF,
    0xFF,0xFF,0xFF,0xFF,0xFF,0xFF,0xFF,0xFF,0xFF,0xFF,0xFF,0xFF,0xFF,0xFF,0xFF,0xFF,
    0xFF,0xFF,0xFF,0xFF,0xFF,0xFF,0xFF,0xFF,0xFF,0xFF,0xFF,0xFF,0xFF,0xFF,0xFF,0xFF,
    0xFF,0xFF,0xFF,0xFF,0xFF,0xFF,0xFF,0xFF,0xFF,0xFF,0xFF,0xFF,0xFF,0xFF,0xFF,0xFF,
    0xFF,0xFF,0xFF,0xFF,0xFF,0xFF,0xFF,0xFF,0xFF,0xFF,0xFF,0xFF,0xFF,0xFF,0xFF,0xFF,
    0xFF,0xFF,0xFF,0xFF,0xFF,0xFF,0xFF,0xFF,0xFF,0xFF,0xFF,0xFF,0xFF,0xFF,0xFF,0xFF,
    0xFE,0xFF,0xFF,0xFF,0xFF,0xFF,0xFF,0xFF,0xFF,0xFF,0xFF,0xFF,0xFF,0xFF,0xFF,0xFF,
    0xFF,0xFF,0xFF,0xFF,0xFF,0xFF,0xFF,0xFF,0xFF,0xFF,0xFF,0xFF,0xFF,0xFF,0xFF,0xFF,
    0xFF,0xFF,0xFF,0xFF,0xFF,0xFF,0xFF,0xFF,0xFF,0xFF,0xFF,0xFF,0xFF,0xFF,0xFF,0xFF,
    0xFF,0xFF,0xFF,0xFF,0xFF,0xFF,0xFF,0xFF,0xFF,0xFF,0xFF,0xFF,0xFF,0xFF,0xFF,0xFF,
    0xFF,0xFF,0xFF,0xFF,0xFF,0xFF,0xFF,0xFF,0xFF,0xFF,0xFF,0xFF,0xFF,0xFF,0xFF,0xFF,
    0xFF,0xFF,0xFF,0xFF,0xFF,0xFF,0xFF,0xFF,0xFF,0xFF,0xFF,0xFF,0xFF,0xFF,0xFF,0xFF,
    0xFF,0xFF,0xFF,0xFF,0xFF,0xFF,0xFF,0xFF,0xFF,0xFF,0xFF,0xFF,0xFF,0xFF,0xFF,0xFF,
    0xFF,0xFF,0xFF,0xFF,0xFF,0xFF,0xFF,0xFE,0xFF,0xFF,0xFF,0xFF,0xFF,0xFF,0xFF,0xFF,
    0xFF,0xFF,0xFF,0xFF,0xFF,0xFF,0xFF,0xFF,0xFF,0xFF,0xFF,0xFF,0xFF,0xFF,0xFF,0xFF,
    0xFF,0xFF,0xFF,0xFF,0xFF,0xFF,0xFF,0xFF,0xFF,0xFF,0xFF,0xFF,0xFF,0xFF,0xFF,0xFF,
    0xFF,0xFF,0xFF,0xFF,0xFF,0xFF,0xFF,0xFF,0xFF,0xFF,0xFF,0xFF,0xFF,0xFF,0xFF,0xFF,
    0xFF,0xFF,0xFF,0xFF,0xFF,0xFF,0xFF,0xFF,0xFF,0xFF,0xFF,0xFF,0xFF,0xFF,0xFF,0xFF,
    0xFF,0xFF,0xFF,0xFF,0xFF,0xFF,0xFF,0xFF,0xFF,0xFF,0xFF,0xFF,0xFF,0xFF,0xFF,0xFF,
    0xFF,0xFF,0xFF,0xFF,0xFF,0xFF,0xFF,0xFF,0xFF,0xFF,0xFF,0xFF,0xFF,0xFF,0xFF,0xFF,
    0xFF,0xFF,0xFF,0xFF,0xFF,0xFF,0xFF,0xFF,0xFF,0xFF,0xFF,0xFF,0xFF,0xFF,0xFF,0xFF,
    0xFF,0xFF,0xFF,0xFF,0xFF,0xFF,0xFF,0xFF,0xFF,0xFF,0xFF,0xFF,0xFF,0xFF,0xFF,0xFF,
    0xFF,0xFF,0xFF,0xFF,0xFF,0xFF,0xFF,0xFF,0xFF,0xFF,0xFF,0xFF,0xFF,0xFF,0xFF,0xFF,
    0xFF,0xFF,0xFF,0xFF,0xFF,0xFF,0xFF,0xFF,0xFF,0xFF,0xFF,0xFF,0xFF,0xFF,0xFF,0xFF,
    0xFF,0xFF,0xFF,0xFF,0xFF,0xFF,0xFF,0xFF,0xFF,0xFF,0xFF,0xFF,0xFF,0xFF,0xFF,0xFF,
    0xFF,0xFF,0xFF,0xFF,0xFF,0xFF,0xFF,0xFF,0xFF,0xFF,0xFF,0xFF,0xFF,0xFF,0xFF,0xFF,
    0xFF,0xFF,0xFF,0xFF,0xFF,0xFF,0xFF,0xFF,0xFF,0xFF,0xFF,0xFF,0xFF,0xFF,0xFF,0xFF,
    0xFF,0xFF,0xFF,0xFF,0xFF,0xFF,0xFF,0xFF,0xFF,0xFF,0xFF,0xFF,0xFF,0xFF,0xFF,0xFF,
    0xFF,0xFF,0xFF,0xFF,0xFF,0xFF,0xFF,0xFF,0xFE,0xFF,0xFF,0xFF,0xFF,0xFF,0xFF,0xFF,
    0xFF,0xFF,0xFF,0xFF,0xFF,0xFF,0xFF,0xFF,0xFF,0xFF,0xFF,0xFF,0xFF,0xFF,0xFF,0xFF,
    0xFF,0xFF,0xFF,0xFF,0xFF,0xFF,0xFF,0xFF,0xFF,0xFF,0xFF,0xFF,0xFF,0xFF,0xFF,0xFF,
    0xFF,0xFF,0xFF,0xFF,0xFF,0xFF,0xFF,0xFF,0xFF,0xFF,0xFF,0xFF,0xFF,0xFF,0xFF,0xFF,
    0xFF,0xFF,0xFF,0xFF,0xFF,0xFF,0xFF,0xFF,0xFF,0xFF,0xFF,0xFF,0xFF,0xFF,0xFF,0xFF,
    0xFF,0xFF,0xFF,0xFF,0xFF,0xFF,0xFF,0xFF,0xFF,0xFF,0xFF,0xFF,0xFF,0xFF,0xFF,0xFF,
    0xFF,0xFF,0xFF,0xFF,0xFF,0xFF,0xFF,0xFF,0xFF,0xFF,0xFF,0xFF,0xFF,0xFF,0xFF,0xFF,
    0xFF,0xFF,0xFF,0xFF,0xFF,0xFF,0xFF,0xFF,0xFF,0xFF,0xFF,0xFF,0xFF,0xFF,0xFF,0xFE,
    0xFF,0xFF,0xFF,0xFF,0xFF,0xFF,0xFF,0xFF,0xFF,0xFF,0xFF,0xFF,0xFF,0xFF,0xFF,0xFF,
    0xFF,0xFF,0xFF,0xFF,0xFF,0xFF,0xFF,0xFF,0xFF,0xFF,0xFF,0xFF,0xFF,0xFF,0xFF,0xFF,
    0xFF,0xFF,0xFF,0xFF,0xFF,0xFF,0xFF,0xFF,0xFF,0xFF,0xFF,0xFF,0xFF,0xFF,0xFF,0xFF,
    0xFF,0xFF,0xFF,0xFF,0xFF,0xFF,0xFF,0xFF,0xFF,0xFF,0xFF,0xFF,0xFF,0xFF,0xFF,0xFF,
    0xFF,0xFF,0xFF,0xFF,0xFF,0xFF,0xFF,0xFF,0xFF,0xFF,0xFF,0xFF,0xFF,0xFF,0xFF,0xFF,
    0xFF,0xFF,0xFF,0xFF,0xFF,0xFF,0xFF,0xFF,0xFF,0xFF,0xFF,0xFF,0xFF,0xFF,0xFF,0xFF,
    0xFF,0xFF,0xFF,0xFF,0xFF,0xFF,0xFF,0xFF,0xFF,0xFF,0xFF,0xFF,0xFF,0xFF,0xFF,0xFF,
    0xFF,0xFF,0xFF,0xFF,0xFF,0xFF,0xFF,0xFF,0xF2,0xFF,0xFE,0xFF,0xFF,0xFF,0xFF,0xFF,
    0xFF,0xFF,0xFF,0xFF,0xFF,0xFF,0xFF,0xFF,0xFF,0xFF,0xFF,0xFF,0xFF,0xFF,0xFF,0xFF,
    0xFF,0xFF,0xFF,0xFF,0xFF,0xFF,0xFF,0xFF,0xFF,0xFF,0xFF,0xFF,0xFF,0xFF,0xFF,0xFF,
    0xFF,0xFF,0xFF,0xFF,0xFF,0xFF,0xFF,0xFF,0xFF,0xFF,0xFF,0xFF,0xFF,0xFF,0xFF,0xFF,
    0xFF,0xFF,0xFF,0xFF,0xFF,0xFF,0xFF,0xFF,0xFF,0xFF,0xFF,0xFF,0xFF,0xFF,0xFF,0xFF,
    0xFF,0xFF,0xFF,0xFF,0xFF,0xFF,0xFF,0xFF,0xFF,0xFF,0xFF,0xFF,0xFF,0xFF,0xFF,0xFF,
    0xFF,0xFF,0xFF,0xFF,0xFF,0xFF,0xFF,0xFF,0xFF,0xFF,0xFF,0xFF,0xFF,0xFF,0xFF,0xFF,
    0xFF,0xFF,0xFF,0xFF,0xFF,0xFF,0xFF,0xFF,0xFF,0xFF,0xFF,0xFF,0xFF,0xFE,0xFF,0xF2,
    0xC8,0xFF,0xFD,0xFF,0xFF,0xFF,0xFF,0xFF,0xFF,0xFF,0xFF,0xFF,0xFF,0xFF,0xFF,0xFF,
    0xFF,0xFF,0xFF,0xFF,0xFF,0xFF,0xFF,0xFF,0xFF,0xFF,0xFF,0xFF,0xFF,0xFF,0xFF,0xFF,
    0xFF,0xFF,0xFF,0xFF,0xFF,0xFF,0xFF,0xFF,0xFF,0xFF,0xFF,0xFF,0xFF,0xFF,0xFF,0xFF,
    0xFF,0xFF,0xFF,0xFF,0xFF,0xFF,0xFF,0xFF,0xFF,0xFF,0xFF,0xFF,0xFF,0xFF,0xFF,0xFF,
    0xFF,0xFF,0xFF,0xFF,0xFF,0xFF,0xFF,0xFF,0xFF,0xFF,0xFF,0xFF,0xFF,0xFF,0xFF,0xFF,
    0xFF,0xFF,0xFF,0xFF,0xFF,0xFF,0xFF,0xFF,0xFF,0xFF,0xFF,0xFF,0xFF,0xFF,0xFF,0xFF,
    0xFF,0xFF,0xFF,0xFF,0xFF,0xFF,0xFF,0xFF,0xFF,0xFF,0xFF,0xFF,0xFF,0xFF,0xFF,0xFF,
    0xFF,0xFF,0xFF,0xFF,0xFF,0xFD,0xFF,0xC8,0xCF,0xFF,0xFD,0xFF,0xFF,0xFF,0xFF,0xFF,
    0xFF,0xFF,0xFF,0xFF,0xFF,0xFF,0xFF,0xFF,0xFF,0xFF,0xFF,0xFF,0xFF,0xFF,0xFF,0xFF,
    0xFF,0xFF,0xFF,0xFF,0xFF,0xFF,0xFF,0xFF,0xFF,0xFF,0xFF,0xFF,0xFF,0xFF,0xFF,0xFF,
    0xFF,0xFF,0xFF,0xFF,0xFF,0xFF,0xFF,0xFF,0xFF,0xFF,0xFF,0xFF,0xFF,0xFF,0xFF,0xFF,
    0xFF,0xFF,0xFF,0xFF,0xFF,0xFF,0xFF,0xFF,0xFF,0xFF,0xFF,0xFF,0xFF,0xFF,0xFF,0xFF,
    0xFF,0xFF,0xFF,0xFF,0xFF,0xFF,0xFF,0xFF,0xFF,0xFF,0xFF,0xFF,0xFF,0xFF,0xFF,0xFF,
    0xFF,0xFF,0xFF,0xFF,0xFF,0xFF,0xFF,0xFF,0xFF,0xFF,0xFF,0xFF,0xFF,0xFF,0xFF,0xFF,
    0xFF,0xFF,0xFF,0xFF,0xFF,0xFF,0xFF,0xFF,0xFF,0xFF,0xFF,0xFF,0xFF,0xFD,0xFF,0xCF,
    0xB9,0xFF,0xFD,0xFF,0xFF,0xFF,0xFF,0xFF,0xFF,0xFF,0xFF,0xFF,0xFF,0xFF,0xFF,0xFF,
    0xFF,0xFF,0xFF,0xFF,0xFF,0xFF,0xFF,0xFF,0xFF,0xFF,0xFF,0xFF,0xFF,0xFF,0xFF,0xFF,
    0xFF,0xFF,0xFF,0xFF,0xFF,0xFF,0xFF,0xFF,0xFF,0xFF,0xFF,0xFF,0xFF,0xFF,0xFF,0xFF,
    0xFF,0xFF,0xFF,0xFF,0xFF,0xFF,0xFF,0xFF,0xFF,0xFF,0xFF,0xFF,0xFF,0xFF,0xFF,0xFF,
    0xFF,0xFF,0xFF,0xFF,0xFF,0xFF,0xFF,0xFF,0xFF,0xFF,0xFF,0xFF,0xFF,0xFF,0xFF,0xFF,
    0xFF,0xFF,0xFF,0xFF,0xFF,0xFF,0xFF,0xFF,0xFF,0xFF,0xFF,0xFF,0xFF,0xFF,0xFF,0xFF,
    0xFF,0xFF,0xFF,0xFF,0xFF,0xFF,0xFF,0xFF,0xFF,0xFF,0xFF,0xFF,0xFF,0xFF,0xFF,0xFF,
    0xFF,0xFF,0xFF,0xFF,0xFF,0xFD,0xFF,0xB9,0x89,0xFF,0xFC,0xFF,0xFF,0xFF,0xFF,0xFF,
    0xFF,0xFF,0xFF,0xFF,0xFF,0xFF,0xFF,0xFF,0xFF,0xFF,0xFF,0xFF,0xFF,0xFF,0xFF,0xFF,
    0xFF,0xFF,0xFF,0xFF,0xFF,0xFF,0xFF,0xFF,0xFF,0xFF,0xFF,0xFF,0xFF,0xFF,0xFF,0xFF,
    0xFF,0xFF,0xFF,0xFF,0xFF,0xFF,0xFF,0xFF,0xFF,0xFF,0xFF,0xFF,0xFF,0xFF,0xFF,0xFF,
    0xFF,0xFF,0xFF,0xFF,0xFF,0xFF,0xFF,0xFF,0xFF,0xFF,0xFF,0xFF,0xFF,0xFF,0xFF,0xFF,
    0xFF,0xFF,0xFF,0xFF,0xFF,0xFF,0xFF,0xFF,0xFF,0xFF,0xFF,0xFF,0xFF,0xFF,0xFF,0xFF,
    0xFF,0xFF,0xFF,0xFF,0xFF,0xFF,0xFF,0xFF,0xFF,0xFF,0xFF,0xFF,0xFF,0xFF,0xFF,0xFF,
    0xFF,0xFF,0xFF,0xFF,0xFF,0xFF,0xFF,0xFF,0xFF,0xFF,0xFF,0xFF,0xFF,0xFC,0xFF,0x89,
    0x77,0xFF,0xFD,0xFF,0xFF,0xFF,0xFF,0xFF,0xFF,0xFF,0xFF,0xFF,0xFF,0xFF,0xFF,0xFF,
    0xFF,0xFF,0xFF,0xFF,0xFF,0xFF,0xFF,0xFF,0xFF,0xFF,0xFF,0xFF,0xFF,0xFF,0xFF,0xFF,
    0xFF,0xFF,0xFF,0xFF,0xFF,0xFF,0xFF,0xFF,0xFF,0xFF,0xFF,0xFF,0xFF,0xFF,0xFF,0xFF,
    0xFF,0xFF,0xFF,0xFF,0xFF,0xFF,0xFF,0xFF,0xFF,0xFF,0xFF,0xFF,0xFF,0xFF,0xFF,0xFF,
    0xFF,0xFF,0xFF,0xFF,0xFF,0xFF,0xFF,0xFF,0xFF,0xFF,0xFF,0xFF,0xFF,0xFF,0xFF,0xFF,
    0xFF,0xFF,0xFF,0xFF,0xFF,0xFF,0xFF,0xFF,0xFF,0xFF,0xFF,0xFF,0xFF,0xFF,0xFF,0xFF,
    0xFF,0xFF,0xFF,0xFF,0xFF,0xFF,0xFF,0xFF,0xFF,0xFF,0xFF,0xFF,0xFF,0xFF,0xFF,0xFF,
    0xFF,0xFF,0xFF,0xFF,0xFF,0xFD,0xFF,0x77,0x45,0xFF,0xFE,0xFF,0xFF,0xFF,0xFF,0xFF,
    0xFF,0xFF,0xFF,0xFF,0xFF,0xFF,0xFF,0xFF,0xFF,0xFF,0xFF,0xFF,0xFF,0xFF,0xFF,0xFF,
    0xFF,0xFF,0xFF,0xFF,0xFF,0xFF,0xFF,0xFF,0xFF,0xFF,0xFF,0xFF,0xFF,0xFF,0xFF,0xFF,
    0xFF,0xFF,0xFF,0xFF,0xFF,0xFF,0xFF,0xFF,0xFF,0xFF,0xFF,0xFF,0xFF,0xFF,0xFF,0xFF,
    0xFF,0xFF,0xFF,0xFF,0xFF,0xFF,0xFF,0xFF,0xFF,0xFF,0xFF,0xFF,0xFF,0xFF,0xFF,0xFF,
    0xFF,0xFF,0xFF,0xFF,0xFF,0xFF,0xFF,0xFF,0xFF,0xFF,0xFF,0xFF,0xFF,0xFF,0xFF,0xFF,
    0xFF,0xFF,0xFF,0xFF,0xFF,0xFF,0xFF,0xFF,0xFF,0xFF,0xFF,0xFF,0xFF,0xFF,0xFF,0xFF,
    0xFF,0xFF,0xFF,0xFF,0xFF,0xFF,0xFF,0xFF,0xFF,0xFF,0xFF,0xFF,0xFF,0xFE,0xFF,0x45,
    0x21,0xF3,0xFF,0xFE,0xFF,0xFF,0xFF,0xFF,0xFF,0xFF,0xFF,0xFF,0xFF,0xFF,0xFF,0xFF,
    0xFF,0xFF,0xFF,0xFF,0xFF,0xFF,0xFF,0xFF,0xFF,0xFF,0xFF,0xFF,0xFF,0xFF,0xFF,0xFF,
    0xFF,0xFF,0xFF,0xFF,0xFF,0xFF,0xFF,0xFF,0xFF,0xFF,0xFF,0xFF,0xFF,0xFF,0xFF,0xFF,
    0xFF,0xFF,0xFF,0xFF,0xFF,0xFF,0xFF,0xFF,0xFF,0xFF,0xFF,0xFF,0xFF,0xFF,0xFF,0xFF,
    0xFF,0xFF,0xFF,0xFF,0xFF,0xFF,0xFF,0xFF,0xFF,0xFF,0xFF,0xFF,0xFF,0xFF,0xFF,0xFF,
    0xFF,0xFF,0xFF,0xFF,0xFF,0xFF,0xFF,0xFF,0xFF,0xFF,0xFF,0xFF,0xFF,0xFF,0xFF,0xFF,
    0xFF,0xFF,0xFF,0xFF,0xFF,0xFF,0xFF,0xFF,0xFF,0xFF,0xFF,0xFF,0xFF,0xFF,0xFF,0xFF,
    0xFF,0xFF,0xFF,0xFF,0xFE,0xFF,0xF3,0x21,0x06,0xD4,0xFF,0xFD,0xFF,0xFF,0xFF,0xFF,
    0xFF,0xFF,0xFF,0xFF,0xFF,0xFF,0xFF,0xFF,0xFF,0xFF,0xFF,0xFF,0xFF,0xFF,0xFF,0xFF,
    0xFF,0xFF,0xFF,0xFF,0xFF,0xFF,0xFF,0xFF,0xFF,0xFF,0xFF,0xFF,0xFF,0xFF,0xFF,0xFF,
    0xFF,0xFF,0xFF,0xFF,0xFF,0xFF,0xFF,0xFF,0xFF,0xFF,0xFF,0xFF,0xFF,0xFF,0xFF,0xFF,
    0xFF,0xFF,0xFF,0xFF,0xFF,0xFF,0xFF,0xFF,0xFF,0xFF,0xFF,0xFF,0xFF,0xFF,0xFF,0xFF,
    0xFF,0xFF,0xFF,0xFF,0xFF,0xFF,0xFF,0xFF,0xFF,0xFF,0xFF,0xFF,0xFF,0xFF,0xFF,0xFF,
    0xFF,0xFF,0xFF,0xFF,0xFF,0xFF,0xFF,0xFF,0xFF,0xFF,0xFF,0xFF,0xFF,0xFF,0xFF,0xFF,
    0xFF,0xFF,0xFF,0xFF,0xFF,0xFF,0xFF,0xFF,0xFF,0xFF,0xFF,0xFF,0xFD,0xFF,0xD4,0x06,
    0x00,0xAA,0xFF,0xFC,0xFF,0xFF,0xFF,0xFF,0xFF,0xFF,0xFF,0xFF,0xFF,0xFF,0xFF,0xFF,
    0xFF,0xFF,0xFF,0xFF,0xFF,0xFF,0xFF,0xFF,0xFF,0xFF,0xFF,0xFF,0xFF,0xFF,0xFF,0xFF,
    0xFF,0xFF,0xFF,0xFF,0xFF,0xFF,0xFF,0xFF,0xFF,0xFF,0xFF,0xFF,0xFF,0xFF,0xFF,0xFF,
    0xFF,0xFF,0xFF,0xFF,0xFF,0xFF,0xFF,0xFF,0xFF,0xFF,0xFF,0xFF,0xFF,0xFF,0xFF,0xFF,
    0xFF,0xFF,0xFF,0xFF,0xFF,0xFF,0xFF,0xFF,0xFF,0xFF,0xFF,0xFF,0xFF,0xFF,0xFF,0xFF,
    0xFF,0xFF,0xFF,0xFF,0xFF,0xFF,0xFF,0xFF,0xFF,0xFF,0xFF,0xFF,0xFF,0xFF,0xFF,0xFF,
    0xFF,0xFF,0xFF,0xFF,0xFF,0xFF,0xFF,0xFF,0xFF,0xFF,0xFF,0xFF,0xFF,0xFF,0xFF,0xFF,
    0xFF,0xFF,0xFF,0xFF,0xFC,0xFF,0xAA,0x00,0x00,0x6E,0xFF,0xFB,0xFF,0xFF,0xFF,0xFF,
    0xFF,0xFF,0xFF,0xFF,0xFF,0xFF,0xFF,0xFF,0xFF,0xFF,0xFF,0xFF,0xFF,0xFF,0xFF,0xFF,
    0xFF,0xFF,0xFF,0xFF,0xFF,0xFF,0xFF,0xFF,0xFF,0xFF,0xFF,0xFF,0xFF,0xFF,0xFF,0xFF,
    0xFF,0xFF,0xFF,0xFF,0xFF,0xFF,0xFF,0xFF,0xFF,0xFF,0xFF,0xFF,0xFF,0xFF,0xFF,0xFF,
    0xFF,0xFF,0xFF,0xFF,0xFF,0xFF,0xFF,0xFF,0xFF,0xFF,0xFF,0xFF,0xFF,0xFF,0xFF,0xFF,
    0xFF,0xFF,0xFF,0xFF,0xFF,0xFF,0xFF,0xFF,0xFF,0xFF,0xFF,0xFF,0xFF,0xFF,0xFF,0xFF,
    0xFF,0xFF,0xFF,0xFF,0xFF,0xFF,0xFF,0xFF,0xFF,0xFF,0xFF,0xFF,0xFF,0xFF,0xFF,0xFF,
    0xFF,0xFF,0xFF,0xFF,0xFF,0xFF,0xFF,0xFF,0xFF,0xFF,0xFF,0xFF,0xFB,0xFF,0x6E,0x00,
    0x00,0x32,0xFD,0xFE,0xFF,0xFF,0xFF,0xFF,0xFF,0xFF,0xFF,0xFF,0xFF,0xFF,0xFF,0xFF,
    0xFF,0xFF,0xFF,0xFF,0xFF,0xFF,0xFF,0xFF,0xFF,0xFF,0xFF,0xFF,0xFF,0xFF,0xFF,0xFF,
    0xFF,0xFF,0xFF,0xFF,0xFF,0xFF,0xFF,0xFF,0xFF,0xFF,0xFF,0xFF,0xFF,0xFF,0xFF,0xFF,
    0xFF,0xFF,0xFF,0xFF,0xFF,0xFF,0xFF,0xFF,0xFF,0xFF,0xFF,0xFF,0xFF,0xFF,0xFF,0xFF,
    0xFF,0xFF,0xFF,0xFF,0xFF,0xFF,0xFF,0xFF,0xFF,0xFF,0xFF,0xFF,0xFF,0xFF,0xFF,0xFF,
    0xFF,0xFF,0xFF,0xFF,0xFF,0xFF,0xFF,0xFF,0xFF,0xFF,0xFF,0xFF,0xFF,0xFF,0xFF,0xFF,
    0xFF,0xFF,0xFF,0xFF,0xFF,0xFF,0xFF,0xFF,0xFF,0xFF,0xFF,0xFF,0xFF,0xFF,0xFF,0xFF,
    0xFF,0xFF,0xFF,0xFF,0xFE,0xFD,0x32,0x00,0x01,0x0A,0xE5,0xFF,0xFE,0xFF,0xFF,0xFF,
    0xFF,0xFF,0xFF,0xFF,0xFF,0xFF,0xFF,0xFF,0xFF,0xFF,0xFF,0xFF,0xFF,0xFF,0xFF,0xFF,
    0xFF,0xFF,0xFF,0xFF,0xFF,0xFF,0xFF,0xFF,0xFF,0xFF,0xFF,0xFF,0xFF,0xFF,0xFF,0xFF,
    0xFF,0xFF,0xFF,0xFF,0xFF,0xFF,0xFF,0xFF,0xFF,0xFF,0xFF,0xFF,0xFF,0xFF,0xFF,0xFF,
    0xFF,0xFF,0xFF,0xFF,0xFF,0xFF,0xFF,0xFF,0xFF,0xFF,0xFF,0xFF,0xFF,0xFF,0xFF,0xFF,
    0xFF,0xFF,0xFF,0xFF,0xFF,0xFF,0xFF,0xFF,0xFF,0xFF,0xFF,0xFF,0xFF,0xFF,0xFF,0xFF,
    0xFF,0xFF,0xFF,0xFF,0xFF,0xFF,0xFF,0xFF,0xFF,0xFF,0xFF,0xFF,0xFF,0xFF,0xFF,0xFF,
    0xFF,0xFF,0xFF,0xFF,0xFF,0xFF,0xFF,0xFF,0xFF,0xFF,0xFF,0xFE,0xFF,0xE5,0x0A,0x01,
    0x04,0x00,0xB0,0xFF,0xFC,0xFF,0xFF,0xFF,0xFF,0xFF,0xFF,0xFF,0xFF,0xFF,0xFF,0xFF,
    0xFF,0xFF,0xFF,0xFF,0xFF,0xFF,0xFF,0xFF,0xFF,0xFF,0xFF,0xFF,0xFF,0xFF,0xFF,0xFF,
    0xFF,0xFF,0xFF,0xFF,0xFF,0xFF,0xFF,0xFF,0xFF,0xFF,0xFF,0xFF,0xFF,0xFF,0xFF,0xFF,
    0xFF,0xFF,0xFF,0xFF,0xFF,0xFF,0xFF,0xFF,0xFF,0xFF,0xFF,0xFF,0xFF,0xFF,0xFF,0xFF,
    0xFF,0xFF,0xFF,0xFF,0xFF,0xFF,0xFF,0xFF,0xFF,0xFF,0xFF,0xFF,0xFF,0xFF,0xFF,0xFF,
    0xFF,0xFF,0xFF,0xFF,0xFF,0xFF,0xFF,0xFF,0xFF,0xFF,0xFF,0xFF,0xFF,0xFF,0xFF,0xFF,
    0xFF,0xFF,0xFF,0xFF,0xFF,0xFF,0xFF,0xFF,0xFF,0xFF,0xFF,0xFF,0xFF,0xFF,0xFF,0xFF,
    0xFF,0xFF,0xFF,0xFC,0xFF,0xB0,0x00,0x04,0x04,0x00,0x61,0xFF,0xFC,0xFF,0xFF,0xFF,
    0xFF,0xFF,0xFF,0xFF,0xFF,0xFF,0xFF,0xFF,0xFF,0xFF,0xFF,0xFF,0xFF,0xFF,0xFF,0xFF,
    0xFF,0xFF,0xFF,0xFF,0xFF,0xFF,0xFF,0xFF,0xFF,0xFF,0xFF,0xFF,0xFF,0xFF,0xFF,0xFF,
    0xFF,0xFF,0xFF,0xFF,0xFF,0xFF,0xFF,0xFF,0xFF,0xFF,0xFF,0xFF,0xFF,0xFF,0xFF,0xFF,
    0xFF,0xFF,0xFF,0xFF,0xFF,0xFF,0xFF,0xFF,0xFF,0xFF,0xFF,0xFF,0xFF,0xFF,0xFF,0xFF,
    0xFF,0xFF,0xFF,0xFF,0xFF,0xFF,0xFF,0xFF,0xFF,0xFF,0xFF,0xFF,0xFF,0xFF,0xFF,0xFF,
    0xFF,0xFF,0xFF,0xFF,0xFF,0xFF,0xFF,0xFF,0xFF,0xFF,0xFF,0xFF,0xFF,0xFF,0xFF,0xFF,
    0xFF,0xFF,0xFF,0xFF,0xFF,0xFF,0xFF,0xFF,0xFF,0xFF,0xFF,0xFC,0xFF,0x61,0x00,0x04,
    0x01,0x00,0x18,0xF1,0xFF,0xFE,0xFF,0xFF,0xFF,0xFF,0xFF,0xFF,0xFF,0xFF,0xFF,0xFF,
    0xFF,0xFF,0xFF,0xFF,0xFF,0xFF,0xFF,0xFF,0xFF,0xFF,0xFF,0xFF,0xFF,0xFF,0xFF,0xFF,
    0xFF,0xFF,0xFF,0xFF,0xFF,0xFF,0xFF,0xFF,0xFF,0xFF,0xFF,0xFF,0xFF,0xFF,0xFF,0xFF,
    0xFF,0xFF,0xFF,0xFF,0xFF,0xFF,0xFF,0xFF,0xFF,0xFF,0xFF,0xFF,0xFF,0xFF,0xFF,0xFF,
    0xFF,0xFF,0xFF,0xFF,0xFF,0xFF,0xFF,0xFF,0xFF,0xFF,0xFF,0xFF,0xFF,0xFF,0xFF,0xFF,
    0xFF,0xFF,0xFF,0xFF,0xFF,0xFF,0xFF,0xFF,0xFF,0xFF,0xFF,0xFF,0xFF,0xFF,0xFF,0xFF,
    0xFF,0xFF,0xFF,0xFF,0xFF,0xFF,0xFF,0xFF,0xFF,0xFF,0xFF,0xFF,0xFF,0xFF,0xFF,0xFF,
    0xFF,0xFF,0xFE,0xFF,0xF1,0x18,0x00,0x01,0x00,0x02,0x00,0xB4,0xFE,0xFC,0xFF,0xFF,
    0xFF,0xFF,0xFF,0xFF,0xFF,0xFF,0xFF,0xFF,0xFF,0xFF,0xFF,0xFF,0xFF,0xFF,0xFF,0xFF,
    0xFF,0xFF,0xFF,0xFF,0xFF,0xFF,0xFF,0xFF,0xFF,0xFF,0xFF,0xFF,0xFF,0xFF,0xFF,0xFF,
    0xFF,0xFF,0xFF,0xFF,0xFF,0xFF,0xFF,0xFF,0xFF,0xFF,0xFF,0xFF,0xFF,0xFF,0xFF,0xFF,
    0xFF,0xFF,0xFF,0xFF,0xFF,0xFF,0xFF,0xFF,0xFF,0xFF,0xFF,0xFF,0xFF,0xFF,0xFF,0xFF,
    0xFF,0xFF,0xFF,0xFF,0xFF,0xFF,0xFF,0xFF,0xFF,0xFF,0xFF,0xFF,0xFF,0xFF,0xFF,0xFF,
    0xFF,0xFF,0xFF,0xFF,0xFF,0xFF,0xFF,0xFF,0xFF,0xFF,0xFF,0xFF,0xFF,0xFF,0xFF,0xFF,
    0xFF,0xFF,0xFF,0xFF,0xFF,0xFF,0xFF,0xFF,0xFF,0xFF,0xFC,0xFE,0xB4,0x00,0x02,0x00,
    0x00,0x04,0x00,0x60,0xFF,0xFC,0xFF,0xFF,0xFF,0xFF,0xFF,0xFF,0xFF,0xFF,0xFF,0xFF,
    0xFF,0xFF,0xFF,0xFF,0xFF,0xFF,0xFF,0xFF,0xFF,0xFF,0xFF,0xFF,0xFF,0xFF,0xFF,0xFF,
    0xFF,0xFF,0xFF,0xFF,0xFF,0xFF,0xFF,0xFF,0xFF,0xFF,0xFF,0xFF,0xFF,0xFF,0xFF,0xFF,
    0xFF,0xFF,0xFF,0xFF,0xFF,0xFF,0xFF,0xFF,0xFF,0xFF,0xFF,0xFF,0xFF,0xFF,0xFF,0xFF,
    0xFF,0xFF,0xFF,0xFF,0xFF,0xFF,0xFF,0xFF,0xFF,0xFF,0xFF,0xFF,0xFF,0xFF,0xFF,0xFF,
    0xFF,0xFF,0xFF,0xFF,0xFF,0xFF,0xFF,0xFF,0xFF,0xFF,0xFF,0xFF,0xFF,0xFF,0xFF,0xFF,
    0xFF,0xFF,0xFF,0xFF,0xFF,0xFF,0xFF,0xFF,0xFF,0xFF,0xFF,0xFF,0xFF,0xFF,0xFF,0xFF,
    0xFF,0xFF,0xFC,0xFF,0x60,0x00,0x04,0x00,0x00,0x01,0x00,0x15,0xEB,0xFE,0xFE,0xFF,
    0xFF,0xFF,0xFF,0xFF,0xFF,0xFF,0xFF,0xFF,0xFF,0xFF,0xFF,0xFF,0xFF,0xFF,0xFF,0xFF,
    0xFF,0xFF,0xFF,0xFF,0xFF,0xFF,0xFF,0xFF,0xFF,0xFF,0xFF,0xFF,0xFF,0xFF,0xFF,0xFF,
    0xFF,0xFF,0xFF,0xFF,0xFF,0xFF,0xFF,0xFF,0xFF,0xFF,0xFF,0xFF,0xFF,0xFF,0xFF,0xFF,
    0xFF,0xFF,0xFF,0xFF,0xFF,0xFF,0xFF,0xFF,0xFF,0xFF,0xFF,0xFF,0xFF,0xFF,0xFF,0xFF,
    0xFF,0xFF,0xFF,0xFF,0xFF,0xFF,0xFF,0xFF,0xFF,0xFF,0xFF,0xFF,0xFF,0xFF,0xFF,0xFF,
    0xFF,0xFF,0xFF,0xFF,0xFF,0xFF,0xFF,0xFF,0xFF,0xFF,0xFF,0xFF,0xFF,0xFF,0xFF,0xFF,
    0xFF,0xFF,0xFF,0xFF,0xFF,0xFF,0xFF,0xFF,0xFF,0xFE,0xFE,0xEB,0x15,0x00,0x01,0x00,
    0x00,0x00,0x03,0x00,0x9A,0xFF,0xFB,0xFF,0xFF,0xFF,0xFF,0xFF,0xFF,0xFF,0xFF,0xFF,
    0xFF,0xFF,0xFF,0xFF,0xFF,0xFF,0xFF,0xFF,0xFF,0xFF,0xFF,0xFF,0xFF,0xFF,0xFF,0xFF,
    0xFF,0xFF,0xFF,0xFF,0xFF,0xFF,0xFF,0xFF,0xFF,0xFF,0xFF,0xFF,0xFF,0xFF,0xFF,0xFF,
    0xFF,0xFF,0xFF,0xFF,0xFF,0xFF,0xFF,0xFF,0xFF,0xFF,0xFF,0xFF,0xFF,0xFF,0xFF,0xFF,
    0xFF,0xFF,0xFF,0xFF,0xFF,0xFF,0xFF,0xFF,0xFF,0xFF,0xFF,0xFF,0xFF,0xFF,0xFF,0xFF,
    0xFF,0xFF,0xFF,0xFF,0xFF,0xFF,0xFF,0xFF,0xFF,0xFF,0xFF,0xFF,0xFF,0xFF,0xFF,0xFF,
    0xFF,0xFF,0xFF,0xFF,0xFF,0xFF,0xFF,0xFF,0xFF,0xFF,0xFF,0xFF,0xFF,0xFF,0xFF,0xFF,
    0xFF,0xFB,0xFF,0x9A,0x00,0x03,0x00,0x00,0x00,0x00,0x03,0x01,0x36,0xFF,0xFD,0xFF,
    0xFF,0xFF,0xFF,0xFF,0xFF,0xFF,0xFF,0xFF,0xFF,0xFF,0xFF,0xFF,0xFF,0xFF,0xFF,0xFF,
    0xFF,0xFF,0xFF,0xFF,0xFF,0xFF,0xFF,0xFF,0xFF,0xFF,0xFF,0xFF,0xFF,0xFF,0xFF,0xFF,
    0xFF,0xFF,0xFF,0xFF,0xFF,0xFF,0xFF,0xFF,0xFF,0xFF,0xFF,0xFF,0xFF,0xFF,0xFF,0xFF,
    0xFF,0xFF,0xFF,0xFF,0xFF,0xFF,0xFF,0xFF,0xFF,0xFF,0xFF,0xFF,0xFF,0xFF,0xFF,0xFF,
    0xFF,0xFF,0xFF,0xFF,0xFF,0xFF,0xFF,0xFF,0xFF,0xFF,0xFF,0xFF,0xFF,0xFF,0xFF,0xFF,
    0xFF,0xFF,0xFF,0xFF,0xFF,0xFF,0xFF,0xFF,0xFF,0xFF,0xFF,0xFF,0xFF,0xFF,0xFF,0xFF,
    0xFF,0xFF,0xFF,0xFF,0xFF,0xFF,0xFF,0xFF,0xFF,0xFD,0xFF,0x36,0x01,0x03,0x00,0x00,
    0x00,0x00,0x00,0x02,0x02,0xBF,0xFF,0xFC,0xFF,0xFF,0xFF,0xFF,0xFF,0xFF,0xFF,0xFF,
    0xFF,0xFF,0xFF,0xFF,0xFF,0xFF,0xFF,0xFF,0xFF,0xFF,0xFF,0xFF,0xFF,0xFF,0xFF,0xFF,
    0xFF,0xFF,0xFF,0xFF,0xFF,0xFF,0xFF,0xFF,0xFF,0xFF,0xFF,0xFF,0xFF,0xFF,0xFF,0xFF,
    0xFF,0xFF,0xFF,0xFF,0xFF,0xFF,0xFF,0xFF,0xFF,0xFF,0xFF,0xFF,0xFF,0xFF,0xFF,0xFF,
    0xFF,0xFF,0xFF,0xFF,0xFF,0xFF,0xFF,0xFF,0xFF,0xFF,0xFF,0xFF,0xFF,0xFF,0xFF,0xFF,
    0xFF,0xFF,0xFF,0xFF,0xFF,0xFF,0xFF,0xFF,0xFF,0xFF,0xFF,0xFF,0xFF,0xFF,0xFF,0xFF,
    0xFF,0xFF,0xFF,0xFF,0xFF,0xFF,0xFF,0xFF,0xFF,0xFF,0xFF,0xFF,0xFF,0xFF,0xFF,0xFF,
    0xFC,0xFF,0xBF,0x02,0x02,0x00,0x00,0x00,0x00,0x00,0x00,0x03,0x00,0x41,0xFE,0xFD,
    0xFF,0xFF,0xFF,0xFF,0xFF,0xFF,0xFF,0xFF,0xFF,0xFF,0xFF,0xFF,0xFF,0xFF,0xFF,0xFF,
    0xFF,0xFF,0xFF,0xFF,0xFF,0xFF,0xFF,0xFF,0xFF,0xFF,0xFF,0xFF,0xFF,0xFF,0xFF,0xFF,
    0xFF,0xFF,0xFF,0xFF,0xFF,0xFF,0xFF,0xFF,0xFF,0xFF,0xFF,0xFF,0xFF,0xFF,0xFF,0xFF,
    0xFF,0xFF,0xFF,0xFF,0xFF,0xFF,0xFF,0xFF,0xFF,0xFF,0xFF,0xFF,0xFF,0xFF,0xFF,0xFF,
    0xFF,0xFF,0xFF,0xFF,0xFF,0xFF,0xFF,0xFF,0xFF,0xFF,0xFF,0xFF,0xFF,0xFF,0xFF,0xFF,
    0xFF,0xFF,0xFF,0xFF,0xFF,0xFF,0xFF,0xFF,0xFF,0xFF,0xFF,0xFF,0xFF,0xFF,0xFF,0xFF,
    0xFF,0xFF,0xFF,0xFF,0xFF,0xFF,0xFF,0xFF,0xFD,0xFE,0x41,0x00,0x03,0x00,0x00,0x00,
    0x00,0x00,0x00,0x00,0x02,0x04,0xD8,0xFF,0xFD,0xFF,0xFF,0xFF,0xFF,0xFF,0xFF,0xFF,
    0xFF,0xFF,0xFF,0xFF,0xFF,0xFF,0xFF,0xFF,0xFF,0xFF,0xFF,0xFF,0xFF,0xFF,0xFF,0xFF,
    0xFF,0xFF,0xFF,0xFF,0xFF,0xFF,0xFF,0xFF,0xFF,0xFF,0xFF,0xFF,0xFF,0xFF,0xFF,0xFF,
    0xFF,0xFF,0xFF,0xFF,0xFF,0xFF,0xFF,0xFF,0xFF,0xFF,0xFF,0xFF,0xFF,0xFF,0xFF,0xFF,
    0xFF,0xFF,0xFF,0xFF,0xFF,0xFF,0xFF,0xFF,0xFF,0xFF,0xFF,0xFF,0xFF,0xFF,0xFF,0xFF,
    0xFF,0xFF,0xFF,0xFF,0xFF,0xFF,0xFF,0xFF,0xFF,0xFF,0xFF,0xFF,0xFF,0xFF,0xFF,0xFF,
    0xFF,0xFF,0xFF,0xFF,0xFF,0xFF,0xFF,0xFF,0xFF,0xFF,0xFF,0xFF,0xFF,0xFF,0xFF,0xFD,
    0xFF,0xD8,0x04,0x02,0x00,0x00,0x00,0x00,0x00,0x00,0x00,0x00,0x03,0x00,0x56,0xFF,
    0xFC,0xFF,0xFF,0xFF,0xFF,0xFF,0xFF,0xFF,0xFF,0xFF,0xFF,0xFF,0xFF,0xFF,0xFF,0xFF,
    0xFF,0xFF,0xFF,0xFF,0xFF,0xFF,0xFF,0xFF,0xFF,0xFF,0xFF,0xFF,0xFF,0xFF,0xFF,0xFF,
    0xFF,0xFF,0xFF,0xFF,0xFF,0xFF,0xFF,0xFF,0xFF,0xFF,0xFF,0xFF,0xFF,0xFF,0xFF,0xFF,
    0xFF,0xFF,0xFF,0xFF,0xFF,0xFF,0xFF,0xFF,0xFF,0xFF,0xFF,0xFF,0xFF,0xFF,0xFF,0xFF,
    0xFF,0xFF,0xFF,0xFF,0xFF,0xFF,0xFF,0xFF,0xFF,0xFF,0xFF,0xFF,0xFF,0xFF,0xFF,0xFF,
    0xFF,0xFF,0xFF,0xFF,0xFF,0xFF,0xFF,0xFF,0xFF,0xFF,0xFF,0xFF,0xFF,0xFF,0xFF,0xFF,
    0xFF,0xFF,0xFF,0xFF,0xFF,0xFF,0xFF,0xFC,0xFF,0x56,0x00,0x03,0x00,0x00,0x00,0x00,
    0x00,0x00,0x00,0x00,0x00,0x02,0x00,0xBF,0xFF,0xFC,0xFF,0xFF,0xFF,0xFF,0xFF,0xFF,
    0xFF,0xFF,0xFF,0xFF,0xFF,0xFF,0xFF,0xFF,0xFF,0xFF,0xFF,0xFF,0xFF,0xFF,0xFF,0xFF,
    0xFF,0xFF,0xFF,0xFF,0xFF,0xFF,0xFF,0xFF,0xFF,0xFF,0xFF,0xFF,0xFF,0xFF,0xFF,0xFF,
    0xFF,0xFF,0xFF,0xFF,0xFF,0xFF,0xFF,0xFF,0xFF,0xFF,0xFF,0xFF,0xFF,0xFF,0xFF,0xFF,
    0xFF,0xFF,0xFF,0xFF,0xFF,0xFF,0xFF,0xFF,0xFF,0xFF,0xFF,0xFF,0xFF,0xFF,0xFF,0xFF,
    0xFF,0xFF,0xFF,0xFF,0xFF,0xFF,0xFF,0xFF,0xFF,0xFF,0xFF,0xFF,0xFF,0xFF,0xFF,0xFF,
    0xFF,0xFF,0xFF,0xFF,0xFF,0xFF,0xFF,0xFF,0xFF,0xFF,0xFF,0xFF,0xFF,0xFF,0xFC,0xFF,
    0xBF,0x00,0x02,0x00,0x00,0x00,0x00,0x00,0x00,0x00,0x00,0x00,0x00,0x03,0x01,0x3F,
    0xFD,0xFC,0xFF,0xFF,0xFF,0xFF,0xFF,0xFF,0xFF,0xFF,0xFF,0xFF,0xFF,0xFF,0xFF,0xFF,
    0xFF,0xFF,0xFF,0xFF,0xFF,0xFF,0xFF,0xFF,0xFF,0xFF,0xFF,0xFF,0xFF,0xFF,0xFF,0xFF,
    0xFF,0xFF,0xFF,0xFF,0xFF,0xFF,0xFF,0xFF,0xFF,0xFF,0xFF,0xFF,0xFF,0xFF,0xFF,0xFF,
    0xFF,0xFF,0xFF,0xFF,0xFF,0xFF,0xFF,0xFF,0xFF,0xFF,0xFF,0xFF,0xFF,0xFF,0xFF,0xFF,
    0xFF,0xFF,0xFF,0xFF,0xFF,0xFF,0xFF,0xFF,0xFF,0xFF,0xFF,0xFF,0xFF,0xFF,0xFF,0xFF,
    0xFF,0xFF,0xFF,0xFF,0xFF,0xFF,0xFF,0xFF,0xFF,0xFF,0xFF,0xFF,0xFF,0xFF,0xFF,0xFF,
    0xFF,0xFF,0xFF,0xFF,0xFF,0xFF,0xFC,0xFD,0x3F,0x01,0x03,0x00,0x00,0x00,0x00,0x00,
    0x00,0x00,0x00,0x00,0x00,0x00,0x03,0x00,0xA0,0xFF,0xFC,0xFF,0xFF,0xFF,0xFF,0xFF,
    0xFF,0xFF,0xFF,0xFF,0xFF,0xFF,0xFF,0xFF,0xFF,0xFF,0xFF,0xFF,0xFF,0xFF,0xFF,0xFF,
    0xFF,0xFF,0xFF,0xFF,0xFF,0xFF,0xFF,0xFF,0xFF,0xFF,0xFF,0xFF,0xFF,0xFF,0xFF,0xFF,
    0xFF,0xFF,0xFF,0xFF,0xFF,0xFF,0xFF,0xFF,0xFF,0xFF,0xFF,0xFF,0xFF,0xFF,0xFF,0xFF,
    0xFF,0xFF,0xFF,0xFF,0xFF,0xFF,0xFF,0xFF,0xFF,0xFF,0xFF,0xFF,0xFF,0xFF,0xFF,0xFF,
    0xFF,0xFF,0xFF,0xFF,0xFF,0xFF,0xFF,0xFF,0xFF,0xFF,0xFF,0xFF,0xFF,0xFF,0xFF,0xFF,
    0xFF,0xFF,0xFF,0xFF,0xFF,0xFF,0xFF,0xFF,0xFF,0xFF,0xFF,0xFF,0xFF,0xFC,0xFF,0xA0,
    0x00,0x03,0x00,0x00,0x00,0x00,0x00,0x00,0x00,0x00,0x00,0x00,0x00,0x00,0x02,0x01,
    0x18,0xEE,0xFD,0xFE,0xFF,0xFF,0xFF,0xFF,0xFF,0xFF,0xFF,0xFF,0xFF,0xFF,0xFF,0xFF,
    0xFF,0xFF,0xFF,0xFF,0xFF,0xFF,0xFF,0xFF,0xFF,0xFF,0xFF,0xFF,0xFF,0xFF,0xFF,0xFF,
    0xFF,0xFF,0xFF,0xFF,0xFF,0xFF,0xFF,0xFF,0xFF,0xFF,0xFF,0xFF,0xFF,0xFF,0xFF,0xFF,
    0xFF,0xFF,0xFF,0xFF,0xFF,0xFF,0xFF,0xFF,0xFF,0xFF,0xFF,0xFF,0xFF,0xFF,0xFF,0xFF,
    0xFF,0xFF,0xFF,0xFF,0xFF,0xFF,0xFF,0xFF,0xFF,0xFF,0xFF,0xFF,0xFF,0xFF,0xFF,0xFF,
    0xFF,0xFF,0xFF,0xFF,0xFF,0xFF,0xFF,0xFF,0xFF,0xFF,0xFF,0xFF,0xFF,0xFF,0xFF,0xFF,
    0xFF,0xFF,0xFF,0xFF,0xFE,0xFD,0xEE,0x18,0x01,0x02,0x00,0x00,0x00,0x00,0x00,0x00,
    0x00,0x00,0x00,0x00,0x00,0x00,0x00,0x03,0x00,0x6B,0xFF,0xFB,0xFF,0xFF,0xFF,0xFF,
    0xFF,0xFF,0xFF,0xFF,0xFF,0xFF,0xFF,0xFF,0xFF,0xFF,0xFF,0xFF,0xFF,0xFF,0xFF,0xFF,
    0xFF,0xFF,0xFF,0xFF,0xFF,0xFF,0xFF,0xFF,0xFF,0xFF,0xFF,0xFF,0xFF,0xFF,0xFF,0xFF,
    0xFF,0xFF,0xFF,0xFF,0xFF,0xFF,0xFF,0xFF,0xFF,0xFF,0xFF,0xFF,0xFF,0xFF,0xFF,0xFF,
    0xFF,0xFF,0xFF,0xFF,0xFF,0xFF,0xFF,0xFF,0xFF,0xFF,0xFF,0xFF,0xFF,0xFF,0xFF,0xFF,
    0xFF,0xFF,0xFF,0xFF,0xFF,0xFF,0xFF,0xFF,0xFF,0xFF,0xFF,0xFF,0xFF,0xFF,0xFF,0xFF,
    0xFF,0xFF,0xFF,0xFF,0xFF,0xFF,0xFF,0xFF,0xFF,0xFF,0xFF,0xFF,0xFB,0xFF,0x6B,0x00,
    0x03,0x00,0x00,0x00,0x00,0x00,0x00,0x00,0x00,0x00,0x00,0x00,0x00,0x00,0x00,0x00,
    0x03,0x00,0xBC,0xFF,0xFC,0xFF,0xFF,0xFF,0xFF,0xFF,0xFF,0xFF,0xFF,0xFF,0xFF,0xFF,
    0xFF,0xFF,0xFF,0xFF,0xFF,0xFF,0xFF,0xFF,0xFF,0xFF,0xFF,0xFF,0xFF,0xFF,0xFF,0xFF,
    0xFF,0xFF,0xFF,0xFF,0xFF,0xFF,0xFF,0xFF,0xFF,0xFF,0xFF,0xFF,0xFF,0xFF,0xFF,0xFF,
    0xFF,0xFF,0xFF,0xFF,0xFF,0xFF,0xFF,0xFF,0xFF,0xFF,0xFF,0xFF,0xFF,0xFF,0xFF,0xFF,
    0xFF,0xFF,0xFF,0xFF,0xFF,0xFF,0xFF,0xFF,0xFF,0xFF,0xFF,0xFF,0xFF,0xFF,0xFF,0xFF,
    0xFF,0xFF,0xFF,0xFF,0xFF,0xFF,0xFF,0xFF,0xFF,0xFF,0xFF,0xFF,0xFF,0xFF,0xFF,0xFF,
    0xFF,0xFF,0xFF,0xFC,0xFF,0xBC,0x00,0x03,0x00,0x00,0x00,0x00,0x00,0x00,0x00,0x00,
    0x00,0x00,0x00,0x00,0x00,0x00,0x00,0x00,0x02,0x01,0x23,0xEE,0xFD,0xFE,0xFF,0xFF,
    0xFF,0xFF,0xFF,0xFF,0xFF,0xFF,0xFF,0xFF,0xFF,0xFF,0xFF,0xFF,0xFF,0xFF,0xFF,0xFF,
    0xFF,0xFF,0xFF,0xFF,0xFF,0xFF,0xFF,0xFF,0xFF,0xFF,0xFF,0xFF,0xFF,0xFF,0xFF,0xFF,
    0xFF,0xFF,0xFF,0xFF,0xFF,0xFF,0xFF,0xFF,0xFF,0xFF,0xFF,0xFF,0xFF,0xFF,0xFF,0xFF,
    0xFF,0xFF,0xFF,0xFF,0xFF,0xFF,0xFF,0xFF,0xFF,0xFF,0xFF,0xFF,0xFF,0xFF,0xFF,0xFF,
    0xFF,0xFF,0xFF,0xFF,0xFF,0xFF,0xFF,0xFF,0xFF,0xFF,0xFF,0xFF,0xFF,0xFF,0xFF,0xFF,
    0xFF,0xFF,0xFF,0xFF,0xFF,0xFF,0xFF,0xFF,0xFF,0xFF,0xFE,0xFD,0xEE,0x23,0x01,0x02,
    0x00,0x00,0x00,0x00,0x00,0x00,0x00,0x00,0x00,0x00,0x00,0x00,0x00,0x00,0x00,0x00,
    0x00,0x03,0x00,0x54,0xFF,0xFB,0xFF,0xFF,0xFF,0xFF,0xFF,0xFF,0xFF,0xFF,0xFF,0xFF,
    0xFF,0xFF,0xFF,0xFF,0xFF,0xFF,0xFF,0xFF,0xFF,0xFF,0xFF,0xFF,0xFF,0xFF,0xFF,0xFF,
    0xFF,0xFF,0xFF,0xFF,0xFF,0xFF,0xFF,0xFF,0xFF,0xFF,0xFF,0xFF,0xFF,0xFF,0xFF,0xFF,
    0xFF,0xFF,0xFF,0xFF,0xFF,0xFF,0xFF,0xFF,0xFF,0xFF,0xFF,0xFF,0xFF,0xFF,0xFF,0xFF,
    0xFF,0xFF,0xFF,0xFF,0xFF,0xFF,0xFF,0xFF,0xFF,0xFF,0xFF,0xFF,0xFF,0xFF,0xFF,0xFF,
    0xFF,0xFF,0xFF,0xFF,0xFF,0xFF,0xFF,0xFF,0xFF,0xFF,0xFF,0xFF,0xFF,0xFF,0xFF,0xFF,
    0xFF,0xFF,0xFB,0xFF,0x54,0x00,0x03,0x00,0x00,0x00,0x00,0x00,0x00,0x00,0x00,0x00,
    0x00,0x00,0x00,0x00,0x00,0x00,0x00,0x00,0x00,0x00,0x04,0x00,0x8F,0xFF,0xFB,0xFF,
    0xFF,0xFF,0xFF,0xFF,0xFF,0xFF,0xFF,0xFF,0xFF,0xFF,0xFF,0xFF,0xFF,0xFF,0xFF,0xFF,
    0xFF,0xFF,0xFF,0xFF,0xFF,0xFF,0xFF,0xFF,0xFF,0xFF,0xFF,0xFF,0xFF,0xFF,0xFF,0xFF,
    0xFF,0xFF,0xFF,0xFF,0xFF,0xFF,0xFF,0xFF,0xFF,0xFF,0xFF,0xFF,0xFF,0xFF,0xFF,0xFF,
    0xFF,0xFF,0xFF,0xFF,0xFF,0xFF,0xFF,0xFF,0xFF,0xFF,0xFF,0xFF,0xFF,0xFF,0xFF,0xFF,
    0xFF,0xFF,0xFF,0xFF,0xFF,0xFF,0xFF,0xFF,0xFF,0xFF,0xFF,0xFF,0xFF,0xFF,0xFF,0xFF,
    0xFF,0xFF,0xFF,0xFF,0xFF,0xFF,0xFF,0xFF,0xFF,0xFB,0xFF,0x8F,0x00,0x04,0x00,0x00,
    0x00,0x00,0x00,0x00,0x00,0x00,0x00,0x00,0x00,0x00,0x00,0x00,0x00,0x00,0x00,0x00,
    0x00,0x00,0x01,0x03,0x03,0xC6,0xFF,0xFC,0xFF,0xFF,0xFF,0xFF,0xFF,0xFF,0xFF,0xFF,
    0xFF,0xFF,0xFF,0xFF,0xFF,0xFF,0xFF,0xFF,0xFF,0xFF,0xFF,0xFF,0xFF,0xFF,0xFF,0xFF,
    0xFF,0xFF,0xFF,0xFF,0xFF,0xFF,0xFF,0xFF,0xFF,0xFF,0xFF,0xFF,0xFF,0xFF,0xFF,0xFF,
    0xFF,0xFF,0xFF,0xFF,0xFF,0xFF,0xFF,0xFF,0xFF,0xFF,0xFF,0xFF,0xFF,0xFF,0xFF,0xFF,
    0xFF,0xFF,0xFF,0xFF,0xFF,0xFF,0xFF,0xFF,0xFF,0xFF,0xFF,0xFF,0xFF,0xFF,0xFF,0xFF,
    0xFF,0xFF,0xFF,0xFF,0xFF,0xFF,0xFF,0xFF,0xFF,0xFF,0xFF,0xFF,0xFF,0xFF,0xFF,0xFF,
    0xFC,0xFF,0xC6,0x03,0x03,0x01,0x00,0x00,0x00,0x00,0x00,0x00,0x00,0x00,0x00,0x00,
    0x00,0x00,0x00,0x00,0x00,0x00,0x00,0x00,0x00,0x00,0x00,0x02,0x01,0x16,0xE9,0xFF,
    0xFD,0xFF,0xFF,0xFF,0xFF,0xFF,0xFF,0xFF,0xFF,0xFF,0xFF,0xFF,0xFF,0xFF,0xFF,0xFF,
    0xFF,0xFF,0xFF,0xFF,0xFF,0xFF,0xFF,0xFF,0xFF,0xFF,0xFF,0xFF,0xFF,0xFF,0xFF,0xFF,
    0xFF,0xFF,0xFF,0xFF,0xFF,0xFF,0xFF,0xFF,0xFF,0xFF,0xFF,0xFF,0xFF,0xFF,0xFF,0xFF,
    0xFF,0xFF,0xFF,0xFF,0xFF,0xFF,0xFF,0xFF,0xFF,0xFF,0xFF,0xFF,0xFF,0xFF,0xFF,0xFF,
    0xFF,0xFF,0xFF,0xFF,0xFF,0xFF,0xFF,0xFF,0xFF,0xFF,0xFF,0xFF,0xFF,0xFF,0xFF,0xFF,
    0xFF,0xFF,0xFF,0xFF,0xFF,0xFF,0xFF,0xFD,0xFF,0xE9,0x16,0x01,0x02,0x00,0x00,0x00,
    0x00,0x00,0x00,0x00,0x00,0x00,0x00,0x00,0x00,0x00,0x00,0x00,0x00,0x00,0x00,0x00,
    0x00,0x00,0x00,0x00,0x02,0x00,0x36,0xED,0xFD,0xFD,0xFF,0xFF,0xFF,0xFF,0xFF,0xFF,
    0xFF,0xFF,0xFF,0xFF,0xFF,0xFF,0xFF,0xFF,0xFF,0xFF,0xFF,0xFF,0xFF,0xFF,0xFF,0xFF,
    0xFF,0xFF,0xFF,0xFF,0xFF,0xFF,0xFF,0xFF,0xFF,0xFF,0xFF,0xFF,0xFF,0xFF,0xFF,0xFF,
    0xFF,0xFF,0xFF,0xFF,0xFF,0xFF,0xFF,0xFF,0xFF,0xFF,0xFF,0xFF,0xFF,0xFF,0xFF,0xFF,
    0xFF,0xFF,0xFF,0xFF,0xFF,0xFF,0xFF,0xFF,0xFF,0xFF,0xFF,0xFF,0xFF,0xFF,0xFF,0xFF,
    0xFF,0xFF,0xFF,0xFF,0xFF,0xFF,0xFF,0xFF,0xFF,0xFF,0xFF,0xFF,0xFF,0xFF,0xFD,0xFD,
    0xED,0x36,0x00,0x02,0x00,0x00,0x00,0x00,0x00,0x00,0x00,0x00,0x00,0x00,0x00,0x00,
    0x00,0x00,0x00,0x00,0x00,0x00,0x00,0x00,0x00,0x00,0x00,0x00,0x00,0x03,0x00,0x39,
    0xFE,0xFD,0xFE,0xFF,0xFF,0xFF,0xFF,0xFF,0xFF,0xFF,0xFF,0xFF,0xFF,0xFF,0xFF,0xFF,
    0xFF,0xFF,0xFF,0xFF,0xFF,0xFF,0xFF,0xFF,0xFF,0xFF,0xFF,0xFF,0xFF,0xFF,0xFF,0xFF,
    0xFF,0xFF,0xFF,0xFF,0xFF,0xFF,0xFF,0xFF,0xFF,0xFF,0xFF,0xFF,0xFF,0xFF,0xFF,0xFF,
    0xFF,0xFF,0xFF,0xFF,0xFF,0xFF,0xFF,0xFF,0xFF,0xFF,0xFF,0xFF,0xFF,0xFF,0xFF,0xFF,
    0xFF,0xFF,0xFF,0xFF,0xFF,0xFF,0xFF,0xFF,0xFF,0xFF,0xFF,0xFF,0xFF,0xFF,0xFF,0xFF,
    0xFF,0xFF,0xFF,0xFF,0xFF,0xFE,0xFD,0xFE,0x39,0x00,0x03,0x00,0x00,0x00,0x00,0x00,
    0x00,0x00,0x00,0x00,0x00,0x00,0x00,0x00,0x00,0x00,0x00,0x00,0x00,0x00,0x00,0x00,
    0x00,0x00,0x00,0x00,0x00,0x00,0x04,0x00,0x65,0xFF,0xFC,0xFE,0xFF,0xFF,0xFF,0xFF,
    0xFF,0xFF,0xFF,0xFF,0xFF,0xFF,0xFF,0xFF,0xFF,0xFF,0xFF,0xFF,0xFF,0xFF,0xFF,0xFF,
    0xFF,0xFF,0xFF,0xFF,0xFF,0xFF,0xFF,0xFF,0xFF,0xFF,0xFF,0xFF,0xFF,0xFF,0xFF,0xFF,
    0xFF,0xFF,0xFF,0xFF,0xFF,0xFF,0xFF,0xFF,0xFF,0xFF,0xFF,0xFF,0xFF,0xFF,0xFF,0xFF,
    0xFF,0xFF,0xFF,0xFF,0xFF,0xFF,0xFF,0xFF,0xFF,0xFF,0xFF,0xFF,0xFF,0xFF,0xFF,0xFF,
    0xFF,0xFF,0xFF,0xFF,0xFF,0xFF,0xFF,0xFF,0xFF,0xFF,0xFF,0xFF,0xFE,0xFC,0xFF,0x65,
    0x00,0x04,0x00,0x00,0x00,0x00,0x00,0x00,0x00,0x00,0x00,0x00,0x00,0x00,0x00,0x00,
    0x00,0x00,0x00,0x00,0x00,0x00,0x00,0x00,0x00,0x00,0x00,0x00,0x00,0x00,0x00,0x04,
    0x00,0x65,0xFF,0xFE,0xFD,0xFF,0xFF,0xFF,0xFF,0xFF,0xFF,0xFF,0xFF,0xFF,0xFF,0xFF,
    0xFF,0xFF,0xFF,0xFF,0xFF,0xFF,0xFF,0xFF,0xFF,0xFF,0xFF,0xFF,0xFF,0xFF,0xFF,0xFF,
    0xFF,0xFF,0xFF,0xFF,0xFF,0xFF,0xFF,0xFF,0xFF,0xFF,0xFF,0xFF,0xFF,0xFF,0xFF,0xFF,
    0xFF,0xFF,0xFF,0xFF,0xFF,0xFF,0xFF,0xFF,0xFF,0xFF,0xFF,0xFF,0xFF,0xFF,0xFF,0xFF,
    0xFF,0xFF,0xFF,0xFF,0xFF,0xFF,0xFF,0xFF,0xFF,0xFF,0xFF,0xFF,0xFF,0xFF,0xFF,0xFF,
    0xFF,0xFF,0xFF,0xFD,0xFE,0xFF,0x65,0x00,0x04,0x00,0x00,0x00,0x00,0x00,0x00,0x00,
    0x00,0x00,0x00,0x00,0x00,0x00,0x00,0x00,0x00,0x00,0x00,0x00,0x00,0x00,0x00,0x00,
    0x00,0x00,0x00,0x00,0x00,0x00,0x00,0x00,0x04,0x00,0x65,0xFB,0xFF,0xFD,0xFF,0xFF,
    0xFF,0xFF,0xFF,0xFF,0xFF,0xFF,0xFF,0xFF,0xFF,0xFF,0xFF,0xFF,0xFF,0xFF,0xFF,0xFF,
    0xFF,0xFF,0xFF,0xFF,0xFF,0xFF,0xFF,0xFF,0xFF,0xFF,0xFF,0xFF,0xFF,0xFF,0xFF,0xFF,
    0xFF,0xFF,0xFF,0xFF,0xFF,0xFF,0xFF,0xFF,0xFF,0xFF,0xFF,0xFF,0xFF,0xFF,0xFF,0xFF,
    0xFF,0xFF,0xFF,0xFF,0xFF,0xFF,0xFF,0xFF,0xFF,0xFF,0xFF,0xFF,0xFF,0xFF,0xFF,0xFF,
    0xFF,0xFF,0xFF,0xFF,0xFF,0xFF,0xFF,0xFF,0xFF,0xFF,0xFD,0xFF,0xFB,0x65,0x00,0x04,
    0x00,0x00,0x00,0x00,0x00,0x00,0x00,0x00,0x00,0x00,0x00,0x00,0x00,0x00,0x00,0x00,
    0x00,0x00,0x00,0x00,0x00,0x00,0x00,0x00,0x00,0x00,0x00,0x00,0x00,0x00,0x00,0x00,
    0x00,0x04,0x00,0x3B,0xEE,0xFF,0xFB,0xFF,0xFF,0xFF,0xFF,0xFF,0xFF,0xFF,0xFF,0xFF,
    0xFF,0xFF,0xFF,0xFF,0xFF,0xFF,0xFF,0xFF,0xFF,0xFF,0xFF,0xFF,0xFF,0xFF,0xFF,0xFF,
    0xFF,0xFF,0xFF,0xFF,0xFF,0xFF,0xFF,0xFF,0xFF,0xFF,0xFF,0xFF,0xFF,0xFF,0xFF,0xFF,
    0xFF,0xFF,0xFF,0xFF,0xFF,0xFF,0xFF,0xFF,0xFF,0xFF,0xFF,0xFF,0xFF,0xFF,0xFF,0xFF,
    0xFF,0xFF,0xFF,0xFF,0xFF,0xFF,0xFF,0xFF,0xFF,0xFF,0xFF,0xFF,0xFF,0xFF,0xFF,0xFF,
    0xFF,0xFB,0xFF,0xEE,0x3B,0x00,0x04,0x00,0x00,0x00,0x00,0x00,0x00,0x00,0x00,0x00,
    0x00,0x00,0x00,0x00,0x00,0x00,0x00,0x00,0x00,0x00,0x00,0x00,0x00,0x00,0x00,0x00,
    0x00,0x00,0x00,0x00,0x00,0x00,0x00,0x00,0x00,0x00,0x04,0x00,0x35,0xE6,0xFF,0xFB,
    0xFF,0xFF,0xFF,0xFF,0xFF,0xFF,0xFF,0xFF,0xFF,0xFF,0xFF,0xFF,0xFF,0xFF,0xFF,0xFF,
    0xFF,0xFF,0xFF,0xFF,0xFF,0xFF,0xFF,0xFF,0xFF,0xFF,0xFF,0xFF,0xFF,0xFF,0xFF,0xFF,
    0xFF,0xFF,0xFF,0xFF,0xFF,0xFF,0xFF,0xFF,0xFF,0xFF,0xFF,0xFF,0xFF,0xFF,0xFF,0xFF,
    0xFF,0xFF,0xFF,0xFF,0xFF,0xFF,0xFF,0xFF,0xFF,0xFF,0xFF,0xFF,0xFF,0xFF,0xFF,0xFF,
    0xFF,0xFF,0xFF,0xFF,0xFF,0xFF,0xFF,0xFF,0xFB,0xFF,0xE6,0x35,0x00,0x04,0x00,0x00,
    0x00,0x00,0x00,0x00,0x00,0x00,0x00,0x00,0x00,0x00,0x00,0x00,0x00,0x00,0x00,0x00,
    0x00,0x00,0x00,0x00,0x00,0x00,0x00,0x00,0x00,0x00,0x00,0x00,0x00,0x00,0x00,0x00,
    0x00,0x00,0x00,0x03,0x00,0x19,0xC4,0xFF,0xFC,0xFE,0xFF,0xFF,0xFF,0xFF,0xFF,0xFF,
    0xFF,0xFF,0xFF,0xFF,0xFF,0xFF,0xFF,0xFF,0xFF,0xFF,0xFF,0xFF,0xFF,0xFF,0xFF,0xFF,
    0xFF,0xFF,0xFF,0xFF,0xFF,0xFF,0xFF,0xFF,0xFF,0xFF,0xFF,0xFF,0xFF,0xFF,0xFF,0xFF,
    0xFF,0xFF,0xFF,0xFF,0xFF,0xFF,0xFF,0xFF,0xFF,0xFF,0xFF,0xFF,0xFF,0xFF,0xFF,0xFF,
    0xFF,0xFF,0xFF,0xFF,0xFF,0xFF,0xFF,0xFF,0xFF,0xFF,0xFF,0xFF,0xFF,0xFF,0xFE,0xFC,
    0xFF,0xC4,0x19,0x00,0x03,0x00,0x00,0x00,0x00,0x00,0x00,0x00,0x00,0x00,0x00,0x00,
    0x00,0x00,0x00,0x00,0x00,0x00,0x00,0x00,0x00,0x00,0x00,0x00,0x00,0x00,0x00,0x00,
    0x00,0x00,0x00,0x00,0x00,0x00,0x00,0x00,0x00,0x00,0x00,0x00,0x03,0x00,0x04,0x8F,
    0xFF,0xFF,0xFC,0xFF,0xFF,0xFF,0xFF,0xFF,0xFF,0xFF,0xFF,0xFF,0xFF,0xFF,0xFF,0xFF,
    0xFF,0xFF,0xFF,0xFF,0xFF,0xFF,0xFF,0xFF,0xFF,0xFF,0xFF,0xFF,0xFF,0xFF,0xFF,0xFF,
    0xFF,0xFF,0xFF,0xFF,0xFF,0xFF,0xFF,0xFF,0xFF,0xFF,0xFF,0xFF,0xFF,0xFF,0xFF,0xFF,
    0xFF,0xFF,0xFF,0xFF,0xFF,0xFF,0xFF,0xFF,0xFF,0xFF,0xFF,0xFF,0xFF,0xFF,0xFF,0xFF,
    0xFF,0xFF,0xFF,0xFF,0xFF,0xFC,0xFF,0xFF,0x8F,0x04,0x00,0x03,0x00,0x00,0x00,0x00,
    0x00,0x00,0x00,0x00,0x00,0x00,0x00,0x00,0x00,0x00,0x00,0x00,0x00,0x00,0x00,0x00,
    0x00,0x00,0x00,0x00,0x00,0x00,0x00,0x00,0x00,0x00,0x00,0x00,0x00,0x00,0x00,0x00,
    0x00,0x00,0x00,0x00,0x00,0x02,0x00,0x00,0x56,0xEC,0xFF,0xFB,0xFE,0xFF,0xFF,0xFF,
    0xFF,0xFF,0xFF,0xFF,0xFF,0xFF,0xFF,0xFF,0xFF,0xFF,0xFF,0xFF,0xFF,0xFF,0xFF,0xFF,
    0xFF,0xFF,0xFF,0xFF,0xFF,0xFF,0xFF,0xFF,0xFF,0xFF,0xFF,0xFF,0xFF,0xFF,0xFF,0xFF,
    0xFF,0xFF,0xFF,0xFF,0xFF,0xFF,0xFF,0xFF,0xFF,0xFF,0xFF,0xFF,0xFF,0xFF,0xFF,0xFF,
    0xFF,0xFF,0xFF,0xFF,0xFF,0xFF,0xFF,0xFF,0xFF,0xFF,0xFF,0xFE,0xFB,0xFF,0xEC,0x56,
    0x00,0x00,0x02,0x00,0x00,0x00,0x00,0x00,0x00,0x00,0x00,0x00,0x00,0x00,0x00,0x00,
    0x00,0x00,0x00,0x00,0x00,0x00,0x00,0x00,0x00,0x00,0x00,0x00,0x00,0x00,0x00,0x00,
    0x00,0x00,0x00,0x00,0x00,0x00,0x00,0x00,0x00,0x00,0x00,0x00,0x00,0x00,0x01,0x04,
    0x00,0x26,0xB8,0xFF,0xFF,0xFB,0xFF,0xFF,0xFF,0xFF,0xFF,0xFF,0xFF,0xFF,0xFF,0xFF,
    0xFF,0xFF,0xFF,0xFF,0xFF,0xFF,0xFF,0xFF,0xFF,0xFF,0xFF,0xFF,0xFF,0xFF,0xFF,0xFF,
    0xFF,0xFF,0xFF,0xFF,0xFF,0xFF,0xFF,0xFF,0xFF,0xFF,0xFF,0xFF,0xFF,0xFF,0xFF,0xFF,
    0xFF,0xFF,0xFF,0xFF,0xFF,0xFF,0xFF,0xFF,0xFF,0xFF,0xFF,0xFF,0xFF,0xFF,0xFF,0xFF,
    0xFF,0xFF,0xFB,0xFF,0xFF,0xB8,0x26,0x00,0x04,0x01,0x00,0x00,0x00,0x00,0x00,0x00,
    0x00,0x00,0x00,0x00,0x00,0x00,0x00,0x00,0x00,0x00,0x00,0x00,0x00,0x00,0x00,0x00,
    0x00,0x00,0x00,0x00,0x00,0x00,0x00,0x00,0x00,0x00,0x00,0x00,0x00,0x00,0x00,0x00,
    0x00,0x00,0x00,0x00,0x00,0x00,0x00,0x00,0x04,0x00,0x00,0x6D,0xE9,0xFF,0xFE,0xFC,
    0xFF,0xFF,0xFF,0xFF,0xFF,0xFF,0xFF,0xFF,0xFF,0xFF,0xFF,0xFF,0xFF,0xFF,0xFF,0xFF,
    0xFF,0xFF,0xFF,0xFF,0xFF,0xFF,0xFF,0xFF,0xFF,0xFF,0xFF,0xFF,0xFF,0xFF,0xFF,0xFF,
    0xFF,0xFF,0xFF,0xFF,0xFF,0xFF,0xFF,0xFF,0xFF,0xFF,0xFF,0xFF,0xFF,0xFF,0xFF,0xFF,
    0xFF,0xFF,0xFF,0xFF,0xFF,0xFF,0xFF,0xFF,0xFC,0xFE,0xFF,0xE9,0x6D,0x00,0x00,0x04,
    0x00,0x00,0x00,0x00,0x00,0x00,0x00,0x00,0x00,0x00,0x00,0x00,0x00,0x00,0x00,0x00,
    0x00,0x00,0x00,0x00,0x00,0x00,0x00,0x00,0x00,0x00,0x00,0x00,0x00,0x00,0x00,0x00,
    0x00,0x00,0x00,0x00,0x00,0x00,0x00,0x00,0x00,0x00,0x00,0x00,0x00,0x00,0x00,0x00,
    0x00,0x02,0x02,0x00,0x1A,0x9E,0xFF,0xFF,0xFD,0xFD,0xFF,0xFF,0xFF,0xFF,0xFF,0xFF,
    0xFF,0xFF,0xFF,0xFF,0xFF,0xFF,0xFF,0xFF,0xFF,0xFF,0xFF,0xFF,0xFF,0xFF,0xFF,0xFF,
    0xFF,0xFF,0xFF,0xFF,0xFF,0xFF,0xFF,0xFF,0xFF,0xFF,0xFF,0xFF,0xFF,0xFF,0xFF,0xFF,
    0xFF,0xFF,0xFF,0xFF,0xFF,0xFF,0xFF,0xFF,0xFF,0xFF,0xFF,0xFF,0xFF,0xFF,0xFD,0xFD,
    0xFF,0xFF,0x9E,0x1A,0x00,0x02,0x02,0x00,0x00,0x00,0x00,0x00,0x00,0x00,0x00,0x00,
    0x00,0x00,0x00,0x00,0x00,0x00,0x00,0x00,0x00,0x00,0x00,0x00,0x00,0x00,0x00,0x00,
    0x00,0x00,0x00,0x00,0x00,0x00,0x00,0x00,0x00,0x00,0x00,0x00,0x00,0x00,0x00,0x00,
    0x00,0x00,0x00,0x00,0x00,0x00,0x00,0x00,0x00,0x00,0x00,0x03,0x00,0x00,0x43,0xBA,
    0xFF,0xFF,0xFD,0xFC,0xFF,0xFF,0xFF,0xFF,0xFF,0xFF,0xFF,0xFF,0xFF,0xFF,0xFF,0xFF,
    0xFF,0xFF,0xFF,0xFF,0xFF,0xFF,0xFF,0xFF,0xFF,0xFF,0xFF,0xFF,0xFF,0xFF,0xFF,0xFF,
    0xFF,0xFF,0xFF,0xFF,0xFF,0xFF,0xFF,0xFF,0xFF,0xFF,0xFF,0xFF,0xFF,0xFF,0xFF,0xFF,
    0xFF,0xFF,0xFF,0xFF,0xFC,0xFD,0xFF,0xFF,0xBA,0x43,0x00,0x00,0x03,0x00,0x00,0x00,
    0x00,0x00,0x00,0x00,0x00,0x00,0x00,0x00,0x00,0x00,0x00,0x00,0x00,0x00,0x00,0x00,
    0x00,0x00,0x00,0x00,0x00,0x00,0x00,0x00,0x00,0x00,0x00,0x00,0x00,0x00,0x00,0x00,
    0x00,0x00,0x00,0x00,0x00,0x00,0x00,0x00,0x00,0x00,0x00,0x00,0x00,0x00,0x00,0x00,
    0x00,0x00,0x00,0x00,0x01,0x03,0x00,0x00,0x59,0xD2,0xFF,0xFF,0xFE,0xFC,0xFE,0xFF,
    0xFF,0xFF,0xFF,0xFF,0xFF,0xFF,0xFF,0xFF,0xFF,0xFF,0xFF,0xFF,0xFF,0xFF,0xFF,0xFF,
    0xFF,0xFF,0xFF,0xFF,0xFF,0xFF,0xFF,0xFF,0xFF,0xFF,0xFF,0xFF,0xFF,0xFF,0xFF,0xFF,
    0xFF,0xFF,0xFF,0xFF,0xFF,0xFF,0xFF,0xFF,0xFF,0xFE,0xFC,0xFE,0xFF,0xFF,0xD2,0x59,
    0x00,0x00,0x03,0x01,0x00,0x00,0x00,0x00,0x00,0x00,0x00,0x00,0x00,0x00,0x00,0x00,
    0x00,0x00,0x00,0x00,0x00,0x00,0x00,0x00,0x00,0x00,0x00,0x00,0x00,0x00,0x00,0x00,
    0x00,0x00,0x00,0x00,0x00,0x00,0x00,0x00,0x00,0x00,0x00,0x00,0x00,0x00,0x00,0x00,
    0x00,0x00,0x00,0x00,0x00,0x00,0x00,0x00,0x00,0x00,0x00,0x00,0x00,0x00,0x03,0x02,
    0x00,0x03,0x45,0xBA,0xFF,0xFF,0xFF,0xFC,0xFC,0xFE,0xFF,0xFF,0xFF,0xFF,0xFF,0xFF,
    0xFF,0xFF,0xFF,0xFF,0xFF,0xFF,0xFF,0xFF,0xFF,0xFF,0xFF,0xFF,0xFF,0xFF,0xFF,0xFF,
    0xFF,0xFF,0xFF,0xFF,0xFF,0xFF,0xFF,0xFF,0xFF,0xFF,0xFF,0xFF,0xFF,0xFF,0xFE,0xFC,
    0xFC,0xFF,0xFF,0xFF,0xBA,0x45,0x03,0x00,0x02,0x03,0x00,0x00,0x00,0x00,0x00,0x00,
    0x00,0x00,0x00,0x00,0x00,0x00,0x00,0x00,0x00,0x00,0x00,0x00,0x00,0x00,0x00,0x00,
    0x00,0x00,0x00,0x00,0x00,0x00,0x00,0x00,0x00,0x00,0x00,0x00,0x00,0x00,0x00,0x00,
    0x00,0x00,0x00,0x00,0x00,0x00,0x00,0x00,0x00,0x00,0x00,0x00,0x00,0x00,0x00,0x00,
    0x00,0x00,0x00,0x00,0x00,0x00,0x00,0x00,0x03,0x00,0x00,0x00,0x3A,0x9A,0xE9,0xFF,
    0xFF,0xFF,0xFC,0xFC,0xFD,0xFF,0xFF,0xFF,0xFF,0xFF,0xFF,0xFF,0xFF,0xFF,0xFF,0xFF,
    0xFF,0xFF,0xFF,0xFF,0xFF,0xFF,0xFF,0xFF,0xFF,0xFF,0xFF,0xFF,0xFF,0xFF,0xFF,0xFF,
    0xFF,0xFF,0xFF,0xFD,0xFC,0xFC,0xFF,0xFF,0xFF,0xE9,0x9A,0x3A,0x00,0x00,0x00,0x03,
    0x00,0x00,0x00,0x00,0x00,0x00,0x00,0x00,0x00,0x00,0x00,0x00,0x00,0x00,0x00,0x00,
    0x00,0x00,0x00,0x00,0x00,0x00,0x00,0x00,0x00,0x00,0x00,0x00,0x00,0x00,0x00,0x00,
    0x00,0x00,0x00,0x00,0x00,0x00,0x00,0x00,0x00,0x00,0x00,0x00,0x00,0x00,0x00,0x00,
    0x00,0x00,0x00,0x00,0x00,0x00,0x00,0x00,0x00,0x00,0x00,0x00,0x00,0x00,0x00,0x00,
    0x00,0x01,0x03,0x01,0x00,0x00,0x17,0x61,0xB0,0xF1,0xFF,0xFF,0xFF,0xFE,0xFB,0xFC,
    0xFD,0xFE,0xFF,0xFF,0xFF,0xFF,0xFF,0xFF,0xFF,0xFF,0xFF,0xFF,0xFF,0xFF,0xFF,0xFF,
    0xFF,0xFF,0xFF,0xFF,0xFF,0xFF,0xFE,0xFD,0xFC,0xFB,0xFE,0xFF,0xFF,0xFF,0xF1,0xB0,
    0x61,0x17,0x00,0x00,0x01,0x03,0x01,0x00,0x00,0x00,0x00,0x00,0x00,0x00,0x00,0x00,
    0x00,0x00,0x00,0x00,0x00,0x00,0x00,0x00,0x00,0x00,0x00,0x00,0x00,0x00,0x00,0x00,
    0x00,0x00,0x00,0x00,0x00,0x00,0x00,0x00,0x00,0x00,0x00,0x00,0x00,0x00,0x00,0x00,
    0x00,0x00,0x00,0x00,0x00,0x00,0x00,0x00,0x00,0x00,0x00,0x00,0x00,0x00,0x00,0x00,
    0x00,0x00,0x00,0x00,0x00,0x00,0x00,0x00,0x00,0x00,0x00,0x00,0x02,0x03,0x00,0x00,
    0x00,0x1C,0x61,0xAE,0xE2,0xFF,0xFF,0xFF,0xFF,0xFF,0xFE,0xFC,0xFC,0xFD,0xFD,0xFD,
    0xFF,0xFF,0xFF,0xFF,0xFF,0xFF,0xFF,0xFF,0xFD,0xFD,0xFD,0xFC,0xFC,0xFE,0xFF,0xFF,
    0xFF,0xFF,0xFF,0xE2,0xAE,0x61,0x1C,0x00,0x00,0x00,0x03,0x02,0x00,0x00,0x00,0x00,
    0x00,0x00,0x00,0x00,0x00,0x00,0x00,0x00,0x00,0x00,0x00,0x00,0x00,0x00,0x00,0x00,
    0x00,0x00,0x00,0x00,0x00,0x00,0x00,0x00,0x00,0x00,0x00,0x00,0x00,0x00,0x00,0x00,
    0x00,0x00,0x00,0x00,0x00,0x00,0x00,0x00,0x00,0x00,0x00,0x00,0x00,0x00,0x00,0x00,
    0x00,0x00,0x00,0x00,0x00,0x00,0x00,0x00,0x00,0x00,0x00,0x00,0x00,0x00,0x00,0x00,
    0x00,0x00,0x00,0x00,0x00,0x00,0x01,0x04,0x02,0x00,0x00,0x00,0x0A,0x34,0x6E,0xAB,
    0xD2,0xF1,0xFF,0xFF,0xFF,0xFF,0xFF,0xFF,0xFF,0xFF,0xFF,0xFF,0xFF,0xFF,0xFF,0xFF,
    0xFF,0xFF,0xFF,0xFF,0xFF,0xFF,0xF1,0xD2,0xAB,0x6E,0x34,0x0A,0x00,0x00,0x00,0x02,
    0x04,0x01,0x00,0x00,0x00,0x00,0x00,0x00,0x00,0x00,0x00,0x00,0x00,0x00,0x00,0x00,
    0x00,0x00,0x00,0x00,0x00,0x00,0x00,0x00,0x00,0x00,0x00,0x00,0x00,0x00,0x00,0x00,
    0x00,0x00,0x00,0x00,0x00,0x00,0x00,0x00,0x00,0x00,0x00,0x00,0x00,0x00,0x00,0x00,
    0x00,0x00,0x00,0x00,0x00,0x00,0x00,0x00,0x00,0x00,0x00,0x00,0x00,0x00,0x00,0x00,
    0x00,0x00,0x00,0x00,0x00,0x00,0x00,0x00,0x00,0x00,0x00,0x00,0x00,0x00,0x00,0x00,
    0x00,0x02,0x04,0x03,0x00,0x00,0x00,0x00,0x03,0x1F,0x45,0x78,0x88,0xB9,0xCB,0xCA,
    0xF2,0xFF,0xFE,0xFF,0xFF,0xFE,0xFF,0xF2,0xCA,0xCB,0xB9,0x88,0x78,0x45,0x1F,0x03,
    0x00,0x00,0x00,0x00,0x03,0x04,0x02,0x00,0x00,0x00,0x00,0x00,0x00,0x00,0x00,0x00,
    0x00,0x00,0x00,0x00,0x00,0x00,0x00,0x00,0x00,0x00,0x00,0x00,0x00,0x00,0x00,0x00,
    0x00,0x00,0x00,0x00,0x00,0x00,0x00,0x00,0x00,0x00,0x00,0x00,0x00,0x00,0x00,0x00,
};

const lv_image_dsc_t app_icon_moon = {
    .header = {
        .magic  = LV_IMAGE_HEADER_MAGIC,
        .cf     = LV_COLOR_FORMAT_RGB565A8,
        .flags  = 0,
        .w      = 120,
        .h      = 120,
        .stride = 240,
    },
    .data_size = sizeof(app_icon_moon_map),
    .data      = app_icon_moon_map,
};
