/* Generated by tools/mkassets.py. Do not edit by hand. */
#include "lvgl.h"

static const uint8_t app_icon_clock_map[] = {
    0x00,0x00,0x00,0x00,0x00,0x00,0x00,0x00,0x00,0x00,0x00,0x00,0x00,0x00,0x00,0x00,
    0x00,0x00,0x00,0x00,0x00,0x00,0x00,0x00,0x00,0x00,0x00,0x00,0x00,0x00,0x00,0x00,
    0x00,0x00,0x00,0x00,0x00,0x00,0x00,0x00,0x00,0x00,0x00,0x00,0x00,0x00,0x00,0x00,
    0x00,0x00,0x00,0x00,0x00,0x00,0x00,0x00,0x00,0x00,0x00,0x00,0x00,0x00,0x00,0x00,
    0x00,0x00,0x00,0x00,0x00,0x00,0x00,0x00,0x00,0x00,0x00,0x00,0x00,0x00,0x00,0x00,
    0x00,0x00,0x00,0x00,0x00,0x00,0x00,0x00,0x00,0x00,0x00,0x00,0x00,0x00,0x00,0x00,
    0x00,0x00,0xEF,0x7B,0x55,0xAD,0xF7,0xBD,0xF7,0xFD,0xF7,0xBD,0x55,0xAD,0x00,0x00,
    0x00,0x00,0x00,0x00,0x00,0x00,0x00,0x00,0x00,0x00,0x00,0x00,0x00,0x00,0x00,0x00,
    0x00,0x00,0xFF,0xFF,0xF7,0xBD,0xF7,0xFD,0xF7,0xBD,0x55,0xAD,0xEF,0x7B,0x00,0x00,
    0x00,0x00,0x00,0x00,0x00,0x00,0x00,0x00,0x00,0x00,0x00,0x00,0x00,0x00,0x00,0x00,
    0x00,0x00,0x00,0x00,0x00,0x00,0x00,0x00,0x00,0x00,0x00,0x00,0x00,0x00,0x00,0x00,
    0x00,0x00,0x00,0x00,0x00,0x00,0x00,0x00,0x00,0x00,0x00,0x00,0x00,0x00,0x00,0x00,
    0x00,0x00,0x00,0x00,0x00,0x00,0x00,0x00,0x00,0x00,0x00,0x00,0x00,0x00,0x00,0x00,
    0x00,0x00,0x00,0x00,0x00,0x00,0x00,0x00,0x00,0x00,0x00,0x00,0x00,0x00,0x00,0x00,
    0x00,0x00,0x00,0x00,0x00,0x00,0x00,0x00,0x00,0x00,0x00,0x00,0x00,0x00,0x00,0x00,
    0x00,0x00,0x00,0x00,0x00,0x00,0x00,0x00,0x00,0x00,0x00,0x00,0x00,0x00,0x00,0x00,
    0x00,0x00,0x00,0x00,0x00,0x00,0x00,0x00,0x00,0x00,0x00,0x00,0x00,0x00,0x00,0x00,
    0x00,0x00,0x00,0x00,0x00,0x00,0x00,0x00,0x00,0x00,0x00,0x00,0x00,0x00,0x00,0x00,
    0x00,0x00,0x00,0x00,0x00,0x00,0x00,0x00,0x00,0x00,0x00,0x00,0x00,0x00,0x00,0x00,
    0x00,0x00,0x00,0x00,0x00,0x00,0x00,0x00,0x00,0x00,0x00,0x00,0x00,0x00,0x00,0x00,
    0x00,0x00,0x00,0x00,0x00,0x00,0x00,0x00,0x00,0x00,0xFF,0xFF,0xF7,0xBD,0xF5,0xFF,
    0x00,0x00,0x00,0x00,0x00,0x00,0x00,0x00,0x00,0x00,0x00,0x00,0x00,0x00,0x00,0x00,
    0x00,0x00,0xD7,0xBD,0x98,0xD6,0x16,0xC6,0x16,0xC6,0x98,0xD6,0x36,0xC6,0x00,0x00,
    0x00,0x00,0x00,0x00,0x00,0x00,0x00,0x00,0x00,0x00,0x00,0x00,0x00,0x00,0x00,0x00,
    0x55,0xFD,0xF7,0xBD,0xFF,0xFF,0xFF,0xFF,0x00,0x00,0x00,0x00,0x00,0x00,0x00,0x00,
    0x00,0x00,0x00,0x00,0x00,0x00,0x00,0x00,0x00,0x00,0x00,0x00,0x00,0x00,0x00,0x00,
    0x00,0x00,0x00,0x00,0x00,0x00,0x00,0x00,0x00,0x00,0x00,0x00,0x00,0x00,0x00,0x00,
    0x00,0x00,0x00,0x00,0x00,0x00,0x00,0x00,0x00,0x00,0x00,0x00,0x00,0x00,0x00,0x00,
    0x00,0x00,0x00,0x00,0x00,0x00,0x00,0x00,0x00,0x00,0x00,0x00,0x00,0x00,0x00,0x00,
    0x00,0x00,0x00,0x00,0x00,0x00,0x00,0x00,0x00,0x00,0x00,0x00,0x00,0x00,0x00,0x00,
    0x00,0x00,0x00,0x00,0x00,0x00,0x00,0x00,0x00,0x00,0x00,0x00,0x00,0x00,0x00,0x00,
    0x00,0x00,0x00,0x00,0x00,0x00,0x00,0x00,0x00,0x00,0x00,0x00,0x00,0x00,0x00,0x00,
    0x00,0x00,0x00,0x00,0x00,0x00,0x00,0x00,0x00,0x00,0x00,0x00,0x00,0x00,0x00,0x00,
    0x00,0x00,0x00,0x00,0x00,0x00,0x00,0x00,0x00,0x00,0x00,0x00,0x00,0x00,0x00,0x00,
    0x00,0x00,0x00,0x00,0x00,0x00,0x00,0x00,0x00,0x00,0x00,0x00,0x00,0x00,0x00,0x00,
    0x00,0x00,0xFF,0xFF,0x55,0xAD,0xF7,0xBD,0x00,0x00,0x00,0x00,0x00,0x00,0x00,0x00,
    0x00,0x00,0x76,0xCE,0x77,0xD6,0x57,0xCE,0x37,0xCE,0x37,0xCE,0x37,0xCE,0x37,0xCE,
    0x37,0xCE,0x37,0xCE,0x37,0xCE,0x37,0xCE,0x37,0xCE,0x37,0xCE,0x37,0xCE,0x37,0xCE,
    0x37,0xCE,0x37,0xCE,0x37,0xCE,0x37,0xCE,0x57,0xCE,0x78,0xD6,0x57,0xD6,0x00,0x00,
    0x00,0x00,0x00,0x00,0x00,0x00,0x00,0x00,0xFF,0xFF,0xF5,0xFF,0xFF,0xFF,0x00,0x00,
    0x00,0x00,0x00,0x00,0x00,0x00,0x00,0x00,0x00,0x00,0x00,0x00,0x00,0x00,0x00,0x00,
    0x00,0x00,0x00,0x00,0x00,0x00,0x00,0x00,0x00,0x00,0x00,0x00,0x00,0x00,0x00,0x00,
    0x00,0x00,0x00,0x00,0x00,0x00,0x00,0x00,0x00,0x00,0x00,0x00,0x00,0x00,0x00,0x00,
    0x00,0x00,0x00,0x00,0x00,0x00,0x00,0x00,0x00,0x00,0x00,0x00,0x00,0x00,0x00,0x00,
    0x00,0x00,0x00,0x00,0x00,0x00,0x00,0x00,0x00,0x00,0x00,0x00,0x00,0x00,0x00,0x00,
    0x00,0x00,0x00,0x00,0x00,0x00,0x00,0x00,0x00,0x00,0x00,0x00,0x00,0x00,0x00,0x00,
    0x00,0x00,0x00,0x00,0x00,0x00,0x00,0x00,0x00,0x00,0x00,0x00,0x00,0x00,0x00,0x00,
    0x00,0x00,0x00,0x00,0x00,0x00,0x00,0x00,0x00,0x00,0x00,0x00,0x00,0x00,0x00,0x00,
    0x00,0x00,0x00,0x00,0x00,0x00,0x00,0x00,0x00,0x00,0x00,0x00,0x00,0x00,0x00,0x00,
    0x00,0x00,0x00,0x00,0x00,0x00,0x00,0x00,0x00,0x00,0x00,0x00,0x00,0x00,0x55,0xAD,
    0xFF,0xFF,0x00,0x00,0x00,0x00,0x00,0x00,0xFF,0xFF,0x57,0xD6,0x57,0xCE,0x57,0xCE,
    0x37,0xCE,0x37,0xCE,0x58,0xCE,0x98,0xD6,0xB9,0xDE,0x98,0xD6,0x98,0xD6,0x78,0xD6,
    0x78,0xD6,0x57,0xCE,0x37,0xCE,0x57,0xCE,0x57,0xCE,0x37,0xCE,0x57,0xCE,0x78,0xD6,
    0x78,0xD6,0x98,0xD6,0x98,0xD6,0xB9,0xDE,0x98,0xD6,0x78,0xD6,0x37,0xCE,0x37,0xCE,
    0x57,0xCE,0x57,0xCE,0x78,0xD6,0xB5,0xD6,0x00,0x00,0x00,0x00,0x00,0x00,0x55,0xAD,
    0x55,0xAD,0xFF,0xFF,0x00,0x00,0x00,0x00,0x00,0x00,0x00,0x00,0x00,0x00,0x00,0x00,
    0x00,0x00,0x00,0x00,0x00,0x00,0x00,0x00,0x00,0x00,0x00,0x00,0x00,0x00,0x00,0x00,
    0x00,0x00,0x00,0x00,0x00,0x00,0x00,0x00,0x00,0x00,0x00,0x00,0x00,0x00,0x00,0x00,
    0x00,0x00,0x00,0x00,0x00,0x00,0x00,0x00,0x00,0x00,0x00,0x00,0x00,0x00,0x00,0x00,
    0x00,0x00,0x00,0x00,0x00,0x00,0x00,0x00,0x00,0x00,0x00,0x00,0x00,0x00,0x00,0x00,
    0x00,0x00,0x00,0x00,0x00,0x00,0x00,0x00,0x00,0x00,0x00,0x00,0x00,0x00,0x00,0x00,
    0x00,0x00,0x00,0x00,0x00,0x00,0x00,0x00,0x00,0x00,0x00,0x00,0x00,0x00,0x00,0x00,
    0x00,0x00,0x00,0x00,0x00,0x00,0x00,0x00,0x00,0x00,0x00,0x00,0x00,0x00,0x00,0x00,
    0x00,0x00,0x00,0x00,0x00,0x00,0x00,0x00,0x00,0x00,0x00,0x00,0x00,0x00,0x00,0x00,
    0x00,0x00,0x00,0x00,0x00,0x00,0x00,0x00,0xFF,0xFF,0xF7,0xBD,0x00,0x00,0x00,0x00,
    0x00,0x00,0x9A,0xD6,0x37,0xCE,0x57,0xCE,0x37,0xCE,0x37,0xCE,0x98,0xD6,0x98,0xD6,
    0x78,0xD6,0x37,0xCE,0x16,0xC6,0x16,0xC6,0x16,0xC6,0x16,0xC6,0x16,0xC6,0x17,0xC6,
    0x37,0xCE,0x37,0xCE,0x37,0xCE,0x37,0xCE,0x37,0xCE,0x37,0xCE,0x37,0xCE,0x37,0xCE,
    0x37,0xCE,0x16,0xC6,0x16,0xC6,0x16,0xC6,0x16,0xC6,0x17,0xC6,0x37,0xCE,0x78,0xD6,
    0x98,0xD6,0x99,0xDE,0x57,0xCE,0x57,0xCE,0x57,0xCE,0x57,0xCE,0x16,0xC6,0x00,0x00,
    0x00,0x00,0x00,0x00,0xF7,0xBD,0xEF,0x7B,0x00,0x00,0x00,0x00,0x00,0x00,0x00,0x00,
    0x00,0x00,0x00,0x00,0x00,0x00,0x00,0x00,0x00,0x00,0x00,0x00,0x00,0x00,0x00,0x00,
    0x00,0x00,0x00,0x00,0x00,0x00,0x00,0x00,0x00,0x00,0x00,0x00,0x00,0x00,0x00,0x00,
    0x00,0x00,0x00,0x00,0x00,0x00,0x00,0x00,0x00,0x00,0x00,0x00,0x00,0x00,0x00,0x00,
    0x00,0x00,0x00,0x00,0x00,0x00,0x00,0x00,0x00,0x00,0x00,0x00,0x00,0x00,0x00,0x00,
    0x00,0x00,0x00,0x00,0x00,0x00,0x00,0x00,0x00,0x00,0x00,0x00,0x00,0x00,0x00,0x00,
    0x00,0x00,0x00,0x00,0x00,0x00,0x00,0x00,0x00,0x00,0x00,0x00,0x00,0x00,0x00,0x00,
    0x00,0x00,0x00,0x00,0x00,0x00,0x00,0x00,0x00,0x00,0x00,0x00,0x00,0x00,0x00,0x00,
    0x00,0x00,0x00,0x00,0x00,0x00,0x00,0x00,0x00,0x00,0x00,0x00,0x00,0x00,0x00,0x00,
    0x00,0x00,0x00,0x00,0xEF,0x7B,0xF7,0xBD,0x00,0x00,0x00,0x00,0xEF,0x7B,0x57,0xCE,
    0x57,0xCE,0x57,0xCE,0x78,0xD6,0x99,0xD6,0x78,0xD6,0x37,0xCE,0x16,0xC6,0x16,0xC6,
    0x17,0xC6,0x37,0xCE,0x78,0xD6,0x99,0xD6,0xDA,0xDE,0xFA,0xE6,0x1B,0xE7,0x3C,0xEF,
    0x5C,0xEF,0x5C,0xEF,0x7C,0xEF,0x7C,0xEF,0x7C,0xEF,0x7C,0xEF,0x7C,0xEF,0x5C,0xEF,
    0x5C,0xEF,0x3B,0xE7,0x1B,0xE7,0xDA,0xDE,0xB9,0xD6,0x78,0xD6,0x37,0xCE,0x17,0xC6,
    0x16,0xC6,0x16,0xC6,0x17,0xC6,0x58,0xCE,0x98,0xD6,0x98,0xD6,0x57,0xCE,0x57,0xCE,
    0x57,0xCE,0xF7,0xBD,0x00,0x00,0x00,0x00,0xFF,0xFF,0xEF,0xFF,0x00,0x00,0x00,0x00,
    0x00,0x00,0x00,0x00,0x00,0x00,0x00,0x00,0x00,0x00,0x00,0x00,0x00,0x00,0x00,0x00,
    0x00,0x00,0x00,0x00,0x00,0x00,0x00,0x00,0x00,0x00,0x00,0x00,0x00,0x00,0x00,0x00,
    0x00,0x00,0x00,0x00,0x00,0x00,0x00,0x00,0x00,0x00,0x00,0x00,0x00,0x00,0x00,0x00,
    0x00,0x00,0x00,0x00,0x00,0x00,0x00,0x00,0x00,0x00,0x00,0x00,0x00,0x00,0x00,0x00,
    0x00,0x00,0x00,0x00,0x00,0x00,0x00,0x00,0x00,0x00,0x00,0x00,0x00,0x00,0x00,0x00,
    0x00,0x00,0x00,0x00,0x00,0x00,0x00,0x00,0x00,0x00,0x00,0x00,0x00,0x00,0x00,0x00,
    0x00,0x00,0x00,0x00,0x00,0x00,0x00,0x00,0x00,0x00,0x00,0x00,0x00,0x00,0x00,0x00,
    0x00,0x00,0x00,0x00,0x00,0x00,0x00,0x00,0x00,0x00,0x00,0x00,0x00,0x00,0x00,0x00,
    0xFF,0xFF,0xFF,0xFF,0x00,0x00,0x00,0x00,0x37,0xD6,0x57,0xCE,0x57,0xCE,0x78,0xD6,
    0x98,0xD6,0x57,0xCE,0x16,0xC6,0x16,0xC6,0x17,0xC6,0x57,0xCE,0x99,0xD6,0xFA,0xE6,
    0x3B,0xEF,0x7C,0xEF,0x9D,0xF7,0x9D,0xF7,0x9D,0xF7,0x9D,0xF7,0x9D,0xF7,0x9D,0xF7,
    0x9D,0xF7,0x9D,0xF7,0x9D,0xF7,0x9D,0xF7,0x9D,0xF7,0x9D,0xF7,0x9D,0xF7,0x9D,0xF7,
    0x9D,0xF7,0x9D,0xF7,0x9D,0xF7,0x9D,0xF7,0x9D,0xF7,0x9D,0xF7,0x7C,0xEF,0x3C,0xEF,
    0xFA,0xE6,0xB9,0xD6,0x57,0xCE,0x17,0xC6,0x16,0xC6,0x17,0xC6,0x57,0xCE,0x98,0xD6,
    0x78,0xD6,0x57,0xCE,0x77,0xD6,0x37,0xCE,0x00,0x00,0x00,0x00,0x55,0xFD,0xEF,0x7B,
    0x00,0x00,0x00,0x00,0x00,0x00,0x00,0x00,0x00,0x00,0x00,0x00,0x00,0x00,0x00,0x00,
    0x00,0x00,0x00,0x00,0x00,0x00,0x00,0x00,0x00,0x00,0x00,0x00,0x00,0x00,0x00,0x00,
    0x00,0x00,0x00,0x00,0x00,0x00,0x00,0x00,0x00,0x00,0x00,0x00,0x00,0x00,0x00,0x00,
    0x00,0x00,0x00,0x00,0x00,0x00,0x00,0x00,0x00,0x00,0x00,0x00,0x00,0x00,0x00,0x00,
    0x00,0x00,0x00,0x00,0x00,0x00,0x00,0x00,0x00,0x00,0x00,0x00,0x00,0x00,0x00,0x00,
    0x00,0x00,0x00,0x00,0x00,0x00,0x00,0x00,0x00,0x00,0x00,0x00,0x00,0x00,0x00,0x00,
    0x00,0x00,0x00,0x00,0x00,0x00,0x00,0x00,0x00,0x00,0x00,0x00,0x00,0x00,0x00,0x00,
    0x00,0x00,0x00,0x00,0x00,0x00,0x00,0x00,0x00,0x00,0x00,0x00,0xFF,0xFF,0xF7,0xBD,
    0x00,0x00,0x00,0x00,0x57,0xCE,0x57,0xCE,0x57,0xCE,0xB9,0xDE,0x78,0xD6,0x16,0xC6,
    0x16,0xC6,0x17,0xC6,0x78,0xD6,0xDA,0xDE,0x3B,0xE7,0x7D,0xF7,0x9D,0xF7,0x9D,0xF7,
    0x9D,0xF7,0x9D,0xF7,0x9D,0xF7,0x7D,0xF7,0x7D,0xF7,0x7D,0xF7,0x7D,0xF7,0x9D,0xF7,
    0x9D,0xF7,0x9D,0xF7,0x9D,0xF7,0x9D,0xF7,0x9D,0xF7,0x9D,0xF7,0x9D,0xF7,0x9D,0xF7,
    0x9D,0xF7,0x7D,0xF7,0x7D,0xF7,0x7D,0xF7,0x7D,0xF7,0x9D,0xF7,0x9D,0xF7,0x9D,0xF7,
    0x9D,0xF7,0x9D,0xF7,0x7D,0xF7,0x3B,0xEF,0xDA,0xDE,0x78,0xD6,0x17,0xC6,0x16,0xC6,
    0x17,0xC6,0x78,0xD6,0xB9,0xDE,0x37,0xCE,0x57,0xCE,0x37,0xCE,0x00,0x00,0x00,0x00,
    0xFF,0xFF,0xFF,0xFF,0x00,0x00,0x00,0x00,0x00,0x00,0x00,0x00,0x00,0x00,0x00,0x00,
    0x00,0x00,0x00,0x00,0x00,0x00,0x00,0x00,0x00,0x00,0x00,0x00,0x00,0x00,0x00,0x00,
    0x00,0x00,0x00,0x00,0x00,0x00,0x00,0x00,0x00,0x00,0x00,0x00,0x00,0x00,0x00,0x00,
    0x00,0x00,0x00,0x00,0x00,0x00,0x00,0x00,0x00,0x00,0x00,0x00,0x00,0x00,0x00,0x00,
    0x00,0x00,0x00,0x00,0x00,0x00,0x00,0x00,0x00,0x00,0x00,0x00,0x00,0x00,0x00,0x00,
    0x00,0x00,0x00,0x00,0x00,0x00,0x00,0x00,0x00,0x00,0x00,0x00,0x00,0x00,0x00,0x00,
    0x00,0x00,0x00,0x00,0x00,0x00,0x00,0x00,0x00,0x00,0x00,0x00,0x00,0x00,0x00,0x00,
    0x00,0x00,0x00,0x00,0x00,0x00,0x00,0x00,0x00,0x00,0x55,0xAD,0x00,0x00,0x00,0x00,
    0x17,0xC6,0x57,0xCE,0x57,0xCE,0xB9,0xDE,0x57,0xCE,0x16,0xC6,0x16,0xC6,0x57,0xCE,
    0xB9,0xDE,0x3B,0xEF,0x9D,0xF7,0x9D,0xF7,0x9D,0xF7,0x9D,0xF7,0x7D,0xF7,0x7D,0xF7,
    0x9D,0xF7,0x9D,0xF7,0x9D,0xF7,0x9D,0xF7,0x9D,0xF7,0x9D,0xF7,0x9D,0xF7,0x9D,0xF7,
    0x9D,0xF7,0x9D,0xF7,0x9D,0xF7,0x9D,0xF7,0x9D,0xF7,0x9D,0xF7,0x9D,0xF7,0x9D,0xF7,
    0x9D,0xF7,0x9D,0xF7,0x9D,0xF7,0x9D,0xF7,0x9D,0xF7,0x9D,0xF7,0x9D,0xF7,0x9D,0xF7,
    0x7D,0xF7,0x7D,0xF7,0x9D,0xF7,0x9D,0xF7,0x9D,0xF7,0x9D,0xF7,0x3C,0xEF,0xDA,0xDE,
    0x57,0xCE,0x16,0xC6,0x16,0xC6,0x37,0xCE,0x99,0xDE,0x57,0xCE,0x57,0xCE,0x37,0xCE,
    0x00,0x00,0x00,0x00,0xF5,0xFF,0x00,0x00,0x00,0x00,0x00,0x00,0x00,0x00,0x00,0x00,
    0x00,0x00,0x00,0x00,0x00,0x00,0x00,0x00,0x00,0x00,0x00,0x00,0x00,0x00,0x00,0x00,
    0x00,0x00,0x00,0x00,0x00,0x00,0x00,0x00,0x00,0x00,0x00,0x00,0x00,0x00,0x00,0x00,
    0x00,0x00,0x00,0x00,0x00,0x00,0x00,0x00,0x00,0x00,0x00,0x00,0x00,0x00,0x00,0x00,
    0x00,0x00,0x00,0x00,0x00,0x00,0x00,0x00,0x00,0x00,0x00,0x00,0x00,0x00,0x00,0x00,
    0x00,0x00,0x00,0x00,0x00,0x00,0x00,0x00,0x00,0x00,0x00,0x00,0x00,0x00,0x00,0x00,
    0x00,0x00,0x00,0x00,0x00,0x00,0x00,0x00,0x00,0x00,0x00,0x00,0x00,0x00,0x00,0x00,
    0x00,0x00,0x00,0x00,0x00,0x00,0xFF,0xFF,0x55,0xAD,0x00,0x00,0x96,0xB5,0x57,0xCE,
    0x57,0xCE,0xB9,0xDE,0x37,0xCE,0x16,0xC6,0x16,0xC6,0x78,0xD6,0xFA,0xE6,0x7C,0xF7,
    0x9D,0xF7,0x9D,0xF7,0x9D,0xF7,0x7D,0xF7,0x9D,0xF7,0x9D,0xF7,0x9D,0xF7,0x9D,0xF7,
    0x9D,0xF7,0x9D,0xF7,0x9D,0xF7,0x9D,0xF7,0x9D,0xF7,0x9D,0xF7,0x9D,0xF7,0x9D,0xF7,
    0x9D,0xF7,0x9D,0xF7,0x9D,0xF7,0x7D,0xF7,0x7D,0xF7,0x7D,0xF7,0x9D,0xF7,0x9D,0xF7,
    0x9D,0xF7,0x9D,0xF7,0x9D,0xF7,0x9D,0xF7,0x9D,0xF7,0x9D,0xF7,0x9D,0xF7,0x9D,0xF7,
    0x9D,0xF7,0x9D,0xF7,0x9D,0xF7,0x9D,0xF7,0x7D,0xF7,0x9D,0xF7,0x9D,0xF7,0x9D,0xF7,
    0x7D,0xF7,0x1B,0xE7,0x78,0xD6,0x16,0xC6,0x16,0xC6,0x37,0xCE,0x99,0xD6,0x57,0xCE,
    0x57,0xCE,0xD5,0xBD,0x00,0x00,0xEF,0x7B,0xEF,0x7B,0x00,0x00,0x00,0x00,0x00,0x00,
    0x00,0x00,0x00,0x00,0x00,0x00,0x00,0x00,0x00,0x00,0x00,0x00,0x00,0x00,0x00,0x00,
    0x00,0x00,0x00,0x00,0x00,0x00,0x00,0x00,0x00,0x00,0x00,0x00,0x00,0x00,0x00,0x00,
    0x00,0x00,0x00,0x00,0x00,0x00,0x00,0x00,0x00,0x00,0x00,0x00,0x00,0x00,0x00,0x00,
    0x00,0x00,0x00,0x00,0x00,0x00,0x00,0x00,0x00,0x00,0x00,0x00,0x00,0x00,0x00,0x00,
    0x00,0x00,0x00,0x00,0x00,0x00,0x00,0x00,0x00,0x00,0x00,0x00,0x00,0x00,0x00,0x00,
    0x00,0x00,0x00,0x00,0x00,0x00,0x00,0x00,0x00,0x00,0x00,0x00,0x00,0x00,0x00,0x00,
    0x00,0x00,0x00,0x00,0xF5,0xFF,0x00,0x00,0x00,0x00,0x37,0xCE,0x57,0xCE,0x99,0xDE,
    0x57,0xCE,0x16,0xC6,0x16,0xC6,0x98,0xD6,0x1B,0xE7,0x9D,0xF7,0x9D,0xF7,0x9D,0xF7,
    0x7D,0xF7,0x9D,0xF7,0x9D,0xF7,0x9D,0xF7,0x9D,0xF7,0x9D,0xF7,0x9D,0xF7,0x9D,0xF7,
    0x9D,0xF7,0x9D,0xF7,0x9D,0xF7,0x9D,0xF7,0x9D,0xF7,0x9D,0xF7,0x9D,0xF7,0x9D,0xF7,
    0x9D,0xF7,0x9D,0xF7,0x9D,0xF7,0xBD,0xF7,0xBD,0xF7,0x9D,0xF7,0x9D,0xF7,0x9D,0xF7,
    0x9D,0xF7,0x9D,0xF7,0x9D,0xF7,0x9D,0xF7,0x9D,0xF7,0x9D,0xF7,0x9D,0xF7,0x9D,0xF7,
    0x9D,0xF7,0x9D,0xF7,0x9D,0xF7,0x9D,0xF7,0x9D,0xF7,0x9D,0xF7,0x9D,0xF7,0x7D,0xF7,
    0x9D,0xF7,0x9D,0xF7,0x9D,0xF7,0x3B,0xEF,0x99,0xD6,0x17,0xC6,0x16,0xC6,0x37,0xCE,
    0xB9,0xDE,0x78,0xCE,0x57,0xCE,0x00,0x00,0x00,0x00,0xF7,0xBD,0x00,0x00,0x00,0x00,
    0x00,0x00,0x00,0x00,0x00,0x00,0x00,0x00,0x00,0x00,0x00,0x00,0x00,0x00,0x00,0x00,
    0x00,0x00,0x00,0x00,0x00,0x00,0x00,0x00,0x00,0x00,0x00,0x00,0x00,0x00,0x00,0x00,
    0x00,0x00,0x00,0x00,0x00,0x00,0x00,0x00,0x00,0x00,0x00,0x00,0x00,0x00,0x00,0x00,
    0x00,0x00,0x00,0x00,0x00,0x00,0x00,0x00,0x00,0x00,0x00,0x00,0x00,0x00,0x00,0x00,
    0x00,0x00,0x00,0x00,0x00,0x00,0x00,0x00,0x00,0x00,0x00,0x00,0x00,0x00,0x00,0x00,
    0x00,0x00,0x00,0x00,0x00,0x00,0x00,0x00,0x00,0x00,0x00,0x00,0x00,0x00,0x00,0x00,
    0x00,0x00,0xF7,0xBD,0x00,0x00,0x16,0xC6,0x57,0xCE,0x78,0xD6,0x78,0xD6,0x37,0xC6,
    0x16,0xC6,0x78,0xD6,0x1B,0xE7,0x9D,0xF7,0x9D,0xF7,0x9D,0xF7,0x7D,0xF7,0x9D,0xF7,
    0x9D,0xF7,0x9D,0xF7,0x9D,0xF7,0x9D,0xF7,0x9D,0xF7,0x9D,0xF7,0x9D,0xF7,0x9D,0xF7,
    0x9D,0xF7,0x9D,0xF7,0x9D,0xF7,0x9D,0xF7,0x9D,0xF7,0x9D,0xF7,0x9D,0xF7,0x9D,0xF7,
    0x9D,0xF7,0x9D,0xF7,0x5C,0xEF,0x1B,0xE7,0x1B,0xE7,0x3C,0xEF,0x9D,0xF7,0x9D,0xF7,
    0x9D,0xF7,0x9D,0xF7,0x9D,0xF7,0x9D,0xF7,0x9D,0xF7,0x9D,0xF7,0x9D,0xF7,0x9D,0xF7,
    0x9D,0xF7,0x9D,0xF7,0x9D,0xF7,0x9D,0xF7,0x9D,0xF7,0x9D,0xF7,0x9D,0xF7,0x9D,0xF7,
    0x9D,0xF7,0x7D,0xF7,0x9D,0xF7,0x9D,0xF7,0x9D,0xF7,0x3B,0xEF,0x98,0xD6,0x16,0xC6,
    0x16,0xC6,0x57,0xCE,0x98,0xD6,0x57,0xCE,0x36,0xC6,0x00,0x00,0x55,0xAD,0xFF,0xFF,
    0x00,0x00,0x00,0x00,0x00,0x00,0x00,0x00,0x00,0x00,0x00,0x00,0x00,0x00,0x00,0x00,
    0x00,0x00,0x00,0x00,0x00,0x00,0x00,0x00,0x00,0x00,0x00,0x00,0x00,0x00,0x00,0x00,
    0x00,0x00,0x00,0x00,0x00,0x00,0x00,0x00,0x00,0x00,0x00,0x00,0x00,0x00,0x00,0x00,
    0x00,0x00,0x00,0x00,0x00,0x00,0x00,0x00,0x00,0x00,0x00,0x00,0x00,0x00,0x00,0x00,
    0x00,0x00,0x00,0x00,0x00,0x00,0x00,0x00,0x00,0x00,0x00,0x00,0x00,0x00,0x00,0x00,
    0x00,0x00,0x00,0x00,0x00,0x00,0x00,0x00,0x00,0x00,0x00,0x00,0x00,0x00,0xEF,0xFF,
    0xFF,0xFF,0x00,0x00,0x37,0xCE,0x57,0xCE,0x98,0xD6,0x37,0xCE,0x16,0xC6,0x57,0xCE,
    0xFA,0xE6,0x9D,0xF7,0x9D,0xF7,0x9D,0xF7,0x7D,0xF7,0x9D,0xF7,0x9D,0xF7,0x9D,0xF7,
    0x9D,0xF7,0x9D,0xF7,0x9D,0xF7,0x9D,0xF7,0x9D,0xF7,0x9D,0xF7,0x9D,0xF7,0x9D,0xF7,
    0x9D,0xF7,0x9D,0xF7,0x9D,0xF7,0x9D,0xF7,0x9D,0xF7,0x9D,0xF7,0x9D,0xF7,0x9D,0xF7,
    0x7C,0xEF,0xFE,0xFF,0x34,0xA5,0x04,0x19,0x04,0x19,0xAE,0x73,0xFE,0xFF,0x7C,0xEF,
    0x9D,0xF7,0x9D,0xF7,0x9D,0xF7,0x9D,0xF7,0x9D,0xF7,0x9D,0xF7,0x9D,0xF7,0x9D,0xF7,
    0x9D,0xF7,0x9D,0xF7,0x9D,0xF7,0x9D,0xF7,0x9D,0xF7,0x9D,0xF7,0x9D,0xF7,0x9D,0xF7,
    0x9D,0xF7,0x9D,0xF7,0x9D,0xF7,0x7D,0xF7,0x7D,0xF7,0x9D,0xF7,0x9D,0xF7,0x1B,0xE7,
    0x58,0xCE,0x16,0xC6,0x37,0xCE,0x98,0xD6,0x57,0xCE,0x37,0xCE,0x00,0x00,0x00,0x00,
    0x55,0xAD,0x00,0x00,0x00,0x00,0x00,0x00,0x00,0x00,0x00,0x00,0x00,0x00,0x00,0x00,
    0x00,0x00,0x00,0x00,0x00,0x00,0x00,0x00,0x00,0x00,0x00,0x00,0x00,0x00,0x00,0x00,
    0x00,0x00,0x00,0x00,0x00,0x00,0x00,0x00,0x00,0x00,0x00,0x00,0x00,0x00,0x00,0x00,
    0x00,0x00,0x00,0x00,0x00,0x00,0x00,0x00,0x00,0x00,0x00,0x00,0x00,0x00,0x00,0x00,
    0x00,0x00,0x00,0x00,0x00,0x00,0x00,0x00,0x00,0x00,0x00,0x00,0x00,0x00,0x00,0x00,
    0x00,0x00,0x00,0x00,0x00,0x00,0x00,0x00,0x00,0x00,0x00,0x00,0xF5,0xFF,0x00,0x00,
    0xEF,0x7B,0x37,0xCE,0x78,0xD6,0x57,0xCE,0x16,0xC6,0x17,0xC6,0xB9,0xDE,0x7C,0xF7,
    0x9D,0xF7,0x9D,0xF7,0x7D,0xF7,0x7D,0xF7,0x9D,0xF7,0x9D,0xF7,0x9D,0xF7,0x9D,0xF7,
    0x9D,0xF7,0x9D,0xF7,0x9D,0xF7,0x9D,0xF7,0x9D,0xF7,0x9D,0xF7,0x9D,0xF7,0x9D,0xF7,
    0x9D,0xF7,0x9D,0xF7,0x9D,0xF7,0x9D,0xF7,0x9D,0xF7,0x9D,0xF7,0x9D,0xF7,0x9D,0xF7,
    0x7C,0xEF,0xFF,0xFF,0x13,0xA5,0x62,0x08,0x62,0x08,0x4D,0x6B,0xFE,0xFF,0x7C,0xEF,
    0x9D,0xF7,0x9D,0xF7,0x9D,0xF7,0x9D,0xF7,0x9D,0xF7,0x9D,0xF7,0x9D,0xF7,0x9D,0xF7,
    0x9D,0xF7,0x9D,0xF7,0x9D,0xF7,0x9D,0xF7,0x9D,0xF7,0x9D,0xF7,0x9D,0xF7,0x9D,0xF7,
    0x9D,0xF7,0x9D,0xF7,0x9D,0xF7,0x9D,0xF7,0x7D,0xF7,0x7D,0xF7,0x9D,0xF7,0x9D,0xF7,
    0x7D,0xF7,0xDA,0xDE,0x37,0xCE,0x16,0xC6,0x57,0xCE,0x98,0xD6,0x57,0xCE,0xD5,0xBD,
    0x00,0x00,0xF7,0xBD,0x00,0x00,0x00,0x00,0x00,0x00,0x00,0x00,0x00,0x00,0x00,0x00,
    0x00,0x00,0x00,0x00,0x00,0x00,0x00,0x00,0x00,0x00,0x00,0x00,0x00,0x00,0x00,0x00,
    0x00,0x00,0x00,0x00,0x00,0x00,0x00,0x00,0x00,0x00,0x00,0x00,0x00,0x00,0x00,0x00,
    0x00,0x00,0x00,0x00,0x00,0x00,0x00,0x00,0x00,0x00,0x00,0x00,0x00,0x00,0x00,0x00,
    0x00,0x00,0x00,0x00,0x00,0x00,0x00,0x00,0x00,0x00,0x00,0x00,0x00,0x00,0x00,0x00,
    0x00,0x00,0x00,0x00,0x00,0x00,0x00,0x00,0x00,0x00,0xF7,0xBD,0x00,0x00,0xF6,0xC5,
    0x57,0xCE,0xB9,0xDE,0x37,0xCE,0x16,0xC6,0x58,0xCE,0x3B,0xE7,0x9D,0xF7,0x9D,0xF7,
    0x7D,0xF7,0x9D,0xF7,0xBD,0xF7,0xBD,0xF7,0x7D,0xF7,0x9D,0xF7,0x9D,0xF7,0x9D,0xF7,
    0x9D,0xF7,0x9D,0xF7,0x9D,0xF7,0x9D,0xF7,0x9D,0xF7,0x9D,0xF7,0x9D,0xF7,0x9D,0xF7,
    0x9D,0xF7,0x9D,0xF7,0x9D,0xF7,0x9D,0xF7,0x9D,0xF7,0x9D,0xF7,0x9D,0xF7,0x9D,0xF7,
    0x7C,0xEF,0xFF,0xFF,0x13,0xA5,0x83,0x10,0x83,0x10,0x6D,0x6B,0xFE,0xFF,0x7C,0xEF,
    0x9D,0xF7,0x9D,0xF7,0x9D,0xF7,0x9D,0xF7,0x9D,0xF7,0x9D,0xF7,0x9D,0xF7,0x9D,0xF7,
    0x9D,0xF7,0x9D,0xF7,0x9D,0xF7,0x9D,0xF7,0x9D,0xF7,0x9D,0xF7,0x9D,0xF7,0x9D,0xF7,
    0x9D,0xF7,0x9D,0xF7,0x9D,0xF7,0x7D,0xF7,0xBD,0xF7,0xBE,0xFF,0x9D,0xF7,0x7D,0xF7,
    0x9D,0xF7,0x9D,0xF7,0x5C,0xEF,0x78,0xD6,0x16,0xC6,0x37,0xCE,0x98,0xD6,0x57,0xCE,
    0x16,0xC6,0x00,0x00,0xF7,0xBD,0x00,0x00,0x00,0x00,0x00,0x00,0x00,0x00,0x00,0x00,
    0x00,0x00,0x00,0x00,0x00,0x00,0x00,0x00,0x00,0x00,0x00,0x00,0x00,0x00,0x00,0x00,
    0x00,0x00,0x00,0x00,0x00,0x00,0x00,0x00,0x00,0x00,0x00,0x00,0x00,0x00,0x00,0x00,
    0x00,0x00,0x00,0x00,0x00,0x00,0x00,0x00,0x00,0x00,0x00,0x00,0x00,0x00,0x00,0x00,
    0x00,0x00,0x00,0x00,0x00,0x00,0x00,0x00,0x00,0x00,0x00,0x00,0x00,0x00,0x00,0x00,
    0x00,0x00,0x00,0x00,0x00,0x00,0x00,0x00,0xF7,0xBD,0x00,0x00,0x16,0xC6,0x57,0xCE,
    0x98,0xD6,0x37,0xCE,0x16,0xC6,0xB9,0xD6,0x7D,0xF7,0x9D,0xF7,0x7D,0xF7,0x9D,0xF7,
    0x9D,0xF7,0x9D,0xF7,0x99,0xD6,0x38,0xCE,0xBE,0xFF,0x7D,0xF7,0x9D,0xF7,0x9D,0xF7,
    0x9D,0xF7,0x9D,0xF7,0x9D,0xF7,0x9D,0xF7,0x9D,0xF7,0x9D,0xF7,0x9D,0xF7,0x9D,0xF7,
    0x9D,0xF7,0x9D,0xF7,0x9D,0xF7,0x9D,0xF7,0x9D,0xF7,0x9D,0xF7,0x9D,0xF7,0x9D,0xF7,
    0x7C,0xEF,0xFF,0xFF,0x13,0xA5,0x83,0x10,0x82,0x10,0x6D,0x6B,0xFE,0xFF,0x7C,0xEF,
    0x9D,0xF7,0x9D,0xF7,0x9D,0xF7,0x9D,0xF7,0x9D,0xF7,0x9D,0xF7,0x9D,0xF7,0x9D,0xF7,
    0x9D,0xF7,0x9D,0xF7,0x9D,0xF7,0x9D,0xF7,0x9D,0xF7,0x9D,0xF7,0x9D,0xF7,0x9D,0xF7,
    0x9D,0xF7,0x9D,0xF7,0x7D,0xF7,0xBE,0xFF,0x79,0xD6,0x58,0xCE,0x9D,0xF7,0x9D,0xF7,
    0x9D,0xF7,0x7D,0xF7,0x9D,0xF7,0x9D,0xF7,0xD9,0xDE,0x16,0xC6,0x17,0xC6,0x78,0xD6,
    0x58,0xCE,0x17,0xCE,0x00,0x00,0xF7,0xBD,0x00,0x00,0x00,0x00,0x00,0x00,0x00,0x00,
    0x00,0x00,0x00,0x00,0x00,0x00,0x00,0x00,0x00,0x00,0x00,0x00,0x00,0x00,0x00,0x00,
    0x00,0x00,0x00,0x00,0x00,0x00,0x00,0x00,0x00,0x00,0x00,0x00,0x00,0x00,0x00,0x00,
    0x00,0x00,0x00,0x00,0x00,0x00,0x00,0x00,0x00,0x00,0x00,0x00,0x00,0x00,0x00,0x00,
    0x00,0x00,0x00,0x00,0x00,0x00,0x00,0x00,0x00,0x00,0x00,0x00,0x00,0x00,0x00,0x00,
    0x00,0x00,0x00,0x00,0x00,0x00,0xF7,0xBD,0x00,0x00,0x17,0xCE,0x78,0xD6,0x58,0xCE,
    0x16,0xC6,0x37,0xCE,0xFA,0xE6,0x9D,0xF7,0x9D,0xF7,0x7D,0xF7,0x9D,0xF7,0x7D,0xF7,
    0xBD,0xF7,0xFB,0xE6,0x0F,0x84,0x50,0x8C,0x3B,0xE7,0x9D,0xF7,0x7D,0xF7,0x9D,0xF7,
    0x9D,0xF7,0x9D,0xF7,0x9D,0xF7,0x9D,0xF7,0x9D,0xF7,0x9D,0xF7,0x9D,0xF7,0x9D,0xF7,
    0x9D,0xF7,0x9D,0xF7,0x9D,0xF7,0x9D,0xF7,0x9D,0xF7,0x9D,0xF7,0x9D,0xF7,0x9D,0xF7,
    0x7C,0xEF,0xFF,0xFF,0x13,0xA5,0x83,0x10,0x82,0x10,0x6D,0x6B,0xFE,0xFF,0x7C,0xEF,
    0x9D,0xF7,0x9D,0xF7,0x9D,0xF7,0x9D,0xF7,0x9D,0xF7,0x9D,0xF7,0x9D,0xF7,0x9D,0xF7,
    0x9D,0xF7,0x9D,0xF7,0x9D,0xF7,0x9D,0xF7,0x9D,0xF7,0x9D,0xF7,0x9D,0xF7,0x9D,0xF7,
    0x9D,0xF7,0x9D,0xF7,0x9D,0xF7,0x7C,0xEF,0x91,0x94,0xCE,0x7B,0xB9,0xD6,0xBE,0xFF,
    0x7D,0xF7,0x9D,0xF7,0x7D,0xF7,0x9D,0xF7,0x9D,0xF7,0x1B,0xE7,0x37,0xCE,0x16,0xC6,
    0x57,0xCE,0x78,0xD6,0x37,0xCE,0x00,0x00,0xF7,0xBD,0x00,0x00,0x00,0x00,0x00,0x00,
    0x00,0x00,0x00,0x00,0x00,0x00,0x00,0x00,0x00,0x00,0x00,0x00,0x00,0x00,0x00,0x00,
    0x00,0x00,0x00,0x00,0x00,0x00,0x00,0x00,0x00,0x00,0x00,0x00,0x00,0x00,0x00,0x00,
    0x00,0x00,0x00,0x00,0x00,0x00,0x00,0x00,0x00,0x00,0x00,0x00,0x00,0x00,0x00,0x00,
    0x00,0x00,0x00,0x00,0x00,0x00,0x00,0x00,0x00,0x00,0x00,0x00,0x00,0x00,0x00,0x00,
    0x00,0x00,0x00,0x00,0xF7,0xBD,0x00,0x00,0x37,0xC6,0x78,0xD6,0x37,0xCE,0x16,0xC6,
    0x57,0xCE,0x3C,0xEF,0x9D,0xF7,0x7D,0xF7,0x9D,0xF7,0x9D,0xF7,0x9D,0xF7,0x9D,0xF7,
    0x7D,0xF7,0x9D,0xF7,0x54,0xAD,0xCE,0x7B,0x74,0xB5,0xBE,0xFF,0x7D,0xF7,0x9D,0xF7,
    0x9D,0xF7,0x9D,0xF7,0x9D,0xF7,0x9D,0xF7,0x9D,0xF7,0x9D,0xF7,0x9D,0xF7,0x9D,0xF7,
    0x9D,0xF7,0x9D,0xF7,0x9D,0xF7,0x9D,0xF7,0x9D,0xF7,0x9D,0xF7,0x9D,0xF7,0x9D,0xF7,
    0x7C,0xEF,0xFF,0xFF,0x13,0xA5,0x83,0x10,0x82,0x10,0x6D,0x6B,0xFE,0xFF,0x7C,0xEF,
    0x9D,0xF7,0x9D,0xF7,0x9D,0xF7,0x9D,0xF7,0x9D,0xF7,0x9D,0xF7,0x9D,0xF7,0x9D,0xF7,
    0x9D,0xF7,0x9D,0xF7,0x9D,0xF7,0x9D,0xF7,0x9D,0xF7,0x9D,0xF7,0x9D,0xF7,0x9D,0xF7,
    0x9D,0xF7,0x7D,0xF7,0xDE,0xFF,0xD6,0xBD,0xCE,0x7B,0xF3,0xA4,0x9D,0xF7,0x9D,0xF7,
    0x9D,0xF7,0x9D,0xF7,0x9D,0xF7,0x9D,0xF7,0x7D,0xF7,0x9D,0xF7,0x5C,0xEF,0x78,0xCE,
    0x16,0xC6,0x37,0xCE,0x98,0xD6,0x37,0xCE,0x00,0x00,0xFF,0xFF,0xFF,0xFF,0x00,0x00,
    0x00,0x00,0x00,0x00,0x00,0x00,0x00,0x00,0x00,0x00,0x00,0x00,0x00,0x00,0x00,0x00,
    0x00,0x00,0x00,0x00,0x00,0x00,0x00,0x00,0x00,0x00,0x00,0x00,0x00,0x00,0x00,0x00,
    0x00,0x00,0x00,0x00,0x00,0x00,0x00,0x00,0x00,0x00,0x00,0x00,0x00,0x00,0x00,0x00,
    0x00,0x00,0x00,0x00,0x00,0x00,0x00,0x00,0x00,0x00,0x00,0x00,0x00,0x00,0x00,0x00,
    0x00,0x00,0xF7,0xBD,0x00,0x00,0x37,0xCE,0x98,0xD6,0x37,0xCE,0x16,0xC6,0x78,0xD6,
    0x7C,0xEF,0x9D,0xF7,0x7D,0xF7,0x9D,0xF7,0x9D,0xF7,0x9D,0xF7,0x9D,0xF7,0x9D,0xF7,
    0x7D,0xF7,0xBD,0xF7,0x1B,0xE7,0x50,0x8C,0x0F,0x84,0xDA,0xDE,0xBD,0xF7,0x7D,0xF7,
    0x9D,0xF7,0x9D,0xF7,0x9D,0xF7,0x9D,0xF7,0x9D,0xF7,0x9D,0xF7,0x9D,0xF7,0x9D,0xF7,
    0x9D,0xF7,0x9D,0xF7,0x9D,0xF7,0x9D,0xF7,0x9D,0xF7,0x9D,0xF7,0x9D,0xF7,0x9D,0xF7,
    0x7C,0xEF,0xFF,0xFF,0x13,0xA5,0x83,0x10,0x82,0x10,0x6D,0x6B,0xFE,0xFF,0x7C,0xEF,
    0x9D,0xF7,0x9D,0xF7,0x9D,0xF7,0x9D,0xF7,0x9D,0xF7,0x9D,0xF7,0x9D,0xF7,0x9D,0xF7,
    0x9D,0xF7,0x9D,0xF7,0x9D,0xF7,0x9D,0xF7,0x9D,0xF7,0x9D,0xF7,0x9D,0xF7,0x9D,0xF7,
    0x7D,0xF7,0x9D,0xF7,0x1B,0xE7,0x50,0x8C,0x0F,0x84,0xBA,0xDE,0xBE,0xFF,0x7D,0xF7,
    0x9D,0xF7,0x9D,0xF7,0x9D,0xF7,0x9D,0xF7,0x9D,0xF7,0x7D,0xF7,0x9D,0xF7,0x7D,0xF7,
    0x98,0xD6,0x16,0xC6,0x37,0xCE,0xB9,0xDE,0x37,0xCE,0x00,0x00,0xF7,0xBD,0xE0,0xFF,
    0x00,0x00,0x00,0x00,0x00,0x00,0x00,0x00,0x00,0x00,0x00,0x00,0x00,0x00,0x00,0x00,
    0x00,0x00,0x00,0x00,0x00,0x00,0x00,0x00,0x00,0x00,0x00,0x00,0x00,0x00,0x00,0x00,
    0x00,0x00,0x00,0x00,0x00,0x00,0x00,0x00,0x00,0x00,0x00,0x00,0x00,0x00,0x00,0x00,
    0x00,0x00,0x00,0x00,0x00,0x00,0x00,0x00,0x00,0x00,0x00,0x00,0x00,0x00,0x00,0x00,
    0x73,0xCE,0x00,0x00,0x37,0xC6,0x98,0xD6,0x37,0xCE,0x16,0xC6,0x78,0xD6,0x7D,0xF7,
    0x9D,0xF7,0x7D,0xF7,0x9D,0xF7,0x9D,0xF7,0x9D,0xF7,0x9D,0xF7,0x9D,0xF7,0x9D,0xF7,
    0x9D,0xF7,0x7D,0xF7,0xDE,0xFF,0xD6,0xBD,0xCE,0x7B,0xF3,0xA4,0x9D,0xF7,0x7D,0xF7,
    0x9D,0xF7,0x9D,0xF7,0x9D,0xF7,0x9D,0xF7,0x9D,0xF7,0x9D,0xF7,0x9D,0xF7,0x9D,0xF7,
    0x9D,0xF7,0x9D,0xF7,0x9D,0xF7,0x9D,0xF7,0x9D,0xF7,0x9D,0xF7,0x9D,0xF7,0x9D,0xF7,
    0x7C,0xEF,0xFF,0xFF,0x13,0xA5,0x83,0x10,0x82,0x10,0x6D,0x6B,0xFE,0xFF,0x7C,0xEF,
    0x9D,0xF7,0x9D,0xF7,0x9D,0xF7,0x9D,0xF7,0x9D,0xF7,0x9D,0xF7,0x9D,0xF7,0x9D,0xF7,
    0x9D,0xF7,0x9D,0xF7,0x9D,0xF7,0x9D,0xF7,0x9D,0xF7,0x9D,0xF7,0x9D,0xF7,0x9D,0xF7,
    0x7D,0xF7,0xBE,0xFF,0x54,0xAD,0xCE,0x7B,0x74,0xAD,0xBE,0xFF,0x7D,0xF7,0x9D,0xF7,
    0x9D,0xF7,0x9D,0xF7,0x9D,0xF7,0x9D,0xF7,0x9D,0xF7,0x9D,0xF7,0x7D,0xF7,0x9D,0xF7,
    0x9D,0xF7,0x99,0xD6,0x16,0xC6,0x37,0xCE,0xB9,0xDE,0x37,0xCE,0x00,0x00,0xF7,0xBD,
    0x00,0x00,0x00,0x00,0x00,0x00,0x00,0x00,0x00,0x00,0x00,0x00,0x00,0x00,0x00,0x00,
    0x00,0x00,0x00,0x00,0x00,0x00,0x00,0x00,0x00,0x00,0x00,0x00,0x00,0x00,0x00,0x00,
    0x00,0x00,0x00,0x00,0x00,0x00,0x00,0x00,0x00,0x00,0x00,0x00,0x00,0x00,0x00,0x00,
    0x00,0x00,0x00,0x00,0x00,0x00,0x00,0x00,0x00,0x00,0x00,0x00,0x00,0x00,0xF7,0xBD,
    0x00,0x00,0x17,0xC6,0x98,0xD6,0x37,0xCE,0x16,0xC6,0x99,0xD6,0x9D,0xF7,0x9D,0xF7,
    0x7D,0xF7,0x9D,0xF7,0x9D,0xF7,0x9D,0xF7,0x9D,0xF7,0x9D,0xF7,0x9D,0xF7,0x9D,0xF7,
    0x9D,0xF7,0x9D,0xF7,0x9D,0xF7,0x7C,0xEF,0xB1,0x94,0xEE,0x83,0x58,0xCE,0xDE,0xFF,
    0x7D,0xF7,0x9D,0xF7,0x9D,0xF7,0x9D,0xF7,0x9D,0xF7,0x9D,0xF7,0x9D,0xF7,0x9D,0xF7,
    0x9D,0xF7,0x9D,0xF7,0x9D,0xF7,0x9D,0xF7,0x9D,0xF7,0x9D,0xF7,0x9D,0xF7,0x9D,0xF7,
    0x9D,0xF7,0x9D,0xF7,0x3B,0xE7,0x79,0xCE,0x79,0xCE,0xFA,0xDE,0x9D,0xF7,0x9D,0xF7,
    0x9D,0xF7,0x9D,0xF7,0x9D,0xF7,0x9D,0xF7,0x9D,0xF7,0x9D,0xF7,0x9D,0xF7,0x9D,0xF7,
    0x9D,0xF7,0x9D,0xF7,0x9D,0xF7,0x9D,0xF7,0x9D,0xF7,0x9D,0xF7,0x9D,0xF7,0x7D,0xF7,
    0xBE,0xFF,0xB9,0xDE,0x0F,0x84,0x50,0x8C,0x3B,0xE7,0x9D,0xF7,0x7D,0xF7,0x9D,0xF7,
    0x9D,0xF7,0x9D,0xF7,0x9D,0xF7,0x9D,0xF7,0x9D,0xF7,0x9D,0xF7,0x9D,0xF7,0x9D,0xF7,
    0x9D,0xF7,0x9D,0xF7,0xB9,0xDE,0x16,0xC6,0x37,0xCE,0xB9,0xDE,0x16,0xCE,0x00,0x00,
    0xF7,0xBD,0x00,0x00,0x00,0x00,0x00,0x00,0x00,0x00,0x00,0x00,0x00,0x00,0x00,0x00,
    0x00,0x00,0x00,0x00,0x00,0x00,0x00,0x00,0x00,0x00,0x00,0x00,0x00,0x00,0x00,0x00,
    0x00,0x00,0x00,0x00,0x00,0x00,0x00,0x00,0x00,0x00,0x00,0x00,0x00,0x00,0x00,0x00,
    0x00,0x00,0x00,0x00,0x00,0x00,0x00,0x00,0x00,0x00,0x00,0x00,0xF7,0xBD,0x00,0x00,
    0x16,0xC6,0x78,0xD6,0x37,0xCE,0x16,0xC6,0x99,0xD6,0x9D,0xF7,0x9D,0xF7,0x9D,0xF7,
    0x9D,0xF7,0x9D,0xF7,0x9D,0xF7,0x9D,0xF7,0x9D,0xF7,0x9D,0xF7,0x9D,0xF7,0x9D,0xF7,
    0x9D,0xF7,0x9D,0xF7,0x7D,0xF7,0xBE,0xFF,0x58,0xCE,0xEE,0x83,0x91,0x94,0x5C,0xEF,
    0x9D,0xF7,0x9D,0xF7,0x9D,0xF7,0x9D,0xF7,0x9D,0xF7,0x9D,0xF7,0x9D,0xF7,0x9D,0xF7,
    0x9D,0xF7,0x9D,0xF7,0x9D,0xF7,0x9D,0xF7,0x9D,0xF7,0x9D,0xF7,0x9D,0xF7,0x9D,0xF7,
    0x9D,0xF7,0x9D,0xF7,0x9D,0xF7,0xDE,0xFF,0xDE,0xFF,0xBD,0xF7,0x9D,0xF7,0x9D,0xF7,
    0x9D,0xF7,0x9D,0xF7,0x9D,0xF7,0x9D,0xF7,0x9D,0xF7,0x9D,0xF7,0x9D,0xF7,0x9D,0xF7,
    0x9D,0xF7,0x9D,0xF7,0x9D,0xF7,0x9D,0xF7,0x9D,0xF7,0x9D,0xF7,0x9D,0xF7,0x9D,0xF7,
    0x9D,0xF7,0xF2,0x9C,0xCE,0x7B,0xF6,0xBD,0xDE,0xFF,0x7D,0xF7,0x9D,0xF7,0x9D,0xF7,
    0x9D,0xF7,0x9D,0xF7,0x9D,0xF7,0x9D,0xF7,0x9D,0xF7,0x9D,0xF7,0x9D,0xF7,0x9D,0xF7,
    0x9D,0xF7,0x9D,0xF7,0x9D,0xF7,0xD9,0xDE,0x16,0xC6,0x37,0xCE,0x98,0xDE,0x17,0xC6,
    0x00,0x00,0xF7,0xBD,0x00,0x00,0x00,0x00,0x00,0x00,0x00,0x00,0x00,0x00,0x00,0x00,
    0x00,0x00,0x00,0x00,0x00,0x00,0x00,0x00,0x00,0x00,0x00,0x00,0x00,0x00,0x00,0x00,
    0x00,0x00,0x00,0x00,0x00,0x00,0x00,0x00,0x00,0x00,0x00,0x00,0x00,0x00,0x00,0x00,
    0x00,0x00,0x00,0x00,0x00,0x00,0x00,0x00,0x00,0x00,0x55,0xAD,0x00,0x00,0x36,0xC6,
    0x58,0xCE,0x57,0xCE,0x16,0xC6,0x78,0xD6,0x9D,0xF7,0x9D,0xF7,0x7D,0xF7,0x9D,0xF7,
    0x9D,0xF7,0x9D,0xF7,0x9D,0xF7,0x9D,0xF7,0x9D,0xF7,0x9D,0xF7,0x9D,0xF7,0x9D,0xF7,
    0x9D,0xF7,0x9D,0xF7,0x9D,0xF7,0x7D,0xF7,0x9D,0xF7,0x13,0xA5,0xCE,0x7B,0xD6,0xBD,
    0xDE,0xFF,0x7D,0xF7,0x9D,0xF7,0x9D,0xF7,0x9D,0xF7,0x9D,0xF7,0x9D,0xF7,0x9D,0xF7,
    0x9D,0xF7,0x9D,0xF7,0x9D,0xF7,0x9D,0xF7,0x9D,0xF7,0x9D,0xF7,0x9D,0xF7,0x9D,0xF7,
    0x9D,0xF7,0x9D,0xF7,0x7D,0xF7,0x7D,0xF7,0x7D,0xF7,0x7D,0xF7,0x9D,0xF7,0x9D,0xF7,
    0x9D,0xF7,0x9D,0xF7,0x9D,0xF7,0x9D,0xF7,0x9D,0xF7,0x9D,0xF7,0x9D,0xF7,0x9D,0xF7,
    0x9D,0xF7,0x9D,0xF7,0x9D,0xF7,0x9D,0xF7,0x9D,0xF7,0x9D,0xF7,0x7D,0xF7,0xDE,0xFF,
    0x37,0xCE,0xEE,0x7B,0xB1,0x9C,0x7D,0xF7,0x9D,0xF7,0x9D,0xF7,0x9D,0xF7,0x9D,0xF7,
    0x9D,0xF7,0x9D,0xF7,0x9D,0xF7,0x9D,0xF7,0x9D,0xF7,0x9D,0xF7,0x9D,0xF7,0x9D,0xF7,
    0x9D,0xF7,0x9D,0xF7,0x9D,0xF7,0x9D,0xF7,0xB9,0xD6,0x16,0xC6,0x57,0xCE,0x98,0xD6,
    0x16,0xC6,0x00,0x00,0xF7,0xBD,0x00,0x00,0x00,0x00,0x00,0x00,0x00,0x00,0x00,0x00,
    0x00,0x00,0x00,0x00,0x00,0x00,0x00,0x00,0x00,0x00,0x00,0x00,0x00,0x00,0x00,0x00,
    0x00,0x00,0x00,0x00,0x00,0x00,0x00,0x00,0x00,0x00,0x00,0x00,0x00,0x00,0x00,0x00,
    0x00,0x00,0x00,0x00,0x00,0x00,0x00,0x00,0xEF,0xFF,0x00,0x00,0x17,0xCE,0x57,0xCE,
    0x58,0xCE,0x16,0xC6,0x78,0xD6,0x7D,0xF7,0x9D,0xF7,0x9D,0xF7,0x9D,0xF7,0x9D,0xF7,
    0x9D,0xF7,0x9D,0xF7,0x9D,0xF7,0x9D,0xF7,0x9D,0xF7,0x9D,0xF7,0x9D,0xF7,0x9D,0xF7,
    0x9D,0xF7,0x9D,0xF7,0x9D,0xF7,0x7D,0xF7,0xBD,0xFF,0xDA,0xDE,0x0F,0x84,0x50,0x8C,
    0x1B,0xE7,0xBD,0xF7,0x7D,0xF7,0x9D,0xF7,0x9D,0xF7,0x9D,0xF7,0x9D,0xF7,0x9D,0xF7,
    0x9D,0xF7,0x9D,0xF7,0x9D,0xF7,0x9D,0xF7,0x9D,0xF7,0x9D,0xF7,0x9D,0xF7,0x9D,0xF7,
    0x9D,0xF7,0x9D,0xF7,0x9D,0xF7,0x9D,0xF7,0x9D,0xF7,0x9D,0xF7,0x9D,0xF7,0x9D,0xF7,
    0x9D,0xF7,0x9D,0xF7,0x9D,0xF7,0x9D,0xF7,0x9D,0xF7,0x9D,0xF7,0x9D,0xF7,0x9D,0xF7,
    0x9D,0xF7,0x9D,0xF7,0x9D,0xF7,0x9D,0xF7,0x9D,0xF7,0x9D,0xF7,0x9D,0xF7,0x5C,0xEF,
    0x91,0x94,0xEE,0x83,0x78,0xCE,0xBE,0xFF,0x7D,0xF7,0x9D,0xF7,0x9D,0xF7,0x9D,0xF7,
    0x9D,0xF7,0x9D,0xF7,0x9D,0xF7,0x9D,0xF7,0x9D,0xF7,0x9D,0xF7,0x9D,0xF7,0x9D,0xF7,
    0x9D,0xF7,0x9D,0xF7,0x9D,0xF7,0x9D,0xF7,0x9D,0xF7,0x98,0xD6,0x16,0xC6,0x57,0xCE,
    0x57,0xCE,0x16,0xC6,0x00,0x00,0x55,0xAD,0x00,0x00,0x00,0x00,0x00,0x00,0x00,0x00,
    0x00,0x00,0x00,0x00,0x00,0x00,0x00,0x00,0x00,0x00,0x00,0x00,0x00,0x00,0x00,0x00,
    0x00,0x00,0x00,0x00,0x00,0x00,0x00,0x00,0x00,0x00,0x00,0x00,0x00,0x00,0x00,0x00,
    0x00,0x00,0x00,0x00,0x00,0x00,0xFF,0xFF,0xF5,0xFF,0xF7,0xBD,0x37,0xCE,0x98,0xD6,
    0x16,0xC6,0x57,0xCE,0x7C,0xEF,0x9D,0xF7,0x7D,0xF7,0x9D,0xF7,0x9D,0xF7,0x9D,0xF7,
    0x9D,0xF7,0x9D,0xF7,0x9D,0xF7,0x9D,0xF7,0x9D,0xF7,0x9D,0xF7,0x9D,0xF7,0x9D,0xF7,
    0x9D,0xF7,0x9D,0xF7,0x9D,0xF7,0x9D,0xF7,0x7D,0xF7,0xBE,0xFF,0x95,0xB5,0x8D,0x73,
    0x74,0xAD,0xBE,0xFF,0x7D,0xF7,0x9D,0xF7,0x9D,0xF7,0x9D,0xF7,0x9D,0xF7,0x9D,0xF7,
    0x9D,0xF7,0x9D,0xF7,0x9D,0xF7,0x9D,0xF7,0x9D,0xF7,0x9D,0xF7,0x9D,0xF7,0x9D,0xF7,
    0x9D,0xF7,0x9D,0xF7,0x9D,0xF7,0x9D,0xF7,0x9D,0xF7,0x9D,0xF7,0x9D,0xF7,0x9D,0xF7,
    0x9D,0xF7,0x9D,0xF7,0x9D,0xF7,0x9D,0xF7,0x9D,0xF7,0x9D,0xF7,0x9D,0xF7,0x9D,0xF7,
    0x9D,0xF7,0x9D,0xF7,0x9D,0xF7,0x9D,0xF7,0x9D,0xF7,0x7D,0xF7,0xBE,0xFF,0xD6,0xBD,
    0x8D,0x73,0x13,0xA5,0xBD,0xF7,0x7D,0xF7,0x9D,0xF7,0x9D,0xF7,0x9D,0xF7,0x9D,0xF7,
    0x9D,0xF7,0x9D,0xF7,0x9D,0xF7,0x9D,0xF7,0x9D,0xF7,0x9D,0xF7,0x9D,0xF7,0x9D,0xF7,
    0x9D,0xF7,0x9D,0xF7,0x9D,0xF7,0x9D,0xF7,0x9D,0xF7,0x7D,0xF7,0x78,0xD6,0x16,0xC6,
    0x78,0xD6,0x37,0xCE,0xF7,0xBD,0xFF,0xFF,0xEF,0x7B,0x00,0x00,0x00,0x00,0x00,0x00,
    0x00,0x00,0x00,0x00,0x00,0x00,0x00,0x00,0x00,0x00,0x00,0x00,0x00,0x00,0x00,0x00,
    0x00,0x00,0x00,0x00,0x00,0x00,0x00,0x00,0x00,0x00,0x00,0x00,0x00,0x00,0x00,0x00,
    0x00,0x00,0x00,0x00,0x00,0x00,0xF7,0xBD,0x00,0x00,0x16,0xC6,0xB9,0xDE,0x37,0xCE,
    0x37,0xCE,0x3C,0xEF,0x9D,0xF7,0x7D,0xF7,0x9D,0xF7,0x9D,0xF7,0x9D,0xF7,0x9D,0xF7,
    0x9D,0xF7,0x9D,0xF7,0x9D,0xF7,0x9D,0xF7,0x9D,0xF7,0x9D,0xF7,0x9D,0xF7,0x9D,0xF7,
    0x9D,0xF7,0x9D,0xF7,0x9D,0xF7,0x9D,0xF7,0x7D,0xF7,0xBD,0xF7,0x1B,0xE7,0x74,0xB5,
    0x1B,0xE7,0x9D,0xF7,0x9D,0xF7,0x9D,0xF7,0x9D,0xF7,0x9D,0xF7,0x9D,0xF7,0x9D,0xF7,
    0x9D,0xF7,0x9D,0xF7,0x9D,0xF7,0x9D,0xF7,0x9D,0xF7,0x9D,0xF7,0x9D,0xF7,0x9D,0xF7,
    0x9D,0xF7,0x9D,0xF7,0x9D,0xF7,0x9D,0xF7,0x9D,0xF7,0x9D,0xF7,0x9D,0xF7,0x9D,0xF7,
    0x9D,0xF7,0x9D,0xF7,0x9D,0xF7,0x9D,0xF7,0x9D,0xF7,0x9D,0xF7,0x9D,0xF7,0x9D,0xF7,
    0x9D,0xF7,0x9D,0xF7,0x9D,0xF7,0x9D,0xF7,0x9D,0xF7,0x9D,0xF7,0x9D,0xF7,0x5C,0xEF,
    0x95,0xB5,0xDA,0xDE,0xBD,0xF7,0x7D,0xF7,0x9D,0xF7,0x9D,0xF7,0x9D,0xF7,0x9D,0xF7,
    0x9D,0xF7,0x9D,0xF7,0x9D,0xF7,0x9D,0xF7,0x9D,0xF7,0x9D,0xF7,0x9D,0xF7,0x9D,0xF7,
    0x9D,0xF7,0x9D,0xF7,0x9D,0xF7,0x9D,0xF7,0x7D,0xF7,0x9D,0xF7,0x5C,0xEF,0x37,0xCE,
    0x16,0xC6,0x98,0xD6,0x37,0xCE,0x00,0x00,0xF7,0xBD,0x00,0x00,0x00,0x00,0x00,0x00,
    0x00,0x00,0x00,0x00,0x00,0x00,0x00,0x00,0x00,0x00,0x00,0x00,0x00,0x00,0x00,0x00,
    0x00,0x00,0x00,0x00,0x00,0x00,0x00,0x00,0x00,0x00,0x00,0x00,0x00,0x00,0x00,0x00,
    0x00,0x00,0x00,0x00,0x55,0xAD,0x00,0x00,0x16,0xC6,0x98,0xD6,0x37,0xCE,0x16,0xC6,
    0xFA,0xE6,0xBD,0xF7,0x7D,0xF7,0x9D,0xF7,0x9D,0xF7,0x9D,0xF7,0x9D,0xF7,0x9D,0xF7,
    0x9D,0xF7,0x9D,0xF7,0x9D,0xF7,0x9D,0xF7,0x9D,0xF7,0x9D,0xF7,0x9D,0xF7,0x9D,0xF7,
    0x9D,0xF7,0x9D,0xF7,0x9D,0xF7,0x9D,0xF7,0x9D,0xF7,0x9D,0xF7,0x9D,0xF7,0xBE,0xFF,
    0x9D,0xF7,0x9D,0xF7,0x9D,0xF7,0x9D,0xF7,0x9D,0xF7,0x9D,0xF7,0x9D,0xF7,0x9D,0xF7,
    0x9D,0xF7,0x9D,0xF7,0x9D,0xF7,0x9D,0xF7,0x9D,0xF7,0x9D,0xF7,0x9D,0xF7,0x9D,0xF7,
    0x9D,0xF7,0x9D,0xF7,0x9D,0xF7,0x9D,0xF7,0x9D,0xF7,0x9D,0xF7,0x9D,0xF7,0x9D,0xF7,
    0x9D,0xF7,0x9D,0xF7,0x9D,0xF7,0x9D,0xF7,0x9D,0xF7,0x9D,0xF7,0x9D,0xF7,0x9D,0xF7,
    0x9D,0xF7,0x9D,0xF7,0x9D,0xF7,0x9D,0xF7,0x9D,0xF7,0x9D,0xF7,0x9D,0xF7,0x9D,0xF7,
    0xBE,0xFF,0x9D,0xF7,0x7D,0xF7,0x9D,0xF7,0x9D,0xF7,0x9D,0xF7,0x9D,0xF7,0x9D,0xF7,
    0x9D,0xF7,0x9D,0xF7,0x9D,0xF7,0x9D,0xF7,0x9D,0xF7,0x9D,0xF7,0x9D,0xF7,0x9D,0xF7,
    0x9D,0xF7,0x9D,0xF7,0x9D,0xF7,0x9D,0xF7,0x9D,0xF7,0x7D,0xF7,0x9D,0xF7,0x1B,0xE7,
    0x17,0xC6,0x37,0xCE,0xB9,0xDE,0x16,0xC6,0x00,0x00,0xFF,0xFF,0x00,0x00,0x00,0x00,
    0x00,0x00,0x00,0x00,0x00,0x00,0x00,0x00,0x00,0x00,0x00,0x00,0x00,0x00,0x00,0x00,
    0x00,0x00,0x00,0x00,0x00,0x00,0x00,0x00,0x00,0x00,0x00,0x00,0x00,0x00,0x00,0x00,
    0x00,0x00,0xEF,0x7B,0xEF,0x7B,0x78,0xCE,0x57,0xCE,0x58,0xCE,0x16,0xC6,0xB9,0xD6,
    0x9D,0xF7,0x7D,0xF7,0x9D,0xF7,0x9D,0xF7,0x9D,0xF7,0x9D,0xF7,0x9D,0xF7,0x9D,0xF7,
    0x9D,0xF7,0x9D,0xF7,0x9D,0xF7,0x9D,0xF7,0x9D,0xF7,0x9D,0xF7,0x9D,0xF7,0x9D,0xF7,
    0x9D,0xF7,0x9D,0xF7,0x9D,0xF7,0x9D,0xF7,0x9D,0xF7,0x9D,0xF7,0x9D,0xF7,0x7D,0xF7,
    0x7D,0xF7,0x9D,0xF7,0x9D,0xF7,0x9D,0xF7,0x9D,0xF7,0x9D,0xF7,0x9D,0xF7,0x9D,0xF7,
    0x9D,0xF7,0x9D,0xF7,0x9D,0xF7,0x9D,0xF7,0x9D,0xF7,0x9D,0xF7,0x9D,0xF7,0x9D,0xF7,
    0x9D,0xF7,0x9D,0xF7,0x9D,0xF7,0x9D,0xF7,0x9D,0xF7,0x9D,0xF7,0x9D,0xF7,0x9D,0xF7,
    0x9D,0xF7,0x9D,0xF7,0x9D,0xF7,0x9D,0xF7,0x9D,0xF7,0x9D,0xF7,0x9D,0xF7,0x9D,0xF7,
    0x9D,0xF7,0x9D,0xF7,0x9D,0xF7,0x9D,0xF7,0x9D,0xF7,0x9D,0xF7,0x9D,0xF7,0x7D,0xF7,
    0x7D,0xF7,0x9D,0xF7,0x9D,0xF7,0x9D,0xF7,0x9D,0xF7,0x9D,0xF7,0x9D,0xF7,0x9D,0xF7,
    0x9D,0xF7,0x9D,0xF7,0x9D,0xF7,0x9D,0xF7,0x9D,0xF7,0x9D,0xF7,0x9D,0xF7,0x9D,0xF7,
    0x9D,0xF7,0x9D,0xF7,0x9D,0xF7,0x9D,0xF7,0x9D,0xF7,0x9D,0xF7,0x7D,0xF7,0x9D,0xF7,
    0xDA,0xDE,0x16,0xC6,0x57,0xCE,0x57,0xCE,0x17,0xC6,0x00,0x00,0xFF,0xFF,0x00,0x00,
    0x00,0x00,0x00,0x00,0x00,0x00,0x00,0x00,0x00,0x00,0x00,0x00,0x00,0x00,0x00,0x00,
    0x00,0x00,0x00,0x00,0x00,0x00,0x00,0x00,0x00,0x00,0x00,0x00,0x00,0x00,0x00,0x00,
    0x00,0x00,0xFF,0xFF,0x00,0x00,0x37,0xC6,0x98,0xD6,0x16,0xC6,0x58,0xCE,0x7D,0xF7,
    0x9D,0xF7,0x9D,0xF7,0x9D,0xF7,0x9D,0xF7,0x9D,0xF7,0x9D,0xF7,0x9D,0xF7,0x9D,0xF7,
    0x9D,0xF7,0x9D,0xF7,0x9D,0xF7,0x9D,0xF7,0x9D,0xF7,0x9D,0xF7,0x9D,0xF7,0x9D,0xF7,
    0x9D,0xF7,0x9D,0xF7,0x9D,0xF7,0x9D,0xF7,0x9D,0xF7,0x9D,0xF7,0x9D,0xF7,0x9D,0xF7,
    0x9D,0xF7,0x9D,0xF7,0x9D,0xF7,0x9D,0xF7,0x9D,0xF7,0x9D,0xF7,0x9D,0xF7,0x9D,0xF7,
    0x9D,0xF7,0x9D,0xF7,0x9D,0xF7,0x9D,0xF7,0x9D,0xF7,0x9D,0xF7,0x9D,0xF7,0x9D,0xF7,
    0x9D,0xF7,0x9D,0xF7,0x9D,0xF7,0x9D,0xF7,0x9D,0xF7,0x9D,0xF7,0x9D,0xF7,0x9D,0xF7,
    0x9D,0xF7,0x9D,0xF7,0x9D,0xF7,0x9D,0xF7,0x9D,0xF7,0x9D,0xF7,0x9D,0xF7,0x9D,0xF7,
    0x9D,0xF7,0x9D,0xF7,0x9D,0xF7,0x9D,0xF7,0x9D,0xF7,0x9D,0xF7,0x9D,0xF7,0x9D,0xF7,
    0x9D,0xF7,0x9D,0xF7,0x9D,0xF7,0x9D,0xF7,0x9D,0xF7,0x9D,0xF7,0x9D,0xF7,0x9D,0xF7,
    0x9D,0xF7,0x9D,0xF7,0x9D,0xF7,0x9D,0xF7,0x9D,0xF7,0x9D,0xF7,0x9D,0xF7,0x9D,0xF7,
    0x9D,0xF7,0x9D,0xF7,0x9D,0xF7,0x9D,0xF7,0x9D,0xF7,0x9D,0xF7,0x9D,0xF7,0x9D,0xF7,
    0x9D,0xF7,0x78,0xD6,0x16,0xC6,0x98,0xD6,0x37,0xCE,0xFF,0xFF,0x55,0xAD,0x00,0x00,
    0x00,0x00,0x00,0x00,0x00,0x00,0x00,0x00,0x00,0x00,0x00,0x00,0x00,0x00,0x00,0x00,
    0x00,0x00,0x00,0x00,0x00,0x00,0x00,0x00,0x00,0x00,0x00,0x00,0x00,0x00,0x00,0x00,
    0x55,0xAD,0x00,0x00,0x37,0xCE,0x98,0xD6,0x37,0xCE,0x17,0xC6,0x3B,0xE7,0x9D,0xF7,
    0x7D,0xF7,0x9D,0xF7,0x9D,0xF7,0x9D,0xF7,0x9D,0xF7,0x9D,0xF7,0x9D,0xF7,0x9D,0xF7,
    0x9D,0xF7,0x9D,0xF7,0x9D,0xF7,0x9D,0xF7,0x9D,0xF7,0x9D,0xF7,0x9D,0xF7,0x9D,0xF7,
    0x9D,0xF7,0x9D,0xF7,0x9D,0xF7,0x9D,0xF7,0x9D,0xF7,0x9D,0xF7,0x9D,0xF7,0x9D,0xF7,
    0x9D,0xF7,0x9D,0xF7,0x9D,0xF7,0x9D,0xF7,0x9D,0xF7,0x9D,0xF7,0x9D,0xF7,0x9D,0xF7,
    0x9D,0xF7,0x9D,0xF7,0x9D,0xF7,0x9D,0xF7,0x9D,0xF7,0x9D,0xF7,0x9D,0xF7,0x9D,0xF7,
    0x9D,0xF7,0x9D,0xF7,0x9D,0xF7,0x9D,0xF7,0x9D,0xF7,0x9D,0xF7,0x9D,0xF7,0x9D,0xF7,
    0x9D,0xF7,0x9D,0xF7,0x9D,0xF7,0x9D,0xF7,0x9D,0xF7,0x9D,0xF7,0x9D,0xF7,0x9D,0xF7,
    0x9D,0xF7,0x9D,0xF7,0x9D,0xF7,0x9D,0xF7,0x9D,0xF7,0x9D,0xF7,0x9D,0xF7,0x9D,0xF7,
    0x9D,0xF7,0x9D,0xF7,0x9D,0xF7,0x9D,0xF7,0x9D,0xF7,0x9D,0xF7,0x9D,0xF7,0x9D,0xF7,
    0x9D,0xF7,0x9D,0xF7,0x9D,0xF7,0x9D,0xF7,0x9D,0xF7,0x9D,0xF7,0x9D,0xF7,0x9D,0xF7,
    0x9D,0xF7,0x9D,0xF7,0x9D,0xF7,0x9D,0xF7,0x9D,0xF7,0x9D,0xF7,0x9D,0xF7,0x7D,0xF7,
    0x9D,0xF7,0x5C,0xEF,0x37,0xCE,0x37,0xCE,0xB9,0xDE,0x17,0xCE,0x00,0x00,0xF5,0xFF,
    0x00,0x00,0x00,0x00,0x00,0x00,0x00,0x00,0x00,0x00,0x00,0x00,0x00,0x00,0x00,0x00,
    0x00,0x00,0x00,0x00,0x00,0x00,0x00,0x00,0x00,0x00,0x00,0x00,0x00,0x00,0xE0,0xFF,
    0xFF,0xFF,0xF7,0xBD,0x37,0xCE,0x78,0xD6,0x16,0xC6,0xB9,0xDE,0x9D,0xF7,0x7D,0xF7,
    0x9D,0xF7,0x9D,0xF7,0x9D,0xF7,0x9D,0xF7,0x9D,0xF7,0x9D,0xF7,0x9D,0xF7,0x9D,0xF7,
    0x9D,0xF7,0x9D,0xF7,0x9D,0xF7,0x9D,0xF7,0x9D,0xF7,0x9D,0xF7,0x9D,0xF7,0x9D,0xF7,
    0x9D,0xF7,0x9D,0xF7,0x9D,0xF7,0x9D,0xF7,0x9D,0xF7,0x9D,0xF7,0x9D,0xF7,0x9D,0xF7,
    0x9D,0xF7,0x9D,0xF7,0x9D,0xF7,0x9D,0xF7,0x9D,0xF7,0x9D,0xF7,0x9D,0xF7,0x9D,0xF7,
    0x9D,0xF7,0x9D,0xF7,0x9D,0xF7,0x9D,0xF7,0x9D,0xF7,0x9D,0xF7,0x9D,0xF7,0x9D,0xF7,
    0x9D,0xF7,0x9D,0xF7,0x9D,0xF7,0x9D,0xF7,0x9D,0xF7,0x9D,0xF7,0x9D,0xF7,0x9D,0xF7,
    0x9D,0xF7,0x9D,0xF7,0x9D,0xF7,0x9D,0xF7,0x9D,0xF7,0x9D,0xF7,0x9D,0xF7,0x9D,0xF7,
    0x9D,0xF7,0x9D,0xF7,0x9D,0xF7,0x9D,0xF7,0x9D,0xF7,0x9D,0xF7,0x9D,0xF7,0x9D,0xF7,
    0x9D,0xF7,0x9D,0xF7,0x9D,0xF7,0x9D,0xF7,0x9D,0xF7,0x9D,0xF7,0x9D,0xF7,0x9D,0xF7,
    0x9D,0xF7,0x9D,0xF7,0x9D,0xF7,0x9D,0xF7,0x9D,0xF7,0x9D,0xF7,0x9D,0xF7,0x9D,0xF7,
    0x9D,0xF7,0x9D,0xF7,0x9D,0xF7,0x9D,0xF7,0x9D,0xF7,0x9D,0xF7,0x9D,0xF7,0x9D,0xF7,
    0x7D,0xF7,0x9D,0xF7,0xFA,0xDE,0x16,0xC6,0x57,0xCE,0x57,0xCE,0x37,0xC6,0xEF,0x7B,
    0xEF,0x7B,0x00,0x00,0x00,0x00,0x00,0x00,0x00,0x00,0x00,0x00,0x00,0x00,0x00,0x00,
    0x00,0x00,0x00,0x00,0x00,0x00,0x00,0x00,0x00,0x00,0x00,0x00,0x00,0x00,0xFF,0xFF,
    0x00,0x00,0x36,0xC6,0xB9,0xDE,0x16,0xC6,0x57,0xCE,0x7C,0xF7,0x9D,0xF7,0x9D,0xF7,
    0x7D,0xF7,0x9D,0xF7,0x9D,0xF7,0x9D,0xF7,0x9D,0xF7,0x9D,0xF7,0x9D,0xF7,0x9D,0xF7,
    0x9D,0xF7,0x9D,0xF7,0x9D,0xF7,0x9D,0xF7,0x9D,0xF7,0x9D,0xF7,0x9D,0xF7,0x9D,0xF7,
    0x9D,0xF7,0x9D,0xF7,0x9D,0xF7,0x9D,0xF7,0x9D,0xF7,0x9D,0xF7,0x9D,0xF7,0x9D,0xF7,
    0x9D,0xF7,0x9D,0xF7,0x9D,0xF7,0x9D,0xF7,0x9D,0xF7,0x9D,0xF7,0x9D,0xF7,0x9D,0xF7,
    0x9D,0xF7,0x9D,0xF7,0x9D,0xF7,0x9D,0xF7,0x9D,0xF7,0x9D,0xF7,0x9D,0xF7,0x9D,0xF7,
    0x9D,0xF7,0x9D,0xF7,0x9D,0xF7,0x9D,0xF7,0x9D,0xF7,0x9D,0xF7,0x9D,0xF7,0x9D,0xF7,
    0x9D,0xF7,0x9D,0xF7,0x9D,0xF7,0x9D,0xF7,0x9D,0xF7,0x9D,0xF7,0x9D,0xF7,0x9D,0xF7,
    0x9D,0xF7,0x9D,0xF7,0x9D,0xF7,0x9D,0xF7,0x9D,0xF7,0x9D,0xF7,0x9D,0xF7,0x9D,0xF7,
    0x9D,0xF7,0x9D,0xF7,0x9D,0xF7,0x9D,0xF7,0x9D,0xF7,0x9D,0xF7,0x9D,0xF7,0x9D,0xF7,
    0x9D,0xF7,0x9D,0xF7,0x9D,0xF7,0x9D,0xF7,0x7D,0xF7,0x7D,0xF7,0x7D,0xF7,0x9D,0xF7,
    0x9D,0xF7,0x9D,0xF7,0x9D,0xF7,0x9D,0xF7,0x9D,0xF7,0x9D,0xF7,0x9D,0xF7,0x7D,0xF7,
    0x9D,0xF7,0x9D,0xF7,0x9D,0xF7,0x78,0xD6,0x16,0xC6,0x99,0xDE,0x17,0xC6,0x00,0x00,
    0x55,0xAD,0x00,0x00,0x00,0x00,0x00,0x00,0x00,0x00,0x00,0x00,0x00,0x00,0x00,0x00,
    0x00,0x00,0x00,0x00,0x00,0x00,0x00,0x00,0x00,0x00,0x00,0x00,0xEF,0x7B,0xFF,0xFF,
    0x78,0xCE,0x37,0xCE,0x57,0xCE,0x16,0xC6,0xFA,0xE6,0x9D,0xF7,0x7D,0xF7,0x9D,0xF7,
    0xBD,0xF7,0x7D,0xF7,0x7D,0xF7,0x9D,0xF7,0x9D,0xF7,0x9D,0xF7,0x9D,0xF7,0x9D,0xF7,
    0x9D,0xF7,0x9D,0xF7,0x9D,0xF7,0x9D,0xF7,0x9D,0xF7,0x9D,0xF7,0x9D,0xF7,0x9D,0xF7,
    0x9D,0xF7,0x9D,0xF7,0x9D,0xF7,0x9D,0xF7,0x9D,0xF7,0x9D,0xF7,0x9D,0xF7,0x9D,0xF7,
    0x9D,0xF7,0x9D,0xF7,0x9D,0xF7,0x9D,0xF7,0x9D,0xF7,0x9D,0xF7,0x9D,0xF7,0x9D,0xF7,
    0x9D,0xF7,0x9D,0xF7,0x9D,0xF7,0x9D,0xF7,0x9D,0xF7,0x9D,0xF7,0x9D,0xF7,0x9D,0xF7,
    0x9D,0xF7,0x9D,0xF7,0x9D,0xF7,0x9D,0xF7,0x9D,0xF7,0x9D,0xF7,0x9D,0xF7,0x9D,0xF7,
    0x9D,0xF7,0x9D,0xF7,0x9D,0xF7,0x9D,0xF7,0x9D,0xF7,0x9D,0xF7,0x9D,0xF7,0x9D,0xF7,
    0x9D,0xF7,0x9D,0xF7,0x9D,0xF7,0x9D,0xF7,0x9D,0xF7,0x9D,0xF7,0x9D,0xF7,0x9D,0xF7,
    0x9D,0xF7,0x9D,0xF7,0x9D,0xF7,0x9D,0xF7,0x9D,0xF7,0x9D,0xF7,0x9D,0xF7,0x9D,0xF7,
    0x9D,0xF7,0x9D,0xF7,0x9D,0xF7,0x7C,0xEF,0xBD,0xFF,0xDE,0xFF,0x9D,0xF7,0x7D,0xF7,
    0x9D,0xF7,0x9D,0xF7,0x9D,0xF7,0x9D,0xF7,0x9D,0xF7,0x7D,0xF7,0x7D,0xF7,0xBD,0xF7,
    0x9D,0xF7,0x7D,0xF7,0x9D,0xF7,0x3B,0xE7,0x16,0xC6,0x37,0xCE,0x57,0xCE,0x37,0xCE,
    0xFF,0xFF,0x55,0xAD,0x00,0x00,0x00,0x00,0x00,0x00,0x00,0x00,0x00,0x00,0x00,0x00,
    0x00,0x00,0x00,0x00,0x00,0x00,0x00,0x00,0x00,0x00,0x00,0x00,0xFF,0xFF,0x00,0x00,
    0x37,0xCE,0xB9,0xDE,0x16,0xC6,0x78,0xD6,0x9D,0xF7,0x9D,0xF7,0x9D,0xF7,0x9D,0xF7,
    0xFB,0xE6,0xBD,0xF7,0x9D,0xF7,0x7D,0xF7,0x9D,0xF7,0x9D,0xF7,0x9D,0xF7,0x9D,0xF7,
    0x9D,0xF7,0x9D,0xF7,0x9D,0xF7,0x9D,0xF7,0x9D,0xF7,0x9D,0xF7,0x9D,0xF7,0x9D,0xF7,
    0x9D,0xF7,0x9D,0xF7,0x9D,0xF7,0x9D,0xF7,0x9D,0xF7,0x9D,0xF7,0x9D,0xF7,0x9D,0xF7,
    0x9D,0xF7,0x9D,0xF7,0x9D,0xF7,0x9D,0xF7,0x9D,0xF7,0x9D,0xF7,0x9D,0xF7,0x9D,0xF7,
    0x9D,0xF7,0x9D,0xF7,0x9D,0xF7,0x9D,0xF7,0x9D,0xF7,0x9D,0xF7,0x9D,0xF7,0x9D,0xF7,
    0x9D,0xF7,0x9D,0xF7,0x9D,0xF7,0x9D,0xF7,0x9D,0xF7,0x9D,0xF7,0x9D,0xF7,0x9D,0xF7,
    0x9D,0xF7,0x9D,0xF7,0x9D,0xF7,0x9D,0xF7,0x9D,0xF7,0x9D,0xF7,0x9D,0xF7,0x9D,0xF7,
    0x9D,0xF7,0x9D,0xF7,0x9D,0xF7,0x9D,0xF7,0x9D,0xF7,0x9D,0xF7,0x9D,0xF7,0x9D,0xF7,
    0x9D,0xF7,0x9D,0xF7,0x9D,0xF7,0x9D,0xF7,0x9D,0xF7,0x9D,0xF7,0x9D,0xF7,0x9D,0xF7,
    0x9D,0xF7,0x7D,0xF7,0x7C,0xEF,0xFF,0xFF,0xFB,0xDE,0xAA,0x52,0xF7,0xBD,0xFE,0xFF,
    0x7C,0xEF,0x9D,0xF7,0x9D,0xF7,0x9D,0xF7,0x7D,0xF7,0xBD,0xF7,0xBD,0xF7,0xFB,0xE6,
    0x9D,0xF7,0x9D,0xF7,0x9D,0xF7,0x9D,0xF7,0x99,0xD6,0x16,0xC6,0x98,0xD6,0x17,0xC6,
    0x00,0x00,0x55,0xAD,0x00,0x00,0x00,0x00,0x00,0x00,0x00,0x00,0x00,0x00,0x00,0x00,
    0x00,0x00,0x00,0x00,0x00,0x00,0x00,0x00,0x00,0x00,0xEF,0x7B,0xFF,0xFF,0x57,0xD6,
    0x37,0xCE,0x57,0xCE,0x16,0xC6,0x1B,0xE7,0x9D,0xF7,0x7D,0xF7,0xBE,0xFF,0x78,0xD6,
    0x0F,0x84,0x75,0xB5,0x3B,0xE7,0xDE,0xFF,0x9D,0xF7,0x7D,0xF7,0x9D,0xF7,0x9D,0xF7,
    0x9D,0xF7,0x9D,0xF7,0x9D,0xF7,0x9D,0xF7,0x9D,0xF7,0x9D,0xF7,0x9D,0xF7,0x9D,0xF7,
    0x9D,0xF7,0x9D,0xF7,0x9D,0xF7,0x9D,0xF7,0x9D,0xF7,0x9D,0xF7,0x9D,0xF7,0x9D,0xF7,
    0x9D,0xF7,0x9D,0xF7,0x9D,0xF7,0x9D,0xF7,0x9D,0xF7,0x9D,0xF7,0x9D,0xF7,0x9D,0xF7,
    0x9D,0xF7,0x9D,0xF7,0x9D,0xF7,0x9D,0xF7,0x9D,0xF7,0x9D,0xF7,0x9D,0xF7,0x9D,0xF7,
    0x9D,0xF7,0x9D,0xF7,0x9D,0xF7,0x9D,0xF7,0x9D,0xF7,0x9D,0xF7,0x9D,0xF7,0x9D,0xF7,
    0x9D,0xF7,0x9D,0xF7,0x9D,0xF7,0x9D,0xF7,0x9D,0xF7,0x9D,0xF7,0x9D,0xF7,0x9D,0xF7,
    0x9D,0xF7,0x9D,0xF7,0x9D,0xF7,0x9D,0xF7,0x9D,0xF7,0x9D,0xF7,0x9D,0xF7,0x9D,0xF7,
    0x9D,0xF7,0x9D,0xF7,0x9D,0xF7,0x9D,0xF7,0x9D,0xF7,0x9D,0xF7,0x9D,0xF7,0x9D,0xF7,
    0x7C,0xEF,0x9D,0xF7,0xFF,0xFF,0x95,0xB5,0x46,0x29,0x21,0x00,0xE7,0x39,0x7D,0xEF,
    0xBD,0xF7,0x7D,0xF7,0x7D,0xF7,0x9D,0xF7,0xDE,0xFF,0x1B,0xE7,0x74,0xAD,0x0F,0x84,
    0x78,0xD6,0xBE,0xFF,0x7D,0xF7,0x9D,0xF7,0x5C,0xEF,0x37,0xCE,0x37,0xCE,0x57,0xCE,
    0x57,0xCE,0xE0,0xFF,0x55,0xAD,0x00,0x00,0x00,0x00,0x00,0x00,0x00,0x00,0x00,0x00,
    0x00,0x00,0x00,0x00,0x00,0x00,0x00,0x00,0x00,0x00,0xF7,0xBD,0x00,0x00,0x37,0xC6,
    0xB9,0xDE,0x16,0xC6,0x98,0xD6,0x9D,0xF7,0x9D,0xF7,0x7D,0xF7,0xBD,0xF7,0x58,0xCE,
    0x50,0x8C,0xCE,0x7B,0x50,0x8C,0x17,0xC6,0x9D,0xF7,0xBE,0xFF,0x7D,0xF7,0x7D,0xF7,
    0x9D,0xF7,0x9D,0xF7,0x9D,0xF7,0x9D,0xF7,0x9D,0xF7,0x9D,0xF7,0x9D,0xF7,0x9D,0xF7,
    0x9D,0xF7,0x9D,0xF7,0x9D,0xF7,0x9D,0xF7,0x9D,0xF7,0x9D,0xF7,0x9D,0xF7,0x9D,0xF7,
    0x9D,0xF7,0x9D,0xF7,0x9D,0xF7,0x9D,0xF7,0x9D,0xF7,0x9D,0xF7,0x9D,0xF7,0x9D,0xF7,
    0x9D,0xF7,0x9D,0xF7,0x9D,0xF7,0x9D,0xF7,0x9D,0xF7,0x9D,0xF7,0x9D,0xF7,0x9D,0xF7,
    0x9D,0xF7,0x9D,0xF7,0x9D,0xF7,0x9D,0xF7,0x9D,0xF7,0x9D,0xF7,0x9D,0xF7,0x9D,0xF7,
    0x9D,0xF7,0x9D,0xF7,0x9D,0xF7,0x9D,0xF7,0x9D,0xF7,0x9D,0xF7,0x9D,0xF7,0x9D,0xF7,
    0x9D,0xF7,0x9D,0xF7,0x9D,0xF7,0x9D,0xF7,0x9D,0xF7,0x9D,0xF7,0x9D,0xF7,0x9D,0xF7,
    0x9D,0xF7,0x9D,0xF7,0x9D,0xF7,0x9D,0xF7,0x9D,0xF7,0x9D,0xF7,0x9D,0xF7,0x7C,0xEF,
    0xDE,0xFF,0x9D,0xF7,0xCF,0x7B,0x82,0x08,0xC3,0x10,0x25,0x21,0x62,0x08,0xEC,0x5A,
    0xBD,0xF7,0x7D,0xF7,0xBE,0xFF,0x7C,0xEF,0xF6,0xBD,0x50,0x8C,0xCE,0x7B,0x50,0x8C,
    0x58,0xCE,0xBD,0xF7,0x7D,0xF7,0x7D,0xF7,0x9D,0xF7,0xB9,0xDE,0x16,0xC6,0x98,0xD6,
    0x37,0xC6,0x00,0x00,0x55,0xAD,0x00,0x00,0x00,0x00,0x00,0x00,0x00,0x00,0x00,0x00,
    0x00,0x00,0x00,0x00,0x00,0x00,0x00,0x00,0xFF,0xFF,0xFF,0xFF,0x57,0xCE,0x37,0xCE,
    0x57,0xCE,0x16,0xC6,0x1B,0xE7,0x9D,0xF7,0x7D,0xF7,0x9D,0xF7,0x7D,0xF7,0xBE,0xFF,
    0x3C,0xEF,0x75,0xB5,0x0F,0x84,0xCE,0x7B,0xD2,0x9C,0x99,0xD6,0xBE,0xFF,0x9D,0xF7,
    0x7D,0xF7,0x9D,0xF7,0x9D,0xF7,0x9D,0xF7,0x9D,0xF7,0x9D,0xF7,0x9D,0xF7,0x9D,0xF7,
    0x9D,0xF7,0x9D,0xF7,0x9D,0xF7,0x9D,0xF7,0x9D,0xF7,0x9D,0xF7,0x9D,0xF7,0x9D,0xF7,
    0x9D,0xF7,0x9D,0xF7,0x9D,0xF7,0x9D,0xF7,0x9D,0xF7,0x9D,0xF7,0x9D,0xF7,0x9D,0xF7,
    0x9D,0xF7,0x9D,0xF7,0x9D,0xF7,0x9D,0xF7,0x9D,0xF7,0x9D,0xF7,0x9D,0xF7,0x9D,0xF7,
    0x9D,0xF7,0x9D,0xF7,0x9D,0xF7,0x9D,0xF7,0x9D,0xF7,0x9D,0xF7,0x9D,0xF7,0x9D,0xF7,
    0x9D,0xF7,0x9D,0xF7,0x9D,0xF7,0x9D,0xF7,0x9D,0xF7,0x9D,0xF7,0x9D,0xF7,0x9D,0xF7,
    0x9D,0xF7,0x9D,0xF7,0x9D,0xF7,0x9D,0xF7,0x9D,0xF7,0x9D,0xF7,0x9D,0xF7,0x9D,0xF7,
    0x9D,0xF7,0x9D,0xF7,0x9D,0xF7,0x9D,0xF7,0x9D,0xF7,0x7D,0xF7,0x7D,0xEF,0xFF,0xFF,
    0x99,0xD6,0x28,0x42,0x62,0x08,0xE4,0x18,0x04,0x21,0xC3,0x18,0x62,0x08,0x4D,0x6B,
    0x9D,0xF7,0xBD,0xF7,0x78,0xCE,0xB1,0x94,0xCE,0x7B,0x0F,0x84,0x95,0xB5,0x3C,0xEF,
    0xBE,0xFF,0x7D,0xF7,0x9D,0xF7,0x7D,0xF7,0x9D,0xF7,0x3C,0xEF,0x37,0xCE,0x37,0xCE,
    0x57,0xCE,0x36,0xCE,0x00,0x00,0xEF,0xFF,0x00,0x00,0x00,0x00,0x00,0x00,0x00,0x00,
    0x00,0x00,0x00,0x00,0x00,0x00,0x00,0x00,0xF7,0xBD,0x00,0x00,0x37,0xCE,0xB9,0xDE,
    0x16,0xC6,0x78,0xD6,0x9D,0xF7,0x9D,0xF7,0x9D,0xF7,0x9D,0xF7,0x9D,0xF7,0x7D,0xF7,
    0x9D,0xF7,0xBE,0xFF,0xBA,0xDE,0xF2,0x9C,0xCE,0x7B,0x0F,0x84,0x54,0xAD,0x1B,0xE7,
    0xDE,0xFF,0x9D,0xF7,0x9D,0xF7,0x9D,0xF7,0x9D,0xF7,0x9D,0xF7,0x9D,0xF7,0x9D,0xF7,
    0x9D,0xF7,0x9D,0xF7,0x9D,0xF7,0x9D,0xF7,0x9D,0xF7,0x9D,0xF7,0x9D,0xF7,0x9D,0xF7,
    0x9D,0xF7,0x9D,0xF7,0x9D,0xF7,0x9D,0xF7,0x9D,0xF7,0x9D,0xF7,0x9D,0xF7,0x9D,0xF7,
    0x9D,0xF7,0x9D,0xF7,0x9D,0xF7,0x9D,0xF7,0x9D,0xF7,0x9D,0xF7,0x9D,0xF7,0x9D,0xF7,
    0x9D,0xF7,0x9D,0xF7,0x9D,0xF7,0x9D,0xF7,0x9D,0xF7,0x9D,0xF7,0x9D,0xF7,0x9D,0xF7,
    0x9D,0xF7,0x9D,0xF7,0x9D,0xF7,0x9D,0xF7,0x9D,0xF7,0x9D,0xF7,0x9D,0xF7,0x9D,0xF7,
    0x9D,0xF7,0x9D,0xF7,0x9D,0xF7,0x9D,0xF7,0x9D,0xF7,0x9D,0xF7,0x9D,0xF7,0x9D,0xF7,
    0x9D,0xF7,0x9D,0xF7,0x9D,0xF7,0x9D,0xF7,0x7C,0xEF,0x9D,0xF7,0xFE,0xFF,0xF3,0x9C,
    0xE4,0x18,0x83,0x10,0x04,0x19,0x04,0x21,0x83,0x10,0x04,0x21,0x34,0xA5,0xFF,0xFF,
    0xFA,0xDE,0x13,0xA5,0xEE,0x83,0xEE,0x83,0x13,0xA5,0xDA,0xDE,0xBE,0xFF,0x9D,0xF7,
    0x7D,0xF7,0x9D,0xF7,0x9D,0xF7,0x9D,0xF7,0x7D,0xF7,0x9D,0xF7,0x99,0xD6,0x16,0xC6,
    0xB9,0xDE,0x37,0xCE,0x00,0x00,0xF7,0xBD,0x00,0x00,0x00,0x00,0x00,0x00,0x00,0x00,
    0x00,0x00,0x00,0x00,0x00,0x00,0x00,0x00,0xFF,0xFF,0x55,0xAD,0x17,0xCE,0x78,0xD6,
    0x16,0xC6,0xFA,0xE6,0x9D,0xF7,0x7D,0xF7,0x9D,0xF7,0x9D,0xF7,0x9D,0xF7,0x9D,0xF7,
    0x7D,0xF7,0x7D,0xF7,0xBE,0xFF,0x9D,0xF7,0x37,0xCE,0x71,0x94,0xCE,0x7B,0x50,0x8C,
    0xF6,0xC5,0x5C,0xEF,0x9D,0xF7,0x9D,0xF7,0x9D,0xF7,0x9D,0xF7,0x9D,0xF7,0x9D,0xF7,
    0x9D,0xF7,0x9D,0xF7,0x9D,0xF7,0x9D,0xF7,0x7D,0xF7,0x7D,0xF7,0x9D,0xF7,0x9D,0xF7,
    0x9D,0xF7,0x9D,0xF7,0x9D,0xF7,0x9D,0xF7,0x9D,0xF7,0x9D,0xF7,0x9D,0xF7,0x9D,0xF7,
    0x9D,0xF7,0x9D,0xF7,0x9D,0xF7,0x9D,0xF7,0x9D,0xF7,0x9D,0xF7,0x9D,0xF7,0x9D,0xF7,
    0x9D,0xF7,0x9D,0xF7,0x9D,0xF7,0x9D,0xF7,0x9D,0xF7,0x9D,0xF7,0x9D,0xF7,0x9D,0xF7,
    0x9D,0xF7,0x9D,0xF7,0x9D,0xF7,0x9D,0xF7,0x9D,0xF7,0x9D,0xF7,0x9D,0xF7,0x9D,0xF7,
    0x9D,0xF7,0x9D,0xF7,0x9D,0xF7,0x9D,0xF7,0x9D,0xF7,0x9D,0xF7,0x9D,0xF7,0x9D,0xF7,
    0x9D,0xF7,0x9D,0xF7,0x9D,0xF7,0x7C,0xEF,0xDE,0xFF,0x5C,0xEF,0x2C,0x63,0x62,0x08,
    0xC4,0x18,0x04,0x21,0xE4,0x18,0x62,0x08,0x49,0x42,0x9A,0xD6,0x9D,0xF7,0x95,0xB5,
    0x0F,0x84,0xCE,0x7B,0xB1,0x94,0x58,0xCE,0xBD,0xF7,0xBD,0xF7,0x7D,0xF7,0x7D,0xF7,
    0x9D,0xF7,0x9D,0xF7,0x9D,0xF7,0x9D,0xF7,0x7D,0xF7,0x9D,0xF7,0x3B,0xE7,0x16,0xC6,
    0x57,0xCE,0x37,0xCE,0xD7,0xCD,0x00,0x00,0xFF,0xFF,0x00,0x00,0x00,0x00,0x00,0x00,
    0x00,0x00,0x00,0x00,0x00,0x00,0x55,0xAD,0x00,0x00,0x37,0xCE,0x78,0xD6,0x37,0xCE,
    0x57,0xCE,0x7D,0xF7,0x9D,0xF7,0x9D,0xF7,0x9D,0xF7,0x9D,0xF7,0x9D,0xF7,0x9D,0xF7,
    0x9D,0xF7,0x9D,0xF7,0x7D,0xF7,0x9D,0xF7,0xDE,0xFF,0x5C,0xEF,0x95,0xB5,0x2F,0x84,
    0xAD,0x73,0x74,0xB5,0xBE,0xFF,0x7D,0xF7,0x9D,0xF7,0x9D,0xF7,0x9D,0xF7,0x9D,0xF7,
    0x9D,0xF7,0x9D,0xF7,0x9D,0xF7,0x7D,0xF7,0xBD,0xF7,0xBE,0xFF,0x7C,0xEF,0x9D,0xF7,
    0x9D,0xF7,0x9D,0xF7,0x9D,0xF7,0x9D,0xF7,0x9D,0xF7,0x9D,0xF7,0x9D,0xF7,0x9D,0xF7,
    0x9D,0xF7,0x9D,0xF7,0x9D,0xF7,0x9D,0xF7,0x9D,0xF7,0x9D,0xF7,0x9D,0xF7,0x9D,0xF7,
    0x9D,0xF7,0x9D,0xF7,0x9D,0xF7,0x9D,0xF7,0x9D,0xF7,0x9D,0xF7,0x9D,0xF7,0x9D,0xF7,
    0x9D,0xF7,0x9D,0xF7,0x9D,0xF7,0x9D,0xF7,0x9D,0xF7,0x9D,0xF7,0x9D,0xF7,0x9D,0xF7,
    0x9D,0xF7,0x9D,0xF7,0x9D,0xF7,0x9D,0xF7,0x9D,0xF7,0x9D,0xF7,0x9D,0xF7,0x9D,0xF7,
    0x9D,0xF7,0x7D,0xF7,0x7D,0xF7,0xFF,0xFF,0x17,0xC6,0xA7,0x31,0x62,0x08,0x04,0x19,
    0x04,0x21,0xC3,0x10,0x83,0x10,0xEF,0x7B,0x9D,0xF7,0xFF,0xFF,0x54,0xAD,0x8D,0x73,
    0x50,0x8C,0xF6,0xBD,0x7C,0xEF,0xBE,0xFF,0x7D,0xF7,0x7D,0xF7,0x9D,0xF7,0x9D,0xF7,
    0x9D,0xF7,0x9D,0xF7,0x9D,0xF7,0x9D,0xF7,0x9D,0xF7,0x9D,0xF7,0x9D,0xF7,0x78,0xD6,
    0x17,0xC6,0x98,0xD6,0x37,0xC6,0x00,0x00,0xF7,0xBD,0x00,0x00,0x00,0x00,0x00,0x00,
    0x00,0x00,0x00,0x00,0x00,0x00,0xF7,0xBD,0x00,0x00,0x37,0xCE,0x98,0xD6,0x16,0xC6,
    0xB9,0xDE,0x9D,0xF7,0x7D,0xF7,0x9D,0xF7,0x9D,0xF7,0x9D,0xF7,0x9D,0xF7,0x9D,0xF7,
    0x9D,0xF7,0x9D,0xF7,0x9D,0xF7,0x9D,0xF7,0x7D,0xF7,0x9D,0xF7,0xBE,0xFF,0xDA,0xDE,
    0x13,0xA5,0xDA,0xDE,0xBD,0xF7,0x7D,0xF7,0x9D,0xF7,0x9D,0xF7,0x9D,0xF7,0x9D,0xF7,
    0x9D,0xF7,0x9D,0xF7,0x7D,0xF7,0xBE,0xFF,0xBA,0xD6,0x58,0xCE,0xFF,0xFF,0x7D,0xF7,
    0x7D,0xF7,0x9D,0xF7,0x9D,0xF7,0x9D,0xF7,0x9D,0xF7,0x9D,0xF7,0x9D,0xF7,0x9D,0xF7,
    0x9D,0xF7,0x9D,0xF7,0x9D,0xF7,0x9D,0xF7,0x9D,0xF7,0x9D,0xF7,0x9D,0xF7,0x9D,0xF7,
    0x9D,0xF7,0x9D,0xF7,0x9D,0xF7,0x9D,0xF7,0x9D,0xF7,0x9D,0xF7,0x9D,0xF7,0x9D,0xF7,
    0x9D,0xF7,0x9D,0xF7,0x9D,0xF7,0x9D,0xF7,0x9D,0xF7,0x9D,0xF7,0x9D,0xF7,0x9D,0xF7,
    0x9D,0xF7,0x9D,0xF7,0x9D,0xF7,0x9D,0xF7,0x9D,0xF7,0x9D,0xF7,0x9D,0xF7,0x9D,0xF7,
    0x7C,0xEF,0xBE,0xFF,0xDE,0xFF,0x71,0x8C,0xA3,0x10,0xA3,0x10,0x04,0x21,0x04,0x19,
    0x82,0x08,0x66,0x29,0xB6,0xB5,0xFF,0xFF,0x9D,0xF7,0x9D,0xF7,0x1B,0xE7,0x74,0xB5,
    0x1B,0xE7,0xDE,0xFF,0x9D,0xF7,0x7D,0xF7,0x9D,0xF7,0x9D,0xF7,0x9D,0xF7,0x9D,0xF7,
    0x9D,0xF7,0x9D,0xF7,0x9D,0xF7,0x9D,0xF7,0x9D,0xF7,0x7D,0xF7,0x9D,0xF7,0xFA,0xDE,
    0x16,0xC6,0x98,0xD6,0x17,0xC6,0x00,0x00,0xFF,0xFF,0x00,0x00,0x00,0x00,0x00,0x00,
    0x00,0x00,0x00,0x00,0xE0,0xFF,0x00,0x00,0x38,0xC6,0x17,0xC6,0x57,0xCE,0x17,0xC6,
    0x3B,0xEF,0x9D,0xF7,0x7D,0xF7,0x9D,0xF7,0x9D,0xF7,0x9D,0xF7,0x9D,0xF7,0x9D,0xF7,
    0x9D,0xF7,0x9D,0xF7,0x9D,0xF7,0x9D,0xF7,0x9D,0xF7,0x7D,0xF7,0x7D,0xF7,0xBD,0xF7,
    0xBD,0xF7,0x9D,0xF7,0x9D,0xF7,0x9D,0xF7,0x9D,0xF7,0x9D,0xF7,0x9D,0xF7,0x9D,0xF7,
    0x9D,0xF7,0x9D,0xF7,0x7D,0xF7,0xBE,0xFF,0x6A,0x4A,0xC3,0x10,0xD3,0x9C,0xDE,0xFF,
    0xBE,0xFF,0x7C,0xEF,0x9D,0xF7,0x9D,0xF7,0x9D,0xF7,0x9D,0xF7,0x9D,0xF7,0x9D,0xF7,
    0x9D,0xF7,0x9D,0xF7,0x9D,0xF7,0x9D,0xF7,0x9D,0xF7,0x9D,0xF7,0x9D,0xF7,0x9D,0xF7,
    0x9D,0xF7,0x9D,0xF7,0x9D,0xF7,0x9D,0xF7,0x9D,0xF7,0x9D,0xF7,0x9D,0xF7,0x9D,0xF7,
    0x9D,0xF7,0x9D,0xF7,0x9D,0xF7,0x9D,0xF7,0x9D,0xF7,0x9D,0xF7,0x9D,0xF7,0x9D,0xF7,
    0x9D,0xF7,0x9D,0xF7,0x9D,0xF7,0x9D,0xF7,0x9D,0xF7,0x9D,0xF7,0x7D,0xF7,0x7C,0xEF,
    0xFE,0xFF,0xFB,0xDE,0xAA,0x52,0x62,0x08,0xE4,0x18,0x04,0x21,0xE4,0x18,0x62,0x08,
    0xCB,0x5A,0x1B,0xE7,0xFE,0xFF,0x7C,0xEF,0x7D,0xF7,0x9D,0xF7,0x9D,0xF7,0xBE,0xFF,
    0x9D,0xF7,0x7D,0xF7,0x9D,0xF7,0x9D,0xF7,0x9D,0xF7,0x9D,0xF7,0x9D,0xF7,0x9D,0xF7,
    0x9D,0xF7,0x9D,0xF7,0x9D,0xF7,0x9D,0xF7,0x9D,0xF7,0x9D,0xF7,0x9D,0xF7,0x5C,0xEF,
    0x37,0xCE,0x37,0xCE,0x37,0xCE,0x38,0xCE,0x00,0x00,0xEF,0x7B,0x00,0x00,0x00,0x00,
    0x00,0x00,0x00,0x00,0x55,0xAD,0x00,0x00,0x37,0xCE,0x78,0xD6,0x17,0xC6,0x78,0xD6,
    0x9D,0xF7,0x9D,0xF7,0x9D,0xF7,0x9D,0xF7,0x9D,0xF7,0x9D,0xF7,0x9D,0xF7,0x9D,0xF7,
    0x9D,0xF7,0x9D,0xF7,0x9D,0xF7,0x9D,0xF7,0x9D,0xF7,0x9D,0xF7,0x9D,0xF7,0x7D,0xF7,
    0x7D,0xF7,0x9D,0xF7,0x9D,0xF7,0x9D,0xF7,0x9D,0xF7,0x9D,0xF7,0x9D,0xF7,0x9D,0xF7,
    0x9D,0xF7,0x7C,0xEF,0xFF,0xFF,0x71,0x8C,0x62,0x08,0xE4,0x18,0x62,0x08,0xCB,0x5A,
    0xFA,0xDE,0xFF,0xFF,0x7C,0xEF,0x7D,0xF7,0x9D,0xF7,0x9D,0xF7,0x9D,0xF7,0x9D,0xF7,
    0x9D,0xF7,0x9D,0xF7,0x9D,0xF7,0x9D,0xF7,0x9D,0xF7,0x9D,0xF7,0x9D,0xF7,0x9D,0xF7,
    0x9D,0xF7,0x9D,0xF7,0x9D,0xF7,0x9D,0xF7,0x9D,0xF7,0x9D,0xF7,0x9D,0xF7,0x9D,0xF7,
    0x9D,0xF7,0x9D,0xF7,0x9D,0xF7,0x9D,0xF7,0x9D,0xF7,0x9D,0xF7,0x9D,0xF7,0x9D,0xF7,
    0x9D,0xF7,0x9D,0xF7,0x9D,0xF7,0x9D,0xF7,0x9D,0xF7,0x7C,0xEF,0x9D,0xF7,0xFF,0xFF,
    0x95,0xB5,0x45,0x21,0x82,0x08,0x04,0x19,0x04,0x21,0xA3,0x10,0xC3,0x10,0x91,0x94,
    0xDE,0xFF,0xBD,0xF7,0x7C,0xEF,0x9D,0xF7,0x9D,0xF7,0x9D,0xF7,0x9D,0xF7,0x7D,0xF7,
    0x7D,0xF7,0x9D,0xF7,0x9D,0xF7,0x9D,0xF7,0x9D,0xF7,0x9D,0xF7,0x9D,0xF7,0x9D,0xF7,
    0x9D,0xF7,0x9D,0xF7,0x9D,0xF7,0x9D,0xF7,0x9D,0xF7,0x9D,0xF7,0x9D,0xF7,0x9D,0xF7,
    0x98,0xD6,0x16,0xC6,0x98,0xD6,0x17,0xCE,0x00,0x00,0xF7,0xBD,0x00,0x00,0x00,0x00,
    0x00,0x00,0x00,0x00,0xF7,0xBD,0x00,0x00,0x17,0xCE,0xB9,0xDE,0x16,0xC6,0xDA,0xDE,
    0x9D,0xF7,0x7D,0xF7,0x9D,0xF7,0x9D,0xF7,0x9D,0xF7,0x9D,0xF7,0x9D,0xF7,0x9D,0xF7,
    0x9D,0xF7,0x9D,0xF7,0x9D,0xF7,0x9D,0xF7,0x9D,0xF7,0x9D,0xF7,0x9D,0xF7,0x9D,0xF7,
    0x9D,0xF7,0x9D,0xF7,0x9D,0xF7,0x9D,0xF7,0x9D,0xF7,0x9D,0xF7,0x9D,0xF7,0x9D,0xF7,
    0x7C,0xEF,0xFE,0xFF,0x58,0xCE,0xC3,0x18,0xE4,0x18,0xE4,0x18,0x04,0x19,0x82,0x08,
    0x25,0x21,0x54,0xAD,0xFE,0xFF,0xBD,0xF7,0x7C,0xEF,0x9D,0xF7,0x9D,0xF7,0x9D,0xF7,
    0x9D,0xF7,0x9D,0xF7,0x9D,0xF7,0x9D,0xF7,0x9D,0xF7,0x9D,0xF7,0x9D,0xF7,0x9D,0xF7,
    0x9D,0xF7,0x9D,0xF7,0x9D,0xF7,0x9D,0xF7,0x9D,0xF7,0x9D,0xF7,0x9D,0xF7,0x9D,0xF7,
    0x9D,0xF7,0x9D,0xF7,0x9D,0xF7,0x9D,0xF7,0x9D,0xF7,0x9D,0xF7,0x9D,0xF7,0x9D,0xF7,
    0x9D,0xF7,0x9D,0xF7,0x9D,0xF7,0x9D,0xF7,0x7C,0xEF,0xDE,0xFF,0x9D,0xF7,0xCF,0x7B,
    0x82,0x08,0xC3,0x10,0x04,0x21,0x04,0x19,0x62,0x08,0xC7,0x39,0x38,0xC6,0xFF,0xFF,
    0x7D,0xF7,0x7D,0xF7,0x9D,0xF7,0x9D,0xF7,0x9D,0xF7,0x9D,0xF7,0x9D,0xF7,0x9D,0xF7,
    0x9D,0xF7,0x9D,0xF7,0x9D,0xF7,0x9D,0xF7,0x9D,0xF7,0x9D,0xF7,0x9D,0xF7,0x9D,0xF7,
    0x9D,0xF7,0x9D,0xF7,0x9D,0xF7,0x9D,0xF7,0x9D,0xF7,0x9D,0xF7,0x7D,0xF7,0x9D,0xF7,
    0xFA,0xE6,0x16,0xC6,0x98,0xD6,0x37,0xCE,0x00,0x00,0xFF,0xFF,0x00,0x00,0x00,0x00,
    0x00,0x00,0x00,0x00,0x00,0x00,0xFF,0xFB,0x17,0xCE,0x78,0xD6,0x16,0xC6,0x3B,0xE7,
    0x9D,0xF7,0x7D,0xF7,0x9D,0xF7,0x9D,0xF7,0x9D,0xF7,0x9D,0xF7,0x9D,0xF7,0x9D,0xF7,
    0x9D,0xF7,0x9D,0xF7,0x9D,0xF7,0x9D,0xF7,0x9D,0xF7,0x9D,0xF7,0x9D,0xF7,0x9D,0xF7,
    0x9D,0xF7,0x9D,0xF7,0x9D,0xF7,0x9D,0xF7,0x9D,0xF7,0x9D,0xF7,0x9D,0xF7,0x7D,0xF7,
    0x9D,0xF7,0x3C,0xE7,0x08,0x3A,0xA3,0x10,0x04,0x19,0xE4,0x18,0xE4,0x18,0x04,0x19,
    0xC3,0x18,0x82,0x08,0x2C,0x63,0x1B,0xE7,0xFE,0xFF,0x7C,0xEF,0x7D,0xF7,0x9D,0xF7,
    0x9D,0xF7,0x9D,0xF7,0x9D,0xF7,0x9D,0xF7,0x9D,0xF7,0x9D,0xF7,0x9D,0xF7,0x9D,0xF7,
    0x9D,0xF7,0x9D,0xF7,0x9D,0xF7,0x9D,0xF7,0x9D,0xF7,0x9D,0xF7,0x9D,0xF7,0x9D,0xF7,
    0x9D,0xF7,0x9D,0xF7,0x9D,0xF7,0x9D,0xF7,0x9D,0xF7,0x9D,0xF7,0x9D,0xF7,0x9D,0xF7,
    0x9D,0xF7,0x9D,0xF7,0x7D,0xF7,0x7D,0xEF,0xFF,0xFF,0x99,0xD6,0x28,0x42,0x62,0x08,
    0xE4,0x18,0x04,0x21,0xC3,0x18,0x62,0x08,0x4D,0x6B,0x5C,0xEF,0xDE,0xFF,0x7C,0xEF,
    0x9D,0xF7,0x9D,0xF7,0x9D,0xF7,0x9D,0xF7,0x9D,0xF7,0x9D,0xF7,0x9D,0xF7,0x9D,0xF7,
    0x9D,0xF7,0x9D,0xF7,0x9D,0xF7,0x9D,0xF7,0x9D,0xF7,0x9D,0xF7,0x9D,0xF7,0x9D,0xF7,
    0x9D,0xF7,0x9D,0xF7,0x9D,0xF7,0x9D,0xF7,0x9D,0xF7,0x9D,0xF7,0x9D,0xF7,0x9D,0xF7,
    0x5C,0xEF,0x37,0xCE,0x57,0xCE,0x37,0xCE,0x79,0xDE,0x00,0x00,0xFF,0xFF,0x00,0x00,
    0x00,0x00,0xEF,0xFF,0x00,0x00,0x17,0xCE,0x57,0xCE,0x37,0xCE,0x57,0xCE,0x7D,0xF7,
    0x9D,0xF7,0x9D,0xF7,0x9D,0xF7,0x9D,0xF7,0x9D,0xF7,0x9D,0xF7,0x9D,0xF7,0x9D,0xF7,
    0x9D,0xF7,0x9D,0xF7,0x9D,0xF7,0x9D,0xF7,0x9D,0xF7,0x9D,0xF7,0x9D,0xF7,0x9D,0xF7,
    0x9D,0xF7,0x9D,0xF7,0x9D,0xF7,0x9D,0xF7,0x9D,0xF7,0x9D,0xF7,0x9D,0xF7,0x7D,0xF7,
    0xDE,0xFF,0xD7,0xBD,0xA3,0x10,0xA3,0x10,0x04,0x19,0xE4,0x18,0xE4,0x18,0xE4,0x18,
    0xE4,0x18,0x04,0x19,0x62,0x08,0x86,0x29,0x95,0xB5,0xFE,0xFF,0x9D,0xF7,0x7C,0xEF,
    0x9D,0xF7,0x9D,0xF7,0x9D,0xF7,0x9D,0xF7,0x9D,0xF7,0x9D,0xF7,0x9D,0xF7,0x9D,0xF7,
    0x9D,0xF7,0x9D,0xF7,0x9D,0xF7,0x9D,0xF7,0x9D,0xF7,0x9D,0xF7,0x9D,0xF7,0x9D,0xF7,
    0x9D,0xF7,0x9D,0xF7,0x9D,0xF7,0x9D,0xF7,0x9D,0xF7,0x9D,0xF7,0x9D,0xF7,0x9D,0xF7,
    0x9D,0xF7,0x7C,0xEF,0x9D,0xF7,0xFE,0xFF,0xF3,0x9C,0xE4,0x18,0x83,0x10,0x04,0x19,
    0x04,0x21,0x82,0x10,0x04,0x21,0x14,0xA5,0xFE,0xFF,0x9D,0xF7,0x7C,0xEF,0x9D,0xF7,
    0x9D,0xF7,0x9D,0xF7,0x9D,0xF7,0x9D,0xF7,0x9D,0xF7,0x9D,0xF7,0x9D,0xF7,0x9D,0xF7,
    0x9D,0xF7,0x9D,0xF7,0x9D,0xF7,0x9D,0xF7,0x9D,0xF7,0x9D,0xF7,0x9D,0xF7,0x9D,0xF7,
    0x9D,0xF7,0x9D,0xF7,0x9D,0xF7,0x9D,0xF7,0x9D,0xF7,0x9D,0xF7,0x9D,0xF7,0x9D,0xF7,
    0x9D,0xF7,0x78,0xD6,0x17,0xC6,0x78,0xD6,0x37,0xCE,0x00,0x00,0x55,0xAD,0x00,0x00,
    0x00,0x00,0xF7,0xBD,0x00,0x00,0x37,0xC6,0x98,0xD6,0x16,0xC6,0x99,0xD6,0x9D,0xF7,
    0x7D,0xF7,0x9D,0xF7,0x9D,0xF7,0x9D,0xF7,0x9D,0xF7,0x9D,0xF7,0x9D,0xF7,0x9D,0xF7,
    0x9D,0xF7,0x9D,0xF7,0x9D,0xF7,0x9D,0xF7,0x9D,0xF7,0x9D,0xF7,0x9D,0xF7,0x9D,0xF7,
    0x9D,0xF7,0x9D,0xF7,0x9D,0xF7,0x9D,0xF7,0x9D,0xF7,0x9D,0xF7,0x9D,0xF7,0x9D,0xF7,
    0x7D,0xF7,0xBE,0xFF,0x99,0xD6,0x49,0x4A,0x62,0x08,0xE4,0x18,0x04,0x19,0xE4,0x18,
    0xE4,0x18,0xE4,0x18,0x04,0x19,0xC3,0x10,0x82,0x08,0x8E,0x73,0x7C,0xEF,0xDE,0xFF,
    0x7C,0xEF,0x7D,0xF7,0x9D,0xF7,0x9D,0xF7,0x9D,0xF7,0x9D,0xF7,0x9D,0xF7,0x9D,0xF7,
    0x9D,0xF7,0x9D,0xF7,0x9D,0xF7,0x9D,0xF7,0x9D,0xF7,0x9D,0xF7,0x9D,0xF7,0x9D,0xF7,
    0x9D,0xF7,0x9D,0xF7,0x9D,0xF7,0x9D,0xF7,0x9D,0xF7,0x9D,0xF7,0x9D,0xF7,0x9D,0xF7,
    0x7C,0xEF,0xDE,0xFF,0x5C,0xEF,0x2C,0x63,0x62,0x08,0xC4,0x18,0x04,0x21,0xE4,0x18,
    0x62,0x08,0x49,0x42,0x99,0xD6,0xFF,0xFF,0x7C,0xEF,0x7D,0xF7,0x9D,0xF7,0x9D,0xF7,
    0x9D,0xF7,0x9D,0xF7,0x9D,0xF7,0x9D,0xF7,0x9D,0xF7,0x9D,0xF7,0x9D,0xF7,0x9D,0xF7,
    0x9D,0xF7,0x9D,0xF7,0x9D,0xF7,0x9D,0xF7,0x9D,0xF7,0x9D,0xF7,0x9D,0xF7,0x9D,0xF7,
    0x9D,0xF7,0x9D,0xF7,0x9D,0xF7,0x9D,0xF7,0x9D,0xF7,0x9D,0xF7,0x9D,0xF7,0x7D,0xF7,
    0x9D,0xF7,0xD9,0xDE,0x16,0xC6,0xB9,0xDE,0x37,0xCE,0x00,0x00,0xF7,0xBD,0x00,0x00,
    0x00,0x00,0xF7,0xBD,0x00,0x00,0x37,0xCE,0x98,0xD6,0x16,0xC6,0xFA,0xE6,0x9D,0xF7,
    0x7D,0xF7,0x9D,0xF7,0x9D,0xF7,0x9D,0xF7,0x9D,0xF7,0x9D,0xF7,0x9D,0xF7,0x9D,0xF7,
    0x9D,0xF7,0x9D,0xF7,0x9D,0xF7,0x9D,0xF7,0x9D,0xF7,0x9D,0xF7,0x9D,0xF7,0x9D,0xF7,
    0x9D,0xF7,0x9D,0xF7,0x9D,0xF7,0x9D,0xF7,0x9D,0xF7,0x9D,0xF7,0x9D,0xF7,0x9D,0xF7,
    0x9D,0xF7,0x7D,0xF7,0xDE,0xFF,0xBD,0xF7,0x30,0x84,0xC3,0x10,0xA3,0x10,0x04,0x19,
    0xE4,0x18,0xE4,0x18,0xE4,0x18,0xE4,0x18,0xE4,0x18,0x62,0x08,0xA7,0x31,0xF7,0xBD,
    0xFF,0xFF,0x9D,0xF7,0x7C,0xEF,0x9D,0xF7,0x9D,0xF7,0x9D,0xF7,0x9D,0xF7,0x9D,0xF7,
    0x9D,0xF7,0x9D,0xF7,0x9D,0xF7,0x9D,0xF7,0x9D,0xF7,0x9D,0xF7,0x9D,0xF7,0x9D,0xF7,
    0x9D,0xF7,0x9D,0xF7,0x9D,0xF7,0x9D,0xF7,0x9D,0xF7,0x9D,0xF7,0x7D,0xF7,0x7D,0xF7,
    0xFF,0xFF,0x17,0xC6,0xA7,0x31,0x62,0x08,0x04,0x19,0x04,0x21,0xC3,0x10,0x83,0x10,
    0xEF,0x7B,0x9D,0xF7,0xDE,0xFF,0x7C,0xEF,0x9D,0xF7,0x9D,0xF7,0x9D,0xF7,0x9D,0xF7,
    0x9D,0xF7,0x9D,0xF7,0x9D,0xF7,0x9D,0xF7,0x9D,0xF7,0x9D,0xF7,0x9D,0xF7,0x9D,0xF7,
    0x9D,0xF7,0x9D,0xF7,0x9D,0xF7,0x9D,0xF7,0x9D,0xF7,0x9D,0xF7,0x9D,0xF7,0x9D,0xF7,
    0x9D,0xF7,0x9D,0xF7,0x9D,0xF7,0x9D,0xF7,0x9D,0xF7,0x9D,0xF7,0x9D,0xF7,0x7D,0xF7,
    0x9D,0xF7,0x1B,0xE7,0x16,0xC6,0x98,0xD6,0x37,0xCE,0x00,0x00,0xFF,0xFF,0x00,0x00,
    0x00,0x00,0xFF,0xFF,0x00,0x00,0x37,0xCE,0x78,0xD6,0x17,0xC6,0x3B,0xEF,0x9D,0xF7,
    0x7D,0xF7,0x9D,0xF7,0x9D,0xF7,0x9D,0xF7,0x9D,0xF7,0x9D,0xF7,0x9D,0xF7,0x9D,0xF7,
    0x9D,0xF7,0x9D,0xF7,0x9D,0xF7,0x9D,0xF7,0x9D,0xF7,0x9D,0xF7,0x9D,0xF7,0x9D,0xF7,
    0x9D,0xF7,0x9D,0xF7,0x9D,0xF7,0x9D,0xF7,0x9D,0xF7,0x9D,0xF7,0x9D,0xF7,0x9D,0xF7,
    0x9D,0xF7,0x9D,0xF7,0x7D,0xEF,0x9D,0xF7,0xFF,0xFF,0x38,0xC6,0xE8,0x39,0x62,0x08,
    0xE4,0x18,0xE4,0x18,0xE4,0x18,0xE4,0x18,0xE4,0x18,0x04,0x19,0xA3,0x10,0xA3,0x10,
    0xEF,0x7B,0x9D,0xF7,0xDE,0xFF,0x7C,0xEF,0x9D,0xF7,0x9D,0xF7,0x9D,0xF7,0x9D,0xF7,
    0x9D,0xF7,0x9D,0xF7,0x9D,0xF7,0x9D,0xF7,0x9D,0xF7,0x9D,0xF7,0x9D,0xF7,0x9D,0xF7,
    0x9D,0xF7,0x9D,0xF7,0x9D,0xF7,0x9D,0xF7,0x9D,0xF7,0x7C,0xEF,0xBE,0xFF,0xDE,0xFF,
    0x71,0x8C,0xA3,0x10,0xA3,0x10,0x04,0x21,0x04,0x19,0x82,0x08,0x66,0x29,0xB6,0xB5,
    0xFF,0xFF,0x9D,0xF7,0x7D,0xEF,0x9D,0xF7,0x9D,0xF7,0x9D,0xF7,0x9D,0xF7,0x9D,0xF7,
    0x9D,0xF7,0x9D,0xF7,0x9D,0xF7,0x9D,0xF7,0x9D,0xF7,0x9D,0xF7,0x9D,0xF7,0x9D,0xF7,
    0x9D,0xF7,0x9D,0xF7,0x9D,0xF7,0x9D,0xF7,0x9D,0xF7,0x9D,0xF7,0x9D,0xF7,0x9D,0xF7,
    0x9D,0xF7,0x9D,0xF7,0x9D,0xF7,0x9D,0xF7,0x9D,0xF7,0x9D,0xF7,0x9D,0xF7,0x9D,0xF7,
    0x9D,0xF7,0x5C,0xEF,0x37,0xCE,0x57,0xCE,0x37,0xCE,0xD7,0xD5,0x00,0x00,0xFF,0xFF,
    0xFF,0xFF,0x00,0x00,0x38,0xD6,0x37,0xCE,0x37,0xCE,0x37,0xCE,0x7C,0xEF,0x9D,0xF7,
    0x9D,0xF7,0x9D,0xF7,0x9D,0xF7,0x9D,0xF7,0x9D,0xF7,0x9D,0xF7,0x9D,0xF7,0x9D,0xF7,
    0x9D,0xF7,0x9D,0xF7,0x9D,0xF7,0x9D,0xF7,0x9D,0xF7,0x9D,0xF7,0x9D,0xF7,0x9D,0xF7,
    0x9D,0xF7,0x9D,0xF7,0x9D,0xF7,0x9D,0xF7,0x9D,0xF7,0x9D,0xF7,0x9D,0xF7,0x9D,0xF7,
    0x9D,0xF7,0x9D,0xF7,0x9D,0xF7,0x7D,0xF7,0x7C,0xEF,0xDE,0xFF,0x9D,0xF7,0xEF,0x7B,
    0xA3,0x10,0xA3,0x10,0x04,0x19,0xE4,0x18,0xE4,0x18,0xE4,0x18,0xE4,0x18,0xE4,0x18,
    0x62,0x08,0x08,0x42,0x58,0xCE,0xFF,0xFF,0x7D,0xF7,0x7D,0xF7,0x9D,0xF7,0x9D,0xF7,
    0x9D,0xF7,0x9D,0xF7,0x9D,0xF7,0x7D,0xF7,0x7D,0xF7,0x9D,0xF7,0x9D,0xF7,0x9D,0xF7,
    0x9D,0xF7,0x9D,0xF7,0x9D,0xF7,0x7D,0xF7,0x7C,0xEF,0xFE,0xFF,0xFB,0xDE,0xAA,0x52,
    0x62,0x08,0xE4,0x18,0x04,0x21,0xE4,0x18,0x62,0x08,0xCB,0x5A,0x1B,0xE7,0xFE,0xFF,
    0x7C,0xEF,0x7D,0xF7,0x9D,0xF7,0x9D,0xF7,0x9D,0xF7,0x9D,0xF7,0x9D,0xF7,0x9D,0xF7,
    0x9D,0xF7,0x9D,0xF7,0x9D,0xF7,0x9D,0xF7,0x9D,0xF7,0x9D,0xF7,0x9D,0xF7,0x9D,0xF7,
    0x9D,0xF7,0x9D,0xF7,0x9D,0xF7,0x9D,0xF7,0x9D,0xF7,0x9D,0xF7,0x9D,0xF7,0x9D,0xF7,
    0x9D,0xF7,0x9D,0xF7,0x9D,0xF7,0x9D,0xF7,0x9D,0xF7,0x9D,0xF7,0x9D,0xF7,0x9D,0xF7,
    0x9D,0xF7,0x9D,0xF7,0x58,0xCE,0x37,0xCE,0x57,0xCE,0x17,0xCE,0x00,0x00,0xFF,0xFF,
    0xF5,0xFF,0x00,0x00,0x37,0xCE,0x58,0xCE,0x16,0xC6,0x78,0xD6,0x9D,0xF7,0x9D,0xF7,
    0x9D,0xF7,0x9D,0xF7,0x9D,0xF7,0x9D,0xF7,0x9D,0xF7,0x9D,0xF7,0x9D,0xF7,0x9D,0xF7,
    0x9D,0xF7,0x9D,0xF7,0x9D,0xF7,0x9D,0xF7,0x9D,0xF7,0x9D,0xF7,0x9D,0xF7,0x9D,0xF7,
    0x9D,0xF7,0x9D,0xF7,0x9D,0xF7,0x9D,0xF7,0x9D,0xF7,0x9D,0xF7,0x9D,0xF7,0x9D,0xF7,
    0x9D,0xF7,0x9D,0xF7,0x9D,0xF7,0x9D,0xF7,0x9D,0xF7,0x7C,0xEF,0x9D,0xF7,0xFF,0xFF,
    0xD6,0xBD,0xA7,0x31,0x62,0x08,0xE4,0x18,0xE4,0x18,0xE4,0x18,0xE4,0x18,0xE4,0x18,
    0x04,0x19,0xA3,0x10,0xC3,0x10,0x71,0x8C,0xBE,0xFF,0xDE,0xFF,0x7C,0xEF,0x9D,0xF7,
    0x9D,0xF7,0x9D,0xF7,0x9D,0xF7,0xDE,0xF7,0xDE,0xF7,0x9D,0xF7,0x9D,0xF7,0x9D,0xF7,
    0x9D,0xF7,0x9D,0xF7,0x7C,0xEF,0x9D,0xF7,0xFF,0xFF,0x95,0xB5,0x45,0x21,0x82,0x08,
    0x04,0x19,0x04,0x21,0xA3,0x10,0xC3,0x10,0x91,0x94,0xDE,0xFF,0xBD,0xF7,0x7C,0xEF,
    0x9D,0xF7,0x9D,0xF7,0x9D,0xF7,0x9D,0xF7,0x9D,0xF7,0x9D,0xF7,0x9D,0xF7,0x9D,0xF7,
    0x9D,0xF7,0x9D,0xF7,0x9D,0xF7,0x9D,0xF7,0x9D,0xF7,0x9D,0xF7,0x9D,0xF7,0x9D,0xF7,
    0x9D,0xF7,0x9D,0xF7,0x9D,0xF7,0x9D,0xF7,0x9D,0xF7,0x9D,0xF7,0x9D,0xF7,0x9D,0xF7,
    0x9D,0xF7,0x9D,0xF7,0x9D,0xF7,0x9D,0xF7,0x9D,0xF7,0x9D,0xF7,0x9D,0xF7,0x9D,0xF7,
    0x9D,0xF7,0x9D,0xF7,0x99,0xD6,0x16,0xC6,0x98,0xD6,0x37,0xCE,0x00,0x00,0xF7,0xBD,
    0xF7,0xBD,0x00,0x00,0x17,0xCE,0x98,0xD6,0x16,0xC6,0x99,0xD6,0x9D,0xF7,0x7D,0xF7,
    0x9D,0xF7,0x9D,0xF7,0x9D,0xF7,0x9D,0xF7,0x9D,0xF7,0x9D,0xF7,0x9D,0xF7,0x9D,0xF7,
    0x9D,0xF7,0x9D,0xF7,0x9D,0xF7,0x9D,0xF7,0x9D,0xF7,0x9D,0xF7,0x9D,0xF7,0x9D,0xF7,
    0x9D,0xF7,0x9D,0xF7,0x9D,0xF7,0x9D,0xF7,0x9D,0xF7,0x9D,0xF7,0x9D,0xF7,0x9D,0xF7,
    0x9D,0xF7,0x9D,0xF7,0x9D,0xF7,0x9D,0xF7,0x9D,0xF7,0x9D,0xF7,0x7D,0xF7,0x7C,0xEF,
    0xFE,0xFF,0x5C,0xEF,0x6D,0x6B,0x83,0x10,0xC3,0x10,0x04,0x19,0xE4,0x18,0xE4,0x18,
    0xE4,0x18,0x04,0x19,0xE4,0x18,0x62,0x08,0x69,0x4A,0x99,0xD6,0xFF,0xFF,0x7D,0xF7,
    0x7D,0xF7,0x9D,0xF7,0x9D,0xF7,0x58,0xEE,0x17,0xE6,0x5C,0xF7,0x9D,0xF7,0x9D,0xF7,
    0x9D,0xF7,0x7C,0xEF,0xDE,0xFF,0x9D,0xF7,0xCF,0x7B,0x82,0x08,0xC3,0x10,0x04,0x21,
    0x04,0x19,0x62,0x08,0xC7,0x39,0x38,0xC6,0xFF,0xFF,0x7D,0xF7,0x7D,0xF7,0x9D,0xF7,
    0x9D,0xF7,0x9D,0xF7,0x9D,0xF7,0x9D,0xF7,0x9D,0xF7,0x9D,0xF7,0x9D,0xF7,0x9D,0xF7,
    0x9D,0xF7,0x9D,0xF7,0x9D,0xF7,0x9D,0xF7,0x9D,0xF7,0x9D,0xF7,0x9D,0xF7,0x9D,0xF7,
    0x9D,0xF7,0x9D,0xF7,0x9D,0xF7,0x9D,0xF7,0x9D,0xF7,0x9D,0xF7,0x9D,0xF7,0x9D,0xF7,
    0x9D,0xF7,0x9D,0xF7,0x9D,0xF7,0x9D,0xF7,0x9D,0xF7,0x9D,0xF7,0x9D,0xF7,0x9D,0xF7,
    0x7D,0xF7,0x9D,0xF7,0xDA,0xDE,0x16,0xC6,0xB9,0xDE,0x37,0xCE,0x00,0x00,0x73,0xCE,
    0x73,0xCE,0x00,0x00,0x37,0xCE,0xB9,0xDE,0x16,0xC6,0xDA,0xDE,0x9D,0xF7,0x7D,0xF7,
    0x9D,0xF7,0x9D,0xF7,0x9D,0xF7,0x9D,0xF7,0x9D,0xF7,0x9D,0xF7,0x9D,0xF7,0x9D,0xF7,
    0x9D,0xF7,0x9D,0xF7,0x9D,0xF7,0x9D,0xF7,0x9D,0xF7,0x9D,0xF7,0x9D,0xF7,0x9D,0xF7,
    0x9D,0xF7,0x9D,0xF7,0x9D,0xF7,0x9D,0xF7,0x9D,0xF7,0x9D,0xF7,0x9D,0xF7,0x9D,0xF7,
    0x9D,0xF7,0x9D,0xF7,0x9D,0xF7,0x9D,0xF7,0x9D,0xF7,0x9D,0xF7,0x9D,0xF7,0x9D,0xF7,
    0x7C,0xEF,0x9D,0xF7,0xFF,0xFF,0x95,0xB5,0x66,0x29,0x62,0x08,0x04,0x19,0xE4,0x18,
    0xE4,0x18,0xE4,0x18,0xE4,0x18,0x04,0x19,0x82,0x08,0xE4,0x18,0xD2,0x9C,0xDE,0xFF,
    0xBD,0xFF,0x7C,0xEF,0x9D,0xF7,0xC9,0xCA,0xA5,0xC1,0xB9,0xEE,0xBE,0xF7,0x7D,0xF7,
    0x7D,0xEF,0xFF,0xFF,0x99,0xD6,0x28,0x42,0x62,0x08,0xE4,0x18,0x04,0x21,0xC3,0x18,
    0x62,0x08,0x4D,0x6B,0x5C,0xEF,0xDE,0xFF,0x7C,0xEF,0x9D,0xF7,0x9D,0xF7,0x9D,0xF7,
    0x9D,0xF7,0x9D,0xF7,0x9D,0xF7,0x9D,0xF7,0x9D,0xF7,0x9D,0xF7,0x9D,0xF7,0x9D,0xF7,
    0x9D,0xF7,0x9D,0xF7,0x9D,0xF7,0x9D,0xF7,0x9D,0xF7,0x9D,0xF7,0x9D,0xF7,0x9D,0xF7,
    0x9D,0xF7,0x9D,0xF7,0x9D,0xF7,0x9D,0xF7,0x9D,0xF7,0x9D,0xF7,0x9D,0xF7,0x9D,0xF7,
    0x9D,0xF7,0x9D,0xF7,0x9D,0xF7,0x9D,0xF7,0x9D,0xF7,0x9D,0xF7,0x9D,0xF7,0x9D,0xF7,
    0x7D,0xF7,0x9D,0xF7,0xFA,0xE6,0x16,0xC6,0x98,0xD6,0x37,0xCE,0x00,0x00,0xF7,0xBD,
    0xF7,0xBD,0x00,0x00,0x37,0xC6,0x98,0xD6,0x16,0xC6,0xFA,0xE6,0x9D,0xF7,0x7D,0xF7,
    0x9D,0xF7,0x9D,0xF7,0x9D,0xF7,0x9D,0xF7,0x9D,0xF7,0x9D,0xF7,0x9D,0xF7,0x9D,0xF7,
    0x9D,0xF7,0x9D,0xF7,0x9D,0xF7,0x9D,0xF7,0x9D,0xF7,0x9D,0xF7,0x9D,0xF7,0x9D,0xF7,
    0x9D,0xF7,0x9D,0xF7,0x9D,0xF7,0x9D,0xF7,0x9D,0xF7,0x9D,0xF7,0x9D,0xF7,0x9D,0xF7,
    0x9D,0xF7,0x9D,0xF7,0x9D,0xF7,0x9D,0xF7,0x9D,0xF7,0x9D,0xF7,0x9D,0xF7,0x9D,0xF7,
    0x9D,0xF7,0x7D,0xF7,0x7C,0xEF,0xFE,0xFF,0x1B,0xE7,0x0C,0x63,0x62,0x08,0xC3,0x18,
    0x04,0x19,0xE4,0x18,0xE4,0x18,0xE4,0x18,0x04,0x19,0xE4,0x18,0x62,0x08,0xAB,0x52,
    0xFA,0xDE,0xFF,0xFF,0x7C,0xEF,0xEA,0xCA,0x06,0xC2,0xBA,0xEE,0x9D,0xF7,0x9D,0xF7,
    0xFE,0xFF,0xF3,0x9C,0xE4,0x18,0x83,0x10,0x04,0x19,0x04,0x21,0x82,0x10,0x04,0x21,
    0x14,0xA5,0xFE,0xFF,0x9D,0xF7,0x7C,0xEF,0x9D,0xF7,0x9D,0xF7,0x9D,0xF7,0x9D,0xF7,
    0x9D,0xF7,0x9D,0xF7,0x9D,0xF7,0x9D,0xF7,0x9D,0xF7,0x9D,0xF7,0x9D,0xF7,0x9D,0xF7,
    0x9D,0xF7,0x9D,0xF7,0x9D,0xF7,0x9D,0xF7,0x9D,0xF7,0x9D,0xF7,0x9D,0xF7,0x9D,0xF7,
    0x9D,0xF7,0x9D,0xF7,0x9D,0xF7,0x9D,0xF7,0x9D,0xF7,0x9D,0xF7,0x9D,0xF7,0x9D,0xF7,
    0x9D,0xF7,0x9D,0xF7,0x9D,0xF7,0x9D,0xF7,0x9D,0xF7,0x9D,0xF7,0x9D,0xF7,0x9D,0xF7,
    0x7D,0xF7,0x9D,0xF7,0x3B,0xE7,0x17,0xC6,0x98,0xD6,0x37,0xCE,0x00,0x00,0xFF,0xFF,
    0xFF,0xFF,0x00,0x00,0x37,0xCE,0x98,0xD6,0x16,0xC6,0x3B,0xE7,0x9D,0xF7,0x7D,0xF7,
    0x9D,0xF7,0x9D,0xF7,0x9D,0xF7,0x9D,0xF7,0x9D,0xF7,0x9D,0xF7,0x9D,0xF7,0x9D,0xF7,
    0x9D,0xF7,0x9D,0xF7,0x9D,0xF7,0x9D,0xF7,0x9D,0xF7,0x9D,0xF7,0x9D,0xF7,0x9D,0xF7,
    0x9D,0xF7,0x9D,0xF7,0x9D,0xF7,0x9D,0xF7,0x9D,0xF7,0x9D,0xF7,0x9D,0xF7,0x9D,0xF7,
    0x9D,0xF7,0x9D,0xF7,0x9D,0xF7,0x9D,0xF7,0x9D,0xF7,0x9D,0xF7,0x9D,0xF7,0x9D,0xF7,
    0x9D,0xF7,0x9D,0xF7,0x9D,0xF7,0x7C,0xEF,0xBD,0xF7,0xFE,0xFF,0x13,0xA5,0x25,0x21,
    0x82,0x08,0x04,0x19,0xE4,0x18,0xE4,0x18,0xE4,0x18,0xE4,0x18,0x04,0x19,0x82,0x08,
    0x25,0x21,0x14,0xA5,0xFE,0xFF,0x0A,0xD3,0xE6,0xC9,0xB9,0xEE,0xFF,0xFF,0x3C,0xEF,
    0x2C,0x63,0x62,0x08,0xC4,0x18,0x04,0x21,0xE4,0x18,0x62,0x08,0x49,0x42,0x99,0xD6,
    0xFF,0xFF,0x7C,0xEF,0x7D,0xF7,0x9D,0xF7,0x9D,0xF7,0x9D,0xF7,0x9D,0xF7,0x9D,0xF7,
    0x9D,0xF7,0x9D,0xF7,0x9D,0xF7,0x9D,0xF7,0x9D,0xF7,0x9D,0xF7,0x9D,0xF7,0x9D,0xF7,
    0x9D,0xF7,0x9D,0xF7,0x9D,0xF7,0x9D,0xF7,0x9D,0xF7,0x9D,0xF7,0x9D,0xF7,0x9D,0xF7,
    0x9D,0xF7,0x9D,0xF7,0x9D,0xF7,0x9D,0xF7,0x9D,0xF7,0x9D,0xF7,0x9D,0xF7,0x9D,0xF7,
    0x9D,0xF7,0x9D,0xF7,0x9D,0xF7,0x9D,0xF7,0x9D,0xF7,0x9D,0xF7,0x9D,0xF7,0x9D,0xF7,
    0x9D,0xF7,0x9D,0xF7,0x5C,0xEF,0x17,0xC6,0x78,0xD6,0x37,0xCE,0x00,0x00,0x00,0x00,
    0xFF,0xFF,0x00,0x00,0x37,0xCE,0x78,0xD6,0x17,0xC6,0x3C,0xEF,0x9D,0xF7,0x7D,0xF7,
    0x9D,0xF7,0x9D,0xF7,0x9D,0xF7,0x9D,0xF7,0x9D,0xF7,0x9D,0xF7,0x9D,0xF7,0x9D,0xF7,
    0x9D,0xF7,0x9D,0xF7,0x9D,0xF7,0x9D,0xF7,0x9D,0xF7,0x9D,0xF7,0x9D,0xF7,0x9D,0xF7,
    0x9D,0xF7,0x9D,0xF7,0x9D,0xF7,0x9D,0xF7,0x9D,0xF7,0x9D,0xF7,0x9D,0xF7,0x9D,0xF7,
    0x9D,0xF7,0x9D,0xF7,0x9D,0xF7,0x9D,0xF7,0x9D,0xF7,0x9D,0xF7,0x9D,0xF7,0x9D,0xF7,
    0x9D,0xF7,0x9D,0xF7,0x9D,0xF7,0x9D,0xF7,0x7D,0xF7,0x7D,0xEF,0xFF,0xFF,0xFA,0xDE,
    0xAB,0x52,0x62,0x08,0xE4,0x18,0x04,0x19,0xE4,0x18,0xE4,0x18,0xE4,0x18,0x04,0x19,
    0xC3,0x10,0x62,0x08,0x4D,0x6B,0xC9,0xC2,0xE6,0xB9,0x1B,0xF7,0x38,0xC6,0xA7,0x31,
    0x62,0x08,0x04,0x19,0x04,0x21,0xC3,0x10,0x83,0x10,0xEF,0x7B,0x9D,0xF7,0xDE,0xFF,
    0x7C,0xEF,0x9D,0xF7,0x9D,0xF7,0x9D,0xF7,0x9D,0xF7,0x9D,0xF7,0x9D,0xF7,0x9D,0xF7,
    0x9D,0xF7,0x9D,0xF7,0x9D,0xF7,0x9D,0xF7,0x9D,0xF7,0x9D,0xF7,0x9D,0xF7,0x9D,0xF7,
    0x9D,0xF7,0x9D,0xF7,0x9D,0xF7,0x9D,0xF7,0x9D,0xF7,0x9D,0xF7,0x9D,0xF7,0x9D,0xF7,
    0x9D,0xF7,0x9D,0xF7,0x9D,0xF7,0x9D,0xF7,0x9D,0xF7,0x9D,0xF7,0x9D,0xF7,0x9D,0xF7,
    0x9D,0xF7,0x9D,0xF7,0x9D,0xF7,0x9D,0xF7,0x9D,0xF7,0x9D,0xF7,0x9D,0xF7,0x9D,0xF7,
    0x9D,0xF7,0x9D,0xF7,0x5C,0xEF,0x37,0xCE,0x57,0xCE,0x37,0xCE,0xD7,0xBD,0x00,0x00,
    0x00,0x00,0x00,0x00,0x37,0xCE,0x78,0xD6,0x37,0xCE,0x5C,0xEF,0x9D,0xF7,0x9D,0xF7,
    0x9D,0xF7,0x9D,0xF7,0x9D,0xF7,0x9D,0xF7,0x7C,0xEF,0x7C,0xEF,0x7C,0xEF,0x7C,0xEF,
    0x7C,0xEF,0x7C,0xEF,0x7C,0xEF,0x7C,0xEF,0x9D,0xF7,0x9D,0xF7,0x9D,0xF7,0x9D,0xF7,
    0x9D,0xF7,0x9D,0xF7,0x9D,0xF7,0x9D,0xF7,0x9D,0xF7,0x9D,0xF7,0x9D,0xF7,0x9D,0xF7,
    0x9D,0xF7,0x9D,0xF7,0x9D,0xF7,0x9D,0xF7,0x9D,0xF7,0x9D,0xF7,0x9D,0xF7,0x9D,0xF7,
    0x9D,0xF7,0x9D,0xF7,0x9D,0xF7,0x9D,0xF7,0x9D,0xF7,0x9D,0xF7,0x7C,0xEF,0xBE,0xFF,
    0xDE,0xFF,0xD2,0x9C,0xE4,0x18,0x82,0x08,0x04,0x19,0xE4,0x18,0xE4,0x18,0xE4,0x18,
    0xE4,0x18,0xE4,0x18,0x82,0x10,0xE4,0x20,0x04,0x29,0x69,0x52,0x04,0x19,0xA3,0x10,
    0x04,0x21,0x04,0x19,0x82,0x08,0x66,0x29,0xB6,0xB5,0xFF,0xFF,0x9D,0xF7,0x7D,0xEF,
    0x9D,0xF7,0x9D,0xF7,0x9D,0xF7,0x9D,0xF7,0x9D,0xF7,0x9D,0xF7,0x9D,0xF7,0x9D,0xF7,
    0x9D,0xF7,0x9D,0xF7,0x9D,0xF7,0x9D,0xF7,0x9D,0xF7,0x9D,0xF7,0x9D,0xF7,0x9D,0xF7,
    0x9D,0xF7,0x9D,0xF7,0x9D,0xF7,0x9D,0xF7,0x9D,0xF7,0x9D,0xF7,0x9D,0xF7,0x9D,0xF7,
    0x9D,0xF7,0x9D,0xF7,0x9D,0xF7,0x9D,0xF7,0x7C,0xEF,0x7C,0xEF,0x7C,0xEF,0x7C,0xEF,
    0x7C,0xEF,0x7C,0xEF,0x7C,0xEF,0x7C,0xEF,0x7D,0xF7,0x9D,0xF7,0x9D,0xF7,0x9D,0xF7,
    0x9D,0xF7,0x9D,0xF7,0x7C,0xEF,0x37,0xCE,0x57,0xCE,0x37,0xCE,0x16,0xC6,0x00,0x00,
    0x00,0x00,0xD4,0xBD,0x37,0xCE,0x57,0xCE,0x37,0xCE,0x5C,0xEF,0x9D,0xF7,0x9D,0xF7,
    0x9D,0xF7,0x9D,0xF7,0x9D,0xF7,0x9D,0xF7,0xFE,0xFF,0xFF,0xFF,0xFE,0xFF,0xFF,0xFF,
    0xFF,0xFF,0xFF,0xFF,0xFF,0xFF,0xFF,0xFF,0x9D,0xF7,0x9D,0xF7,0x9D,0xF7,0x9D,0xF7,
    0x9D,0xF7,0x9D,0xF7,0x9D,0xF7,0x9D,0xF7,0x9D,0xF7,0x9D,0xF7,0x9D,0xF7,0x9D,0xF7,
    0x9D,0xF7,0x9D,0xF7,0x9D,0xF7,0x9D,0xF7,0x9D,0xF7,0x9D,0xF7,0x9D,0xF7,0x9D,0xF7,
    0x9D,0xF7,0x9D,0xF7,0x9D,0xF7,0x9D,0xF7,0x9D,0xF7,0x9D,0xF7,0x9D,0xF7,0x7D,0xF7,
    0x7D,0xF7,0xFF,0xFF,0x99,0xD6,0x69,0x4A,0x62,0x08,0xE4,0x18,0x04,0x19,0xE4,0x18,
    0xE4,0x18,0xE4,0x18,0xE4,0x18,0xE4,0x18,0xE4,0x10,0x83,0x10,0xE4,0x18,0x04,0x19,
    0xC3,0x10,0x62,0x08,0xCB,0x5A,0x1B,0xE7,0xFE,0xFF,0x7C,0xEF,0x7D,0xF7,0x9D,0xF7,
    0x9D,0xF7,0x9D,0xF7,0x9D,0xF7,0x9D,0xF7,0x9D,0xF7,0x9D,0xF7,0x9D,0xF7,0x9D,0xF7,
    0x9D,0xF7,0x9D,0xF7,0x9D,0xF7,0x9D,0xF7,0x9D,0xF7,0x9D,0xF7,0x9D,0xF7,0x9D,0xF7,
    0x9D,0xF7,0x9D,0xF7,0x9D,0xF7,0x9D,0xF7,0x9D,0xF7,0x9D,0xF7,0x9D,0xF7,0x9D,0xF7,
    0x9D,0xF7,0x9D,0xF7,0x9D,0xF7,0x9D,0xF7,0xFF,0xFF,0xFF,0xFF,0xFF,0xFF,0xFF,0xFF,
    0xFF,0xFF,0xFF,0xFF,0xFF,0xFF,0xFF,0xFF,0x9D,0xF7,0x7D,0xF7,0x9D,0xF7,0x9D,0xF7,
    0x9D,0xF7,0x9D,0xF7,0x7D,0xF7,0x57,0xCE,0x37,0xCE,0x37,0xCE,0x17,0xC6,0x00,0x00,
    0x00,0x00,0x37,0xC6,0x37,0xCE,0x57,0xCE,0x37,0xCE,0x7C,0xEF,0x9D,0xF7,0x9D,0xF7,
    0x9D,0xF7,0x9D,0xF7,0x9D,0xF7,0x5C,0xEF,0x34,0xA5,0xF3,0xA4,0x13,0xA5,0x13,0xA5,
    0x13,0xA5,0x13,0xA5,0x13,0xA5,0x13,0xA5,0x3B,0xE7,0x9D,0xF7,0x7D,0xF7,0x9D,0xF7,
    0x9D,0xF7,0x9D,0xF7,0x9D,0xF7,0x9D,0xF7,0x9D,0xF7,0x9D,0xF7,0x9D,0xF7,0x9D,0xF7,
    0x9D,0xF7,0x9D,0xF7,0x9D,0xF7,0x9D,0xF7,0x9D,0xF7,0x9D,0xF7,0x9D,0xF7,0x9D,0xF7,
    0x9D,0xF7,0x9D,0xF7,0x9D,0xF7,0x9D,0xF7,0x9D,0xF7,0x9D,0xF7,0x9D,0xF7,0x9D,0xF7,
    0x9D,0xF7,0x7C,0xEF,0xDE,0xFF,0xBE,0xFF,0x51,0x8C,0xC3,0x10,0xA3,0x10,0x04,0x19,
    0xE4,0x18,0xE4,0x18,0xE4,0x18,0xE4,0x18,0xE4,0x18,0xE4,0x18,0xE4,0x18,0xC4,0x18,
    0x45,0x21,0x92,0x94,0xDE,0xFF,0xBD,0xF7,0x7C,0xEF,0x9D,0xF7,0x9D,0xF7,0x9D,0xF7,
    0x9D,0xF7,0x9D,0xF7,0x9D,0xF7,0x9D,0xF7,0x9D,0xF7,0x9D,0xF7,0x9D,0xF7,0x9D,0xF7,
    0x9D,0xF7,0x9D,0xF7,0x9D,0xF7,0x9D,0xF7,0x9D,0xF7,0x9D,0xF7,0x9D,0xF7,0x9D,0xF7,
    0x9D,0xF7,0x9D,0xF7,0x9D,0xF7,0x9D,0xF7,0x9D,0xF7,0x9D,0xF7,0x9D,0xF7,0x9D,0xF7,
    0x9D,0xF7,0x7D,0xF7,0x9D,0xF7,0x5C,0xEF,0x71,0x8C,0x30,0x84,0x30,0x84,0x30,0x84,
    0x30,0x84,0x30,0x84,0x30,0x84,0x30,0x84,0x1B,0xE7,0x9D,0xF7,0x7D,0xF7,0x9D,0xF7,
    0x9D,0xF7,0x9D,0xF7,0x9D,0xF7,0x58,0xCE,0x37,0xCE,0x37,0xCE,0x37,0xC6,0x00,0x00,
    0x00,0x00,0x16,0xC6,0x37,0xCE,0x57,0xCE,0x37,0xCE,0x7C,0xEF,0x9D,0xF7,0x9D,0xF7,
    0x9D,0xF7,0x7D,0xF7,0xBD,0xF7,0x1B,0xE7,0x04,0x19,0x62,0x08,0x83,0x10,0x83,0x10,
    0x83,0x10,0x83,0x10,0x83,0x10,0x83,0x10,0x79,0xCE,0xBE,0xFF,0x7D,0xF7,0x9D,0xF7,
    0x9D,0xF7,0x9D,0xF7,0x9D,0xF7,0x9D,0xF7,0x9D,0xF7,0x9D,0xF7,0x9D,0xF7,0x9D,0xF7,
    0x9D,0xF7,0x9D,0xF7,0x9D,0xF7,0x9D,0xF7,0x9D,0xF7,0x9D,0xF7,0x9D,0xF7,0x9D,0xF7,
    0x9D,0xF7,0x9D,0xF7,0x9D,0xF7,0x9D,0xF7,0x9D,0xF7,0x9D,0xF7,0x9D,0xF7,0x9D,0xF7,
    0x9D,0xF7,0x9D,0xF7,0x7D,0xF7,0x7D,0xF7,0xFF,0xFF,0x58,0xCE,0xE8,0x39,0x83,0x10,
    0xE4,0x18,0xE4,0x18,0xE4,0x18,0xE4,0x18,0xE4,0x18,0xE4,0x18,0xE4,0x18,0x83,0x10,
    0xCB,0x5A,0xFE,0xFF,0x9D,0xF7,0x7D,0xEF,0x9D,0xF7,0x9D,0xF7,0x9D,0xF7,0x9D,0xF7,
    0x9D,0xF7,0x9D,0xF7,0x9D,0xF7,0x9D,0xF7,0x9D,0xF7,0x9D,0xF7,0x9D,0xF7,0x9D,0xF7,
    0x9D,0xF7,0x9D,0xF7,0x9D,0xF7,0x9D,0xF7,0x9D,0xF7,0x9D,0xF7,0x9D,0xF7,0x9D,0xF7,
    0x9D,0xF7,0x9D,0xF7,0x9D,0xF7,0x9D,0xF7,0x9D,0xF7,0x9D,0xF7,0x9D,0xF7,0x9D,0xF7,
    0x9D,0xF7,0x7D,0xF7,0xBD,0xF7,0x1B,0xE7,0x04,0x19,0x62,0x08,0x83,0x10,0x82,0x08,
    0x82,0x08,0x82,0x08,0x82,0x08,0x82,0x08,0x79,0xCE,0xBE,0xFF,0x7D,0xF7,0x9D,0xF7,
    0x9D,0xF7,0x9D,0xF7,0x9D,0xF7,0x58,0xCE,0x37,0xCE,0x37,0xCE,0x36,0xC6,0x00,0x00,
    0x00,0x00,0x16,0xC6,0x37,0xCE,0x57,0xCE,0x37,0xCE,0x7C,0xEF,0x9D,0xF7,0x9D,0xF7,
    0x9D,0xF7,0x7D,0xF7,0xBD,0xF7,0x1B,0xE7,0x04,0x19,0x62,0x08,0x83,0x10,0x82,0x10,
    0x82,0x10,0x82,0x10,0x82,0x10,0x82,0x10,0x79,0xCE,0xBE,0xFF,0x7D,0xF7,0x9D,0xF7,
    0x9D,0xF7,0x9D,0xF7,0x9D,0xF7,0x9D,0xF7,0x9D,0xF7,0x9D,0xF7,0x9D,0xF7,0x9D,0xF7,
    0x9D,0xF7,0x9D,0xF7,0x9D,0xF7,0x9D,0xF7,0x9D,0xF7,0x9D,0xF7,0x9D,0xF7,0x9D,0xF7,
    0x9D,0xF7,0x9D,0xF7,0x9D,0xF7,0x9D,0xF7,0x9D,0xF7,0x9D,0xF7,0x9D,0xF7,0x9D,0xF7,
    0x9D,0xF7,0x9D,0xF7,0x9D,0xF7,0x9D,0xF7,0x5C,0xEF,0xDE,0xFF,0xFE,0xFF,0x0C,0x63,
    0xA3,0x10,0xE4,0x18,0xE4,0x18,0xE4,0x18,0xE4,0x18,0xE4,0x18,0xE4,0x18,0xE4,0x18,
    0x83,0x10,0x08,0x42,0x7C,0xEF,0x9D,0xF7,0x7D,0xF7,0x9D,0xF7,0x9D,0xF7,0x9D,0xF7,
    0x9D,0xF7,0x9D,0xF7,0x9D,0xF7,0x9D,0xF7,0x9D,0xF7,0x9D,0xF7,0x9D,0xF7,0x9D,0xF7,
    0x9D,0xF7,0x9D,0xF7,0x9D,0xF7,0x9D,0xF7,0x9D,0xF7,0x9D,0xF7,0x9D,0xF7,0x9D,0xF7,
    0x9D,0xF7,0x9D,0xF7,0x9D,0xF7,0x9D,0xF7,0x9D,0xF7,0x9D,0xF7,0x9D,0xF7,0x9D,0xF7,
    0x9D,0xF7,0x7D,0xF7,0xBD,0xF7,0x1B,0xE7,0x04,0x19,0x62,0x08,0x83,0x10,0x82,0x08,
    0x82,0x08,0x82,0x08,0x82,0x08,0x82,0x08,0x79,0xCE,0xBE,0xFF,0x7D,0xF7,0x9D,0xF7,
    0x9D,0xF7,0x9D,0xF7,0x9D,0xF7,0x58,0xCE,0x37,0xCE,0x37,0xCE,0x36,0xC6,0x00,0x00,
    0x00,0x00,0x37,0xC6,0x37,0xCE,0x57,0xCE,0x37,0xCE,0x7C,0xEF,0x9D,0xF7,0x9D,0xF7,
    0x9D,0xF7,0x7D,0xF7,0x9D,0xF7,0x3C,0xEF,0xAE,0x73,0x4D,0x6B,0x6D,0x6B,0x6D,0x6B,
    0x6D,0x6B,0x6D,0x6B,0x6D,0x6B,0x6D,0x6B,0xFA,0xDE,0xBD,0xF7,0x7D,0xF7,0x9D,0xF7,
    0x9D,0xF7,0x9D,0xF7,0x9D,0xF7,0x9D,0xF7,0x9D,0xF7,0x9D,0xF7,0x9D,0xF7,0x9D,0xF7,
    0x9D,0xF7,0x9D,0xF7,0x9D,0xF7,0x9D,0xF7,0x9D,0xF7,0x9D,0xF7,0x9D,0xF7,0x9D,0xF7,
    0x9D,0xF7,0x9D,0xF7,0x9D,0xF7,0x9D,0xF7,0x9D,0xF7,0x9D,0xF7,0x9D,0xF7,0x9D,0xF7,
    0x9D,0xF7,0x9D,0xF7,0x9D,0xF7,0x7D,0xF7,0xBD,0xFF,0xDE,0xFF,0x13,0xA5,0x66,0x29,
    0xC4,0x18,0xE4,0x18,0xE4,0x18,0xE4,0x18,0xE4,0x18,0xE4,0x18,0xE4,0x18,0x04,0x19,
    0x62,0x08,0x30,0x84,0xDE,0xFF,0x7D,0xF7,0x9D,0xF7,0x9D,0xF7,0x9D,0xF7,0x9D,0xF7,
    0x9D,0xF7,0x9D,0xF7,0x9D,0xF7,0x9D,0xF7,0x9D,0xF7,0x9D,0xF7,0x9D,0xF7,0x9D,0xF7,
    0x9D,0xF7,0x9D,0xF7,0x9D,0xF7,0x9D,0xF7,0x9D,0xF7,0x9D,0xF7,0x9D,0xF7,0x9D,0xF7,
    0x9D,0xF7,0x9D,0xF7,0x9D,0xF7,0x9D,0xF7,0x9D,0xF7,0x9D,0xF7,0x9D,0xF7,0x9D,0xF7,
    0x9D,0xF7,0x7D,0xF7,0x9D,0xF7,0x5C,0xEF,0x71,0x8C,0x30,0x84,0x30,0x84,0x30,0x84,
    0x30,0x84,0x30,0x84,0x30,0x84,0x30,0x84,0x1B,0xE7,0x9D,0xF7,0x7D,0xF7,0x9D,0xF7,
    0x9D,0xF7,0x9D,0xF7,0x9D,0xF7,0x58,0xCE,0x37,0xCE,0x37,0xCE,0x37,0xC6,0x00,0x00,
    0x00,0x00,0x36,0xC6,0x37,0xCE,0x57,0xCE,0x37,0xCE,0x5C,0xEF,0x9D,0xF7,0x9D,0xF7,
    0x9D,0xF7,0x9D,0xF7,0x9D,0xF7,0x9D,0xF7,0xFE,0xFF,0xFF,0xFF,0xFE,0xFF,0xFE,0xFF,
    0xFE,0xFF,0xFE,0xFF,0xFE,0xFF,0xFE,0xFF,0x9D,0xF7,0x9D,0xF7,0x9D,0xF7,0x9D,0xF7,
    0x9D,0xF7,0x9D,0xF7,0x9D,0xF7,0x9D,0xF7,0x9D,0xF7,0x9D,0xF7,0x9D,0xF7,0x9D,0xF7,
    0x9D,0xF7,0x9D,0xF7,0x9D,0xF7,0x9D,0xF7,0x9D,0xF7,0x9D,0xF7,0x9D,0xF7,0x9D,0xF7,
    0x9D,0xF7,0x9D,0xF7,0x9D,0xF7,0x9D,0xF7,0x9D,0xF7,0x9D,0xF7,0x9D,0xF7,0x9D,0xF7,
    0x9D,0xF7,0x9D,0xF7,0x7D,0xF7,0x9D,0xF7,0xFB,0xE6,0x2C,0x63,0x62,0x08,0xC3,0x10,
    0x04,0x19,0xE4,0x18,0xA3,0x10,0xE4,0x18,0xE4,0x18,0xE4,0x18,0x04,0x19,0x82,0x10,
    0x69,0x4A,0xDE,0xFF,0x9D,0xF7,0x7D,0xF7,0x9D,0xF7,0x9D,0xF7,0x9D,0xF7,0x9D,0xF7,
    0x9D,0xF7,0x9D,0xF7,0x9D,0xF7,0x9D,0xF7,0x9D,0xF7,0x9D,0xF7,0x9D,0xF7,0x9D,0xF7,
    0x9D,0xF7,0x9D,0xF7,0x9D,0xF7,0x9D,0xF7,0x9D,0xF7,0x9D,0xF7,0x9D,0xF7,0x9D,0xF7,
    0x9D,0xF7,0x9D,0xF7,0x9D,0xF7,0x9D,0xF7,0x9D,0xF7,0x9D,0xF7,0x9D,0xF7,0x9D,0xF7,
    0x9D,0xF7,0x9D,0xF7,0x9D,0xF7,0x9D,0xF7,0xFF,0xFF,0xFF,0xFF,0xFF,0xFF,0xFF,0xFF,
    0xFF,0xFF,0xFF,0xFF,0xFF,0xFF,0xFF,0xFF,0x9D,0xF7,0x7D,0xF7,0x9D,0xF7,0x9D,0xF7,
    0x9D,0xF7,0x9D,0xF7,0x7D,0xF7,0x57,0xCE,0x37,0xCE,0x37,0xCE,0x17,0xC6,0x00,0x00,
    0x00,0x00,0x00,0x00,0x37,0xCE,0x78,0xD6,0x37,0xCE,0x5C,0xEF,0x9D,0xF7,0x9D,0xF7,
    0x9D,0xF7,0x9D,0xF7,0x9D,0xF7,0x9D,0xF7,0x7C,0xEF,0x7C,0xEF,0x7C,0xEF,0x7C,0xEF,
    0x7C,0xEF,0x7C,0xEF,0x7C,0xEF,0x7C,0xEF,0x9D,0xF7,0x9D,0xF7,0x9D,0xF7,0x9D,0xF7,
    0x9D,0xF7,0x9D,0xF7,0x9D,0xF7,0x9D,0xF7,0x9D,0xF7,0x9D,0xF7,0x9D,0xF7,0x9D,0xF7,
    0x9D,0xF7,0x9D,0xF7,0x9D,0xF7,0x9D,0xF7,0x9D,0xF7,0x9D,0xF7,0x9D,0xF7,0x9D,0xF7,
    0x9D,0xF7,0x9D,0xF7,0x9D,0xF7,0x9D,0xF7,0x9D,0xF7,0x9D,0xF7,0x9D,0xF7,0x9D,0xF7,
    0x9D,0xF7,0x9D,0xF7,0x7D,0xF7,0xDE,0xFF,0x17,0xC6,0x62,0x08,0xE4,0x18,0x04,0x21,
    0xA3,0x10,0xC4,0x18,0x08,0x42,0xE4,0x18,0xE4,0x18,0xA3,0x10,0xC4,0x18,0x04,0x19,
    0xBA,0xD6,0xBE,0xFF,0x7D,0xF7,0x9D,0xF7,0x9D,0xF7,0x9D,0xF7,0x9D,0xF7,0x9D,0xF7,
    0x9D,0xF7,0x9D,0xF7,0x9D,0xF7,0x9D,0xF7,0x9D,0xF7,0x9D,0xF7,0x9D,0xF7,0x9D,0xF7,
    0x9D,0xF7,0x9D,0xF7,0x9D,0xF7,0x9D,0xF7,0x9D,0xF7,0x9D,0xF7,0x9D,0xF7,0x9D,0xF7,
    0x9D,0xF7,0x9D,0xF7,0x9D,0xF7,0x9D,0xF7,0x9D,0xF7,0x9D,0xF7,0x9D,0xF7,0x9D,0xF7,
    0x9D,0xF7,0x9D,0xF7,0x9D,0xF7,0x9D,0xF7,0x7C,0xEF,0x7C,0xEF,0x7C,0xEF,0x7C,0xEF,
    0x7C,0xEF,0x7C,0xEF,0x7C,0xEF,0x7C,0xEF,0x7D,0xF7,0x9D,0xF7,0x9D,0xF7,0x9D,0xF7,
    0x9D,0xF7,0x9D,0xF7,0x7C,0xEF,0x37,0xCE,0x57,0xCE,0x37,0xCE,0x16,0xC6,0x00,0x00,
    0xFF,0xFF,0x00,0x00,0x37,0xCE,0x78,0xD6,0x17,0xC6,0x5C,0xEF,0x9D,0xF7,0x9D,0xF7,
    0x9D,0xF7,0x9D,0xF7,0x9D,0xF7,0x9D,0xF7,0x9D,0xF7,0x9D,0xF7,0x9D,0xF7,0x9D,0xF7,
    0x9D,0xF7,0x9D,0xF7,0x9D,0xF7,0x9D,0xF7,0x9D,0xF7,0x9D,0xF7,0x9D,0xF7,0x9D,0xF7,
    0x9D,0xF7,0x9D,0xF7,0x9D,0xF7,0x9D,0xF7,0x9D,0xF7,0x9D,0xF7,0x9D,0xF7,0x9D,0xF7,
    0x9D,0xF7,0x9D,0xF7,0x9D,0xF7,0x9D,0xF7,0x9D,0xF7,0x9D,0xF7,0x9D,0xF7,0x9D,0xF7,
    0x9D,0xF7,0x9D,0xF7,0x9D,0xF7,0x9D,0xF7,0x9D,0xF7,0x9D,0xF7,0x9D,0xF7,0x9D,0xF7,
    0x9D,0xF7,0x9D,0xF7,0x9D,0xF7,0x7C,0xEF,0xFF,0xFF,0x91,0x94,0x62,0x08,0x83,0x10,
    0x66,0x29,0xB6,0xB5,0xBD,0xF7,0xA9,0xB2,0x06,0xB2,0xCB,0x6A,0x62,0x00,0xD3,0x9C,
    0xFF,0xFF,0x7C,0xEF,0x9D,0xF7,0x9D,0xF7,0x9D,0xF7,0x9D,0xF7,0x9D,0xF7,0x9D,0xF7,
    0x9D,0xF7,0x9D,0xF7,0x9D,0xF7,0x9D,0xF7,0x9D,0xF7,0x9D,0xF7,0x9D,0xF7,0x9D,0xF7,
    0x9D,0xF7,0x9D,0xF7,0x9D,0xF7,0x9D,0xF7,0x9D,0xF7,0x9D,0xF7,0x9D,0xF7,0x9D,0xF7,
    0x9D,0xF7,0x9D,0xF7,0x9D,0xF7,0x9D,0xF7,0x9D,0xF7,0x9D,0xF7,0x9D,0xF7,0x9D,0xF7,
    0x9D,0xF7,0x9D,0xF7,0x9D,0xF7,0x9D,0xF7,0x9D,0xF7,0x9D,0xF7,0x9D,0xF7,0x9D,0xF7,
    0x9D,0xF7,0x9D,0xF7,0x9D,0xF7,0x9D,0xF7,0x9D,0xF7,0x9D,0xF7,0x9D,0xF7,0x9D,0xF7,
    0x9D,0xF7,0x9D,0xF7,0x7C,0xEF,0x37,0xCE,0x57,0xCE,0x37,0xCE,0x36,0xC6,0x00,0x00,
    0xFF,0xFF,0x00,0x00,0x37,0xCE,0x98,0xD6,0x17,0xC6,0x3B,0xE7,0x9D,0xF7,0x7D,0xF7,
    0x9D,0xF7,0x9D,0xF7,0x9D,0xF7,0x9D,0xF7,0x9D,0xF7,0x9D,0xF7,0x9D,0xF7,0x9D,0xF7,
    0x9D,0xF7,0x9D,0xF7,0x9D,0xF7,0x9D,0xF7,0x9D,0xF7,0x9D,0xF7,0x9D,0xF7,0x9D,0xF7,
    0x9D,0xF7,0x9D,0xF7,0x9D,0xF7,0x9D,0xF7,0x9D,0xF7,0x9D,0xF7,0x9D,0xF7,0x9D,0xF7,
    0x9D,0xF7,0x9D,0xF7,0x9D,0xF7,0x9D,0xF7,0x9D,0xF7,0x9D,0xF7,0x9D,0xF7,0x9D,0xF7,
    0x9D,0xF7,0x9D,0xF7,0x9D,0xF7,0x9D,0xF7,0x9D,0xF7,0x9D,0xF7,0x9D,0xF7,0x9D,0xF7,
    0x9D,0xF7,0x9D,0xF7,0x9D,0xF7,0x9D,0xF7,0x7D,0xF7,0xDE,0xFF,0xAA,0x52,0x6A,0x4A,
    0x1B,0xE7,0xFE,0xFF,0x7D,0xF7,0x0A,0xD3,0x06,0xCA,0xFA,0xF6,0x17,0xBE,0x7D,0xF7,
    0x9D,0xF7,0x9D,0xF7,0x9D,0xF7,0x9D,0xF7,0x9D,0xF7,0x9D,0xF7,0x9D,0xF7,0x9D,0xF7,
    0x9D,0xF7,0x9D,0xF7,0x9D,0xF7,0x9D,0xF7,0x9D,0xF7,0x9D,0xF7,0x9D,0xF7,0x9D,0xF7,
    0x9D,0xF7,0x9D,0xF7,0x9D,0xF7,0x9D,0xF7,0x9D,0xF7,0x9D,0xF7,0x9D,0xF7,0x9D,0xF7,
    0x9D,0xF7,0x9D,0xF7,0x9D,0xF7,0x9D,0xF7,0x9D,0xF7,0x9D,0xF7,0x9D,0xF7,0x9D,0xF7,
    0x9D,0xF7,0x9D,0xF7,0x9D,0xF7,0x9D,0xF7,0x9D,0xF7,0x9D,0xF7,0x9D,0xF7,0x9D,0xF7,
    0x9D,0xF7,0x9D,0xF7,0x9D,0xF7,0x9D,0xF7,0x9D,0xF7,0x9D,0xF7,0x9D,0xF7,0x9D,0xF7,
    0x9D,0xF7,0x9D,0xF7,0x5C,0xEF,0x37,0xCE,0x78,0xD6,0x37,0xCE,0x00,0x00,0x00,0x00,
    0xF7,0xBD,0x00,0x00,0x37,0xCE,0x98,0xD6,0x16,0xC6,0x1B,0xE7,0x9D,0xF7,0x7D,0xF7,
    0x9D,0xF7,0x9D,0xF7,0x9D,0xF7,0x9D,0xF7,0x9D,0xF7,0x9D,0xF7,0x9D,0xF7,0x9D,0xF7,
    0x9D,0xF7,0x9D,0xF7,0x9D,0xF7,0x9D,0xF7,0x9D,0xF7,0x9D,0xF7,0x9D,0xF7,0x9D,0xF7,
    0x9D,0xF7,0x9D,0xF7,0x9D,0xF7,0x9D,0xF7,0x9D,0xF7,0x9D,0xF7,0x9D,0xF7,0x9D,0xF7,
    0x9D,0xF7,0x9D,0xF7,0x9D,0xF7,0x9D,0xF7,0x9D,0xF7,0x9D,0xF7,0x9D,0xF7,0x9D,0xF7,
    0x9D,0xF7,0x9D,0xF7,0x9D,0xF7,0x9D,0xF7,0x9D,0xF7,0x9D,0xF7,0x9D,0xF7,0x9D,0xF7,
    0x9D,0xF7,0x9D,0xF7,0x9D,0xF7,0x9D,0xF7,0x7D,0xF7,0x9D,0xF7,0x3C,0xEF,0x9D,0xF7,
    0xBE,0xFF,0x7C,0xEF,0x9D,0xF7,0xEA,0xCA,0xE6,0xC1,0xB9,0xEE,0xFF,0xFF,0x7D,0xF7,
    0x9D,0xF7,0x9D,0xF7,0x9D,0xF7,0x9D,0xF7,0x9D,0xF7,0x9D,0xF7,0x9D,0xF7,0x9D,0xF7,
    0x9D,0xF7,0x9D,0xF7,0x9D,0xF7,0x9D,0xF7,0x9D,0xF7,0x9D,0xF7,0x9D,0xF7,0x9D,0xF7,
    0x9D,0xF7,0x9D,0xF7,0x9D,0xF7,0x9D,0xF7,0x9D,0xF7,0x9D,0xF7,0x9D,0xF7,0x9D,0xF7,
    0x9D,0xF7,0x9D,0xF7,0x9D,0xF7,0x9D,0xF7,0x9D,0xF7,0x9D,0xF7,0x9D,0xF7,0x9D,0xF7,
    0x9D,0xF7,0x9D,0xF7,0x9D,0xF7,0x9D,0xF7,0x9D,0xF7,0x9D,0xF7,0x9D,0xF7,0x9D,0xF7,
    0x9D,0xF7,0x9D,0xF7,0x9D,0xF7,0x9D,0xF7,0x9D,0xF7,0x9D,0xF7,0x9D,0xF7,0x9D,0xF7,
    0x7D,0xF7,0x9D,0xF7,0x3B,0xE7,0x17,0xC6,0x78,0xD6,0x37,0xCE,0x00,0x00,0xFF,0xFF,
    0x73,0xCE,0x00,0x00,0x37,0xCE,0xB9,0xDE,0x16,0xC6,0xDA,0xDE,0x9D,0xF7,0x7D,0xF7,
    0x9D,0xF7,0x9D,0xF7,0x9D,0xF7,0x9D,0xF7,0x9D,0xF7,0x9D,0xF7,0x9D,0xF7,0x9D,0xF7,
    0x9D,0xF7,0x9D,0xF7,0x9D,0xF7,0x9D,0xF7,0x9D,0xF7,0x9D,0xF7,0x9D,0xF7,0x9D,0xF7,
    0x9D,0xF7,0x9D,0xF7,0x9D,0xF7,0x9D,0xF7,0x9D,0xF7,0x9D,0xF7,0x9D,0xF7,0x9D,0xF7,
    0x9D,0xF7,0x9D,0xF7,0x9D,0xF7,0x9D,0xF7,0x9D,0xF7,0x9D,0xF7,0x9D,0xF7,0x9D,0xF7,
    0x9D,0xF7,0x9D,0xF7,0x9D,0xF7,0x9D,0xF7,0x9D,0xF7,0x9D,0xF7,0x9D,0xF7,0x9D,0xF7,
    0x9D,0xF7,0x9D,0xF7,0x9D,0xF7,0x9D,0xF7,0x9D,0xF7,0x7D,0xF7,0x9D,0xF7,0x9D,0xF7,
    0x7D,0xF7,0x9D,0xF7,0x9D,0xF7,0xEA,0xCA,0xE6,0xC1,0xBA,0xEE,0xBD,0xF7,0x7D,0xF7,
    0x9D,0xF7,0x9D,0xF7,0x9D,0xF7,0x9D,0xF7,0x9D,0xF7,0x9D,0xF7,0x9D,0xF7,0x9D,0xF7,
    0x9D,0xF7,0x9D,0xF7,0x9D,0xF7,0x9D,0xF7,0x9D,0xF7,0x9D,0xF7,0x9D,0xF7,0x9D,0xF7,
    0x9D,0xF7,0x9D,0xF7,0x9D,0xF7,0x9D,0xF7,0x9D,0xF7,0x9D,0xF7,0x9D,0xF7,0x9D,0xF7,
    0x9D,0xF7,0x9D,0xF7,0x9D,0xF7,0x9D,0xF7,0x9D,0xF7,0x9D,0xF7,0x9D,0xF7,0x9D,0xF7,
    0x9D,0xF7,0x9D,0xF7,0x9D,0xF7,0x9D,0xF7,0x9D,0xF7,0x9D,0xF7,0x9D,0xF7,0x9D,0xF7,
    0x9D,0xF7,0x9D,0xF7,0x9D,0xF7,0x9D,0xF7,0x9D,0xF7,0x9D,0xF7,0x9D,0xF7,0x9D,0xF7,
    0x7D,0xF7,0x9D,0xF7,0x1B,0xE7,0x16,0xC6,0x98,0xD6,0x37,0xCE,0x00,0x00,0xF7,0xBD,
    0xF7,0xBD,0x00,0x00,0x17,0xCE,0x98,0xD6,0x16,0xC6,0xB9,0xD6,0x9D,0xF7,0x7D,0xF7,
    0x9D,0xF7,0x9D,0xF7,0x9D,0xF7,0x9D,0xF7,0x9D,0xF7,0x9D,0xF7,0x9D,0xF7,0x9D,0xF7,
    0x9D,0xF7,0x9D,0xF7,0x9D,0xF7,0x9D,0xF7,0x9D,0xF7,0x9D,0xF7,0x9D,0xF7,0x9D,0xF7,
    0x9D,0xF7,0x9D,0xF7,0x9D,0xF7,0x9D,0xF7,0x9D,0xF7,0x9D,0xF7,0x9D,0xF7,0x9D,0xF7,
    0x9D,0xF7,0x9D,0xF7,0x9D,0xF7,0x9D,0xF7,0x9D,0xF7,0x9D,0xF7,0x9D,0xF7,0x9D,0xF7,
    0x9D,0xF7,0x9D,0xF7,0x9D,0xF7,0x9D,0xF7,0x9D,0xF7,0x9D,0xF7,0x9D,0xF7,0x9D,0xF7,
    0x9D,0xF7,0x9D,0xF7,0x9D,0xF7,0x9D,0xF7,0x9D,0xF7,0x9D,0xF7,0x7D,0xF7,0x7D,0xF7,
    0x9D,0xF7,0x9D,0xF7,0x9D,0xF7,0xEA,0xCA,0xE6,0xC1,0xBA,0xEE,0xBE,0xF7,0x7D,0xF7,
    0x9D,0xF7,0x9D,0xF7,0x9D,0xF7,0x9D,0xF7,0x9D,0xF7,0x9D,0xF7,0x9D,0xF7,0x9D,0xF7,
    0x9D,0xF7,0x9D,0xF7,0x9D,0xF7,0x9D,0xF7,0x9D,0xF7,0x9D,0xF7,0x9D,0xF7,0x9D,0xF7,
    0x9D,0xF7,0x9D,0xF7,0x9D,0xF7,0x9D,0xF7,0x9D,0xF7,0x9D,0xF7,0x9D,0xF7,0x9D,0xF7,
    0x9D,0xF7,0x9D,0xF7,0x9D,0xF7,0x9D,0xF7,0x9D,0xF7,0x9D,0xF7,0x9D,0xF7,0x9D,0xF7,
    0x9D,0xF7,0x9D,0xF7,0x9D,0xF7,0x9D,0xF7,0x9D,0xF7,0x9D,0xF7,0x9D,0xF7,0x9D,0xF7,
    0x9D,0xF7,0x9D,0xF7,0x9D,0xF7,0x9D,0xF7,0x9D,0xF7,0x9D,0xF7,0x9D,0xF7,0x9D,0xF7,
    0x7D,0xF7,0x9D,0xF7,0xDA,0xDE,0x16,0xC6,0xB9,0xDE,0x37,0xCE,0x00,0x00,0x73,0xCE,
    0xF5,0xFF,0x00,0x00,0x37,0xCE,0x78,0xD6,0x17,0xC6,0x78,0xD6,0x9D,0xF7,0x9D,0xF7,
    0x9D,0xF7,0x9D,0xF7,0x9D,0xF7,0x9D,0xF7,0x9D,0xF7,0x9D,0xF7,0x9D,0xF7,0x9D,0xF7,
    0x9D,0xF7,0x9D,0xF7,0x9D,0xF7,0x9D,0xF7,0x9D,0xF7,0x9D,0xF7,0x9D,0xF7,0x9D,0xF7,
    0x9D,0xF7,0x9D,0xF7,0x9D,0xF7,0x9D,0xF7,0x9D,0xF7,0x9D,0xF7,0x9D,0xF7,0x9D,0xF7,
    0x9D,0xF7,0x9D,0xF7,0x9D,0xF7,0x9D,0xF7,0x9D,0xF7,0x9D,0xF7,0x9D,0xF7,0x9D,0xF7,
    0x9D,0xF7,0x9D,0xF7,0x9D,0xF7,0x9D,0xF7,0x9D,0xF7,0x9D,0xF7,0x9D,0xF7,0x9D,0xF7,
    0x9D,0xF7,0x9D,0xF7,0x9D,0xF7,0x9D,0xF7,0x9D,0xF7,0x9D,0xF7,0x9D,0xF7,0x9D,0xF7,
    0x9D,0xF7,0x9D,0xF7,0x9D,0xF7,0xEA,0xCA,0xE6,0xC1,0xBA,0xEE,0xBE,0xF7,0x7D,0xF7,
    0x9D,0xF7,0x9D,0xF7,0x9D,0xF7,0x9D,0xF7,0x9D,0xF7,0x9D,0xF7,0x9D,0xF7,0x9D,0xF7,
    0x9D,0xF7,0x9D,0xF7,0x9D,0xF7,0x9D,0xF7,0x9D,0xF7,0x9D,0xF7,0x9D,0xF7,0x9D,0xF7,
    0x9D,0xF7,0x9D,0xF7,0x9D,0xF7,0x9D,0xF7,0x9D,0xF7,0x9D,0xF7,0x9D,0xF7,0x9D,0xF7,
    0x9D,0xF7,0x9D,0xF7,0x9D,0xF7,0x9D,0xF7,0x9D,0xF7,0x9D,0xF7,0x9D,0xF7,0x9D,0xF7,
    0x9D,0xF7,0x9D,0xF7,0x9D,0xF7,0x9D,0xF7,0x9D,0xF7,0x9D,0xF7,0x9D,0xF7,0x9D,0xF7,
    0x9D,0xF7,0x9D,0xF7,0x9D,0xF7,0x9D,0xF7,0x9D,0xF7,0x9D,0xF7,0x9D,0xF7,0x9D,0xF7,
    0x7D,0xF7,0x9D,0xF7,0x99,0xD6,0x16,0xC6,0x98,0xD6,0x37,0xCE,0x00,0x00,0xF7,0xBD,
    0xEF,0x7B,0x00,0x00,0xF7,0xC5,0x37,0xCE,0x37,0xCE,0x37,0xCE,0x7C,0xEF,0x9D,0xF7,
    0x9D,0xF7,0x9D,0xF7,0x9D,0xF7,0x9D,0xF7,0x9D,0xF7,0x9D,0xF7,0x9D,0xF7,0x9D,0xF7,
    0x9D,0xF7,0x9D,0xF7,0x9D,0xF7,0x9D,0xF7,0x9D,0xF7,0x9D,0xF7,0x9D,0xF7,0x9D,0xF7,
    0x9D,0xF7,0x9D,0xF7,0x9D,0xF7,0x9D,0xF7,0x9D,0xF7,0x9D,0xF7,0x9D,0xF7,0x9D,0xF7,
    0x9D,0xF7,0x9D,0xF7,0x9D,0xF7,0x9D,0xF7,0x9D,0xF7,0x9D,0xF7,0x9D,0xF7,0x9D,0xF7,
    0x9D,0xF7,0x9D,0xF7,0x9D,0xF7,0x9D,0xF7,0x9D,0xF7,0x9D,0xF7,0x9D,0xF7,0x9D,0xF7,
    0x9D,0xF7,0x9D,0xF7,0x9D,0xF7,0x9D,0xF7,0x9D,0xF7,0x9D,0xF7,0x9D,0xF7,0x9D,0xF7,
    0x9D,0xF7,0x9D,0xF7,0x9D,0xF7,0xEA,0xCA,0xE6,0xC1,0xBA,0xEE,0xBE,0xF7,0x7D,0xF7,
    0x9D,0xF7,0x9D,0xF7,0x9D,0xF7,0x9D,0xF7,0x9D,0xF7,0x9D,0xF7,0x9D,0xF7,0x9D,0xF7,
    0x9D,0xF7,0x9D,0xF7,0x9D,0xF7,0x9D,0xF7,0x9D,0xF7,0x9D,0xF7,0x9D,0xF7,0x9D,0xF7,
    0x9D,0xF7,0x9D,0xF7,0x9D,0xF7,0x9D,0xF7,0x9D,0xF7,0x9D,0xF7,0x9D,0xF7,0x9D,0xF7,
    0x9D,0xF7,0x9D,0xF7,0x9D,0xF7,0x9D,0xF7,0x9D,0xF7,0x9D,0xF7,0x9D,0xF7,0x9D,0xF7,
    0x9D,0xF7,0x9D,0xF7,0x9D,0xF7,0x9D,0xF7,0x9D,0xF7,0x9D,0xF7,0x9D,0xF7,0x9D,0xF7,
    0x9D,0xF7,0x9D,0xF7,0x9D,0xF7,0x9D,0xF7,0x9D,0xF7,0x9D,0xF7,0x9D,0xF7,0x9D,0xF7,
    0x9D,0xF7,0x9D,0xF7,0x58,0xCE,0x17,0xC6,0x57,0xCE,0x37,0xCE,0x00,0x00,0xFF,0xFF,
    0x00,0x00,0x00,0x00,0xFF,0xFF,0x37,0xCE,0x78,0xD6,0x17,0xC6,0x3C,0xEF,0x9D,0xF7,
    0x9D,0xF7,0x9D,0xF7,0x9D,0xF7,0x9D,0xF7,0x9D,0xF7,0x9D,0xF7,0x9D,0xF7,0x9D,0xF7,
    0x9D,0xF7,0x9D,0xF7,0x9D,0xF7,0x9D,0xF7,0x9D,0xF7,0x9D,0xF7,0x9D,0xF7,0x9D,0xF7,
    0x9D,0xF7,0x9D,0xF7,0x9D,0xF7,0x9D,0xF7,0x9D,0xF7,0x9D,0xF7,0x9D,0xF7,0x9D,0xF7,
    0x9D,0xF7,0x9D,0xF7,0x9D,0xF7,0x9D,0xF7,0x9D,0xF7,0x9D,0xF7,0x9D,0xF7,0x9D,0xF7,
    0x9D,0xF7,0x9D,0xF7,0x9D,0xF7,0x9D,0xF7,0x9D,0xF7,0x9D,0xF7,0x9D,0xF7,0x9D,0xF7,
    0x9D,0xF7,0x9D,0xF7,0x9D,0xF7,0x9D,0xF7,0x9D,0xF7,0x9D,0xF7,0x9D,0xF7,0x9D,0xF7,
    0x9D,0xF7,0x9D,0xF7,0x9D,0xF7,0xEA,0xCA,0xE6,0xC1,0xBA,0xEE,0xBE,0xF7,0x7D,0xF7,
    0x9D,0xF7,0x9D,0xF7,0x9D,0xF7,0x9D,0xF7,0x9D,0xF7,0x9D,0xF7,0x9D,0xF7,0x9D,0xF7,
    0x9D,0xF7,0x9D,0xF7,0x9D,0xF7,0x9D,0xF7,0x9D,0xF7,0x9D,0xF7,0x9D,0xF7,0x9D,0xF7,
    0x9D,0xF7,0x9D,0xF7,0x9D,0xF7,0x9D,0xF7,0x9D,0xF7,0x9D,0xF7,0x9D,0xF7,0x9D,0xF7,
    0x9D,0xF7,0x9D,0xF7,0x9D,0xF7,0x9D,0xF7,0x9D,0xF7,0x9D,0xF7,0x9D,0xF7,0x9D,0xF7,
    0x9D,0xF7,0x9D,0xF7,0x9D,0xF7,0x9D,0xF7,0x9D,0xF7,0x9D,0xF7,0x9D,0xF7,0x9D,0xF7,
    0x9D,0xF7,0x9D,0xF7,0x9D,0xF7,0x9D,0xF7,0x9D,0xF7,0x9D,0xF7,0x9D,0xF7,0x9D,0xF7,
    0x9D,0xF7,0x5C,0xEF,0x37,0xCE,0x57,0xCE,0x37,0xCE,0x59,0xDE,0x00,0x00,0xFF,0xFF,
    0x00,0x00,0xFF,0xFF,0x00,0x00,0x37,0xCE,0x98,0xD6,0x16,0xC6,0xFA,0xE6,0x9D,0xF7,
    0x7D,0xF7,0x9D,0xF7,0x9D,0xF7,0x9D,0xF7,0x9D,0xF7,0x9D,0xF7,0x9D,0xF7,0x9D,0xF7,
    0x9D,0xF7,0x9D,0xF7,0x9D,0xF7,0x9D,0xF7,0x9D,0xF7,0x9D,0xF7,0x9D,0xF7,0x9D,0xF7,
    0x9D,0xF7,0x9D,0xF7,0x9D,0xF7,0x9D,0xF7,0x9D,0xF7,0x9D,0xF7,0x9D,0xF7,0x9D,0xF7,
    0x9D,0xF7,0x9D,0xF7,0x9D,0xF7,0x9D,0xF7,0x9D,0xF7,0x9D,0xF7,0x9D,0xF7,0x9D,0xF7,
    0x9D,0xF7,0x9D,0xF7,0x9D,0xF7,0x9D,0xF7,0x9D,0xF7,0x9D,0xF7,0x9D,0xF7,0x9D,0xF7,
    0x9D,0xF7,0x9D,0xF7,0x9D,0xF7,0x9D,0xF7,0x9D,0xF7,0x9D,0xF7,0x9D,0xF7,0x9D,0xF7,
    0x9D,0xF7,0x9D,0xF7,0x9D,0xF7,0xEA,0xCA,0xE6,0xC1,0xBA,0xEE,0xBE,0xF7,0x7D,0xF7,
    0x9D,0xF7,0x9D,0xF7,0x9D,0xF7,0x9D,0xF7,0x9D,0xF7,0x9D,0xF7,0x9D,0xF7,0x9D,0xF7,
    0x9D,0xF7,0x9D,0xF7,0x9D,0xF7,0x9D,0xF7,0x9D,0xF7,0x9D,0xF7,0x9D,0xF7,0x9D,0xF7,
    0x9D,0xF7,0x9D,0xF7,0x9D,0xF7,0x9D,0xF7,0x9D,0xF7,0x9D,0xF7,0x9D,0xF7,0x9D,0xF7,
    0x9D,0xF7,0x9D,0xF7,0x9D,0xF7,0x9D,0xF7,0x9D,0xF7,0x9D,0xF7,0x9D,0xF7,0x9D,0xF7,
    0x9D,0xF7,0x9D,0xF7,0x9D,0xF7,0x9D,0xF7,0x9D,0xF7,0x9D,0xF7,0x9D,0xF7,0x9D,0xF7,
    0x9D,0xF7,0x9D,0xF7,0x9D,0xF7,0x9D,0xF7,0x9D,0xF7,0x9D,0xF7,0x9D,0xF7,0x7D,0xF7,
    0x9D,0xF7,0x1B,0xE7,0x16,0xC6,0x78,0xD6,0x37,0xCE,0x00,0x00,0xEF,0x7B,0x00,0x00,
    0x00,0x00,0xF7,0xBD,0x00,0x00,0x17,0xCE,0xB9,0xDE,0x16,0xC6,0xB9,0xD6,0x9D,0xF7,
    0x7D,0xF7,0x9D,0xF7,0x9D,0xF7,0x9D,0xF7,0x9D,0xF7,0x9D,0xF7,0x9D,0xF7,0x9D,0xF7,
    0x9D,0xF7,0x9D,0xF7,0x9D,0xF7,0x9D,0xF7,0x9D,0xF7,0x9D,0xF7,0x9D,0xF7,0x9D,0xF7,
    0x9D,0xF7,0x9D,0xF7,0x9D,0xF7,0x9D,0xF7,0x9D,0xF7,0x9D,0xF7,0x9D,0xF7,0x9D,0xF7,
    0x9D,0xF7,0x9D,0xF7,0x9D,0xF7,0x9D,0xF7,0x9D,0xF7,0x9D,0xF7,0x9D,0xF7,0x9D,0xF7,
    0x9D,0xF7,0x9D,0xF7,0x9D,0xF7,0x9D,0xF7,0x9D,0xF7,0x9D,0xF7,0x9D,0xF7,0x9D,0xF7,
    0x9D,0xF7,0x9D,0xF7,0x9D,0xF7,0x9D,0xF7,0x9D,0xF7,0x9D,0xF7,0x9D,0xF7,0x9D,0xF7,
    0x9D,0xF7,0x9D,0xF7,0x9D,0xF7,0xEA,0xCA,0xE6,0xC1,0xBA,0xEE,0xBE,0xF7,0x7D,0xF7,
    0x9D,0xF7,0x9D,0xF7,0x9D,0xF7,0x9D,0xF7,0x9D,0xF7,0x9D,0xF7,0x9D,0xF7,0x9D,0xF7,
    0x9D,0xF7,0x9D,0xF7,0x9D,0xF7,0x9D,0xF7,0x9D,0xF7,0x9D,0xF7,0x9D,0xF7,0x9D,0xF7,
    0x9D,0xF7,0x9D,0xF7,0x9D,0xF7,0x9D,0xF7,0x9D,0xF7,0x9D,0xF7,0x9D,0xF7,0x9D,0xF7,
    0x9D,0xF7,0x9D,0xF7,0x9D,0xF7,0x9D,0xF7,0x9D,0xF7,0x9D,0xF7,0x9D,0xF7,0x9D,0xF7,
    0x9D,0xF7,0x9D,0xF7,0x9D,0xF7,0x9D,0xF7,0x9D,0xF7,0x9D,0xF7,0x9D,0xF7,0x9D,0xF7,
    0x9D,0xF7,0x9D,0xF7,0x9D,0xF7,0x9D,0xF7,0x9D,0xF7,0x9D,0xF7,0x9D,0xF7,0x7D,0xF7,
    0x9D,0xF7,0xDA,0xDE,0x16,0xC6,0xB9,0xDE,0x37,0xCE,0x00,0x00,0xF7,0xBD,0x00,0x00,
    0x00,0x00,0xFF,0xFF,0x00,0x00,0x17,0xCE,0x57,0xCE,0x17,0xC6,0x57,0xCE,0x7D,0xF7,
    0x9D,0xF7,0x9D,0xF7,0x9D,0xF7,0x9D,0xF7,0x9D,0xF7,0x9D,0xF7,0x9D,0xF7,0x9D,0xF7,
    0x9D,0xF7,0x9D,0xF7,0x9D,0xF7,0x9D,0xF7,0x9D,0xF7,0x9D,0xF7,0x9D,0xF7,0x9D,0xF7,
    0x9D,0xF7,0x9D,0xF7,0x9D,0xF7,0x9D,0xF7,0x9D,0xF7,0x9D,0xF7,0x9D,0xF7,0x9D,0xF7,
    0x9D,0xF7,0x9D,0xF7,0x9D,0xF7,0x9D,0xF7,0x9D,0xF7,0x9D,0xF7,0x9D,0xF7,0x9D,0xF7,
    0x9D,0xF7,0x9D,0xF7,0x9D,0xF7,0x9D,0xF7,0x9D,0xF7,0x9D,0xF7,0x9D,0xF7,0x9D,0xF7,
    0x9D,0xF7,0x9D,0xF7,0x9D,0xF7,0x9D,0xF7,0x9D,0xF7,0x9D,0xF7,0x9D,0xF7,0x9D,0xF7,
    0x9D,0xF7,0x9D,0xF7,0x9D,0xF7,0xEA,0xCA,0xE6,0xC1,0xBA,0xEE,0xBE,0xF7,0x7D,0xF7,
    0x9D,0xF7,0x9D,0xF7,0x9D,0xF7,0x9D,0xF7,0x9D,0xF7,0x9D,0xF7,0x9D,0xF7,0x9D,0xF7,
    0x9D,0xF7,0x9D,0xF7,0x9D,0xF7,0x9D,0xF7,0x9D,0xF7,0x9D,0xF7,0x9D,0xF7,0x9D,0xF7,
    0x9D,0xF7,0x9D,0xF7,0x9D,0xF7,0x9D,0xF7,0x9D,0xF7,0x9D,0xF7,0x9D,0xF7,0x9D,0xF7,
    0x9D,0xF7,0x9D,0xF7,0x9D,0xF7,0x9D,0xF7,0x9D,0xF7,0x9D,0xF7,0x9D,0xF7,0x9D,0xF7,
    0x9D,0xF7,0x9D,0xF7,0x9D,0xF7,0x9D,0xF7,0x9D,0xF7,0x9D,0xF7,0x9D,0xF7,0x9D,0xF7,
    0x9D,0xF7,0x9D,0xF7,0x9D,0xF7,0x9D,0xF7,0x9D,0xF7,0x9D,0xF7,0x9D,0xF7,0x9D,0xF7,
    0x9D,0xF7,0x78,0xD6,0x17,0xC6,0x98,0xD6,0x37,0xCE,0x00,0x00,0xF5,0xFF,0x00,0x00,
    0x00,0x00,0x00,0x00,0x00,0x00,0xFF,0xFD,0x37,0xCE,0x58,0xCE,0x17,0xC6,0x3C,0xEF,
    0x9D,0xF7,0x7D,0xF7,0x9D,0xF7,0x9D,0xF7,0x9D,0xF7,0x9D,0xF7,0x9D,0xF7,0x9D,0xF7,
    0x9D,0xF7,0x9D,0xF7,0x9D,0xF7,0x9D,0xF7,0x9D,0xF7,0x9D,0xF7,0x9D,0xF7,0x9D,0xF7,
    0x9D,0xF7,0x9D,0xF7,0x9D,0xF7,0x9D,0xF7,0x9D,0xF7,0x9D,0xF7,0x9D,0xF7,0x9D,0xF7,
    0x9D,0xF7,0x9D,0xF7,0x9D,0xF7,0x9D,0xF7,0x9D,0xF7,0x9D,0xF7,0x9D,0xF7,0x9D,0xF7,
    0x9D,0xF7,0x9D,0xF7,0x9D,0xF7,0x9D,0xF7,0x9D,0xF7,0x9D,0xF7,0x9D,0xF7,0x9D,0xF7,
    0x9D,0xF7,0x9D,0xF7,0x9D,0xF7,0x9D,0xF7,0x9D,0xF7,0x9D,0xF7,0x9D,0xF7,0x9D,0xF7,
    0x9D,0xF7,0x9D,0xF7,0x9D,0xF7,0xEA,0xCA,0xE6,0xC1,0xBA,0xEE,0xBE,0xF7,0x7D,0xF7,
    0x9D,0xF7,0x9D,0xF7,0x9D,0xF7,0x9D,0xF7,0x9D,0xF7,0x9D,0xF7,0x9D,0xF7,0x9D,0xF7,
    0x9D,0xF7,0x9D,0xF7,0x9D,0xF7,0x9D,0xF7,0x9D,0xF7,0x9D,0xF7,0x9D,0xF7,0x9D,0xF7,
    0x9D,0xF7,0x9D,0xF7,0x9D,0xF7,0x9D,0xF7,0x9D,0xF7,0x9D,0xF7,0x9D,0xF7,0x9D,0xF7,
    0x9D,0xF7,0x9D,0xF7,0x9D,0xF7,0x9D,0xF7,0x9D,0xF7,0x9D,0xF7,0x9D,0xF7,0x9D,0xF7,
    0x9D,0xF7,0x9D,0xF7,0x9D,0xF7,0x9D,0xF7,0x9D,0xF7,0x9D,0xF7,0x9D,0xF7,0x9D,0xF7,
    0x9D,0xF7,0x9D,0xF7,0x9D,0xF7,0x9D,0xF7,0x9D,0xF7,0x9D,0xF7,0x9D,0xF7,0x9D,0xF7,
    0x5C,0xEF,0x37,0xCE,0x37,0xCE,0x37,0xCE,0x77,0xDE,0x00,0x00,0xFF,0xFF,0x00,0x00,
    0x00,0x00,0x00,0x00,0xF7,0xBD,0x00,0x00,0x37,0xCE,0x98,0xD6,0x16,0xC6,0xDA,0xDE,
    0x9D,0xF7,0x7D,0xF7,0x9D,0xF7,0x9D,0xF7,0x9D,0xF7,0x9D,0xF7,0x9D,0xF7,0x9D,0xF7,
    0x9D,0xF7,0x9D,0xF7,0x9D,0xF7,0x9D,0xF7,0x9D,0xF7,0x9D,0xF7,0x9D,0xF7,0x9D,0xF7,
    0x9D,0xF7,0x9D,0xF7,0x9D,0xF7,0x9D,0xF7,0x9D,0xF7,0x9D,0xF7,0x9D,0xF7,0x9D,0xF7,
    0x9D,0xF7,0x9D,0xF7,0x9D,0xF7,0x9D,0xF7,0x9D,0xF7,0x9D,0xF7,0x9D,0xF7,0x9D,0xF7,
    0x9D,0xF7,0x9D,0xF7,0x9D,0xF7,0x9D,0xF7,0x9D,0xF7,0x9D,0xF7,0x9D,0xF7,0x9D,0xF7,
    0x9D,0xF7,0x9D,0xF7,0x9D,0xF7,0x9D,0xF7,0x9D,0xF7,0x9D,0xF7,0x9D,0xF7,0x9D,0xF7,
    0x9D,0xF7,0x9D,0xF7,0x9D,0xF7,0xEA,0xCA,0xE6,0xC1,0xBA,0xEE,0xBE,0xF7,0x7D,0xF7,
    0x9D,0xF7,0x9D,0xF7,0x9D,0xF7,0x9D,0xF7,0x9D,0xF7,0x9D,0xF7,0x9D,0xF7,0x9D,0xF7,
    0x9D,0xF7,0x9D,0xF7,0x9D,0xF7,0x9D,0xF7,0x9D,0xF7,0x9D,0xF7,0x9D,0xF7,0x9D,0xF7,
    0x9D,0xF7,0x9D,0xF7,0x9D,0xF7,0x9D,0xF7,0x9D,0xF7,0x9D,0xF7,0x9D,0xF7,0x9D,0xF7,
    0x9D,0xF7,0x9D,0xF7,0x9D,0xF7,0x9D,0xF7,0x9D,0xF7,0x9D,0xF7,0x9D,0xF7,0x9D,0xF7,
    0x9D,0xF7,0x9D,0xF7,0x9D,0xF7,0x9D,0xF7,0x9D,0xF7,0x9D,0xF7,0x9D,0xF7,0x9D,0xF7,
    0x9D,0xF7,0x9D,0xF7,0x9D,0xF7,0x9D,0xF7,0x9D,0xF7,0x9D,0xF7,0x7D,0xF7,0x9D,0xF7,
    0xFB,0xE6,0x16,0xC6,0x98,0xD6,0x37,0xCE,0x00,0x00,0xFF,0xFF,0x00,0x00,0x00,0x00,
    0x00,0x00,0x00,0x00,0xEF,0xBD,0x00,0x00,0x37,0xCE,0x98,0xD6,0x17,0xC6,0x78,0xD6,
    0x9D,0xF7,0x9D,0xF7,0x9D,0xF7,0x9D,0xF7,0x9D,0xF7,0x9D,0xF7,0x9D,0xF7,0x9D,0xF7,
    0x9D,0xF7,0x9D,0xF7,0x9D,0xF7,0x9D,0xF7,0x9D,0xF7,0x9D,0xF7,0x9D,0xF7,0x7D,0xF7,
    0x7D,0xF7,0x9D,0xF7,0x9D,0xF7,0x9D,0xF7,0x9D,0xF7,0x9D,0xF7,0x9D,0xF7,0x9D,0xF7,
    0x9D,0xF7,0x9D,0xF7,0x9D,0xF7,0x9D,0xF7,0x9D,0xF7,0x9D,0xF7,0x9D,0xF7,0x9D,0xF7,
    0x9D,0xF7,0x9D,0xF7,0x9D,0xF7,0x9D,0xF7,0x9D,0xF7,0x9D,0xF7,0x9D,0xF7,0x9D,0xF7,
    0x9D,0xF7,0x9D,0xF7,0x9D,0xF7,0x9D,0xF7,0x9D,0xF7,0x9D,0xF7,0x9D,0xF7,0x9D,0xF7,
    0x9D,0xF7,0x9D,0xF7,0x9D,0xF7,0xEA,0xCA,0xE6,0xC1,0xBA,0xEE,0xBE,0xF7,0x7D,0xF7,
    0x9D,0xF7,0x9D,0xF7,0x9D,0xF7,0x9D,0xF7,0x9D,0xF7,0x9D,0xF7,0x9D,0xF7,0x9D,0xF7,
    0x9D,0xF7,0x9D,0xF7,0x9D,0xF7,0x9D,0xF7,0x9D,0xF7,0x9D,0xF7,0x9D,0xF7,0x9D,0xF7,
    0x9D,0xF7,0x9D,0xF7,0x9D,0xF7,0x9D,0xF7,0x9D,0xF7,0x9D,0xF7,0x9D,0xF7,0x9D,0xF7,
    0x9D,0xF7,0x9D,0xF7,0x9D,0xF7,0x9D,0xF7,0x9D,0xF7,0x9D,0xF7,0x9D,0xF7,0x7D,0xF7,
    0x7D,0xF7,0x9D,0xF7,0x9D,0xF7,0x9D,0xF7,0x9D,0xF7,0x9D,0xF7,0x9D,0xF7,0x9D,0xF7,
    0x9D,0xF7,0x9D,0xF7,0x9D,0xF7,0x9D,0xF7,0x9D,0xF7,0x9D,0xF7,0x7D,0xF7,0x9D,0xF7,
    0x99,0xD6,0x16,0xC6,0xB9,0xDE,0x37,0xCE,0x00,0x00,0xF7,0xBD,0x00,0x00,0x00,0x00,
    0x00,0x00,0x00,0x00,0xFF,0xFF,0x00,0x00,0x56,0xCE,0x37,0xCE,0x57,0xCE,0x17,0xC6,
    0x3C,0xEF,0x9D,0xF7,0x7D,0xF7,0x9D,0xF7,0x9D,0xF7,0x9D,0xF7,0x9D,0xF7,0x9D,0xF7,
    0x9D,0xF7,0x9D,0xF7,0x9D,0xF7,0x9D,0xF7,0x9D,0xF7,0x9D,0xF7,0x7D,0xF7,0x9D,0xF7,
    0xBE,0xFF,0x9D,0xF7,0x9D,0xF7,0x9D,0xF7,0x9D,0xF7,0x9D,0xF7,0x9D,0xF7,0x9D,0xF7,
    0x9D,0xF7,0x9D,0xF7,0x9D,0xF7,0x9D,0xF7,0x9D,0xF7,0x9D,0xF7,0x9D,0xF7,0x9D,0xF7,
    0x9D,0xF7,0x9D,0xF7,0x9D,0xF7,0x9D,0xF7,0x9D,0xF7,0x9D,0xF7,0x9D,0xF7,0x9D,0xF7,
    0x9D,0xF7,0x9D,0xF7,0x9D,0xF7,0x9D,0xF7,0x9D,0xF7,0x9D,0xF7,0x9D,0xF7,0x9D,0xF7,
    0x9D,0xF7,0x9D,0xF7,0x9D,0xF7,0xEA,0xCA,0xE6,0xC1,0xBA,0xEE,0xBE,0xF7,0x7D,0xF7,
    0x9D,0xF7,0x9D,0xF7,0x9D,0xF7,0x9D,0xF7,0x9D,0xF7,0x9D,0xF7,0x9D,0xF7,0x9D,0xF7,
    0x9D,0xF7,0x9D,0xF7,0x9D,0xF7,0x9D,0xF7,0x9D,0xF7,0x9D,0xF7,0x9D,0xF7,0x9D,0xF7,
    0x9D,0xF7,0x9D,0xF7,0x9D,0xF7,0x9D,0xF7,0x9D,0xF7,0x9D,0xF7,0x9D,0xF7,0x9D,0xF7,
    0x9D,0xF7,0x9D,0xF7,0x9D,0xF7,0x9D,0xF7,0x9D,0xF7,0x9D,0xF7,0x9D,0xF7,0xBE,0xFF,
    0x9D,0xF7,0x7D,0xF7,0x9D,0xF7,0x9D,0xF7,0x9D,0xF7,0x9D,0xF7,0x9D,0xF7,0x9D,0xF7,
    0x9D,0xF7,0x9D,0xF7,0x9D,0xF7,0x9D,0xF7,0x9D,0xF7,0x9D,0xF7,0x9D,0xF7,0x5C,0xEF,
    0x37,0xCE,0x37,0xCE,0x37,0xCE,0x17,0xCE,0x00,0x00,0xEF,0xFF,0x00,0x00,0x00,0x00,
    0x00,0x00,0x00,0x00,0x00,0x00,0xFF,0xFF,0x00,0x00,0x37,0xCE,0x98,0xD6,0x16,0xC6,
    0xDA,0xDE,0x9D,0xF7,0x7D,0xF7,0x9D,0xF7,0x9D,0xF7,0x9D,0xF7,0x9D,0xF7,0x9D,0xF7,
    0x9D,0xF7,0x9D,0xF7,0x9D,0xF7,0x9D,0xF7,0x7D,0xF7,0x7D,0xF7,0xDE,0xFF,0x5C,0xEF,
    0xD6,0xBD,0x3C,0xEF,0x9D,0xF7,0x9D,0xF7,0x9D,0xF7,0x9D,0xF7,0x9D,0xF7,0x9D,0xF7,
    0x9D,0xF7,0x9D,0xF7,0x9D,0xF7,0x9D,0xF7,0x9D,0xF7,0x9D,0xF7,0x9D,0xF7,0x9D,0xF7,
    0x9D,0xF7,0x9D,0xF7,0x9D,0xF7,0x9D,0xF7,0x9D,0xF7,0x9D,0xF7,0x9D,0xF7,0x9D,0xF7,
    0x9D,0xF7,0x9D,0xF7,0x9D,0xF7,0x9D,0xF7,0x9D,0xF7,0x9D,0xF7,0x9D,0xF7,0x9D,0xF7,
    0x9D,0xF7,0x9D,0xF7,0x9D,0xF7,0xEA,0xCA,0xE6,0xC1,0xBA,0xEE,0xBE,0xF7,0x7D,0xF7,
    0x9D,0xF7,0x9D,0xF7,0x9D,0xF7,0x9D,0xF7,0x9D,0xF7,0x9D,0xF7,0x9D,0xF7,0x9D,0xF7,
    0x9D,0xF7,0x9D,0xF7,0x9D,0xF7,0x9D,0xF7,0x9D,0xF7,0x9D,0xF7,0x9D,0xF7,0x9D,0xF7,
    0x9D,0xF7,0x9D,0xF7,0x9D,0xF7,0x9D,0xF7,0x9D,0xF7,0x9D,0xF7,0x9D,0xF7,0x9D,0xF7,
    0x9D,0xF7,0x9D,0xF7,0x9D,0xF7,0x9D,0xF7,0x7D,0xF7,0xBD,0xF7,0x1B,0xE7,0x74,0xB5,
    0x1B,0xE7,0xDE,0xFF,0x9D,0xF7,0x7D,0xF7,0x9D,0xF7,0x9D,0xF7,0x9D,0xF7,0x9D,0xF7,
    0x9D,0xF7,0x9D,0xF7,0x9D,0xF7,0x9D,0xF7,0x9D,0xF7,0x7D,0xF7,0x9D,0xF7,0xFA,0xE6,
    0x16,0xC6,0x78,0xD6,0x37,0xCE,0x00,0x00,0xFF,0xFF,0x00,0x00,0x00,0x00,0x00,0x00,
    0x00,0x00,0x00,0x00,0x00,0x00,0xF5,0xFF,0x00,0x00,0x17,0xC6,0x98,0xD6,0x17,0xC6,
    0x57,0xCE,0x7D,0xF7,0x9D,0xF7,0x9D,0xF7,0x9D,0xF7,0x9D,0xF7,0x9D,0xF7,0x9D,0xF7,
    0x9D,0xF7,0x9D,0xF7,0x7D,0xF7,0x7D,0xF7,0xBE,0xF7,0x9D,0xF7,0x58,0xCE,0x91,0x94,
    0x8D,0x73,0x75,0xB5,0xBE,0xFF,0x7D,0xF7,0x9D,0xF7,0x9D,0xF7,0x9D,0xF7,0x9D,0xF7,
    0x9D,0xF7,0x9D,0xF7,0x9D,0xF7,0x9D,0xF7,0x9D,0xF7,0x9D,0xF7,0x9D,0xF7,0x9D,0xF7,
    0x9D,0xF7,0x9D,0xF7,0x9D,0xF7,0x9D,0xF7,0x9D,0xF7,0x9D,0xF7,0x9D,0xF7,0x9D,0xF7,
    0x9D,0xF7,0x9D,0xF7,0x9D,0xF7,0x9D,0xF7,0x9D,0xF7,0x9D,0xF7,0x9D,0xF7,0x9D,0xF7,
    0x9D,0xF7,0x9D,0xF7,0x9D,0xF7,0xEA,0xCA,0xE6,0xC1,0xBA,0xEE,0xBE,0xF7,0x7D,0xF7,
    0x9D,0xF7,0x9D,0xF7,0x9D,0xF7,0x9D,0xF7,0x9D,0xF7,0x9D,0xF7,0x9D,0xF7,0x9D,0xF7,
    0x9D,0xF7,0x9D,0xF7,0x9D,0xF7,0x9D,0xF7,0x9D,0xF7,0x9D,0xF7,0x9D,0xF7,0x9D,0xF7,
    0x9D,0xF7,0x9D,0xF7,0x9D,0xF7,0x9D,0xF7,0x9D,0xF7,0x9D,0xF7,0x9D,0xF7,0x9D,0xF7,
    0x9D,0xF7,0x9D,0xF7,0x9D,0xF7,0x9D,0xF7,0x7D,0xF7,0xBE,0xFF,0x74,0xB5,0x8D,0x73,
    0x50,0x8C,0xF6,0xBD,0x7C,0xEF,0xBE,0xFF,0x7D,0xF7,0x7D,0xF7,0x9D,0xF7,0x9D,0xF7,
    0x9D,0xF7,0x9D,0xF7,0x9D,0xF7,0x9D,0xF7,0x9D,0xF7,0x9D,0xF7,0x9D,0xF7,0x78,0xD6,
    0x16,0xC6,0x99,0xDE,0x37,0xCE,0x00,0x00,0xF7,0xBD,0x00,0x00,0x00,0x00,0x00,0x00,
    0x00,0x00,0x00,0x00,0x00,0x00,0x00,0x00,0xFF,0xFF,0xBA,0xD6,0x17,0xC6,0x78,0xD6,
    0x16,0xC6,0x1B,0xE7,0x9D,0xF7,0x7D,0xF7,0x9D,0xF7,0x9D,0xF7,0x9D,0xF7,0x9D,0xF7,
    0x9D,0xF7,0x7D,0xF7,0x9D,0xF7,0xBE,0xFF,0xBA,0xDE,0xF3,0xA4,0xEE,0x7B,0xEF,0x83,
    0x33,0xAD,0xDA,0xDE,0x9D,0xF7,0x9D,0xF7,0x9D,0xF7,0x9D,0xF7,0x9D,0xF7,0x9D,0xF7,
    0x9D,0xF7,0x9D,0xF7,0x9D,0xF7,0x9D,0xF7,0x9D,0xF7,0x9D,0xF7,0x9D,0xF7,0x9D,0xF7,
    0x9D,0xF7,0x9D,0xF7,0x9D,0xF7,0x9D,0xF7,0x9D,0xF7,0x9D,0xF7,0x9D,0xF7,0x9D,0xF7,
    0x9D,0xF7,0x9D,0xF7,0x9D,0xF7,0x9D,0xF7,0x9D,0xF7,0x9D,0xF7,0x9D,0xF7,0x9D,0xF7,
    0x9D,0xF7,0x9D,0xF7,0x9D,0xF7,0xEA,0xCA,0xE6,0xC1,0xBA,0xEE,0xBE,0xF7,0x7D,0xF7,
    0x9D,0xF7,0x9D,0xF7,0x9D,0xF7,0x9D,0xF7,0x9D,0xF7,0x9D,0xF7,0x9D,0xF7,0x9D,0xF7,
    0x9D,0xF7,0x9D,0xF7,0x9D,0xF7,0x9D,0xF7,0x9D,0xF7,0x9D,0xF7,0x9D,0xF7,0x9D,0xF7,
    0x9D,0xF7,0x9D,0xF7,0x9D,0xF7,0x9D,0xF7,0x9D,0xF7,0x9D,0xF7,0x9D,0xF7,0x9D,0xF7,
    0x9D,0xF7,0x9D,0xF7,0x9D,0xF7,0x9D,0xF7,0x9D,0xF7,0x9D,0xF7,0x1B,0xE7,0x95,0xB5,
    0x2F,0x84,0xCE,0x7B,0xB1,0x94,0x58,0xCE,0xBD,0xF7,0xBD,0xF7,0x7D,0xF7,0x7D,0xF7,
    0x9D,0xF7,0x9D,0xF7,0x9D,0xF7,0x9D,0xF7,0x7D,0xF7,0x9D,0xF7,0x3B,0xEF,0x17,0xC6,
    0x57,0xCE,0x37,0xCE,0x18,0xCE,0x00,0x00,0xFF,0xFF,0x00,0x00,0x00,0x00,0x00,0x00,
    0x00,0x00,0x00,0x00,0x00,0x00,0x00,0x00,0xF7,0xBD,0x00,0x00,0x37,0xCE,0xB9,0xDE,
    0x16,0xC6,0x78,0xD6,0x9D,0xF7,0x9D,0xF7,0x9D,0xF7,0x9D,0xF7,0x9D,0xF7,0x7D,0xF7,
    0x9D,0xF7,0xDE,0xFF,0x3B,0xE7,0x75,0xB5,0x0F,0x84,0xCE,0x7B,0xB2,0x9C,0x79,0xD6,
    0xBD,0xF7,0xBD,0xF7,0x7D,0xF7,0x9D,0xF7,0x9D,0xF7,0x9D,0xF7,0x9D,0xF7,0x9D,0xF7,
    0x9D,0xF7,0x9D,0xF7,0x9D,0xF7,0x9D,0xF7,0x9D,0xF7,0x9D,0xF7,0x9D,0xF7,0x9D,0xF7,
    0x9D,0xF7,0x9D,0xF7,0x9D,0xF7,0x9D,0xF7,0x9D,0xF7,0x9D,0xF7,0x9D,0xF7,0x9D,0xF7,
    0x9D,0xF7,0x9D,0xF7,0x9D,0xF7,0x9D,0xF7,0x9D,0xF7,0x9D,0xF7,0x9D,0xF7,0x9D,0xF7,
    0x9D,0xF7,0x9D,0xF7,0x9D,0xF7,0xEA,0xCA,0xE6,0xC1,0xBA,0xEE,0xBE,0xF7,0x7D,0xF7,
    0x9D,0xF7,0x9D,0xF7,0x9D,0xF7,0x9D,0xF7,0x9D,0xF7,0x9D,0xF7,0x9D,0xF7,0x9D,0xF7,
    0x9D,0xF7,0x9D,0xF7,0x9D,0xF7,0x9D,0xF7,0x9D,0xF7,0x9D,0xF7,0x9D,0xF7,0x9D,0xF7,
    0x9D,0xF7,0x9D,0xF7,0x9D,0xF7,0x9D,0xF7,0x9D,0xF7,0x9D,0xF7,0x9D,0xF7,0x9D,0xF7,
    0x9D,0xF7,0x9D,0xF7,0x9D,0xF7,0x9D,0xF7,0x9D,0xF7,0x9D,0xF7,0x9D,0xF7,0xBE,0xFF,
    0xDA,0xDE,0x13,0xA5,0xEE,0x83,0xEE,0x83,0x13,0xA5,0xDA,0xDE,0xBE,0xFF,0x9D,0xF7,
    0x7D,0xF7,0x9D,0xF7,0x9D,0xF7,0x9D,0xF7,0x7D,0xF7,0x9D,0xF7,0xB9,0xD6,0x16,0xC6,
    0xB9,0xDE,0x37,0xCE,0x00,0x00,0xF7,0xBD,0x00,0x00,0x00,0x00,0x00,0x00,0x00,0x00,
    0x00,0x00,0x00,0x00,0x00,0x00,0x00,0x00,0xEF,0x7B,0x00,0x00,0x37,0xC6,0x37,0xCE,
    0x37,0xCE,0x16,0xC6,0x3B,0xE7,0x9D,0xF7,0x7D,0xF7,0x9D,0xF7,0x7D,0xF7,0xBE,0xFF,
    0x7D,0xF7,0xF7,0xC5,0x50,0x8C,0xCE,0x7B,0x50,0x8C,0x17,0xC6,0x7D,0xF7,0xBE,0xFF,
    0x7D,0xF7,0x7D,0xF7,0x9D,0xF7,0x9D,0xF7,0x9D,0xF7,0x9D,0xF7,0x9D,0xF7,0x9D,0xF7,
    0x9D,0xF7,0x9D,0xF7,0x9D,0xF7,0x9D,0xF7,0x9D,0xF7,0x9D,0xF7,0x9D,0xF7,0x9D,0xF7,
    0x9D,0xF7,0x9D,0xF7,0x9D,0xF7,0x9D,0xF7,0x9D,0xF7,0x9D,0xF7,0x9D,0xF7,0x9D,0xF7,
    0x9D,0xF7,0x9D,0xF7,0x9D,0xF7,0x9D,0xF7,0x9D,0xF7,0x9D,0xF7,0x9D,0xF7,0x9D,0xF7,
    0x9D,0xF7,0x9D,0xF7,0x9D,0xF7,0xEA,0xCA,0xE6,0xC1,0xBA,0xEE,0xBE,0xF7,0x7D,0xF7,
    0x9D,0xF7,0x9D,0xF7,0x9D,0xF7,0x9D,0xF7,0x9D,0xF7,0x9D,0xF7,0x9D,0xF7,0x9D,0xF7,
    0x9D,0xF7,0x9D,0xF7,0x9D,0xF7,0x9D,0xF7,0x9D,0xF7,0x9D,0xF7,0x9D,0xF7,0x9D,0xF7,
    0x9D,0xF7,0x9D,0xF7,0x9D,0xF7,0x9D,0xF7,0x9D,0xF7,0x9D,0xF7,0x9D,0xF7,0x9D,0xF7,
    0x9D,0xF7,0x9D,0xF7,0x9D,0xF7,0x9D,0xF7,0x9D,0xF7,0x9D,0xF7,0x7D,0xF7,0x7D,0xF7,
    0xBD,0xF7,0xBD,0xF7,0x78,0xCE,0xB1,0x94,0xCE,0x7B,0x0F,0x84,0x95,0xB5,0x3C,0xEF,
    0xBE,0xFF,0x7D,0xF7,0x9D,0xF7,0x9D,0xF7,0x9D,0xF7,0x5C,0xEF,0x37,0xCE,0x37,0xCE,
    0x57,0xCE,0x17,0xC6,0x00,0x00,0x55,0xAD,0x00,0x00,0x00,0x00,0x00,0x00,0x00,0x00,
    0x00,0x00,0x00,0x00,0x00,0x00,0x00,0x00,0x00,0x00,0xFF,0xFF,0x00,0x00,0x37,0xCE,
    0xB9,0xDE,0x16,0xC6,0x99,0xD6,0x9D,0xF7,0x7D,0xF7,0x7D,0xF7,0xBD,0xF7,0x99,0xD6,
    0xB1,0x94,0xCE,0x7B,0x0F,0x84,0x95,0xB5,0x3B,0xEF,0xDE,0xFF,0x9D,0xF7,0x7D,0xF7,
    0x9D,0xF7,0x9D,0xF7,0x9D,0xF7,0x9D,0xF7,0x9D,0xF7,0x9D,0xF7,0x9D,0xF7,0x9D,0xF7,
    0x9D,0xF7,0x9D,0xF7,0x9D,0xF7,0x9D,0xF7,0x9D,0xF7,0x9D,0xF7,0x9D,0xF7,0x9D,0xF7,
    0x9D,0xF7,0x9D,0xF7,0x9D,0xF7,0x9D,0xF7,0x9D,0xF7,0x9D,0xF7,0x9D,0xF7,0x9D,0xF7,
    0x9D,0xF7,0x9D,0xF7,0x9D,0xF7,0x9D,0xF7,0x9D,0xF7,0x9D,0xF7,0x9D,0xF7,0x9D,0xF7,
    0x9D,0xF7,0x9D,0xF7,0x9D,0xF7,0xEA,0xCA,0xE6,0xC1,0xBA,0xEE,0xBE,0xF7,0x7D,0xF7,
    0x9D,0xF7,0x9D,0xF7,0x9D,0xF7,0x9D,0xF7,0x9D,0xF7,0x9D,0xF7,0x9D,0xF7,0x9D,0xF7,
    0x9D,0xF7,0x9D,0xF7,0x9D,0xF7,0x9D,0xF7,0x9D,0xF7,0x9D,0xF7,0x9D,0xF7,0x9D,0xF7,
    0x9D,0xF7,0x9D,0xF7,0x9D,0xF7,0x9D,0xF7,0x9D,0xF7,0x9D,0xF7,0x9D,0xF7,0x9D,0xF7,
    0x9D,0xF7,0x9D,0xF7,0x9D,0xF7,0x9D,0xF7,0x9D,0xF7,0x9D,0xF7,0x9D,0xF7,0x9D,0xF7,
    0x7D,0xF7,0x7D,0xF7,0xBE,0xFF,0x7C,0xEF,0xF6,0xBD,0x50,0x8C,0xCE,0x7B,0x50,0x8C,
    0x58,0xCE,0xBD,0xF7,0x7D,0xF7,0x7D,0xF7,0x9D,0xF7,0xB9,0xDE,0x16,0xC6,0x98,0xD6,
    0x17,0xC6,0x00,0x00,0xFF,0xFF,0x00,0x00,0x00,0x00,0x00,0x00,0x00,0x00,0x00,0x00,
    0x00,0x00,0x00,0x00,0x00,0x00,0x00,0x00,0x00,0x00,0xEF,0xFF,0xFF,0xFF,0x37,0xCE,
    0x57,0xCE,0x37,0xCE,0x17,0xC6,0x3B,0xEF,0x9D,0xF7,0x7D,0xF7,0xBE,0xFF,0x38,0xCE,
    0xCE,0x7B,0x13,0xA5,0xDA,0xDE,0xBE,0xFF,0x9D,0xF7,0x7D,0xF7,0x9D,0xF7,0x9D,0xF7,
    0x9D,0xF7,0x9D,0xF7,0x9D,0xF7,0x9D,0xF7,0x9D,0xF7,0x9D,0xF7,0x9D,0xF7,0x9D,0xF7,
    0x9D,0xF7,0x9D,0xF7,0x9D,0xF7,0x9D,0xF7,0x9D,0xF7,0x9D,0xF7,0x9D,0xF7,0x9D,0xF7,
    0x9D,0xF7,0x9D,0xF7,0x9D,0xF7,0x9D,0xF7,0x9D,0xF7,0x9D,0xF7,0x9D,0xF7,0x9D,0xF7,
    0x9D,0xF7,0x9D,0xF7,0x9D,0xF7,0x9D,0xF7,0x9D,0xF7,0x9D,0xF7,0x9D,0xF7,0x9D,0xF7,
    0x9D,0xF7,0x9D,0xF7,0x9D,0xF7,0xEA,0xCA,0xE6,0xC1,0xBA,0xEE,0xBE,0xF7,0x7D,0xF7,
    0x9D,0xF7,0x9D,0xF7,0x9D,0xF7,0x9D,0xF7,0x9D,0xF7,0x9D,0xF7,0x9D,0xF7,0x9D,0xF7,
    0x9D,0xF7,0x9D,0xF7,0x9D,0xF7,0x9D,0xF7,0x9D,0xF7,0x9D,0xF7,0x9D,0xF7,0x9D,0xF7,
    0x9D,0xF7,0x9D,0xF7,0x9D,0xF7,0x9D,0xF7,0x9D,0xF7,0x9D,0xF7,0x9D,0xF7,0x9D,0xF7,
    0x9D,0xF7,0x9D,0xF7,0x9D,0xF7,0x9D,0xF7,0x9D,0xF7,0x9D,0xF7,0x9D,0xF7,0x9D,0xF7,
    0x9D,0xF7,0x9D,0xF7,0x7D,0xF7,0x9D,0xF7,0xDE,0xFF,0x1B,0xE7,0x74,0xAD,0x0F,0x84,
    0x78,0xD6,0xBE,0xFF,0x7D,0xF7,0x9D,0xF7,0x5C,0xEF,0x37,0xCE,0x37,0xCE,0x78,0xD6,
    0x37,0xCE,0x00,0x00,0x55,0xAD,0x00,0x00,0x00,0x00,0x00,0x00,0x00,0x00,0x00,0x00,
    0x00,0x00,0x00,0x00,0x00,0x00,0x00,0x00,0x00,0x00,0x00,0x00,0x55,0xAD,0x00,0x00,
    0x16,0xC6,0x99,0xDE,0x16,0xC6,0x98,0xD6,0x9D,0xF7,0x9D,0xF7,0x9D,0xF7,0x9D,0xF7,
    0xB9,0xD6,0x9D,0xF7,0xBE,0xFF,0x7D,0xF7,0x7D,0xF7,0x9D,0xF7,0x9D,0xF7,0x9D,0xF7,
    0x9D,0xF7,0x9D,0xF7,0x9D,0xF7,0x9D,0xF7,0x9D,0xF7,0x9D,0xF7,0x9D,0xF7,0x9D,0xF7,
    0x9D,0xF7,0x9D,0xF7,0x9D,0xF7,0x9D,0xF7,0x9D,0xF7,0x9D,0xF7,0x9D,0xF7,0x9D,0xF7,
    0x9D,0xF7,0x9D,0xF7,0x9D,0xF7,0x9D,0xF7,0x9D,0xF7,0x9D,0xF7,0x9D,0xF7,0x9D,0xF7,
    0x9D,0xF7,0x9D,0xF7,0x9D,0xF7,0x9D,0xF7,0x9D,0xF7,0x9D,0xF7,0x9D,0xF7,0x9D,0xF7,
    0x9D,0xF7,0x9D,0xF7,0x9D,0xF7,0xEA,0xCA,0xE6,0xC1,0xBA,0xEE,0xBE,0xF7,0x7D,0xF7,
    0x9D,0xF7,0x9D,0xF7,0x9D,0xF7,0x9D,0xF7,0x9D,0xF7,0x9D,0xF7,0x9D,0xF7,0x9D,0xF7,
    0x9D,0xF7,0x9D,0xF7,0x9D,0xF7,0x9D,0xF7,0x9D,0xF7,0x9D,0xF7,0x9D,0xF7,0x9D,0xF7,
    0x9D,0xF7,0x9D,0xF7,0x9D,0xF7,0x9D,0xF7,0x9D,0xF7,0x9D,0xF7,0x9D,0xF7,0x9D,0xF7,
    0x9D,0xF7,0x9D,0xF7,0x9D,0xF7,0x9D,0xF7,0x9D,0xF7,0x9D,0xF7,0x9D,0xF7,0x9D,0xF7,
    0x9D,0xF7,0x9D,0xF7,0x9D,0xF7,0x9D,0xF7,0x7D,0xF7,0xBD,0xF7,0xBD,0xF7,0xFB,0xE6,
    0x9D,0xF7,0x9D,0xF7,0x7D,0xF7,0x9D,0xF7,0xB9,0xDE,0x16,0xC6,0x98,0xD6,0x17,0xC6,
    0x00,0x00,0xFF,0xFF,0x00,0x00,0x00,0x00,0x00,0x00,0x00,0x00,0x00,0x00,0x00,0x00,
    0x00,0x00,0x00,0x00,0x00,0x00,0x00,0x00,0x00,0x00,0x00,0x00,0xEF,0xFF,0xFF,0xFF,
    0x37,0xCE,0x57,0xCE,0x37,0xCE,0x16,0xC6,0x1B,0xE7,0x9D,0xF7,0x7D,0xF7,0x9D,0xF7,
    0xBD,0xF7,0x9D,0xF7,0x7D,0xF7,0x9D,0xF7,0x9D,0xF7,0x9D,0xF7,0x9D,0xF7,0x9D,0xF7,
    0x9D,0xF7,0x9D,0xF7,0x9D,0xF7,0x9D,0xF7,0x9D,0xF7,0x9D,0xF7,0x9D,0xF7,0x9D,0xF7,
    0x9D,0xF7,0x9D,0xF7,0x9D,0xF7,0x9D,0xF7,0x9D,0xF7,0x9D,0xF7,0x9D,0xF7,0x9D,0xF7,
    0x9D,0xF7,0x9D,0xF7,0x9D,0xF7,0x9D,0xF7,0x9D,0xF7,0x9D,0xF7,0x9D,0xF7,0x9D,0xF7,
    0x9D,0xF7,0x9D,0xF7,0x9D,0xF7,0x9D,0xF7,0x9D,0xF7,0x9D,0xF7,0x9D,0xF7,0x9D,0xF7,
    0x9D,0xF7,0x9D,0xF7,0x9D,0xF7,0xEA,0xCA,0xE6,0xC1,0xBA,0xEE,0xBE,0xF7,0x7D,0xF7,
    0x9D,0xF7,0x9D,0xF7,0x9D,0xF7,0x9D,0xF7,0x9D,0xF7,0x9D,0xF7,0x9D,0xF7,0x9D,0xF7,
    0x9D,0xF7,0x9D,0xF7,0x9D,0xF7,0x9D,0xF7,0x9D,0xF7,0x9D,0xF7,0x9D,0xF7,0x9D,0xF7,
    0x9D,0xF7,0x9D,0xF7,0x9D,0xF7,0x9D,0xF7,0x9D,0xF7,0x9D,0xF7,0x9D,0xF7,0x9D,0xF7,
    0x9D,0xF7,0x9D,0xF7,0x9D,0xF7,0x9D,0xF7,0x9D,0xF7,0x9D,0xF7,0x9D,0xF7,0x9D,0xF7,
    0x9D,0xF7,0x9D,0xF7,0x9D,0xF7,0x9D,0xF7,0x9D,0xF7,0x7D,0xF7,0x7D,0xF7,0xBD,0xF7,
    0x9D,0xF7,0x7D,0xF7,0x9D,0xF7,0x3C,0xEF,0x37,0xCE,0x37,0xCE,0x78,0xD6,0x37,0xCE,
    0x00,0x00,0x55,0xAD,0x00,0x00,0x00,0x00,0x00,0x00,0x00,0x00,0x00,0x00,0x00,0x00,
    0x00,0x00,0x00,0x00,0x00,0x00,0x00,0x00,0x00,0x00,0x00,0x00,0x00,0x00,0xFF,0xFF,
    0x00,0x00,0x17,0xC6,0xB9,0xDE,0x16,0xC6,0x58,0xCE,0x7D,0xF7,0x9D,0xF7,0x9D,0xF7,
    0x7D,0xF7,0x9D,0xF7,0x9D,0xF7,0x9D,0xF7,0x9D,0xF7,0x9D,0xF7,0x9D,0xF7,0x9D,0xF7,
    0x9D,0xF7,0x9D,0xF7,0x9D,0xF7,0x9D,0xF7,0x9D,0xF7,0x9D,0xF7,0x9D,0xF7,0x9D,0xF7,
    0x9D,0xF7,0x9D,0xF7,0x9D,0xF7,0x9D,0xF7,0x9D,0xF7,0x9D,0xF7,0x9D,0xF7,0x9D,0xF7,
    0x9D,0xF7,0x9D,0xF7,0x9D,0xF7,0x9D,0xF7,0x9D,0xF7,0x9D,0xF7,0x9D,0xF7,0x9D,0xF7,
    0x9D,0xF7,0x9D,0xF7,0x9D,0xF7,0x9D,0xF7,0x9D,0xF7,0x9D,0xF7,0x9D,0xF7,0x9D,0xF7,
    0x9D,0xF7,0x9D,0xF7,0x9D,0xF7,0xEA,0xCA,0xE6,0xC1,0xBA,0xEE,0xBE,0xF7,0x7D,0xF7,
    0x9D,0xF7,0x9D,0xF7,0x9D,0xF7,0x9D,0xF7,0x9D,0xF7,0x9D,0xF7,0x9D,0xF7,0x9D,0xF7,
    0x9D,0xF7,0x9D,0xF7,0x9D,0xF7,0x9D,0xF7,0x9D,0xF7,0x9D,0xF7,0x9D,0xF7,0x9D,0xF7,
    0x9D,0xF7,0x9D,0xF7,0x9D,0xF7,0x9D,0xF7,0x9D,0xF7,0x9D,0xF7,0x9D,0xF7,0x9D,0xF7,
    0x9D,0xF7,0x9D,0xF7,0x9D,0xF7,0x9D,0xF7,0x9D,0xF7,0x9D,0xF7,0x9D,0xF7,0x9D,0xF7,
    0x9D,0xF7,0x9D,0xF7,0x9D,0xF7,0x9D,0xF7,0x9D,0xF7,0x9D,0xF7,0x9D,0xF7,0x7D,0xF7,
    0x9D,0xF7,0x9D,0xF7,0x9D,0xF7,0x78,0xD6,0x16,0xC6,0x98,0xD6,0x37,0xC6,0x00,0x00,
    0x55,0xAD,0x00,0x00,0x00,0x00,0x00,0x00,0x00,0x00,0x00,0x00,0x00,0x00,0x00,0x00,
    0x00,0x00,0x00,0x00,0x00,0x00,0x00,0x00,0x00,0x00,0x00,0x00,0x00,0x00,0xFF,0xFF,
    0xFF,0xFF,0xF7,0xCD,0x37,0xCE,0x58,0xCE,0x16,0xC6,0xDA,0xDE,0x9D,0xF7,0x7D,0xF7,
    0x9D,0xF7,0x9D,0xF7,0x9D,0xF7,0x9D,0xF7,0x9D,0xF7,0x9D,0xF7,0x9D,0xF7,0x9D,0xF7,
    0x9D,0xF7,0x9D,0xF7,0x9D,0xF7,0x9D,0xF7,0x9D,0xF7,0x9D,0xF7,0x9D,0xF7,0x9D,0xF7,
    0x9D,0xF7,0x9D,0xF7,0x9D,0xF7,0x9D,0xF7,0x9D,0xF7,0x9D,0xF7,0x9D,0xF7,0x9D,0xF7,
    0x9D,0xF7,0x9D,0xF7,0x9D,0xF7,0x9D,0xF7,0x9D,0xF7,0x9D,0xF7,0x9D,0xF7,0x9D,0xF7,
    0x9D,0xF7,0x9D,0xF7,0x9D,0xF7,0x9D,0xF7,0x9D,0xF7,0x9D,0xF7,0x9D,0xF7,0x9D,0xF7,
    0x9D,0xF7,0x9D,0xF7,0x9D,0xF7,0xEA,0xCA,0xE6,0xC1,0xBA,0xEE,0xBE,0xF7,0x7D,0xF7,
    0x9D,0xF7,0x9D,0xF7,0x9D,0xF7,0x9D,0xF7,0x9D,0xF7,0x9D,0xF7,0x9D,0xF7,0x9D,0xF7,
    0x9D,0xF7,0x9D,0xF7,0x9D,0xF7,0x9D,0xF7,0x9D,0xF7,0x9D,0xF7,0x9D,0xF7,0x9D,0xF7,
    0x9D,0xF7,0x9D,0xF7,0x9D,0xF7,0x9D,0xF7,0x9D,0xF7,0x9D,0xF7,0x9D,0xF7,0x9D,0xF7,
    0x9D,0xF7,0x9D,0xF7,0x9D,0xF7,0x9D,0xF7,0x9D,0xF7,0x9D,0xF7,0x9D,0xF7,0x9D,0xF7,
    0x9D,0xF7,0x9D,0xF7,0x9D,0xF7,0x9D,0xF7,0x9D,0xF7,0x9D,0xF7,0x9D,0xF7,0x9D,0xF7,
    0x7D,0xF7,0x9D,0xF7,0xFA,0xE6,0x16,0xC6,0x57,0xCE,0x57,0xCE,0x58,0xD6,0xFF,0xFF,
    0xEF,0xFF,0x00,0x00,0x00,0x00,0x00,0x00,0x00,0x00,0x00,0x00,0x00,0x00,0x00,0x00,
    0x00,0x00,0x00,0x00,0x00,0x00,0x00,0x00,0x00,0x00,0x00,0x00,0x00,0x00,0x00,0x00,
    0xF5,0xFF,0x00,0x00,0x17,0xCE,0x98,0xD6,0x37,0xCE,0x37,0xCE,0x5C,0xEF,0x9D,0xF7,
    0x7D,0xF7,0x9D,0xF7,0x9D,0xF7,0x9D,0xF7,0x9D,0xF7,0x9D,0xF7,0x9D,0xF7,0x9D,0xF7,
    0x9D,0xF7,0x9D,0xF7,0x9D,0xF7,0x9D,0xF7,0x9D,0xF7,0x9D,0xF7,0x9D,0xF7,0x9D,0xF7,
    0x9D,0xF7,0x9D,0xF7,0x9D,0xF7,0x9D,0xF7,0x9D,0xF7,0x9D,0xF7,0x9D,0xF7,0x9D,0xF7,
    0x9D,0xF7,0x9D,0xF7,0x9D,0xF7,0x9D,0xF7,0x9D,0xF7,0x9D,0xF7,0x9D,0xF7,0x9D,0xF7,
    0x9D,0xF7,0x9D,0xF7,0x9D,0xF7,0x9D,0xF7,0x9D,0xF7,0x9D,0xF7,0x9D,0xF7,0x9D,0xF7,
    0x9D,0xF7,0x9D,0xF7,0x9D,0xF7,0xEA,0xCA,0xE6,0xC1,0xBA,0xEE,0xBE,0xF7,0x7D,0xF7,
    0x9D,0xF7,0x9D,0xF7,0x9D,0xF7,0x9D,0xF7,0x9D,0xF7,0x9D,0xF7,0x9D,0xF7,0x9D,0xF7,
    0x9D,0xF7,0x9D,0xF7,0x9D,0xF7,0x9D,0xF7,0x9D,0xF7,0x9D,0xF7,0x9D,0xF7,0x9D,0xF7,
    0x9D,0xF7,0x9D,0xF7,0x9D,0xF7,0x9D,0xF7,0x9D,0xF7,0x9D,0xF7,0x9D,0xF7,0x9D,0xF7,
    0x9D,0xF7,0x9D,0xF7,0x9D,0xF7,0x9D,0xF7,0x9D,0xF7,0x9D,0xF7,0x9D,0xF7,0x9D,0xF7,
    0x9D,0xF7,0x9D,0xF7,0x9D,0xF7,0x9D,0xF7,0x9D,0xF7,0x9D,0xF7,0x9D,0xF7,0x9D,0xF7,
    0x9D,0xF7,0x7C,0xEF,0x37,0xCE,0x37,0xCE,0xB9,0xDE,0x17,0xC6,0x00,0x00,0xF5,0xFF,
    0x00,0x00,0x00,0x00,0x00,0x00,0x00,0x00,0x00,0x00,0x00,0x00,0x00,0x00,0x00,0x00,
    0x00,0x00,0x00,0x00,0x00,0x00,0x00,0x00,0x00,0x00,0x00,0x00,0x00,0x00,0x00,0x00,
    0x00,0x00,0x55,0xAD,0x00,0x00,0x17,0xC6,0x98,0xD6,0x16,0xC6,0x78,0xD6,0x9D,0xF7,
    0x9D,0xF7,0x9D,0xF7,0x9D,0xF7,0x9D,0xF7,0x9D,0xF7,0x9D,0xF7,0x9D,0xF7,0x9D,0xF7,
    0x9D,0xF7,0x9D,0xF7,0x9D,0xF7,0x9D,0xF7,0x9D,0xF7,0x9D,0xF7,0x9D,0xF7,0x9D,0xF7,
    0x9D,0xF7,0x9D,0xF7,0x9D,0xF7,0x9D,0xF7,0x9D,0xF7,0x9D,0xF7,0x9D,0xF7,0x9D,0xF7,
    0x9D,0xF7,0x9D,0xF7,0x9D,0xF7,0x9D,0xF7,0x9D,0xF7,0x9D,0xF7,0x9D,0xF7,0x9D,0xF7,
    0x9D,0xF7,0x9D,0xF7,0x9D,0xF7,0x9D,0xF7,0x9D,0xF7,0x9D,0xF7,0x9D,0xF7,0x9D,0xF7,
    0x9D,0xF7,0x9D,0xF7,0x9D,0xF7,0xEA,0xCA,0xE6,0xC1,0xBA,0xEE,0xBE,0xF7,0x7D,0xF7,
    0x9D,0xF7,0x9D,0xF7,0x9D,0xF7,0x9D,0xF7,0x9D,0xF7,0x9D,0xF7,0x9D,0xF7,0x9D,0xF7,
    0x9D,0xF7,0x9D,0xF7,0x9D,0xF7,0x9D,0xF7,0x9D,0xF7,0x9D,0xF7,0x9D,0xF7,0x9D,0xF7,
    0x9D,0xF7,0x9D,0xF7,0x9D,0xF7,0x9D,0xF7,0x9D,0xF7,0x9D,0xF7,0x9D,0xF7,0x9D,0xF7,
    0x9D,0xF7,0x9D,0xF7,0x9D,0xF7,0x9D,0xF7,0x9D,0xF7,0x9D,0xF7,0x9D,0xF7,0x9D,0xF7,
    0x9D,0xF7,0x9D,0xF7,0x9D,0xF7,0x9D,0xF7,0x9D,0xF7,0x9D,0xF7,0x9D,0xF7,0x7D,0xF7,
    0x9D,0xF7,0x99,0xD6,0x16,0xC6,0x78,0xD6,0x37,0xCE,0xB6,0xDD,0x55,0xAD,0xE0,0xFF,
    0x00,0x00,0x00,0x00,0x00,0x00,0x00,0x00,0x00,0x00,0x00,0x00,0x00,0x00,0x00,0x00,
    0x00,0x00,0x00,0x00,0x00,0x00,0x00,0x00,0x00,0x00,0x00,0x00,0x00,0x00,0x00,0x00,
    0x00,0x00,0xEF,0xFF,0xFF,0xFF,0x17,0xCE,0x57,0xCE,0x57,0xCE,0x16,0xC6,0xD9,0xDE,
    0x9D,0xF7,0x7D,0xF7,0x9D,0xF7,0x9D,0xF7,0x9D,0xF7,0x9D,0xF7,0x9D,0xF7,0x9D,0xF7,
    0x9D,0xF7,0x9D,0xF7,0x9D,0xF7,0x9D,0xF7,0x9D,0xF7,0x9D,0xF7,0x9D,0xF7,0x9D,0xF7,
    0x9D,0xF7,0x9D,0xF7,0x9D,0xF7,0x9D,0xF7,0x9D,0xF7,0x9D,0xF7,0x9D,0xF7,0x7D,0xF7,
    0x7D,0xF7,0x9D,0xF7,0x9D,0xF7,0x9D,0xF7,0x9D,0xF7,0x9D,0xF7,0x9D,0xF7,0x9D,0xF7,
    0x9D,0xF7,0x9D,0xF7,0x9D,0xF7,0x9D,0xF7,0x9D,0xF7,0x9D,0xF7,0x9D,0xF7,0x9D,0xF7,
    0x9D,0xF7,0x9D,0xF7,0x9D,0xF7,0xEA,0xCA,0xE6,0xC1,0xBA,0xEE,0xBE,0xF7,0x7D,0xF7,
    0x9D,0xF7,0x9D,0xF7,0x9D,0xF7,0x9D,0xF7,0x9D,0xF7,0x9D,0xF7,0x9D,0xF7,0x9D,0xF7,
    0x9D,0xF7,0x9D,0xF7,0x9D,0xF7,0x9D,0xF7,0x9D,0xF7,0x9D,0xF7,0x9D,0xF7,0x7D,0xF7,
    0x7D,0xF7,0x9D,0xF7,0x9D,0xF7,0x9D,0xF7,0x9D,0xF7,0x9D,0xF7,0x9D,0xF7,0x9D,0xF7,
    0x9D,0xF7,0x9D,0xF7,0x9D,0xF7,0x9D,0xF7,0x9D,0xF7,0x9D,0xF7,0x9D,0xF7,0x9D,0xF7,
    0x9D,0xF7,0x9D,0xF7,0x9D,0xF7,0x9D,0xF7,0x9D,0xF7,0x9D,0xF7,0x7D,0xF7,0x9D,0xF7,
    0xFA,0xE6,0x16,0xC6,0x57,0xCE,0x78,0xD6,0x37,0xCE,0x00,0x00,0x55,0xAD,0x00,0x00,
    0x00,0x00,0x00,0x00,0x00,0x00,0x00,0x00,0x00,0x00,0x00,0x00,0x00,0x00,0x00,0x00,
    0x00,0x00,0x00,0x00,0x00,0x00,0x00,0x00,0x00,0x00,0x00,0x00,0x00,0x00,0x00,0x00,
    0x00,0x00,0x00,0x00,0xF5,0xFF,0x00,0x00,0x16,0xC6,0x98,0xDE,0x37,0xCE,0x16,0xC6,
    0x1B,0xE7,0x9D,0xF7,0x7D,0xF7,0x9D,0xF7,0x9D,0xF7,0x9D,0xF7,0x9D,0xF7,0x9D,0xF7,
    0x9D,0xF7,0x9D,0xF7,0x9D,0xF7,0x9D,0xF7,0x9D,0xF7,0x9D,0xF7,0x9D,0xF7,0x9D,0xF7,
    0x9D,0xF7,0x9D,0xF7,0x9D,0xF7,0x9D,0xF7,0x9D,0xF7,0x9D,0xF7,0x9D,0xF7,0xBE,0xFF,
    0x9D,0xF7,0x9D,0xF7,0x9D,0xF7,0x9D,0xF7,0x9D,0xF7,0x9D,0xF7,0x9D,0xF7,0x9D,0xF7,
    0x9D,0xF7,0x9D,0xF7,0x9D,0xF7,0x9D,0xF7,0x9D,0xF7,0x9D,0xF7,0x9D,0xF7,0x9D,0xF7,
    0x9D,0xF7,0x9D,0xF7,0x9D,0xF7,0xEA,0xCA,0xE6,0xC1,0xBA,0xEE,0xBE,0xF7,0x7D,0xF7,
    0x9D,0xF7,0x9D,0xF7,0x9D,0xF7,0x9D,0xF7,0x9D,0xF7,0x9D,0xF7,0x9D,0xF7,0x9D,0xF7,
    0x9D,0xF7,0x9D,0xF7,0x9D,0xF7,0x9D,0xF7,0x9D,0xF7,0x9D,0xF7,0x9D,0xF7,0x9D,0xF7,
    0xBE,0xFF,0x9D,0xF7,0x9D,0xF7,0x9D,0xF7,0x9D,0xF7,0x9D,0xF7,0x9D,0xF7,0x9D,0xF7,
    0x9D,0xF7,0x9D,0xF7,0x9D,0xF7,0x9D,0xF7,0x9D,0xF7,0x9D,0xF7,0x9D,0xF7,0x9D,0xF7,
    0x9D,0xF7,0x9D,0xF7,0x9D,0xF7,0x9D,0xF7,0x9D,0xF7,0x7D,0xF7,0x9D,0xF7,0x3C,0xEF,
    0x37,0xCE,0x37,0xCE,0xB9,0xDE,0x17,0xC6,0x00,0x00,0xF7,0xBD,0x00,0x00,0x00,0x00,
    0x00,0x00,0x00,0x00,0x00,0x00,0x00,0x00,0x00,0x00,0x00,0x00,0x00,0x00,0x00,0x00,
    0x00,0x00,0x00,0x00,0x00,0x00,0x00,0x00,0x00,0x00,0x00,0x00,0x00,0x00,0x00,0x00,
    0x00,0x00,0x00,0x00,0x00,0x00,0xF7,0xBD,0x00,0x00,0x17,0xC6,0x99,0xDE,0x16,0xC6,
    0x37,0xCE,0x5C,0xEF,0x9D,0xF7,0x7D,0xF7,0x9D,0xF7,0x9D,0xF7,0x9D,0xF7,0x9D,0xF7,
    0x9D,0xF7,0x9D,0xF7,0x9D,0xF7,0x9D,0xF7,0x9D,0xF7,0x9D,0xF7,0x9D,0xF7,0x9D,0xF7,
    0x9D,0xF7,0x9D,0xF7,0x9D,0xF7,0x9D,0xF7,0x7D,0xF7,0xBD,0xF7,0x1B,0xE7,0x74,0xB5,
    0x1B,0xE7,0x9D,0xF7,0x9D,0xF7,0x9D,0xF7,0x9D,0xF7,0x9D,0xF7,0x9D,0xF7,0x9D,0xF7,
    0x9D,0xF7,0x9D,0xF7,0x9D,0xF7,0x9D,0xF7,0x9D,0xF7,0x9D,0xF7,0x9D,0xF7,0x9D,0xF7,
    0x9D,0xF7,0x9D,0xF7,0x9D,0xF7,0xEA,0xCA,0xE6,0xC1,0xBA,0xEE,0xBE,0xF7,0x7D,0xF7,
    0x9D,0xF7,0x9D,0xF7,0x9D,0xF7,0x9D,0xF7,0x9D,0xF7,0x9D,0xF7,0x9D,0xF7,0x9D,0xF7,
    0x9D,0xF7,0x9D,0xF7,0x9D,0xF7,0x9D,0xF7,0x9D,0xF7,0x9D,0xF7,0x9D,0xF7,0x1B,0xE7,
    0x74,0xB5,0x1B,0xE7,0xBD,0xF7,0x7D,0xF7,0x9D,0xF7,0x9D,0xF7,0x9D,0xF7,0x9D,0xF7,
    0x9D,0xF7,0x9D,0xF7,0x9D,0xF7,0x9D,0xF7,0x9D,0xF7,0x9D,0xF7,0x9D,0xF7,0x9D,0xF7,
    0x9D,0xF7,0x9D,0xF7,0x9D,0xF7,0x9D,0xF7,0x7D,0xF7,0x9D,0xF7,0x7D,0xF7,0x57,0xCE,
    0x16,0xC6,0x98,0xD6,0x37,0xCE,0xFF,0xFF,0xFF,0xFF,0x00,0x00,0x00,0x00,0x00,0x00,
    0x00,0x00,0x00,0x00,0x00,0x00,0x00,0x00,0x00,0x00,0x00,0x00,0x00,0x00,0x00,0x00,
    0x00,0x00,0x00,0x00,0x00,0x00,0x00,0x00,0x00,0x00,0x00,0x00,0x00,0x00,0x00,0x00,
    0x00,0x00,0x00,0x00,0x00,0x00,0xFF,0xFF,0xFF,0xFF,0xF7,0xD5,0x37,0xCE,0x78,0xD6,
    0x16,0xC6,0x78,0xCE,0x7D,0xF7,0x9D,0xF7,0x9D,0xF7,0x9D,0xF7,0x9D,0xF7,0x9D,0xF7,
    0x9D,0xF7,0x9D,0xF7,0x9D,0xF7,0x9D,0xF7,0x9D,0xF7,0x9D,0xF7,0x9D,0xF7,0x9D,0xF7,
    0x9D,0xF7,0x9D,0xF7,0x9D,0xF7,0x9D,0xF7,0x7D,0xF7,0xBE,0xFF,0x95,0xB5,0x8D,0x73,
    0x74,0xAD,0xBE,0xFF,0x7D,0xF7,0x9D,0xF7,0x9D,0xF7,0x9D,0xF7,0x9D,0xF7,0x9D,0xF7,
    0x9D,0xF7,0x9D,0xF7,0x9D,0xF7,0x9D,0xF7,0x9D,0xF7,0x9D,0xF7,0x9D,0xF7,0x9D,0xF7,
    0x9D,0xF7,0x9D,0xF7,0x9D,0xF7,0xEA,0xCA,0xE6,0xC1,0xBA,0xEE,0xBE,0xF7,0x7D,0xF7,
    0x9D,0xF7,0x9D,0xF7,0x9D,0xF7,0x9D,0xF7,0x9D,0xF7,0x9D,0xF7,0x9D,0xF7,0x9D,0xF7,
    0x9D,0xF7,0x9D,0xF7,0x9D,0xF7,0x9D,0xF7,0x9D,0xF7,0x7D,0xF7,0xBE,0xFF,0x74,0xAD,
    0x8D,0x73,0x95,0xB5,0xBE,0xFF,0x7D,0xF7,0x9D,0xF7,0x9D,0xF7,0x9D,0xF7,0x9D,0xF7,
    0x9D,0xF7,0x9D,0xF7,0x9D,0xF7,0x9D,0xF7,0x9D,0xF7,0x9D,0xF7,0x9D,0xF7,0x9D,0xF7,
    0x9D,0xF7,0x9D,0xF7,0x9D,0xF7,0x9D,0xF7,0x9D,0xF7,0x9D,0xF7,0x98,0xD6,0x16,0xC6,
    0x57,0xCE,0x57,0xCE,0xF7,0xCD,0xFF,0x07,0xEF,0xFF,0x00,0x00,0x00,0x00,0x00,0x00,
    0x00,0x00,0x00,0x00,0x00,0x00,0x00,0x00,0x00,0x00,0x00,0x00,0x00,0x00,0x00,0x00,
    0x00,0x00,0x00,0x00,0x00,0x00,0x00,0x00,0x00,0x00,0x00,0x00,0x00,0x00,0x00,0x00,
    0x00,0x00,0x00,0x00,0x00,0x00,0x00,0x00,0x55,0xAD,0x00,0x00,0x16,0xC6,0x57,0xCE,
    0x57,0xCE,0x16,0xC6,0x98,0xD6,0x9D,0xF7,0x9D,0xF7,0x9D,0xF7,0x9D,0xF7,0x9D,0xF7,
    0x9D,0xF7,0x9D,0xF7,0x9D,0xF7,0x9D,0xF7,0x9D,0xF7,0x9D,0xF7,0x9D,0xF7,0x9D,0xF7,
    0x9D,0xF7,0x9D,0xF7,0x9D,0xF7,0x7D,0xF7,0xBD,0xFF,0xDA,0xDE,0x0F,0x84,0x50,0x8C,
    0x1B,0xE7,0xBD,0xF7,0x7D,0xF7,0x9D,0xF7,0x9D,0xF7,0x9D,0xF7,0x9D,0xF7,0x9D,0xF7,
    0x9D,0xF7,0x9D,0xF7,0x9D,0xF7,0x9D,0xF7,0x9D,0xF7,0x9D,0xF7,0x9D,0xF7,0x9D,0xF7,
    0x9D,0xF7,0x9D,0xF7,0x9D,0xF7,0xEA,0xCA,0xE6,0xC1,0xBA,0xEE,0xBE,0xF7,0x7D,0xF7,
    0x9D,0xF7,0x9D,0xF7,0x9D,0xF7,0x9D,0xF7,0x9D,0xF7,0x9D,0xF7,0x9D,0xF7,0x9D,0xF7,
    0x9D,0xF7,0x9D,0xF7,0x9D,0xF7,0x9D,0xF7,0x9D,0xF7,0x7D,0xF7,0xBD,0xF7,0x1B,0xE7,
    0x50,0x8C,0x0F,0x84,0xDA,0xDE,0xBD,0xFF,0x7D,0xF7,0x9D,0xF7,0x9D,0xF7,0x9D,0xF7,
    0x9D,0xF7,0x9D,0xF7,0x9D,0xF7,0x9D,0xF7,0x9D,0xF7,0x9D,0xF7,0x9D,0xF7,0x9D,0xF7,
    0x9D,0xF7,0x9D,0xF7,0x9D,0xF7,0x9D,0xF7,0x9D,0xF7,0xB9,0xDE,0x16,0xC6,0x57,0xCE,
    0x78,0xD6,0x16,0xC6,0x00,0x00,0x55,0xAD,0x00,0x00,0x00,0x00,0x00,0x00,0x00,0x00,
    0x00,0x00,0x00,0x00,0x00,0x00,0x00,0x00,0x00,0x00,0x00,0x00,0x00,0x00,0x00,0x00,
    0x00,0x00,0x00,0x00,0x00,0x00,0x00,0x00,0x00,0x00,0x00,0x00,0x00,0x00,0x00,0x00,
    0x00,0x00,0x00,0x00,0x00,0x00,0x00,0x00,0x00,0x00,0xF7,0xBD,0x00,0x00,0x16,0xC6,
    0x78,0xD6,0x57,0xCE,0x16,0xC6,0x99,0xD6,0x9D,0xF7,0x9D,0xF7,0x9D,0xF7,0x9D,0xF7,
    0x9D,0xF7,0x9D,0xF7,0x9D,0xF7,0x9D,0xF7,0x9D,0xF7,0x9D,0xF7,0x9D,0xF7,0x9D,0xF7,
    0x9D,0xF7,0x9D,0xF7,0x9D,0xF7,0x7D,0xF7,0x9D,0xF7,0x13,0xA5,0xCE,0x7B,0xD6,0xBD,
    0xDE,0xFF,0x7D,0xF7,0x9D,0xF7,0x9D,0xF7,0x9D,0xF7,0x9D,0xF7,0x9D,0xF7,0x9D,0xF7,
    0x9D,0xF7,0x9D,0xF7,0x9D,0xF7,0x9D,0xF7,0x9D,0xF7,0x9D,0xF7,0x9D,0xF7,0x9D,0xF7,
    0x9D,0xF7,0x9D,0xF7,0x9D,0xF7,0xEA,0xCA,0xE6,0xC1,0xBA,0xEE,0xBE,0xF7,0x7D,0xF7,
    0x9D,0xF7,0x9D,0xF7,0x9D,0xF7,0x9D,0xF7,0x9D,0xF7,0x9D,0xF7,0x9D,0xF7,0x9D,0xF7,
    0x9D,0xF7,0x9D,0xF7,0x9D,0xF7,0x9D,0xF7,0x9D,0xF7,0x9D,0xF7,0x7D,0xF7,0xDE,0xFF,
    0xD6,0xBD,0xCE,0x7B,0x13,0xA5,0x9D,0xF7,0x7D,0xF7,0x9D,0xF7,0x9D,0xF7,0x9D,0xF7,
    0x9D,0xF7,0x9D,0xF7,0x9D,0xF7,0x9D,0xF7,0x9D,0xF7,0x9D,0xF7,0x9D,0xF7,0x9D,0xF7,
    0x9D,0xF7,0x9D,0xF7,0x7D,0xF7,0x9D,0xF7,0xD9,0xDE,0x16,0xC6,0x37,0xCE,0xB9,0xDE,
    0x17,0xC6,0x00,0x00,0xF7,0xBD,0x00,0x00,0x00,0x00,0x00,0x00,0x00,0x00,0x00,0x00,
    0x00,0x00,0x00,0x00,0x00,0x00,0x00,0x00,0x00,0x00,0x00,0x00,0x00,0x00,0x00,0x00,
    0x00,0x00,0x00,0x00,0x00,0x00,0x00,0x00,0x00,0x00,0x00,0x00,0x00,0x00,0x00,0x00,
    0x00,0x00,0x00,0x00,0x00,0x00,0x00,0x00,0x00,0x00,0x00,0x00,0xF7,0xBD,0x00,0x00,
    0x17,0xC6,0x98,0xD6,0x37,0xCE,0x16,0xC6,0xB9,0xDE,0x9D,0xF7,0x9D,0xF7,0x9D,0xF7,
    0x9D,0xF7,0x9D,0xF7,0x9D,0xF7,0x9D,0xF7,0x9D,0xF7,0x9D,0xF7,0x9D,0xF7,0x9D,0xF7,
    0x9D,0xF7,0x9D,0xF7,0x7D,0xF7,0xBE,0xFF,0x58,0xCE,0xEE,0x83,0x91,0x94,0x5C,0xEF,
    0x9D,0xF7,0x9D,0xF7,0x9D,0xF7,0x9D,0xF7,0x9D,0xF7,0x9D,0xF7,0x9D,0xF7,0x9D,0xF7,
    0x9D,0xF7,0x9D,0xF7,0x9D,0xF7,0x9D,0xF7,0x9D,0xF7,0x9D,0xF7,0x9D,0xF7,0x9D,0xF7,
    0x9D,0xF7,0x9D,0xF7,0x9D,0xF7,0x0A,0xCB,0xE6,0xC1,0xDA,0xEE,0xBE,0xF7,0x7D,0xF7,
    0x9D,0xF7,0x9D,0xF7,0x9D,0xF7,0x9D,0xF7,0x9D,0xF7,0x9D,0xF7,0x9D,0xF7,0x9D,0xF7,
    0x9D,0xF7,0x9D,0xF7,0x9D,0xF7,0x9D,0xF7,0x9D,0xF7,0x9D,0xF7,0x9D,0xF7,0x9D,0xF7,
    0x5C,0xEF,0x91,0x94,0xEE,0x83,0x58,0xCE,0xBE,0xFF,0x7D,0xF7,0x9D,0xF7,0x9D,0xF7,
    0x9D,0xF7,0x9D,0xF7,0x9D,0xF7,0x9D,0xF7,0x9D,0xF7,0x9D,0xF7,0x9D,0xF7,0x9D,0xF7,
    0x9D,0xF7,0x7D,0xF7,0xBD,0xF7,0xFA,0xDE,0x16,0xC6,0x37,0xCE,0xB9,0xDE,0x37,0xCE,
    0x00,0x00,0xF7,0xBD,0x00,0x00,0x00,0x00,0x00,0x00,0x00,0x00,0x00,0x00,0x00,0x00,
    0x00,0x00,0x00,0x00,0x00,0x00,0x00,0x00,0x00,0x00,0x00,0x00,0x00,0x00,0x00,0x00,
    0x00,0x00,0x00,0x00,0x00,0x00,0x00,0x00,0x00,0x00,0x00,0x00,0x00,0x00,0x00,0x00,
    0x00,0x00,0x00,0x00,0x00,0x00,0x00,0x00,0x00,0x00,0x00,0x00,0x00,0x00,0xF7,0xBD,
    0x00,0x00,0x17,0xC6,0xB9,0xDE,0x37,0xCE,0x16,0xC6,0xD9,0xDE,0x9D,0xF7,0x9D,0xF7,
    0x9D,0xF7,0x9D,0xF7,0x9D,0xF7,0x9D,0xF7,0x9D,0xF7,0x9D,0xF7,0x9D,0xF7,0x9D,0xF7,
    0x9D,0xF7,0x9D,0xF7,0x9D,0xF7,0x7C,0xEF,0xB1,0x94,0xEE,0x83,0x58,0xCE,0xDE,0xFF,
    0x7D,0xF7,0x9D,0xF7,0x9D,0xF7,0x9D,0xF7,0x9D,0xF7,0x9D,0xF7,0x9D,0xF7,0x9D,0xF7,
    0x9D,0xF7,0x9D,0xF7,0x9D,0xF7,0x9D,0xF7,0x9D,0xF7,0x9D,0xF7,0x9D,0xF7,0x9D,0xF7,
    0x9D,0xF7,0x9D,0xF7,0x5C,0xEF,0xEA,0xCA,0xE6,0xC1,0x99,0xE6,0xBE,0xF7,0x7D,0xF7,
    0x9D,0xF7,0x9D,0xF7,0x9D,0xF7,0x9D,0xF7,0x9D,0xF7,0x9D,0xF7,0x9D,0xF7,0x9D,0xF7,
    0x9D,0xF7,0x9D,0xF7,0x9D,0xF7,0x9D,0xF7,0x9D,0xF7,0x9D,0xF7,0x9D,0xF7,0x7D,0xF7,
    0xDE,0xFF,0x58,0xCE,0xEE,0x83,0xB1,0x94,0x7C,0xEF,0x9D,0xF7,0x9D,0xF7,0x9D,0xF7,
    0x9D,0xF7,0x9D,0xF7,0x9D,0xF7,0x9D,0xF7,0x9D,0xF7,0x9D,0xF7,0x9D,0xF7,0x9D,0xF7,
    0x9D,0xF7,0x9D,0xF7,0xFA,0xDE,0x16,0xC6,0x37,0xCE,0xB9,0xDE,0x37,0xCE,0x00,0x00,
    0xF7,0xBD,0x00,0x00,0x00,0x00,0x00,0x00,0x00,0x00,0x00,0x00,0x00,0x00,0x00,0x00,
    0x00,0x00,0x00,0x00,0x00,0x00,0x00,0x00,0x00,0x00,0x00,0x00,0x00,0x00,0x00,0x00,
    0x00,0x00,0x00,0x00,0x00,0x00,0x00,0x00,0x00,0x00,0x00,0x00,0x00,0x00,0x00,0x00,
    0x00,0x00,0x00,0x00,0x00,0x00,0x00,0x00,0x00,0x00,0x00,0x00,0x00,0x00,0x00,0x00,
    0xF7,0xBD,0x00,0x00,0x37,0xCE,0xB9,0xDE,0x37,0xCE,0x16,0xC6,0xB9,0xD6,0x9D,0xF7,
    0x9D,0xF7,0x7D,0xF7,0x9D,0xF7,0x9D,0xF7,0x9D,0xF7,0x9D,0xF7,0x9D,0xF7,0x9D,0xF7,
    0x9D,0xF7,0x7D,0xF7,0xDE,0xFF,0xD6,0xBD,0xCE,0x7B,0xF3,0xA4,0x9D,0xF7,0x7D,0xF7,
    0x9D,0xF7,0x9D,0xF7,0x9D,0xF7,0x9D,0xF7,0x9D,0xF7,0x9D,0xF7,0x9D,0xF7,0x9D,0xF7,
    0x9D,0xF7,0x9D,0xF7,0x9D,0xF7,0x9D,0xF7,0x9D,0xF7,0x9D,0xF7,0x9D,0xF7,0x9D,0xF7,
    0x7C,0xEF,0xFF,0xFF,0x71,0x8C,0xA5,0xA1,0xC5,0xC1,0x91,0xA4,0xFE,0xFF,0x7C,0xF7,
    0x9D,0xF7,0x9D,0xF7,0x9D,0xF7,0x9D,0xF7,0x9D,0xF7,0x9D,0xF7,0x9D,0xF7,0x9D,0xF7,
    0x9D,0xF7,0x9D,0xF7,0x9D,0xF7,0x9D,0xF7,0x9D,0xF7,0x9D,0xF7,0x9D,0xF7,0x9D,0xF7,
    0x7D,0xF7,0x9D,0xF7,0xF3,0xA4,0xCE,0x7B,0xD6,0xBD,0xDE,0xFF,0x7D,0xF7,0x9D,0xF7,
    0x9D,0xF7,0x9D,0xF7,0x9D,0xF7,0x9D,0xF7,0x9D,0xF7,0x9D,0xF7,0x9D,0xF7,0x9D,0xF7,
    0x9D,0xF7,0xD9,0xDE,0x16,0xC6,0x37,0xCE,0xB9,0xDE,0x37,0xCE,0x00,0x00,0x55,0xAD,
    0xFF,0xFF,0x00,0x00,0x00,0x00,0x00,0x00,0x00,0x00,0x00,0x00,0x00,0x00,0x00,0x00,
    0x00,0x00,0x00,0x00,0x00,0x00,0x00,0x00,0x00,0x00,0x00,0x00,0x00,0x00,0x00,0x00,
    0x00,0x00,0x00,0x00,0x00,0x00,0x00,0x00,0x00,0x00,0x00,0x00,0x00,0x00,0x00,0x00,
    0x00,0x00,0x00,0x00,0x00,0x00,0x00,0x00,0x00,0x00,0x00,0x00,0x00,0x00,0x00,0x00,
    0x00,0x00,0xFF,0xFF,0x00,0x00,0x37,0xCE,0xB9,0xDE,0x37,0xCE,0x16,0xC6,0x98,0xD6,
    0x7D,0xF7,0x9D,0xF7,0x7D,0xF7,0x9D,0xF7,0x9D,0xF7,0x9D,0xF7,0x9D,0xF7,0x9D,0xF7,
    0x7D,0xF7,0xBD,0xF7,0x1B,0xE7,0x50,0x8C,0x0F,0x84,0xDA,0xDE,0xBD,0xF7,0x7D,0xF7,
    0x9D,0xF7,0x9D,0xF7,0x9D,0xF7,0x9D,0xF7,0x9D,0xF7,0x9D,0xF7,0x9D,0xF7,0x9D,0xF7,
    0x9D,0xF7,0x9D,0xF7,0x9D,0xF7,0x9D,0xF7,0x9D,0xF7,0x9D,0xF7,0x9D,0xF7,0x9D,0xF7,
    0x7C,0xEF,0xFF,0xFF,0x30,0x84,0x85,0xA1,0xC5,0xC1,0x51,0x9C,0xFF,0xFF,0x7C,0xF7,
    0x9D,0xF7,0x9D,0xF7,0x9D,0xF7,0x9D,0xF7,0x9D,0xF7,0x9D,0xF7,0x9D,0xF7,0x9D,0xF7,
    0x9D,0xF7,0x9D,0xF7,0x9D,0xF7,0x9D,0xF7,0x9D,0xF7,0x9D,0xF7,0x9D,0xF7,0x9D,0xF7,
    0x7D,0xF7,0xBD,0xF7,0xDA,0xDE,0x0F,0x84,0x50,0x8C,0x1B,0xE7,0xBD,0xF7,0x7D,0xF7,
    0x9D,0xF7,0x9D,0xF7,0x9D,0xF7,0x9D,0xF7,0x9D,0xF7,0x7D,0xF7,0x9D,0xF7,0x9D,0xF7,
    0xB9,0xDE,0x16,0xC6,0x37,0xCE,0xB9,0xDE,0x37,0xCE,0x00,0x00,0xEF,0x7B,0xFF,0xFF,
    0x00,0x00,0x00,0x00,0x00,0x00,0x00,0x00,0x00,0x00,0x00,0x00,0x00,0x00,0x00,0x00,
    0x00,0x00,0x00,0x00,0x00,0x00,0x00,0x00,0x00,0x00,0x00,0x00,0x00,0x00,0x00,0x00,
    0x00,0x00,0x00,0x00,0x00,0x00,0x00,0x00,0x00,0x00,0x00,0x00,0x00,0x00,0x00,0x00,
    0x00,0x00,0x00,0x00,0x00,0x00,0x00,0x00,0x00,0x00,0x00,0x00,0x00,0x00,0x00,0x00,
    0x00,0x00,0xFF,0xFF,0xF7,0xBD,0x00,0x00,0x37,0xCE,0x98,0xD6,0x37,0xCE,0x16,0xC6,
    0x78,0xD6,0x5C,0xEF,0x9D,0xF7,0x7D,0xF7,0x9D,0xF7,0x9D,0xF7,0x9D,0xF7,0x9D,0xF7,
    0x7D,0xF7,0x9D,0xF7,0x54,0xAD,0xCE,0x7B,0x74,0xB5,0xBE,0xFF,0x7D,0xF7,0x9D,0xF7,
    0x9D,0xF7,0x9D,0xF7,0x9D,0xF7,0x9D,0xF7,0x9D,0xF7,0x9D,0xF7,0x9D,0xF7,0x9D,0xF7,
    0x9D,0xF7,0x9D,0xF7,0x9D,0xF7,0x9D,0xF7,0x9D,0xF7,0x9D,0xF7,0x9D,0xF7,0x9D,0xF7,
    0x7C,0xEF,0xFF,0xFF,0x30,0x84,0x85,0xA1,0xC5,0xC1,0x71,0xA4,0xFF,0xFF,0x7C,0xF7,
    0x9D,0xF7,0x9D,0xF7,0x9D,0xF7,0x9D,0xF7,0x9D,0xF7,0x9D,0xF7,0x9D,0xF7,0x9D,0xF7,
    0x9D,0xF7,0x9D,0xF7,0x9D,0xF7,0x9D,0xF7,0x9D,0xF7,0x9D,0xF7,0x9D,0xF7,0x9D,0xF7,
    0x9D,0xF7,0x7D,0xF7,0xBE,0xFF,0x74,0xB5,0xCE,0x7B,0x54,0xAD,0x9D,0xF7,0x7D,0xF7,
    0x9D,0xF7,0x9D,0xF7,0x9D,0xF7,0x9D,0xF7,0x7D,0xF7,0x9D,0xF7,0x7D,0xF7,0x98,0xD6,
    0x16,0xC6,0x37,0xCE,0xB9,0xDE,0x37,0xCE,0x00,0x00,0xEF,0x7B,0xFF,0xFF,0x00,0x00,
    0x00,0x00,0x00,0x00,0x00,0x00,0x00,0x00,0x00,0x00,0x00,0x00,0x00,0x00,0x00,0x00,
    0x00,0x00,0x00,0x00,0x00,0x00,0x00,0x00,0x00,0x00,0x00,0x00,0x00,0x00,0x00,0x00,
    0x00,0x00,0x00,0x00,0x00,0x00,0x00,0x00,0x00,0x00,0x00,0x00,0x00,0x00,0x00,0x00,
    0x00,0x00,0x00,0x00,0x00,0x00,0x00,0x00,0x00,0x00,0x00,0x00,0x00,0x00,0x00,0x00,
    0x00,0x00,0x00,0x00,0xE0,0xFF,0xF7,0xBD,0x00,0x00,0x37,0xCE,0x98,0xD6,0x57,0xCE,
    0x16,0xC6,0x37,0xCE,0x1B,0xE7,0x9D,0xF7,0x9D,0xF7,0x7D,0xF7,0x9D,0xF7,0x7D,0xF7,
    0xBD,0xF7,0xFB,0xE6,0x0F,0x84,0x50,0x8C,0x3B,0xE7,0x9D,0xF7,0x7D,0xF7,0x9D,0xF7,
    0x9D,0xF7,0x9D,0xF7,0x9D,0xF7,0x9D,0xF7,0x9D,0xF7,0x9D,0xF7,0x9D,0xF7,0x9D,0xF7,
    0x9D,0xF7,0x9D,0xF7,0x9D,0xF7,0x9D,0xF7,0x9D,0xF7,0x9D,0xF7,0x9D,0xF7,0x9D,0xF7,
    0x7C,0xEF,0xFF,0xFF,0x30,0x84,0x85,0xA1,0xC5,0xB9,0x71,0xA4,0xFF,0xFF,0x7C,0xF7,
    0x9D,0xF7,0x9D,0xF7,0x9D,0xF7,0x9D,0xF7,0x9D,0xF7,0x9D,0xF7,0x9D,0xF7,0x9D,0xF7,
    0x9D,0xF7,0x9D,0xF7,0x9D,0xF7,0x9D,0xF7,0x9D,0xF7,0x9D,0xF7,0x9D,0xF7,0x9D,0xF7,
    0x9D,0xF7,0x7D,0xF7,0x9D,0xF7,0x3B,0xE7,0x50,0x8C,0x0F,0x84,0xFB,0xE6,0xBD,0xF7,
    0x7D,0xF7,0x9D,0xF7,0x9D,0xF7,0x9D,0xF7,0x9D,0xF7,0x3C,0xEF,0x57,0xCE,0x16,0xC6,
    0x37,0xCE,0x99,0xDE,0x37,0xCE,0x00,0x00,0xFF,0xFF,0xFF,0xFF,0x00,0x00,0x00,0x00,
    0x00,0x00,0x00,0x00,0x00,0x00,0x00,0x00,0x00,0x00,0x00,0x00,0x00,0x00,0x00,0x00,
    0x00,0x00,0x00,0x00,0x00,0x00,0x00,0x00,0x00,0x00,0x00,0x00,0x00,0x00,0x00,0x00,
    0x00,0x00,0x00,0x00,0x00,0x00,0x00,0x00,0x00,0x00,0x00,0x00,0x00,0x00,0x00,0x00,
    0x00,0x00,0x00,0x00,0x00,0x00,0x00,0x00,0x00,0x00,0x00,0x00,0x00,0x00,0x00,0x00,
    0x00,0x00,0x00,0x00,0x00,0x00,0x00,0x00,0xF7,0xBD,0x00,0x00,0x16,0xC6,0x58,0xCE,
    0x78,0xD6,0x16,0xC6,0x17,0xC6,0xDA,0xDE,0x9D,0xF7,0x9D,0xF7,0x7D,0xF7,0x9D,0xF7,
    0x9D,0xF7,0x9D,0xF7,0x99,0xD6,0x38,0xCE,0xBE,0xFF,0x7D,0xF7,0x9D,0xF7,0x9D,0xF7,
    0x9D,0xF7,0x9D,0xF7,0x9D,0xF7,0x9D,0xF7,0x9D,0xF7,0x9D,0xF7,0x9D,0xF7,0x9D,0xF7,
    0x9D,0xF7,0x9D,0xF7,0x9D,0xF7,0x9D,0xF7,0x9D,0xF7,0x9D,0xF7,0x9D,0xF7,0x9D,0xF7,
    0x7C,0xEF,0xFF,0xFF,0x30,0x84,0xA5,0xA9,0xE6,0xC9,0x71,0xA4,0xFF,0xFF,0x7C,0xF7,
    0x9D,0xF7,0x9D,0xF7,0x9D,0xF7,0x9D,0xF7,0x9D,0xF7,0x9D,0xF7,0x9D,0xF7,0x9D,0xF7,
    0x9D,0xF7,0x9D,0xF7,0x9D,0xF7,0x9D,0xF7,0x9D,0xF7,0x9D,0xF7,0x9D,0xF7,0x9D,0xF7,
    0x9D,0xF7,0x9D,0xF7,0x7D,0xF7,0xBE,0xFF,0x38,0xCE,0x99,0xD6,0x9D,0xF7,0x9D,0xF7,
    0x9D,0xF7,0x7D,0xF7,0x9D,0xF7,0x9D,0xF7,0xFA,0xE6,0x37,0xCE,0x16,0xC6,0x57,0xCE,
    0x58,0xCE,0x37,0xCE,0x00,0x00,0x55,0xAD,0xFF,0xFF,0x00,0x00,0x00,0x00,0x00,0x00,
    0x00,0x00,0x00,0x00,0x00,0x00,0x00,0x00,0x00,0x00,0x00,0x00,0x00,0x00,0x00,0x00,
    0x00,0x00,0x00,0x00,0x00,0x00,0x00,0x00,0x00,0x00,0x00,0x00,0x00,0x00,0x00,0x00,
    0x00,0x00,0x00,0x00,0x00,0x00,0x00,0x00,0x00,0x00,0x00,0x00,0x00,0x00,0x00,0x00,
    0x00,0x00,0x00,0x00,0x00,0x00,0x00,0x00,0x00,0x00,0x00,0x00,0x00,0x00,0x00,0x00,
    0x00,0x00,0x00,0x00,0x00,0x00,0x00,0x00,0x00,0x00,0xF7,0xBD,0x00,0x00,0x37,0xCE,
    0x57,0xCE,0x98,0xD6,0x37,0xCE,0x16,0xC6,0x78,0xD6,0x5C,0xEF,0x9D,0xF7,0x9D,0xF7,
    0x7D,0xF7,0x9D,0xF7,0xBD,0xF7,0xBD,0xF7,0x7D,0xF7,0x9D,0xF7,0x9D,0xF7,0x9D,0xF7,
    0x9D,0xF7,0x9D,0xF7,0x9D,0xF7,0x9D,0xF7,0x9D,0xF7,0x9D,0xF7,0x9D,0xF7,0x9D,0xF7,
    0x9D,0xF7,0x9D,0xF7,0x9D,0xF7,0x9D,0xF7,0x9D,0xF7,0x9D,0xF7,0x9D,0xF7,0x9D,0xF7,
    0x7C,0xEF,0xFF,0xFF,0x30,0x84,0x24,0x69,0x44,0x79,0x51,0x94,0xFF,0xFF,0x7C,0xEF,
    0x9D,0xF7,0x9D,0xF7,0x9D,0xF7,0x9D,0xF7,0x9D,0xF7,0x9D,0xF7,0x9D,0xF7,0x9D,0xF7,
    0x9D,0xF7,0x9D,0xF7,0x9D,0xF7,0x9D,0xF7,0x9D,0xF7,0x9D,0xF7,0x9D,0xF7,0x9D,0xF7,
    0x9D,0xF7,0x9D,0xF7,0x9D,0xF7,0x7D,0xF7,0xBD,0xF7,0xBD,0xF7,0x9D,0xF7,0x7D,0xF7,
    0x9D,0xF7,0x9D,0xF7,0x7C,0xEF,0x99,0xD6,0x16,0xC6,0x37,0xCE,0x98,0xD6,0x57,0xCE,
    0x17,0xC6,0x00,0x00,0xF5,0xFF,0x00,0x00,0x00,0x00,0x00,0x00,0x00,0x00,0x00,0x00,
    0x00,0x00,0x00,0x00,0x00,0x00,0x00,0x00,0x00,0x00,0x00,0x00,0x00,0x00,0x00,0x00,
    0x00,0x00,0x00,0x00,0x00,0x00,0x00,0x00,0x00,0x00,0x00,0x00,0x00,0x00,0x00,0x00,
    0x00,0x00,0x00,0x00,0x00,0x00,0x00,0x00,0x00,0x00,0x00,0x00,0x00,0x00,0x00,0x00,
    0x00,0x00,0x00,0x00,0x00,0x00,0x00,0x00,0x00,0x00,0x00,0x00,0x00,0x00,0x00,0x00,
    0x00,0x00,0x00,0x00,0x00,0x00,0x00,0x00,0x00,0x00,0x00,0x00,0xF7,0xBD,0x00,0x00,
    0xD5,0xBD,0x57,0xCE,0x99,0xDE,0x37,0xCE,0x16,0xC6,0x37,0xCE,0xFA,0xDE,0x9D,0xF7,
    0x9D,0xF7,0x7D,0xF7,0x7D,0xF7,0x7D,0xF7,0x9D,0xF7,0x9D,0xF7,0x9D,0xF7,0x9D,0xF7,
    0x9D,0xF7,0x9D,0xF7,0x9D,0xF7,0x9D,0xF7,0x9D,0xF7,0x9D,0xF7,0x9D,0xF7,0x9D,0xF7,
    0x9D,0xF7,0x9D,0xF7,0x9D,0xF7,0x9D,0xF7,0x9D,0xF7,0x9D,0xF7,0x9D,0xF7,0x9D,0xF7,
    0x7C,0xEF,0xFF,0xFF,0x30,0x84,0x62,0x00,0x62,0x00,0x30,0x84,0xFF,0xFF,0x7C,0xEF,
    0x9D,0xF7,0x9D,0xF7,0x9D,0xF7,0x9D,0xF7,0x9D,0xF7,0x9D,0xF7,0x9D,0xF7,0x9D,0xF7,
    0x9D,0xF7,0x9D,0xF7,0x9D,0xF7,0x9D,0xF7,0x9D,0xF7,0x9D,0xF7,0x9D,0xF7,0x9D,0xF7,
    0x9D,0xF7,0x9D,0xF7,0x9D,0xF7,0x9D,0xF7,0x7D,0xF7,0x7D,0xF7,0x7D,0xF7,0x9D,0xF7,
    0x9D,0xF7,0xFA,0xE6,0x37,0xCE,0x16,0xC6,0x37,0xCE,0xB9,0xDE,0x57,0xCE,0xF6,0xC5,
    0x00,0x00,0xF7,0xBD,0x00,0x00,0x00,0x00,0x00,0x00,0x00,0x00,0x00,0x00,0x00,0x00,
    0x00,0x00,0x00,0x00,0x00,0x00,0x00,0x00,0x00,0x00,0x00,0x00,0x00,0x00,0x00,0x00,
    0x00,0x00,0x00,0x00,0x00,0x00,0x00,0x00,0x00,0x00,0x00,0x00,0x00,0x00,0x00,0x00,
    0x00,0x00,0x00,0x00,0x00,0x00,0x00,0x00,0x00,0x00,0x00,0x00,0x00,0x00,0x00,0x00,
    0x00,0x00,0x00,0x00,0x00,0x00,0x00,0x00,0x00,0x00,0x00,0x00,0x00,0x00,0x00,0x00,
    0x00,0x00,0x00,0x00,0x00,0x00,0x00,0x00,0x00,0x00,0x00,0x00,0x00,0x00,0x55,0xAD,
    0x00,0x00,0x00,0x00,0x37,0xCE,0x57,0xCE,0x98,0xD6,0x37,0xCE,0x16,0xC6,0x78,0xD6,
    0x3B,0xE7,0x9D,0xF7,0x9D,0xF7,0x7D,0xF7,0x9D,0xF7,0x9D,0xF7,0x9D,0xF7,0x9D,0xF7,
    0x9D,0xF7,0x9D,0xF7,0x9D,0xF7,0x9D,0xF7,0x9D,0xF7,0x9D,0xF7,0x9D,0xF7,0x9D,0xF7,
    0x9D,0xF7,0x9D,0xF7,0x9D,0xF7,0x9D,0xF7,0x9D,0xF7,0x9D,0xF7,0x9D,0xF7,0x9D,0xF7,
    0x7C,0xEF,0xFF,0xFF,0x30,0x84,0x83,0x10,0x83,0x10,0x30,0x84,0xFF,0xFF,0x7C,0xEF,
    0x9D,0xF7,0x9D,0xF7,0x9D,0xF7,0x9D,0xF7,0x9D,0xF7,0x9D,0xF7,0x9D,0xF7,0x9D,0xF7,
    0x9D,0xF7,0x9D,0xF7,0x9D,0xF7,0x9D,0xF7,0x9D,0xF7,0x9D,0xF7,0x9D,0xF7,0x9D,0xF7,
    0x9D,0xF7,0x9D,0xF7,0x9D,0xF7,0x9D,0xF7,0x7D,0xF7,0x9D,0xF7,0x9D,0xF7,0x3C,0xEF,
    0x78,0xD6,0x16,0xC6,0x37,0xCE,0x78,0xD6,0x57,0xCE,0x57,0xCE,0xEF,0x7B,0x00,0x00,
    0xF5,0xFF,0x00,0x00,0x00,0x00,0x00,0x00,0x00,0x00,0x00,0x00,0x00,0x00,0x00,0x00,
    0x00,0x00,0x00,0x00,0x00,0x00,0x00,0x00,0x00,0x00,0x00,0x00,0x00,0x00,0x00,0x00,
    0x00,0x00,0x00,0x00,0x00,0x00,0x00,0x00,0x00,0x00,0x00,0x00,0x00,0x00,0x00,0x00,
    0x00,0x00,0x00,0x00,0x00,0x00,0x00,0x00,0x00,0x00,0x00,0x00,0x00,0x00,0x00,0x00,
    0x00,0x00,0x00,0x00,0x00,0x00,0x00,0x00,0x00,0x00,0x00,0x00,0x00,0x00,0x00,0x00,
    0x00,0x00,0x00,0x00,0x00,0x00,0x00,0x00,0x00,0x00,0x00,0x00,0x00,0x00,0x00,0x00,
    0xFF,0xFF,0x55,0xAD,0x00,0x00,0x16,0xC6,0x57,0xCE,0x98,0xDE,0x57,0xCE,0x16,0xC6,
    0x16,0xC6,0x99,0xD6,0x5C,0xEF,0x9D,0xF7,0x9D,0xF7,0x7D,0xF7,0x7D,0xF7,0x9D,0xF7,
    0x9D,0xF7,0x9D,0xF7,0x9D,0xF7,0x9D,0xF7,0x9D,0xF7,0x9D,0xF7,0x9D,0xF7,0x9D,0xF7,
    0x9D,0xF7,0x9D,0xF7,0x9D,0xF7,0x9D,0xF7,0x9D,0xF7,0x9D,0xF7,0x9D,0xF7,0x9D,0xF7,
    0x7D,0xF7,0x9D,0xF7,0x1B,0xE7,0x79,0xCE,0x79,0xCE,0x1B,0xE7,0x9D,0xF7,0x7D,0xF7,
    0x9D,0xF7,0x9D,0xF7,0x9D,0xF7,0x9D,0xF7,0x9D,0xF7,0x9D,0xF7,0x9D,0xF7,0x9D,0xF7,
    0x9D,0xF7,0x9D,0xF7,0x9D,0xF7,0x9D,0xF7,0x9D,0xF7,0x9D,0xF7,0x9D,0xF7,0x9D,0xF7,
    0x9D,0xF7,0x9D,0xF7,0x7D,0xF7,0x9D,0xF7,0x9D,0xF7,0x5C,0xEF,0xB9,0xDE,0x37,0xCE,
    0x16,0xC6,0x37,0xCE,0xB9,0xDE,0x57,0xCE,0x17,0xC6,0x00,0x00,0xFF,0xFF,0xEF,0x7B,
    0x00,0x00,0x00,0x00,0x00,0x00,0x00,0x00,0x00,0x00,0x00,0x00,0x00,0x00,0x00,0x00,
    0x00,0x00,0x00,0x00,0x00,0x00,0x00,0x00,0x00,0x00,0x00,0x00,0x00,0x00,0x00,0x00,
    0x00,0x00,0x00,0x00,0x00,0x00,0x00,0x00,0x00,0x00,0x00,0x00,0x00,0x00,0x00,0x00,
    0x00,0x00,0x00,0x00,0x00,0x00,0x00,0x00,0x00,0x00,0x00,0x00,0x00,0x00,0x00,0x00,
    0x00,0x00,0x00,0x00,0x00,0x00,0x00,0x00,0x00,0x00,0x00,0x00,0x00,0x00,0x00,0x00,
    0x00,0x00,0x00,0x00,0x00,0x00,0x00,0x00,0x00,0x00,0x00,0x00,0x00,0x00,0x00,0x00,
    0x00,0x00,0x00,0x00,0xF7,0xBD,0x00,0x00,0x00,0x00,0x57,0xCE,0x57,0xCE,0x98,0xD6,
    0x37,0xCE,0x16,0xC6,0x37,0xCE,0xB9,0xDE,0x5C,0xEF,0x9D,0xF7,0x9D,0xF7,0x9D,0xF7,
    0x7D,0xF7,0x9D,0xF7,0x9D,0xF7,0x9D,0xF7,0x9D,0xF7,0x9D,0xF7,0x9D,0xF7,0x9D,0xF7,
    0x9D,0xF7,0x9D,0xF7,0x9D,0xF7,0x9D,0xF7,0x9D,0xF7,0x9D,0xF7,0x9D,0xF7,0x9D,0xF7,
    0x9D,0xF7,0x7D,0xF7,0xBD,0xF7,0xDE,0xFF,0xDE,0xFF,0xBD,0xF7,0x7D,0xF7,0x9D,0xF7,
    0x9D,0xF7,0x9D,0xF7,0x9D,0xF7,0x9D,0xF7,0x9D,0xF7,0x9D,0xF7,0x9D,0xF7,0x9D,0xF7,
    0x9D,0xF7,0x9D,0xF7,0x9D,0xF7,0x9D,0xF7,0x9D,0xF7,0x9D,0xF7,0x9D,0xF7,0x7D,0xF7,
    0x9D,0xF7,0x9D,0xF7,0x9D,0xF7,0x5C,0xEF,0xB9,0xDE,0x37,0xCE,0x16,0xC6,0x37,0xCE,
    0x98,0xD6,0x58,0xCE,0x57,0xCE,0x55,0xAD,0x00,0x00,0xF7,0xBD,0x00,0x00,0x00,0x00,
    0x00,0x00,0x00,0x00,0x00,0x00,0x00,0x00,0x00,0x00,0x00,0x00,0x00,0x00,0x00,0x00,
    0x00,0x00,0x00,0x00,0x00,0x00,0x00,0x00,0x00,0x00,0x00,0x00,0x00,0x00,0x00,0x00,
    0x00,0x00,0x00,0x00,0x00,0x00,0x00,0x00,0x00,0x00,0x00,0x00,0x00,0x00,0x00,0x00,
    0x00,0x00,0x00,0x00,0x00,0x00,0x00,0x00,0x00,0x00,0x00,0x00,0x00,0x00,0x00,0x00,
    0x00,0x00,0x00,0x00,0x00,0x00,0x00,0x00,0x00,0x00,0x00,0x00,0x00,0x00,0x00,0x00,
    0x00,0x00,0x00,0x00,0x00,0x00,0x00,0x00,0x00,0x00,0x00,0x00,0x00,0x00,0x00,0x00,
    0x00,0x00,0x00,0x00,0x00,0x00,0xFF,0xFF,0xFF,0xFF,0x00,0x00,0xF6,0xC5,0x57,0xCE,
    0x57,0xCE,0x98,0xD6,0x37,0xCE,0x16,0xC6,0x37,0xCE,0x99,0xD6,0x3B,0xE7,0x9D,0xF7,
    0x9D,0xF7,0x9D,0xF7,0x9D,0xF7,0x7D,0xF7,0x9D,0xF7,0x9D,0xF7,0x9D,0xF7,0x9D,0xF7,
    0x9D,0xF7,0x9D,0xF7,0x9D,0xF7,0x9D,0xF7,0x9D,0xF7,0x9D,0xF7,0x9D,0xF7,0x9D,0xF7,
    0x9D,0xF7,0x9D,0xF7,0x7D,0xF7,0x7D,0xF7,0x7D,0xF7,0x7D,0xF7,0x9D,0xF7,0x9D,0xF7,
    0x9D,0xF7,0x9D,0xF7,0x9D,0xF7,0x9D,0xF7,0x9D,0xF7,0x9D,0xF7,0x9D,0xF7,0x9D,0xF7,
    0x9D,0xF7,0x9D,0xF7,0x9D,0xF7,0x9D,0xF7,0x7D,0xF7,0x7D,0xF7,0x9D,0xF7,0x9D,0xF7,
    0x9D,0xF7,0x3B,0xEF,0xB9,0xDE,0x37,0xCE,0x16,0xC6,0x37,0xCE,0x98,0xD6,0x78,0xD6,
    0x57,0xCE,0x57,0xCE,0x00,0x00,0x00,0x00,0x55,0xAD,0x00,0x00,0x00,0x00,0x00,0x00,
    0x00,0x00,0x00,0x00,0x00,0x00,0x00,0x00,0x00,0x00,0x00,0x00,0x00,0x00,0x00,0x00,
    0x00,0x00,0x00,0x00,0x00,0x00,0x00,0x00,0x00,0x00,0x00,0x00,0x00,0x00,0x00,0x00,
    0x00,0x00,0x00,0x00,0x00,0x00,0x00,0x00,0x00,0x00,0x00,0x00,0x00,0x00,0x00,0x00,
    0x00,0x00,0x00,0x00,0x00,0x00,0x00,0x00,0x00,0x00,0x00,0x00,0x00,0x00,0x00,0x00,
    0x00,0x00,0x00,0x00,0x00,0x00,0x00,0x00,0x00,0x00,0x00,0x00,0x00,0x00,0x00,0x00,
    0x00,0x00,0x00,0x00,0x00,0x00,0x00,0x00,0x00,0x00,0x00,0x00,0x00,0x00,0x00,0x00,
    0x00,0x00,0x00,0x00,0x00,0x00,0x00,0x00,0x00,0x00,0xF7,0xBD,0x00,0x00,0x00,0x00,
    0x57,0xCE,0x57,0xCE,0x57,0xCE,0x98,0xD6,0x37,0xCE,0x16,0xC6,0x16,0xC6,0x78,0xD6,
    0xFA,0xDE,0x5C,0xEF,0x9D,0xF7,0x9D,0xF7,0x9D,0xF7,0x9D,0xF7,0x7D,0xF7,0x7D,0xF7,
    0x9D,0xF7,0x9D,0xF7,0x9D,0xF7,0x9D,0xF7,0x9D,0xF7,0x9D,0xF7,0x9D,0xF7,0x9D,0xF7,
    0x9D,0xF7,0x9D,0xF7,0x9D,0xF7,0x9D,0xF7,0x9D,0xF7,0x9D,0xF7,0x9D,0xF7,0x9D,0xF7,
    0x9D,0xF7,0x9D,0xF7,0x9D,0xF7,0x9D,0xF7,0x9D,0xF7,0x9D,0xF7,0x9D,0xF7,0x9D,0xF7,
    0x7D,0xF7,0x7D,0xF7,0x9D,0xF7,0x9D,0xF7,0x9D,0xF7,0x9D,0xF7,0x7C,0xEF,0xFA,0xE6,
    0x78,0xD6,0x17,0xC6,0x16,0xC6,0x37,0xCE,0x98,0xD6,0x78,0xD6,0x57,0xCE,0x37,0xCE,
    0x00,0x00,0x00,0x00,0xFF,0xFF,0xE0,0xFF,0x00,0x00,0x00,0x00,0x00,0x00,0x00,0x00,
    0x00,0x00,0x00,0x00,0x00,0x00,0x00,0x00,0x00,0x00,0x00,0x00,0x00,0x00,0x00,0x00,
    0x00,0x00,0x00,0x00,0x00,0x00,0x00,0x00,0x00,0x00,0x00,0x00,0x00,0x00,0x00,0x00,
    0x00,0x00,0x00,0x00,0x00,0x00,0x00,0x00,0x00,0x00,0x00,0x00,0x00,0x00,0x00,0x00,
    0x00,0x00,0x00,0x00,0x00,0x00,0x00,0x00,0x00,0x00,0x00,0x00,0x00,0x00,0x00,0x00,
    0x00,0x00,0x00,0x00,0x00,0x00,0x00,0x00,0x00,0x00,0x00,0x00,0x00,0x00,0x00,0x00,
    0x00,0x00,0x00,0x00,0x00,0x00,0x00,0x00,0x00,0x00,0x00,0x00,0x00,0x00,0x00,0x00,
    0x00,0x00,0x00,0x00,0x00,0x00,0x00,0x00,0x00,0x00,0x00,0x00,0xFF,0xFF,0xF5,0xFF,
    0x00,0x00,0x00,0x00,0x57,0xCE,0x57,0xCE,0x57,0xCE,0xB9,0xDE,0x57,0xCE,0x16,0xC6,
    0x16,0xC6,0x37,0xCE,0x98,0xD6,0xFA,0xE6,0x5C,0xEF,0x9D,0xF7,0x9D,0xF7,0x9D,0xF7,
    0x9D,0xF7,0x9D,0xF7,0x9D,0xF7,0x7D,0xF7,0x7D,0xF7,0x7D,0xF7,0x9D,0xF7,0x9D,0xF7,
    0x9D,0xF7,0x9D,0xF7,0x9D,0xF7,0x9D,0xF7,0x9D,0xF7,0x9D,0xF7,0x9D,0xF7,0x9D,0xF7,
    0x9D,0xF7,0x9D,0xF7,0x7D,0xF7,0x7D,0xF7,0x7D,0xF7,0x7D,0xF7,0x9D,0xF7,0x9D,0xF7,
    0x9D,0xF7,0x9D,0xF7,0x9D,0xF7,0x5C,0xEF,0xFA,0xE6,0x99,0xD6,0x37,0xCE,0x16,0xC6,
    0x16,0xC6,0x57,0xCE,0x99,0xD6,0x57,0xCE,0x57,0xCE,0x37,0xCE,0x00,0x00,0x00,0x00,
    0x55,0xAD,0xEF,0x7B,0x00,0x00,0x00,0x00,0x00,0x00,0x00,0x00,0x00,0x00,0x00,0x00,
    0x00,0x00,0x00,0x00,0x00,0x00,0x00,0x00,0x00,0x00,0x00,0x00,0x00,0x00,0x00,0x00,
    0x00,0x00,0x00,0x00,0x00,0x00,0x00,0x00,0x00,0x00,0x00,0x00,0x00,0x00,0x00,0x00,
    0x00,0x00,0x00,0x00,0x00,0x00,0x00,0x00,0x00,0x00,0x00,0x00,0x00,0x00,0x00,0x00,
    0x00,0x00,0x00,0x00,0x00,0x00,0x00,0x00,0x00,0x00,0x00,0x00,0x00,0x00,0x00,0x00,
    0x00,0x00,0x00,0x00,0x00,0x00,0x00,0x00,0x00,0x00,0x00,0x00,0x00,0x00,0x00,0x00,
    0x00,0x00,0x00,0x00,0x00,0x00,0x00,0x00,0x00,0x00,0x00,0x00,0x00,0x00,0x00,0x00,
    0x00,0x00,0x00,0x00,0x00,0x00,0x00,0x00,0x00,0x00,0x00,0x00,0x00,0x00,0x00,0x00,
    0xFF,0xFF,0xFF,0xFF,0x00,0x00,0x00,0x00,0x37,0xCE,0x57,0xCE,0x57,0xCE,0x98,0xD6,
    0x98,0xD6,0x37,0xCE,0x16,0xC6,0x16,0xC6,0x37,0xCE,0x78,0xD6,0xD9,0xDE,0x1B,0xE7,
    0x5C,0xEF,0x9D,0xF7,0x9D,0xF7,0x9D,0xF7,0x9D,0xF7,0x9D,0xF7,0x9D,0xF7,0x9D,0xF7,
    0x9D,0xF7,0x9D,0xF7,0x9D,0xF7,0x9D,0xF7,0x9D,0xF7,0x9D,0xF7,0x9D,0xF7,0x9D,0xF7,
    0x9D,0xF7,0x9D,0xF7,0x9D,0xF7,0x9D,0xF7,0x9D,0xF7,0x9D,0xF7,0x9D,0xF7,0x5C,0xEF,
    0x1B,0xE7,0xDA,0xDE,0x78,0xD6,0x37,0xCE,0x16,0xC6,0x16,0xC6,0x37,0xCE,0x78,0xD6,
    0x98,0xD6,0x57,0xCE,0x57,0xD6,0x57,0xCE,0x00,0x00,0x00,0x00,0xEF,0x7B,0x55,0xAD,
    0x00,0x00,0x00,0x00,0x00,0x00,0x00,0x00,0x00,0x00,0x00,0x00,0x00,0x00,0x00,0x00,
    0x00,0x00,0x00,0x00,0x00,0x00,0x00,0x00,0x00,0x00,0x00,0x00,0x00,0x00,0x00,0x00,
    0x00,0x00,0x00,0x00,0x00,0x00,0x00,0x00,0x00,0x00,0x00,0x00,0x00,0x00,0x00,0x00,
    0x00,0x00,0x00,0x00,0x00,0x00,0x00,0x00,0x00,0x00,0x00,0x00,0x00,0x00,0x00,0x00,
    0x00,0x00,0x00,0x00,0x00,0x00,0x00,0x00,0x00,0x00,0x00,0x00,0x00,0x00,0x00,0x00,
    0x00,0x00,0x00,0x00,0x00,0x00,0x00,0x00,0x00,0x00,0x00,0x00,0x00,0x00,0x00,0x00,
    0x00,0x00,0x00,0x00,0x00,0x00,0x00,0x00,0x00,0x00,0x00,0x00,0x00,0x00,0x00,0x00,
    0x00,0x00,0x00,0x00,0x00,0x00,0x00,0x00,0x00,0x00,0x00,0x00,0x00,0x00,0x00,0x00,
    0x00,0x00,0x00,0x00,0xFF,0xFF,0x55,0xAD,0x00,0x00,0x00,0x00,0x37,0xC6,0x57,0xD6,
    0x57,0xCE,0x37,0xCE,0x98,0xD6,0x98,0xD6,0x57,0xCE,0x16,0xC6,0x16,0xC6,0x16,0xC6,
    0x37,0xCE,0x58,0xCE,0x99,0xD6,0xDA,0xDE,0xFA,0xE6,0x3B,0xE7,0x5C,0xEF,0x5C,0xEF,
    0x7C,0xEF,0x7D,0xF7,0x9D,0xF7,0x9D,0xF7,0x9D,0xF7,0x9D,0xF7,0x7D,0xF7,0x7C,0xEF,
    0x7C,0xEF,0x5C,0xEF,0x3B,0xE7,0xFB,0xE6,0xDA,0xDE,0x99,0xD6,0x58,0xCE,0x37,0xCE,
    0x16,0xC6,0x16,0xC6,0x17,0xC6,0x37,0xCE,0x98,0xD6,0x99,0xDE,0x37,0xCE,0x57,0xCE,
    0x57,0xCE,0x78,0xCE,0x00,0x00,0x00,0x00,0xFF,0xFF,0x55,0xAD,0x00,0x00,0x00,0x00,
    0x00,0x00,0x00,0x00,0x00,0x00,0x00,0x00,0x00,0x00,0x00,0x00,0x00,0x00,0x00,0x00,
    0x00,0x00,0x00,0x00,0x00,0x00,0x00,0x00,0x00,0x00,0x00,0x00,0x00,0x00,0x00,0x00,
    0x00,0x00,0x00,0x00,0x00,0x00,0x00,0x00,0x00,0x00,0x00,0x00,0x00,0x00,0x00,0x00,
    0x00,0x00,0x00,0x00,0x00,0x00,0x00,0x00,0x00,0x00,0x00,0x00,0x00,0x00,0x00,0x00,
    0x00,0x00,0x00,0x00,0x00,0x00,0x00,0x00,0x00,0x00,0x00,0x00,0x00,0x00,0x00,0x00,
    0x00,0x00,0x00,0x00,0x00,0x00,0x00,0x00,0x00,0x00,0x00,0x00,0x00,0x00,0x00,0x00,
    0x00,0x00,0x00,0x00,0x00,0x00,0x00,0x00,0x00,0x00,0x00,0x00,0x00,0x00,0x00,0x00,
    0x00,0x00,0x00,0x00,0x00,0x00,0x00,0x00,0x00,0x00,0x00,0x00,0x00,0x00,0x00,0x00,
    0x00,0x00,0x00,0x00,0x00,0x00,0x00,0x00,0xEF,0xFF,0xF7,0xBD,0x00,0x00,0x00,0x00,
    0x00,0x00,0x78,0xD6,0x57,0xCE,0x57,0xCE,0x37,0xCE,0x78,0xD6,0xB9,0xDE,0x98,0xD6,
    0x57,0xCE,0x17,0xC6,0x16,0xC6,0x16,0xC6,0x16,0xC6,0x17,0xC6,0x37,0xCE,0x37,0xCE,
    0x37,0xCE,0x57,0xCE,0x78,0xCE,0x58,0xCE,0x58,0xCE,0x78,0xCE,0x57,0xCE,0x37,0xCE,
    0x37,0xCE,0x37,0xCE,0x17,0xC6,0x16,0xC6,0x16,0xC6,0x16,0xC6,0x17,0xC6,0x57,0xCE,
    0x78,0xD6,0xB9,0xDE,0x98,0xD6,0x37,0xCE,0x57,0xCE,0x57,0xCE,0x78,0xCE,0x00,0x00,
    0x00,0x00,0x00,0x00,0xFF,0xFF,0xFF,0xFF,0x00,0x00,0x00,0x00,0x00,0x00,0x00,0x00,
    0x00,0x00,0x00,0x00,0x00,0x00,0x00,0x00,0x00,0x00,0x00,0x00,0x00,0x00,0x00,0x00,
    0x00,0x00,0x00,0x00,0x00,0x00,0x00,0x00,0x00,0x00,0x00,0x00,0x00,0x00,0x00,0x00,
    0x00,0x00,0x00,0x00,0x00,0x00,0x00,0x00,0x00,0x00,0x00,0x00,0x00,0x00,0x00,0x00,
    0x00,0x00,0x00,0x00,0x00,0x00,0x00,0x00,0x00,0x00,0x00,0x00,0x00,0x00,0x00,0x00,
    0x00,0x00,0x00,0x00,0x00,0x00,0x00,0x00,0x00,0x00,0x00,0x00,0x00,0x00,0x00,0x00,
    0x00,0x00,0x00,0x00,0x00,0x00,0x00,0x00,0x00,0x00,0x00,0x00,0x00,0x00,0x00,0x00,
    0x00,0x00,0x00,0x00,0x00,0x00,0x00,0x00,0x00,0x00,0x00,0x00,0x00,0x00,0x00,0x00,
    0x00,0x00,0x00,0x00,0x00,0x00,0x00,0x00,0x00,0x00,0x00,0x00,0x00,0x00,0x00,0x00,
    0x00,0x00,0x00,0x00,0x00,0x00,0x00,0x00,0x00,0x00,0x00,0x00,0xFF,0xFF,0xFF,0xFF,
    0xFF,0xFF,0x00,0x00,0x00,0x00,0x00,0x00,0x57,0xCE,0x57,0xCE,0x57,0xCE,0x37,0xCE,
    0x37,0xCE,0x57,0xCE,0x98,0xD6,0xB9,0xDE,0x98,0xD6,0x98,0xD6,0x78,0xD6,0x57,0xCE,
    0x37,0xCE,0x37,0xCE,0x37,0xCE,0x37,0xCE,0x37,0xCE,0x37,0xCE,0x37,0xCE,0x37,0xCE,
    0x57,0xCE,0x78,0xD6,0x78,0xD6,0x98,0xD6,0xB9,0xDE,0x98,0xD6,0x57,0xCE,0x37,0xCE,
    0x37,0xCE,0x57,0xCE,0x57,0xCE,0x57,0xCE,0x00,0x00,0x00,0x00,0x00,0x00,0xFF,0xFF,
    0xF7,0xBD,0xFF,0xFF,0x00,0x00,0x00,0x00,0x00,0x00,0x00,0x00,0x00,0x00,0x00,0x00,
    0x00,0x00,0x00,0x00,0x00,0x00,0x00,0x00,0x00,0x00,0x00,0x00,0x00,0x00,0x00,0x00,
    0x00,0x00,0x00,0x00,0x00,0x00,0x00,0x00,0x00,0x00,0x00,0x00,0x00,0x00,0x00,0x00,
    0x00,0x00,0x00,0x00,0x00,0x00,0x00,0x00,0x00,0x00,0x00,0x00,0x00,0x00,0x00,0x00,
    0x00,0x00,0x00,0x00,0x00,0x00,0x00,0x00,0x00,0x00,0x00,0x00,0x00,0x00,0x00,0x00,
    0x00,0x00,0x00,0x00,0x00,0x00,0x00,0x00,0x00,0x00,0x00,0x00,0x00,0x00,0x00,0x00,
    0x00,0x00,0x00,0x00,0x00,0x00,0x00,0x00,0x00,0x00,0x00,0x00,0x00,0x00,0x00,0x00,
    0x00,0x00,0x00,0x00,0x00,0x00,0x00,0x00,0x00,0x00,0x00,0x00,0x00,0x00,0x00,0x00,
    0x00,0x00,0x00,0x00,0x00,0x00,0x00,0x00,0x00,0x00,0x00,0x00,0x00,0x00,0x00,0x00,
    0x00,0x00,0x00,0x00,0x00,0x00,0x00,0x00,0x00,0x00,0x00,0x00,0x00,0x00,0x00,0x00,
    0x00,0x00,0xEF,0x7B,0xF7,0xBD,0xFF,0xFF,0x00,0x00,0x00,0x00,0x00,0x00,0x00,0x00,
    0xB8,0xD6,0x57,0xCE,0x57,0xCE,0x37,0xCE,0x37,0xCE,0x37,0xCE,0x37,0xCE,0x37,0xCE,
    0x37,0xCE,0x37,0xCE,0x37,0xCE,0x37,0xCE,0x37,0xCE,0x37,0xCE,0x37,0xCE,0x37,0xCE,
    0x37,0xCE,0x37,0xCE,0x37,0xCE,0x37,0xCE,0x37,0xCE,0x37,0xCE,0x37,0xCE,0x98,0xD6,
    0x00,0x00,0x00,0x00,0x00,0x00,0x00,0x00,0xEF,0xFB,0xF7,0xBD,0xEF,0xFB,0x00,0x00,
    0x00,0x00,0x00,0x00,0x00,0x00,0x00,0x00,0x00,0x00,0x00,0x00,0x00,0x00,0x00,0x00,
    0x00,0x00,0x00,0x00,0x00,0x00,0x00,0x00,0x00,0x00,0x00,0x00,0x00,0x00,0x00,0x00,
    0x00,0x00,0x00,0x00,0x00,0x00,0x00,0x00,0x00,0x00,0x00,0x00,0x00,0x00,0x00,0x00,
    0x00,0x00,0x00,0x00,0x00,0x00,0x00,0x00,0x00,0x00,0x00,0x00,0x00,0x00,0x00,0x00,
    0x00,0x00,0x00,0x00,0x00,0x00,0x00,0x00,0x00,0x00,0x00,0x00,0x00,0x00,0x00,0x00,
    0x00,0x00,0x00,0x00,0x00,0x00,0x00,0x00,0x00,0x00,0x00,0x00,0x00,0x00,0x00,0x00,
    0x00,0x00,0x00,0x00,0x00,0x00,0x00,0x00,0x00,0x00,0x00,0x00,0x00,0x00,0x00,0x00,
    0x00,0x00,0x00,0x00,0x00,0x00,0x00,0x00,0x00,0x00,0x00,0x00,0x00,0x00,0x00,0x00,
    0x00,0x00,0x00,0x00,0x00,0x00,0x00,0x00,0x00,0x00,0x00,0x00,0x00,0x00,0x00,0x00,
    0x00,0x00,0x00,0x00,0x00,0x00,0x00,0x00,0x00,0x00,0x00,0x00,0x00,0x00,0x00,0x00,
    0x00,0x00,0x00,0x00,0x00,0x00,0x00,0x00,0xFF,0xFF,0x55,0xAD,0xF7,0xBD,0xEF,0x7B,
    0x00,0x00,0x00,0x00,0x00,0x00,0x00,0x00,0x00,0x00,0x00,0x00,0x00,0x00,0x97,0xD6,
    0x98,0xD6,0x17,0xCE,0x57,0xD6,0x57,0xCE,0x57,0xCE,0x57,0xCE,0x17,0xCE,0x98,0xD6,
    0x36,0xC6,0x00,0x00,0x00,0x00,0x00,0x00,0x00,0x00,0x00,0x00,0x00,0x00,0x00,0x00,
    0xFF,0xFF,0xF7,0xBD,0xF5,0xFF,0xFF,0xFF,0x00,0x00,0x00,0x00,0x00,0x00,0x00,0x00,
    0x00,0x00,0x00,0x00,0x00,0x00,0x00,0x00,0x00,0x00,0x00,0x00,0x00,0x00,0x00,0x00,
    0x00,0x00,0x00,0x00,0x00,0x00,0x00,0x00,0x00,0x00,0x00,0x00,0x00,0x00,0x00,0x00,
    0x00,0x00,0x00,0x00,0x00,0x00,0x00,0x00,0x00,0x00,0x00,0x00,0x00,0x00,0x00,0x00,
    0x00,0x00,0x00,0x00,0x00,0x00,0x00,0x00,0x00,0x00,0x00,0x00,0x00,0x00,0x00,0x00,
    0x00,0x00,0x00,0x00,0x00,0x00,0x00,0x00,0x00,0x00,0x00,0x00,0x00,0x00,0x00,0x00,
    0x00,0x00,0x00,0x00,0x00,0x00,0x00,0x00,0x00,0x00,0x00,0x00,0x00,0x00,0x00,0x00,
    0x00,0x00,0x00,0x00,0x00,0x00,0x00,0x00,0x00,0x00,0x00,0x00,0x00,0x00,0x00,0x00,
    0x00,0x00,0x00,0x00,0x00,0x00,0x00,0x00,0x00,0x00,0x00,0x00,0x00,0x00,0x00,0x00,
    0x00,0x00,0x00,0x00,0x00,0x00,0x00,0x00,0x00,0x00,0x00,0x00,0x00,0x00,0x00,0x00,
    0x00,0x00,0x00,0x00,0x00,0x00,0x00,0x00,0x00,0x00,0x00,0x00,0x00,0x00,0x00,0x00,
    0x00,0x00,0x00,0x00,0x00,0x00,0x00,0x00,0x00,0x00,0x00,0x00,0x00,0x00,0x00,0x00,
    0xFF,0xFF,0x55,0xAD,0xF7,0xBD,0xF7,0xFD,0xF7,0xBD,0xFF,0xFF,0x00,0x00,0x00,0x00,
    0x00,0x00,0x00,0x00,0x00,0x00,0x00,0x00,0x00,0x00,0x00,0x00,0x00,0x00,0x00,0x00,
    0x00,0x00,0x00,0x00,0xEF,0xFB,0xF7,0xBD,0xF7,0xFD,0xF7,0xBD,0x55,0xAD,0xFF,0xFF,
    0x00,0x00,0x00,0x00,0x00,0x00,0x00,0x00,0x00,0x00,0x00,0x00,0x00,0x00,0x00,0x00,
    0x00,0x00,0x00,0x00,0x00,0x00,0x00,0x00,0x00,0x00,0x00,0x00,0x00,0x00,0x00,0x00,
    0x00,0x00,0x00,0x00,0x00,0x00,0x00,0x00,0x00,0x00,0x00,0x00,0x00,0x00,0x00,0x00,
    0x00,0x00,0x00,0x00,0x00,0x00,0x00,0x00,0x00,0x00,0x00,0x00,0x00,0x00,0x00,0x00,
    0x00,0x00,0x00,0x00,0x00,0x00,0x00,0x00,0x00,0x00,0x00,0x00,0x00,0x00,0x00,0x00,
    0x00,0x00,0x00,0x00,0x00,0x00,0x00,0x00,0x00,0x00,0x00,0x00,0x00,0x00,0x00,0x00,
    0x00,0x00,0x00,0x00,0x00,0x00,0x00,0x00,0x00,0x00,0x00,0x00,0x00,0x00,0x00,0x00,
    0x00,0x00,0x00,0x00,0x00,0x00,0x00,0x00,0x00,0x00,0x00,0x00,0x00,0x00,0x00,0x00,
    0x00,0x00,0x00,0x00,0x00,0x00,0x00,0x00,0x00,0x02,0x04,0x03,0x00,0x00,0x00,0x00,
    0x03,0x1F,0x45,0x78,0x88,0xB9,0xCB,0xCA,0xF2,0xFF,0xFE,0xFF,0xFF,0xFE,0xFF,0xF2,
    0xCA,0xCB,0xB9,0x88,0x78,0x45,0x1F,0x03,0x00,0x00,0x00,0x00,0x03,0x04,0x02,0x00,
    0x00,0x00,0x00,0x00,0x00,0x00,0x00,0x00,0x00,0x00,0x00,0x00,0x00,0x00,0x00,0x00,
    0x00,0x00,0x00,0x00,0x00,0x00,0x00,0x00,0x00,0x00,0x00,0x00,0x00,0x00,0x00,0x00,
    0x00,0x00,0x00,0x00,0x00,0x00,0x00,0x00,0x00,0x00,0x00,0x00,0x00,0x00,0x00,0x00,
    0x00,0x00,0x00,0x00,0x00,0x00,0x00,0x00,0x00,0x00,0x00,0x00,0x00,0x00,0x00,0x00,
    0x00,0x00,0x00,0x00,0x00,0x00,0x00,0x00,0x00,0x00,0x00,0x00,0x00,0x00,0x01,0x04,
    0x02,0x00,0x00,0x00,0x0A,0x34,0x6E,0xAB,0xD2,0xF1,0xFF,0xFF,0xFF,0xFF,0xFF,0xFF,
    0xFF,0xFF,0xFF,0xFF,0xFF,0xFF,0xFF,0xFF,0xFF,0xFF,0xFF,0xFF,0xFF,0xFF,0xF1,0xD2,
    0xAB,0x6E,0x34,0x0A,0x00,0x00,0x00,0x02,0x04,0x01,0x00,0x00,0x00,0x00,0x00,0x00,
    0x00,0x00,0x00,0x00,0x00,0x00,0x00,0x00,0x00,0x00,0x00,0x00,0x00,0x00,0x00,0x00,
    0x00,0x00,0x00,0x00,0x00,0x00,0x00,0x00,0x00,0x00,0x00,0x00,0x00,0x00,0x00,0x00,
    0x00,0x00,0x00,0x00,0x00,0x00,0x00,0x00,0x00,0x00,0x00,0x00,0x00,0x00,0x00,0x00,
    0x00,0x00,0x00,0x00,0x00,0x00,0x00,0x00,0x00,0x00,0x00,0x00,0x00,0x00,0x00,0x00,
    0x00,0x00,0x00,0x00,0x02,0x03,0x00,0x00,0x00,0x1C,0x61,0xAE,0xE2,0xFF,0xFF,0xFF,
    0xFF,0xFF,0xFE,0xFC,0xFC,0xFD,0xFD,0xFD,0xFF,0xFF,0xFF,0xFF,0xFF,0xFF,0xFF,0xFF,
    0xFD,0xFD,0xFD,0xFC,0xFC,0xFE,0xFF,0xFF,0xFF,0xFF,0xFF,0xE2,0xAE,0x61,0x1C,0x00,
    0x00,0x00,0x03,0x02,0x00,0x00,0x00,0x00,0x00,0x00,0x00,0x00,0x00,0x00,0x00,0x00,
    0x00,0x00,0x00,0x00,0x00,0x00,0x00,0x00,0x00,0x00,0x00,0x00,0x00,0x00,0x00,0x00,
    0x00,0x00,0x00,0x00,0x00,0x00,0x00,0x00,0x00,0x00,0x00,0x00,0x00,0x00,0x00,0x00,
    0x00,0x00,0x00,0x00,0x00,0x00,0x00,0x00,0x00,0x00,0x00,0x00,0x00,0x00,0x00,0x00,
    0x00,0x00,0x00,0x00,0x00,0x00,0x00,0x00,0x00,0x01,0x03,0x01,0x00,0x00,0x17,0x61,
    0xB0,0xF1,0xFF,0xFF,0xFF,0xFE,0xFB,0xFC,0xFD,0xFE,0xFF,0xFF,0xFF,0xFF,0xFF,0xFF,
    0xFF,0xFF,0xFF,0xFF,0xFF,0xFF,0xFF,0xFF,0xFF,0xFF,0xFF,0xFF,0xFF,0xFF,0xFE,0xFD,
    0xFC,0xFB,0xFE,0xFF,0xFF,0xFF,0xF1,0xB0,0x61,0x17,0x00,0x00,0x01,0x03,0x01,0x00,
    0x00,0x00,0x00,0x00,0x00,0x00,0x00,0x00,0x00,0x00,0x00,0x00,0x00,0x00,0x00,0x00,
    0x00,0x00,0x00,0x00,0x00,0x00,0x00,0x00,0x00,0x00,0x00,0x00,0x00,0x00,0x00,0x00,
    0x00,0x00,0x00,0x00,0x00,0x00,0x00,0x00,0x00,0x00,0x00,0x00,0x00,0x00,0x00,0x00,
    0x00,0x00,0x00,0x00,0x00,0x00,0x00,0x00,0x00,0x00,0x00,0x00,0x00,0x00,0x00,0x00,
    0x03,0x00,0x00,0x00,0x3A,0x9A,0xE9,0xFF,0xFF,0xFF,0xFC,0xFC,0xFD,0xFF,0xFF,0xFF,
    0xFF,0xFF,0xFF,0xFF,0xFF,0xFF,0xFF,0xFF,0xFF,0xFF,0xFF,0xFF,0xFF,0xFF,0xFF,0xFF,
    0xFF,0xFF,0xFF,0xFF,0xFF,0xFF,0xFF,0xFF,0xFF,0xFF,0xFF,0xFD,0xFC,0xFC,0xFF,0xFF,
    0xFF,0xE9,0x9A,0x3A,0x00,0x00,0x00,0x03,0x00,0x00,0x00,0x00,0x00,0x00,0x00,0x00,
    0x00,0x00,0x00,0x00,0x00,0x00,0x00,0x00,0x00,0x00,0x00,0x00,0x00,0x00,0x00,0x00,
    0x00,0x00,0x00,0x00,0x00,0x00,0x00,0x00,0x00,0x00,0x00,0x00,0x00,0x00,0x00,0x00,
    0x00,0x00,0x00,0x00,0x00,0x00,0x00,0x00,0x00,0x00,0x00,0x00,0x00,0x00,0x00,0x00,
    0x00,0x00,0x00,0x00,0x00,0x00,0x03,0x02,0x00,0x03,0x45,0xBA,0xFF,0xFF,0xFF,0xFC,
    0xFC,0xFE,0xFF,0xFF,0xFF,0xFF,0xFF,0xFF,0xFF,0xFF,0xFF,0xFF,0xFF,0xFF,0xFF,0xFF,
    0xFF,0xFF,0xFF,0xFF,0xFF,0xFF,0xFF,0xFF,0xFF,0xFF,0xFF,0xFF,0xFF,0xFF,0xFF,0xFF,
    0xFF,0xFF,0xFF,0xFF,0xFF,0xFF,0xFE,0xFC,0xFC,0xFF,0xFF,0xFF,0xBA,0x45,0x03,0x00,
    0x02,0x03,0x00,0x00,0x00,0x00,0x00,0x00,0x00,0x00,0x00,0x00,0x00,0x00,0x00,0x00,
    0x00,0x00,0x00,0x00,0x00,0x00,0x00,0x00,0x00,0x00,0x00,0x00,0x00,0x00,0x00,0x00,
    0x00,0x00,0x00,0x00,0x00,0x00,0x00,0x00,0x00,0x00,0x00,0x00,0x00,0x00,0x00,0x00,
    0x00,0x00,0x00,0x00,0x00,0x00,0x00,0x00,0x00,0x00,0x00,0x00,0x01,0x03,0x00,0x00,
    0x59,0xD2,0xFF,0xFF,0xFE,0xFC,0xFE,0xFF,0xFF,0xFF,0xFF,0xFF,0xFF,0xFF,0xFF,0xFF,
    0xFF,0xFF,0xFF,0xFF,0xFF,0xFF,0xFF,0xFF,0xFF,0xFF,0xFF,0xFF,0xFF,0xFF,0xFF,0xFF,
    0xFF,0xFF,0xFF,0xFF,0xFF,0xFF,0xFF,0xFF,0xFF,0xFF,0xFF,0xFF,0xFF,0xFF,0xFF,0xFF,
    0xFF,0xFE,0xFC,0xFE,0xFF,0xFF,0xD2,0x59,0x00,0x00,0x03,0x01,0x00,0x00,0x00,0x00,
    0x00,0x00,0x00,0x00,0x00,0x00,0x00,0x00,0x00,0x00,0x00,0x00,0x00,0x00,0x00,0x00,
    0x00,0x00,0x00,0x00,0x00,0x00,0x00,0x00,0x00,0x00,0x00,0x00,0x00,0x00,0x00,0x00,
    0x00,0x00,0x00,0x00,0x00,0x00,0x00,0x00,0x00,0x00,0x00,0x00,0x00,0x00,0x00,0x00,
    0x00,0x00,0x00,0x03,0x00,0x00,0x43,0xBA,0xFF,0xFF,0xFD,0xFC,0xFF,0xFF,0xFF,0xFF,
    0xFF,0xFF,0xFF,0xFF,0xFF,0xFF,0xFF,0xFF,0xFF,0xFF,0xFF,0xFF,0xFF,0xFF,0xFF,0xFF,
    0xFF,0xFF,0xFF,0xFF,0xFF,0xFF,0xFF,0xFF,0xFF,0xFF,0xFF,0xFF,0xFF,0xFF,0xFF,0xFF,
    0xFF,0xFF,0xFF,0xFF,0xFF,0xFF,0xFF,0xFF,0xFF,0xFF,0xFF,0xFF,0xFC,0xFD,0xFF,0xFF,
    0xBA,0x43,0x00,0x00,0x03,0x00,0x00,0x00,0x00,0x00,0x00,0x00,0x00,0x00,0x00,0x00,
    0x00,0x00,0x00,0x00,0x00,0x00,0x00,0x00,0x00,0x00,0x00,0x00,0x00,0x00,0x00,0x00,
    0x00,0x00,0x00,0x00,0x00,0x00,0x00,0x00,0x00,0x00,0x00,0x00,0x00,0x00,0x00,0x00,
    0x00,0x00,0x00,0x00,0x00,0x00,0x00,0x00,0x00,0x02,0x02,0x00,0x1A,0x9E,0xFF,0xFF,
    0xFD,0xFD,0xFF,0xFF,0xFF,0xFF,0xFF,0xFF,0xFF,0xFF,0xFF,0xFF,0xFF,0xFF,0xFF,0xFF,
    0xFF,0xFF,0xFF,0xFF,0xFF,0xFF,0xFF,0xFF,0xFF,0xFF,0xFF,0xFF,0xFF,0xFF,0xFF,0xFF,
    0xFF,0xFF,0xFF,0xFF,0xFF,0xFF,0xFF,0xFF,0xFF,0xFF,0xFF,0xFF,0xFF,0xFF,0xFF,0xFF,
    0xFF,0xFF,0xFF,0xFF,0xFF,0xFF,0xFD,0xFD,0xFF,0xFF,0x9E,0x1A,0x00,0x02,0x02,0x00,
    0x00,0x00,0x00,0x00,0x00,0x00,0x00,0x00,0x00,0x00,0x00,0x00,0x00,0x00,0x00,0x00,
    0x00,0x00,0x00,0x00,0x00,0x00,0x00,0x00,0x00,0x00,0x00,0x00,0x00,0x00,0x00,0x00,
    0x00,0x00,0x00,0x00,0x00,0x00,0x00,0x00,0x00,0x00,0x00,0x00,0x00,0x00,0x00,0x00,
    0x04,0x00,0x00,0x6D,0xE9,0xFF,0xFE,0xFC,0xFF,0xFF,0xFF,0xFF,0xFF,0xFF,0xFF,0xFF,
    0xFF,0xFF,0xFF,0xFF,0xFF,0xFF,0xFF,0xFF,0xFF,0xFF,0xFF,0xFF,0xFF,0xFF,0xFF,0xFF,
    0xFF,0xFF,0xFF,0xFF,0xFF,0xFF,0xFF,0xFF,0xFF,0xFF,0xFF,0xFF,0xFF,0xFF,0xFF,0xFF,
    0xFF,0xFF,0xFF,0xFF,0xFF,0xFF,0xFF,0xFF,0xFF,0xFF,0xFF,0xFF,0xFF,0xFF,0xFF,0xFF,
    0xFC,0xFE,0xFF,0xE9,0x6D,0x00,0x00,0x04,0x00,0x00,0x00,0x00,0x00,0x00,0x00,0x00,
    0x00,0x00,0x00,0x00,0x00,0x00,0x00,0x00,0x00,0x00,0x00,0x00,0x00,0x00,0x00,0x00,
    0x00,0x00,0x00,0x00,0x00,0x00,0x00,0x00,0x00,0x00,0x00,0x00,0x00,0x00,0x00,0x00,
    0x00,0x00,0x00,0x00,0x00,0x00,0x01,0x04,0x00,0x26,0xB8,0xFF,0xFF,0xFB,0xFF,0xFF,
    0xFF,0xFF,0xFF,0xFF,0xFF,0xFF,0xFF,0xFF,0xFF,0xFF,0xFF,0xFF,0xFF,0xFF,0xFF,0xFF,
    0xFF,0xFF,0xFF,0xFF,0xFF,0xFF,0xFF,0xFF,0xFF,0xFF,0xFF,0xFF,0xFF,0xFF,0xFF,0xFF,
    0xFF,0xFF,0xFF,0xFF,0xFF,0xFF,0xFF,0xFF,0xFF,0xFF,0xFF,0xFF,0xFF,0xFF,0xFF,0xFF,
    0xFF,0xFF,0xFF,0xFF,0xFF,0xFF,0xFF,0xFF,0xFF,0xFF,0xFB,0xFF,0xFF,0xB8,0x26,0x00,
    0x04,0x01,0x00,0x00,0x00,0x00,0x00,0x00,0x00,0x00,0x00,0x00,0x00,0x00,0x00,0x00,
    0x00,0x00,0x00,0x00,0x00,0x00,0x00,0x00,0x00,0x00,0x00,0x00,0x00,0x00,0x00,0x00,
    0x00,0x00,0x00,0x00,0x00,0x00,0x00,0x00,0x00,0x00,0x00,0x00,0x00,0x02,0x00,0x00,
    0x56,0xEC,0xFF,0xFB,0xFE,0xFF,0xFF,0xFF,0xFF,0xFF,0xFF,0xFF,0xFF,0xFF,0xFF,0xFF,
    0xFF,0xFF,0xFF,0xFF,0xFF,0xFF,0xFF,0xFF,0xFF,0xFF,0xFF,0xFF,0xFF,0xFF,0xFF,0xFF,
    0xFF,0xFF,0xFF,0xFF,0xFF,0xFF,0xFF,0xFF,0xFF,0xFF,0xFF,0xFF,0xFF,0xFF,0xFF,0xFF,
    0xFF,0xFF,0xFF,0xFF,0xFF,0xFF,0xFF,0xFF,0xFF,0xFF,0xFF,0xFF,0xFF,0xFF,0xFF,0xFF,
    0xFF,0xFF,0xFF,0xFE,0xFB,0xFF,0xEC,0x56,0x00,0x00,0x02,0x00,0x00,0x00,0x00,0x00,
    0x00,0x00,0x00,0x00,0x00,0x00,0x00,0x00,0x00,0x00,0x00,0x00,0x00,0x00,0x00,0x00,
    0x00,0x00,0x00,0x00,0x00,0x00,0x00,0x00,0x00,0x00,0x00,0x00,0x00,0x00,0x00,0x00,
    0x00,0x00,0x00,0x00,0x03,0x00,0x04,0x8F,0xFF,0xFF,0xFC,0xFF,0xFF,0xFF,0xFF,0xFF,
    0xFF,0xFF,0xFF,0xFF,0xFF,0xFF,0xFF,0xFF,0xFF,0xFF,0xFF,0xFF,0xFF,0xFF,0xFF,0xFF,
    0xFF,0xFF,0xFF,0xFF,0xFF,0xFF,0xFF,0xFF,0xFF,0xFF,0xFF,0xFF,0xFF,0xFF,0xFF,0xFF,
    0xFF,0xFF,0xFF,0xFF,0xFF,0xFF,0xFF,0xFF,0xFF,0xFF,0xFF,0xFF,0xFF,0xFF,0xFF,0xFF,
    0xFF,0xFF,0xFF,0xFF,0xFF,0xFF,0xFF,0xFF,0xFF,0xFF,0xFF,0xFF,0xFF,0xFC,0xFF,0xFF,
    0x8F,0x04,0x00,0x03,0x00,0x00,0x00,0x00,0x00,0x00,0x00,0x00,0x00,0x00,0x00,0x00,
    0x00,0x00,0x00,0x00,0x00,0x00,0x00,0x00,0x00,0x00,0x00,0x00,0x00,0x00,0x00,0x00,
    0x00,0x00,0x00,0x00,0x00,0x00,0x00,0x00,0x00,0x00,0x00,0x03,0x00,0x19,0xC4,0xFF,
    0xFC,0xFE,0xFF,0xFF,0xFF,0xFF,0xFF,0xFF,0xFF,0xFF,0xFF,0xFF,0xFF,0xFF,0xFF,0xFF,
    0xFF,0xFF,0xFF,0xFF,0xFF,0xFF,0xFF,0xFF,0xFF,0xFF,0xFF,0xFF,0xFF,0xFF,0xFF,0xFF,
    0xFF,0xFF,0xFF,0xFF,0xFF,0xFF,0xFF,0xFF,0xFF,0xFF,0xFF,0xFF,0xFF,0xFF,0xFF,0xFF,
    0xFF,0xFF,0xFF,0xFF,0xFF,0xFF,0xFF,0xFF,0xFF,0xFF,0xFF,0xFF,0xFF,0xFF,0xFF,0xFF,
    0xFF,0xFF,0xFF,0xFF,0xFF,0xFF,0xFE,0xFC,0xFF,0xC4,0x19,0x00,0x03,0x00,0x00,0x00,
    0x00,0x00,0x00,0x00,0x00,0x00,0x00,0x00,0x00,0x00,0x00,0x00,0x00,0x00,0x00,0x00,
    0x00,0x00,0x00,0x00,0x00,0x00,0x00,0x00,0x00,0x00,0x00,0x00,0x00,0x00,0x00,0x00,
    0x00,0x00,0x04,0x00,0x35,0xE6,0xFF,0xFB,0xFF,0xFF,0xFF,0xFF,0xFF,0xFF,0xFF,0xFF,
    0xFF,0xFF,0xFF,0xFF,0xFF,0xFF,0xFF,0xFF,0xFF,0xFF,0xFF,0xFF,0xFF,0xFF,0xFF,0xFF,
    0xFF,0xFF,0xFF,0xFF,0xFF,0xFF,0xFF,0xFF,0xFF,0xFF,0xFF,0xFF,0xFF,0xFF,0xFF,0xFF,
    0xFF,0xFF,0xFF,0xFF,0xFF,0xFF,0xFF,0xFF,0xFF,0xFF,0xFF,0xFF,0xFF,0xFF,0xFF,0xFF,
    0xFF,0xFF,0xFF,0xFF,0xFF,0xFF,0xFF,0xFF,0xFF,0xFF,0xFF,0xFF,0xFF,0xFF,0xFF,0xFF,
    0xFB,0xFF,0xE6,0x35,0x00,0x04,0x00,0x00,0x00,0x00,0x00,0x00,0x00,0x00,0x00,0x00,
    0x00,0x00,0x00,0x00,0x00,0x00,0x00,0x00,0x00,0x00,0x00,0x00,0x00,0x00,0x00,0x00,
    0x00,0x00,0x00,0x00,0x00,0x00,0x00,0x00,0x00,0x04,0x00,0x3B,0xEE,0xFF,0xFB,0xFF,
    0xFF,0xFF,0xFF,0xFF,0xFF,0xFF,0xFF,0xFF,0xFF,0xFF,0xFF,0xFF,0xFF,0xFF,0xFF,0xFF,
    0xFF,0xFF,0xFF,0xFF,0xFF,0xFF,0xFF,0xFF,0xFF,0xFF,0xFF,0xFF,0xFF,0xFF,0xFF,0xFF,
    0xFF,0xFF,0xFF,0xFF,0xFF,0xFF,0xFF,0xFF,0xFF,0xFF,0xFF,0xFF,0xFF,0xFF,0xFF,0xFF,
    0xFF,0xFF,0xFF,0xFF,0xFF,0xFF,0xFF,0xFF,0xFF,0xFF,0xFF,0xFF,0xFF,0xFF,0xFF,0xFF,
    0xFF,0xFF,0xFF,0xFF,0xFF,0xFF,0xFF,0xFF,0xFF,0xFB,0xFF,0xEE,0x3B,0x00,0x04,0x00,
    0x00,0x00,0x00,0x00,0x00,0x00,0x00,0x00,0x00,0x00,0x00,0x00,0x00,0x00,0x00,0x00,
    0x00,0x00,0x00,0x00,0x00,0x00,0x00,0x00,0x00,0x00,0x00,0x00,0x00,0x00,0x00,0x00,
    0x04,0x00,0x65,0xFB,0xFF,0xFD,0xFF,0xFF,0xFF,0xFF,0xFF,0xFF,0xFF,0xFF,0xFF,0xFF,
    0xFF,0xFF,0xFF,0xFF,0xFF,0xFF,0xFF,0xFF,0xFF,0xFF,0xFF,0xFF,0xFF,0xFF,0xFF,0xFF,
    0xFF,0xFF,0xFF,0xFF,0xFF,0xFF,0xFF,0xFF,0xFF,0xFF,0xFF,0xFF,0xFF,0xFF,0xFF,0xFF,
    0xFF,0xFF,0xFF,0xFF,0xFF,0xFF,0xFF,0xFF,0xFF,0xFF,0xFF,0xFF,0xFF,0xFF,0xFF,0xFF,
    0xFF,0xFF,0xFF,0xFF,0xFF,0xFF,0xFF,0xFF,0xFF,0xFF,0xFF,0xFF,0xFF,0xFF,0xFF,0xFF,
    0xFF,0xFF,0xFD,0xFF,0xFB,0x65,0x00,0x04,0x00,0x00,0x00,0x00,0x00,0x00,0x00,0x00,
    0x00,0x00,0x00,0x00,0x00,0x00,0x00,0x00,0x00,0x00,0x00,0x00,0x00,0x00,0x00,0x00,
    0x00,0x00,0x00,0x00,0x00,0x00,0x00,0x04,0x00,0x65,0xFF,0xFE,0xFD,0xFF,0xFF,0xFF,
    0xFF,0xFF,0xFF,0xFF,0xFF,0xFF,0xFF,0xFF,0xFF,0xFF,0xFF,0xFF,0xFF,0xFF,0xFF,0xFF,
    0xFF,0xFF,0xFF,0xFF,0xFF,0xFF,0xFF,0xFF,0xFF,0xFF,0xFF,0xFF,0xFF,0xFF,0xFF,0xFF,
    0xFF,0xFF,0xFF,0xFF,0xFF,0xFF,0xFF,0xFF,0xFF,0xFF,0xFF,0xFF,0xFF,0xFF,0xFF,0xFF,
    0xFF,0xFF,0xFF,0xFF,0xFF,0xFF,0xFF,0xFF,0xFF,0xFF,0xFF,0xFF,0xFF,0xFF,0xFF,0xFF,
    0xFF,0xFF,0xFF,0xFF,0xFF,0xFF,0xFF,0xFF,0xFF,0xFF,0xFF,0xFD,0xFE,0xFF,0x65,0x00,
    0x04,0x00,0x00,0x00,0x00,0x00,0x00,0x00,0x00,0x00,0x00,0x00,0x00,0x00,0x00,0x00,
    0x00,0x00,0x00,0x00,0x00,0x00,0x00,0x00,0x00,0x00,0x00,0x00,0x00,0x00,0x04,0x00,
    0x65,0xFF,0xFC,0xFE,0xFF,0xFF,0xFF,0xFF,0xFF,0xFF,0xFF,0xFF,0xFF,0xFF,0xFF,0xFF,
    0xFF,0xFF,0xFF,0xFF,0xFF,0xFF,0xFF,0xFF,0xFF,0xFF,0xFF,0xFF,0xFF,0xFF,0xFF,0xFF,
    0xFF,0xFF,0xFF,0xFF,0xFF,0xFF,0xFF,0xFF,0xFF,0xFF,0xFF,0xFF,0xFF,0xFF,0xFF,0xFF,
    0xFF,0xFF,0xFF,0xFF,0xFF,0xFF,0xFF,0xFF,0xFF,0xFF,0xFF,0xFF,0xFF,0xFF,0xFF,0xFF,
    0xFF,0xFF,0xFF,0xFF,0xFF,0xFF,0xFF,0xFF,0xFF,0xFF,0xFF,0xFF,0xFF,0xFF,0xFF,0xFF,
    0xFF,0xFF,0xFF,0xFF,0xFE,0xFC,0xFF,0x65,0x00,0x04,0x00,0x00,0x00,0x00,0x00,0x00,
    0x00,0x00,0x00,0x00,0x00,0x00,0x00,0x00,0x00,0x00,0x00,0x00,0x00,0x00,0x00,0x00,
    0x00,0x00,0x00,0x00,0x00,0x03,0x00,0x39,0xFE,0xFD,0xFE,0xFF,0xFF,0xFF,0xFF,0xFF,
    0xFF,0xFF,0xFF,0xFF,0xFF,0xFF,0xFF,0xFF,0xFF,0xFF,0xFF,0xFF,0xFF,0xFF,0xFF,0xFF,
    0xFF,0xFF,0xFF,0xFF,0xFF,0xFF,0xFF,0xFF,0xFF,0xFF,0xFF,0xFF,0xFF,0xFF,0xFF,0xFF,
    0xFF,0xFF,0xFF,0xFF,0xFF,0xFF,0xFF,0xFF,0xFF,0xFF,0xFF,0xFF,0xFF,0xFF,0xFF,0xFF,
    0xFF,0xFF,0xFF,0xFF,0xFF,0xFF,0xFF,0xFF,0xFF,0xFF,0xFF,0xFF,0xFF,0xFF,0xFF,0xFF,
    0xFF,0xFF,0xFF,0xFF,0xFF,0xFF,0xFF,0xFF,0xFF,0xFF,0xFF,0xFF,0xFF,0xFE,0xFD,0xFE,
    0x39,0x00,0x03,0x00,0x00,0x00,0x00,0x00,0x00,0x00,0x00,0x00,0x00,0x00,0x00,0x00,
    0x00,0x00,0x00,0x00,0x00,0x00,0x00,0x00,0x00,0x00,0x00,0x00,0x02,0x00,0x36,0xED,
    0xFD,0xFD,0xFF,0xFF,0xFF,0xFF,0xFF,0xFF,0xFF,0xFF,0xFF,0xFF,0xFF,0xFF,0xFF,0xFF,
    0xFF,0xFF,0xFF,0xFF,0xFF,0xFF,0xFF,0xFF,0xFF,0xFF,0xFF,0xFF,0xFF,0xFF,0xFF,0xFF,
    0xFF,0xFF,0xFF,0xFF,0xFF,0xFF,0xFF,0xFF,0xFF,0xFF,0xFF,0xFF,0xFF,0xFF,0xFF,0xFF,
    0xFF,0xFF,0xFF,0xFF,0xFF,0xFF,0xFF,0xFF,0xFF,0xFF,0xFF,0xFF,0xFF,0xFF,0xFF,0xFF,
    0xFF,0xFF,0xFF,0xFF,0xFF,0xFF,0xFF,0xFF,0xFF,0xFF,0xFF,0xFF,0xFF,0xFF,0xFF,0xFF,
    0xFF,0xFF,0xFF,0xFF,0xFF,0xFF,0xFD,0xFD,0xED,0x36,0x00,0x02,0x00,0x00,0x00,0x00,
    0x00,0x00,0x00,0x00,0x00,0x00,0x00,0x00,0x00,0x00,0x00,0x00,0x00,0x00,0x00,0x00,
    0x00,0x00,0x00,0x02,0x01,0x16,0xE9,0xFF,0xFD,0xFF,0xFF,0xFF,0xFF,0xFF,0xFF,0xFF,
    0xFF,0xFF,0xFF,0xFF,0xFF,0xFF,0xFF,0xFF,0xFF,0xFF,0xFF,0xFF,0xFF,0xFF,0xFF,0xFF,
    0xFF,0xFF,0xFF,0xFF,0xFF,0xFF,0xFF,0xFF,0xFF,0xFF,0xFF,0xFF,0xFF,0xFF,0xFF,0xFF,
    0xFF,0xFF,0xFF,0xFF,0xFF,0xFF,0xFF,0xFF,0xFF,0xFF,0xFF,0xFF,0xFF,0xFF,0xFF,0xFF,
    0xFF,0xFF,0xFF,0xFF,0xFF,0xFF,0xFF,0xFF,0xFF,0xFF,0xFF,0xFF,0xFF,0xFF,0xFF,0xFF,
    0xFF,0xFF,0xFF,0xFF,0xFF,0xFF,0xFF,0xFF,0xFF,0xFF,0xFF,0xFF,0xFF,0xFF,0xFF,0xFD,
    0xFF,0xE9,0x16,0x01,0x02,0x00,0x00,0x00,0x00,0x00,0x00,0x00,0x00,0x00,0x00,0x00,
    0x00,0x00,0x00,0x00,0x00,0x00,0x00,0x00,0x00,0x00,0x01,0x03,0x03,0xC6,0xFF,0xFC,
    0xFF,0xFF,0xFF,0xFF,0xFF,0xFF,0xFF,0xFF,0xFF,0xFF,0xFF,0xFF,0xFF,0xFF,0xFF,0xFF,
    0xFF,0xFF,0xFF,0xFF,0xFF,0xFF,0xFF,0xFF,0xFF,0xFF,0xFF,0xFF,0xFF,0xFF,0xFF,0xFF,
    0xFF,0xFF,0xFF,0xFF,0xFF,0xFF,0xFF,0xFF,0xFF,0xFF,0xFF,0xFF,0xFF,0xFF,0xFF,0xFF,
    0xFF,0xFF,0xFF,0xFF,0xFF,0xFF,0xFF,0xFF,0xFF,0xFF,0xFF,0xFF,0xFF,0xFF,0xFF,0xFF,
    0xFF,0xFF,0xFF,0xFF,0xFF,0xFF,0xFF,0xFF,0xFF,0xFF,0xFF,0xFF,0xFF,0xFF,0xFF,0xFF,
    0xFF,0xFF,0xFF,0xFF,0xFF,0xFF,0xFF,0xFF,0xFC,0xFF,0xC6,0x03,0x03,0x01,0x00,0x00,
    0x00,0x00,0x00,0x00,0x00,0x00,0x00,0x00,0x00,0x00,0x00,0x00,0x00,0x00,0x00,0x00,
    0x00,0x00,0x04,0x00,0x8F,0xFF,0xFB,0xFF,0xFF,0xFF,0xFF,0xFF,0xFF,0xFF,0xFF,0xFF,
    0xFF,0xFF,0xFF,0xFF,0xFF,0xFF,0xFF,0xFF,0xFF,0xFF,0xFF,0xFF,0xFF,0xFF,0xFF,0xFF,
    0xFF,0xFF,0xFF,0xFF,0xFF,0xFF,0xFF,0xFF,0xFF,0xFF,0xFF,0xFF,0xFF,0xFF,0xFF,0xFF,
    0xFF,0xFF,0xFF,0xFF,0xFF,0xFF,0xFF,0xFF,0xFF,0xFF,0xFF,0xFF,0xFF,0xFF,0xFF,0xFF,
    0xFF,0xFF,0xFF,0xFF,0xFF,0xFF,0xFF,0xFF,0xFF,0xFF,0xFF,0xFF,0xFF,0xFF,0xFF,0xFF,
    0xFF,0xFF,0xFF,0xFF,0xFF,0xFF,0xFF,0xFF,0xFF,0xFF,0xFF,0xFF,0xFF,0xFF,0xFF,0xFF,
    0xFF,0xFB,0xFF,0x8F,0x00,0x04,0x00,0x00,0x00,0x00,0x00,0x00,0x00,0x00,0x00,0x00,
    0x00,0x00,0x00,0x00,0x00,0x00,0x00,0x00,0x00,0x03,0x00,0x54,0xFF,0xFB,0xFF,0xFF,
    0xFF,0xFF,0xFF,0xFF,0xFF,0xFF,0xFF,0xFF,0xFF,0xFF,0xFF,0xFF,0xFF,0xFF,0xFF,0xFF,
    0xFF,0xFF,0xFF,0xFF,0xFF,0xFF,0xFF,0xFF,0xFF,0xFF,0xFF,0xFF,0xFF,0xFF,0xFF,0xFF,
    0xFF,0xFF,0xFF,0xFF,0xFF,0xFF,0xFF,0xFF,0xFF,0xFF,0xFF,0xFF,0xFF,0xFF,0xFF,0xFF,
    0xFF,0xFF,0xFF,0xFF,0xFF,0xFF,0xFF,0xFF,0xFF,0xFF,0xFF,0xFF,0xFF,0xFF,0xFF,0xFF,
    0xFF,0xFF,0xFF,0xFF,0xFF,0xFF,0xFF,0xFF,0xFF,0xFF,0xFF,0xFF,0xFF,0xFF,0xFF,0xFF,
    0xFF,0xFF,0xFF,0xFF,0xFF,0xFF,0xFF,0xFF,0xFF,0xFF,0xFB,0xFF,0x54,0x00,0x03,0x00,
    0x00,0x00,0x00,0x00,0x00,0x00,0x00,0x00,0x00,0x00,0x00,0x00,0x00,0x00,0x00,0x00,
    0x02,0x01,0x23,0xEE,0xFD,0xFE,0xFF,0xFF,0xFF,0xFF,0xFF,0xFF,0xFF,0xFF,0xFF,0xFF,
    0xFF,0xFF,0xFF,0xFF,0xFF,0xFF,0xFF,0xFF,0xFF,0xFF,0xFF,0xFF,0xFF,0xFF,0xFF,0xFF,
    0xFF,0xFF,0xFF,0xFF,0xFF,0xFF,0xFF,0xFF,0xFF,0xFF,0xFF,0xFF,0xFF,0xFF,0xFF,0xFF,
    0xFF,0xFF,0xFF,0xFF,0xFF,0xFF,0xFF,0xFF,0xFF,0xFF,0xFF,0xFF,0xFF,0xFF,0xFF,0xFF,
    0xFF,0xFF,0xFF,0xFF,0xFF,0xFF,0xFF,0xFF,0xFF,0xFF,0xFF,0xFF,0xFF,0xFF,0xFF,0xFF,
    0xFF,0xFF,0xFF,0xFF,0xFF,0xFF,0xFF,0xFF,0xFF,0xFF,0xFF,0xFF,0xFF,0xFF,0xFF,0xFF,
    0xFF,0xFF,0xFE,0xFD,0xEE,0x23,0x01,0x02,0x00,0x00,0x00,0x00,0x00,0x00,0x00,0x00,
    0x00,0x00,0x00,0x00,0x00,0x00,0x00,0x00,0x03,0x00,0xBC,0xFF,0xFC,0xFF,0xFF,0xFF,
    0xFF,0xFF,0xFF,0xFF,0xFF,0xFF,0xFF,0xFF,0xFF,0xFF,0xFF,0xFF,0xFF,0xFF,0xFF,0xFF,
    0xFF,0xFF,0xFF,0xFF,0xFF,0xFF,0xFF,0xFF,0xFF,0xFF,0xFF,0xFF,0xFF,0xFF,0xFF,0xFF,
    0xFF,0xFF,0xFF,0xFF,0xFF,0xFF,0xFF,0xFF,0xFF,0xFF,0xFF,0xFF,0xFF,0xFF,0xFF,0xFF,
    0xFF,0xFF,0xFF,0xFF,0xFF,0xFF,0xFF,0xFF,0xFF,0xFF,0xFF,0xFF,0xFF,0xFF,0xFF,0xFF,
    0xFF,0xFF,0xFF,0xFF,0xFF,0xFF,0xFF,0xFF,0xFF,0xFF,0xFF,0xFF,0xFF,0xFF,0xFF,0xFF,
    0xFF,0xFF,0xFF,0xFF,0xFF,0xFF,0xFF,0xFF,0xFF,0xFF,0xFF,0xFC,0xFF,0xBC,0x00,0x03,
    0x00,0x00,0x00,0x00,0x00,0x00,0x00,0x00,0x00,0x00,0x00,0x00,0x00,0x00,0x00,0x03,
    0x00,0x6B,0xFF,0xFB,0xFF,0xFF,0xFF,0xFF,0xFF,0xFF,0xFF,0xFF,0xFF,0xFF,0xFF,0xFF,
    0xFF,0xFF,0xFF,0xFF,0xFF,0xFF,0xFF,0xFF,0xFF,0xFF,0xFF,0xFF,0xFF,0xFF,0xFF,0xFF,
    0xFF,0xFF,0xFF,0xFF,0xFF,0xFF,0xFF,0xFF,0xFF,0xFF,0xFF,0xFF,0xFF,0xFF,0xFF,0xFF,
    0xFF,0xFF,0xFF,0xFF,0xFF,0xFF,0xFF,0xFF,0xFF,0xFF,0xFF,0xFF,0xFF,0xFF,0xFF,0xFF,
    0xFF,0xFF,0xFF,0xFF,0xFF,0xFF,0xFF,0xFF,0xFF,0xFF,0xFF,0xFF,0xFF,0xFF,0xFF,0xFF,
    0xFF,0xFF,0xFF,0xFF,0xFF,0xFF,0xFF,0xFF,0xFF,0xFF,0xFF,0xFF,0xFF,0xFF,0xFF,0xFF,
    0xFF,0xFF,0xFF,0xFF,0xFB,0xFF,0x6B,0x00,0x03,0x00,0x00,0x00,0x00,0x00,0x00,0x00,
    0x00,0x00,0x00,0x00,0x00,0x00,0x02,0x01,0x18,0xEE,0xFD,0xFE,0xFF,0xFF,0xFF,0xFF,
    0xFF,0xFF,0xFF,0xFF,0xFF,0xFF,0xFF,0xFF,0xFF,0xFF,0xFF,0xFF,0xFF,0xFF,0xFF,0xFF,
    0xFF,0xFF,0xFF,0xFF,0xFF,0xFF,0xFF,0xFF,0xFF,0xFF,0xFF,0xFF,0xFF,0xFF,0xFF,0xFF,
    0xFF,0xFF,0xFF,0xFF,0xFF,0xFF,0xFF,0xFF,0xFF,0xFF,0xFF,0xFF,0xFF,0xFF,0xFF,0xFF,
    0xFF,0xFF,0xFF,0xFF,0xFF,0xFF,0xFF,0xFF,0xFF,0xFF,0xFF,0xFF,0xFF,0xFF,0xFF,0xFF,
    0xFF,0xFF,0xFF,0xFF,0xFF,0xFF,0xFF,0xFF,0xFF,0xFF,0xFF,0xFF,0xFF,0xFF,0xFF,0xFF,
    0xFF,0xFF,0xFF,0xFF,0xFF,0xFF,0xFF,0xFF,0xFF,0xFF,0xFF,0xFF,0xFE,0xFD,0xEE,0x18,
    0x01,0x02,0x00,0x00,0x00,0x00,0x00,0x00,0x00,0x00,0x00,0x00,0x00,0x00,0x03,0x00,
    0xA0,0xFF,0xFC,0xFF,0xFF,0xFF,0xFF,0xFF,0xFF,0xFF,0xFF,0xFF,0xFF,0xFF,0xFF,0xFF,
    0xFF,0xFF,0xFF,0xFF,0xFF,0xFF,0xFF,0xFF,0xFF,0xFF,0xFF,0xFF,0xFF,0xFF,0xFF,0xFF,
    0xFF,0xFF,0xFF,0xFF,0xFF,0xFF,0xFF,0xFF,0xFF,0xFF,0xFF,0xFF,0xFF,0xFF,0xFF,0xFF,
    0xFF,0xFF,0xFF,0xFF,0xFF,0xFF,0xFF,0xFF,0xFF,0xFF,0xFF,0xFF,0xFF,0xFF,0xFF,0xFF,
    0xFF,0xFF,0xFF,0xFF,0xFF,0xFF,0xFF,0xFF,0xFF,0xFF,0xFF,0xFF,0xFF,0xFF,0xFF,0xFF,
    0xFF,0xFF,0xFF,0xFF,0xFF,0xFF,0xFF,0xFF,0xFF,0xFF,0xFF,0xFF,0xFF,0xFF,0xFF,0xFF,
    0xFF,0xFF,0xFF,0xFF,0xFF,0xFC,0xFF,0xA0,0x00,0x03,0x00,0x00,0x00,0x00,0x00,0x00,
    0x00,0x00,0x00,0x00,0x00,0x03,0x01,0x3F,0xFD,0xFC,0xFF,0xFF,0xFF,0xFF,0xFF,0xFF,
    0xFF,0xFF,0xFF,0xFF,0xFF,0xFF,0xFF,0xFF,0xFF,0xFF,0xFF,0xFF,0xFF,0xFF,0xFF,0xFF,
    0xFF,0xFF,0xFF,0xFF,0xFF,0xFF,0xFF,0xFF,0xFF,0xFF,0xFF,0xFF,0xFF,0xFF,0xFF,0xFF,
    0xFF,0xFF,0xFF,0xFF,0xFF,0xFF,0xFF,0xFF,0xFF,0xFF,0xFF,0xFF,0xFF,0xFF,0xFF,0xFF,
    0xFF,0xFF,0xFF,0xFF,0xFF,0xFF,0xFF,0xFF,0xFF,0xFF,0xFF,0xFF,0xFF,0xFF,0xFF,0xFF,
    0xFF,0xFF,0xFF,0xFF,0xFF,0xFF,0xFF,0xFF,0xFF,0xFF,0xFF,0xFF,0xFF,0xFF,0xFF,0xFF,
    0xFF,0xFF,0xFF,0xFF,0xFF,0xFF,0xFF,0xFF,0xFF,0xFF,0xFF,0xFF,0xFF,0xFF,0xFC,0xFD,
    0x3F,0x01,0x03,0x00,0x00,0x00,0x00,0x00,0x00,0x00,0x00,0x00,0x00,0x02,0x00,0xBF,
    0xFF,0xFC,0xFF,0xFF,0xFF,0xFF,0xFF,0xFF,0xFF,0xFF,0xFF,0xFF,0xFF,0xFF,0xFF,0xFF,
    0xFF,0xFF,0xFF,0xFF,0xFF,0xFF,0xFF,0xFF,0xFF,0xFF,0xFF,0xFF,0xFF,0xFF,0xFF,0xFF,
    0xFF,0xFF,0xFF,0xFF,0xFF,0xFF,0xFF,0xFF,0xFF,0xFF,0xFF,0xFF,0xFF,0xFF,0xFF,0xFF,
    0xFF,0xFF,0xFF,0xFF,0xFF,0xFF,0xFF,0xFF,0xFF,0xFF,0xFF,0xFF,0xFF,0xFF,0xFF,0xFF,
    0xFF,0xFF,0xFF,0xFF,0xFF,0xFF,0xFF,0xFF,0xFF,0xFF,0xFF,0xFF,0xFF,0xFF,0xFF,0xFF,
    0xFF,0xFF,0xFF,0xFF,0xFF,0xFF,0xFF,0xFF,0xFF,0xFF,0xFF,0xFF,0xFF,0xFF,0xFF,0xFF,
    0xFF,0xFF,0xFF,0xFF,0xFF,0xFF,0xFC,0xFF,0xBF,0x00,0x02,0x00,0x00,0x00,0x00,0x00,
    0x00,0x00,0x00,0x00,0x03,0x00,0x56,0xFF,0xFC,0xFF,0xFF,0xFF,0xFF,0xFF,0xFF,0xFF,
    0xFF,0xFF,0xFF,0xFF,0xFF,0xFF,0xFF,0xFF,0xFF,0xFF,0xFF,0xFF,0xFF,0xFF,0xFF,0xFF,
    0xFF,0xFF,0xFF,0xFF,0xFF,0xFF,0xFF,0xFF,0xFF,0xFF,0xFF,0xFF,0xFF,0xFF,0xFF,0xFF,
    0xFF,0xFF,0xFF,0xFF,0xFF,0xFF,0xFF,0xFF,0xFF,0xFF,0xFF,0xFF,0xFF,0xFF,0xFF,0xFF,
    0xFF,0xFF,0xFF,0xFF,0xFF,0xFF,0xFF,0xFF,0xFF,0xFF,0xFF,0xFF,0xFF,0xFF,0xFF,0xFF,
    0xFF,0xFF,0xFF,0xFF,0xFF,0xFF,0xFF,0xFF,0xFF,0xFF,0xFF,0xFF,0xFF,0xFF,0xFF,0xFF,
    0xFF,0xFF,0xFF,0xFF,0xFF,0xFF,0xFF,0xFF,0xFF,0xFF,0xFF,0xFF,0xFF,0xFF,0xFF,0xFC,
    0xFF,0x56,0x00,0x03,0x00,0x00,0x00,0x00,0x00,0x00,0x00,0x00,0x02,0x04,0xD8,0xFF,
    0xFD,0xFF,0xFF,0xFF,0xFF,0xFF,0xFF,0xFF,0xFF,0xFF,0xFF,0xFF,0xFF,0xFF,0xFF,0xFF,
    0xFF,0xFF,0xFF,0xFF,0xFF,0xFF,0xFF,0xFF,0xFF,0xFF,0xFF,0xFF,0xFF,0xFF,0xFF,0xFF,
    0xFF,0xFF,0xFF,0xFF,0xFF,0xFF,0xFF,0xFF,0xFF,0xFF,0xFF,0xFF,0xFF,0xFF,0xFF,0xFF,
    0xFF,0xFF,0xFF,0xFF,0xFF,0xFF,0xFF,0xFF,0xFF,0xFF,0xFF,0xFF,0xFF,0xFF,0xFF,0xFF,
    0xFF,0xFF,0xFF,0xFF,0xFF,0xFF,0xFF,0xFF,0xFF,0xFF,0xFF,0xFF,0xFF,0xFF,0xFF,0xFF,
    0xFF,0xFF,0xFF,0xFF,0xFF,0xFF,0xFF,0xFF,0xFF,0xFF,0xFF,0xFF,0xFF,0xFF,0xFF,0xFF,
    0xFF,0xFF,0xFF,0xFF,0xFF,0xFF,0xFF,0xFD,0xFF,0xD8,0x04,0x02,0x00,0x00,0x00,0x00,
    0x00,0x00,0x00,0x03,0x00,0x41,0xFE,0xFD,0xFF,0xFF,0xFF,0xFF,0xFF,0xFF,0xFF,0xFF,
    0xFF,0xFF,0xFF,0xFF,0xFF,0xFF,0xFF,0xFF,0xFF,0xFF,0xFF,0xFF,0xFF,0xFF,0xFF,0xFF,
    0xFF,0xFF,0xFF,0xFF,0xFF,0xFF,0xFF,0xFF,0xFF,0xFF,0xFF,0xFF,0xFF,0xFF,0xFF,0xFF,
    0xFF,0xFF,0xFF,0xFF,0xFF,0xFF,0xFF,0xFF,0xFF,0xFF,0xFF,0xFF,0xFF,0xFF,0xFF,0xFF,
    0xFF,0xFF,0xFF,0xFF,0xFF,0xFF,0xFF,0xFF,0xFF,0xFF,0xFF,0xFF,0xFF,0xFF,0xFF,0xFF,
    0xFF,0xFF,0xFF,0xFF,0xFF,0xFF,0xFF,0xFF,0xFF,0xFF,0xFF,0xFF,0xFF,0xFF,0xFF,0xFF,
    0xFF,0xFF,0xFF,0xFF,0xFF,0xFF,0xFF,0xFF,0xFF,0xFF,0xFF,0xFF,0xFF,0xFF,0xFF,0xFF,
    0xFD,0xFE,0x41,0x00,0x03,0x00,0x00,0x00,0x00,0x00,0x00,0x02,0x02,0xBF,0xFF,0xFC,
    0xFF,0xFF,0xFF,0xFF,0xFF,0xFF,0xFF,0xFF,0xFF,0xFF,0xFF,0xFF,0xFF,0xFF,0xFF,0xFF,
    0xFF,0xFF,0xFF,0xFF,0xFF,0xFF,0xFF,0xFF,0xFF,0xFF,0xFF,0xFF,0xFF,0xFF,0xFF,0xFF,
    0xFF,0xFF,0xFF,0xFF,0xFF,0xFF,0xFF,0xFF,0xFF,0xFF,0xFF,0xFF,0xFF,0xFF,0xFF,0xFF,
    0xFF,0xFF,0xFF,0xFF,0xFF,0xFF,0xFF,0xFF,0xFF,0xFF,0xFF,0xFF,0xFF,0xFF,0xFF,0xFF,
    0xFF,0xFF,0xFF,0xFF,0xFF,0xFF,0xFF,0xFF,0xFF,0xFF,0xFF,0xFF,0xFF,0xFF,0xFF,0xFF,
    0xFF,0xFF,0xFF,0xFF,0xFF,0xFF,0xFF,0xFF,0xFF,0xFF,0xFF,0xFF,0xFF,0xFF,0xFF,0xFF,
    0xFF,0xFF,0xFF,0xFF,0xFF,0xFF,0xFF,0xFF,0xFC,0xFF,0xBF,0x02,0x02,0x00,0x00,0x00,
    0x00,0x00,0x03,0x01,0x36,0xFF,0xFD,0xFF,0xFF,0xFF,0xFF,0xFF,0xFF,0xFF,0xFF,0xFF,
    0xFF,0xFF,0xFF,0xFF,0xFF,0xFF,0xFF,0xFF,0xFF,0xFF,0xFF,0xFF,0xFF,0xFF,0xFF,0xFF,
    0xFF,0xFF,0xFF,0xFF,0xFF,0xFF,0xFF,0xFF,0xFF,0xFF,0xFF,0xFF,0xFF,0xFF,0xFF,0xFF,
    0xFF,0xFF,0xFF,0xFF,0xFF,0xFF,0xFF,0xFF,0xFF,0xFF,0xFF,0xFF,0xFF,0xFF,0xFF,0xFF,
    0xFF,0xFF,0xFF,0xFF,0xFF,0xFF,0xFF,0xFF,0xFF,0xFF,0xFF,0xFF,0xFF,0xFF,0xFF,0xFF,
    0xFF,0xFF,0xFF,0xFF,0xFF,0xFF,0xFF,0xFF,0xFF,0xFF,0xFF,0xFF,0xFF,0xFF,0xFF,0xFF,
    0xFF,0xFF,0xFF,0xFF,0xFF,0xFF,0xFF,0xFF,0xFF,0xFF,0xFF,0xFF,0xFF,0xFF,0xFF,0xFF,
    0xFF,0xFD,0xFF,0x36,0x01,0x03,0x00,0x00,0x00,0x00,0x03,0x00,0x9A,0xFF,0xFB,0xFF,
    0xFF,0xFF,0xFF,0xFF,0xFF,0xFF,0xFF,0xFF,0xFF,0xFF,0xFF,0xFF,0xFF,0xFF,0xFF,0xFF,
    0xFF,0xFF,0xFF,0xFF,0xFF,0xFF,0xFF,0xFF,0xFF,0xFF,0xFF,0xFF,0xFF,0xFF,0xFF,0xFF,
    0xFF,0xFF,0xFF,0xFF,0xFF,0xFF,0xFF,0xFF,0xFF,0xFF,0xFF,0xFF,0xFF,0xFF,0xFF,0xFF,
    0xFF,0xFF,0xFF,0xFF,0xFF,0xFF,0xFF,0xFF,0xFF,0xFF,0xFF,0xFF,0xFF,0xFF,0xFF,0xFF,
    0xFF,0xFF,0xFF,0xFF,0xFF,0xFF,0xFF,0xFF,0xFF,0xFF,0xFF,0xFF,0xFF,0xFF,0xFF,0xFF,
    0xFF,0xFF,0xFF,0xFF,0xFF,0xFF,0xFF,0xFF,0xFF,0xFF,0xFF,0xFF,0xFF,0xFF,0xFF,0xFF,
    0xFF,0xFF,0xFF,0xFF,0xFF,0xFF,0xFF,0xFF,0xFF,0xFB,0xFF,0x9A,0x00,0x03,0x00,0x00,
    0x00,0x01,0x00,0x15,0xEB,0xFE,0xFE,0xFF,0xFF,0xFF,0xFF,0xFF,0xFF,0xFF,0xFF,0xFF,
    0xFF,0xFF,0xFF,0xFF,0xFF,0xFF,0xFF,0xFF,0xFF,0xFF,0xFF,0xFF,0xFF,0xFF,0xFF,0xFF,
    0xFF,0xFF,0xFF,0xFF,0xFF,0xFF,0xFF,0xFF,0xFF,0xFF,0xFF,0xFF,0xFF,0xFF,0xFF,0xFF,
    0xFF,0xFF,0xFF,0xFF,0xFF,0xFF,0xFF,0xFF,0xFF,0xFF,0xFF,0xFF,0xFF,0xFF,0xFF,0xFF,
    0xFF,0xFF,0xFF,0xFF,0xFF,0xFF,0xFF,0xFF,0xFF,0xFF,0xFF,0xFF,0xFF,0xFF,0xFF,0xFF,
    0xFF,0xFF,0xFF,0xFF,0xFF,0xFF,0xFF,0xFF,0xFF,0xFF,0xFF,0xFF,0xFF,0xFF,0xFF,0xFF,
    0xFF,0xFF,0xFF,0xFF,0xFF,0xFF,0xFF,0xFF,0xFF,0xFF,0xFF,0xFF,0xFF,0xFF,0xFF,0xFF,
    0xFF,0xFE,0xFE,0xEB,0x15,0x00,0x01,0x00,0x00,0x04,0x00,0x60,0xFF,0xFC,0xFF,0xFF,
    0xFF,0xFF,0xFF,0xFF,0xFF,0xFF,0xFF,0xFF,0xFF,0xFF,0xFF,0xFF,0xFF,0xFF,0xFF,0xFF,
    0xFF,0xFF,0xFF,0xFF,0xFF,0xFF,0xFF,0xFF,0xFF,0xFF,0xFF,0xFF,0xFF,0xFF,0xFF,0xFF,
    0xFF,0xFF,0xFF,0xFF,0xFF,0xFF,0xFF,0xFF,0xFF,0xFF,0xFF,0xFF,0xFF,0xFF,0xFF,0xFF,
    0xFF,0xFF,0xFF,0xFF,0xFF,0xFF,0xFF,0xFF,0xFF,0xFF,0xFF,0xFF,0xFF,0xFF,0xFF,0xFF,
    0xFF,0xFF,0xFF,0xFF,0xFF,0xFF,0xFF,0xFF,0xFF,0xFF,0xFF,0xFF,0xFF,0xFF,0xFF,0xFF,
    0xFF,0xFF,0xFF,0xFF,0xFF,0xFF,0xFF,0xFF,0xFF,0xFF,0xFF,0xFF,0xFF,0xFF,0xFF,0xFF,
    0xFF,0xFF,0xFF,0xFF,0xFF,0xFF,0xFF,0xFF,0xFF,0xFF,0xFC,0xFF,0x60,0x00,0x04,0x00,
    0x00,0x02,0x00,0xB4,0xFE,0xFC,0xFF,0xFF,0xFF,0xFF,0xFF,0xFF,0xFF,0xFF,0xFF,0xFF,
    0xFF,0xFF,0xFF,0xFF,0xFF,0xFF,0xFF,0xFF,0xFF,0xFF,0xFF,0xFF,0xFF,0xFF,0xFF,0xFF,
    0xFF,0xFF,0xFF,0xFF,0xFF,0xFF,0xFF,0xFF,0xFF,0xFF,0xFF,0xFF,0xFF,0xFF,0xFF,0xFF,
    0xFF,0xFF,0xFF,0xFF,0xFF,0xFF,0xFF,0xFF,0xFF,0xFF,0xFF,0xFF,0xFF,0xFF,0xFF,0xFF,
    0xFF,0xFF,0xFF,0xFF,0xFF,0xFF,0xFF,0xFF,0xFF,0xFF,0xFF,0xFF,0xFF,0xFF,0xFF,0xFF,
    0xFF,0xFF,0xFF,0xFF,0xFF,0xFF,0xFF,0xFF,0xFF,0xFF,0xFF,0xFF,0xFF,0xFF,0xFF,0xFF,
    0xFF,0xFF,0xFF,0xFF,0xFF,0xFF,0xFF,0xFF,0xFF,0xFF,0xFF,0xFF,0xFF,0xFF,0xFF,0xFF,
    0xFF,0xFF,0xFC,0xFE,0xB4,0x00,0x02,0x00,0x01,0x00,0x18,0xF1,0xFF,0xFE,0xFF,0xFF,
    0xFF,0xFF,0xFF,0xFF,0xFF,0xFF,0xFF,0xFF,0xFF,0xFF,0xFF,0xFF,0xFF,0xFF,0xFF,0xFF,
    0xFF,0xFF,0xFF,0xFF,0xFF,0xFF,0xFF,0xFF,0xFF,0xFF,0xFF,0xFF,0xFF,0xFF,0xFF,0xFF,
    0xFF,0xFF,0xFF,0xFF,0xFF,0xFF,0xFF,0xFF,0xFF,0xFF,0xFF,0xFF,0xFF,0xFF,0xFF,0xFF,
    0xFF,0xFF,0xFF,0xFF,0xFF,0xFF,0xFF,0xFF,0xFF,0xFF,0xFF,0xFF,0xFF,0xFF,0xFF,0xFF,
    0xFF,0xFF,0xFF,0xFF,0xFF,0xFF,0xFF,0xFF,0xFF,0xFF,0xFF,0xFF,0xFF,0xFF,0xFF,0xFF,
    0xFF,0xFF,0xFF,0xFF,0xFF,0xFF,0xFF,0xFF,0xFF,0xFF,0xFF,0xFF,0xFF,0xFF,0xFF,0xFF,
    0xFF,0xFF,0xFF,0xFF,0xFF,0xFF,0xFF,0xFF,0xFF,0xFF,0xFE,0xFF,0xF1,0x18,0x00,0x01,
    0x04,0x00,0x61,0xFF,0xFC,0xFF,0xFF,0xFF,0xFF,0xFF,0xFF,0xFF,0xFF,0xFF,0xFF,0xFF,
    0xFF,0xFF,0xFF,0xFF,0xFF,0xFF,0xFF,0xFF,0xFF,0xFF,0xFF,0xFF,0xFF,0xFF,0xFF,0xFF,
    0xFF,0xFF,0xFF,0xFF,0xFF,0xFF,0xFF,0xFF,0xFF,0xFF,0xFF,0xFF,0xFF,0xFF,0xFF,0xFF,
    0xFF,0xFF,0xFF,0xFF,0xFF,0xFF,0xFF,0xFF,0xFF,0xFF,0xFF,0xFF,0xFF,0xFF,0xFF,0xFF,
    0xFF,0xFF,0xFF,0xFF,0xFF,0xFF,0xFF,0xFF,0xFF,0xFF,0xFF,0xFF,0xFF,0xFF,0xFF,0xFF,
    0xFF,0xFF,0xFF,0xFF,0xFF,0xFF,0xFF,0xFF,0xFF,0xFF,0xFF,0xFF,0xFF,0xFF,0xFF,0xFF,
    0xFF,0xFF,0xFF,0xFF,0xFF,0xFF,0xFF,0xFF,0xFF,0xFF,0xFF,0xFF,0xFF,0xFF,0xFF,0xFF,
    0xFF,0xFF,0xFF,0xFC,0xFF,0x61,0x00,0x04,0x04,0x00,0xB0,0xFF,0xFC,0xFF,0xFF,0xFF,
    0xFF,0xFF,0xFF,0xFF,0xFF,0xFF,0xFF,0xFF,0xFF,0xFF,0xFF,0xFF,0xFF,0xFF,0xFF,0xFF,
    0xFF,0xFF,0xFF,0xFF,0xFF,0xFF,0xFF,0xFF,0xFF,0xFF,0xFF,0xFF,0xFF,0xFF,0xFF,0xFF,
    0xFF,0xFF,0xFF,0xFF,0xFF,0xFF,0xFF,0xFF,0xFF,0xFF,0xFF,0xFF,0xFF,0xFF,0xFF,0xFF,
    0xFF,0xFF,0xFF,0xFF,0xFF,0xFF,0xFF,0xFF,0xFF,0xFF,0xFF,0xFF,0xFF,0xFF,0xFF,0xFF,
    0xFF,0xFF,0xFF,0xFF,0xFF,0xFF,0xFF,0xFF,0xFF,0xFF,0xFF,0xFF,0xFF,0xFF,0xFF,0xFF,
    0xFF,0xFF,0xFF,0xFF,0xFF,0xFF,0xFF,0xFF,0xFF,0xFF,0xFF,0xFF,0xFF,0xFF,0xFF,0xFF,
    0xFF,0xFF,0xFF,0xFF,0xFF,0xFF,0xFF,0xFF,0xFF,0xFF,0xFF,0xFC,0xFF,0xB0,0x00,0x04,
    0x01,0x0A,0xE5,0xFF,0xFE,0xFF,0xFF,0xFF,0xFF,0xFF,0xFF,0xFF,0xFF,0xFF,0xFF,0xFF,
    0xFF,0xFF,0xFF,0xFF,0xFF,0xFF,0xFF,0xFF,0xFF,0xFF,0xFF,0xFF,0xFF,0xFF,0xFF,0xFF,
    0xFF,0xFF,0xFF,0xFF,0xFF,0xFF,0xFF,0xFF,0xFF,0xFF,0xFF,0xFF,0xFF,0xFF,0xFF,0xFF,
    0xFF,0xFF,0xFF,0xFF,0xFF,0xFF,0xFF,0xFF,0xFF,0xFF,0xFF,0xFF,0xFF,0xFF,0xFF,0xFF,
    0xFF,0xFF,0xFF,0xFF,0xFF,0xFF,0xFF,0xFF,0xFF,0xFF,0xFF,0xFF,0xFF,0xFF,0xFF,0xFF,
    0xFF,0xFF,0xFF,0xFF,0xFF,0xFF,0xFF,0xFF,0xFF,0xFF,0xFF,0xFF,0xFF,0xFF,0xFF,0xFF,
    0xFF,0xFF,0xFF,0xFF,0xFF,0xFF,0xFF,0xFF,0xFF,0xFF,0xFF,0xFF,0xFF,0xFF,0xFF,0xFF,
    0xFF,0xFF,0xFF,0xFE,0xFF,0xE5,0x0A,0x01,0x00,0x32,0xFD,0xFE,0xFF,0xFF,0xFF,0xFF,
    0xFF,0xFF,0xFF,0xFF,0xFF,0xFF,0xFF,0xFF,0xFF,0xFF,0xFF,0xFF,0xFF,0xFF,0xFF,0xFF,
    0xFF,0xFF,0xFF,0xFF,0xFF,0xFF,0xFF,0xFF,0xFF,0xFF,0xFF,0xFF,0xFF,0xFF,0xFF,0xFF,
    0xFF,0xFF,0xFF,0xFF,0xFF,0xFF,0xFF,0xFF,0xFF,0xFF,0xFF,0xFF,0xFF,0xFF,0xFF,0xFF,
    0xFF,0xFF,0xFF,0xFF,0xFF,0xFF,0xFF,0xFF,0xFF,0xFF,0xFF,0xFF,0xFF,0xFF,0xFF,0xFF,
    0xFF,0xFF,0xFF,0xFF,0xFF,0xFF,0xFF,0xFF,0xFF,0xFF,0xFF,0xFF,0xFF,0xFF,0xFF,0xFF,
    0xFF,0xFF,0xFF,0xFF,0xFF,0xFF,0xFF,0xFF,0xFF,0xFF,0xFF,0xFF,0xFF,0xFF,0xFF,0xFF,
    0xFF,0xFF,0xFF,0xFF,0xFF,0xFF,0xFF,0xFF,0xFF,0xFF,0xFF,0xFF,0xFE,0xFD,0x32,0x00,
    0x00,0x6E,0xFF,0xFB,0xFF,0xFF,0xFF,0xFF,0xFF,0xFF,0xFF,0xFF,0xFF,0xFF,0xFF,0xFF,
    0xFF,0xFF,0xFF,0xFF,0xFF,0xFF,0xFF,0xFF,0xFF,0xFF,0xFF,0xFF,0xFF,0xFF,0xFF,0xFF,
    0xFF,0xFF,0xFF,0xFF,0xFF,0xFF,0xFF,0xFF,0xFF,0xFF,0xFF,0xFF,0xFF,0xFF,0xFF,0xFF,
    0xFF,0xFF,0xFF,0xFF,0xFF,0xFF,0xFF,0xFF,0xFF,0xFF,0xFF,0xFF,0xFF,0xFF,0xFF,0xFF,
    0xFF,0xFF,0xFF,0xFF,0xFF,0xFF,0xFF,0xFF,0xFF,0xFF,0xFF,0xFF,0xFF,0xFF,0xFF,0xFF,
    0xFF,0xFF,0xFF,0xFF,0xFF,0xFF,0xFF,0xFF,0xFF,0xFF,0xFF,0xFF,0xFF,0xFF,0xFF,0xFF,
    0xFF,0xFF,0xFF,0xFF,0xFF,0xFF,0xFF,0xFF,0xFF,0xFF,0xFF,0xFF,0xFF,0xFF,0xFF,0xFF,
    0xFF,0xFF,0xFF,0xFF,0xFB,0xFF,0x6E,0x00,0x00,0xAA,0xFF,0xFC,0xFF,0xFF,0xFF,0xFF,
    0xFF,0xFF,0xFF,0xFF,0xFF,0xFF,0xFF,0xFF,0xFF,0xFF,0xFF,0xFF,0xFF,0xFF,0xFF,0xFF,
    0xFF,0xFF,0xFF,0xFF,0xFF,0xFF,0xFF,0xFF,0xFF,0xFF,0xFF,0xFF,0xFF,0xFF,0xFF,0xFF,
    0xFF,0xFF,0xFF,0xFF,0xFF,0xFF,0xFF,0xFF,0xFF,0xFF,0xFF,0xFF,0xFF,0xFF,0xFF,0xFF,
    0xFF,0xFF,0xFF,0xFF,0xFF,0xFF,0xFF,0xFF,0xFF,0xFF,0xFF,0xFF,0xFF,0xFF,0xFF,0xFF,
    0xFF,0xFF,0xFF,0xFF,0xFF,0xFF,0xFF,0xFF,0xFF,0xFF,0xFF,0xFF,0xFF,0xFF,0xFF,0xFF,
    0xFF,0xFF,0xFF,0xFF,0xFF,0xFF,0xFF,0xFF,0xFF,0xFF,0xFF,0xFF,0xFF,0xFF,0xFF,0xFF,
    0xFF,0xFF,0xFF,0xFF,0xFF,0xFF,0xFF,0xFF,0xFF,0xFF,0xFF,0xFF,0xFC,0xFF,0xAA,0x00,
    0x06,0xD4,0xFF,0xFD,0xFF,0xFF,0xFF,0xFF,0xFF,0xFF,0xFF,0xFF,0xFF,0xFF,0xFF,0xFF,
    0xFF,0xFF,0xFF,0xFF,0xFF,0xFF,0xFF,0xFF,0xFF,0xFF,0xFF,0xFF,0xFF,0xFF,0xFF,0xFF,
    0xFF,0xFF,0xFF,0xFF,0xFF,0xFF,0xFF,0xFF,0xFF,0xFF,0xFF,0xFF,0xFF,0xFF,0xFF,0xFF,
    0xFF,0xFF,0xFF,0xFF,0xFF,0xFF,0xFF,0xFF,0xFF,0xFF,0xFF,0xFF,0xFF,0xFF,0xFF,0xFF,
    0xFF,0xFF,0xFF,0xFF,0xFF,0xFF,0xFF,0xFF,0xFF,0xFF,0xFF,0xFF,0xFF,0xFF,0xFF,0xFF,
    0xFF,0xFF,0xFF,0xFF,0xFF,0xFF,0xFF,0xFF,0xFF,0xFF,0xFF,0xFF,0xFF,0xFF,0xFF,0xFF,
    0xFF,0xFF,0xFF,0xFF,0xFF,0xFF,0xFF,0xFF,0xFF,0xFF,0xFF,0xFF,0xFF,0xFF,0xFF,0xFF,
    0xFF,0xFF,0xFF,0xFF,0xFD,0xFF,0xD4,0x06,0x21,0xF3,0xFF,0xFE,0xFF,0xFF,0xFF,0xFF,
    0xFF,0xFF,0xFF,0xFF,0xFF,0xFF,0xFF,0xFF,0xFF,0xFF,0xFF,0xFF,0xFF,0xFF,0xFF,0xFF,
    0xFF,0xFF,0xFF,0xFF,0xFF,0xFF,0xFF,0xFF,0xFF,0xFF,0xFF,0xFF,0xFF,0xFF,0xFF,0xFF,
    0xFF,0xFF,0xFF,0xFF,0xFF,0xFF,0xFF,0xFF,0xFF,0xFF,0xFF,0xFF,0xFF,0xFF,0xFF,0xFF,
    0xFF,0xFF,0xFF,0xFF,0xFF,0xFF,0xFF,0xFF,0xFF,0xFF,0xFF,0xFF,0xFF,0xFF,0xFF,0xFF,
    0xFF,0xFF,0xFF,0xFF,0xFF,0xFF,0xFF,0xFF,0xFF,0xFF,0xFF,0xFF,0xFF,0xFF,0xFF,0xFF,
    0xFF,0xFF,0xFF,0xFF,0xFF,0xFF,0xFF,0xFF,0xFF,0xFF,0xFF,0xFF,0xFF,0xFF,0xFF,0xFF,
    0xFF,0xFF,0xFF,0xFF,0xFF,0xFF,0xFF,0xFF,0xFF,0xFF,0xFF,0xFF,0xFE,0xFF,0xF3,0x21,
    0x45,0xFF,0xFE,0xFF,0xFF,0xFF,0xFF,0xFF,0xFF,0xFF,0xFF,0xFF,0xFF,0xFF,0xFF,0xFF,
    0xFF,0xFF,0xFF,0xFF,0xFF,0xFF,0xFF,0xFF,0xFF,0xFF,0xFF,0xFF,0xFF,0xFF,0xFF,0xFF,
    0xFF,0xFF,0xFF,0xFF,0xFF,0xFF,0xFF,0xFF,0xFF,0xFF,0xFF,0xFF,0xFF,0xFF,0xFF,0xFF,
    0xFF,0xFF,0xFF,0xFF,0xFF,0xFF,0xFF,0xFF,0xFF,0xFF,0xFF,0xFF,0xFF,0xFF,0xFF,0xFF,
    0xFF,0xFF,0xFF,0xFF,0xFF,0xFF,0xFF,0xFF,0xFF,0xFF,0xFF,0xFF,0xFF,0xFF,0xFF,0xFF,
    0xFF,0xFF,0xFF,0xFF,0xFF,0xFF,0xFF,0xFF,0xFF,0xFF,0xFF,0xFF,0xFF,0xFF,0xFF,0xFF,
    0xFF,0xFF,0xFF,0xFF,0xFF,0xFF,0xFF,0xFF,0xFF,0xFF,0xFF,0xFF,0xFF,0xFF,0xFF,0xFF,
    0xFF,0xFF,0xFF,0xFF,0xFF,0xFE,0xFF,0x45,0x77,0xFF,0xFD,0xFF,0xFF,0xFF,0xFF,0xFF,
    0xFF,0xFF,0xFF,0xFF,0xFF,0xFF,0xFF,0xFF,0xFF,0xFF,0xFF,0xFF,0xFF,0xFF,0xFF,0xFF,
    0xFF,0xFF,0xFF,0xFF,0xFF,0xFF,0xFF,0xFF,0xFF,0xFF,0xFF,0xFF,0xFF,0xFF,0xFF,0xFF,
    0xFF,0xFF,0xFF,0xFF,0xFF,0xFF,0xFF,0xFF,0xFF,0xFF,0xFF,0xFF,0xFF,0xFF,0xFF,0xFF,
    0xFF,0xFF,0xFF,0xFF,0xFF,0xFF,0xFF,0xFF,0xFF,0xFF,0xFF,0xFF,0xFF,0xFF,0xFF,0xFF,
    0xFF,0xFF,0xFF,0xFF,0xFF,0xFF,0xFF,0xFF,0xFF,0xFF,0xFF,0xFF,0xFF,0xFF,0xFF,0xFF,
    0xFF,0xFF,0xFF,0xFF,0xFF,0xFF,0xFF,0xFF,0xFF,0xFF,0xFF,0xFF,0xFF,0xFF,0xFF,0xFF,
    0xFF,0xFF,0xFF,0xFF,0xFF,0xFF,0xFF,0xFF,0xFF,0xFF,0xFF,0xFF,0xFF,0xFD,0xFF,0x77,
    0x89,0xFF,0xFC,0xFF,0xFF,0xFF,0xFF,0xFF,0xFF,0xFF,0xFF,0xFF,0xFF,0xFF,0xFF,0xFF,
    0xFF,0xFF,0xFF,0xFF,0xFF,0xFF,0xFF,0xFF,0xFF,0xFF,0xFF,0xFF,0xFF,0xFF,0xFF,0xFF,
    0xFF,0xFF,0xFF,0xFF,0xFF,0xFF,0xFF,0xFF,0xFF,0xFF,0xFF,0xFF,0xFF,0xFF,0xFF,0xFF,
    0xFF,0xFF,0xFF,0xFF,0xFF,0xFF,0xFF,0xFF,0xFF,0xFF,0xFF,0xFF,0xFF,0xFF,0xFF,0xFF,
    0xFF,0xFF,0xFF,0xFF,0xFF,0xFF,0xFF,0xFF,0xFF,0xFF,0xFF,0xFF,0xFF,0xFF,0xFF,0xFF,
    0xFF,0xFF,0xFF,0xFF,0xFF,0xFF,0xFF,0xFF,0xFF,0xFF,0xFF,0xFF,0xFF,0xFF,0xFF,0xFF,
    0xFF,0xFF,0xFF,0xFF,0xFF,0xFF,0xFF,0xFF,0xFF,0xFF,0xFF,0xFF,0xFF,0xFF,0xFF,0xFF,
    0xFF,0xFF,0xFF,0xFF,0xFF,0xFC,0xFF,0x89,0xB9,0xFF,0xFD,0xFF,0xFF,0xFF,0xFF,0xFF,
    0xFF,0xFF,0xFF,0xFF,0xFF,0xFF,0xFF,0xFF,0xFF,0xFF,0xFF,0xFF,0xFF,0xFF,0xFF,0xFF,
    0xFF,0xFF,0xFF,0xFF,0xFF,0xFF,0xFF,0xFF,0xFF,0xFF,0xFF,0xFF,0xFF,0xFF,0xFF,0xFF,
    0xFF,0xFF,0xFF,0xFF,0xFF,0xFF,0xFF,0xFF,0xFF,0xFF,0xFF,0xFF,0xFF,0xFF,0xFF,0xFF,
    0xFF,0xFF,0xFF,0xFF,0xFF,0xFF,0xFF,0xFF,0xFF,0xFF,0xFF,0xFF,0xFF,0xFF,0xFF,0xFF,
    0xFF,0xFF,0xFF,0xFF,0xFF,0xFF,0xFF,0xFF,0xFF,0xFF,0xFF,0xFF,0xFF,0xFF,0xFF,0xFF,
    0xFF,0xFF,0xFF,0xFF,0xFF,0xFF,0xFF,0xFF,0xFF,0xFF,0xFF,0xFF,0xFF,0xFF,0xFF,0xFF,
    0xFF,0xFF,0xFF,0xFF,0xFF,0xFF,0xFF,0xFF,0xFF,0xFF,0xFF,0xFF,0xFF,0xFD,0xFF,0xB9,
    0xCF,0xFF,0xFD,0xFF,0xFF,0xFF,0xFF,0xFF,0xFF,0xFF,0xFF,0xFF,0xFF,0xFF,0xFF,0xFF,
    0xFF,0xFF,0xFF,0xFF,0xFF,0xFF,0xFF,0xFF,0xFF,0xFF,0xFF,0xFF,0xFF,0xFF,0xFF,0xFF,
    0xFF,0xFF,0xFF,0xFF,0xFF,0xFF,0xFF,0xFF,0xFF,0xFF,0xFF,0xFF,0xFF,0xFF,0xFF,0xFF,
    0xFF,0xFF,0xFF,0xFF,0xFF,0xFF,0xFF,0xFF,0xFF,0xFF,0xFF,0xFF,0xFF,0xFF,0xFF,0xFF,
    0xFF,0xFF,0xFF,0xFF,0xFF,0xFF,0xFF,0xFF,0xFF,0xFF,0xFF,0xFF,0xFF,0xFF,0xFF,0xFF,
    0xFF,0xFF,0xFF,0xFF,0xFF,0xFF,0xFF,0xFF,0xFF,0xFF,0xFF,0xFF,0xFF,0xFF,0xFF,0xFF,
    0xFF,0xFF,0xFF,0xFF,0xFF,0xFF,0xFF,0xFF,0xFF,0xFF,0xFF,0xFF,0xFF,0xFF,0xFF,0xFF,
    0xFF,0xFF,0xFF,0xFF,0xFF,0xFD,0xFF,0xCF,0xC8,0xFF,0xFD,0xFF,0xFF,0xFF,0xFF,0xFF,
    0xFF,0xFF,0xFF,0xFF,0xFF,0xFF,0xFF,0xFF,0xFF,0xFF,0xFF,0xFF,0xFF,0xFF,0xFF,0xFF,
    0xFF,0xFF,0xFF,0xFF,0xFF,0xFF,0xFF,0xFF,0xFF,0xFF,0xFF,0xFF,0xFF,0xFF,0xFF,0xFF,
    0xFF,0xFF,0xFF,0xFF,0xFF,0xFF,0xFF,0xFF,0xFF,0xFF,0xFF,0xFF,0xFF,0xFF,0xFF,0xFF,
    0xFF,0xFF,0xFF,0xFF,0xFF,0xFF,0xFF,0xFF,0xFF,0xFF,0xFF,0xFF,0xFF,0xFF,0xFF,0xFF,
    0xFF,0xFF,0xFF,0xFF,0xFF,0xFF,0xFF,0xFF,0xFF,0xFF,0xFF,0xFF,0xFF,0xFF,0xFF,0xFF,
    0xFF,0xFF,0xFF,0xFF,0xFF,0xFF,0xFF,0xFF,0xFF,0xFF,0xFF,0xFF,0xFF,0xFF,0xFF,0xFF,
    0xFF,0xFF,0xFF,0xFF,0xFF,0xFF,0xFF,0xFF,0xFF,0xFF,0xFF,0xFF,0xFF,0xFD,0xFF,0xC8,
    0xF2,0xFF,0xFE,0xFF,0xFF,0xFF,0xFF,0xFF,0xFF,0xFF,0xFF,0xFF,0xFF,0xFF,0xFF,0xFF,
    0xFF,0xFF,0xFF,0xFF,0xFF,0xFF,0xFF,0xFF,0xFF,0xFF,0xFF,0xFF,0xFF,0xFF,0xFF,0xFF,
    0xFF,0xFF,0xFF,0xFF,0xFF,0xFF,0xFF,0xFF,0xFF,0xFF,0xFF,0xFF,0xFF,0xFF,0xFF,0xFF,
    0xFF,0xFF,0xFF,0xFF,0xFF,0xFF,0xFF,0xFF,0xFF,0xFF,0xFF,0xFF,0xFF,0xFF,0xFF,0xFF,
    0xFF,0xFF,0xFF,0xFF,0xFF,0xFF,0xFF,0xFF,0xFF,0xFF,0xFF,0xFF,0xFF,0xFF,0xFF,0xFF,
    0xFF,0xFF,0xFF,0xFF,0xFF,0xFF,0xFF,0xFF,0xFF,0xFF,0xFF,0xFF,0xFF,0xFF,0xFF,0xFF,
    0xFF,0xFF,0xFF,0xFF,0xFF,0xFF,0xFF,0xFF,0xFF,0xFF,0xFF,0xFF,0xFF,0xFF,0xFF,0xFF,
    0xFF,0xFF,0xFF,0xFF,0xFF,0xFE,0xFF,0xF2,0xFF,0xFF,0xFF,0xFF,0xFF,0xFF,0xFF,0xFF,
    0xFF,0xFF,0xFF,0xFF,0xFF,0xFF,0xFF,0xFF,0xFF,0xFF,0xFF,0xFF,0xFF,0xFF,0xFF,0xFF,
    0xFF,0xFF,0xFF,0xFF,0xFF,0xFF,0xFF,0xFF,0xFF,0xFF,0xFF,0xFF,0xFF,0xFF,0xFF,0xFF,
    0xFF,0xFF,0xFF,0xFF,0xFF,0xFF,0xFF,0xFF,0xFF,0xFF,0xFF,0xFF,0xFF,0xFF,0xFF,0xFF,
    0xFF,0xFF,0xFF,0xFF,0xFF,0xFF,0xFF,0xFF,0xFF,0xFF,0xFF,0xFF,0xFF,0xFF,0xFF,0xFF,
    0xFF,0xFF,0xFF,0xFF,0xFF,0xFF,0xFF,0xFF,0xFF,0xFF,0xFF,0xFF,0xFF,0xFF,0xFF,0xFF,
    0xFF,0xFF,0xFF,0xFF,0xFF,0xFF,0xFF,0xFF,0xFF,0xFF,0xFF,0xFF,0xFF,0xFF,0xFF,0xFF,
    0xFF,0xFF,0xFF,0xFF,0xFF,0xFF,0xFF,0xFF,0xFF,0xFF,0xFF,0xFF,0xFF,0xFF,0xFF,0xFF,
    0xFE,0xFF,0xFF,0xFF,0xFF,0xFF,0xFF,0xFF,0xFF,0xFF,0xFF,0xFF,0xFF,0xFF,0xFF,0xFF,
    0xFF,0xFF,0xFF,0xFF,0xFF,0xFF,0xFF,0xFF,0xFF,0xFF,0xFF,0xFF,0xFF,0xFF,0xFF,0xFF,
    0xFF,0xFF,0xFF,0xFF,0xFF,0xFF,0xFF,0xFF,0xFF,0xFF,0xFF,0xFF,0xFF,0xFF,0xFF,0xFF,
    0xFF,0xFF,0xFF,0xFF,0xFF,0xFF,0xFF,0xFF,0xFF,0xFF,0xFF,0xFF,0xFF,0xFF,0xFF,0xFF,
    0xFF,0xFF,0xFF,0xFF,0xFF,0xFF,0xFF,0xFF,0xFF,0xFF,0xFF,0xFF,0xFF,0xFF,0xFF,0xFF,
    0xFF,0xFF,0xFF,0xFF,0xFF,0xFF,0xFF,0xFF,0xFF,0xFF,0xFF,0xFF,0xFF,0xFF,0xFF,0xFF,
    0xFF,0xFF,0xFF,0xFF,0xFF,0xFF,0xFF,0xFF,0xFF,0xFF,0xFF,0xFF,0xFF,0xFF,0xFF,0xFF,
    0xFF,0xFF,0xFF,0xFF,0xFF,0xFF,0xFF,0xFE,0xFF,0xFF,0xFF,0xFF,0xFF,0xFF,0xFF,0xFF,
    0xFF,0xFF,0xFF,0xFF,0xFF,0xFF,0xFF,0xFF,0xFF,0xFF,0xFF,0xFF,0xFF,0xFF,0xFF,0xFF,
    0xFF,0xFF,0xFF,0xFF,0xFF,0xFF,0xFF,0xFF,0xFF,0xFF,0xFF,0xFF,0xFF,0xFF,0xFF,0xFF,
    0xFF,0xFF,0xFF,0xFF,0xFF,0xFF,0xFF,0xFF,0xFF,0xFF,0xFF,0xFF,0xFF,0xFF,0xFF,0xFF,
    0xFF,0xFF,0xFF,0xFF,0xFF,0xFF,0xFF,0xFF,0xFF,0xFF,0xFF,0xFF,0xFF,0xFF,0xFF,0xFF,
    0xFF,0xFF,0xFF,0xFF,0xFF,0xFF,0xFF,0xFF,0xFF,0xFF,0xFF,0xFF,0xFF,0xFF,0xFF,0xFF,
    0xFF,0xFF,0xFF,0xFF,0xFF,0xFF,0xFF,0xFF,0xFF,0xFF,0xFF,0xFF,0xFF,0xFF,0xFF,0xFF,
    0xFF,0xFF,0xFF,0xFF,0xFF,0xFF,0xFF,0xFF,0xFF,0xFF,0xFF,0xFF,0xFF,0xFF,0xFF,0xFF,
    0xFF,0xFF,0xFF,0xFF,0xFF,0xFF,0xFF,0xFF,0xFF,0xFF,0xFF,0xFF,0xFF,0xFF,0xFF,0xFF,
    0xFF,0xFF,0xFF,0xFF,0xFF,0xFF,0xFF,0xFF,0xFF,0xFF,0xFF,0xFF,0xFF,0xFF,0xFF,0xFF,
    0xFF,0xFF,0xFF,0xFF,0xFF,0xFF,0xFF,0xFF,0xFF,0xFF,0xFF,0xFF,0xFF,0xFF,0xFF,0xFF,
    0xFF,0xFF,0xFF,0xFF,0xFF,0xFF,0xFF,0xFF,0xFF,0xFF,0xFF,0xFF,0xFF,0xFF,0xFF,0xFF,
    0xFF,0xFF,0xFF,0xFF,0xFF,0xFF,0xFF,0xFF,0xFF,0xFF,0xFF,0xFF,0xFF,0xFF,0xFF,0xFF,
    0xFF,0xFF,0xFF,0xFF,0xFF,0xFF,0xFF,0xFF,0xFF,0xFF,0xFF,0xFF,0xFF,0xFF,0xFF,0xFF,
    0xFF,0xFF,0xFF,0xFF,0xFF,0xFF,0xFF,0xFF,0xFF,0xFF,0xFF,0xFF,0xFF,0xFF,0xFF,0xFF,
    0xFF,0xFF,0xFF,0xFF,0xFF,0xFF,0xFF,0xFF,0xFE,0xFF,0xFF,0xFF,0xFF,0xFF,0xFF,0xFF,
    0xFF,0xFF,0xFF,0xFF,0xFF,0xFF,0xFF,0xFF,0xFF,0xFF,0xFF,0xFF,0xFF,0xFF,0xFF,0xFF,
    0xFF,0xFF,0xFF,0xFF,0xFF,0xFF,0xFF,0xFF,0xFF,0xFF,0xFF,0xFF,0xFF,0xFF,0xFF,0xFF,
    0xFF,0xFF,0xFF,0xFF,0xFF,0xFF,0xFF,0xFF,0xFF,0xFF,0xFF,0xFF,0xFF,0xFF,0xFF,0xFF,
    0xFF,0xFF,0xFF,0xFF,0xFF,0xFF,0xFF,0xFF,0xFF,0xFF,0xFF,0xFF,0xFF,0xFF,0xFF,0xFF,
    0xFF,0xFF,0xFF,0xFF,0xFF,0xFF,0xFF,0xFF,0xFF,0xFF,0xFF,0xFF,0xFF,0xFF,0xFF,0xFF,
    0xFF,0xFF,0xFF,0xFF,0xFF,0xFF,0xFF,0xFF,0xFF,0xFF,0xFF,0xFF,0xFF,0xFF,0xFF,0xFF,
    0xFF,0xFF,0xFF,0xFF,0xFF,0xFF,0xFF,0xFF,0xFF,0xFF,0xFF,0xFF,0xFF,0xFF,0xFF,0xFE,
    0xFF,0xFF,0xFF,0xFF,0xFF,0xFF,0xFF,0xFF,0xFF,0xFF,0xFF,0xFF,0xFF,0xFF,0xFF,0xFF,
    0xFF,0xFF,0xFF,0xFF,0xFF,0xFF,0xFF,0xFF,0xFF,0xFF,0xFF,0xFF,0xFF,0xFF,0xFF,0xFF,
    0xFF,0xFF,0xFF,0xFF,0xFF,0xFF,0xFF,0xFF,0xFF,0xFF,0xFF,0xFF,0xFF,0xFF,0xFF,0xFF,
    0xFF,0xFF,0xFF,0xFF,0xFF,0xFF,0xFF,0xFF,0xFF,0xFF,0xFF,0xFF,0xFF,0xFF,0xFF,0xFF,
    0xFF,0xFF,0xFF,0xFF,0xFF,0xFF,0xFF,0xFF,0xFF,0xFF,0xFF,0xFF,0xFF,0xFF,0xFF,0xFF,
    0xFF,0xFF,0xFF,0xFF,0xFF,0xFF,0xFF,0xFF,0xFF,0xFF,0xFF,0xFF,0xFF,0xFF,0xFF,0xFF,
    0xFF,0xFF,0xFF,0xFF,0xFF,0xFF,0xFF,0xFF,0xFF,0xFF,0xFF,0xFF,0xFF,0xFF,0xFF,0xFF,
    0xFF,0xFF,0xFF,0xFF,0xFF,0xFF,0xFF,0xFF,0xF2,0xFF,0xFE,0xFF,0xFF,0xFF,0xFF,0xFF,
    0xFF,0xFF,0xFF,0xFF,0xFF,0xFF,0xFF,0xFF,0xFF,0xFF,0xFF,0xFF,0xFF,0xFF,0xFF,0xFF,
    0xFF,0xFF,0xFF,0xFF,0xFF,0xFF,0xFF,0xFF,0xFF,0xFF,0xFF,0xFF,0xFF,0xFF,0xFF,0xFF,
    0xFF,0xFF,0xFF,0xFF,0xFF,0xFF,0xFF,0xFF,0xFF,0xFF,0xFF,0xFF,0xFF,0xFF,0xFF,0xFF,
    0xFF,0xFF,0xFF,0xFF,0xFF,0xFF,0xFF,0xFF,0xFF,0xFF,0xFF,0xFF,0xFF,0xFF,0xFF,0xFF,
    0xFF,0xFF,0xFF,0xFF,0xFF,0xFF,0xFF,0xFF,0xFF,0xFF,0xFF,0xFF,0xFF,0xFF,0xFF,0xFF,
    0xFF,0xFF,0xFF,0xFF,0xFF,0xFF,0xFF,0xFF,0xFF,0xFF,0xFF,0xFF,0xFF,0xFF,0xFF,0xFF,
    0xFF,0xFF,0xFF,0xFF,0xFF,0xFF,0xFF,0xFF,0xFF,0xFF,0xFF,0xFF,0xFF,0xFE,0xFF,0xF2,
    0xC8,0xFF,0xFD,0xFF,0xFF,0xFF,0xFF,0xFF,0xFF,0xFF,0xFF,0xFF,0xFF,0xFF,0xFF,0xFF,
    0xFF,0xFF,0xFF,0xFF,0xFF,0xFF,0xFF,0xFF,0xFF,0xFF,0xFF,0xFF,0xFF,0xFF,0xFF,0xFF,
    0xFF,0xFF,0xFF,0xFF,0xFF,0xFF,0xFF,0xFF,0xFF,0xFF,0xFF,0xFF,0xFF,0xFF,0xFF,0xFF,
    0xFF,0xFF,0xFF,0xFF,0xFF,0xFF,0xFF,0xFF,0xFF,0xFF,0xFF,0xFF,0xFF,0xFF,0xFF,0xFF,
    0xFF,0xFF,0xFF,0xFF,0xFF,0xFF,0xFF,0xFF,0xFF,0xFF,0xFF,0xFF,0xFF,0xFF,0xFF,0xFF,
    0xFF,0xFF,0xFF,0xFF,0xFF,0xFF,0xFF,0xFF,0xFF,0xFF,0xFF,0xFF,0xFF,0xFF,0xFF,0xFF,
    0xFF,0xFF,0xFF,0xFF,0xFF,0xFF,0xFF,0xFF,0xFF,0xFF,0xFF,0xFF,0xFF,0xFF,0xFF,0xFF,
    0xFF,0xFF,0xFF,0xFF,0xFF,0xFD,0xFF,0xC8,0xCF,0xFF,0xFD,0xFF,0xFF,0xFF,0xFF,0xFF,
    0xFF,0xFF,0xFF,0xFF,0xFF,0xFF,0xFF,0xFF,0xFF,0xFF,0xFF,0xFF,0xFF,0xFF,0xFF,0xFF,
    0xFF,0xFF,0xFF,0xFF,0xFF,0xFF,0xFF,0xFF,0xFF,0xFF,0xFF,0xFF,0xFF,0xFF,0xFF,0xFF,
    0xFF,0xFF,0xFF,0xFF,0xFF,0xFF,0xFF,0xFF,0xFF,0xFF,0xFF,0xFF,0xFF,0xFF,0xFF,0xFF,
    0xFF,0xFF,0xFF,0xFF,0xFF,0xFF,0xFF,0xFF,0xFF,0xFF,0xFF,0xFF,0xFF,0xFF,0xFF,0xFF,
    0xFF,0xFF,0xFF,0xFF,0xFF,0xFF,0xFF,0xFF,0xFF,0xFF,0xFF,0xFF,0xFF,0xFF,0xFF,0xFF,
    0xFF,0xFF,0xFF,0xFF,0xFF,0xFF,0xFF,0xFF,0xFF,0xFF,0xFF,0xFF,0xFF,0xFF,0xFF,0xFF,
    0xFF,0xFF,0xFF,0xFF,0xFF,0xFF,0xFF,0xFF,0xFF,0xFF,0xFF,0xFF,0xFF,0xFD,0xFF,0xCF,
    0xB9,0xFF,0xFD,0xFF,0xFF,0xFF,0xFF,0xFF,0xFF,0xFF,0xFF,0xFF,0xFF,0xFF,0xFF,0xFF,
    0xFF,0xFF,0xFF,0xFF,0xFF,0xFF,0xFF,0xFF,0xFF,0xFF,0xFF,0xFF,0xFF,0xFF,0xFF,0xFF,
    0xFF,0xFF,0xFF,0xFF,0xFF,0xFF,0xFF,0xFF,0xFF,0xFF,0xFF,0xFF,0xFF,0xFF,0xFF,0xFF,
    0xFF,0xFF,0xFF,0xFF,0xFF,0xFF,0xFF,0xFF,0xFF,0xFF,0xFF,0xFF,0xFF,0xFF,0xFF,0xFF,
    0xFF,0xFF,0xFF,0xFF,0xFF,0xFF,0xFF,0xFF,0xFF,0xFF,0xFF,0xFF,0xFF,0xFF,0xFF,0xFF,
    0xFF,0xFF,0xFF,0xFF,0xFF,0xFF,0xFF,0xFF,0xFF,0xFF,0xFF,0xFF,0xFF,0xFF,0xFF,0xFF,
    0xFF,0xFF,0xFF,0xFF,0xFF,0xFF,0xFF,0xFF,0xFF,0xFF,0xFF,0xFF,0xFF,0xFF,0xFF,0xFF,
    0xFF,0xFF,0xFF,0xFF,0xFF,0xFD,0xFF,0xB9,0x89,0xFF,0xFC,0xFF,0xFF,0xFF,0xFF,0xFF,
    0xFF,0xFF,0xFF,0xFF,0xFF,0xFF,0xFF,0xFF,0xFF,0xFF,0xFF,0xFF,0xFF,0xFF,0xFF,0xFF,
    0xFF,0xFF,0xFF,0xFF,0xFF,0xFF,0xFF,0xFF,0xFF,0xFF,0xFF,0xFF,0xFF,0xFF,0xFF,0xFF,
    0xFF,0xFF,0xFF,0xFF,0xFF,0xFF,0xFF,0xFF,0xFF,0xFF,0xFF,0xFF,0xFF,0xFF,0xFF,0xFF,
    0xFF,0xFF,0xFF,0xFF,0xFF,0xFF,0xFF,0xFF,0xFF,0xFF,0xFF,0xFF,0xFF,0xFF,0xFF,0xFF,
    0xFF,0xFF,0xFF,0xFF,0xFF,0xFF,0xFF,0xFF,0xFF,0xFF,0xFF,0xFF,0xFF,0xFF,0xFF,0xFF,
    0xFF,0xFF,0xFF,0xFF,0xFF,0xFF,0xFF,0xFF,0xFF,0xFF,0xFF,0xFF,0xFF,0xFF,0xFF,0xFF,
    0xFF,0xFF,0xFF,0xFF,0xFF,0xFF,0xFF,0xFF,0xFF,0xFF,0xFF,0xFF,0xFF,0xFC,0xFF,0x89,
    0x77,0xFF,0xFD,0xFF,0xFF,0xFF,0xFF,0xFF,0xFF,0xFF,0xFF,0xFF,0xFF,0xFF,0xFF,0xFF,
    0xFF,0xFF,0xFF,0xFF,0xFF,0xFF,0xFF,0xFF,0xFF,0xFF,0xFF,0xFF,0xFF,0xFF,0xFF,0xFF,
    0xFF,0xFF,0xFF,0xFF,0xFF,0xFF,0xFF,0xFF,0xFF,0xFF,0xFF,0xFF,0xFF,0xFF,0xFF,0xFF,
    0xFF,0xFF,0xFF,0xFF,0xFF,0xFF,0xFF,0xFF,0xFF,0xFF,0xFF,0xFF,0xFF,0xFF,0xFF,0xFF,
    0xFF,0xFF,0xFF,0xFF,0xFF,0xFF,0xFF,0xFF,0xFF,0xFF,0xFF,0xFF,0xFF,0xFF,0xFF,0xFF,
    0xFF,0xFF,0xFF,0xFF,0xFF,0xFF,0xFF,0xFF,0xFF,0xFF,0xFF,0xFF,0xFF,0xFF,0xFF,0xFF,
    0xFF,0xFF,0xFF,0xFF,0xFF,0xFF,0xFF,0xFF,0xFF,0xFF,0xFF,0xFF,0xFF,0xFF,0xFF,0xFF,
    0xFF,0xFF,0xFF,0xFF,0xFF,0xFD,0xFF,0x77,0x45,0xFF,0xFE,0xFF,0xFF,0xFF,0xFF,0xFF,
    0xFF,0xFF,0xFF,0xFF,0xFF,0xFF,0xFF,0xFF,0xFF,0xFF,0xFF,0xFF,0xFF,0xFF,0xFF,0xFF,
    0xFF,0xFF,0xFF,0xFF,0xFF,0xFF,0xFF,0xFF,0xFF,0xFF,0xFF,0xFF,0xFF,0xFF,0xFF,0xFF,
    0xFF,0xFF,0xFF,0xFF,0xFF,0xFF,0xFF,0xFF,0xFF,0xFF,0xFF,0xFF,0xFF,0xFF,0xFF,0xFF,
    0xFF,0xFF,0xFF,0xFF,0xFF,0xFF,0xFF,0xFF,0xFF,0xFF,0xFF,0xFF,0xFF,0xFF,0xFF,0xFF,
    0xFF,0xFF,0xFF,0xFF,0xFF,0xFF,0xFF,0xFF,0xFF,0xFF,0xFF,0xFF,0xFF,0xFF,0xFF,0xFF,
    0xFF,0xFF,0xFF,0xFF,0xFF,0xFF,0xFF,0xFF,0xFF,0xFF,0xFF,0xFF,0xFF,0xFF,0xFF,0xFF,
    0xFF,0xFF,0xFF,0xFF,0xFF,0xFF,0xFF,0xFF,0xFF,0xFF,0xFF,0xFF,0xFF,0xFE,0xFF,0x45,
    0x21,0xF3,0xFF,0xFE,0xFF,0xFF,0xFF,0xFF,0xFF,0xFF,0xFF,0xFF,0xFF,0xFF,0xFF,0xFF,
    0xFF,0xFF,0xFF,0xFF,0xFF,0xFF,0xFF,0xFF,0xFF,0xFF,0xFF,0xFF,0xFF,0xFF,0xFF,0xFF,
    0xFF,0xFF,0xFF,0xFF,0xFF,0xFF,0xFF,0xFF,0xFF,0xFF,0xFF,0xFF,0xFF,0xFF,0xFF,0xFF,
    0xFF,0xFF,0xFF,0xFF,0xFF,0xFF,0xFF,0xFF,0xFF,0xFF,0xFF,0xFF,0xFF,0xFF,0xFF,0xFF,
    0xFF,0xFF,0xFF,0xFF,0xFF,0xFF,0xFF,0xFF,0xFF,0xFF,0xFF,0xFF,0xFF,0xFF,0xFF,0xFF,
    0xFF,0xFF,0xFF,0xFF,0xFF,0xFF,0xFF,0xFF,0xFF,0xFF,0xFF,0xFF,0xFF,0xFF,0xFF,0xFF,
    0xFF,0xFF,0xFF,0xFF,0xFF,0xFF,0xFF,0xFF,0xFF,0xFF,0xFF,0xFF,0xFF,0xFF,0xFF,0xFF,
    0xFF,0xFF,0xFF,0xFF,0xFE,0xFF,0xF3,0x21,0x06,0xD4,0xFF,0xFD,0xFF,0xFF,0xFF,0xFF,
    0xFF,0xFF,0xFF,0xFF,0xFF,0xFF,0xFF,0xFF,0xFF,0xFF,0xFF,0xFF,0xFF,0xFF,0xFF,0xFF,
    0xFF,0xFF,0xFF,0xFF,0xFF,0xFF,0xFF,0xFF,0xFF,0xFF,0xFF,0xFF,0xFF,0xFF,0xFF,0xFF,
    0xFF,0xFF,0xFF,0xFF,0xFF,0xFF,0xFF,0xFF,0xFF,0xFF,0xFF,0xFF,0xFF,0xFF,0xFF,0xFF,
    0xFF,0xFF,0xFF,0xFF,0xFF,0xFF,0xFF,0xFF,0xFF,0xFF,0xFF,0xFF,0xFF,0xFF,0xFF,0xFF,
    0xFF,0xFF,0xFF,0xFF,0xFF,0xFF,0xFF,0xFF,0xFF,0xFF,0xFF,0xFF,0xFF,0xFF,0xFF,0xFF,
    0xFF,0xFF,0xFF,0xFF,0xFF,0xFF,0xFF,0xFF,0xFF,0xFF,0xFF,0xFF,0xFF,0xFF,0xFF,0xFF,
    0xFF,0xFF,0xFF,0xFF,0xFF,0xFF,0xFF,0xFF,0xFF,0xFF,0xFF,0xFF,0xFD,0xFF,0xD4,0x06,
    0x00,0xAA,0xFF,0xFC,0xFF,0xFF,0xFF,0xFF,0xFF,0xFF,0xFF,0xFF,0xFF,0xFF,0xFF,0xFF,
    0xFF,0xFF,0xFF,0xFF,0xFF,0xFF,0xFF,0xFF,0xFF,0xFF,0xFF,0xFF,0xFF,0xFF,0xFF,0xFF,
    0xFF,0xFF,0xFF,0xFF,0xFF,0xFF,0xFF,0xFF,0xFF,0xFF,0xFF,0xFF,0xFF,0xFF,0xFF,0xFF,
    0xFF,0xFF,0xFF,0xFF,0xFF,0xFF,0xFF,0xFF,0xFF,0xFF,0xFF,0xFF,0xFF,0xFF,0xFF,0xFF,
    0xFF,0xFF,0xFF,0xFF,0xFF,0xFF,0xFF,0xFF,0xFF,0xFF,0xFF,0xFF,0xFF,0xFF,0xFF,0xFF,
    0xFF,0xFF,0xFF,0xFF,0xFF,0xFF,0xFF,0xFF,0xFF,0xFF,0xFF,0xFF,0xFF,0xFF,0xFF,0xFF,
    0xFF,0xFF,0xFF,0xFF,0xFF,0xFF,0xFF,0xFF,0xFF,0xFF,0xFF,0xFF,0xFF,0xFF,0xFF,0xFF,
    0xFF,0xFF,0xFF,0xFF,0xFC,0xFF,0xAA,0x00,0x00,0x6E,0xFF,0xFB,0xFF,0xFF,0xFF,0xFF,
    0xFF,0xFF,0xFF,0xFF,0xFF,0xFF,0xFF,0xFF,0xFF,0xFF,0xFF,0xFF,0xFF,0xFF,0xFF,0xFF,
    0xFF,0xFF,0xFF,0xFF,0xFF,0xFF,0xFF,0xFF,0xFF,0xFF,0xFF,0xFF,0xFF,0xFF,0xFF,0xFF,
    0xFF,0xFF,0xFF,0xFF,0xFF,0xFF,0xFF,0xFF,0xFF,0xFF,0xFF,0xFF,0xFF,0xFF,0xFF,0xFF,
    0xFF,0xFF,0xFF,0xFF,0xFF,0xFF,0xFF,0xFF,0xFF,0xFF,0xFF,0xFF,0xFF,0xFF,0xFF,0xFF,
    0xFF,0xFF,0xFF,0xFF,0xFF,0xFF,0xFF,0xFF,0xFF,0xFF,0xFF,0xFF,0xFF,0xFF,0xFF,0xFF,
    0xFF,0xFF,0xFF,0xFF,0xFF,0xFF,0xFF,0xFF,0xFF,0xFF,0xFF,0xFF,0xFF,0xFF,0xFF,0xFF,
    0xFF,0xFF,0xFF,0xFF,0xFF,0xFF,0xFF,0xFF,0xFF,0xFF,0xFF,0xFF,0xFB,0xFF,0x6E,0x00,
    0x00,0x32,0xFD,0xFE,0xFF,0xFF,0xFF,0xFF,0xFF,0xFF,0xFF,0xFF,0xFF,0xFF,0xFF,0xFF,
    0xFF,0xFF,0xFF,0xFF,0xFF,0xFF,0xFF,0xFF,0xFF,0xFF,0xFF,0xFF,0xFF,0xFF,0xFF,0xFF,
    0xFF,0xFF,0xFF,0xFF,0xFF,0xFF,0xFF,0xFF,0xFF,0xFF,0xFF,0xFF,0xFF,0xFF,0xFF,0xFF,
    0xFF,0xFF,0xFF,0xFF,0xFF,0xFF,0xFF,0xFF,0xFF,0xFF,0xFF,0xFF,0xFF,0xFF,0xFF,0xFF,
    0xFF,0xFF,0xFF,0xFF,0xFF,0xFF,0xFF,0xFF,0xFF,0xFF,0xFF,0xFF,0xFF,0xFF,0xFF,0xFF,
    0xFF,0xFF,0xFF,0xFF,0xFF,0xFF,0xFF,0xFF,0xFF,0xFF,0xFF,0xFF,0xFF,0xFF,0xFF,0xFF,
    0xFF,0xFF,0xFF,0xFF,0xFF,0xFF,0xFF,0xFF,0xFF,0xFF,0xFF,0xFF,0xFF,0xFF,0xFF,0xFF,
    0xFF,0xFF,0xFF,0xFF,0xFE,0xFD,0x32,0x00,0x01,0x0A,0xE5,0xFF,0xFE,0xFF,0xFF,0xFF,
    0xFF,0xFF,0xFF,0xFF,0xFF,0xFF,0xFF,0xFF,0xFF,0xFF,0xFF,0xFF,0xFF,0xFF,0xFF,0xFF,
    0xFF,0xFF,0xFF,0xFF,0xFF,0xFF,0xFF,0xFF,0xFF,0xFF,0xFF,0xFF,0xFF,0xFF,0xFF,0xFF,
    0xFF,0xFF,0xFF,0xFF,0xFF,0xFF,0xFF,0xFF,0xFF,0xFF,0xFF,0xFF,0xFF,0xFF,0xFF,0xFF,
    0xFF,0xFF,0xFF,0xFF,0xFF,0xFF,0xFF,0xFF,0xFF,0xFF,0xFF,0xFF,0xFF,0xFF,0xFF,0xFF,
    0xFF,0xFF,0xFF,0xFF,0xFF,0xFF,0xFF,0xFF,0xFF,0xFF,0xFF,0xFF,0xFF,0xFF,0xFF,0xFF,
    0xFF,0xFF,0xFF,0xFF,0xFF,0xFF,0xFF,0xFF,0xFF,0xFF,0xFF,0xFF,0xFF,0xFF,0xFF,0xFF,
    0xFF,0xFF,0xFF,0xFF,0xFF,0xFF,0xFF,0xFF,0xFF,0xFF,0xFF,0xFE,0xFF,0xE5,0x0A,0x01,
    0x04,0x00,0xB0,0xFF,0xFC,0xFF,0xFF,0xFF,0xFF,0xFF,0xFF,0xFF,0xFF,0xFF,0xFF,0xFF,
    0xFF,0xFF,0xFF,0xFF,0xFF,0xFF,0xFF,0xFF,0xFF,0xFF,0xFF,0xFF,0xFF,0xFF,0xFF,0xFF,
    0xFF,0xFF,0xFF,0xFF,0xFF,0xFF,0xFF,0xFF,0xFF,0xFF,0xFF,0xFF,0xFF,0xFF,0xFF,0xFF,
    0xFF,0xFF,0xFF,0xFF,0xFF,0xFF,0xFF,0xFF,0xFF,0xFF,0xFF,0xFF,0xFF,0xFF,0xFF,0xFF,
    0xFF,0xFF,0xFF,0xFF,0xFF,0xFF,0xFF,0xFF,0xFF,0xFF,0xFF,0xFF,0xFF,0xFF,0xFF,0xFF,
    0xFF,0xFF,0xFF,0xFF,0xFF,0xFF,0xFF,0xFF,0xFF,0xFF,0xFF,0xFF,0xFF,0xFF,0xFF,0xFF,
    0xFF,0xFF,0xFF,0xFF,0xFF,0xFF,0xFF,0xFF,0xFF,0xFF,0xFF,0xFF,0xFF,0xFF,0xFF,0xFF,
    0xFF,0xFF,0xFF,0xFC,0xFF,0xB0,0x00,0x04,0x04,0x00,0x61,0xFF,0xFC,0xFF,0xFF,0xFF,
    0xFF,0xFF,0xFF,0xFF,0xFF,0xFF,0xFF,0xFF,0xFF,0xFF,0xFF,0xFF,0xFF,0xFF,0xFF,0xFF,
    0xFF,0xFF,0xFF,0xFF,0xFF,0xFF,0xFF,0xFF,0xFF,0xFF,0xFF,0xFF,0xFF,0xFF,0xFF,0xFF,
    0xFF,0xFF,0xFF,0xFF,0xFF,0xFF,0xFF,0xFF,0xFF,0xFF,0xFF,0xFF,0xFF,0xFF,0xFF,0xFF,
    0xFF,0xFF,0xFF,0xFF,0xFF,0xFF,0xFF,0xFF,0xFF,0xFF,0xFF,0xFF,0xFF,0xFF,0xFF,0xFF,
    0xFF,0xFF,0xFF,0xFF,0xFF,0xFF,0xFF,0xFF,0xFF,0xFF,0xFF,0xFF,0xFF,0xFF,0xFF,0xFF,
    0xFF,0xFF,0xFF,0xFF,0xFF,0xFF,0xFF,0xFF,0xFF,0xFF,0xFF,0xFF,0xFF,0xFF,0xFF,0xFF,
    0xFF,0xFF,0xFF,0xFF,0xFF,0xFF,0xFF,0xFF,0xFF,0xFF,0xFF,0xFC,0xFF,0x61,0x00,0x04,
    0x01,0x00,0x18,0xF1,0xFF,0xFE,0xFF,0xFF,0xFF,0xFF,0xFF,0xFF,0xFF,0xFF,0xFF,0xFF,
    0xFF,0xFF,0xFF,0xFF,0xFF,0xFF,0xFF,0xFF,0xFF,0xFF,0xFF,0xFF,0xFF,0xFF,0xFF,0xFF,
    0xFF,0xFF,0xFF,0xFF,0xFF,0xFF,0xFF,0xFF,0xFF,0xFF,0xFF,0xFF,0xFF,0xFF,0xFF,0xFF,
    0xFF,0xFF,0xFF,0xFF,0xFF,0xFF,0xFF,0xFF,0xFF,0xFF,0xFF,0xFF,0xFF,0xFF,0xFF,0xFF,
    0xFF,0xFF,0xFF,0xFF,0xFF,0xFF,0xFF,0xFF,0xFF,0xFF,0xFF,0xFF,0xFF,0xFF,0xFF,0xFF,
    0xFF,0xFF,0xFF,0xFF,0xFF,0xFF,0xFF,0xFF,0xFF,0xFF,0xFF,0xFF,0xFF,0xFF,0xFF,0xFF,
    0xFF,0xFF,0xFF,0xFF,0xFF,0xFF,0xFF,0xFF,0xFF,0xFF,0xFF,0xFF,0xFF,0xFF,0xFF,0xFF,
    0xFF,0xFF,0xFE,0xFF,0xF1,0x18,0x00,0x01,0x00,0x02,0x00,0xB4,0xFE,0xFC,0xFF,0xFF,
    0xFF,0xFF,0xFF,0xFF,0xFF,0xFF,0xFF,0xFF,0xFF,0xFF,0xFF,0xFF,0xFF,0xFF,0xFF,0xFF,
    0xFF,0xFF,0xFF,0xFF,0xFF,0xFF,0xFF,0xFF,0xFF,0xFF,0xFF,0xFF,0xFF,0xFF,0xFF,0xFF,
    0xFF,0xFF,0xFF,0xFF,0xFF,0xFF,0xFF,0xFF,0xFF,0xFF,0xFF,0xFF,0xFF,0xFF,0xFF,0xFF,
    0xFF,0xFF,0xFF,0xFF,0xFF,0xFF,0xFF,0xFF,0xFF,0xFF,0xFF,0xFF,0xFF,0xFF,0xFF,0xFF,
    0xFF,0xFF,0xFF,0xFF,0xFF,0xFF,0xFF,0xFF,0xFF,0xFF,0xFF,0xFF,0xFF,0xFF,0xFF,0xFF,
    0xFF,0xFF,0xFF,0xFF,0xFF,0xFF,0xFF,0xFF,0xFF,0xFF,0xFF,0xFF,0xFF,0xFF,0xFF,0xFF,
    0xFF,0xFF,0xFF,0xFF,0xFF,0xFF,0xFF,0xFF,0xFF,0xFF,0xFC,0xFE,0xB4,0x00,0x02,0x00,
    0x00,0x04,0x00,0x60,0xFF,0xFC,0xFF,0xFF,0xFF,0xFF,0xFF,0xFF,0xFF,0xFF,0xFF,0xFF,
    0xFF,0xFF,0xFF,0xFF,0xFF,0xFF,0xFF,0xFF,0xFF,0xFF,0xFF,0xFF,0xFF,0xFF,0xFF,0xFF,
    0xFF,0xFF,0xFF,0xFF,0xFF,0xFF,0xFF,0xFF,0xFF,0xFF,0xFF,0xFF,0xFF,0xFF,0xFF,0xFF,
    0xFF,0xFF,0xFF,0xFF,0xFF,0xFF,0xFF,0xFF,0xFF,0xFF,0xFF,0xFF,0xFF,0xFF,0xFF,0xFF,
    0xFF,0xFF,0xFF,0xFF,0xFF,0xFF,0xFF,0xFF,0xFF,0xFF,0xFF,0xFF,0xFF,0xFF,0xFF,0xFF,
    0xFF,0xFF,0xFF,0xFF,0xFF,0xFF,0xFF,0xFF,0xFF,0xFF,0xFF,0xFF,0xFF,0xFF,0xFF,0xFF,
    0xFF,0xFF,0xFF,0xFF,0xFF,0xFF,0xFF,0xFF,0xFF,0xFF,0xFF,0xFF,0xFF,0xFF,0xFF,0xFF,
    0xFF,0xFF,0xFC,0xFF,0x60,0x00,0x04,0x00,0x00,0x01,0x00,0x15,0xEB,0xFE,0xFE,0xFF,
    0xFF,0xFF,0xFF,0xFF,0xFF,0xFF,0xFF,0xFF,0xFF,0xFF,0xFF,0xFF,0xFF,0xFF,0xFF,0xFF,
    0xFF,0xFF,0xFF,0xFF,0xFF,0xFF,0xFF,0xFF,0xFF,0xFF,0xFF,0xFF,0xFF,0xFF,0xFF,0xFF,
    0xFF,0xFF,0xFF,0xFF,0xFF,0xFF,0xFF,0xFF,0xFF,0xFF,0xFF,0xFF,0xFF,0xFF,0xFF,0xFF,
    0xFF,0xFF,0xFF,0xFF,0xFF,0xFF,0xFF,0xFF,0xFF,0xFF,0xFF,0xFF,0xFF,0xFF,0xFF,0xFF,
    0xFF,0xFF,0xFF,0xFF,0xFF,0xFF,0xFF,0xFF,0xFF,0xFF,0xFF,0xFF,0xFF,0xFF,0xFF,0xFF,
    0xFF,0xFF,0xFF,0xFF,0xFF,0xFF,0xFF,0xFF,0xFF,0xFF,0xFF,0xFF,0xFF,0xFF,0xFF,0xFF,
    0xFF,0xFF,0xFF,0xFF,0xFF,0xFF,0xFF,0xFF,0xFF,0xFE,0xFE,0xEB,0x15,0x00,0x01,0x00,
    0x00,0x00,0x03,0x00,0x9A,0xFF,0xFB,0xFF,0xFF,0xFF,0xFF,0xFF,0xFF,0xFF,0xFF,0xFF,
    0xFF,0xFF,0xFF,0xFF,0xFF,0xFF,0xFF,0xFF,0xFF,0xFF,0xFF,0xFF,0xFF,0xFF,0xFF,0xFF,
    0xFF,0xFF,0xFF,0xFF,0xFF,0xFF,0xFF,0xFF,0xFF,0xFF,0xFF,0xFF,0xFF,0xFF,0xFF,0xFF,
    0xFF,0xFF,0xFF,0xFF,0xFF,0xFF,0xFF,0xFF,0xFF,0xFF,0xFF,0xFF,0xFF,0xFF,0xFF,0xFF,
    0xFF,0xFF,0xFF,0xFF,0xFF,0xFF,0xFF,0xFF,0xFF,0xFF,0xFF,0xFF,0xFF,0xFF,0xFF,0xFF,
    0xFF,0xFF,0xFF,0xFF,0xFF,0xFF,0xFF,0xFF,0xFF,0xFF,0xFF,0xFF,0xFF,0xFF,0xFF,0xFF,
    0xFF,0xFF,0xFF,0xFF,0xFF,0xFF,0xFF,0xFF,0xFF,0xFF,0xFF,0xFF,0xFF,0xFF,0xFF,0xFF,
    0xFF,0xFB,0xFF,0x9A,0x00,0x03,0x00,0x00,0x00,0x00,0x03,0x01,0x36,0xFF,0xFD,0xFF,
    0xFF,0xFF,0xFF,0xFF,0xFF,0xFF,0xFF,0xFF,0xFF,0xFF,0xFF,0xFF,0xFF,0xFF,0xFF,0xFF,
    0xFF,0xFF,0xFF,0xFF,0xFF,0xFF,0xFF,0xFF,0xFF,0xFF,0xFF,0xFF,0xFF,0xFF,0xFF,0xFF,
    0xFF,0xFF,0xFF,0xFF,0xFF,0xFF,0xFF,0xFF,0xFF,0xFF,0xFF,0xFF,0xFF,0xFF,0xFF,0xFF,
    0xFF,0xFF,0xFF,0xFF,0xFF,0xFF,0xFF,0xFF,0xFF,0xFF,0xFF,0xFF,0xFF,0xFF,0xFF,0xFF,
    0xFF,0xFF,0xFF,0xFF,0xFF,0xFF,0xFF,0xFF,0xFF,0xFF,0xFF,0xFF,0xFF,0xFF,0xFF,0xFF,
    0xFF,0xFF,0xFF,0xFF,0xFF,0xFF,0xFF,0xFF,0xFF,0xFF,0xFF,0xFF,0xFF,0xFF,0xFF,0xFF,
    0xFF,0xFF,0xFF,0xFF,0xFF,0xFF,0xFF,0xFF,0xFF,0xFD,0xFF,0x36,0x01,0x03,0x00,0x00,
    0x00,0x00,0x00,0x02,0x02,0xBF,0xFF,0xFC,0xFF,0xFF,0xFF,0xFF,0xFF,0xFF,0xFF,0xFF,
    0xFF,0xFF,0xFF,0xFF,0xFF,0xFF,0xFF,0xFF,0xFF,0xFF,0xFF,0xFF,0xFF,0xFF,0xFF,0xFF,
    0xFF,0xFF,0xFF,0xFF,0xFF,0xFF,0xFF,0xFF,0xFF,0xFF,0xFF,0xFF,0xFF,0xFF,0xFF,0xFF,
    0xFF,0xFF,0xFF,0xFF,0xFF,0xFF,0xFF,0xFF,0xFF,0xFF,0xFF,0xFF,0xFF,0xFF,0xFF,0xFF,
    0xFF,0xFF,0xFF,0xFF,0xFF,0xFF,0xFF,0xFF,0xFF,0xFF,0xFF,0xFF,0xFF,0xFF,0xFF,0xFF,
    0xFF,0xFF,0xFF,0xFF,0xFF,0xFF,0xFF,0xFF,0xFF,0xFF,0xFF,0xFF,0xFF,0xFF,0xFF,0xFF,
    0xFF,0xFF,0xFF,0xFF,0xFF,0xFF,0xFF,0xFF,0xFF,0xFF,0xFF,0xFF,0xFF,0xFF,0xFF,0xFF,
    0xFC,0xFF,0xBF,0x02,0x02,0x00,0x00,0x00,0x00,0x00,0x00,0x03,0x00,0x41,0xFE,0xFD,
    0xFF,0xFF,0xFF,0xFF,0xFF,0xFF,0xFF,0xFF,0xFF,0xFF,0xFF,0xFF,0xFF,0xFF,0xFF,0xFF,
    0xFF,0xFF,0xFF,0xFF,0xFF,0xFF,0xFF,0xFF,0xFF,0xFF,0xFF,0xFF,0xFF,0xFF,0xFF,0xFF,
    0xFF,0xFF,0xFF,0xFF,0xFF,0xFF,0xFF,0xFF,0xFF,0xFF,0xFF,0xFF,0xFF,0xFF,0xFF,0xFF,
    0xFF,0xFF,0xFF,0xFF,0xFF,0xFF,0xFF,0xFF,0xFF,0xFF,0xFF,0xFF,0xFF,0xFF,0xFF,0xFF,
    0xFF,0xFF,0xFF,0xFF,0xFF,0xFF,0xFF,0xFF,0xFF,0xFF,0xFF,0xFF,0xFF,0xFF,0xFF,0xFF,
    0xFF,0xFF,0xFF,0xFF,0xFF,0xFF,0xFF,0xFF,0xFF,0xFF,0xFF,0xFF,0xFF,0xFF,0xFF,0xFF,
    0xFF,0xFF,0xFF,0xFF,0xFF,0xFF,0xFF,0xFF,0xFD,0xFE,0x41,0x00,0x03,0x00,0x00,0x00,
    0x00,0x00,0x00,0x00,0x02,0x04,0xD8,0xFF,0xFD,0xFF,0xFF,0xFF,0xFF,0xFF,0xFF,0xFF,
    0xFF,0xFF,0xFF,0xFF,0xFF,0xFF,0xFF,0xFF,0xFF,0xFF,0xFF,0xFF,0xFF,0xFF,0xFF,0xFF,
    0xFF,0xFF,0xFF,0xFF,0xFF,0xFF,0xFF,0xFF,0xFF,0xFF,0xFF,0xFF,0xFF,0xFF,0xFF,0xFF,
    0xFF,0xFF,0xFF,0xFF,0xFF,0xFF,0xFF,0xFF,0xFF,0xFF,0xFF,0xFF,0xFF,0xFF,0xFF,0xFF,
    0xFF,0xFF,0xFF,0xFF,0xFF,0xFF,0xFF,0xFF,0xFF,0xFF,0xFF,0xFF,0xFF,0xFF,0xFF,0xFF,
    0xFF,0xFF,0xFF,0xFF,0xFF,0xFF,0xFF,0xFF,0xFF,0xFF,0xFF,0xFF,0xFF,0xFF,0xFF,0xFF,
    0xFF,0xFF,0xFF,0xFF,0xFF,0xFF,0xFF,0xFF,0xFF,0xFF,0xFF,0xFF,0xFF,0xFF,0xFF,0xFD,
    0xFF,0xD8,0x04,0x02,0x00,0x00,0x00,0x00,0x00,0x00,0x00,0x00,0x03,0x00,0x56,0xFF,
    0xFC,0xFF,0xFF,0xFF,0xFF,0xFF,0xFF,0xFF,0xFF,0xFF,0xFF,0xFF,0xFF,0xFF,0xFF,0xFF,
    0xFF,0xFF,0xFF,0xFF,0xFF,0xFF,0xFF,0xFF,0xFF,0xFF,0xFF,0xFF,0xFF,0xFF,0xFF,0xFF,
    0xFF,0xFF,0xFF,0xFF,0xFF,0xFF,0xFF,0xFF,0xFF,0xFF,0xFF,0xFF,0xFF,0xFF,0xFF,0xFF,
    0xFF,0xFF,0xFF,0xFF,0xFF,0xFF,0xFF,0xFF,0xFF,0xFF,0xFF,0xFF,0xFF,0xFF,0xFF,0xFF,
    0xFF,0xFF,0xFF,0xFF,0xFF,0xFF,0xFF,0xFF,0xFF,0xFF,0xFF,0xFF,0xFF,0xFF,0xFF,0xFF,
    0xFF,0xFF,0xFF,0xFF,0xFF,0xFF,0xFF,0xFF,0xFF,0xFF,0xFF,0xFF,0xFF,0xFF,0xFF,0xFF,
    0xFF,0xFF,0xFF,0xFF,0xFF,0xFF,0xFF,0xFC,0xFF,0x56,0x00,0x03,0x00,0x00,0x00,0x00,
    0x00,0x00,0x00,0x00,0x00,0x02,0x00,0xBF,0xFF,0xFC,0xFF,0xFF,0xFF,0xFF,0xFF,0xFF,
    0xFF,0xFF,0xFF,0xFF,0xFF,0xFF,0xFF,0xFF,0xFF,0xFF,0xFF,0xFF,0xFF,0xFF,0xFF,0xFF,
    0xFF,0xFF,0xFF,0xFF,0xFF,0xFF,0xFF,0xFF,0xFF,0xFF,0xFF,0xFF,0xFF,0xFF,0xFF,0xFF,
    0xFF,0xFF,0xFF,0xFF,0xFF,0xFF,0xFF,0xFF,0xFF,0xFF,0xFF,0xFF,0xFF,0xFF,0xFF,0xFF,
    0xFF,0xFF,0xFF,0xFF,0xFF,0xFF,0xFF,0xFF,0xFF,0xFF,0xFF,0xFF,0xFF,0xFF,0xFF,0xFF,
    0xFF,0xFF,0xFF,0xFF,0xFF,0xFF,0xFF,0xFF,0xFF,0xFF,0xFF,0xFF,0xFF,0xFF,0xFF,0xFF,
    0xFF,0xFF,0xFF,0xFF,0xFF,0xFF,0xFF,0xFF,0xFF,0xFF,0xFF,0xFF,0xFF,0xFF,0xFC,0xFF,
    0xBF,0x00,0x02,0x00,0x00,0x00,0x00,0x00,0x00,0x00,0x00,0x00,0x00,0x03,0x01,0x3F,
    0xFD,0xFC,0xFF,0xFF,0xFF,0xFF,0xFF,0xFF,0xFF,0xFF,0xFF,0xFF,0xFF,0xFF,0xFF,0xFF,
    0xFF,0xFF,0xFF,0xFF,0xFF,0xFF,0xFF,0xFF,0xFF,0xFF,0xFF,0xFF,0xFF,0xFF,0xFF,0xFF,
    0xFF,0xFF,0xFF,0xFF,0xFF,0xFF,0xFF,0xFF,0xFF,0xFF,0xFF,0xFF,0xFF,0xFF,0xFF,0xFF,
    0xFF,0xFF,0xFF,0xFF,0xFF,0xFF,0xFF,0xFF,0xFF,0xFF,0xFF,0xFF,0xFF,0xFF,0xFF,0xFF,
    0xFF,0xFF,0xFF,0xFF,0xFF,0xFF,0xFF,0xFF,0xFF,0xFF,0xFF,0xFF,0xFF,0xFF,0xFF,0xFF,
    0xFF,0xFF,0xFF,0xFF,0xFF,0xFF,0xFF,0xFF,0xFF,0xFF,0xFF,0xFF,0xFF,0xFF,0xFF,0xFF,
    0xFF,0xFF,0xFF,0xFF,0xFF,0xFF,0xFC,0xFD,0x3F,0x01,0x03,0x00,0x00,0x00,0x00,0x00,
    0x00,0x00,0x00,0x00,0x00,0x00,0x03,0x00,0xA0,0xFF,0xFC,0xFF,0xFF,0xFF,0xFF,0xFF,
    0xFF,0xFF,0xFF,0xFF,0xFF,0xFF,0xFF,0xFF,0xFF,0xFF,0xFF,0xFF,0xFF,0xFF,0xFF,0xFF,
    0xFF,0xFF,0xFF,0xFF,0xFF,0xFF,0xFF,0xFF,0xFF,0xFF,0xFF,0xFF,0xFF,0xFF,0xFF,0xFF,
    0xFF,0xFF,0xFF,0xFF,0xFF,0xFF,0xFF,0xFF,0xFF,0xFF,0xFF,0xFF,0xFF,0xFF,0xFF,0xFF,
    0xFF,0xFF,0xFF,0xFF,0xFF,0xFF,0xFF,0xFF,0xFF,0xFF,0xFF,0xFF,0xFF,0xFF,0xFF,0xFF,
    0xFF,0xFF,0xFF,0xFF,0xFF,0xFF,0xFF,0xFF,0xFF,0xFF,0xFF,0xFF,0xFF,0xFF,0xFF,0xFF,
    0xFF,0xFF,0xFF,0xFF,0xFF,0xFF,0xFF,0xFF,0xFF,0xFF,0xFF,0xFF,0xFF,0xFC,0xFF,0xA0,
    0x00,0x03,0x00,0x00,0x00,0x00,0x00,0x00,0x00,0x00,0x00,0x00,0x00,0x00,0x02,0x01,
    0x18,0xEE,0xFD,0xFE,0xFF,0xFF,0xFF,0xFF,0xFF,0xFF,0xFF,0xFF,0xFF,0xFF,0xFF,0xFF,
    0xFF,0xFF,0xFF,0xFF,0xFF,0xFF,0xFF,0xFF,0xFF,0xFF,0xFF,0xFF,0xFF,0xFF,0xFF,0xFF,
    0xFF,0xFF,0xFF,0xFF,0xFF,0xFF,0xFF,0xFF,0xFF,0xFF,0xFF,0xFF,0xFF,0xFF,0xFF,0xFF,
    0xFF,0xFF,0xFF,0xFF,0xFF,0xFF,0xFF,0xFF,0xFF,0xFF,0xFF,0xFF,0xFF,0xFF,0xFF,0xFF,
    0xFF,0xFF,0xFF,0xFF,0xFF,0xFF,0xFF,0xFF,0xFF,0xFF,0xFF,0xFF,0xFF,0xFF,0xFF,0xFF,
    0xFF,0xFF,0xFF,0xFF,0xFF,0xFF,0xFF,0xFF,0xFF,0xFF,0xFF,0xFF,0xFF,0xFF,0xFF,0xFF,
    0xFF,0xFF,0xFF,0xFF,0xFE,0xFD,0xEE,0x18,0x01,0x02,0x00,0x00,0x00,0x00,0x00,0x00,
    0x00,0x00,0x00,0x00,0x00,0x00,0x00,0x03,0x00,0x6B,0xFF,0xFB,0xFF,0xFF,0xFF,0xFF,
    0xFF,0xFF,0xFF,0xFF,0xFF,0xFF,0xFF,0xFF,0xFF,0xFF,0xFF,0xFF,0xFF,0xFF,0xFF,0xFF,
    0xFF,0xFF,0xFF,0xFF,0xFF,0xFF,0xFF,0xFF,0xFF,0xFF,0xFF,0xFF,0xFF,0xFF,0xFF,0xFF,
    0xFF,0xFF,0xFF,0xFF,0xFF,0xFF,0xFF,0xFF,0xFF,0xFF,0xFF,0xFF,0xFF,0xFF,0xFF,0xFF,
    0xFF,0xFF,0xFF,0xFF,0xFF,0xFF,0xFF,0xFF,0xFF,0xFF,0xFF,0xFF,0xFF,0xFF,0xFF,0xFF,
    0xFF,0xFF,0xFF,0xFF,0xFF,0xFF,0xFF,0xFF,0xFF,0xFF,0xFF,0xFF,0xFF,0xFF,0xFF,0xFF,
    0xFF,0xFF,0xFF,0xFF,0xFF,0xFF,0xFF,0xFF,0xFF,0xFF,0xFF,0xFF,0xFB,0xFF,0x6B,0x00,
    0x03,0x00,0x00,0x00,0x00,0x00,0x00,0x00,0x00,0x00,0x00,0x00,0x00,0x00,0x00,0x00,
    0x03,0x00,0xBC,0xFF,0xFC,0xFF,0xFF,0xFF,0xFF,0xFF,0xFF,0xFF,0xFF,0xFF,0xFF,0xFF,
    0xFF,0xFF,0xFF,0xFF,0xFF,0xFF,0xFF,0xFF,0xFF,0xFF,0xFF,0xFF,0xFF,0xFF,0xFF,0xFF,
    0xFF,0xFF,0xFF,0xFF,0xFF,0xFF,0xFF,0xFF,0xFF,0xFF,0xFF,0xFF,0xFF,0xFF,0xFF,0xFF,
    0xFF,0xFF,0xFF,0xFF,0xFF,0xFF,0xFF,0xFF,0xFF,0xFF,0xFF,0xFF,0xFF,0xFF,0xFF,0xFF,
    0xFF,0xFF,0xFF,0xFF,0xFF,0xFF,0xFF,0xFF,0xFF,0xFF,0xFF,0xFF,0xFF,0xFF,0xFF,0xFF,
    0xFF,0xFF,0xFF,0xFF,0xFF,0xFF,0xFF,0xFF,0xFF,0xFF,0xFF,0xFF,0xFF,0xFF,0xFF,0xFF,
    0xFF,0xFF,0xFF,0xFC,0xFF,0xBC,0x00,0x03,0x00,0x00,0x00,0x00,0x00,0x00,0x00,0x00,
    0x00,0x00,0x00,0x00,0x00,0x00,0x00,0x00,0x02,0x01,0x23,0xEE,0xFD,0xFE,0xFF,0xFF,
    0xFF,0xFF,0xFF,0xFF,0xFF,0xFF,0xFF,0xFF,0xFF,0xFF,0xFF,0xFF,0xFF,0xFF,0xFF,0xFF,
    0xFF,0xFF,0xFF,0xFF,0xFF,0xFF,0xFF,0xFF,0xFF,0xFF,0xFF,0xFF,0xFF,0xFF,0xFF,0xFF,
    0xFF,0xFF,0xFF,0xFF,0xFF,0xFF,0xFF,0xFF,0xFF,0xFF,0xFF,0xFF,0xFF,0xFF,0xFF,0xFF,
    0xFF,0xFF,0xFF,0xFF,0xFF,0xFF,0xFF,0xFF,0xFF,0xFF,0xFF,0xFF,0xFF,0xFF,0xFF,0xFF,
    0xFF,0xFF,0xFF,0xFF,0xFF,0xFF,0xFF,0xFF,0xFF,0xFF,0xFF,0xFF,0xFF,0xFF,0xFF,0xFF,
    0xFF,0xFF,0xFF,0xFF,0xFF,0xFF,0xFF,0xFF,0xFF,0xFF,0xFE,0xFD,0xEE,0x23,0x01,0x02,
    0x00,0x00,0x00,0x00,0x00,0x00,0x00,0x00,0x00,0x00,0x00,0x00,0x00,0x00,0x00,0x00,
    0x00,0x03,0x00,0x54,0xFF,0xFB,0xFF,0xFF,0xFF,0xFF,0xFF,0xFF,0xFF,0xFF,0xFF,0xFF,
    0xFF,0xFF,0xFF,0xFF,0xFF,0xFF,0xFF,0xFF,0xFF,0xFF,0xFF,0xFF,0xFF,0xFF,0xFF,0xFF,
    0xFF,0xFF,0xFF,0xFF,0xFF,0xFF,0xFF,0xFF,0xFF,0xFF,0xFF,0xFF,0xFF,0xFF,0xFF,0xFF,
    0xFF,0xFF,0xFF,0xFF,0xFF,0xFF,0xFF,0xFF,0xFF,0xFF,0xFF,0xFF,0xFF,0xFF,0xFF,0xFF,
    0xFF,0xFF,0xFF,0xFF,0xFF,0xFF,0xFF,0xFF,0xFF,0xFF,0xFF,0xFF,0xFF,0xFF,0xFF,0xFF,
    0xFF,0xFF,0xFF,0xFF,0xFF,0xFF,0xFF,0xFF,0xFF,0xFF,0xFF,0xFF,0xFF,0xFF,0xFF,0xFF,
    0xFF,0xFF,0xFB,0xFF,0x54,0x00,0x03,0x00,0x00,0x00,0x00,0x00,0x00,0x00,0x00,0x00,
    0x00,0x00,0x00,0x00,0x00,0x00,0x00,0x00,0x00,0x00,0x04,0x00,0x8F,0xFF,0xFB,0xFF,
    0xFF,0xFF,0xFF,0xFF,0xFF,0xFF,0xFF,0xFF,0xFF,0xFF,0xFF,0xFF,0xFF,0xFF,0xFF,0xFF,
    0xFF,0xFF,0xFF,0xFF,0xFF,0xFF,0xFF,0xFF,0xFF,0xFF,0xFF,0xFF,0xFF,0xFF,0xFF,0xFF,
    0xFF,0xFF,0xFF,0xFF,0xFF,0xFF,0xFF,0xFF,0xFF,0xFF,0xFF,0xFF,0xFF,0xFF,0xFF,0xFF,
    0xFF,0xFF,0xFF,0xFF,0xFF,0xFF,0xFF,0xFF,0xFF,0xFF,0xFF,0xFF,0xFF,0xFF,0xFF,0xFF,
    0xFF,0xFF,0xFF,0xFF,0xFF,0xFF,0xFF,0xFF,0xFF,0xFF,0xFF,0xFF,0xFF,0xFF,0xFF,0xFF,
    0xFF,0xFF,0xFF,0xFF,0xFF,0xFF,0xFF,0xFF,0xFF,0xFB,0xFF,0x8F,0x00,0x04,0x00,0x00,
    0x00,0x00,0x00,0x00,0x00,0x00,0x00,0x00,0x00,0x00,0x00,0x00,0x00,0x00,0x00,0x00,
    0x00,0x00,0x01,0x03,0x03,0xC6,0xFF,0xFC,0xFF,0xFF,0xFF,0xFF,0xFF,0xFF,0xFF,0xFF,
    0xFF,0xFF,0xFF,0xFF,0xFF,0xFF,0xFF,0xFF,0xFF,0xFF,0xFF,0xFF,0xFF,0xFF,0xFF,0xFF,
    0xFF,0xFF,0xFF,0xFF,0xFF,0xFF,0xFF,0xFF,0xFF,0xFF,0xFF,0xFF,0xFF,0xFF,0xFF,0xFF,
    0xFF,0xFF,0xFF,0xFF,0xFF,0xFF,0xFF,0xFF,0xFF,0xFF,0xFF,0xFF,0xFF,0xFF,0xFF,0xFF,
    0xFF,0xFF,0xFF,0xFF,0xFF,0xFF,0xFF,0xFF,0xFF,0xFF,0xFF,0xFF,0xFF,0xFF,0xFF,0xFF,
    0xFF,0xFF,0xFF,0xFF,0xFF,0xFF,0xFF,0xFF,0xFF,0xFF,0xFF,0xFF,0xFF,0xFF,0xFF,0xFF,
    0xFC,0xFF,0xC6,0x03,0x03,0x01,0x00,0x00,0x00,0x00,0x00,0x00,0x00,0x00,0x00,0x00,
    0x00,0x00,0x00,0x00,0x00,0x00,0x00,0x00,0x00,0x00,0x00,0x02,0x01,0x16,0xE9,0xFF,
    0xFD,0xFF,0xFF,0xFF,0xFF,0xFF,0xFF,0xFF,0xFF,0xFF,0xFF,0xFF,0xFF,0xFF,0xFF,0xFF,
    0xFF,0xFF,0xFF,0xFF,0xFF,0xFF,0xFF,0xFF,0xFF,0xFF,0xFF,0xFF,0xFF,0xFF,0xFF,0xFF,
    0xFF,0xFF,0xFF,0xFF,0xFF,0xFF,0xFF,0xFF,0xFF,0xFF,0xFF,0xFF,0xFF,0xFF,0xFF,0xFF,
    0xFF,0xFF,0xFF,0xFF,0xFF,0xFF,0xFF,0xFF,0xFF,0xFF,0xFF,0xFF,0xFF,0xFF,0xFF,0xFF,
    0xFF,0xFF,0xFF,0xFF,0xFF,0xFF,0xFF,0xFF,0xFF,0xFF,0xFF,0xFF,0xFF,0xFF,0xFF,0xFF,
    0xFF,0xFF,0xFF,0xFF,0xFF,0xFF,0xFF,0xFD,0xFF,0xE9,0x16,0x01,0x02,0x00,0x00,0x00,
    0x00,0x00,0x00,0x00,0x00,0x00,0x00,0x00,0x00,0x00,0x00,0x00,0x00,0x00,0x00,0x00,
    0x00,0x00,0x00,0x00,0x02,0x00,0x36,0xED,0xFD,0xFD,0xFF,0xFF,0xFF,0xFF,0xFF,0xFF,
    0xFF,0xFF,0xFF,0xFF,0xFF,0xFF,0xFF,0xFF,0xFF,0xFF,0xFF,0xFF,0xFF,0xFF,0xFF,0xFF,
    0xFF,0xFF,0xFF,0xFF,0xFF,0xFF,0xFF,0xFF,0xFF,0xFF,0xFF,0xFF,0xFF,0xFF,0xFF,0xFF,
    0xFF,0xFF,0xFF,0xFF,0xFF,0xFF,0xFF,0xFF,0xFF,0xFF,0xFF,0xFF,0xFF,0xFF,0xFF,0xFF,
    0xFF,0xFF,0xFF,0xFF,0xFF,0xFF,0xFF,0xFF,0xFF,0xFF,0xFF,0xFF,0xFF,0xFF,0xFF,0xFF,
    0xFF,0xFF,0xFF,0xFF,0xFF,0xFF,0xFF,0xFF,0xFF,0xFF,0xFF,0xFF,0xFF,0xFF,0xFD,0xFD,
    0xED,0x36,0x00,0x02,0x00,0x00,0x00,0x00,0x00,0x00,0x00,0x00,0x00,0x00,0x00,0x00,
    0x00,0x00,0x00,0x00,0x00,0x00,0x00,0x00,0x00,0x00,0x00,0x00,0x00,0x03,0x00,0x39,
    0xFE,0xFD,0xFE,0xFF,0xFF,0xFF,0xFF,0xFF,0xFF,0xFF,0xFF,0xFF,0xFF,0xFF,0xFF,0xFF,
    0xFF,0xFF,0xFF,0xFF,0xFF,0xFF,0xFF,0xFF,0xFF,0xFF,0xFF,0xFF,0xFF,0xFF,0xFF,0xFF,
    0xFF,0xFF,0xFF,0xFF,0xFF,0xFF,0xFF,0xFF,0xFF,0xFF,0xFF,0xFF,0xFF,0xFF,0xFF,0xFF,
    0xFF,0xFF,0xFF,0xFF,0xFF,0xFF,0xFF,0xFF,0xFF,0xFF,0xFF,0xFF,0xFF,0xFF,0xFF,0xFF,
    0xFF,0xFF,0xFF,0xFF,0xFF,0xFF,0xFF,0xFF,0xFF,0xFF,0xFF,0xFF,0xFF,0xFF,0xFF,0xFF,
    0xFF,0xFF,0xFF,0xFF,0xFF,0xFE,0xFD,0xFE,0x39,0x00,0x03,0x00,0x00,0x00,0x00,0x00,
    0x00,0x00,0x00,0x00,0x00,0x00,0x00,0x00,0x00,0x00,0x00,0x00,0x00,0x00,0x00,0x00,
    0x00,0x00,0x00,0x00,0x00,0x00,0x04,0x00,0x65,0xFF,0xFC,0xFE,0xFF,0xFF,0xFF,0xFF,
    0xFF,0xFF,0xFF,0xFF,0xFF,0xFF,0xFF,0xFF,0xFF,0xFF,0xFF,0xFF,0xFF,0xFF,0xFF,0xFF,
    0xFF,0xFF,0xFF,0xFF,0xFF,0xFF,0xFF,0xFF,0xFF,0xFF,0xFF,0xFF,0xFF,0xFF,0xFF,0xFF,
    0xFF,0xFF,0xFF,0xFF,0xFF,0xFF,0xFF,0xFF,0xFF,0xFF,0xFF,0xFF,0xFF,0xFF,0xFF,0xFF,
    0xFF,0xFF,0xFF,0xFF,0xFF,0xFF,0xFF,0xFF,0xFF,0xFF,0xFF,0xFF,0xFF,0xFF,0xFF,0xFF,
    0xFF,0xFF,0xFF,0xFF,0xFF,0xFF,0xFF,0xFF,0xFF,0xFF,0xFF,0xFF,0xFE,0xFC,0xFF,0x65,
    0x00,0x04,0x00,0x00,0x00,0x00,0x00,0x00,0x00,0x00,0x00,0x00,0x00,0x00,0x00,0x00,
    0x00,0x00,0x00,0x00,0x00,0x00,0x00,0x00,0x00,0x00,0x00,0x00,0x00,0x00,0x00,0x04,
    0x00,0x65,0xFF,0xFE,0xFD,0xFF,0xFF,0xFF,0xFF,0xFF,0xFF,0xFF,0xFF,0xFF,0xFF,0xFF,
    0xFF,0xFF,0xFF,0xFF,0xFF,0xFF,0xFF,0xFF,0xFF,0xFF,0xFF,0xFF,0xFF,0xFF,0xFF,0xFF,
    0xFF,0xFF,0xFF,0xFF,0xFF,0xFF,0xFF,0xFF,0xFF,0xFF,0xFF,0xFF,0xFF,0xFF,0xFF,0xFF,
    0xFF,0xFF,0xFF,0xFF,0xFF,0xFF,0xFF,0xFF,0xFF,0xFF,0xFF,0xFF,0xFF,0xFF,0xFF,0xFF,
    0xFF,0xFF,0xFF,0xFF,0xFF,0xFF,0xFF,0xFF,0xFF,0xFF,0xFF,0xFF,0xFF,0xFF,0xFF,0xFF,
    0xFF,0xFF,0xFF,0xFD,0xFE,0xFF,0x65,0x00,0x04,0x00,0x00,0x00,0x00,0x00,0x00,0x00,
    0x00,0x00,0x00,0x00,0x00,0x00,0x00,0x00,0x00,0x00,0x00,0x00,0x00,0x00,0x00,0x00,
    0x00,0x00,0x00,0x00,0x00,0x00,0x00,0x00,0x04,0x00,0x65,0xFB,0xFF,0xFD,0xFF,0xFF,
    0xFF,0xFF,0xFF,0xFF,0xFF,0xFF,0xFF,0xFF,0xFF,0xFF,0xFF,0xFF,0xFF,0xFF,0xFF,0xFF,
    0xFF,0xFF,0xFF,0xFF,0xFF,0xFF,0xFF,0xFF,0xFF,0xFF,0xFF,0xFF,0xFF,0xFF,0xFF,0xFF,
    0xFF,0xFF,0xFF,0xFF,0xFF,0xFF,0xFF,0xFF,0xFF,0xFF,0xFF,0xFF,0xFF,0xFF,0xFF,0xFF,
    0xFF,0xFF,0xFF,0xFF,0xFF,0xFF,0xFF,0xFF,0xFF,0xFF,0xFF,0xFF,0xFF,0xFF,0xFF,0xFF,
    0xFF,0xFF,0xFF,0xFF,0xFF,0xFF,0xFF,0xFF,0xFF,0xFF,0xFD,0xFF,0xFB,0x65,0x00,0x04,
    0x00,0x00,0x00,0x00,0x00,0x00,0x00,0x00,0x00,0x00,0x00,0x00,0x00,0x00,0x00,0x00,
    0x00,0x00,0x00,0x00,0x00,0x00,0x00,0x00,0x00,0x00,0x00,0x00,0x00,0x00,0x00,0x00,
    0x00,0x04,0x00,0x3B,0xEE,0xFF,0xFB,0xFF,0xFF,0xFF,0xFF,0xFF,0xFF,0xFF,0xFF,0xFF,
    0xFF,0xFF,0xFF,0xFF,0xFF,0xFF,0xFF,0xFF,0xFF,0xFF,0xFF,0xFF,0xFF,0xFF,0xFF,0xFF,
    0xFF,0xFF,0xFF,0xFF,0xFF,0xFF,0xFF,0xFF,0xFF,0xFF,0xFF,0xFF,0xFF,0xFF,0xFF,0xFF,
    0xFF,0xFF,0xFF,0xFF,0xFF,0xFF,0xFF,0xFF,0xFF,0xFF,0xFF,0xFF,0xFF,0xFF,0xFF,0xFF,
    0xFF,0xFF,0xFF,0xFF,0xFF,0xFF,0xFF,0xFF,0xFF,0xFF,0xFF,0xFF,0xFF,0xFF,0xFF,0xFF,
    0xFF,0xFB,0xFF,0xEE,0x3B,0x00,0x04,0x00,0x00,0x00,0x00,0x00,0x00,0x00,0x00,0x00,
    0x00,0x00,0x00,0x00,0x00,0x00,0x00,0x00,0x00,0x00,0x00,0x00,0x00,0x00,0x00,0x00,
    0x00,0x00,0x00,0x00,0x00,0x00,0x00,0x00,0x00,0x00,0x04,0x00,0x35,0xE6,0xFF,0xFB,
    0xFF,0xFF,0xFF,0xFF,0xFF,0xFF,0xFF,0xFF,0xFF,0xFF,0xFF,0xFF,0xFF,0xFF,0xFF,0xFF,
    0xFF,0xFF,0xFF,0xFF,0xFF,0xFF,0xFF,0xFF,0xFF,0xFF,0xFF,0xFF,0xFF,0xFF,0xFF,0xFF,
    0xFF,0xFF,0xFF,0xFF,0xFF,0xFF,0xFF,0xFF,0xFF,0xFF,0xFF,0xFF,0xFF,0xFF,0xFF,0xFF,
    0xFF,0xFF,0xFF,0xFF,0xFF,0xFF,0xFF,0xFF,0xFF,0xFF,0xFF,0xFF,0xFF,0xFF,0xFF,0xFF,
    0xFF,0xFF,0xFF,0xFF,0xFF,0xFF,0xFF,0xFF,0xFB,0xFF,0xE6,0x35,0x00,0x04,0x00,0x00,
    0x00,0x00,0x00,0x00,0x00,0x00,0x00,0x00,0x00,0x00,0x00,0x00,0x00,0x00,0x00,0x00,
    0x00,0x00,0x00,0x00,0x00,0x00,0x00,0x00,0x00,0x00,0x00,0x00,0x00,0x00,0x00,0x00,
    0x00,0x00,0x00,0x03,0x00,0x19,0xC4,0xFF,0xFC,0xFE,0xFF,0xFF,0xFF,0xFF,0xFF,0xFF,
    0xFF,0xFF,0xFF,0xFF,0xFF,0xFF,0xFF,0xFF,0xFF,0xFF,0xFF,0xFF,0xFF,0xFF,0xFF,0xFF,
    0xFF,0xFF,0xFF,0xFF,0xFF,0xFF,0xFF,0xFF,0xFF,0xFF,0xFF,0xFF,0xFF,0xFF,0xFF,0xFF,
    0xFF,0xFF,0xFF,0xFF,0xFF,0xFF,0xFF,0xFF,0xFF,0xFF,0xFF,0xFF,0xFF,0xFF,0xFF,0xFF,
    0xFF,0xFF,0xFF,0xFF,0xFF,0xFF,0xFF,0xFF,0xFF,0xFF,0xFF,0xFF,0xFF,0xFF,0xFE,0xFC,
    0xFF,0xC4,0x19,0x00,0x03,0x00,0x00,0x00,0x00,0x00,0x00,0x00,0x00,0x00,0x00,0x00,
    0x00,0x00,0x00,0x00,0x00,0x00,0x00,0x00,0x00,0x00,0x00,0x00,0x00,0x00,0x00,0x00,
    0x00,0x00,0x00,0x00,0x00,0x00,0x00,0x00,0x00,0x00,0x00,0x00,0x03,0x00,0x04,0x8F,
    0xFF,0xFF,0xFC,0xFF,0xFF,0xFF,0xFF,0xFF,0xFF,0xFF,0xFF,0xFF,0xFF,0xFF,0xFF,0xFF,
    0xFF,0xFF,0xFF,0xFF,0xFF,0xFF,0xFF,0xFF,0xFF,0xFF,0xFF,0xFF,0xFF,0xFF,0xFF,0xFF,
    0xFF,0xFF,0xFF,0xFF,0xFF,0xFF,0xFF,0xFF,0xFF,0xFF,0xFF,0xFF,0xFF,0xFF,0xFF,0xFF,
    0xFF,0xFF,0xFF,0xFF,0xFF,0xFF,0xFF,0xFF,0xFF,0xFF,0xFF,0xFF,0xFF,0xFF,0xFF,0xFF,
    0xFF,0xFF,0xFF,0xFF,0xFF,0xFC,0xFF,0xFF,0x8F,0x04,0x00,0x03,0x00,0x00,0x00,0x00,
    0x00,0x00,0x00,0x00,0x00,0x00,0x00,0x00,0x00,0x00,0x00,0x00,0x00,0x00,0x00,0x00,
    0x00,0x00,0x00,0x00,0x00,0x00,0x00,0x00,0x00,0x00,0x00,0x00,0x00,0x00,0x00,0x00,
    0x00,0x00,0x00,0x00,0x00,0x02,0x00,0x00,0x56,0xEC,0xFF,0xFB,0xFE,0xFF,0xFF,0xFF,
    0xFF,0xFF,0xFF,0xFF,0xFF,0xFF,0xFF,0xFF,0xFF,0xFF,0xFF,0xFF,0xFF,0xFF,0xFF,0xFF,
    0xFF,0xFF,0xFF,0xFF,0xFF,0xFF,0xFF,0xFF,0xFF,0xFF,0xFF,0xFF,0xFF,0xFF,0xFF,0xFF,
    0xFF,0xFF,0xFF,0xFF,0xFF,0xFF,0xFF,0xFF,0xFF,0xFF,0xFF,0xFF,0xFF,0xFF,0xFF,0xFF,
    0xFF,0xFF,0xFF,0xFF,0xFF,0xFF,0xFF,0xFF,0xFF,0xFF,0xFF,0xFE,0xFB,0xFF,0xEC,0x56,
    0x00,0x00,0x02,0x00,0x00,0x00,0x00,0x00,0x00,0x00,0x00,0x00,0x00,0x00,0x00,0x00,
    0x00,0x00,0x00,0x00,0x00,0x00,0x00,0x00,0x00,0x00,0x00,0x00,0x00,0x00,0x00,0x00,
    0x00,0x00,0x00,0x00,0x00,0x00,0x00,0x00,0x00,0x00,0x00,0x00,0x00,0x00,0x01,0x04,
    0x00,0x26,0xB8,0xFF,0xFF,0xFB,0xFF,0xFF,0xFF,0xFF,0xFF,0xFF,0xFF,0xFF,0xFF,0xFF,
    0xFF,0xFF,0xFF,0xFF,0xFF,0xFF,0xFF,0xFF,0xFF,0xFF,0xFF,0xFF,0xFF,0xFF,0xFF,0xFF,
    0xFF,0xFF,0xFF,0xFF,0xFF,0xFF,0xFF,0xFF,0xFF,0xFF,0xFF,0xFF,0xFF,0xFF,0xFF,0xFF,
    0xFF,0xFF,0xFF,0xFF,0xFF,0xFF,0xFF,0xFF,0xFF,0xFF,0xFF,0xFF,0xFF,0xFF,0xFF,0xFF,
    0xFF,0xFF,0xFB,0xFF,0xFF,0xB8,0x26,0x00,0x04,0x01,0x00,0x00,0x00,0x00,0x00,0x00,
    0x00,0x00,0x00,0x00,0x00,0x00,0x00,0x00,0x00,0x00,0x00,0x00,0x00,0x00,0x00,0x00,
    0x00,0x00,0x00,0x00,0x00,0x00,0x00,0x00,0x00,0x00,0x00,0x00,0x00,0x00,0x00,0x00,
    0x00,0x00,0x00,0x00,0x00,0x00,0x00,0x00,0x04,0x00,0x00,0x6D,0xE9,0xFF,0xFE,0xFC,
    0xFF,0xFF,0xFF,0xFF,0xFF,0xFF,0xFF,0xFF,0xFF,0xFF,0xFF,0xFF,0xFF,0xFF,0xFF,0xFF,
    0xFF,0xFF,0xFF,0xFF,0xFF,0xFF,0xFF,0xFF,0xFF,0xFF,0xFF,0xFF,0xFF,0xFF,0xFF,0xFF,
    0xFF,0xFF,0xFF,0xFF,0xFF,0xFF,0xFF,0xFF,0xFF,0xFF,0xFF,0xFF,0xFF,0xFF,0xFF,0xFF,
    0xFF,0xFF,0xFF,0xFF,0xFF,0xFF,0xFF,0xFF,0xFC,0xFE,0xFF,0xE9,0x6D,0x00,0x00,0x04,
    0x00,0x00,0x00,0x00,0x00,0x00,0x00,0x00,0x00,0x00,0x00,0x00,0x00,0x00,0x00,0x00,
    0x00,0x00,0x00,0x00,0x00,0x00,0x00,0x00,0x00,0x00,0x00,0x00,0x00,0x00,0x00,0x00,
    0x00,0x00,0x00,0x00,0x00,0x00,0x00,0x00,0x00,0x00,0x00,0x00,0x00,0x00,0x00,0x00,
    0x00,0x02,0x02,0x00,0x1A,0x9E,0xFF,0xFF,0xFD,0xFD,0xFF,0xFF,0xFF,0xFF,0xFF,0xFF,
    0xFF,0xFF,0xFF,0xFF,0xFF,0xFF,0xFF,0xFF,0xFF,0xFF,0xFF,0xFF,0xFF,0xFF,0xFF,0xFF,
    0xFF,0xFF,0xFF,0xFF,0xFF,0xFF,0xFF,0xFF,0xFF,0xFF,0xFF,0xFF,0xFF,0xFF,0xFF,0xFF,
    0xFF,0xFF,0xFF,0xFF,0xFF,0xFF,0xFF,0xFF,0xFF,0xFF,0xFF,0xFF,0xFF,0xFF,0xFD,0xFD,
    0xFF,0xFF,0x9E,0x1A,0x00,0x02,0x02,0x00,0x00,0x00,0x00,0x00,0x00,0x00,0x00,0x00,
    0x00,0x00,0x00,0x00,0x00,0x00,0x00,0x00,0x00,0x00,0x00,0x00,0x00,0x00,0x00,0x00,
    0x00,0x00,0x00,0x00,0x00,0x00,0x00,0x00,0x00,0x00,0x00,0x00,0x00,0x00,0x00,0x00,
    0x00,0x00,0x00,0x00,0x00,0x00,0x00,0x00,0x00,0x00,0x00,0x03,0x00,0x00,0x43,0xBA,
    0xFF,0xFF,0xFD,0xFC,0xFF,0xFF,0xFF,0xFF,0xFF,0xFF,0xFF,0xFF,0xFF,0xFF,0xFF,0xFF,
    0xFF,0xFF,0xFF,0xFF,0xFF,0xFF,0xFF,0xFF,0xFF,0xFF,0xFF,0xFF,0xFF,0xFF,0xFF,0xFF,
    0xFF,0xFF,0xFF,0xFF,0xFF,0xFF,0xFF,0xFF,0xFF,0xFF,0xFF,0xFF,0xFF,0xFF,0xFF,0xFF,
    0xFF,0xFF,0xFF,0xFF,0xFC,0xFD,0xFF,0xFF,0xBA,0x43,0x00,0x00,0x03,0x00,0x00,0x00,
    0x00,0x00,0x00,0x00,0x00,0x00,0x00,0x00,0x00,0x00,0x00,0x00,0x00,0x00,0x00,0x00,
    0x00,0x00,0x00,0x00,0x00,0x00,0x00,0x00,0x00,0x00,0x00,0x00,0x00,0x00,0x00,0x00,
    0x00,0x00,0x00,0x00,0x00,0x00,0x00,0x00,0x00,0x00,0x00,0x00,0x00,0x00,0x00,0x00,
    0x00,0x00,0x00,0x00,0x01,0x03,0x00,0x00,0x59,0xD2,0xFF,0xFF,0xFE,0xFC,0xFE,0xFF,
    0xFF,0xFF,0xFF,0xFF,0xFF,0xFF,0xFF,0xFF,0xFF,0xFF,0xFF,0xFF,0xFF,0xFF,0xFF,0xFF,
    0xFF,0xFF,0xFF,0xFF,0xFF,0xFF,0xFF,0xFF,0xFF,0xFF,0xFF,0xFF,0xFF,0xFF,0xFF,0xFF,
    0xFF,0xFF,0xFF,0xFF,0xFF,0xFF,0xFF,0xFF,0xFF,0xFE,0xFC,0xFE,0xFF,0xFF,0xD2,0x59,
    0x00,0x00,0x03,0x01,0x00,0x00,0x00,0x00,0x00,0x00,0x00,0x00,0x00,0x00,0x00,0x00,
    0x00,0x00,0x00,0x00,0x00,0x00,0x00,0x00,0x00,0x00,0x00,0x00,0x00,0x00,0x00,0x00,
    0x00,0x00,0x00,0x00,0x00,0x00,0x00,0x00,0x00,0x00,0x00,0x00,0x00,0x00,0x00,0x00,
    0x00,0x00,0x00,0x00,0x00,0x00,0x00,0x00,0x00,0x00,0x00,0x00,0x00,0x00,0x03,0x02,
    0x00,0x03,0x45,0xBA,0xFF,0xFF,0xFF,0xFC,0xFC,0xFE,0xFF,0xFF,0xFF,0xFF,0xFF,0xFF,
    0xFF,0xFF,0xFF,0xFF,0xFF,0xFF,0xFF,0xFF,0xFF,0xFF,0xFF,0xFF,0xFF,0xFF,0xFF,0xFF,
    0xFF,0xFF,0xFF,0xFF,0xFF,0xFF,0xFF,0xFF,0xFF,0xFF,0xFF,0xFF,0xFF,0xFF,0xFE,0xFC,
    0xFC,0xFF,0xFF,0xFF,0xBA,0x45,0x03,0x00,0x02,0x03,0x00,0x00,0x00,0x00,0x00,0x00,
    0x00,0x00,0x00,0x00,0x00,0x00,0x00,0x00,0x00,0x00,0x00,0x00,0x00,0x00,0x00,0x00,
    0x00,0x00,0x00,0x00,0x00,0x00,0x00,0x00,0x00,0x00,0x00,0x00,0x00,0x00,0x00,0x00,
    0x00,0x00,0x00,0x00,0x00,0x00,0x00,0x00,0x00,0x00,0x00,0x00,0x00,0x00,0x00,0x00,
    0x00,0x00,0x00,0x00,0x00,0x00,0x00,0x00,0x03,0x00,0x00,0x00,0x3A,0x9A,0xE9,0xFF,
    0xFF,0xFF,0xFC,0xFC,0xFD,0xFF,0xFF,0xFF,0xFF,0xFF,0xFF,0xFF,0xFF,0xFF,0xFF,0xFF,
    0xFF,0xFF,0xFF,0xFF,0xFF,0xFF,0xFF,0xFF,0xFF,0xFF,0xFF,0xFF,0xFF,0xFF,0xFF,0xFF,
    0xFF,0xFF,0xFF,0xFD,0xFC,0xFC,0xFF,0xFF,0xFF,0xE9,0x9A,0x3A,0x00,0x00,0x00,0x03,
    0x00,0x00,0x00,0x00,0x00,0x00,0x00,0x00,0x00,0x00,0x00,0x00,0x00,0x00,0x00,0x00,
    0x00,0x00,0x00,0x00,0x00,0x00,0x00,0x00,0x00,0x00,0x00,0x00,0x00,0x00,0x00,0x00,
    0x00,0x00,0x00,0x00,0x00,0x00,0x00,0x00,0x00,0x00,0x00,0x00,0x00,0x00,0x00,0x00,
    0x00,0x00,0x00,0x00,0x00,0x00,0x00,0x00,0x00,0x00,0x00,0x00,0x00,0x00,0x00,0x00,
    0x00,0x01,0x03,0x01,0x00,0x00,0x17,0x61,0xB0,0xF1,0xFF,0xFF,0xFF,0xFE,0xFB,0xFC,
    0xFD,0xFE,0xFF,0xFF,0xFF,0xFF,0xFF,0xFF,0xFF,0xFF,0xFF,0xFF,0xFF,0xFF,0xFF,0xFF,
    0xFF,0xFF,0xFF,0xFF,0xFF,0xFF,0xFE,0xFD,0xFC,0xFB,0xFE,0xFF,0xFF,0xFF,0xF1,0xB0,
    0x61,0x17,0x00,0x00,0x01,0x03,0x01,0x00,0x00,0x00,0x00,0x00,0x00,0x00,0x00,0x00,
    0x00,0x00,0x00,0x00,0x00,0x00,0x00,0x00,0x00,0x00,0x00,0x00,0x00,0x00,0x00,0x00,
    0x00,0x00,0x00,0x00,0x00,0x00,0x00,0x00,0x00,0x00,0x00,0x00,0x00,0x00,0x00,0x00,
    0x00,0x00,0x00,0x00,0x00,0x00,0x00,0x00,0x00,0x00,0x00,0x00,0x00,0x00,0x00,0x00,
    0x00,0x00,0x00,0x00,0x00,0x00,0x00,0x00,0x00,0x00,0x00,0x00,0x02,0x03,0x00,0x00,
    0x00,0x1C,0x61,0xAE,0xE2,0xFF,0xFF,0xFF,0xFF,0xFF,0xFE,0xFC,0xFC,0xFD,0xFD,0xFD,
    0xFF,0xFF,0xFF,0xFF,0xFF,0xFF,0xFF,0xFF,0xFD,0xFD,0xFD,0xFC,0xFC,0xFE,0xFF,0xFF,
    0xFF,0xFF,0xFF,0xE2,0xAE,0x61,0x1C,0x00,0x00,0x00,0x03,0x02,0x00,0x00,0x00,0x00,
    0x00,0x00,0x00,0x00,0x00,0x00,0x00,0x00,0x00,0x00,0x00,0x00,0x00,0x00,0x00,0x00,
    0x00,0x00,0x00,0x00,0x00,0x00,0x00,0x00,0x00,0x00,0x00,0x00,0x00,0x00,0x00,0x00,
    0x00,0x00,0x00,0x00,0x00,0x00,0x00,0x00,0x00,0x00,0x00,0x00,0x00,0x00,0x00,0x00,
    0x00,0x00,0x00,0x00,0x00,0x00,0x00,0x00,0x00,0x00,0x00,0x00,0x00,0x00,0x00,0x00,
    0x00,0x00,0x00,0x00,0x00,0x00,0x01,0x04,0x02,0x00,0x00,0x00,0x0A,0x34,0x6E,0xAB,
    0xD2,0xF1,0xFF,0xFF,0xFF,0xFF,0xFF,0xFF,0xFF,0xFF,0xFF,0xFF,0xFF,0xFF,0xFF,0xFF,
    0xFF,0xFF,0xFF,0xFF,0xFF,0xFF,0xF1,0xD2,0xAB,0x6E,0x34,0x0A,0x00,0x00,0x00,0x02,
    0x04,0x01,0x00,0x00,0x00,0x00,0x00,0x00,0x00,0x00,0x00,0x00,0x00,0x00,0x00,0x00,
    0x00,0x00,0x00,0x00,0x00,0x00,0x00,0x00,0x00,0x00,0x00,0x00,0x00,0x00,0x00,0x00,
    0x00,0x00,0x00,0x00,0x00,0x00,0x00,0x00,0x00,0x00,0x00,0x00,0x00,0x00,0x00,0x00,
    0x00,0x00,0x00,0x00,0x00,0x00,0x00,0x00,0x00,0x00,0x00,0x00,0x00,0x00,0x00,0x00,
    0x00,0x00,0x00,0x00,0x00,0x00,0x00,0x00,0x00,0x00,0x00,0x00,0x00,0x00,0x00,0x00,
    0x00,0x02,0x04,0x03,0x00,0x00,0x00,0x00,0x03,0x1F,0x45,0x78,0x88,0xB9,0xCB,0xCA,
    0xF2,0xFF,0xFE,0xFF,0xFF,0xFE,0xFF,0xF2,0xCA,0xCB,0xB9,0x88,0x78,0x45,0x1F,0x03,
    0x00,0x00,0x00,0x00,0x03,0x04,0x02,0x00,0x00,0x00,0x00,0x00,0x00,0x00,0x00,0x00,
    0x00,0x00,0x00,0x00,0x00,0x00,0x00,0x00,0x00,0x00,0x00,0x00,0x00,0x00,0x00,0x00,
    0x00,0x00,0x00,0x00,0x00,0x00,0x00,0x00,0x00,0x00,0x00,0x00,0x00,0x00,0x00,0x00,
};

const lv_image_dsc_t app_icon_clock = {
    .header = {
        .magic  = LV_IMAGE_HEADER_MAGIC,
        .cf     = LV_COLOR_FORMAT_RGB565A8,
        .flags  = 0,
        .w      = 120,
        .h      = 120,
        .stride = 240,
    },
    .data_size = sizeof(app_icon_clock_map),
    .data      = app_icon_clock_map,
};
