/* Generated by tools/mkassets.py. Do not edit by hand. */
#include "lvgl.h"

static const uint8_t app_icon_timer_map[] = {
    0x00,0x00,0x00,0x00,0x00,0x00,0x00,0x00,0x00,0x00,0x00,0x00,0x00,0x00,0x00,0x00,
    0x00,0x00,0x00,0x00,0x00,0x00,0x00,0x00,0x00,0x00,0x00,0x00,0x00,0x00,0x00,0x00,
    0x00,0x00,0x00,0x00,0x00,0x00,0x00,0x00,0x00,0x00,0x00,0x00,0x00,0x00,0x00,0x00,
    0x00,0x00,0x00,0x00,0x00,0x00,0x00,0x00,0x00,0x00,0x00,0x00,0x00,0x00,0x00,0x00,
    0x00,0x00,0x00,0x00,0x00,0x00,0x00,0x00,0x00,0x00,0x00,0x00,0x00,0x00,0x00,0x00,
    0x00,0x00,0x00,0x00,0x00,0x00,0x00,0x00,0x00,0x00,0x00,0x00,0x00,0x00,0x00,0x00,
    0x00,0x00,0xC4,0x18,0xC3,0x10,0xA3,0x10,0xC3,0x10,0xA3,0x10,0xA3,0x10,0xA3,0x10,
    0xA3,0x10,0xA3,0x10,0xA3,0x10,0xA3,0x10,0xA3,0x10,0xA3,0x10,0xA3,0x10,0xA3,0x10,
    0xA3,0x10,0xA3,0x10,0xA3,0x10,0xC3,0x10,0xA3,0x10,0xC3,0x10,0xC4,0x18,0x00,0x00,
    0x00,0x00,0x00,0x00,0x00,0x00,0x00,0x00,0x00,0x00,0x00,0x00,0x00,0x00,0x00,0x00,
    0x00,0x00,0x00,0x00,0x00,0x00,0x00,0x00,0x00,0x00,0x00,0x00,0x00,0x00,0x00,0x00,
    0x00,0x00,0x00,0x00,0x00,0x00,0x00,0x00,0x00,0x00,0x00,0x00,0x00,0x00,0x00,0x00,
    0x00,0x00,0x00,0x00,0x00,0x00,0x00,0x00,0x00,0x00,0x00,0x00,0x00,0x00,0x00,0x00,
    0x00,0x00,0x00,0x00,0x00,0x00,0x00,0x00,0x00,0x00,0x00,0x00,0x00,0x00,0x00,0x00,
    0x00,0x00,0x00,0x00,0x00,0x00,0x00,0x00,0x00,0x00,0x00,0x00,0x00,0x00,0x00,0x00,
    0x00,0x00,0x00,0x00,0x00,0x00,0x00,0x00,0x00,0x00,0x00,0x00,0x00,0x00,0x00,0x00,
    0x00,0x00,0x00,0x00,0x00,0x00,0x00,0x00,0x00,0x00,0x00,0x00,0x00,0x00,0x00,0x00,
    0x00,0x00,0x00,0x00,0x00,0x00,0x00,0x00,0x00,0x00,0x00,0x00,0x00,0x00,0x00,0x00,
    0x00,0x00,0x00,0x00,0x00,0x00,0x00,0x00,0x00,0x00,0x00,0x00,0x00,0x00,0x00,0x00,
    0x00,0x00,0x00,0x00,0x00,0x00,0x00,0x00,0x00,0x00,0x00,0x00,0x00,0x00,0x00,0x00,
    0x00,0x00,0x00,0x00,0x00,0x00,0x00,0x00,0xC3,0x18,0xC3,0x10,0xA3,0x10,0xA3,0x10,
    0xA3,0x10,0xA3,0x10,0xC3,0x10,0xC3,0x10,0xC3,0x10,0xC3,0x10,0xC3,0x10,0xC3,0x10,
    0xA3,0x10,0xA3,0x10,0xA3,0x10,0xA3,0x10,0xA3,0x10,0xA3,0x10,0xA3,0x10,0xA3,0x10,
    0xC3,0x10,0xC3,0x10,0xC3,0x10,0xC3,0x10,0xC3,0x10,0xC3,0x10,0xA3,0x10,0xA3,0x10,
    0xA3,0x10,0xA3,0x10,0xC3,0x10,0xC3,0x18,0x00,0x00,0x00,0x00,0x00,0x00,0x00,0x00,
    0x00,0x00,0x00,0x00,0x00,0x00,0x00,0x00,0x00,0x00,0x00,0x00,0x00,0x00,0x00,0x00,
    0x00,0x00,0x00,0x00,0x00,0x00,0x00,0x00,0x00,0x00,0x00,0x00,0x00,0x00,0x00,0x00,
    0x00,0x00,0x00,0x00,0x00,0x00,0x00,0x00,0x00,0x00,0x00,0x00,0x00,0x00,0x00,0x00,
    0x00,0x00,0x00,0x00,0x00,0x00,0x00,0x00,0x00,0x00,0x00,0x00,0x00,0x00,0x00,0x00,
    0x00,0x00,0x00,0x00,0x00,0x00,0x00,0x00,0x00,0x00,0x00,0x00,0x00,0x00,0x00,0x00,
    0x00,0x00,0x00,0x00,0x00,0x00,0x00,0x00,0x00,0x00,0x00,0x00,0x00,0x00,0x00,0x00,
    0x00,0x00,0x00,0x00,0x00,0x00,0x00,0x00,0x00,0x00,0x00,0x00,0x00,0x00,0x00,0x00,
    0x00,0x00,0x00,0x00,0x00,0x00,0x00,0x00,0x00,0x00,0x00,0x00,0x00,0x00,0x00,0x00,
    0x00,0x00,0x00,0x00,0x00,0x00,0x00,0x00,0x00,0x00,0x00,0x00,0x00,0x00,0x00,0x00,
    0x00,0x00,0x00,0x00,0x00,0x00,0x00,0x00,0x00,0x00,0x00,0x00,0x00,0x00,0x00,0x00,
    0x00,0x00,0xC3,0x10,0xA3,0x10,0xA3,0x10,0xA3,0x10,0xC3,0x10,0xC3,0x10,0xC3,0x10,
    0xC3,0x10,0xA3,0x10,0xA3,0x10,0xA3,0x10,0xA3,0x10,0xA3,0x10,0xA3,0x10,0xA3,0x10,
    0xA3,0x10,0xA3,0x10,0xA3,0x10,0xA3,0x10,0xA3,0x10,0xA3,0x10,0xA3,0x10,0xA3,0x10,
    0xA3,0x10,0xA3,0x10,0xA3,0x10,0xA3,0x10,0xA3,0x10,0xA3,0x10,0xA3,0x10,0xC3,0x10,
    0xC3,0x10,0xC3,0x10,0xC3,0x10,0xA3,0x10,0xA3,0x10,0xA3,0x10,0xC3,0x10,0x00,0x00,
    0x00,0x00,0x00,0x00,0x00,0x00,0x00,0x00,0x00,0x00,0x00,0x00,0x00,0x00,0x00,0x00,
    0x00,0x00,0x00,0x00,0x00,0x00,0x00,0x00,0x00,0x00,0x00,0x00,0x00,0x00,0x00,0x00,
    0x00,0x00,0x00,0x00,0x00,0x00,0x00,0x00,0x00,0x00,0x00,0x00,0x00,0x00,0x00,0x00,
    0x00,0x00,0x00,0x00,0x00,0x00,0x00,0x00,0x00,0x00,0x00,0x00,0x00,0x00,0x00,0x00,
    0x00,0x00,0x00,0x00,0x00,0x00,0x00,0x00,0x00,0x00,0x00,0x00,0x00,0x00,0x00,0x00,
    0x00,0x00,0x00,0x00,0x00,0x00,0x00,0x00,0x00,0x00,0x00,0x00,0x00,0x00,0x00,0x00,
    0x00,0x00,0x00,0x00,0x00,0x00,0x00,0x00,0x00,0x00,0x00,0x00,0x00,0x00,0x00,0x00,
    0x00,0x00,0x00,0x00,0x00,0x00,0x00,0x00,0x00,0x00,0x00,0x00,0x00,0x00,0x00,0x00,
    0x00,0x00,0x00,0x00,0x00,0x00,0x00,0x00,0x00,0x00,0x00,0x00,0x00,0x00,0x00,0x00,
    0x00,0x00,0x00,0x00,0x00,0x00,0x00,0x00,0x00,0x00,0x00,0x00,0xA4,0x10,0xA3,0x10,
    0xA3,0x10,0xA3,0x10,0xC3,0x10,0xC3,0x10,0xC3,0x10,0xA3,0x10,0xA3,0x10,0xA3,0x10,
    0xA3,0x10,0xA3,0x10,0xA3,0x10,0xA3,0x10,0xA3,0x10,0xA3,0x10,0xA3,0x10,0xA3,0x10,
    0xA3,0x10,0xA3,0x10,0xA3,0x10,0xA3,0x10,0xA3,0x10,0xA3,0x10,0xA3,0x10,0xA3,0x10,
    0xA3,0x10,0xA3,0x10,0xA3,0x10,0xA3,0x10,0xA3,0x10,0xA3,0x10,0xA3,0x10,0xA3,0x10,
    0xA3,0x10,0xA3,0x10,0xA3,0x10,0xC3,0x10,0xC3,0x10,0xC3,0x10,0xA3,0x10,0xA3,0x10,
    0xA3,0x10,0xA4,0x10,0x00,0x00,0x00,0x00,0x00,0x00,0x00,0x00,0x00,0x00,0x00,0x00,
    0x00,0x00,0x00,0x00,0x00,0x00,0x00,0x00,0x00,0x00,0x00,0x00,0x00,0x00,0x00,0x00,
    0x00,0x00,0x00,0x00,0x00,0x00,0x00,0x00,0x00,0x00,0x00,0x00,0x00,0x00,0x00,0x00,
    0x00,0x00,0x00,0x00,0x00,0x00,0x00,0x00,0x00,0x00,0x00,0x00,0x00,0x00,0x00,0x00,
    0x00,0x00,0x00,0x00,0x00,0x00,0x00,0x00,0x00,0x00,0x00,0x00,0x00,0x00,0x00,0x00,
    0x00,0x00,0x00,0x00,0x00,0x00,0x00,0x00,0x00,0x00,0x00,0x00,0x00,0x00,0x00,0x00,
    0x00,0x00,0x00,0x00,0x00,0x00,0x00,0x00,0x00,0x00,0x00,0x00,0x00,0x00,0x00,0x00,
    0x00,0x00,0x00,0x00,0x00,0x00,0x00,0x00,0x00,0x00,0x00,0x00,0x00,0x00,0x00,0x00,
    0x00,0x00,0x00,0x00,0x00,0x00,0x00,0x00,0x00,0x00,0x00,0x00,0x00,0x00,0x00,0x00,
    0x00,0x00,0x00,0x00,0x00,0x00,0x00,0x00,0xA3,0x10,0xA3,0x10,0xC3,0x10,0xC3,0x10,
    0xC3,0x10,0xA3,0x10,0xA3,0x10,0xA3,0x10,0xA3,0x10,0xA3,0x10,0xA3,0x10,0xA3,0x10,
    0xA3,0x10,0xA3,0x10,0xA3,0x10,0xA3,0x10,0xA3,0x10,0xA3,0x10,0xA3,0x10,0xA3,0x10,
    0xA3,0x10,0xA3,0x10,0xA3,0x10,0xA3,0x10,0xA3,0x10,0xA3,0x10,0xA3,0x10,0xA3,0x10,
    0xA3,0x10,0xA3,0x10,0xA3,0x10,0xA3,0x10,0xA3,0x10,0xA3,0x10,0xA3,0x10,0xA3,0x10,
    0xA3,0x10,0xA3,0x10,0xA3,0x10,0xA3,0x10,0xA3,0x10,0xA3,0x10,0xA3,0x10,0xC3,0x10,
    0xC3,0x10,0xC3,0x10,0xA3,0x10,0xA3,0x10,0x00,0x00,0x00,0x00,0x00,0x00,0x00,0x00,
    0x00,0x00,0x00,0x00,0x00,0x00,0x00,0x00,0x00,0x00,0x00,0x00,0x00,0x00,0x00,0x00,
    0x00,0x00,0x00,0x00,0x00,0x00,0x00,0x00,0x00,0x00,0x00,0x00,0x00,0x00,0x00,0x00,
    0x00,0x00,0x00,0x00,0x00,0x00,0x00,0x00,0x00,0x00,0x00,0x00,0x00,0x00,0x00,0x00,
    0x00,0x00,0x00,0x00,0x00,0x00,0x00,0x00,0x00,0x00,0x00,0x00,0x00,0x00,0x00,0x00,
    0x00,0x00,0x00,0x00,0x00,0x00,0x00,0x00,0x00,0x00,0x00,0x00,0x00,0x00,0x00,0x00,
    0x00,0x00,0x00,0x00,0x00,0x00,0x00,0x00,0x00,0x00,0x00,0x00,0x00,0x00,0x00,0x00,
    0x00,0x00,0x00,0x00,0x00,0x00,0x00,0x00,0x00,0x00,0x00,0x00,0x00,0x00,0x00,0x00,
    0x00,0x00,0x00,0x00,0x00,0x00,0x00,0x00,0x00,0x00,0x00,0x00,0x00,0x00,0x00,0x00,
    0x00,0x00,0x00,0x00,0xA3,0x10,0xA3,0x10,0xC3,0x10,0xC3,0x10,0xA3,0x10,0xA3,0x10,
    0xA3,0x10,0xA3,0x10,0xA3,0x10,0xA3,0x10,0xA3,0x10,0xA3,0x10,0xA3,0x10,0xA3,0x10,
    0xA3,0x10,0xA3,0x10,0xA3,0x10,0xA3,0x10,0xA3,0x10,0xA3,0x10,0xA3,0x10,0xA3,0x10,
    0xA3,0x10,0xA3,0x10,0xA3,0x10,0xA3,0x10,0xA3,0x10,0xA3,0x10,0xA3,0x10,0xA3,0x10,
    0xA3,0x10,0xA3,0x10,0xA3,0x10,0xA3,0x10,0xA3,0x10,0xA3,0x10,0xA3,0x10,0xA3,0x10,
    0xA3,0x10,0xA3,0x10,0xA3,0x10,0xA3,0x10,0xA3,0x10,0xA3,0x10,0xA3,0x10,0xA3,0x10,
    0xA3,0x10,0xA3,0x10,0xC3,0x10,0xC3,0x10,0xA3,0x10,0xA3,0x10,0x00,0x00,0x00,0x00,
    0x00,0x00,0x00,0x00,0x00,0x00,0x00,0x00,0x00,0x00,0x00,0x00,0x00,0x00,0x00,0x00,
    0x00,0x00,0x00,0x00,0x00,0x00,0x00,0x00,0x00,0x00,0x00,0x00,0x00,0x00,0x00,0x00,
    0x00,0x00,0x00,0x00,0x00,0x00,0x00,0x00,0x00,0x00,0x00,0x00,0x00,0x00,0x00,0x00,
    0x00,0x00,0x00,0x00,0x00,0x00,0x00,0x00,0x00,0x00,0x00,0x00,0x00,0x00,0x00,0x00,
    0x00,0x00,0x00,0x00,0x00,0x00,0x00,0x00,0x00,0x00,0x00,0x00,0x00,0x00,0x00,0x00,
    0x00,0x00,0x00,0x00,0x00,0x00,0x00,0x00,0x00,0x00,0x00,0x00,0x00,0x00,0x00,0x00,
    0x00,0x00,0x00,0x00,0x00,0x00,0x00,0x00,0x00,0x00,0x00,0x00,0x00,0x00,0x00,0x00,
    0x00,0x00,0x00,0x00,0x00,0x00,0x00,0x00,0x00,0x00,0x00,0x00,0x00,0x00,0x00,0x00,
    0xA3,0x10,0xC3,0x10,0xC3,0x10,0xC3,0x10,0xA3,0x10,0xA3,0x10,0xA3,0x10,0xA3,0x10,
    0xA3,0x10,0xA3,0x10,0xA3,0x10,0xA3,0x10,0xA3,0x10,0xA3,0x10,0xA3,0x10,0xA3,0x10,
    0xA3,0x10,0xA3,0x10,0xA3,0x10,0xA3,0x10,0xA3,0x10,0xA3,0x10,0xA3,0x10,0xA3,0x10,
    0xA3,0x10,0xA3,0x10,0xA3,0x10,0xA3,0x10,0xA3,0x10,0xA3,0x10,0xA3,0x10,0xA3,0x10,
    0xA3,0x10,0xA3,0x10,0xA3,0x10,0xA3,0x10,0xA3,0x10,0xA3,0x10,0xA3,0x10,0xA3,0x10,
    0xA3,0x10,0xA3,0x10,0xA3,0x10,0xA3,0x10,0xA3,0x10,0xA3,0x10,0xA3,0x10,0xA3,0x10,
    0xA3,0x10,0xA3,0x10,0xA3,0x10,0xA3,0x10,0xC3,0x10,0xC3,0x10,0xC3,0x10,0xA3,0x10,
    0x00,0x00,0x00,0x00,0x00,0x00,0x00,0x00,0x00,0x00,0x00,0x00,0x00,0x00,0x00,0x00,
    0x00,0x00,0x00,0x00,0x00,0x00,0x00,0x00,0x00,0x00,0x00,0x00,0x00,0x00,0x00,0x00,
    0x00,0x00,0x00,0x00,0x00,0x00,0x00,0x00,0x00,0x00,0x00,0x00,0x00,0x00,0x00,0x00,
    0x00,0x00,0x00,0x00,0x00,0x00,0x00,0x00,0x00,0x00,0x00,0x00,0x00,0x00,0x00,0x00,
    0x00,0x00,0x00,0x00,0x00,0x00,0x00,0x00,0x00,0x00,0x00,0x00,0x00,0x00,0x00,0x00,
    0x00,0x00,0x00,0x00,0x00,0x00,0x00,0x00,0x00,0x00,0x00,0x00,0x00,0x00,0x00,0x00,
    0x00,0x00,0x00,0x00,0x00,0x00,0x00,0x00,0x00,0x00,0x00,0x00,0x00,0x00,0x00,0x00,
    0x00,0x00,0x00,0x00,0x00,0x00,0x00,0x00,0x00,0x00,0x00,0x00,0xA3,0x10,0xA3,0x10,
    0xC3,0x10,0xC3,0x10,0xA3,0x10,0xA3,0x10,0xA3,0x10,0xA3,0x10,0xA3,0x10,0xA3,0x10,
    0xA3,0x10,0xA3,0x10,0xA3,0x10,0xA3,0x10,0xA3,0x10,0xA3,0x10,0xA3,0x10,0xA3,0x10,
    0xA3,0x10,0xA3,0x10,0xA3,0x10,0xA3,0x10,0xA3,0x10,0xA3,0x10,0xA3,0x10,0xA3,0x10,
    0xA3,0x10,0xA3,0x10,0xA3,0x10,0xA3,0x10,0xA3,0x10,0xA3,0x10,0xA3,0x10,0xA3,0x10,
    0xA3,0x10,0xA3,0x10,0xA3,0x10,0xA3,0x10,0xA3,0x10,0xA3,0x10,0xA3,0x10,0xA3,0x10,
    0xA3,0x10,0xA3,0x10,0xA3,0x10,0xA3,0x10,0xA3,0x10,0xA3,0x10,0xA3,0x10,0xA3,0x10,
    0xA3,0x10,0xA3,0x10,0xA3,0x10,0xA3,0x10,0xA3,0x10,0xA3,0x10,0xC3,0x10,0xC3,0x10,
    0xA3,0x10,0xA3,0x10,0x00,0x00,0x00,0x00,0x00,0x00,0x00,0x00,0x00,0x00,0x00,0x00,
    0x00,0x00,0x00,0x00,0x00,0x00,0x00,0x00,0x00,0x00,0x00,0x00,0x00,0x00,0x00,0x00,
    0x00,0x00,0x00,0x00,0x00,0x00,0x00,0x00,0x00,0x00,0x00,0x00,0x00,0x00,0x00,0x00,
    0x00,0x00,0x00,0x00,0x00,0x00,0x00,0x00,0x00,0x00,0x00,0x00,0x00,0x00,0x00,0x00,
    0x00,0x00,0x00,0x00,0x00,0x00,0x00,0x00,0x00,0x00,0x00,0x00,0x00,0x00,0x00,0x00,
    0x00,0x00,0x00,0x00,0x00,0x00,0x00,0x00,0x00,0x00,0x00,0x00,0x00,0x00,0x00,0x00,
    0x00,0x00,0x00,0x00,0x00,0x00,0x00,0x00,0x00,0x00,0x00,0x00,0x00,0x00,0x00,0x00,
    0x00,0x00,0x00,0x00,0x00,0x00,0x00,0x00,0x83,0x10,0xC3,0x10,0xC3,0x10,0xC3,0x10,
    0xA3,0x10,0xA3,0x10,0xA3,0x10,0xA3,0x10,0xA3,0x10,0xA3,0x10,0xA3,0x10,0xA3,0x10,
    0xA3,0x10,0xA3,0x10,0xA3,0x10,0xA3,0x10,0xA3,0x10,0xA3,0x10,0xA3,0x10,0xA3,0x10,
    0xA3,0x10,0xA3,0x10,0xA3,0x10,0xA3,0x10,0xA3,0x10,0xA3,0x10,0xA3,0x10,0xA3,0x10,
    0xA3,0x10,0xA3,0x10,0xA3,0x10,0xA3,0x10,0xA3,0x10,0xA3,0x10,0xA3,0x10,0xA3,0x10,
    0xA3,0x10,0xA3,0x10,0xA3,0x10,0xA3,0x10,0xA3,0x10,0xA3,0x10,0xA3,0x10,0xA3,0x10,
    0xA3,0x10,0xA3,0x10,0xA3,0x10,0xA3,0x10,0xA3,0x10,0xA3,0x10,0xA3,0x10,0xA3,0x10,
    0xA3,0x10,0xA3,0x10,0xA3,0x10,0xA3,0x10,0xA3,0x10,0xA3,0x10,0xA3,0x10,0xA3,0x10,
    0xC3,0x10,0xC3,0x10,0xC3,0x10,0x83,0x10,0x00,0x00,0x00,0x00,0x00,0x00,0x00,0x00,
    0x00,0x00,0x00,0x00,0x00,0x00,0x00,0x00,0x00,0x00,0x00,0x00,0x00,0x00,0x00,0x00,
    0x00,0x00,0x00,0x00,0x00,0x00,0x00,0x00,0x00,0x00,0x00,0x00,0x00,0x00,0x00,0x00,
    0x00,0x00,0x00,0x00,0x00,0x00,0x00,0x00,0x00,0x00,0x00,0x00,0x00,0x00,0x00,0x00,
    0x00,0x00,0x00,0x00,0x00,0x00,0x00,0x00,0x00,0x00,0x00,0x00,0x00,0x00,0x00,0x00,
    0x00,0x00,0x00,0x00,0x00,0x00,0x00,0x00,0x00,0x00,0x00,0x00,0x00,0x00,0x00,0x00,
    0x00,0x00,0x00,0x00,0x00,0x00,0x00,0x00,0x00,0x00,0x00,0x00,0x00,0x00,0x00,0x00,
    0x00,0x00,0x00,0x00,0x00,0x00,0xA3,0x10,0xC3,0x10,0xC3,0x10,0xA3,0x10,0xA3,0x10,
    0xA3,0x10,0xA3,0x10,0xA3,0x10,0xA3,0x10,0xA3,0x10,0xA3,0x10,0xA3,0x10,0xA3,0x10,
    0xA3,0x10,0xA3,0x10,0xA3,0x10,0xA3,0x10,0xA3,0x10,0xA3,0x10,0xA3,0x10,0xA3,0x10,
    0xA3,0x10,0xA3,0x10,0xA3,0x10,0xA3,0x10,0xA3,0x10,0xA3,0x10,0xA3,0x10,0xA3,0x10,
    0xA3,0x10,0xA3,0x10,0xA3,0x10,0xA3,0x10,0xA3,0x10,0xA3,0x10,0xA3,0x10,0xA3,0x10,
    0xA3,0x10,0xA3,0x10,0xA3,0x10,0xA3,0x10,0xA3,0x10,0xA3,0x10,0xA3,0x10,0xA3,0x10,
    0xA3,0x10,0xA3,0x10,0xA3,0x10,0xA3,0x10,0xA3,0x10,0xA3,0x10,0xA3,0x10,0xA3,0x10,
    0xA3,0x10,0xA3,0x10,0xA3,0x10,0xA3,0x10,0xA3,0x10,0xA3,0x10,0xA3,0x10,0xA3,0x10,
    0xA3,0x10,0xA3,0x10,0xC3,0x10,0xC3,0x10,0xA3,0x10,0x00,0x00,0x00,0x00,0x00,0x00,
    0x00,0x00,0x00,0x00,0x00,0x00,0x00,0x00,0x00,0x00,0x00,0x00,0x00,0x00,0x00,0x00,
    0x00,0x00,0x00,0x00,0x00,0x00,0x00,0x00,0x00,0x00,0x00,0x00,0x00,0x00,0x00,0x00,
    0x00,0x00,0x00,0x00,0x00,0x00,0x00,0x00,0x00,0x00,0x00,0x00,0x00,0x00,0x00,0x00,
    0x00,0x00,0x00,0x00,0x00,0x00,0x00,0x00,0x00,0x00,0x00,0x00,0x00,0x00,0x00,0x00,
    0x00,0x00,0x00,0x00,0x00,0x00,0x00,0x00,0x00,0x00,0x00,0x00,0x00,0x00,0x00,0x00,
    0x00,0x00,0x00,0x00,0x00,0x00,0x00,0x00,0x00,0x00,0x00,0x00,0x00,0x00,0x00,0x00,
    0x00,0x00,0xA3,0x10,0xA3,0x10,0xC3,0x10,0xA3,0x10,0xA3,0x10,0xA3,0x10,0xA3,0x10,
    0xA3,0x10,0xA3,0x10,0xA3,0x10,0xA3,0x10,0xA3,0x10,0xA3,0x10,0xA3,0x10,0xA3,0x10,
    0xA3,0x10,0xA3,0x10,0xA3,0x10,0xA3,0x10,0xA3,0x10,0xA3,0x10,0xA3,0x10,0xA3,0x10,
    0xA3,0x10,0xA3,0x10,0xA3,0x10,0xA3,0x10,0xA3,0x10,0xA3,0x10,0xA3,0x10,0xA3,0x10,
    0xA3,0x10,0xA3,0x10,0xA3,0x10,0xA3,0x10,0xA3,0x10,0xA3,0x10,0xA3,0x10,0xA3,0x10,
    0xA3,0x10,0xA3,0x10,0xA3,0x10,0xA3,0x10,0xA3,0x10,0xA3,0x10,0xA3,0x10,0xA3,0x10,
    0xA3,0x10,0xA3,0x10,0xA3,0x10,0xA3,0x10,0xA3,0x10,0xA3,0x10,0xA3,0x10,0xA3,0x10,
    0xA3,0x10,0xA3,0x10,0xA3,0x10,0xA3,0x10,0xA3,0x10,0xA3,0x10,0xA3,0x10,0xA3,0x10,
    0xA3,0x10,0xA3,0x10,0xA3,0x10,0xA3,0x10,0xC3,0x10,0xA3,0x10,0xA3,0x10,0x00,0x00,
    0x00,0x00,0x00,0x00,0x00,0x00,0x00,0x00,0x00,0x00,0x00,0x00,0x00,0x00,0x00,0x00,
    0x00,0x00,0x00,0x00,0x00,0x00,0x00,0x00,0x00,0x00,0x00,0x00,0x00,0x00,0x00,0x00,
    0x00,0x00,0x00,0x00,0x00,0x00,0x00,0x00,0x00,0x00,0x00,0x00,0x00,0x00,0x00,0x00,
    0x00,0x00,0x00,0x00,0x00,0x00,0x00,0x00,0x00,0x00,0x00,0x00,0x00,0x00,0x00,0x00,
    0x00,0x00,0x00,0x00,0x00,0x00,0x00,0x00,0x00,0x00,0x00,0x00,0x00,0x00,0x00,0x00,
    0x00,0x00,0x00,0x00,0x00,0x00,0x00,0x00,0x00,0x00,0x00,0x00,0x00,0x00,0x00,0x00,
    0xA3,0x10,0xA3,0x10,0xC3,0x10,0xA3,0x10,0xA3,0x10,0xA3,0x10,0xA3,0x10,0xA3,0x10,
    0xA3,0x10,0xA3,0x10,0xA3,0x10,0xA3,0x10,0xA3,0x10,0xA3,0x10,0xA3,0x10,0xA3,0x10,
    0xA3,0x10,0xA3,0x10,0xA3,0x10,0xA3,0x10,0xA3,0x10,0xA3,0x10,0xA3,0x10,0xA3,0x10,
    0xA3,0x10,0xA3,0x10,0xA3,0x10,0xA3,0x10,0xA3,0x10,0xA3,0x10,0xA3,0x10,0xA3,0x10,
    0xA3,0x10,0xA3,0x10,0xA3,0x10,0xA3,0x10,0xA3,0x10,0xA3,0x10,0xA3,0x10,0xA3,0x10,
    0xA3,0x10,0xA3,0x10,0xA3,0x10,0xA3,0x10,0xA3,0x10,0xA3,0x10,0xA3,0x10,0xA3,0x10,
    0xA3,0x10,0xA3,0x10,0xA3,0x10,0xA3,0x10,0xA3,0x10,0xA3,0x10,0xA3,0x10,0xA3,0x10,
    0xA3,0x10,0xA3,0x10,0xA3,0x10,0xA3,0x10,0xA3,0x10,0xA3,0x10,0xA3,0x10,0xA3,0x10,
    0xA3,0x10,0xA3,0x10,0xA3,0x10,0xA3,0x10,0xA3,0x10,0xC3,0x10,0xA3,0x10,0xA3,0x10,
    0x00,0x00,0x00,0x00,0x00,0x00,0x00,0x00,0x00,0x00,0x00,0x00,0x00,0x00,0x00,0x00,
    0x00,0x00,0x00,0x00,0x00,0x00,0x00,0x00,0x00,0x00,0x00,0x00,0x00,0x00,0x00,0x00,
    0x00,0x00,0x00,0x00,0x00,0x00,0x00,0x00,0x00,0x00,0x00,0x00,0x00,0x00,0x00,0x00,
    0x00,0x00,0x00,0x00,0x00,0x00,0x00,0x00,0x00,0x00,0x00,0x00,0x00,0x00,0x00,0x00,
    0x00,0x00,0x00,0x00,0x00,0x00,0x00,0x00,0x00,0x00,0x00,0x00,0x00,0x00,0x00,0x00,
    0x00,0x00,0x00,0x00,0x00,0x00,0x00,0x00,0x00,0x00,0x00,0x00,0x00,0x00,0xA3,0x10,
    0xC3,0x10,0xA3,0x10,0xA3,0x10,0xA3,0x10,0xA3,0x10,0xA3,0x10,0xA3,0x10,0xA3,0x10,
    0xA3,0x10,0xA3,0x10,0xA3,0x10,0xA3,0x10,0xA3,0x10,0xA3,0x10,0xA3,0x10,0xA3,0x10,
    0xA3,0x10,0xA3,0x10,0xA3,0x10,0xA3,0x10,0xA3,0x10,0xA3,0x10,0xA3,0x10,0xA3,0x10,
    0xA3,0x10,0xA3,0x10,0xA3,0x10,0xA3,0x10,0xA3,0x10,0xA3,0x10,0xA3,0x10,0xA3,0x10,
    0xA3,0x10,0xA3,0x10,0xA3,0x10,0xA3,0x10,0xA3,0x10,0xA3,0x10,0xA3,0x10,0xA3,0x10,
    0xA3,0x10,0xA3,0x10,0xA3,0x10,0xA3,0x10,0xA3,0x10,0xA3,0x10,0xA3,0x10,0xA3,0x10,
    0xA3,0x10,0xA3,0x10,0xA3,0x10,0xA3,0x10,0xA3,0x10,0xA3,0x10,0xA3,0x10,0xA3,0x10,
    0xA3,0x10,0xA3,0x10,0xA3,0x10,0xA3,0x10,0xA3,0x10,0xA3,0x10,0xA3,0x10,0xA3,0x10,
    0xA3,0x10,0xA3,0x10,0xA3,0x10,0xA3,0x10,0xA3,0x10,0xA3,0x10,0xA3,0x10,0xC3,0x10,
    0xA3,0x10,0x00,0x00,0x00,0x00,0x00,0x00,0x00,0x00,0x00,0x00,0x00,0x00,0x00,0x00,
    0x00,0x00,0x00,0x00,0x00,0x00,0x00,0x00,0x00,0x00,0x00,0x00,0x00,0x00,0x00,0x00,
    0x00,0x00,0x00,0x00,0x00,0x00,0x00,0x00,0x00,0x00,0x00,0x00,0x00,0x00,0x00,0x00,
    0x00,0x00,0x00,0x00,0x00,0x00,0x00,0x00,0x00,0x00,0x00,0x00,0x00,0x00,0x00,0x00,
    0x00,0x00,0x00,0x00,0x00,0x00,0x00,0x00,0x00,0x00,0x00,0x00,0x00,0x00,0x00,0x00,
    0x00,0x00,0x00,0x00,0x00,0x00,0x00,0x00,0x00,0x00,0xA3,0x10,0xA3,0x10,0xC3,0x10,
    0xA3,0x10,0xA3,0x10,0xA3,0x10,0xA3,0x10,0xA3,0x10,0xA3,0x10,0xA3,0x10,0xA3,0x10,
    0xA3,0x10,0xA3,0x10,0xA3,0x10,0xA3,0x10,0xA3,0x10,0xA3,0x10,0xA3,0x10,0xA3,0x10,
    0xA3,0x10,0xA3,0x10,0xA3,0x10,0xA3,0x10,0xA3,0x10,0xA3,0x10,0xA3,0x10,0xA3,0x10,
    0xA3,0x10,0xA3,0x10,0xA3,0x10,0xA3,0x10,0xA3,0x10,0xA3,0x10,0xA3,0x10,0xA3,0x10,
    0xA3,0x10,0xA3,0x10,0xA3,0x10,0xA3,0x10,0xA3,0x10,0xA3,0x10,0xA3,0x10,0xA3,0x10,
    0xA3,0x10,0xA3,0x10,0xA3,0x10,0xA3,0x10,0xA3,0x10,0xA3,0x10,0xA3,0x10,0xA3,0x10,
    0xA3,0x10,0xA3,0x10,0xA3,0x10,0xA3,0x10,0xA3,0x10,0xA3,0x10,0xA3,0x10,0xA3,0x10,
    0xA3,0x10,0xA3,0x10,0xA3,0x10,0xA3,0x10,0xA3,0x10,0xA3,0x10,0xA3,0x10,0xA3,0x10,
    0xA3,0x10,0xA3,0x10,0xA3,0x10,0xA3,0x10,0xA3,0x10,0xA3,0x10,0xA3,0x10,0xA3,0x10,
    0xC3,0x10,0xA3,0x10,0xA3,0x10,0x00,0x00,0x00,0x00,0x00,0x00,0x00,0x00,0x00,0x00,
    0x00,0x00,0x00,0x00,0x00,0x00,0x00,0x00,0x00,0x00,0x00,0x00,0x00,0x00,0x00,0x00,
    0x00,0x00,0x00,0x00,0x00,0x00,0x00,0x00,0x00,0x00,0x00,0x00,0x00,0x00,0x00,0x00,
    0x00,0x00,0x00,0x00,0x00,0x00,0x00,0x00,0x00,0x00,0x00,0x00,0x00,0x00,0x00,0x00,
    0x00,0x00,0x00,0x00,0x00,0x00,0x00,0x00,0x00,0x00,0x00,0x00,0x00,0x00,0x00,0x00,
    0x00,0x00,0x00,0x00,0x00,0x00,0x00,0x00,0xC3,0x10,0xC3,0x10,0xC3,0x10,0xA3,0x10,
    0xA3,0x10,0xA3,0x10,0xA3,0x10,0xA3,0x10,0xA3,0x10,0xA3,0x10,0xA3,0x10,0xA3,0x10,
    0xA3,0x10,0xA3,0x10,0xA3,0x10,0xA3,0x10,0xA3,0x10,0xA3,0x10,0xA3,0x10,0xA3,0x10,
    0xA3,0x10,0xA3,0x10,0xA3,0x10,0xA3,0x10,0xA3,0x10,0xA3,0x10,0xA3,0x10,0xA3,0x10,
    0xA3,0x10,0xA3,0x10,0xA3,0x10,0xA3,0x10,0xA3,0x10,0xA3,0x10,0xA3,0x10,0xA3,0x10,
    0xA3,0x10,0xA3,0x10,0xA3,0x10,0xA3,0x10,0xA3,0x10,0xA3,0x10,0xA3,0x10,0xA3,0x10,
    0xA3,0x10,0xA3,0x10,0xA3,0x10,0xA3,0x10,0xA3,0x10,0xA3,0x10,0xA3,0x10,0xA3,0x10,
    0xA3,0x10,0xA3,0x10,0xA3,0x10,0xA3,0x10,0xA3,0x10,0xA3,0x10,0xA3,0x10,0xA3,0x10,
    0xA3,0x10,0xA3,0x10,0xA3,0x10,0xA3,0x10,0xA3,0x10,0xA3,0x10,0xA3,0x10,0xA3,0x10,
    0xA3,0x10,0xA3,0x10,0xA3,0x10,0xA3,0x10,0xA3,0x10,0xA3,0x10,0xA3,0x10,0xA3,0x10,
    0xA3,0x10,0xC3,0x10,0xC3,0x10,0xC3,0x10,0x00,0x00,0x00,0x00,0x00,0x00,0x00,0x00,
    0x00,0x00,0x00,0x00,0x00,0x00,0x00,0x00,0x00,0x00,0x00,0x00,0x00,0x00,0x00,0x00,
    0x00,0x00,0x00,0x00,0x00,0x00,0x00,0x00,0x00,0x00,0x00,0x00,0x00,0x00,0x00,0x00,
    0x00,0x00,0x00,0x00,0x00,0x00,0x00,0x00,0x00,0x00,0x00,0x00,0x00,0x00,0x00,0x00,
    0x00,0x00,0x00,0x00,0x00,0x00,0x00,0x00,0x00,0x00,0x00,0x00,0x00,0x00,0x00,0x00,
    0x00,0x00,0x00,0x00,0x00,0x00,0xA3,0x10,0xA3,0x10,0xC3,0x10,0xA3,0x10,0xA3,0x10,
    0xA3,0x10,0xA3,0x10,0xA3,0x10,0xA3,0x10,0xA3,0x10,0xA3,0x10,0xA3,0x10,0xA3,0x10,
    0xA3,0x10,0xA3,0x10,0xA3,0x10,0xA3,0x10,0xA3,0x10,0xA3,0x10,0xA3,0x10,0xA3,0x10,
    0xA3,0x10,0xA3,0x10,0xA3,0x10,0xA3,0x10,0xA3,0x10,0xA3,0x10,0xA3,0x10,0xA3,0x10,
    0xA3,0x10,0xA3,0x10,0xA3,0x10,0xA3,0x10,0xA3,0x10,0xA3,0x10,0xA3,0x10,0xA3,0x10,
    0xA3,0x10,0xA3,0x10,0xA3,0x10,0xA3,0x10,0xA3,0x10,0xA3,0x10,0xA3,0x10,0xA3,0x10,
    0xA3,0x10,0xA3,0x10,0xA3,0x10,0xA3,0x10,0xA3,0x10,0xA3,0x10,0xA3,0x10,0xA3,0x10,
    0xA3,0x10,0xA3,0x10,0xA3,0x10,0xA3,0x10,0xA3,0x10,0xA3,0x10,0xA3,0x10,0xA3,0x10,
    0xA3,0x10,0xA3,0x10,0xA3,0x10,0xA3,0x10,0xA3,0x10,0xA3,0x10,0xA3,0x10,0xA3,0x10,
    0xA3,0x10,0xA3,0x10,0xA3,0x10,0xA3,0x10,0xA3,0x10,0xA3,0x10,0xA3,0x10,0xA3,0x10,
    0xA3,0x10,0xA3,0x10,0xC3,0x10,0xA3,0x10,0xA3,0x10,0x00,0x00,0x00,0x00,0x00,0x00,
    0x00,0x00,0x00,0x00,0x00,0x00,0x00,0x00,0x00,0x00,0x00,0x00,0x00,0x00,0x00,0x00,
    0x00,0x00,0x00,0x00,0x00,0x00,0x00,0x00,0x00,0x00,0x00,0x00,0x00,0x00,0x00,0x00,
    0x00,0x00,0x00,0x00,0x00,0x00,0x00,0x00,0x00,0x00,0x00,0x00,0x00,0x00,0x00,0x00,
    0x00,0x00,0x00,0x00,0x00,0x00,0x00,0x00,0x00,0x00,0x00,0x00,0x00,0x00,0x00,0x00,
    0x00,0x00,0x00,0x00,0xA3,0x10,0xC3,0x10,0xC3,0x10,0xA3,0x10,0xA3,0x10,0xA3,0x10,
    0xA3,0x10,0xA3,0x10,0xA3,0x10,0xA3,0x10,0xA3,0x10,0xA3,0x10,0xA3,0x10,0xA3,0x10,
    0xA3,0x10,0xA3,0x10,0xA3,0x10,0xA3,0x10,0xA3,0x10,0xA3,0x10,0xA3,0x10,0xA3,0x10,
    0xA3,0x10,0xA3,0x10,0xA3,0x10,0xA3,0x10,0xA3,0x10,0xA3,0x10,0xA3,0x10,0xA3,0x10,
    0xA3,0x10,0xA3,0x10,0xA3,0x10,0xA3,0x10,0xA3,0x10,0xA3,0x10,0xA3,0x10,0xA3,0x10,
    0xA3,0x10,0xA3,0x10,0xA3,0x10,0xA3,0x10,0xA3,0x10,0xA3,0x10,0xA3,0x10,0xA3,0x10,
    0xA3,0x10,0xA3,0x10,0xA3,0x10,0xA3,0x10,0xA3,0x10,0xA3,0x10,0xA3,0x10,0xA3,0x10,
    0xA3,0x10,0xA3,0x10,0xA3,0x10,0xA3,0x10,0xA3,0x10,0xA3,0x10,0xA3,0x10,0xA3,0x10,
    0xA3,0x10,0xA3,0x10,0xA3,0x10,0xA3,0x10,0xA3,0x10,0xA3,0x10,0xA3,0x10,0xA3,0x10,
    0xA3,0x10,0xA3,0x10,0xA3,0x10,0xA3,0x10,0xA3,0x10,0xA3,0x10,0xA3,0x10,0xA3,0x10,
    0xA3,0x10,0xA3,0x10,0xA3,0x10,0xC3,0x10,0xC3,0x10,0xA3,0x10,0x00,0x00,0x00,0x00,
    0x00,0x00,0x00,0x00,0x00,0x00,0x00,0x00,0x00,0x00,0x00,0x00,0x00,0x00,0x00,0x00,
    0x00,0x00,0x00,0x00,0x00,0x00,0x00,0x00,0x00,0x00,0x00,0x00,0x00,0x00,0x00,0x00,
    0x00,0x00,0x00,0x00,0x00,0x00,0x00,0x00,0x00,0x00,0x00,0x00,0x00,0x00,0x00,0x00,
    0x00,0x00,0x00,0x00,0x00,0x00,0x00,0x00,0x00,0x00,0x00,0x00,0x00,0x00,0x00,0x00,
    0x00,0x00,0xA3,0x10,0xC3,0x10,0xA3,0x10,0xA3,0x10,0xA3,0x10,0xA3,0x10,0xA3,0x10,
    0xA3,0x10,0xA3,0x10,0xA3,0x10,0xA3,0x10,0xA3,0x10,0xA3,0x10,0xA3,0x10,0xA3,0x10,
    0xA3,0x10,0xA3,0x10,0xA3,0x10,0xA3,0x10,0xA3,0x10,0xA3,0x10,0xA3,0x10,0xA3,0x10,
    0xA3,0x10,0xA3,0x10,0xA3,0x10,0xA3,0x10,0xA3,0x10,0xA3,0x10,0xA3,0x10,0xA3,0x10,
    0xA3,0x10,0xA3,0x10,0xA3,0x10,0xA3,0x10,0xA3,0x10,0xA3,0x10,0xA3,0x10,0xA3,0x10,
    0xA3,0x10,0xA3,0x10,0xA3,0x10,0xA3,0x10,0xA3,0x10,0xA3,0x10,0xA3,0x10,0xA3,0x10,
    0xA3,0x10,0xA3,0x10,0xA3,0x10,0xA3,0x10,0xA3,0x10,0xA3,0x10,0xA3,0x10,0xA3,0x10,
    0xA3,0x10,0xA3,0x10,0xA3,0x10,0xA3,0x10,0xA3,0x10,0xA3,0x10,0xA3,0x10,0xA3,0x10,
    0xA3,0x10,0xA3,0x10,0xA3,0x10,0xA3,0x10,0xA3,0x10,0xA3,0x10,0xA3,0x10,0xA3,0x10,
    0xA3,0x10,0xA3,0x10,0xA3,0x10,0xA3,0x10,0xA3,0x10,0xA3,0x10,0xA3,0x10,0xA3,0x10,
    0xA3,0x10,0xA3,0x10,0xA3,0x10,0xA3,0x10,0xA3,0x10,0xC3,0x10,0xA3,0x10,0x00,0x00,
    0x00,0x00,0x00,0x00,0x00,0x00,0x00,0x00,0x00,0x00,0x00,0x00,0x00,0x00,0x00,0x00,
    0x00,0x00,0x00,0x00,0x00,0x00,0x00,0x00,0x00,0x00,0x00,0x00,0x00,0x00,0x00,0x00,
    0x00,0x00,0x00,0x00,0x00,0x00,0x00,0x00,0x00,0x00,0x00,0x00,0x00,0x00,0x00,0x00,
    0x00,0x00,0x00,0x00,0x00,0x00,0x00,0x00,0x00,0x00,0x00,0x00,0x00,0x00,0x00,0x00,
    0xA3,0x10,0xC3,0x10,0xA3,0x10,0xA3,0x10,0xA3,0x10,0xA3,0x10,0xA3,0x10,0xA3,0x10,
    0xA3,0x10,0xA3,0x10,0xA3,0x10,0xA3,0x10,0xA3,0x10,0xA3,0x10,0xA3,0x10,0xA3,0x10,
    0xA3,0x10,0xA3,0x10,0xA3,0x10,0xA3,0x10,0xA3,0x10,0xA3,0x10,0xA3,0x10,0xA3,0x10,
    0xA3,0x10,0xA3,0x10,0xA3,0x10,0xA3,0x10,0xA3,0x10,0xA3,0x10,0xA3,0x10,0xA3,0x10,
    0xA3,0x10,0xA3,0x10,0xA3,0x10,0xA3,0x10,0xA3,0x10,0xA3,0x10,0xA3,0x10,0xA3,0x10,
    0xA3,0x10,0xA3,0x10,0xA3,0x10,0xA3,0x10,0xC3,0x10,0xC3,0x10,0xC3,0x10,0xC4,0x10,
    0xC4,0x10,0xC4,0x10,0xC3,0x10,0xC3,0x10,0xA3,0x10,0xA3,0x10,0xA3,0x10,0xA3,0x10,
    0xA3,0x10,0xA3,0x10,0xA3,0x10,0xA3,0x10,0xA3,0x10,0xA3,0x10,0xA3,0x10,0xA3,0x10,
    0xA3,0x10,0xA3,0x10,0xA3,0x10,0xA3,0x10,0xA3,0x10,0xA3,0x10,0xA3,0x10,0xA3,0x10,
    0xA3,0x10,0xA3,0x10,0xA3,0x10,0xA3,0x10,0xA3,0x10,0xA3,0x10,0xA3,0x10,0xA3,0x10,
    0xA3,0x10,0xA3,0x10,0xA3,0x10,0xA3,0x10,0xA3,0x10,0xA3,0x10,0xC3,0x10,0xA3,0x10,
    0x00,0x00,0x00,0x00,0x00,0x00,0x00,0x00,0x00,0x00,0x00,0x00,0x00,0x00,0x00,0x00,
    0x00,0x00,0x00,0x00,0x00,0x00,0x00,0x00,0x00,0x00,0x00,0x00,0x00,0x00,0x00,0x00,
    0x00,0x00,0x00,0x00,0x00,0x00,0x00,0x00,0x00,0x00,0x00,0x00,0x00,0x00,0x00,0x00,
    0x00,0x00,0x00,0x00,0x00,0x00,0x00,0x00,0x00,0x00,0x00,0x00,0x00,0x00,0xA3,0x10,
    0xC3,0x10,0xA3,0x10,0xA3,0x10,0xA3,0x10,0xA3,0x10,0xA3,0x10,0xA3,0x10,0xA3,0x10,
    0xA3,0x10,0xA3,0x10,0xA3,0x10,0xA3,0x10,0xA3,0x10,0xA3,0x10,0xA3,0x10,0xA3,0x10,
    0xA3,0x10,0xA3,0x10,0xA3,0x10,0xA3,0x10,0xA3,0x10,0xA3,0x10,0xA3,0x10,0xA3,0x10,
    0xA3,0x10,0xA3,0x10,0xA3,0x10,0xA3,0x10,0xA3,0x10,0xA3,0x10,0xA3,0x10,0xA3,0x10,
    0xA3,0x10,0xA3,0x10,0xA3,0x10,0xA3,0x10,0xA3,0x10,0xA3,0x10,0xA3,0x10,0xA3,0x10,
    0xA3,0x10,0xA3,0x10,0xA3,0x10,0xA3,0x10,0x82,0x08,0x82,0x08,0x82,0x08,0x61,0x08,
    0x41,0x08,0x61,0x08,0x62,0x08,0xA3,0x10,0xA3,0x10,0xC4,0x10,0xC4,0x10,0xC3,0x10,
    0xA3,0x10,0xA3,0x10,0xA3,0x10,0xA3,0x10,0xA3,0x10,0xA3,0x10,0xA3,0x10,0xA3,0x10,
    0xA3,0x10,0xA3,0x10,0xA3,0x10,0xA3,0x10,0xA3,0x10,0xA3,0x10,0xA3,0x10,0xA3,0x10,
    0xA3,0x10,0xA3,0x10,0xA3,0x10,0xA3,0x10,0xA3,0x10,0xA3,0x10,0xA3,0x10,0xA3,0x10,
    0xA3,0x10,0xA3,0x10,0xA3,0x10,0xA3,0x10,0xA3,0x10,0xA3,0x10,0xA3,0x10,0xC3,0x10,
    0xA3,0x10,0x00,0x00,0x00,0x00,0x00,0x00,0x00,0x00,0x00,0x00,0x00,0x00,0x00,0x00,
    0x00,0x00,0x00,0x00,0x00,0x00,0x00,0x00,0x00,0x00,0x00,0x00,0x00,0x00,0x00,0x00,
    0x00,0x00,0x00,0x00,0x00,0x00,0x00,0x00,0x00,0x00,0x00,0x00,0x00,0x00,0x00,0x00,
    0x00,0x00,0x00,0x00,0x00,0x00,0x00,0x00,0x00,0x00,0x00,0x00,0xA3,0x10,0xA3,0x10,
    0xA3,0x10,0xA3,0x10,0xA3,0x10,0xA3,0x10,0xA3,0x10,0xA3,0x10,0xA3,0x10,0xA3,0x10,
    0xA3,0x10,0xA3,0x10,0xA3,0x10,0xA3,0x10,0xA3,0x10,0xA3,0x10,0xA3,0x10,0xA3,0x10,
    0xA3,0x10,0xA3,0x10,0xA3,0x10,0xA3,0x10,0xA3,0x10,0xA3,0x10,0xA3,0x10,0xA3,0x10,
    0xA3,0x10,0xA3,0x10,0xA3,0x10,0xA3,0x10,0xA3,0x10,0xA3,0x10,0xA3,0x10,0xA3,0x10,
    0xA3,0x10,0xA3,0x10,0xA3,0x10,0xA3,0x10,0xC3,0x10,0xC4,0x18,0xE4,0x18,0xE4,0x18,
    0xE4,0x18,0x05,0x21,0x04,0x19,0x46,0x21,0x17,0x5C,0x58,0x64,0x58,0x64,0x73,0x53,
    0x31,0x4B,0x8E,0x3A,0xCA,0x29,0x25,0x19,0xA3,0x10,0x61,0x08,0x62,0x08,0x83,0x10,
    0xC4,0x10,0xC4,0x10,0xC3,0x10,0xA3,0x10,0xA3,0x10,0xA3,0x10,0xA3,0x10,0xA3,0x10,
    0xA3,0x10,0xA3,0x10,0xA3,0x10,0xA3,0x10,0xA3,0x10,0xA3,0x10,0xA3,0x10,0xA3,0x10,
    0xA3,0x10,0xA3,0x10,0xA3,0x10,0xA3,0x10,0xA3,0x10,0xA3,0x10,0xA3,0x10,0xA3,0x10,
    0xA3,0x10,0xA3,0x10,0xA3,0x10,0xA3,0x10,0xA3,0x10,0xA3,0x10,0xA3,0x10,0xA3,0x10,
    0xA3,0x10,0xA3,0x10,0x00,0x00,0x00,0x00,0x00,0x00,0x00,0x00,0x00,0x00,0x00,0x00,
    0x00,0x00,0x00,0x00,0x00,0x00,0x00,0x00,0x00,0x00,0x00,0x00,0x00,0x00,0x00,0x00,
    0x00,0x00,0x00,0x00,0x00,0x00,0x00,0x00,0x00,0x00,0x00,0x00,0x00,0x00,0x00,0x00,
    0x00,0x00,0x00,0x00,0x00,0x00,0x00,0x00,0x00,0x00,0xA4,0x10,0xC3,0x10,0xC3,0x10,
    0xA3,0x10,0xA3,0x10,0xA3,0x10,0xA3,0x10,0xA3,0x10,0xA3,0x10,0xA3,0x10,0xA3,0x10,
    0xA3,0x10,0xA3,0x10,0xA3,0x10,0xA3,0x10,0xA3,0x10,0xA3,0x10,0xA3,0x10,0xA3,0x10,
    0xA3,0x10,0xA3,0x10,0xA3,0x10,0xA3,0x10,0xA3,0x10,0xA3,0x10,0xA3,0x10,0xA3,0x10,
    0xA3,0x10,0xA3,0x10,0xA3,0x10,0xA3,0x10,0xA3,0x10,0xA3,0x10,0xA3,0x10,0xA3,0x10,
    0xC3,0x10,0xE4,0x18,0x04,0x19,0x05,0x21,0x25,0x21,0x25,0x21,0x25,0x21,0x25,0x21,
    0x25,0x21,0x45,0x21,0x25,0x21,0x87,0x29,0x7F,0x7D,0xDF,0x85,0xBF,0x85,0xDF,0x85,
    0xFF,0x85,0xDF,0x85,0xBF,0x85,0x5E,0x7D,0x99,0x6C,0x73,0x53,0x4C,0x32,0x26,0x19,
    0x62,0x08,0x61,0x08,0xA3,0x10,0xC4,0x10,0xC3,0x10,0xA3,0x10,0xA3,0x10,0xA3,0x10,
    0xA3,0x10,0xA3,0x10,0xA3,0x10,0xA3,0x10,0xA3,0x10,0xA3,0x10,0xA3,0x10,0xA3,0x10,
    0xA3,0x10,0xA3,0x10,0xA3,0x10,0xA3,0x10,0xA3,0x10,0xA3,0x10,0xA3,0x10,0xA3,0x10,
    0xA3,0x10,0xA3,0x10,0xA3,0x10,0xA3,0x10,0xA3,0x10,0xA3,0x10,0xA3,0x10,0xA3,0x10,
    0xC3,0x10,0xC3,0x10,0xA4,0x10,0x00,0x00,0x00,0x00,0x00,0x00,0x00,0x00,0x00,0x00,
    0x00,0x00,0x00,0x00,0x00,0x00,0x00,0x00,0x00,0x00,0x00,0x00,0x00,0x00,0x00,0x00,
    0x00,0x00,0x00,0x00,0x00,0x00,0x00,0x00,0x00,0x00,0x00,0x00,0x00,0x00,0x00,0x00,
    0x00,0x00,0x00,0x00,0x00,0x00,0x00,0x00,0x00,0x00,0xA3,0x10,0xC3,0x10,0xA3,0x10,
    0xA3,0x10,0xA3,0x10,0xA3,0x10,0xA3,0x10,0xA3,0x10,0xA3,0x10,0xA3,0x10,0xA3,0x10,
    0xA3,0x10,0xA3,0x10,0xA3,0x10,0xA3,0x10,0xA3,0x10,0xA3,0x10,0xA3,0x10,0xA3,0x10,
    0xA3,0x10,0xA3,0x10,0xA3,0x10,0xA3,0x10,0xA3,0x10,0xA3,0x10,0xA3,0x10,0xA3,0x10,
    0xA3,0x10,0xA3,0x10,0xA3,0x10,0xA3,0x10,0xA3,0x10,0xC3,0x10,0xE4,0x18,0x05,0x19,
    0x25,0x21,0x25,0x21,0x25,0x21,0x25,0x21,0x25,0x21,0x25,0x21,0x25,0x21,0x25,0x21,
    0x25,0x21,0x25,0x21,0x25,0x21,0x67,0x29,0x3D,0x7D,0x9F,0x85,0x7F,0x7D,0x7F,0x7D,
    0x7F,0x7D,0x7F,0x7D,0x7F,0x7D,0x9F,0x85,0xBF,0x85,0xDF,0x85,0xDF,0x85,0x5E,0x7D,
    0x17,0x5C,0x8D,0x3A,0x05,0x19,0x61,0x08,0x82,0x10,0xC4,0x10,0xC3,0x10,0xA3,0x10,
    0xA3,0x10,0xA3,0x10,0xA3,0x10,0xA3,0x10,0xA3,0x10,0xA3,0x10,0xA3,0x10,0xA3,0x10,
    0xA3,0x10,0xA3,0x10,0xA3,0x10,0xA3,0x10,0xA3,0x10,0xA3,0x10,0xA3,0x10,0xA3,0x10,
    0xA3,0x10,0xA3,0x10,0xA3,0x10,0xA3,0x10,0xA3,0x10,0xA3,0x10,0xA3,0x10,0xA3,0x10,
    0xA3,0x10,0xC3,0x10,0xA3,0x10,0x00,0x00,0x00,0x00,0x00,0x00,0x00,0x00,0x00,0x00,
    0x00,0x00,0x00,0x00,0x00,0x00,0x00,0x00,0x00,0x00,0x00,0x00,0x00,0x00,0x00,0x00,
    0x00,0x00,0x00,0x00,0x00,0x00,0x00,0x00,0x00,0x00,0x00,0x00,0x00,0x00,0x00,0x00,
    0x00,0x00,0x00,0x00,0x00,0x00,0x00,0x00,0xA3,0x10,0xC3,0x10,0xA3,0x10,0xA3,0x10,
    0xA3,0x10,0xA3,0x10,0xA3,0x10,0xA3,0x10,0xA3,0x10,0xA3,0x10,0xA3,0x10,0xA3,0x10,
    0xA3,0x10,0xA3,0x10,0xA3,0x10,0xA3,0x10,0xA3,0x10,0xA3,0x10,0xA3,0x10,0xA3,0x10,
    0xA3,0x10,0xA3,0x10,0xA3,0x10,0xA3,0x10,0xA3,0x10,0xA3,0x10,0xA3,0x10,0xA3,0x10,
    0xA3,0x10,0xA3,0x10,0xA3,0x10,0xC3,0x10,0x04,0x19,0x25,0x21,0x25,0x21,0x25,0x21,
    0x25,0x21,0x25,0x21,0x25,0x21,0x25,0x21,0x25,0x21,0x25,0x21,0x25,0x21,0x25,0x21,
    0x25,0x21,0x25,0x21,0x25,0x21,0x67,0x29,0x3E,0x7D,0x9F,0x85,0x7F,0x7D,0x9F,0x7D,
    0x9F,0x7D,0x9F,0x7D,0x9F,0x7D,0x7F,0x7D,0x7F,0x7D,0x7F,0x7D,0x7F,0x7D,0x9F,0x85,
    0xDF,0x85,0xDF,0x85,0x3D,0x7D,0xB4,0x53,0x68,0x21,0x61,0x08,0x82,0x10,0xC4,0x10,
    0xC3,0x10,0xA3,0x10,0xA3,0x10,0xA3,0x10,0xA3,0x10,0xA3,0x10,0xA3,0x10,0xA3,0x10,
    0xA3,0x10,0xA3,0x10,0xA3,0x10,0xA3,0x10,0xA3,0x10,0xA3,0x10,0xA3,0x10,0xA3,0x10,
    0xA3,0x10,0xA3,0x10,0xA3,0x10,0xA3,0x10,0xA3,0x10,0xA3,0x10,0xA3,0x10,0xA3,0x10,
    0xA3,0x10,0xA3,0x10,0xC3,0x10,0xA3,0x10,0x00,0x00,0x00,0x00,0x00,0x00,0x00,0x00,
    0x00,0x00,0x00,0x00,0x00,0x00,0x00,0x00,0x00,0x00,0x00,0x00,0x00,0x00,0x00,0x00,
    0x00,0x00,0x00,0x00,0x00,0x00,0x00,0x00,0x00,0x00,0x00,0x00,0x00,0x00,0x00,0x00,
    0x00,0x00,0x00,0x00,0x00,0x00,0xC3,0x10,0xC3,0x10,0xA3,0x10,0xA3,0x10,0xA3,0x10,
    0xA3,0x10,0xA3,0x10,0xA3,0x10,0xA3,0x10,0xA3,0x10,0xA3,0x10,0xA3,0x10,0xA3,0x10,
    0xA3,0x10,0xA3,0x10,0xA3,0x10,0xA3,0x10,0xA3,0x10,0xA3,0x10,0xA3,0x10,0xA3,0x10,
    0xA3,0x10,0xA3,0x10,0xA3,0x10,0xA3,0x10,0xA3,0x10,0xA3,0x10,0xA3,0x10,0xA3,0x10,
    0xA3,0x10,0xC3,0x10,0x04,0x19,0x25,0x21,0x25,0x21,0x25,0x21,0x25,0x21,0x25,0x21,
    0x25,0x21,0x25,0x21,0x25,0x21,0x25,0x21,0x25,0x21,0x25,0x21,0x25,0x21,0x25,0x21,
    0x25,0x21,0x25,0x21,0x25,0x21,0x67,0x29,0x3E,0x7D,0x9F,0x85,0x7F,0x7D,0x9F,0x7D,
    0x9F,0x7D,0x9F,0x7D,0x9F,0x7D,0x9F,0x7D,0x9F,0x7D,0x9F,0x7D,0x9F,0x7D,0x7F,0x7D,
    0x7F,0x7D,0x7F,0x7D,0x9F,0x85,0xDF,0x85,0x9F,0x7D,0xB4,0x53,0x67,0x21,0x61,0x08,
    0xA3,0x10,0xC4,0x10,0xA3,0x10,0xA3,0x10,0xA3,0x10,0xA3,0x10,0xA3,0x10,0xA3,0x10,
    0xA3,0x10,0xA3,0x10,0xA3,0x10,0xA3,0x10,0xA3,0x10,0xA3,0x10,0xA3,0x10,0xA3,0x10,
    0xA3,0x10,0xA3,0x10,0xA3,0x10,0xA3,0x10,0xA3,0x10,0xA3,0x10,0xA3,0x10,0xA3,0x10,
    0xA3,0x10,0xA3,0x10,0xA3,0x10,0xC3,0x10,0xC3,0x10,0x00,0x00,0x00,0x00,0x00,0x00,
    0x00,0x00,0x00,0x00,0x00,0x00,0x00,0x00,0x00,0x00,0x00,0x00,0x00,0x00,0x00,0x00,
    0x00,0x00,0x00,0x00,0x00,0x00,0x00,0x00,0x00,0x00,0x00,0x00,0x00,0x00,0x00,0x00,
    0x00,0x00,0x00,0x00,0xA3,0x10,0xA3,0x10,0xA3,0x10,0xA3,0x10,0xA3,0x10,0xA3,0x10,
    0xA3,0x10,0xA3,0x10,0xA3,0x10,0xA3,0x10,0xA3,0x10,0xA3,0x10,0xA3,0x10,0xA3,0x10,
    0xA3,0x10,0xA3,0x10,0xA3,0x10,0xA3,0x10,0xA3,0x10,0xA3,0x10,0xA3,0x10,0xA3,0x10,
    0xA3,0x10,0xA3,0x10,0xA3,0x10,0xA3,0x10,0xA3,0x10,0xA3,0x10,0xA3,0x10,0xC3,0x10,
    0x04,0x19,0x25,0x21,0x25,0x21,0x25,0x21,0x25,0x21,0x25,0x21,0x25,0x21,0x25,0x21,
    0x25,0x21,0x25,0x21,0x25,0x21,0x25,0x21,0x25,0x21,0x25,0x21,0x25,0x21,0x25,0x21,
    0x25,0x21,0x25,0x21,0x25,0x21,0x67,0x29,0x3E,0x7D,0x9F,0x85,0x7F,0x7D,0x9F,0x7D,
    0x9F,0x7D,0x9F,0x7D,0x9F,0x7D,0x9F,0x7D,0x9F,0x7D,0x9F,0x7D,0x9F,0x7D,0x9F,0x7D,
    0x9F,0x7D,0x9F,0x7D,0x7F,0x7D,0x7F,0x7D,0x9F,0x7D,0xDF,0x85,0x9F,0x7D,0xB4,0x53,
    0x06,0x19,0x61,0x08,0xC3,0x10,0xC3,0x10,0xA3,0x10,0xA3,0x10,0xA3,0x10,0xA3,0x10,
    0xA3,0x10,0xA3,0x10,0xA3,0x10,0xA3,0x10,0xA3,0x10,0xA3,0x10,0xA3,0x10,0xA3,0x10,
    0xA3,0x10,0xA3,0x10,0xA3,0x10,0xA3,0x10,0xA3,0x10,0xA3,0x10,0xA3,0x10,0xA3,0x10,
    0xA3,0x10,0xA3,0x10,0xA3,0x10,0xA3,0x10,0xA3,0x10,0xA3,0x10,0x00,0x00,0x00,0x00,
    0x00,0x00,0x00,0x00,0x00,0x00,0x00,0x00,0x00,0x00,0x00,0x00,0x00,0x00,0x00,0x00,
    0x00,0x00,0x00,0x00,0x00,0x00,0x00,0x00,0x00,0x00,0x00,0x00,0x00,0x00,0x00,0x00,
    0x00,0x00,0x00,0x00,0xA3,0x10,0xC3,0x10,0xA3,0x10,0xA3,0x10,0xA3,0x10,0xA3,0x10,
    0xA3,0x10,0xA3,0x10,0xA3,0x10,0xA3,0x10,0xA3,0x10,0xA3,0x10,0xA3,0x10,0xA3,0x10,
    0xA3,0x10,0xA3,0x10,0xA3,0x10,0xA3,0x10,0xA3,0x10,0xA3,0x10,0xA3,0x10,0xA3,0x10,
    0xA3,0x10,0xA3,0x10,0xA3,0x10,0xA3,0x10,0xA3,0x10,0xA3,0x10,0xE4,0x18,0x25,0x21,
    0x25,0x21,0x25,0x21,0x25,0x21,0x25,0x21,0x25,0x21,0x25,0x21,0x25,0x21,0x25,0x21,
    0x25,0x21,0x25,0x21,0x25,0x21,0x25,0x21,0x25,0x21,0x25,0x21,0x25,0x21,0x25,0x21,
    0x25,0x21,0x25,0x21,0x25,0x21,0x67,0x29,0x3E,0x7D,0x9F,0x85,0x7F,0x7D,0x9F,0x7D,
    0x9F,0x7D,0x9F,0x7D,0x9F,0x7D,0x9F,0x7D,0x9F,0x7D,0x9F,0x7D,0x9F,0x7D,0x9F,0x7D,
    0x9F,0x7D,0x9F,0x7D,0x9F,0x7D,0x9F,0x7D,0x9F,0x7D,0x7F,0x7D,0x9F,0x7D,0xDF,0x85,
    0x5D,0x7D,0xAF,0x42,0x82,0x08,0xA3,0x10,0xC4,0x10,0xA3,0x10,0xA3,0x10,0xA3,0x10,
    0xA3,0x10,0xA3,0x10,0xA3,0x10,0xA3,0x10,0xA3,0x10,0xA3,0x10,0xA3,0x10,0xA3,0x10,
    0xA3,0x10,0xA3,0x10,0xA3,0x10,0xA3,0x10,0xA3,0x10,0xA3,0x10,0xA3,0x10,0xA3,0x10,
    0xA3,0x10,0xA3,0x10,0xA3,0x10,0xA3,0x10,0xC3,0x10,0xA3,0x10,0x00,0x00,0x00,0x00,
    0x00,0x00,0x00,0x00,0x00,0x00,0x00,0x00,0x00,0x00,0x00,0x00,0x00,0x00,0x00,0x00,
    0x00,0x00,0x00,0x00,0x00,0x00,0x00,0x00,0x00,0x00,0x00,0x00,0x00,0x00,0x00,0x00,
    0x00,0x00,0xA3,0x10,0xC3,0x10,0xA3,0x10,0xA3,0x10,0xA3,0x10,0xA3,0x10,0xA3,0x10,
    0xA3,0x10,0xA3,0x10,0xA3,0x10,0xA3,0x10,0xA3,0x10,0xA3,0x10,0xA3,0x10,0xA3,0x10,
    0xA3,0x10,0xA3,0x10,0xA3,0x10,0xA3,0x10,0xA3,0x10,0xA3,0x10,0xA3,0x10,0xA3,0x10,
    0xA3,0x10,0xA3,0x10,0xA3,0x10,0xA3,0x10,0xC3,0x10,0x05,0x21,0x25,0x21,0x25,0x21,
    0x25,0x21,0x25,0x21,0x25,0x21,0x25,0x21,0x25,0x21,0x25,0x21,0x25,0x21,0x25,0x21,
    0x25,0x21,0x25,0x21,0x25,0x21,0x25,0x21,0x25,0x21,0x25,0x21,0x25,0x21,0x25,0x21,
    0x25,0x21,0x25,0x21,0x25,0x21,0x67,0x29,0x3D,0x7D,0x9F,0x85,0x7F,0x7D,0x7F,0x7D,
    0x7F,0x7D,0x7F,0x7D,0x7F,0x7D,0x9F,0x7D,0x9F,0x7D,0x9F,0x7D,0x9F,0x7D,0x9F,0x7D,
    0x9F,0x7D,0x9F,0x7D,0x9F,0x7D,0x9F,0x7D,0x9F,0x7D,0x9F,0x7D,0x9F,0x7D,0x7F,0x7D,
    0x9F,0x85,0xDF,0x85,0x58,0x64,0x05,0x19,0x61,0x08,0xC4,0x10,0xA3,0x10,0xA3,0x10,
    0xA3,0x10,0xA3,0x10,0xA3,0x10,0xA3,0x10,0xA3,0x10,0xA3,0x10,0xA3,0x10,0xA3,0x10,
    0xA3,0x10,0xA3,0x10,0xA3,0x10,0xA3,0x10,0xA3,0x10,0xA3,0x10,0xA3,0x10,0xA3,0x10,
    0xA3,0x10,0xA3,0x10,0xA3,0x10,0xA3,0x10,0xA3,0x10,0xC3,0x10,0xA3,0x10,0x00,0x00,
    0x00,0x00,0x00,0x00,0x00,0x00,0x00,0x00,0x00,0x00,0x00,0x00,0x00,0x00,0x00,0x00,
    0x00,0x00,0x00,0x00,0x00,0x00,0x00,0x00,0x00,0x00,0x00,0x00,0x00,0x00,0x00,0x00,
    0xA3,0x10,0xA3,0x10,0xA3,0x10,0xA3,0x10,0xA3,0x10,0xA3,0x10,0xA3,0x10,0xA3,0x10,
    0xA3,0x10,0xA3,0x10,0xA3,0x10,0xA3,0x10,0xA3,0x10,0xA3,0x10,0xA3,0x10,0xA3,0x10,
    0xA3,0x10,0xA3,0x10,0xA3,0x10,0xA3,0x10,0xA3,0x10,0xA3,0x10,0xA3,0x10,0xA3,0x10,
    0xA3,0x10,0xA3,0x10,0xA3,0x10,0xC4,0x18,0x25,0x21,0x25,0x21,0x25,0x21,0x25,0x21,
    0x25,0x21,0x25,0x21,0x25,0x21,0x25,0x21,0x25,0x21,0x25,0x21,0x25,0x21,0x25,0x21,
    0x25,0x21,0x25,0x21,0x25,0x21,0x25,0x21,0x25,0x21,0x25,0x21,0x25,0x21,0x25,0x21,
    0x25,0x21,0x45,0x21,0x25,0x21,0x87,0x29,0x7F,0x7D,0xDF,0x85,0xBF,0x85,0xFF,0x85,
    0xDF,0x85,0xDF,0x85,0xBF,0x85,0x7F,0x7D,0x7F,0x7D,0x7F,0x7D,0x9F,0x7D,0x9F,0x7D,
    0x9F,0x7D,0x9F,0x7D,0x9F,0x7D,0x9F,0x7D,0x9F,0x7D,0x9F,0x7D,0x9F,0x7D,0x9F,0x7D,
    0x7F,0x7D,0x7F,0x7D,0xDF,0x85,0x3D,0x75,0xEB,0x31,0x61,0x08,0xC3,0x10,0xC3,0x10,
    0xA3,0x10,0xA3,0x10,0xA3,0x10,0xA3,0x10,0xA3,0x10,0xA3,0x10,0xA3,0x10,0xA3,0x10,
    0xA3,0x10,0xA3,0x10,0xA3,0x10,0xA3,0x10,0xA3,0x10,0xA3,0x10,0xA3,0x10,0xA3,0x10,
    0xA3,0x10,0xA3,0x10,0xA3,0x10,0xA3,0x10,0xA3,0x10,0xA3,0x10,0xA3,0x10,0xA3,0x10,
    0x00,0x00,0x00,0x00,0x00,0x00,0x00,0x00,0x00,0x00,0x00,0x00,0x00,0x00,0x00,0x00,
    0x00,0x00,0x00,0x00,0x00,0x00,0x00,0x00,0x00,0x00,0x00,0x00,0x00,0x00,0x00,0x00,
    0xA3,0x10,0xC3,0x10,0xA3,0x10,0xA3,0x10,0xA3,0x10,0xA3,0x10,0xA3,0x10,0xA3,0x10,
    0xA3,0x10,0xA3,0x10,0xA3,0x10,0xA3,0x10,0xA3,0x10,0xA3,0x10,0xA3,0x10,0xA3,0x10,
    0xA3,0x10,0xA3,0x10,0xA3,0x10,0xA3,0x10,0xA3,0x10,0xA3,0x10,0xA3,0x10,0xA3,0x10,
    0xA3,0x10,0xA3,0x10,0xE4,0x18,0x25,0x21,0x25,0x21,0x25,0x21,0x25,0x21,0x25,0x21,
    0x25,0x21,0x25,0x21,0x25,0x21,0x25,0x21,0x25,0x21,0x25,0x21,0x25,0x21,0x25,0x21,
    0x25,0x21,0x25,0x21,0x25,0x21,0x25,0x21,0x25,0x21,0x25,0x21,0x05,0x21,0xE4,0x18,
    0xE4,0x18,0xE4,0x18,0xC4,0x10,0xE4,0x18,0xEA,0x29,0xEA,0x29,0x4C,0x32,0x11,0x4B,
    0x73,0x53,0x58,0x64,0xFC,0x74,0xBF,0x85,0xDF,0x85,0xDF,0x85,0x9F,0x85,0x7F,0x7D,
    0x7F,0x7D,0x9F,0x7D,0x9F,0x7D,0x9F,0x7D,0x9F,0x7D,0x9F,0x7D,0x9F,0x7D,0x9F,0x7D,
    0x9F,0x7D,0x9F,0x7D,0x7F,0x7D,0xBF,0x85,0xBF,0x85,0xCF,0x42,0x82,0x08,0xA3,0x10,
    0xC3,0x10,0xA3,0x10,0xA3,0x10,0xA3,0x10,0xA3,0x10,0xA3,0x10,0xA3,0x10,0xA3,0x10,
    0xA3,0x10,0xA3,0x10,0xA3,0x10,0xA3,0x10,0xA3,0x10,0xA3,0x10,0xA3,0x10,0xA3,0x10,
    0xA3,0x10,0xA3,0x10,0xA3,0x10,0xA3,0x10,0xA3,0x10,0xA3,0x10,0xC3,0x10,0xA3,0x10,
    0x00,0x00,0x00,0x00,0x00,0x00,0x00,0x00,0x00,0x00,0x00,0x00,0x00,0x00,0x00,0x00,
    0x00,0x00,0x00,0x00,0x00,0x00,0x00,0x00,0x00,0x00,0x00,0x00,0x00,0x00,0xC3,0x10,
    0xC3,0x10,0xA3,0x10,0xA3,0x10,0xA3,0x10,0xA3,0x10,0xA3,0x10,0xA3,0x10,0xA3,0x10,
    0xA3,0x10,0xA3,0x10,0xA3,0x10,0xA3,0x10,0xA3,0x10,0xA3,0x10,0xA3,0x10,0xA3,0x10,
    0xA3,0x10,0xA3,0x10,0xA3,0x10,0xA3,0x10,0xA3,0x10,0xA3,0x10,0xA3,0x10,0xA3,0x10,
    0xA3,0x10,0x04,0x19,0x25,0x21,0x25,0x21,0x25,0x21,0x25,0x21,0x25,0x21,0x25,0x21,
    0x25,0x21,0x25,0x21,0x25,0x21,0x25,0x21,0x25,0x21,0x25,0x21,0x25,0x21,0x25,0x21,
    0x25,0x21,0x25,0x21,0x05,0x21,0xE4,0x18,0xC4,0x10,0xA3,0x10,0xA3,0x10,0xA3,0x10,
    0xA3,0x10,0xA3,0x10,0xA3,0x10,0xA3,0x10,0x62,0x08,0x62,0x08,0x62,0x08,0x41,0x08,
    0x61,0x08,0x82,0x08,0xE4,0x10,0xA9,0x29,0xF0,0x42,0x58,0x64,0x7F,0x7D,0xFF,0x85,
    0xBF,0x85,0x7F,0x7D,0x7F,0x7D,0x9F,0x7D,0x9F,0x7D,0x9F,0x7D,0x9F,0x7D,0x9F,0x7D,
    0x9F,0x7D,0x9F,0x7D,0x9F,0x7D,0x7F,0x7D,0x7F,0x7D,0xFF,0x8D,0xB4,0x53,0x62,0x08,
    0xA3,0x10,0xC3,0x10,0xA3,0x10,0xA3,0x10,0xA3,0x10,0xA3,0x10,0xA3,0x10,0xA3,0x10,
    0xA3,0x10,0xA3,0x10,0xA3,0x10,0xA3,0x10,0xA3,0x10,0xA3,0x10,0xA3,0x10,0xA3,0x10,
    0xA3,0x10,0xA3,0x10,0xA3,0x10,0xA3,0x10,0xA3,0x10,0xA3,0x10,0xA3,0x10,0xC3,0x10,
    0xC3,0x10,0x00,0x00,0x00,0x00,0x00,0x00,0x00,0x00,0x00,0x00,0x00,0x00,0x00,0x00,
    0x00,0x00,0x00,0x00,0x00,0x00,0x00,0x00,0x00,0x00,0x00,0x00,0x00,0x00,0xA3,0x10,
    0xC3,0x10,0xA3,0x10,0xA3,0x10,0xA3,0x10,0xA3,0x10,0xA3,0x10,0xA3,0x10,0xA3,0x10,
    0xA3,0x10,0xA3,0x10,0xA3,0x10,0xA3,0x10,0xA3,0x10,0xA3,0x10,0xA3,0x10,0xA3,0x10,
    0xA3,0x10,0xA3,0x10,0xA3,0x10,0xA3,0x10,0xA3,0x10,0xA3,0x10,0xA3,0x10,0xA3,0x10,
    0x04,0x19,0x25,0x21,0x25,0x21,0x25,0x21,0x25,0x21,0x25,0x21,0x25,0x21,0x25,0x21,
    0x25,0x21,0x25,0x21,0x25,0x21,0x25,0x21,0x25,0x21,0x25,0x21,0x25,0x21,0x25,0x21,
    0xE4,0x18,0xC3,0x10,0xA3,0x10,0xA3,0x10,0xA3,0x10,0xA3,0x10,0xA3,0x10,0xA3,0x10,
    0xA3,0x10,0xA3,0x10,0xA3,0x10,0xA3,0x10,0xC4,0x10,0xC4,0x10,0xC4,0x10,0xC4,0x10,
    0xC4,0x10,0xC3,0x10,0xA3,0x10,0x82,0x08,0x61,0x08,0x62,0x08,0x67,0x21,0x31,0x4B,
    0xDB,0x74,0xDF,0x85,0xBF,0x85,0x7F,0x7D,0x7F,0x7D,0x9F,0x7D,0x9F,0x7D,0x9F,0x7D,
    0x9F,0x7D,0x9F,0x7D,0x9F,0x7D,0x9F,0x7D,0x9F,0x7D,0x7F,0x7D,0xFF,0x8D,0xB4,0x53,
    0x62,0x08,0xA3,0x10,0xC3,0x10,0xA3,0x10,0xA3,0x10,0xA3,0x10,0xA3,0x10,0xA3,0x10,
    0xA3,0x10,0xA3,0x10,0xA3,0x10,0xA3,0x10,0xA3,0x10,0xA3,0x10,0xA3,0x10,0xA3,0x10,
    0xA3,0x10,0xA3,0x10,0xA3,0x10,0xA3,0x10,0xA3,0x10,0xA3,0x10,0xA3,0x10,0xC3,0x10,
    0xA3,0x10,0x00,0x00,0x00,0x00,0x00,0x00,0x00,0x00,0x00,0x00,0x00,0x00,0x00,0x00,
    0x00,0x00,0x00,0x00,0x00,0x00,0x00,0x00,0x00,0x00,0x00,0x00,0xA3,0x10,0xC3,0x10,
    0xA3,0x10,0xA3,0x10,0xA3,0x10,0xA3,0x10,0xA3,0x10,0xA3,0x10,0xA3,0x10,0xA3,0x10,
    0xA3,0x10,0xA3,0x10,0xA3,0x10,0xA3,0x10,0xA3,0x10,0xA3,0x10,0xA3,0x10,0xA3,0x10,
    0xA3,0x10,0xA3,0x10,0xA3,0x10,0xA3,0x10,0xA3,0x10,0xA3,0x10,0xA3,0x10,0x04,0x19,
    0x25,0x21,0x25,0x21,0x25,0x21,0x25,0x21,0x25,0x21,0x25,0x21,0x25,0x21,0x25,0x21,
    0x25,0x21,0x25,0x21,0x25,0x21,0x25,0x21,0x25,0x21,0x25,0x21,0xE4,0x18,0xA3,0x10,
    0xA3,0x10,0xA3,0x10,0xA3,0x10,0xA3,0x10,0xA3,0x10,0xA3,0x10,0xA3,0x10,0xA3,0x10,
    0xA3,0x10,0xA3,0x10,0xA3,0x10,0xA3,0x10,0xA3,0x10,0xA3,0x10,0xA3,0x10,0xA3,0x10,
    0xA3,0x10,0xA3,0x10,0xA3,0x10,0xC3,0x10,0xC4,0x10,0xC4,0x10,0x82,0x10,0x61,0x08,
    0xC3,0x10,0x8E,0x3A,0xDB,0x6C,0xDF,0x85,0x9F,0x85,0x7F,0x7D,0x9F,0x7D,0x9F,0x7D,
    0x9F,0x7D,0x9F,0x7D,0x9F,0x7D,0x9F,0x7D,0x9F,0x7D,0x9F,0x7D,0x7F,0x7D,0xFF,0x8D,
    0xB4,0x53,0x62,0x08,0xA3,0x10,0xC3,0x10,0xA3,0x10,0xA3,0x10,0xA3,0x10,0xA3,0x10,
    0xA3,0x10,0xA3,0x10,0xA3,0x10,0xA3,0x10,0xA3,0x10,0xA3,0x10,0xA3,0x10,0xA3,0x10,
    0xA3,0x10,0xA3,0x10,0xA3,0x10,0xA3,0x10,0xA3,0x10,0xA3,0x10,0xA3,0x10,0xA3,0x10,
    0xC3,0x10,0xA3,0x10,0x00,0x00,0x00,0x00,0x00,0x00,0x00,0x00,0x00,0x00,0x00,0x00,
    0x00,0x00,0x00,0x00,0x00,0x00,0x00,0x00,0x00,0x00,0x00,0x00,0xA3,0x10,0xC3,0x10,
    0xA3,0x10,0xA3,0x10,0xA3,0x10,0xA3,0x10,0xA3,0x10,0xA3,0x10,0xA3,0x10,0xA3,0x10,
    0xA3,0x10,0xA3,0x10,0xA3,0x10,0xA3,0x10,0xA3,0x10,0xA3,0x10,0xA3,0x10,0xA3,0x10,
    0xA3,0x10,0xA3,0x10,0xA3,0x10,0xA3,0x10,0xA3,0x10,0xA3,0x10,0x04,0x19,0x25,0x21,
    0x25,0x21,0x25,0x21,0x25,0x21,0x25,0x21,0x25,0x21,0x25,0x21,0x25,0x21,0x25,0x21,
    0x25,0x21,0x25,0x21,0x25,0x21,0x25,0x21,0xE4,0x18,0xA3,0x10,0xA3,0x10,0xA3,0x10,
    0xA3,0x10,0xA3,0x10,0xA3,0x10,0xA3,0x10,0xA3,0x10,0xA3,0x10,0xA3,0x10,0xA3,0x10,
    0xA3,0x10,0xA3,0x10,0xA3,0x10,0xA3,0x10,0xA3,0x10,0xA3,0x10,0xA3,0x10,0xA3,0x10,
    0xA3,0x10,0xA3,0x10,0xA3,0x10,0xA3,0x10,0xA3,0x10,0xA3,0x10,0xC3,0x10,0xC4,0x10,
    0xA3,0x10,0x61,0x08,0xA3,0x10,0xCF,0x42,0x5D,0x7D,0xDF,0x85,0x7F,0x7D,0x9F,0x7D,
    0x9F,0x7D,0x9F,0x7D,0x9F,0x7D,0x9F,0x7D,0x9F,0x7D,0x9F,0x7D,0x9F,0x7D,0x7F,0x7D,
    0xFF,0x8D,0xB4,0x53,0x82,0x08,0xC3,0x10,0xA3,0x10,0xA3,0x10,0xA3,0x10,0xA3,0x10,
    0xA3,0x10,0xA3,0x10,0xA3,0x10,0xA3,0x10,0xA3,0x10,0xA3,0x10,0xA3,0x10,0xA3,0x10,
    0xA3,0x10,0xA3,0x10,0xA3,0x10,0xA3,0x10,0xA3,0x10,0xA3,0x10,0xA3,0x10,0xA3,0x10,
    0xC3,0x10,0xA3,0x10,0x00,0x00,0x00,0x00,0x00,0x00,0x00,0x00,0x00,0x00,0x00,0x00,
    0x00,0x00,0x00,0x00,0x00,0x00,0x00,0x00,0x00,0x00,0xA3,0x10,0xC3,0x10,0xA3,0x10,
    0xA3,0x10,0xA3,0x10,0xA3,0x10,0xA3,0x10,0xA3,0x10,0xA3,0x10,0xA3,0x10,0xA3,0x10,
    0xA3,0x10,0xA3,0x10,0xA3,0x10,0xA3,0x10,0xA3,0x10,0xA3,0x10,0xA3,0x10,0xA3,0x10,
    0xA3,0x10,0xA3,0x10,0xA3,0x10,0xA3,0x10,0xA3,0x10,0xE4,0x18,0x25,0x21,0x25,0x21,
    0x25,0x21,0x25,0x21,0x25,0x21,0x25,0x21,0x25,0x21,0x25,0x21,0x25,0x21,0x25,0x21,
    0x25,0x21,0x25,0x21,0x04,0x19,0xC3,0x10,0xA3,0x10,0xA3,0x10,0xA3,0x10,0xA3,0x10,
    0xA3,0x10,0xA3,0x10,0xA3,0x10,0xA3,0x10,0xA3,0x10,0xA3,0x10,0xA3,0x10,0xA3,0x10,
    0xA3,0x10,0xA3,0x10,0xA3,0x10,0xA3,0x10,0xA3,0x10,0xA3,0x10,0xA3,0x10,0xA3,0x10,
    0xA3,0x10,0xA3,0x10,0xA3,0x10,0xA3,0x10,0xA3,0x10,0xA3,0x10,0xA3,0x10,0xA3,0x10,
    0xA3,0x10,0xC4,0x10,0xA3,0x10,0x61,0x08,0x05,0x19,0xF6,0x5B,0xFF,0x85,0x9F,0x7D,
    0x7F,0x7D,0x9F,0x7D,0x9F,0x7D,0x9F,0x7D,0x9F,0x7D,0x9F,0x7D,0x9F,0x7D,0x9F,0x7D,
    0x7F,0x7D,0xFF,0x8D,0xD0,0x42,0x61,0x08,0xC4,0x10,0xA3,0x10,0xA3,0x10,0xA3,0x10,
    0xA3,0x10,0xA3,0x10,0xA3,0x10,0xA3,0x10,0xA3,0x10,0xA3,0x10,0xA3,0x10,0xA3,0x10,
    0xA3,0x10,0xA3,0x10,0xA3,0x10,0xA3,0x10,0xA3,0x10,0xA3,0x10,0xA3,0x10,0xA3,0x10,
    0xA3,0x10,0xC3,0x10,0xA3,0x10,0x00,0x00,0x00,0x00,0x00,0x00,0x00,0x00,0x00,0x00,
    0x00,0x00,0x00,0x00,0x00,0x00,0x00,0x00,0x00,0x00,0xA3,0x10,0xC3,0x10,0xA3,0x10,
    0xA3,0x10,0xA3,0x10,0xA3,0x10,0xA3,0x10,0xA3,0x10,0xA3,0x10,0xA3,0x10,0xA3,0x10,
    0xA3,0x10,0xA3,0x10,0xA3,0x10,0xA3,0x10,0xA3,0x10,0xA3,0x10,0xA3,0x10,0xA3,0x10,
    0xA3,0x10,0xA3,0x10,0xA3,0x10,0xA3,0x10,0xC4,0x18,0x25,0x21,0x25,0x21,0x25,0x21,
    0x25,0x21,0x25,0x21,0x25,0x21,0x25,0x21,0x25,0x21,0x25,0x21,0x25,0x21,0x25,0x21,
    0x25,0x21,0xE4,0x18,0xA3,0x10,0xA3,0x10,0xA3,0x10,0xA3,0x10,0xA3,0x10,0xA3,0x10,
    0xA3,0x10,0xA3,0x10,0xA3,0x10,0xA3,0x10,0xA3,0x10,0xA3,0x10,0xA3,0x10,0xA3,0x10,
    0xA3,0x10,0xA3,0x10,0xA3,0x10,0xA3,0x10,0xA3,0x10,0xA3,0x10,0xA3,0x10,0xA3,0x10,
    0xA3,0x10,0xA3,0x10,0xA3,0x10,0xA3,0x10,0xA3,0x10,0xA3,0x10,0xA3,0x10,0xA3,0x10,
    0xA3,0x10,0xA3,0x10,0xA3,0x10,0xC4,0x10,0x83,0x10,0x62,0x08,0xCF,0x42,0x9F,0x85,
    0x9F,0x85,0x7F,0x7D,0x9F,0x7D,0x9F,0x7D,0x9F,0x7D,0x9F,0x7D,0x9F,0x7D,0x9F,0x7D,
    0x7F,0x7D,0x7F,0x7D,0xBF,0x85,0xEB,0x31,0x61,0x08,0xC4,0x10,0xA3,0x10,0xA3,0x10,
    0xA3,0x10,0xA3,0x10,0xA3,0x10,0xA3,0x10,0xA3,0x10,0xA3,0x10,0xA3,0x10,0xA3,0x10,
    0xA3,0x10,0xA3,0x10,0xA3,0x10,0xA3,0x10,0xA3,0x10,0xA3,0x10,0xA3,0x10,0xA3,0x10,
    0xA3,0x10,0xC3,0x10,0xA3,0x10,0x00,0x00,0x00,0x00,0x00,0x00,0x00,0x00,0x00,0x00,
    0x00,0x00,0x00,0x00,0x00,0x00,0x00,0x00,0xA3,0x10,0xC3,0x10,0xA3,0x10,0xA3,0x10,
    0xA3,0x10,0xA3,0x10,0xA3,0x10,0xA3,0x10,0xA3,0x10,0xA3,0x10,0xA3,0x10,0xA3,0x10,
    0xA3,0x10,0xA3,0x10,0xA3,0x10,0xA3,0x10,0xA3,0x10,0xA3,0x10,0xA3,0x10,0xA3,0x10,
    0xA3,0x10,0xA3,0x10,0xA3,0x10,0xC3,0x10,0x25,0x21,0x25,0x21,0x25,0x21,0x25,0x21,
    0x25,0x21,0x25,0x21,0x25,0x21,0x25,0x21,0x25,0x21,0x25,0x21,0x25,0x21,0x25,0x21,
    0xC4,0x10,0xA3,0x10,0xA3,0x10,0xA3,0x10,0xA3,0x10,0xA3,0x10,0xA3,0x10,0xA3,0x10,
    0xA3,0x10,0xA3,0x10,0xA3,0x10,0xA3,0x10,0xA3,0x10,0xA3,0x10,0xA3,0x10,0xA3,0x10,
    0xA3,0x10,0xA3,0x10,0xA3,0x10,0xA3,0x10,0xA3,0x10,0xA3,0x10,0xA3,0x10,0xA3,0x10,
    0xA3,0x10,0xA3,0x10,0xA3,0x10,0xA3,0x10,0xA3,0x10,0xA3,0x10,0xA3,0x10,0xA3,0x10,
    0xA3,0x10,0xA3,0x10,0xA3,0x10,0xA3,0x10,0xC3,0x10,0xC3,0x10,0x41,0x08,0xA9,0x29,
    0x5E,0x7D,0xDF,0x85,0x7F,0x7D,0x9F,0x7D,0x9F,0x7D,0x9F,0x7D,0x9F,0x7D,0x9F,0x7D,
    0x9F,0x7D,0x7F,0x7D,0xBF,0x85,0x3D,0x75,0x05,0x19,0x83,0x10,0xC3,0x10,0xA3,0x10,
    0xA3,0x10,0xA3,0x10,0xA3,0x10,0xA3,0x10,0xA3,0x10,0xA3,0x10,0xA3,0x10,0xA3,0x10,
    0xA3,0x10,0xA3,0x10,0xA3,0x10,0xA3,0x10,0xA3,0x10,0xA3,0x10,0xA3,0x10,0xA3,0x10,
    0xA3,0x10,0xA3,0x10,0xC3,0x10,0xA3,0x10,0x00,0x00,0x00,0x00,0x00,0x00,0x00,0x00,
    0x00,0x00,0x00,0x00,0x00,0x00,0x00,0x00,0xA3,0x10,0xC3,0x10,0xA3,0x10,0xA3,0x10,
    0xA3,0x10,0xA3,0x10,0xA3,0x10,0xA3,0x10,0xA3,0x10,0xA3,0x10,0xA3,0x10,0xA3,0x10,
    0xA3,0x10,0xA3,0x10,0xA3,0x10,0xA3,0x10,0xA3,0x10,0xA3,0x10,0xA3,0x10,0xA3,0x10,
    0xA3,0x10,0xA3,0x10,0xA3,0x10,0x05,0x21,0x25,0x21,0x25,0x21,0x25,0x21,0x25,0x21,
    0x25,0x21,0x25,0x21,0x25,0x21,0x25,0x21,0x25,0x21,0x25,0x21,0x25,0x21,0xC3,0x10,
    0xA3,0x10,0xA3,0x10,0xA3,0x10,0xA3,0x10,0xA3,0x10,0xA3,0x10,0xA3,0x10,0xA3,0x10,
    0xA3,0x10,0xA3,0x10,0xA3,0x10,0xA3,0x10,0xA3,0x10,0xA3,0x10,0xA3,0x10,0xA3,0x10,
    0xA3,0x10,0xA3,0x10,0xA3,0x10,0xA3,0x10,0xA3,0x10,0xA3,0x10,0xA3,0x10,0xA3,0x10,
    0xA3,0x10,0xA3,0x10,0xA3,0x10,0xA3,0x10,0xA3,0x10,0xA3,0x10,0xA3,0x10,0xA3,0x10,
    0xA3,0x10,0xA3,0x10,0xA3,0x10,0xA3,0x10,0xA3,0x10,0xA3,0x10,0xC4,0x10,0x61,0x08,
    0x68,0x21,0xDA,0x6C,0xBF,0x85,0x7F,0x7D,0x9F,0x7D,0x9F,0x7D,0x9F,0x7D,0x9F,0x7D,
    0x9F,0x7D,0x9F,0x7D,0x7F,0x7D,0xDF,0x85,0x58,0x64,0x82,0x08,0xC3,0x10,0xA3,0x10,
    0xA3,0x10,0xA3,0x10,0xA3,0x10,0xA3,0x10,0xA3,0x10,0xA3,0x10,0xA3,0x10,0xA3,0x10,
    0xA3,0x10,0xA3,0x10,0xA3,0x10,0xA3,0x10,0xA3,0x10,0xA3,0x10,0xA3,0x10,0xA3,0x10,
    0xA3,0x10,0xA3,0x10,0xC3,0x10,0xA3,0x10,0x00,0x00,0x00,0x00,0x00,0x00,0x00,0x00,
    0x00,0x00,0x00,0x00,0x00,0x00,0xC3,0x08,0xA3,0x10,0xA3,0x10,0xA3,0x10,0xA3,0x10,
    0xA3,0x10,0xA3,0x10,0xA3,0x10,0xA3,0x10,0xA3,0x10,0xA3,0x10,0xA3,0x10,0xA3,0x10,
    0xA3,0x10,0xA3,0x10,0xA3,0x10,0xA3,0x10,0xA3,0x10,0xA3,0x10,0xA3,0x10,0xA3,0x10,
    0xA3,0x10,0xA3,0x10,0xE4,0x18,0x25,0x21,0x25,0x21,0x25,0x21,0x25,0x21,0x25,0x21,
    0x25,0x21,0x25,0x21,0x25,0x21,0x25,0x21,0x25,0x21,0x25,0x21,0xA3,0x10,0xA3,0x10,
    0xA3,0x10,0xA3,0x10,0xA3,0x10,0xA3,0x10,0xA3,0x10,0xA3,0x10,0xA3,0x10,0xA3,0x10,
    0xA3,0x10,0xA3,0x10,0xA3,0x10,0xA3,0x10,0xA3,0x10,0xA3,0x10,0xA3,0x10,0xA3,0x10,
    0xA3,0x10,0xA3,0x10,0xA3,0x10,0xA3,0x10,0xA3,0x10,0xA3,0x10,0xA3,0x10,0xA3,0x10,
    0xA3,0x10,0xA3,0x10,0xA3,0x10,0xA3,0x10,0xA3,0x10,0xA3,0x10,0xA3,0x10,0xA3,0x10,
    0xA3,0x10,0xA3,0x10,0xA3,0x10,0xA3,0x10,0xA3,0x10,0xA3,0x10,0xA3,0x10,0xC4,0x10,
    0x62,0x08,0xC4,0x10,0xDB,0x6C,0xDF,0x85,0x7F,0x7D,0x9F,0x7D,0x9F,0x7D,0x9F,0x7D,
    0x9F,0x7D,0x9F,0x7D,0x9F,0x7D,0x7F,0x7D,0xDF,0x85,0xAF,0x42,0x61,0x08,0xC4,0x10,
    0xA3,0x10,0xA3,0x10,0xA3,0x10,0xA3,0x10,0xA3,0x10,0xA3,0x10,0xA3,0x10,0xA3,0x10,
    0xA3,0x10,0xA3,0x10,0xA3,0x10,0xA3,0x10,0xA3,0x10,0xA3,0x10,0xA3,0x10,0xA3,0x10,
    0xA3,0x10,0xA3,0x10,0xA3,0x10,0xA3,0x10,0xC3,0x08,0x00,0x00,0x00,0x00,0x00,0x00,
    0x00,0x00,0x00,0x00,0x00,0x00,0xA3,0x10,0xC3,0x10,0xA3,0x10,0xA3,0x10,0xA3,0x10,
    0xA3,0x10,0xA3,0x10,0xA3,0x10,0xA3,0x10,0xA3,0x10,0xA3,0x10,0xA3,0x10,0xA3,0x10,
    0xA3,0x10,0xA3,0x10,0xA3,0x10,0xA3,0x10,0xA3,0x10,0xA3,0x10,0xA3,0x10,0xA3,0x10,
    0xA3,0x10,0xC3,0x10,0x25,0x21,0x25,0x21,0x25,0x21,0x25,0x21,0x25,0x21,0x25,0x21,
    0x25,0x21,0x25,0x21,0x25,0x21,0x25,0x21,0x25,0x21,0xC3,0x10,0xA3,0x10,0xA3,0x10,
    0xA3,0x10,0xA3,0x10,0xA3,0x10,0xA3,0x10,0xA3,0x10,0xA3,0x10,0xA3,0x10,0xA3,0x10,
    0xA3,0x10,0xA3,0x10,0xA3,0x10,0xA3,0x10,0xA3,0x10,0xA3,0x10,0xA3,0x10,0xA3,0x10,
    0xA3,0x10,0xA3,0x10,0xA3,0x10,0xA3,0x10,0xA3,0x10,0xA3,0x10,0xA3,0x10,0xA3,0x10,
    0xA3,0x10,0xA3,0x10,0xA3,0x10,0xA3,0x10,0xA3,0x10,0xA3,0x10,0xA3,0x10,0xA3,0x10,
    0xA3,0x10,0xA3,0x10,0xA3,0x10,0xA3,0x10,0xA3,0x10,0xA3,0x10,0xA3,0x10,0xA3,0x10,
    0xC4,0x10,0x62,0x08,0x68,0x21,0x5D,0x7D,0x9F,0x85,0x7F,0x7D,0x9F,0x7D,0x9F,0x7D,
    0x9F,0x7D,0x9F,0x7D,0x9F,0x7D,0x7F,0x7D,0x9F,0x85,0x5E,0x7D,0x05,0x19,0x83,0x10,
    0xC3,0x10,0xA3,0x10,0xA3,0x10,0xA3,0x10,0xA3,0x10,0xA3,0x10,0xA3,0x10,0xA3,0x10,
    0xA3,0x10,0xA3,0x10,0xA3,0x10,0xA3,0x10,0xA3,0x10,0xA3,0x10,0xA3,0x10,0xA3,0x10,
    0xA3,0x10,0xA3,0x10,0xA3,0x10,0xC3,0x10,0xA3,0x10,0x00,0x00,0x00,0x00,0x00,0x00,
    0x00,0x00,0x00,0x00,0x00,0x00,0xA3,0x10,0xC3,0x10,0xA3,0x10,0xA3,0x10,0xA3,0x10,
    0xA3,0x10,0xA3,0x10,0xA3,0x10,0xA3,0x10,0xA3,0x10,0xA3,0x10,0xA3,0x10,0xA3,0x10,
    0xA3,0x10,0xA3,0x10,0xA3,0x10,0xA3,0x10,0xA3,0x10,0xA3,0x10,0xA3,0x10,0xA3,0x10,
    0xA3,0x10,0x04,0x19,0x25,0x21,0x25,0x21,0x25,0x21,0x25,0x21,0x25,0x21,0x25,0x21,
    0x25,0x21,0x25,0x21,0x25,0x21,0x25,0x21,0xC4,0x10,0xA3,0x10,0xA3,0x10,0xA3,0x10,
    0xA3,0x10,0xA3,0x10,0xA3,0x10,0xA3,0x10,0xA3,0x10,0xA3,0x10,0xA3,0x10,0xA3,0x10,
    0xA3,0x10,0xA3,0x10,0xA3,0x10,0xA3,0x10,0xA3,0x10,0xA3,0x10,0xA3,0x10,0xA3,0x10,
    0xA3,0x10,0xA3,0x10,0xA3,0x10,0xA3,0x10,0xA3,0x10,0xA3,0x10,0xA3,0x10,0xA3,0x10,
    0xA3,0x10,0xA3,0x10,0xA3,0x10,0xA3,0x10,0xA3,0x10,0xA3,0x10,0xA3,0x10,0xA3,0x10,
    0xA3,0x10,0xA3,0x10,0xA3,0x10,0xA3,0x10,0xA3,0x10,0xA3,0x10,0xA3,0x10,0xA3,0x10,
    0xA3,0x10,0xC4,0x10,0x61,0x08,0xA9,0x29,0x9F,0x85,0x9F,0x7D,0x7F,0x7D,0x9F,0x7D,
    0x9F,0x7D,0x9F,0x7D,0x9F,0x7D,0x9F,0x7D,0x7F,0x7D,0xDF,0x85,0xB5,0x53,0x61,0x08,
    0xC4,0x10,0xA3,0x10,0xA3,0x10,0xA3,0x10,0xA3,0x10,0xA3,0x10,0xA3,0x10,0xA3,0x10,
    0xA3,0x10,0xA3,0x10,0xA3,0x10,0xA3,0x10,0xA3,0x10,0xA3,0x10,0xA3,0x10,0xA3,0x10,
    0xA3,0x10,0xA3,0x10,0xA3,0x10,0xC3,0x10,0xA3,0x10,0x00,0x00,0x00,0x00,0x00,0x00,
    0x00,0x00,0x00,0x00,0xA3,0x10,0xA3,0x10,0xA3,0x10,0xA3,0x10,0xA3,0x10,0xA3,0x10,
    0xA3,0x10,0xA3,0x10,0xA3,0x10,0xA3,0x10,0xA3,0x10,0xA3,0x10,0xA3,0x10,0xA3,0x10,
    0xA3,0x10,0xA3,0x10,0xA3,0x10,0xA3,0x10,0xA3,0x10,0xA3,0x10,0xA3,0x10,0xA3,0x10,
    0xC3,0x10,0x25,0x21,0x25,0x21,0x25,0x21,0x25,0x21,0x25,0x21,0x25,0x21,0x25,0x21,
    0x25,0x21,0x25,0x21,0x25,0x21,0xE4,0x18,0xA3,0x10,0xA3,0x10,0xA3,0x10,0xA3,0x10,
    0xA3,0x10,0xA3,0x10,0xA3,0x10,0xA3,0x10,0xA3,0x10,0xA3,0x10,0xA3,0x10,0xA3,0x10,
    0xA3,0x10,0xA3,0x10,0xA3,0x10,0xA3,0x10,0xA3,0x10,0xA3,0x10,0xA3,0x10,0xA3,0x10,
    0xA3,0x10,0xA3,0x10,0xA3,0x10,0xA3,0x10,0xA3,0x10,0xA3,0x10,0xA3,0x10,0xA3,0x10,
    0xA3,0x10,0xA3,0x10,0xA3,0x10,0xA3,0x10,0xA3,0x10,0xA3,0x10,0xA3,0x10,0xA3,0x10,
    0xA3,0x10,0xA3,0x10,0xA3,0x10,0xA3,0x10,0xA3,0x10,0xA3,0x10,0xA3,0x10,0xA3,0x10,
    0xA3,0x10,0xA3,0x10,0xC4,0x10,0x41,0x08,0xD0,0x42,0xFF,0x85,0x7F,0x7D,0x9F,0x7D,
    0x9F,0x7D,0x9F,0x7D,0x9F,0x7D,0x9F,0x7D,0x9F,0x7D,0x9F,0x7D,0x9F,0x7D,0x67,0x21,
    0x82,0x10,0xC3,0x10,0xA3,0x10,0xA3,0x10,0xA3,0x10,0xA3,0x10,0xA3,0x10,0xA3,0x10,
    0xA3,0x10,0xA3,0x10,0xA3,0x10,0xA3,0x10,0xA3,0x10,0xA3,0x10,0xA3,0x10,0xA3,0x10,
    0xA3,0x10,0xA3,0x10,0xA3,0x10,0xA3,0x10,0xA3,0x10,0xA3,0x10,0x00,0x00,0x00,0x00,
    0x07,0x00,0x00,0x00,0xA3,0x10,0xC3,0x10,0xA3,0x10,0xA3,0x10,0xA3,0x10,0xA3,0x10,
    0xA3,0x10,0xA3,0x10,0xA3,0x10,0xA3,0x10,0xA3,0x10,0xA3,0x10,0xA3,0x10,0xA3,0x10,
    0xA3,0x10,0xA3,0x10,0xA3,0x10,0xA3,0x10,0xA3,0x10,0xA3,0x10,0xA3,0x10,0xA3,0x10,
    0x04,0x19,0x25,0x21,0x25,0x21,0x25,0x21,0x25,0x21,0x25,0x21,0x25,0x21,0x25,0x21,
    0x25,0x21,0x25,0x21,0x04,0x19,0xA3,0x10,0xA3,0x10,0xA3,0x10,0xA3,0x10,0xA3,0x10,
    0xA3,0x10,0xA3,0x10,0xA3,0x10,0xA3,0x10,0xA3,0x10,0xA3,0x10,0xA3,0x10,0xA3,0x10,
    0xA3,0x10,0xA3,0x10,0xA3,0x10,0xA3,0x10,0xA3,0x10,0xA3,0x10,0xA3,0x10,0xA3,0x10,
    0xA3,0x10,0xA3,0x10,0xA3,0x10,0xA3,0x10,0xA3,0x10,0xA3,0x10,0xA3,0x10,0xA3,0x10,
    0xA3,0x10,0xA3,0x10,0xA3,0x10,0xA3,0x10,0xA3,0x10,0xA3,0x10,0xA3,0x10,0xA3,0x10,
    0xA3,0x10,0xA3,0x10,0xA3,0x10,0xA3,0x10,0xA3,0x10,0xA3,0x10,0xA3,0x10,0xA3,0x10,
    0xA3,0x10,0xA3,0x10,0xA3,0x10,0xC3,0x10,0x62,0x08,0xF6,0x5B,0xDF,0x85,0x7F,0x7D,
    0x9F,0x7D,0x9F,0x7D,0x9F,0x7D,0x9F,0x7D,0x9F,0x7D,0x7F,0x7D,0xDF,0x85,0xB5,0x53,
    0x61,0x08,0xC4,0x10,0xA3,0x10,0xA3,0x10,0xA3,0x10,0xA3,0x10,0xA3,0x10,0xA3,0x10,
    0xA3,0x10,0xA3,0x10,0xA3,0x10,0xA3,0x10,0xA3,0x10,0xA3,0x10,0xA3,0x10,0xA3,0x10,
    0xA3,0x10,0xA3,0x10,0xA3,0x10,0xA3,0x10,0xC3,0x10,0xA3,0x10,0x00,0x00,0x07,0x00,
    0x00,0x00,0x00,0x00,0xA3,0x10,0xC3,0x10,0xA3,0x10,0xA3,0x10,0xA3,0x10,0xA3,0x10,
    0xA3,0x10,0xA3,0x10,0xA3,0x10,0xA3,0x10,0xA3,0x10,0xA3,0x10,0xA3,0x10,0xA3,0x10,
    0xA3,0x10,0xA3,0x10,0xA3,0x10,0xA3,0x10,0xA3,0x10,0xA3,0x10,0xA3,0x10,0xC3,0x10,
    0x25,0x21,0x25,0x21,0x25,0x21,0x25,0x21,0x25,0x21,0x25,0x21,0x25,0x21,0x25,0x21,
    0x25,0x21,0x25,0x21,0xC3,0x10,0xA3,0x10,0xA3,0x10,0xA3,0x10,0xA3,0x10,0xA3,0x10,
    0xA3,0x10,0xA3,0x10,0xA3,0x10,0xA3,0x10,0xA3,0x10,0xA3,0x10,0xA3,0x10,0xA3,0x10,
    0xA3,0x10,0xA3,0x10,0xA3,0x10,0xA3,0x10,0xA3,0x10,0xA3,0x10,0xA3,0x10,0xA3,0x10,
    0xA3,0x10,0xA3,0x10,0xA3,0x10,0xA3,0x10,0xA3,0x10,0xA3,0x10,0xA3,0x10,0xA3,0x10,
    0xA3,0x10,0xA3,0x10,0xA3,0x10,0xA3,0x10,0xA3,0x10,0xA3,0x10,0xA3,0x10,0xA3,0x10,
    0xA3,0x10,0xA3,0x10,0xA3,0x10,0xA3,0x10,0xA3,0x10,0xA3,0x10,0xA3,0x10,0xA3,0x10,
    0xA3,0x10,0xA3,0x10,0xA3,0x10,0xC3,0x10,0x82,0x10,0x05,0x19,0x5E,0x7D,0x9F,0x85,
    0x7F,0x7D,0x9F,0x7D,0x9F,0x7D,0x9F,0x7D,0x9F,0x7D,0x9F,0x7D,0x9F,0x7D,0x9F,0x7D,
    0x68,0x21,0x82,0x10,0xC3,0x10,0xA3,0x10,0xA3,0x10,0xA3,0x10,0xA3,0x10,0xA3,0x10,
    0xA3,0x10,0xA3,0x10,0xA3,0x10,0xA3,0x10,0xA3,0x10,0xA3,0x10,0xA3,0x10,0xA3,0x10,
    0xA3,0x10,0xA3,0x10,0xA3,0x10,0xA3,0x10,0xC3,0x10,0xA3,0x10,0x00,0x00,0x00,0x00,
    0x00,0x00,0xC3,0x18,0xA3,0x10,0xA3,0x10,0xA3,0x10,0xA3,0x10,0xA3,0x10,0xA3,0x10,
    0xA3,0x10,0xA3,0x10,0xA3,0x10,0xA3,0x10,0xA3,0x10,0xA3,0x10,0xA3,0x10,0xA3,0x10,
    0xA3,0x10,0xA3,0x10,0xA3,0x10,0xA3,0x10,0xA3,0x10,0xA3,0x10,0xA3,0x10,0x04,0x19,
    0x25,0x21,0x25,0x21,0x25,0x21,0x25,0x21,0x25,0x21,0x25,0x21,0x25,0x21,0x25,0x21,
    0x25,0x21,0xE4,0x18,0xA3,0x10,0xA3,0x10,0xA3,0x10,0xA3,0x10,0xA3,0x10,0xA3,0x10,
    0xA3,0x10,0xA3,0x10,0xA3,0x10,0xA3,0x10,0xA3,0x10,0xA3,0x10,0xA3,0x10,0xA3,0x10,
    0xA3,0x10,0xA3,0x10,0xA3,0x10,0xA3,0x10,0xA3,0x10,0xA3,0x10,0xA3,0x10,0xA3,0x10,
    0xA3,0x10,0xA3,0x10,0xA3,0x10,0xA3,0x10,0xA3,0x10,0xA3,0x10,0xA3,0x10,0xA3,0x10,
    0xA3,0x10,0xA3,0x10,0xA3,0x10,0xA3,0x10,0xA3,0x10,0xA3,0x10,0xA3,0x10,0xA3,0x10,
    0xA3,0x10,0xA3,0x10,0xA3,0x10,0xA3,0x10,0xA3,0x10,0xA3,0x10,0xA3,0x10,0xA3,0x10,
    0xA3,0x10,0xA3,0x10,0xA3,0x10,0xA3,0x10,0xC4,0x10,0x61,0x08,0xCF,0x42,0xDF,0x85,
    0x7F,0x7D,0x9F,0x7D,0x9F,0x7D,0x9F,0x7D,0x9F,0x7D,0x9F,0x7D,0x7F,0x7D,0xDF,0x85,
    0xB4,0x53,0x61,0x08,0xC4,0x10,0xA3,0x10,0xA3,0x10,0xA3,0x10,0xA3,0x10,0xA3,0x10,
    0xA3,0x10,0xA3,0x10,0xA3,0x10,0xA3,0x10,0xA3,0x10,0xA3,0x10,0xA3,0x10,0xA3,0x10,
    0xA3,0x10,0xA3,0x10,0xA3,0x10,0xA3,0x10,0xA3,0x10,0xA3,0x10,0xC3,0x18,0x00,0x00,
    0x00,0x00,0xC3,0x10,0xC3,0x10,0xA3,0x10,0xA3,0x10,0xA3,0x10,0xA3,0x10,0xA3,0x10,
    0xA3,0x10,0xA3,0x10,0xA3,0x10,0xA3,0x10,0xA3,0x10,0xA3,0x10,0xA3,0x10,0xA3,0x10,
    0xA3,0x10,0xA3,0x10,0xA3,0x10,0xA3,0x10,0xA3,0x10,0xA3,0x10,0xC3,0x10,0x25,0x21,
    0x25,0x21,0x25,0x21,0x25,0x21,0x25,0x21,0x25,0x21,0x25,0x21,0x25,0x21,0x25,0x21,
    0x25,0x21,0xA3,0x10,0xA3,0x10,0xA3,0x10,0xA3,0x10,0xA3,0x10,0xA3,0x10,0xA3,0x10,
    0xA3,0x10,0xA3,0x10,0xA3,0x10,0xA3,0x10,0xA3,0x10,0xA3,0x10,0xA3,0x10,0xA3,0x10,
    0xA3,0x10,0xA3,0x10,0xA3,0x10,0xA3,0x10,0xA3,0x10,0xA3,0x10,0xA3,0x10,0xA3,0x10,
    0xA3,0x10,0xA3,0x10,0xA3,0x10,0xA3,0x10,0xA3,0x10,0xA3,0x10,0xA3,0x10,0xA3,0x10,
    0xA3,0x10,0xA3,0x10,0xA3,0x10,0xA3,0x10,0xA3,0x10,0xA3,0x10,0xA3,0x10,0xA3,0x10,
    0xA3,0x10,0xA3,0x10,0xA3,0x10,0xA3,0x10,0xA3,0x10,0xA3,0x10,0xA3,0x10,0xA3,0x10,
    0xA3,0x10,0xA3,0x10,0xA3,0x10,0xA3,0x10,0xA3,0x10,0xA3,0x10,0xA3,0x10,0xDB,0x6C,
    0xBF,0x85,0x7F,0x7D,0x9F,0x7D,0x9F,0x7D,0x9F,0x7D,0x9F,0x7D,0x7F,0x7D,0x9F,0x85,
    0x3D,0x7D,0x05,0x19,0xA3,0x10,0xC3,0x10,0xA3,0x10,0xA3,0x10,0xA3,0x10,0xA3,0x10,
    0xA3,0x10,0xA3,0x10,0xA3,0x10,0xA3,0x10,0xA3,0x10,0xA3,0x10,0xA3,0x10,0xA3,0x10,
    0xA3,0x10,0xA3,0x10,0xA3,0x10,0xA3,0x10,0xA3,0x10,0xC3,0x10,0xC3,0x10,0x00,0x00,
    0x00,0x00,0xA3,0x10,0xC3,0x10,0xA3,0x10,0xA3,0x10,0xA3,0x10,0xA3,0x10,0xA3,0x10,
    0xA3,0x10,0xA3,0x10,0xA3,0x10,0xA3,0x10,0xA3,0x10,0xA3,0x10,0xA3,0x10,0xA3,0x10,
    0xA3,0x10,0xA3,0x10,0xA3,0x10,0xA3,0x10,0xA3,0x10,0xA3,0x10,0xE4,0x18,0x25,0x21,
    0x25,0x21,0x25,0x21,0x25,0x21,0x25,0x21,0x25,0x21,0x25,0x21,0x25,0x21,0x25,0x21,
    0xE4,0x18,0xA3,0x10,0xA3,0x10,0xA3,0x10,0xA3,0x10,0xA3,0x10,0xA3,0x10,0xA3,0x10,
    0xA3,0x10,0xA3,0x10,0xA3,0x10,0xA3,0x10,0xA3,0x10,0xA3,0x10,0xA3,0x10,0xA3,0x10,
    0xA3,0x10,0xA3,0x10,0xA3,0x10,0xA3,0x10,0xA3,0x10,0xA3,0x10,0xA3,0x10,0xA3,0x10,
    0xA3,0x10,0xA3,0x10,0xA3,0x10,0xA3,0x10,0xA3,0x10,0xA3,0x10,0xA3,0x10,0xA3,0x10,
    0xA3,0x10,0xA3,0x10,0xA3,0x10,0xA3,0x10,0xA3,0x10,0xA3,0x10,0xA3,0x10,0xA3,0x10,
    0xA3,0x10,0xA3,0x10,0xA3,0x10,0xA3,0x10,0xA3,0x10,0xA3,0x10,0xA3,0x10,0xA3,0x10,
    0xA3,0x10,0xA3,0x10,0xA3,0x10,0xA3,0x10,0xA3,0x10,0xC4,0x10,0x61,0x08,0x8E,0x3A,
    0xDF,0x85,0x7F,0x7D,0x9F,0x7D,0x9F,0x7D,0x9F,0x7D,0x9F,0x7D,0x9F,0x7D,0x7F,0x7D,
    0xDF,0x85,0x8E,0x3A,0x61,0x08,0xC4,0x10,0xA3,0x10,0xA3,0x10,0xA3,0x10,0xA3,0x10,
    0xA3,0x10,0xA3,0x10,0xA3,0x10,0xA3,0x10,0xA3,0x10,0xA3,0x10,0xA3,0x10,0xA3,0x10,
    0xA3,0x10,0xA3,0x10,0xA3,0x10,0xA3,0x10,0xA3,0x10,0xC3,0x10,0xA3,0x10,0x00,0x00,
    0x00,0x00,0xA3,0x10,0xC3,0x10,0xA3,0x10,0xA3,0x10,0xA3,0x10,0xA3,0x10,0xA3,0x10,
    0xA3,0x10,0xA3,0x10,0xA3,0x10,0xA3,0x10,0xA3,0x10,0xA3,0x10,0xA3,0x10,0xA3,0x10,
    0xA3,0x10,0xA3,0x10,0xA3,0x10,0xA3,0x10,0xA3,0x10,0xA3,0x10,0x05,0x19,0x25,0x21,
    0x25,0x21,0x25,0x21,0x25,0x21,0x25,0x21,0x25,0x21,0x25,0x21,0x25,0x21,0x25,0x21,
    0xA3,0x10,0xA3,0x10,0xA3,0x10,0xA3,0x10,0xA3,0x10,0xA3,0x10,0xA3,0x10,0xA3,0x10,
    0xA3,0x10,0xA3,0x10,0xA3,0x10,0xA3,0x10,0xA3,0x10,0xA3,0x10,0xA3,0x10,0xA3,0x10,
    0xA3,0x10,0xA3,0x10,0xA3,0x10,0xA3,0x10,0xA3,0x10,0xA3,0x10,0xA3,0x10,0xA3,0x10,
    0xA3,0x10,0xA3,0x10,0xA3,0x10,0xA3,0x10,0xA3,0x10,0xA3,0x10,0xA3,0x10,0xA3,0x10,
    0xA3,0x10,0xA3,0x10,0xA3,0x10,0xA3,0x10,0xA3,0x10,0xA3,0x10,0xA3,0x10,0xA3,0x10,
    0xA3,0x10,0xA3,0x10,0xA3,0x10,0xA3,0x10,0xA3,0x10,0xA3,0x10,0xA3,0x10,0xA3,0x10,
    0xA3,0x10,0xA3,0x10,0xA3,0x10,0xA3,0x10,0xA3,0x10,0xA3,0x10,0xA3,0x10,0xC3,0x10,
    0xDC,0x74,0xBF,0x85,0x7F,0x7D,0x9F,0x7D,0x9F,0x7D,0x9F,0x7D,0x9F,0x7D,0x7F,0x7D,
    0xDF,0x85,0x17,0x64,0x62,0x08,0xC4,0x10,0xA3,0x10,0xA3,0x10,0xA3,0x10,0xA3,0x10,
    0xA3,0x10,0xA3,0x10,0xA3,0x10,0xA3,0x10,0xA3,0x10,0xA3,0x10,0xA3,0x10,0xA3,0x10,
    0xA3,0x10,0xA3,0x10,0xA3,0x10,0xA3,0x10,0xA3,0x10,0xC3,0x10,0xA3,0x10,0x00,0x00,
    0x45,0x01,0xA3,0x10,0xA3,0x10,0xA3,0x10,0xA3,0x10,0xA3,0x10,0xA3,0x10,0xA3,0x10,
    0xA3,0x10,0xA3,0x10,0xA3,0x10,0xA3,0x10,0xA3,0x10,0xA3,0x10,0xA3,0x10,0xA3,0x10,
    0xA3,0x10,0xA3,0x10,0xA3,0x10,0xA3,0x10,0xA3,0x10,0xC3,0x10,0x25,0x21,0x25,0x21,
    0x25,0x21,0x25,0x21,0x25,0x21,0x25,0x21,0x25,0x21,0x25,0x21,0x25,0x21,0xE4,0x18,
    0xA3,0x10,0xA3,0x10,0xA3,0x10,0xA3,0x10,0xA3,0x10,0xA3,0x10,0xA3,0x10,0xA3,0x10,
    0xA3,0x10,0xA3,0x10,0xA3,0x10,0xA3,0x10,0xA3,0x10,0xA3,0x10,0xA3,0x10,0xA3,0x10,
    0xA3,0x10,0xA3,0x10,0xA3,0x10,0xA3,0x10,0xA3,0x10,0xA3,0x10,0xA3,0x10,0xA3,0x10,
    0xA3,0x10,0xA3,0x10,0xA3,0x10,0xA3,0x10,0xA3,0x10,0xA3,0x10,0xA3,0x10,0xA3,0x10,
    0xA3,0x10,0xA3,0x10,0xA3,0x10,0xA3,0x10,0xA3,0x10,0xA3,0x10,0xA3,0x10,0xA3,0x10,
    0xA3,0x10,0xA3,0x10,0xA3,0x10,0xA3,0x10,0xA3,0x10,0xA3,0x10,0xA3,0x10,0xA3,0x10,
    0xA3,0x10,0xA3,0x10,0xA3,0x10,0xA3,0x10,0xA3,0x10,0xA3,0x10,0xC4,0x10,0x61,0x08,
    0x31,0x4B,0xFF,0x85,0x7F,0x7D,0x9F,0x7D,0x9F,0x7D,0x9F,0x7D,0x9F,0x7D,0x7F,0x7D,
    0x9F,0x85,0x5E,0x7D,0x26,0x19,0x83,0x10,0xC3,0x10,0xA3,0x10,0xA3,0x10,0xA3,0x10,
    0xA3,0x10,0xA3,0x10,0xA3,0x10,0xA3,0x10,0xA3,0x10,0xA3,0x10,0xA3,0x10,0xA3,0x10,
    0xA3,0x10,0xA3,0x10,0xA3,0x10,0xA3,0x10,0xA3,0x10,0xA3,0x10,0xA3,0x10,0x45,0x01,
    0xA3,0x08,0xA3,0x10,0xA3,0x10,0xA3,0x10,0xA3,0x10,0xA3,0x10,0xA3,0x10,0xA3,0x10,
    0xA3,0x10,0xA3,0x10,0xA3,0x10,0xA3,0x10,0xA3,0x10,0xA3,0x10,0xA3,0x10,0xA3,0x10,
    0xA3,0x10,0xA3,0x10,0xA3,0x10,0xA3,0x10,0xA3,0x10,0xE4,0x18,0x25,0x21,0x25,0x21,
    0x25,0x21,0x25,0x21,0x25,0x21,0x25,0x21,0x25,0x21,0x25,0x21,0x25,0x21,0xC3,0x10,
    0xA3,0x10,0xA3,0x10,0xA3,0x10,0xA3,0x10,0xA3,0x10,0xA3,0x10,0xA3,0x10,0xA3,0x10,
    0xA3,0x10,0xA3,0x10,0xA3,0x10,0xA3,0x10,0xA3,0x10,0xA3,0x10,0xA3,0x10,0xA3,0x10,
    0xA3,0x10,0xA3,0x10,0xA3,0x10,0xA3,0x10,0xA3,0x10,0xA3,0x10,0xA3,0x10,0xA3,0x10,
    0xA3,0x10,0xA3,0x10,0xA3,0x10,0xA3,0x10,0xA3,0x10,0xA3,0x10,0xA3,0x10,0xA3,0x10,
    0xA3,0x10,0xA3,0x10,0xA3,0x10,0xA3,0x10,0xA3,0x10,0xA3,0x10,0xA3,0x10,0xA3,0x10,
    0xA3,0x10,0xA3,0x10,0xA3,0x10,0xA3,0x10,0xA3,0x10,0xA3,0x10,0xA3,0x10,0xA3,0x10,
    0xA3,0x10,0xA3,0x10,0xA3,0x10,0xA3,0x10,0xA3,0x10,0xA3,0x10,0xC3,0x10,0x82,0x10,
    0x47,0x21,0x7E,0x7D,0x9F,0x85,0x7F,0x7D,0x9F,0x7D,0x9F,0x7D,0x9F,0x7D,0x9F,0x7D,
    0x7F,0x7D,0xDF,0x85,0x4C,0x32,0x61,0x08,0xC4,0x10,0xA3,0x10,0xA3,0x10,0xA3,0x10,
    0xA3,0x10,0xA3,0x10,0xA3,0x10,0xA3,0x10,0xA3,0x10,0xA3,0x10,0xA3,0x10,0xA3,0x10,
    0xA3,0x10,0xA3,0x10,0xA3,0x10,0xA3,0x10,0xA3,0x10,0xA3,0x10,0xA3,0x10,0xA3,0x08,
    0xA3,0x10,0xC3,0x10,0xA3,0x10,0xA3,0x10,0xA3,0x10,0xA3,0x10,0xA3,0x10,0xA3,0x10,
    0xA3,0x10,0xA3,0x10,0xA3,0x10,0xA3,0x10,0xA3,0x10,0xA3,0x10,0xA3,0x10,0xA3,0x10,
    0xA3,0x10,0xA3,0x10,0xA3,0x10,0xA3,0x10,0xA3,0x10,0x04,0x19,0x25,0x21,0x25,0x21,
    0x25,0x21,0x25,0x21,0x25,0x21,0x25,0x21,0x25,0x21,0x25,0x21,0x05,0x21,0xA3,0x10,
    0xA3,0x10,0xA3,0x10,0xA3,0x10,0xA3,0x10,0xA3,0x10,0xA3,0x10,0xA3,0x10,0xA3,0x10,
    0xA3,0x10,0xA3,0x10,0xA3,0x10,0xA3,0x10,0xA3,0x10,0xA3,0x10,0xA3,0x10,0xA3,0x10,
    0xA3,0x10,0xA3,0x10,0xA3,0x10,0xA3,0x10,0xA3,0x10,0xA3,0x10,0xA3,0x10,0xA3,0x10,
    0xA3,0x10,0xA3,0x10,0xA3,0x10,0xA3,0x10,0xA3,0x10,0xA3,0x10,0xA3,0x10,0xA3,0x10,
    0xA3,0x10,0xA3,0x10,0xA3,0x10,0xA3,0x10,0xA3,0x10,0xA3,0x10,0xA3,0x10,0xA3,0x10,
    0xA3,0x10,0xA3,0x10,0xA3,0x10,0xA3,0x10,0xA3,0x10,0xA3,0x10,0xA3,0x10,0xA3,0x10,
    0xA3,0x10,0xA3,0x10,0xA3,0x10,0xA3,0x10,0xA3,0x10,0xA3,0x10,0xA3,0x10,0xC3,0x10,
    0x62,0x08,0x58,0x64,0xDF,0x85,0x7F,0x7D,0x9F,0x7D,0x9F,0x7D,0x9F,0x7D,0x9F,0x7D,
    0x7F,0x7D,0xDF,0x85,0x73,0x53,0x41,0x08,0xC4,0x10,0xA3,0x10,0xA3,0x10,0xA3,0x10,
    0xA3,0x10,0xA3,0x10,0xA3,0x10,0xA3,0x10,0xA3,0x10,0xA3,0x10,0xA3,0x10,0xA3,0x10,
    0xA3,0x10,0xA3,0x10,0xA3,0x10,0xA3,0x10,0xA3,0x10,0xA3,0x10,0xC3,0x10,0xA3,0x10,
    0xA3,0x10,0xC3,0x10,0xA3,0x10,0xA3,0x10,0xA3,0x10,0xA3,0x10,0xA3,0x10,0xA3,0x10,
    0xA3,0x10,0xA3,0x10,0xA3,0x10,0xA3,0x10,0xA3,0x10,0xA3,0x10,0xA3,0x10,0xA3,0x10,
    0xA3,0x10,0xA3,0x10,0xA3,0x10,0xA3,0x10,0xA3,0x10,0x05,0x21,0x25,0x21,0x25,0x21,
    0x25,0x21,0x25,0x21,0x25,0x21,0x25,0x21,0x25,0x21,0x25,0x21,0xE4,0x18,0xA3,0x10,
    0xA3,0x10,0xA3,0x10,0xA3,0x10,0xA3,0x10,0xA3,0x10,0xA3,0x10,0xA3,0x10,0xA3,0x10,
    0xA3,0x10,0xA3,0x10,0xA3,0x10,0xA3,0x10,0xA3,0x10,0xA3,0x10,0xA3,0x10,0xA3,0x10,
    0xA3,0x10,0xA3,0x10,0xA3,0x10,0xA3,0x10,0xA3,0x10,0xA3,0x10,0xA3,0x10,0xA3,0x10,
    0xA3,0x10,0xA3,0x10,0xA3,0x10,0xA3,0x10,0xA3,0x10,0xA3,0x10,0xA3,0x10,0xA3,0x10,
    0xA3,0x10,0xA3,0x10,0xA3,0x10,0xA3,0x10,0xA3,0x10,0xA3,0x10,0xA3,0x10,0xA3,0x10,
    0xA3,0x10,0xA3,0x10,0xA3,0x10,0xA3,0x10,0xA3,0x10,0xA3,0x10,0xA3,0x10,0xA3,0x10,
    0xA3,0x10,0xA3,0x10,0xA3,0x10,0xA3,0x10,0xA3,0x10,0xA3,0x10,0xA3,0x10,0xC4,0x10,
    0x61,0x08,0xF0,0x42,0xDF,0x85,0x7F,0x7D,0x9F,0x7D,0x9F,0x7D,0x9F,0x7D,0x9F,0x7D,
    0x7F,0x7D,0xBF,0x85,0x9A,0x6C,0xA3,0x10,0xA3,0x10,0xA3,0x10,0xA3,0x10,0xA3,0x10,
    0xA3,0x10,0xA3,0x10,0xA3,0x10,0xA3,0x10,0xA3,0x10,0xA3,0x10,0xA3,0x10,0xA3,0x10,
    0xA3,0x10,0xA3,0x10,0xA3,0x10,0xA3,0x10,0xA3,0x10,0xA3,0x10,0xC3,0x10,0xA3,0x10,
    0xA3,0x10,0xC3,0x10,0xA3,0x10,0xA3,0x10,0xA3,0x10,0xA3,0x10,0xA3,0x10,0xA3,0x10,
    0xA3,0x10,0xA3,0x10,0xA3,0x10,0xA3,0x10,0xA3,0x10,0xA3,0x10,0xA3,0x10,0xA3,0x10,
    0xA3,0x10,0xA3,0x10,0xA3,0x10,0xA3,0x10,0xC3,0x10,0x25,0x21,0x25,0x21,0x25,0x21,
    0x25,0x21,0x25,0x21,0x25,0x21,0x25,0x21,0x25,0x21,0x25,0x21,0xC4,0x10,0xA3,0x10,
    0xA3,0x10,0xA3,0x10,0xA3,0x10,0xA3,0x10,0xA3,0x10,0xA3,0x10,0xA3,0x10,0xA3,0x10,
    0xA3,0x10,0xA3,0x10,0xA3,0x10,0xA3,0x10,0xA3,0x10,0xA3,0x10,0xA3,0x10,0xA3,0x10,
    0xA3,0x10,0xA3,0x10,0xA3,0x10,0xA3,0x10,0xA3,0x10,0xA3,0x10,0xA3,0x10,0xA3,0x10,
    0xA3,0x10,0xA3,0x10,0xA3,0x10,0xA3,0x10,0xA3,0x10,0xA3,0x10,0xA3,0x10,0xA3,0x10,
    0xA3,0x10,0xA3,0x10,0xA3,0x10,0xA3,0x10,0xA3,0x10,0xA3,0x10,0xA3,0x10,0xA3,0x10,
    0xA3,0x10,0xA3,0x10,0xA3,0x10,0xA3,0x10,0xA3,0x10,0xA3,0x10,0xA3,0x10,0xA3,0x10,
    0xA3,0x10,0xA3,0x10,0xA3,0x10,0xA3,0x10,0xA3,0x10,0xA3,0x10,0xA3,0x10,0xC4,0x10,
    0x82,0x08,0xA9,0x29,0xBF,0x85,0x9F,0x7D,0x9F,0x7D,0x9F,0x7D,0x9F,0x7D,0x9F,0x7D,
    0x7F,0x7D,0x9F,0x85,0x5E,0x7D,0x26,0x19,0x83,0x10,0xC3,0x10,0xA3,0x10,0xA3,0x10,
    0xA3,0x10,0xA3,0x10,0xA3,0x10,0xA3,0x10,0xA3,0x10,0xA3,0x10,0xA3,0x10,0xA3,0x10,
    0xA3,0x10,0xA3,0x10,0xA3,0x10,0xA3,0x10,0xA3,0x10,0xA3,0x10,0xC3,0x10,0xA3,0x10,
    0xA3,0x10,0xC3,0x10,0xA3,0x10,0xA3,0x10,0xA3,0x10,0xA3,0x10,0xA3,0x10,0xA3,0x10,
    0xA3,0x10,0xA3,0x10,0xA3,0x10,0xA3,0x10,0xA3,0x10,0xA3,0x10,0xA3,0x10,0xA3,0x10,
    0xA3,0x10,0xA3,0x10,0xA3,0x10,0xA3,0x10,0xC4,0x10,0x25,0x21,0x25,0x21,0x25,0x21,
    0x25,0x21,0x25,0x21,0x25,0x21,0x25,0x21,0x25,0x21,0x25,0x21,0xA3,0x10,0xA3,0x10,
    0xA3,0x10,0xA3,0x10,0xA3,0x10,0xA3,0x10,0xA3,0x10,0xA3,0x10,0xA3,0x10,0xA3,0x10,
    0xA3,0x10,0xA3,0x10,0xA3,0x10,0xA3,0x10,0xA3,0x10,0xA3,0x10,0xA3,0x10,0xA3,0x10,
    0xA3,0x10,0xA3,0x10,0xA3,0x10,0xA3,0x10,0xA3,0x10,0xA3,0x10,0xA3,0x10,0xA3,0x10,
    0xA3,0x10,0xA3,0x10,0xA3,0x10,0xA3,0x10,0xA3,0x10,0xA3,0x10,0xA3,0x10,0xA3,0x10,
    0xA3,0x10,0xA3,0x10,0xA3,0x10,0xA3,0x10,0xA3,0x10,0xA3,0x10,0xA3,0x10,0xA3,0x10,
    0xA3,0x10,0xA3,0x10,0xA3,0x10,0xA3,0x10,0xA3,0x10,0xA3,0x10,0xA3,0x10,0xA3,0x10,
    0xA3,0x10,0xA3,0x10,0xA3,0x10,0xA3,0x10,0xA3,0x10,0xA3,0x10,0xA3,0x10,0xC3,0x10,
    0xA3,0x10,0xE4,0x10,0xFC,0x74,0xBF,0x85,0x7F,0x7D,0x9F,0x7D,0x9F,0x7D,0x9F,0x7D,
    0x9F,0x7D,0x7F,0x7D,0xBF,0x85,0xCA,0x29,0x82,0x08,0xC4,0x10,0xA3,0x10,0xA3,0x10,
    0xA3,0x10,0xA3,0x10,0xA3,0x10,0xA3,0x10,0xA3,0x10,0xA3,0x10,0xA3,0x10,0xA3,0x10,
    0xA3,0x10,0xA3,0x10,0xA3,0x10,0xA3,0x10,0xA3,0x10,0xA3,0x10,0xC3,0x10,0xA3,0x10,
    0xA3,0x10,0xC3,0x10,0xA3,0x10,0xA3,0x10,0xA3,0x10,0xA3,0x10,0xA3,0x10,0xA3,0x10,
    0xA3,0x10,0xA3,0x10,0xA3,0x10,0xA3,0x10,0xA3,0x10,0xA3,0x10,0xA3,0x10,0xA3,0x10,
    0xA3,0x10,0xA3,0x10,0xA3,0x10,0xA3,0x10,0xE4,0x18,0x25,0x21,0x25,0x21,0x25,0x21,
    0x25,0x21,0x25,0x21,0x25,0x21,0x25,0x21,0x25,0x21,0x05,0x21,0xA3,0x10,0xA3,0x10,
    0xA3,0x10,0xA3,0x10,0xA3,0x10,0xA3,0x10,0xA3,0x10,0xA3,0x10,0xA3,0x10,0xA3,0x10,
    0xA3,0x10,0xA3,0x10,0xA3,0x10,0xA3,0x10,0xA3,0x10,0xA3,0x10,0xA3,0x10,0xA3,0x10,
    0xA3,0x10,0xA3,0x10,0xA3,0x10,0xA3,0x10,0xA3,0x10,0xA3,0x10,0xA3,0x10,0xA3,0x10,
    0xA3,0x10,0xA3,0x10,0xA3,0x10,0xA3,0x10,0xA3,0x10,0xA3,0x10,0xA3,0x10,0xA3,0x10,
    0xA3,0x10,0xA3,0x10,0xA3,0x10,0xA3,0x10,0xA3,0x10,0xA3,0x10,0xA3,0x10,0xA3,0x10,
    0xA3,0x10,0xA3,0x10,0xA3,0x10,0xA3,0x10,0xA3,0x10,0xA3,0x10,0xA3,0x10,0xA3,0x10,
    0xA3,0x10,0xA3,0x10,0xA3,0x10,0xA3,0x10,0xA3,0x10,0xA3,0x10,0xA3,0x10,0xA3,0x10,
    0xC3,0x10,0x82,0x08,0x58,0x64,0xDF,0x85,0x7F,0x7D,0x9F,0x7D,0x9F,0x7D,0x9F,0x7D,
    0x9F,0x7D,0x7F,0x7D,0xDF,0x85,0x8E,0x3A,0x61,0x08,0xC4,0x10,0xA3,0x10,0xA3,0x10,
    0xA3,0x10,0xA3,0x10,0xA3,0x10,0xA3,0x10,0xA3,0x10,0xA3,0x10,0xA3,0x10,0xA3,0x10,
    0xA3,0x10,0xA3,0x10,0xA3,0x10,0xA3,0x10,0xA3,0x10,0xA3,0x10,0xC3,0x10,0xA3,0x10,
    0xA3,0x10,0xC3,0x10,0xA3,0x10,0xA3,0x10,0xA3,0x10,0xA3,0x10,0xA3,0x10,0xA3,0x10,
    0xA3,0x10,0xA3,0x10,0xA3,0x10,0xA3,0x10,0xA3,0x10,0xA3,0x10,0xA3,0x10,0xA3,0x10,
    0xA3,0x10,0xA3,0x10,0xA3,0x10,0xA3,0x10,0xE4,0x18,0x25,0x21,0x25,0x21,0x25,0x21,
    0x25,0x21,0x25,0x21,0x25,0x21,0x25,0x21,0x25,0x21,0x04,0x19,0xA3,0x10,0xA3,0x10,
    0xA3,0x10,0xA3,0x10,0xA3,0x10,0xA3,0x10,0xA3,0x10,0xA3,0x10,0xA3,0x10,0xA3,0x10,
    0xA3,0x10,0xA3,0x10,0xA3,0x10,0xA3,0x10,0xA3,0x10,0xA3,0x10,0xA3,0x10,0xA3,0x10,
    0xA3,0x10,0xA3,0x10,0xA3,0x10,0xA3,0x10,0xA3,0x10,0xA3,0x10,0xA3,0x10,0xA3,0x10,
    0xA3,0x10,0xA3,0x10,0xA3,0x10,0xA3,0x10,0xA3,0x10,0xA3,0x10,0xA3,0x10,0xA3,0x10,
    0xA3,0x10,0xA3,0x10,0xA3,0x10,0xA3,0x10,0xA3,0x10,0xA3,0x10,0xA3,0x10,0xA3,0x10,
    0xA3,0x10,0xA3,0x10,0xA3,0x10,0xA3,0x10,0xA3,0x10,0xA3,0x10,0xA3,0x10,0xA3,0x10,
    0xA3,0x10,0xA3,0x10,0xA3,0x10,0xA3,0x10,0xA3,0x10,0xA3,0x10,0xA3,0x10,0xA3,0x10,
    0xC4,0x10,0x61,0x08,0x73,0x53,0xDF,0x85,0x7F,0x7D,0x9F,0x7D,0x9F,0x7D,0x9F,0x7D,
    0x9F,0x7D,0x7F,0x7D,0xFF,0x85,0x31,0x4B,0x41,0x08,0xC4,0x10,0xA3,0x10,0xA3,0x10,
    0xA3,0x10,0xA3,0x10,0xA3,0x10,0xA3,0x10,0xA3,0x10,0xA3,0x10,0xA3,0x10,0xA3,0x10,
    0xA3,0x10,0xA3,0x10,0xA3,0x10,0xA3,0x10,0xA3,0x10,0xA3,0x10,0xC3,0x10,0xA3,0x10,
    0xA3,0x10,0xA3,0x10,0xA3,0x10,0xA3,0x10,0xA3,0x10,0xA3,0x10,0xA3,0x10,0xA3,0x10,
    0xA3,0x10,0xA3,0x10,0xA3,0x10,0xA3,0x10,0xA3,0x10,0xA3,0x10,0xA3,0x10,0xA3,0x10,
    0xA3,0x10,0xA3,0x10,0xA3,0x10,0xA3,0x10,0x04,0x19,0x25,0x21,0x25,0x21,0x25,0x21,
    0x25,0x21,0x25,0x21,0x25,0x21,0x25,0x21,0x25,0x21,0xE4,0x18,0xA3,0x10,0xA3,0x10,
    0xA3,0x10,0xA3,0x10,0xA3,0x10,0xA3,0x10,0xA3,0x10,0xA3,0x10,0xA3,0x10,0xA3,0x10,
    0xA3,0x10,0xA3,0x10,0xA3,0x10,0xA3,0x10,0xA3,0x10,0xA3,0x10,0xA3,0x10,0xA3,0x10,
    0xA3,0x10,0xA3,0x10,0xA3,0x10,0xA3,0x10,0xA3,0x10,0xA3,0x10,0xA3,0x10,0xA3,0x10,
    0xA3,0x10,0xA3,0x10,0xA3,0x10,0xA3,0x10,0xA3,0x10,0xA3,0x10,0xA3,0x10,0xA3,0x10,
    0xA3,0x10,0xA3,0x10,0xA3,0x10,0xA3,0x10,0xA3,0x10,0xA3,0x10,0xA3,0x10,0xA3,0x10,
    0xA3,0x10,0xA3,0x10,0xA3,0x10,0xA3,0x10,0xA3,0x10,0xA3,0x10,0xA3,0x10,0xA3,0x10,
    0xA3,0x10,0xA3,0x10,0xA3,0x10,0xA3,0x10,0xA3,0x10,0xA3,0x10,0xA3,0x10,0xA3,0x10,
    0xC4,0x10,0x41,0x08,0x31,0x4B,0xFF,0x85,0x7F,0x7D,0x9F,0x7D,0x9F,0x7D,0x9F,0x7D,
    0x9F,0x7D,0x7F,0x7D,0xDF,0x85,0x73,0x53,0x61,0x08,0xC4,0x10,0xA3,0x10,0xA3,0x10,
    0xA3,0x10,0xA3,0x10,0xA3,0x10,0xA3,0x10,0xA3,0x10,0xA3,0x10,0xA3,0x10,0xA3,0x10,
    0xA3,0x10,0xA3,0x10,0xA3,0x10,0xA3,0x10,0xA3,0x10,0xA3,0x10,0xA3,0x10,0xA3,0x10,
    0xA3,0x10,0xA3,0x10,0xA3,0x10,0xA3,0x10,0xA3,0x10,0xA3,0x10,0xA3,0x10,0xA3,0x10,
    0xA3,0x10,0xA3,0x10,0xA3,0x10,0xA3,0x10,0xA3,0x10,0xA3,0x10,0xA3,0x10,0xA3,0x10,
    0xA3,0x10,0xA3,0x10,0xA3,0x10,0xA3,0x10,0x05,0x21,0x25,0x21,0x25,0x21,0x25,0x21,
    0x25,0x21,0x25,0x21,0x25,0x21,0x25,0x21,0x25,0x21,0xE4,0x18,0xA3,0x10,0xA3,0x10,
    0xA3,0x10,0xA3,0x10,0xA3,0x10,0xA3,0x10,0xA3,0x10,0xA3,0x10,0xA3,0x10,0xA3,0x10,
    0xA3,0x10,0xA3,0x10,0xA3,0x10,0xA3,0x10,0xA3,0x10,0xA3,0x10,0xA3,0x10,0xA3,0x10,
    0xA3,0x10,0xA3,0x10,0xA3,0x10,0xA3,0x10,0xA3,0x10,0xA3,0x10,0xA3,0x10,0xA3,0x10,
    0xA3,0x10,0xA3,0x10,0xA3,0x10,0xA3,0x10,0xA3,0x10,0xA3,0x10,0xA3,0x10,0xA3,0x10,
    0xA3,0x10,0xA3,0x10,0xA3,0x10,0xA3,0x10,0xA3,0x10,0xA3,0x10,0xA3,0x10,0xA3,0x10,
    0xA3,0x10,0xA3,0x10,0xA3,0x10,0xA3,0x10,0xA3,0x10,0xA3,0x10,0xA3,0x10,0xA3,0x10,
    0xA3,0x10,0xA3,0x10,0xA3,0x10,0xA3,0x10,0xA3,0x10,0xA3,0x10,0xA3,0x10,0xA3,0x10,
    0xC4,0x10,0x62,0x08,0x4C,0x32,0xDF,0x85,0x7F,0x7D,0x9F,0x7D,0x9F,0x7D,0x9F,0x7D,
    0x9F,0x7D,0x7F,0x7D,0xDF,0x85,0x58,0x64,0x82,0x08,0xC3,0x10,0xA3,0x10,0xA3,0x10,
    0xA3,0x10,0xA3,0x10,0xA3,0x10,0xA3,0x10,0xA3,0x10,0xA3,0x10,0xA3,0x10,0xA3,0x10,
    0xA3,0x10,0xA3,0x10,0xA3,0x10,0xA3,0x10,0xA3,0x10,0xA3,0x10,0xA3,0x10,0xA3,0x10,
    0xA3,0x10,0xA3,0x10,0xA3,0x10,0xA3,0x10,0xA3,0x10,0xA3,0x10,0xA3,0x10,0xA3,0x10,
    0xA3,0x10,0xA3,0x10,0xA3,0x10,0xA3,0x10,0xA3,0x10,0xA3,0x10,0xA3,0x10,0xA3,0x10,
    0xA3,0x10,0xA3,0x10,0xA3,0x10,0xA3,0x10,0x05,0x21,0x25,0x21,0x25,0x21,0x25,0x21,
    0x25,0x21,0x25,0x21,0x25,0x21,0x25,0x21,0x25,0x21,0xC4,0x18,0xA3,0x10,0xA3,0x10,
    0xA3,0x10,0xA3,0x10,0xA3,0x10,0xA3,0x10,0xA3,0x10,0xA3,0x10,0xA3,0x10,0xA3,0x10,
    0xA3,0x10,0xA3,0x10,0xA3,0x10,0xA3,0x10,0xA3,0x10,0xA3,0x10,0xA3,0x10,0xA3,0x10,
    0xA3,0x10,0xA3,0x10,0xA3,0x10,0xA3,0x10,0xA3,0x10,0xA3,0x10,0xA3,0x10,0xA3,0x10,
    0xA3,0x10,0xA3,0x10,0xA3,0x10,0xA3,0x10,0xA3,0x10,0xA3,0x10,0xA3,0x10,0xA3,0x10,
    0xA3,0x10,0xA3,0x10,0xA3,0x10,0xA3,0x10,0xA3,0x10,0xA3,0x10,0xA3,0x10,0xA3,0x10,
    0xA3,0x10,0xA3,0x10,0xA3,0x10,0xA3,0x10,0xA3,0x10,0xA3,0x10,0xA3,0x10,0xA3,0x10,
    0xA3,0x10,0xA3,0x10,0xA3,0x10,0xA3,0x10,0xA3,0x10,0xA3,0x10,0xA3,0x10,0xA3,0x10,
    0xC4,0x10,0x62,0x08,0xEA,0x29,0xBF,0x85,0x7F,0x7D,0x9F,0x7D,0x9F,0x7D,0x9F,0x7D,
    0x9F,0x7D,0x7F,0x7D,0xDF,0x85,0x58,0x64,0x82,0x08,0xC3,0x10,0xA3,0x10,0xA3,0x10,
    0xA3,0x10,0xA3,0x10,0xA3,0x10,0xA3,0x10,0xA3,0x10,0xA3,0x10,0xA3,0x10,0xA3,0x10,
    0xA3,0x10,0xA3,0x10,0xA3,0x10,0xA3,0x10,0xA3,0x10,0xA3,0x10,0xA3,0x10,0xA3,0x10,
    0xA3,0x10,0xA3,0x10,0xA3,0x10,0xA3,0x10,0xA3,0x10,0xA3,0x10,0xA3,0x10,0xA3,0x10,
    0xA3,0x10,0xA3,0x10,0xA3,0x10,0xA3,0x10,0xA3,0x10,0xA3,0x10,0xA3,0x10,0xA3,0x10,
    0xA3,0x10,0xA3,0x10,0xA3,0x10,0xA3,0x10,0x05,0x21,0x25,0x21,0x25,0x21,0x25,0x21,
    0x25,0x21,0x25,0x21,0x25,0x21,0x25,0x21,0x25,0x21,0xC4,0x18,0xA3,0x10,0xA3,0x10,
    0xA3,0x10,0xA3,0x10,0xA3,0x10,0xA3,0x10,0xA3,0x10,0xA3,0x10,0xA3,0x10,0xA3,0x10,
    0xA3,0x10,0xA3,0x10,0xA3,0x10,0xA3,0x10,0xA3,0x10,0xA3,0x10,0xA3,0x10,0xA3,0x10,
    0xA3,0x10,0xA3,0x10,0xA3,0x10,0xA3,0x10,0xA3,0x10,0xA3,0x10,0xA3,0x10,0xA3,0x10,
    0xA3,0x10,0xA3,0x10,0xA3,0x10,0xA3,0x10,0xA3,0x10,0xA3,0x10,0xA3,0x10,0xA3,0x10,
    0xA3,0x10,0xA3,0x10,0xA3,0x10,0xA3,0x10,0xA3,0x10,0xA3,0x10,0xA3,0x10,0xA3,0x10,
    0xA3,0x10,0xA3,0x10,0xA3,0x10,0xA3,0x10,0xA3,0x10,0xA3,0x10,0xA3,0x10,0xA3,0x10,
    0xA3,0x10,0xA3,0x10,0xA3,0x10,0xA3,0x10,0xA3,0x10,0xA3,0x10,0xA3,0x10,0xA3,0x10,
    0xC4,0x10,0x62,0x08,0xEB,0x29,0xBF,0x85,0x7F,0x7D,0x9F,0x7D,0x9F,0x7D,0x9F,0x7D,
    0x9F,0x7D,0x7F,0x7D,0xDF,0x85,0x58,0x64,0x82,0x08,0xC3,0x10,0xA3,0x10,0xA3,0x10,
    0xA3,0x10,0xA3,0x10,0xA3,0x10,0xA3,0x10,0xA3,0x10,0xA3,0x10,0xA3,0x10,0xA3,0x10,
    0xA3,0x10,0xA3,0x10,0xA3,0x10,0xA3,0x10,0xA3,0x10,0xA3,0x10,0xA3,0x10,0xA3,0x10,
    0xA3,0x10,0xA3,0x10,0xA3,0x10,0xA3,0x10,0xA3,0x10,0xA3,0x10,0xA3,0x10,0xA3,0x10,
    0xA3,0x10,0xA3,0x10,0xA3,0x10,0xA3,0x10,0xA3,0x10,0xA3,0x10,0xA3,0x10,0xA3,0x10,
    0xA3,0x10,0xA3,0x10,0xA3,0x10,0xA3,0x10,0x05,0x21,0x25,0x21,0x25,0x21,0x25,0x21,
    0x25,0x21,0x25,0x21,0x25,0x21,0x25,0x21,0x25,0x21,0xC4,0x18,0xA3,0x10,0xA3,0x10,
    0xA3,0x10,0xA3,0x10,0xA3,0x10,0xA3,0x10,0xA3,0x10,0xA3,0x10,0xA3,0x10,0xA3,0x10,
    0xA3,0x10,0xA3,0x10,0xA3,0x10,0xA3,0x10,0xA3,0x10,0xA3,0x10,0xA3,0x10,0xA3,0x10,
    0xA3,0x10,0xA3,0x10,0xA3,0x10,0xA3,0x10,0xA3,0x10,0xA3,0x10,0xA3,0x10,0xA3,0x10,
    0xA3,0x10,0xA3,0x10,0xA3,0x10,0xA3,0x10,0xA3,0x10,0xA3,0x10,0xA3,0x10,0xA3,0x10,
    0xA3,0x10,0xA3,0x10,0xA3,0x10,0xA3,0x10,0xA3,0x10,0xA3,0x10,0xA3,0x10,0xA3,0x10,
    0xA3,0x10,0xA3,0x10,0xA3,0x10,0xA3,0x10,0xA3,0x10,0xA3,0x10,0xA3,0x10,0xA3,0x10,
    0xA3,0x10,0xA3,0x10,0xA3,0x10,0xA3,0x10,0xA3,0x10,0xA3,0x10,0xA3,0x10,0xA3,0x10,
    0xC4,0x10,0x62,0x08,0xEB,0x29,0xBF,0x85,0x7F,0x7D,0x9F,0x7D,0x9F,0x7D,0x9F,0x7D,
    0x9F,0x7D,0x7F,0x7D,0xDF,0x85,0x58,0x64,0x82,0x08,0xC3,0x10,0xA3,0x10,0xA3,0x10,
    0xA3,0x10,0xA3,0x10,0xA3,0x10,0xA3,0x10,0xA3,0x10,0xA3,0x10,0xA3,0x10,0xA3,0x10,
    0xA3,0x10,0xA3,0x10,0xA3,0x10,0xA3,0x10,0xA3,0x10,0xA3,0x10,0xA3,0x10,0xA3,0x10,
    0xA3,0x10,0xA3,0x10,0xA3,0x10,0xA3,0x10,0xA3,0x10,0xA3,0x10,0xA3,0x10,0xA3,0x10,
    0xA3,0x10,0xA3,0x10,0xA3,0x10,0xA3,0x10,0xA3,0x10,0xA3,0x10,0xA3,0x10,0xA3,0x10,
    0xA3,0x10,0xA3,0x10,0xA3,0x10,0xA3,0x10,0x05,0x21,0x25,0x21,0x25,0x21,0x25,0x21,
    0x25,0x21,0x25,0x21,0x25,0x21,0x25,0x21,0x25,0x21,0xC4,0x18,0xA3,0x10,0xA3,0x10,
    0xA3,0x10,0xA3,0x10,0xA3,0x10,0xA3,0x10,0xA3,0x10,0xA3,0x10,0xA3,0x10,0xA3,0x10,
    0xA3,0x10,0xA3,0x10,0xA3,0x10,0xA3,0x10,0xA3,0x10,0xA3,0x10,0xA3,0x10,0xA3,0x10,
    0xA3,0x10,0xA3,0x10,0xA3,0x10,0xA3,0x10,0xA3,0x10,0xA3,0x10,0xA3,0x10,0xA3,0x10,
    0xA3,0x10,0xA3,0x10,0xA3,0x10,0xA3,0x10,0xA3,0x10,0xA3,0x10,0xA3,0x10,0xA3,0x10,
    0xA3,0x10,0xA3,0x10,0xA3,0x10,0xA3,0x10,0xA3,0x10,0xA3,0x10,0xA3,0x10,0xA3,0x10,
    0xA3,0x10,0xA3,0x10,0xA3,0x10,0xA3,0x10,0xA3,0x10,0xA3,0x10,0xA3,0x10,0xA3,0x10,
    0xA3,0x10,0xA3,0x10,0xA3,0x10,0xA3,0x10,0xA3,0x10,0xA3,0x10,0xA3,0x10,0xA3,0x10,
    0xC4,0x10,0x62,0x08,0xEA,0x29,0xBF,0x85,0x7F,0x7D,0x9F,0x7D,0x9F,0x7D,0x9F,0x7D,
    0x9F,0x7D,0x7F,0x7D,0xDF,0x85,0x58,0x64,0x82,0x08,0xC3,0x10,0xA3,0x10,0xA3,0x10,
    0xA3,0x10,0xA3,0x10,0xA3,0x10,0xA3,0x10,0xA3,0x10,0xA3,0x10,0xA3,0x10,0xA3,0x10,
    0xA3,0x10,0xA3,0x10,0xA3,0x10,0xA3,0x10,0xA3,0x10,0xA3,0x10,0xA3,0x10,0xA3,0x10,
    0xA3,0x10,0xA3,0x10,0xA3,0x10,0xA3,0x10,0xA3,0x10,0xA3,0x10,0xA3,0x10,0xA3,0x10,
    0xA3,0x10,0xA3,0x10,0xA3,0x10,0xA3,0x10,0xA3,0x10,0xA3,0x10,0xA3,0x10,0xA3,0x10,
    0xA3,0x10,0xA3,0x10,0xA3,0x10,0xA3,0x10,0x05,0x21,0x25,0x21,0x25,0x21,0x25,0x21,
    0x25,0x21,0x25,0x21,0x25,0x21,0x25,0x21,0x25,0x21,0xE4,0x18,0xA3,0x10,0xA3,0x10,
    0xA3,0x10,0xA3,0x10,0xA3,0x10,0xA3,0x10,0xA3,0x10,0xA3,0x10,0xA3,0x10,0xA3,0x10,
    0xA3,0x10,0xA3,0x10,0xA3,0x10,0xA3,0x10,0xA3,0x10,0xA3,0x10,0xA3,0x10,0xA3,0x10,
    0xA3,0x10,0xA3,0x10,0xA3,0x10,0xA3,0x10,0xA3,0x10,0xA3,0x10,0xA3,0x10,0xA3,0x10,
    0xA3,0x10,0xA3,0x10,0xA3,0x10,0xA3,0x10,0xA3,0x10,0xA3,0x10,0xA3,0x10,0xA3,0x10,
    0xA3,0x10,0xA3,0x10,0xA3,0x10,0xA3,0x10,0xA3,0x10,0xA3,0x10,0xA3,0x10,0xA3,0x10,
    0xA3,0x10,0xA3,0x10,0xA3,0x10,0xA3,0x10,0xA3,0x10,0xA3,0x10,0xA3,0x10,0xA3,0x10,
    0xA3,0x10,0xA3,0x10,0xA3,0x10,0xA3,0x10,0xA3,0x10,0xA3,0x10,0xA3,0x10,0xA3,0x10,
    0xC4,0x10,0x62,0x08,0x4C,0x32,0xDF,0x85,0x7F,0x7D,0x9F,0x7D,0x9F,0x7D,0x9F,0x7D,
    0x9F,0x7D,0x7F,0x7D,0xDF,0x85,0x58,0x64,0x82,0x08,0xC3,0x10,0xA3,0x10,0xA3,0x10,
    0xA3,0x10,0xA3,0x10,0xA3,0x10,0xA3,0x10,0xA3,0x10,0xA3,0x10,0xA3,0x10,0xA3,0x10,
    0xA3,0x10,0xA3,0x10,0xA3,0x10,0xA3,0x10,0xA3,0x10,0xA3,0x10,0xA3,0x10,0xA3,0x10,
    0xA3,0x10,0xA3,0x10,0xA3,0x10,0xA3,0x10,0xA3,0x10,0xA3,0x10,0xA3,0x10,0xA3,0x10,
    0xA3,0x10,0xA3,0x10,0xA3,0x10,0xA3,0x10,0xA3,0x10,0xA3,0x10,0xA3,0x10,0xA3,0x10,
    0xA3,0x10,0xA3,0x10,0xA3,0x10,0xA3,0x10,0x04,0x19,0x25,0x21,0x25,0x21,0x25,0x21,
    0x25,0x21,0x25,0x21,0x25,0x21,0x25,0x21,0x25,0x21,0xE4,0x18,0xA3,0x10,0xA3,0x10,
    0xA3,0x10,0xA3,0x10,0xA3,0x10,0xA3,0x10,0xA3,0x10,0xA3,0x10,0xA3,0x10,0xA3,0x10,
    0xA3,0x10,0xA3,0x10,0xA3,0x10,0xA3,0x10,0xA3,0x10,0xA3,0x10,0xA3,0x10,0xA3,0x10,
    0xA3,0x10,0xA3,0x10,0xA3,0x10,0xA3,0x10,0xA3,0x10,0xA3,0x10,0xA3,0x10,0xA3,0x10,
    0xA3,0x10,0xA3,0x10,0xA3,0x10,0xA3,0x10,0xA3,0x10,0xA3,0x10,0xA3,0x10,0xA3,0x10,
    0xA3,0x10,0xA3,0x10,0xA3,0x10,0xA3,0x10,0xA3,0x10,0xA3,0x10,0xA3,0x10,0xA3,0x10,
    0xA3,0x10,0xA3,0x10,0xA3,0x10,0xA3,0x10,0xA3,0x10,0xA3,0x10,0xA3,0x10,0xA3,0x10,
    0xA3,0x10,0xA3,0x10,0xA3,0x10,0xA3,0x10,0xA3,0x10,0xA3,0x10,0xA3,0x10,0xA3,0x10,
    0xC4,0x10,0x41,0x08,0x31,0x4B,0xFF,0x85,0x7F,0x7D,0x9F,0x7D,0x9F,0x7D,0x9F,0x7D,
    0x9F,0x7D,0x7F,0x7D,0xDF,0x85,0x73,0x53,0x61,0x08,0xC4,0x10,0xA3,0x10,0xA3,0x10,
    0xA3,0x10,0xA3,0x10,0xA3,0x10,0xA3,0x10,0xA3,0x10,0xA3,0x10,0xA3,0x10,0xA3,0x10,
    0xA3,0x10,0xA3,0x10,0xA3,0x10,0xA3,0x10,0xA3,0x10,0xA3,0x10,0xA3,0x10,0xA3,0x10,
    0xA3,0x10,0xC3,0x10,0xA3,0x10,0xA3,0x10,0xA3,0x10,0xA3,0x10,0xA3,0x10,0xA3,0x10,
    0xA3,0x10,0xA3,0x10,0xA3,0x10,0xA3,0x10,0xA3,0x10,0xA3,0x10,0xA3,0x10,0xA3,0x10,
    0xA3,0x10,0xA3,0x10,0xA3,0x10,0xA3,0x10,0xE4,0x18,0x25,0x21,0x25,0x21,0x25,0x21,
    0x25,0x21,0x25,0x21,0x25,0x21,0x25,0x21,0x25,0x21,0x04,0x19,0xA3,0x10,0xA3,0x10,
    0xA3,0x10,0xA3,0x10,0xA3,0x10,0xA3,0x10,0xA3,0x10,0xA3,0x10,0xA3,0x10,0xA3,0x10,
    0xA3,0x10,0xA3,0x10,0xA3,0x10,0xA3,0x10,0xA3,0x10,0xA3,0x10,0xA3,0x10,0xA3,0x10,
    0xA3,0x10,0xA3,0x10,0xA3,0x10,0xA3,0x10,0xA3,0x10,0xA3,0x10,0xA3,0x10,0xA3,0x10,
    0xA3,0x10,0xA3,0x10,0xA3,0x10,0xA3,0x10,0xA3,0x10,0xA3,0x10,0xA3,0x10,0xA3,0x10,
    0xA3,0x10,0xA3,0x10,0xA3,0x10,0xA3,0x10,0xA3,0x10,0xA3,0x10,0xA3,0x10,0xA3,0x10,
    0xA3,0x10,0xA3,0x10,0xA3,0x10,0xA3,0x10,0xA3,0x10,0xA3,0x10,0xA3,0x10,0xA3,0x10,
    0xA3,0x10,0xA3,0x10,0xA3,0x10,0xA3,0x10,0xA3,0x10,0xA3,0x10,0xA3,0x10,0xA3,0x10,
    0xC4,0x10,0x61,0x08,0x73,0x53,0xDF,0x85,0x7F,0x7D,0x9F,0x7D,0x9F,0x7D,0x9F,0x7D,
    0x9F,0x7D,0x7F,0x7D,0xFF,0x85,0x31,0x4B,0x41,0x08,0xC4,0x10,0xA3,0x10,0xA3,0x10,
    0xA3,0x10,0xA3,0x10,0xA3,0x10,0xA3,0x10,0xA3,0x10,0xA3,0x10,0xA3,0x10,0xA3,0x10,
    0xA3,0x10,0xA3,0x10,0xA3,0x10,0xA3,0x10,0xA3,0x10,0xA3,0x10,0xC3,0x10,0xA3,0x10,
    0xA3,0x10,0xC3,0x10,0xA3,0x10,0xA3,0x10,0xA3,0x10,0xA3,0x10,0xA3,0x10,0xA3,0x10,
    0xA3,0x10,0xA3,0x10,0xA3,0x10,0xA3,0x10,0xA3,0x10,0xA3,0x10,0xA3,0x10,0xA3,0x10,
    0xA3,0x10,0xA3,0x10,0xA3,0x10,0xA3,0x10,0xE4,0x18,0x25,0x21,0x25,0x21,0x25,0x21,
    0x25,0x21,0x25,0x21,0x25,0x21,0x25,0x21,0x25,0x21,0x05,0x21,0xA3,0x10,0xA3,0x10,
    0xA3,0x10,0xA3,0x10,0xA3,0x10,0xA3,0x10,0xA3,0x10,0xA3,0x10,0xA3,0x10,0xA3,0x10,
    0xA3,0x10,0xA3,0x10,0xA3,0x10,0xA3,0x10,0xA3,0x10,0xA3,0x10,0xA3,0x10,0xA3,0x10,
    0xA3,0x10,0xA3,0x10,0xA3,0x10,0xA3,0x10,0xA3,0x10,0xA3,0x10,0xA3,0x10,0xA3,0x10,
    0xA3,0x10,0xA3,0x10,0xA3,0x10,0xA3,0x10,0xA3,0x10,0xA3,0x10,0xA3,0x10,0xA3,0x10,
    0xA3,0x10,0xA3,0x10,0xA3,0x10,0xA3,0x10,0xA3,0x10,0xA3,0x10,0xA3,0x10,0xA3,0x10,
    0xA3,0x10,0xA3,0x10,0xA3,0x10,0xA3,0x10,0xA3,0x10,0xA3,0x10,0xA3,0x10,0xA3,0x10,
    0xA3,0x10,0xA3,0x10,0xA3,0x10,0xA3,0x10,0xA3,0x10,0xA3,0x10,0xA3,0x10,0xA3,0x10,
    0xC3,0x10,0x82,0x08,0x58,0x64,0xDF,0x85,0x7F,0x7D,0x9F,0x7D,0x9F,0x7D,0x9F,0x7D,
    0x9F,0x7D,0x7F,0x7D,0xDF,0x85,0x8E,0x3A,0x61,0x08,0xC4,0x10,0xA3,0x10,0xA3,0x10,
    0xA3,0x10,0xA3,0x10,0xA3,0x10,0xA3,0x10,0xA3,0x10,0xA3,0x10,0xA3,0x10,0xA3,0x10,
    0xA3,0x10,0xA3,0x10,0xA3,0x10,0xA3,0x10,0xA3,0x10,0xA3,0x10,0xC3,0x10,0xA3,0x10,
    0xA3,0x10,0xC3,0x10,0xA3,0x10,0xA3,0x10,0xA3,0x10,0xA3,0x10,0xA3,0x10,0xA3,0x10,
    0xA3,0x10,0xA3,0x10,0xA3,0x10,0xA3,0x10,0xA3,0x10,0xA3,0x10,0xA3,0x10,0xA3,0x10,
    0xA3,0x10,0xA3,0x10,0xA3,0x10,0xA3,0x10,0xC4,0x10,0x25,0x21,0x25,0x21,0x25,0x21,
    0x25,0x21,0x25,0x21,0x25,0x21,0x25,0x21,0x25,0x21,0x25,0x21,0xA3,0x10,0xA3,0x10,
    0xA3,0x10,0xA3,0x10,0xA3,0x10,0xA3,0x10,0xA3,0x10,0xA3,0x10,0xA3,0x10,0xA3,0x10,
    0xA3,0x10,0xA3,0x10,0xA3,0x10,0xA3,0x10,0xA3,0x10,0xA3,0x10,0xA3,0x10,0xA3,0x10,
    0xA3,0x10,0xA3,0x10,0xA3,0x10,0xA3,0x10,0xA3,0x10,0xA3,0x10,0xA3,0x10,0xA3,0x10,
    0xA3,0x10,0xA3,0x10,0xA3,0x10,0xA3,0x10,0xA3,0x10,0xA3,0x10,0xA3,0x10,0xA3,0x10,
    0xA3,0x10,0xA3,0x10,0xA3,0x10,0xA3,0x10,0xA3,0x10,0xA3,0x10,0xA3,0x10,0xA3,0x10,
    0xA3,0x10,0xA3,0x10,0xA3,0x10,0xA3,0x10,0xA3,0x10,0xA3,0x10,0xA3,0x10,0xA3,0x10,
    0xA3,0x10,0xA3,0x10,0xA3,0x10,0xA3,0x10,0xA3,0x10,0xA3,0x10,0xA3,0x10,0xC3,0x10,
    0xA3,0x10,0xE4,0x10,0xFC,0x74,0xBF,0x85,0x7F,0x7D,0x9F,0x7D,0x9F,0x7D,0x9F,0x7D,
    0x9F,0x7D,0x7F,0x7D,0xBF,0x85,0xCA,0x29,0x82,0x08,0xC4,0x10,0xA3,0x10,0xA3,0x10,
    0xA3,0x10,0xA3,0x10,0xA3,0x10,0xA3,0x10,0xA3,0x10,0xA3,0x10,0xA3,0x10,0xA3,0x10,
    0xA3,0x10,0xA3,0x10,0xA3,0x10,0xA3,0x10,0xA3,0x10,0xA3,0x10,0xC3,0x10,0xA3,0x10,
    0xA3,0x10,0xC3,0x10,0xA3,0x10,0xA3,0x10,0xA3,0x10,0xA3,0x10,0xA3,0x10,0xA3,0x10,
    0xA3,0x10,0xA3,0x10,0xA3,0x10,0xA3,0x10,0xA3,0x10,0xA3,0x10,0xA3,0x10,0xA3,0x10,
    0xA3,0x10,0xA3,0x10,0xA3,0x10,0xA3,0x10,0xC3,0x10,0x25,0x21,0x25,0x21,0x25,0x21,
    0x25,0x21,0x25,0x21,0x25,0x21,0x25,0x21,0x25,0x21,0x25,0x21,0xC4,0x10,0xA3,0x10,
    0xA3,0x10,0xA3,0x10,0xA3,0x10,0xA3,0x10,0xA3,0x10,0xA3,0x10,0xA3,0x10,0xA3,0x10,
    0xA3,0x10,0xA3,0x10,0xA3,0x10,0xA3,0x10,0xA3,0x10,0xA3,0x10,0xA3,0x10,0xA3,0x10,
    0xA3,0x10,0xA3,0x10,0xA3,0x10,0xA3,0x10,0xA3,0x10,0xA3,0x10,0xA3,0x10,0xA3,0x10,
    0xA3,0x10,0xA3,0x10,0xA3,0x10,0xA3,0x10,0xA3,0x10,0xA3,0x10,0xA3,0x10,0xA3,0x10,
    0xA3,0x10,0xA3,0x10,0xA3,0x10,0xA3,0x10,0xA3,0x10,0xA3,0x10,0xA3,0x10,0xA3,0x10,
    0xA3,0x10,0xA3,0x10,0xA3,0x10,0xA3,0x10,0xA3,0x10,0xA3,0x10,0xA3,0x10,0xA3,0x10,
    0xA3,0x10,0xA3,0x10,0xA3,0x10,0xA3,0x10,0xA3,0x10,0xA3,0x10,0xA3,0x10,0xC4,0x10,
    0x82,0x08,0xA9,0x29,0xBF,0x85,0x9F,0x7D,0x9F,0x7D,0x9F,0x7D,0x9F,0x7D,0x9F,0x7D,
    0x7F,0x7D,0x9F,0x85,0x5E,0x7D,0x26,0x19,0x83,0x10,0xC3,0x10,0xA3,0x10,0xA3,0x10,
    0xA3,0x10,0xA3,0x10,0xA3,0x10,0xA3,0x10,0xA3,0x10,0xA3,0x10,0xA3,0x10,0xA3,0x10,
    0xA3,0x10,0xA3,0x10,0xA3,0x10,0xA3,0x10,0xA3,0x10,0xA3,0x10,0xC3,0x10,0xA3,0x10,
    0xA3,0x10,0xC3,0x10,0xA3,0x10,0xA3,0x10,0xA3,0x10,0xA3,0x10,0xA3,0x10,0xA3,0x10,
    0xA3,0x10,0xA3,0x10,0xA3,0x10,0xA3,0x10,0xA3,0x10,0xA3,0x10,0xA3,0x10,0xA3,0x10,
    0xA3,0x10,0xA3,0x10,0xA3,0x10,0xA3,0x10,0xA3,0x10,0x05,0x21,0x25,0x21,0x25,0x21,
    0x25,0x21,0x25,0x21,0x25,0x21,0x25,0x21,0x25,0x21,0x25,0x21,0xE4,0x18,0xA3,0x10,
    0xA3,0x10,0xA3,0x10,0xA3,0x10,0xA3,0x10,0xA3,0x10,0xA3,0x10,0xA3,0x10,0xA3,0x10,
    0xA3,0x10,0xA3,0x10,0xA3,0x10,0xA3,0x10,0xA3,0x10,0xA3,0x10,0xA3,0x10,0xA3,0x10,
    0xA3,0x10,0xA3,0x10,0xA3,0x10,0xA3,0x10,0xA3,0x10,0xA3,0x10,0xA3,0x10,0xA3,0x10,
    0xA3,0x10,0xA3,0x10,0xA3,0x10,0xA3,0x10,0xA3,0x10,0xA3,0x10,0xA3,0x10,0xA3,0x10,
    0xA3,0x10,0xA3,0x10,0xA3,0x10,0xA3,0x10,0xA3,0x10,0xA3,0x10,0xA3,0x10,0xA3,0x10,
    0xA3,0x10,0xA3,0x10,0xA3,0x10,0xA3,0x10,0xA3,0x10,0xA3,0x10,0xA3,0x10,0xA3,0x10,
    0xA3,0x10,0xA3,0x10,0xA3,0x10,0xA3,0x10,0xA3,0x10,0xA3,0x10,0xA3,0x10,0xC4,0x10,
    0x61,0x08,0xF0,0x42,0xDF,0x85,0x7F,0x7D,0x9F,0x7D,0x9F,0x7D,0x9F,0x7D,0x9F,0x7D,
    0x7F,0x7D,0xBF,0x85,0x9A,0x6C,0xA3,0x10,0xA3,0x10,0xA3,0x10,0xA3,0x10,0xA3,0x10,
    0xA3,0x10,0xA3,0x10,0xA3,0x10,0xA3,0x10,0xA3,0x10,0xA3,0x10,0xA3,0x10,0xA3,0x10,
    0xA3,0x10,0xA3,0x10,0xA3,0x10,0xA3,0x10,0xA3,0x10,0xA3,0x10,0xC3,0x10,0xA3,0x10,
    0xA3,0x10,0xC3,0x10,0xA3,0x10,0xA3,0x10,0xA3,0x10,0xA3,0x10,0xA3,0x10,0xA3,0x10,
    0xA3,0x10,0xA3,0x10,0xA3,0x10,0xA3,0x10,0xA3,0x10,0xA3,0x10,0xA3,0x10,0xA3,0x10,
    0xA3,0x10,0xA3,0x10,0xA3,0x10,0xA3,0x10,0xA3,0x10,0x04,0x19,0x25,0x21,0x25,0x21,
    0x25,0x21,0x25,0x21,0x25,0x21,0x25,0x21,0x25,0x21,0x25,0x21,0x05,0x21,0xA3,0x10,
    0xA3,0x10,0xA3,0x10,0xA3,0x10,0xA3,0x10,0xA3,0x10,0xA3,0x10,0xA3,0x10,0xA3,0x10,
    0xA3,0x10,0xA3,0x10,0xA3,0x10,0xA3,0x10,0xA3,0x10,0xA3,0x10,0xA3,0x10,0xA3,0x10,
    0xA3,0x10,0xA3,0x10,0xA3,0x10,0xA3,0x10,0xA3,0x10,0xA3,0x10,0xA3,0x10,0xA3,0x10,
    0xA3,0x10,0xA3,0x10,0xA3,0x10,0xA3,0x10,0xA3,0x10,0xA3,0x10,0xA3,0x10,0xA3,0x10,
    0xA3,0x10,0xA3,0x10,0xA3,0x10,0xA3,0x10,0xA3,0x10,0xA3,0x10,0xA3,0x10,0xA3,0x10,
    0xA3,0x10,0xA3,0x10,0xA3,0x10,0xA3,0x10,0xA3,0x10,0xA3,0x10,0xA3,0x10,0xA3,0x10,
    0xA3,0x10,0xA3,0x10,0xA3,0x10,0xA3,0x10,0xA3,0x10,0xA3,0x10,0xA3,0x10,0xC3,0x10,
    0x62,0x08,0x58,0x64,0xDF,0x85,0x7F,0x7D,0x9F,0x7D,0x9F,0x7D,0x9F,0x7D,0x9F,0x7D,
    0x7F,0x7D,0xDF,0x85,0x73,0x53,0x41,0x08,0xC4,0x10,0xA3,0x10,0xA3,0x10,0xA3,0x10,
    0xA3,0x10,0xA3,0x10,0xA3,0x10,0xA3,0x10,0xA3,0x10,0xA3,0x10,0xA3,0x10,0xA3,0x10,
    0xA3,0x10,0xA3,0x10,0xA3,0x10,0xA3,0x10,0xA3,0x10,0xA3,0x10,0xC3,0x10,0xA3,0x10,
    0xA3,0x08,0xA3,0x10,0xA3,0x10,0xA3,0x10,0xA3,0x10,0xA3,0x10,0xA3,0x10,0xA3,0x10,
    0xA3,0x10,0xA3,0x10,0xA3,0x10,0xA3,0x10,0xA3,0x10,0xA3,0x10,0xA3,0x10,0xA3,0x10,
    0xA3,0x10,0xA3,0x10,0xA3,0x10,0xA3,0x10,0xA3,0x10,0xE4,0x18,0x25,0x21,0x25,0x21,
    0x25,0x21,0x25,0x21,0x25,0x21,0x25,0x21,0x25,0x21,0x25,0x21,0x25,0x21,0xC3,0x10,
    0xA3,0x10,0xA3,0x10,0xA3,0x10,0xA3,0x10,0xA3,0x10,0xA3,0x10,0xA3,0x10,0xA3,0x10,
    0xA3,0x10,0xA3,0x10,0xA3,0x10,0xA3,0x10,0xA3,0x10,0xA3,0x10,0xA3,0x10,0xA3,0x10,
    0xA3,0x10,0xA3,0x10,0xA3,0x10,0xA3,0x10,0xA3,0x10,0xA3,0x10,0xA3,0x10,0xA3,0x10,
    0xA3,0x10,0xA3,0x10,0xA3,0x10,0xA3,0x10,0xA3,0x10,0xA3,0x10,0xA3,0x10,0xA3,0x10,
    0xA3,0x10,0xA3,0x10,0xA3,0x10,0xA3,0x10,0xA3,0x10,0xA3,0x10,0xA3,0x10,0xA3,0x10,
    0xA3,0x10,0xA3,0x10,0xA3,0x10,0xA3,0x10,0xA3,0x10,0xA3,0x10,0xA3,0x10,0xA3,0x10,
    0xA3,0x10,0xA3,0x10,0xA3,0x10,0xA3,0x10,0xA3,0x10,0xA3,0x10,0xC3,0x10,0x82,0x10,
    0x47,0x21,0x7E,0x7D,0x9F,0x85,0x7F,0x7D,0x9F,0x7D,0x9F,0x7D,0x9F,0x7D,0x9F,0x7D,
    0x7F,0x7D,0xDF,0x85,0x4C,0x32,0x61,0x08,0xC4,0x10,0xA3,0x10,0xA3,0x10,0xA3,0x10,
    0xA3,0x10,0xA3,0x10,0xA3,0x10,0xA3,0x10,0xA3,0x10,0xA3,0x10,0xA3,0x10,0xA3,0x10,
    0xA3,0x10,0xA3,0x10,0xA3,0x10,0xA3,0x10,0xA3,0x10,0xA3,0x10,0xA3,0x10,0xA3,0x08,
    0x45,0x01,0xA3,0x10,0xA3,0x10,0xA3,0x10,0xA3,0x10,0xA3,0x10,0xA3,0x10,0xA3,0x10,
    0xA3,0x10,0xA3,0x10,0xA3,0x10,0xA3,0x10,0xA3,0x10,0xA3,0x10,0xA3,0x10,0xA3,0x10,
    0xA3,0x10,0xA3,0x10,0xA3,0x10,0xA3,0x10,0xA3,0x10,0xC3,0x10,0x25,0x21,0x25,0x21,
    0x25,0x21,0x25,0x21,0x25,0x21,0x25,0x21,0x25,0x21,0x25,0x21,0x46,0x21,0xE4,0x18,
    0xA3,0x10,0xA3,0x10,0xA3,0x10,0xA3,0x10,0xA3,0x10,0xA3,0x10,0xA3,0x10,0xA3,0x10,
    0xA3,0x10,0xA3,0x10,0xA3,0x10,0xA3,0x10,0xA3,0x10,0xA3,0x10,0xA3,0x10,0xA3,0x10,
    0xA3,0x10,0xA3,0x10,0xA3,0x10,0xA3,0x10,0xA3,0x10,0xA3,0x10,0xA3,0x10,0xA3,0x10,
    0xA3,0x10,0xA3,0x10,0xA3,0x10,0xA3,0x10,0xA3,0x10,0xA3,0x10,0xA3,0x10,0xA3,0x10,
    0xA3,0x10,0xA3,0x10,0xA3,0x10,0xA3,0x10,0xA3,0x10,0xA3,0x10,0xA3,0x10,0xA3,0x10,
    0xA3,0x10,0xA3,0x10,0xA3,0x10,0xA3,0x10,0xA3,0x10,0xA3,0x10,0xA3,0x10,0xA3,0x10,
    0xA3,0x10,0xA3,0x10,0xA3,0x10,0xA3,0x10,0xA3,0x10,0xA3,0x10,0xC4,0x10,0x61,0x08,
    0x31,0x4B,0xFF,0x85,0x7F,0x7D,0x9F,0x7D,0x9F,0x7D,0x9F,0x7D,0x9F,0x7D,0x7F,0x7D,
    0x9F,0x85,0x5E,0x7D,0x26,0x19,0x83,0x10,0xC3,0x10,0xA3,0x10,0xA3,0x10,0xA3,0x10,
    0xA3,0x10,0xA3,0x10,0xA3,0x10,0xA3,0x10,0xA3,0x10,0xA3,0x10,0xA3,0x10,0xA3,0x10,
    0xA3,0x10,0xA3,0x10,0xA3,0x10,0xA3,0x10,0xA3,0x10,0xA3,0x10,0xA3,0x10,0x45,0x01,
    0x00,0x00,0xA3,0x10,0xC3,0x10,0xA3,0x10,0xA3,0x10,0xA3,0x10,0xA3,0x10,0xA3,0x10,
    0xA3,0x10,0xA3,0x10,0xA3,0x10,0xA3,0x10,0xA3,0x10,0xA3,0x10,0xA3,0x10,0xA3,0x10,
    0xA3,0x10,0xA3,0x10,0xA3,0x10,0xA3,0x10,0xA3,0x10,0xA3,0x10,0x05,0x19,0x25,0x21,
    0x25,0x21,0x25,0x21,0x25,0x21,0x25,0x21,0x45,0x21,0x25,0x21,0xE3,0x18,0x04,0x19,
    0xC3,0x10,0xA3,0x10,0xA3,0x10,0xA3,0x10,0xA3,0x10,0xA3,0x10,0xA3,0x10,0xA3,0x10,
    0xA3,0x10,0xA3,0x10,0xA3,0x10,0xA3,0x10,0xA3,0x10,0xA3,0x10,0xA3,0x10,0xA3,0x10,
    0xA3,0x10,0xA3,0x10,0xA3,0x10,0xA3,0x10,0xA3,0x10,0xA3,0x10,0xA3,0x10,0xA3,0x10,
    0xA3,0x10,0xA3,0x10,0xA3,0x10,0xA3,0x10,0xA3,0x10,0xA3,0x10,0xA3,0x10,0xA3,0x10,
    0xA3,0x10,0xA3,0x10,0xA3,0x10,0xA3,0x10,0xA3,0x10,0xA3,0x10,0xA3,0x10,0xA3,0x10,
    0xA3,0x10,0xA3,0x10,0xA3,0x10,0xA3,0x10,0xA3,0x10,0xA3,0x10,0xA3,0x10,0xA3,0x10,
    0xA3,0x10,0xA3,0x10,0xA3,0x10,0xA3,0x10,0xA3,0x10,0xA3,0x10,0xA3,0x10,0xC3,0x10,
    0xDC,0x74,0xBF,0x85,0x7F,0x7D,0x9F,0x7D,0x9F,0x7D,0x9F,0x7D,0x9F,0x7D,0x7F,0x7D,
    0xDF,0x85,0x17,0x64,0x62,0x08,0xC4,0x10,0xA3,0x10,0xA3,0x10,0xA3,0x10,0xA3,0x10,
    0xA3,0x10,0xA3,0x10,0xA3,0x10,0xA3,0x10,0xA3,0x10,0xA3,0x10,0xA3,0x10,0xA3,0x10,
    0xA3,0x10,0xA3,0x10,0xA3,0x10,0xA3,0x10,0xA3,0x10,0xC3,0x10,0xA3,0x10,0x00,0x00,
    0x00,0x00,0xA3,0x10,0xC3,0x10,0xA3,0x10,0xA3,0x10,0xA3,0x10,0xA3,0x10,0xA3,0x10,
    0xA3,0x10,0xA3,0x10,0xA3,0x10,0xA3,0x10,0xA3,0x10,0xA3,0x10,0xA3,0x10,0xA3,0x10,
    0xA3,0x10,0xA3,0x10,0xA3,0x10,0xA3,0x10,0xA3,0x10,0xA3,0x10,0xE4,0x18,0x25,0x21,
    0x25,0x21,0x25,0x21,0x45,0x21,0x25,0x21,0xE3,0x18,0x25,0x21,0xAE,0x42,0xB9,0x6C,
    0x8E,0x3A,0x61,0x08,0xC4,0x10,0xA3,0x10,0xA3,0x10,0xA3,0x10,0xA3,0x10,0xA3,0x10,
    0xA3,0x10,0xA3,0x10,0xA3,0x10,0xA3,0x10,0xA3,0x10,0xA3,0x10,0xA3,0x10,0xA3,0x10,
    0xA3,0x10,0xA3,0x10,0xA3,0x10,0xA3,0x10,0xA3,0x10,0xA3,0x10,0xA3,0x10,0xA3,0x10,
    0xA3,0x10,0xA3,0x10,0xA3,0x10,0xA3,0x10,0xA3,0x10,0xA3,0x10,0xA3,0x10,0xA3,0x10,
    0xA3,0x10,0xA3,0x10,0xA3,0x10,0xA3,0x10,0xA3,0x10,0xA3,0x10,0xA3,0x10,0xA3,0x10,
    0xA3,0x10,0xA3,0x10,0xA3,0x10,0xA3,0x10,0xA3,0x10,0xA3,0x10,0xA3,0x10,0xA3,0x10,
    0xA3,0x10,0xA3,0x10,0xA3,0x10,0xA3,0x10,0xA3,0x10,0xC4,0x10,0x61,0x08,0x8E,0x3A,
    0xDF,0x85,0x7F,0x7D,0x9F,0x7D,0x9F,0x7D,0x9F,0x7D,0x9F,0x7D,0x9F,0x7D,0x7F,0x7D,
    0xDF,0x85,0x8E,0x3A,0x61,0x08,0xC4,0x10,0xA3,0x10,0xA3,0x10,0xA3,0x10,0xA3,0x10,
    0xA3,0x10,0xA3,0x10,0xA3,0x10,0xA3,0x10,0xA3,0x10,0xA3,0x10,0xA3,0x10,0xA3,0x10,
    0xA3,0x10,0xA3,0x10,0xA3,0x10,0xA3,0x10,0xA3,0x10,0xC3,0x10,0xA3,0x10,0x00,0x00,
    0x00,0x00,0xC3,0x10,0xC3,0x10,0xA3,0x10,0xA3,0x10,0xA3,0x10,0xA3,0x10,0xA3,0x10,
    0xA3,0x10,0xA3,0x10,0xA3,0x10,0xA3,0x10,0xA3,0x10,0xA3,0x10,0xA3,0x10,0xA3,0x10,
    0xA3,0x10,0xA3,0x10,0xA3,0x10,0xA3,0x10,0xA3,0x10,0xA3,0x10,0xC3,0x10,0x25,0x21,
    0x45,0x21,0x05,0x21,0xE3,0x18,0x25,0x21,0xCF,0x42,0xDB,0x74,0xDF,0x85,0xFF,0x8D,
    0xDB,0x6C,0xA3,0x10,0xA3,0x10,0xA3,0x10,0xA3,0x10,0xA3,0x10,0xA3,0x10,0xA3,0x10,
    0xA3,0x10,0xA3,0x10,0xA3,0x10,0xA3,0x10,0xA3,0x10,0xA3,0x10,0xA3,0x10,0xA3,0x10,
    0xA3,0x10,0xA3,0x10,0xA3,0x10,0xA3,0x10,0xA3,0x10,0xA3,0x10,0xA3,0x10,0xA3,0x10,
    0xA3,0x10,0xA3,0x10,0xA3,0x10,0xA3,0x10,0xA3,0x10,0xA3,0x10,0xA3,0x10,0xA3,0x10,
    0xA3,0x10,0xA3,0x10,0xA3,0x10,0xA3,0x10,0xA3,0x10,0xA3,0x10,0xA3,0x10,0xA3,0x10,
    0xA3,0x10,0xA3,0x10,0xA3,0x10,0xA3,0x10,0xA3,0x10,0xA3,0x10,0xA3,0x10,0xA3,0x10,
    0xA3,0x10,0xA3,0x10,0xA3,0x10,0xA3,0x10,0xA3,0x10,0xA3,0x10,0xA3,0x10,0xDB,0x6C,
    0xBF,0x85,0x7F,0x7D,0x9F,0x7D,0x9F,0x7D,0x9F,0x7D,0x9F,0x7D,0x7F,0x7D,0x9F,0x85,
    0x3D,0x7D,0x05,0x19,0xA3,0x10,0xC3,0x10,0xA3,0x10,0xA3,0x10,0xA3,0x10,0xA3,0x10,
    0xA3,0x10,0xA3,0x10,0xA3,0x10,0xA3,0x10,0xA3,0x10,0xA3,0x10,0xA3,0x10,0xA3,0x10,
    0xA3,0x10,0xA3,0x10,0xA3,0x10,0xA3,0x10,0xA3,0x10,0xC3,0x10,0xC3,0x10,0x00,0x00,
    0x00,0x00,0xC3,0x18,0xA3,0x10,0xA3,0x10,0xA3,0x10,0xA3,0x10,0xA3,0x10,0xA3,0x10,
    0xA3,0x10,0xA3,0x10,0xA3,0x10,0xA3,0x10,0xA3,0x10,0xA3,0x10,0xA3,0x10,0xA3,0x10,
    0xA3,0x10,0xA3,0x10,0xA3,0x10,0xA3,0x10,0xA3,0x10,0xA3,0x10,0xA3,0x10,0x04,0x19,
    0xE3,0x18,0x67,0x29,0x52,0x53,0xFB,0x74,0xDF,0x85,0xBF,0x85,0x7F,0x7D,0x7F,0x7D,
    0xDF,0x85,0xCF,0x42,0x61,0x08,0xC4,0x10,0xA3,0x10,0xA3,0x10,0xA3,0x10,0xA3,0x10,
    0xA3,0x10,0xA3,0x10,0xA3,0x10,0xA3,0x10,0xA3,0x10,0xA3,0x10,0xA3,0x10,0xA3,0x10,
    0xA3,0x10,0xA3,0x10,0xA3,0x10,0xA3,0x10,0xA3,0x10,0xA3,0x10,0xA3,0x10,0xA3,0x10,
    0xA3,0x10,0xA3,0x10,0xA3,0x10,0xA3,0x10,0xA3,0x10,0xA3,0x10,0xA3,0x10,0xA3,0x10,
    0xA3,0x10,0xA3,0x10,0xA3,0x10,0xA3,0x10,0xA3,0x10,0xA3,0x10,0xA3,0x10,0xA3,0x10,
    0xA3,0x10,0xA3,0x10,0xA3,0x10,0xA3,0x10,0xA3,0x10,0xA3,0x10,0xA3,0x10,0xA3,0x10,
    0xA3,0x10,0xA3,0x10,0xA3,0x10,0xA3,0x10,0xC4,0x10,0x61,0x08,0xCF,0x42,0xDF,0x85,
    0x7F,0x7D,0x9F,0x7D,0x9F,0x7D,0x9F,0x7D,0x9F,0x7D,0x9F,0x7D,0x7F,0x7D,0xDF,0x85,
    0xB4,0x53,0x61,0x08,0xC4,0x10,0xA3,0x10,0xA3,0x10,0xA3,0x10,0xA3,0x10,0xA3,0x10,
    0xA3,0x10,0xA3,0x10,0xA3,0x10,0xA3,0x10,0xA3,0x10,0xA3,0x10,0xA3,0x10,0xA3,0x10,
    0xA3,0x10,0xA3,0x10,0xA3,0x10,0xA3,0x10,0xA3,0x10,0xA3,0x10,0xC3,0x18,0x00,0x00,
    0x00,0x00,0x00,0x00,0xA3,0x10,0xC3,0x10,0xA3,0x10,0xA3,0x10,0xA3,0x10,0xA3,0x10,
    0xA3,0x10,0xA3,0x10,0xA3,0x10,0xA3,0x10,0xA3,0x10,0xA3,0x10,0xA3,0x10,0xA3,0x10,
    0xA3,0x10,0xA3,0x10,0xA3,0x10,0xA3,0x10,0xA3,0x10,0xA3,0x10,0xA3,0x10,0xC3,0x10,
    0x52,0x4B,0x5D,0x7D,0xDF,0x85,0xBF,0x85,0x7F,0x7D,0x7F,0x7D,0x9F,0x7D,0x7F,0x7D,
    0x9F,0x85,0x5E,0x7D,0x05,0x19,0x82,0x10,0xC3,0x10,0xA3,0x10,0xA3,0x10,0xA3,0x10,
    0xA3,0x10,0xA3,0x10,0xA3,0x10,0xA3,0x10,0xA3,0x10,0xA3,0x10,0xA3,0x10,0xA3,0x10,
    0xA3,0x10,0xA3,0x10,0xA3,0x10,0xA3,0x10,0xA3,0x10,0xA3,0x10,0xA3,0x10,0xA3,0x10,
    0xA3,0x10,0xA3,0x10,0xA3,0x10,0xA3,0x10,0xA3,0x10,0xA3,0x10,0xA3,0x10,0xA3,0x10,
    0xA3,0x10,0xA3,0x10,0xA3,0x10,0xA3,0x10,0xA3,0x10,0xA3,0x10,0xA3,0x10,0xA3,0x10,
    0xA3,0x10,0xA3,0x10,0xA3,0x10,0xA3,0x10,0xA3,0x10,0xA3,0x10,0xA3,0x10,0xA3,0x10,
    0xA3,0x10,0xA3,0x10,0xA3,0x10,0xC3,0x10,0x82,0x10,0x05,0x19,0x5E,0x7D,0x9F,0x85,
    0x7F,0x7D,0x9F,0x7D,0x9F,0x7D,0x9F,0x7D,0x9F,0x7D,0x9F,0x7D,0x9F,0x7D,0x9F,0x7D,
    0x68,0x21,0x82,0x10,0xC3,0x10,0xA3,0x10,0xA3,0x10,0xA3,0x10,0xA3,0x10,0xA3,0x10,
    0xA3,0x10,0xA3,0x10,0xA3,0x10,0xA3,0x10,0xA3,0x10,0xA3,0x10,0xA3,0x10,0xA3,0x10,
    0xA3,0x10,0xA3,0x10,0xA3,0x10,0xA3,0x10,0xC3,0x10,0xA3,0x10,0x00,0x00,0x00,0x00,
    0x07,0x00,0x00,0x00,0xA3,0x10,0xC3,0x10,0xA3,0x10,0xA3,0x10,0xA3,0x10,0xA3,0x10,
    0xA3,0x10,0xA3,0x10,0xA3,0x10,0xA3,0x10,0xA3,0x10,0xA3,0x10,0xA3,0x10,0xA3,0x10,
    0xA3,0x10,0xA3,0x10,0xA3,0x10,0xA3,0x10,0xA3,0x10,0xA3,0x10,0xC4,0x10,0x62,0x08,
    0x17,0x5C,0xFF,0x8D,0x5F,0x7D,0x7F,0x7D,0x9F,0x7D,0x9F,0x7D,0x9F,0x7D,0x9F,0x7D,
    0x7F,0x7D,0xDF,0x85,0xF6,0x5B,0x62,0x08,0xC3,0x10,0xA3,0x10,0xA3,0x10,0xA3,0x10,
    0xA3,0x10,0xA3,0x10,0xA3,0x10,0xA3,0x10,0xA3,0x10,0xA3,0x10,0xA3,0x10,0xA3,0x10,
    0xA3,0x10,0xA3,0x10,0xA3,0x10,0xA3,0x10,0xA3,0x10,0xA3,0x10,0xA3,0x10,0xA3,0x10,
    0xA3,0x10,0xA3,0x10,0xA3,0x10,0xA3,0x10,0xA3,0x10,0xA3,0x10,0xA3,0x10,0xA3,0x10,
    0xA3,0x10,0xA3,0x10,0xA3,0x10,0xA3,0x10,0xA3,0x10,0xA3,0x10,0xA3,0x10,0xA3,0x10,
    0xA3,0x10,0xA3,0x10,0xA3,0x10,0xA3,0x10,0xA3,0x10,0xA3,0x10,0xA3,0x10,0xA3,0x10,
    0xA3,0x10,0xA3,0x10,0xA3,0x10,0xC3,0x10,0x62,0x08,0xF6,0x5B,0xDF,0x85,0x7F,0x7D,
    0x9F,0x7D,0x9F,0x7D,0x9F,0x7D,0x9F,0x7D,0x9F,0x7D,0x7F,0x7D,0xDF,0x85,0xB5,0x53,
    0x61,0x08,0xC4,0x10,0xA3,0x10,0xA3,0x10,0xA3,0x10,0xA3,0x10,0xA3,0x10,0xA3,0x10,
    0xA3,0x10,0xA3,0x10,0xA3,0x10,0xA3,0x10,0xA3,0x10,0xA3,0x10,0xA3,0x10,0xA3,0x10,
    0xA3,0x10,0xA3,0x10,0xA3,0x10,0xA3,0x10,0xC3,0x10,0xA3,0x10,0x00,0x00,0x07,0x00,
    0x00,0x00,0x00,0x00,0xA3,0x10,0xA3,0x10,0xA3,0x10,0xA3,0x10,0xA3,0x10,0xA3,0x10,
    0xA3,0x10,0xA3,0x10,0xA3,0x10,0xA3,0x10,0xA3,0x10,0xA3,0x10,0xA3,0x10,0xA3,0x10,
    0xA3,0x10,0xA3,0x10,0xA3,0x10,0xA3,0x10,0xA3,0x10,0xA3,0x10,0xC3,0x10,0x82,0x10,
    0x67,0x21,0x7F,0x7D,0x9F,0x7D,0x9F,0x7D,0x9F,0x7D,0x9F,0x7D,0x9F,0x7D,0x9F,0x7D,
    0x9F,0x7D,0x7F,0x7D,0xFF,0x85,0xD0,0x42,0x41,0x08,0xC4,0x10,0xA3,0x10,0xA3,0x10,
    0xA3,0x10,0xA3,0x10,0xA3,0x10,0xA3,0x10,0xA3,0x10,0xA3,0x10,0xA3,0x10,0xA3,0x10,
    0xA3,0x10,0xA3,0x10,0xA3,0x10,0xA3,0x10,0xA3,0x10,0xA3,0x10,0xA3,0x10,0xA3,0x10,
    0xA3,0x10,0xA3,0x10,0xA3,0x10,0xA3,0x10,0xA3,0x10,0xA3,0x10,0xA3,0x10,0xA3,0x10,
    0xA3,0x10,0xA3,0x10,0xA3,0x10,0xA3,0x10,0xA3,0x10,0xA3,0x10,0xA3,0x10,0xA3,0x10,
    0xA3,0x10,0xA3,0x10,0xA3,0x10,0xA3,0x10,0xA3,0x10,0xA3,0x10,0xA3,0x10,0xA3,0x10,
    0xA3,0x10,0xA3,0x10,0xC4,0x10,0x41,0x08,0xD0,0x42,0xFF,0x85,0x7F,0x7D,0x9F,0x7D,
    0x9F,0x7D,0x9F,0x7D,0x9F,0x7D,0x9F,0x7D,0x9F,0x7D,0x9F,0x7D,0x9F,0x7D,0x67,0x21,
    0x82,0x10,0xC3,0x10,0xA3,0x10,0xA3,0x10,0xA3,0x10,0xA3,0x10,0xA3,0x10,0xA3,0x10,
    0xA3,0x10,0xA3,0x10,0xA3,0x10,0xA3,0x10,0xA3,0x10,0xA3,0x10,0xA3,0x10,0xA3,0x10,
    0xA3,0x10,0xA3,0x10,0xA3,0x10,0xA3,0x10,0xA3,0x10,0xA3,0x10,0x00,0x00,0x00,0x00,
    0x00,0x00,0x00,0x00,0x00,0x00,0xA3,0x10,0xC3,0x10,0xA3,0x10,0xA3,0x10,0xA3,0x10,
    0xA3,0x10,0xA3,0x10,0xA3,0x10,0xA3,0x10,0xA3,0x10,0xA3,0x10,0xA3,0x10,0xA3,0x10,
    0xA3,0x10,0xA3,0x10,0xA3,0x10,0xA3,0x10,0xA3,0x10,0xA3,0x10,0xA3,0x10,0xC4,0x10,
    0x61,0x08,0xB5,0x53,0xDF,0x85,0x7F,0x7D,0x9F,0x7D,0x9F,0x7D,0x9F,0x7D,0x9F,0x7D,
    0x9F,0x7D,0x7F,0x7D,0x9F,0x7D,0x9F,0x85,0xA9,0x29,0x61,0x08,0xC4,0x10,0xA3,0x10,
    0xA3,0x10,0xA3,0x10,0xA3,0x10,0xA3,0x10,0xA3,0x10,0xA3,0x10,0xA3,0x10,0xA3,0x10,
    0xA3,0x10,0xA3,0x10,0xA3,0x10,0xA3,0x10,0xA3,0x10,0xA3,0x10,0xA3,0x10,0xA3,0x10,
    0xA3,0x10,0xA3,0x10,0xA3,0x10,0xA3,0x10,0xA3,0x10,0xA3,0x10,0xA3,0x10,0xA3,0x10,
    0xA3,0x10,0xA3,0x10,0xA3,0x10,0xA3,0x10,0xA3,0x10,0xA3,0x10,0xA3,0x10,0xA3,0x10,
    0xA3,0x10,0xA3,0x10,0xA3,0x10,0xA3,0x10,0xA3,0x10,0xA3,0x10,0xA3,0x10,0xA3,0x10,
    0xA3,0x10,0xC4,0x10,0x61,0x08,0xA9,0x29,0x9F,0x85,0x9F,0x7D,0x7F,0x7D,0x9F,0x7D,
    0x9F,0x7D,0x9F,0x7D,0x9F,0x7D,0x9F,0x7D,0x7F,0x7D,0xDF,0x85,0xB5,0x53,0x61,0x08,
    0xC4,0x10,0xA3,0x10,0xA3,0x10,0xA3,0x10,0xA3,0x10,0xA3,0x10,0xA3,0x10,0xA3,0x10,
    0xA3,0x10,0xA3,0x10,0xA3,0x10,0xA3,0x10,0xA3,0x10,0xA3,0x10,0xA3,0x10,0xA3,0x10,
    0xA3,0x10,0xA3,0x10,0xA3,0x10,0xC3,0x10,0xA3,0x10,0x00,0x00,0x00,0x00,0x00,0x00,
    0x00,0x00,0x00,0x00,0x00,0x00,0xA3,0x10,0xC3,0x10,0xA3,0x10,0xA3,0x10,0xA3,0x10,
    0xA3,0x10,0xA3,0x10,0xA3,0x10,0xA3,0x10,0xA3,0x10,0xA3,0x10,0xA3,0x10,0xA3,0x10,
    0xA3,0x10,0xA3,0x10,0xA3,0x10,0xA3,0x10,0xA3,0x10,0xA3,0x10,0xA3,0x10,0xC3,0x10,
    0x83,0x10,0x05,0x19,0x5E,0x7D,0x9F,0x85,0x7F,0x7D,0x9F,0x7D,0x9F,0x7D,0x9F,0x7D,
    0x9F,0x7D,0x9F,0x7D,0x7F,0x7D,0x9F,0x85,0x5D,0x7D,0x68,0x21,0x62,0x08,0xC4,0x10,
    0xA3,0x10,0xA3,0x10,0xA3,0x10,0xA3,0x10,0xA3,0x10,0xA3,0x10,0xA3,0x10,0xA3,0x10,
    0xA3,0x10,0xA3,0x10,0xA3,0x10,0xA3,0x10,0xA3,0x10,0xA3,0x10,0xA3,0x10,0xA3,0x10,
    0xA3,0x10,0xA3,0x10,0xA3,0x10,0xA3,0x10,0xA3,0x10,0xA3,0x10,0xA3,0x10,0xA3,0x10,
    0xA3,0x10,0xA3,0x10,0xA3,0x10,0xA3,0x10,0xA3,0x10,0xA3,0x10,0xA3,0x10,0xA3,0x10,
    0xA3,0x10,0xA3,0x10,0xA3,0x10,0xA3,0x10,0xA3,0x10,0xA3,0x10,0xA3,0x10,0xA3,0x10,
    0xC4,0x10,0x62,0x08,0x68,0x21,0x5D,0x7D,0x9F,0x85,0x7F,0x7D,0x9F,0x7D,0x9F,0x7D,
    0x9F,0x7D,0x9F,0x7D,0x9F,0x7D,0x7F,0x7D,0x9F,0x85,0x5E,0x7D,0x05,0x19,0x83,0x10,
    0xC3,0x10,0xA3,0x10,0xA3,0x10,0xA3,0x10,0xA3,0x10,0xA3,0x10,0xA3,0x10,0xA3,0x10,
    0xA3,0x10,0xA3,0x10,0xA3,0x10,0xA3,0x10,0xA3,0x10,0xA3,0x10,0xA3,0x10,0xA3,0x10,
    0xA3,0x10,0xA3,0x10,0xA3,0x10,0xC3,0x10,0xA3,0x10,0x00,0x00,0x00,0x00,0x00,0x00,
    0x00,0x00,0x00,0x00,0x00,0x00,0xC3,0x08,0xA3,0x10,0xA3,0x10,0xA3,0x10,0xA3,0x10,
    0xA3,0x10,0xA3,0x10,0xA3,0x10,0xA3,0x10,0xA3,0x10,0xA3,0x10,0xA3,0x10,0xA3,0x10,
    0xA3,0x10,0xA3,0x10,0xA3,0x10,0xA3,0x10,0xA3,0x10,0xA3,0x10,0xA3,0x10,0xA3,0x10,
    0xC4,0x10,0x61,0x08,0xAF,0x42,0xDF,0x85,0x7F,0x7D,0x9F,0x7D,0x9F,0x7D,0x9F,0x7D,
    0x9F,0x7D,0x9F,0x7D,0x9F,0x7D,0x7F,0x7D,0xDF,0x85,0xDB,0x6C,0xC4,0x10,0x62,0x08,
    0xC4,0x10,0xA3,0x10,0xA3,0x10,0xA3,0x10,0xA3,0x10,0xA3,0x10,0xA3,0x10,0xA3,0x10,
    0xA3,0x10,0xA3,0x10,0xA3,0x10,0xA3,0x10,0xA3,0x10,0xA3,0x10,0xA3,0x10,0xA3,0x10,
    0xA3,0x10,0xA3,0x10,0xA3,0x10,0xA3,0x10,0xA3,0x10,0xA3,0x10,0xA3,0x10,0xA3,0x10,
    0xA3,0x10,0xA3,0x10,0xA3,0x10,0xA3,0x10,0xA3,0x10,0xA3,0x10,0xA3,0x10,0xA3,0x10,
    0xA3,0x10,0xA3,0x10,0xA3,0x10,0xA3,0x10,0xA3,0x10,0xA3,0x10,0xA3,0x10,0xC4,0x10,
    0x62,0x08,0xC4,0x10,0xDB,0x6C,0xDF,0x85,0x7F,0x7D,0x9F,0x7D,0x9F,0x7D,0x9F,0x7D,
    0x9F,0x7D,0x9F,0x7D,0x9F,0x7D,0x7F,0x7D,0xDF,0x85,0xAF,0x42,0x61,0x08,0xC4,0x10,
    0xA3,0x10,0xA3,0x10,0xA3,0x10,0xA3,0x10,0xA3,0x10,0xA3,0x10,0xA3,0x10,0xA3,0x10,
    0xA3,0x10,0xA3,0x10,0xA3,0x10,0xA3,0x10,0xA3,0x10,0xA3,0x10,0xA3,0x10,0xA3,0x10,
    0xA3,0x10,0xA3,0x10,0xA3,0x10,0xA3,0x10,0xC3,0x08,0x00,0x00,0x00,0x00,0x00,0x00,
    0x00,0x00,0x00,0x00,0x00,0x00,0x00,0x00,0xA3,0x10,0xC3,0x10,0xA3,0x10,0xA3,0x10,
    0xA3,0x10,0xA3,0x10,0xA3,0x10,0xA3,0x10,0xA3,0x10,0xA3,0x10,0xA3,0x10,0xA3,0x10,
    0xA3,0x10,0xA3,0x10,0xA3,0x10,0xA3,0x10,0xA3,0x10,0xA3,0x10,0xA3,0x10,0xA3,0x10,
    0xA3,0x10,0xC3,0x10,0x82,0x08,0x58,0x64,0xDF,0x85,0x7F,0x7D,0x9F,0x7D,0x9F,0x7D,
    0x9F,0x7D,0x9F,0x7D,0x9F,0x7D,0x9F,0x7D,0x7F,0x7D,0xBF,0x85,0xDA,0x6C,0x68,0x21,
    0x61,0x08,0xC4,0x10,0xA3,0x10,0xA3,0x10,0xA3,0x10,0xA3,0x10,0xA3,0x10,0xA3,0x10,
    0xA3,0x10,0xA3,0x10,0xA3,0x10,0xA3,0x10,0xA3,0x10,0xA3,0x10,0xA3,0x10,0xA3,0x10,
    0xA3,0x10,0xA3,0x10,0xA3,0x10,0xA3,0x10,0xA3,0x10,0xA3,0x10,0xA3,0x10,0xA3,0x10,
    0xA3,0x10,0xA3,0x10,0xA3,0x10,0xA3,0x10,0xA3,0x10,0xA3,0x10,0xA3,0x10,0xA3,0x10,
    0xA3,0x10,0xA3,0x10,0xA3,0x10,0xA3,0x10,0xA3,0x10,0xA3,0x10,0xC4,0x10,0x61,0x08,
    0x68,0x21,0xDA,0x6C,0xBF,0x85,0x7F,0x7D,0x9F,0x7D,0x9F,0x7D,0x9F,0x7D,0x9F,0x7D,
    0x9F,0x7D,0x9F,0x7D,0x7F,0x7D,0xDF,0x85,0x58,0x64,0x82,0x08,0xC3,0x10,0xA3,0x10,
    0xA3,0x10,0xA3,0x10,0xA3,0x10,0xA3,0x10,0xA3,0x10,0xA3,0x10,0xA3,0x10,0xA3,0x10,
    0xA3,0x10,0xA3,0x10,0xA3,0x10,0xA3,0x10,0xA3,0x10,0xA3,0x10,0xA3,0x10,0xA3,0x10,
    0xA3,0x10,0xA3,0x10,0xC3,0x10,0xA3,0x10,0x00,0x00,0x00,0x00,0x00,0x00,0x00,0x00,
    0x00,0x00,0x00,0x00,0x00,0x00,0x00,0x00,0xA3,0x10,0xC3,0x10,0xA3,0x10,0xA3,0x10,
    0xA3,0x10,0xA3,0x10,0xA3,0x10,0xA3,0x10,0xA3,0x10,0xA3,0x10,0xA3,0x10,0xA3,0x10,
    0xA3,0x10,0xA3,0x10,0xA3,0x10,0xA3,0x10,0xA3,0x10,0xA3,0x10,0xA3,0x10,0xA3,0x10,
    0xA3,0x10,0xC3,0x10,0x83,0x10,0x05,0x19,0x3D,0x75,0xBF,0x85,0x7F,0x7D,0x9F,0x7D,
    0x9F,0x7D,0x9F,0x7D,0x9F,0x7D,0x9F,0x7D,0x9F,0x7D,0x7F,0x7D,0xDF,0x85,0x5E,0x7D,
    0xA9,0x29,0x41,0x08,0xC3,0x10,0xC3,0x10,0xA3,0x10,0xA3,0x10,0xA3,0x10,0xA3,0x10,
    0xA3,0x10,0xA3,0x10,0xA3,0x10,0xA3,0x10,0xA3,0x10,0xA3,0x10,0xA3,0x10,0xA3,0x10,
    0xA3,0x10,0xA3,0x10,0xA3,0x10,0xA3,0x10,0xA3,0x10,0xA3,0x10,0xA3,0x10,0xA3,0x10,
    0xA3,0x10,0xA3,0x10,0xA3,0x10,0xA3,0x10,0xA3,0x10,0xA3,0x10,0xA3,0x10,0xA3,0x10,
    0xA3,0x10,0xA3,0x10,0xA3,0x10,0xA3,0x10,0xC3,0x10,0xC3,0x10,0x41,0x08,0xA9,0x29,
    0x5E,0x7D,0xDF,0x85,0x7F,0x7D,0x9F,0x7D,0x9F,0x7D,0x9F,0x7D,0x9F,0x7D,0x9F,0x7D,
    0x9F,0x7D,0x7F,0x7D,0xBF,0x85,0x3D,0x75,0x05,0x19,0x83,0x10,0xC3,0x10,0xA3,0x10,
    0xA3,0x10,0xA3,0x10,0xA3,0x10,0xA3,0x10,0xA3,0x10,0xA3,0x10,0xA3,0x10,0xA3,0x10,
    0xA3,0x10,0xA3,0x10,0xA3,0x10,0xA3,0x10,0xA3,0x10,0xA3,0x10,0xA3,0x10,0xA3,0x10,
    0xA3,0x10,0xA3,0x10,0xC3,0x10,0xA3,0x10,0x00,0x00,0x00,0x00,0x00,0x00,0x00,0x00,
    0x00,0x00,0x00,0x00,0x00,0x00,0x00,0x00,0x00,0x00,0xA3,0x10,0xC3,0x10,0xA3,0x10,
    0xA3,0x10,0xA3,0x10,0xA3,0x10,0xA3,0x10,0xA3,0x10,0xA3,0x10,0xA3,0x10,0xA3,0x10,
    0xA3,0x10,0xA3,0x10,0xA3,0x10,0xA3,0x10,0xA3,0x10,0xA3,0x10,0xA3,0x10,0xA3,0x10,
    0xA3,0x10,0xA3,0x10,0xC4,0x10,0x61,0x08,0xEB,0x31,0xBF,0x85,0x7F,0x7D,0x7F,0x7D,
    0x9F,0x7D,0x9F,0x7D,0x9F,0x7D,0x9F,0x7D,0x9F,0x7D,0x9F,0x7D,0x7F,0x7D,0x9F,0x85,
    0x9F,0x85,0xCF,0x42,0x62,0x08,0x83,0x10,0xC4,0x10,0xA3,0x10,0xA3,0x10,0xA3,0x10,
    0xA3,0x10,0xA3,0x10,0xA3,0x10,0xA3,0x10,0xA3,0x10,0xA3,0x10,0xA3,0x10,0xA3,0x10,
    0xA3,0x10,0xA3,0x10,0xA3,0x10,0xA3,0x10,0xA3,0x10,0xA3,0x10,0xA3,0x10,0xA3,0x10,
    0xA3,0x10,0xA3,0x10,0xA3,0x10,0xA3,0x10,0xA3,0x10,0xA3,0x10,0xA3,0x10,0xA3,0x10,
    0xA3,0x10,0xA3,0x10,0xA3,0x10,0xC4,0x10,0x83,0x10,0x62,0x08,0xCF,0x42,0x9F,0x85,
    0x9F,0x85,0x7F,0x7D,0x9F,0x7D,0x9F,0x7D,0x9F,0x7D,0x9F,0x7D,0x9F,0x7D,0x9F,0x7D,
    0x7F,0x7D,0x7F,0x7D,0xBF,0x85,0xEB,0x31,0x61,0x08,0xC4,0x10,0xA3,0x10,0xA3,0x10,
    0xA3,0x10,0xA3,0x10,0xA3,0x10,0xA3,0x10,0xA3,0x10,0xA3,0x10,0xA3,0x10,0xA3,0x10,
    0xA3,0x10,0xA3,0x10,0xA3,0x10,0xA3,0x10,0xA3,0x10,0xA3,0x10,0xA3,0x10,0xA3,0x10,
    0xA3,0x10,0xC3,0x10,0xA3,0x10,0x00,0x00,0x00,0x00,0x00,0x00,0x00,0x00,0x00,0x00,
    0x00,0x00,0x00,0x00,0x00,0x00,0x00,0x00,0x00,0x00,0xA3,0x10,0xC3,0x10,0xA3,0x10,
    0xA3,0x10,0xA3,0x10,0xA3,0x10,0xA3,0x10,0xA3,0x10,0xA3,0x10,0xA3,0x10,0xA3,0x10,
    0xA3,0x10,0xA3,0x10,0xA3,0x10,0xA3,0x10,0xA3,0x10,0xA3,0x10,0xA3,0x10,0xA3,0x10,
    0xA3,0x10,0xA3,0x10,0xA3,0x10,0xC4,0x10,0x61,0x08,0xD0,0x42,0xFF,0x8D,0x7F,0x7D,
    0x9F,0x7D,0x9F,0x7D,0x9F,0x7D,0x9F,0x7D,0x9F,0x7D,0x9F,0x7D,0x9F,0x7D,0x7F,0x7D,
    0x9F,0x7D,0xFF,0x85,0xF6,0x5B,0x05,0x19,0x61,0x08,0xA3,0x10,0xC4,0x10,0xA3,0x10,
    0xA3,0x10,0xA3,0x10,0xA3,0x10,0xA3,0x10,0xA3,0x10,0xA3,0x10,0xA3,0x10,0xA3,0x10,
    0xA3,0x10,0xA3,0x10,0xA3,0x10,0xA3,0x10,0xA3,0x10,0xA3,0x10,0xA3,0x10,0xA3,0x10,
    0xA3,0x10,0xA3,0x10,0xA3,0x10,0xA3,0x10,0xA3,0x10,0xA3,0x10,0xA3,0x10,0xA3,0x10,
    0xA3,0x10,0xC4,0x10,0xA3,0x10,0x61,0x08,0x05,0x19,0xF6,0x5B,0xFF,0x85,0x9F,0x7D,
    0x7F,0x7D,0x9F,0x7D,0x9F,0x7D,0x9F,0x7D,0x9F,0x7D,0x9F,0x7D,0x9F,0x7D,0x9F,0x7D,
    0x7F,0x7D,0xFF,0x8D,0xD0,0x42,0x61,0x08,0xC4,0x10,0xA3,0x10,0xA3,0x10,0xA3,0x10,
    0xA3,0x10,0xA3,0x10,0xA3,0x10,0xA3,0x10,0xA3,0x10,0xA3,0x10,0xA3,0x10,0xA3,0x10,
    0xA3,0x10,0xA3,0x10,0xA3,0x10,0xA3,0x10,0xA3,0x10,0xA3,0x10,0xA3,0x10,0xA3,0x10,
    0xA3,0x10,0xC3,0x10,0xA3,0x10,0x00,0x00,0x00,0x00,0x00,0x00,0x00,0x00,0x00,0x00,
    0x00,0x00,0x00,0x00,0x00,0x00,0x00,0x00,0x00,0x00,0x00,0x00,0xA3,0x10,0xC3,0x10,
    0xA3,0x10,0xA3,0x10,0xA3,0x10,0xA3,0x10,0xA3,0x10,0xA3,0x10,0xA3,0x10,0xA3,0x10,
    0xA3,0x10,0xA3,0x10,0xA3,0x10,0xA3,0x10,0xA3,0x10,0xA3,0x10,0xA3,0x10,0xA3,0x10,
    0xA3,0x10,0xA3,0x10,0xA3,0x10,0xA3,0x10,0xC3,0x10,0x82,0x08,0xB4,0x53,0xFF,0x8D,
    0x7F,0x7D,0x9F,0x7D,0x9F,0x7D,0x9F,0x7D,0x9F,0x7D,0x9F,0x7D,0x9F,0x7D,0x9F,0x7D,
    0x9F,0x7D,0x7F,0x7D,0xDF,0x85,0x5D,0x7D,0xCF,0x42,0xA3,0x10,0x61,0x08,0xA3,0x10,
    0xC4,0x10,0xC3,0x10,0xA3,0x10,0xA3,0x10,0xA3,0x10,0xA3,0x10,0xA3,0x10,0xA3,0x10,
    0xA3,0x10,0xA3,0x10,0xA3,0x10,0xA3,0x10,0xA3,0x10,0xA3,0x10,0xA3,0x10,0xA3,0x10,
    0xA3,0x10,0xA3,0x10,0xA3,0x10,0xA3,0x10,0xA3,0x10,0xA3,0x10,0xC3,0x10,0xC4,0x10,
    0xA3,0x10,0x61,0x08,0xA3,0x10,0xCF,0x42,0x5D,0x7D,0xDF,0x85,0x7F,0x7D,0x9F,0x7D,
    0x9F,0x7D,0x9F,0x7D,0x9F,0x7D,0x9F,0x7D,0x9F,0x7D,0x9F,0x7D,0x9F,0x7D,0x7F,0x7D,
    0xFF,0x8D,0xB4,0x53,0x82,0x08,0xC3,0x10,0xA3,0x10,0xA3,0x10,0xA3,0x10,0xA3,0x10,
    0xA3,0x10,0xA3,0x10,0xA3,0x10,0xA3,0x10,0xA3,0x10,0xA3,0x10,0xA3,0x10,0xA3,0x10,
    0xA3,0x10,0xA3,0x10,0xA3,0x10,0xA3,0x10,0xA3,0x10,0xA3,0x10,0xA3,0x10,0xA3,0x10,
    0xC3,0x10,0xA3,0x10,0x00,0x00,0x00,0x00,0x00,0x00,0x00,0x00,0x00,0x00,0x00,0x00,
    0x00,0x00,0x00,0x00,0x00,0x00,0x00,0x00,0x00,0x00,0x00,0x00,0xA3,0x10,0xC3,0x10,
    0xA3,0x10,0xA3,0x10,0xA3,0x10,0xA3,0x10,0xA3,0x10,0xA3,0x10,0xA3,0x10,0xA3,0x10,
    0xA3,0x10,0xA3,0x10,0xA3,0x10,0xA3,0x10,0xA3,0x10,0xA3,0x10,0xA3,0x10,0xA3,0x10,
    0xA3,0x10,0xA3,0x10,0xA3,0x10,0xA3,0x10,0xC3,0x10,0xA3,0x10,0x62,0x08,0xB4,0x53,
    0xFF,0x8D,0x7F,0x7D,0x9F,0x7D,0x9F,0x7D,0x9F,0x7D,0x9F,0x7D,0x9F,0x7D,0x9F,0x7D,
    0x9F,0x7D,0x9F,0x7D,0x7F,0x7D,0x9F,0x85,0xDF,0x85,0xDB,0x6C,0x8E,0x3A,0xC3,0x10,
    0x61,0x08,0x82,0x10,0xC4,0x10,0xC4,0x10,0xC3,0x10,0xA3,0x10,0xA3,0x10,0xA3,0x10,
    0xA3,0x10,0xA3,0x10,0xA3,0x10,0xA3,0x10,0xA3,0x10,0xA3,0x10,0xA3,0x10,0xA3,0x10,
    0xA3,0x10,0xA3,0x10,0xA3,0x10,0xC3,0x10,0xC4,0x10,0xC4,0x10,0x82,0x10,0x61,0x08,
    0xC3,0x10,0x8E,0x3A,0xDB,0x6C,0xDF,0x85,0x9F,0x85,0x7F,0x7D,0x9F,0x7D,0x9F,0x7D,
    0x9F,0x7D,0x9F,0x7D,0x9F,0x7D,0x9F,0x7D,0x9F,0x7D,0x9F,0x7D,0x7F,0x7D,0xFF,0x8D,
    0xB4,0x53,0x62,0x08,0xA3,0x10,0xC3,0x10,0xA3,0x10,0xA3,0x10,0xA3,0x10,0xA3,0x10,
    0xA3,0x10,0xA3,0x10,0xA3,0x10,0xA3,0x10,0xA3,0x10,0xA3,0x10,0xA3,0x10,0xA3,0x10,
    0xA3,0x10,0xA3,0x10,0xA3,0x10,0xA3,0x10,0xA3,0x10,0xA3,0x10,0xA3,0x10,0xA3,0x10,
    0xC3,0x10,0xA3,0x10,0x00,0x00,0x00,0x00,0x00,0x00,0x00,0x00,0x00,0x00,0x00,0x00,
    0x00,0x00,0x00,0x00,0x00,0x00,0x00,0x00,0x00,0x00,0x00,0x00,0x00,0x00,0xA3,0x10,
    0xC3,0x10,0xA3,0x10,0xA3,0x10,0xA3,0x10,0xA3,0x10,0xA3,0x10,0xA3,0x10,0xA3,0x10,
    0xA3,0x10,0xA3,0x10,0xA3,0x10,0xA3,0x10,0xA3,0x10,0xA3,0x10,0xA3,0x10,0xA3,0x10,
    0xA3,0x10,0xA3,0x10,0xA3,0x10,0xA3,0x10,0xA3,0x10,0xC3,0x10,0xA3,0x10,0x62,0x08,
    0xB4,0x53,0xFF,0x8D,0x7F,0x7D,0x9F,0x7D,0x9F,0x7D,0x9F,0x7D,0x9F,0x7D,0x9F,0x7D,
    0x9F,0x7D,0x9F,0x7D,0x9F,0x7D,0x7F,0x7D,0x7F,0x7D,0xBF,0x85,0xDF,0x85,0xDB,0x74,
    0x31,0x4B,0x67,0x21,0x62,0x08,0x61,0x08,0x82,0x08,0xA3,0x10,0xC3,0x10,0xC4,0x10,
    0xC4,0x10,0xC4,0x10,0xC4,0x10,0xC4,0x10,0xC4,0x10,0xC4,0x10,0xC4,0x10,0xC4,0x10,
    0xC4,0x10,0xC3,0x10,0xA3,0x10,0x82,0x08,0x61,0x08,0x62,0x08,0x67,0x21,0x31,0x4B,
    0xDB,0x74,0xDF,0x85,0xBF,0x85,0x7F,0x7D,0x7F,0x7D,0x9F,0x7D,0x9F,0x7D,0x9F,0x7D,
    0x9F,0x7D,0x9F,0x7D,0x9F,0x7D,0x9F,0x7D,0x9F,0x7D,0x7F,0x7D,0xFF,0x8D,0xB4,0x53,
    0x62,0x08,0xA3,0x10,0xC3,0x10,0xA3,0x10,0xA3,0x10,0xA3,0x10,0xA3,0x10,0xA3,0x10,
    0xA3,0x10,0xA3,0x10,0xA3,0x10,0xA3,0x10,0xA3,0x10,0xA3,0x10,0xA3,0x10,0xA3,0x10,
    0xA3,0x10,0xA3,0x10,0xA3,0x10,0xA3,0x10,0xA3,0x10,0xA3,0x10,0xA3,0x10,0xC3,0x10,
    0xA3,0x10,0x00,0x00,0x00,0x00,0x00,0x00,0x00,0x00,0x00,0x00,0x00,0x00,0x00,0x00,
    0x00,0x00,0x00,0x00,0x00,0x00,0x00,0x00,0x00,0x00,0x00,0x00,0x00,0x00,0xC3,0x10,
    0xC3,0x10,0xA3,0x10,0xA3,0x10,0xA3,0x10,0xA3,0x10,0xA3,0x10,0xA3,0x10,0xA3,0x10,
    0xA3,0x10,0xA3,0x10,0xA3,0x10,0xA3,0x10,0xA3,0x10,0xA3,0x10,0xA3,0x10,0xA3,0x10,
    0xA3,0x10,0xA3,0x10,0xA3,0x10,0xA3,0x10,0xA3,0x10,0xA3,0x10,0xC3,0x10,0xA3,0x10,
    0x62,0x08,0xB4,0x53,0xFF,0x8D,0x7F,0x7D,0x7F,0x7D,0x9F,0x7D,0x9F,0x7D,0x9F,0x7D,
    0x9F,0x7D,0x9F,0x7D,0x9F,0x7D,0x9F,0x7D,0x9F,0x7D,0x7F,0x7D,0x7F,0x7D,0xBF,0x85,
    0xFF,0x85,0x7F,0x7D,0x58,0x64,0xF0,0x42,0xA9,0x29,0xE4,0x10,0x82,0x08,0x61,0x08,
    0x41,0x08,0x62,0x08,0x62,0x08,0x62,0x08,0x62,0x08,0x62,0x08,0x62,0x08,0x41,0x08,
    0x61,0x08,0x82,0x08,0xE4,0x10,0xA9,0x29,0xF0,0x42,0x58,0x64,0x7F,0x7D,0xFF,0x85,
    0xBF,0x85,0x7F,0x7D,0x7F,0x7D,0x9F,0x7D,0x9F,0x7D,0x9F,0x7D,0x9F,0x7D,0x9F,0x7D,
    0x9F,0x7D,0x9F,0x7D,0x9F,0x7D,0x7F,0x7D,0x7F,0x7D,0xFF,0x8D,0xB4,0x53,0x62,0x08,
    0xA3,0x10,0xC3,0x10,0xA3,0x10,0xA3,0x10,0xA3,0x10,0xA3,0x10,0xA3,0x10,0xA3,0x10,
    0xA3,0x10,0xA3,0x10,0xA3,0x10,0xA3,0x10,0xA3,0x10,0xA3,0x10,0xA3,0x10,0xA3,0x10,
    0xA3,0x10,0xA3,0x10,0xA3,0x10,0xA3,0x10,0xA3,0x10,0xA3,0x10,0xA3,0x10,0xC3,0x10,
    0xC3,0x10,0x00,0x00,0x00,0x00,0x00,0x00,0x00,0x00,0x00,0x00,0x00,0x00,0x00,0x00,
    0x00,0x00,0x00,0x00,0x00,0x00,0x00,0x00,0x00,0x00,0x00,0x00,0x00,0x00,0x00,0x00,
    0xA3,0x10,0xC3,0x10,0xA3,0x10,0xA3,0x10,0xA3,0x10,0xA3,0x10,0xA3,0x10,0xA3,0x10,
    0xA3,0x10,0xA3,0x10,0xA3,0x10,0xA3,0x10,0xA3,0x10,0xA3,0x10,0xA3,0x10,0xA3,0x10,
    0xA3,0x10,0xA3,0x10,0xA3,0x10,0xA3,0x10,0xA3,0x10,0xA3,0x10,0xA3,0x10,0xC3,0x10,
    0xA3,0x10,0x82,0x08,0xCF,0x42,0xBF,0x85,0xBF,0x85,0x7F,0x7D,0x9F,0x7D,0x9F,0x7D,
    0x9F,0x7D,0x9F,0x7D,0x9F,0x7D,0x9F,0x7D,0x9F,0x7D,0x9F,0x7D,0x9F,0x7D,0x7F,0x7D,
    0x7F,0x7D,0x9F,0x85,0xDF,0x85,0xDF,0x85,0xBF,0x85,0xFC,0x74,0x58,0x64,0x73,0x53,
    0x11,0x4B,0x4C,0x32,0xEA,0x29,0xEB,0x31,0xEB,0x31,0xEA,0x29,0x4C,0x32,0x11,0x4B,
    0x73,0x53,0x58,0x64,0xFC,0x74,0xBF,0x85,0xDF,0x85,0xDF,0x85,0x9F,0x85,0x7F,0x7D,
    0x7F,0x7D,0x9F,0x7D,0x9F,0x7D,0x9F,0x7D,0x9F,0x7D,0x9F,0x7D,0x9F,0x7D,0x9F,0x7D,
    0x9F,0x7D,0x9F,0x7D,0x7F,0x7D,0xBF,0x85,0xBF,0x85,0xCF,0x42,0x82,0x08,0xA3,0x10,
    0xC3,0x10,0xA3,0x10,0xA3,0x10,0xA3,0x10,0xA3,0x10,0xA3,0x10,0xA3,0x10,0xA3,0x10,
    0xA3,0x10,0xA3,0x10,0xA3,0x10,0xA3,0x10,0xA3,0x10,0xA3,0x10,0xA3,0x10,0xA3,0x10,
    0xA3,0x10,0xA3,0x10,0xA3,0x10,0xA3,0x10,0xA3,0x10,0xA3,0x10,0xC3,0x10,0xA3,0x10,
    0x00,0x00,0x00,0x00,0x00,0x00,0x00,0x00,0x00,0x00,0x00,0x00,0x00,0x00,0x00,0x00,
    0x00,0x00,0x00,0x00,0x00,0x00,0x00,0x00,0x00,0x00,0x00,0x00,0x00,0x00,0x00,0x00,
    0xA3,0x10,0xA3,0x10,0xA3,0x10,0xA3,0x10,0xA3,0x10,0xA3,0x10,0xA3,0x10,0xA3,0x10,
    0xA3,0x10,0xA3,0x10,0xA3,0x10,0xA3,0x10,0xA3,0x10,0xA3,0x10,0xA3,0x10,0xA3,0x10,
    0xA3,0x10,0xA3,0x10,0xA3,0x10,0xA3,0x10,0xA3,0x10,0xA3,0x10,0xA3,0x10,0xA3,0x10,
    0xC3,0x10,0xC3,0x10,0x61,0x08,0xEB,0x31,0x3D,0x75,0xDF,0x85,0x7F,0x7D,0x7F,0x7D,
    0x9F,0x7D,0x9F,0x7D,0x9F,0x7D,0x9F,0x7D,0x9F,0x7D,0x9F,0x7D,0x9F,0x7D,0x9F,0x7D,
    0x9F,0x7D,0x9F,0x7D,0x7F,0x7D,0x7F,0x7D,0x7F,0x7D,0xBF,0x85,0xDF,0x85,0xDF,0x85,
    0xFF,0x85,0xDF,0x85,0xBF,0x85,0xBF,0x85,0xBF,0x85,0xBF,0x85,0xDF,0x85,0xFF,0x85,
    0xDF,0x85,0xDF,0x85,0xBF,0x85,0x7F,0x7D,0x7F,0x7D,0x7F,0x7D,0x9F,0x7D,0x9F,0x7D,
    0x9F,0x7D,0x9F,0x7D,0x9F,0x7D,0x9F,0x7D,0x9F,0x7D,0x9F,0x7D,0x9F,0x7D,0x9F,0x7D,
    0x7F,0x7D,0x7F,0x7D,0xDF,0x85,0x3D,0x75,0xEB,0x31,0x61,0x08,0xC3,0x10,0xC3,0x10,
    0xA3,0x10,0xA3,0x10,0xA3,0x10,0xA3,0x10,0xA3,0x10,0xA3,0x10,0xA3,0x10,0xA3,0x10,
    0xA3,0x10,0xA3,0x10,0xA3,0x10,0xA3,0x10,0xA3,0x10,0xA3,0x10,0xA3,0x10,0xA3,0x10,
    0xA3,0x10,0xA3,0x10,0xA3,0x10,0xA3,0x10,0xA3,0x10,0xA3,0x10,0xA3,0x10,0xA3,0x10,
    0x00,0x00,0x00,0x00,0x00,0x00,0x00,0x00,0x00,0x00,0x00,0x00,0x00,0x00,0x00,0x00,
    0x00,0x00,0x00,0x00,0x00,0x00,0x00,0x00,0x00,0x00,0x00,0x00,0x00,0x00,0x00,0x00,
    0x00,0x00,0xA3,0x10,0xC3,0x10,0xA3,0x10,0xA3,0x10,0xA3,0x10,0xA3,0x10,0xA3,0x10,
    0xA3,0x10,0xA3,0x10,0xA3,0x10,0xA3,0x10,0xA3,0x10,0xA3,0x10,0xA3,0x10,0xA3,0x10,
    0xA3,0x10,0xA3,0x10,0xA3,0x10,0xA3,0x10,0xA3,0x10,0xA3,0x10,0xA3,0x10,0xA3,0x10,
    0xA3,0x10,0xA3,0x10,0xC4,0x10,0x61,0x08,0x05,0x19,0x58,0x64,0xDF,0x85,0x9F,0x85,
    0x7F,0x7D,0x9F,0x7D,0x9F,0x7D,0x9F,0x7D,0x9F,0x7D,0x9F,0x7D,0x9F,0x7D,0x9F,0x7D,
    0x9F,0x7D,0x9F,0x7D,0x9F,0x7D,0x9F,0x7D,0x9F,0x7D,0x7F,0x7D,0x7F,0x7D,0x7F,0x7D,
    0x7F,0x7D,0x7F,0x7D,0x7F,0x7D,0x7F,0x7D,0x7F,0x7D,0x7F,0x7D,0x7F,0x7D,0x7F,0x7D,
    0x7F,0x7D,0x7F,0x7D,0x7F,0x7D,0x9F,0x7D,0x9F,0x7D,0x9F,0x7D,0x9F,0x7D,0x9F,0x7D,
    0x9F,0x7D,0x9F,0x7D,0x9F,0x7D,0x9F,0x7D,0x9F,0x7D,0x9F,0x7D,0x9F,0x7D,0x7F,0x7D,
    0x9F,0x85,0xDF,0x85,0x58,0x64,0x05,0x19,0x61,0x08,0xC4,0x10,0xA3,0x10,0xA3,0x10,
    0xA3,0x10,0xA3,0x10,0xA3,0x10,0xA3,0x10,0xA3,0x10,0xA3,0x10,0xA3,0x10,0xA3,0x10,
    0xA3,0x10,0xA3,0x10,0xA3,0x10,0xA3,0x10,0xA3,0x10,0xA3,0x10,0xA3,0x10,0xA3,0x10,
    0xA3,0x10,0xA3,0x10,0xA3,0x10,0xA3,0x10,0xA3,0x10,0xC3,0x10,0xA3,0x10,0x00,0x00,
    0x00,0x00,0x00,0x00,0x00,0x00,0x00,0x00,0x00,0x00,0x00,0x00,0x00,0x00,0x00,0x00,
    0x00,0x00,0x00,0x00,0x00,0x00,0x00,0x00,0x00,0x00,0x00,0x00,0x00,0x00,0x00,0x00,
    0x00,0x00,0x00,0x00,0xA3,0x10,0xC3,0x10,0xA3,0x10,0xA3,0x10,0xA3,0x10,0xA3,0x10,
    0xA3,0x10,0xA3,0x10,0xA3,0x10,0xA3,0x10,0xA3,0x10,0xA3,0x10,0xA3,0x10,0xA3,0x10,
    0xA3,0x10,0xA3,0x10,0xA3,0x10,0xA3,0x10,0xA3,0x10,0xA3,0x10,0xA3,0x10,0xA3,0x10,
    0xA3,0x10,0xA3,0x10,0xA3,0x10,0xC4,0x10,0xA3,0x10,0x82,0x08,0xAF,0x42,0x5D,0x7D,
    0xDF,0x85,0x9F,0x7D,0x7F,0x7D,0x9F,0x7D,0x9F,0x7D,0x9F,0x7D,0x9F,0x7D,0x9F,0x7D,
    0x9F,0x7D,0x9F,0x7D,0x9F,0x7D,0x9F,0x7D,0x9F,0x7D,0x9F,0x7D,0x9F,0x7D,0x9F,0x7D,
    0x9F,0x7D,0x9F,0x7D,0x9F,0x7D,0x9F,0x7D,0x9F,0x7D,0x9F,0x7D,0x9F,0x7D,0x9F,0x7D,
    0x9F,0x7D,0x9F,0x7D,0x9F,0x7D,0x9F,0x7D,0x9F,0x7D,0x9F,0x7D,0x9F,0x7D,0x9F,0x7D,
    0x9F,0x7D,0x9F,0x7D,0x9F,0x7D,0x9F,0x7D,0x9F,0x7D,0x7F,0x7D,0x9F,0x7D,0xDF,0x85,
    0x5D,0x7D,0xAF,0x42,0x82,0x08,0xA3,0x10,0xC4,0x10,0xA3,0x10,0xA3,0x10,0xA3,0x10,
    0xA3,0x10,0xA3,0x10,0xA3,0x10,0xA3,0x10,0xA3,0x10,0xA3,0x10,0xA3,0x10,0xA3,0x10,
    0xA3,0x10,0xA3,0x10,0xA3,0x10,0xA3,0x10,0xA3,0x10,0xA3,0x10,0xA3,0x10,0xA3,0x10,
    0xA3,0x10,0xA3,0x10,0xA3,0x10,0xA3,0x10,0xC3,0x10,0xA3,0x10,0x00,0x00,0x00,0x00,
    0x00,0x00,0x00,0x00,0x00,0x00,0x00,0x00,0x00,0x00,0x00,0x00,0x00,0x00,0x00,0x00,
    0x00,0x00,0x00,0x00,0x00,0x00,0x00,0x00,0x00,0x00,0x00,0x00,0x00,0x00,0x00,0x00,
    0x00,0x00,0x00,0x00,0xA3,0x10,0xA3,0x10,0xA3,0x10,0xA3,0x10,0xA3,0x10,0xA3,0x10,
    0xA3,0x10,0xA3,0x10,0xA3,0x10,0xA3,0x10,0xA3,0x10,0xA3,0x10,0xA3,0x10,0xA3,0x10,
    0xA3,0x10,0xA3,0x10,0xA3,0x10,0xA3,0x10,0xA3,0x10,0xA3,0x10,0xA3,0x10,0xA3,0x10,
    0xA3,0x10,0xA3,0x10,0xA3,0x10,0xA3,0x10,0xC3,0x10,0xC3,0x10,0x61,0x08,0x06,0x19,
    0xB4,0x53,0x9F,0x7D,0xDF,0x85,0x9F,0x7D,0x7F,0x7D,0x7F,0x7D,0x9F,0x7D,0x9F,0x7D,
    0x9F,0x7D,0x9F,0x7D,0x9F,0x7D,0x9F,0x7D,0x9F,0x7D,0x9F,0x7D,0x9F,0x7D,0x9F,0x7D,
    0x9F,0x7D,0x9F,0x7D,0x9F,0x7D,0x9F,0x7D,0x9F,0x7D,0x9F,0x7D,0x9F,0x7D,0x9F,0x7D,
    0x9F,0x7D,0x9F,0x7D,0x9F,0x7D,0x9F,0x7D,0x9F,0x7D,0x9F,0x7D,0x9F,0x7D,0x9F,0x7D,
    0x9F,0x7D,0x9F,0x7D,0x7F,0x7D,0x7F,0x7D,0x9F,0x7D,0xDF,0x85,0x9F,0x7D,0xB4,0x53,
    0x06,0x19,0x61,0x08,0xC3,0x10,0xC3,0x10,0xA3,0x10,0xA3,0x10,0xA3,0x10,0xA3,0x10,
    0xA3,0x10,0xA3,0x10,0xA3,0x10,0xA3,0x10,0xA3,0x10,0xA3,0x10,0xA3,0x10,0xA3,0x10,
    0xA3,0x10,0xA3,0x10,0xA3,0x10,0xA3,0x10,0xA3,0x10,0xA3,0x10,0xA3,0x10,0xA3,0x10,
    0xA3,0x10,0xA3,0x10,0xA3,0x10,0xA3,0x10,0xA3,0x10,0xA3,0x10,0x00,0x00,0x00,0x00,
    0x00,0x00,0x00,0x00,0x00,0x00,0x00,0x00,0x00,0x00,0x00,0x00,0x00,0x00,0x00,0x00,
    0x00,0x00,0x00,0x00,0x00,0x00,0x00,0x00,0x00,0x00,0x00,0x00,0x00,0x00,0x00,0x00,
    0x00,0x00,0x00,0x00,0x00,0x00,0xC3,0x10,0xC3,0x10,0xA3,0x10,0xA3,0x10,0xA3,0x10,
    0xA3,0x10,0xA3,0x10,0xA3,0x10,0xA3,0x10,0xA3,0x10,0xA3,0x10,0xA3,0x10,0xA3,0x10,
    0xA3,0x10,0xA3,0x10,0xA3,0x10,0xA3,0x10,0xA3,0x10,0xA3,0x10,0xA3,0x10,0xA3,0x10,
    0xA3,0x10,0xA3,0x10,0xA3,0x10,0xA3,0x10,0xA3,0x10,0xA3,0x10,0xC4,0x10,0xA3,0x10,
    0x61,0x08,0x67,0x21,0xB4,0x53,0x9F,0x7D,0xDF,0x85,0x9F,0x85,0x7F,0x7D,0x7F,0x7D,
    0x7F,0x7D,0x9F,0x7D,0x9F,0x7D,0x9F,0x7D,0x9F,0x7D,0x9F,0x7D,0x9F,0x7D,0x9F,0x7D,
    0x9F,0x7D,0x9F,0x7D,0x9F,0x7D,0x9F,0x7D,0x9F,0x7D,0x9F,0x7D,0x9F,0x7D,0x9F,0x7D,
    0x9F,0x7D,0x9F,0x7D,0x9F,0x7D,0x9F,0x7D,0x9F,0x7D,0x9F,0x7D,0x9F,0x7D,0x7F,0x7D,
    0x7F,0x7D,0x7F,0x7D,0x9F,0x85,0xDF,0x85,0x9F,0x7D,0xB4,0x53,0x67,0x21,0x61,0x08,
    0xA3,0x10,0xC4,0x10,0xA3,0x10,0xA3,0x10,0xA3,0x10,0xA3,0x10,0xA3,0x10,0xA3,0x10,
    0xA3,0x10,0xA3,0x10,0xA3,0x10,0xA3,0x10,0xA3,0x10,0xA3,0x10,0xA3,0x10,0xA3,0x10,
    0xA3,0x10,0xA3,0x10,0xA3,0x10,0xA3,0x10,0xA3,0x10,0xA3,0x10,0xA3,0x10,0xA3,0x10,
    0xA3,0x10,0xA3,0x10,0xA3,0x10,0xC3,0x10,0xC3,0x10,0x00,0x00,0x00,0x00,0x00,0x00,
    0x00,0x00,0x00,0x00,0x00,0x00,0x00,0x00,0x00,0x00,0x00,0x00,0x00,0x00,0x00,0x00,
    0x00,0x00,0x00,0x00,0x00,0x00,0x00,0x00,0x00,0x00,0x00,0x00,0x00,0x00,0x00,0x00,
    0x00,0x00,0x00,0x00,0x00,0x00,0x00,0x00,0xA3,0x10,0xC3,0x10,0xA3,0x10,0xA3,0x10,
    0xA3,0x10,0xA3,0x10,0xA3,0x10,0xA3,0x10,0xA3,0x10,0xA3,0x10,0xA3,0x10,0xA3,0x10,
    0xA3,0x10,0xA3,0x10,0xA3,0x10,0xA3,0x10,0xA3,0x10,0xA3,0x10,0xA3,0x10,0xA3,0x10,
    0xA3,0x10,0xA3,0x10,0xA3,0x10,0xA3,0x10,0xA3,0x10,0xA3,0x10,0xA3,0x10,0xC3,0x10,
    0xC4,0x10,0x82,0x10,0x61,0x08,0x68,0x21,0xB4,0x53,0x3D,0x7D,0xDF,0x85,0xDF,0x85,
    0x9F,0x85,0x7F,0x7D,0x7F,0x7D,0x7F,0x7D,0x7F,0x7D,0x9F,0x7D,0x9F,0x7D,0x9F,0x7D,
    0x9F,0x7D,0x9F,0x7D,0x9F,0x7D,0x9F,0x7D,0x9F,0x7D,0x9F,0x7D,0x9F,0x7D,0x9F,0x7D,
    0x9F,0x7D,0x9F,0x7D,0x9F,0x7D,0x7F,0x7D,0x7F,0x7D,0x7F,0x7D,0x7F,0x7D,0x9F,0x85,
    0xDF,0x85,0xDF,0x85,0x3D,0x7D,0xB4,0x53,0x68,0x21,0x61,0x08,0x82,0x10,0xC4,0x10,
    0xC3,0x10,0xA3,0x10,0xA3,0x10,0xA3,0x10,0xA3,0x10,0xA3,0x10,0xA3,0x10,0xA3,0x10,
    0xA3,0x10,0xA3,0x10,0xA3,0x10,0xA3,0x10,0xA3,0x10,0xA3,0x10,0xA3,0x10,0xA3,0x10,
    0xA3,0x10,0xA3,0x10,0xA3,0x10,0xA3,0x10,0xA3,0x10,0xA3,0x10,0xA3,0x10,0xA3,0x10,
    0xA3,0x10,0xA3,0x10,0xC3,0x10,0xA3,0x10,0x00,0x00,0x00,0x00,0x00,0x00,0x00,0x00,
    0x00,0x00,0x00,0x00,0x00,0x00,0x00,0x00,0x00,0x00,0x00,0x00,0x00,0x00,0x00,0x00,
    0x00,0x00,0x00,0x00,0x00,0x00,0x00,0x00,0x00,0x00,0x00,0x00,0x00,0x00,0x00,0x00,
    0x00,0x00,0x00,0x00,0x00,0x00,0x00,0x00,0x00,0x00,0xA3,0x10,0xC3,0x10,0xA3,0x10,
    0xA3,0x10,0xA3,0x10,0xA3,0x10,0xA3,0x10,0xA3,0x10,0xA3,0x10,0xA3,0x10,0xA3,0x10,
    0xA3,0x10,0xA3,0x10,0xA3,0x10,0xA3,0x10,0xA3,0x10,0xA3,0x10,0xA3,0x10,0xA3,0x10,
    0xA3,0x10,0xA3,0x10,0xA3,0x10,0xA3,0x10,0xA3,0x10,0xA3,0x10,0xA3,0x10,0xA3,0x10,
    0xA3,0x10,0xC3,0x10,0xC4,0x10,0x82,0x10,0x61,0x08,0x05,0x19,0x8D,0x3A,0x17,0x5C,
    0x5E,0x7D,0xDF,0x85,0xDF,0x85,0xBF,0x85,0x9F,0x85,0x7F,0x7D,0x7F,0x7D,0x7F,0x7D,
    0x7F,0x7D,0x7F,0x7D,0x7F,0x7D,0x7F,0x7D,0x7F,0x7D,0x7F,0x7D,0x7F,0x7D,0x7F,0x7D,
    0x7F,0x7D,0x7F,0x7D,0x7F,0x7D,0x9F,0x85,0xBF,0x85,0xDF,0x85,0xDF,0x85,0x5E,0x7D,
    0x17,0x5C,0x8D,0x3A,0x05,0x19,0x61,0x08,0x82,0x10,0xC4,0x10,0xC3,0x10,0xA3,0x10,
    0xA3,0x10,0xA3,0x10,0xA3,0x10,0xA3,0x10,0xA3,0x10,0xA3,0x10,0xA3,0x10,0xA3,0x10,
    0xA3,0x10,0xA3,0x10,0xA3,0x10,0xA3,0x10,0xA3,0x10,0xA3,0x10,0xA3,0x10,0xA3,0x10,
    0xA3,0x10,0xA3,0x10,0xA3,0x10,0xA3,0x10,0xA3,0x10,0xA3,0x10,0xA3,0x10,0xA3,0x10,
    0xA3,0x10,0xC3,0x10,0xA3,0x10,0x00,0x00,0x00,0x00,0x00,0x00,0x00,0x00,0x00,0x00,
    0x00,0x00,0x00,0x00,0x00,0x00,0x00,0x00,0x00,0x00,0x00,0x00,0x00,0x00,0x00,0x00,
    0x00,0x00,0x00,0x00,0x00,0x00,0x00,0x00,0x00,0x00,0x00,0x00,0x00,0x00,0x00,0x00,
    0x00,0x00,0x00,0x00,0x00,0x00,0x00,0x00,0x00,0x00,0xA4,0x10,0xC3,0x10,0xC3,0x10,
    0xA3,0x10,0xA3,0x10,0xA3,0x10,0xA3,0x10,0xA3,0x10,0xA3,0x10,0xA3,0x10,0xA3,0x10,
    0xA3,0x10,0xA3,0x10,0xA3,0x10,0xA3,0x10,0xA3,0x10,0xA3,0x10,0xA3,0x10,0xA3,0x10,
    0xA3,0x10,0xA3,0x10,0xA3,0x10,0xA3,0x10,0xA3,0x10,0xA3,0x10,0xA3,0x10,0xA3,0x10,
    0xA3,0x10,0xA3,0x10,0xA3,0x10,0xC3,0x10,0xC4,0x10,0xA3,0x10,0x61,0x08,0x62,0x08,
    0x26,0x19,0x4C,0x32,0x73,0x53,0x99,0x6C,0x5E,0x7D,0xBF,0x85,0xDF,0x85,0xFF,0x85,
    0xDF,0x85,0xDF,0x85,0xDF,0x85,0xDF,0x85,0xDF,0x85,0xDF,0x85,0xDF,0x85,0xDF,0x85,
    0xFF,0x85,0xDF,0x85,0xBF,0x85,0x5E,0x7D,0x99,0x6C,0x73,0x53,0x4C,0x32,0x26,0x19,
    0x62,0x08,0x61,0x08,0xA3,0x10,0xC4,0x10,0xC3,0x10,0xA3,0x10,0xA3,0x10,0xA3,0x10,
    0xA3,0x10,0xA3,0x10,0xA3,0x10,0xA3,0x10,0xA3,0x10,0xA3,0x10,0xA3,0x10,0xA3,0x10,
    0xA3,0x10,0xA3,0x10,0xA3,0x10,0xA3,0x10,0xA3,0x10,0xA3,0x10,0xA3,0x10,0xA3,0x10,
    0xA3,0x10,0xA3,0x10,0xA3,0x10,0xA3,0x10,0xA3,0x10,0xA3,0x10,0xA3,0x10,0xA3,0x10,
    0xC3,0x10,0xC3,0x10,0xA4,0x10,0x00,0x00,0x00,0x00,0x00,0x00,0x00,0x00,0x00,0x00,
    0x00,0x00,0x00,0x00,0x00,0x00,0x00,0x00,0x00,0x00,0x00,0x00,0x00,0x00,0x00,0x00,
    0x00,0x00,0x00,0x00,0x00,0x00,0x00,0x00,0x00,0x00,0x00,0x00,0x00,0x00,0x00,0x00,
    0x00,0x00,0x00,0x00,0x00,0x00,0x00,0x00,0x00,0x00,0x00,0x00,0xA3,0x10,0xA3,0x10,
    0xA3,0x10,0xA3,0x10,0xA3,0x10,0xA3,0x10,0xA3,0x10,0xA3,0x10,0xA3,0x10,0xA3,0x10,
    0xA3,0x10,0xA3,0x10,0xA3,0x10,0xA3,0x10,0xA3,0x10,0xA3,0x10,0xA3,0x10,0xA3,0x10,
    0xA3,0x10,0xA3,0x10,0xA3,0x10,0xA3,0x10,0xA3,0x10,0xA3,0x10,0xA3,0x10,0xA3,0x10,
    0xA3,0x10,0xA3,0x10,0xA3,0x10,0xA3,0x10,0xA3,0x10,0xC3,0x10,0xC4,0x10,0xC4,0x10,
    0x83,0x10,0x62,0x08,0x61,0x08,0xA3,0x10,0x25,0x19,0xCA,0x29,0x8E,0x3A,0x31,0x4B,
    0x73,0x53,0x58,0x64,0x58,0x64,0x58,0x64,0x58,0x64,0x58,0x64,0x58,0x64,0x73,0x53,
    0x31,0x4B,0x8E,0x3A,0xCA,0x29,0x25,0x19,0xA3,0x10,0x61,0x08,0x62,0x08,0x83,0x10,
    0xC4,0x10,0xC4,0x10,0xC3,0x10,0xA3,0x10,0xA3,0x10,0xA3,0x10,0xA3,0x10,0xA3,0x10,
    0xA3,0x10,0xA3,0x10,0xA3,0x10,0xA3,0x10,0xA3,0x10,0xA3,0x10,0xA3,0x10,0xA3,0x10,
    0xA3,0x10,0xA3,0x10,0xA3,0x10,0xA3,0x10,0xA3,0x10,0xA3,0x10,0xA3,0x10,0xA3,0x10,
    0xA3,0x10,0xA3,0x10,0xA3,0x10,0xA3,0x10,0xA3,0x10,0xA3,0x10,0xA3,0x10,0xA3,0x10,
    0xA3,0x10,0xA3,0x10,0x00,0x00,0x00,0x00,0x00,0x00,0x00,0x00,0x00,0x00,0x00,0x00,
    0x00,0x00,0x00,0x00,0x00,0x00,0x00,0x00,0x00,0x00,0x00,0x00,0x00,0x00,0x00,0x00,
    0x00,0x00,0x00,0x00,0x00,0x00,0x00,0x00,0x00,0x00,0x00,0x00,0x00,0x00,0x00,0x00,
    0x00,0x00,0x00,0x00,0x00,0x00,0x00,0x00,0x00,0x00,0x00,0x00,0x00,0x00,0xA3,0x10,
    0xC3,0x10,0xA3,0x10,0xA3,0x10,0xA3,0x10,0xA3,0x10,0xA3,0x10,0xA3,0x10,0xA3,0x10,
    0xA3,0x10,0xA3,0x10,0xA3,0x10,0xA3,0x10,0xA3,0x10,0xA3,0x10,0xA3,0x10,0xA3,0x10,
    0xA3,0x10,0xA3,0x10,0xA3,0x10,0xA3,0x10,0xA3,0x10,0xA3,0x10,0xA3,0x10,0xA3,0x10,
    0xA3,0x10,0xA3,0x10,0xA3,0x10,0xA3,0x10,0xA3,0x10,0xA3,0x10,0xA3,0x10,0xA3,0x10,
    0xC3,0x10,0xC4,0x10,0xC4,0x10,0xA3,0x10,0xA3,0x10,0x62,0x08,0x61,0x08,0x41,0x08,
    0x61,0x08,0x82,0x08,0x82,0x08,0x82,0x08,0x82,0x08,0x82,0x08,0x82,0x08,0x61,0x08,
    0x41,0x08,0x61,0x08,0x62,0x08,0xA3,0x10,0xA3,0x10,0xC4,0x10,0xC4,0x10,0xC3,0x10,
    0xA3,0x10,0xA3,0x10,0xA3,0x10,0xA3,0x10,0xA3,0x10,0xA3,0x10,0xA3,0x10,0xA3,0x10,
    0xA3,0x10,0xA3,0x10,0xA3,0x10,0xA3,0x10,0xA3,0x10,0xA3,0x10,0xA3,0x10,0xA3,0x10,
    0xA3,0x10,0xA3,0x10,0xA3,0x10,0xA3,0x10,0xA3,0x10,0xA3,0x10,0xA3,0x10,0xA3,0x10,
    0xA3,0x10,0xA3,0x10,0xA3,0x10,0xA3,0x10,0xA3,0x10,0xA3,0x10,0xA3,0x10,0xC3,0x10,
    0xA3,0x10,0x00,0x00,0x00,0x00,0x00,0x00,0x00,0x00,0x00,0x00,0x00,0x00,0x00,0x00,
    0x00,0x00,0x00,0x00,0x00,0x00,0x00,0x00,0x00,0x00,0x00,0x00,0x00,0x00,0x00,0x00,
    0x00,0x00,0x00,0x00,0x00,0x00,0x00,0x00,0x00,0x00,0x00,0x00,0x00,0x00,0x00,0x00,
    0x00,0x00,0x00,0x00,0x00,0x00,0x00,0x00,0x00,0x00,0x00,0x00,0x00,0x00,0x00,0x00,
    0xA3,0x10,0xC3,0x10,0xA3,0x10,0xA3,0x10,0xA3,0x10,0xA3,0x10,0xA3,0x10,0xA3,0x10,
    0xA3,0x10,0xA3,0x10,0xA3,0x10,0xA3,0x10,0xA3,0x10,0xA3,0x10,0xA3,0x10,0xA3,0x10,
    0xA3,0x10,0xA3,0x10,0xA3,0x10,0xA3,0x10,0xA3,0x10,0xA3,0x10,0xA3,0x10,0xA3,0x10,
    0xA3,0x10,0xA3,0x10,0xA3,0x10,0xA3,0x10,0xA3,0x10,0xA3,0x10,0xA3,0x10,0xA3,0x10,
    0xA3,0x10,0xA3,0x10,0xA3,0x10,0xA3,0x10,0xC3,0x10,0xC3,0x10,0xC4,0x10,0xC4,0x10,
    0xC4,0x10,0xC3,0x10,0xC3,0x10,0xC3,0x10,0xC3,0x10,0xC3,0x10,0xC3,0x10,0xC4,0x10,
    0xC4,0x10,0xC4,0x10,0xC3,0x10,0xC3,0x10,0xA3,0x10,0xA3,0x10,0xA3,0x10,0xA3,0x10,
    0xA3,0x10,0xA3,0x10,0xA3,0x10,0xA3,0x10,0xA3,0x10,0xA3,0x10,0xA3,0x10,0xA3,0x10,
    0xA3,0x10,0xA3,0x10,0xA3,0x10,0xA3,0x10,0xA3,0x10,0xA3,0x10,0xA3,0x10,0xA3,0x10,
    0xA3,0x10,0xA3,0x10,0xA3,0x10,0xA3,0x10,0xA3,0x10,0xA3,0x10,0xA3,0x10,0xA3,0x10,
    0xA3,0x10,0xA3,0x10,0xA3,0x10,0xA3,0x10,0xA3,0x10,0xA3,0x10,0xC3,0x10,0xA3,0x10,
    0x00,0x00,0x00,0x00,0x00,0x00,0x00,0x00,0x00,0x00,0x00,0x00,0x00,0x00,0x00,0x00,
    0x00,0x00,0x00,0x00,0x00,0x00,0x00,0x00,0x00,0x00,0x00,0x00,0x00,0x00,0x00,0x00,
    0x00,0x00,0x00,0x00,0x00,0x00,0x00,0x00,0x00,0x00,0x00,0x00,0x00,0x00,0x00,0x00,
    0x00,0x00,0x00,0x00,0x00,0x00,0x00,0x00,0x00,0x00,0x00,0x00,0x00,0x00,0x00,0x00,
    0x00,0x00,0xA3,0x10,0xC3,0x10,0xA3,0x10,0xA3,0x10,0xA3,0x10,0xA3,0x10,0xA3,0x10,
    0xA3,0x10,0xA3,0x10,0xA3,0x10,0xA3,0x10,0xA3,0x10,0xA3,0x10,0xA3,0x10,0xA3,0x10,
    0xA3,0x10,0xA3,0x10,0xA3,0x10,0xA3,0x10,0xA3,0x10,0xA3,0x10,0xA3,0x10,0xA3,0x10,
    0xA3,0x10,0xA3,0x10,0xA3,0x10,0xA3,0x10,0xA3,0x10,0xA3,0x10,0xA3,0x10,0xA3,0x10,
    0xA3,0x10,0xA3,0x10,0xA3,0x10,0xA3,0x10,0xA3,0x10,0xA3,0x10,0xA3,0x10,0xA3,0x10,
    0xA3,0x10,0xA3,0x10,0xA3,0x10,0xA3,0x10,0xA3,0x10,0xA3,0x10,0xA3,0x10,0xA3,0x10,
    0xA3,0x10,0xA3,0x10,0xA3,0x10,0xA3,0x10,0xA3,0x10,0xA3,0x10,0xA3,0x10,0xA3,0x10,
    0xA3,0x10,0xA3,0x10,0xA3,0x10,0xA3,0x10,0xA3,0x10,0xA3,0x10,0xA3,0x10,0xA3,0x10,
    0xA3,0x10,0xA3,0x10,0xA3,0x10,0xA3,0x10,0xA3,0x10,0xA3,0x10,0xA3,0x10,0xA3,0x10,
    0xA3,0x10,0xA3,0x10,0xA3,0x10,0xA3,0x10,0xA3,0x10,0xA3,0x10,0xA3,0x10,0xA3,0x10,
    0xA3,0x10,0xA3,0x10,0xA3,0x10,0xA3,0x10,0xA3,0x10,0xC3,0x10,0xA3,0x10,0x00,0x00,
    0x00,0x00,0x00,0x00,0x00,0x00,0x00,0x00,0x00,0x00,0x00,0x00,0x00,0x00,0x00,0x00,
    0x00,0x00,0x00,0x00,0x00,0x00,0x00,0x00,0x00,0x00,0x00,0x00,0x00,0x00,0x00,0x00,
    0x00,0x00,0x00,0x00,0x00,0x00,0x00,0x00,0x00,0x00,0x00,0x00,0x00,0x00,0x00,0x00,
    0x00,0x00,0x00,0x00,0x00,0x00,0x00,0x00,0x00,0x00,0x00,0x00,0x00,0x00,0x00,0x00,
    0x00,0x00,0x00,0x00,0xA3,0x10,0xC3,0x10,0xC3,0x10,0xA3,0x10,0xA3,0x10,0xA3,0x10,
    0xA3,0x10,0xA3,0x10,0xA3,0x10,0xA3,0x10,0xA3,0x10,0xA3,0x10,0xA3,0x10,0xA3,0x10,
    0xA3,0x10,0xA3,0x10,0xA3,0x10,0xA3,0x10,0xA3,0x10,0xA3,0x10,0xA3,0x10,0xA3,0x10,
    0xA3,0x10,0xA3,0x10,0xA3,0x10,0xA3,0x10,0xA3,0x10,0xA3,0x10,0xA3,0x10,0xA3,0x10,
    0xA3,0x10,0xA3,0x10,0xA3,0x10,0xA3,0x10,0xA3,0x10,0xA3,0x10,0xA3,0x10,0xA3,0x10,
    0xA3,0x10,0xA3,0x10,0xA3,0x10,0xA3,0x10,0xA3,0x10,0xA3,0x10,0xA3,0x10,0xA3,0x10,
    0xA3,0x10,0xA3,0x10,0xA3,0x10,0xA3,0x10,0xA3,0x10,0xA3,0x10,0xA3,0x10,0xA3,0x10,
    0xA3,0x10,0xA3,0x10,0xA3,0x10,0xA3,0x10,0xA3,0x10,0xA3,0x10,0xA3,0x10,0xA3,0x10,
    0xA3,0x10,0xA3,0x10,0xA3,0x10,0xA3,0x10,0xA3,0x10,0xA3,0x10,0xA3,0x10,0xA3,0x10,
    0xA3,0x10,0xA3,0x10,0xA3,0x10,0xA3,0x10,0xA3,0x10,0xA3,0x10,0xA3,0x10,0xA3,0x10,
    0xA3,0x10,0xA3,0x10,0xA3,0x10,0xC3,0x10,0xC3,0x10,0xA3,0x10,0x00,0x00,0x00,0x00,
    0x00,0x00,0x00,0x00,0x00,0x00,0x00,0x00,0x00,0x00,0x00,0x00,0x00,0x00,0x00,0x00,
    0x00,0x00,0x00,0x00,0x00,0x00,0x00,0x00,0x00,0x00,0x00,0x00,0x00,0x00,0x00,0x00,
    0x00,0x00,0x00,0x00,0x00,0x00,0x00,0x00,0x00,0x00,0x00,0x00,0x00,0x00,0x00,0x00,
    0x00,0x00,0x00,0x00,0x00,0x00,0x00,0x00,0x00,0x00,0x00,0x00,0x00,0x00,0x00,0x00,
    0x00,0x00,0x00,0x00,0x00,0x00,0xA3,0x10,0xA3,0x10,0xC3,0x10,0xA3,0x10,0xA3,0x10,
    0xA3,0x10,0xA3,0x10,0xA3,0x10,0xA3,0x10,0xA3,0x10,0xA3,0x10,0xA3,0x10,0xA3,0x10,
    0xA3,0x10,0xA3,0x10,0xA3,0x10,0xA3,0x10,0xA3,0x10,0xA3,0x10,0xA3,0x10,0xA3,0x10,
    0xA3,0x10,0xA3,0x10,0xA3,0x10,0xA3,0x10,0xA3,0x10,0xA3,0x10,0xA3,0x10,0xA3,0x10,
    0xA3,0x10,0xA3,0x10,0xA3,0x10,0xA3,0x10,0xA3,0x10,0xA3,0x10,0xA3,0x10,0xA3,0x10,
    0xA3,0x10,0xA3,0x10,0xA3,0x10,0xA3,0x10,0xA3,0x10,0xA3,0x10,0xA3,0x10,0xA3,0x10,
    0xA3,0x10,0xA3,0x10,0xA3,0x10,0xA3,0x10,0xA3,0x10,0xA3,0x10,0xA3,0x10,0xA3,0x10,
    0xA3,0x10,0xA3,0x10,0xA3,0x10,0xA3,0x10,0xA3,0x10,0xA3,0x10,0xA3,0x10,0xA3,0x10,
    0xA3,0x10,0xA3,0x10,0xA3,0x10,0xA3,0x10,0xA3,0x10,0xA3,0x10,0xA3,0x10,0xA3,0x10,
    0xA3,0x10,0xA3,0x10,0xA3,0x10,0xA3,0x10,0xA3,0x10,0xA3,0x10,0xA3,0x10,0xA3,0x10,
    0xA3,0x10,0xA3,0x10,0xC3,0x10,0xA3,0x10,0xA3,0x10,0x00,0x00,0x00,0x00,0x00,0x00,
    0x00,0x00,0x00,0x00,0x00,0x00,0x00,0x00,0x00,0x00,0x00,0x00,0x00,0x00,0x00,0x00,
    0x00,0x00,0x00,0x00,0x00,0x00,0x00,0x00,0x00,0x00,0x00,0x00,0x00,0x00,0x00,0x00,
    0x00,0x00,0x00,0x00,0x00,0x00,0x00,0x00,0x00,0x00,0x00,0x00,0x00,0x00,0x00,0x00,
    0x00,0x00,0x00,0x00,0x00,0x00,0x00,0x00,0x00,0x00,0x00,0x00,0x00,0x00,0x00,0x00,
    0x00,0x00,0x00,0x00,0x00,0x00,0x00,0x00,0xC3,0x10,0xC3,0x10,0xC3,0x10,0xA3,0x10,
    0xA3,0x10,0xA3,0x10,0xA3,0x10,0xA3,0x10,0xA3,0x10,0xA3,0x10,0xA3,0x10,0xA3,0x10,
    0xA3,0x10,0xA3,0x10,0xA3,0x10,0xA3,0x10,0xA3,0x10,0xA3,0x10,0xA3,0x10,0xA3,0x10,
    0xA3,0x10,0xA3,0x10,0xA3,0x10,0xA3,0x10,0xA3,0x10,0xA3,0x10,0xA3,0x10,0xA3,0x10,
    0xA3,0x10,0xA3,0x10,0xA3,0x10,0xA3,0x10,0xA3,0x10,0xA3,0x10,0xA3,0x10,0xA3,0x10,
    0xA3,0x10,0xA3,0x10,0xA3,0x10,0xA3,0x10,0xA3,0x10,0xA3,0x10,0xA3,0x10,0xA3,0x10,
    0xA3,0x10,0xA3,0x10,0xA3,0x10,0xA3,0x10,0xA3,0x10,0xA3,0x10,0xA3,0x10,0xA3,0x10,
    0xA3,0x10,0xA3,0x10,0xA3,0x10,0xA3,0x10,0xA3,0x10,0xA3,0x10,0xA3,0x10,0xA3,0x10,
    0xA3,0x10,0xA3,0x10,0xA3,0x10,0xA3,0x10,0xA3,0x10,0xA3,0x10,0xA3,0x10,0xA3,0x10,
    0xA3,0x10,0xA3,0x10,0xA3,0x10,0xA3,0x10,0xA3,0x10,0xA3,0x10,0xA3,0x10,0xA3,0x10,
    0xA3,0x10,0xC3,0x10,0xC3,0x10,0xC3,0x10,0x00,0x00,0x00,0x00,0x00,0x00,0x00,0x00,
    0x00,0x00,0x00,0x00,0x00,0x00,0x00,0x00,0x00,0x00,0x00,0x00,0x00,0x00,0x00,0x00,
    0x00,0x00,0x00,0x00,0x00,0x00,0x00,0x00,0x00,0x00,0x00,0x00,0x00,0x00,0x00,0x00,
    0x00,0x00,0x00,0x00,0x00,0x00,0x00,0x00,0x00,0x00,0x00,0x00,0x00,0x00,0x00,0x00,
    0x00,0x00,0x00,0x00,0x00,0x00,0x00,0x00,0x00,0x00,0x00,0x00,0x00,0x00,0x00,0x00,
    0x00,0x00,0x00,0x00,0x00,0x00,0x00,0x00,0x00,0x00,0xA3,0x10,0xA3,0x10,0xC3,0x10,
    0xA3,0x10,0xA3,0x10,0xA3,0x10,0xA3,0x10,0xA3,0x10,0xA3,0x10,0xA3,0x10,0xA3,0x10,
    0xA3,0x10,0xA3,0x10,0xA3,0x10,0xA3,0x10,0xA3,0x10,0xA3,0x10,0xA3,0x10,0xA3,0x10,
    0xA3,0x10,0xA3,0x10,0xA3,0x10,0xA3,0x10,0xA3,0x10,0xA3,0x10,0xA3,0x10,0xA3,0x10,
    0xA3,0x10,0xA3,0x10,0xA3,0x10,0xA3,0x10,0xA3,0x10,0xA3,0x10,0xA3,0x10,0xA3,0x10,
    0xA3,0x10,0xA3,0x10,0xA3,0x10,0xA3,0x10,0xA3,0x10,0xA3,0x10,0xA3,0x10,0xA3,0x10,
    0xA3,0x10,0xA3,0x10,0xA3,0x10,0xA3,0x10,0xA3,0x10,0xA3,0x10,0xA3,0x10,0xA3,0x10,
    0xA3,0x10,0xA3,0x10,0xA3,0x10,0xA3,0x10,0xA3,0x10,0xA3,0x10,0xA3,0x10,0xA3,0x10,
    0xA3,0x10,0xA3,0x10,0xA3,0x10,0xA3,0x10,0xA3,0x10,0xA3,0x10,0xA3,0x10,0xA3,0x10,
    0xA3,0x10,0xA3,0x10,0xA3,0x10,0xA3,0x10,0xA3,0x10,0xA3,0x10,0xA3,0x10,0xA3,0x10,
    0xC3,0x10,0xA3,0x10,0xA3,0x10,0x00,0x00,0x00,0x00,0x00,0x00,0x00,0x00,0x00,0x00,
    0x00,0x00,0x00,0x00,0x00,0x00,0x00,0x00,0x00,0x00,0x00,0x00,0x00,0x00,0x00,0x00,
    0x00,0x00,0x00,0x00,0x00,0x00,0x00,0x00,0x00,0x00,0x00,0x00,0x00,0x00,0x00,0x00,
    0x00,0x00,0x00,0x00,0x00,0x00,0x00,0x00,0x00,0x00,0x00,0x00,0x00,0x00,0x00,0x00,
    0x00,0x00,0x00,0x00,0x00,0x00,0x00,0x00,0x00,0x00,0x00,0x00,0x00,0x00,0x00,0x00,
    0x00,0x00,0x00,0x00,0x00,0x00,0x00,0x00,0x00,0x00,0x00,0x00,0x00,0x00,0xA3,0x10,
    0xC3,0x10,0xA3,0x10,0xA3,0x10,0xA3,0x10,0xA3,0x10,0xA3,0x10,0xA3,0x10,0xA3,0x10,
    0xA3,0x10,0xA3,0x10,0xA3,0x10,0xA3,0x10,0xA3,0x10,0xA3,0x10,0xA3,0x10,0xA3,0x10,
    0xA3,0x10,0xA3,0x10,0xA3,0x10,0xA3,0x10,0xA3,0x10,0xA3,0x10,0xA3,0x10,0xA3,0x10,
    0xA3,0x10,0xA3,0x10,0xA3,0x10,0xA3,0x10,0xA3,0x10,0xA3,0x10,0xA3,0x10,0xA3,0x10,
    0xA3,0x10,0xA3,0x10,0xA3,0x10,0xA3,0x10,0xA3,0x10,0xA3,0x10,0xA3,0x10,0xA3,0x10,
    0xA3,0x10,0xA3,0x10,0xA3,0x10,0xA3,0x10,0xA3,0x10,0xA3,0x10,0xA3,0x10,0xA3,0x10,
    0xA3,0x10,0xA3,0x10,0xA3,0x10,0xA3,0x10,0xA3,0x10,0xA3,0x10,0xA3,0x10,0xA3,0x10,
    0xA3,0x10,0xA3,0x10,0xA3,0x10,0xA3,0x10,0xA3,0x10,0xA3,0x10,0xA3,0x10,0xA3,0x10,
    0xA3,0x10,0xA3,0x10,0xA3,0x10,0xA3,0x10,0xA3,0x10,0xA3,0x10,0xA3,0x10,0xC3,0x10,
    0xA3,0x10,0x00,0x00,0x00,0x00,0x00,0x00,0x00,0x00,0x00,0x00,0x00,0x00,0x00,0x00,
    0x00,0x00,0x00,0x00,0x00,0x00,0x00,0x00,0x00,0x00,0x00,0x00,0x00,0x00,0x00,0x00,
    0x00,0x00,0x00,0x00,0x00,0x00,0x00,0x00,0x00,0x00,0x00,0x00,0x00,0x00,0x00,0x00,
    0x00,0x00,0x00,0x00,0x00,0x00,0x00,0x00,0x00,0x00,0x00,0x00,0x00,0x00,0x00,0x00,
    0x00,0x00,0x00,0x00,0x00,0x00,0x00,0x00,0x00,0x00,0x00,0x00,0x00,0x00,0x00,0x00,
    0x00,0x00,0x00,0x00,0x00,0x00,0x00,0x00,0x00,0x00,0x00,0x00,0x00,0x00,0x00,0x00,
    0xA3,0x10,0xA3,0x10,0xC3,0x10,0xA3,0x10,0xA3,0x10,0xA3,0x10,0xA3,0x10,0xA3,0x10,
    0xA3,0x10,0xA3,0x10,0xA3,0x10,0xA3,0x10,0xA3,0x10,0xA3,0x10,0xA3,0x10,0xA3,0x10,
    0xA3,0x10,0xA3,0x10,0xA3,0x10,0xA3,0x10,0xA3,0x10,0xA3,0x10,0xA3,0x10,0xA3,0x10,
    0xA3,0x10,0xA3,0x10,0xA3,0x10,0xA3,0x10,0xA3,0x10,0xA3,0x10,0xA3,0x10,0xA3,0x10,
    0xA3,0x10,0xA3,0x10,0xA3,0x10,0xA3,0x10,0xA3,0x10,0xA3,0x10,0xA3,0x10,0xA3,0x10,
    0xA3,0x10,0xA3,0x10,0xA3,0x10,0xA3,0x10,0xA3,0x10,0xA3,0x10,0xA3,0x10,0xA3,0x10,
    0xA3,0x10,0xA3,0x10,0xA3,0x10,0xA3,0x10,0xA3,0x10,0xA3,0x10,0xA3,0x10,0xA3,0x10,
    0xA3,0x10,0xA3,0x10,0xA3,0x10,0xA3,0x10,0xA3,0x10,0xA3,0x10,0xA3,0x10,0xA3,0x10,
    0xA3,0x10,0xA3,0x10,0xA3,0x10,0xA3,0x10,0xA3,0x10,0xC3,0x10,0xA3,0x10,0xA3,0x10,
    0x00,0x00,0x00,0x00,0x00,0x00,0x00,0x00,0x00,0x00,0x00,0x00,0x00,0x00,0x00,0x00,
    0x00,0x00,0x00,0x00,0x00,0x00,0x00,0x00,0x00,0x00,0x00,0x00,0x00,0x00,0x00,0x00,
    0x00,0x00,0x00,0x00,0x00,0x00,0x00,0x00,0x00,0x00,0x00,0x00,0x00,0x00,0x00,0x00,
    0x00,0x00,0x00,0x00,0x00,0x00,0x00,0x00,0x00,0x00,0x00,0x00,0x00,0x00,0x00,0x00,
    0x00,0x00,0x00,0x00,0x00,0x00,0x00,0x00,0x00,0x00,0x00,0x00,0x00,0x00,0x00,0x00,
    0x00,0x00,0x00,0x00,0x00,0x00,0x00,0x00,0x00,0x00,0x00,0x00,0x00,0x00,0x00,0x00,
    0x00,0x00,0xA3,0x10,0xA3,0x10,0xC3,0x10,0xA3,0x10,0xA3,0x10,0xA3,0x10,0xA3,0x10,
    0xA3,0x10,0xA3,0x10,0xA3,0x10,0xA3,0x10,0xA3,0x10,0xA3,0x10,0xA3,0x10,0xA3,0x10,
    0xA3,0x10,0xA3,0x10,0xA3,0x10,0xA3,0x10,0xA3,0x10,0xA3,0x10,0xA3,0x10,0xA3,0x10,
    0xA3,0x10,0xA3,0x10,0xA3,0x10,0xA3,0x10,0xA3,0x10,0xA3,0x10,0xA3,0x10,0xA3,0x10,
    0xA3,0x10,0xA3,0x10,0xA3,0x10,0xA3,0x10,0xA3,0x10,0xA3,0x10,0xA3,0x10,0xA3,0x10,
    0xA3,0x10,0xA3,0x10,0xA3,0x10,0xA3,0x10,0xA3,0x10,0xA3,0x10,0xA3,0x10,0xA3,0x10,
    0xA3,0x10,0xA3,0x10,0xA3,0x10,0xA3,0x10,0xA3,0x10,0xA3,0x10,0xA3,0x10,0xA3,0x10,
    0xA3,0x10,0xA3,0x10,0xA3,0x10,0xA3,0x10,0xA3,0x10,0xA3,0x10,0xA3,0x10,0xA3,0x10,
    0xA3,0x10,0xA3,0x10,0xA3,0x10,0xA3,0x10,0xC3,0x10,0xA3,0x10,0xA3,0x10,0x00,0x00,
    0x00,0x00,0x00,0x00,0x00,0x00,0x00,0x00,0x00,0x00,0x00,0x00,0x00,0x00,0x00,0x00,
    0x00,0x00,0x00,0x00,0x00,0x00,0x00,0x00,0x00,0x00,0x00,0x00,0x00,0x00,0x00,0x00,
    0x00,0x00,0x00,0x00,0x00,0x00,0x00,0x00,0x00,0x00,0x00,0x00,0x00,0x00,0x00,0x00,
    0x00,0x00,0x00,0x00,0x00,0x00,0x00,0x00,0x00,0x00,0x00,0x00,0x00,0x00,0x00,0x00,
    0x00,0x00,0x00,0x00,0x00,0x00,0x00,0x00,0x00,0x00,0x00,0x00,0x00,0x00,0x00,0x00,
    0x00,0x00,0x00,0x00,0x00,0x00,0x00,0x00,0x00,0x00,0x00,0x00,0x00,0x00,0x00,0x00,
    0x00,0x00,0x00,0x00,0x00,0x00,0xA3,0x10,0xC3,0x10,0xC3,0x10,0xA3,0x10,0xA3,0x10,
    0xA3,0x10,0xA3,0x10,0xA3,0x10,0xA3,0x10,0xA3,0x10,0xA3,0x10,0xA3,0x10,0xA3,0x10,
    0xA3,0x10,0xA3,0x10,0xA3,0x10,0xA3,0x10,0xA3,0x10,0xA3,0x10,0xA3,0x10,0xA3,0x10,
    0xA3,0x10,0xA3,0x10,0xA3,0x10,0xA3,0x10,0xA3,0x10,0xA3,0x10,0xA3,0x10,0xA3,0x10,
    0xA3,0x10,0xA3,0x10,0xA3,0x10,0xA3,0x10,0xA3,0x10,0xA3,0x10,0xA3,0x10,0xA3,0x10,
    0xA3,0x10,0xA3,0x10,0xA3,0x10,0xA3,0x10,0xA3,0x10,0xA3,0x10,0xA3,0x10,0xA3,0x10,
    0xA3,0x10,0xA3,0x10,0xA3,0x10,0xA3,0x10,0xA3,0x10,0xA3,0x10,0xA3,0x10,0xA3,0x10,
    0xA3,0x10,0xA3,0x10,0xA3,0x10,0xA3,0x10,0xA3,0x10,0xA3,0x10,0xA3,0x10,0xA3,0x10,
    0xA3,0x10,0xA3,0x10,0xC3,0x10,0xC3,0x10,0xA3,0x10,0x00,0x00,0x00,0x00,0x00,0x00,
    0x00,0x00,0x00,0x00,0x00,0x00,0x00,0x00,0x00,0x00,0x00,0x00,0x00,0x00,0x00,0x00,
    0x00,0x00,0x00,0x00,0x00,0x00,0x00,0x00,0x00,0x00,0x00,0x00,0x00,0x00,0x00,0x00,
    0x00,0x00,0x00,0x00,0x00,0x00,0x00,0x00,0x00,0x00,0x00,0x00,0x00,0x00,0x00,0x00,
    0x00,0x00,0x00,0x00,0x00,0x00,0x00,0x00,0x00,0x00,0x00,0x00,0x00,0x00,0x00,0x00,
    0x00,0x00,0x00,0x00,0x00,0x00,0x00,0x00,0x00,0x00,0x00,0x00,0x00,0x00,0x00,0x00,
    0x00,0x00,0x00,0x00,0x00,0x00,0x00,0x00,0x00,0x00,0x00,0x00,0x00,0x00,0x00,0x00,
    0x00,0x00,0x00,0x00,0x00,0x00,0x00,0x00,0x83,0x10,0xC3,0x10,0xC3,0x10,0xC3,0x10,
    0xA3,0x10,0xA3,0x10,0xA3,0x10,0xA3,0x10,0xA3,0x10,0xA3,0x10,0xA3,0x10,0xA3,0x10,
    0xA3,0x10,0xA3,0x10,0xA3,0x10,0xA3,0x10,0xA3,0x10,0xA3,0x10,0xA3,0x10,0xA3,0x10,
    0xA3,0x10,0xA3,0x10,0xA3,0x10,0xA3,0x10,0xA3,0x10,0xA3,0x10,0xA3,0x10,0xA3,0x10,
    0xA3,0x10,0xA3,0x10,0xA3,0x10,0xA3,0x10,0xA3,0x10,0xA3,0x10,0xA3,0x10,0xA3,0x10,
    0xA3,0x10,0xA3,0x10,0xA3,0x10,0xA3,0x10,0xA3,0x10,0xA3,0x10,0xA3,0x10,0xA3,0x10,
    0xA3,0x10,0xA3,0x10,0xA3,0x10,0xA3,0x10,0xA3,0x10,0xA3,0x10,0xA3,0x10,0xA3,0x10,
    0xA3,0x10,0xA3,0x10,0xA3,0x10,0xA3,0x10,0xA3,0x10,0xA3,0x10,0xA3,0x10,0xA3,0x10,
    0xC3,0x10,0xC3,0x10,0xC3,0x10,0x83,0x10,0x00,0x00,0x00,0x00,0x00,0x00,0x00,0x00,
    0x00,0x00,0x00,0x00,0x00,0x00,0x00,0x00,0x00,0x00,0x00,0x00,0x00,0x00,0x00,0x00,
    0x00,0x00,0x00,0x00,0x00,0x00,0x00,0x00,0x00,0x00,0x00,0x00,0x00,0x00,0x00,0x00,
    0x00,0x00,0x00,0x00,0x00,0x00,0x00,0x00,0x00,0x00,0x00,0x00,0x00,0x00,0x00,0x00,
    0x00,0x00,0x00,0x00,0x00,0x00,0x00,0x00,0x00,0x00,0x00,0x00,0x00,0x00,0x00,0x00,
    0x00,0x00,0x00,0x00,0x00,0x00,0x00,0x00,0x00,0x00,0x00,0x00,0x00,0x00,0x00,0x00,
    0x00,0x00,0x00,0x00,0x00,0x00,0x00,0x00,0x00,0x00,0x00,0x00,0x00,0x00,0x00,0x00,
    0x00,0x00,0x00,0x00,0x00,0x00,0x00,0x00,0x00,0x00,0x00,0x00,0xA3,0x10,0xA3,0x10,
    0xC3,0x10,0xC3,0x10,0xA3,0x10,0xA3,0x10,0xA3,0x10,0xA3,0x10,0xA3,0x10,0xA3,0x10,
    0xA3,0x10,0xA3,0x10,0xA3,0x10,0xA3,0x10,0xA3,0x10,0xA3,0x10,0xA3,0x10,0xA3,0x10,
    0xA3,0x10,0xA3,0x10,0xA3,0x10,0xA3,0x10,0xA3,0x10,0xA3,0x10,0xA3,0x10,0xA3,0x10,
    0xA3,0x10,0xA3,0x10,0xA3,0x10,0xA3,0x10,0xA3,0x10,0xA3,0x10,0xA3,0x10,0xA3,0x10,
    0xA3,0x10,0xA3,0x10,0xA3,0x10,0xA3,0x10,0xA3,0x10,0xA3,0x10,0xA3,0x10,0xA3,0x10,
    0xA3,0x10,0xA3,0x10,0xA3,0x10,0xA3,0x10,0xA3,0x10,0xA3,0x10,0xA3,0x10,0xA3,0x10,
    0xA3,0x10,0xA3,0x10,0xA3,0x10,0xA3,0x10,0xA3,0x10,0xA3,0x10,0xC3,0x10,0xC3,0x10,
    0xA3,0x10,0xA3,0x10,0x00,0x00,0x00,0x00,0x00,0x00,0x00,0x00,0x00,0x00,0x00,0x00,
    0x00,0x00,0x00,0x00,0x00,0x00,0x00,0x00,0x00,0x00,0x00,0x00,0x00,0x00,0x00,0x00,
    0x00,0x00,0x00,0x00,0x00,0x00,0x00,0x00,0x00,0x00,0x00,0x00,0x00,0x00,0x00,0x00,
    0x00,0x00,0x00,0x00,0x00,0x00,0x00,0x00,0x00,0x00,0x00,0x00,0x00,0x00,0x00,0x00,
    0x00,0x00,0x00,0x00,0x00,0x00,0x00,0x00,0x00,0x00,0x00,0x00,0x00,0x00,0x00,0x00,
    0x00,0x00,0x00,0x00,0x00,0x00,0x00,0x00,0x00,0x00,0x00,0x00,0x00,0x00,0x00,0x00,
    0x00,0x00,0x00,0x00,0x00,0x00,0x00,0x00,0x00,0x00,0x00,0x00,0x00,0x00,0x00,0x00,
    0x00,0x00,0x00,0x00,0x00,0x00,0x00,0x00,0x00,0x00,0x00,0x00,0x00,0x00,0x00,0x00,
    0xA3,0x10,0xC3,0x10,0xC3,0x10,0xC3,0x10,0xA3,0x10,0xA3,0x10,0xA3,0x10,0xA3,0x10,
    0xA3,0x10,0xA3,0x10,0xA3,0x10,0xA3,0x10,0xA3,0x10,0xA3,0x10,0xA3,0x10,0xA3,0x10,
    0xA3,0x10,0xA3,0x10,0xA3,0x10,0xA3,0x10,0xA3,0x10,0xA3,0x10,0xA3,0x10,0xA3,0x10,
    0xA3,0x10,0xA3,0x10,0xA3,0x10,0xA3,0x10,0xA3,0x10,0xA3,0x10,0xA3,0x10,0xA3,0x10,
    0xA3,0x10,0xA3,0x10,0xA3,0x10,0xA3,0x10,0xA3,0x10,0xA3,0x10,0xA3,0x10,0xA3,0x10,
    0xA3,0x10,0xA3,0x10,0xA3,0x10,0xA3,0x10,0xA3,0x10,0xA3,0x10,0xA3,0x10,0xA3,0x10,
    0xA3,0x10,0xA3,0x10,0xA3,0x10,0xA3,0x10,0xC3,0x10,0xC3,0x10,0xC3,0x10,0xA3,0x10,
    0x00,0x00,0x00,0x00,0x00,0x00,0x00,0x00,0x00,0x00,0x00,0x00,0x00,0x00,0x00,0x00,
    0x00,0x00,0x00,0x00,0x00,0x00,0x00,0x00,0x00,0x00,0x00,0x00,0x00,0x00,0x00,0x00,
    0x00,0x00,0x00,0x00,0x00,0x00,0x00,0x00,0x00,0x00,0x00,0x00,0x00,0x00,0x00,0x00,
    0x00,0x00,0x00,0x00,0x00,0x00,0x00,0x00,0x00,0x00,0x00,0x00,0x00,0x00,0x00,0x00,
    0x00,0x00,0x00,0x00,0x00,0x00,0x00,0x00,0x00,0x00,0x00,0x00,0x00,0x00,0x00,0x00,
    0x00,0x00,0x00,0x00,0x00,0x00,0x00,0x00,0x00,0x00,0x00,0x00,0x00,0x00,0x00,0x00,
    0x00,0x00,0x00,0x00,0x00,0x00,0x00,0x00,0x00,0x00,0x00,0x00,0x00,0x00,0x00,0x00,
    0x00,0x00,0x00,0x00,0x00,0x00,0x00,0x00,0x00,0x00,0x00,0x00,0x00,0x00,0x00,0x00,
    0x00,0x00,0x00,0x00,0xA3,0x10,0xA3,0x10,0xC3,0x10,0xC3,0x10,0xA3,0x10,0xA3,0x10,
    0xA3,0x10,0xA3,0x10,0xA3,0x10,0xA3,0x10,0xA3,0x10,0xA3,0x10,0xA3,0x10,0xA3,0x10,
    0xA3,0x10,0xA3,0x10,0xA3,0x10,0xA3,0x10,0xA3,0x10,0xA3,0x10,0xA3,0x10,0xA3,0x10,
    0xA3,0x10,0xA3,0x10,0xA3,0x10,0xA3,0x10,0xA3,0x10,0xA3,0x10,0xA3,0x10,0xA3,0x10,
    0xA3,0x10,0xA3,0x10,0xA3,0x10,0xA3,0x10,0xA3,0x10,0xA3,0x10,0xA3,0x10,0xA3,0x10,
    0xA3,0x10,0xA3,0x10,0xA3,0x10,0xA3,0x10,0xA3,0x10,0xA3,0x10,0xA3,0x10,0xA3,0x10,
    0xA3,0x10,0xA3,0x10,0xC3,0x10,0xC3,0x10,0xA3,0x10,0xA3,0x10,0x00,0x00,0x00,0x00,
    0x00,0x00,0x00,0x00,0x00,0x00,0x00,0x00,0x00,0x00,0x00,0x00,0x00,0x00,0x00,0x00,
    0x00,0x00,0x00,0x00,0x00,0x00,0x00,0x00,0x00,0x00,0x00,0x00,0x00,0x00,0x00,0x00,
    0x00,0x00,0x00,0x00,0x00,0x00,0x00,0x00,0x00,0x00,0x00,0x00,0x00,0x00,0x00,0x00,
    0x00,0x00,0x00,0x00,0x00,0x00,0x00,0x00,0x00,0x00,0x00,0x00,0x00,0x00,0x00,0x00,
    0x00,0x00,0x00,0x00,0x00,0x00,0x00,0x00,0x00,0x00,0x00,0x00,0x00,0x00,0x00,0x00,
    0x00,0x00,0x00,0x00,0x00,0x00,0x00,0x00,0x00,0x00,0x00,0x00,0x00,0x00,0x00,0x00,
    0x00,0x00,0x00,0x00,0x00,0x00,0x00,0x00,0x00,0x00,0x00,0x00,0x00,0x00,0x00,0x00,
    0x00,0x00,0x00,0x00,0x00,0x00,0x00,0x00,0x00,0x00,0x00,0x00,0x00,0x00,0x00,0x00,
    0x00,0x00,0x00,0x00,0x00,0x00,0x00,0x00,0xA3,0x10,0xA3,0x10,0xC3,0x10,0xC3,0x10,
    0xC3,0x10,0xA3,0x10,0xA3,0x10,0xA3,0x10,0xA3,0x10,0xA3,0x10,0xA3,0x10,0xA3,0x10,
    0xA3,0x10,0xA3,0x10,0xA3,0x10,0xA3,0x10,0xA3,0x10,0xA3,0x10,0xA3,0x10,0xA3,0x10,
    0xA3,0x10,0xA3,0x10,0xA3,0x10,0xA3,0x10,0xA3,0x10,0xA3,0x10,0xA3,0x10,0xA3,0x10,
    0xA3,0x10,0xA3,0x10,0xA3,0x10,0xA3,0x10,0xA3,0x10,0xA3,0x10,0xA3,0x10,0xA3,0x10,
    0xA3,0x10,0xA3,0x10,0xA3,0x10,0xA3,0x10,0xA3,0x10,0xA3,0x10,0xA3,0x10,0xC3,0x10,
    0xC3,0x10,0xC3,0x10,0xA3,0x10,0xA3,0x10,0x00,0x00,0x00,0x00,0x00,0x00,0x00,0x00,
    0x00,0x00,0x00,0x00,0x00,0x00,0x00,0x00,0x00,0x00,0x00,0x00,0x00,0x00,0x00,0x00,
    0x00,0x00,0x00,0x00,0x00,0x00,0x00,0x00,0x00,0x00,0x00,0x00,0x00,0x00,0x00,0x00,
    0x00,0x00,0x00,0x00,0x00,0x00,0x00,0x00,0x00,0x00,0x00,0x00,0x00,0x00,0x00,0x00,
    0x00,0x00,0x00,0x00,0x00,0x00,0x00,0x00,0x00,0x00,0x00,0x00,0x00,0x00,0x00,0x00,
    0x00,0x00,0x00,0x00,0x00,0x00,0x00,0x00,0x00,0x00,0x00,0x00,0x00,0x00,0x00,0x00,
    0x00,0x00,0x00,0x00,0x00,0x00,0x00,0x00,0x00,0x00,0x00,0x00,0x00,0x00,0x00,0x00,
    0x00,0x00,0x00,0x00,0x00,0x00,0x00,0x00,0x00,0x00,0x00,0x00,0x00,0x00,0x00,0x00,
    0x00,0x00,0x00,0x00,0x00,0x00,0x00,0x00,0x00,0x00,0x00,0x00,0x00,0x00,0x00,0x00,
    0x00,0x00,0x00,0x00,0x00,0x00,0x00,0x00,0x00,0x00,0x00,0x00,0xA4,0x10,0xA3,0x10,
    0xA3,0x10,0xA3,0x10,0xC3,0x10,0xC3,0x10,0xC3,0x10,0xA3,0x10,0xA3,0x10,0xA3,0x10,
    0xA3,0x10,0xA3,0x10,0xA3,0x10,0xA3,0x10,0xA3,0x10,0xA3,0x10,0xA3,0x10,0xA3,0x10,
    0xA3,0x10,0xA3,0x10,0xA3,0x10,0xA3,0x10,0xA3,0x10,0xA3,0x10,0xA3,0x10,0xA3,0x10,
    0xA3,0x10,0xA3,0x10,0xA3,0x10,0xA3,0x10,0xA3,0x10,0xA3,0x10,0xA3,0x10,0xA3,0x10,
    0xA3,0x10,0xA3,0x10,0xA3,0x10,0xC3,0x10,0xC3,0x10,0xC3,0x10,0xA3,0x10,0xA3,0x10,
    0xA3,0x10,0xA4,0x10,0x00,0x00,0x00,0x00,0x00,0x00,0x00,0x00,0x00,0x00,0x00,0x00,
    0x00,0x00,0x00,0x00,0x00,0x00,0x00,0x00,0x00,0x00,0x00,0x00,0x00,0x00,0x00,0x00,
    0x00,0x00,0x00,0x00,0x00,0x00,0x00,0x00,0x00,0x00,0x00,0x00,0x00,0x00,0x00,0x00,
    0x00,0x00,0x00,0x00,0x00,0x00,0x00,0x00,0x00,0x00,0x00,0x00,0x00,0x00,0x00,0x00,
    0x00,0x00,0x00,0x00,0x00,0x00,0x00,0x00,0x00,0x00,0x00,0x00,0x00,0x00,0x00,0x00,
    0x00,0x00,0x00,0x00,0x00,0x00,0x00,0x00,0x00,0x00,0x00,0x00,0x00,0x00,0x00,0x00,
    0x00,0x00,0x00,0x00,0x00,0x00,0x00,0x00,0x00,0x00,0x00,0x00,0x00,0x00,0x00,0x00,
    0x00,0x00,0x00,0x00,0x00,0x00,0x00,0x00,0x00,0x00,0x00,0x00,0x00,0x00,0x00,0x00,
    0x00,0x00,0x00,0x00,0x00,0x00,0x00,0x00,0x00,0x00,0x00,0x00,0x00,0x00,0x00,0x00,
    0x00,0x00,0x00,0x00,0x00,0x00,0x00,0x00,0x00,0x00,0x00,0x00,0x00,0x00,0x00,0x00,
    0x00,0x00,0xC3,0x10,0xA3,0x10,0xA3,0x10,0xA3,0x10,0xC3,0x10,0xC3,0x10,0xC3,0x10,
    0xC3,0x10,0xA3,0x10,0xA3,0x10,0xA3,0x10,0xA3,0x10,0xA3,0x10,0xA3,0x10,0xA3,0x10,
    0xA3,0x10,0xA3,0x10,0xA3,0x10,0xA3,0x10,0xA3,0x10,0xA3,0x10,0xA3,0x10,0xA3,0x10,
    0xA3,0x10,0xA3,0x10,0xA3,0x10,0xA3,0x10,0xA3,0x10,0xA3,0x10,0xA3,0x10,0xC3,0x10,
    0xC3,0x10,0xC3,0x10,0xC3,0x10,0xA3,0x10,0xA3,0x10,0xA3,0x10,0xC3,0x10,0x00,0x00,
    0x00,0x00,0x00,0x00,0x00,0x00,0x00,0x00,0x00,0x00,0x00,0x00,0x00,0x00,0x00,0x00,
    0x00,0x00,0x00,0x00,0x00,0x00,0x00,0x00,0x00,0x00,0x00,0x00,0x00,0x00,0x00,0x00,
    0x00,0x00,0x00,0x00,0x00,0x00,0x00,0x00,0x00,0x00,0x00,0x00,0x00,0x00,0x00,0x00,
    0x00,0x00,0x00,0x00,0x00,0x00,0x00,0x00,0x00,0x00,0x00,0x00,0x00,0x00,0x00,0x00,
    0x00,0x00,0x00,0x00,0x00,0x00,0x00,0x00,0x00,0x00,0x00,0x00,0x00,0x00,0x00,0x00,
    0x00,0x00,0x00,0x00,0x00,0x00,0x00,0x00,0x00,0x00,0x00,0x00,0x00,0x00,0x00,0x00,
    0x00,0x00,0x00,0x00,0x00,0x00,0x00,0x00,0x00,0x00,0x00,0x00,0x00,0x00,0x00,0x00,
    0x00,0x00,0x00,0x00,0x00,0x00,0x00,0x00,0x00,0x00,0x00,0x00,0x00,0x00,0x00,0x00,
    0x00,0x00,0x00,0x00,0x00,0x00,0x00,0x00,0x00,0x00,0x00,0x00,0x00,0x00,0x00,0x00,
    0x00,0x00,0x00,0x00,0x00,0x00,0x00,0x00,0x00,0x00,0x00,0x00,0x00,0x00,0x00,0x00,
    0x00,0x00,0x00,0x00,0x00,0x00,0x00,0x00,0xC3,0x18,0xC3,0x10,0xA3,0x10,0xA3,0x10,
    0xA3,0x10,0xA3,0x10,0xC3,0x10,0xC3,0x10,0xC3,0x10,0xC3,0x10,0xC3,0x10,0xC3,0x10,
    0xA3,0x10,0xA3,0x10,0xA3,0x10,0xA3,0x10,0xA3,0x10,0xA3,0x10,0xA3,0x10,0xA3,0x10,
    0xC3,0x10,0xC3,0x10,0xC3,0x10,0xC3,0x10,0xC3,0x10,0xC3,0x10,0xA3,0x10,0xA3,0x10,
    0xA3,0x10,0xA3,0x10,0xC3,0x10,0xC3,0x18,0x00,0x00,0x00,0x00,0x00,0x00,0x00,0x00,
    0x00,0x00,0x00,0x00,0x00,0x00,0x00,0x00,0x00,0x00,0x00,0x00,0x00,0x00,0x00,0x00,
    0x00,0x00,0x00,0x00,0x00,0x00,0x00,0x00,0x00,0x00,0x00,0x00,0x00,0x00,0x00,0x00,
    0x00,0x00,0x00,0x00,0x00,0x00,0x00,0x00,0x00,0x00,0x00,0x00,0x00,0x00,0x00,0x00,
    0x00,0x00,0x00,0x00,0x00,0x00,0x00,0x00,0x00,0x00,0x00,0x00,0x00,0x00,0x00,0x00,
    0x00,0x00,0x00,0x00,0x00,0x00,0x00,0x00,0x00,0x00,0x00,0x00,0x00,0x00,0x00,0x00,
    0x00,0x00,0x00,0x00,0x00,0x00,0x00,0x00,0x00,0x00,0x00,0x00,0x00,0x00,0x00,0x00,
    0x00,0x00,0x00,0x00,0x00,0x00,0x00,0x00,0x00,0x00,0x00,0x00,0x00,0x00,0x00,0x00,
    0x00,0x00,0x00,0x00,0x00,0x00,0x00,0x00,0x00,0x00,0x00,0x00,0x00,0x00,0x00,0x00,
    0x00,0x00,0x00,0x00,0x00,0x00,0x00,0x00,0x00,0x00,0x00,0x00,0x00,0x00,0x00,0x00,
    0x00,0x00,0x00,0x00,0x00,0x00,0x00,0x00,0x00,0x00,0x00,0x00,0x00,0x00,0x00,0x00,
    0x00,0x00,0x00,0x00,0x00,0x00,0x00,0x00,0x00,0x00,0x00,0x00,0x00,0x00,0x00,0x00,
    0x00,0x00,0xC4,0x18,0xC3,0x10,0xA3,0x10,0xC3,0x10,0xA3,0x10,0xA3,0x10,0xA3,0x10,
    0xA3,0x10,0xA3,0x10,0xA3,0x10,0xA3,0x10,0xA3,0x10,0xA3,0x10,0xA3,0x10,0xA3,0x10,
    0xA3,0x10,0xA3,0x10,0xA3,0x10,0xC3,0x10,0xA3,0x10,0xC3,0x10,0xC4,0x18,0x00,0x00,
    0x00,0x00,0x00,0x00,0x00,0x00,0x00,0x00,0x00,0x00,0x00,0x00,0x00,0x00,0x00,0x00,
    0x00,0x00,0x00,0x00,0x00,0x00,0x00,0x00,0x00,0x00,0x00,0x00,0x00,0x00,0x00,0x00,
    0x00,0x00,0x00,0x00,0x00,0x00,0x00,0x00,0x00,0x00,0x00,0x00,0x00,0x00,0x00,0x00,
    0x00,0x00,0x00,0x00,0x00,0x00,0x00,0x00,0x00,0x00,0x00,0x00,0x00,0x00,0x00,0x00,
    0x00,0x00,0x00,0x00,0x00,0x00,0x00,0x00,0x00,0x00,0x00,0x00,0x00,0x00,0x00,0x00,
    0x00,0x00,0x00,0x00,0x00,0x00,0x00,0x00,0x00,0x00,0x00,0x00,0x00,0x00,0x00,0x00,
    0x00,0x00,0x00,0x00,0x00,0x00,0x00,0x00,0x00,0x00,0x00,0x00,0x00,0x00,0x00,0x00,
    0x00,0x00,0x00,0x00,0x00,0x00,0x00,0x00,0x00,0x00,0x00,0x00,0x00,0x00,0x00,0x00,
    0x00,0x00,0x00,0x00,0x00,0x00,0x00,0x00,0x00,0x02,0x04,0x03,0x00,0x00,0x00,0x00,
    0x03,0x1F,0x45,0x78,0x88,0xB9,0xCB,0xCA,0xF2,0xFF,0xFE,0xFF,0xFF,0xFE,0xFF,0xF2,
    0xCA,0xCB,0xB9,0x88,0x78,0x45,0x1F,0x03,0x00,0x00,0x00,0x00,0x03,0x04,0x02,0x00,
    0x00,0x00,0x00,0x00,0x00,0x00,0x00,0x00,0x00,0x00,0x00,0x00,0x00,0x00,0x00,0x00,
    0x00,0x00,0x00,0x00,0x00,0x00,0x00,0x00,0x00,0x00,0x00,0x00,0x00,0x00,0x00,0x00,
    0x00,0x00,0x00,0x00,0x00,0x00,0x00,0x00,0x00,0x00,0x00,0x00,0x00,0x00,0x00,0x00,
    0x00,0x00,0x00,0x00,0x00,0x00,0x00,0x00,0x00,0x00,0x00,0x00,0x00,0x00,0x00,0x00,
    0x00,0x00,0x00,0x00,0x00,0x00,0x00,0x00,0x00,0x00,0x00,0x00,0x00,0x00,0x01,0x04,
    0x02,0x00,0x00,0x00,0x0A,0x34,0x6E,0xAB,0xD2,0xF1,0xFF,0xFF,0xFF,0xFF,0xFF,0xFF,
    0xFF,0xFF,0xFF,0xFF,0xFF,0xFF,0xFF,0xFF,0xFF,0xFF,0xFF,0xFF,0xFF,0xFF,0xF1,0xD2,
    0xAB,0x6E,0x34,0x0A,0x00,0x00,0x00,0x02,0x04,0x01,0x00,0x00,0x00,0x00,0x00,0x00,
    0x00,0x00,0x00,0x00,0x00,0x00,0x00,0x00,0x00,0x00,0x00,0x00,0x00,0x00,0x00,0x00,
    0x00,0x00,0x00,0x00,0x00,0x00,0x00,0x00,0x00,0x00,0x00,0x00,0x00,0x00,0x00,0x00,
    0x00,0x00,0x00,0x00,0x00,0x00,0x00,0x00,0x00,0x00,0x00,0x00,0x00,0x00,0x00,0x00,
    0x00,0x00,0x00,0x00,0x00,0x00,0x00,0x00,0x00,0x00,0x00,0x00,0x00,0x00,0x00,0x00,
    0x00,0x00,0x00,0x00,0x02,0x03,0x00,0x00,0x00,0x1C,0x61,0xAE,0xE2,0xFF,0xFF,0xFF,
    0xFF,0xFF,0xFE,0xFC,0xFC,0xFD,0xFD,0xFD,0xFF,0xFF,0xFF,0xFF,0xFF,0xFF,0xFF,0xFF,
    0xFD,0xFD,0xFD,0xFC,0xFC,0xFE,0xFF,0xFF,0xFF,0xFF,0xFF,0xE2,0xAE,0x61,0x1C,0x00,
    0x00,0x00,0x03,0x02,0x00,0x00,0x00,0x00,0x00,0x00,0x00,0x00,0x00,0x00,0x00,0x00,
    0x00,0x00,0x00,0x00,0x00,0x00,0x00,0x00,0x00,0x00,0x00,0x00,0x00,0x00,0x00,0x00,
    0x00,0x00,0x00,0x00,0x00,0x00,0x00,0x00,0x00,0x00,0x00,0x00,0x00,0x00,0x00,0x00,
    0x00,0x00,0x00,0x00,0x00,0x00,0x00,0x00,0x00,0x00,0x00,0x00,0x00,0x00,0x00,0x00,
    0x00,0x00,0x00,0x00,0x00,0x00,0x00,0x00,0x00,0x01,0x03,0x01,0x00,0x00,0x17,0x61,
    0xB0,0xF1,0xFF,0xFF,0xFF,0xFE,0xFB,0xFC,0xFD,0xFE,0xFF,0xFF,0xFF,0xFF,0xFF,0xFF,
    0xFF,0xFF,0xFF,0xFF,0xFF,0xFF,0xFF,0xFF,0xFF,0xFF,0xFF,0xFF,0xFF,0xFF,0xFE,0xFD,
    0xFC,0xFB,0xFE,0xFF,0xFF,0xFF,0xF1,0xB0,0x61,0x17,0x00,0x00,0x01,0x03,0x01,0x00,
    0x00,0x00,0x00,0x00,0x00,0x00,0x00,0x00,0x00,0x00,0x00,0x00,0x00,0x00,0x00,0x00,
    0x00,0x00,0x00,0x00,0x00,0x00,0x00,0x00,0x00,0x00,0x00,0x00,0x00,0x00,0x00,0x00,
    0x00,0x00,0x00,0x00,0x00,0x00,0x00,0x00,0x00,0x00,0x00,0x00,0x00,0x00,0x00,0x00,
    0x00,0x00,0x00,0x00,0x00,0x00,0x00,0x00,0x00,0x00,0x00,0x00,0x00,0x00,0x00,0x00,
    0x03,0x00,0x00,0x00,0x3A,0x9A,0xE9,0xFF,0xFF,0xFF,0xFC,0xFC,0xFD,0xFF,0xFF,0xFF,
    0xFF,0xFF,0xFF,0xFF,0xFF,0xFF,0xFF,0xFF,0xFF,0xFF,0xFF,0xFF,0xFF,0xFF,0xFF,0xFF,
    0xFF,0xFF,0xFF,0xFF,0xFF,0xFF,0xFF,0xFF,0xFF,0xFF,0xFF,0xFD,0xFC,0xFC,0xFF,0xFF,
    0xFF,0xE9,0x9A,0x3A,0x00,0x00,0x00,0x03,0x00,0x00,0x00,0x00,0x00,0x00,0x00,0x00,
    0x00,0x00,0x00,0x00,0x00,0x00,0x00,0x00,0x00,0x00,0x00,0x00,0x00,0x00,0x00,0x00,
    0x00,0x00,0x00,0x00,0x00,0x00,0x00,0x00,0x00,0x00,0x00,0x00,0x00,0x00,0x00,0x00,
    0x00,0x00,0x00,0x00,0x00,0x00,0x00,0x00,0x00,0x00,0x00,0x00,0x00,0x00,0x00,0x00,
    0x00,0x00,0x00,0x00,0x00,0x00,0x03,0x02,0x00,0x03,0x45,0xBA,0xFF,0xFF,0xFF,0xFC,
    0xFC,0xFE,0xFF,0xFF,0xFF,0xFF,0xFF,0xFF,0xFF,0xFF,0xFF,0xFF,0xFF,0xFF,0xFF,0xFF,
    0xFF,0xFF,0xFF,0xFF,0xFF,0xFF,0xFF,0xFF,0xFF,0xFF,0xFF,0xFF,0xFF,0xFF,0xFF,0xFF,
    0xFF,0xFF,0xFF,0xFF,0xFF,0xFF,0xFE,0xFC,0xFC,0xFF,0xFF,0xFF,0xBA,0x45,0x03,0x00,
    0x02,0x03,0x00,0x00,0x00,0x00,0x00,0x00,0x00,0x00,0x00,0x00,0x00,0x00,0x00,0x00,
    0x00,0x00,0x00,0x00,0x00,0x00,0x00,0x00,0x00,0x00,0x00,0x00,0x00,0x00,0x00,0x00,
    0x00,0x00,0x00,0x00,0x00,0x00,0x00,0x00,0x00,0x00,0x00,0x00,0x00,0x00,0x00,0x00,
    0x00,0x00,0x00,0x00,0x00,0x00,0x00,0x00,0x00,0x00,0x00,0x00,0x01,0x03,0x00,0x00,
    0x59,0xD2,0xFF,0xFF,0xFE,0xFC,0xFE,0xFF,0xFF,0xFF,0xFF,0xFF,0xFF,0xFF,0xFF,0xFF,
    0xFF,0xFF,0xFF,0xFF,0xFF,0xFF,0xFF,0xFF,0xFF,0xFF,0xFF,0xFF,0xFF,0xFF,0xFF,0xFF,
    0xFF,0xFF,0xFF,0xFF,0xFF,0xFF,0xFF,0xFF,0xFF,0xFF,0xFF,0xFF,0xFF,0xFF,0xFF,0xFF,
    0xFF,0xFE,0xFC,0xFE,0xFF,0xFF,0xD2,0x59,0x00,0x00,0x03,0x01,0x00,0x00,0x00,0x00,
    0x00,0x00,0x00,0x00,0x00,0x00,0x00,0x00,0x00,0x00,0x00,0x00,0x00,0x00,0x00,0x00,
    0x00,0x00,0x00,0x00,0x00,0x00,0x00,0x00,0x00,0x00,0x00,0x00,0x00,0x00,0x00,0x00,
    0x00,0x00,0x00,0x00,0x00,0x00,0x00,0x00,0x00,0x00,0x00,0x00,0x00,0x00,0x00,0x00,
    0x00,0x00,0x00,0x03,0x00,0x00,0x43,0xBA,0xFF,0xFF,0xFD,0xFC,0xFF,0xFF,0xFF,0xFF,
    0xFF,0xFF,0xFF,0xFF,0xFF,0xFF,0xFF,0xFF,0xFF,0xFF,0xFF,0xFF,0xFF,0xFF,0xFF,0xFF,
    0xFF,0xFF,0xFF,0xFF,0xFF,0xFF,0xFF,0xFF,0xFF,0xFF,0xFF,0xFF,0xFF,0xFF,0xFF,0xFF,
    0xFF,0xFF,0xFF,0xFF,0xFF,0xFF,0xFF,0xFF,0xFF,0xFF,0xFF,0xFF,0xFC,0xFD,0xFF,0xFF,
    0xBA,0x43,0x00,0x00,0x03,0x00,0x00,0x00,0x00,0x00,0x00,0x00,0x00,0x00,0x00,0x00,
    0x00,0x00,0x00,0x00,0x00,0x00,0x00,0x00,0x00,0x00,0x00,0x00,0x00,0x00,0x00,0x00,
    0x00,0x00,0x00,0x00,0x00,0x00,0x00,0x00,0x00,0x00,0x00,0x00,0x00,0x00,0x00,0x00,
    0x00,0x00,0x00,0x00,0x00,0x00,0x00,0x00,0x00,0x02,0x02,0x00,0x1A,0x9E,0xFF,0xFF,
    0xFD,0xFD,0xFF,0xFF,0xFF,0xFF,0xFF,0xFF,0xFF,0xFF,0xFF,0xFF,0xFF,0xFF,0xFF,0xFF,
    0xFF,0xFF,0xFF,0xFF,0xFF,0xFF,0xFF,0xFF,0xFF,0xFF,0xFF,0xFF,0xFF,0xFF,0xFF,0xFF,
    0xFF,0xFF,0xFF,0xFF,0xFF,0xFF,0xFF,0xFF,0xFF,0xFF,0xFF,0xFF,0xFF,0xFF,0xFF,0xFF,
    0xFF,0xFF,0xFF,0xFF,0xFF,0xFF,0xFD,0xFD,0xFF,0xFF,0x9E,0x1A,0x00,0x02,0x02,0x00,
    0x00,0x00,0x00,0x00,0x00,0x00,0x00,0x00,0x00,0x00,0x00,0x00,0x00,0x00,0x00,0x00,
    0x00,0x00,0x00,0x00,0x00,0x00,0x00,0x00,0x00,0x00,0x00,0x00,0x00,0x00,0x00,0x00,
    0x00,0x00,0x00,0x00,0x00,0x00,0x00,0x00,0x00,0x00,0x00,0x00,0x00,0x00,0x00,0x00,
    0x04,0x00,0x00,0x6D,0xE9,0xFF,0xFE,0xFC,0xFF,0xFF,0xFF,0xFF,0xFF,0xFF,0xFF,0xFF,
    0xFF,0xFF,0xFF,0xFF,0xFF,0xFF,0xFF,0xFF,0xFF,0xFF,0xFF,0xFF,0xFF,0xFF,0xFF,0xFF,
    0xFF,0xFF,0xFF,0xFF,0xFF,0xFF,0xFF,0xFF,0xFF,0xFF,0xFF,0xFF,0xFF,0xFF,0xFF,0xFF,
    0xFF,0xFF,0xFF,0xFF,0xFF,0xFF,0xFF,0xFF,0xFF,0xFF,0xFF,0xFF,0xFF,0xFF,0xFF,0xFF,
    0xFC,0xFE,0xFF,0xE9,0x6D,0x00,0x00,0x04,0x00,0x00,0x00,0x00,0x00,0x00,0x00,0x00,
    0x00,0x00,0x00,0x00,0x00,0x00,0x00,0x00,0x00,0x00,0x00,0x00,0x00,0x00,0x00,0x00,
    0x00,0x00,0x00,0x00,0x00,0x00,0x00,0x00,0x00,0x00,0x00,0x00,0x00,0x00,0x00,0x00,
    0x00,0x00,0x00,0x00,0x00,0x00,0x01,0x04,0x00,0x26,0xB8,0xFF,0xFF,0xFB,0xFF,0xFF,
    0xFF,0xFF,0xFF,0xFF,0xFF,0xFF,0xFF,0xFF,0xFF,0xFF,0xFF,0xFF,0xFF,0xFF,0xFF,0xFF,
    0xFF,0xFF,0xFF,0xFF,0xFF,0xFF,0xFF,0xFF,0xFF,0xFF,0xFF,0xFF,0xFF,0xFF,0xFF,0xFF,
    0xFF,0xFF,0xFF,0xFF,0xFF,0xFF,0xFF,0xFF,0xFF,0xFF,0xFF,0xFF,0xFF,0xFF,0xFF,0xFF,
    0xFF,0xFF,0xFF,0xFF,0xFF,0xFF,0xFF,0xFF,0xFF,0xFF,0xFB,0xFF,0xFF,0xB8,0x26,0x00,
    0x04,0x01,0x00,0x00,0x00,0x00,0x00,0x00,0x00,0x00,0x00,0x00,0x00,0x00,0x00,0x00,
    0x00,0x00,0x00,0x00,0x00,0x00,0x00,0x00,0x00,0x00,0x00,0x00,0x00,0x00,0x00,0x00,
    0x00,0x00,0x00,0x00,0x00,0x00,0x00,0x00,0x00,0x00,0x00,0x00,0x00,0x02,0x00,0x00,
    0x56,0xEC,0xFF,0xFB,0xFE,0xFF,0xFF,0xFF,0xFF,0xFF,0xFF,0xFF,0xFF,0xFF,0xFF,0xFF,
    0xFF,0xFF,0xFF,0xFF,0xFF,0xFF,0xFF,0xFF,0xFF,0xFF,0xFF,0xFF,0xFF,0xFF,0xFF,0xFF,
    0xFF,0xFF,0xFF,0xFF,0xFF,0xFF,0xFF,0xFF,0xFF,0xFF,0xFF,0xFF,0xFF,0xFF,0xFF,0xFF,
    0xFF,0xFF,0xFF,0xFF,0xFF,0xFF,0xFF,0xFF,0xFF,0xFF,0xFF,0xFF,0xFF,0xFF,0xFF,0xFF,
    0xFF,0xFF,0xFF,0xFE,0xFB,0xFF,0xEC,0x56,0x00,0x00,0x02,0x00,0x00,0x00,0x00,0x00,
    0x00,0x00,0x00,0x00,0x00,0x00,0x00,0x00,0x00,0x00,0x00,0x00,0x00,0x00,0x00,0x00,
    0x00,0x00,0x00,0x00,0x00,0x00,0x00,0x00,0x00,0x00,0x00,0x00,0x00,0x00,0x00,0x00,
    0x00,0x00,0x00,0x00,0x03,0x00,0x04,0x8F,0xFF,0xFF,0xFC,0xFF,0xFF,0xFF,0xFF,0xFF,
    0xFF,0xFF,0xFF,0xFF,0xFF,0xFF,0xFF,0xFF,0xFF,0xFF,0xFF,0xFF,0xFF,0xFF,0xFF,0xFF,
    0xFF,0xFF,0xFF,0xFF,0xFF,0xFF,0xFF,0xFF,0xFF,0xFF,0xFF,0xFF,0xFF,0xFF,0xFF,0xFF,
    0xFF,0xFF,0xFF,0xFF,0xFF,0xFF,0xFF,0xFF,0xFF,0xFF,0xFF,0xFF,0xFF,0xFF,0xFF,0xFF,
    0xFF,0xFF,0xFF,0xFF,0xFF,0xFF,0xFF,0xFF,0xFF,0xFF,0xFF,0xFF,0xFF,0xFC,0xFF,0xFF,
    0x8F,0x04,0x00,0x03,0x00,0x00,0x00,0x00,0x00,0x00,0x00,0x00,0x00,0x00,0x00,0x00,
    0x00,0x00,0x00,0x00,0x00,0x00,0x00,0x00,0x00,0x00,0x00,0x00,0x00,0x00,0x00,0x00,
    0x00,0x00,0x00,0x00,0x00,0x00,0x00,0x00,0x00,0x00,0x00,0x03,0x00,0x19,0xC4,0xFF,
    0xFC,0xFE,0xFF,0xFF,0xFF,0xFF,0xFF,0xFF,0xFF,0xFF,0xFF,0xFF,0xFF,0xFF,0xFF,0xFF,
    0xFF,0xFF,0xFF,0xFF,0xFF,0xFF,0xFF,0xFF,0xFF,0xFF,0xFF,0xFF,0xFF,0xFF,0xFF,0xFF,
    0xFF,0xFF,0xFF,0xFF,0xFF,0xFF,0xFF,0xFF,0xFF,0xFF,0xFF,0xFF,0xFF,0xFF,0xFF,0xFF,
    0xFF,0xFF,0xFF,0xFF,0xFF,0xFF,0xFF,0xFF,0xFF,0xFF,0xFF,0xFF,0xFF,0xFF,0xFF,0xFF,
    0xFF,0xFF,0xFF,0xFF,0xFF,0xFF,0xFE,0xFC,0xFF,0xC4,0x19,0x00,0x03,0x00,0x00,0x00,
    0x00,0x00,0x00,0x00,0x00,0x00,0x00,0x00,0x00,0x00,0x00,0x00,0x00,0x00,0x00,0x00,
    0x00,0x00,0x00,0x00,0x00,0x00,0x00,0x00,0x00,0x00,0x00,0x00,0x00,0x00,0x00,0x00,
    0x00,0x00,0x04,0x00,0x35,0xE6,0xFF,0xFB,0xFF,0xFF,0xFF,0xFF,0xFF,0xFF,0xFF,0xFF,
    0xFF,0xFF,0xFF,0xFF,0xFF,0xFF,0xFF,0xFF,0xFF,0xFF,0xFF,0xFF,0xFF,0xFF,0xFF,0xFF,
    0xFF,0xFF,0xFF,0xFF,0xFF,0xFF,0xFF,0xFF,0xFF,0xFF,0xFF,0xFF,0xFF,0xFF,0xFF,0xFF,
    0xFF,0xFF,0xFF,0xFF,0xFF,0xFF,0xFF,0xFF,0xFF,0xFF,0xFF,0xFF,0xFF,0xFF,0xFF,0xFF,
    0xFF,0xFF,0xFF,0xFF,0xFF,0xFF,0xFF,0xFF,0xFF,0xFF,0xFF,0xFF,0xFF,0xFF,0xFF,0xFF,
    0xFB,0xFF,0xE6,0x35,0x00,0x04,0x00,0x00,0x00,0x00,0x00,0x00,0x00,0x00,0x00,0x00,
    0x00,0x00,0x00,0x00,0x00,0x00,0x00,0x00,0x00,0x00,0x00,0x00,0x00,0x00,0x00,0x00,
    0x00,0x00,0x00,0x00,0x00,0x00,0x00,0x00,0x00,0x04,0x00,0x3B,0xEE,0xFF,0xFB,0xFF,
    0xFF,0xFF,0xFF,0xFF,0xFF,0xFF,0xFF,0xFF,0xFF,0xFF,0xFF,0xFF,0xFF,0xFF,0xFF,0xFF,
    0xFF,0xFF,0xFF,0xFF,0xFF,0xFF,0xFF,0xFF,0xFF,0xFF,0xFF,0xFF,0xFF,0xFF,0xFF,0xFF,
    0xFF,0xFF,0xFF,0xFF,0xFF,0xFF,0xFF,0xFF,0xFF,0xFF,0xFF,0xFF,0xFF,0xFF,0xFF,0xFF,
    0xFF,0xFF,0xFF,0xFF,0xFF,0xFF,0xFF,0xFF,0xFF,0xFF,0xFF,0xFF,0xFF,0xFF,0xFF,0xFF,
    0xFF,0xFF,0xFF,0xFF,0xFF,0xFF,0xFF,0xFF,0xFF,0xFB,0xFF,0xEE,0x3B,0x00,0x04,0x00,
    0x00,0x00,0x00,0x00,0x00,0x00,0x00,0x00,0x00,0x00,0x00,0x00,0x00,0x00,0x00,0x00,
    0x00,0x00,0x00,0x00,0x00,0x00,0x00,0x00,0x00,0x00,0x00,0x00,0x00,0x00,0x00,0x00,
    0x04,0x00,0x65,0xFB,0xFF,0xFD,0xFF,0xFF,0xFF,0xFF,0xFF,0xFF,0xFF,0xFF,0xFF,0xFF,
    0xFF,0xFF,0xFF,0xFF,0xFF,0xFF,0xFF,0xFF,0xFF,0xFF,0xFF,0xFF,0xFF,0xFF,0xFF,0xFF,
    0xFF,0xFF,0xFF,0xFF,0xFF,0xFF,0xFF,0xFF,0xFF,0xFF,0xFF,0xFF,0xFF,0xFF,0xFF,0xFF,
    0xFF,0xFF,0xFF,0xFF,0xFF,0xFF,0xFF,0xFF,0xFF,0xFF,0xFF,0xFF,0xFF,0xFF,0xFF,0xFF,
    0xFF,0xFF,0xFF,0xFF,0xFF,0xFF,0xFF,0xFF,0xFF,0xFF,0xFF,0xFF,0xFF,0xFF,0xFF,0xFF,
    0xFF,0xFF,0xFD,0xFF,0xFB,0x65,0x00,0x04,0x00,0x00,0x00,0x00,0x00,0x00,0x00,0x00,
    0x00,0x00,0x00,0x00,0x00,0x00,0x00,0x00,0x00,0x00,0x00,0x00,0x00,0x00,0x00,0x00,
    0x00,0x00,0x00,0x00,0x00,0x00,0x00,0x04,0x00,0x65,0xFF,0xFE,0xFD,0xFF,0xFF,0xFF,
    0xFF,0xFF,0xFF,0xFF,0xFF,0xFF,0xFF,0xFF,0xFF,0xFF,0xFF,0xFF,0xFF,0xFF,0xFF,0xFF,
    0xFF,0xFF,0xFF,0xFF,0xFF,0xFF,0xFF,0xFF,0xFF,0xFF,0xFF,0xFF,0xFF,0xFF,0xFF,0xFF,
    0xFF,0xFF,0xFF,0xFF,0xFF,0xFF,0xFF,0xFF,0xFF,0xFF,0xFF,0xFF,0xFF,0xFF,0xFF,0xFF,
    0xFF,0xFF,0xFF,0xFF,0xFF,0xFF,0xFF,0xFF,0xFF,0xFF,0xFF,0xFF,0xFF,0xFF,0xFF,0xFF,
    0xFF,0xFF,0xFF,0xFF,0xFF,0xFF,0xFF,0xFF,0xFF,0xFF,0xFF,0xFD,0xFE,0xFF,0x65,0x00,
    0x04,0x00,0x00,0x00,0x00,0x00,0x00,0x00,0x00,0x00,0x00,0x00,0x00,0x00,0x00,0x00,
    0x00,0x00,0x00,0x00,0x00,0x00,0x00,0x00,0x00,0x00,0x00,0x00,0x00,0x00,0x04,0x00,
    0x65,0xFF,0xFC,0xFE,0xFF,0xFF,0xFF,0xFF,0xFF,0xFF,0xFF,0xFF,0xFF,0xFF,0xFF,0xFF,
    0xFF,0xFF,0xFF,0xFF,0xFF,0xFF,0xFF,0xFF,0xFF,0xFF,0xFF,0xFF,0xFF,0xFF,0xFF,0xFF,
    0xFF,0xFF,0xFF,0xFF,0xFF,0xFF,0xFF,0xFF,0xFF,0xFF,0xFF,0xFF,0xFF,0xFF,0xFF,0xFF,
    0xFF,0xFF,0xFF,0xFF,0xFF,0xFF,0xFF,0xFF,0xFF,0xFF,0xFF,0xFF,0xFF,0xFF,0xFF,0xFF,
    0xFF,0xFF,0xFF,0xFF,0xFF,0xFF,0xFF,0xFF,0xFF,0xFF,0xFF,0xFF,0xFF,0xFF,0xFF,0xFF,
    0xFF,0xFF,0xFF,0xFF,0xFE,0xFC,0xFF,0x65,0x00,0x04,0x00,0x00,0x00,0x00,0x00,0x00,
    0x00,0x00,0x00,0x00,0x00,0x00,0x00,0x00,0x00,0x00,0x00,0x00,0x00,0x00,0x00,0x00,
    0x00,0x00,0x00,0x00,0x00,0x03,0x00,0x39,0xFE,0xFD,0xFE,0xFF,0xFF,0xFF,0xFF,0xFF,
    0xFF,0xFF,0xFF,0xFF,0xFF,0xFF,0xFF,0xFF,0xFF,0xFF,0xFF,0xFF,0xFF,0xFF,0xFF,0xFF,
    0xFF,0xFF,0xFF,0xFF,0xFF,0xFF,0xFF,0xFF,0xFF,0xFF,0xFF,0xFF,0xFF,0xFF,0xFF,0xFF,
    0xFF,0xFF,0xFF,0xFF,0xFF,0xFF,0xFF,0xFF,0xFF,0xFF,0xFF,0xFF,0xFF,0xFF,0xFF,0xFF,
    0xFF,0xFF,0xFF,0xFF,0xFF,0xFF,0xFF,0xFF,0xFF,0xFF,0xFF,0xFF,0xFF,0xFF,0xFF,0xFF,
    0xFF,0xFF,0xFF,0xFF,0xFF,0xFF,0xFF,0xFF,0xFF,0xFF,0xFF,0xFF,0xFF,0xFE,0xFD,0xFE,
    0x39,0x00,0x03,0x00,0x00,0x00,0x00,0x00,0x00,0x00,0x00,0x00,0x00,0x00,0x00,0x00,
    0x00,0x00,0x00,0x00,0x00,0x00,0x00,0x00,0x00,0x00,0x00,0x00,0x02,0x00,0x36,0xED,
    0xFD,0xFD,0xFF,0xFF,0xFF,0xFF,0xFF,0xFF,0xFF,0xFF,0xFF,0xFF,0xFF,0xFF,0xFF,0xFF,
    0xFF,0xFF,0xFF,0xFF,0xFF,0xFF,0xFF,0xFF,0xFF,0xFF,0xFF,0xFF,0xFF,0xFF,0xFF,0xFF,
    0xFF,0xFF,0xFF,0xFF,0xFF,0xFF,0xFF,0xFF,0xFF,0xFF,0xFF,0xFF,0xFF,0xFF,0xFF,0xFF,
    0xFF,0xFF,0xFF,0xFF,0xFF,0xFF,0xFF,0xFF,0xFF,0xFF,0xFF,0xFF,0xFF,0xFF,0xFF,0xFF,
    0xFF,0xFF,0xFF,0xFF,0xFF,0xFF,0xFF,0xFF,0xFF,0xFF,0xFF,0xFF,0xFF,0xFF,0xFF,0xFF,
    0xFF,0xFF,0xFF,0xFF,0xFF,0xFF,0xFD,0xFD,0xED,0x36,0x00,0x02,0x00,0x00,0x00,0x00,
    0x00,0x00,0x00,0x00,0x00,0x00,0x00,0x00,0x00,0x00,0x00,0x00,0x00,0x00,0x00,0x00,
    0x00,0x00,0x00,0x02,0x01,0x16,0xE9,0xFF,0xFD,0xFF,0xFF,0xFF,0xFF,0xFF,0xFF,0xFF,
    0xFF,0xFF,0xFF,0xFF,0xFF,0xFF,0xFF,0xFF,0xFF,0xFF,0xFF,0xFF,0xFF,0xFF,0xFF,0xFF,
    0xFF,0xFF,0xFF,0xFF,0xFF,0xFF,0xFF,0xFF,0xFF,0xFF,0xFF,0xFF,0xFF,0xFF,0xFF,0xFF,
    0xFF,0xFF,0xFF,0xFF,0xFF,0xFF,0xFF,0xFF,0xFF,0xFF,0xFF,0xFF,0xFF,0xFF,0xFF,0xFF,
    0xFF,0xFF,0xFF,0xFF,0xFF,0xFF,0xFF,0xFF,0xFF,0xFF,0xFF,0xFF,0xFF,0xFF,0xFF,0xFF,
    0xFF,0xFF,0xFF,0xFF,0xFF,0xFF,0xFF,0xFF,0xFF,0xFF,0xFF,0xFF,0xFF,0xFF,0xFF,0xFD,
    0xFF,0xE9,0x16,0x01,0x02,0x00,0x00,0x00,0x00,0x00,0x00,0x00,0x00,0x00,0x00,0x00,
    0x00,0x00,0x00,0x00,0x00,0x00,0x00,0x00,0x00,0x00,0x01,0x03,0x03,0xC6,0xFF,0xFC,
    0xFF,0xFF,0xFF,0xFF,0xFF,0xFF,0xFF,0xFF,0xFF,0xFF,0xFF,0xFF,0xFF,0xFF,0xFF,0xFF,
    0xFF,0xFF,0xFF,0xFF,0xFF,0xFF,0xFF,0xFF,0xFF,0xFF,0xFF,0xFF,0xFF,0xFF,0xFF,0xFF,
    0xFF,0xFF,0xFF,0xFF,0xFF,0xFF,0xFF,0xFF,0xFF,0xFF,0xFF,0xFF,0xFF,0xFF,0xFF,0xFF,
    0xFF,0xFF,0xFF,0xFF,0xFF,0xFF,0xFF,0xFF,0xFF,0xFF,0xFF,0xFF,0xFF,0xFF,0xFF,0xFF,
    0xFF,0xFF,0xFF,0xFF,0xFF,0xFF,0xFF,0xFF,0xFF,0xFF,0xFF,0xFF,0xFF,0xFF,0xFF,0xFF,
    0xFF,0xFF,0xFF,0xFF,0xFF,0xFF,0xFF,0xFF,0xFC,0xFF,0xC6,0x03,0x03,0x01,0x00,0x00,
    0x00,0x00,0x00,0x00,0x00,0x00,0x00,0x00,0x00,0x00,0x00,0x00,0x00,0x00,0x00,0x00,
    0x00,0x00,0x04,0x00,0x8F,0xFF,0xFB,0xFF,0xFF,0xFF,0xFF,0xFF,0xFF,0xFF,0xFF,0xFF,
    0xFF,0xFF,0xFF,0xFF,0xFF,0xFF,0xFF,0xFF,0xFF,0xFF,0xFF,0xFF,0xFF,0xFF,0xFF,0xFF,
    0xFF,0xFF,0xFF,0xFF,0xFF,0xFF,0xFF,0xFF,0xFF,0xFF,0xFF,0xFF,0xFF,0xFF,0xFF,0xFF,
    0xFF,0xFF,0xFF,0xFF,0xFF,0xFF,0xFF,0xFF,0xFF,0xFF,0xFF,0xFF,0xFF,0xFF,0xFF,0xFF,
    0xFF,0xFF,0xFF,0xFF,0xFF,0xFF,0xFF,0xFF,0xFF,0xFF,0xFF,0xFF,0xFF,0xFF,0xFF,0xFF,
    0xFF,0xFF,0xFF,0xFF,0xFF,0xFF,0xFF,0xFF,0xFF,0xFF,0xFF,0xFF,0xFF,0xFF,0xFF,0xFF,
    0xFF,0xFB,0xFF,0x8F,0x00,0x04,0x00,0x00,0x00,0x00,0x00,0x00,0x00,0x00,0x00,0x00,
    0x00,0x00,0x00,0x00,0x00,0x00,0x00,0x00,0x00,0x03,0x00,0x54,0xFF,0xFB,0xFF,0xFF,
    0xFF,0xFF,0xFF,0xFF,0xFF,0xFF,0xFF,0xFF,0xFF,0xFF,0xFF,0xFF,0xFF,0xFF,0xFF,0xFF,
    0xFF,0xFF,0xFF,0xFF,0xFF,0xFF,0xFF,0xFF,0xFF,0xFF,0xFF,0xFF,0xFF,0xFF,0xFF,0xFF,
    0xFF,0xFF,0xFF,0xFF,0xFF,0xFF,0xFF,0xFF,0xFF,0xFF,0xFF,0xFF,0xFF,0xFF,0xFF,0xFF,
    0xFF,0xFF,0xFF,0xFF,0xFF,0xFF,0xFF,0xFF,0xFF,0xFF,0xFF,0xFF,0xFF,0xFF,0xFF,0xFF,
    0xFF,0xFF,0xFF,0xFF,0xFF,0xFF,0xFF,0xFF,0xFF,0xFF,0xFF,0xFF,0xFF,0xFF,0xFF,0xFF,
    0xFF,0xFF,0xFF,0xFF,0xFF,0xFF,0xFF,0xFF,0xFF,0xFF,0xFB,0xFF,0x54,0x00,0x03,0x00,
    0x00,0x00,0x00,0x00,0x00,0x00,0x00,0x00,0x00,0x00,0x00,0x00,0x00,0x00,0x00,0x00,
    0x02,0x01,0x23,0xEE,0xFD,0xFE,0xFF,0xFF,0xFF,0xFF,0xFF,0xFF,0xFF,0xFF,0xFF,0xFF,
    0xFF,0xFF,0xFF,0xFF,0xFF,0xFF,0xFF,0xFF,0xFF,0xFF,0xFF,0xFF,0xFF,0xFF,0xFF,0xFF,
    0xFF,0xFF,0xFF,0xFF,0xFF,0xFF,0xFF,0xFF,0xFF,0xFF,0xFF,0xFF,0xFF,0xFF,0xFF,0xFF,
    0xFF,0xFF,0xFF,0xFF,0xFF,0xFF,0xFF,0xFF,0xFF,0xFF,0xFF,0xFF,0xFF,0xFF,0xFF,0xFF,
    0xFF,0xFF,0xFF,0xFF,0xFF,0xFF,0xFF,0xFF,0xFF,0xFF,0xFF,0xFF,0xFF,0xFF,0xFF,0xFF,
    0xFF,0xFF,0xFF,0xFF,0xFF,0xFF,0xFF,0xFF,0xFF,0xFF,0xFF,0xFF,0xFF,0xFF,0xFF,0xFF,
    0xFF,0xFF,0xFE,0xFD,0xEE,0x23,0x01,0x02,0x00,0x00,0x00,0x00,0x00,0x00,0x00,0x00,
    0x00,0x00,0x00,0x00,0x00,0x00,0x00,0x00,0x03,0x00,0xBC,0xFF,0xFC,0xFF,0xFF,0xFF,
    0xFF,0xFF,0xFF,0xFF,0xFF,0xFF,0xFF,0xFF,0xFF,0xFF,0xFF,0xFF,0xFF,0xFF,0xFF,0xFF,
    0xFF,0xFF,0xFF,0xFF,0xFF,0xFF,0xFF,0xFF,0xFF,0xFF,0xFF,0xFF,0xFF,0xFF,0xFF,0xFF,
    0xFF,0xFF,0xFF,0xFF,0xFF,0xFF,0xFF,0xFF,0xFF,0xFF,0xFF,0xFF,0xFF,0xFF,0xFF,0xFF,
    0xFF,0xFF,0xFF,0xFF,0xFF,0xFF,0xFF,0xFF,0xFF,0xFF,0xFF,0xFF,0xFF,0xFF,0xFF,0xFF,
    0xFF,0xFF,0xFF,0xFF,0xFF,0xFF,0xFF,0xFF,0xFF,0xFF,0xFF,0xFF,0xFF,0xFF,0xFF,0xFF,
    0xFF,0xFF,0xFF,0xFF,0xFF,0xFF,0xFF,0xFF,0xFF,0xFF,0xFF,0xFC,0xFF,0xBC,0x00,0x03,
    0x00,0x00,0x00,0x00,0x00,0x00,0x00,0x00,0x00,0x00,0x00,0x00,0x00,0x00,0x00,0x03,
    0x00,0x6B,0xFF,0xFB,0xFF,0xFF,0xFF,0xFF,0xFF,0xFF,0xFF,0xFF,0xFF,0xFF,0xFF,0xFF,
    0xFF,0xFF,0xFF,0xFF,0xFF,0xFF,0xFF,0xFF,0xFF,0xFF,0xFF,0xFF,0xFF,0xFF,0xFF,0xFF,
    0xFF,0xFF,0xFF,0xFF,0xFF,0xFF,0xFF,0xFF,0xFF,0xFF,0xFF,0xFF,0xFF,0xFF,0xFF,0xFF,
    0xFF,0xFF,0xFF,0xFF,0xFF,0xFF,0xFF,0xFF,0xFF,0xFF,0xFF,0xFF,0xFF,0xFF,0xFF,0xFF,
    0xFF,0xFF,0xFF,0xFF,0xFF,0xFF,0xFF,0xFF,0xFF,0xFF,0xFF,0xFF,0xFF,0xFF,0xFF,0xFF,
    0xFF,0xFF,0xFF,0xFF,0xFF,0xFF,0xFF,0xFF,0xFF,0xFF,0xFF,0xFF,0xFF,0xFF,0xFF,0xFF,
    0xFF,0xFF,0xFF,0xFF,0xFB,0xFF,0x6B,0x00,0x03,0x00,0x00,0x00,0x00,0x00,0x00,0x00,
    0x00,0x00,0x00,0x00,0x00,0x00,0x02,0x01,0x18,0xEE,0xFD,0xFE,0xFF,0xFF,0xFF,0xFF,
    0xFF,0xFF,0xFF,0xFF,0xFF,0xFF,0xFF,0xFF,0xFF,0xFF,0xFF,0xFF,0xFF,0xFF,0xFF,0xFF,
    0xFF,0xFF,0xFF,0xFF,0xFF,0xFF,0xFF,0xFF,0xFF,0xFF,0xFF,0xFF,0xFF,0xFF,0xFF,0xFF,
    0xFF,0xFF,0xFF,0xFF,0xFF,0xFF,0xFF,0xFF,0xFF,0xFF,0xFF,0xFF,0xFF,0xFF,0xFF,0xFF,
    0xFF,0xFF,0xFF,0xFF,0xFF,0xFF,0xFF,0xFF,0xFF,0xFF,0xFF,0xFF,0xFF,0xFF,0xFF,0xFF,
    0xFF,0xFF,0xFF,0xFF,0xFF,0xFF,0xFF,0xFF,0xFF,0xFF,0xFF,0xFF,0xFF,0xFF,0xFF,0xFF,
    0xFF,0xFF,0xFF,0xFF,0xFF,0xFF,0xFF,0xFF,0xFF,0xFF,0xFF,0xFF,0xFE,0xFD,0xEE,0x18,
    0x01,0x02,0x00,0x00,0x00,0x00,0x00,0x00,0x00,0x00,0x00,0x00,0x00,0x00,0x03,0x00,
    0xA0,0xFF,0xFC,0xFF,0xFF,0xFF,0xFF,0xFF,0xFF,0xFF,0xFF,0xFF,0xFF,0xFF,0xFF,0xFF,
    0xFF,0xFF,0xFF,0xFF,0xFF,0xFF,0xFF,0xFF,0xFF,0xFF,0xFF,0xFF,0xFF,0xFF,0xFF,0xFF,
    0xFF,0xFF,0xFF,0xFF,0xFF,0xFF,0xFF,0xFF,0xFF,0xFF,0xFF,0xFF,0xFF,0xFF,0xFF,0xFF,
    0xFF,0xFF,0xFF,0xFF,0xFF,0xFF,0xFF,0xFF,0xFF,0xFF,0xFF,0xFF,0xFF,0xFF,0xFF,0xFF,
    0xFF,0xFF,0xFF,0xFF,0xFF,0xFF,0xFF,0xFF,0xFF,0xFF,0xFF,0xFF,0xFF,0xFF,0xFF,0xFF,
    0xFF,0xFF,0xFF,0xFF,0xFF,0xFF,0xFF,0xFF,0xFF,0xFF,0xFF,0xFF,0xFF,0xFF,0xFF,0xFF,
    0xFF,0xFF,0xFF,0xFF,0xFF,0xFC,0xFF,0xA0,0x00,0x03,0x00,0x00,0x00,0x00,0x00,0x00,
    0x00,0x00,0x00,0x00,0x00,0x03,0x01,0x3F,0xFD,0xFC,0xFF,0xFF,0xFF,0xFF,0xFF,0xFF,
    0xFF,0xFF,0xFF,0xFF,0xFF,0xFF,0xFF,0xFF,0xFF,0xFF,0xFF,0xFF,0xFF,0xFF,0xFF,0xFF,
    0xFF,0xFF,0xFF,0xFF,0xFF,0xFF,0xFF,0xFF,0xFF,0xFF,0xFF,0xFF,0xFF,0xFF,0xFF,0xFF,
    0xFF,0xFF,0xFF,0xFF,0xFF,0xFF,0xFF,0xFF,0xFF,0xFF,0xFF,0xFF,0xFF,0xFF,0xFF,0xFF,
    0xFF,0xFF,0xFF,0xFF,0xFF,0xFF,0xFF,0xFF,0xFF,0xFF,0xFF,0xFF,0xFF,0xFF,0xFF,0xFF,
    0xFF,0xFF,0xFF,0xFF,0xFF,0xFF,0xFF,0xFF,0xFF,0xFF,0xFF,0xFF,0xFF,0xFF,0xFF,0xFF,
    0xFF,0xFF,0xFF,0xFF,0xFF,0xFF,0xFF,0xFF,0xFF,0xFF,0xFF,0xFF,0xFF,0xFF,0xFC,0xFD,
    0x3F,0x01,0x03,0x00,0x00,0x00,0x00,0x00,0x00,0x00,0x00,0x00,0x00,0x02,0x00,0xBF,
    0xFF,0xFC,0xFF,0xFF,0xFF,0xFF,0xFF,0xFF,0xFF,0xFF,0xFF,0xFF,0xFF,0xFF,0xFF,0xFF,
    0xFF,0xFF,0xFF,0xFF,0xFF,0xFF,0xFF,0xFF,0xFF,0xFF,0xFF,0xFF,0xFF,0xFF,0xFF,0xFF,
    0xFF,0xFF,0xFF,0xFF,0xFF,0xFF,0xFF,0xFF,0xFF,0xFF,0xFF,0xFF,0xFF,0xFF,0xFF,0xFF,
    0xFF,0xFF,0xFF,0xFF,0xFF,0xFF,0xFF,0xFF,0xFF,0xFF,0xFF,0xFF,0xFF,0xFF,0xFF,0xFF,
    0xFF,0xFF,0xFF,0xFF,0xFF,0xFF,0xFF,0xFF,0xFF,0xFF,0xFF,0xFF,0xFF,0xFF,0xFF,0xFF,
    0xFF,0xFF,0xFF,0xFF,0xFF,0xFF,0xFF,0xFF,0xFF,0xFF,0xFF,0xFF,0xFF,0xFF,0xFF,0xFF,
    0xFF,0xFF,0xFF,0xFF,0xFF,0xFF,0xFC,0xFF,0xBF,0x00,0x02,0x00,0x00,0x00,0x00,0x00,
    0x00,0x00,0x00,0x00,0x03,0x00,0x56,0xFF,0xFC,0xFF,0xFF,0xFF,0xFF,0xFF,0xFF,0xFF,
    0xFF,0xFF,0xFF,0xFF,0xFF,0xFF,0xFF,0xFF,0xFF,0xFF,0xFF,0xFF,0xFF,0xFF,0xFF,0xFF,
    0xFF,0xFF,0xFF,0xFF,0xFF,0xFF,0xFF,0xFF,0xFF,0xFF,0xFF,0xFF,0xFF,0xFF,0xFF,0xFF,
    0xFF,0xFF,0xFF,0xFF,0xFF,0xFF,0xFF,0xFF,0xFF,0xFF,0xFF,0xFF,0xFF,0xFF,0xFF,0xFF,
    0xFF,0xFF,0xFF,0xFF,0xFF,0xFF,0xFF,0xFF,0xFF,0xFF,0xFF,0xFF,0xFF,0xFF,0xFF,0xFF,
    0xFF,0xFF,0xFF,0xFF,0xFF,0xFF,0xFF,0xFF,0xFF,0xFF,0xFF,0xFF,0xFF,0xFF,0xFF,0xFF,
    0xFF,0xFF,0xFF,0xFF,0xFF,0xFF,0xFF,0xFF,0xFF,0xFF,0xFF,0xFF,0xFF,0xFF,0xFF,0xFC,
    0xFF,0x56,0x00,0x03,0x00,0x00,0x00,0x00,0x00,0x00,0x00,0x00,0x02,0x04,0xD8,0xFF,
    0xFD,0xFF,0xFF,0xFF,0xFF,0xFF,0xFF,0xFF,0xFF,0xFF,0xFF,0xFF,0xFF,0xFF,0xFF,0xFF,
    0xFF,0xFF,0xFF,0xFF,0xFF,0xFF,0xFF,0xFF,0xFF,0xFF,0xFF,0xFF,0xFF,0xFF,0xFF,0xFF,
    0xFF,0xFF,0xFF,0xFF,0xFF,0xFF,0xFF,0xFF,0xFF,0xFF,0xFF,0xFF,0xFF,0xFF,0xFF,0xFF,
    0xFF,0xFF,0xFF,0xFF,0xFF,0xFF,0xFF,0xFF,0xFF,0xFF,0xFF,0xFF,0xFF,0xFF,0xFF,0xFF,
    0xFF,0xFF,0xFF,0xFF,0xFF,0xFF,0xFF,0xFF,0xFF,0xFF,0xFF,0xFF,0xFF,0xFF,0xFF,0xFF,
    0xFF,0xFF,0xFF,0xFF,0xFF,0xFF,0xFF,0xFF,0xFF,0xFF,0xFF,0xFF,0xFF,0xFF,0xFF,0xFF,
    0xFF,0xFF,0xFF,0xFF,0xFF,0xFF,0xFF,0xFD,0xFF,0xD8,0x04,0x02,0x00,0x00,0x00,0x00,
    0x00,0x00,0x00,0x03,0x00,0x41,0xFE,0xFD,0xFF,0xFF,0xFF,0xFF,0xFF,0xFF,0xFF,0xFF,
    0xFF,0xFF,0xFF,0xFF,0xFF,0xFF,0xFF,0xFF,0xFF,0xFF,0xFF,0xFF,0xFF,0xFF,0xFF,0xFF,
    0xFF,0xFF,0xFF,0xFF,0xFF,0xFF,0xFF,0xFF,0xFF,0xFF,0xFF,0xFF,0xFF,0xFF,0xFF,0xFF,
    0xFF,0xFF,0xFF,0xFF,0xFF,0xFF,0xFF,0xFF,0xFF,0xFF,0xFF,0xFF,0xFF,0xFF,0xFF,0xFF,
    0xFF,0xFF,0xFF,0xFF,0xFF,0xFF,0xFF,0xFF,0xFF,0xFF,0xFF,0xFF,0xFF,0xFF,0xFF,0xFF,
    0xFF,0xFF,0xFF,0xFF,0xFF,0xFF,0xFF,0xFF,0xFF,0xFF,0xFF,0xFF,0xFF,0xFF,0xFF,0xFF,
    0xFF,0xFF,0xFF,0xFF,0xFF,0xFF,0xFF,0xFF,0xFF,0xFF,0xFF,0xFF,0xFF,0xFF,0xFF,0xFF,
    0xFD,0xFE,0x41,0x00,0x03,0x00,0x00,0x00,0x00,0x00,0x00,0x02,0x02,0xBF,0xFF,0xFC,
    0xFF,0xFF,0xFF,0xFF,0xFF,0xFF,0xFF,0xFF,0xFF,0xFF,0xFF,0xFF,0xFF,0xFF,0xFF,0xFF,
    0xFF,0xFF,0xFF,0xFF,0xFF,0xFF,0xFF,0xFF,0xFF,0xFF,0xFF,0xFF,0xFF,0xFF,0xFF,0xFF,
    0xFF,0xFF,0xFF,0xFF,0xFF,0xFF,0xFF,0xFF,0xFF,0xFF,0xFF,0xFF,0xFF,0xFF,0xFF,0xFF,
    0xFF,0xFF,0xFF,0xFF,0xFF,0xFF,0xFF,0xFF,0xFF,0xFF,0xFF,0xFF,0xFF,0xFF,0xFF,0xFF,
    0xFF,0xFF,0xFF,0xFF,0xFF,0xFF,0xFF,0xFF,0xFF,0xFF,0xFF,0xFF,0xFF,0xFF,0xFF,0xFF,
    0xFF,0xFF,0xFF,0xFF,0xFF,0xFF,0xFF,0xFF,0xFF,0xFF,0xFF,0xFF,0xFF,0xFF,0xFF,0xFF,
    0xFF,0xFF,0xFF,0xFF,0xFF,0xFF,0xFF,0xFF,0xFC,0xFF,0xBF,0x02,0x02,0x00,0x00,0x00,
    0x00,0x00,0x03,0x01,0x36,0xFF,0xFD,0xFF,0xFF,0xFF,0xFF,0xFF,0xFF,0xFF,0xFF,0xFF,
    0xFF,0xFF,0xFF,0xFF,0xFF,0xFF,0xFF,0xFF,0xFF,0xFF,0xFF,0xFF,0xFF,0xFF,0xFF,0xFF,
    0xFF,0xFF,0xFF,0xFF,0xFF,0xFF,0xFF,0xFF,0xFF,0xFF,0xFF,0xFF,0xFF,0xFF,0xFF,0xFF,
    0xFF,0xFF,0xFF,0xFF,0xFF,0xFF,0xFF,0xFF,0xFF,0xFF,0xFF,0xFF,0xFF,0xFF,0xFF,0xFF,
    0xFF,0xFF,0xFF,0xFF,0xFF,0xFF,0xFF,0xFF,0xFF,0xFF,0xFF,0xFF,0xFF,0xFF,0xFF,0xFF,
    0xFF,0xFF,0xFF,0xFF,0xFF,0xFF,0xFF,0xFF,0xFF,0xFF,0xFF,0xFF,0xFF,0xFF,0xFF,0xFF,
    0xFF,0xFF,0xFF,0xFF,0xFF,0xFF,0xFF,0xFF,0xFF,0xFF,0xFF,0xFF,0xFF,0xFF,0xFF,0xFF,
    0xFF,0xFD,0xFF,0x36,0x01,0x03,0x00,0x00,0x00,0x00,0x03,0x00,0x9A,0xFF,0xFB,0xFF,
    0xFF,0xFF,0xFF,0xFF,0xFF,0xFF,0xFF,0xFF,0xFF,0xFF,0xFF,0xFF,0xFF,0xFF,0xFF,0xFF,
    0xFF,0xFF,0xFF,0xFF,0xFF,0xFF,0xFF,0xFF,0xFF,0xFF,0xFF,0xFF,0xFF,0xFF,0xFF,0xFF,
    0xFF,0xFF,0xFF,0xFF,0xFF,0xFF,0xFF,0xFF,0xFF,0xFF,0xFF,0xFF,0xFF,0xFF,0xFF,0xFF,
    0xFF,0xFF,0xFF,0xFF,0xFF,0xFF,0xFF,0xFF,0xFF,0xFF,0xFF,0xFF,0xFF,0xFF,0xFF,0xFF,
    0xFF,0xFF,0xFF,0xFF,0xFF,0xFF,0xFF,0xFF,0xFF,0xFF,0xFF,0xFF,0xFF,0xFF,0xFF,0xFF,
    0xFF,0xFF,0xFF,0xFF,0xFF,0xFF,0xFF,0xFF,0xFF,0xFF,0xFF,0xFF,0xFF,0xFF,0xFF,0xFF,
    0xFF,0xFF,0xFF,0xFF,0xFF,0xFF,0xFF,0xFF,0xFF,0xFB,0xFF,0x9A,0x00,0x03,0x00,0x00,
    0x00,0x01,0x00,0x15,0xEB,0xFE,0xFE,0xFF,0xFF,0xFF,0xFF,0xFF,0xFF,0xFF,0xFF,0xFF,
    0xFF,0xFF,0xFF,0xFF,0xFF,0xFF,0xFF,0xFF,0xFF,0xFF,0xFF,0xFF,0xFF,0xFF,0xFF,0xFF,
    0xFF,0xFF,0xFF,0xFF,0xFF,0xFF,0xFF,0xFF,0xFF,0xFF,0xFF,0xFF,0xFF,0xFF,0xFF,0xFF,
    0xFF,0xFF,0xFF,0xFF,0xFF,0xFF,0xFF,0xFF,0xFF,0xFF,0xFF,0xFF,0xFF,0xFF,0xFF,0xFF,
    0xFF,0xFF,0xFF,0xFF,0xFF,0xFF,0xFF,0xFF,0xFF,0xFF,0xFF,0xFF,0xFF,0xFF,0xFF,0xFF,
    0xFF,0xFF,0xFF,0xFF,0xFF,0xFF,0xFF,0xFF,0xFF,0xFF,0xFF,0xFF,0xFF,0xFF,0xFF,0xFF,
    0xFF,0xFF,0xFF,0xFF,0xFF,0xFF,0xFF,0xFF,0xFF,0xFF,0xFF,0xFF,0xFF,0xFF,0xFF,0xFF,
    0xFF,0xFE,0xFE,0xEB,0x15,0x00,0x01,0x00,0x00,0x04,0x00,0x60,0xFF,0xFC,0xFF,0xFF,
    0xFF,0xFF,0xFF,0xFF,0xFF,0xFF,0xFF,0xFF,0xFF,0xFF,0xFF,0xFF,0xFF,0xFF,0xFF,0xFF,
    0xFF,0xFF,0xFF,0xFF,0xFF,0xFF,0xFF,0xFF,0xFF,0xFF,0xFF,0xFF,0xFF,0xFF,0xFF,0xFF,
    0xFF,0xFF,0xFF,0xFF,0xFF,0xFF,0xFF,0xFF,0xFF,0xFF,0xFF,0xFF,0xFF,0xFF,0xFF,0xFF,
    0xFF,0xFF,0xFF,0xFF,0xFF,0xFF,0xFF,0xFF,0xFF,0xFF,0xFF,0xFF,0xFF,0xFF,0xFF,0xFF,
    0xFF,0xFF,0xFF,0xFF,0xFF,0xFF,0xFF,0xFF,0xFF,0xFF,0xFF,0xFF,0xFF,0xFF,0xFF,0xFF,
    0xFF,0xFF,0xFF,0xFF,0xFF,0xFF,0xFF,0xFF,0xFF,0xFF,0xFF,0xFF,0xFF,0xFF,0xFF,0xFF,
    0xFF,0xFF,0xFF,0xFF,0xFF,0xFF,0xFF,0xFF,0xFF,0xFF,0xFC,0xFF,0x60,0x00,0x04,0x00,
    0x00,0x02,0x00,0xB4,0xFE,0xFC,0xFF,0xFF,0xFF,0xFF,0xFF,0xFF,0xFF,0xFF,0xFF,0xFF,
    0xFF,0xFF,0xFF,0xFF,0xFF,0xFF,0xFF,0xFF,0xFF,0xFF,0xFF,0xFF,0xFF,0xFF,0xFF,0xFF,
    0xFF,0xFF,0xFF,0xFF,0xFF,0xFF,0xFF,0xFF,0xFF,0xFF,0xFF,0xFF,0xFF,0xFF,0xFF,0xFF,
    0xFF,0xFF,0xFF,0xFF,0xFF,0xFF,0xFF,0xFF,0xFF,0xFF,0xFF,0xFF,0xFF,0xFF,0xFF,0xFF,
    0xFF,0xFF,0xFF,0xFF,0xFF,0xFF,0xFF,0xFF,0xFF,0xFF,0xFF,0xFF,0xFF,0xFF,0xFF,0xFF,
    0xFF,0xFF,0xFF,0xFF,0xFF,0xFF,0xFF,0xFF,0xFF,0xFF,0xFF,0xFF,0xFF,0xFF,0xFF,0xFF,
    0xFF,0xFF,0xFF,0xFF,0xFF,0xFF,0xFF,0xFF,0xFF,0xFF,0xFF,0xFF,0xFF,0xFF,0xFF,0xFF,
    0xFF,0xFF,0xFC,0xFE,0xB4,0x00,0x02,0x00,0x01,0x00,0x18,0xF1,0xFF,0xFE,0xFF,0xFF,
    0xFF,0xFF,0xFF,0xFF,0xFF,0xFF,0xFF,0xFF,0xFF,0xFF,0xFF,0xFF,0xFF,0xFF,0xFF,0xFF,
    0xFF,0xFF,0xFF,0xFF,0xFF,0xFF,0xFF,0xFF,0xFF,0xFF,0xFF,0xFF,0xFF,0xFF,0xFF,0xFF,
    0xFF,0xFF,0xFF,0xFF,0xFF,0xFF,0xFF,0xFF,0xFF,0xFF,0xFF,0xFF,0xFF,0xFF,0xFF,0xFF,
    0xFF,0xFF,0xFF,0xFF,0xFF,0xFF,0xFF,0xFF,0xFF,0xFF,0xFF,0xFF,0xFF,0xFF,0xFF,0xFF,
    0xFF,0xFF,0xFF,0xFF,0xFF,0xFF,0xFF,0xFF,0xFF,0xFF,0xFF,0xFF,0xFF,0xFF,0xFF,0xFF,
    0xFF,0xFF,0xFF,0xFF,0xFF,0xFF,0xFF,0xFF,0xFF,0xFF,0xFF,0xFF,0xFF,0xFF,0xFF,0xFF,
    0xFF,0xFF,0xFF,0xFF,0xFF,0xFF,0xFF,0xFF,0xFF,0xFF,0xFE,0xFF,0xF1,0x18,0x00,0x01,
    0x04,0x00,0x61,0xFF,0xFC,0xFF,0xFF,0xFF,0xFF,0xFF,0xFF,0xFF,0xFF,0xFF,0xFF,0xFF,
    0xFF,0xFF,0xFF,0xFF,0xFF,0xFF,0xFF,0xFF,0xFF,0xFF,0xFF,0xFF,0xFF,0xFF,0xFF,0xFF,
    0xFF,0xFF,0xFF,0xFF,0xFF,0xFF,0xFF,0xFF,0xFF,0xFF,0xFF,0xFF,0xFF,0xFF,0xFF,0xFF,
    0xFF,0xFF,0xFF,0xFF,0xFF,0xFF,0xFF,0xFF,0xFF,0xFF,0xFF,0xFF,0xFF,0xFF,0xFF,0xFF,
    0xFF,0xFF,0xFF,0xFF,0xFF,0xFF,0xFF,0xFF,0xFF,0xFF,0xFF,0xFF,0xFF,0xFF,0xFF,0xFF,
    0xFF,0xFF,0xFF,0xFF,0xFF,0xFF,0xFF,0xFF,0xFF,0xFF,0xFF,0xFF,0xFF,0xFF,0xFF,0xFF,
    0xFF,0xFF,0xFF,0xFF,0xFF,0xFF,0xFF,0xFF,0xFF,0xFF,0xFF,0xFF,0xFF,0xFF,0xFF,0xFF,
    0xFF,0xFF,0xFF,0xFC,0xFF,0x61,0x00,0x04,0x04,0x00,0xB0,0xFF,0xFC,0xFF,0xFF,0xFF,
    0xFF,0xFF,0xFF,0xFF,0xFF,0xFF,0xFF,0xFF,0xFF,0xFF,0xFF,0xFF,0xFF,0xFF,0xFF,0xFF,
    0xFF,0xFF,0xFF,0xFF,0xFF,0xFF,0xFF,0xFF,0xFF,0xFF,0xFF,0xFF,0xFF,0xFF,0xFF,0xFF,
    0xFF,0xFF,0xFF,0xFF,0xFF,0xFF,0xFF,0xFF,0xFF,0xFF,0xFF,0xFF,0xFF,0xFF,0xFF,0xFF,
    0xFF,0xFF,0xFF,0xFF,0xFF,0xFF,0xFF,0xFF,0xFF,0xFF,0xFF,0xFF,0xFF,0xFF,0xFF,0xFF,
    0xFF,0xFF,0xFF,0xFF,0xFF,0xFF,0xFF,0xFF,0xFF,0xFF,0xFF,0xFF,0xFF,0xFF,0xFF,0xFF,
    0xFF,0xFF,0xFF,0xFF,0xFF,0xFF,0xFF,0xFF,0xFF,0xFF,0xFF,0xFF,0xFF,0xFF,0xFF,0xFF,
    0xFF,0xFF,0xFF,0xFF,0xFF,0xFF,0xFF,0xFF,0xFF,0xFF,0xFF,0xFC,0xFF,0xB0,0x00,0x04,
    0x01,0x0A,0xE5,0xFF,0xFE,0xFF,0xFF,0xFF,0xFF,0xFF,0xFF,0xFF,0xFF,0xFF,0xFF,0xFF,
    0xFF,0xFF,0xFF,0xFF,0xFF,0xFF,0xFF,0xFF,0xFF,0xFF,0xFF,0xFF,0xFF,0xFF,0xFF,0xFF,
    0xFF,0xFF,0xFF,0xFF,0xFF,0xFF,0xFF,0xFF,0xFF,0xFF,0xFF,0xFF,0xFF,0xFF,0xFF,0xFF,
    0xFF,0xFF,0xFF,0xFF,0xFF,0xFF,0xFF,0xFF,0xFF,0xFF,0xFF,0xFF,0xFF,0xFF,0xFF,0xFF,
    0xFF,0xFF,0xFF,0xFF,0xFF,0xFF,0xFF,0xFF,0xFF,0xFF,0xFF,0xFF,0xFF,0xFF,0xFF,0xFF,
    0xFF,0xFF,0xFF,0xFF,0xFF,0xFF,0xFF,0xFF,0xFF,0xFF,0xFF,0xFF,0xFF,0xFF,0xFF,0xFF,
    0xFF,0xFF,0xFF,0xFF,0xFF,0xFF,0xFF,0xFF,0xFF,0xFF,0xFF,0xFF,0xFF,0xFF,0xFF,0xFF,
    0xFF,0xFF,0xFF,0xFE,0xFF,0xE5,0x0A,0x01,0x00,0x32,0xFD,0xFE,0xFF,0xFF,0xFF,0xFF,
    0xFF,0xFF,0xFF,0xFF,0xFF,0xFF,0xFF,0xFF,0xFF,0xFF,0xFF,0xFF,0xFF,0xFF,0xFF,0xFF,
    0xFF,0xFF,0xFF,0xFF,0xFF,0xFF,0xFF,0xFF,0xFF,0xFF,0xFF,0xFF,0xFF,0xFF,0xFF,0xFF,
    0xFF,0xFF,0xFF,0xFF,0xFF,0xFF,0xFF,0xFF,0xFF,0xFF,0xFF,0xFF,0xFF,0xFF,0xFF,0xFF,
    0xFF,0xFF,0xFF,0xFF,0xFF,0xFF,0xFF,0xFF,0xFF,0xFF,0xFF,0xFF,0xFF,0xFF,0xFF,0xFF,
    0xFF,0xFF,0xFF,0xFF,0xFF,0xFF,0xFF,0xFF,0xFF,0xFF,0xFF,0xFF,0xFF,0xFF,0xFF,0xFF,
    0xFF,0xFF,0xFF,0xFF,0xFF,0xFF,0xFF,0xFF,0xFF,0xFF,0xFF,0xFF,0xFF,0xFF,0xFF,0xFF,
    0xFF,0xFF,0xFF,0xFF,0xFF,0xFF,0xFF,0xFF,0xFF,0xFF,0xFF,0xFF,0xFE,0xFD,0x32,0x00,
    0x00,0x6E,0xFF,0xFB,0xFF,0xFF,0xFF,0xFF,0xFF,0xFF,0xFF,0xFF,0xFF,0xFF,0xFF,0xFF,
    0xFF,0xFF,0xFF,0xFF,0xFF,0xFF,0xFF,0xFF,0xFF,0xFF,0xFF,0xFF,0xFF,0xFF,0xFF,0xFF,
    0xFF,0xFF,0xFF,0xFF,0xFF,0xFF,0xFF,0xFF,0xFF,0xFF,0xFF,0xFF,0xFF,0xFF,0xFF,0xFF,
    0xFF,0xFF,0xFF,0xFF,0xFF,0xFF,0xFF,0xFF,0xFF,0xFF,0xFF,0xFF,0xFF,0xFF,0xFF,0xFF,
    0xFF,0xFF,0xFF,0xFF,0xFF,0xFF,0xFF,0xFF,0xFF,0xFF,0xFF,0xFF,0xFF,0xFF,0xFF,0xFF,
    0xFF,0xFF,0xFF,0xFF,0xFF,0xFF,0xFF,0xFF,0xFF,0xFF,0xFF,0xFF,0xFF,0xFF,0xFF,0xFF,
    0xFF,0xFF,0xFF,0xFF,0xFF,0xFF,0xFF,0xFF,0xFF,0xFF,0xFF,0xFF,0xFF,0xFF,0xFF,0xFF,
    0xFF,0xFF,0xFF,0xFF,0xFB,0xFF,0x6E,0x00,0x00,0xAA,0xFF,0xFC,0xFF,0xFF,0xFF,0xFF,
    0xFF,0xFF,0xFF,0xFF,0xFF,0xFF,0xFF,0xFF,0xFF,0xFF,0xFF,0xFF,0xFF,0xFF,0xFF,0xFF,
    0xFF,0xFF,0xFF,0xFF,0xFF,0xFF,0xFF,0xFF,0xFF,0xFF,0xFF,0xFF,0xFF,0xFF,0xFF,0xFF,
    0xFF,0xFF,0xFF,0xFF,0xFF,0xFF,0xFF,0xFF,0xFF,0xFF,0xFF,0xFF,0xFF,0xFF,0xFF,0xFF,
    0xFF,0xFF,0xFF,0xFF,0xFF,0xFF,0xFF,0xFF,0xFF,0xFF,0xFF,0xFF,0xFF,0xFF,0xFF,0xFF,
    0xFF,0xFF,0xFF,0xFF,0xFF,0xFF,0xFF,0xFF,0xFF,0xFF,0xFF,0xFF,0xFF,0xFF,0xFF,0xFF,
    0xFF,0xFF,0xFF,0xFF,0xFF,0xFF,0xFF,0xFF,0xFF,0xFF,0xFF,0xFF,0xFF,0xFF,0xFF,0xFF,
    0xFF,0xFF,0xFF,0xFF,0xFF,0xFF,0xFF,0xFF,0xFF,0xFF,0xFF,0xFF,0xFC,0xFF,0xAA,0x00,
    0x06,0xD4,0xFF,0xFD,0xFF,0xFF,0xFF,0xFF,0xFF,0xFF,0xFF,0xFF,0xFF,0xFF,0xFF,0xFF,
    0xFF,0xFF,0xFF,0xFF,0xFF,0xFF,0xFF,0xFF,0xFF,0xFF,0xFF,0xFF,0xFF,0xFF,0xFF,0xFF,
    0xFF,0xFF,0xFF,0xFF,0xFF,0xFF,0xFF,0xFF,0xFF,0xFF,0xFF,0xFF,0xFF,0xFF,0xFF,0xFF,
    0xFF,0xFF,0xFF,0xFF,0xFF,0xFF,0xFF,0xFF,0xFF,0xFF,0xFF,0xFF,0xFF,0xFF,0xFF,0xFF,
    0xFF,0xFF,0xFF,0xFF,0xFF,0xFF,0xFF,0xFF,0xFF,0xFF,0xFF,0xFF,0xFF,0xFF,0xFF,0xFF,
    0xFF,0xFF,0xFF,0xFF,0xFF,0xFF,0xFF,0xFF,0xFF,0xFF,0xFF,0xFF,0xFF,0xFF,0xFF,0xFF,
    0xFF,0xFF,0xFF,0xFF,0xFF,0xFF,0xFF,0xFF,0xFF,0xFF,0xFF,0xFF,0xFF,0xFF,0xFF,0xFF,
    0xFF,0xFF,0xFF,0xFF,0xFD,0xFF,0xD4,0x06,0x21,0xF3,0xFF,0xFE,0xFF,0xFF,0xFF,0xFF,
    0xFF,0xFF,0xFF,0xFF,0xFF,0xFF,0xFF,0xFF,0xFF,0xFF,0xFF,0xFF,0xFF,0xFF,0xFF,0xFF,
    0xFF,0xFF,0xFF,0xFF,0xFF,0xFF,0xFF,0xFF,0xFF,0xFF,0xFF,0xFF,0xFF,0xFF,0xFF,0xFF,
    0xFF,0xFF,0xFF,0xFF,0xFF,0xFF,0xFF,0xFF,0xFF,0xFF,0xFF,0xFF,0xFF,0xFF,0xFF,0xFF,
    0xFF,0xFF,0xFF,0xFF,0xFF,0xFF,0xFF,0xFF,0xFF,0xFF,0xFF,0xFF,0xFF,0xFF,0xFF,0xFF,
    0xFF,0xFF,0xFF,0xFF,0xFF,0xFF,0xFF,0xFF,0xFF,0xFF,0xFF,0xFF,0xFF,0xFF,0xFF,0xFF,
    0xFF,0xFF,0xFF,0xFF,0xFF,0xFF,0xFF,0xFF,0xFF,0xFF,0xFF,0xFF,0xFF,0xFF,0xFF,0xFF,
    0xFF,0xFF,0xFF,0xFF,0xFF,0xFF,0xFF,0xFF,0xFF,0xFF,0xFF,0xFF,0xFE,0xFF,0xF3,0x21,
    0x45,0xFF,0xFE,0xFF,0xFF,0xFF,0xFF,0xFF,0xFF,0xFF,0xFF,0xFF,0xFF,0xFF,0xFF,0xFF,
    0xFF,0xFF,0xFF,0xFF,0xFF,0xFF,0xFF,0xFF,0xFF,0xFF,0xFF,0xFF,0xFF,0xFF,0xFF,0xFF,
    0xFF,0xFF,0xFF,0xFF,0xFF,0xFF,0xFF,0xFF,0xFF,0xFF,0xFF,0xFF,0xFF,0xFF,0xFF,0xFF,
    0xFF,0xFF,0xFF,0xFF,0xFF,0xFF,0xFF,0xFF,0xFF,0xFF,0xFF,0xFF,0xFF,0xFF,0xFF,0xFF,
    0xFF,0xFF,0xFF,0xFF,0xFF,0xFF,0xFF,0xFF,0xFF,0xFF,0xFF,0xFF,0xFF,0xFF,0xFF,0xFF,
    0xFF,0xFF,0xFF,0xFF,0xFF,0xFF,0xFF,0xFF,0xFF,0xFF,0xFF,0xFF,0xFF,0xFF,0xFF,0xFF,
    0xFF,0xFF,0xFF,0xFF,0xFF,0xFF,0xFF,0xFF,0xFF,0xFF,0xFF,0xFF,0xFF,0xFF,0xFF,0xFF,
    0xFF,0xFF,0xFF,0xFF,0xFF,0xFE,0xFF,0x45,0x77,0xFF,0xFD,0xFF,0xFF,0xFF,0xFF,0xFF,
    0xFF,0xFF,0xFF,0xFF,0xFF,0xFF,0xFF,0xFF,0xFF,0xFF,0xFF,0xFF,0xFF,0xFF,0xFF,0xFF,
    0xFF,0xFF,0xFF,0xFF,0xFF,0xFF,0xFF,0xFF,0xFF,0xFF,0xFF,0xFF,0xFF,0xFF,0xFF,0xFF,
    0xFF,0xFF,0xFF,0xFF,0xFF,0xFF,0xFF,0xFF,0xFF,0xFF,0xFF,0xFF,0xFF,0xFF,0xFF,0xFF,
    0xFF,0xFF,0xFF,0xFF,0xFF,0xFF,0xFF,0xFF,0xFF,0xFF,0xFF,0xFF,0xFF,0xFF,0xFF,0xFF,
    0xFF,0xFF,0xFF,0xFF,0xFF,0xFF,0xFF,0xFF,0xFF,0xFF,0xFF,0xFF,0xFF,0xFF,0xFF,0xFF,
    0xFF,0xFF,0xFF,0xFF,0xFF,0xFF,0xFF,0xFF,0xFF,0xFF,0xFF,0xFF,0xFF,0xFF,0xFF,0xFF,
    0xFF,0xFF,0xFF,0xFF,0xFF,0xFF,0xFF,0xFF,0xFF,0xFF,0xFF,0xFF,0xFF,0xFD,0xFF,0x77,
    0x89,0xFF,0xFC,0xFF,0xFF,0xFF,0xFF,0xFF,0xFF,0xFF,0xFF,0xFF,0xFF,0xFF,0xFF,0xFF,
    0xFF,0xFF,0xFF,0xFF,0xFF,0xFF,0xFF,0xFF,0xFF,0xFF,0xFF,0xFF,0xFF,0xFF,0xFF,0xFF,
    0xFF,0xFF,0xFF,0xFF,0xFF,0xFF,0xFF,0xFF,0xFF,0xFF,0xFF,0xFF,0xFF,0xFF,0xFF,0xFF,
    0xFF,0xFF,0xFF,0xFF,0xFF,0xFF,0xFF,0xFF,0xFF,0xFF,0xFF,0xFF,0xFF,0xFF,0xFF,0xFF,
    0xFF,0xFF,0xFF,0xFF,0xFF,0xFF,0xFF,0xFF,0xFF,0xFF,0xFF,0xFF,0xFF,0xFF,0xFF,0xFF,
    0xFF,0xFF,0xFF,0xFF,0xFF,0xFF,0xFF,0xFF,0xFF,0xFF,0xFF,0xFF,0xFF,0xFF,0xFF,0xFF,
    0xFF,0xFF,0xFF,0xFF,0xFF,0xFF,0xFF,0xFF,0xFF,0xFF,0xFF,0xFF,0xFF,0xFF,0xFF,0xFF,
    0xFF,0xFF,0xFF,0xFF,0xFF,0xFC,0xFF,0x89,0xB9,0xFF,0xFD,0xFF,0xFF,0xFF,0xFF,0xFF,
    0xFF,0xFF,0xFF,0xFF,0xFF,0xFF,0xFF,0xFF,0xFF,0xFF,0xFF,0xFF,0xFF,0xFF,0xFF,0xFF,
    0xFF,0xFF,0xFF,0xFF,0xFF,0xFF,0xFF,0xFF,0xFF,0xFF,0xFF,0xFF,0xFF,0xFF,0xFF,0xFF,
    0xFF,0xFF,0xFF,0xFF,0xFF,0xFF,0xFF,0xFF,0xFF,0xFF,0xFF,0xFF,0xFF,0xFF,0xFF,0xFF,
    0xFF,0xFF,0xFF,0xFF,0xFF,0xFF,0xFF,0xFF,0xFF,0xFF,0xFF,0xFF,0xFF,0xFF,0xFF,0xFF,
    0xFF,0xFF,0xFF,0xFF,0xFF,0xFF,0xFF,0xFF,0xFF,0xFF,0xFF,0xFF,0xFF,0xFF,0xFF,0xFF,
    0xFF,0xFF,0xFF,0xFF,0xFF,0xFF,0xFF,0xFF,0xFF,0xFF,0xFF,0xFF,0xFF,0xFF,0xFF,0xFF,
    0xFF,0xFF,0xFF,0xFF,0xFF,0xFF,0xFF,0xFF,0xFF,0xFF,0xFF,0xFF,0xFF,0xFD,0xFF,0xB9,
    0xCF,0xFF,0xFD,0xFF,0xFF,0xFF,0xFF,0xFF,0xFF,0xFF,0xFF,0xFF,0xFF,0xFF,0xFF,0xFF,
    0xFF,0xFF,0xFF,0xFF,0xFF,0xFF,0xFF,0xFF,0xFF,0xFF,0xFF,0xFF,0xFF,0xFF,0xFF,0xFF,
    0xFF,0xFF,0xFF,0xFF,0xFF,0xFF,0xFF,0xFF,0xFF,0xFF,0xFF,0xFF,0xFF,0xFF,0xFF,0xFF,
    0xFF,0xFF,0xFF,0xFF,0xFF,0xFF,0xFF,0xFF,0xFF,0xFF,0xFF,0xFF,0xFF,0xFF,0xFF,0xFF,
    0xFF,0xFF,0xFF,0xFF,0xFF,0xFF,0xFF,0xFF,0xFF,0xFF,0xFF,0xFF,0xFF,0xFF,0xFF,0xFF,
    0xFF,0xFF,0xFF,0xFF,0xFF,0xFF,0xFF,0xFF,0xFF,0xFF,0xFF,0xFF,0xFF,0xFF,0xFF,0xFF,
    0xFF,0xFF,0xFF,0xFF,0xFF,0xFF,0xFF,0xFF,0xFF,0xFF,0xFF,0xFF,0xFF,0xFF,0xFF,0xFF,
    0xFF,0xFF,0xFF,0xFF,0xFF,0xFD,0xFF,0xCF,0xC8,0xFF,0xFD,0xFF,0xFF,0xFF,0xFF,0xFF,
    0xFF,0xFF,0xFF,0xFF,0xFF,0xFF,0xFF,0xFF,0xFF,0xFF,0xFF,0xFF,0xFF,0xFF,0xFF,0xFF,
    0xFF,0xFF,0xFF,0xFF,0xFF,0xFF,0xFF,0xFF,0xFF,0xFF,0xFF,0xFF,0xFF,0xFF,0xFF,0xFF,
    0xFF,0xFF,0xFF,0xFF,0xFF,0xFF,0xFF,0xFF,0xFF,0xFF,0xFF,0xFF,0xFF,0xFF,0xFF,0xFF,
    0xFF,0xFF,0xFF,0xFF,0xFF,0xFF,0xFF,0xFF,0xFF,0xFF,0xFF,0xFF,0xFF,0xFF,0xFF,0xFF,
    0xFF,0xFF,0xFF,0xFF,0xFF,0xFF,0xFF,0xFF,0xFF,0xFF,0xFF,0xFF,0xFF,0xFF,0xFF,0xFF,
    0xFF,0xFF,0xFF,0xFF,0xFF,0xFF,0xFF,0xFF,0xFF,0xFF,0xFF,0xFF,0xFF,0xFF,0xFF,0xFF,
    0xFF,0xFF,0xFF,0xFF,0xFF,0xFF,0xFF,0xFF,0xFF,0xFF,0xFF,0xFF,0xFF,0xFD,0xFF,0xC8,
    0xF2,0xFF,0xFE,0xFF,0xFF,0xFF,0xFF,0xFF,0xFF,0xFF,0xFF,0xFF,0xFF,0xFF,0xFF,0xFF,
    0xFF,0xFF,0xFF,0xFF,0xFF,0xFF,0xFF,0xFF,0xFF,0xFF,0xFF,0xFF,0xFF,0xFF,0xFF,0xFF,
    0xFF,0xFF,0xFF,0xFF,0xFF,0xFF,0xFF,0xFF,0xFF,0xFF,0xFF,0xFF,0xFF,0xFF,0xFF,0xFF,
    0xFF,0xFF,0xFF,0xFF,0xFF,0xFF,0xFF,0xFF,0xFF,0xFF,0xFF,0xFF,0xFF,0xFF,0xFF,0xFF,
    0xFF,0xFF,0xFF,0xFF,0xFF,0xFF,0xFF,0xFF,0xFF,0xFF,0xFF,0xFF,0xFF,0xFF,0xFF,0xFF,
    0xFF,0xFF,0xFF,0xFF,0xFF,0xFF,0xFF,0xFF,0xFF,0xFF,0xFF,0xFF,0xFF,0xFF,0xFF,0xFF,
    0xFF,0xFF,0xFF,0xFF,0xFF,0xFF,0xFF,0xFF,0xFF,0xFF,0xFF,0xFF,0xFF,0xFF,0xFF,0xFF,
    0xFF,0xFF,0xFF,0xFF,0xFF,0xFE,0xFF,0xF2,0xFF,0xFF,0xFF,0xFF,0xFF,0xFF,0xFF,0xFF,
    0xFF,0xFF,0xFF,0xFF,0xFF,0xFF,0xFF,0xFF,0xFF,0xFF,0xFF,0xFF,0xFF,0xFF,0xFF,0xFF,
    0xFF,0xFF,0xFF,0xFF,0xFF,0xFF,0xFF,0xFF,0xFF,0xFF,0xFF,0xFF,0xFF,0xFF,0xFF,0xFF,
    0xFF,0xFF,0xFF,0xFF,0xFF,0xFF,0xFF,0xFF,0xFF,0xFF,0xFF,0xFF,0xFF,0xFF,0xFF,0xFF,
    0xFF,0xFF,0xFF,0xFF,0xFF,0xFF,0xFF,0xFF,0xFF,0xFF,0xFF,0xFF,0xFF,0xFF,0xFF,0xFF,
    0xFF,0xFF,0xFF,0xFF,0xFF,0xFF,0xFF,0xFF,0xFF,0xFF,0xFF,0xFF,0xFF,0xFF,0xFF,0xFF,
    0xFF,0xFF,0xFF,0xFF,0xFF,0xFF,0xFF,0xFF,0xFF,0xFF,0xFF,0xFF,0xFF,0xFF,0xFF,0xFF,
    0xFF,0xFF,0xFF,0xFF,0xFF,0xFF,0xFF,0xFF,0xFF,0xFF,0xFF,0xFF,0xFF,0xFF,0xFF,0xFF,
    0xFE,0xFF,0xFF,0xFF,0xFF,0xFF,0xFF,0xFF,0xFF,0xFF,0xFF,0xFF,0xFF,0xFF,0xFF,0xFF,
    0xFF,0xFF,0xFF,0xFF,0xFF,0xFF,0xFF,0xFF,0xFF,0xFF,0xFF,0xFF,0xFF,0xFF,0xFF,0xFF,
    0xFF,0xFF,0xFF,0xFF,0xFF,0xFF,0xFF,0xFF,0xFF,0xFF,0xFF,0xFF,0xFF,0xFF,0xFF,0xFF,
    0xFF,0xFF,0xFF,0xFF,0xFF,0xFF,0xFF,0xFF,0xFF,0xFF,0xFF,0xFF,0xFF,0xFF,0xFF,0xFF,
    0xFF,0xFF,0xFF,0xFF,0xFF,0xFF,0xFF,0xFF,0xFF,0xFF,0xFF,0xFF,0xFF,0xFF,0xFF,0xFF,
    0xFF,0xFF,0xFF,0xFF,0xFF,0xFF,0xFF,0xFF,0xFF,0xFF,0xFF,0xFF,0xFF,0xFF,0xFF,0xFF,
    0xFF,0xFF,0xFF,0xFF,0xFF,0xFF,0xFF,0xFF,0xFF,0xFF,0xFF,0xFF,0xFF,0xFF,0xFF,0xFF,
    0xFF,0xFF,0xFF,0xFF,0xFF,0xFF,0xFF,0xFE,0xFF,0xFF,0xFF,0xFF,0xFF,0xFF,0xFF,0xFF,
    0xFF,0xFF,0xFF,0xFF,0xFF,0xFF,0xFF,0xFF,0xFF,0xFF,0xFF,0xFF,0xFF,0xFF,0xFF,0xFF,
    0xFF,0xFF,0xFF,0xFF,0xFF,0xFF,0xFF,0xFF,0xFF,0xFF,0xFF,0xFF,0xFF,0xFF,0xFF,0xFF,
    0xFF,0xFF,0xFF,0xFF,0xFF,0xFF,0xFF,0xFF,0xFF,0xFF,0xFF,0xFF,0xFF,0xFF,0xFF,0xFF,
    0xFF,0xFF,0xFF,0xFF,0xFF,0xFF,0xFF,0xFF,0xFF,0xFF,0xFF,0xFF,0xFF,0xFF,0xFF,0xFF,
    0xFF,0xFF,0xFF,0xFF,0xFF,0xFF,0xFF,0xFF,0xFF,0xFF,0xFF,0xFF,0xFF,0xFF,0xFF,0xFF,
    0xFF,0xFF,0xFF,0xFF,0xFF,0xFF,0xFF,0xFF,0xFF,0xFF,0xFF,0xFF,0xFF,0xFF,0xFF,0xFF,
    0xFF,0xFF,0xFF,0xFF,0xFF,0xFF,0xFF,0xFF,0xFF,0xFF,0xFF,0xFF,0xFF,0xFF,0xFF,0xFF,
    0xFF,0xFF,0xFF,0xFF,0xFF,0xFF,0xFF,0xFF,0xFF,0xFF,0xFF,0xFF,0xFF,0xFF,0xFF,0xFF,
    0xFF,0xFF,0xFF,0xFF,0xFF,0xFF,0xFF,0xFF,0xFF,0xFF,0xFF,0xFF,0xFF,0xFF,0xFF,0xFF,
    0xFF,0xFF,0xFF,0xFF,0xFF,0xFF,0xFF,0xFF,0xFF,0xFF,0xFF,0xFF,0xFF,0xFF,0xFF,0xFF,
    0xFF,0xFF,0xFF,0xFF,0xFF,0xFF,0xFF,0xFF,0xFF,0xFF,0xFF,0xFF,0xFF,0xFF,0xFF,0xFF,
    0xFF,0xFF,0xFF,0xFF,0xFF,0xFF,0xFF,0xFF,0xFF,0xFF,0xFF,0xFF,0xFF,0xFF,0xFF,0xFF,
    0xFF,0xFF,0xFF,0xFF,0xFF,0xFF,0xFF,0xFF,0xFF,0xFF,0xFF,0xFF,0xFF,0xFF,0xFF,0xFF,
    0xFF,0xFF,0xFF,0xFF,0xFF,0xFF,0xFF,0xFF,0xFF,0xFF,0xFF,0xFF,0xFF,0xFF,0xFF,0xFF,
    0xFF,0xFF,0xFF,0xFF,0xFF,0xFF,0xFF,0xFF,0xFE,0xFF,0xFF,0xFF,0xFF,0xFF,0xFF,0xFF,
    0xFF,0xFF,0xFF,0xFF,0xFF,0xFF,0xFF,0xFF,0xFF,0xFF,0xFF,0xFF,0xFF,0xFF,0xFF,0xFF,
    0xFF,0xFF,0xFF,0xFF,0xFF,0xFF,0xFF,0xFF,0xFF,0xFF,0xFF,0xFF,0xFF,0xFF,0xFF,0xFF,
    0xFF,0xFF,0xFF,0xFF,0xFF,0xFF,0xFF,0xFF,0xFF,0xFF,0xFF,0xFF,0xFF,0xFF,0xFF,0xFF,
    0xFF,0xFF,0xFF,0xFF,0xFF,0xFF,0xFF,0xFF,0xFF,0xFF,0xFF,0xFF,0xFF,0xFF,0xFF,0xFF,
    0xFF,0xFF,0xFF,0xFF,0xFF,0xFF,0xFF,0xFF,0xFF,0xFF,0xFF,0xFF,0xFF,0xFF,0xFF,0xFF,
    0xFF,0xFF,0xFF,0xFF,0xFF,0xFF,0xFF,0xFF,0xFF,0xFF,0xFF,0xFF,0xFF,0xFF,0xFF,0xFF,
    0xFF,0xFF,0xFF,0xFF,0xFF,0xFF,0xFF,0xFF,0xFF,0xFF,0xFF,0xFF,0xFF,0xFF,0xFF,0xFE,
    0xFF,0xFF,0xFF,0xFF,0xFF,0xFF,0xFF,0xFF,0xFF,0xFF,0xFF,0xFF,0xFF,0xFF,0xFF,0xFF,
    0xFF,0xFF,0xFF,0xFF,0xFF,0xFF,0xFF,0xFF,0xFF,0xFF,0xFF,0xFF,0xFF,0xFF,0xFF,0xFF,
    0xFF,0xFF,0xFF,0xFF,0xFF,0xFF,0xFF,0xFF,0xFF,0xFF,0xFF,0xFF,0xFF,0xFF,0xFF,0xFF,
    0xFF,0xFF,0xFF,0xFF,0xFF,0xFF,0xFF,0xFF,0xFF,0xFF,0xFF,0xFF,0xFF,0xFF,0xFF,0xFF,
    0xFF,0xFF,0xFF,0xFF,0xFF,0xFF,0xFF,0xFF,0xFF,0xFF,0xFF,0xFF,0xFF,0xFF,0xFF,0xFF,
    0xFF,0xFF,0xFF,0xFF,0xFF,0xFF,0xFF,0xFF,0xFF,0xFF,0xFF,0xFF,0xFF,0xFF,0xFF,0xFF,
    0xFF,0xFF,0xFF,0xFF,0xFF,0xFF,0xFF,0xFF,0xFF,0xFF,0xFF,0xFF,0xFF,0xFF,0xFF,0xFF,
    0xFF,0xFF,0xFF,0xFF,0xFF,0xFF,0xFF,0xFF,0xF2,0xFF,0xFE,0xFF,0xFF,0xFF,0xFF,0xFF,
    0xFF,0xFF,0xFF,0xFF,0xFF,0xFF,0xFF,0xFF,0xFF,0xFF,0xFF,0xFF,0xFF,0xFF,0xFF,0xFF,
    0xFF,0xFF,0xFF,0xFF,0xFF,0xFF,0xFF,0xFF,0xFF,0xFF,0xFF,0xFF,0xFF,0xFF,0xFF,0xFF,
    0xFF,0xFF,0xFF,0xFF,0xFF,0xFF,0xFF,0xFF,0xFF,0xFF,0xFF,0xFF,0xFF,0xFF,0xFF,0xFF,
    0xFF,0xFF,0xFF,0xFF,0xFF,0xFF,0xFF,0xFF,0xFF,0xFF,0xFF,0xFF,0xFF,0xFF,0xFF,0xFF,
    0xFF,0xFF,0xFF,0xFF,0xFF,0xFF,0xFF,0xFF,0xFF,0xFF,0xFF,0xFF,0xFF,0xFF,0xFF,0xFF,
    0xFF,0xFF,0xFF,0xFF,0xFF,0xFF,0xFF,0xFF,0xFF,0xFF,0xFF,0xFF,0xFF,0xFF,0xFF,0xFF,
    0xFF,0xFF,0xFF,0xFF,0xFF,0xFF,0xFF,0xFF,0xFF,0xFF,0xFF,0xFF,0xFF,0xFE,0xFF,0xF2,
    0xC8,0xFF,0xFD,0xFF,0xFF,0xFF,0xFF,0xFF,0xFF,0xFF,0xFF,0xFF,0xFF,0xFF,0xFF,0xFF,
    0xFF,0xFF,0xFF,0xFF,0xFF,0xFF,0xFF,0xFF,0xFF,0xFF,0xFF,0xFF,0xFF,0xFF,0xFF,0xFF,
    0xFF,0xFF,0xFF,0xFF,0xFF,0xFF,0xFF,0xFF,0xFF,0xFF,0xFF,0xFF,0xFF,0xFF,0xFF,0xFF,
    0xFF,0xFF,0xFF,0xFF,0xFF,0xFF,0xFF,0xFF,0xFF,0xFF,0xFF,0xFF,0xFF,0xFF,0xFF,0xFF,
    0xFF,0xFF,0xFF,0xFF,0xFF,0xFF,0xFF,0xFF,0xFF,0xFF,0xFF,0xFF,0xFF,0xFF,0xFF,0xFF,
    0xFF,0xFF,0xFF,0xFF,0xFF,0xFF,0xFF,0xFF,0xFF,0xFF,0xFF,0xFF,0xFF,0xFF,0xFF,0xFF,
    0xFF,0xFF,0xFF,0xFF,0xFF,0xFF,0xFF,0xFF,0xFF,0xFF,0xFF,0xFF,0xFF,0xFF,0xFF,0xFF,
    0xFF,0xFF,0xFF,0xFF,0xFF,0xFD,0xFF,0xC8,0xCF,0xFF,0xFD,0xFF,0xFF,0xFF,0xFF,0xFF,
    0xFF,0xFF,0xFF,0xFF,0xFF,0xFF,0xFF,0xFF,0xFF,0xFF,0xFF,0xFF,0xFF,0xFF,0xFF,0xFF,
    0xFF,0xFF,0xFF,0xFF,0xFF,0xFF,0xFF,0xFF,0xFF,0xFF,0xFF,0xFF,0xFF,0xFF,0xFF,0xFF,
    0xFF,0xFF,0xFF,0xFF,0xFF,0xFF,0xFF,0xFF,0xFF,0xFF,0xFF,0xFF,0xFF,0xFF,0xFF,0xFF,
    0xFF,0xFF,0xFF,0xFF,0xFF,0xFF,0xFF,0xFF,0xFF,0xFF,0xFF,0xFF,0xFF,0xFF,0xFF,0xFF,
    0xFF,0xFF,0xFF,0xFF,0xFF,0xFF,0xFF,0xFF,0xFF,0xFF,0xFF,0xFF,0xFF,0xFF,0xFF,0xFF,
    0xFF,0xFF,0xFF,0xFF,0xFF,0xFF,0xFF,0xFF,0xFF,0xFF,0xFF,0xFF,0xFF,0xFF,0xFF,0xFF,
    0xFF,0xFF,0xFF,0xFF,0xFF,0xFF,0xFF,0xFF,0xFF,0xFF,0xFF,0xFF,0xFF,0xFD,0xFF,0xCF,
    0xB9,0xFF,0xFD,0xFF,0xFF,0xFF,0xFF,0xFF,0xFF,0xFF,0xFF,0xFF,0xFF,0xFF,0xFF,0xFF,
    0xFF,0xFF,0xFF,0xFF,0xFF,0xFF,0xFF,0xFF,0xFF,0xFF,0xFF,0xFF,0xFF,0xFF,0xFF,0xFF,
    0xFF,0xFF,0xFF,0xFF,0xFF,0xFF,0xFF,0xFF,0xFF,0xFF,0xFF,0xFF,0xFF,0xFF,0xFF,0xFF,
    0xFF,0xFF,0xFF,0xFF,0xFF,0xFF,0xFF,0xFF,0xFF,0xFF,0xFF,0xFF,0xFF,0xFF,0xFF,0xFF,
    0xFF,0xFF,0xFF,0xFF,0xFF,0xFF,0xFF,0xFF,0xFF,0xFF,0xFF,0xFF,0xFF,0xFF,0xFF,0xFF,
    0xFF,0xFF,0xFF,0xFF,0xFF,0xFF,0xFF,0xFF,0xFF,0xFF,0xFF,0xFF,0xFF,0xFF,0xFF,0xFF,
    0xFF,0xFF,0xFF,0xFF,0xFF,0xFF,0xFF,0xFF,0xFF,0xFF,0xFF,0xFF,0xFF,0xFF,0xFF,0xFF,
    0xFF,0xFF,0xFF,0xFF,0xFF,0xFD,0xFF,0xB9,0x89,0xFF,0xFC,0xFF,0xFF,0xFF,0xFF,0xFF,
    0xFF,0xFF,0xFF,0xFF,0xFF,0xFF,0xFF,0xFF,0xFF,0xFF,0xFF,0xFF,0xFF,0xFF,0xFF,0xFF,
    0xFF,0xFF,0xFF,0xFF,0xFF,0xFF,0xFF,0xFF,0xFF,0xFF,0xFF,0xFF,0xFF,0xFF,0xFF,0xFF,
    0xFF,0xFF,0xFF,0xFF,0xFF,0xFF,0xFF,0xFF,0xFF,0xFF,0xFF,0xFF,0xFF,0xFF,0xFF,0xFF,
    0xFF,0xFF,0xFF,0xFF,0xFF,0xFF,0xFF,0xFF,0xFF,0xFF,0xFF,0xFF,0xFF,0xFF,0xFF,0xFF,
    0xFF,0xFF,0xFF,0xFF,0xFF,0xFF,0xFF,0xFF,0xFF,0xFF,0xFF,0xFF,0xFF,0xFF,0xFF,0xFF,
    0xFF,0xFF,0xFF,0xFF,0xFF,0xFF,0xFF,0xFF,0xFF,0xFF,0xFF,0xFF,0xFF,0xFF,0xFF,0xFF,
    0xFF,0xFF,0xFF,0xFF,0xFF,0xFF,0xFF,0xFF,0xFF,0xFF,0xFF,0xFF,0xFF,0xFC,0xFF,0x89,
    0x77,0xFF,0xFD,0xFF,0xFF,0xFF,0xFF,0xFF,0xFF,0xFF,0xFF,0xFF,0xFF,0xFF,0xFF,0xFF,
    0xFF,0xFF,0xFF,0xFF,0xFF,0xFF,0xFF,0xFF,0xFF,0xFF,0xFF,0xFF,0xFF,0xFF,0xFF,0xFF,
    0xFF,0xFF,0xFF,0xFF,0xFF,0xFF,0xFF,0xFF,0xFF,0xFF,0xFF,0xFF,0xFF,0xFF,0xFF,0xFF,
    0xFF,0xFF,0xFF,0xFF,0xFF,0xFF,0xFF,0xFF,0xFF,0xFF,0xFF,0xFF,0xFF,0xFF,0xFF,0xFF,
    0xFF,0xFF,0xFF,0xFF,0xFF,0xFF,0xFF,0xFF,0xFF,0xFF,0xFF,0xFF,0xFF,0xFF,0xFF,0xFF,
    0xFF,0xFF,0xFF,0xFF,0xFF,0xFF,0xFF,0xFF,0xFF,0xFF,0xFF,0xFF,0xFF,0xFF,0xFF,0xFF,
    0xFF,0xFF,0xFF,0xFF,0xFF,0xFF,0xFF,0xFF,0xFF,0xFF,0xFF,0xFF,0xFF,0xFF,0xFF,0xFF,
    0xFF,0xFF,0xFF,0xFF,0xFF,0xFD,0xFF,0x77,0x45,0xFF,0xFE,0xFF,0xFF,0xFF,0xFF,0xFF,
    0xFF,0xFF,0xFF,0xFF,0xFF,0xFF,0xFF,0xFF,0xFF,0xFF,0xFF,0xFF,0xFF,0xFF,0xFF,0xFF,
    0xFF,0xFF,0xFF,0xFF,0xFF,0xFF,0xFF,0xFF,0xFF,0xFF,0xFF,0xFF,0xFF,0xFF,0xFF,0xFF,
    0xFF,0xFF,0xFF,0xFF,0xFF,0xFF,0xFF,0xFF,0xFF,0xFF,0xFF,0xFF,0xFF,0xFF,0xFF,0xFF,
    0xFF,0xFF,0xFF,0xFF,0xFF,0xFF,0xFF,0xFF,0xFF,0xFF,0xFF,0xFF,0xFF,0xFF,0xFF,0xFF,
    0xFF,0xFF,0xFF,0xFF,0xFF,0xFF,0xFF,0xFF,0xFF,0xFF,0xFF,0xFF,0xFF,0xFF,0xFF,0xFF,
    0xFF,0xFF,0xFF,0xFF,0xFF,0xFF,0xFF,0xFF,0xFF,0xFF,0xFF,0xFF,0xFF,0xFF,0xFF,0xFF,
    0xFF,0xFF,0xFF,0xFF,0xFF,0xFF,0xFF,0xFF,0xFF,0xFF,0xFF,0xFF,0xFF,0xFE,0xFF,0x45,
    0x21,0xF3,0xFF,0xFE,0xFF,0xFF,0xFF,0xFF,0xFF,0xFF,0xFF,0xFF,0xFF,0xFF,0xFF,0xFF,
    0xFF,0xFF,0xFF,0xFF,0xFF,0xFF,0xFF,0xFF,0xFF,0xFF,0xFF,0xFF,0xFF,0xFF,0xFF,0xFF,
    0xFF,0xFF,0xFF,0xFF,0xFF,0xFF,0xFF,0xFF,0xFF,0xFF,0xFF,0xFF,0xFF,0xFF,0xFF,0xFF,
    0xFF,0xFF,0xFF,0xFF,0xFF,0xFF,0xFF,0xFF,0xFF,0xFF,0xFF,0xFF,0xFF,0xFF,0xFF,0xFF,
    0xFF,0xFF,0xFF,0xFF,0xFF,0xFF,0xFF,0xFF,0xFF,0xFF,0xFF,0xFF,0xFF,0xFF,0xFF,0xFF,
    0xFF,0xFF,0xFF,0xFF,0xFF,0xFF,0xFF,0xFF,0xFF,0xFF,0xFF,0xFF,0xFF,0xFF,0xFF,0xFF,
    0xFF,0xFF,0xFF,0xFF,0xFF,0xFF,0xFF,0xFF,0xFF,0xFF,0xFF,0xFF,0xFF,0xFF,0xFF,0xFF,
    0xFF,0xFF,0xFF,0xFF,0xFE,0xFF,0xF3,0x21,0x06,0xD4,0xFF,0xFD,0xFF,0xFF,0xFF,0xFF,
    0xFF,0xFF,0xFF,0xFF,0xFF,0xFF,0xFF,0xFF,0xFF,0xFF,0xFF,0xFF,0xFF,0xFF,0xFF,0xFF,
    0xFF,0xFF,0xFF,0xFF,0xFF,0xFF,0xFF,0xFF,0xFF,0xFF,0xFF,0xFF,0xFF,0xFF,0xFF,0xFF,
    0xFF,0xFF,0xFF,0xFF,0xFF,0xFF,0xFF,0xFF,0xFF,0xFF,0xFF,0xFF,0xFF,0xFF,0xFF,0xFF,
    0xFF,0xFF,0xFF,0xFF,0xFF,0xFF,0xFF,0xFF,0xFF,0xFF,0xFF,0xFF,0xFF,0xFF,0xFF,0xFF,
    0xFF,0xFF,0xFF,0xFF,0xFF,0xFF,0xFF,0xFF,0xFF,0xFF,0xFF,0xFF,0xFF,0xFF,0xFF,0xFF,
    0xFF,0xFF,0xFF,0xFF,0xFF,0xFF,0xFF,0xFF,0xFF,0xFF,0xFF,0xFF,0xFF,0xFF,0xFF,0xFF,
    0xFF,0xFF,0xFF,0xFF,0xFF,0xFF,0xFF,0xFF,0xFF,0xFF,0xFF,0xFF,0xFD,0xFF,0xD4,0x06,
    0x00,0xAA,0xFF,0xFC,0xFF,0xFF,0xFF,0xFF,0xFF,0xFF,0xFF,0xFF,0xFF,0xFF,0xFF,0xFF,
    0xFF,0xFF,0xFF,0xFF,0xFF,0xFF,0xFF,0xFF,0xFF,0xFF,0xFF,0xFF,0xFF,0xFF,0xFF,0xFF,
    0xFF,0xFF,0xFF,0xFF,0xFF,0xFF,0xFF,0xFF,0xFF,0xFF,0xFF,0xFF,0xFF,0xFF,0xFF,0xFF,
    0xFF,0xFF,0xFF,0xFF,0xFF,0xFF,0xFF,0xFF,0xFF,0xFF,0xFF,0xFF,0xFF,0xFF,0xFF,0xFF,
    0xFF,0xFF,0xFF,0xFF,0xFF,0xFF,0xFF,0xFF,0xFF,0xFF,0xFF,0xFF,0xFF,0xFF,0xFF,0xFF,
    0xFF,0xFF,0xFF,0xFF,0xFF,0xFF,0xFF,0xFF,0xFF,0xFF,0xFF,0xFF,0xFF,0xFF,0xFF,0xFF,
    0xFF,0xFF,0xFF,0xFF,0xFF,0xFF,0xFF,0xFF,0xFF,0xFF,0xFF,0xFF,0xFF,0xFF,0xFF,0xFF,
    0xFF,0xFF,0xFF,0xFF,0xFC,0xFF,0xAA,0x00,0x00,0x6E,0xFF,0xFB,0xFF,0xFF,0xFF,0xFF,
    0xFF,0xFF,0xFF,0xFF,0xFF,0xFF,0xFF,0xFF,0xFF,0xFF,0xFF,0xFF,0xFF,0xFF,0xFF,0xFF,
    0xFF,0xFF,0xFF,0xFF,0xFF,0xFF,0xFF,0xFF,0xFF,0xFF,0xFF,0xFF,0xFF,0xFF,0xFF,0xFF,
    0xFF,0xFF,0xFF,0xFF,0xFF,0xFF,0xFF,0xFF,0xFF,0xFF,0xFF,0xFF,0xFF,0xFF,0xFF,0xFF,
    0xFF,0xFF,0xFF,0xFF,0xFF,0xFF,0xFF,0xFF,0xFF,0xFF,0xFF,0xFF,0xFF,0xFF,0xFF,0xFF,
    0xFF,0xFF,0xFF,0xFF,0xFF,0xFF,0xFF,0xFF,0xFF,0xFF,0xFF,0xFF,0xFF,0xFF,0xFF,0xFF,
    0xFF,0xFF,0xFF,0xFF,0xFF,0xFF,0xFF,0xFF,0xFF,0xFF,0xFF,0xFF,0xFF,0xFF,0xFF,0xFF,
    0xFF,0xFF,0xFF,0xFF,0xFF,0xFF,0xFF,0xFF,0xFF,0xFF,0xFF,0xFF,0xFB,0xFF,0x6E,0x00,
    0x00,0x32,0xFD,0xFE,0xFF,0xFF,0xFF,0xFF,0xFF,0xFF,0xFF,0xFF,0xFF,0xFF,0xFF,0xFF,
    0xFF,0xFF,0xFF,0xFF,0xFF,0xFF,0xFF,0xFF,0xFF,0xFF,0xFF,0xFF,0xFF,0xFF,0xFF,0xFF,
    0xFF,0xFF,0xFF,0xFF,0xFF,0xFF,0xFF,0xFF,0xFF,0xFF,0xFF,0xFF,0xFF,0xFF,0xFF,0xFF,
    0xFF,0xFF,0xFF,0xFF,0xFF,0xFF,0xFF,0xFF,0xFF,0xFF,0xFF,0xFF,0xFF,0xFF,0xFF,0xFF,
    0xFF,0xFF,0xFF,0xFF,0xFF,0xFF,0xFF,0xFF,0xFF,0xFF,0xFF,0xFF,0xFF,0xFF,0xFF,0xFF,
    0xFF,0xFF,0xFF,0xFF,0xFF,0xFF,0xFF,0xFF,0xFF,0xFF,0xFF,0xFF,0xFF,0xFF,0xFF,0xFF,
    0xFF,0xFF,0xFF,0xFF,0xFF,0xFF,0xFF,0xFF,0xFF,0xFF,0xFF,0xFF,0xFF,0xFF,0xFF,0xFF,
    0xFF,0xFF,0xFF,0xFF,0xFE,0xFD,0x32,0x00,0x01,0x0A,0xE5,0xFF,0xFE,0xFF,0xFF,0xFF,
    0xFF,0xFF,0xFF,0xFF,0xFF,0xFF,0xFF,0xFF,0xFF,0xFF,0xFF,0xFF,0xFF,0xFF,0xFF,0xFF,
    0xFF,0xFF,0xFF,0xFF,0xFF,0xFF,0xFF,0xFF,0xFF,0xFF,0xFF,0xFF,0xFF,0xFF,0xFF,0xFF,
    0xFF,0xFF,0xFF,0xFF,0xFF,0xFF,0xFF,0xFF,0xFF,0xFF,0xFF,0xFF,0xFF,0xFF,0xFF,0xFF,
    0xFF,0xFF,0xFF,0xFF,0xFF,0xFF,0xFF,0xFF,0xFF,0xFF,0xFF,0xFF,0xFF,0xFF,0xFF,0xFF,
    0xFF,0xFF,0xFF,0xFF,0xFF,0xFF,0xFF,0xFF,0xFF,0xFF,0xFF,0xFF,0xFF,0xFF,0xFF,0xFF,
    0xFF,0xFF,0xFF,0xFF,0xFF,0xFF,0xFF,0xFF,0xFF,0xFF,0xFF,0xFF,0xFF,0xFF,0xFF,0xFF,
    0xFF,0xFF,0xFF,0xFF,0xFF,0xFF,0xFF,0xFF,0xFF,0xFF,0xFF,0xFE,0xFF,0xE5,0x0A,0x01,
    0x04,0x00,0xB0,0xFF,0xFC,0xFF,0xFF,0xFF,0xFF,0xFF,0xFF,0xFF,0xFF,0xFF,0xFF,0xFF,
    0xFF,0xFF,0xFF,0xFF,0xFF,0xFF,0xFF,0xFF,0xFF,0xFF,0xFF,0xFF,0xFF,0xFF,0xFF,0xFF,
    0xFF,0xFF,0xFF,0xFF,0xFF,0xFF,0xFF,0xFF,0xFF,0xFF,0xFF,0xFF,0xFF,0xFF,0xFF,0xFF,
    0xFF,0xFF,0xFF,0xFF,0xFF,0xFF,0xFF,0xFF,0xFF,0xFF,0xFF,0xFF,0xFF,0xFF,0xFF,0xFF,
    0xFF,0xFF,0xFF,0xFF,0xFF,0xFF,0xFF,0xFF,0xFF,0xFF,0xFF,0xFF,0xFF,0xFF,0xFF,0xFF,
    0xFF,0xFF,0xFF,0xFF,0xFF,0xFF,0xFF,0xFF,0xFF,0xFF,0xFF,0xFF,0xFF,0xFF,0xFF,0xFF,
    0xFF,0xFF,0xFF,0xFF,0xFF,0xFF,0xFF,0xFF,0xFF,0xFF,0xFF,0xFF,0xFF,0xFF,0xFF,0xFF,
    0xFF,0xFF,0xFF,0xFC,0xFF,0xB0,0x00,0x04,0x04,0x00,0x61,0xFF,0xFC,0xFF,0xFF,0xFF,
    0xFF,0xFF,0xFF,0xFF,0xFF,0xFF,0xFF,0xFF,0xFF,0xFF,0xFF,0xFF,0xFF,0xFF,0xFF,0xFF,
    0xFF,0xFF,0xFF,0xFF,0xFF,0xFF,0xFF,0xFF,0xFF,0xFF,0xFF,0xFF,0xFF,0xFF,0xFF,0xFF,
    0xFF,0xFF,0xFF,0xFF,0xFF,0xFF,0xFF,0xFF,0xFF,0xFF,0xFF,0xFF,0xFF,0xFF,0xFF,0xFF,
    0xFF,0xFF,0xFF,0xFF,0xFF,0xFF,0xFF,0xFF,0xFF,0xFF,0xFF,0xFF,0xFF,0xFF,0xFF,0xFF,
    0xFF,0xFF,0xFF,0xFF,0xFF,0xFF,0xFF,0xFF,0xFF,0xFF,0xFF,0xFF,0xFF,0xFF,0xFF,0xFF,
    0xFF,0xFF,0xFF,0xFF,0xFF,0xFF,0xFF,0xFF,0xFF,0xFF,0xFF,0xFF,0xFF,0xFF,0xFF,0xFF,
    0xFF,0xFF,0xFF,0xFF,0xFF,0xFF,0xFF,0xFF,0xFF,0xFF,0xFF,0xFC,0xFF,0x61,0x00,0x04,
    0x01,0x00,0x18,0xF1,0xFF,0xFE,0xFF,0xFF,0xFF,0xFF,0xFF,0xFF,0xFF,0xFF,0xFF,0xFF,
    0xFF,0xFF,0xFF,0xFF,0xFF,0xFF,0xFF,0xFF,0xFF,0xFF,0xFF,0xFF,0xFF,0xFF,0xFF,0xFF,
    0xFF,0xFF,0xFF,0xFF,0xFF,0xFF,0xFF,0xFF,0xFF,0xFF,0xFF,0xFF,0xFF,0xFF,0xFF,0xFF,
    0xFF,0xFF,0xFF,0xFF,0xFF,0xFF,0xFF,0xFF,0xFF,0xFF,0xFF,0xFF,0xFF,0xFF,0xFF,0xFF,
    0xFF,0xFF,0xFF,0xFF,0xFF,0xFF,0xFF,0xFF,0xFF,0xFF,0xFF,0xFF,0xFF,0xFF,0xFF,0xFF,
    0xFF,0xFF,0xFF,0xFF,0xFF,0xFF,0xFF,0xFF,0xFF,0xFF,0xFF,0xFF,0xFF,0xFF,0xFF,0xFF,
    0xFF,0xFF,0xFF,0xFF,0xFF,0xFF,0xFF,0xFF,0xFF,0xFF,0xFF,0xFF,0xFF,0xFF,0xFF,0xFF,
    0xFF,0xFF,0xFE,0xFF,0xF1,0x18,0x00,0x01,0x00,0x02,0x00,0xB4,0xFE,0xFC,0xFF,0xFF,
    0xFF,0xFF,0xFF,0xFF,0xFF,0xFF,0xFF,0xFF,0xFF,0xFF,0xFF,0xFF,0xFF,0xFF,0xFF,0xFF,
    0xFF,0xFF,0xFF,0xFF,0xFF,0xFF,0xFF,0xFF,0xFF,0xFF,0xFF,0xFF,0xFF,0xFF,0xFF,0xFF,
    0xFF,0xFF,0xFF,0xFF,0xFF,0xFF,0xFF,0xFF,0xFF,0xFF,0xFF,0xFF,0xFF,0xFF,0xFF,0xFF,
    0xFF,0xFF,0xFF,0xFF,0xFF,0xFF,0xFF,0xFF,0xFF,0xFF,0xFF,0xFF,0xFF,0xFF,0xFF,0xFF,
    0xFF,0xFF,0xFF,0xFF,0xFF,0xFF,0xFF,0xFF,0xFF,0xFF,0xFF,0xFF,0xFF,0xFF,0xFF,0xFF,
    0xFF,0xFF,0xFF,0xFF,0xFF,0xFF,0xFF,0xFF,0xFF,0xFF,0xFF,0xFF,0xFF,0xFF,0xFF,0xFF,
    0xFF,0xFF,0xFF,0xFF,0xFF,0xFF,0xFF,0xFF,0xFF,0xFF,0xFC,0xFE,0xB4,0x00,0x02,0x00,
    0x00,0x04,0x00,0x60,0xFF,0xFC,0xFF,0xFF,0xFF,0xFF,0xFF,0xFF,0xFF,0xFF,0xFF,0xFF,
    0xFF,0xFF,0xFF,0xFF,0xFF,0xFF,0xFF,0xFF,0xFF,0xFF,0xFF,0xFF,0xFF,0xFF,0xFF,0xFF,
    0xFF,0xFF,0xFF,0xFF,0xFF,0xFF,0xFF,0xFF,0xFF,0xFF,0xFF,0xFF,0xFF,0xFF,0xFF,0xFF,
    0xFF,0xFF,0xFF,0xFF,0xFF,0xFF,0xFF,0xFF,0xFF,0xFF,0xFF,0xFF,0xFF,0xFF,0xFF,0xFF,
    0xFF,0xFF,0xFF,0xFF,0xFF,0xFF,0xFF,0xFF,0xFF,0xFF,0xFF,0xFF,0xFF,0xFF,0xFF,0xFF,
    0xFF,0xFF,0xFF,0xFF,0xFF,0xFF,0xFF,0xFF,0xFF,0xFF,0xFF,0xFF,0xFF,0xFF,0xFF,0xFF,
    0xFF,0xFF,0xFF,0xFF,0xFF,0xFF,0xFF,0xFF,0xFF,0xFF,0xFF,0xFF,0xFF,0xFF,0xFF,0xFF,
    0xFF,0xFF,0xFC,0xFF,0x60,0x00,0x04,0x00,0x00,0x01,0x00,0x15,0xEB,0xFE,0xFE,0xFF,
    0xFF,0xFF,0xFF,0xFF,0xFF,0xFF,0xFF,0xFF,0xFF,0xFF,0xFF,0xFF,0xFF,0xFF,0xFF,0xFF,
    0xFF,0xFF,0xFF,0xFF,0xFF,0xFF,0xFF,0xFF,0xFF,0xFF,0xFF,0xFF,0xFF,0xFF,0xFF,0xFF,
    0xFF,0xFF,0xFF,0xFF,0xFF,0xFF,0xFF,0xFF,0xFF,0xFF,0xFF,0xFF,0xFF,0xFF,0xFF,0xFF,
    0xFF,0xFF,0xFF,0xFF,0xFF,0xFF,0xFF,0xFF,0xFF,0xFF,0xFF,0xFF,0xFF,0xFF,0xFF,0xFF,
    0xFF,0xFF,0xFF,0xFF,0xFF,0xFF,0xFF,0xFF,0xFF,0xFF,0xFF,0xFF,0xFF,0xFF,0xFF,0xFF,
    0xFF,0xFF,0xFF,0xFF,0xFF,0xFF,0xFF,0xFF,0xFF,0xFF,0xFF,0xFF,0xFF,0xFF,0xFF,0xFF,
    0xFF,0xFF,0xFF,0xFF,0xFF,0xFF,0xFF,0xFF,0xFF,0xFE,0xFE,0xEB,0x15,0x00,0x01,0x00,
    0x00,0x00,0x03,0x00,0x9A,0xFF,0xFB,0xFF,0xFF,0xFF,0xFF,0xFF,0xFF,0xFF,0xFF,0xFF,
    0xFF,0xFF,0xFF,0xFF,0xFF,0xFF,0xFF,0xFF,0xFF,0xFF,0xFF,0xFF,0xFF,0xFF,0xFF,0xFF,
    0xFF,0xFF,0xFF,0xFF,0xFF,0xFF,0xFF,0xFF,0xFF,0xFF,0xFF,0xFF,0xFF,0xFF,0xFF,0xFF,
    0xFF,0xFF,0xFF,0xFF,0xFF,0xFF,0xFF,0xFF,0xFF,0xFF,0xFF,0xFF,0xFF,0xFF,0xFF,0xFF,
    0xFF,0xFF,0xFF,0xFF,0xFF,0xFF,0xFF,0xFF,0xFF,0xFF,0xFF,0xFF,0xFF,0xFF,0xFF,0xFF,
    0xFF,0xFF,0xFF,0xFF,0xFF,0xFF,0xFF,0xFF,0xFF,0xFF,0xFF,0xFF,0xFF,0xFF,0xFF,0xFF,
    0xFF,0xFF,0xFF,0xFF,0xFF,0xFF,0xFF,0xFF,0xFF,0xFF,0xFF,0xFF,0xFF,0xFF,0xFF,0xFF,
    0xFF,0xFB,0xFF,0x9A,0x00,0x03,0x00,0x00,0x00,0x00,0x03,0x01,0x36,0xFF,0xFD,0xFF,
    0xFF,0xFF,0xFF,0xFF,0xFF,0xFF,0xFF,0xFF,0xFF,0xFF,0xFF,0xFF,0xFF,0xFF,0xFF,0xFF,
    0xFF,0xFF,0xFF,0xFF,0xFF,0xFF,0xFF,0xFF,0xFF,0xFF,0xFF,0xFF,0xFF,0xFF,0xFF,0xFF,
    0xFF,0xFF,0xFF,0xFF,0xFF,0xFF,0xFF,0xFF,0xFF,0xFF,0xFF,0xFF,0xFF,0xFF,0xFF,0xFF,
    0xFF,0xFF,0xFF,0xFF,0xFF,0xFF,0xFF,0xFF,0xFF,0xFF,0xFF,0xFF,0xFF,0xFF,0xFF,0xFF,
    0xFF,0xFF,0xFF,0xFF,0xFF,0xFF,0xFF,0xFF,0xFF,0xFF,0xFF,0xFF,0xFF,0xFF,0xFF,0xFF,
    0xFF,0xFF,0xFF,0xFF,0xFF,0xFF,0xFF,0xFF,0xFF,0xFF,0xFF,0xFF,0xFF,0xFF,0xFF,0xFF,
    0xFF,0xFF,0xFF,0xFF,0xFF,0xFF,0xFF,0xFF,0xFF,0xFD,0xFF,0x36,0x01,0x03,0x00,0x00,
    0x00,0x00,0x00,0x02,0x02,0xBF,0xFF,0xFC,0xFF,0xFF,0xFF,0xFF,0xFF,0xFF,0xFF,0xFF,
    0xFF,0xFF,0xFF,0xFF,0xFF,0xFF,0xFF,0xFF,0xFF,0xFF,0xFF,0xFF,0xFF,0xFF,0xFF,0xFF,
    0xFF,0xFF,0xFF,0xFF,0xFF,0xFF,0xFF,0xFF,0xFF,0xFF,0xFF,0xFF,0xFF,0xFF,0xFF,0xFF,
    0xFF,0xFF,0xFF,0xFF,0xFF,0xFF,0xFF,0xFF,0xFF,0xFF,0xFF,0xFF,0xFF,0xFF,0xFF,0xFF,
    0xFF,0xFF,0xFF,0xFF,0xFF,0xFF,0xFF,0xFF,0xFF,0xFF,0xFF,0xFF,0xFF,0xFF,0xFF,0xFF,
    0xFF,0xFF,0xFF,0xFF,0xFF,0xFF,0xFF,0xFF,0xFF,0xFF,0xFF,0xFF,0xFF,0xFF,0xFF,0xFF,
    0xFF,0xFF,0xFF,0xFF,0xFF,0xFF,0xFF,0xFF,0xFF,0xFF,0xFF,0xFF,0xFF,0xFF,0xFF,0xFF,
    0xFC,0xFF,0xBF,0x02,0x02,0x00,0x00,0x00,0x00,0x00,0x00,0x03,0x00,0x41,0xFE,0xFD,
    0xFF,0xFF,0xFF,0xFF,0xFF,0xFF,0xFF,0xFF,0xFF,0xFF,0xFF,0xFF,0xFF,0xFF,0xFF,0xFF,
    0xFF,0xFF,0xFF,0xFF,0xFF,0xFF,0xFF,0xFF,0xFF,0xFF,0xFF,0xFF,0xFF,0xFF,0xFF,0xFF,
    0xFF,0xFF,0xFF,0xFF,0xFF,0xFF,0xFF,0xFF,0xFF,0xFF,0xFF,0xFF,0xFF,0xFF,0xFF,0xFF,
    0xFF,0xFF,0xFF,0xFF,0xFF,0xFF,0xFF,0xFF,0xFF,0xFF,0xFF,0xFF,0xFF,0xFF,0xFF,0xFF,
    0xFF,0xFF,0xFF,0xFF,0xFF,0xFF,0xFF,0xFF,0xFF,0xFF,0xFF,0xFF,0xFF,0xFF,0xFF,0xFF,
    0xFF,0xFF,0xFF,0xFF,0xFF,0xFF,0xFF,0xFF,0xFF,0xFF,0xFF,0xFF,0xFF,0xFF,0xFF,0xFF,
    0xFF,0xFF,0xFF,0xFF,0xFF,0xFF,0xFF,0xFF,0xFD,0xFE,0x41,0x00,0x03,0x00,0x00,0x00,
    0x00,0x00,0x00,0x00,0x02,0x04,0xD8,0xFF,0xFD,0xFF,0xFF,0xFF,0xFF,0xFF,0xFF,0xFF,
    0xFF,0xFF,0xFF,0xFF,0xFF,0xFF,0xFF,0xFF,0xFF,0xFF,0xFF,0xFF,0xFF,0xFF,0xFF,0xFF,
    0xFF,0xFF,0xFF,0xFF,0xFF,0xFF,0xFF,0xFF,0xFF,0xFF,0xFF,0xFF,0xFF,0xFF,0xFF,0xFF,
    0xFF,0xFF,0xFF,0xFF,0xFF,0xFF,0xFF,0xFF,0xFF,0xFF,0xFF,0xFF,0xFF,0xFF,0xFF,0xFF,
    0xFF,0xFF,0xFF,0xFF,0xFF,0xFF,0xFF,0xFF,0xFF,0xFF,0xFF,0xFF,0xFF,0xFF,0xFF,0xFF,
    0xFF,0xFF,0xFF,0xFF,0xFF,0xFF,0xFF,0xFF,0xFF,0xFF,0xFF,0xFF,0xFF,0xFF,0xFF,0xFF,
    0xFF,0xFF,0xFF,0xFF,0xFF,0xFF,0xFF,0xFF,0xFF,0xFF,0xFF,0xFF,0xFF,0xFF,0xFF,0xFD,
    0xFF,0xD8,0x04,0x02,0x00,0x00,0x00,0x00,0x00,0x00,0x00,0x00,0x03,0x00,0x56,0xFF,
    0xFC,0xFF,0xFF,0xFF,0xFF,0xFF,0xFF,0xFF,0xFF,0xFF,0xFF,0xFF,0xFF,0xFF,0xFF,0xFF,
    0xFF,0xFF,0xFF,0xFF,0xFF,0xFF,0xFF,0xFF,0xFF,0xFF,0xFF,0xFF,0xFF,0xFF,0xFF,0xFF,
    0xFF,0xFF,0xFF,0xFF,0xFF,0xFF,0xFF,0xFF,0xFF,0xFF,0xFF,0xFF,0xFF,0xFF,0xFF,0xFF,
    0xFF,0xFF,0xFF,0xFF,0xFF,0xFF,0xFF,0xFF,0xFF,0xFF,0xFF,0xFF,0xFF,0xFF,0xFF,0xFF,
    0xFF,0xFF,0xFF,0xFF,0xFF,0xFF,0xFF,0xFF,0xFF,0xFF,0xFF,0xFF,0xFF,0xFF,0xFF,0xFF,
    0xFF,0xFF,0xFF,0xFF,0xFF,0xFF,0xFF,0xFF,0xFF,0xFF,0xFF,0xFF,0xFF,0xFF,0xFF,0xFF,
    0xFF,0xFF,0xFF,0xFF,0xFF,0xFF,0xFF,0xFC,0xFF,0x56,0x00,0x03,0x00,0x00,0x00,0x00,
    0x00,0x00,0x00,0x00,0x00,0x02,0x00,0xBF,0xFF,0xFC,0xFF,0xFF,0xFF,0xFF,0xFF,0xFF,
    0xFF,0xFF,0xFF,0xFF,0xFF,0xFF,0xFF,0xFF,0xFF,0xFF,0xFF,0xFF,0xFF,0xFF,0xFF,0xFF,
    0xFF,0xFF,0xFF,0xFF,0xFF,0xFF,0xFF,0xFF,0xFF,0xFF,0xFF,0xFF,0xFF,0xFF,0xFF,0xFF,
    0xFF,0xFF,0xFF,0xFF,0xFF,0xFF,0xFF,0xFF,0xFF,0xFF,0xFF,0xFF,0xFF,0xFF,0xFF,0xFF,
    0xFF,0xFF,0xFF,0xFF,0xFF,0xFF,0xFF,0xFF,0xFF,0xFF,0xFF,0xFF,0xFF,0xFF,0xFF,0xFF,
    0xFF,0xFF,0xFF,0xFF,0xFF,0xFF,0xFF,0xFF,0xFF,0xFF,0xFF,0xFF,0xFF,0xFF,0xFF,0xFF,
    0xFF,0xFF,0xFF,0xFF,0xFF,0xFF,0xFF,0xFF,0xFF,0xFF,0xFF,0xFF,0xFF,0xFF,0xFC,0xFF,
    0xBF,0x00,0x02,0x00,0x00,0x00,0x00,0x00,0x00,0x00,0x00,0x00,0x00,0x03,0x01,0x3F,
    0xFD,0xFC,0xFF,0xFF,0xFF,0xFF,0xFF,0xFF,0xFF,0xFF,0xFF,0xFF,0xFF,0xFF,0xFF,0xFF,
    0xFF,0xFF,0xFF,0xFF,0xFF,0xFF,0xFF,0xFF,0xFF,0xFF,0xFF,0xFF,0xFF,0xFF,0xFF,0xFF,
    0xFF,0xFF,0xFF,0xFF,0xFF,0xFF,0xFF,0xFF,0xFF,0xFF,0xFF,0xFF,0xFF,0xFF,0xFF,0xFF,
    0xFF,0xFF,0xFF,0xFF,0xFF,0xFF,0xFF,0xFF,0xFF,0xFF,0xFF,0xFF,0xFF,0xFF,0xFF,0xFF,
    0xFF,0xFF,0xFF,0xFF,0xFF,0xFF,0xFF,0xFF,0xFF,0xFF,0xFF,0xFF,0xFF,0xFF,0xFF,0xFF,
    0xFF,0xFF,0xFF,0xFF,0xFF,0xFF,0xFF,0xFF,0xFF,0xFF,0xFF,0xFF,0xFF,0xFF,0xFF,0xFF,
    0xFF,0xFF,0xFF,0xFF,0xFF,0xFF,0xFC,0xFD,0x3F,0x01,0x03,0x00,0x00,0x00,0x00,0x00,
    0x00,0x00,0x00,0x00,0x00,0x00,0x03,0x00,0xA0,0xFF,0xFC,0xFF,0xFF,0xFF,0xFF,0xFF,
    0xFF,0xFF,0xFF,0xFF,0xFF,0xFF,0xFF,0xFF,0xFF,0xFF,0xFF,0xFF,0xFF,0xFF,0xFF,0xFF,
    0xFF,0xFF,0xFF,0xFF,0xFF,0xFF,0xFF,0xFF,0xFF,0xFF,0xFF,0xFF,0xFF,0xFF,0xFF,0xFF,
    0xFF,0xFF,0xFF,0xFF,0xFF,0xFF,0xFF,0xFF,0xFF,0xFF,0xFF,0xFF,0xFF,0xFF,0xFF,0xFF,
    0xFF,0xFF,0xFF,0xFF,0xFF,0xFF,0xFF,0xFF,0xFF,0xFF,0xFF,0xFF,0xFF,0xFF,0xFF,0xFF,
    0xFF,0xFF,0xFF,0xFF,0xFF,0xFF,0xFF,0xFF,0xFF,0xFF,0xFF,0xFF,0xFF,0xFF,0xFF,0xFF,
    0xFF,0xFF,0xFF,0xFF,0xFF,0xFF,0xFF,0xFF,0xFF,0xFF,0xFF,0xFF,0xFF,0xFC,0xFF,0xA0,
    0x00,0x03,0x00,0x00,0x00,0x00,0x00,0x00,0x00,0x00,0x00,0x00,0x00,0x00,0x02,0x01,
    0x18,0xEE,0xFD,0xFE,0xFF,0xFF,0xFF,0xFF,0xFF,0xFF,0xFF,0xFF,0xFF,0xFF,0xFF,0xFF,
    0xFF,0xFF,0xFF,0xFF,0xFF,0xFF,0xFF,0xFF,0xFF,0xFF,0xFF,0xFF,0xFF,0xFF,0xFF,0xFF,
    0xFF,0xFF,0xFF,0xFF,0xFF,0xFF,0xFF,0xFF,0xFF,0xFF,0xFF,0xFF,0xFF,0xFF,0xFF,0xFF,
    0xFF,0xFF,0xFF,0xFF,0xFF,0xFF,0xFF,0xFF,0xFF,0xFF,0xFF,0xFF,0xFF,0xFF,0xFF,0xFF,
    0xFF,0xFF,0xFF,0xFF,0xFF,0xFF,0xFF,0xFF,0xFF,0xFF,0xFF,0xFF,0xFF,0xFF,0xFF,0xFF,
    0xFF,0xFF,0xFF,0xFF,0xFF,0xFF,0xFF,0xFF,0xFF,0xFF,0xFF,0xFF,0xFF,0xFF,0xFF,0xFF,
    0xFF,0xFF,0xFF,0xFF,0xFE,0xFD,0xEE,0x18,0x01,0x02,0x00,0x00,0x00,0x00,0x00,0x00,
    0x00,0x00,0x00,0x00,0x00,0x00,0x00,0x03,0x00,0x6B,0xFF,0xFB,0xFF,0xFF,0xFF,0xFF,
    0xFF,0xFF,0xFF,0xFF,0xFF,0xFF,0xFF,0xFF,0xFF,0xFF,0xFF,0xFF,0xFF,0xFF,0xFF,0xFF,
    0xFF,0xFF,0xFF,0xFF,0xFF,0xFF,0xFF,0xFF,0xFF,0xFF,0xFF,0xFF,0xFF,0xFF,0xFF,0xFF,
    0xFF,0xFF,0xFF,0xFF,0xFF,0xFF,0xFF,0xFF,0xFF,0xFF,0xFF,0xFF,0xFF,0xFF,0xFF,0xFF,
    0xFF,0xFF,0xFF,0xFF,0xFF,0xFF,0xFF,0xFF,0xFF,0xFF,0xFF,0xFF,0xFF,0xFF,0xFF,0xFF,
    0xFF,0xFF,0xFF,0xFF,0xFF,0xFF,0xFF,0xFF,0xFF,0xFF,0xFF,0xFF,0xFF,0xFF,0xFF,0xFF,
    0xFF,0xFF,0xFF,0xFF,0xFF,0xFF,0xFF,0xFF,0xFF,0xFF,0xFF,0xFF,0xFB,0xFF,0x6B,0x00,
    0x03,0x00,0x00,0x00,0x00,0x00,0x00,0x00,0x00,0x00,0x00,0x00,0x00,0x00,0x00,0x00,
    0x03,0x00,0xBC,0xFF,0xFC,0xFF,0xFF,0xFF,0xFF,0xFF,0xFF,0xFF,0xFF,0xFF,0xFF,0xFF,
    0xFF,0xFF,0xFF,0xFF,0xFF,0xFF,0xFF,0xFF,0xFF,0xFF,0xFF,0xFF,0xFF,0xFF,0xFF,0xFF,
    0xFF,0xFF,0xFF,0xFF,0xFF,0xFF,0xFF,0xFF,0xFF,0xFF,0xFF,0xFF,0xFF,0xFF,0xFF,0xFF,
    0xFF,0xFF,0xFF,0xFF,0xFF,0xFF,0xFF,0xFF,0xFF,0xFF,0xFF,0xFF,0xFF,0xFF,0xFF,0xFF,
    0xFF,0xFF,0xFF,0xFF,0xFF,0xFF,0xFF,0xFF,0xFF,0xFF,0xFF,0xFF,0xFF,0xFF,0xFF,0xFF,
    0xFF,0xFF,0xFF,0xFF,0xFF,0xFF,0xFF,0xFF,0xFF,0xFF,0xFF,0xFF,0xFF,0xFF,0xFF,0xFF,
    0xFF,0xFF,0xFF,0xFC,0xFF,0xBC,0x00,0x03,0x00,0x00,0x00,0x00,0x00,0x00,0x00,0x00,
    0x00,0x00,0x00,0x00,0x00,0x00,0x00,0x00,0x02,0x01,0x23,0xEE,0xFD,0xFE,0xFF,0xFF,
    0xFF,0xFF,0xFF,0xFF,0xFF,0xFF,0xFF,0xFF,0xFF,0xFF,0xFF,0xFF,0xFF,0xFF,0xFF,0xFF,
    0xFF,0xFF,0xFF,0xFF,0xFF,0xFF,0xFF,0xFF,0xFF,0xFF,0xFF,0xFF,0xFF,0xFF,0xFF,0xFF,
    0xFF,0xFF,0xFF,0xFF,0xFF,0xFF,0xFF,0xFF,0xFF,0xFF,0xFF,0xFF,0xFF,0xFF,0xFF,0xFF,
    0xFF,0xFF,0xFF,0xFF,0xFF,0xFF,0xFF,0xFF,0xFF,0xFF,0xFF,0xFF,0xFF,0xFF,0xFF,0xFF,
    0xFF,0xFF,0xFF,0xFF,0xFF,0xFF,0xFF,0xFF,0xFF,0xFF,0xFF,0xFF,0xFF,0xFF,0xFF,0xFF,
    0xFF,0xFF,0xFF,0xFF,0xFF,0xFF,0xFF,0xFF,0xFF,0xFF,0xFE,0xFD,0xEE,0x23,0x01,0x02,
    0x00,0x00,0x00,0x00,0x00,0x00,0x00,0x00,0x00,0x00,0x00,0x00,0x00,0x00,0x00,0x00,
    0x00,0x03,0x00,0x54,0xFF,0xFB,0xFF,0xFF,0xFF,0xFF,0xFF,0xFF,0xFF,0xFF,0xFF,0xFF,
    0xFF,0xFF,0xFF,0xFF,0xFF,0xFF,0xFF,0xFF,0xFF,0xFF,0xFF,0xFF,0xFF,0xFF,0xFF,0xFF,
    0xFF,0xFF,0xFF,0xFF,0xFF,0xFF,0xFF,0xFF,0xFF,0xFF,0xFF,0xFF,0xFF,0xFF,0xFF,0xFF,
    0xFF,0xFF,0xFF,0xFF,0xFF,0xFF,0xFF,0xFF,0xFF,0xFF,0xFF,0xFF,0xFF,0xFF,0xFF,0xFF,
    0xFF,0xFF,0xFF,0xFF,0xFF,0xFF,0xFF,0xFF,0xFF,0xFF,0xFF,0xFF,0xFF,0xFF,0xFF,0xFF,
    0xFF,0xFF,0xFF,0xFF,0xFF,0xFF,0xFF,0xFF,0xFF,0xFF,0xFF,0xFF,0xFF,0xFF,0xFF,0xFF,
    0xFF,0xFF,0xFB,0xFF,0x54,0x00,0x03,0x00,0x00,0x00,0x00,0x00,0x00,0x00,0x00,0x00,
    0x00,0x00,0x00,0x00,0x00,0x00,0x00,0x00,0x00,0x00,0x04,0x00,0x8F,0xFF,0xFB,0xFF,
    0xFF,0xFF,0xFF,0xFF,0xFF,0xFF,0xFF,0xFF,0xFF,0xFF,0xFF,0xFF,0xFF,0xFF,0xFF,0xFF,
    0xFF,0xFF,0xFF,0xFF,0xFF,0xFF,0xFF,0xFF,0xFF,0xFF,0xFF,0xFF,0xFF,0xFF,0xFF,0xFF,
    0xFF,0xFF,0xFF,0xFF,0xFF,0xFF,0xFF,0xFF,0xFF,0xFF,0xFF,0xFF,0xFF,0xFF,0xFF,0xFF,
    0xFF,0xFF,0xFF,0xFF,0xFF,0xFF,0xFF,0xFF,0xFF,0xFF,0xFF,0xFF,0xFF,0xFF,0xFF,0xFF,
    0xFF,0xFF,0xFF,0xFF,0xFF,0xFF,0xFF,0xFF,0xFF,0xFF,0xFF,0xFF,0xFF,0xFF,0xFF,0xFF,
    0xFF,0xFF,0xFF,0xFF,0xFF,0xFF,0xFF,0xFF,0xFF,0xFB,0xFF,0x8F,0x00,0x04,0x00,0x00,
    0x00,0x00,0x00,0x00,0x00,0x00,0x00,0x00,0x00,0x00,0x00,0x00,0x00,0x00,0x00,0x00,
    0x00,0x00,0x01,0x03,0x03,0xC6,0xFF,0xFC,0xFF,0xFF,0xFF,0xFF,0xFF,0xFF,0xFF,0xFF,
    0xFF,0xFF,0xFF,0xFF,0xFF,0xFF,0xFF,0xFF,0xFF,0xFF,0xFF,0xFF,0xFF,0xFF,0xFF,0xFF,
    0xFF,0xFF,0xFF,0xFF,0xFF,0xFF,0xFF,0xFF,0xFF,0xFF,0xFF,0xFF,0xFF,0xFF,0xFF,0xFF,
    0xFF,0xFF,0xFF,0xFF,0xFF,0xFF,0xFF,0xFF,0xFF,0xFF,0xFF,0xFF,0xFF,0xFF,0xFF,0xFF,
    0xFF,0xFF,0xFF,0xFF,0xFF,0xFF,0xFF,0xFF,0xFF,0xFF,0xFF,0xFF,0xFF,0xFF,0xFF,0xFF,
    0xFF,0xFF,0xFF,0xFF,0xFF,0xFF,0xFF,0xFF,0xFF,0xFF,0xFF,0xFF,0xFF,0xFF,0xFF,0xFF,
    0xFC,0xFF,0xC6,0x03,0x03,0x01,0x00,0x00,0x00,0x00,0x00,0x00,0x00,0x00,0x00,0x00,
    0x00,0x00,0x00,0x00,0x00,0x00,0x00,0x00,0x00,0x00,0x00,0x02,0x01,0x16,0xE9,0xFF,
    0xFD,0xFF,0xFF,0xFF,0xFF,0xFF,0xFF,0xFF,0xFF,0xFF,0xFF,0xFF,0xFF,0xFF,0xFF,0xFF,
    0xFF,0xFF,0xFF,0xFF,0xFF,0xFF,0xFF,0xFF,0xFF,0xFF,0xFF,0xFF,0xFF,0xFF,0xFF,0xFF,
    0xFF,0xFF,0xFF,0xFF,0xFF,0xFF,0xFF,0xFF,0xFF,0xFF,0xFF,0xFF,0xFF,0xFF,0xFF,0xFF,
    0xFF,0xFF,0xFF,0xFF,0xFF,0xFF,0xFF,0xFF,0xFF,0xFF,0xFF,0xFF,0xFF,0xFF,0xFF,0xFF,
    0xFF,0xFF,0xFF,0xFF,0xFF,0xFF,0xFF,0xFF,0xFF,0xFF,0xFF,0xFF,0xFF,0xFF,0xFF,0xFF,
    0xFF,0xFF,0xFF,0xFF,0xFF,0xFF,0xFF,0xFD,0xFF,0xE9,0x16,0x01,0x02,0x00,0x00,0x00,
    0x00,0x00,0x00,0x00,0x00,0x00,0x00,0x00,0x00,0x00,0x00,0x00,0x00,0x00,0x00,0x00,
    0x00,0x00,0x00,0x00,0x02,0x00,0x36,0xED,0xFD,0xFD,0xFF,0xFF,0xFF,0xFF,0xFF,0xFF,
    0xFF,0xFF,0xFF,0xFF,0xFF,0xFF,0xFF,0xFF,0xFF,0xFF,0xFF,0xFF,0xFF,0xFF,0xFF,0xFF,
    0xFF,0xFF,0xFF,0xFF,0xFF,0xFF,0xFF,0xFF,0xFF,0xFF,0xFF,0xFF,0xFF,0xFF,0xFF,0xFF,
    0xFF,0xFF,0xFF,0xFF,0xFF,0xFF,0xFF,0xFF,0xFF,0xFF,0xFF,0xFF,0xFF,0xFF,0xFF,0xFF,
    0xFF,0xFF,0xFF,0xFF,0xFF,0xFF,0xFF,0xFF,0xFF,0xFF,0xFF,0xFF,0xFF,0xFF,0xFF,0xFF,
    0xFF,0xFF,0xFF,0xFF,0xFF,0xFF,0xFF,0xFF,0xFF,0xFF,0xFF,0xFF,0xFF,0xFF,0xFD,0xFD,
    0xED,0x36,0x00,0x02,0x00,0x00,0x00,0x00,0x00,0x00,0x00,0x00,0x00,0x00,0x00,0x00,
    0x00,0x00,0x00,0x00,0x00,0x00,0x00,0x00,0x00,0x00,0x00,0x00,0x00,0x03,0x00,0x39,
    0xFE,0xFD,0xFE,0xFF,0xFF,0xFF,0xFF,0xFF,0xFF,0xFF,0xFF,0xFF,0xFF,0xFF,0xFF,0xFF,
    0xFF,0xFF,0xFF,0xFF,0xFF,0xFF,0xFF,0xFF,0xFF,0xFF,0xFF,0xFF,0xFF,0xFF,0xFF,0xFF,
    0xFF,0xFF,0xFF,0xFF,0xFF,0xFF,0xFF,0xFF,0xFF,0xFF,0xFF,0xFF,0xFF,0xFF,0xFF,0xFF,
    0xFF,0xFF,0xFF,0xFF,0xFF,0xFF,0xFF,0xFF,0xFF,0xFF,0xFF,0xFF,0xFF,0xFF,0xFF,0xFF,
    0xFF,0xFF,0xFF,0xFF,0xFF,0xFF,0xFF,0xFF,0xFF,0xFF,0xFF,0xFF,0xFF,0xFF,0xFF,0xFF,
    0xFF,0xFF,0xFF,0xFF,0xFF,0xFE,0xFD,0xFE,0x39,0x00,0x03,0x00,0x00,0x00,0x00,0x00,
    0x00,0x00,0x00,0x00,0x00,0x00,0x00,0x00,0x00,0x00,0x00,0x00,0x00,0x00,0x00,0x00,
    0x00,0x00,0x00,0x00,0x00,0x00,0x04,0x00,0x65,0xFF,0xFC,0xFE,0xFF,0xFF,0xFF,0xFF,
    0xFF,0xFF,0xFF,0xFF,0xFF,0xFF,0xFF,0xFF,0xFF,0xFF,0xFF,0xFF,0xFF,0xFF,0xFF,0xFF,
    0xFF,0xFF,0xFF,0xFF,0xFF,0xFF,0xFF,0xFF,0xFF,0xFF,0xFF,0xFF,0xFF,0xFF,0xFF,0xFF,
    0xFF,0xFF,0xFF,0xFF,0xFF,0xFF,0xFF,0xFF,0xFF,0xFF,0xFF,0xFF,0xFF,0xFF,0xFF,0xFF,
    0xFF,0xFF,0xFF,0xFF,0xFF,0xFF,0xFF,0xFF,0xFF,0xFF,0xFF,0xFF,0xFF,0xFF,0xFF,0xFF,
    0xFF,0xFF,0xFF,0xFF,0xFF,0xFF,0xFF,0xFF,0xFF,0xFF,0xFF,0xFF,0xFE,0xFC,0xFF,0x65,
    0x00,0x04,0x00,0x00,0x00,0x00,0x00,0x00,0x00,0x00,0x00,0x00,0x00,0x00,0x00,0x00,
    0x00,0x00,0x00,0x00,0x00,0x00,0x00,0x00,0x00,0x00,0x00,0x00,0x00,0x00,0x00,0x04,
    0x00,0x65,0xFF,0xFE,0xFD,0xFF,0xFF,0xFF,0xFF,0xFF,0xFF,0xFF,0xFF,0xFF,0xFF,0xFF,
    0xFF,0xFF,0xFF,0xFF,0xFF,0xFF,0xFF,0xFF,0xFF,0xFF,0xFF,0xFF,0xFF,0xFF,0xFF,0xFF,
    0xFF,0xFF,0xFF,0xFF,0xFF,0xFF,0xFF,0xFF,0xFF,0xFF,0xFF,0xFF,0xFF,0xFF,0xFF,0xFF,
    0xFF,0xFF,0xFF,0xFF,0xFF,0xFF,0xFF,0xFF,0xFF,0xFF,0xFF,0xFF,0xFF,0xFF,0xFF,0xFF,
    0xFF,0xFF,0xFF,0xFF,0xFF,0xFF,0xFF,0xFF,0xFF,0xFF,0xFF,0xFF,0xFF,0xFF,0xFF,0xFF,
    0xFF,0xFF,0xFF,0xFD,0xFE,0xFF,0x65,0x00,0x04,0x00,0x00,0x00,0x00,0x00,0x00,0x00,
    0x00,0x00,0x00,0x00,0x00,0x00,0x00,0x00,0x00,0x00,0x00,0x00,0x00,0x00,0x00,0x00,
    0x00,0x00,0x00,0x00,0x00,0x00,0x00,0x00,0x04,0x00,0x65,0xFB,0xFF,0xFD,0xFF,0xFF,
    0xFF,0xFF,0xFF,0xFF,0xFF,0xFF,0xFF,0xFF,0xFF,0xFF,0xFF,0xFF,0xFF,0xFF,0xFF,0xFF,
    0xFF,0xFF,0xFF,0xFF,0xFF,0xFF,0xFF,0xFF,0xFF,0xFF,0xFF,0xFF,0xFF,0xFF,0xFF,0xFF,
    0xFF,0xFF,0xFF,0xFF,0xFF,0xFF,0xFF,0xFF,0xFF,0xFF,0xFF,0xFF,0xFF,0xFF,0xFF,0xFF,
    0xFF,0xFF,0xFF,0xFF,0xFF,0xFF,0xFF,0xFF,0xFF,0xFF,0xFF,0xFF,0xFF,0xFF,0xFF,0xFF,
    0xFF,0xFF,0xFF,0xFF,0xFF,0xFF,0xFF,0xFF,0xFF,0xFF,0xFD,0xFF,0xFB,0x65,0x00,0x04,
    0x00,0x00,0x00,0x00,0x00,0x00,0x00,0x00,0x00,0x00,0x00,0x00,0x00,0x00,0x00,0x00,
    0x00,0x00,0x00,0x00,0x00,0x00,0x00,0x00,0x00,0x00,0x00,0x00,0x00,0x00,0x00,0x00,
    0x00,0x04,0x00,0x3B,0xEE,0xFF,0xFB,0xFF,0xFF,0xFF,0xFF,0xFF,0xFF,0xFF,0xFF,0xFF,
    0xFF,0xFF,0xFF,0xFF,0xFF,0xFF,0xFF,0xFF,0xFF,0xFF,0xFF,0xFF,0xFF,0xFF,0xFF,0xFF,
    0xFF,0xFF,0xFF,0xFF,0xFF,0xFF,0xFF,0xFF,0xFF,0xFF,0xFF,0xFF,0xFF,0xFF,0xFF,0xFF,
    0xFF,0xFF,0xFF,0xFF,0xFF,0xFF,0xFF,0xFF,0xFF,0xFF,0xFF,0xFF,0xFF,0xFF,0xFF,0xFF,
    0xFF,0xFF,0xFF,0xFF,0xFF,0xFF,0xFF,0xFF,0xFF,0xFF,0xFF,0xFF,0xFF,0xFF,0xFF,0xFF,
    0xFF,0xFB,0xFF,0xEE,0x3B,0x00,0x04,0x00,0x00,0x00,0x00,0x00,0x00,0x00,0x00,0x00,
    0x00,0x00,0x00,0x00,0x00,0x00,0x00,0x00,0x00,0x00,0x00,0x00,0x00,0x00,0x00,0x00,
    0x00,0x00,0x00,0x00,0x00,0x00,0x00,0x00,0x00,0x00,0x04,0x00,0x35,0xE6,0xFF,0xFB,
    0xFF,0xFF,0xFF,0xFF,0xFF,0xFF,0xFF,0xFF,0xFF,0xFF,0xFF,0xFF,0xFF,0xFF,0xFF,0xFF,
    0xFF,0xFF,0xFF,0xFF,0xFF,0xFF,0xFF,0xFF,0xFF,0xFF,0xFF,0xFF,0xFF,0xFF,0xFF,0xFF,
    0xFF,0xFF,0xFF,0xFF,0xFF,0xFF,0xFF,0xFF,0xFF,0xFF,0xFF,0xFF,0xFF,0xFF,0xFF,0xFF,
    0xFF,0xFF,0xFF,0xFF,0xFF,0xFF,0xFF,0xFF,0xFF,0xFF,0xFF,0xFF,0xFF,0xFF,0xFF,0xFF,
    0xFF,0xFF,0xFF,0xFF,0xFF,0xFF,0xFF,0xFF,0xFB,0xFF,0xE6,0x35,0x00,0x04,0x00,0x00,
    0x00,0x00,0x00,0x00,0x00,0x00,0x00,0x00,0x00,0x00,0x00,0x00,0x00,0x00,0x00,0x00,
    0x00,0x00,0x00,0x00,0x00,0x00,0x00,0x00,0x00,0x00,0x00,0x00,0x00,0x00,0x00,0x00,
    0x00,0x00,0x00,0x03,0x00,0x19,0xC4,0xFF,0xFC,0xFE,0xFF,0xFF,0xFF,0xFF,0xFF,0xFF,
    0xFF,0xFF,0xFF,0xFF,0xFF,0xFF,0xFF,0xFF,0xFF,0xFF,0xFF,0xFF,0xFF,0xFF,0xFF,0xFF,
    0xFF,0xFF,0xFF,0xFF,0xFF,0xFF,0xFF,0xFF,0xFF,0xFF,0xFF,0xFF,0xFF,0xFF,0xFF,0xFF,
    0xFF,0xFF,0xFF,0xFF,0xFF,0xFF,0xFF,0xFF,0xFF,0xFF,0xFF,0xFF,0xFF,0xFF,0xFF,0xFF,
    0xFF,0xFF,0xFF,0xFF,0xFF,0xFF,0xFF,0xFF,0xFF,0xFF,0xFF,0xFF,0xFF,0xFF,0xFE,0xFC,
    0xFF,0xC4,0x19,0x00,0x03,0x00,0x00,0x00,0x00,0x00,0x00,0x00,0x00,0x00,0x00,0x00,
    0x00,0x00,0x00,0x00,0x00,0x00,0x00,0x00,0x00,0x00,0x00,0x00,0x00,0x00,0x00,0x00,
    0x00,0x00,0x00,0x00,0x00,0x00,0x00,0x00,0x00,0x00,0x00,0x00,0x03,0x00,0x04,0x8F,
    0xFF,0xFF,0xFC,0xFF,0xFF,0xFF,0xFF,0xFF,0xFF,0xFF,0xFF,0xFF,0xFF,0xFF,0xFF,0xFF,
    0xFF,0xFF,0xFF,0xFF,0xFF,0xFF,0xFF,0xFF,0xFF,0xFF,0xFF,0xFF,0xFF,0xFF,0xFF,0xFF,
    0xFF,0xFF,0xFF,0xFF,0xFF,0xFF,0xFF,0xFF,0xFF,0xFF,0xFF,0xFF,0xFF,0xFF,0xFF,0xFF,
    0xFF,0xFF,0xFF,0xFF,0xFF,0xFF,0xFF,0xFF,0xFF,0xFF,0xFF,0xFF,0xFF,0xFF,0xFF,0xFF,
    0xFF,0xFF,0xFF,0xFF,0xFF,0xFC,0xFF,0xFF,0x8F,0x04,0x00,0x03,0x00,0x00,0x00,0x00,
    0x00,0x00,0x00,0x00,0x00,0x00,0x00,0x00,0x00,0x00,0x00,0x00,0x00,0x00,0x00,0x00,
    0x00,0x00,0x00,0x00,0x00,0x00,0x00,0x00,0x00,0x00,0x00,0x00,0x00,0x00,0x00,0x00,
    0x00,0x00,0x00,0x00,0x00,0x02,0x00,0x00,0x56,0xEC,0xFF,0xFB,0xFE,0xFF,0xFF,0xFF,
    0xFF,0xFF,0xFF,0xFF,0xFF,0xFF,0xFF,0xFF,0xFF,0xFF,0xFF,0xFF,0xFF,0xFF,0xFF,0xFF,
    0xFF,0xFF,0xFF,0xFF,0xFF,0xFF,0xFF,0xFF,0xFF,0xFF,0xFF,0xFF,0xFF,0xFF,0xFF,0xFF,
    0xFF,0xFF,0xFF,0xFF,0xFF,0xFF,0xFF,0xFF,0xFF,0xFF,0xFF,0xFF,0xFF,0xFF,0xFF,0xFF,
    0xFF,0xFF,0xFF,0xFF,0xFF,0xFF,0xFF,0xFF,0xFF,0xFF,0xFF,0xFE,0xFB,0xFF,0xEC,0x56,
    0x00,0x00,0x02,0x00,0x00,0x00,0x00,0x00,0x00,0x00,0x00,0x00,0x00,0x00,0x00,0x00,
    0x00,0x00,0x00,0x00,0x00,0x00,0x00,0x00,0x00,0x00,0x00,0x00,0x00,0x00,0x00,0x00,
    0x00,0x00,0x00,0x00,0x00,0x00,0x00,0x00,0x00,0x00,0x00,0x00,0x00,0x00,0x01,0x04,
    0x00,0x26,0xB8,0xFF,0xFF,0xFB,0xFF,0xFF,0xFF,0xFF,0xFF,0xFF,0xFF,0xFF,0xFF,0xFF,
    0xFF,0xFF,0xFF,0xFF,0xFF,0xFF,0xFF,0xFF,0xFF,0xFF,0xFF,0xFF,0xFF,0xFF,0xFF,0xFF,
    0xFF,0xFF,0xFF,0xFF,0xFF,0xFF,0xFF,0xFF,0xFF,0xFF,0xFF,0xFF,0xFF,0xFF,0xFF,0xFF,
    0xFF,0xFF,0xFF,0xFF,0xFF,0xFF,0xFF,0xFF,0xFF,0xFF,0xFF,0xFF,0xFF,0xFF,0xFF,0xFF,
    0xFF,0xFF,0xFB,0xFF,0xFF,0xB8,0x26,0x00,0x04,0x01,0x00,0x00,0x00,0x00,0x00,0x00,
    0x00,0x00,0x00,0x00,0x00,0x00,0x00,0x00,0x00,0x00,0x00,0x00,0x00,0x00,0x00,0x00,
    0x00,0x00,0x00,0x00,0x00,0x00,0x00,0x00,0x00,0x00,0x00,0x00,0x00,0x00,0x00,0x00,
    0x00,0x00,0x00,0x00,0x00,0x00,0x00,0x00,0x04,0x00,0x00,0x6D,0xE9,0xFF,0xFE,0xFC,
    0xFF,0xFF,0xFF,0xFF,0xFF,0xFF,0xFF,0xFF,0xFF,0xFF,0xFF,0xFF,0xFF,0xFF,0xFF,0xFF,
    0xFF,0xFF,0xFF,0xFF,0xFF,0xFF,0xFF,0xFF,0xFF,0xFF,0xFF,0xFF,0xFF,0xFF,0xFF,0xFF,
    0xFF,0xFF,0xFF,0xFF,0xFF,0xFF,0xFF,0xFF,0xFF,0xFF,0xFF,0xFF,0xFF,0xFF,0xFF,0xFF,
    0xFF,0xFF,0xFF,0xFF,0xFF,0xFF,0xFF,0xFF,0xFC,0xFE,0xFF,0xE9,0x6D,0x00,0x00,0x04,
    0x00,0x00,0x00,0x00,0x00,0x00,0x00,0x00,0x00,0x00,0x00,0x00,0x00,0x00,0x00,0x00,
    0x00,0x00,0x00,0x00,0x00,0x00,0x00,0x00,0x00,0x00,0x00,0x00,0x00,0x00,0x00,0x00,
    0x00,0x00,0x00,0x00,0x00,0x00,0x00,0x00,0x00,0x00,0x00,0x00,0x00,0x00,0x00,0x00,
    0x00,0x02,0x02,0x00,0x1A,0x9E,0xFF,0xFF,0xFD,0xFD,0xFF,0xFF,0xFF,0xFF,0xFF,0xFF,
    0xFF,0xFF,0xFF,0xFF,0xFF,0xFF,0xFF,0xFF,0xFF,0xFF,0xFF,0xFF,0xFF,0xFF,0xFF,0xFF,
    0xFF,0xFF,0xFF,0xFF,0xFF,0xFF,0xFF,0xFF,0xFF,0xFF,0xFF,0xFF,0xFF,0xFF,0xFF,0xFF,
    0xFF,0xFF,0xFF,0xFF,0xFF,0xFF,0xFF,0xFF,0xFF,0xFF,0xFF,0xFF,0xFF,0xFF,0xFD,0xFD,
    0xFF,0xFF,0x9E,0x1A,0x00,0x02,0x02,0x00,0x00,0x00,0x00,0x00,0x00,0x00,0x00,0x00,
    0x00,0x00,0x00,0x00,0x00,0x00,0x00,0x00,0x00,0x00,0x00,0x00,0x00,0x00,0x00,0x00,
    0x00,0x00,0x00,0x00,0x00,0x00,0x00,0x00,0x00,0x00,0x00,0x00,0x00,0x00,0x00,0x00,
    0x00,0x00,0x00,0x00,0x00,0x00,0x00,0x00,0x00,0x00,0x00,0x03,0x00,0x00,0x43,0xBA,
    0xFF,0xFF,0xFD,0xFC,0xFF,0xFF,0xFF,0xFF,0xFF,0xFF,0xFF,0xFF,0xFF,0xFF,0xFF,0xFF,
    0xFF,0xFF,0xFF,0xFF,0xFF,0xFF,0xFF,0xFF,0xFF,0xFF,0xFF,0xFF,0xFF,0xFF,0xFF,0xFF,
    0xFF,0xFF,0xFF,0xFF,0xFF,0xFF,0xFF,0xFF,0xFF,0xFF,0xFF,0xFF,0xFF,0xFF,0xFF,0xFF,
    0xFF,0xFF,0xFF,0xFF,0xFC,0xFD,0xFF,0xFF,0xBA,0x43,0x00,0x00,0x03,0x00,0x00,0x00,
    0x00,0x00,0x00,0x00,0x00,0x00,0x00,0x00,0x00,0x00,0x00,0x00,0x00,0x00,0x00,0x00,
    0x00,0x00,0x00,0x00,0x00,0x00,0x00,0x00,0x00,0x00,0x00,0x00,0x00,0x00,0x00,0x00,
    0x00,0x00,0x00,0x00,0x00,0x00,0x00,0x00,0x00,0x00,0x00,0x00,0x00,0x00,0x00,0x00,
    0x00,0x00,0x00,0x00,0x01,0x03,0x00,0x00,0x59,0xD2,0xFF,0xFF,0xFE,0xFC,0xFE,0xFF,
    0xFF,0xFF,0xFF,0xFF,0xFF,0xFF,0xFF,0xFF,0xFF,0xFF,0xFF,0xFF,0xFF,0xFF,0xFF,0xFF,
    0xFF,0xFF,0xFF,0xFF,0xFF,0xFF,0xFF,0xFF,0xFF,0xFF,0xFF,0xFF,0xFF,0xFF,0xFF,0xFF,
    0xFF,0xFF,0xFF,0xFF,0xFF,0xFF,0xFF,0xFF,0xFF,0xFE,0xFC,0xFE,0xFF,0xFF,0xD2,0x59,
    0x00,0x00,0x03,0x01,0x00,0x00,0x00,0x00,0x00,0x00,0x00,0x00,0x00,0x00,0x00,0x00,
    0x00,0x00,0x00,0x00,0x00,0x00,0x00,0x00,0x00,0x00,0x00,0x00,0x00,0x00,0x00,0x00,
    0x00,0x00,0x00,0x00,0x00,0x00,0x00,0x00,0x00,0x00,0x00,0x00,0x00,0x00,0x00,0x00,
    0x00,0x00,0x00,0x00,0x00,0x00,0x00,0x00,0x00,0x00,0x00,0x00,0x00,0x00,0x03,0x02,
    0x00,0x03,0x45,0xBA,0xFF,0xFF,0xFF,0xFC,0xFC,0xFE,0xFF,0xFF,0xFF,0xFF,0xFF,0xFF,
    0xFF,0xFF,0xFF,0xFF,0xFF,0xFF,0xFF,0xFF,0xFF,0xFF,0xFF,0xFF,0xFF,0xFF,0xFF,0xFF,
    0xFF,0xFF,0xFF,0xFF,0xFF,0xFF,0xFF,0xFF,0xFF,0xFF,0xFF,0xFF,0xFF,0xFF,0xFE,0xFC,
    0xFC,0xFF,0xFF,0xFF,0xBA,0x45,0x03,0x00,0x02,0x03,0x00,0x00,0x00,0x00,0x00,0x00,
    0x00,0x00,0x00,0x00,0x00,0x00,0x00,0x00,0x00,0x00,0x00,0x00,0x00,0x00,0x00,0x00,
    0x00,0x00,0x00,0x00,0x00,0x00,0x00,0x00,0x00,0x00,0x00,0x00,0x00,0x00,0x00,0x00,
    0x00,0x00,0x00,0x00,0x00,0x00,0x00,0x00,0x00,0x00,0x00,0x00,0x00,0x00,0x00,0x00,
    0x00,0x00,0x00,0x00,0x00,0x00,0x00,0x00,0x03,0x00,0x00,0x00,0x3A,0x9A,0xE9,0xFF,
    0xFF,0xFF,0xFC,0xFC,0xFD,0xFF,0xFF,0xFF,0xFF,0xFF,0xFF,0xFF,0xFF,0xFF,0xFF,0xFF,
    0xFF,0xFF,0xFF,0xFF,0xFF,0xFF,0xFF,0xFF,0xFF,0xFF,0xFF,0xFF,0xFF,0xFF,0xFF,0xFF,
    0xFF,0xFF,0xFF,0xFD,0xFC,0xFC,0xFF,0xFF,0xFF,0xE9,0x9A,0x3A,0x00,0x00,0x00,0x03,
    0x00,0x00,0x00,0x00,0x00,0x00,0x00,0x00,0x00,0x00,0x00,0x00,0x00,0x00,0x00,0x00,
    0x00,0x00,0x00,0x00,0x00,0x00,0x00,0x00,0x00,0x00,0x00,0x00,0x00,0x00,0x00,0x00,
    0x00,0x00,0x00,0x00,0x00,0x00,0x00,0x00,0x00,0x00,0x00,0x00,0x00,0x00,0x00,0x00,
    0x00,0x00,0x00,0x00,0x00,0x00,0x00,0x00,0x00,0x00,0x00,0x00,0x00,0x00,0x00,0x00,
    0x00,0x01,0x03,0x01,0x00,0x00,0x17,0x61,0xB0,0xF1,0xFF,0xFF,0xFF,0xFE,0xFB,0xFC,
    0xFD,0xFE,0xFF,0xFF,0xFF,0xFF,0xFF,0xFF,0xFF,0xFF,0xFF,0xFF,0xFF,0xFF,0xFF,0xFF,
    0xFF,0xFF,0xFF,0xFF,0xFF,0xFF,0xFE,0xFD,0xFC,0xFB,0xFE,0xFF,0xFF,0xFF,0xF1,0xB0,
    0x61,0x17,0x00,0x00,0x01,0x03,0x01,0x00,0x00,0x00,0x00,0x00,0x00,0x00,0x00,0x00,
    0x00,0x00,0x00,0x00,0x00,0x00,0x00,0x00,0x00,0x00,0x00,0x00,0x00,0x00,0x00,0x00,
    0x00,0x00,0x00,0x00,0x00,0x00,0x00,0x00,0x00,0x00,0x00,0x00,0x00,0x00,0x00,0x00,
    0x00,0x00,0x00,0x00,0x00,0x00,0x00,0x00,0x00,0x00,0x00,0x00,0x00,0x00,0x00,0x00,
    0x00,0x00,0x00,0x00,0x00,0x00,0x00,0x00,0x00,0x00,0x00,0x00,0x02,0x03,0x00,0x00,
    0x00,0x1C,0x61,0xAE,0xE2,0xFF,0xFF,0xFF,0xFF,0xFF,0xFE,0xFC,0xFC,0xFD,0xFD,0xFD,
    0xFF,0xFF,0xFF,0xFF,0xFF,0xFF,0xFF,0xFF,0xFD,0xFD,0xFD,0xFC,0xFC,0xFE,0xFF,0xFF,
    0xFF,0xFF,0xFF,0xE2,0xAE,0x61,0x1C,0x00,0x00,0x00,0x03,0x02,0x00,0x00,0x00,0x00,
    0x00,0x00,0x00,0x00,0x00,0x00,0x00,0x00,0x00,0x00,0x00,0x00,0x00,0x00,0x00,0x00,
    0x00,0x00,0x00,0x00,0x00,0x00,0x00,0x00,0x00,0x00,0x00,0x00,0x00,0x00,0x00,0x00,
    0x00,0x00,0x00,0x00,0x00,0x00,0x00,0x00,0x00,0x00,0x00,0x00,0x00,0x00,0x00,0x00,
    0x00,0x00,0x00,0x00,0x00,0x00,0x00,0x00,0x00,0x00,0x00,0x00,0x00,0x00,0x00,0x00,
    0x00,0x00,0x00,0x00,0x00,0x00,0x01,0x04,0x02,0x00,0x00,0x00,0x0A,0x34,0x6E,0xAB,
    0xD2,0xF1,0xFF,0xFF,0xFF,0xFF,0xFF,0xFF,0xFF,0xFF,0xFF,0xFF,0xFF,0xFF,0xFF,0xFF,
    0xFF,0xFF,0xFF,0xFF,0xFF,0xFF,0xF1,0xD2,0xAB,0x6E,0x34,0x0A,0x00,0x00,0x00,0x02,
    0x04,0x01,0x00,0x00,0x00,0x00,0x00,0x00,0x00,0x00,0x00,0x00,0x00,0x00,0x00,0x00,
    0x00,0x00,0x00,0x00,0x00,0x00,0x00,0x00,0x00,0x00,0x00,0x00,0x00,0x00,0x00,0x00,
    0x00,0x00,0x00,0x00,0x00,0x00,0x00,0x00,0x00,0x00,0x00,0x00,0x00,0x00,0x00,0x00,
    0x00,0x00,0x00,0x00,0x00,0x00,0x00,0x00,0x00,0x00,0x00,0x00,0x00,0x00,0x00,0x00,
    0x00,0x00,0x00,0x00,0x00,0x00,0x00,0x00,0x00,0x00,0x00,0x00,0x00,0x00,0x00,0x00,
    0x00,0x02,0x04,0x03,0x00,0x00,0x00,0x00,0x03,0x1F,0x45,0x78,0x88,0xB9,0xCB,0xCA,
    0xF2,0xFF,0xFE,0xFF,0xFF,0xFE,0xFF,0xF2,0xCA,0xCB,0xB9,0x88,0x78,0x45,0x1F,0x03,
    0x00,0x00,0x00,0x00,0x03,0x04,0x02,0x00,0x00,0x00,0x00,0x00,0x00,0x00,0x00,0x00,
    0x00,0x00,0x00,0x00,0x00,0x00,0x00,0x00,0x00,0x00,0x00,0x00,0x00,0x00,0x00,0x00,
    0x00,0x00,0x00,0x00,0x00,0x00,0x00,0x00,0x00,0x00,0x00,0x00,0x00,0x00,0x00,0x00,
};

const lv_image_dsc_t app_icon_timer = {
    .header = {
        .magic  = LV_IMAGE_HEADER_MAGIC,
        .cf     = LV_COLOR_FORMAT_RGB565A8,
        .flags  = 0,
        .w      = 120,
        .h      = 120,
        .stride = 240,
    },
    .data_size = sizeof(app_icon_timer_map),
    .data      = app_icon_timer_map,
};
