/* 자동 생성 — tools/mkassets.py. 손으로 고치지 말 것. */
#include "lvgl.h"

static const uint8_t app_icon_mouse_map[] = {
    0x7E,0x4C,0x7E,0x4C,0x7E,0x4C,0x7E,0x4C,0x7E,0x4C,0x7E,0x4C,0x7E,0x4C,0x7E,0x4C,
    0x7E,0x4C,0x7E,0x4C,0x7E,0x4C,0x7E,0x4C,0x7E,0x4C,0x7E,0x4C,0x7E,0x4C,0x7E,0x4C,
    0x7E,0x4C,0x7E,0x4C,0x7E,0x4C,0x7E,0x4C,0x7E,0x4C,0x7E,0x4C,0x7E,0x4C,0x7E,0x4C,
    0x7E,0x4C,0x7E,0x4C,0x7E,0x4C,0x7E,0x4C,0x7E,0x4C,0x7E,0x4C,0x7E,0x4C,0x7E,0x4C,
    0x7E,0x4C,0x7E,0x4C,0x7E,0x4C,0x7E,0x4C,0x7E,0x4C,0x7E,0x4C,0x7E,0x4C,0x7E,0x4C,
    0x7E,0x4C,0x7E,0x4C,0x7E,0x4C,0x7E,0x4C,0x7E,0x4C,0x7E,0x4C,0x7E,0x4C,0x7E,0x4C,
    0x7E,0x4C,0x7E,0x4C,0x7E,0x4C,0x7E,0x4C,0x7E,0x4C,0x7E,0x4C,0x7E,0x4C,0x7E,0x4C,
    0x7E,0x4C,0x7E,0x4C,0x7E,0x4C,0x7E,0x4C,0x7E,0x4C,0x7E,0x4C,0x7E,0x4C,0x7E,0x4C,
    0x7E,0x4C,0x7E,0x4C,0x7E,0x4C,0x7E,0x4C,0x7E,0x4C,0x7E,0x4C,0x7E,0x4C,0x7E,0x4C,
    0x7E,0x4C,0x7E,0x4C,0x7E,0x4C,0x7E,0x4C,0x7E,0x4C,0x7E,0x4C,0x7E,0x4C,0x7E,0x4C,
    0x7E,0x4C,0x7E,0x4C,0x7E,0x4C,0x7E,0x4C,0x7E,0x4C,0x7E,0x4C,0x7E,0x4C,0x7E,0x4C,
    0x7E,0x4C,0x7E,0x4C,0x7E,0x4C,0x7E,0x4C,0x7E,0x4C,0x7E,0x4C,0x7E,0x4C,0x7E,0x4C,
    0x7E,0x4C,0x7E,0x4C,0x7E,0x4C,0x7E,0x4C,0x7E,0x4C,0x7E,0x4C,0x7E,0x4C,0x7E,0x4C,
    0x7E,0x4C,0x7E,0x4C,0x7E,0x4C,0x7E,0x4C,0x7E,0x4C,0x7E,0x4C,0x7E,0x4C,0x7E,0x4C,
    0x7E,0x4C,0x7E,0x4C,0x7E,0x4C,0x7E,0x4C,0x7E,0x4C,0x7E,0x4C,0x7E,0x4C,0x7E,0x4C,
    0x7E,0x4C,0x7E,0x4C,0x7E,0x4C,0x7E,0x4C,0x7E,0x4C,0x7E,0x4C,0x7E,0x4C,0x7E,0x4C,
    0x7E,0x4C,0x7E,0x4C,0x7E,0x4C,0x7E,0x4C,0x7E,0x4C,0x7E,0x4C,0x7E,0x4C,0x7E,0x4C,
    0x7E,0x4C,0x7E,0x4C,0x7E,0x4C,0x7E,0x4C,0x7E,0x4C,0x7E,0x4C,0x7E,0x4C,0x7E,0x4C,
    0x7E,0x4C,0x7E,0x4C,0x7E,0x4C,0x7E,0x4C,0x7E,0x4C,0x7E,0x4C,0x7E,0x4C,0x7E,0x4C,
    0x7E,0x4C,0x7E,0x4C,0x7E,0x4C,0x7E,0x4C,0x7E,0x4C,0x7E,0x4C,0x7E,0x4C,0x7E,0x4C,
    0x7E,0x4C,0x7E,0x4C,0x7E,0x4C,0x7E,0x4C,0x7E,0x4C,0x7E,0x4C,0x7E,0x4C,0x7E,0x4C,
    0x7E,0x4C,0x7E,0x4C,0x7E,0x4C,0x7E,0x4C,0x7E,0x4C,0x7E,0x4C,0x7E,0x4C,0x7E,0x4C,
    0x7E,0x4C,0x7E,0x4C,0x7E,0x4C,0x7E,0x4C,0x7E,0x4C,0x7E,0x4C,0x7E,0x4C,0x7E,0x4C,
    0x7E,0x4C,0x7E,0x4C,0x7E,0x4C,0x7E,0x4C,0x7E,0x4C,0x7E,0x4C,0x7E,0x4C,0x7E,0x4C,
    0x7E,0x4C,0x7E,0x4C,0x7E,0x4C,0x7E,0x4C,0x7E,0x4C,0x7E,0x4C,0x7E,0x4C,0x7E,0x4C,
    0x7E,0x4C,0x7E,0x4C,0x7E,0x4C,0x7E,0x4C,0x7E,0x4C,0x7E,0x4C,0x7E,0x4C,0x7E,0x4C,
    0x7E,0x4C,0x7E,0x4C,0x7E,0x4C,0x7E,0x4C,0x7E,0x4C,0x7E,0x4C,0x7E,0x4C,0x7E,0x4C,
    0x7E,0x4C,0x7E,0x4C,0x7E,0x4C,0x7E,0x4C,0x7E,0x4C,0x7E,0x4C,0x7E,0x4C,0x7E,0x4C,
    0x7E,0x4C,0x7E,0x4C,0x7E,0x4C,0x7E,0x4C,0x7E,0x4C,0x7E,0x4C,0x7E,0x4C,0x7E,0x4C,
    0x7E,0x4C,0x7E,0x4C,0x7E,0x4C,0x7E,0x4C,0x7E,0x4C,0x7E,0x4C,0x7E,0x4C,0x7E,0x4C,
    0x7E,0x4C,0x7E,0x4C,0x7E,0x4C,0x7E,0x4C,0x7E,0x4C,0x7E,0x4C,0x7E,0x4C,0x7E,0x4C,
    0x7E,0x4C,0x7E,0x4C,0x7E,0x4C,0x7E,0x4C,0x7E,0x4C,0x7E,0x4C,0x7E,0x4C,0x7E,0x4C,
    0x7E,0x4C,0x7E,0x4C,0x7E,0x4C,0x7E,0x4C,0x7E,0x4C,0x7E,0x4C,0x7E,0x4C,0x7E,0x4C,
    0x7E,0x4C,0x7E,0x4C,0x7E,0x4C,0x7E,0x4C,0x7E,0x4C,0x7E,0x4C,0x7E,0x4C,0x7E,0x4C,
    0x7E,0x4C,0x7E,0x4C,0x7E,0x4C,0x7E,0x4C,0x7E,0x4C,0x7E,0x4C,0x7E,0x4C,0x7E,0x4C,
    0x7E,0x4C,0x7E,0x4C,0x7E,0x4C,0x7E,0x4C,0x7E,0x4C,0x7E,0x4C,0x7E,0x4C,0x7E,0x4C,
    0x7E,0x4C,0x7E,0x4C,0x7E,0x4C,0x7E,0x4C,0x7E,0x4C,0x7E,0x4C,0x7E,0x4C,0x7E,0x4C,
    0x7E,0x4C,0x7E,0x4C,0x7E,0x4C,0x7E,0x4C,0x7E,0x4C,0x7E,0x4C,0x7E,0x4C,0x7E,0x4C,
    0x7E,0x4C,0x7E,0x4C,0x7E,0x4C,0x7E,0x4C,0x7E,0x4C,0x7E,0x4C,0x7E,0x4C,0x7E,0x4C,
    0x7E,0x4C,0x7E,0x4C,0x7E,0x4C,0x7E,0x4C,0x7E,0x4C,0x7E,0x4C,0x7E,0x4C,0x7E,0x4C,
    0x7E,0x4C,0x7E,0x4C,0x7E,0x4C,0x7E,0x4C,0x7E,0x4C,0x7E,0x4C,0x7E,0x4C,0x7E,0x4C,
    0x7E,0x4C,0x7E,0x4C,0x7E,0x4C,0x7E,0x4C,0x7E,0x4C,0x7E,0x4C,0x7E,0x4C,0x7E,0x4C,
    0x7E,0x4C,0x7E,0x4C,0x7E,0x4C,0x7E,0x4C,0x7E,0x4C,0x7E,0x4C,0x7E,0x4C,0x7E,0x4C,
    0x7E,0x4C,0x7E,0x4C,0x7E,0x4C,0x7E,0x4C,0x7E,0x4C,0x7E,0x4C,0x7E,0x4C,0x7E,0x4C,
    0x7E,0x4C,0x7E,0x4C,0x7E,0x4C,0x7E,0x4C,0x7E,0x4C,0x7E,0x4C,0x7E,0x4C,0x7E,0x4C,
    0x7E,0x4C,0x7E,0x4C,0x7E,0x4C,0x7E,0x4C,0x7E,0x4C,0x7E,0x4C,0x7E,0x4C,0x7E,0x4C,
    0x7E,0x4C,0x7E,0x4C,0x7E,0x4C,0x7E,0x4C,0x7E,0x4C,0x7E,0x4C,0x7E,0x4C,0x7E,0x4C,
    0x7E,0x4C,0x7E,0x4C,0x7E,0x4C,0x7E,0x4C,0x7E,0x4C,0x7E,0x4C,0x7E,0x4C,0x7E,0x4C,
    0x7E,0x4C,0x7E,0x4C,0x7E,0x4C,0x7E,0x4C,0x7E,0x4C,0x7E,0x4C,0x7E,0x4C,0x7E,0x4C,
    0x7E,0x4C,0x7E,0x4C,0x7E,0x4C,0x7E,0x4C,0x7E,0x4C,0x7E,0x4C,0x7E,0x4C,0x7E,0x4C,
    0x7E,0x4C,0x7E,0x4C,0x7E,0x4C,0x7E,0x4C,0x7E,0x4C,0x7E,0x4C,0x7E,0x4C,0x7E,0x4C,
    0x7E,0x4C,0x7E,0x4C,0x7E,0x4C,0x7E,0x4C,0x7E,0x4C,0x7E,0x4C,0x7E,0x4C,0x7E,0x4C,
    0x7E,0x4C,0x7E,0x4C,0x7E,0x4C,0x7E,0x4C,0x7E,0x4C,0x7E,0x4C,0x7E,0x4C,0x7E,0x4C,
    0x7E,0x4C,0x7E,0x4C,0x7E,0x4C,0x7E,0x4C,0x7E,0x4C,0x7E,0x4C,0x7E,0x4C,0x7E,0x4C,
    0x7E,0x4C,0x7E,0x4C,0x7E,0x4C,0x7E,0x4C,0x7E,0x4C,0x7E,0x4C,0x7E,0x4C,0x7E,0x4C,
    0x7E,0x4C,0x7E,0x4C,0x7E,0x4C,0x7E,0x4C,0x7E,0x4C,0x7E,0x4C,0x7E,0x4C,0x7E,0x4C,
    0x7E,0x4C,0x7E,0x4C,0x7E,0x4C,0x7E,0x4C,0x7E,0x4C,0x7E,0x4C,0x7E,0x4C,0x7E,0x4C,
    0x7E,0x4C,0x7E,0x4C,0x7E,0x4C,0x7E,0x4C,0x7E,0x4C,0x7E,0x4C,0x7E,0x4C,0x7E,0x4C,
    0x7E,0x4C,0x7E,0x4C,0x7E,0x4C,0x7E,0x4C,0x7E,0x4C,0x7E,0x4C,0x7E,0x4C,0x7E,0x4C,
    0x7E,0x4C,0x7E,0x4C,0x7E,0x4C,0x7E,0x4C,0x7E,0x4C,0x7E,0x4C,0x7E,0x4C,0x7E,0x4C,
    0x7E,0x4C,0x7E,0x4C,0x7E,0x4C,0x7E,0x4C,0x7E,0x4C,0x7E,0x4C,0x7E,0x4C,0x7E,0x4C,
    0x7E,0x4C,0x7E,0x4C,0x7E,0x4C,0x7E,0x4C,0x7E,0x4C,0x7E,0x4C,0x7E,0x4C,0x7E,0x4C,
    0x7E,0x4C,0x7E,0x4C,0x7E,0x4C,0x7E,0x4C,0x7E,0x4C,0x7E,0x4C,0x7E,0x4C,0x7E,0x4C,
    0x7E,0x4C,0x7E,0x4C,0x7E,0x4C,0x7E,0x4C,0x7E,0x4C,0x7E,0x4C,0x7E,0x4C,0x7E,0x4C,
    0x7E,0x4C,0x7E,0x4C,0x7E,0x4C,0x7E,0x4C,0x7E,0x4C,0x7E,0x4C,0x7E,0x4C,0x7E,0x4C,
    0x7E,0x4C,0x7E,0x4C,0x7E,0x4C,0x7E,0x4C,0x7E,0x4C,0x7E,0x4C,0x7E,0x4C,0x7E,0x4C,
    0x7E,0x4C,0x7E,0x4C,0x7E,0x4C,0x7E,0x4C,0x7E,0x4C,0x7E,0x4C,0x7E,0x4C,0x7E,0x4C,
    0x7E,0x4C,0x7E,0x4C,0x7E,0x4C,0x7E,0x4C,0x7E,0x4C,0x7E,0x4C,0x7E,0x4C,0x7E,0x4C,
    0x7E,0x4C,0x7E,0x4C,0x7E,0x4C,0x7E,0x4C,0x7E,0x4C,0x7E,0x4C,0x7E,0x4C,0x7E,0x4C,
    0x7E,0x4C,0x7E,0x4C,0x7E,0x4C,0x7E,0x4C,0x7E,0x4C,0x7E,0x4C,0x7E,0x4C,0x7E,0x4C,
    0x7E,0x4C,0x7E,0x4C,0x7E,0x4C,0x7E,0x4C,0x7E,0x4C,0x7E,0x4C,0x7E,0x4C,0x7E,0x4C,
    0x7E,0x4C,0x7E,0x4C,0x7E,0x4C,0x7E,0x4C,0x7E,0x4C,0x7E,0x4C,0x7E,0x4C,0x7E,0x4C,
    0x7E,0x4C,0x7E,0x4C,0x7E,0x4C,0x7E,0x4C,0x7E,0x4C,0x7E,0x4C,0x7E,0x4C,0x7E,0x4C,
    0x7E,0x4C,0x7E,0x4C,0x7E,0x4C,0x7E,0x4C,0x7E,0x4C,0x7E,0x4C,0x7E,0x4C,0x7E,0x4C,
    0x7E,0x4C,0x7E,0x4C,0x7E,0x4C,0x7E,0x4C,0x7E,0x4C,0x7E,0x4C,0x7E,0x4C,0x7E,0x4C,
    0x7E,0x4C,0x7E,0x4C,0x7E,0x4C,0x7E,0x4C,0x7E,0x4C,0x7E,0x4C,0x7E,0x4C,0x7E,0x4C,
    0x7E,0x4C,0x7E,0x4C,0x7E,0x4C,0x7E,0x4C,0x7E,0x4C,0x7E,0x4C,0x7E,0x4C,0x7E,0x4C,
    0x7E,0x4C,0x7E,0x4C,0x7E,0x4C,0x7E,0x4C,0x7E,0x4C,0x7E,0x4C,0x7E,0x4C,0x7E,0x4C,
    0x7E,0x4C,0x7E,0x4C,0x7E,0x4C,0x7E,0x4C,0x7E,0x4C,0x7E,0x4C,0x7E,0x4C,0x7E,0x4C,
    0x7E,0x4C,0x7E,0x4C,0x7E,0x4C,0x7E,0x4C,0x7E,0x4C,0x7E,0x4C,0x7E,0x4C,0x7E,0x4C,
    0x7E,0x4C,0x7E,0x4C,0x7E,0x4C,0x7E,0x4C,0x7E,0x4C,0x7E,0x4C,0x7E,0x4C,0x7E,0x4C,
    0x7E,0x4C,0x7E,0x4C,0x7E,0x4C,0x7E,0x4C,0x7E,0x4C,0x7E,0x4C,0x7E,0x4C,0x7E,0x4C,
    0x7E,0x4C,0x7E,0x4C,0x7E,0x4C,0x7E,0x4C,0x7E,0x4C,0x7E,0x4C,0x7E,0x4C,0x7E,0x4C,
    0x7E,0x4C,0x7E,0x4C,0x7E,0x4C,0x7E,0x4C,0x7E,0x4C,0x7E,0x4C,0x7E,0x4C,0x7E,0x4C,
    0x7E,0x4C,0x7E,0x4C,0x7E,0x4C,0x7E,0x4C,0x7E,0x4C,0x7E,0x4C,0x7E,0x4C,0x7E,0x4C,
    0x7E,0x4C,0x7E,0x4C,0x7E,0x4C,0x7E,0x4C,0x7E,0x4C,0x7E,0x4C,0x7E,0x4C,0x7E,0x4C,
    0x7E,0x4C,0x7E,0x4C,0x7E,0x4C,0x7E,0x4C,0x7E,0x4C,0x7E,0x4C,0x7E,0x4C,0x7E,0x4C,
    0x7E,0x4C,0x7E,0x4C,0x7E,0x4C,0x7E,0x4C,0x7E,0x4C,0x7E,0x4C,0x7E,0x4C,0x7E,0x4C,
    0x7E,0x4C,0x7E,0x4C,0x7E,0x4C,0x7E,0x4C,0x7E,0x4C,0x7E,0x4C,0x7E,0x4C,0x7E,0x4C,
    0x7E,0x4C,0x7E,0x4C,0x7E,0x4C,0x7E,0x4C,0x7E,0x4C,0x7E,0x4C,0x7E,0x4C,0x7E,0x4C,
    0x7E,0x4C,0x7E,0x4C,0x7E,0x4C,0x7E,0x4C,0x7E,0x4C,0x7E,0x4C,0x7E,0x4C,0x7E,0x4C,
    0x7E,0x4C,0x7E,0x4C,0x7E,0x4C,0x7E,0x4C,0x7E,0x4C,0x7E,0x4C,0x7E,0x4C,0x7E,0x4C,
    0x7E,0x4C,0x7E,0x4C,0x7E,0x4C,0x7E,0x4C,0x7E,0x4C,0x7E,0x4C,0x7E,0x4C,0x7E,0x4C,
    0x7E,0x4C,0x7E,0x4C,0x7E,0x4C,0x7E,0x4C,0x7E,0x4C,0x7E,0x4C,0x7E,0x4C,0x7E,0x4C,
    0x7E,0x4C,0x7E,0x4C,0x7E,0x4C,0x7E,0x4C,0x7E,0x4C,0x7E,0x4C,0x7E,0x4C,0x7E,0x4C,
    0x7E,0x4C,0x7E,0x4C,0x7E,0x4C,0x7E,0x4C,0x7E,0x4C,0x7E,0x4C,0x7E,0x4C,0x7E,0x4C,
    0x7E,0x4C,0x7E,0x4C,0x7E,0x4C,0x7E,0x4C,0x7E,0x4C,0x7E,0x4C,0x7E,0x4C,0x7E,0x4C,
    0x7E,0x4C,0x7E,0x4C,0x7E,0x4C,0x7E,0x4C,0x7E,0x4C,0x7E,0x4C,0x7E,0x4C,0x7E,0x4C,
    0x7E,0x4C,0x7E,0x4C,0x7E,0x4C,0x7E,0x4C,0x7E,0x4C,0x7E,0x4C,0x7E,0x4C,0x7E,0x4C,
    0x7E,0x4C,0x7E,0x4C,0x7E,0x4C,0x7E,0x4C,0x7E,0x4C,0x7E,0x4C,0x7E,0x4C,0x7E,0x4C,
    0x7E,0x4C,0x7E,0x4C,0x7E,0x4C,0x7E,0x4C,0x7E,0x4C,0x7E,0x4C,0x7E,0x4C,0x7E,0x4C,
    0x7E,0x4C,0x7E,0x4C,0x7E,0x4C,0x7E,0x4C,0x7E,0x4C,0x7E,0x4C,0x7E,0x4C,0x7E,0x4C,
    0x7E,0x4C,0x7E,0x4C,0x7E,0x4C,0x7E,0x4C,0x7E,0x4C,0x7E,0x4C,0x7E,0x4C,0x7E,0x4C,
    0x7E,0x4C,0x7E,0x4C,0x7E,0x4C,0x7E,0x4C,0x7E,0x4C,0x7E,0x4C,0x7E,0x4C,0x7E,0x4C,
    0x7E,0x4C,0x7E,0x4C,0x7E,0x4C,0x7E,0x4C,0x7E,0x4C,0x7E,0x4C,0x7E,0x4C,0x7E,0x4C,
    0x7E,0x4C,0x7E,0x4C,0x7E,0x4C,0x7E,0x4C,0x7E,0x4C,0x7E,0x4C,0x7E,0x4C,0x7E,0x4C,
    0x7E,0x4C,0x7E,0x4C,0x7E,0x4C,0x7E,0x4C,0x7E,0x4C,0x7E,0x4C,0x7E,0x4C,0x7E,0x4C,
    0x7E,0x4C,0x7E,0x4C,0x7E,0x4C,0x7E,0x4C,0x7E,0x4C,0x7E,0x4C,0x7E,0x4C,0x7E,0x4C,
    0x7E,0x4C,0x7E,0x4C,0x7E,0x4C,0x7E,0x4C,0x7E,0x4C,0x7E,0x4C,0x7E,0x4C,0x7E,0x4C,
    0x7E,0x4C,0x7E,0x4C,0x7E,0x4C,0x7E,0x4C,0x7E,0x4C,0x7E,0x4C,0x7E,0x4C,0x7E,0x4C,
    0x7E,0x4C,0x7E,0x4C,0x7E,0x4C,0x7E,0x4C,0x7E,0x4C,0x7E,0x4C,0x7E,0x4C,0x7E,0x4C,
    0x7E,0x4C,0x7E,0x4C,0x7E,0x4C,0x7E,0x4C,0x7E,0x4C,0x7E,0x4C,0x7E,0x4C,0x7E,0x4C,
    0x7E,0x4C,0x7E,0x4C,0x7E,0x4C,0x7E,0x4C,0x7E,0x4C,0x7E,0x4C,0x7E,0x4C,0x7E,0x4C,
    0x7E,0x4C,0x7E,0x4C,0x7E,0x4C,0x7E,0x4C,0x7E,0x4C,0x7E,0x4C,0x7E,0x4C,0x7E,0x4C,
    0x7E,0x4C,0x7E,0x4C,0x7E,0x4C,0x7E,0x4C,0x7E,0x4C,0x7E,0x4C,0x7E,0x4C,0x7E,0x4C,
    0x7E,0x4C,0x7E,0x4C,0x7E,0x4C,0x7E,0x4C,0x7E,0x4C,0x7E,0x4C,0x7E,0x4C,0x7E,0x4C,
    0x7E,0x4C,0x7E,0x4C,0x7E,0x4C,0x7E,0x4C,0x7E,0x4C,0x7E,0x4C,0x7E,0x4C,0x7E,0x4C,
    0x7E,0x4C,0x7E,0x4C,0x7E,0x4C,0x7E,0x4C,0x7E,0x4C,0x7E,0x4C,0x7E,0x4C,0x7E,0x4C,
    0x7E,0x4C,0x7E,0x4C,0x7E,0x4C,0x7E,0x4C,0x7E,0x4C,0x7E,0x4C,0x7E,0x4C,0x7E,0x4C,
    0x7E,0x4C,0x7E,0x4C,0x7E,0x4C,0x7E,0x4C,0x7E,0x4C,0x7E,0x4C,0x7E,0x4C,0x7E,0x4C,
    0x7E,0x4C,0x7E,0x4C,0x7E,0x4C,0x7E,0x4C,0x7E,0x4C,0x7E,0x4C,0x7E,0x4C,0x7E,0x4C,
    0x7E,0x4C,0x7E,0x4C,0x7E,0x4C,0x7E,0x4C,0x7E,0x4C,0x7E,0x4C,0x7E,0x4C,0x7E,0x4C,
    0x7E,0x4C,0x7E,0x4C,0x7E,0x4C,0x7E,0x4C,0x7E,0x4C,0x7E,0x4C,0x7E,0x4C,0x7E,0x4C,
    0x7E,0x4C,0x7E,0x4C,0x7E,0x4C,0x7E,0x4C,0x7E,0x4C,0x7E,0x4C,0x7E,0x4C,0x7E,0x4C,
    0x7E,0x4C,0x7E,0x4C,0x7E,0x4C,0x7E,0x4C,0x7E,0x4C,0x7E,0x4C,0x7E,0x4C,0x7E,0x4C,
    0x7E,0x4C,0x7E,0x4C,0x7E,0x4C,0x7E,0x4C,0x7E,0x4C,0x7E,0x4C,0x7E,0x4C,0x7E,0x4C,
    0x7E,0x4C,0x7E,0x4C,0x7E,0x4C,0x7E,0x4C,0x7E,0x4C,0x7E,0x4C,0x7E,0x4C,0x7E,0x4C,
    0x7E,0x4C,0x7E,0x4C,0x7E,0x4C,0x7E,0x4C,0x7E,0x4C,0x7E,0x4C,0x7E,0x4C,0x7E,0x4C,
    0x7E,0x4C,0x7E,0x4C,0x7E,0x4C,0x7E,0x4C,0x7E,0x4C,0x7E,0x4C,0x7E,0x4C,0x7E,0x4C,
    0x7E,0x4C,0x7E,0x4C,0x7E,0x4C,0x7E,0x4C,0x7E,0x4C,0x7E,0x4C,0x7E,0x4C,0x7E,0x4C,
    0x7E,0x4C,0x7E,0x4C,0x7E,0x4C,0x7E,0x4C,0x7E,0x4C,0x7E,0x4C,0x7E,0x4C,0x7E,0x4C,
    0x7E,0x4C,0x7E,0x4C,0x7E,0x4C,0x7E,0x4C,0x7E,0x4C,0x7E,0x4C,0x7E,0x4C,0x7E,0x4C,
    0x7E,0x4C,0x7E,0x4C,0x7E,0x4C,0x7E,0x4C,0x7E,0x4C,0x7E,0x4C,0x7E,0x4C,0x7E,0x4C,
    0x7E,0x4C,0x7E,0x4C,0x7E,0x4C,0x7E,0x4C,0x7E,0x4C,0x7E,0x4C,0x7E,0x4C,0x7E,0x4C,
    0x7E,0x4C,0x7E,0x4C,0x7E,0x4C,0x7E,0x4C,0x7E,0x4C,0x7E,0x4C,0x7E,0x4C,0x7E,0x4C,
    0x7E,0x4C,0x7E,0x4C,0x7E,0x4C,0x7E,0x4C,0x7E,0x4C,0x7E,0x4C,0x7E,0x4C,0x7E,0x4C,
    0x7E,0x4C,0x7E,0x4C,0x7E,0x4C,0x7E,0x4C,0x7E,0x4C,0x7E,0x4C,0x7E,0x4C,0x7E,0x4C,
    0x7E,0x4C,0x7E,0x4C,0x7E,0x4C,0x7E,0x4C,0x7E,0x4C,0x7E,0x4C,0x7E,0x4C,0x7E,0x4C,
    0x7E,0x4C,0x7E,0x4C,0x7E,0x4C,0x7E,0x4C,0x7E,0x4C,0x7E,0x4C,0x7E,0x4C,0x7E,0x4C,
    0x7E,0x4C,0x7E,0x4C,0x7E,0x4C,0x7E,0x4C,0x7E,0x4C,0x7E,0x4C,0x7E,0x4C,0x7E,0x4C,
    0x7E,0x4C,0x7E,0x4C,0x7E,0x4C,0x7E,0x4C,0x7E,0x4C,0x7E,0x4C,0x7E,0x4C,0x7E,0x4C,
    0x7E,0x4C,0x7E,0x4C,0x7E,0x4C,0x7E,0x4C,0x7E,0x4C,0x7E,0x4C,0x7E,0x4C,0x7E,0x4C,
    0x7E,0x4C,0x7E,0x4C,0x7E,0x4C,0x7E,0x4C,0x7E,0x4C,0x7E,0x4C,0x7E,0x4C,0x7E,0x4C,
    0x7E,0x4C,0x7E,0x4C,0x7E,0x4C,0x7E,0x4C,0x7E,0x4C,0x7E,0x4C,0x7E,0x4C,0x7E,0x4C,
    0x7E,0x4C,0x7E,0x4C,0x7E,0x4C,0x7E,0x4C,0x7E,0x4C,0x7E,0x4C,0x7E,0x4C,0x7E,0x4C,
    0x7E,0x4C,0x7E,0x4C,0x7E,0x4C,0x7E,0x4C,0x7E,0x4C,0x7E,0x4C,0x7E,0x4C,0x7E,0x4C,
    0x7E,0x4C,0x7E,0x4C,0x7E,0x4C,0x7E,0x4C,0x7E,0x4C,0x7E,0x4C,0x7E,0x4C,0x7E,0x4C,
    0x7E,0x4C,0x7E,0x4C,0x7E,0x4C,0x7E,0x4C,0x7E,0x4C,0x7E,0x4C,0x7E,0x4C,0x7E,0x4C,
    0x7E,0x4C,0x7E,0x4C,0x7E,0x4C,0x7E,0x4C,0x7E,0x4C,0x7E,0x4C,0x7E,0x4C,0x7E,0x4C,
    0x7E,0x4C,0x7E,0x4C,0x7E,0x4C,0x7E,0x4C,0x7E,0x4C,0x7E,0x4C,0x7E,0x4C,0x7E,0x4C,
    0x7E,0x4C,0x7E,0x4C,0x7E,0x4C,0x7E,0x4C,0x7E,0x4C,0x7E,0x4C,0x7E,0x4C,0x7E,0x4C,
    0x7E,0x4C,0x7E,0x4C,0x7E,0x4C,0x7E,0x4C,0x7E,0x4C,0x7E,0x4C,0x7E,0x4C,0x7E,0x4C,
    0x7E,0x4C,0x7E,0x4C,0x7E,0x4C,0x7E,0x4C,0x7E,0x4C,0x7E,0x4C,0x7E,0x4C,0x7E,0x4C,
    0x7E,0x4C,0x7E,0x4C,0x7E,0x4C,0x7E,0x4C,0x7E,0x4C,0x7E,0x4C,0x7E,0x4C,0x7E,0x4C,
    0x7E,0x4C,0x7E,0x4C,0x7E,0x4C,0x7E,0x4C,0x7E,0x4C,0x7E,0x4C,0x7E,0x4C,0x7E,0x4C,
    0x7E,0x4C,0x7E,0x4C,0x7E,0x4C,0x7E,0x4C,0x7E,0x4C,0x7E,0x4C,0x7E,0x4C,0x7E,0x4C,
    0x7E,0x4C,0x7E,0x4C,0x7E,0x4C,0x7E,0x4C,0x7E,0x4C,0x7E,0x4C,0x7E,0x4C,0x7E,0x4C,
    0x7E,0x4C,0x7E,0x4C,0x7E,0x4C,0x7E,0x4C,0x7E,0x4C,0x7E,0x4C,0x7E,0x4C,0x7E,0x4C,
    0x7E,0x4C,0x7E,0x4C,0x7E,0x4C,0x7E,0x4C,0x7E,0x4C,0x7E,0x4C,0x7E,0x4C,0x7E,0x4C,
    0x7E,0x4C,0x7E,0x4C,0x7E,0x4C,0x7E,0x4C,0x7E,0x4C,0x7E,0x4C,0x7E,0x4C,0x7E,0x4C,
    0x7E,0x4C,0x7E,0x4C,0x7E,0x4C,0x7E,0x4C,0x7E,0x4C,0x7E,0x4C,0x7E,0x4C,0x7E,0x4C,
    0x7E,0x4C,0x7E,0x4C,0x7E,0x4C,0x7E,0x4C,0x7E,0x4C,0x7E,0x4C,0x7E,0x4C,0x7E,0x4C,
    0x7E,0x4C,0x7E,0x4C,0x7E,0x4C,0x7E,0x4C,0x7E,0x4C,0x7E,0x4C,0x7E,0x4C,0x7E,0x4C,
    0x7E,0x4C,0x7E,0x4C,0x7E,0x4C,0x7E,0x4C,0x7E,0x4C,0x7E,0x4C,0x7E,0x4C,0x7E,0x4C,
    0x7E,0x4C,0x7E,0x4C,0x7E,0x4C,0x7E,0x4C,0x7E,0x4C,0x7E,0x4C,0x7E,0x4C,0x7E,0x4C,
    0x7E,0x4C,0x7E,0x4C,0x7E,0x4C,0x7E,0x4C,0x7E,0x4C,0x7E,0x4C,0x7E,0x4C,0x7E,0x4C,
    0x7E,0x4C,0x7E,0x4C,0x7E,0x4C,0x7E,0x4C,0x7E,0x4C,0x7E,0x4C,0x7E,0x4C,0x7E,0x4C,
    0x7E,0x4C,0x7E,0x4C,0x7E,0x4C,0x7E,0x4C,0x7E,0x4C,0x7E,0x4C,0x7E,0x4C,0x7E,0x4C,
    0x7E,0x4C,0x7E,0x4C,0x7E,0x4C,0x7E,0x4C,0x7E,0x4C,0x7E,0x4C,0x7E,0x4C,0x7E,0x4C,
    0x7E,0x4C,0x7E,0x4C,0x7E,0x4C,0x7E,0x4C,0x7E,0x4C,0x7E,0x4C,0x7E,0x4C,0x7E,0x4C,
    0x7E,0x4C,0x7E,0x4C,0x7E,0x4C,0x7E,0x4C,0x7E,0x4C,0x7E,0x4C,0x7E,0x4C,0x7E,0x4C,
    0x7E,0x4C,0x7E,0x4C,0x7E,0x4C,0x7E,0x4C,0x7E,0x4C,0x7E,0x4C,0x7E,0x4C,0x7E,0x4C,
    0x7E,0x4C,0x7E,0x4C,0x7E,0x4C,0x7E,0x4C,0x7E,0x4C,0x7E,0x4C,0x7E,0x4C,0x7E,0x4C,
    0x7E,0x4C,0x7E,0x4C,0x7E,0x4C,0x7E,0x4C,0x7E,0x4C,0x7E,0x4C,0x7E,0x4C,0x7E,0x4C,
    0x7E,0x4C,0x7E,0x4C,0x7E,0x4C,0x7E,0x4C,0x7E,0x4C,0x7E,0x4C,0x7E,0x4C,0x7E,0x4C,
    0x7E,0x4C,0x7E,0x4C,0x7E,0x4C,0x7E,0x4C,0x7E,0x4C,0x7E,0x4C,0x7E,0x4C,0x7E,0x4C,
    0x7E,0x4C,0x7E,0x4C,0x7E,0x4C,0x7E,0x4C,0x7E,0x4C,0x7E,0x4C,0x7E,0x4C,0x7E,0x4C,
    0x7E,0x4C,0x7E,0x4C,0x7E,0x4C,0x7E,0x4C,0x7E,0x4C,0x7E,0x4C,0x7E,0x4C,0x7E,0x4C,
    0x7E,0x4C,0x7E,0x4C,0x7E,0x4C,0x7E,0x4C,0x7E,0x4C,0x7E,0x4C,0x7E,0x4C,0x7E,0x4C,
    0x7E,0x4C,0x7E,0x4C,0x7E,0x4C,0x7E,0x4C,0x7E,0x4C,0x7E,0x4C,0x7E,0x4C,0x7E,0x4C,
    0x7E,0x4C,0x7E,0x4C,0x7E,0x4C,0x7E,0x4C,0x7E,0x4C,0x7E,0x4C,0x7E,0x4C,0x7E,0x4C,
    0x7E,0x4C,0x7E,0x4C,0x7E,0x4C,0x7E,0x4C,0x7E,0x4C,0x7E,0x4C,0x7E,0x4C,0x7E,0x4C,
    0x7E,0x4C,0x7E,0x4C,0x7E,0x4C,0x7E,0x4C,0x7E,0x4C,0x7E,0x4C,0x7E,0x4C,0x7E,0x4C,
    0x7E,0x4C,0x7E,0x4C,0x7E,0x4C,0x7E,0x4C,0x7E,0x4C,0x7E,0x4C,0x7E,0x4C,0x7E,0x4C,
    0x7E,0x4C,0x7E,0x4C,0x7E,0x4C,0x7E,0x4C,0x7E,0x4C,0x7E,0x4C,0x7E,0x4C,0x7E,0x4C,
    0x7E,0x4C,0x7E,0x4C,0x7E,0x4C,0x7E,0x4C,0x7E,0x4C,0x7E,0x4C,0x7E,0x4C,0x7E,0x4C,
    0x7E,0x4C,0x7E,0x4C,0x7E,0x4C,0x7E,0x4C,0x7E,0x4C,0x7E,0x4C,0x7E,0x4C,0x7E,0x4C,
    0x7E,0x4C,0x7E,0x4C,0x7E,0x4C,0x7E,0x4C,0x7E,0x4C,0x7E,0x4C,0x7E,0x4C,0x7E,0x4C,
    0x7E,0x4C,0x7E,0x4C,0x7E,0x4C,0x7E,0x4C,0x7E,0x4C,0x7E,0x4C,0x7E,0x4C,0x7E,0x4C,
    0x7E,0x4C,0x7E,0x4C,0x7E,0x4C,0x7E,0x4C,0x7E,0x4C,0x7E,0x4C,0x7E,0x4C,0x7E,0x4C,
    0x7E,0x4C,0x7E,0x4C,0x7E,0x4C,0x7E,0x4C,0x7E,0x4C,0x7E,0x4C,0x7E,0x4C,0x7E,0x4C,
    0x7E,0x4C,0x7E,0x4C,0x7E,0x4C,0x7E,0x4C,0x7E,0x4C,0x7E,0x4C,0x7E,0x4C,0x7E,0x4C,
    0x7E,0x4C,0x7E,0x4C,0x7E,0x4C,0x7E,0x4C,0x7E,0x4C,0x7E,0x4C,0x7E,0x4C,0x7E,0x4C,
    0x7E,0x4C,0x7E,0x4C,0x7E,0x4C,0x7E,0x4C,0x7E,0x4C,0x7E,0x4C,0x7E,0x4C,0x7E,0x4C,
    0x7E,0x4C,0x7E,0x4C,0x7E,0x4C,0x7E,0x4C,0x7E,0x4C,0x7E,0x4C,0x7E,0x4C,0x7E,0x4C,
    0x7E,0x4C,0x7E,0x4C,0x7E,0x4C,0x7E,0x4C,0x7E,0x4C,0x7E,0x4C,0x7E,0x4C,0x7E,0x4C,
    0x7E,0x4C,0x7E,0x4C,0x7E,0x4C,0x7E,0x4C,0x7E,0x4C,0x7E,0x4C,0x7E,0x4C,0x7E,0x4C,
    0x7E,0x4C,0x7E,0x4C,0x7E,0x4C,0x7E,0x4C,0x7E,0x4C,0x7E,0x4C,0x7E,0x4C,0x7E,0x4C,
    0x7E,0x4C,0x7E,0x4C,0x7E,0x4C,0x7E,0x4C,0x7E,0x4C,0x7E,0x4C,0x7E,0x4C,0x7E,0x4C,
    0x7E,0x4C,0x7E,0x4C,0x7E,0x4C,0x7E,0x4C,0x7E,0x4C,0x7E,0x4C,0x7E,0x4C,0x7E,0x4C,
    0x7E,0x4C,0x7E,0x4C,0x7E,0x4C,0x7E,0x4C,0x7E,0x4C,0x7E,0x4C,0x7E,0x4C,0x7E,0x4C,
    0x7E,0x4C,0x7E,0x4C,0x7E,0x4C,0x7E,0x4C,0x7E,0x4C,0x7E,0x4C,0x7E,0x4C,0x7E,0x4C,
    0x7E,0x4C,0x7E,0x4C,0x7E,0x4C,0x7E,0x4C,0x7E,0x4C,0x7E,0x4C,0x7E,0x4C,0x7E,0x4C,
    0x7E,0x4C,0x7E,0x4C,0x7E,0x4C,0x7E,0x4C,0x7E,0x4C,0x7E,0x4C,0x7E,0x4C,0x7E,0x4C,
    0x7E,0x4C,0x7E,0x4C,0x7E,0x4C,0x7E,0x4C,0x7E,0x4C,0x7E,0x4C,0x7E,0x4C,0x7E,0x4C,
    0x7E,0x4C,0x7E,0x4C,0x7E,0x4C,0x7E,0x4C,0x7E,0x4C,0x7E,0x4C,0x7E,0x4C,0x7E,0x4C,
    0x7E,0x4C,0x7E,0x4C,0x7E,0x4C,0x7E,0x4C,0x7E,0x4C,0x7E,0x4C,0x7E,0x4C,0x7E,0x4C,
    0x7E,0x4C,0x7E,0x4C,0x7E,0x4C,0x7E,0x4C,0x7E,0x4C,0x7E,0x4C,0x7E,0x4C,0x7E,0x4C,
    0x7E,0x4C,0x7E,0x4C,0x7E,0x4C,0x7E,0x4C,0x7E,0x4C,0x7E,0x4C,0x7E,0x4C,0x7E,0x4C,
    0x7E,0x4C,0x7E,0x4C,0x7E,0x4C,0x7E,0x4C,0x7E,0x4C,0x7E,0x4C,0x7E,0x4C,0x7E,0x4C,
    0x7E,0x4C,0x7E,0x4C,0x7E,0x4C,0x7E,0x4C,0x7E,0x4C,0x7E,0x4C,0x7E,0x4C,0x7E,0x4C,
    0x7E,0x4C,0x7E,0x4C,0x7E,0x4C,0x7E,0x4C,0x7E,0x4C,0x7E,0x4C,0x7E,0x4C,0x7E,0x4C,
    0x7E,0x4C,0x7E,0x4C,0x7E,0x4C,0x7E,0x4C,0x7E,0x4C,0x7E,0x4C,0x7E,0x4C,0x7E,0x4C,
    0x7E,0x4C,0x7E,0x4C,0x7E,0x4C,0x7E,0x4C,0x7E,0x4C,0x7E,0x4C,0x7E,0x4C,0x7E,0x4C,
    0x7E,0x4C,0x7E,0x4C,0x7E,0x4C,0x7E,0x4C,0x7E,0x4C,0x7E,0x4C,0x7E,0x4C,0x7E,0x4C,
    0x7E,0x4C,0x7E,0x4C,0x7E,0x4C,0x7E,0x4C,0x7E,0x4C,0x7E,0x4C,0x7E,0x4C,0x7E,0x4C,
    0x7E,0x4C,0x7E,0x4C,0x7E,0x4C,0x7E,0x4C,0x7E,0x4C,0x7E,0x4C,0x7E,0x4C,0x7E,0x4C,
    0x7E,0x4C,0x7E,0x4C,0x7E,0x4C,0x7E,0x4C,0x7E,0x4C,0x7E,0x4C,0x7E,0x4C,0x7E,0x4C,
    0x7E,0x4C,0x7E,0x4C,0x7E,0x4C,0x7E,0x4C,0x7E,0x4C,0x7E,0x4C,0x7E,0x4C,0x7E,0x4C,
    0x7E,0x4C,0x7E,0x4C,0x7E,0x4C,0x7E,0x4C,0x7E,0x4C,0x7E,0x4C,0x7E,0x4C,0x7E,0x4C,
    0x7E,0x4C,0x7E,0x4C,0x7E,0x4C,0x7E,0x4C,0x7E,0x4C,0x7E,0x4C,0x7E,0x4C,0x7E,0x4C,
    0x7E,0x4C,0x7E,0x4C,0x7E,0x4C,0x7E,0x4C,0x7E,0x4C,0x7E,0x4C,0x7E,0x4C,0x7E,0x4C,
    0x7E,0x4C,0x7E,0x4C,0x7E,0x4C,0x7E,0x4C,0x7E,0x4C,0x7E,0x4C,0x7E,0x4C,0x7E,0x4C,
    0x7E,0x4C,0x7E,0x4C,0x7E,0x4C,0x7E,0x4C,0x7E,0x4C,0x7E,0x4C,0x7E,0x4C,0x7E,0x4C,
    0x7E,0x4C,0x7E,0x4C,0x7E,0x4C,0x7E,0x4C,0x7E,0x4C,0x7E,0x4C,0x7E,0x4C,0x7E,0x4C,
    0x7E,0x4C,0x7E,0x4C,0x7E,0x4C,0x7E,0x4C,0x7E,0x4C,0x7E,0x4C,0x7E,0x4C,0x7E,0x4C,
    0x7E,0x4C,0x7E,0x4C,0x7E,0x4C,0x7E,0x4C,0x7E,0x4C,0x7E,0x4C,0x7E,0x4C,0x7E,0x4C,
    0x7E,0x4C,0x7E,0x4C,0x7E,0x4C,0x7E,0x4C,0x7E,0x4C,0x7E,0x4C,0x7E,0x4C,0x7E,0x4C,
    0x7E,0x4C,0x7E,0x4C,0x7E,0x4C,0x7E,0x4C,0x7E,0x4C,0x7E,0x4C,0x7E,0x4C,0x7E,0x4C,
    0x7E,0x4C,0x7E,0x4C,0x7E,0x4C,0x7E,0x4C,0x7E,0x4C,0x7E,0x4C,0x7E,0x4C,0x7E,0x4C,
    0x7E,0x4C,0x7E,0x4C,0x7E,0x4C,0x7E,0x4C,0x7E,0x4C,0x7E,0x4C,0x7E,0x4C,0x7E,0x4C,
    0x7E,0x4C,0x7E,0x4C,0x7E,0x4C,0x7E,0x4C,0x7E,0x4C,0x7E,0x4C,0x7E,0x4C,0x7E,0x4C,
    0x7E,0x4C,0x7E,0x4C,0x7E,0x4C,0x7E,0x4C,0x7E,0x4C,0x7E,0x4C,0x7E,0x4C,0x7E,0x4C,
    0x7E,0x4C,0x7E,0x4C,0x7E,0x4C,0x7E,0x4C,0x7E,0x4C,0x7E,0x4C,0x7E,0x4C,0x7E,0x4C,
    0x7E,0x4C,0x7E,0x4C,0x7E,0x4C,0x7E,0x4C,0x7E,0x4C,0x7E,0x4C,0x7E,0x4C,0x7E,0x4C,
    0x7E,0x4C,0x7E,0x4C,0x7E,0x4C,0x7E,0x4C,0x7E,0x4C,0x7E,0x4C,0x7E,0x4C,0x7E,0x4C,
    0x7E,0x4C,0x7E,0x4C,0x7E,0x4C,0x7E,0x4C,0x7E,0x4C,0x7E,0x4C,0x7E,0x4C,0x7E,0x4C,
    0x7E,0x4C,0x7E,0x4C,0x7E,0x4C,0x7E,0x4C,0x7E,0x4C,0x7E,0x4C,0x7E,0x4C,0x7E,0x4C,
    0x7E,0x4C,0x7E,0x4C,0x7E,0x4C,0x7E,0x4C,0x7E,0x4C,0x7E,0x4C,0x7E,0x4C,0x7E,0x4C,
    0x7E,0x4C,0x7E,0x4C,0x7E,0x4C,0x7E,0x4C,0x7E,0x4C,0x7E,0x4C,0x7E,0x4C,0x7E,0x4C,
    0x7E,0x4C,0x7E,0x4C,0x7E,0x4C,0x7E,0x4C,0x7E,0x4C,0x7E,0x4C,0x7E,0x4C,0x7E,0x4C,
    0x7E,0x4C,0x7E,0x4C,0x7E,0x4C,0x7E,0x4C,0x7E,0x4C,0x7E,0x4C,0x7E,0x4C,0x7E,0x4C,
    0x7E,0x4C,0x7E,0x4C,0x7E,0x4C,0x7E,0x4C,0x7E,0x4C,0x7E,0x4C,0x7E,0x4C,0x7E,0x4C,
    0x7E,0x4C,0x7E,0x4C,0x7E,0x4C,0x7E,0x4C,0x7E,0x4C,0x7E,0x4C,0x7E,0x4C,0x7E,0x4C,
    0x7E,0x4C,0x7E,0x4C,0x7E,0x4C,0x7E,0x4C,0x7E,0x4C,0x7E,0x4C,0x7E,0x4C,0x7E,0x4C,
    0x7E,0x4C,0x7E,0x4C,0x7E,0x4C,0x7E,0x4C,0x7E,0x4C,0x7E,0x4C,0x7E,0x4C,0x7E,0x4C,
    0x7E,0x4C,0x7E,0x4C,0x7E,0x4C,0x7E,0x4C,0x7E,0x4C,0x7E,0x4C,0x7E,0x4C,0x7E,0x4C,
    0x7E,0x4C,0x7E,0x4C,0x7E,0x4C,0x7E,0x4C,0x7E,0x4C,0x7E,0x4C,0x7E,0x4C,0x7E,0x4C,
    0x7E,0x4C,0x7E,0x4C,0x7E,0x4C,0x7E,0x4C,0x7E,0x4C,0x7E,0x4C,0x7E,0x4C,0x7E,0x4C,
    0x7E,0x4C,0x7E,0x4C,0x7E,0x4C,0x7E,0x4C,0x7E,0x4C,0x7E,0x4C,0x7E,0x4C,0x7E,0x4C,
    0x7E,0x4C,0x7E,0x4C,0x7E,0x4C,0x7E,0x4C,0x7E,0x4C,0x7E,0x4C,0x7E,0x4C,0x7E,0x4C,
    0x7E,0x4C,0x7E,0x4C,0x7E,0x4C,0x7E,0x4C,0x7E,0x4C,0x7E,0x4C,0x7E,0x4C,0x7E,0x4C,
    0x7E,0x4C,0x7E,0x4C,0x7E,0x4C,0x7E,0x4C,0x7E,0x4C,0x7E,0x4C,0x7E,0x4C,0x7E,0x4C,
    0x7E,0x4C,0x7E,0x4C,0x7E,0x4C,0x7E,0x4C,0x7E,0x4C,0x7E,0x4C,0x7E,0x4C,0x7E,0x4C,
    0x7E,0x4C,0x7E,0x4C,0x7E,0x4C,0x7E,0x4C,0x7E,0x4C,0x7E,0x4C,0x7E,0x4C,0x7E,0x4C,
    0x7E,0x4C,0x7E,0x4C,0x7E,0x4C,0x7E,0x4C,0x7E,0x4C,0x7E,0x4C,0x7E,0x4C,0x7E,0x4C,
    0x7E,0x4C,0x7E,0x4C,0x7E,0x4C,0x7E,0x4C,0x7E,0x4C,0x7E,0x4C,0x7E,0x4C,0x7E,0x4C,
    0x7E,0x4C,0x7E,0x4C,0x7E,0x4C,0x7E,0x4C,0x7E,0x4C,0x7E,0x4C,0x7E,0x4C,0x7E,0x4C,
    0x7E,0x4C,0x7E,0x4C,0x7E,0x4C,0x7E,0x4C,0x7E,0x4C,0x7E,0x4C,0x7E,0x4C,0x7E,0x4C,
    0x7E,0x4C,0x7E,0x4C,0x7E,0x4C,0x7E,0x4C,0x7E,0x4C,0x7E,0x4C,0x7E,0x4C,0x7E,0x4C,
    0x7E,0x4C,0x7E,0x4C,0x7E,0x4C,0x7E,0x4C,0x7E,0x4C,0x7E,0x4C,0x7E,0x4C,0x7E,0x4C,
    0x7E,0x4C,0x7E,0x4C,0x7E,0x4C,0x7E,0x4C,0x7E,0x4C,0x7E,0x4C,0x7E,0x4C,0x7E,0x4C,
    0x7E,0x4C,0x7E,0x4C,0x7E,0x4C,0x7E,0x4C,0x7E,0x4C,0x7E,0x4C,0x7E,0x4C,0x7E,0x4C,
    0x7E,0x4C,0x7E,0x4C,0x7E,0x4C,0x7E,0x4C,0x7E,0x4C,0x7E,0x4C,0x7E,0x4C,0x7E,0x4C,
    0x7E,0x4C,0x7E,0x4C,0x7E,0x4C,0x7E,0x4C,0x7E,0x4C,0x7E,0x4C,0x7E,0x4C,0x7E,0x4C,
    0x7E,0x4C,0x7E,0x4C,0x7E,0x4C,0x7E,0x4C,0x7E,0x4C,0x7E,0x4C,0x7E,0x4C,0x7E,0x4C,
    0x7E,0x4C,0x7E,0x4C,0x7E,0x4C,0x7E,0x4C,0x7E,0x4C,0x7E,0x4C,0x7E,0x4C,0x7E,0x4C,
    0x7E,0x4C,0x7E,0x4C,0x7E,0x4C,0x7E,0x4C,0x7E,0x4C,0x7E,0x4C,0x7E,0x4C,0x7E,0x4C,
    0x7E,0x4C,0x7E,0x4C,0x7E,0x4C,0x7E,0x4C,0x7E,0x4C,0x7E,0x4C,0x7E,0x4C,0x7E,0x4C,
    0x7E,0x4C,0x7E,0x4C,0x7E,0x4C,0x7E,0x4C,0x7E,0x4C,0x7E,0x4C,0x7E,0x4C,0x7E,0x4C,
    0x7E,0x4C,0x7E,0x4C,0x7E,0x4C,0x7E,0x4C,0x7E,0x4C,0x7E,0x4C,0x7E,0x4C,0x7E,0x4C,
    0x7E,0x4C,0x7E,0x4C,0x7E,0x4C,0x7E,0x4C,0x7E,0x4C,0x7E,0x4C,0x7E,0x4C,0x7E,0x4C,
    0x7E,0x4C,0x7E,0x4C,0x7E,0x4C,0x7E,0x4C,0x7E,0x4C,0x7E,0x4C,0x7E,0x4C,0x7E,0x4C,
    0x7E,0x4C,0x7E,0x4C,0x7E,0x4C,0x7E,0x4C,0x7E,0x4C,0x7E,0x4C,0x7E,0x4C,0x7E,0x4C,
    0x7E,0x4C,0x7E,0x4C,0x7E,0x4C,0x7E,0x4C,0x7E,0x4C,0x7E,0x4C,0x7E,0x4C,0x7E,0x4C,
    0x7E,0x4C,0x7E,0x4C,0x7E,0x4C,0x7E,0x4C,0x7E,0x4C,0x7E,0x4C,0x7E,0x4C,0x7E,0x4C,
    0x7E,0x4C,0x7E,0x4C,0x7E,0x4C,0x7E,0x4C,0x7E,0x4C,0x7E,0x4C,0x7E,0x4C,0x7E,0x4C,
    0x7E,0x4C,0x7E,0x4C,0x7E,0x4C,0x7E,0x4C,0x7E,0x4C,0x7E,0x4C,0x7E,0x4C,0x7E,0x4C,
    0x7E,0x4C,0x7E,0x4C,0x7E,0x4C,0x7E,0x4C,0x7E,0x4C,0x7E,0x4C,0x7E,0x4C,0x7E,0x4C,
    0x7E,0x4C,0x7E,0x4C,0x7E,0x4C,0x7E,0x4C,0x7E,0x4C,0x7E,0x4C,0x7E,0x4C,0x7E,0x4C,
    0x7E,0x4C,0x7E,0x4C,0x7E,0x4C,0x7E,0x4C,0x7E,0x4C,0x7E,0x4C,0x7E,0x4C,0x7E,0x4C,
    0x7E,0x4C,0x7E,0x4C,0x7E,0x4C,0x7E,0x4C,0x7E,0x4C,0x7E,0x4C,0x7E,0x4C,0x7E,0x4C,
    0x7E,0x4C,0x7E,0x4C,0x7E,0x4C,0x7E,0x4C,0x7E,0x4C,0x7E,0x4C,0x7E,0x4C,0x7E,0x4C,
    0x7E,0x4C,0x7E,0x4C,0x7E,0x4C,0x7E,0x4C,0x7E,0x4C,0x7E,0x4C,0x7E,0x4C,0x7E,0x4C,
    0x7E,0x4C,0x7E,0x4C,0x7E,0x4C,0x7E,0x4C,0x7E,0x4C,0x7E,0x4C,0x7E,0x4C,0x7E,0x4C,
    0x7E,0x4C,0x7E,0x4C,0x7E,0x4C,0x7E,0x4C,0x7E,0x4C,0x7E,0x4C,0x7E,0x4C,0x7E,0x4C,
    0x7E,0x4C,0x7E,0x4C,0x7E,0x4C,0x7E,0x4C,0x7E,0x4C,0x7E,0x4C,0x7E,0x4C,0x7E,0x4C,
    0x7E,0x4C,0x7E,0x4C,0x7E,0x4C,0x7E,0x4C,0x7E,0x4C,0x7E,0x4C,0x7E,0x4C,0x7E,0x4C,
    0x7E,0x4C,0x7E,0x4C,0x7E,0x4C,0x7E,0x4C,0x7E,0x4C,0x7E,0x4C,0x7E,0x4C,0x7E,0x4C,
    0x7E,0x4C,0x7E,0x4C,0x7E,0x4C,0x7E,0x4C,0x7E,0x4C,0x7E,0x4C,0x7E,0x4C,0x7E,0x4C,
    0x7E,0x4C,0x7E,0x4C,0x7E,0x4C,0x7E,0x4C,0x7E,0x4C,0x7E,0x4C,0x7E,0x4C,0x7E,0x4C,
    0x7E,0x4C,0x7E,0x4C,0x7E,0x4C,0x7E,0x4C,0x7E,0x4C,0x7E,0x4C,0x7E,0x4C,0x7E,0x4C,
    0x7E,0x4C,0x7E,0x4C,0x7E,0x4C,0x7E,0x4C,0x7E,0x4C,0x7E,0x4C,0x7E,0x4C,0x7E,0x4C,
    0x7E,0x4C,0x7E,0x4C,0x7E,0x4C,0x7E,0x4C,0x7E,0x4C,0x7E,0x4C,0x7E,0x4C,0x7E,0x4C,
    0x7E,0x4C,0x7E,0x4C,0x7E,0x4C,0x7E,0x4C,0x7E,0x4C,0x7E,0x4C,0x7E,0x4C,0x7E,0x4C,
    0x7E,0x4C,0x7E,0x4C,0x7E,0x4C,0x7E,0x4C,0x7E,0x4C,0x7E,0x4C,0x7E,0x4C,0x7E,0x4C,
    0x7E,0x4C,0x7E,0x4C,0x7E,0x4C,0x7E,0x4C,0x7E,0x4C,0x7E,0x4C,0x7E,0x4C,0x7E,0x4C,
    0x7E,0x4C,0x7E,0x4C,0x7E,0x4C,0x7E,0x4C,0x7E,0x4C,0x7E,0x4C,0x7E,0x4C,0x7E,0x4C,
    0x7E,0x4C,0x7E,0x4C,0x7E,0x4C,0x7E,0x4C,0x7E,0x4C,0x7E,0x4C,0x7E,0x4C,0x7E,0x4C,
    0x7E,0x4C,0x7E,0x4C,0x7E,0x4C,0x7E,0x4C,0x7E,0x4C,0x7E,0x4C,0x7E,0x4C,0x7E,0x4C,
    0x7E,0x4C,0x7E,0x4C,0x7E,0x4C,0x7E,0x4C,0x7E,0x4C,0x7E,0x4C,0x7E,0x4C,0x7E,0x4C,
    0x7E,0x4C,0x7E,0x4C,0x7E,0x4C,0x7E,0x4C,0x7E,0x4C,0x7E,0x4C,0x7E,0x4C,0x7E,0x4C,
    0x7E,0x4C,0x7E,0x4C,0x7E,0x4C,0x7E,0x4C,0x7E,0x4C,0x7E,0x4C,0x7E,0x4C,0x7E,0x4C,
    0x7E,0x4C,0x7E,0x4C,0x7E,0x4C,0x7E,0x4C,0x7E,0x4C,0x7E,0x4C,0x7E,0x4C,0x7E,0x4C,
    0x7E,0x4C,0x7E,0x4C,0x7E,0x4C,0x7E,0x4C,0x7E,0x4C,0x7E,0x4C,0x7E,0x4C,0x7E,0x4C,
    0x7E,0x4C,0x7E,0x4C,0x7E,0x4C,0x7E,0x4C,0x7E,0x4C,0x7E,0x4C,0x7E,0x4C,0x7E,0x4C,
    0x7E,0x4C,0x7E,0x4C,0x7E,0x4C,0x7E,0x4C,0x7E,0x4C,0x7E,0x4C,0x7E,0x4C,0x7E,0x4C,
    0x7E,0x4C,0x7E,0x4C,0x7E,0x4C,0x7E,0x4C,0x7E,0x4C,0x7E,0x4C,0x7E,0x4C,0x7E,0x4C,
    0x7E,0x4C,0x7E,0x4C,0x7E,0x4C,0x7E,0x4C,0x7E,0x4C,0x7E,0x4C,0x7E,0x4C,0x7E,0x4C,
    0x7E,0x4C,0x7E,0x4C,0x7E,0x4C,0x7E,0x4C,0x7E,0x4C,0x7E,0x4C,0x7E,0x4C,0x7E,0x4C,
    0x7E,0x4C,0x7E,0x4C,0x7E,0x4C,0x7E,0x4C,0x7E,0x4C,0x7E,0x4C,0x7E,0x4C,0x7E,0x4C,
    0x7E,0x4C,0x7E,0x4C,0x7E,0x4C,0x7E,0x4C,0x7E,0x4C,0x7E,0x4C,0x7E,0x4C,0x7E,0x4C,
    0x7E,0x4C,0x7E,0x4C,0x7E,0x4C,0x7E,0x4C,0x7E,0x4C,0x7E,0x4C,0x7E,0x4C,0x7E,0x4C,
    0x7E,0x4C,0x7E,0x4C,0x7E,0x4C,0x7E,0x4C,0x7E,0x4C,0x7E,0x4C,0x7E,0x4C,0x7E,0x4C,
    0x7E,0x4C,0x7E,0x4C,0x7E,0x4C,0x7E,0x4C,0x7E,0x4C,0x7E,0x4C,0x7E,0x4C,0x7E,0x4C,
    0x7E,0x4C,0x7E,0x4C,0x7E,0x4C,0x7E,0x4C,0x7E,0x4C,0x7E,0x4C,0x7E,0x4C,0x7E,0x4C,
    0x7E,0x4C,0x7E,0x4C,0x7E,0x4C,0x7E,0x4C,0x7E,0x4C,0x7E,0x4C,0x7E,0x4C,0x7E,0x4C,
    0x7E,0x4C,0x7E,0x4C,0x7E,0x4C,0x7E,0x4C,0x7E,0x4C,0x7E,0x4C,0x7E,0x4C,0x7E,0x4C,
    0x7E,0x4C,0x7E,0x4C,0x7E,0x4C,0x7E,0x4C,0x7E,0x4C,0x7E,0x4C,0x7E,0x4C,0x7E,0x4C,
    0x7E,0x4C,0x7E,0x4C,0x7E,0x4C,0x7E,0x4C,0x7E,0x4C,0x7E,0x4C,0x7E,0x4C,0x7E,0x4C,
    0x7E,0x4C,0x7E,0x4C,0x7E,0x4C,0x7E,0x4C,0x7E,0x4C,0x7E,0x4C,0x7E,0x4C,0x7E,0x4C,
    0x7E,0x4C,0x7E,0x4C,0x7E,0x4C,0x7E,0x4C,0x7E,0x4C,0x7E,0x4C,0x7E,0x4C,0x7E,0x4C,
    0x7E,0x4C,0x7E,0x4C,0x7E,0x4C,0x7E,0x4C,0x7E,0x4C,0x7E,0x4C,0x7E,0x4C,0x7E,0x4C,
    0x7E,0x4C,0x7E,0x4C,0x7E,0x4C,0x7E,0x4C,0x7E,0x4C,0x7E,0x4C,0x7E,0x4C,0x7E,0x4C,
    0x7E,0x4C,0x7E,0x4C,0x7E,0x4C,0x7E,0x4C,0x7E,0x4C,0x7E,0x4C,0x7E,0x4C,0x7E,0x4C,
    0x7E,0x4C,0x7E,0x4C,0x7E,0x4C,0x7E,0x4C,0x7E,0x4C,0x7E,0x4C,0x7E,0x4C,0x7E,0x4C,
    0x7E,0x4C,0x7E,0x4C,0x7E,0x4C,0x7E,0x4C,0x7E,0x4C,0x7E,0x4C,0x7E,0x4C,0x7E,0x4C,
    0x7E,0x4C,0x7E,0x4C,0x7E,0x4C,0x7E,0x4C,0x7E,0x4C,0x7E,0x4C,0x7E,0x4C,0x7E,0x4C,
    0x7E,0x4C,0x7E,0x4C,0x7E,0x4C,0x7E,0x4C,0x7E,0x4C,0x7E,0x4C,0x7E,0x4C,0x7E,0x4C,
    0x7E,0x4C,0x7E,0x4C,0x7E,0x4C,0x7E,0x4C,0x7E,0x4C,0x7E,0x4C,0x7E,0x4C,0x7E,0x4C,
    0x7E,0x4C,0x7E,0x4C,0x7E,0x4C,0x7E,0x4C,0x7E,0x4C,0x7E,0x4C,0x7E,0x4C,0x7E,0x4C,
    0x7E,0x4C,0x7E,0x4C,0x7E,0x4C,0x7E,0x4C,0x7E,0x4C,0x7E,0x4C,0x7E,0x4C,0x7E,0x4C,
    0x7E,0x4C,0x7E,0x4C,0x7E,0x4C,0x7E,0x4C,0x7E,0x4C,0x7E,0x4C,0x7E,0x4C,0x7E,0x4C,
    0x7E,0x4C,0x7E,0x4C,0x7E,0x4C,0x7E,0x4C,0x7E,0x4C,0x7E,0x4C,0x7E,0x4C,0x7E,0x4C,
    0x7E,0x4C,0x7E,0x4C,0x7E,0x4C,0x7E,0x4C,0x7E,0x4C,0x7E,0x4C,0x7E,0x4C,0x7E,0x4C,
    0x7E,0x4C,0x7E,0x4C,0x7E,0x4C,0x7E,0x4C,0x7E,0x4C,0x7E,0x4C,0x7E,0x4C,0x7E,0x4C,
    0x7E,0x4C,0x7E,0x4C,0x7E,0x4C,0x7E,0x4C,0x7E,0x4C,0x7E,0x4C,0x7E,0x4C,0x7E,0x4C,
    0x7E,0x4C,0x7E,0x4C,0x7E,0x4C,0x7E,0x4C,0x7E,0x4C,0x7E,0x4C,0x7E,0x4C,0x7E,0x4C,
    0x7E,0x4C,0x7E,0x4C,0x7E,0x4C,0x7E,0x4C,0x7E,0x4C,0x7E,0x4C,0x7E,0x4C,0x7E,0x4C,
    0x7E,0x4C,0x7E,0x4C,0x7E,0x4C,0x7E,0x4C,0x7E,0x4C,0x7E,0x4C,0x7E,0x4C,0x7E,0x4C,
    0x7E,0x4C,0x7E,0x4C,0x7E,0x4C,0x7E,0x4C,0x7E,0x4C,0x7E,0x4C,0x7E,0x4C,0x7E,0x4C,
    0x7E,0x4C,0x7E,0x4C,0x7E,0x4C,0x7E,0x4C,0x7E,0x4C,0x7E,0x4C,0x7E,0x4C,0x7E,0x4C,
    0x7E,0x4C,0x7E,0x4C,0x7E,0x4C,0x7E,0x4C,0x7E,0x4C,0x7E,0x4C,0x7E,0x4C,0x7E,0x4C,
    0x7E,0x4C,0x7E,0x4C,0x7E,0x4C,0x7E,0x4C,0x7E,0x4C,0x7E,0x4C,0x7E,0x4C,0x7E,0x4C,
    0x7E,0x4C,0x7E,0x4C,0x7E,0x4C,0x7E,0x4C,0x7E,0x4C,0x7E,0x4C,0x7E,0x4C,0x7E,0x4C,
    0x7E,0x4C,0x7E,0x4C,0x7E,0x4C,0x7E,0x4C,0x7E,0x4C,0x7E,0x4C,0x7E,0x4C,0x7E,0x4C,
    0x7E,0x4C,0x7E,0x4C,0x7E,0x4C,0x7E,0x4C,0x7E,0x4C,0x7E,0x4C,0x7E,0x4C,0x7E,0x4C,
    0x7E,0x4C,0x7E,0x4C,0x7E,0x4C,0x7E,0x4C,0x7E,0x4C,0x7E,0x4C,0x7E,0x4C,0x7E,0x4C,
    0x7E,0x4C,0x7E,0x4C,0x7E,0x4C,0x7E,0x4C,0x7E,0x4C,0x7E,0x4C,0x7E,0x4C,0x7E,0x4C,
    0x7E,0x4C,0x7E,0x4C,0x7E,0x4C,0x7E,0x4C,0x7E,0x4C,0x7E,0x4C,0x7E,0x4C,0x7E,0x4C,
    0x7E,0x4C,0x7E,0x4C,0x7E,0x4C,0x7E,0x4C,0x7E,0x4C,0x7E,0x4C,0x7E,0x4C,0x7E,0x4C,
    0x7E,0x4C,0x7E,0x4C,0x7E,0x4C,0x7E,0x4C,0x7E,0x4C,0x7E,0x4C,0x7E,0x4C,0x7E,0x4C,
    0x7E,0x4C,0x7E,0x4C,0x7E,0x4C,0x7E,0x4C,0x7E,0x4C,0x7E,0x4C,0x7E,0x4C,0x7E,0x4C,
    0x7E,0x4C,0x7E,0x4C,0x7E,0x4C,0x7E,0x4C,0x7E,0x4C,0x7E,0x4C,0x7E,0x4C,0x7E,0x4C,
    0x7E,0x4C,0x7E,0x4C,0x7E,0x4C,0x7E,0x4C,0x7E,0x4C,0x7E,0x4C,0x7E,0x4C,0x7E,0x4C,
    0x7E,0x4C,0x7E,0x4C,0x7E,0x4C,0x7E,0x4C,0x7E,0x4C,0x7E,0x4C,0x7E,0x4C,0x7E,0x4C,
    0x7E,0x4C,0x7E,0x4C,0x7E,0x4C,0x7E,0x4C,0x7E,0x4C,0x7E,0x4C,0x7E,0x4C,0x7E,0x4C,
    0x7E,0x4C,0x7E,0x4C,0x7E,0x4C,0x7E,0x4C,0x7E,0x4C,0x7E,0x4C,0x7E,0x4C,0x7E,0x4C,
    0x7E,0x4C,0x7E,0x4C,0x7E,0x4C,0x7E,0x4C,0x7E,0x4C,0x7E,0x4C,0x7E,0x4C,0x7E,0x4C,
    0x7E,0x4C,0x7E,0x4C,0x7E,0x4C,0x7E,0x4C,0x7E,0x4C,0x7E,0x4C,0x7E,0x4C,0x7E,0x4C,
    0x7E,0x4C,0x7E,0x4C,0x7E,0x4C,0x7E,0x4C,0x7E,0x4C,0x7E,0x4C,0x7E,0x4C,0x7E,0x4C,
    0x7E,0x4C,0x7E,0x4C,0x7E,0x4C,0x7E,0x4C,0x7E,0x4C,0x7E,0x4C,0x7E,0x4C,0x7E,0x4C,
    0x7E,0x4C,0x7E,0x4C,0x7E,0x4C,0x7E,0x4C,0x7E,0x4C,0x7E,0x4C,0x7E,0x4C,0x7E,0x4C,
    0x7E,0x4C,0x7E,0x4C,0x7E,0x4C,0x7E,0x4C,0x7E,0x4C,0x7E,0x4C,0x7E,0x4C,0x7E,0x4C,
    0x7E,0x4C,0x7E,0x4C,0x7E,0x4C,0x7E,0x4C,0x7E,0x4C,0x7E,0x4C,0x7E,0x4C,0x7E,0x4C,
    0x7E,0x4C,0x7E,0x4C,0x7E,0x4C,0x7E,0x4C,0x7E,0x4C,0x7E,0x4C,0x7E,0x4C,0x7E,0x4C,
    0x7E,0x4C,0x7E,0x4C,0x7E,0x4C,0x7E,0x4C,0x7E,0x4C,0x7E,0x4C,0x7E,0x4C,0x7E,0x4C,
    0x7E,0x4C,0x7E,0x4C,0x7E,0x4C,0x7E,0x4C,0x7E,0x4C,0x7E,0x4C,0x7E,0x4C,0x7E,0x4C,
    0x7E,0x4C,0x7E,0x4C,0x7E,0x4C,0x7E,0x4C,0x7E,0x4C,0x7E,0x4C,0x7E,0x4C,0x7E,0x4C,
    0x7E,0x4C,0x7E,0x4C,0x7E,0x4C,0x7E,0x4C,0x7E,0x4C,0x7E,0x4C,0x7E,0x4C,0x7E,0x4C,
    0x7E,0x4C,0x7E,0x4C,0x7E,0x4C,0x7E,0x4C,0x7E,0x4C,0x7E,0x4C,0x7E,0x4C,0x7E,0x4C,
    0x7E,0x4C,0x7E,0x4C,0x7E,0x4C,0x7E,0x4C,0x7E,0x4C,0x7E,0x4C,0x7E,0x4C,0x7E,0x4C,
    0x7E,0x4C,0x7E,0x4C,0x7E,0x4C,0x7E,0x4C,0x7E,0x4C,0x7E,0x4C,0x7E,0x4C,0x7E,0x4C,
    0x7E,0x4C,0x7E,0x4C,0x7E,0x4C,0x7E,0x4C,0x7E,0x4C,0x7E,0x4C,0x7E,0x4C,0x7E,0x4C,
    0x7E,0x4C,0x7E,0x4C,0x7E,0x4C,0x7E,0x4C,0x7E,0x4C,0x7E,0x4C,0x7E,0x4C,0x7E,0x4C,
    0x7E,0x4C,0x7E,0x4C,0x7E,0x4C,0x7E,0x4C,0x7E,0x4C,0x7E,0x4C,0x7E,0x4C,0x7E,0x4C,
    0x7E,0x4C,0x7E,0x4C,0x7E,0x4C,0x7E,0x4C,0x7E,0x4C,0x7E,0x4C,0x7E,0x4C,0x7E,0x4C,
    0x7E,0x4C,0x7E,0x4C,0x7E,0x4C,0x7E,0x4C,0x7E,0x4C,0x7E,0x4C,0x7E,0x4C,0x7E,0x4C,
    0x7E,0x4C,0x7E,0x4C,0x7E,0x4C,0x7E,0x4C,0x7E,0x4C,0x7E,0x4C,0x7E,0x4C,0x7E,0x4C,
    0x7E,0x4C,0x7E,0x4C,0x7E,0x4C,0x7E,0x4C,0x7E,0x4C,0x7E,0x4C,0x7E,0x4C,0x7E,0x4C,
    0x7E,0x4C,0x7E,0x4C,0x7E,0x4C,0x7E,0x4C,0x7E,0x4C,0x7E,0x4C,0x7E,0x4C,0x7E,0x4C,
    0x7E,0x4C,0x7E,0x4C,0x7E,0x4C,0x7E,0x4C,0x7E,0x4C,0x7E,0x4C,0x7E,0x4C,0x7E,0x4C,
    0x7E,0x4C,0x7E,0x4C,0x7E,0x4C,0x7E,0x4C,0x7E,0x4C,0x7E,0x4C,0x7E,0x4C,0x7E,0x4C,
    0x7E,0x4C,0x7E,0x4C,0x7E,0x4C,0x7E,0x4C,0x7E,0x4C,0x7E,0x4C,0x7E,0x4C,0x7E,0x4C,
    0x7E,0x4C,0x7E,0x4C,0x7E,0x4C,0x7E,0x4C,0x7E,0x4C,0x7E,0x4C,0x7E,0x4C,0x7E,0x4C,
    0x7E,0x4C,0x7E,0x4C,0x7E,0x4C,0x7E,0x4C,0x7E,0x4C,0x7E,0x4C,0x7E,0x4C,0x7E,0x4C,
    0x7E,0x4C,0x7E,0x4C,0x7E,0x4C,0x7E,0x4C,0x7E,0x4C,0x7E,0x4C,0x7E,0x4C,0x7E,0x4C,
    0x7E,0x4C,0x7E,0x4C,0x7E,0x4C,0x7E,0x4C,0x7E,0x4C,0x7E,0x4C,0x7E,0x4C,0x7E,0x4C,
    0x7E,0x4C,0x7E,0x4C,0x7E,0x4C,0x7E,0x4C,0x7E,0x4C,0x7E,0x4C,0x7E,0x4C,0x7E,0x4C,
    0x7E,0x4C,0x7E,0x4C,0x7E,0x4C,0x7E,0x4C,0x7E,0x4C,0x7E,0x4C,0x7E,0x4C,0x7E,0x4C,
    0x7E,0x4C,0x7E,0x4C,0x7E,0x4C,0x7E,0x4C,0x7E,0x4C,0x7E,0x4C,0x7E,0x4C,0x7E,0x4C,
    0x7E,0x4C,0x7E,0x4C,0x7E,0x4C,0x7E,0x4C,0x7E,0x4C,0x7E,0x4C,0x7E,0x4C,0x7E,0x4C,
    0x7E,0x4C,0x7E,0x4C,0x7E,0x4C,0x7E,0x4C,0x7E,0x4C,0x7E,0x4C,0x7E,0x4C,0x7E,0x4C,
    0x7E,0x4C,0x7E,0x4C,0x7E,0x4C,0x7E,0x4C,0x7E,0x4C,0x7E,0x4C,0x7E,0x4C,0x7E,0x4C,
    0x7E,0x4C,0x7E,0x4C,0x7E,0x4C,0x7E,0x4C,0x7E,0x4C,0x7E,0x4C,0x7E,0x4C,0x7E,0x4C,
    0x7E,0x4C,0x7E,0x4C,0x7E,0x4C,0x7E,0x4C,0x7E,0x4C,0x7E,0x4C,0x7E,0x4C,0x7E,0x4C,
    0x7E,0x4C,0x7E,0x4C,0x7E,0x4C,0x7E,0x4C,0x7E,0x4C,0x7E,0x4C,0x7E,0x4C,0x7E,0x4C,
    0x7E,0x4C,0x7E,0x4C,0x7E,0x4C,0x7E,0x4C,0x7E,0x4C,0x7E,0x4C,0x7E,0x4C,0x7E,0x4C,
    0x7E,0x4C,0x7E,0x4C,0x7E,0x4C,0x7E,0x4C,0x7E,0x4C,0x7E,0x4C,0x7E,0x4C,0x7E,0x4C,
    0x7E,0x4C,0x7E,0x4C,0x7E,0x4C,0x7E,0x4C,0x7E,0x4C,0x7E,0x4C,0x7E,0x4C,0x7E,0x4C,
    0x7E,0x4C,0x7E,0x4C,0x7E,0x4C,0x7E,0x4C,0x7E,0x4C,0x7E,0x4C,0x7E,0x4C,0x7E,0x4C,
    0x7E,0x4C,0x7E,0x4C,0x7E,0x4C,0x7E,0x4C,0x7E,0x4C,0x7E,0x4C,0x7E,0x4C,0x7E,0x4C,
    0x7E,0x4C,0x7E,0x4C,0x7E,0x4C,0x7E,0x4C,0x7E,0x4C,0x7E,0x4C,0x7E,0x4C,0x7E,0x4C,
    0x7E,0x4C,0x7E,0x4C,0x7E,0x4C,0x7E,0x4C,0x7E,0x4C,0x7E,0x4C,0x7E,0x4C,0x7E,0x4C,
    0x7E,0x4C,0x7E,0x4C,0x7E,0x4C,0x7E,0x4C,0x7E,0x4C,0x7E,0x4C,0x7E,0x4C,0x7E,0x4C,
    0x7E,0x4C,0x7E,0x4C,0x7E,0x4C,0x7E,0x4C,0x7E,0x4C,0x7E,0x4C,0x7E,0x4C,0x7E,0x4C,
    0x7E,0x4C,0x7E,0x4C,0x7E,0x4C,0x7E,0x4C,0x7E,0x4C,0x7E,0x4C,0x7E,0x4C,0x7E,0x4C,
    0x7E,0x4C,0x7E,0x4C,0x7E,0x4C,0x7E,0x4C,0x7E,0x4C,0x7E,0x4C,0x7E,0x4C,0x7E,0x4C,
    0x7E,0x4C,0x7E,0x4C,0x7E,0x4C,0x7E,0x4C,0x7E,0x4C,0x7E,0x4C,0x7E,0x4C,0x7E,0x4C,
    0x7E,0x4C,0x7E,0x4C,0x7E,0x4C,0x7E,0x4C,0x7E,0x4C,0x7E,0x4C,0x7E,0x4C,0x7E,0x4C,
    0x7E,0x4C,0x7E,0x4C,0x7E,0x4C,0x7E,0x4C,0x7E,0x4C,0x7E,0x4C,0x7E,0x4C,0x7E,0x4C,
    0x7E,0x4C,0x7E,0x4C,0x7E,0x4C,0x7E,0x4C,0x7E,0x4C,0x7E,0x4C,0x7E,0x4C,0x7E,0x4C,
    0x7E,0x4C,0x7E,0x4C,0x7E,0x4C,0x7E,0x4C,0x7E,0x4C,0x7E,0x4C,0x7E,0x4C,0x7E,0x4C,
    0x7E,0x4C,0x7E,0x4C,0x7E,0x4C,0x7E,0x4C,0x7E,0x4C,0x7E,0x4C,0x7E,0x4C,0x7E,0x4C,
    0x7E,0x4C,0x7E,0x4C,0x7E,0x4C,0x7E,0x4C,0x7E,0x4C,0x7E,0x4C,0x7E,0x4C,0x7E,0x4C,
    0x7E,0x4C,0x7E,0x4C,0x7E,0x4C,0x7E,0x4C,0x7E,0x4C,0x7E,0x4C,0x7E,0x4C,0x7E,0x4C,
    0x7E,0x4C,0x7E,0x4C,0x7E,0x4C,0x7E,0x4C,0x7E,0x4C,0x7E,0x4C,0x7E,0x4C,0x7E,0x4C,
    0x7E,0x4C,0x7E,0x4C,0x7E,0x4C,0x7E,0x4C,0x7E,0x4C,0x7E,0x4C,0x7E,0x4C,0x7E,0x4C,
    0x7E,0x4C,0x7E,0x4C,0x7E,0x4C,0x7E,0x4C,0x7E,0x4C,0x7E,0x4C,0x7E,0x4C,0x7E,0x4C,
    0x7E,0x4C,0x7E,0x4C,0x7E,0x4C,0x7E,0x4C,0x7E,0x4C,0x7E,0x4C,0x7E,0x4C,0x7E,0x4C,
    0x7E,0x4C,0x7E,0x4C,0x7E,0x4C,0x7E,0x4C,0x7E,0x4C,0x7E,0x4C,0x7E,0x4C,0x7E,0x4C,
    0x7E,0x4C,0x7E,0x4C,0x7E,0x4C,0x7E,0x4C,0x7E,0x4C,0x7E,0x4C,0x7E,0x4C,0x7E,0x4C,
    0x7E,0x4C,0x7E,0x4C,0x7E,0x4C,0x7E,0x4C,0x7E,0x4C,0x7E,0x4C,0x7E,0x4C,0x7E,0x4C,
    0x7E,0x4C,0x7E,0x4C,0x7E,0x4C,0x7E,0x4C,0x7E,0x4C,0x7E,0x4C,0x7E,0x4C,0x7E,0x4C,
    0x7E,0x4C,0x7E,0x4C,0x7E,0x4C,0x5D,0x4C,0x5D,0x4C,0x7E,0x4C,0x7E,0x4C,0x7E,0x4C,
    0x7E,0x4C,0x7E,0x4C,0x7E,0x4C,0x7E,0x4C,0x7E,0x4C,0x7E,0x4C,0x7E,0x4C,0x7E,0x4C,
    0x7E,0x4C,0x7E,0x4C,0x7E,0x4C,0x7E,0x4C,0x7E,0x4C,0x7E,0x4C,0x7E,0x4C,0x7E,0x4C,
    0x7E,0x4C,0x7E,0x4C,0x7E,0x4C,0x7E,0x4C,0x7E,0x4C,0x7E,0x4C,0x7E,0x4C,0x7E,0x4C,
    0x7E,0x4C,0x7E,0x4C,0x7E,0x4C,0x7E,0x4C,0x7E,0x4C,0x7E,0x4C,0x7E,0x4C,0x7E,0x4C,
    0x7E,0x4C,0x7E,0x4C,0x7E,0x4C,0x7E,0x4C,0x7E,0x4C,0x7E,0x4C,0x7E,0x4C,0x7E,0x4C,
    0x7E,0x4C,0x7E,0x4C,0x7E,0x4C,0x7E,0x4C,0x7E,0x4C,0x7E,0x4C,0x7E,0x4C,0x7E,0x4C,
    0x7E,0x4C,0x7E,0x4C,0x7E,0x4C,0x7E,0x4C,0x7E,0x4C,0x7E,0x4C,0x7E,0x4C,0x7E,0x4C,
    0x7E,0x4C,0x7E,0x4C,0x7E,0x4C,0x7E,0x4C,0x7E,0x4C,0x7E,0x4C,0x7E,0x4C,0x7E,0x4C,
    0x7E,0x4C,0x7E,0x4C,0x7E,0x4C,0x7E,0x4C,0x7E,0x4C,0x7E,0x4C,0x7E,0x4C,0x7E,0x4C,
    0x7E,0x4C,0x7E,0x4C,0x7E,0x4C,0x7E,0x4C,0x7E,0x4C,0x7E,0x4C,0x7E,0x4C,0x7E,0x4C,
    0x7E,0x4C,0x7E,0x4C,0x7E,0x4C,0x7E,0x4C,0x7E,0x4C,0x7E,0x4C,0x7E,0x4C,0x7E,0x4C,
    0x7E,0x4C,0x7E,0x4C,0x7E,0x4C,0x7E,0x4C,0x7E,0x4C,0x7E,0x4C,0x7E,0x4C,0x7E,0x4C,
    0x7E,0x4C,0x7E,0x4C,0x7E,0x4C,0x7E,0x4C,0x7E,0x4C,0x7E,0x4C,0x7E,0x4C,0x7E,0x4C,
    0x7E,0x4C,0x7E,0x4C,0x7E,0x4C,0x7E,0x4C,0x7E,0x4C,0x7E,0x4C,0x7E,0x4C,0x7E,0x4C,
    0x7E,0x4C,0x7E,0x4C,0x7E,0x4C,0xFB,0x43,0xB9,0x43,0x3D,0x4C,0x7E,0x4C,0x7E,0x4C,
    0x7E,0x4C,0x7E,0x4C,0x7E,0x4C,0x7E,0x4C,0x7E,0x4C,0x7E,0x4C,0x7E,0x4C,0x7E,0x4C,
    0x7E,0x4C,0x7E,0x4C,0x7E,0x4C,0x7E,0x4C,0x7E,0x4C,0x7E,0x4C,0x7E,0x4C,0x7E,0x4C,
    0x7E,0x4C,0x7E,0x4C,0x7E,0x4C,0x7E,0x4C,0x7E,0x4C,0x7E,0x4C,0x7E,0x4C,0x7E,0x4C,
    0x7E,0x4C,0x7E,0x4C,0x7E,0x4C,0x7E,0x4C,0x7E,0x4C,0x7E,0x4C,0x7E,0x4C,0x7E,0x4C,
    0x7E,0x4C,0x7E,0x4C,0x7E,0x4C,0x7E,0x4C,0x7E,0x4C,0x7E,0x4C,0x7E,0x4C,0x7E,0x4C,
    0x7E,0x4C,0x7E,0x4C,0x7E,0x4C,0x7E,0x4C,0x7E,0x4C,0x7E,0x4C,0x7E,0x4C,0x7E,0x4C,
    0x7E,0x4C,0x7E,0x4C,0x7E,0x4C,0x7E,0x4C,0x7E,0x4C,0x7E,0x4C,0x7E,0x4C,0x7E,0x4C,
    0x7E,0x4C,0x7E,0x4C,0x7E,0x4C,0x7E,0x4C,0x7E,0x4C,0x7E,0x4C,0x7E,0x4C,0x7E,0x4C,
    0x7E,0x4C,0x7E,0x4C,0x7E,0x4C,0x7E,0x4C,0x7E,0x4C,0x7E,0x4C,0x7E,0x4C,0x7E,0x4C,
    0x7E,0x4C,0x7E,0x4C,0x7E,0x4C,0x7E,0x4C,0x7E,0x4C,0x7E,0x4C,0x7E,0x4C,0x7E,0x4C,
    0x7E,0x4C,0x7E,0x4C,0x7E,0x4C,0x7E,0x4C,0x7E,0x4C,0x7E,0x4C,0x7E,0x4C,0x7E,0x4C,
    0x7E,0x4C,0x7E,0x4C,0x7E,0x4C,0x7E,0x4C,0x7E,0x4C,0x7E,0x4C,0x7E,0x4C,0x7E,0x4C,
    0x7E,0x4C,0x7E,0x4C,0x7E,0x4C,0x7E,0x4C,0x7E,0x4C,0x7E,0x4C,0x7E,0x4C,0x7E,0x4C,
    0x7E,0x4C,0x7E,0x4C,0x7E,0x4C,0x7E,0x4C,0x7E,0x4C,0x7E,0x4C,0x7E,0x4C,0x7E,0x4C,
    0x7E,0x4C,0x7E,0x4C,0x7E,0x4C,0xFB,0x43,0xDA,0x4B,0xB9,0x43,0x1C,0x4C,0x7E,0x4C,
    0x7E,0x4C,0x7E,0x4C,0x7E,0x4C,0x7E,0x4C,0x7E,0x4C,0x7E,0x4C,0x7E,0x4C,0x7E,0x4C,
    0x7E,0x4C,0x7E,0x4C,0x7E,0x4C,0x7E,0x4C,0x7E,0x4C,0x7E,0x4C,0x7E,0x4C,0x7E,0x4C,
    0x7E,0x4C,0x7E,0x4C,0x7E,0x4C,0x7E,0x4C,0x7E,0x4C,0x7E,0x4C,0x7E,0x4C,0x7E,0x4C,
    0x7E,0x4C,0x7E,0x4C,0x7E,0x4C,0x7E,0x4C,0x7E,0x4C,0x7E,0x4C,0x7E,0x4C,0x7E,0x4C,
    0x7E,0x4C,0x7E,0x4C,0x7E,0x4C,0x7E,0x4C,0x7E,0x4C,0x7E,0x4C,0x7E,0x4C,0x7E,0x4C,
    0x7E,0x4C,0x7E,0x4C,0x7E,0x4C,0x7E,0x4C,0x7E,0x4C,0x7E,0x4C,0x7E,0x4C,0x7E,0x4C,
    0x7E,0x4C,0x7E,0x4C,0x7E,0x4C,0x7E,0x4C,0x7E,0x4C,0x7E,0x4C,0x7E,0x4C,0x7E,0x4C,
    0x7E,0x4C,0x7E,0x4C,0x7E,0x4C,0x7E,0x4C,0x7E,0x4C,0x7E,0x4C,0x7E,0x4C,0x7E,0x4C,
    0x7E,0x4C,0x7E,0x4C,0x7E,0x4C,0x7E,0x4C,0x7E,0x4C,0x7E,0x4C,0x7E,0x4C,0x7E,0x4C,
    0x7E,0x4C,0x7E,0x4C,0x7E,0x4C,0x7E,0x4C,0x7E,0x4C,0x7E,0x4C,0x7E,0x4C,0x7E,0x4C,
    0x7E,0x4C,0x7E,0x4C,0x7E,0x4C,0x7E,0x4C,0x7E,0x4C,0x7E,0x4C,0x7E,0x4C,0x7E,0x4C,
    0x7E,0x4C,0x7E,0x4C,0x7E,0x4C,0x7E,0x4C,0x7E,0x4C,0x7E,0x4C,0x7E,0x4C,0x7E,0x4C,
    0x7E,0x4C,0x7E,0x4C,0x7E,0x4C,0x7E,0x4C,0x7E,0x4C,0x7E,0x4C,0x7E,0x4C,0x7E,0x4C,
    0x7E,0x4C,0x7E,0x4C,0x7E,0x4C,0x7E,0x4C,0x7E,0x4C,0x7E,0x4C,0x7E,0x4C,0x7E,0x4C,
    0x7E,0x4C,0x7E,0x4C,0x7E,0x4C,0xFB,0x43,0x5B,0x54,0xDD,0x64,0xD9,0x43,0xFB,0x43,
    0x7E,0x4C,0x7E,0x4C,0x7E,0x4C,0x7E,0x4C,0x7E,0x4C,0x7E,0x4C,0x7E,0x4C,0x7E,0x4C,
    0x7E,0x4C,0x7E,0x4C,0x7E,0x4C,0x7E,0x4C,0x7E,0x4C,0x7E,0x4C,0x7E,0x4C,0x7E,0x4C,
    0x7E,0x4C,0x7E,0x4C,0x7E,0x4C,0x7E,0x4C,0x7E,0x4C,0x7E,0x4C,0x7E,0x4C,0x7E,0x4C,
    0x7E,0x4C,0x7E,0x4C,0x7E,0x4C,0x7E,0x4C,0x7E,0x4C,0x7E,0x4C,0x7E,0x4C,0x7E,0x4C,
    0x7E,0x4C,0x7E,0x4C,0x7E,0x4C,0x7E,0x4C,0x7E,0x4C,0x7E,0x4C,0x7E,0x4C,0x7E,0x4C,
    0x7E,0x4C,0x7E,0x4C,0x7E,0x4C,0x7E,0x4C,0x7E,0x4C,0x7E,0x4C,0x7E,0x4C,0x7E,0x4C,
    0x7E,0x4C,0x7E,0x4C,0x7E,0x4C,0x7E,0x4C,0x7E,0x4C,0x7E,0x4C,0x7E,0x4C,0x7E,0x4C,
    0x7E,0x4C,0x7E,0x4C,0x7E,0x4C,0x7E,0x4C,0x7E,0x4C,0x7E,0x4C,0x7E,0x4C,0x7E,0x4C,
    0x7E,0x4C,0x7E,0x4C,0x7E,0x4C,0x7E,0x4C,0x7E,0x4C,0x7E,0x4C,0x7E,0x4C,0x7E,0x4C,
    0x7E,0x4C,0x7E,0x4C,0x7E,0x4C,0x7E,0x4C,0x7E,0x4C,0x7E,0x4C,0x7E,0x4C,0x7E,0x4C,
    0x7E,0x4C,0x7E,0x4C,0x7E,0x4C,0x7E,0x4C,0x7E,0x4C,0x7E,0x4C,0x7E,0x4C,0x7E,0x4C,
    0x7E,0x4C,0x7E,0x4C,0x7E,0x4C,0x7E,0x4C,0x7E,0x4C,0x7E,0x4C,0x7E,0x4C,0x7E,0x4C,
    0x7E,0x4C,0x7E,0x4C,0x7E,0x4C,0x7E,0x4C,0x7E,0x4C,0x7E,0x4C,0x7E,0x4C,0x7E,0x4C,
    0x7E,0x4C,0x7E,0x4C,0x7E,0x4C,0x7E,0x4C,0x7E,0x4C,0x7E,0x4C,0x7E,0x4C,0x7E,0x4C,
    0x7E,0x4C,0x7E,0x4C,0x7E,0x4C,0xFB,0x43,0x5B,0x54,0x3E,0x75,0xFE,0x6C,0xFA,0x43,
    0xDA,0x43,0x5E,0x4C,0x7E,0x4C,0x7E,0x4C,0x7E,0x4C,0x7E,0x4C,0x7E,0x4C,0x7E,0x4C,
    0x7E,0x4C,0x7E,0x4C,0x7E,0x4C,0x7E,0x4C,0x7E,0x4C,0x7E,0x4C,0x7E,0x4C,0x7E,0x4C,
    0x7E,0x4C,0x7E,0x4C,0x7E,0x4C,0x7E,0x4C,0x7E,0x4C,0x7E,0x4C,0x7E,0x4C,0x7E,0x4C,
    0x7E,0x4C,0x7E,0x4C,0x7E,0x4C,0x7E,0x4C,0x7E,0x4C,0x7E,0x4C,0x7E,0x4C,0x7E,0x4C,
    0x7E,0x4C,0x7E,0x4C,0x7E,0x4C,0x7E,0x4C,0x7E,0x4C,0x7E,0x4C,0x7E,0x4C,0x7E,0x4C,
    0x7E,0x4C,0x7E,0x4C,0x7E,0x4C,0x7E,0x4C,0x7E,0x4C,0x7E,0x4C,0x7E,0x4C,0x7E,0x4C,
    0x7E,0x4C,0x7E,0x4C,0x7E,0x4C,0x7E,0x4C,0x7E,0x4C,0x7E,0x4C,0x7E,0x4C,0x7E,0x4C,
    0x7E,0x4C,0x7E,0x4C,0x7E,0x4C,0x7E,0x4C,0x7E,0x4C,0x7E,0x4C,0x7E,0x4C,0x7E,0x4C,
    0x7E,0x4C,0x7E,0x4C,0x7E,0x4C,0x7E,0x4C,0x7E,0x4C,0x7E,0x4C,0x7E,0x4C,0x7E,0x4C,
    0x7E,0x4C,0x7E,0x4C,0x7E,0x4C,0x7E,0x4C,0x7E,0x4C,0x7E,0x4C,0x7E,0x4C,0x7E,0x4C,
    0x7E,0x4C,0x7E,0x4C,0x7E,0x4C,0x7E,0x4C,0x7E,0x4C,0x7E,0x4C,0x7E,0x4C,0x7E,0x4C,
    0x7E,0x4C,0x7E,0x4C,0x7E,0x4C,0x7E,0x4C,0x7E,0x4C,0x7E,0x4C,0x7E,0x4C,0x7E,0x4C,
    0x7E,0x4C,0x7E,0x4C,0x7E,0x4C,0x7E,0x4C,0x7E,0x4C,0x7E,0x4C,0x7E,0x4C,0x7E,0x4C,
    0x7E,0x4C,0x7E,0x4C,0x7E,0x4C,0x7E,0x4C,0x7E,0x4C,0x7E,0x4C,0x7E,0x4C,0x7E,0x4C,
    0x7E,0x4C,0x7E,0x4C,0x7E,0x4C,0xFB,0x43,0x5B,0x54,0x3E,0x75,0x3E,0x75,0x1E,0x75,
    0x1A,0x4C,0xDA,0x43,0x5D,0x4C,0x7E,0x4C,0x7E,0x4C,0x7E,0x4C,0x7E,0x4C,0x7E,0x4C,
    0x7E,0x4C,0x7E,0x4C,0x7E,0x4C,0x7E,0x4C,0x7E,0x4C,0x7E,0x4C,0x7E,0x4C,0x7E,0x4C,
    0x7E,0x4C,0x7E,0x4C,0x7E,0x4C,0x7E,0x4C,0x7E,0x4C,0x7E,0x4C,0x7E,0x4C,0x7E,0x4C,
    0x7E,0x4C,0x7E,0x4C,0x7E,0x4C,0x7E,0x4C,0x7E,0x4C,0x7E,0x4C,0x7E,0x4C,0x7E,0x4C,
    0x7E,0x4C,0x7E,0x4C,0x7E,0x4C,0x7E,0x4C,0x7E,0x4C,0x7E,0x4C,0x7E,0x4C,0x7E,0x4C,
    0x7E,0x4C,0x7E,0x4C,0x7E,0x4C,0x7E,0x4C,0x7E,0x4C,0x7E,0x4C,0x7E,0x4C,0x7E,0x4C,
    0x7E,0x4C,0x7E,0x4C,0x7E,0x4C,0x7E,0x4C,0x7E,0x4C,0x7E,0x4C,0x7E,0x4C,0x7E,0x4C,
    0x7E,0x4C,0x7E,0x4C,0x7E,0x4C,0x7E,0x4C,0x7E,0x4C,0x7E,0x4C,0x7E,0x4C,0x7E,0x4C,
    0x7E,0x4C,0x7E,0x4C,0x7E,0x4C,0x7E,0x4C,0x7E,0x4C,0x7E,0x4C,0x7E,0x4C,0x7E,0x4C,
    0x7E,0x4C,0x7E,0x4C,0x7E,0x4C,0x7E,0x4C,0x7E,0x4C,0x7E,0x4C,0x7E,0x4C,0x7E,0x4C,
    0x7E,0x4C,0x7E,0x4C,0x7E,0x4C,0x7E,0x4C,0x7E,0x4C,0x7E,0x4C,0x7E,0x4C,0x7E,0x4C,
    0x7E,0x4C,0x7E,0x4C,0x7E,0x4C,0x7E,0x4C,0x7E,0x4C,0x7E,0x4C,0x7E,0x4C,0x7E,0x4C,
    0x7E,0x4C,0x7E,0x4C,0x7E,0x4C,0x7E,0x4C,0x7E,0x4C,0x7E,0x4C,0x7E,0x4C,0x7E,0x4C,
    0x7E,0x4C,0x7E,0x4C,0x7E,0x4C,0x7E,0x4C,0x7E,0x4C,0x7E,0x4C,0x7E,0x4C,0x7E,0x4C,
    0x7E,0x4C,0x7E,0x4C,0x7E,0x4C,0xFB,0x43,0x5B,0x54,0x3E,0x75,0x3E,0x75,0x3E,0x75,
    0x3E,0x75,0x3B,0x54,0xD9,0x43,0x3D,0x4C,0x7E,0x4C,0x7E,0x4C,0x7E,0x4C,0x7E,0x4C,
    0x7E,0x4C,0x7E,0x4C,0x7E,0x4C,0x7E,0x4C,0x7E,0x4C,0x7E,0x4C,0x7E,0x4C,0x7E,0x4C,
    0x7E,0x4C,0x7E,0x4C,0x7E,0x4C,0x7E,0x4C,0x7E,0x4C,0x7E,0x4C,0x7E,0x4C,0x7E,0x4C,
    0x7E,0x4C,0x7E,0x4C,0x7E,0x4C,0x7E,0x4C,0x7E,0x4C,0x7E,0x4C,0x7E,0x4C,0x7E,0x4C,
    0x7E,0x4C,0x7E,0x4C,0x7E,0x4C,0x7E,0x4C,0x7E,0x4C,0x7E,0x4C,0x7E,0x4C,0x7E,0x4C,
    0x7E,0x4C,0x7E,0x4C,0x7E,0x4C,0x7E,0x4C,0x7E,0x4C,0x7E,0x4C,0x7E,0x4C,0x7E,0x4C,
    0x7E,0x4C,0x7E,0x4C,0x7E,0x4C,0x7E,0x4C,0x7E,0x4C,0x7E,0x4C,0x7E,0x4C,0x7E,0x4C,
    0x7E,0x4C,0x7E,0x4C,0x7E,0x4C,0x7E,0x4C,0x7E,0x4C,0x7E,0x4C,0x7E,0x4C,0x7E,0x4C,
    0x7E,0x4C,0x7E,0x4C,0x7E,0x4C,0x7E,0x4C,0x7E,0x4C,0x7E,0x4C,0x7E,0x4C,0x7E,0x4C,
    0x7E,0x4C,0x7E,0x4C,0x7E,0x4C,0x7E,0x4C,0x7E,0x4C,0x7E,0x4C,0x7E,0x4C,0x7E,0x4C,
    0x7E,0x4C,0x7E,0x4C,0x7E,0x4C,0x7E,0x4C,0x7E,0x4C,0x7E,0x4C,0x7E,0x4C,0x7E,0x4C,
    0x7E,0x4C,0x7E,0x4C,0x7E,0x4C,0x7E,0x4C,0x7E,0x4C,0x7E,0x4C,0x7E,0x4C,0x7E,0x4C,
    0x7E,0x4C,0x7E,0x4C,0x7E,0x4C,0x7E,0x4C,0x7E,0x4C,0x7E,0x4C,0x7E,0x4C,0x7E,0x4C,
    0x7E,0x4C,0x7E,0x4C,0x7E,0x4C,0x7E,0x4C,0x7E,0x4C,0x7E,0x4C,0x7E,0x4C,0x7E,0x4C,
    0x7E,0x4C,0x7E,0x4C,0x7E,0x4C,0xFB,0x43,0x5B,0x54,0x3E,0x75,0x3E,0x75,0x3E,0x75,
    0x3E,0x75,0x3E,0x75,0x7C,0x5C,0xB9,0x43,0x1C,0x4C,0x7E,0x4C,0x7E,0x4C,0x7E,0x4C,
    0x7E,0x4C,0x7E,0x4C,0x7E,0x4C,0x7E,0x4C,0x7E,0x4C,0x7E,0x4C,0x7E,0x4C,0x7E,0x4C,
    0x7E,0x4C,0x7E,0x4C,0x7E,0x4C,0x7E,0x4C,0x7E,0x4C,0x7E,0x4C,0x7E,0x4C,0x7E,0x4C,
    0x7E,0x4C,0x7E,0x4C,0x7E,0x4C,0x7E,0x4C,0x7E,0x4C,0x7E,0x4C,0x7E,0x4C,0x7E,0x4C,
    0x7E,0x4C,0x7E,0x4C,0x7E,0x4C,0x7E,0x4C,0x7E,0x4C,0x7E,0x4C,0x7E,0x4C,0x7E,0x4C,
    0x7E,0x4C,0x7E,0x4C,0x7E,0x4C,0x7E,0x4C,0x7E,0x4C,0x7E,0x4C,0x7E,0x4C,0x7E,0x4C,
    0x7E,0x4C,0x7E,0x4C,0x7E,0x4C,0x7E,0x4C,0x7E,0x4C,0x7E,0x4C,0x7E,0x4C,0x7E,0x4C,
    0x7E,0x4C,0x7E,0x4C,0x7E,0x4C,0x7E,0x4C,0x7E,0x4C,0x7E,0x4C,0x7E,0x4C,0x7E,0x4C,
    0x7E,0x4C,0x7E,0x4C,0x7E,0x4C,0x7E,0x4C,0x7E,0x4C,0x7E,0x4C,0x7E,0x4C,0x7E,0x4C,
    0x7E,0x4C,0x7E,0x4C,0x7E,0x4C,0x7E,0x4C,0x7E,0x4C,0x7E,0x4C,0x7E,0x4C,0x7E,0x4C,
    0x7E,0x4C,0x7E,0x4C,0x7E,0x4C,0x7E,0x4C,0x7E,0x4C,0x7E,0x4C,0x7E,0x4C,0x7E,0x4C,
    0x7E,0x4C,0x7E,0x4C,0x7E,0x4C,0x7E,0x4C,0x7E,0x4C,0x7E,0x4C,0x7E,0x4C,0x7E,0x4C,
    0x7E,0x4C,0x7E,0x4C,0x7E,0x4C,0x7E,0x4C,0x7E,0x4C,0x7E,0x4C,0x7E,0x4C,0x7E,0x4C,
    0x7E,0x4C,0x7E,0x4C,0x7E,0x4C,0x7E,0x4C,0x7E,0x4C,0x7E,0x4C,0x7E,0x4C,0x7E,0x4C,
    0x7E,0x4C,0x7E,0x4C,0x7E,0x4C,0xFB,0x43,0x5B,0x54,0x3E,0x75,0x3E,0x75,0x3E,0x75,
    0x3E,0x75,0x3E,0x75,0x3E,0x75,0xBD,0x64,0xB9,0x43,0xFB,0x43,0x7E,0x4C,0x7E,0x4C,
    0x7E,0x4C,0x7E,0x4C,0x7E,0x4C,0x7E,0x4C,0x7E,0x4C,0x7E,0x4C,0x7E,0x4C,0x7E,0x4C,
    0x7E,0x4C,0x7E,0x4C,0x7E,0x4C,0x7E,0x4C,0x7E,0x4C,0x7E,0x4C,0x7E,0x4C,0x7E,0x4C,
    0x7E,0x4C,0x7E,0x4C,0x7E,0x4C,0x7E,0x4C,0x7E,0x4C,0x7E,0x4C,0x7E,0x4C,0x7E,0x4C,
    0x7E,0x4C,0x7E,0x4C,0x7E,0x4C,0x7E,0x4C,0x7E,0x4C,0x7E,0x4C,0x7E,0x4C,0x7E,0x4C,
    0x7E,0x4C,0x7E,0x4C,0x7E,0x4C,0x7E,0x4C,0x7E,0x4C,0x7E,0x4C,0x7E,0x4C,0x7E,0x4C,
    0x7E,0x4C,0x7E,0x4C,0x7E,0x4C,0x7E,0x4C,0x7E,0x4C,0x7E,0x4C,0x7E,0x4C,0x7E,0x4C,
    0x7E,0x4C,0x7E,0x4C,0x7E,0x4C,0x7E,0x4C,0x7E,0x4C,0x7E,0x4C,0x7E,0x4C,0x7E,0x4C,
    0x7E,0x4C,0x7E,0x4C,0x7E,0x4C,0x7E,0x4C,0x7E,0x4C,0x7E,0x4C,0x7E,0x4C,0x7E,0x4C,
    0x7E,0x4C,0x7E,0x4C,0x7E,0x4C,0x7E,0x4C,0x7E,0x4C,0x7E,0x4C,0x7E,0x4C,0x7E,0x4C,
    0x7E,0x4C,0x7E,0x4C,0x7E,0x4C,0x7E,0x4C,0x7E,0x4C,0x7E,0x4C,0x7E,0x4C,0x7E,0x4C,
    0x7E,0x4C,0x7E,0x4C,0x7E,0x4C,0x7E,0x4C,0x7E,0x4C,0x7E,0x4C,0x7E,0x4C,0x7E,0x4C,
    0x7E,0x4C,0x7E,0x4C,0x7E,0x4C,0x7E,0x4C,0x7E,0x4C,0x7E,0x4C,0x7E,0x4C,0x7E,0x4C,
    0x7E,0x4C,0x7E,0x4C,0x7E,0x4C,0x7E,0x4C,0x7E,0x4C,0x7E,0x4C,0x7E,0x4C,0x7E,0x4C,
    0x7E,0x4C,0x7E,0x4C,0x7E,0x4C,0xFB,0x43,0x5B,0x54,0x3E,0x75,0x3E,0x75,0x3E,0x75,
    0x3E,0x75,0x3E,0x75,0x3E,0x75,0x3E,0x75,0xDD,0x6C,0x98,0x43,0xDA,0x43,0x5E,0x4C,
    0x7E,0x4C,0x7E,0x4C,0x7E,0x4C,0x7E,0x4C,0x7E,0x4C,0x7E,0x4C,0x7E,0x4C,0x7E,0x4C,
    0x7E,0x4C,0x7E,0x4C,0x7E,0x4C,0x7E,0x4C,0x7E,0x4C,0x7E,0x4C,0x7E,0x4C,0x7E,0x4C,
    0x7E,0x4C,0x7E,0x4C,0x7E,0x4C,0x7E,0x4C,0x7E,0x4C,0x7E,0x4C,0x7E,0x4C,0x7E,0x4C,
    0x7E,0x4C,0x7E,0x4C,0x7E,0x4C,0x7E,0x4C,0x7E,0x4C,0x7E,0x4C,0x7E,0x4C,0x7E,0x4C,
    0x7E,0x4C,0x7E,0x4C,0x7E,0x4C,0x7E,0x4C,0x7E,0x4C,0x7E,0x4C,0x7E,0x4C,0x7E,0x4C,
    0x7E,0x4C,0x7E,0x4C,0x7E,0x4C,0x7E,0x4C,0x7E,0x4C,0x7E,0x4C,0x7E,0x4C,0x7E,0x4C,
    0x7E,0x4C,0x7E,0x4C,0x7E,0x4C,0x7E,0x4C,0x7E,0x4C,0x7E,0x4C,0x7E,0x4C,0x7E,0x4C,
    0x7E,0x4C,0x7E,0x4C,0x7E,0x4C,0x7E,0x4C,0x7E,0x4C,0x7E,0x4C,0x7E,0x4C,0x7E,0x4C,
    0x7E,0x4C,0x7E,0x4C,0x7E,0x4C,0x7E,0x4C,0x7E,0x4C,0x7E,0x4C,0x7E,0x4C,0x7E,0x4C,
    0x7E,0x4C,0x7E,0x4C,0x7E,0x4C,0x7E,0x4C,0x7E,0x4C,0x7E,0x4C,0x7E,0x4C,0x7E,0x4C,
    0x7E,0x4C,0x7E,0x4C,0x7E,0x4C,0x7E,0x4C,0x7E,0x4C,0x7E,0x4C,0x7E,0x4C,0x7E,0x4C,
    0x7E,0x4C,0x7E,0x4C,0x7E,0x4C,0x7E,0x4C,0x7E,0x4C,0x7E,0x4C,0x7E,0x4C,0x7E,0x4C,
    0x7E,0x4C,0x7E,0x4C,0x7E,0x4C,0x7E,0x4C,0x7E,0x4C,0x7E,0x4C,0x7E,0x4C,0x7E,0x4C,
    0x7E,0x4C,0x7E,0x4C,0x7E,0x4C,0xFB,0x43,0x5B,0x54,0x3E,0x75,0x3E,0x75,0x3E,0x75,
    0x3E,0x75,0x3E,0x75,0x3E,0x75,0x3E,0x75,0x3E,0x75,0xD6,0x53,0x13,0x3B,0x98,0x43,
    0x5E,0x4C,0x7E,0x4C,0x7E,0x4C,0x7E,0x4C,0x7E,0x4C,0x7E,0x4C,0x7E,0x4C,0x7E,0x4C,
    0x7E,0x4C,0x7E,0x4C,0x7E,0x4C,0x7E,0x4C,0x7E,0x4C,0x7E,0x4C,0x7E,0x4C,0x7E,0x4C,
    0x7E,0x4C,0x7E,0x4C,0x7E,0x4C,0x7E,0x4C,0x7E,0x4C,0x7E,0x4C,0x7E,0x4C,0x7E,0x4C,
    0x7E,0x4C,0x7E,0x4C,0x7E,0x4C,0x7E,0x4C,0x7E,0x4C,0x7E,0x4C,0x7E,0x4C,0x7E,0x4C,
    0x7E,0x4C,0x7E,0x4C,0x7E,0x4C,0x7E,0x4C,0x7E,0x4C,0x7E,0x4C,0x7E,0x4C,0x7E,0x4C,
    0x7E,0x4C,0x7E,0x4C,0x7E,0x4C,0x7E,0x4C,0x7E,0x4C,0x7E,0x4C,0x7E,0x4C,0x7E,0x4C,
    0x7E,0x4C,0x7E,0x4C,0x7E,0x4C,0x7E,0x4C,0x7E,0x4C,0x7E,0x4C,0x7E,0x4C,0x7E,0x4C,
    0x7E,0x4C,0x7E,0x4C,0x7E,0x4C,0x7E,0x4C,0x7E,0x4C,0x7E,0x4C,0x7E,0x4C,0x7E,0x4C,
    0x7E,0x4C,0x7E,0x4C,0x7E,0x4C,0x7E,0x4C,0x7E,0x4C,0x7E,0x4C,0x7E,0x4C,0x7E,0x4C,
    0x7E,0x4C,0x7E,0x4C,0x7E,0x4C,0x7E,0x4C,0x7E,0x4C,0x7E,0x4C,0x7E,0x4C,0x7E,0x4C,
    0x7E,0x4C,0x7E,0x4C,0x7E,0x4C,0x7E,0x4C,0x7E,0x4C,0x7E,0x4C,0x7E,0x4C,0x7E,0x4C,
    0x7E,0x4C,0x7E,0x4C,0x7E,0x4C,0x7E,0x4C,0x7E,0x4C,0x7E,0x4C,0x7E,0x4C,0x7E,0x4C,
    0x7E,0x4C,0x7E,0x4C,0x7E,0x4C,0x7E,0x4C,0x7E,0x4C,0x7E,0x4C,0x7E,0x4C,0x7E,0x4C,
    0x7E,0x4C,0x7E,0x4C,0x7E,0x4C,0xFB,0x43,0x5B,0x54,0x3E,0x75,0x3E,0x75,0x3E,0x75,
    0x3E,0x75,0x3E,0x75,0x3E,0x75,0x3E,0x75,0x3E,0x75,0xD6,0x53,0xB5,0x53,0x13,0x3B,
    0x77,0x3B,0x3D,0x4C,0x7E,0x4C,0x7E,0x4C,0x7E,0x4C,0x7E,0x4C,0x7E,0x4C,0x7E,0x4C,
    0x7E,0x4C,0x7E,0x4C,0x7E,0x4C,0x7E,0x4C,0x7E,0x4C,0x7E,0x4C,0x7E,0x4C,0x7E,0x4C,
    0x7E,0x4C,0x7E,0x4C,0x7E,0x4C,0x7E,0x4C,0x7E,0x4C,0x7E,0x4C,0x7E,0x4C,0x7E,0x4C,
    0x7E,0x4C,0x7E,0x4C,0x7E,0x4C,0x7E,0x4C,0x7E,0x4C,0x7E,0x4C,0x7E,0x4C,0x7E,0x4C,
    0x7E,0x4C,0x7E,0x4C,0x7E,0x4C,0x7E,0x4C,0x7E,0x4C,0x7E,0x4C,0x7E,0x4C,0x7E,0x4C,
    0x7E,0x4C,0x7E,0x4C,0x7E,0x4C,0x7E,0x4C,0x7E,0x4C,0x7E,0x4C,0x7E,0x4C,0x7E,0x4C,
    0x7E,0x4C,0x7E,0x4C,0x7E,0x4C,0x7E,0x4C,0x7E,0x4C,0x7E,0x4C,0x7E,0x4C,0x7E,0x4C,
    0x7E,0x4C,0x7E,0x4C,0x7E,0x4C,0x7E,0x4C,0x7E,0x4C,0x7E,0x4C,0x7E,0x4C,0x7E,0x4C,
    0x7E,0x4C,0x7E,0x4C,0x7E,0x4C,0x7E,0x4C,0x7E,0x4C,0x7E,0x4C,0x7E,0x4C,0x7E,0x4C,
    0x7E,0x4C,0x7E,0x4C,0x7E,0x4C,0x7E,0x4C,0x7E,0x4C,0x7E,0x4C,0x7E,0x4C,0x7E,0x4C,
    0x7E,0x4C,0x7E,0x4C,0x7E,0x4C,0x7E,0x4C,0x7E,0x4C,0x7E,0x4C,0x7E,0x4C,0x7E,0x4C,
    0x7E,0x4C,0x7E,0x4C,0x7E,0x4C,0x7E,0x4C,0x7E,0x4C,0x7E,0x4C,0x7E,0x4C,0x7E,0x4C,
    0x7E,0x4C,0x7E,0x4C,0x7E,0x4C,0x7E,0x4C,0x7E,0x4C,0x7E,0x4C,0x7E,0x4C,0x7E,0x4C,
    0x7E,0x4C,0x7E,0x4C,0x7E,0x4C,0xFB,0x43,0x5B,0x54,0x3E,0x75,0x3E,0x75,0x3E,0x75,
    0x3E,0x75,0x3E,0x75,0x3E,0x75,0x3E,0x75,0x3E,0x75,0xD6,0x53,0xFA,0x7C,0x99,0x74,
    0x13,0x3B,0x36,0x3B,0x3D,0x4C,0x7E,0x4C,0x7E,0x4C,0x7E,0x4C,0x7E,0x4C,0x7E,0x4C,
    0x7E,0x4C,0x7E,0x4C,0x7E,0x4C,0x7E,0x4C,0x7E,0x4C,0x7E,0x4C,0x7E,0x4C,0x7E,0x4C,
    0x7E,0x4C,0x7E,0x4C,0x7E,0x4C,0x7E,0x4C,0x7E,0x4C,0x7E,0x4C,0x7E,0x4C,0x7E,0x4C,
    0x7E,0x4C,0x7E,0x4C,0x7E,0x4C,0x7E,0x4C,0x7E,0x4C,0x7E,0x4C,0x7E,0x4C,0x7E,0x4C,
    0x7E,0x4C,0x7E,0x4C,0x7E,0x4C,0x7E,0x4C,0x7E,0x4C,0x7E,0x4C,0x7E,0x4C,0x7E,0x4C,
    0x7E,0x4C,0x7E,0x4C,0x7E,0x4C,0x7E,0x4C,0x7E,0x4C,0x7E,0x4C,0x7E,0x4C,0x7E,0x4C,
    0x7E,0x4C,0x7E,0x4C,0x7E,0x4C,0x7E,0x4C,0x7E,0x4C,0x7E,0x4C,0x7E,0x4C,0x7E,0x4C,
    0x7E,0x4C,0x7E,0x4C,0x7E,0x4C,0x7E,0x4C,0x7E,0x4C,0x7E,0x4C,0x7E,0x4C,0x7E,0x4C,
    0x7E,0x4C,0x7E,0x4C,0x7E,0x4C,0x7E,0x4C,0x7E,0x4C,0x7E,0x4C,0x7E,0x4C,0x7E,0x4C,
    0x7E,0x4C,0x7E,0x4C,0x7E,0x4C,0x7E,0x4C,0x7E,0x4C,0x7E,0x4C,0x7E,0x4C,0x7E,0x4C,
    0x7E,0x4C,0x7E,0x4C,0x7E,0x4C,0x7E,0x4C,0x7E,0x4C,0x7E,0x4C,0x7E,0x4C,0x7E,0x4C,
    0x7E,0x4C,0x7E,0x4C,0x7E,0x4C,0x7E,0x4C,0x7E,0x4C,0x7E,0x4C,0x7E,0x4C,0x7E,0x4C,
    0x7E,0x4C,0x7E,0x4C,0x7E,0x4C,0x7E,0x4C,0x7E,0x4C,0x7E,0x4C,0x7E,0x4C,0x7E,0x4C,
    0x7E,0x4C,0x7E,0x4C,0x7E,0x4C,0xFB,0x43,0x5B,0x54,0x3E,0x75,0x3E,0x75,0x3E,0x75,
    0x3E,0x75,0x3E,0x75,0x3E,0x75,0x3E,0x75,0x3E,0x75,0xD6,0x53,0xFA,0x7C,0x3F,0xAE,
    0x1B,0x85,0x54,0x43,0x15,0x33,0x1C,0x44,0x7E,0x4C,0x7E,0x4C,0x7E,0x4C,0x7E,0x4C,
    0x7E,0x4C,0x7E,0x4C,0x7E,0x4C,0x7E,0x4C,0x7E,0x4C,0x7E,0x4C,0x7E,0x4C,0x7E,0x4C,
    0x7E,0x4C,0x7E,0x4C,0x7E,0x4C,0x7E,0x4C,0x7E,0x4C,0x7E,0x4C,0x7E,0x4C,0x7E,0x4C,
    0x7E,0x4C,0x7E,0x4C,0x7E,0x4C,0x7E,0x4C,0x7E,0x4C,0x7E,0x4C,0x7E,0x4C,0x7E,0x4C,
    0x7E,0x4C,0x7E,0x4C,0x7E,0x4C,0x7E,0x4C,0x7E,0x4C,0x7E,0x4C,0x7E,0x4C,0x7E,0x4C,
    0x7E,0x4C,0x7E,0x4C,0x7E,0x4C,0x7E,0x4C,0x7E,0x4C,0x7E,0x4C,0x7E,0x4C,0x7E,0x4C,
    0x7E,0x4C,0x7E,0x4C,0x7E,0x4C,0x7E,0x4C,0x7E,0x4C,0x7E,0x4C,0x7E,0x4C,0x7E,0x4C,
    0x7E,0x4C,0x7E,0x4C,0x7E,0x4C,0x7E,0x4C,0x7E,0x4C,0x7E,0x4C,0x7E,0x4C,0x7E,0x4C,
    0x7E,0x4C,0x7E,0x4C,0x7E,0x4C,0x7E,0x4C,0x7E,0x4C,0x7E,0x4C,0x7E,0x4C,0x7E,0x4C,
    0x7E,0x4C,0x7E,0x4C,0x7E,0x4C,0x7E,0x4C,0x7E,0x4C,0x7E,0x4C,0x7E,0x4C,0x7E,0x4C,
    0x7E,0x4C,0x7E,0x4C,0x7E,0x4C,0x7E,0x4C,0x7E,0x4C,0x7E,0x4C,0x7E,0x4C,0x7E,0x4C,
    0x7E,0x4C,0x7E,0x4C,0x7E,0x4C,0x7E,0x4C,0x7E,0x4C,0x7E,0x4C,0x7E,0x4C,0x7E,0x4C,
    0x7E,0x4C,0x7E,0x4C,0x7E,0x4C,0x7E,0x4C,0x7E,0x4C,0x7E,0x4C,0x7E,0x4C,0x7E,0x4C,
    0x7E,0x4C,0x7E,0x4C,0x7E,0x4C,0xFB,0x43,0x5B,0x54,0x3E,0x75,0x3E,0x75,0x3E,0x75,
    0x3E,0x75,0x3E,0x75,0x3E,0x75,0x3E,0x75,0x3E,0x75,0xD6,0x53,0xFA,0x7C,0x3F,0xAE,
    0x3F,0xAE,0x7C,0x8D,0x75,0x4B,0x14,0x33,0xFA,0x43,0x7E,0x4C,0x7E,0x4C,0x7E,0x4C,
    0x7E,0x4C,0x7E,0x4C,0x7E,0x4C,0x7E,0x4C,0x7E,0x4C,0x7E,0x4C,0x7E,0x4C,0x7E,0x4C,
    0x7E,0x4C,0x7E,0x4C,0x7E,0x4C,0x7E,0x4C,0x7E,0x4C,0x7E,0x4C,0x7E,0x4C,0x7E,0x4C,
    0x7E,0x4C,0x7E,0x4C,0x7E,0x4C,0x7E,0x4C,0x7E,0x4C,0x7E,0x4C,0x7E,0x4C,0x7E,0x4C,
    0x7E,0x4C,0x7E,0x4C,0x7E,0x4C,0x7E,0x4C,0x7E,0x4C,0x7E,0x4C,0x7E,0x4C,0x7E,0x4C,
    0x7E,0x4C,0x7E,0x4C,0x7E,0x4C,0x7E,0x4C,0x7E,0x4C,0x7E,0x4C,0x7E,0x4C,0x7E,0x4C,
    0x7E,0x4C,0x7E,0x4C,0x7E,0x4C,0x7E,0x4C,0x7E,0x4C,0x7E,0x4C,0x7E,0x4C,0x7E,0x4C,
    0x7E,0x4C,0x7E,0x4C,0x7E,0x4C,0x7E,0x4C,0x7E,0x4C,0x7E,0x4C,0x7E,0x4C,0x7E,0x4C,
    0x7E,0x4C,0x7E,0x4C,0x7E,0x4C,0x7E,0x4C,0x7E,0x4C,0x7E,0x4C,0x7E,0x4C,0x7E,0x4C,
    0x7E,0x4C,0x7E,0x4C,0x7E,0x4C,0x7E,0x4C,0x7E,0x4C,0x7E,0x4C,0x7E,0x4C,0x7E,0x4C,
    0x7E,0x4C,0x7E,0x4C,0x7E,0x4C,0x7E,0x4C,0x7E,0x4C,0x7E,0x4C,0x7E,0x4C,0x7E,0x4C,
    0x7E,0x4C,0x7E,0x4C,0x7E,0x4C,0x7E,0x4C,0x7E,0x4C,0x7E,0x4C,0x7E,0x4C,0x7E,0x4C,
    0x7E,0x4C,0x7E,0x4C,0x7E,0x4C,0x7E,0x4C,0x7E,0x4C,0x7E,0x4C,0x7E,0x4C,0x7E,0x4C,
    0x7E,0x4C,0x7E,0x4C,0x7E,0x4C,0xFB,0x43,0x5B,0x54,0x3E,0x75,0x3E,0x75,0x3E,0x75,
    0x3E,0x75,0x3E,0x75,0x3E,0x75,0x3E,0x75,0x3E,0x75,0xD6,0x53,0xFA,0x7C,0x3F,0xAE,
    0x3F,0xAE,0x3F,0xAE,0xBD,0x95,0xB6,0x53,0xF3,0x32,0xB9,0x43,0x5E,0x4C,0x7E,0x4C,
    0x7E,0x4C,0x7E,0x4C,0x7E,0x4C,0x7E,0x4C,0x7E,0x4C,0x7E,0x4C,0x7E,0x4C,0x7E,0x4C,
    0x7E,0x4C,0x7E,0x4C,0x7E,0x4C,0x7E,0x4C,0x7E,0x4C,0x7E,0x4C,0x7E,0x4C,0x7E,0x4C,
    0x7E,0x4C,0x7E,0x4C,0x7E,0x4C,0x7E,0x4C,0x7E,0x4C,0x7E,0x4C,0x7E,0x4C,0x7E,0x4C,
    0x7E,0x4C,0x7E,0x4C,0x7E,0x4C,0x7E,0x4C,0x7E,0x4C,0x7E,0x4C,0x7E,0x4C,0x7E,0x4C,
    0x7E,0x4C,0x7E,0x4C,0x7E,0x4C,0x7E,0x4C,0x7E,0x4C,0x7E,0x4C,0x7E,0x4C,0x7E,0x4C,
    0x7E,0x4C,0x7E,0x4C,0x7E,0x4C,0x7E,0x4C,0x7E,0x4C,0x7E,0x4C,0x7E,0x4C,0x7E,0x4C,
    0x7E,0x4C,0x7E,0x4C,0x7E,0x4C,0x7E,0x4C,0x7E,0x4C,0x7E,0x4C,0x7E,0x4C,0x7E,0x4C,
    0x7E,0x4C,0x7E,0x4C,0x7E,0x4C,0x7E,0x4C,0x7E,0x4C,0x7E,0x4C,0x7E,0x4C,0x7E,0x4C,
    0x7E,0x4C,0x7E,0x4C,0x7E,0x4C,0x7E,0x4C,0x7E,0x4C,0x7E,0x4C,0x7E,0x4C,0x7E,0x4C,
    0x7E,0x4C,0x7E,0x4C,0x7E,0x4C,0x7E,0x4C,0x7E,0x4C,0x7E,0x4C,0x7E,0x4C,0x7E,0x4C,
    0x7E,0x4C,0x7E,0x4C,0x7E,0x4C,0x7E,0x4C,0x7E,0x4C,0x7E,0x4C,0x7E,0x4C,0x7E,0x4C,
    0x7E,0x4C,0x7E,0x4C,0x7E,0x4C,0x7E,0x4C,0x7E,0x4C,0x7E,0x4C,0x7E,0x4C,0x7E,0x4C,
    0x7E,0x4C,0x7E,0x4C,0x7E,0x4C,0xFB,0x43,0x5B,0x54,0x3E,0x75,0x3E,0x75,0x3E,0x75,
    0x3E,0x75,0x3E,0x75,0x3E,0x75,0x3E,0x75,0x3E,0x75,0xD6,0x53,0xFA,0x7C,0x1E,0xA6,
    0x1E,0xA6,0xFE,0x9D,0xDD,0x9D,0x7C,0x8D,0x75,0x4B,0xD2,0x32,0x98,0x3B,0x7E,0x4C,
    0x7E,0x4C,0x7E,0x4C,0x7E,0x4C,0x7E,0x4C,0x7E,0x4C,0x7E,0x4C,0x7E,0x4C,0x7E,0x4C,
    0x7E,0x4C,0x7E,0x4C,0x7E,0x4C,0x7E,0x4C,0x7E,0x4C,0x7E,0x4C,0x7E,0x4C,0x7E,0x4C,
    0x7E,0x4C,0x7E,0x4C,0x7E,0x4C,0x7E,0x4C,0x7E,0x4C,0x7E,0x4C,0x7E,0x4C,0x7E,0x4C,
    0x7E,0x4C,0x7E,0x4C,0x7E,0x4C,0x7E,0x4C,0x7E,0x4C,0x7E,0x4C,0x7E,0x4C,0x7E,0x4C,
    0x7E,0x4C,0x7E,0x4C,0x7E,0x4C,0x7E,0x4C,0x7E,0x4C,0x7E,0x4C,0x7E,0x4C,0x7E,0x4C,
    0x7E,0x4C,0x7E,0x4C,0x7E,0x4C,0x7E,0x4C,0x7E,0x4C,0x7E,0x4C,0x7E,0x4C,0x7E,0x4C,
    0x7E,0x4C,0x7E,0x4C,0x7E,0x4C,0x7E,0x4C,0x7E,0x4C,0x7E,0x4C,0x7E,0x4C,0x7E,0x4C,
    0x7E,0x4C,0x7E,0x4C,0x7E,0x4C,0x7E,0x4C,0x7E,0x4C,0x7E,0x4C,0x7E,0x4C,0x7E,0x4C,
    0x7E,0x4C,0x7E,0x4C,0x7E,0x4C,0x7E,0x4C,0x7E,0x4C,0x7E,0x4C,0x7E,0x4C,0x7E,0x4C,
    0x7E,0x4C,0x7E,0x4C,0x7E,0x4C,0x7E,0x4C,0x7E,0x4C,0x7E,0x4C,0x7E,0x4C,0x7E,0x4C,
    0x7E,0x4C,0x7E,0x4C,0x7E,0x4C,0x7E,0x4C,0x7E,0x4C,0x7E,0x4C,0x7E,0x4C,0x7E,0x4C,
    0x7E,0x4C,0x7E,0x4C,0x7E,0x4C,0x7E,0x4C,0x7E,0x4C,0x7E,0x4C,0x7E,0x4C,0x7E,0x4C,
    0x7E,0x4C,0x7E,0x4C,0x7E,0x4C,0xFB,0x43,0x5B,0x54,0x3E,0x75,0x3E,0x75,0x3E,0x75,
    0x3E,0x75,0x3E,0x75,0x3E,0x75,0x3E,0x75,0x3E,0x75,0xB6,0x53,0x17,0x5C,0x5B,0x8D,
    0x5B,0x8D,0x5C,0x8D,0x7C,0x8D,0x7C,0x8D,0x5C,0x85,0xB6,0x4B,0x14,0x33,0xFA,0x43,
    0x7E,0x4C,0x7E,0x4C,0x7E,0x4C,0x7E,0x4C,0x7E,0x4C,0x7E,0x4C,0x7E,0x4C,0x7E,0x4C,
    0x7E,0x4C,0x7E,0x4C,0x7E,0x4C,0x7E,0x4C,0x7E,0x4C,0x7E,0x4C,0x7E,0x4C,0x7E,0x4C,
    0x7E,0x4C,0x7E,0x4C,0x7E,0x4C,0x7E,0x4C,0x7E,0x4C,0x7E,0x4C,0x7E,0x4C,0x7E,0x4C,
    0x7E,0x4C,0x7E,0x4C,0x7E,0x4C,0x7E,0x4C,0x7E,0x4C,0x7E,0x4C,0x7E,0x4C,0x7E,0x4C,
    0x7E,0x4C,0x7E,0x4C,0x7E,0x4C,0x7E,0x4C,0x7E,0x4C,0x7E,0x4C,0x7E,0x4C,0x7E,0x4C,
    0x7E,0x4C,0x7E,0x4C,0x7E,0x4C,0x7E,0x4C,0x7E,0x4C,0x7E,0x4C,0x7E,0x4C,0x7E,0x4C,
    0x7E,0x4C,0x7E,0x4C,0x7E,0x4C,0x7E,0x4C,0x7E,0x4C,0x7E,0x4C,0x7E,0x4C,0x7E,0x4C,
    0x7E,0x4C,0x7E,0x4C,0x7E,0x4C,0x7E,0x4C,0x7E,0x4C,0x7E,0x4C,0x7E,0x4C,0x7E,0x4C,
    0x7E,0x4C,0x7E,0x4C,0x7E,0x4C,0x7E,0x4C,0x7E,0x4C,0x7E,0x4C,0x7E,0x4C,0x7E,0x4C,
    0x7E,0x4C,0x7E,0x4C,0x7E,0x4C,0x7E,0x4C,0x7E,0x4C,0x7E,0x4C,0x7E,0x4C,0x7E,0x4C,
    0x7E,0x4C,0x7E,0x4C,0x7E,0x4C,0x7E,0x4C,0x7E,0x4C,0x7E,0x4C,0x7E,0x4C,0x7E,0x4C,
    0x7E,0x4C,0x7E,0x4C,0x7E,0x4C,0x7E,0x4C,0x7E,0x4C,0x7E,0x4C,0x7E,0x4C,0x7E,0x4C,
    0x7E,0x4C,0x7E,0x4C,0x7E,0x4C,0xFB,0x43,0x5B,0x54,0x3E,0x75,0x3E,0x75,0x3E,0x75,
    0x3E,0x75,0x3E,0x75,0x3E,0x75,0x3E,0x75,0x3E,0x75,0xD6,0x53,0x37,0x64,0x7D,0x8D,
    0xBF,0x95,0xBF,0x95,0xBF,0x95,0xBF,0x95,0xBF,0x95,0xBF,0x8D,0x95,0x4B,0x91,0x2A,
    0xB9,0x43,0x5E,0x4C,0x7E,0x4C,0x7E,0x4C,0x7E,0x4C,0x7E,0x4C,0x7E,0x4C,0x7E,0x4C,
    0x7E,0x4C,0x7E,0x4C,0x7E,0x4C,0x7E,0x4C,0x7E,0x4C,0x7E,0x4C,0x7E,0x4C,0x7E,0x4C,
    0x7E,0x4C,0x7E,0x4C,0x7E,0x4C,0x7E,0x4C,0x7E,0x4C,0x7E,0x4C,0x7E,0x4C,0x7E,0x4C,
    0x7E,0x4C,0x7E,0x4C,0x7E,0x4C,0x7E,0x4C,0x7E,0x4C,0x7E,0x4C,0x7E,0x4C,0x7E,0x4C,
    0x7E,0x4C,0x7E,0x4C,0x7E,0x4C,0x7E,0x4C,0x7E,0x4C,0x7E,0x4C,0x7E,0x4C,0x7E,0x4C,
    0x7E,0x4C,0x7E,0x4C,0x7E,0x4C,0x7E,0x4C,0x7E,0x4C,0x7E,0x4C,0x7E,0x4C,0x7E,0x4C,
    0x7E,0x4C,0x7E,0x4C,0x7E,0x4C,0x7E,0x4C,0x7E,0x4C,0x7E,0x4C,0x7E,0x4C,0x7E,0x4C,
    0x7E,0x4C,0x7E,0x4C,0x7E,0x4C,0x7E,0x4C,0x7E,0x4C,0x7E,0x4C,0x7E,0x4C,0x7E,0x4C,
    0x7E,0x4C,0x7E,0x4C,0x7E,0x4C,0x7E,0x4C,0x7E,0x4C,0x7E,0x4C,0x7E,0x4C,0x7E,0x4C,
    0x7E,0x4C,0x7E,0x4C,0x7E,0x4C,0x7E,0x4C,0x7E,0x4C,0x7E,0x4C,0x7E,0x4C,0x7E,0x4C,
    0x7E,0x4C,0x7E,0x4C,0x7E,0x4C,0x7E,0x4C,0x7E,0x4C,0x7E,0x4C,0x7E,0x4C,0x7E,0x4C,
    0x7E,0x4C,0x7E,0x4C,0x7E,0x4C,0x7E,0x4C,0x7E,0x4C,0x7E,0x4C,0x7E,0x4C,0x7E,0x4C,
    0x7E,0x4C,0x7E,0x4C,0x7E,0x4C,0xFB,0x43,0x5B,0x54,0x3E,0x75,0x3E,0x75,0x3E,0x75,
    0xDD,0x6C,0xDA,0x43,0xDD,0x6C,0x3E,0x75,0x3E,0x75,0xD6,0x53,0x99,0x74,0x5C,0x8D,
    0xBE,0x95,0xBF,0x95,0xBF,0x95,0xBF,0x95,0xBF,0x95,0xBF,0x95,0xB4,0x5B,0x8F,0x32,
    0x4F,0x2A,0x77,0x3B,0x5E,0x4C,0x7E,0x4C,0x7E,0x4C,0x7E,0x4C,0x7E,0x4C,0x7E,0x4C,
    0x7E,0x4C,0x7E,0x4C,0x7E,0x4C,0x7E,0x4C,0x7E,0x4C,0x7E,0x4C,0x7E,0x4C,0x7E,0x4C,
    0x7E,0x4C,0x7E,0x4C,0x7E,0x4C,0x7E,0x4C,0x7E,0x4C,0x7E,0x4C,0x7E,0x4C,0x7E,0x4C,
    0x7E,0x4C,0x7E,0x4C,0x7E,0x4C,0x7E,0x4C,0x7E,0x4C,0x7E,0x4C,0x7E,0x4C,0x7E,0x4C,
    0x7E,0x4C,0x7E,0x4C,0x7E,0x4C,0x7E,0x4C,0x7E,0x4C,0x7E,0x4C,0x7E,0x4C,0x7E,0x4C,
    0x7E,0x4C,0x7E,0x4C,0x7E,0x4C,0x7E,0x4C,0x7E,0x4C,0x7E,0x4C,0x7E,0x4C,0x7E,0x4C,
    0x7E,0x4C,0x7E,0x4C,0x7E,0x4C,0x7E,0x4C,0x7E,0x4C,0x7E,0x4C,0x7E,0x4C,0x7E,0x4C,
    0x7E,0x4C,0x7E,0x4C,0x7E,0x4C,0x7E,0x4C,0x7E,0x4C,0x7E,0x4C,0x7E,0x4C,0x7E,0x4C,
    0x7E,0x4C,0x7E,0x4C,0x7E,0x4C,0x7E,0x4C,0x7E,0x4C,0x7E,0x4C,0x7E,0x4C,0x7E,0x4C,
    0x7E,0x4C,0x7E,0x4C,0x7E,0x4C,0x7E,0x4C,0x7E,0x4C,0x7E,0x4C,0x7E,0x4C,0x7E,0x4C,
    0x7E,0x4C,0x7E,0x4C,0x7E,0x4C,0x7E,0x4C,0x7E,0x4C,0x7E,0x4C,0x7E,0x4C,0x7E,0x4C,
    0x7E,0x4C,0x7E,0x4C,0x7E,0x4C,0x7E,0x4C,0x7E,0x4C,0x7E,0x4C,0x7E,0x4C,0x7E,0x4C,
    0x7E,0x4C,0x7E,0x4C,0x7E,0x4C,0xFB,0x43,0x5B,0x54,0x3E,0x75,0x3E,0x75,0xDD,0x6C,
    0xD9,0x43,0xD9,0x43,0x3B,0x54,0x3E,0x75,0x3E,0x75,0xD6,0x53,0xFA,0x7C,0x7C,0x8D,
    0x9D,0x8D,0xBF,0x95,0xBF,0x95,0xBF,0x95,0xBF,0x95,0xBF,0x95,0xB4,0x5B,0x51,0x4B,
    0xCF,0x3A,0x4E,0x2A,0x36,0x3B,0x3D,0x4C,0x7E,0x4C,0x7E,0x4C,0x7E,0x4C,0x7E,0x4C,
    0x7E,0x4C,0x7E,0x4C,0x7E,0x4C,0x7E,0x4C,0x7E,0x4C,0x7E,0x4C,0x7E,0x4C,0x7E,0x4C,
    0x7E,0x4C,0x7E,0x4C,0x7E,0x4C,0x7E,0x4C,0x7E,0x4C,0x7E,0x4C,0x7E,0x4C,0x7E,0x4C,
    0x7E,0x4C,0x7E,0x4C,0x7E,0x4C,0x7E,0x4C,0x7E,0x4C,0x7E,0x4C,0x7E,0x4C,0x7E,0x4C,
    0x7E,0x4C,0x7E,0x4C,0x7E,0x4C,0x7E,0x4C,0x7E,0x4C,0x7E,0x4C,0x7E,0x4C,0x7E,0x4C,
    0x7E,0x4C,0x7E,0x4C,0x7E,0x4C,0x7E,0x4C,0x7E,0x4C,0x7E,0x4C,0x7E,0x4C,0x7E,0x4C,
    0x7E,0x4C,0x7E,0x4C,0x7E,0x4C,0x7E,0x4C,0x7E,0x4C,0x7E,0x4C,0x7E,0x4C,0x7E,0x4C,
    0x7E,0x4C,0x7E,0x4C,0x7E,0x4C,0x7E,0x4C,0x7E,0x4C,0x7E,0x4C,0x7E,0x4C,0x7E,0x4C,
    0x7E,0x4C,0x7E,0x4C,0x7E,0x4C,0x7E,0x4C,0x7E,0x4C,0x7E,0x4C,0x7E,0x4C,0x7E,0x4C,
    0x7E,0x4C,0x7E,0x4C,0x7E,0x4C,0x7E,0x4C,0x7E,0x4C,0x7E,0x4C,0x7E,0x4C,0x7E,0x4C,
    0x7E,0x4C,0x7E,0x4C,0x7E,0x4C,0x7E,0x4C,0x7E,0x4C,0x7E,0x4C,0x7E,0x4C,0x7E,0x4C,
    0x7E,0x4C,0x7E,0x4C,0x7E,0x4C,0x7E,0x4C,0x7E,0x4C,0x7E,0x4C,0x7E,0x4C,0x7E,0x4C,
    0x7E,0x4C,0x7E,0x4C,0x7E,0x4C,0xFB,0x43,0x5B,0x54,0x3E,0x75,0xFD,0x6C,0xD9,0x43,
    0x1B,0x44,0x5D,0x4C,0xB9,0x43,0xFE,0x6C,0x3E,0x75,0xD6,0x53,0xFA,0x7C,0xDD,0x9D,
    0x5C,0x8D,0xBF,0x95,0xBF,0x95,0xBF,0x95,0xBF,0x95,0xBF,0x95,0xB4,0x5B,0x14,0x6C,
    0xFB,0xAD,0x11,0x4B,0x4E,0x2A,0x14,0x33,0x3C,0x4C,0x7E,0x4C,0x7E,0x4C,0x7E,0x4C,
    0x7E,0x4C,0x7E,0x4C,0x7E,0x4C,0x7E,0x4C,0x7E,0x4C,0x7E,0x4C,0x7E,0x4C,0x7E,0x4C,
    0x7E,0x4C,0x7E,0x4C,0x7E,0x4C,0x7E,0x4C,0x7E,0x4C,0x7E,0x4C,0x7E,0x4C,0x7E,0x4C,
    0x7E,0x4C,0x7E,0x4C,0x7E,0x4C,0x7E,0x4C,0x7E,0x4C,0x7E,0x4C,0x7E,0x4C,0x7E,0x4C,
    0x7E,0x4C,0x7E,0x4C,0x7E,0x4C,0x7E,0x4C,0x7E,0x4C,0x7E,0x4C,0x7E,0x4C,0x7E,0x4C,
    0x7E,0x4C,0x7E,0x4C,0x7E,0x4C,0x7E,0x4C,0x7E,0x4C,0x7E,0x4C,0x7E,0x4C,0x7E,0x4C,
    0x7E,0x4C,0x7E,0x4C,0x7E,0x4C,0x7E,0x4C,0x7E,0x4C,0x7E,0x4C,0x7E,0x4C,0x7E,0x4C,
    0x7E,0x4C,0x7E,0x4C,0x7E,0x4C,0x7E,0x4C,0x7E,0x4C,0x7E,0x4C,0x7E,0x4C,0x7E,0x4C,
    0x7E,0x4C,0x7E,0x4C,0x7E,0x4C,0x7E,0x4C,0x7E,0x4C,0x7E,0x4C,0x7E,0x4C,0x7E,0x4C,
    0x7E,0x4C,0x7E,0x4C,0x7E,0x4C,0x7E,0x4C,0x7E,0x4C,0x7E,0x4C,0x7E,0x4C,0x7E,0x4C,
    0x7E,0x4C,0x7E,0x4C,0x7E,0x4C,0x7E,0x4C,0x7E,0x4C,0x7E,0x4C,0x7E,0x4C,0x7E,0x4C,
    0x7E,0x4C,0x7E,0x4C,0x7E,0x4C,0x7E,0x4C,0x7E,0x4C,0x7E,0x4C,0x7E,0x4C,0x7E,0x4C,
    0x7E,0x4C,0x7E,0x4C,0x7E,0x4C,0xFB,0x43,0x5B,0x54,0xFD,0x6C,0xD9,0x43,0xFB,0x43,
    0x7E,0x4C,0x7E,0x4C,0xFA,0x43,0x5B,0x54,0x3E,0x75,0xD6,0x53,0xFA,0x7C,0x3F,0xA6,
    0x7C,0x8D,0x9D,0x8D,0xBF,0x95,0xBF,0x95,0xBF,0x95,0xBF,0x95,0xB4,0x5B,0x14,0x6C,
    0x1F,0xD7,0x7D,0xBE,0x92,0x53,0x4E,0x2A,0xD2,0x32,0xFB,0x43,0x7E,0x4C,0x7E,0x4C,
    0x7E,0x4C,0x7E,0x4C,0x7E,0x4C,0x7E,0x4C,0x7E,0x4C,0x7E,0x4C,0x7E,0x4C,0x7E,0x4C,
    0x7E,0x4C,0x7E,0x4C,0x7E,0x4C,0x7E,0x4C,0x7E,0x4C,0x7E,0x4C,0x7E,0x4C,0x7E,0x4C,
    0x7E,0x4C,0x7E,0x4C,0x7E,0x4C,0x7E,0x4C,0x7E,0x4C,0x7E,0x4C,0x7E,0x4C,0x7E,0x4C,
    0x7E,0x4C,0x7E,0x4C,0x7E,0x4C,0x7E,0x4C,0x7E,0x4C,0x7E,0x4C,0x7E,0x4C,0x7E,0x4C,
    0x7E,0x4C,0x7E,0x4C,0x7E,0x4C,0x7E,0x4C,0x7E,0x4C,0x7E,0x4C,0x7E,0x4C,0x7E,0x4C,
    0x7E,0x4C,0x7E,0x4C,0x7E,0x4C,0x7E,0x4C,0x7E,0x4C,0x7E,0x4C,0x7E,0x4C,0x7E,0x4C,
    0x7E,0x4C,0x7E,0x4C,0x7E,0x4C,0x7E,0x4C,0x7E,0x4C,0x7E,0x4C,0x7E,0x4C,0x7E,0x4C,
    0x7E,0x4C,0x7E,0x4C,0x7E,0x4C,0x7E,0x4C,0x7E,0x4C,0x7E,0x4C,0x7E,0x4C,0x7E,0x4C,
    0x7E,0x4C,0x7E,0x4C,0x7E,0x4C,0x7E,0x4C,0x7E,0x4C,0x7E,0x4C,0x7E,0x4C,0x7E,0x4C,
    0x7E,0x4C,0x7E,0x4C,0x7E,0x4C,0x7E,0x4C,0x7E,0x4C,0x7E,0x4C,0x7E,0x4C,0x7E,0x4C,
    0x7E,0x4C,0x7E,0x4C,0x7E,0x4C,0x7E,0x4C,0x7E,0x4C,0x7E,0x4C,0x7E,0x4C,0x7E,0x4C,
    0x7E,0x4C,0x7E,0x4C,0x7E,0x4C,0xFB,0x43,0x1A,0x4C,0xD9,0x43,0x1B,0x44,0x7E,0x4C,
    0x7E,0x4C,0x7E,0x4C,0x3D,0x4C,0xB9,0x43,0x1E,0x75,0xD6,0x53,0xFA,0x7C,0x3F,0xAE,
    0xDD,0x9D,0x7C,0x8D,0xBF,0x95,0xBF,0x95,0xBF,0x95,0xBF,0x95,0xB4,0x5B,0x14,0x6C,
    0x1F,0xD7,0x1F,0xD7,0xDE,0xC6,0xF4,0x63,0x4E,0x2A,0x91,0x2A,0xDA,0x43,0x7E,0x4C,
    0x7E,0x4C,0x7E,0x4C,0x7E,0x4C,0x7E,0x4C,0x7E,0x4C,0x7E,0x4C,0x7E,0x4C,0x7E,0x4C,
    0x7E,0x4C,0x7E,0x4C,0x7E,0x4C,0x7E,0x4C,0x7E,0x4C,0x7E,0x4C,0x7E,0x4C,0x7E,0x4C,
    0x7E,0x4C,0x7E,0x4C,0x7E,0x4C,0x7E,0x4C,0x7E,0x4C,0x7E,0x4C,0x7E,0x4C,0x7E,0x4C,
    0x7E,0x4C,0x7E,0x4C,0x7E,0x4C,0x7E,0x4C,0x7E,0x4C,0x7E,0x4C,0x7E,0x4C,0x7E,0x4C,
    0x7E,0x4C,0x7E,0x4C,0x7E,0x4C,0x7E,0x4C,0x7E,0x4C,0x7E,0x4C,0x7E,0x4C,0x7E,0x4C,
    0x7E,0x4C,0x7E,0x4C,0x7E,0x4C,0x7E,0x4C,0x7E,0x4C,0x7E,0x4C,0x7E,0x4C,0x7E,0x4C,
    0x7E,0x4C,0x7E,0x4C,0x7E,0x4C,0x7E,0x4C,0x7E,0x4C,0x7E,0x4C,0x7E,0x4C,0x7E,0x4C,
    0x7E,0x4C,0x7E,0x4C,0x7E,0x4C,0x7E,0x4C,0x7E,0x4C,0x7E,0x4C,0x7E,0x4C,0x7E,0x4C,
    0x7E,0x4C,0x7E,0x4C,0x7E,0x4C,0x7E,0x4C,0x7E,0x4C,0x7E,0x4C,0x7E,0x4C,0x7E,0x4C,
    0x7E,0x4C,0x7E,0x4C,0x7E,0x4C,0x7E,0x4C,0x7E,0x4C,0x7E,0x4C,0x7E,0x4C,0x7E,0x4C,
    0x7E,0x4C,0x7E,0x4C,0x7E,0x4C,0x7E,0x4C,0x7E,0x4C,0x7E,0x4C,0x7E,0x4C,0x7E,0x4C,
    0x7E,0x4C,0x7E,0x4C,0x7E,0x4C,0xFB,0x43,0xB9,0x43,0x1B,0x44,0x7E,0x4C,0x7E,0x4C,
    0x7E,0x4C,0x7E,0x4C,0x7E,0x4C,0xDA,0x43,0x7C,0x5C,0xD6,0x53,0xFA,0x7C,0x3F,0xAE,
    0x3F,0xA6,0x5C,0x8D,0x9E,0x8D,0xBF,0x95,0xBF,0x95,0xBF,0x95,0xB4,0x5B,0x14,0x6C,
    0x1F,0xD7,0x1F,0xD7,0x1F,0xD7,0xFF,0xCE,0x76,0x7C,0x6E,0x32,0x70,0x2A,0x98,0x43,
    0x5E,0x4C,0x7E,0x4C,0x7E,0x4C,0x7E,0x4C,0x7E,0x4C,0x7E,0x4C,0x7E,0x4C,0x7E,0x4C,
    0x7E,0x4C,0x7E,0x4C,0x7E,0x4C,0x7E,0x4C,0x7E,0x4C,0x7E,0x4C,0x7E,0x4C,0x7E,0x4C,
    0x7E,0x4C,0x7E,0x4C,0x7E,0x4C,0x7E,0x4C,0x7E,0x4C,0x7E,0x4C,0x7E,0x4C,0x7E,0x4C,
    0x7E,0x4C,0x7E,0x4C,0x7E,0x4C,0x7E,0x4C,0x7E,0x4C,0x7E,0x4C,0x7E,0x4C,0x7E,0x4C,
    0x7E,0x4C,0x7E,0x4C,0x7E,0x4C,0x7E,0x4C,0x7E,0x4C,0x7E,0x4C,0x7E,0x4C,0x7E,0x4C,
    0x7E,0x4C,0x7E,0x4C,0x7E,0x4C,0x7E,0x4C,0x7E,0x4C,0x7E,0x4C,0x7E,0x4C,0x7E,0x4C,
    0x7E,0x4C,0x7E,0x4C,0x7E,0x4C,0x7E,0x4C,0x7E,0x4C,0x7E,0x4C,0x7E,0x4C,0x7E,0x4C,
    0x7E,0x4C,0x7E,0x4C,0x7E,0x4C,0x7E,0x4C,0x7E,0x4C,0x7E,0x4C,0x7E,0x4C,0x7E,0x4C,
    0x7E,0x4C,0x7E,0x4C,0x7E,0x4C,0x7E,0x4C,0x7E,0x4C,0x7E,0x4C,0x7E,0x4C,0x7E,0x4C,
    0x7E,0x4C,0x7E,0x4C,0x7E,0x4C,0x7E,0x4C,0x7E,0x4C,0x7E,0x4C,0x7E,0x4C,0x7E,0x4C,
    0x7E,0x4C,0x7E,0x4C,0x7E,0x4C,0x7E,0x4C,0x7E,0x4C,0x7E,0x4C,0x7E,0x4C,0x7E,0x4C,
    0x7E,0x4C,0x7E,0x4C,0x7E,0x4C,0x1C,0x4C,0x1C,0x4C,0x7E,0x4C,0x7E,0x4C,0x7E,0x4C,
    0x7E,0x4C,0x7E,0x4C,0x7E,0x4C,0x3C,0x4C,0xDA,0x43,0xD6,0x53,0xFA,0x7C,0x3F,0xAE,
    0x3F,0xAE,0xBD,0x95,0x7C,0x8D,0xBF,0x95,0xBF,0x95,0xBF,0x95,0xB4,0x5B,0x14,0x6C,
    0x1F,0xD7,0x1F,0xD7,0x1F,0xD7,0x1F,0xD7,0x1F,0xD7,0x38,0x95,0xAF,0x3A,0x4F,0x2A,
    0x56,0x3B,0x5E,0x4C,0x7E,0x4C,0x7E,0x4C,0x7E,0x4C,0x7E,0x4C,0x7E,0x4C,0x7E,0x4C,
    0x7E,0x4C,0x7E,0x4C,0x7E,0x4C,0x7E,0x4C,0x7E,0x4C,0x7E,0x4C,0x7E,0x4C,0x7E,0x4C,
    0x7E,0x4C,0x7E,0x4C,0x7E,0x4C,0x7E,0x4C,0x7E,0x4C,0x7E,0x4C,0x7E,0x4C,0x7E,0x4C,
    0x7E,0x4C,0x7E,0x4C,0x7E,0x4C,0x7E,0x4C,0x7E,0x4C,0x7E,0x4C,0x7E,0x4C,0x7E,0x4C,
    0x7E,0x4C,0x7E,0x4C,0x7E,0x4C,0x7E,0x4C,0x7E,0x4C,0x7E,0x4C,0x7E,0x4C,0x7E,0x4C,
    0x7E,0x4C,0x7E,0x4C,0x7E,0x4C,0x7E,0x4C,0x7E,0x4C,0x7E,0x4C,0x7E,0x4C,0x7E,0x4C,
    0x7E,0x4C,0x7E,0x4C,0x7E,0x4C,0x7E,0x4C,0x7E,0x4C,0x7E,0x4C,0x7E,0x4C,0x7E,0x4C,
    0x7E,0x4C,0x7E,0x4C,0x7E,0x4C,0x7E,0x4C,0x7E,0x4C,0x7E,0x4C,0x7E,0x4C,0x7E,0x4C,
    0x7E,0x4C,0x7E,0x4C,0x7E,0x4C,0x7E,0x4C,0x7E,0x4C,0x7E,0x4C,0x7E,0x4C,0x7E,0x4C,
    0x7E,0x4C,0x7E,0x4C,0x7E,0x4C,0x7E,0x4C,0x7E,0x4C,0x7E,0x4C,0x7E,0x4C,0x7E,0x4C,
    0x7E,0x4C,0x7E,0x4C,0x7E,0x4C,0x7E,0x4C,0x7E,0x4C,0x7E,0x4C,0x7E,0x4C,0x7E,0x4C,
    0x7E,0x4C,0x7E,0x4C,0x7E,0x4C,0x7E,0x4C,0x7E,0x4C,0x7E,0x4C,0x7E,0x4C,0x7E,0x4C,
    0x7E,0x4C,0x7E,0x4C,0x7E,0x4C,0x7E,0x4C,0xDA,0x43,0x75,0x43,0xFA,0x7C,0x1E,0xA6,
    0x9C,0x95,0x5B,0x8D,0x7D,0x8D,0xBF,0x95,0xBF,0x95,0xBF,0x95,0xB4,0x5B,0x14,0x6C,
    0x1F,0xD7,0x1F,0xD7,0x1F,0xD7,0x1F,0xD7,0x1F,0xD7,0x1F,0xD7,0xBA,0xA5,0xF0,0x42,
    0x2E,0x2A,0x35,0x3B,0x3D,0x4C,0x7E,0x4C,0x7E,0x4C,0x7E,0x4C,0x7E,0x4C,0x7E,0x4C,
    0x7E,0x4C,0x7E,0x4C,0x7E,0x4C,0x7E,0x4C,0x7E,0x4C,0x7E,0x4C,0x7E,0x4C,0x7E,0x4C,
    0x7E,0x4C,0x7E,0x4C,0x7E,0x4C,0x7E,0x4C,0x7E,0x4C,0x7E,0x4C,0x7E,0x4C,0x7E,0x4C,
    0x7E,0x4C,0x7E,0x4C,0x7E,0x4C,0x7E,0x4C,0x7E,0x4C,0x7E,0x4C,0x7E,0x4C,0x7E,0x4C,
    0x7E,0x4C,0x7E,0x4C,0x7E,0x4C,0x7E,0x4C,0x7E,0x4C,0x7E,0x4C,0x7E,0x4C,0x7E,0x4C,
    0x7E,0x4C,0x7E,0x4C,0x7E,0x4C,0x7E,0x4C,0x7E,0x4C,0x7E,0x4C,0x7E,0x4C,0x7E,0x4C,
    0x7E,0x4C,0x7E,0x4C,0x7E,0x4C,0x7E,0x4C,0x7E,0x4C,0x7E,0x4C,0x7E,0x4C,0x7E,0x4C,
    0x7E,0x4C,0x7E,0x4C,0x7E,0x4C,0x7E,0x4C,0x7E,0x4C,0x7E,0x4C,0x7E,0x4C,0x7E,0x4C,
    0x7E,0x4C,0x7E,0x4C,0x7E,0x4C,0x7E,0x4C,0x7E,0x4C,0x7E,0x4C,0x7E,0x4C,0x7E,0x4C,
    0x7E,0x4C,0x7E,0x4C,0x7E,0x4C,0x7E,0x4C,0x7E,0x4C,0x7E,0x4C,0x7E,0x4C,0x7E,0x4C,
    0x7E,0x4C,0x7E,0x4C,0x7E,0x4C,0x7E,0x4C,0x7E,0x4C,0x7E,0x4C,0x7E,0x4C,0x7E,0x4C,
    0x7E,0x4C,0x7E,0x4C,0x7E,0x4C,0x7E,0x4C,0x7E,0x4C,0x7E,0x4C,0x7E,0x4C,0x7E,0x4C,
    0x7E,0x4C,0x7E,0x4C,0x7E,0x4C,0x7E,0x4C,0x1C,0x4C,0xF3,0x32,0x58,0x64,0x5B,0x8D,
    0x7D,0x8D,0xBE,0x8D,0xBF,0x95,0xBF,0x95,0xBF,0x95,0xBF,0x95,0xB4,0x5B,0x14,0x6C,
    0x1F,0xD7,0x1F,0xD7,0x1F,0xD7,0x1F,0xD7,0x1F,0xD7,0x1F,0xD7,0x1F,0xD7,0x70,0x5B,
    0x27,0x11,0xCB,0x19,0xF3,0x32,0x1C,0x4C,0x7E,0x4C,0x7E,0x4C,0x7E,0x4C,0x7E,0x4C,
    0x7E,0x4C,0x7E,0x4C,0x7E,0x4C,0x7E,0x4C,0x7E,0x4C,0x7E,0x4C,0x7E,0x4C,0x7E,0x4C,
    0x7E,0x4C,0x7E,0x4C,0x7E,0x4C,0x7E,0x4C,0x7E,0x4C,0x7E,0x4C,0x7E,0x4C,0x7E,0x4C,
    0x7E,0x4C,0x7E,0x4C,0x7E,0x4C,0x7E,0x4C,0x7E,0x4C,0x7E,0x4C,0x7E,0x4C,0x7E,0x4C,
    0x7E,0x4C,0x7E,0x4C,0x7E,0x4C,0x7E,0x4C,0x7E,0x4C,0x7E,0x4C,0x7E,0x4C,0x7E,0x4C,
    0x7E,0x4C,0x7E,0x4C,0x7E,0x4C,0x7E,0x4C,0x7E,0x4C,0x7E,0x4C,0x7E,0x4C,0x7E,0x4C,
    0x7E,0x4C,0x7E,0x4C,0x7E,0x4C,0x7E,0x4C,0x7E,0x4C,0x7E,0x4C,0x7E,0x4C,0x7E,0x4C,
    0x7E,0x4C,0x7E,0x4C,0x7E,0x4C,0x7E,0x4C,0x7E,0x4C,0x7E,0x4C,0x7E,0x4C,0x7E,0x4C,
    0x7E,0x4C,0x7E,0x4C,0x7E,0x4C,0x7E,0x4C,0x7E,0x4C,0x7E,0x4C,0x7E,0x4C,0x7E,0x4C,
    0x7E,0x4C,0x7E,0x4C,0x7E,0x4C,0x7E,0x4C,0x7E,0x4C,0x7E,0x4C,0x7E,0x4C,0x7E,0x4C,
    0x7E,0x4C,0x7E,0x4C,0x7E,0x4C,0x7E,0x4C,0x7E,0x4C,0x7E,0x4C,0x7E,0x4C,0x7E,0x4C,
    0x7E,0x4C,0x7E,0x4C,0x7E,0x4C,0x7E,0x4C,0x7E,0x4C,0x7E,0x4C,0x7E,0x4C,0x7E,0x4C,
    0x7E,0x4C,0x7E,0x4C,0x7E,0x4C,0x7E,0x4C,0x5E,0x4C,0xF3,0x32,0x38,0x64,0xBE,0x8D,
    0xBF,0x95,0xBF,0x95,0xBF,0x95,0xBF,0x95,0xBF,0x95,0xBF,0x95,0xB4,0x5B,0x14,0x6C,
    0x1F,0xD7,0xBE,0xC6,0x7D,0xBE,0x5C,0xB6,0x3C,0xB6,0x1C,0xAE,0x1B,0xAE,0x0E,0x4B,
    0x06,0x11,0x26,0x11,0x8A,0x19,0x35,0x33,0x7E,0x4C,0x7E,0x4C,0x7E,0x4C,0x7E,0x4C,
    0x7E,0x4C,0x7E,0x4C,0x7E,0x4C,0x7E,0x4C,0x7E,0x4C,0x7E,0x4C,0x7E,0x4C,0x7E,0x4C,
    0x7E,0x4C,0x7E,0x4C,0x7E,0x4C,0x7E,0x4C,0x7E,0x4C,0x7E,0x4C,0x7E,0x4C,0x7E,0x4C,
    0x7E,0x4C,0x7E,0x4C,0x7E,0x4C,0x7E,0x4C,0x7E,0x4C,0x7E,0x4C,0x7E,0x4C,0x7E,0x4C,
    0x7E,0x4C,0x7E,0x4C,0x7E,0x4C,0x7E,0x4C,0x7E,0x4C,0x7E,0x4C,0x7E,0x4C,0x7E,0x4C,
    0x7E,0x4C,0x7E,0x4C,0x7E,0x4C,0x7E,0x4C,0x7E,0x4C,0x7E,0x4C,0x7E,0x4C,0x7E,0x4C,
    0x7E,0x4C,0x7E,0x4C,0x7E,0x4C,0x7E,0x4C,0x7E,0x4C,0x7E,0x4C,0x7E,0x4C,0x7E,0x4C,
    0x7E,0x4C,0x7E,0x4C,0x7E,0x4C,0x7E,0x4C,0x7E,0x4C,0x7E,0x4C,0x7E,0x4C,0x7E,0x4C,
    0x7E,0x4C,0x7E,0x4C,0x7E,0x4C,0x7E,0x4C,0x7E,0x4C,0x7E,0x4C,0x7E,0x4C,0x7E,0x4C,
    0x7E,0x4C,0x7E,0x4C,0x7E,0x4C,0x7E,0x4C,0x7E,0x4C,0x7E,0x4C,0x7E,0x4C,0x7E,0x4C,
    0x7E,0x4C,0x7E,0x4C,0x7E,0x4C,0x7E,0x4C,0x7E,0x4C,0x7E,0x4C,0x7E,0x4C,0x7E,0x4C,
    0x7E,0x4C,0x7E,0x4C,0x7E,0x4C,0x7E,0x4C,0x7E,0x4C,0x7E,0x4C,0x7E,0x4C,0x7E,0x4C,
    0x7E,0x4C,0x7E,0x4C,0x7E,0x4C,0x7E,0x4C,0x7E,0x4C,0x56,0x3B,0x7A,0x64,0xBF,0x95,
    0xBF,0x95,0xBF,0x95,0xBF,0x95,0xBF,0x95,0xBF,0x95,0xBF,0x95,0xB4,0x5B,0x14,0x6C,
    0x1F,0xD7,0x3C,0xB6,0x1B,0xAE,0x3D,0xB6,0x3D,0xB6,0x5D,0xB6,0x5E,0xB6,0x2F,0x53,
    0x06,0x11,0x2A,0x3A,0x06,0x11,0xAB,0x19,0x36,0x3B,0x5E,0x4C,0x7E,0x4C,0x7E,0x4C,
    0x7E,0x4C,0x7E,0x4C,0x7E,0x4C,0x7E,0x4C,0x7E,0x4C,0x7E,0x4C,0x7E,0x4C,0x7E,0x4C,
    0x7E,0x4C,0x7E,0x4C,0x7E,0x4C,0x7E,0x4C,0x7E,0x4C,0x7E,0x4C,0x7E,0x4C,0x7E,0x4C,
    0x7E,0x4C,0x7E,0x4C,0x7E,0x4C,0x7E,0x4C,0x7E,0x4C,0x7E,0x4C,0x7E,0x4C,0x7E,0x4C,
    0x7E,0x4C,0x7E,0x4C,0x7E,0x4C,0x7E,0x4C,0x7E,0x4C,0x7E,0x4C,0x7E,0x4C,0x7E,0x4C,
    0x7E,0x4C,0x7E,0x4C,0x7E,0x4C,0x7E,0x4C,0x7E,0x4C,0x7E,0x4C,0x7E,0x4C,0x7E,0x4C,
    0x7E,0x4C,0x7E,0x4C,0x7E,0x4C,0x7E,0x4C,0x7E,0x4C,0x7E,0x4C,0x7E,0x4C,0x7E,0x4C,
    0x7E,0x4C,0x7E,0x4C,0x7E,0x4C,0x7E,0x4C,0x7E,0x4C,0x7E,0x4C,0x7E,0x4C,0x7E,0x4C,
    0x7E,0x4C,0x7E,0x4C,0x7E,0x4C,0x7E,0x4C,0x7E,0x4C,0x7E,0x4C,0x7E,0x4C,0x7E,0x4C,
    0x7E,0x4C,0x7E,0x4C,0x7E,0x4C,0x7E,0x4C,0x7E,0x4C,0x7E,0x4C,0x7E,0x4C,0x7E,0x4C,
    0x7E,0x4C,0x7E,0x4C,0x7E,0x4C,0x7E,0x4C,0x7E,0x4C,0x7E,0x4C,0x7E,0x4C,0x7E,0x4C,
    0x7E,0x4C,0x7E,0x4C,0x7E,0x4C,0x7E,0x4C,0x7E,0x4C,0x7E,0x4C,0x7E,0x4C,0x7E,0x4C,
    0x7E,0x4C,0x7E,0x4C,0x7E,0x4C,0x7E,0x4C,0x7E,0x4C,0x56,0x3B,0x7A,0x64,0xBF,0x95,
    0xBF,0x95,0xBF,0x95,0xBF,0x95,0xBE,0x8D,0x7D,0x85,0xBF,0x95,0xB4,0x5B,0x14,0x6C,
    0x1F,0xD7,0xBE,0xC6,0x1B,0xAE,0x7E,0xB6,0x9F,0xB6,0x9F,0xB6,0x9F,0xB6,0x30,0x53,
    0x06,0x11,0x9E,0xF7,0x2E,0x5B,0x06,0x11,0x69,0x19,0xF4,0x32,0x5E,0x4C,0x7E,0x4C,
    0x7E,0x4C,0x7E,0x4C,0x7E,0x4C,0x7E,0x4C,0x7E,0x4C,0x7E,0x4C,0x7E,0x4C,0x7E,0x4C,
    0x7E,0x4C,0x7E,0x4C,0x7E,0x4C,0x7E,0x4C,0x7E,0x4C,0x7E,0x4C,0x7E,0x4C,0x7E,0x4C,
    0x7E,0x4C,0x7E,0x4C,0x7E,0x4C,0x7E,0x4C,0x7E,0x4C,0x7E,0x4C,0x7E,0x4C,0x7E,0x4C,
    0x7E,0x4C,0x7E,0x4C,0x7E,0x4C,0x7E,0x4C,0x7E,0x4C,0x7E,0x4C,0x7E,0x4C,0x7E,0x4C,
    0x7E,0x4C,0x7E,0x4C,0x7E,0x4C,0x7E,0x4C,0x7E,0x4C,0x7E,0x4C,0x7E,0x4C,0x7E,0x4C,
    0x7E,0x4C,0x7E,0x4C,0x7E,0x4C,0x7E,0x4C,0x7E,0x4C,0x7E,0x4C,0x7E,0x4C,0x7E,0x4C,
    0x7E,0x4C,0x7E,0x4C,0x7E,0x4C,0x7E,0x4C,0x7E,0x4C,0x7E,0x4C,0x7E,0x4C,0x7E,0x4C,
    0x7E,0x4C,0x7E,0x4C,0x7E,0x4C,0x7E,0x4C,0x7E,0x4C,0x7E,0x4C,0x7E,0x4C,0x7E,0x4C,
    0x7E,0x4C,0x7E,0x4C,0x7E,0x4C,0x7E,0x4C,0x7E,0x4C,0x7E,0x4C,0x7E,0x4C,0x7E,0x4C,
    0x7E,0x4C,0x7E,0x4C,0x7E,0x4C,0x7E,0x4C,0x7E,0x4C,0x7E,0x4C,0x7E,0x4C,0x7E,0x4C,
    0x7E,0x4C,0x7E,0x4C,0x7E,0x4C,0x7E,0x4C,0x7E,0x4C,0x7E,0x4C,0x7E,0x4C,0x7E,0x4C,
    0x7E,0x4C,0x7E,0x4C,0x7E,0x4C,0x7E,0x4C,0x7E,0x4C,0x56,0x3B,0x7A,0x64,0xBF,0x95,
    0xBF,0x95,0xBF,0x95,0x9E,0x8D,0xD8,0x4B,0x56,0x3B,0x9E,0x8D,0xB4,0x5B,0x14,0x6C,
    0x1F,0xD7,0x1F,0xD7,0x3C,0xB6,0x3D,0xB6,0x9F,0xB6,0x9F,0xB6,0x9F,0xB6,0x30,0x53,
    0x06,0x11,0xFF,0xFF,0xFF,0xFF,0x11,0x7C,0x06,0x11,0x48,0x11,0x91,0x2A,0x3D,0x4C,
    0x7E,0x4C,0x7E,0x4C,0x7E,0x4C,0x7E,0x4C,0x7E,0x4C,0x7E,0x4C,0x7E,0x4C,0x7E,0x4C,
    0x7E,0x4C,0x7E,0x4C,0x7E,0x4C,0x7E,0x4C,0x7E,0x4C,0x7E,0x4C,0x7E,0x4C,0x7E,0x4C,
    0x7E,0x4C,0x7E,0x4C,0x7E,0x4C,0x7E,0x4C,0x7E,0x4C,0x7E,0x4C,0x7E,0x4C,0x7E,0x4C,
    0x7E,0x4C,0x7E,0x4C,0x7E,0x4C,0x7E,0x4C,0x7E,0x4C,0x7E,0x4C,0x7E,0x4C,0x7E,0x4C,
    0x7E,0x4C,0x7E,0x4C,0x7E,0x4C,0x7E,0x4C,0x7E,0x4C,0x7E,0x4C,0x7E,0x4C,0x7E,0x4C,
    0x7E,0x4C,0x7E,0x4C,0x7E,0x4C,0x7E,0x4C,0x7E,0x4C,0x7E,0x4C,0x7E,0x4C,0x7E,0x4C,
    0x7E,0x4C,0x7E,0x4C,0x7E,0x4C,0x7E,0x4C,0x7E,0x4C,0x7E,0x4C,0x7E,0x4C,0x7E,0x4C,
    0x7E,0x4C,0x7E,0x4C,0x7E,0x4C,0x7E,0x4C,0x7E,0x4C,0x7E,0x4C,0x7E,0x4C,0x7E,0x4C,
    0x7E,0x4C,0x7E,0x4C,0x7E,0x4C,0x7E,0x4C,0x7E,0x4C,0x7E,0x4C,0x7E,0x4C,0x7E,0x4C,
    0x7E,0x4C,0x7E,0x4C,0x7E,0x4C,0x7E,0x4C,0x7E,0x4C,0x7E,0x4C,0x7E,0x4C,0x7E,0x4C,
    0x7E,0x4C,0x7E,0x4C,0x7E,0x4C,0x7E,0x4C,0x7E,0x4C,0x7E,0x4C,0x7E,0x4C,0x7E,0x4C,
    0x7E,0x4C,0x7E,0x4C,0x7E,0x4C,0x7E,0x4C,0x7E,0x4C,0x56,0x3B,0x7A,0x64,0xBF,0x95,
    0xBF,0x95,0x9E,0x8D,0xD8,0x4B,0x56,0x3B,0x36,0x3B,0x7A,0x64,0xB4,0x5B,0x14,0x6C,
    0x1F,0xD7,0x1F,0xD7,0xBE,0xC6,0x1B,0xAE,0x7E,0xB6,0x9F,0xB6,0x9F,0xB6,0x30,0x53,
    0x06,0x11,0xFF,0xFF,0xFF,0xFF,0xFF,0xFF,0x35,0xA5,0x26,0x11,0x47,0x11,0x4F,0x2A,
    0x1B,0x44,0x7E,0x4C,0x7E,0x4C,0x7E,0x4C,0x7E,0x4C,0x7E,0x4C,0x7E,0x4C,0x7E,0x4C,
    0x7E,0x4C,0x7E,0x4C,0x7E,0x4C,0x7E,0x4C,0x7E,0x4C,0x7E,0x4C,0x7E,0x4C,0x7E,0x4C,
    0x7E,0x4C,0x7E,0x4C,0x7E,0x4C,0x7E,0x4C,0x7E,0x4C,0x7E,0x4C,0x7E,0x4C,0x7E,0x4C,
    0x7E,0x4C,0x7E,0x4C,0x7E,0x4C,0x7E,0x4C,0x7E,0x4C,0x7E,0x4C,0x7E,0x4C,0x7E,0x4C,
    0x7E,0x4C,0x7E,0x4C,0x7E,0x4C,0x7E,0x4C,0x7E,0x4C,0x7E,0x4C,0x7E,0x4C,0x7E,0x4C,
    0x7E,0x4C,0x7E,0x4C,0x7E,0x4C,0x7E,0x4C,0x7E,0x4C,0x7E,0x4C,0x7E,0x4C,0x7E,0x4C,
    0x7E,0x4C,0x7E,0x4C,0x7E,0x4C,0x7E,0x4C,0x7E,0x4C,0x7E,0x4C,0x7E,0x4C,0x7E,0x4C,
    0x7E,0x4C,0x7E,0x4C,0x7E,0x4C,0x7E,0x4C,0x7E,0x4C,0x7E,0x4C,0x7E,0x4C,0x7E,0x4C,
    0x7E,0x4C,0x7E,0x4C,0x7E,0x4C,0x7E,0x4C,0x7E,0x4C,0x7E,0x4C,0x7E,0x4C,0x7E,0x4C,
    0x7E,0x4C,0x7E,0x4C,0x7E,0x4C,0x7E,0x4C,0x7E,0x4C,0x7E,0x4C,0x7E,0x4C,0x7E,0x4C,
    0x7E,0x4C,0x7E,0x4C,0x7E,0x4C,0x7E,0x4C,0x7E,0x4C,0x7E,0x4C,0x7E,0x4C,0x7E,0x4C,
    0x7E,0x4C,0x7E,0x4C,0x7E,0x4C,0x7E,0x4C,0x7E,0x4C,0x56,0x3B,0x7A,0x64,0xBF,0x95,
    0x9E,0x8D,0xD8,0x4B,0x56,0x3B,0x3C,0x4C,0xB9,0x43,0x56,0x3B,0x94,0x53,0x14,0x6C,
    0x1F,0xD7,0x1F,0xD7,0x1F,0xD7,0x1C,0xB6,0x3D,0xB6,0x9F,0xB6,0x9F,0xB6,0x30,0x53,
    0x06,0x11,0xFF,0xFF,0xFF,0xFF,0xFF,0xFF,0xFF,0xFF,0x18,0xBE,0x67,0x19,0x27,0x11,
    0x0D,0x22,0xDA,0x43,0x7E,0x4C,0x7E,0x4C,0x7E,0x4C,0x7E,0x4C,0x7E,0x4C,0x7E,0x4C,
    0x7E,0x4C,0x7E,0x4C,0x7E,0x4C,0x7E,0x4C,0x7E,0x4C,0x7E,0x4C,0x7E,0x4C,0x7E,0x4C,
    0x7E,0x4C,0x7E,0x4C,0x7E,0x4C,0x7E,0x4C,0x7E,0x4C,0x7E,0x4C,0x7E,0x4C,0x7E,0x4C,
    0x7E,0x4C,0x7E,0x4C,0x7E,0x4C,0x7E,0x4C,0x7E,0x4C,0x7E,0x4C,0x7E,0x4C,0x7E,0x4C,
    0x7E,0x4C,0x7E,0x4C,0x7E,0x4C,0x7E,0x4C,0x7E,0x4C,0x7E,0x4C,0x7E,0x4C,0x7E,0x4C,
    0x7E,0x4C,0x7E,0x4C,0x7E,0x4C,0x7E,0x4C,0x7E,0x4C,0x7E,0x4C,0x7E,0x4C,0x7E,0x4C,
    0x7E,0x4C,0x7E,0x4C,0x7E,0x4C,0x7E,0x4C,0x7E,0x4C,0x7E,0x4C,0x7E,0x4C,0x7E,0x4C,
    0x7E,0x4C,0x7E,0x4C,0x7E,0x4C,0x7E,0x4C,0x7E,0x4C,0x7E,0x4C,0x7E,0x4C,0x7E,0x4C,
    0x7E,0x4C,0x7E,0x4C,0x7E,0x4C,0x7E,0x4C,0x7E,0x4C,0x7E,0x4C,0x7E,0x4C,0x7E,0x4C,
    0x7E,0x4C,0x7E,0x4C,0x7E,0x4C,0x7E,0x4C,0x7E,0x4C,0x7E,0x4C,0x7E,0x4C,0x7E,0x4C,
    0x7E,0x4C,0x7E,0x4C,0x7E,0x4C,0x7E,0x4C,0x7E,0x4C,0x7E,0x4C,0x7E,0x4C,0x7E,0x4C,
    0x7E,0x4C,0x7E,0x4C,0x7E,0x4C,0x7E,0x4C,0x7E,0x4C,0x56,0x3B,0x7A,0x64,0x9E,0x8D,
    0xD8,0x4B,0x56,0x3B,0x3C,0x4C,0x7E,0x4C,0x3D,0x4C,0x35,0x3B,0x12,0x43,0x14,0x6C,
    0x1F,0xD7,0x1F,0xD7,0x1F,0xD7,0x9D,0xC6,0x1B,0xAE,0x7F,0xB6,0x9F,0xB6,0x30,0x53,
    0x06,0x11,0xFF,0xFF,0xFF,0xFF,0xFF,0xFF,0xFF,0xFF,0xFF,0xFF,0xDB,0xD6,0xE9,0x29,
    0x06,0x11,0xCB,0x19,0x77,0x3B,0x7E,0x4C,0x7E,0x4C,0x7E,0x4C,0x7E,0x4C,0x7E,0x4C,
    0x7E,0x4C,0x7E,0x4C,0x7E,0x4C,0x7E,0x4C,0x7E,0x4C,0x7E,0x4C,0x7E,0x4C,0x7E,0x4C,
    0x7E,0x4C,0x7E,0x4C,0x7E,0x4C,0x7E,0x4C,0x7E,0x4C,0x7E,0x4C,0x7E,0x4C,0x7E,0x4C,
    0x7E,0x4C,0x7E,0x4C,0x7E,0x4C,0x7E,0x4C,0x7E,0x4C,0x7E,0x4C,0x7E,0x4C,0x7E,0x4C,
    0x7E,0x4C,0x7E,0x4C,0x7E,0x4C,0x7E,0x4C,0x7E,0x4C,0x7E,0x4C,0x7E,0x4C,0x7E,0x4C,
    0x7E,0x4C,0x7E,0x4C,0x7E,0x4C,0x7E,0x4C,0x7E,0x4C,0x7E,0x4C,0x7E,0x4C,0x7E,0x4C,
    0x7E,0x4C,0x7E,0x4C,0x7E,0x4C,0x7E,0x4C,0x7E,0x4C,0x7E,0x4C,0x7E,0x4C,0x7E,0x4C,
    0x7E,0x4C,0x7E,0x4C,0x7E,0x4C,0x7E,0x4C,0x7E,0x4C,0x7E,0x4C,0x7E,0x4C,0x7E,0x4C,
    0x7E,0x4C,0x7E,0x4C,0x7E,0x4C,0x7E,0x4C,0x7E,0x4C,0x7E,0x4C,0x7E,0x4C,0x7E,0x4C,
    0x7E,0x4C,0x7E,0x4C,0x7E,0x4C,0x7E,0x4C,0x7E,0x4C,0x7E,0x4C,0x7E,0x4C,0x7E,0x4C,
    0x7E,0x4C,0x7E,0x4C,0x7E,0x4C,0x7E,0x4C,0x7E,0x4C,0x7E,0x4C,0x7E,0x4C,0x7E,0x4C,
    0x7E,0x4C,0x7E,0x4C,0x7E,0x4C,0x7E,0x4C,0x7E,0x4C,0x56,0x3B,0x5A,0x64,0xD8,0x4B,
    0x56,0x3B,0x3C,0x4C,0x7E,0x4C,0x7E,0x4C,0x7E,0x4C,0x98,0x3B,0x6F,0x2A,0xF4,0x6B,
    0x1F,0xD7,0x1F,0xD7,0x1F,0xD7,0x1F,0xD7,0x1C,0xB6,0x3D,0xB6,0x9F,0xB6,0x30,0x53,
    0x06,0x11,0xFF,0xFF,0xFF,0xFF,0xFF,0xFF,0xFF,0xFF,0xFF,0xFF,0xFF,0xFF,0x7D,0xEF,
    0xAC,0x4A,0x06,0x11,0x8A,0x19,0x35,0x33,0x5E,0x4C,0x7E,0x4C,0x7E,0x4C,0x7E,0x4C,
    0x7E,0x4C,0x7E,0x4C,0x7E,0x4C,0x7E,0x4C,0x7E,0x4C,0x7E,0x4C,0x7E,0x4C,0x7E,0x4C,
    0x7E,0x4C,0x7E,0x4C,0x7E,0x4C,0x7E,0x4C,0x7E,0x4C,0x7E,0x4C,0x7E,0x4C,0x7E,0x4C,
    0x7E,0x4C,0x7E,0x4C,0x7E,0x4C,0x7E,0x4C,0x7E,0x4C,0x7E,0x4C,0x7E,0x4C,0x7E,0x4C,
    0x7E,0x4C,0x7E,0x4C,0x7E,0x4C,0x7E,0x4C,0x7E,0x4C,0x7E,0x4C,0x7E,0x4C,0x7E,0x4C,
    0x7E,0x4C,0x7E,0x4C,0x7E,0x4C,0x7E,0x4C,0x7E,0x4C,0x7E,0x4C,0x7E,0x4C,0x7E,0x4C,
    0x7E,0x4C,0x7E,0x4C,0x7E,0x4C,0x7E,0x4C,0x7E,0x4C,0x7E,0x4C,0x7E,0x4C,0x7E,0x4C,
    0x7E,0x4C,0x7E,0x4C,0x7E,0x4C,0x7E,0x4C,0x7E,0x4C,0x7E,0x4C,0x7E,0x4C,0x7E,0x4C,
    0x7E,0x4C,0x7E,0x4C,0x7E,0x4C,0x7E,0x4C,0x7E,0x4C,0x7E,0x4C,0x7E,0x4C,0x7E,0x4C,
    0x7E,0x4C,0x7E,0x4C,0x7E,0x4C,0x7E,0x4C,0x7E,0x4C,0x7E,0x4C,0x7E,0x4C,0x7E,0x4C,
    0x7E,0x4C,0x7E,0x4C,0x7E,0x4C,0x7E,0x4C,0x7E,0x4C,0x7E,0x4C,0x7E,0x4C,0x7E,0x4C,
    0x7E,0x4C,0x7E,0x4C,0x7E,0x4C,0x7E,0x4C,0x7E,0x4C,0x56,0x3B,0x35,0x3B,0x56,0x3B,
    0x3C,0x4C,0x7E,0x4C,0x7E,0x4C,0x7E,0x4C,0x7E,0x4C,0x3C,0x4C,0x2E,0x22,0xB3,0x5B,
    0x1F,0xD7,0x1F,0xD7,0x1F,0xD7,0x1F,0xD7,0x9D,0xBE,0x1B,0xAE,0x7F,0xB6,0x30,0x53,
    0x06,0x11,0xFF,0xFF,0xFF,0xFF,0xFF,0xFF,0xFF,0xFF,0xFF,0xFF,0xFF,0xFF,0xFF,0xFF,
    0xDF,0xFF,0x8F,0x63,0x06,0x11,0x68,0x11,0xD3,0x32,0x5D,0x4C,0x7E,0x4C,0x7E,0x4C,
    0x7E,0x4C,0x7E,0x4C,0x7E,0x4C,0x7E,0x4C,0x7E,0x4C,0x7E,0x4C,0x7E,0x4C,0x7E,0x4C,
    0x7E,0x4C,0x7E,0x4C,0x7E,0x4C,0x7E,0x4C,0x7E,0x4C,0x7E,0x4C,0x7E,0x4C,0x7E,0x4C,
    0x7E,0x4C,0x7E,0x4C,0x7E,0x4C,0x7E,0x4C,0x7E,0x4C,0x7E,0x4C,0x7E,0x4C,0x7E,0x4C,
    0x7E,0x4C,0x7E,0x4C,0x7E,0x4C,0x7E,0x4C,0x7E,0x4C,0x7E,0x4C,0x7E,0x4C,0x7E,0x4C,
    0x7E,0x4C,0x7E,0x4C,0x7E,0x4C,0x7E,0x4C,0x7E,0x4C,0x7E,0x4C,0x7E,0x4C,0x7E,0x4C,
    0x7E,0x4C,0x7E,0x4C,0x7E,0x4C,0x7E,0x4C,0x7E,0x4C,0x7E,0x4C,0x7E,0x4C,0x7E,0x4C,
    0x7E,0x4C,0x7E,0x4C,0x7E,0x4C,0x7E,0x4C,0x7E,0x4C,0x7E,0x4C,0x7E,0x4C,0x7E,0x4C,
    0x7E,0x4C,0x7E,0x4C,0x7E,0x4C,0x7E,0x4C,0x7E,0x4C,0x7E,0x4C,0x7E,0x4C,0x7E,0x4C,
    0x7E,0x4C,0x7E,0x4C,0x7E,0x4C,0x7E,0x4C,0x7E,0x4C,0x7E,0x4C,0x7E,0x4C,0x7E,0x4C,
    0x7E,0x4C,0x7E,0x4C,0x7E,0x4C,0x7E,0x4C,0x7E,0x4C,0x7E,0x4C,0x7E,0x4C,0x7E,0x4C,
    0x7E,0x4C,0x7E,0x4C,0x7E,0x4C,0x7E,0x4C,0x7E,0x4C,0x56,0x3B,0x56,0x3B,0x3C,0x4C,
    0x7E,0x4C,0x7E,0x4C,0x7E,0x4C,0x7E,0x4C,0x7E,0x4C,0x7E,0x4C,0x70,0x2A,0x31,0x4B,
    0x1F,0xD7,0x1F,0xD7,0x1F,0xD7,0x1F,0xD7,0xFF,0xCE,0x1B,0xAE,0x3D,0xB6,0x30,0x53,
    0x06,0x11,0xFF,0xFF,0xFF,0xFF,0xFF,0xFF,0xFF,0xFF,0xFF,0xFF,0xFF,0xFF,0xFF,0xFF,
    0xFF,0xFF,0xFF,0xFF,0x93,0x8C,0x06,0x11,0x48,0x11,0x90,0x2A,0x3C,0x4C,0x7E,0x4C,
    0x7E,0x4C,0x7E,0x4C,0x7E,0x4C,0x7E,0x4C,0x7E,0x4C,0x7E,0x4C,0x7E,0x4C,0x7E,0x4C,
    0x7E,0x4C,0x7E,0x4C,0x7E,0x4C,0x7E,0x4C,0x7E,0x4C,0x7E,0x4C,0x7E,0x4C,0x7E,0x4C,
    0x7E,0x4C,0x7E,0x4C,0x7E,0x4C,0x7E,0x4C,0x7E,0x4C,0x7E,0x4C,0x7E,0x4C,0x7E,0x4C,
    0x7E,0x4C,0x7E,0x4C,0x7E,0x4C,0x7E,0x4C,0x7E,0x4C,0x7E,0x4C,0x7E,0x4C,0x7E,0x4C,
    0x7E,0x4C,0x7E,0x4C,0x7E,0x4C,0x7E,0x4C,0x7E,0x4C,0x7E,0x4C,0x7E,0x4C,0x7E,0x4C,
    0x7E,0x4C,0x7E,0x4C,0x7E,0x4C,0x7E,0x4C,0x7E,0x4C,0x7E,0x4C,0x7E,0x4C,0x7E,0x4C,
    0x7E,0x4C,0x7E,0x4C,0x7E,0x4C,0x7E,0x4C,0x7E,0x4C,0x7E,0x4C,0x7E,0x4C,0x7E,0x4C,
    0x7E,0x4C,0x7E,0x4C,0x7E,0x4C,0x7E,0x4C,0x7E,0x4C,0x7E,0x4C,0x7E,0x4C,0x7E,0x4C,
    0x7E,0x4C,0x7E,0x4C,0x7E,0x4C,0x7E,0x4C,0x7E,0x4C,0x7E,0x4C,0x7E,0x4C,0x7E,0x4C,
    0x7E,0x4C,0x7E,0x4C,0x7E,0x4C,0x7E,0x4C,0x7E,0x4C,0x7E,0x4C,0x7E,0x4C,0x7E,0x4C,
    0x7E,0x4C,0x7E,0x4C,0x7E,0x4C,0x7E,0x4C,0x7E,0x4C,0xFB,0x43,0x3C,0x4C,0x7E,0x4C,
    0x7E,0x4C,0x7E,0x4C,0x7E,0x4C,0x7E,0x4C,0x7E,0x4C,0x7E,0x4C,0xB2,0x2A,0xF0,0x42,
    0xDE,0xCE,0x1F,0xD7,0x1F,0xD7,0x1F,0xD7,0xFF,0xCE,0x3C,0xB6,0x1B,0xAE,0x30,0x53,
    0x06,0x11,0xFF,0xFF,0xFF,0xFF,0xFF,0xFF,0xFF,0xFF,0xFF,0xFF,0xFF,0xFF,0xFF,0xFF,
    0xFF,0xFF,0xFF,0xFF,0xFF,0xFF,0xB7,0xAD,0x47,0x11,0x27,0x11,0x91,0x2A,0x7E,0x4C,
    0x7E,0x4C,0x7E,0x4C,0x7E,0x4C,0x7E,0x4C,0x7E,0x4C,0x7E,0x4C,0x7E,0x4C,0x7E,0x4C,
    0x7E,0x4C,0x7E,0x4C,0x7E,0x4C,0x7E,0x4C,0x7E,0x4C,0x7E,0x4C,0x7E,0x4C,0x7E,0x4C,
    0x7E,0x4C,0x7E,0x4C,0x7E,0x4C,0x7E,0x4C,0x7E,0x4C,0x7E,0x4C,0x7E,0x4C,0x7E,0x4C,
    0x7E,0x4C,0x7E,0x4C,0x7E,0x4C,0x7E,0x4C,0x7E,0x4C,0x7E,0x4C,0x7E,0x4C,0x7E,0x4C,
    0x7E,0x4C,0x7E,0x4C,0x7E,0x4C,0x7E,0x4C,0x7E,0x4C,0x7E,0x4C,0x7E,0x4C,0x7E,0x4C,
    0x7E,0x4C,0x7E,0x4C,0x7E,0x4C,0x7E,0x4C,0x7E,0x4C,0x7E,0x4C,0x7E,0x4C,0x7E,0x4C,
    0x7E,0x4C,0x7E,0x4C,0x7E,0x4C,0x7E,0x4C,0x7E,0x4C,0x7E,0x4C,0x7E,0x4C,0x7E,0x4C,
    0x7E,0x4C,0x7E,0x4C,0x7E,0x4C,0x7E,0x4C,0x7E,0x4C,0x7E,0x4C,0x7E,0x4C,0x7E,0x4C,
    0x7E,0x4C,0x7E,0x4C,0x7E,0x4C,0x7E,0x4C,0x7E,0x4C,0x7E,0x4C,0x7E,0x4C,0x7E,0x4C,
    0x7E,0x4C,0x7E,0x4C,0x7E,0x4C,0x7E,0x4C,0x7E,0x4C,0x7E,0x4C,0x7E,0x4C,0x7E,0x4C,
    0x7E,0x4C,0x7E,0x4C,0x7E,0x4C,0x7E,0x4C,0x7E,0x4C,0x7E,0x4C,0x7E,0x4C,0x7E,0x4C,
    0x7E,0x4C,0x7E,0x4C,0x7E,0x4C,0x7E,0x4C,0x7E,0x4C,0x7E,0x4C,0xF4,0x32,0x11,0x43,
    0x5D,0xBE,0x1F,0xD7,0xFF,0xCE,0x7D,0xBE,0x1B,0xAE,0x1B,0xAE,0x5D,0xB6,0x30,0x53,
    0x06,0x11,0xFF,0xFF,0xFF,0xFF,0xFF,0xFF,0xFF,0xFF,0xFF,0xFF,0xFF,0xFF,0xFF,0xFF,
    0xFF,0xFF,0xFF,0xFF,0xFF,0xFF,0xFF,0xFF,0x7A,0xCE,0xA8,0x21,0x27,0x11,0x35,0x33,
    0x7E,0x4C,0x7E,0x4C,0x7E,0x4C,0x7E,0x4C,0x7E,0x4C,0x7E,0x4C,0x7E,0x4C,0x7E,0x4C,
    0x7E,0x4C,0x7E,0x4C,0x7E,0x4C,0x7E,0x4C,0x7E,0x4C,0x7E,0x4C,0x7E,0x4C,0x7E,0x4C,
    0x7E,0x4C,0x7E,0x4C,0x7E,0x4C,0x7E,0x4C,0x7E,0x4C,0x7E,0x4C,0x7E,0x4C,0x7E,0x4C,
    0x7E,0x4C,0x7E,0x4C,0x7E,0x4C,0x7E,0x4C,0x7E,0x4C,0x7E,0x4C,0x7E,0x4C,0x7E,0x4C,
    0x7E,0x4C,0x7E,0x4C,0x7E,0x4C,0x7E,0x4C,0x7E,0x4C,0x7E,0x4C,0x7E,0x4C,0x7E,0x4C,
    0x7E,0x4C,0x7E,0x4C,0x7E,0x4C,0x7E,0x4C,0x7E,0x4C,0x7E,0x4C,0x7E,0x4C,0x7E,0x4C,
    0x7E,0x4C,0x7E,0x4C,0x7E,0x4C,0x7E,0x4C,0x7E,0x4C,0x7E,0x4C,0x7E,0x4C,0x7E,0x4C,
    0x7E,0x4C,0x7E,0x4C,0x7E,0x4C,0x7E,0x4C,0x7E,0x4C,0x7E,0x4C,0x7E,0x4C,0x7E,0x4C,
    0x7E,0x4C,0x7E,0x4C,0x7E,0x4C,0x7E,0x4C,0x7E,0x4C,0x7E,0x4C,0x7E,0x4C,0x7E,0x4C,
    0x7E,0x4C,0x7E,0x4C,0x7E,0x4C,0x7E,0x4C,0x7E,0x4C,0x7E,0x4C,0x7E,0x4C,0x7E,0x4C,
    0x7E,0x4C,0x7E,0x4C,0x7E,0x4C,0x7E,0x4C,0x7E,0x4C,0x7E,0x4C,0x7E,0x4C,0x7E,0x4C,
    0x7E,0x4C,0x7E,0x4C,0x7E,0x4C,0x7E,0x4C,0x7E,0x4C,0x7E,0x4C,0xF4,0x32,0x32,0x4B,
    0x1B,0xAE,0x7D,0xBE,0x1B,0xAE,0x1B,0xAE,0x3D,0xB6,0x7F,0xB6,0x9F,0xB6,0x30,0x53,
    0x06,0x11,0xFF,0xFF,0xFF,0xFF,0xFF,0xFF,0xFF,0xFF,0xFF,0xFF,0xFF,0xFF,0xFF,0xFF,
    0xFF,0xFF,0xFF,0xFF,0xFF,0xFF,0xFF,0xFF,0xFF,0xFF,0x1C,0xDF,0x2A,0x32,0x06,0x11,
    0x70,0x2A,0x5E,0x4C,0x7E,0x4C,0x7E,0x4C,0x7E,0x4C,0x7E,0x4C,0x7E,0x4C,0x7E,0x4C,
    0x7E,0x4C,0x7E,0x4C,0x7E,0x4C,0x7E,0x4C,0x7E,0x4C,0x7E,0x4C,0x7E,0x4C,0x7E,0x4C,
    0x7E,0x4C,0x7E,0x4C,0x7E,0x4C,0x7E,0x4C,0x7E,0x4C,0x7E,0x4C,0x7E,0x4C,0x7E,0x4C,
    0x7E,0x4C,0x7E,0x4C,0x7E,0x4C,0x7E,0x4C,0x7E,0x4C,0x7E,0x4C,0x7E,0x4C,0x7E,0x4C,
    0x7E,0x4C,0x7E,0x4C,0x7E,0x4C,0x7E,0x4C,0x7E,0x4C,0x7E,0x4C,0x7E,0x4C,0x7E,0x4C,
    0x7E,0x4C,0x7E,0x4C,0x7E,0x4C,0x7E,0x4C,0x7E,0x4C,0x7E,0x4C,0x7E,0x4C,0x7E,0x4C,
    0x7E,0x4C,0x7E,0x4C,0x7E,0x4C,0x7E,0x4C,0x7E,0x4C,0x7E,0x4C,0x7E,0x4C,0x7E,0x4C,
    0x7E,0x4C,0x7E,0x4C,0x7E,0x4C,0x7E,0x4C,0x7E,0x4C,0x7E,0x4C,0x7E,0x4C,0x7E,0x4C,
    0x7E,0x4C,0x7E,0x4C,0x7E,0x4C,0x7E,0x4C,0x7E,0x4C,0x7E,0x4C,0x7E,0x4C,0x7E,0x4C,
    0x7E,0x4C,0x7E,0x4C,0x7E,0x4C,0x7E,0x4C,0x7E,0x4C,0x7E,0x4C,0x7E,0x4C,0x7E,0x4C,
    0x7E,0x4C,0x7E,0x4C,0x7E,0x4C,0x7E,0x4C,0x7E,0x4C,0x7E,0x4C,0x7E,0x4C,0x7E,0x4C,
    0x7E,0x4C,0x7E,0x4C,0x7E,0x4C,0x7E,0x4C,0x7E,0x4C,0x7E,0x4C,0xF4,0x32,0x74,0x4B,
    0x1C,0xAE,0x1B,0xAE,0x3D,0xB6,0x7F,0xB6,0x9F,0xB6,0x98,0x74,0xB8,0x7C,0x30,0x53,
    0x06,0x11,0xFF,0xFF,0xFF,0xFF,0xFF,0xFF,0xFF,0xFF,0xFF,0xFF,0xFF,0xFF,0xFF,0xFF,
    0xFF,0xFF,0xFF,0xFF,0xFF,0xFF,0xFF,0xFF,0xFF,0xFF,0xFF,0xFF,0xBE,0xF7,0x0D,0x53,
    0x06,0x11,0x2E,0x22,0x5D,0x4C,0x7E,0x4C,0x7E,0x4C,0x7E,0x4C,0x7E,0x4C,0x7E,0x4C,
    0x7E,0x4C,0x7E,0x4C,0x7E,0x4C,0x7E,0x4C,0x7E,0x4C,0x7E,0x4C,0x7E,0x4C,0x7E,0x4C,
    0x7E,0x4C,0x7E,0x4C,0x7E,0x4C,0x7E,0x4C,0x7E,0x4C,0x7E,0x4C,0x7E,0x4C,0x7E,0x4C,
    0x7E,0x4C,0x7E,0x4C,0x7E,0x4C,0x7E,0x4C,0x7E,0x4C,0x7E,0x4C,0x7E,0x4C,0x7E,0x4C,
    0x7E,0x4C,0x7E,0x4C,0x7E,0x4C,0x7E,0x4C,0x7E,0x4C,0x7E,0x4C,0x7E,0x4C,0x7E,0x4C,
    0x7E,0x4C,0x7E,0x4C,0x7E,0x4C,0x7E,0x4C,0x7E,0x4C,0x7E,0x4C,0x7E,0x4C,0x7E,0x4C,
    0x7E,0x4C,0x7E,0x4C,0x7E,0x4C,0x7E,0x4C,0x7E,0x4C,0x7E,0x4C,0x7E,0x4C,0x7E,0x4C,
    0x7E,0x4C,0x7E,0x4C,0x7E,0x4C,0x7E,0x4C,0x7E,0x4C,0x7E,0x4C,0x7E,0x4C,0x7E,0x4C,
    0x7E,0x4C,0x7E,0x4C,0x7E,0x4C,0x7E,0x4C,0x7E,0x4C,0x7E,0x4C,0x7E,0x4C,0x7E,0x4C,
    0x7E,0x4C,0x7E,0x4C,0x7E,0x4C,0x7E,0x4C,0x7E,0x4C,0x7E,0x4C,0x7E,0x4C,0x7E,0x4C,
    0x7E,0x4C,0x7E,0x4C,0x7E,0x4C,0x7E,0x4C,0x7E,0x4C,0x7E,0x4C,0x7E,0x4C,0x7E,0x4C,
    0x7E,0x4C,0x7E,0x4C,0x7E,0x4C,0x7E,0x4C,0x7E,0x4C,0x7E,0x4C,0xF4,0x32,0x74,0x4B,
    0x7F,0xB6,0x7F,0xB6,0x9F,0xB6,0x9F,0xB6,0x37,0x6C,0x70,0x2A,0x90,0x2A,0x0F,0x4B,
    0x06,0x11,0xFF,0xFF,0xFF,0xFF,0xFF,0xFF,0xFF,0xFF,0xFF,0xFF,0xFF,0xFF,0xFF,0xFF,
    0xFF,0xFF,0xFF,0xFF,0xFF,0xFF,0xFF,0xFF,0xFF,0xFF,0xFF,0xFF,0xFF,0xFF,0xFF,0xFF,
    0xF1,0x73,0x06,0x11,0xAA,0x19,0x1C,0x44,0x7E,0x4C,0x7E,0x4C,0x7E,0x4C,0x7E,0x4C,
    0x7E,0x4C,0x7E,0x4C,0x7E,0x4C,0x7E,0x4C,0x7E,0x4C,0x7E,0x4C,0x7E,0x4C,0x7E,0x4C,
    0x7E,0x4C,0x7E,0x4C,0x7E,0x4C,0x7E,0x4C,0x7E,0x4C,0x7E,0x4C,0x7E,0x4C,0x7E,0x4C,
    0x7E,0x4C,0x7E,0x4C,0x7E,0x4C,0x7E,0x4C,0x7E,0x4C,0x7E,0x4C,0x7E,0x4C,0x7E,0x4C,
    0x7E,0x4C,0x7E,0x4C,0x7E,0x4C,0x7E,0x4C,0x7E,0x4C,0x7E,0x4C,0x7E,0x4C,0x7E,0x4C,
    0x7E,0x4C,0x7E,0x4C,0x7E,0x4C,0x7E,0x4C,0x7E,0x4C,0x7E,0x4C,0x7E,0x4C,0x7E,0x4C,
    0x7E,0x4C,0x7E,0x4C,0x7E,0x4C,0x7E,0x4C,0x7E,0x4C,0x7E,0x4C,0x7E,0x4C,0x7E,0x4C,
    0x7E,0x4C,0x7E,0x4C,0x7E,0x4C,0x7E,0x4C,0x7E,0x4C,0x7E,0x4C,0x7E,0x4C,0x7E,0x4C,
    0x7E,0x4C,0x7E,0x4C,0x7E,0x4C,0x7E,0x4C,0x7E,0x4C,0x7E,0x4C,0x7E,0x4C,0x7E,0x4C,
    0x7E,0x4C,0x7E,0x4C,0x7E,0x4C,0x7E,0x4C,0x7E,0x4C,0x7E,0x4C,0x7E,0x4C,0x7E,0x4C,
    0x7E,0x4C,0x7E,0x4C,0x7E,0x4C,0x7E,0x4C,0x7E,0x4C,0x7E,0x4C,0x7E,0x4C,0x7E,0x4C,
    0x7E,0x4C,0x7E,0x4C,0x7E,0x4C,0x7E,0x4C,0x7E,0x4C,0x7E,0x4C,0xF4,0x32,0x74,0x4B,
    0x9F,0xB6,0x9F,0xB6,0x9F,0xB6,0x37,0x6C,0x70,0x2A,0x35,0x33,0x70,0x2A,0x6D,0x32,
    0x06,0x11,0xFF,0xFF,0xFF,0xFF,0xFF,0xFF,0xFF,0xFF,0xFF,0xFF,0xFF,0xFF,0xFF,0xFF,
    0xFF,0xFF,0xFF,0xFF,0xFF,0xFF,0xFF,0xFF,0xFF,0xFF,0xFF,0xFF,0xFF,0xFF,0xFF,0xFF,
    0xFF,0xFF,0xF4,0x94,0x26,0x11,0x69,0x19,0xD9,0x43,0x7E,0x4C,0x7E,0x4C,0x7E,0x4C,
    0x7E,0x4C,0x7E,0x4C,0x7E,0x4C,0x7E,0x4C,0x7E,0x4C,0x7E,0x4C,0x7E,0x4C,0x7E,0x4C,
    0x7E,0x4C,0x7E,0x4C,0x7E,0x4C,0x7E,0x4C,0x7E,0x4C,0x7E,0x4C,0x7E,0x4C,0x7E,0x4C,
    0x7E,0x4C,0x7E,0x4C,0x7E,0x4C,0x7E,0x4C,0x7E,0x4C,0x7E,0x4C,0x7E,0x4C,0x7E,0x4C,
    0x7E,0x4C,0x7E,0x4C,0x7E,0x4C,0x7E,0x4C,0x7E,0x4C,0x7E,0x4C,0x7E,0x4C,0x7E,0x4C,
    0x7E,0x4C,0x7E,0x4C,0x7E,0x4C,0x7E,0x4C,0x7E,0x4C,0x7E,0x4C,0x7E,0x4C,0x7E,0x4C,
    0x7E,0x4C,0x7E,0x4C,0x7E,0x4C,0x7E,0x4C,0x7E,0x4C,0x7E,0x4C,0x7E,0x4C,0x7E,0x4C,
    0x7E,0x4C,0x7E,0x4C,0x7E,0x4C,0x7E,0x4C,0x7E,0x4C,0x7E,0x4C,0x7E,0x4C,0x7E,0x4C,
    0x7E,0x4C,0x7E,0x4C,0x7E,0x4C,0x7E,0x4C,0x7E,0x4C,0x7E,0x4C,0x7E,0x4C,0x7E,0x4C,
    0x7E,0x4C,0x7E,0x4C,0x7E,0x4C,0x7E,0x4C,0x7E,0x4C,0x7E,0x4C,0x7E,0x4C,0x7E,0x4C,
    0x7E,0x4C,0x7E,0x4C,0x7E,0x4C,0x7E,0x4C,0x7E,0x4C,0x7E,0x4C,0x7E,0x4C,0x7E,0x4C,
    0x7E,0x4C,0x7E,0x4C,0x7E,0x4C,0x7E,0x4C,0x7E,0x4C,0x7E,0x4C,0xF4,0x32,0x74,0x4B,
    0x9F,0xB6,0x9F,0xB6,0x57,0x6C,0x70,0x2A,0x56,0x3B,0x7E,0x4C,0x14,0x33,0xAA,0x19,
    0x06,0x11,0xFF,0xFF,0xFF,0xFF,0xFF,0xFF,0xFF,0xFF,0xFF,0xFF,0xFF,0xFF,0xFF,0xFF,
    0xFF,0xFF,0xFF,0xFF,0xFF,0xFF,0xFF,0xFF,0xFF,0xFF,0xFF,0xFF,0xFF,0xFF,0xFF,0xFF,
    0xFF,0xFF,0xFF,0xFF,0x18,0xBE,0x67,0x19,0x27,0x11,0x77,0x3B,0x7E,0x4C,0x7E,0x4C,
    0x7E,0x4C,0x7E,0x4C,0x7E,0x4C,0x7E,0x4C,0x7E,0x4C,0x7E,0x4C,0x7E,0x4C,0x7E,0x4C,
    0x7E,0x4C,0x7E,0x4C,0x7E,0x4C,0x7E,0x4C,0x7E,0x4C,0x7E,0x4C,0x7E,0x4C,0x7E,0x4C,
    0x7E,0x4C,0x7E,0x4C,0x7E,0x4C,0x7E,0x4C,0x7E,0x4C,0x7E,0x4C,0x7E,0x4C,0x7E,0x4C,
    0x7E,0x4C,0x7E,0x4C,0x7E,0x4C,0x7E,0x4C,0x7E,0x4C,0x7E,0x4C,0x7E,0x4C,0x7E,0x4C,
    0x7E,0x4C,0x7E,0x4C,0x7E,0x4C,0x7E,0x4C,0x7E,0x4C,0x7E,0x4C,0x7E,0x4C,0x7E,0x4C,
    0x7E,0x4C,0x7E,0x4C,0x7E,0x4C,0x7E,0x4C,0x7E,0x4C,0x7E,0x4C,0x7E,0x4C,0x7E,0x4C,
    0x7E,0x4C,0x7E,0x4C,0x7E,0x4C,0x7E,0x4C,0x7E,0x4C,0x7E,0x4C,0x7E,0x4C,0x7E,0x4C,
    0x7E,0x4C,0x7E,0x4C,0x7E,0x4C,0x7E,0x4C,0x7E,0x4C,0x7E,0x4C,0x7E,0x4C,0x7E,0x4C,
    0x7E,0x4C,0x7E,0x4C,0x7E,0x4C,0x7E,0x4C,0x7E,0x4C,0x7E,0x4C,0x7E,0x4C,0x7E,0x4C,
    0x7E,0x4C,0x7E,0x4C,0x7E,0x4C,0x7E,0x4C,0x7E,0x4C,0x7E,0x4C,0x7E,0x4C,0x7E,0x4C,
    0x7E,0x4C,0x7E,0x4C,0x7E,0x4C,0x7E,0x4C,0x7E,0x4C,0x7E,0x4C,0xF4,0x32,0x74,0x4B,
    0x9F,0xB6,0x57,0x6C,0x70,0x2A,0x56,0x3B,0x7E,0x4C,0x7E,0x4C,0xFB,0x43,0xAA,0x19,
    0x06,0x11,0xFF,0xFF,0xFF,0xFF,0xFF,0xFF,0xFF,0xFF,0xFF,0xFF,0xFF,0xFF,0xFF,0xFF,
    0xFF,0xFF,0xFF,0xFF,0xFF,0xFF,0xFF,0xFF,0xFF,0xFF,0xFF,0xFF,0xFF,0xFF,0xFF,0xFF,
    0xFF,0xFF,0xFF,0xFF,0xFF,0xFF,0xBB,0xD6,0xC9,0x29,0x26,0x11,0xD3,0x32,0x7E,0x4C,
    0x7E,0x4C,0x7E,0x4C,0x7E,0x4C,0x7E,0x4C,0x7E,0x4C,0x7E,0x4C,0x7E,0x4C,0x7E,0x4C,
    0x7E,0x4C,0x7E,0x4C,0x7E,0x4C,0x7E,0x4C,0x7E,0x4C,0x7E,0x4C,0x7E,0x4C,0x7E,0x4C,
    0x7E,0x4C,0x7E,0x4C,0x7E,0x4C,0x7E,0x4C,0x7E,0x4C,0x7E,0x4C,0x7E,0x4C,0x7E,0x4C,
    0x7E,0x4C,0x7E,0x4C,0x7E,0x4C,0x7E,0x4C,0x7E,0x4C,0x7E,0x4C,0x7E,0x4C,0x7E,0x4C,
    0x7E,0x4C,0x7E,0x4C,0x7E,0x4C,0x7E,0x4C,0x7E,0x4C,0x7E,0x4C,0x7E,0x4C,0x7E,0x4C,
    0x7E,0x4C,0x7E,0x4C,0x7E,0x4C,0x7E,0x4C,0x7E,0x4C,0x7E,0x4C,0x7E,0x4C,0x7E,0x4C,
    0x7E,0x4C,0x7E,0x4C,0x7E,0x4C,0x7E,0x4C,0x7E,0x4C,0x7E,0x4C,0x7E,0x4C,0x7E,0x4C,
    0x7E,0x4C,0x7E,0x4C,0x7E,0x4C,0x7E,0x4C,0x7E,0x4C,0x7E,0x4C,0x7E,0x4C,0x7E,0x4C,
    0x7E,0x4C,0x7E,0x4C,0x7E,0x4C,0x7E,0x4C,0x7E,0x4C,0x7E,0x4C,0x7E,0x4C,0x7E,0x4C,
    0x7E,0x4C,0x7E,0x4C,0x7E,0x4C,0x7E,0x4C,0x7E,0x4C,0x7E,0x4C,0x7E,0x4C,0x7E,0x4C,
    0x7E,0x4C,0x7E,0x4C,0x7E,0x4C,0x7E,0x4C,0x7E,0x4C,0x7E,0x4C,0xF4,0x32,0x74,0x4B,
    0x57,0x6C,0x70,0x2A,0x56,0x3B,0x7E,0x4C,0x7E,0x4C,0x7E,0x4C,0x7E,0x4C,0xCB,0x19,
    0x06,0x11,0xFF,0xFF,0xFF,0xFF,0xFF,0xFF,0xFF,0xFF,0xFF,0xFF,0xFF,0xFF,0xFF,0xFF,
    0xFF,0xFF,0xFF,0xFF,0xFF,0xFF,0xFF,0xFF,0xFF,0xFF,0xFF,0xFF,0xFF,0xFF,0xFF,0xFF,
    0xFF,0xFF,0xFF,0xFF,0xFF,0xFF,0xFF,0xFF,0x5D,0xEF,0x6B,0x42,0x06,0x11,0x70,0x2A,
    0x5E,0x4C,0x7E,0x4C,0x7E,0x4C,0x7E,0x4C,0x7E,0x4C,0x7E,0x4C,0x7E,0x4C,0x7E,0x4C,
    0x7E,0x4C,0x7E,0x4C,0x7E,0x4C,0x7E,0x4C,0x7E,0x4C,0x7E,0x4C,0x7E,0x4C,0x7E,0x4C,
    0x7E,0x4C,0x7E,0x4C,0x7E,0x4C,0x7E,0x4C,0x7E,0x4C,0x7E,0x4C,0x7E,0x4C,0x7E,0x4C,
    0x7E,0x4C,0x7E,0x4C,0x7E,0x4C,0x7E,0x4C,0x7E,0x4C,0x7E,0x4C,0x7E,0x4C,0x7E,0x4C,
    0x7E,0x4C,0x7E,0x4C,0x7E,0x4C,0x7E,0x4C,0x7E,0x4C,0x7E,0x4C,0x7E,0x4C,0x7E,0x4C,
    0x7E,0x4C,0x7E,0x4C,0x7E,0x4C,0x7E,0x4C,0x7E,0x4C,0x7E,0x4C,0x7E,0x4C,0x7E,0x4C,
    0x7E,0x4C,0x7E,0x4C,0x7E,0x4C,0x7E,0x4C,0x7E,0x4C,0x7E,0x4C,0x7E,0x4C,0x7E,0x4C,
    0x7E,0x4C,0x7E,0x4C,0x7E,0x4C,0x7E,0x4C,0x7E,0x4C,0x7E,0x4C,0x7E,0x4C,0x7E,0x4C,
    0x7E,0x4C,0x7E,0x4C,0x7E,0x4C,0x7E,0x4C,0x7E,0x4C,0x7E,0x4C,0x7E,0x4C,0x7E,0x4C,
    0x7E,0x4C,0x7E,0x4C,0x7E,0x4C,0x7E,0x4C,0x7E,0x4C,0x7E,0x4C,0x7E,0x4C,0x7E,0x4C,
    0x7E,0x4C,0x7E,0x4C,0x7E,0x4C,0x7E,0x4C,0x7E,0x4C,0x7E,0x4C,0xF4,0x32,0x70,0x2A,
    0x70,0x2A,0x56,0x3B,0x7E,0x4C,0x7E,0x4C,0x7E,0x4C,0x7E,0x4C,0x7E,0x4C,0x2E,0x22,
    0x06,0x11,0xFF,0xFF,0xFF,0xFF,0xFF,0xFF,0xFF,0xFF,0xFF,0xFF,0xFF,0xFF,0xFF,0xFF,
    0xFF,0xFF,0xFF,0xFF,0xFF,0xFF,0xFF,0xFF,0xFF,0xFF,0xFF,0xFF,0xFF,0xFF,0xFF,0xFF,
    0xFF,0xFF,0xFF,0xFF,0xFF,0xFF,0xFF,0xFF,0xFF,0xFF,0xDF,0xFF,0x6F,0x63,0x06,0x11,
    0xEC,0x21,0x3D,0x4C,0x7E,0x4C,0x7E,0x4C,0x7E,0x4C,0x7E,0x4C,0x7E,0x4C,0x7E,0x4C,
    0x7E,0x4C,0x7E,0x4C,0x7E,0x4C,0x7E,0x4C,0x7E,0x4C,0x7E,0x4C,0x7E,0x4C,0x7E,0x4C,
    0x7E,0x4C,0x7E,0x4C,0x7E,0x4C,0x7E,0x4C,0x7E,0x4C,0x7E,0x4C,0x7E,0x4C,0x7E,0x4C,
    0x7E,0x4C,0x7E,0x4C,0x7E,0x4C,0x7E,0x4C,0x7E,0x4C,0x7E,0x4C,0x7E,0x4C,0x7E,0x4C,
    0x7E,0x4C,0x7E,0x4C,0x7E,0x4C,0x7E,0x4C,0x7E,0x4C,0x7E,0x4C,0x7E,0x4C,0x7E,0x4C,
    0x7E,0x4C,0x7E,0x4C,0x7E,0x4C,0x7E,0x4C,0x7E,0x4C,0x7E,0x4C,0x7E,0x4C,0x7E,0x4C,
    0x7E,0x4C,0x7E,0x4C,0x7E,0x4C,0x7E,0x4C,0x7E,0x4C,0x7E,0x4C,0x7E,0x4C,0x7E,0x4C,
    0x7E,0x4C,0x7E,0x4C,0x7E,0x4C,0x7E,0x4C,0x7E,0x4C,0x7E,0x4C,0x7E,0x4C,0x7E,0x4C,
    0x7E,0x4C,0x7E,0x4C,0x7E,0x4C,0x7E,0x4C,0x7E,0x4C,0x7E,0x4C,0x7E,0x4C,0x7E,0x4C,
    0x7E,0x4C,0x7E,0x4C,0x7E,0x4C,0x7E,0x4C,0x7E,0x4C,0x7E,0x4C,0x7E,0x4C,0x7E,0x4C,
    0x7E,0x4C,0x7E,0x4C,0x7E,0x4C,0x7E,0x4C,0x7E,0x4C,0x7E,0x4C,0xF4,0x32,0x70,0x2A,
    0x56,0x3B,0x7E,0x4C,0x7E,0x4C,0x7E,0x4C,0x7E,0x4C,0x7E,0x4C,0x7E,0x4C,0x6F,0x2A,
    0x06,0x11,0xFF,0xFF,0xFF,0xFF,0xFF,0xFF,0xFF,0xFF,0xFF,0xFF,0xFF,0xFF,0xFF,0xFF,
    0xFF,0xFF,0xFF,0xFF,0xFF,0xFF,0xFF,0xFF,0xFF,0xFF,0xFF,0xFF,0xFF,0xFF,0x7D,0xEF,
    0xDB,0xD6,0x18,0xBE,0x76,0xA5,0xB3,0x8C,0x11,0x74,0x4E,0x5B,0x8C,0x42,0x06,0x11,
    0x06,0x11,0xED,0x21,0x7E,0x4C,0x7E,0x4C,0x7E,0x4C,0x7E,0x4C,0x7E,0x4C,0x7E,0x4C,
    0x7E,0x4C,0x7E,0x4C,0x7E,0x4C,0x7E,0x4C,0x7E,0x4C,0x7E,0x4C,0x7E,0x4C,0x7E,0x4C,
    0x7E,0x4C,0x7E,0x4C,0x7E,0x4C,0x7E,0x4C,0x7E,0x4C,0x7E,0x4C,0x7E,0x4C,0x7E,0x4C,
    0x7E,0x4C,0x7E,0x4C,0x7E,0x4C,0x7E,0x4C,0x7E,0x4C,0x7E,0x4C,0x7E,0x4C,0x7E,0x4C,
    0x7E,0x4C,0x7E,0x4C,0x7E,0x4C,0x7E,0x4C,0x7E,0x4C,0x7E,0x4C,0x7E,0x4C,0x7E,0x4C,
    0x7E,0x4C,0x7E,0x4C,0x7E,0x4C,0x7E,0x4C,0x7E,0x4C,0x7E,0x4C,0x7E,0x4C,0x7E,0x4C,
    0x7E,0x4C,0x7E,0x4C,0x7E,0x4C,0x7E,0x4C,0x7E,0x4C,0x7E,0x4C,0x7E,0x4C,0x7E,0x4C,
    0x7E,0x4C,0x7E,0x4C,0x7E,0x4C,0x7E,0x4C,0x7E,0x4C,0x7E,0x4C,0x7E,0x4C,0x7E,0x4C,
    0x7E,0x4C,0x7E,0x4C,0x7E,0x4C,0x7E,0x4C,0x7E,0x4C,0x7E,0x4C,0x7E,0x4C,0x7E,0x4C,
    0x7E,0x4C,0x7E,0x4C,0x7E,0x4C,0x7E,0x4C,0x7E,0x4C,0x7E,0x4C,0x7E,0x4C,0x7E,0x4C,
    0x7E,0x4C,0x7E,0x4C,0x7E,0x4C,0x7E,0x4C,0x7E,0x4C,0x7E,0x4C,0x98,0x3B,0x77,0x3B,
    0x7E,0x4C,0x7E,0x4C,0x7E,0x4C,0x7E,0x4C,0x7E,0x4C,0x7E,0x4C,0x7E,0x4C,0x6F,0x2A,
    0x06,0x11,0xFF,0xFF,0xFF,0xFF,0xFF,0xFF,0xFF,0xFF,0xFF,0xFF,0xFF,0xFF,0xFF,0xFF,
    0xFF,0xFF,0xFF,0xFF,0xFF,0xFF,0xFF,0xFF,0xFF,0xFF,0x56,0xA5,0x27,0x11,0x06,0x11,
    0x06,0x11,0x06,0x11,0x06,0x11,0x06,0x11,0x06,0x11,0x27,0x11,0x8A,0x19,0xEC,0x21,
    0x4F,0x22,0x36,0x3B,0x7E,0x4C,0x7E,0x4C,0x7E,0x4C,0x7E,0x4C,0x7E,0x4C,0x7E,0x4C,
    0x7E,0x4C,0x7E,0x4C,0x7E,0x4C,0x7E,0x4C,0x7E,0x4C,0x7E,0x4C,0x7E,0x4C,0x7E,0x4C,
    0x7E,0x4C,0x7E,0x4C,0x7E,0x4C,0x7E,0x4C,0x7E,0x4C,0x7E,0x4C,0x7E,0x4C,0x7E,0x4C,
    0x7E,0x4C,0x7E,0x4C,0x7E,0x4C,0x7E,0x4C,0x7E,0x4C,0x7E,0x4C,0x7E,0x4C,0x7E,0x4C,
    0x7E,0x4C,0x7E,0x4C,0x7E,0x4C,0x7E,0x4C,0x7E,0x4C,0x7E,0x4C,0x7E,0x4C,0x7E,0x4C,
    0x7E,0x4C,0x7E,0x4C,0x7E,0x4C,0x7E,0x4C,0x7E,0x4C,0x7E,0x4C,0x7E,0x4C,0x7E,0x4C,
    0x7E,0x4C,0x7E,0x4C,0x7E,0x4C,0x7E,0x4C,0x7E,0x4C,0x7E,0x4C,0x7E,0x4C,0x7E,0x4C,
    0x7E,0x4C,0x7E,0x4C,0x7E,0x4C,0x7E,0x4C,0x7E,0x4C,0x7E,0x4C,0x7E,0x4C,0x7E,0x4C,
    0x7E,0x4C,0x7E,0x4C,0x7E,0x4C,0x7E,0x4C,0x7E,0x4C,0x7E,0x4C,0x7E,0x4C,0x7E,0x4C,
    0x7E,0x4C,0x7E,0x4C,0x7E,0x4C,0x7E,0x4C,0x7E,0x4C,0x7E,0x4C,0x7E,0x4C,0x7E,0x4C,
    0x7E,0x4C,0x7E,0x4C,0x7E,0x4C,0x7E,0x4C,0x7E,0x4C,0x7E,0x4C,0x7E,0x4C,0x7E,0x4C,
    0x7E,0x4C,0x7E,0x4C,0x7E,0x4C,0x7E,0x4C,0x7E,0x4C,0x7E,0x4C,0x7E,0x4C,0x6F,0x2A,
    0x06,0x11,0xFF,0xFF,0xFF,0xFF,0xFF,0xFF,0xFF,0xFF,0xFF,0xFF,0xFF,0xFF,0xFF,0xFF,
    0xFF,0xFF,0xFF,0xFF,0xFF,0xFF,0xFF,0xFF,0xFF,0xFF,0x97,0xAD,0x06,0x11,0xCB,0x19,
    0xF3,0x32,0x36,0x3B,0x98,0x3B,0xFA,0x43,0x3D,0x4C,0x7E,0x4C,0x7E,0x4C,0x7E,0x4C,
    0x7E,0x4C,0x7E,0x4C,0x7E,0x4C,0x7E,0x4C,0x7E,0x4C,0x7E,0x4C,0x7E,0x4C,0x7E,0x4C,
    0x7E,0x4C,0x7E,0x4C,0x7E,0x4C,0x7E,0x4C,0x7E,0x4C,0x7E,0x4C,0x7E,0x4C,0x7E,0x4C,
    0x7E,0x4C,0x7E,0x4C,0x7E,0x4C,0x7E,0x4C,0x7E,0x4C,0x7E,0x4C,0x7E,0x4C,0x7E,0x4C,
    0x7E,0x4C,0x7E,0x4C,0x7E,0x4C,0x7E,0x4C,0x7E,0x4C,0x7E,0x4C,0x7E,0x4C,0x7E,0x4C,
    0x7E,0x4C,0x7E,0x4C,0x7E,0x4C,0x7E,0x4C,0x7E,0x4C,0x7E,0x4C,0x7E,0x4C,0x7E,0x4C,
    0x7E,0x4C,0x7E,0x4C,0x7E,0x4C,0x7E,0x4C,0x7E,0x4C,0x7E,0x4C,0x7E,0x4C,0x7E,0x4C,
    0x7E,0x4C,0x7E,0x4C,0x7E,0x4C,0x7E,0x4C,0x7E,0x4C,0x7E,0x4C,0x7E,0x4C,0x7E,0x4C,
    0x7E,0x4C,0x7E,0x4C,0x7E,0x4C,0x7E,0x4C,0x7E,0x4C,0x7E,0x4C,0x7E,0x4C,0x7E,0x4C,
    0x7E,0x4C,0x7E,0x4C,0x7E,0x4C,0x7E,0x4C,0x7E,0x4C,0x7E,0x4C,0x7E,0x4C,0x7E,0x4C,
    0x7E,0x4C,0x7E,0x4C,0x7E,0x4C,0x7E,0x4C,0x7E,0x4C,0x7E,0x4C,0x7E,0x4C,0x7E,0x4C,
    0x7E,0x4C,0x7E,0x4C,0x7E,0x4C,0x7E,0x4C,0x7E,0x4C,0x7E,0x4C,0x7E,0x4C,0x7E,0x4C,
    0x7E,0x4C,0x7E,0x4C,0x7E,0x4C,0x7E,0x4C,0x7E,0x4C,0x7E,0x4C,0x7E,0x4C,0x6F,0x2A,
    0x06,0x11,0xFF,0xFF,0xFF,0xFF,0xFF,0xFF,0xFF,0xFF,0xFF,0xFF,0xFF,0xFF,0x1C,0xDF,
    0xBE,0xF7,0xFF,0xFF,0xFF,0xFF,0xFF,0xFF,0xFF,0xFF,0xFF,0xFF,0xE9,0x31,0x69,0x19,
    0x5E,0x4C,0x7E,0x4C,0x7E,0x4C,0x7E,0x4C,0x7E,0x4C,0x7E,0x4C,0x7E,0x4C,0x7E,0x4C,
    0x7E,0x4C,0x7E,0x4C,0x7E,0x4C,0x7E,0x4C,0x7E,0x4C,0x7E,0x4C,0x7E,0x4C,0x7E,0x4C,
    0x7E,0x4C,0x7E,0x4C,0x7E,0x4C,0x7E,0x4C,0x7E,0x4C,0x7E,0x4C,0x7E,0x4C,0x7E,0x4C,
    0x7E,0x4C,0x7E,0x4C,0x7E,0x4C,0x7E,0x4C,0x7E,0x4C,0x7E,0x4C,0x7E,0x4C,0x7E,0x4C,
    0x7E,0x4C,0x7E,0x4C,0x7E,0x4C,0x7E,0x4C,0x7E,0x4C,0x7E,0x4C,0x7E,0x4C,0x7E,0x4C,
    0x7E,0x4C,0x7E,0x4C,0x7E,0x4C,0x7E,0x4C,0x7E,0x4C,0x7E,0x4C,0x7E,0x4C,0x7E,0x4C,
    0x7E,0x4C,0x7E,0x4C,0x7E,0x4C,0x7E,0x4C,0x7E,0x4C,0x7E,0x4C,0x7E,0x4C,0x7E,0x4C,
    0x7E,0x4C,0x7E,0x4C,0x7E,0x4C,0x7E,0x4C,0x7E,0x4C,0x7E,0x4C,0x7E,0x4C,0x7E,0x4C,
    0x7E,0x4C,0x7E,0x4C,0x7E,0x4C,0x7E,0x4C,0x7E,0x4C,0x7E,0x4C,0x7E,0x4C,0x7E,0x4C,
    0x7E,0x4C,0x7E,0x4C,0x7E,0x4C,0x7E,0x4C,0x7E,0x4C,0x7E,0x4C,0x7E,0x4C,0x7E,0x4C,
    0x7E,0x4C,0x7E,0x4C,0x7E,0x4C,0x7E,0x4C,0x7E,0x4C,0x7E,0x4C,0x7E,0x4C,0x7E,0x4C,
    0x7E,0x4C,0x7E,0x4C,0x7E,0x4C,0x7E,0x4C,0x7E,0x4C,0x7E,0x4C,0x7E,0x4C,0x7E,0x4C,
    0x7E,0x4C,0x7E,0x4C,0x7E,0x4C,0x7E,0x4C,0x7E,0x4C,0x7E,0x4C,0x7E,0x4C,0x6F,0x2A,
    0x06,0x11,0xFF,0xFF,0xFF,0xFF,0xFF,0xFF,0xFF,0xFF,0xFF,0xFF,0xB7,0xAD,0x26,0x11,
    0xB0,0x6B,0xFF,0xFF,0xFF,0xFF,0xFF,0xFF,0xFF,0xFF,0xFF,0xFF,0x35,0xA5,0x06,0x11,
    0x15,0x33,0x7E,0x4C,0x7E,0x4C,0x7E,0x4C,0x7E,0x4C,0x7E,0x4C,0x7E,0x4C,0x7E,0x4C,
    0x7E,0x4C,0x7E,0x4C,0x7E,0x4C,0x7E,0x4C,0x7E,0x4C,0x7E,0x4C,0x7E,0x4C,0x7E,0x4C,
    0x7E,0x4C,0x7E,0x4C,0x7E,0x4C,0x7E,0x4C,0x7E,0x4C,0x7E,0x4C,0x7E,0x4C,0x7E,0x4C,
    0x7E,0x4C,0x7E,0x4C,0x7E,0x4C,0x7E,0x4C,0x7E,0x4C,0x7E,0x4C,0x7E,0x4C,0x7E,0x4C,
    0x7E,0x4C,0x7E,0x4C,0x7E,0x4C,0x7E,0x4C,0x7E,0x4C,0x7E,0x4C,0x7E,0x4C,0x7E,0x4C,
    0x7E,0x4C,0x7E,0x4C,0x7E,0x4C,0x7E,0x4C,0x7E,0x4C,0x7E,0x4C,0x7E,0x4C,0x7E,0x4C,
    0x7E,0x4C,0x7E,0x4C,0x7E,0x4C,0x7E,0x4C,0x7E,0x4C,0x7E,0x4C,0x7E,0x4C,0x7E,0x4C,
    0x7E,0x4C,0x7E,0x4C,0x7E,0x4C,0x7E,0x4C,0x7E,0x4C,0x7E,0x4C,0x7E,0x4C,0x7E,0x4C,
    0x7E,0x4C,0x7E,0x4C,0x7E,0x4C,0x7E,0x4C,0x7E,0x4C,0x7E,0x4C,0x7E,0x4C,0x7E,0x4C,
    0x7E,0x4C,0x7E,0x4C,0x7E,0x4C,0x7E,0x4C,0x7E,0x4C,0x7E,0x4C,0x7E,0x4C,0x7E,0x4C,
    0x7E,0x4C,0x7E,0x4C,0x7E,0x4C,0x7E,0x4C,0x7E,0x4C,0x7E,0x4C,0x7E,0x4C,0x7E,0x4C,
    0x7E,0x4C,0x7E,0x4C,0x7E,0x4C,0x7E,0x4C,0x7E,0x4C,0x7E,0x4C,0x7E,0x4C,0x7E,0x4C,
    0x7E,0x4C,0x7E,0x4C,0x7E,0x4C,0x7E,0x4C,0x7E,0x4C,0x7E,0x4C,0x7E,0x4C,0x6F,0x2A,
    0x06,0x11,0xFF,0xFF,0xFF,0xFF,0xFF,0xFF,0xFF,0xFF,0xB7,0xAD,0x26,0x11,0x06,0x11,
    0x27,0x11,0x5D,0xE7,0xFF,0xFF,0xFF,0xFF,0xFF,0xFF,0xFF,0xFF,0xDF,0xFF,0xC9,0x21,
    0x89,0x19,0x5E,0x4C,0x7E,0x4C,0x7E,0x4C,0x7E,0x4C,0x7E,0x4C,0x7E,0x4C,0x7E,0x4C,
    0x7E,0x4C,0x7E,0x4C,0x7E,0x4C,0x7E,0x4C,0x7E,0x4C,0x7E,0x4C,0x7E,0x4C,0x7E,0x4C,
    0x7E,0x4C,0x7E,0x4C,0x7E,0x4C,0x7E,0x4C,0x7E,0x4C,0x7E,0x4C,0x7E,0x4C,0x7E,0x4C,
    0x7E,0x4C,0x7E,0x4C,0x7E,0x4C,0x7E,0x4C,0x7E,0x4C,0x7E,0x4C,0x7E,0x4C,0x7E,0x4C,
    0x7E,0x4C,0x7E,0x4C,0x7E,0x4C,0x7E,0x4C,0x7E,0x4C,0x7E,0x4C,0x7E,0x4C,0x7E,0x4C,
    0x7E,0x4C,0x7E,0x4C,0x7E,0x4C,0x7E,0x4C,0x7E,0x4C,0x7E,0x4C,0x7E,0x4C,0x7E,0x4C,
    0x7E,0x4C,0x7E,0x4C,0x7E,0x4C,0x7E,0x4C,0x7E,0x4C,0x7E,0x4C,0x7E,0x4C,0x7E,0x4C,
    0x7E,0x4C,0x7E,0x4C,0x7E,0x4C,0x7E,0x4C,0x7E,0x4C,0x7E,0x4C,0x7E,0x4C,0x7E,0x4C,
    0x7E,0x4C,0x7E,0x4C,0x7E,0x4C,0x7E,0x4C,0x7E,0x4C,0x7E,0x4C,0x7E,0x4C,0x7E,0x4C,
    0x7E,0x4C,0x7E,0x4C,0x7E,0x4C,0x7E,0x4C,0x7E,0x4C,0x7E,0x4C,0x7E,0x4C,0x7E,0x4C,
    0x7E,0x4C,0x7E,0x4C,0x7E,0x4C,0x7E,0x4C,0x7E,0x4C,0x7E,0x4C,0x7E,0x4C,0x7E,0x4C,
    0x7E,0x4C,0x7E,0x4C,0x7E,0x4C,0x7E,0x4C,0x7E,0x4C,0x7E,0x4C,0x7E,0x4C,0x7E,0x4C,
    0x7E,0x4C,0x7E,0x4C,0x7E,0x4C,0x7E,0x4C,0x7E,0x4C,0x7E,0x4C,0x7E,0x4C,0x6F,0x2A,
    0x06,0x11,0xFF,0xFF,0xFF,0xFF,0xFF,0xFF,0xB7,0xB5,0x26,0x11,0x89,0x19,0x35,0x33,
    0x06,0x11,0x52,0x84,0xFF,0xFF,0xFF,0xFF,0xFF,0xFF,0xFF,0xFF,0xFF,0xFF,0xD4,0x94,
    0x06,0x11,0x56,0x3B,0x7E,0x4C,0x7E,0x4C,0x7E,0x4C,0x7E,0x4C,0x7E,0x4C,0x7E,0x4C,
    0x7E,0x4C,0x7E,0x4C,0x7E,0x4C,0x7E,0x4C,0x7E,0x4C,0x7E,0x4C,0x7E,0x4C,0x7E,0x4C,
    0x7E,0x4C,0x7E,0x4C,0x7E,0x4C,0x7E,0x4C,0x7E,0x4C,0x7E,0x4C,0x7E,0x4C,0x7E,0x4C,
    0x7E,0x4C,0x7E,0x4C,0x7E,0x4C,0x7E,0x4C,0x7E,0x4C,0x7E,0x4C,0x7E,0x4C,0x7E,0x4C,
    0x7E,0x4C,0x7E,0x4C,0x7E,0x4C,0x7E,0x4C,0x7E,0x4C,0x7E,0x4C,0x7E,0x4C,0x7E,0x4C,
    0x7E,0x4C,0x7E,0x4C,0x7E,0x4C,0x7E,0x4C,0x7E,0x4C,0x7E,0x4C,0x7E,0x4C,0x7E,0x4C,
    0x7E,0x4C,0x7E,0x4C,0x7E,0x4C,0x7E,0x4C,0x7E,0x4C,0x7E,0x4C,0x7E,0x4C,0x7E,0x4C,
    0x7E,0x4C,0x7E,0x4C,0x7E,0x4C,0x7E,0x4C,0x7E,0x4C,0x7E,0x4C,0x7E,0x4C,0x7E,0x4C,
    0x7E,0x4C,0x7E,0x4C,0x7E,0x4C,0x7E,0x4C,0x7E,0x4C,0x7E,0x4C,0x7E,0x4C,0x7E,0x4C,
    0x7E,0x4C,0x7E,0x4C,0x7E,0x4C,0x7E,0x4C,0x7E,0x4C,0x7E,0x4C,0x7E,0x4C,0x7E,0x4C,
    0x7E,0x4C,0x7E,0x4C,0x7E,0x4C,0x7E,0x4C,0x7E,0x4C,0x7E,0x4C,0x7E,0x4C,0x7E,0x4C,
    0x7E,0x4C,0x7E,0x4C,0x7E,0x4C,0x7E,0x4C,0x7E,0x4C,0x7E,0x4C,0x7E,0x4C,0x7E,0x4C,
    0x7E,0x4C,0x7E,0x4C,0x7E,0x4C,0x7E,0x4C,0x7E,0x4C,0x7E,0x4C,0x7E,0x4C,0x6F,0x2A,
    0x06,0x11,0xFF,0xFF,0xFF,0xFF,0xB7,0xB5,0x26,0x11,0x89,0x19,0xFB,0x43,0x7E,0x4C,
    0xCB,0x19,0x67,0x19,0x9E,0xF7,0xFF,0xFF,0xFF,0xFF,0xFF,0xFF,0xFF,0xFF,0xBE,0xF7,
    0x88,0x21,0xAA,0x19,0x5E,0x4C,0x7E,0x4C,0x7E,0x4C,0x7E,0x4C,0x7E,0x4C,0x7E,0x4C,
    0x7E,0x4C,0x7E,0x4C,0x7E,0x4C,0x7E,0x4C,0x7E,0x4C,0x7E,0x4C,0x7E,0x4C,0x7E,0x4C,
    0x7E,0x4C,0x7E,0x4C,0x7E,0x4C,0x7E,0x4C,0x7E,0x4C,0x7E,0x4C,0x7E,0x4C,0x7E,0x4C,
    0x7E,0x4C,0x7E,0x4C,0x7E,0x4C,0x7E,0x4C,0x7E,0x4C,0x7E,0x4C,0x7E,0x4C,0x7E,0x4C,
    0x7E,0x4C,0x7E,0x4C,0x7E,0x4C,0x7E,0x4C,0x7E,0x4C,0x7E,0x4C,0x7E,0x4C,0x7E,0x4C,
    0x7E,0x4C,0x7E,0x4C,0x7E,0x4C,0x7E,0x4C,0x7E,0x4C,0x7E,0x4C,0x7E,0x4C,0x7E,0x4C,
    0x7E,0x4C,0x7E,0x4C,0x7E,0x4C,0x7E,0x4C,0x7E,0x4C,0x7E,0x4C,0x7E,0x4C,0x7E,0x4C,
    0x7E,0x4C,0x7E,0x4C,0x7E,0x4C,0x7E,0x4C,0x7E,0x4C,0x7E,0x4C,0x7E,0x4C,0x7E,0x4C,
    0x7E,0x4C,0x7E,0x4C,0x7E,0x4C,0x7E,0x4C,0x7E,0x4C,0x7E,0x4C,0x7E,0x4C,0x7E,0x4C,
    0x7E,0x4C,0x7E,0x4C,0x7E,0x4C,0x7E,0x4C,0x7E,0x4C,0x7E,0x4C,0x7E,0x4C,0x7E,0x4C,
    0x7E,0x4C,0x7E,0x4C,0x7E,0x4C,0x7E,0x4C,0x7E,0x4C,0x7E,0x4C,0x7E,0x4C,0x7E,0x4C,
    0x7E,0x4C,0x7E,0x4C,0x7E,0x4C,0x7E,0x4C,0x7E,0x4C,0x7E,0x4C,0x7E,0x4C,0x7E,0x4C,
    0x7E,0x4C,0x7E,0x4C,0x7E,0x4C,0x7E,0x4C,0x7E,0x4C,0x7E,0x4C,0x7E,0x4C,0x6F,0x2A,
    0x06,0x11,0xFF,0xFF,0xB7,0xB5,0x26,0x11,0x89,0x19,0xFB,0x43,0x7E,0x4C,0x7E,0x4C,
    0x56,0x3B,0x06,0x11,0xF4,0x94,0xFF,0xFF,0xFF,0xFF,0xFF,0xFF,0xFF,0xFF,0xFF,0xFF,
    0x93,0x8C,0x06,0x11,0x77,0x3B,0x7E,0x4C,0x7E,0x4C,0x7E,0x4C,0x7E,0x4C,0x7E,0x4C,
    0x7E,0x4C,0x7E,0x4C,0x7E,0x4C,0x7E,0x4C,0x7E,0x4C,0x7E,0x4C,0x7E,0x4C,0x7E,0x4C,
    0x7E,0x4C,0x7E,0x4C,0x7E,0x4C,0x7E,0x4C,0x7E,0x4C,0x7E,0x4C,0x7E,0x4C,0x7E,0x4C,
    0x7E,0x4C,0x7E,0x4C,0x7E,0x4C,0x7E,0x4C,0x7E,0x4C,0x7E,0x4C,0x7E,0x4C,0x7E,0x4C,
    0x7E,0x4C,0x7E,0x4C,0x7E,0x4C,0x7E,0x4C,0x7E,0x4C,0x7E,0x4C,0x7E,0x4C,0x7E,0x4C,
    0x7E,0x4C,0x7E,0x4C,0x7E,0x4C,0x7E,0x4C,0x7E,0x4C,0x7E,0x4C,0x7E,0x4C,0x7E,0x4C,
    0x7E,0x4C,0x7E,0x4C,0x7E,0x4C,0x7E,0x4C,0x7E,0x4C,0x7E,0x4C,0x7E,0x4C,0x7E,0x4C,
    0x7E,0x4C,0x7E,0x4C,0x7E,0x4C,0x7E,0x4C,0x7E,0x4C,0x7E,0x4C,0x7E,0x4C,0x7E,0x4C,
    0x7E,0x4C,0x7E,0x4C,0x7E,0x4C,0x7E,0x4C,0x7E,0x4C,0x7E,0x4C,0x7E,0x4C,0x7E,0x4C,
    0x7E,0x4C,0x7E,0x4C,0x7E,0x4C,0x7E,0x4C,0x7E,0x4C,0x7E,0x4C,0x7E,0x4C,0x7E,0x4C,
    0x7E,0x4C,0x7E,0x4C,0x7E,0x4C,0x7E,0x4C,0x7E,0x4C,0x7E,0x4C,0x7E,0x4C,0x7E,0x4C,
    0x7E,0x4C,0x7E,0x4C,0x7E,0x4C,0x7E,0x4C,0x7E,0x4C,0x7E,0x4C,0x7E,0x4C,0x7E,0x4C,
    0x7E,0x4C,0x7E,0x4C,0x7E,0x4C,0x7E,0x4C,0x7E,0x4C,0x7E,0x4C,0x7E,0x4C,0x6F,0x2A,
    0x06,0x11,0xB7,0xAD,0x26,0x11,0x89,0x19,0xFB,0x43,0x7E,0x4C,0x7E,0x4C,0x7E,0x4C,
    0x5E,0x4C,0x89,0x19,0xC9,0x29,0xDF,0xFF,0xFF,0xFF,0xFF,0xFF,0xFF,0xFF,0xFF,0xFF,
    0x7E,0xEF,0x67,0x19,0xCB,0x19,0x7E,0x4C,0x7E,0x4C,0x7E,0x4C,0x7E,0x4C,0x7E,0x4C,
    0x7E,0x4C,0x7E,0x4C,0x7E,0x4C,0x7E,0x4C,0x7E,0x4C,0x7E,0x4C,0x7E,0x4C,0x7E,0x4C,
    0x7E,0x4C,0x7E,0x4C,0x7E,0x4C,0x7E,0x4C,0x7E,0x4C,0x7E,0x4C,0x7E,0x4C,0x7E,0x4C,
    0x7E,0x4C,0x7E,0x4C,0x7E,0x4C,0x7E,0x4C,0x7E,0x4C,0x7E,0x4C,0x7E,0x4C,0x7E,0x4C,
    0x7E,0x4C,0x7E,0x4C,0x7E,0x4C,0x7E,0x4C,0x7E,0x4C,0x7E,0x4C,0x7E,0x4C,0x7E,0x4C,
    0x7E,0x4C,0x7E,0x4C,0x7E,0x4C,0x7E,0x4C,0x7E,0x4C,0x7E,0x4C,0x7E,0x4C,0x7E,0x4C,
    0x7E,0x4C,0x7E,0x4C,0x7E,0x4C,0x7E,0x4C,0x7E,0x4C,0x7E,0x4C,0x7E,0x4C,0x7E,0x4C,
    0x7E,0x4C,0x7E,0x4C,0x7E,0x4C,0x7E,0x4C,0x7E,0x4C,0x7E,0x4C,0x7E,0x4C,0x7E,0x4C,
    0x7E,0x4C,0x7E,0x4C,0x7E,0x4C,0x7E,0x4C,0x7E,0x4C,0x7E,0x4C,0x7E,0x4C,0x7E,0x4C,
    0x7E,0x4C,0x7E,0x4C,0x7E,0x4C,0x7E,0x4C,0x7E,0x4C,0x7E,0x4C,0x7E,0x4C,0x7E,0x4C,
    0x7E,0x4C,0x7E,0x4C,0x7E,0x4C,0x7E,0x4C,0x7E,0x4C,0x7E,0x4C,0x7E,0x4C,0x7E,0x4C,
    0x7E,0x4C,0x7E,0x4C,0x7E,0x4C,0x7E,0x4C,0x7E,0x4C,0x7E,0x4C,0x7E,0x4C,0x7E,0x4C,
    0x7E,0x4C,0x7E,0x4C,0x7E,0x4C,0x7E,0x4C,0x7E,0x4C,0x7E,0x4C,0x7E,0x4C,0x6F,0x2A,
    0x06,0x11,0x26,0x11,0x89,0x19,0x1C,0x44,0x7E,0x4C,0x7E,0x4C,0x7E,0x4C,0x7E,0x4C,
    0x7E,0x4C,0xF4,0x32,0x06,0x11,0x96,0xAD,0xFF,0xFF,0xFF,0xFF,0xFF,0xFF,0xFF,0xFF,
    0xFF,0xFF,0x32,0x7C,0x06,0x11,0x98,0x3B,0x7E,0x4C,0x7E,0x4C,0x7E,0x4C,0x7E,0x4C,
    0x7E,0x4C,0x7E,0x4C,0x7E,0x4C,0x7E,0x4C,0x7E,0x4C,0x7E,0x4C,0x7E,0x4C,0x7E,0x4C,
    0x7E,0x4C,0x7E,0x4C,0x7E,0x4C,0x7E,0x4C,0x7E,0x4C,0x7E,0x4C,0x7E,0x4C,0x7E,0x4C,
    0x7E,0x4C,0x7E,0x4C,0x7E,0x4C,0x7E,0x4C,0x7E,0x4C,0x7E,0x4C,0x7E,0x4C,0x7E,0x4C,
    0x7E,0x4C,0x7E,0x4C,0x7E,0x4C,0x7E,0x4C,0x7E,0x4C,0x7E,0x4C,0x7E,0x4C,0x7E,0x4C,
    0x7E,0x4C,0x7E,0x4C,0x7E,0x4C,0x7E,0x4C,0x7E,0x4C,0x7E,0x4C,0x7E,0x4C,0x7E,0x4C,
    0x7E,0x4C,0x7E,0x4C,0x7E,0x4C,0x7E,0x4C,0x7E,0x4C,0x7E,0x4C,0x7E,0x4C,0x7E,0x4C,
    0x7E,0x4C,0x7E,0x4C,0x7E,0x4C,0x7E,0x4C,0x7E,0x4C,0x7E,0x4C,0x7E,0x4C,0x7E,0x4C,
    0x7E,0x4C,0x7E,0x4C,0x7E,0x4C,0x7E,0x4C,0x7E,0x4C,0x7E,0x4C,0x7E,0x4C,0x7E,0x4C,
    0x7E,0x4C,0x7E,0x4C,0x7E,0x4C,0x7E,0x4C,0x7E,0x4C,0x7E,0x4C,0x7E,0x4C,0x7E,0x4C,
    0x7E,0x4C,0x7E,0x4C,0x7E,0x4C,0x7E,0x4C,0x7E,0x4C,0x7E,0x4C,0x7E,0x4C,0x7E,0x4C,
    0x7E,0x4C,0x7E,0x4C,0x7E,0x4C,0x7E,0x4C,0x7E,0x4C,0x7E,0x4C,0x7E,0x4C,0x7E,0x4C,
    0x7E,0x4C,0x7E,0x4C,0x7E,0x4C,0x7E,0x4C,0x7E,0x4C,0x7E,0x4C,0x7E,0x4C,0x6F,0x2A,
    0x06,0x11,0x89,0x19,0x1C,0x44,0x7E,0x4C,0x7E,0x4C,0x7E,0x4C,0x7E,0x4C,0x7E,0x4C,
    0x7E,0x4C,0x3D,0x4C,0x48,0x11,0x6B,0x3A,0xFF,0xFF,0xFF,0xFF,0xFF,0xFF,0xFF,0xFF,
    0xFF,0xFF,0x5D,0xEF,0x47,0x11,0x0D,0x22,0x7E,0x4C,0x7E,0x4C,0x7E,0x4C,0x7E,0x4C,
    0x7E,0x4C,0x7E,0x4C,0x7E,0x4C,0x7E,0x4C,0x7E,0x4C,0x7E,0x4C,0x7E,0x4C,0x7E,0x4C,
    0x7E,0x4C,0x7E,0x4C,0x7E,0x4C,0x7E,0x4C,0x7E,0x4C,0x7E,0x4C,0x7E,0x4C,0x7E,0x4C,
    0x7E,0x4C,0x7E,0x4C,0x7E,0x4C,0x7E,0x4C,0x7E,0x4C,0x7E,0x4C,0x7E,0x4C,0x7E,0x4C,
    0x7E,0x4C,0x7E,0x4C,0x7E,0x4C,0x7E,0x4C,0x7E,0x4C,0x7E,0x4C,0x7E,0x4C,0x7E,0x4C,
    0x7E,0x4C,0x7E,0x4C,0x7E,0x4C,0x7E,0x4C,0x7E,0x4C,0x7E,0x4C,0x7E,0x4C,0x7E,0x4C,
    0x7E,0x4C,0x7E,0x4C,0x7E,0x4C,0x7E,0x4C,0x7E,0x4C,0x7E,0x4C,0x7E,0x4C,0x7E,0x4C,
    0x7E,0x4C,0x7E,0x4C,0x7E,0x4C,0x7E,0x4C,0x7E,0x4C,0x7E,0x4C,0x7E,0x4C,0x7E,0x4C,
    0x7E,0x4C,0x7E,0x4C,0x7E,0x4C,0x7E,0x4C,0x7E,0x4C,0x7E,0x4C,0x7E,0x4C,0x7E,0x4C,
    0x7E,0x4C,0x7E,0x4C,0x7E,0x4C,0x7E,0x4C,0x7E,0x4C,0x7E,0x4C,0x7E,0x4C,0x7E,0x4C,
    0x7E,0x4C,0x7E,0x4C,0x7E,0x4C,0x7E,0x4C,0x7E,0x4C,0x7E,0x4C,0x7E,0x4C,0x7E,0x4C,
    0x7E,0x4C,0x7E,0x4C,0x7E,0x4C,0x7E,0x4C,0x7E,0x4C,0x7E,0x4C,0x7E,0x4C,0x7E,0x4C,
    0x7E,0x4C,0x7E,0x4C,0x7E,0x4C,0x7E,0x4C,0x7E,0x4C,0x7E,0x4C,0x7E,0x4C,0x14,0x33,
    0xAB,0x19,0x1C,0x44,0x7E,0x4C,0x7E,0x4C,0x7E,0x4C,0x7E,0x4C,0x7E,0x4C,0x7E,0x4C,
    0x7E,0x4C,0x7E,0x4C,0xB2,0x2A,0x06,0x11,0x39,0xC6,0xFF,0xFF,0xFF,0xFF,0xFF,0xFF,
    0xFF,0xFF,0xFF,0xFF,0xB0,0x6B,0x06,0x11,0xB9,0x43,0x7E,0x4C,0x7E,0x4C,0x7E,0x4C,
    0x7E,0x4C,0x7E,0x4C,0x7E,0x4C,0x7E,0x4C,0x7E,0x4C,0x7E,0x4C,0x7E,0x4C,0x7E,0x4C,
    0x7E,0x4C,0x7E,0x4C,0x7E,0x4C,0x7E,0x4C,0x7E,0x4C,0x7E,0x4C,0x7E,0x4C,0x7E,0x4C,
    0x7E,0x4C,0x7E,0x4C,0x7E,0x4C,0x7E,0x4C,0x7E,0x4C,0x7E,0x4C,0x7E,0x4C,0x7E,0x4C,
    0x7E,0x4C,0x7E,0x4C,0x7E,0x4C,0x7E,0x4C,0x7E,0x4C,0x7E,0x4C,0x7E,0x4C,0x7E,0x4C,
    0x7E,0x4C,0x7E,0x4C,0x7E,0x4C,0x7E,0x4C,0x7E,0x4C,0x7E,0x4C,0x7E,0x4C,0x7E,0x4C,
    0x7E,0x4C,0x7E,0x4C,0x7E,0x4C,0x7E,0x4C,0x7E,0x4C,0x7E,0x4C,0x7E,0x4C,0x7E,0x4C,
    0x7E,0x4C,0x7E,0x4C,0x7E,0x4C,0x7E,0x4C,0x7E,0x4C,0x7E,0x4C,0x7E,0x4C,0x7E,0x4C,
    0x7E,0x4C,0x7E,0x4C,0x7E,0x4C,0x7E,0x4C,0x7E,0x4C,0x7E,0x4C,0x7E,0x4C,0x7E,0x4C,
    0x7E,0x4C,0x7E,0x4C,0x7E,0x4C,0x7E,0x4C,0x7E,0x4C,0x7E,0x4C,0x7E,0x4C,0x7E,0x4C,
    0x7E,0x4C,0x7E,0x4C,0x7E,0x4C,0x7E,0x4C,0x7E,0x4C,0x7E,0x4C,0x7E,0x4C,0x7E,0x4C,
    0x7E,0x4C,0x7E,0x4C,0x7E,0x4C,0x7E,0x4C,0x7E,0x4C,0x7E,0x4C,0x7E,0x4C,0x7E,0x4C,
    0x7E,0x4C,0x7E,0x4C,0x7E,0x4C,0x7E,0x4C,0x7E,0x4C,0x7E,0x4C,0x7E,0x4C,0x7E,0x4C,
    0x7E,0x4C,0x7E,0x4C,0x7E,0x4C,0x7E,0x4C,0x7E,0x4C,0x7E,0x4C,0x7E,0x4C,0x7E,0x4C,
    0x7E,0x4C,0x7E,0x4C,0x1C,0x4C,0x27,0x11,0x0D,0x53,0xFF,0xFF,0xFF,0xFF,0xFF,0xFF,
    0xFC,0xDE,0x8F,0x6B,0x26,0x11,0x06,0x11,0x77,0x3B,0x7E,0x4C,0x7E,0x4C,0x7E,0x4C,
    0x7E,0x4C,0x7E,0x4C,0x7E,0x4C,0x7E,0x4C,0x7E,0x4C,0x7E,0x4C,0x7E,0x4C,0x7E,0x4C,
    0x7E,0x4C,0x7E,0x4C,0x7E,0x4C,0x7E,0x4C,0x7E,0x4C,0x7E,0x4C,0x7E,0x4C,0x7E,0x4C,
    0x7E,0x4C,0x7E,0x4C,0x7E,0x4C,0x7E,0x4C,0x7E,0x4C,0x7E,0x4C,0x7E,0x4C,0x7E,0x4C,
    0x7E,0x4C,0x7E,0x4C,0x7E,0x4C,0x7E,0x4C,0x7E,0x4C,0x7E,0x4C,0x7E,0x4C,0x7E,0x4C,
    0x7E,0x4C,0x7E,0x4C,0x7E,0x4C,0x7E,0x4C,0x7E,0x4C,0x7E,0x4C,0x7E,0x4C,0x7E,0x4C,
    0x7E,0x4C,0x7E,0x4C,0x7E,0x4C,0x7E,0x4C,0x7E,0x4C,0x7E,0x4C,0x7E,0x4C,0x7E,0x4C,
    0x7E,0x4C,0x7E,0x4C,0x7E,0x4C,0x7E,0x4C,0x7E,0x4C,0x7E,0x4C,0x7E,0x4C,0x7E,0x4C,
    0x7E,0x4C,0x7E,0x4C,0x7E,0x4C,0x7E,0x4C,0x7E,0x4C,0x7E,0x4C,0x7E,0x4C,0x7E,0x4C,
    0x7E,0x4C,0x7E,0x4C,0x7E,0x4C,0x7E,0x4C,0x7E,0x4C,0x7E,0x4C,0x7E,0x4C,0x7E,0x4C,
    0x7E,0x4C,0x7E,0x4C,0x7E,0x4C,0x7E,0x4C,0x7E,0x4C,0x7E,0x4C,0x7E,0x4C,0x7E,0x4C,
    0x7E,0x4C,0x7E,0x4C,0x7E,0x4C,0x7E,0x4C,0x7E,0x4C,0x7E,0x4C,0x7E,0x4C,0x7E,0x4C,
    0x7E,0x4C,0x7E,0x4C,0x7E,0x4C,0x7E,0x4C,0x7E,0x4C,0x7E,0x4C,0x7E,0x4C,0x7E,0x4C,
    0x7E,0x4C,0x7E,0x4C,0x7E,0x4C,0x7E,0x4C,0x7E,0x4C,0x7E,0x4C,0x7E,0x4C,0x7E,0x4C,
    0x7E,0x4C,0x7E,0x4C,0x7E,0x4C,0x4F,0x2A,0x06,0x11,0xBB,0xD6,0x1C,0xE7,0xD0,0x73,
    0x26,0x11,0x06,0x11,0x0D,0x22,0xD9,0x43,0x7E,0x4C,0x7E,0x4C,0x7E,0x4C,0x7E,0x4C,
    0x7E,0x4C,0x7E,0x4C,0x7E,0x4C,0x7E,0x4C,0x7E,0x4C,0x7E,0x4C,0x7E,0x4C,0x7E,0x4C,
    0x7E,0x4C,0x7E,0x4C,0x7E,0x4C,0x7E,0x4C,0x7E,0x4C,0x7E,0x4C,0x7E,0x4C,0x7E,0x4C,
    0x7E,0x4C,0x7E,0x4C,0x7E,0x4C,0x7E,0x4C,0x7E,0x4C,0x7E,0x4C,0x7E,0x4C,0x7E,0x4C,
    0x7E,0x4C,0x7E,0x4C,0x7E,0x4C,0x7E,0x4C,0x7E,0x4C,0x7E,0x4C,0x7E,0x4C,0x7E,0x4C,
    0x7E,0x4C,0x7E,0x4C,0x7E,0x4C,0x7E,0x4C,0x7E,0x4C,0x7E,0x4C,0x7E,0x4C,0x7E,0x4C,
    0x7E,0x4C,0x7E,0x4C,0x7E,0x4C,0x7E,0x4C,0x7E,0x4C,0x7E,0x4C,0x7E,0x4C,0x7E,0x4C,
    0x7E,0x4C,0x7E,0x4C,0x7E,0x4C,0x7E,0x4C,0x7E,0x4C,0x7E,0x4C,0x7E,0x4C,0x7E,0x4C,
    0x7E,0x4C,0x7E,0x4C,0x7E,0x4C,0x7E,0x4C,0x7E,0x4C,0x7E,0x4C,0x7E,0x4C,0x7E,0x4C,
    0x7E,0x4C,0x7E,0x4C,0x7E,0x4C,0x7E,0x4C,0x7E,0x4C,0x7E,0x4C,0x7E,0x4C,0x7E,0x4C,
    0x7E,0x4C,0x7E,0x4C,0x7E,0x4C,0x7E,0x4C,0x7E,0x4C,0x7E,0x4C,0x7E,0x4C,0x7E,0x4C,
    0x7E,0x4C,0x7E,0x4C,0x7E,0x4C,0x7E,0x4C,0x7E,0x4C,0x7E,0x4C,0x7E,0x4C,0x7E,0x4C,
    0x7E,0x4C,0x7E,0x4C,0x7E,0x4C,0x7E,0x4C,0x7E,0x4C,0x7E,0x4C,0x7E,0x4C,0x7E,0x4C,
    0x7E,0x4C,0x7E,0x4C,0x7E,0x4C,0x7E,0x4C,0x7E,0x4C,0x7E,0x4C,0x7E,0x4C,0x7E,0x4C,
    0x7E,0x4C,0x7E,0x4C,0x7E,0x4C,0xDA,0x43,0x06,0x11,0xE9,0x31,0x26,0x11,0x06,0x11,
    0x2E,0x22,0xDA,0x43,0x7E,0x4C,0x7E,0x4C,0x7E,0x4C,0x7E,0x4C,0x7E,0x4C,0x7E,0x4C,
    0x7E,0x4C,0x7E,0x4C,0x7E,0x4C,0x7E,0x4C,0x7E,0x4C,0x7E,0x4C,0x7E,0x4C,0x7E,0x4C,
    0x7E,0x4C,0x7E,0x4C,0x7E,0x4C,0x7E,0x4C,0x7E,0x4C,0x7E,0x4C,0x7E,0x4C,0x7E,0x4C,
    0x7E,0x4C,0x7E,0x4C,0x7E,0x4C,0x7E,0x4C,0x7E,0x4C,0x7E,0x4C,0x7E,0x4C,0x7E,0x4C,
    0x7E,0x4C,0x7E,0x4C,0x7E,0x4C,0x7E,0x4C,0x7E,0x4C,0x7E,0x4C,0x7E,0x4C,0x7E,0x4C,
    0x7E,0x4C,0x7E,0x4C,0x7E,0x4C,0x7E,0x4C,0x7E,0x4C,0x7E,0x4C,0x7E,0x4C,0x7E,0x4C,
    0x7E,0x4C,0x7E,0x4C,0x7E,0x4C,0x7E,0x4C,0x7E,0x4C,0x7E,0x4C,0x7E,0x4C,0x7E,0x4C,
    0x7E,0x4C,0x7E,0x4C,0x7E,0x4C,0x7E,0x4C,0x7E,0x4C,0x7E,0x4C,0x7E,0x4C,0x7E,0x4C,
    0x7E,0x4C,0x7E,0x4C,0x7E,0x4C,0x7E,0x4C,0x7E,0x4C,0x7E,0x4C,0x7E,0x4C,0x7E,0x4C,
    0x7E,0x4C,0x7E,0x4C,0x7E,0x4C,0x7E,0x4C,0x7E,0x4C,0x7E,0x4C,0x7E,0x4C,0x7E,0x4C,
    0x7E,0x4C,0x7E,0x4C,0x7E,0x4C,0x7E,0x4C,0x7E,0x4C,0x7E,0x4C,0x7E,0x4C,0x7E,0x4C,
    0x7E,0x4C,0x7E,0x4C,0x7E,0x4C,0x7E,0x4C,0x7E,0x4C,0x7E,0x4C,0x7E,0x4C,0x7E,0x4C,
    0x7E,0x4C,0x7E,0x4C,0x7E,0x4C,0x7E,0x4C,0x7E,0x4C,0x7E,0x4C,0x7E,0x4C,0x7E,0x4C,
    0x7E,0x4C,0x7E,0x4C,0x7E,0x4C,0x7E,0x4C,0x7E,0x4C,0x7E,0x4C,0x7E,0x4C,0x7E,0x4C,
    0x7E,0x4C,0x7E,0x4C,0x7E,0x4C,0x7E,0x4C,0x0D,0x22,0x06,0x11,0x2E,0x22,0xDA,0x43,
    0x7E,0x4C,0x7E,0x4C,0x7E,0x4C,0x7E,0x4C,0x7E,0x4C,0x7E,0x4C,0x7E,0x4C,0x7E,0x4C,
    0x7E,0x4C,0x7E,0x4C,0x7E,0x4C,0x7E,0x4C,0x7E,0x4C,0x7E,0x4C,0x7E,0x4C,0x7E,0x4C,
    0x7E,0x4C,0x7E,0x4C,0x7E,0x4C,0x7E,0x4C,0x7E,0x4C,0x7E,0x4C,0x7E,0x4C,0x7E,0x4C,
    0x7E,0x4C,0x7E,0x4C,0x7E,0x4C,0x7E,0x4C,0x7E,0x4C,0x7E,0x4C,0x7E,0x4C,0x7E,0x4C,
    0x7E,0x4C,0x7E,0x4C,0x7E,0x4C,0x7E,0x4C,0x7E,0x4C,0x7E,0x4C,0x7E,0x4C,0x7E,0x4C,
    0x7E,0x4C,0x7E,0x4C,0x7E,0x4C,0x7E,0x4C,0x7E,0x4C,0x7E,0x4C,0x7E,0x4C,0x7E,0x4C,
    0x7E,0x4C,0x7E,0x4C,0x7E,0x4C,0x7E,0x4C,0x7E,0x4C,0x7E,0x4C,0x7E,0x4C,0x7E,0x4C,
    0x7E,0x4C,0x7E,0x4C,0x7E,0x4C,0x7E,0x4C,0x7E,0x4C,0x7E,0x4C,0x7E,0x4C,0x7E,0x4C,
    0x7E,0x4C,0x7E,0x4C,0x7E,0x4C,0x7E,0x4C,0x7E,0x4C,0x7E,0x4C,0x7E,0x4C,0x7E,0x4C,
    0x7E,0x4C,0x7E,0x4C,0x7E,0x4C,0x7E,0x4C,0x7E,0x4C,0x7E,0x4C,0x7E,0x4C,0x7E,0x4C,
    0x7E,0x4C,0x7E,0x4C,0x7E,0x4C,0x7E,0x4C,0x7E,0x4C,0x7E,0x4C,0x7E,0x4C,0x7E,0x4C,
    0x7E,0x4C,0x7E,0x4C,0x7E,0x4C,0x7E,0x4C,0x7E,0x4C,0x7E,0x4C,0x7E,0x4C,0x7E,0x4C,
    0x7E,0x4C,0x7E,0x4C,0x7E,0x4C,0x7E,0x4C,0x7E,0x4C,0x7E,0x4C,0x7E,0x4C,0x7E,0x4C,
    0x7E,0x4C,0x7E,0x4C,0x7E,0x4C,0x7E,0x4C,0x7E,0x4C,0x7E,0x4C,0x7E,0x4C,0x7E,0x4C,
    0x7E,0x4C,0x7E,0x4C,0x7E,0x4C,0x7E,0x4C,0x3D,0x4C,0xFB,0x43,0x7E,0x4C,0x7E,0x4C,
    0x7E,0x4C,0x7E,0x4C,0x7E,0x4C,0x7E,0x4C,0x7E,0x4C,0x7E,0x4C,0x7E,0x4C,0x7E,0x4C,
    0x7E,0x4C,0x7E,0x4C,0x7E,0x4C,0x7E,0x4C,0x7E,0x4C,0x7E,0x4C,0x7E,0x4C,0x7E,0x4C,
    0x7E,0x4C,0x7E,0x4C,0x7E,0x4C,0x7E,0x4C,0x7E,0x4C,0x7E,0x4C,0x7E,0x4C,0x7E,0x4C,
    0x7E,0x4C,0x7E,0x4C,0x7E,0x4C,0x7E,0x4C,0x7E,0x4C,0x7E,0x4C,0x7E,0x4C,0x7E,0x4C,
    0x7E,0x4C,0x7E,0x4C,0x7E,0x4C,0x7E,0x4C,0x7E,0x4C,0x7E,0x4C,0x7E,0x4C,0x7E,0x4C,
    0x7E,0x4C,0x7E,0x4C,0x7E,0x4C,0x7E,0x4C,0x7E,0x4C,0x7E,0x4C,0x7E,0x4C,0x7E,0x4C,
    0x7E,0x4C,0x7E,0x4C,0x7E,0x4C,0x7E,0x4C,0x7E,0x4C,0x7E,0x4C,0x7E,0x4C,0x7E,0x4C,
    0x7E,0x4C,0x7E,0x4C,0x7E,0x4C,0x7E,0x4C,0x7E,0x4C,0x7E,0x4C,0x7E,0x4C,0x7E,0x4C,
    0x7E,0x4C,0x7E,0x4C,0x7E,0x4C,0x7E,0x4C,0x7E,0x4C,0x7E,0x4C,0x7E,0x4C,0x7E,0x4C,
    0x7E,0x4C,0x7E,0x4C,0x7E,0x4C,0x7E,0x4C,0x7E,0x4C,0x7E,0x4C,0x7E,0x4C,0x7E,0x4C,
    0x7E,0x4C,0x7E,0x4C,0x7E,0x4C,0x7E,0x4C,0x7E,0x4C,0x7E,0x4C,0x7E,0x4C,0x7E,0x4C,
    0x7E,0x4C,0x7E,0x4C,0x7E,0x4C,0x7E,0x4C,0x7E,0x4C,0x7E,0x4C,0x7E,0x4C,0x7E,0x4C,
    0x7E,0x4C,0x7E,0x4C,0x7E,0x4C,0x7E,0x4C,0x7E,0x4C,0x7E,0x4C,0x7E,0x4C,0x7E,0x4C,
    0x7E,0x4C,0x7E,0x4C,0x7E,0x4C,0x7E,0x4C,0x7E,0x4C,0x7E,0x4C,0x7E,0x4C,0x7E,0x4C,
    0x7E,0x4C,0x7E,0x4C,0x7E,0x4C,0x7E,0x4C,0x7E,0x4C,0x7E,0x4C,0x7E,0x4C,0x7E,0x4C,
    0x7E,0x4C,0x7E,0x4C,0x7E,0x4C,0x7E,0x4C,0x7E,0x4C,0x7E,0x4C,0x7E,0x4C,0x7E,0x4C,
    0x7E,0x4C,0x7E,0x4C,0x7E,0x4C,0x7E,0x4C,0x7E,0x4C,0x7E,0x4C,0x7E,0x4C,0x7E,0x4C,
    0x7E,0x4C,0x7E,0x4C,0x7E,0x4C,0x7E,0x4C,0x7E,0x4C,0x7E,0x4C,0x7E,0x4C,0x7E,0x4C,
    0x7E,0x4C,0x7E,0x4C,0x7E,0x4C,0x7E,0x4C,0x7E,0x4C,0x7E,0x4C,0x7E,0x4C,0x7E,0x4C,
    0x7E,0x4C,0x7E,0x4C,0x7E,0x4C,0x7E,0x4C,0x7E,0x4C,0x7E,0x4C,0x7E,0x4C,0x7E,0x4C,
    0x7E,0x4C,0x7E,0x4C,0x7E,0x4C,0x7E,0x4C,0x7E,0x4C,0x7E,0x4C,0x7E,0x4C,0x7E,0x4C,
    0x7E,0x4C,0x7E,0x4C,0x7E,0x4C,0x7E,0x4C,0x7E,0x4C,0x7E,0x4C,0x7E,0x4C,0x7E,0x4C,
    0x7E,0x4C,0x7E,0x4C,0x7E,0x4C,0x7E,0x4C,0x7E,0x4C,0x7E,0x4C,0x7E,0x4C,0x7E,0x4C,
    0x7E,0x4C,0x7E,0x4C,0x7E,0x4C,0x7E,0x4C,0x7E,0x4C,0x7E,0x4C,0x7E,0x4C,0x7E,0x4C,
    0x7E,0x4C,0x7E,0x4C,0x7E,0x4C,0x7E,0x4C,0x7E,0x4C,0x7E,0x4C,0x7E,0x4C,0x7E,0x4C,
    0x7E,0x4C,0x7E,0x4C,0x7E,0x4C,0x7E,0x4C,0x7E,0x4C,0x7E,0x4C,0x7E,0x4C,0x7E,0x4C,
    0x7E,0x4C,0x7E,0x4C,0x7E,0x4C,0x7E,0x4C,0x7E,0x4C,0x7E,0x4C,0x7E,0x4C,0x7E,0x4C,
    0x7E,0x4C,0x7E,0x4C,0x7E,0x4C,0x7E,0x4C,0x7E,0x4C,0x7E,0x4C,0x7E,0x4C,0x7E,0x4C,
    0x7E,0x4C,0x7E,0x4C,0x7E,0x4C,0x7E,0x4C,0x7E,0x4C,0x7E,0x4C,0x7E,0x4C,0x7E,0x4C,
    0x7E,0x4C,0x7E,0x4C,0x7E,0x4C,0x7E,0x4C,0x7E,0x4C,0x7E,0x4C,0x7E,0x4C,0x7E,0x4C,
    0x7E,0x4C,0x7E,0x4C,0x7E,0x4C,0x7E,0x4C,0x7E,0x4C,0x7E,0x4C,0x7E,0x4C,0x7E,0x4C,
    0x7E,0x4C,0x7E,0x4C,0x7E,0x4C,0x7E,0x4C,0x7E,0x4C,0x7E,0x4C,0x7E,0x4C,0x7E,0x4C,
    0x7E,0x4C,0x7E,0x4C,0x7E,0x4C,0x7E,0x4C,0x7E,0x4C,0x7E,0x4C,0x7E,0x4C,0x7E,0x4C,
    0x7E,0x4C,0x7E,0x4C,0x7E,0x4C,0x7E,0x4C,0x7E,0x4C,0x7E,0x4C,0x7E,0x4C,0x7E,0x4C,
    0x7E,0x4C,0x7E,0x4C,0x7E,0x4C,0x7E,0x4C,0x7E,0x4C,0x7E,0x4C,0x7E,0x4C,0x7E,0x4C,
    0x7E,0x4C,0x7E,0x4C,0x7E,0x4C,0x7E,0x4C,0x7E,0x4C,0x7E,0x4C,0x7E,0x4C,0x7E,0x4C,
    0x7E,0x4C,0x7E,0x4C,0x7E,0x4C,0x7E,0x4C,0x7E,0x4C,0x7E,0x4C,0x7E,0x4C,0x7E,0x4C,
    0x7E,0x4C,0x7E,0x4C,0x7E,0x4C,0x7E,0x4C,0x7E,0x4C,0x7E,0x4C,0x7E,0x4C,0x7E,0x4C,
    0x7E,0x4C,0x7E,0x4C,0x7E,0x4C,0x7E,0x4C,0x7E,0x4C,0x7E,0x4C,0x7E,0x4C,0x7E,0x4C,
    0x7E,0x4C,0x7E,0x4C,0x7E,0x4C,0x7E,0x4C,0x7E,0x4C,0x7E,0x4C,0x7E,0x4C,0x7E,0x4C,
    0x7E,0x4C,0x7E,0x4C,0x7E,0x4C,0x7E,0x4C,0x7E,0x4C,0x7E,0x4C,0x7E,0x4C,0x7E,0x4C,
    0x7E,0x4C,0x7E,0x4C,0x7E,0x4C,0x7E,0x4C,0x7E,0x4C,0x7E,0x4C,0x7E,0x4C,0x7E,0x4C,
    0x7E,0x4C,0x7E,0x4C,0x7E,0x4C,0x7E,0x4C,0x7E,0x4C,0x7E,0x4C,0x7E,0x4C,0x7E,0x4C,
    0x7E,0x4C,0x7E,0x4C,0x7E,0x4C,0x7E,0x4C,0x7E,0x4C,0x7E,0x4C,0x7E,0x4C,0x7E,0x4C,
    0x7E,0x4C,0x7E,0x4C,0x7E,0x4C,0x7E,0x4C,0x7E,0x4C,0x7E,0x4C,0x7E,0x4C,0x7E,0x4C,
    0x7E,0x4C,0x7E,0x4C,0x7E,0x4C,0x7E,0x4C,0x7E,0x4C,0x7E,0x4C,0x7E,0x4C,0x7E,0x4C,
    0x7E,0x4C,0x7E,0x4C,0x7E,0x4C,0x7E,0x4C,0x7E,0x4C,0x7E,0x4C,0x7E,0x4C,0x7E,0x4C,
    0x7E,0x4C,0x7E,0x4C,0x7E,0x4C,0x7E,0x4C,0x7E,0x4C,0x7E,0x4C,0x7E,0x4C,0x7E,0x4C,
    0x7E,0x4C,0x7E,0x4C,0x7E,0x4C,0x7E,0x4C,0x7E,0x4C,0x7E,0x4C,0x7E,0x4C,0x7E,0x4C,
    0x7E,0x4C,0x7E,0x4C,0x7E,0x4C,0x7E,0x4C,0x7E,0x4C,0x7E,0x4C,0x7E,0x4C,0x7E,0x4C,
    0x7E,0x4C,0x7E,0x4C,0x7E,0x4C,0x7E,0x4C,0x7E,0x4C,0x7E,0x4C,0x7E,0x4C,0x7E,0x4C,
    0x7E,0x4C,0x7E,0x4C,0x7E,0x4C,0x7E,0x4C,0x7E,0x4C,0x7E,0x4C,0x7E,0x4C,0x7E,0x4C,
    0x7E,0x4C,0x7E,0x4C,0x7E,0x4C,0x7E,0x4C,0x7E,0x4C,0x7E,0x4C,0x7E,0x4C,0x7E,0x4C,
    0x7E,0x4C,0x7E,0x4C,0x7E,0x4C,0x7E,0x4C,0x7E,0x4C,0x7E,0x4C,0x7E,0x4C,0x7E,0x4C,
    0x7E,0x4C,0x7E,0x4C,0x7E,0x4C,0x7E,0x4C,0x7E,0x4C,0x7E,0x4C,0x7E,0x4C,0x7E,0x4C,
    0x7E,0x4C,0x7E,0x4C,0x7E,0x4C,0x7E,0x4C,0x7E,0x4C,0x7E,0x4C,0x7E,0x4C,0x7E,0x4C,
    0x7E,0x4C,0x7E,0x4C,0x7E,0x4C,0x7E,0x4C,0x7E,0x4C,0x7E,0x4C,0x7E,0x4C,0x7E,0x4C,
    0x7E,0x4C,0x7E,0x4C,0x7E,0x4C,0x7E,0x4C,0x7E,0x4C,0x7E,0x4C,0x7E,0x4C,0x7E,0x4C,
    0x7E,0x4C,0x7E,0x4C,0x7E,0x4C,0x7E,0x4C,0x7E,0x4C,0x7E,0x4C,0x7E,0x4C,0x7E,0x4C,
    0x7E,0x4C,0x7E,0x4C,0x7E,0x4C,0x7E,0x4C,0x7E,0x4C,0x7E,0x4C,0x7E,0x4C,0x7E,0x4C,
    0x7E,0x4C,0x7E,0x4C,0x7E,0x4C,0x7E,0x4C,0x7E,0x4C,0x7E,0x4C,0x7E,0x4C,0x7E,0x4C,
    0x7E,0x4C,0x7E,0x4C,0x7E,0x4C,0x7E,0x4C,0x7E,0x4C,0x7E,0x4C,0x7E,0x4C,0x7E,0x4C,
    0x7E,0x4C,0x7E,0x4C,0x7E,0x4C,0x7E,0x4C,0x7E,0x4C,0x7E,0x4C,0x7E,0x4C,0x7E,0x4C,
    0x7E,0x4C,0x7E,0x4C,0x7E,0x4C,0x7E,0x4C,0x7E,0x4C,0x7E,0x4C,0x7E,0x4C,0x7E,0x4C,
    0x7E,0x4C,0x7E,0x4C,0x7E,0x4C,0x7E,0x4C,0x7E,0x4C,0x7E,0x4C,0x7E,0x4C,0x7E,0x4C,
    0x7E,0x4C,0x7E,0x4C,0x7E,0x4C,0x7E,0x4C,0x7E,0x4C,0x7E,0x4C,0x7E,0x4C,0x7E,0x4C,
    0x7E,0x4C,0x7E,0x4C,0x7E,0x4C,0x7E,0x4C,0x7E,0x4C,0x7E,0x4C,0x7E,0x4C,0x7E,0x4C,
    0x7E,0x4C,0x7E,0x4C,0x7E,0x4C,0x7E,0x4C,0x7E,0x4C,0x7E,0x4C,0x7E,0x4C,0x7E,0x4C,
    0x7E,0x4C,0x7E,0x4C,0x7E,0x4C,0x7E,0x4C,0x7E,0x4C,0x7E,0x4C,0x7E,0x4C,0x7E,0x4C,
    0x7E,0x4C,0x7E,0x4C,0x7E,0x4C,0x7E,0x4C,0x7E,0x4C,0x7E,0x4C,0x7E,0x4C,0x7E,0x4C,
    0x7E,0x4C,0x7E,0x4C,0x7E,0x4C,0x7E,0x4C,0x7E,0x4C,0x7E,0x4C,0x7E,0x4C,0x7E,0x4C,
    0x7E,0x4C,0x7E,0x4C,0x7E,0x4C,0x7E,0x4C,0x7E,0x4C,0x7E,0x4C,0x7E,0x4C,0x7E,0x4C,
    0x7E,0x4C,0x7E,0x4C,0x7E,0x4C,0x7E,0x4C,0x7E,0x4C,0x7E,0x4C,0x7E,0x4C,0x7E,0x4C,
    0x7E,0x4C,0x7E,0x4C,0x7E,0x4C,0x7E,0x4C,0x7E,0x4C,0x7E,0x4C,0x7E,0x4C,0x7E,0x4C,
    0x7E,0x4C,0x7E,0x4C,0x7E,0x4C,0x7E,0x4C,0x7E,0x4C,0x7E,0x4C,0x7E,0x4C,0x7E,0x4C,
    0x7E,0x4C,0x7E,0x4C,0x7E,0x4C,0x7E,0x4C,0x7E,0x4C,0x7E,0x4C,0x7E,0x4C,0x7E,0x4C,
    0x7E,0x4C,0x7E,0x4C,0x7E,0x4C,0x7E,0x4C,0x7E,0x4C,0x7E,0x4C,0x7E,0x4C,0x7E,0x4C,
    0x7E,0x4C,0x7E,0x4C,0x7E,0x4C,0x7E,0x4C,0x7E,0x4C,0x7E,0x4C,0x7E,0x4C,0x7E,0x4C,
    0x7E,0x4C,0x7E,0x4C,0x7E,0x4C,0x7E,0x4C,0x7E,0x4C,0x7E,0x4C,0x7E,0x4C,0x7E,0x4C,
    0x7E,0x4C,0x7E,0x4C,0x7E,0x4C,0x7E,0x4C,0x7E,0x4C,0x7E,0x4C,0x7E,0x4C,0x7E,0x4C,
    0x7E,0x4C,0x7E,0x4C,0x7E,0x4C,0x7E,0x4C,0x7E,0x4C,0x7E,0x4C,0x7E,0x4C,0x7E,0x4C,
    0x7E,0x4C,0x7E,0x4C,0x7E,0x4C,0x7E,0x4C,0x7E,0x4C,0x7E,0x4C,0x7E,0x4C,0x7E,0x4C,
    0x7E,0x4C,0x7E,0x4C,0x7E,0x4C,0x7E,0x4C,0x7E,0x4C,0x7E,0x4C,0x7E,0x4C,0x7E,0x4C,
    0x7E,0x4C,0x7E,0x4C,0x7E,0x4C,0x7E,0x4C,0x7E,0x4C,0x7E,0x4C,0x7E,0x4C,0x7E,0x4C,
    0x7E,0x4C,0x7E,0x4C,0x7E,0x4C,0x7E,0x4C,0x7E,0x4C,0x7E,0x4C,0x7E,0x4C,0x7E,0x4C,
    0x7E,0x4C,0x7E,0x4C,0x7E,0x4C,0x7E,0x4C,0x7E,0x4C,0x7E,0x4C,0x7E,0x4C,0x7E,0x4C,
    0x7E,0x4C,0x7E,0x4C,0x7E,0x4C,0x7E,0x4C,0x7E,0x4C,0x7E,0x4C,0x7E,0x4C,0x7E,0x4C,
    0x7E,0x4C,0x7E,0x4C,0x7E,0x4C,0x7E,0x4C,0x7E,0x4C,0x7E,0x4C,0x7E,0x4C,0x7E,0x4C,
    0x7E,0x4C,0x7E,0x4C,0x7E,0x4C,0x7E,0x4C,0x7E,0x4C,0x7E,0x4C,0x7E,0x4C,0x7E,0x4C,
    0x7E,0x4C,0x7E,0x4C,0x7E,0x4C,0x7E,0x4C,0x7E,0x4C,0x7E,0x4C,0x7E,0x4C,0x7E,0x4C,
    0x7E,0x4C,0x7E,0x4C,0x7E,0x4C,0x7E,0x4C,0x7E,0x4C,0x7E,0x4C,0x7E,0x4C,0x7E,0x4C,
    0x7E,0x4C,0x7E,0x4C,0x7E,0x4C,0x7E,0x4C,0x7E,0x4C,0x7E,0x4C,0x7E,0x4C,0x7E,0x4C,
    0x7E,0x4C,0x7E,0x4C,0x7E,0x4C,0x7E,0x4C,0x7E,0x4C,0x7E,0x4C,0x7E,0x4C,0x7E,0x4C,
    0x7E,0x4C,0x7E,0x4C,0x7E,0x4C,0x7E,0x4C,0x7E,0x4C,0x7E,0x4C,0x7E,0x4C,0x7E,0x4C,
    0x7E,0x4C,0x7E,0x4C,0x7E,0x4C,0x7E,0x4C,0x7E,0x4C,0x7E,0x4C,0x7E,0x4C,0x7E,0x4C,
    0x7E,0x4C,0x7E,0x4C,0x7E,0x4C,0x7E,0x4C,0x7E,0x4C,0x7E,0x4C,0x7E,0x4C,0x7E,0x4C,
    0x7E,0x4C,0x7E,0x4C,0x7E,0x4C,0x7E,0x4C,0x7E,0x4C,0x7E,0x4C,0x7E,0x4C,0x7E,0x4C,
    0x7E,0x4C,0x7E,0x4C,0x7E,0x4C,0x7E,0x4C,0x7E,0x4C,0x7E,0x4C,0x7E,0x4C,0x7E,0x4C,
    0x7E,0x4C,0x7E,0x4C,0x7E,0x4C,0x7E,0x4C,0x7E,0x4C,0x7E,0x4C,0x7E,0x4C,0x7E,0x4C,
    0x7E,0x4C,0x7E,0x4C,0x7E,0x4C,0x7E,0x4C,0x7E,0x4C,0x7E,0x4C,0x7E,0x4C,0x7E,0x4C,
    0x7E,0x4C,0x7E,0x4C,0x7E,0x4C,0x7E,0x4C,0x7E,0x4C,0x7E,0x4C,0x7E,0x4C,0x7E,0x4C,
    0x7E,0x4C,0x7E,0x4C,0x7E,0x4C,0x7E,0x4C,0x7E,0x4C,0x7E,0x4C,0x7E,0x4C,0x7E,0x4C,
    0x7E,0x4C,0x7E,0x4C,0x7E,0x4C,0x7E,0x4C,0x7E,0x4C,0x7E,0x4C,0x7E,0x4C,0x7E,0x4C,
    0x7E,0x4C,0x7E,0x4C,0x7E,0x4C,0x7E,0x4C,0x7E,0x4C,0x7E,0x4C,0x7E,0x4C,0x7E,0x4C,
    0x7E,0x4C,0x7E,0x4C,0x7E,0x4C,0x7E,0x4C,0x7E,0x4C,0x7E,0x4C,0x7E,0x4C,0x7E,0x4C,
    0x7E,0x4C,0x7E,0x4C,0x7E,0x4C,0x7E,0x4C,0x7E,0x4C,0x7E,0x4C,0x7E,0x4C,0x7E,0x4C,
    0x7E,0x4C,0x7E,0x4C,0x7E,0x4C,0x7E,0x4C,0x7E,0x4C,0x7E,0x4C,0x7E,0x4C,0x7E,0x4C,
    0x7E,0x4C,0x7E,0x4C,0x7E,0x4C,0x7E,0x4C,0x7E,0x4C,0x7E,0x4C,0x7E,0x4C,0x7E,0x4C,
    0x7E,0x4C,0x7E,0x4C,0x7E,0x4C,0x7E,0x4C,0x7E,0x4C,0x7E,0x4C,0x7E,0x4C,0x7E,0x4C,
    0x7E,0x4C,0x7E,0x4C,0x7E,0x4C,0x7E,0x4C,0x7E,0x4C,0x7E,0x4C,0x7E,0x4C,0x7E,0x4C,
    0x7E,0x4C,0x7E,0x4C,0x7E,0x4C,0x7E,0x4C,0x7E,0x4C,0x7E,0x4C,0x7E,0x4C,0x7E,0x4C,
    0x7E,0x4C,0x7E,0x4C,0x7E,0x4C,0x7E,0x4C,0x7E,0x4C,0x7E,0x4C,0x7E,0x4C,0x7E,0x4C,
    0x7E,0x4C,0x7E,0x4C,0x7E,0x4C,0x7E,0x4C,0x7E,0x4C,0x7E,0x4C,0x7E,0x4C,0x7E,0x4C,
    0x7E,0x4C,0x7E,0x4C,0x7E,0x4C,0x7E,0x4C,0x7E,0x4C,0x7E,0x4C,0x7E,0x4C,0x7E,0x4C,
    0x7E,0x4C,0x7E,0x4C,0x7E,0x4C,0x7E,0x4C,0x7E,0x4C,0x7E,0x4C,0x7E,0x4C,0x7E,0x4C,
    0x7E,0x4C,0x7E,0x4C,0x7E,0x4C,0x7E,0x4C,0x7E,0x4C,0x7E,0x4C,0x7E,0x4C,0x7E,0x4C,
    0x7E,0x4C,0x7E,0x4C,0x7E,0x4C,0x7E,0x4C,0x7E,0x4C,0x7E,0x4C,0x7E,0x4C,0x7E,0x4C,
    0x7E,0x4C,0x7E,0x4C,0x7E,0x4C,0x7E,0x4C,0x7E,0x4C,0x7E,0x4C,0x7E,0x4C,0x7E,0x4C,
    0x7E,0x4C,0x7E,0x4C,0x7E,0x4C,0x7E,0x4C,0x7E,0x4C,0x7E,0x4C,0x7E,0x4C,0x7E,0x4C,
    0x7E,0x4C,0x7E,0x4C,0x7E,0x4C,0x7E,0x4C,0x7E,0x4C,0x7E,0x4C,0x7E,0x4C,0x7E,0x4C,
    0x7E,0x4C,0x7E,0x4C,0x7E,0x4C,0x7E,0x4C,0x7E,0x4C,0x7E,0x4C,0x7E,0x4C,0x7E,0x4C,
    0x7E,0x4C,0x7E,0x4C,0x7E,0x4C,0x7E,0x4C,0x7E,0x4C,0x7E,0x4C,0x7E,0x4C,0x7E,0x4C,
    0x7E,0x4C,0x7E,0x4C,0x7E,0x4C,0x7E,0x4C,0x7E,0x4C,0x7E,0x4C,0x7E,0x4C,0x7E,0x4C,
    0x7E,0x4C,0x7E,0x4C,0x7E,0x4C,0x7E,0x4C,0x7E,0x4C,0x7E,0x4C,0x7E,0x4C,0x7E,0x4C,
    0x7E,0x4C,0x7E,0x4C,0x7E,0x4C,0x7E,0x4C,0x7E,0x4C,0x7E,0x4C,0x7E,0x4C,0x7E,0x4C,
    0x7E,0x4C,0x7E,0x4C,0x7E,0x4C,0x7E,0x4C,0x7E,0x4C,0x7E,0x4C,0x7E,0x4C,0x7E,0x4C,
    0x7E,0x4C,0x7E,0x4C,0x7E,0x4C,0x7E,0x4C,0x7E,0x4C,0x7E,0x4C,0x7E,0x4C,0x7E,0x4C,
    0x7E,0x4C,0x7E,0x4C,0x7E,0x4C,0x7E,0x4C,0x7E,0x4C,0x7E,0x4C,0x7E,0x4C,0x7E,0x4C,
    0x7E,0x4C,0x7E,0x4C,0x7E,0x4C,0x7E,0x4C,0x7E,0x4C,0x7E,0x4C,0x7E,0x4C,0x7E,0x4C,
    0x7E,0x4C,0x7E,0x4C,0x7E,0x4C,0x7E,0x4C,0x7E,0x4C,0x7E,0x4C,0x7E,0x4C,0x7E,0x4C,
    0x7E,0x4C,0x7E,0x4C,0x7E,0x4C,0x7E,0x4C,0x7E,0x4C,0x7E,0x4C,0x7E,0x4C,0x7E,0x4C,
    0x7E,0x4C,0x7E,0x4C,0x7E,0x4C,0x7E,0x4C,0x7E,0x4C,0x7E,0x4C,0x7E,0x4C,0x7E,0x4C,
    0x7E,0x4C,0x7E,0x4C,0x7E,0x4C,0x7E,0x4C,0x7E,0x4C,0x7E,0x4C,0x7E,0x4C,0x7E,0x4C,
    0x7E,0x4C,0x7E,0x4C,0x7E,0x4C,0x7E,0x4C,0x7E,0x4C,0x7E,0x4C,0x7E,0x4C,0x7E,0x4C,
    0x7E,0x4C,0x7E,0x4C,0x7E,0x4C,0x7E,0x4C,0x7E,0x4C,0x7E,0x4C,0x7E,0x4C,0x7E,0x4C,
    0x7E,0x4C,0x7E,0x4C,0x7E,0x4C,0x7E,0x4C,0x7E,0x4C,0x7E,0x4C,0x7E,0x4C,0x7E,0x4C,
    0x7E,0x4C,0x7E,0x4C,0x7E,0x4C,0x7E,0x4C,0x7E,0x4C,0x7E,0x4C,0x7E,0x4C,0x7E,0x4C,
    0x7E,0x4C,0x7E,0x4C,0x7E,0x4C,0x7E,0x4C,0x7E,0x4C,0x7E,0x4C,0x7E,0x4C,0x7E,0x4C,
    0x7E,0x4C,0x7E,0x4C,0x7E,0x4C,0x7E,0x4C,0x7E,0x4C,0x7E,0x4C,0x7E,0x4C,0x7E,0x4C,
    0x7E,0x4C,0x7E,0x4C,0x7E,0x4C,0x7E,0x4C,0x7E,0x4C,0x7E,0x4C,0x7E,0x4C,0x7E,0x4C,
    0x7E,0x4C,0x7E,0x4C,0x7E,0x4C,0x7E,0x4C,0x7E,0x4C,0x7E,0x4C,0x7E,0x4C,0x7E,0x4C,
    0x7E,0x4C,0x7E,0x4C,0x7E,0x4C,0x7E,0x4C,0x7E,0x4C,0x7E,0x4C,0x7E,0x4C,0x7E,0x4C,
    0x7E,0x4C,0x7E,0x4C,0x7E,0x4C,0x7E,0x4C,0x7E,0x4C,0x7E,0x4C,0x7E,0x4C,0x7E,0x4C,
    0x7E,0x4C,0x7E,0x4C,0x7E,0x4C,0x7E,0x4C,0x7E,0x4C,0x7E,0x4C,0x7E,0x4C,0x7E,0x4C,
    0x7E,0x4C,0x7E,0x4C,0x7E,0x4C,0x7E,0x4C,0x7E,0x4C,0x7E,0x4C,0x7E,0x4C,0x7E,0x4C,
    0x7E,0x4C,0x7E,0x4C,0x7E,0x4C,0x7E,0x4C,0x7E,0x4C,0x7E,0x4C,0x7E,0x4C,0x7E,0x4C,
    0x7E,0x4C,0x7E,0x4C,0x7E,0x4C,0x7E,0x4C,0x7E,0x4C,0x7E,0x4C,0x7E,0x4C,0x7E,0x4C,
    0x7E,0x4C,0x7E,0x4C,0x7E,0x4C,0x7E,0x4C,0x7E,0x4C,0x7E,0x4C,0x7E,0x4C,0x7E,0x4C,
    0x7E,0x4C,0x7E,0x4C,0x7E,0x4C,0x7E,0x4C,0x7E,0x4C,0x7E,0x4C,0x7E,0x4C,0x7E,0x4C,
    0x7E,0x4C,0x7E,0x4C,0x7E,0x4C,0x7E,0x4C,0x7E,0x4C,0x7E,0x4C,0x7E,0x4C,0x7E,0x4C,
    0x7E,0x4C,0x7E,0x4C,0x7E,0x4C,0x7E,0x4C,0x7E,0x4C,0x7E,0x4C,0x7E,0x4C,0x7E,0x4C,
    0x7E,0x4C,0x7E,0x4C,0x7E,0x4C,0x7E,0x4C,0x7E,0x4C,0x7E,0x4C,0x7E,0x4C,0x7E,0x4C,
    0x7E,0x4C,0x7E,0x4C,0x7E,0x4C,0x7E,0x4C,0x7E,0x4C,0x7E,0x4C,0x7E,0x4C,0x7E,0x4C,
    0x7E,0x4C,0x7E,0x4C,0x7E,0x4C,0x7E,0x4C,0x7E,0x4C,0x7E,0x4C,0x7E,0x4C,0x7E,0x4C,
    0x7E,0x4C,0x7E,0x4C,0x7E,0x4C,0x7E,0x4C,0x7E,0x4C,0x7E,0x4C,0x7E,0x4C,0x7E,0x4C,
    0x7E,0x4C,0x7E,0x4C,0x7E,0x4C,0x7E,0x4C,0x7E,0x4C,0x7E,0x4C,0x7E,0x4C,0x7E,0x4C,
    0x7E,0x4C,0x7E,0x4C,0x7E,0x4C,0x7E,0x4C,0x7E,0x4C,0x7E,0x4C,0x7E,0x4C,0x7E,0x4C,
    0x7E,0x4C,0x7E,0x4C,0x7E,0x4C,0x7E,0x4C,0x7E,0x4C,0x7E,0x4C,0x7E,0x4C,0x7E,0x4C,
    0x7E,0x4C,0x7E,0x4C,0x7E,0x4C,0x7E,0x4C,0x7E,0x4C,0x7E,0x4C,0x7E,0x4C,0x7E,0x4C,
    0x7E,0x4C,0x7E,0x4C,0x7E,0x4C,0x7E,0x4C,0x7E,0x4C,0x7E,0x4C,0x7E,0x4C,0x7E,0x4C,
    0x7E,0x4C,0x7E,0x4C,0x7E,0x4C,0x7E,0x4C,0x7E,0x4C,0x7E,0x4C,0x7E,0x4C,0x7E,0x4C,
    0x7E,0x4C,0x7E,0x4C,0x7E,0x4C,0x7E,0x4C,0x7E,0x4C,0x7E,0x4C,0x7E,0x4C,0x7E,0x4C,
    0x7E,0x4C,0x7E,0x4C,0x7E,0x4C,0x7E,0x4C,0x7E,0x4C,0x7E,0x4C,0x7E,0x4C,0x7E,0x4C,
    0x7E,0x4C,0x7E,0x4C,0x7E,0x4C,0x7E,0x4C,0x7E,0x4C,0x7E,0x4C,0x7E,0x4C,0x7E,0x4C,
    0x7E,0x4C,0x7E,0x4C,0x7E,0x4C,0x7E,0x4C,0x7E,0x4C,0x7E,0x4C,0x7E,0x4C,0x7E,0x4C,
    0x7E,0x4C,0x7E,0x4C,0x7E,0x4C,0x7E,0x4C,0x7E,0x4C,0x7E,0x4C,0x7E,0x4C,0x7E,0x4C,
    0x7E,0x4C,0x7E,0x4C,0x7E,0x4C,0x7E,0x4C,0x7E,0x4C,0x7E,0x4C,0x7E,0x4C,0x7E,0x4C,
    0x7E,0x4C,0x7E,0x4C,0x7E,0x4C,0x7E,0x4C,0x7E,0x4C,0x7E,0x4C,0x7E,0x4C,0x7E,0x4C,
    0x7E,0x4C,0x7E,0x4C,0x7E,0x4C,0x7E,0x4C,0x7E,0x4C,0x7E,0x4C,0x7E,0x4C,0x7E,0x4C,
    0x7E,0x4C,0x7E,0x4C,0x7E,0x4C,0x7E,0x4C,0x7E,0x4C,0x7E,0x4C,0x7E,0x4C,0x7E,0x4C,
    0x7E,0x4C,0x7E,0x4C,0x7E,0x4C,0x7E,0x4C,0x7E,0x4C,0x7E,0x4C,0x7E,0x4C,0x7E,0x4C,
    0x7E,0x4C,0x7E,0x4C,0x7E,0x4C,0x7E,0x4C,0x7E,0x4C,0x7E,0x4C,0x7E,0x4C,0x7E,0x4C,
    0x7E,0x4C,0x7E,0x4C,0x7E,0x4C,0x7E,0x4C,0x7E,0x4C,0x7E,0x4C,0x7E,0x4C,0x7E,0x4C,
    0x7E,0x4C,0x7E,0x4C,0x7E,0x4C,0x7E,0x4C,0x7E,0x4C,0x7E,0x4C,0x7E,0x4C,0x7E,0x4C,
    0x7E,0x4C,0x7E,0x4C,0x7E,0x4C,0x7E,0x4C,0x7E,0x4C,0x7E,0x4C,0x7E,0x4C,0x7E,0x4C,
    0x7E,0x4C,0x7E,0x4C,0x7E,0x4C,0x7E,0x4C,0x7E,0x4C,0x7E,0x4C,0x7E,0x4C,0x7E,0x4C,
    0x7E,0x4C,0x7E,0x4C,0x7E,0x4C,0x7E,0x4C,0x7E,0x4C,0x7E,0x4C,0x7E,0x4C,0x7E,0x4C,
    0x7E,0x4C,0x7E,0x4C,0x7E,0x4C,0x7E,0x4C,0x7E,0x4C,0x7E,0x4C,0x7E,0x4C,0x7E,0x4C,
    0x7E,0x4C,0x7E,0x4C,0x7E,0x4C,0x7E,0x4C,0x7E,0x4C,0x7E,0x4C,0x7E,0x4C,0x7E,0x4C,
    0x7E,0x4C,0x7E,0x4C,0x7E,0x4C,0x7E,0x4C,0x7E,0x4C,0x7E,0x4C,0x7E,0x4C,0x7E,0x4C,
    0x7E,0x4C,0x7E,0x4C,0x7E,0x4C,0x7E,0x4C,0x7E,0x4C,0x7E,0x4C,0x7E,0x4C,0x7E,0x4C,
    0x7E,0x4C,0x7E,0x4C,0x7E,0x4C,0x7E,0x4C,0x7E,0x4C,0x7E,0x4C,0x7E,0x4C,0x7E,0x4C,
    0x7E,0x4C,0x7E,0x4C,0x7E,0x4C,0x7E,0x4C,0x7E,0x4C,0x7E,0x4C,0x7E,0x4C,0x7E,0x4C,
    0x7E,0x4C,0x7E,0x4C,0x7E,0x4C,0x7E,0x4C,0x7E,0x4C,0x7E,0x4C,0x7E,0x4C,0x7E,0x4C,
    0x7E,0x4C,0x7E,0x4C,0x7E,0x4C,0x7E,0x4C,0x7E,0x4C,0x7E,0x4C,0x7E,0x4C,0x7E,0x4C,
    0x7E,0x4C,0x7E,0x4C,0x7E,0x4C,0x7E,0x4C,0x7E,0x4C,0x7E,0x4C,0x7E,0x4C,0x7E,0x4C,
    0x7E,0x4C,0x7E,0x4C,0x7E,0x4C,0x7E,0x4C,0x7E,0x4C,0x7E,0x4C,0x7E,0x4C,0x7E,0x4C,
    0x7E,0x4C,0x7E,0x4C,0x7E,0x4C,0x7E,0x4C,0x7E,0x4C,0x7E,0x4C,0x7E,0x4C,0x7E,0x4C,
    0x7E,0x4C,0x7E,0x4C,0x7E,0x4C,0x7E,0x4C,0x7E,0x4C,0x7E,0x4C,0x7E,0x4C,0x7E,0x4C,
    0x7E,0x4C,0x7E,0x4C,0x7E,0x4C,0x7E,0x4C,0x7E,0x4C,0x7E,0x4C,0x7E,0x4C,0x7E,0x4C,
    0x7E,0x4C,0x7E,0x4C,0x7E,0x4C,0x7E,0x4C,0x7E,0x4C,0x7E,0x4C,0x7E,0x4C,0x7E,0x4C,
    0x7E,0x4C,0x7E,0x4C,0x7E,0x4C,0x7E,0x4C,0x7E,0x4C,0x7E,0x4C,0x7E,0x4C,0x7E,0x4C,
    0x7E,0x4C,0x7E,0x4C,0x7E,0x4C,0x7E,0x4C,0x7E,0x4C,0x7E,0x4C,0x7E,0x4C,0x7E,0x4C,
    0x7E,0x4C,0x7E,0x4C,0x7E,0x4C,0x7E,0x4C,0x7E,0x4C,0x7E,0x4C,0x7E,0x4C,0x7E,0x4C,
    0x7E,0x4C,0x7E,0x4C,0x7E,0x4C,0x7E,0x4C,0x7E,0x4C,0x7E,0x4C,0x7E,0x4C,0x7E,0x4C,
    0x7E,0x4C,0x7E,0x4C,0x7E,0x4C,0x7E,0x4C,0x7E,0x4C,0x7E,0x4C,0x7E,0x4C,0x7E,0x4C,
    0x7E,0x4C,0x7E,0x4C,0x7E,0x4C,0x7E,0x4C,0x7E,0x4C,0x7E,0x4C,0x7E,0x4C,0x7E,0x4C,
    0x7E,0x4C,0x7E,0x4C,0x7E,0x4C,0x7E,0x4C,0x7E,0x4C,0x7E,0x4C,0x7E,0x4C,0x7E,0x4C,
    0x7E,0x4C,0x7E,0x4C,0x7E,0x4C,0x7E,0x4C,0x7E,0x4C,0x7E,0x4C,0x7E,0x4C,0x7E,0x4C,
    0x7E,0x4C,0x7E,0x4C,0x7E,0x4C,0x7E,0x4C,0x7E,0x4C,0x7E,0x4C,0x7E,0x4C,0x7E,0x4C,
    0x7E,0x4C,0x7E,0x4C,0x7E,0x4C,0x7E,0x4C,0x7E,0x4C,0x7E,0x4C,0x7E,0x4C,0x7E,0x4C,
    0x7E,0x4C,0x7E,0x4C,0x7E,0x4C,0x7E,0x4C,0x7E,0x4C,0x7E,0x4C,0x7E,0x4C,0x7E,0x4C,
    0x7E,0x4C,0x7E,0x4C,0x7E,0x4C,0x7E,0x4C,0x7E,0x4C,0x7E,0x4C,0x7E,0x4C,0x7E,0x4C,
    0x7E,0x4C,0x7E,0x4C,0x7E,0x4C,0x7E,0x4C,0x7E,0x4C,0x7E,0x4C,0x7E,0x4C,0x7E,0x4C,
    0x7E,0x4C,0x7E,0x4C,0x7E,0x4C,0x7E,0x4C,0x7E,0x4C,0x7E,0x4C,0x7E,0x4C,0x7E,0x4C,
    0x7E,0x4C,0x7E,0x4C,0x7E,0x4C,0x7E,0x4C,0x7E,0x4C,0x7E,0x4C,0x7E,0x4C,0x7E,0x4C,
    0x7E,0x4C,0x7E,0x4C,0x7E,0x4C,0x7E,0x4C,0x7E,0x4C,0x7E,0x4C,0x7E,0x4C,0x7E,0x4C,
    0x7E,0x4C,0x7E,0x4C,0x7E,0x4C,0x7E,0x4C,0x7E,0x4C,0x7E,0x4C,0x7E,0x4C,0x7E,0x4C,
    0x7E,0x4C,0x7E,0x4C,0x7E,0x4C,0x7E,0x4C,0x7E,0x4C,0x7E,0x4C,0x7E,0x4C,0x7E,0x4C,
    0x7E,0x4C,0x7E,0x4C,0x7E,0x4C,0x7E,0x4C,0x7E,0x4C,0x7E,0x4C,0x7E,0x4C,0x7E,0x4C,
    0x7E,0x4C,0x7E,0x4C,0x7E,0x4C,0x7E,0x4C,0x7E,0x4C,0x7E,0x4C,0x7E,0x4C,0x7E,0x4C,
    0x7E,0x4C,0x7E,0x4C,0x7E,0x4C,0x7E,0x4C,0x7E,0x4C,0x7E,0x4C,0x7E,0x4C,0x7E,0x4C,
    0x7E,0x4C,0x7E,0x4C,0x7E,0x4C,0x7E,0x4C,0x7E,0x4C,0x7E,0x4C,0x7E,0x4C,0x7E,0x4C,
    0x7E,0x4C,0x7E,0x4C,0x7E,0x4C,0x7E,0x4C,0x7E,0x4C,0x7E,0x4C,0x7E,0x4C,0x7E,0x4C,
    0x7E,0x4C,0x7E,0x4C,0x7E,0x4C,0x7E,0x4C,0x7E,0x4C,0x7E,0x4C,0x7E,0x4C,0x7E,0x4C,
    0x7E,0x4C,0x7E,0x4C,0x7E,0x4C,0x7E,0x4C,0x7E,0x4C,0x7E,0x4C,0x7E,0x4C,0x7E,0x4C,
    0x7E,0x4C,0x7E,0x4C,0x7E,0x4C,0x7E,0x4C,0x7E,0x4C,0x7E,0x4C,0x7E,0x4C,0x7E,0x4C,
    0x7E,0x4C,0x7E,0x4C,0x7E,0x4C,0x7E,0x4C,0x7E,0x4C,0x7E,0x4C,0x7E,0x4C,0x7E,0x4C,
    0x7E,0x4C,0x7E,0x4C,0x7E,0x4C,0x7E,0x4C,0x7E,0x4C,0x7E,0x4C,0x7E,0x4C,0x7E,0x4C,
    0x7E,0x4C,0x7E,0x4C,0x7E,0x4C,0x7E,0x4C,0x7E,0x4C,0x7E,0x4C,0x7E,0x4C,0x7E,0x4C,
    0x7E,0x4C,0x7E,0x4C,0x7E,0x4C,0x7E,0x4C,0x7E,0x4C,0x7E,0x4C,0x7E,0x4C,0x7E,0x4C,
    0x7E,0x4C,0x7E,0x4C,0x7E,0x4C,0x7E,0x4C,0x7E,0x4C,0x7E,0x4C,0x7E,0x4C,0x7E,0x4C,
    0x7E,0x4C,0x7E,0x4C,0x7E,0x4C,0x7E,0x4C,0x7E,0x4C,0x7E,0x4C,0x7E,0x4C,0x7E,0x4C,
    0x7E,0x4C,0x7E,0x4C,0x7E,0x4C,0x7E,0x4C,0x7E,0x4C,0x7E,0x4C,0x7E,0x4C,0x7E,0x4C,
    0x7E,0x4C,0x7E,0x4C,0x7E,0x4C,0x7E,0x4C,0x7E,0x4C,0x7E,0x4C,0x7E,0x4C,0x7E,0x4C,
    0x7E,0x4C,0x7E,0x4C,0x7E,0x4C,0x7E,0x4C,0x7E,0x4C,0x7E,0x4C,0x7E,0x4C,0x7E,0x4C,
    0x7E,0x4C,0x7E,0x4C,0x7E,0x4C,0x7E,0x4C,0x7E,0x4C,0x7E,0x4C,0x7E,0x4C,0x7E,0x4C,
    0x7E,0x4C,0x7E,0x4C,0x7E,0x4C,0x7E,0x4C,0x7E,0x4C,0x7E,0x4C,0x7E,0x4C,0x7E,0x4C,
    0x7E,0x4C,0x7E,0x4C,0x7E,0x4C,0x7E,0x4C,0x7E,0x4C,0x7E,0x4C,0x7E,0x4C,0x7E,0x4C,
    0x7E,0x4C,0x7E,0x4C,0x7E,0x4C,0x7E,0x4C,0x7E,0x4C,0x7E,0x4C,0x7E,0x4C,0x7E,0x4C,
    0x7E,0x4C,0x7E,0x4C,0x7E,0x4C,0x7E,0x4C,0x7E,0x4C,0x7E,0x4C,0x7E,0x4C,0x7E,0x4C,
    0x7E,0x4C,0x7E,0x4C,0x7E,0x4C,0x7E,0x4C,0x7E,0x4C,0x7E,0x4C,0x7E,0x4C,0x7E,0x4C,
    0x7E,0x4C,0x7E,0x4C,0x7E,0x4C,0x7E,0x4C,0x7E,0x4C,0x7E,0x4C,0x7E,0x4C,0x7E,0x4C,
    0x7E,0x4C,0x7E,0x4C,0x7E,0x4C,0x7E,0x4C,0x7E,0x4C,0x7E,0x4C,0x7E,0x4C,0x7E,0x4C,
    0x7E,0x4C,0x7E,0x4C,0x7E,0x4C,0x7E,0x4C,0x7E,0x4C,0x7E,0x4C,0x7E,0x4C,0x7E,0x4C,
    0x7E,0x4C,0x7E,0x4C,0x7E,0x4C,0x7E,0x4C,0x7E,0x4C,0x7E,0x4C,0x7E,0x4C,0x7E,0x4C,
    0x7E,0x4C,0x7E,0x4C,0x7E,0x4C,0x7E,0x4C,0x7E,0x4C,0x7E,0x4C,0x7E,0x4C,0x7E,0x4C,
    0x7E,0x4C,0x7E,0x4C,0x7E,0x4C,0x7E,0x4C,0x7E,0x4C,0x7E,0x4C,0x7E,0x4C,0x7E,0x4C,
    0x7E,0x4C,0x7E,0x4C,0x7E,0x4C,0x7E,0x4C,0x7E,0x4C,0x7E,0x4C,0x7E,0x4C,0x7E,0x4C,
    0x7E,0x4C,0x7E,0x4C,0x7E,0x4C,0x7E,0x4C,0x7E,0x4C,0x7E,0x4C,0x7E,0x4C,0x7E,0x4C,
    0x7E,0x4C,0x7E,0x4C,0x7E,0x4C,0x7E,0x4C,0x7E,0x4C,0x7E,0x4C,0x7E,0x4C,0x7E,0x4C,
    0x7E,0x4C,0x7E,0x4C,0x7E,0x4C,0x7E,0x4C,0x7E,0x4C,0x7E,0x4C,0x7E,0x4C,0x7E,0x4C,
    0x7E,0x4C,0x7E,0x4C,0x7E,0x4C,0x7E,0x4C,0x7E,0x4C,0x7E,0x4C,0x7E,0x4C,0x7E,0x4C,
    0x7E,0x4C,0x7E,0x4C,0x7E,0x4C,0x7E,0x4C,0x7E,0x4C,0x7E,0x4C,0x7E,0x4C,0x7E,0x4C,
    0x7E,0x4C,0x7E,0x4C,0x7E,0x4C,0x7E,0x4C,0x7E,0x4C,0x7E,0x4C,0x7E,0x4C,0x7E,0x4C,
    0x7E,0x4C,0x7E,0x4C,0x7E,0x4C,0x7E,0x4C,0x7E,0x4C,0x7E,0x4C,0x7E,0x4C,0x7E,0x4C,
    0x7E,0x4C,0x7E,0x4C,0x7E,0x4C,0x7E,0x4C,0x7E,0x4C,0x7E,0x4C,0x7E,0x4C,0x7E,0x4C,
    0x7E,0x4C,0x7E,0x4C,0x7E,0x4C,0x7E,0x4C,0x7E,0x4C,0x7E,0x4C,0x7E,0x4C,0x7E,0x4C,
    0x7E,0x4C,0x7E,0x4C,0x7E,0x4C,0x7E,0x4C,0x7E,0x4C,0x7E,0x4C,0x7E,0x4C,0x7E,0x4C,
    0x7E,0x4C,0x7E,0x4C,0x7E,0x4C,0x7E,0x4C,0x7E,0x4C,0x7E,0x4C,0x7E,0x4C,0x7E,0x4C,
    0x7E,0x4C,0x7E,0x4C,0x7E,0x4C,0x7E,0x4C,0x7E,0x4C,0x7E,0x4C,0x7E,0x4C,0x7E,0x4C,
    0x7E,0x4C,0x7E,0x4C,0x7E,0x4C,0x7E,0x4C,0x7E,0x4C,0x7E,0x4C,0x7E,0x4C,0x7E,0x4C,
    0x7E,0x4C,0x7E,0x4C,0x7E,0x4C,0x7E,0x4C,0x7E,0x4C,0x7E,0x4C,0x7E,0x4C,0x7E,0x4C,
    0x7E,0x4C,0x7E,0x4C,0x7E,0x4C,0x7E,0x4C,0x7E,0x4C,0x7E,0x4C,0x7E,0x4C,0x7E,0x4C,
    0x7E,0x4C,0x7E,0x4C,0x7E,0x4C,0x7E,0x4C,0x7E,0x4C,0x7E,0x4C,0x7E,0x4C,0x7E,0x4C,
    0x7E,0x4C,0x7E,0x4C,0x7E,0x4C,0x7E,0x4C,0x7E,0x4C,0x7E,0x4C,0x7E,0x4C,0x7E,0x4C,
    0x7E,0x4C,0x7E,0x4C,0x7E,0x4C,0x7E,0x4C,0x7E,0x4C,0x7E,0x4C,0x7E,0x4C,0x7E,0x4C,
    0x7E,0x4C,0x7E,0x4C,0x7E,0x4C,0x7E,0x4C,0x7E,0x4C,0x7E,0x4C,0x7E,0x4C,0x7E,0x4C,
    0x7E,0x4C,0x7E,0x4C,0x7E,0x4C,0x7E,0x4C,0x7E,0x4C,0x7E,0x4C,0x7E,0x4C,0x7E,0x4C,
    0x7E,0x4C,0x7E,0x4C,0x7E,0x4C,0x7E,0x4C,0x7E,0x4C,0x7E,0x4C,0x7E,0x4C,0x7E,0x4C,
    0x7E,0x4C,0x7E,0x4C,0x7E,0x4C,0x7E,0x4C,0x7E,0x4C,0x7E,0x4C,0x7E,0x4C,0x7E,0x4C,
    0x7E,0x4C,0x7E,0x4C,0x7E,0x4C,0x7E,0x4C,0x7E,0x4C,0x7E,0x4C,0x7E,0x4C,0x7E,0x4C,
    0x7E,0x4C,0x7E,0x4C,0x7E,0x4C,0x7E,0x4C,0x7E,0x4C,0x7E,0x4C,0x7E,0x4C,0x7E,0x4C,
    0x7E,0x4C,0x7E,0x4C,0x7E,0x4C,0x7E,0x4C,0x7E,0x4C,0x7E,0x4C,0x7E,0x4C,0x7E,0x4C,
    0x7E,0x4C,0x7E,0x4C,0x7E,0x4C,0x7E,0x4C,0x7E,0x4C,0x7E,0x4C,0x7E,0x4C,0x7E,0x4C,
    0x7E,0x4C,0x7E,0x4C,0x7E,0x4C,0x7E,0x4C,0x7E,0x4C,0x7E,0x4C,0x7E,0x4C,0x7E,0x4C,
    0x7E,0x4C,0x7E,0x4C,0x7E,0x4C,0x7E,0x4C,0x7E,0x4C,0x7E,0x4C,0x7E,0x4C,0x7E,0x4C,
    0x7E,0x4C,0x7E,0x4C,0x7E,0x4C,0x7E,0x4C,0x7E,0x4C,0x7E,0x4C,0x7E,0x4C,0x7E,0x4C,
    0x7E,0x4C,0x7E,0x4C,0x7E,0x4C,0x7E,0x4C,0x7E,0x4C,0x7E,0x4C,0x7E,0x4C,0x7E,0x4C,
    0x7E,0x4C,0x7E,0x4C,0x7E,0x4C,0x7E,0x4C,0x7E,0x4C,0x7E,0x4C,0x7E,0x4C,0x7E,0x4C,
    0x7E,0x4C,0x7E,0x4C,0x7E,0x4C,0x7E,0x4C,0x7E,0x4C,0x7E,0x4C,0x7E,0x4C,0x7E,0x4C,
    0x7E,0x4C,0x7E,0x4C,0x7E,0x4C,0x7E,0x4C,0x7E,0x4C,0x7E,0x4C,0x7E,0x4C,0x7E,0x4C,
    0x7E,0x4C,0x7E,0x4C,0x7E,0x4C,0x7E,0x4C,0x7E,0x4C,0x7E,0x4C,0x7E,0x4C,0x7E,0x4C,
    0x7E,0x4C,0x7E,0x4C,0x7E,0x4C,0x7E,0x4C,0x7E,0x4C,0x7E,0x4C,0x7E,0x4C,0x7E,0x4C,
    0x7E,0x4C,0x7E,0x4C,0x7E,0x4C,0x7E,0x4C,0x7E,0x4C,0x7E,0x4C,0x7E,0x4C,0x7E,0x4C,
    0x7E,0x4C,0x7E,0x4C,0x7E,0x4C,0x7E,0x4C,0x7E,0x4C,0x7E,0x4C,0x7E,0x4C,0x7E,0x4C,
    0x7E,0x4C,0x7E,0x4C,0x7E,0x4C,0x7E,0x4C,0x7E,0x4C,0x7E,0x4C,0x7E,0x4C,0x7E,0x4C,
    0x7E,0x4C,0x7E,0x4C,0x7E,0x4C,0x7E,0x4C,0x7E,0x4C,0x7E,0x4C,0x7E,0x4C,0x7E,0x4C,
    0x7E,0x4C,0x7E,0x4C,0x7E,0x4C,0x7E,0x4C,0x7E,0x4C,0x7E,0x4C,0x7E,0x4C,0x7E,0x4C,
    0x7E,0x4C,0x7E,0x4C,0x7E,0x4C,0x7E,0x4C,0x7E,0x4C,0x7E,0x4C,0x7E,0x4C,0x7E,0x4C,
    0x7E,0x4C,0x7E,0x4C,0x7E,0x4C,0x7E,0x4C,0x7E,0x4C,0x7E,0x4C,0x7E,0x4C,0x7E,0x4C,
    0x7E,0x4C,0x7E,0x4C,0x7E,0x4C,0x7E,0x4C,0x7E,0x4C,0x7E,0x4C,0x7E,0x4C,0x7E,0x4C,
    0x7E,0x4C,0x7E,0x4C,0x7E,0x4C,0x7E,0x4C,0x7E,0x4C,0x7E,0x4C,0x7E,0x4C,0x7E,0x4C,
    0x7E,0x4C,0x7E,0x4C,0x7E,0x4C,0x7E,0x4C,0x7E,0x4C,0x7E,0x4C,0x7E,0x4C,0x7E,0x4C,
    0x7E,0x4C,0x7E,0x4C,0x7E,0x4C,0x7E,0x4C,0x7E,0x4C,0x7E,0x4C,0x7E,0x4C,0x7E,0x4C,
    0x7E,0x4C,0x7E,0x4C,0x7E,0x4C,0x7E,0x4C,0x7E,0x4C,0x7E,0x4C,0x7E,0x4C,0x7E,0x4C,
    0x7E,0x4C,0x7E,0x4C,0x7E,0x4C,0x7E,0x4C,0x7E,0x4C,0x7E,0x4C,0x7E,0x4C,0x7E,0x4C,
    0x7E,0x4C,0x7E,0x4C,0x7E,0x4C,0x7E,0x4C,0x7E,0x4C,0x7E,0x4C,0x7E,0x4C,0x7E,0x4C,
    0x7E,0x4C,0x7E,0x4C,0x7E,0x4C,0x7E,0x4C,0x7E,0x4C,0x7E,0x4C,0x7E,0x4C,0x7E,0x4C,
    0x7E,0x4C,0x7E,0x4C,0x7E,0x4C,0x7E,0x4C,0x7E,0x4C,0x7E,0x4C,0x7E,0x4C,0x7E,0x4C,
    0x7E,0x4C,0x7E,0x4C,0x7E,0x4C,0x7E,0x4C,0x7E,0x4C,0x7E,0x4C,0x7E,0x4C,0x7E,0x4C,
    0x7E,0x4C,0x7E,0x4C,0x7E,0x4C,0x7E,0x4C,0x7E,0x4C,0x7E,0x4C,0x7E,0x4C,0x7E,0x4C,
    0x7E,0x4C,0x7E,0x4C,0x7E,0x4C,0x7E,0x4C,0x7E,0x4C,0x7E,0x4C,0x7E,0x4C,0x7E,0x4C,
    0x7E,0x4C,0x7E,0x4C,0x7E,0x4C,0x7E,0x4C,0x7E,0x4C,0x7E,0x4C,0x7E,0x4C,0x7E,0x4C,
    0x7E,0x4C,0x7E,0x4C,0x7E,0x4C,0x7E,0x4C,0x7E,0x4C,0x7E,0x4C,0x7E,0x4C,0x7E,0x4C,
    0x7E,0x4C,0x7E,0x4C,0x7E,0x4C,0x7E,0x4C,0x7E,0x4C,0x7E,0x4C,0x7E,0x4C,0x7E,0x4C,
    0x7E,0x4C,0x7E,0x4C,0x7E,0x4C,0x7E,0x4C,0x7E,0x4C,0x7E,0x4C,0x7E,0x4C,0x7E,0x4C,
    0x7E,0x4C,0x7E,0x4C,0x7E,0x4C,0x7E,0x4C,0x7E,0x4C,0x7E,0x4C,0x7E,0x4C,0x7E,0x4C,
    0x7E,0x4C,0x7E,0x4C,0x7E,0x4C,0x7E,0x4C,0x7E,0x4C,0x7E,0x4C,0x7E,0x4C,0x7E,0x4C,
    0x7E,0x4C,0x7E,0x4C,0x7E,0x4C,0x7E,0x4C,0x7E,0x4C,0x7E,0x4C,0x7E,0x4C,0x7E,0x4C,
    0x7E,0x4C,0x7E,0x4C,0x7E,0x4C,0x7E,0x4C,0x7E,0x4C,0x7E,0x4C,0x7E,0x4C,0x7E,0x4C,
    0x7E,0x4C,0x7E,0x4C,0x7E,0x4C,0x7E,0x4C,0x7E,0x4C,0x7E,0x4C,0x7E,0x4C,0x7E,0x4C,
    0x7E,0x4C,0x7E,0x4C,0x7E,0x4C,0x7E,0x4C,0x7E,0x4C,0x7E,0x4C,0x7E,0x4C,0x7E,0x4C,
    0x7E,0x4C,0x7E,0x4C,0x7E,0x4C,0x7E,0x4C,0x7E,0x4C,0x7E,0x4C,0x7E,0x4C,0x7E,0x4C,
    0x7E,0x4C,0x7E,0x4C,0x7E,0x4C,0x7E,0x4C,0x7E,0x4C,0x7E,0x4C,0x7E,0x4C,0x7E,0x4C,
    0x7E,0x4C,0x7E,0x4C,0x7E,0x4C,0x7E,0x4C,0x7E,0x4C,0x7E,0x4C,0x7E,0x4C,0x7E,0x4C,
    0x7E,0x4C,0x7E,0x4C,0x7E,0x4C,0x7E,0x4C,0x7E,0x4C,0x7E,0x4C,0x7E,0x4C,0x7E,0x4C,
    0x7E,0x4C,0x7E,0x4C,0x7E,0x4C,0x7E,0x4C,0x7E,0x4C,0x7E,0x4C,0x7E,0x4C,0x7E,0x4C,
    0x7E,0x4C,0x7E,0x4C,0x7E,0x4C,0x7E,0x4C,0x7E,0x4C,0x7E,0x4C,0x7E,0x4C,0x7E,0x4C,
    0x7E,0x4C,0x7E,0x4C,0x7E,0x4C,0x7E,0x4C,0x7E,0x4C,0x7E,0x4C,0x7E,0x4C,0x7E,0x4C,
    0x7E,0x4C,0x7E,0x4C,0x7E,0x4C,0x7E,0x4C,0x7E,0x4C,0x7E,0x4C,0x7E,0x4C,0x7E,0x4C,
    0x7E,0x4C,0x7E,0x4C,0x7E,0x4C,0x7E,0x4C,0x7E,0x4C,0x7E,0x4C,0x7E,0x4C,0x7E,0x4C,
    0x7E,0x4C,0x7E,0x4C,0x7E,0x4C,0x7E,0x4C,0x7E,0x4C,0x7E,0x4C,0x7E,0x4C,0x7E,0x4C,
    0x7E,0x4C,0x7E,0x4C,0x7E,0x4C,0x7E,0x4C,0x7E,0x4C,0x7E,0x4C,0x7E,0x4C,0x7E,0x4C,
    0x7E,0x4C,0x7E,0x4C,0x7E,0x4C,0x7E,0x4C,0x7E,0x4C,0x7E,0x4C,0x7E,0x4C,0x7E,0x4C,
    0x7E,0x4C,0x7E,0x4C,0x7E,0x4C,0x7E,0x4C,0x7E,0x4C,0x7E,0x4C,0x7E,0x4C,0x7E,0x4C,
    0x7E,0x4C,0x7E,0x4C,0x7E,0x4C,0x7E,0x4C,0x7E,0x4C,0x7E,0x4C,0x7E,0x4C,0x7E,0x4C,
    0x7E,0x4C,0x7E,0x4C,0x7E,0x4C,0x7E,0x4C,0x7E,0x4C,0x7E,0x4C,0x7E,0x4C,0x7E,0x4C,
    0x7E,0x4C,0x7E,0x4C,0x7E,0x4C,0x7E,0x4C,0x7E,0x4C,0x7E,0x4C,0x7E,0x4C,0x7E,0x4C,
    0x7E,0x4C,0x7E,0x4C,0x7E,0x4C,0x7E,0x4C,0x7E,0x4C,0x7E,0x4C,0x7E,0x4C,0x7E,0x4C,
    0x7E,0x4C,0x7E,0x4C,0x7E,0x4C,0x7E,0x4C,0x7E,0x4C,0x7E,0x4C,0x7E,0x4C,0x7E,0x4C,
    0x7E,0x4C,0x7E,0x4C,0x7E,0x4C,0x7E,0x4C,0x7E,0x4C,0x7E,0x4C,0x7E,0x4C,0x7E,0x4C,
    0x7E,0x4C,0x7E,0x4C,0x7E,0x4C,0x7E,0x4C,0x7E,0x4C,0x7E,0x4C,0x7E,0x4C,0x7E,0x4C,
    0x7E,0x4C,0x7E,0x4C,0x7E,0x4C,0x7E,0x4C,0x7E,0x4C,0x7E,0x4C,0x7E,0x4C,0x7E,0x4C,
    0x7E,0x4C,0x7E,0x4C,0x7E,0x4C,0x7E,0x4C,0x7E,0x4C,0x7E,0x4C,0x7E,0x4C,0x7E,0x4C,
    0x7E,0x4C,0x7E,0x4C,0x7E,0x4C,0x7E,0x4C,0x7E,0x4C,0x7E,0x4C,0x7E,0x4C,0x7E,0x4C,
    0x7E,0x4C,0x7E,0x4C,0x7E,0x4C,0x7E,0x4C,0x7E,0x4C,0x7E,0x4C,0x7E,0x4C,0x7E,0x4C,
    0x7E,0x4C,0x7E,0x4C,0x7E,0x4C,0x7E,0x4C,0x7E,0x4C,0x7E,0x4C,0x7E,0x4C,0x7E,0x4C,
    0x7E,0x4C,0x7E,0x4C,0x7E,0x4C,0x7E,0x4C,0x7E,0x4C,0x7E,0x4C,0x7E,0x4C,0x7E,0x4C,
    0x7E,0x4C,0x7E,0x4C,0x7E,0x4C,0x7E,0x4C,0x7E,0x4C,0x7E,0x4C,0x7E,0x4C,0x7E,0x4C,
    0x7E,0x4C,0x7E,0x4C,0x7E,0x4C,0x7E,0x4C,0x7E,0x4C,0x7E,0x4C,0x7E,0x4C,0x7E,0x4C,
    0x7E,0x4C,0x7E,0x4C,0x7E,0x4C,0x7E,0x4C,0x7E,0x4C,0x7E,0x4C,0x7E,0x4C,0x7E,0x4C,
    0x7E,0x4C,0x7E,0x4C,0x7E,0x4C,0x7E,0x4C,0x7E,0x4C,0x7E,0x4C,0x7E,0x4C,0x7E,0x4C,
    0x7E,0x4C,0x7E,0x4C,0x7E,0x4C,0x7E,0x4C,0x7E,0x4C,0x7E,0x4C,0x7E,0x4C,0x7E,0x4C,
    0x7E,0x4C,0x7E,0x4C,0x7E,0x4C,0x7E,0x4C,0x7E,0x4C,0x7E,0x4C,0x7E,0x4C,0x7E,0x4C,
    0x7E,0x4C,0x7E,0x4C,0x7E,0x4C,0x7E,0x4C,0x7E,0x4C,0x7E,0x4C,0x7E,0x4C,0x7E,0x4C,
    0x7E,0x4C,0x7E,0x4C,0x7E,0x4C,0x7E,0x4C,0x7E,0x4C,0x7E,0x4C,0x7E,0x4C,0x7E,0x4C,
    0x7E,0x4C,0x7E,0x4C,0x7E,0x4C,0x7E,0x4C,0x7E,0x4C,0x7E,0x4C,0x7E,0x4C,0x7E,0x4C,
    0x7E,0x4C,0x7E,0x4C,0x7E,0x4C,0x7E,0x4C,0x7E,0x4C,0x7E,0x4C,0x7E,0x4C,0x7E,0x4C,
    0x7E,0x4C,0x7E,0x4C,0x7E,0x4C,0x7E,0x4C,0x7E,0x4C,0x7E,0x4C,0x7E,0x4C,0x7E,0x4C,
    0x7E,0x4C,0x7E,0x4C,0x7E,0x4C,0x7E,0x4C,0x7E,0x4C,0x7E,0x4C,0x7E,0x4C,0x7E,0x4C,
    0x7E,0x4C,0x7E,0x4C,0x7E,0x4C,0x7E,0x4C,0x7E,0x4C,0x7E,0x4C,0x7E,0x4C,0x7E,0x4C,
    0x7E,0x4C,0x7E,0x4C,0x7E,0x4C,0x7E,0x4C,0x7E,0x4C,0x7E,0x4C,0x7E,0x4C,0x7E,0x4C,
    0x7E,0x4C,0x7E,0x4C,0x7E,0x4C,0x7E,0x4C,0x7E,0x4C,0x7E,0x4C,0x7E,0x4C,0x7E,0x4C,
    0x7E,0x4C,0x7E,0x4C,0x7E,0x4C,0x7E,0x4C,0x7E,0x4C,0x7E,0x4C,0x7E,0x4C,0x7E,0x4C,
    0x7E,0x4C,0x7E,0x4C,0x7E,0x4C,0x7E,0x4C,0x7E,0x4C,0x7E,0x4C,0x7E,0x4C,0x7E,0x4C,
    0x7E,0x4C,0x7E,0x4C,0x7E,0x4C,0x7E,0x4C,0x7E,0x4C,0x7E,0x4C,0x7E,0x4C,0x7E,0x4C,
    0x7E,0x4C,0x7E,0x4C,0x7E,0x4C,0x7E,0x4C,0x7E,0x4C,0x7E,0x4C,0x7E,0x4C,0x7E,0x4C,
    0x7E,0x4C,0x7E,0x4C,0x7E,0x4C,0x7E,0x4C,0x7E,0x4C,0x7E,0x4C,0x7E,0x4C,0x7E,0x4C,
    0x7E,0x4C,0x7E,0x4C,0x7E,0x4C,0x7E,0x4C,0x7E,0x4C,0x7E,0x4C,0x7E,0x4C,0x7E,0x4C,
    0x7E,0x4C,0x7E,0x4C,0x7E,0x4C,0x7E,0x4C,0x7E,0x4C,0x7E,0x4C,0x7E,0x4C,0x7E,0x4C,
    0x7E,0x4C,0x7E,0x4C,0x7E,0x4C,0x7E,0x4C,0x7E,0x4C,0x7E,0x4C,0x7E,0x4C,0x7E,0x4C,
    0x7E,0x4C,0x7E,0x4C,0x7E,0x4C,0x7E,0x4C,0x7E,0x4C,0x7E,0x4C,0x7E,0x4C,0x7E,0x4C,
    0x7E,0x4C,0x7E,0x4C,0x7E,0x4C,0x7E,0x4C,0x7E,0x4C,0x7E,0x4C,0x7E,0x4C,0x7E,0x4C,
    0x7E,0x4C,0x7E,0x4C,0x7E,0x4C,0x7E,0x4C,0x7E,0x4C,0x7E,0x4C,0x7E,0x4C,0x7E,0x4C,
    0x7E,0x4C,0x7E,0x4C,0x7E,0x4C,0x7E,0x4C,0x7E,0x4C,0x7E,0x4C,0x7E,0x4C,0x7E,0x4C,
    0x7E,0x4C,0x7E,0x4C,0x7E,0x4C,0x7E,0x4C,0x7E,0x4C,0x7E,0x4C,0x7E,0x4C,0x7E,0x4C,
    0x7E,0x4C,0x7E,0x4C,0x7E,0x4C,0x7E,0x4C,0x7E,0x4C,0x7E,0x4C,0x7E,0x4C,0x7E,0x4C,
    0x7E,0x4C,0x7E,0x4C,0x7E,0x4C,0x7E,0x4C,0x7E,0x4C,0x7E,0x4C,0x7E,0x4C,0x7E,0x4C,
    0x7E,0x4C,0x7E,0x4C,0x7E,0x4C,0x7E,0x4C,0x7E,0x4C,0x7E,0x4C,0x7E,0x4C,0x7E,0x4C,
    0x7E,0x4C,0x7E,0x4C,0x7E,0x4C,0x7E,0x4C,0x7E,0x4C,0x7E,0x4C,0x7E,0x4C,0x7E,0x4C,
    0x7E,0x4C,0x7E,0x4C,0x7E,0x4C,0x7E,0x4C,0x7E,0x4C,0x7E,0x4C,0x7E,0x4C,0x7E,0x4C,
    0x7E,0x4C,0x7E,0x4C,0x7E,0x4C,0x7E,0x4C,0x7E,0x4C,0x7E,0x4C,0x7E,0x4C,0x7E,0x4C,
    0x7E,0x4C,0x7E,0x4C,0x7E,0x4C,0x7E,0x4C,0x7E,0x4C,0x7E,0x4C,0x7E,0x4C,0x7E,0x4C,
    0x7E,0x4C,0x7E,0x4C,0x7E,0x4C,0x7E,0x4C,0x7E,0x4C,0x7E,0x4C,0x7E,0x4C,0x7E,0x4C,
    0x7E,0x4C,0x7E,0x4C,0x7E,0x4C,0x7E,0x4C,0x7E,0x4C,0x7E,0x4C,0x7E,0x4C,0x7E,0x4C,
    0x7E,0x4C,0x7E,0x4C,0x7E,0x4C,0x7E,0x4C,0x7E,0x4C,0x7E,0x4C,0x7E,0x4C,0x7E,0x4C,
    0x7E,0x4C,0x7E,0x4C,0x7E,0x4C,0x7E,0x4C,0x7E,0x4C,0x7E,0x4C,0x7E,0x4C,0x7E,0x4C,
    0x7E,0x4C,0x7E,0x4C,0x7E,0x4C,0x7E,0x4C,0x7E,0x4C,0x7E,0x4C,0x7E,0x4C,0x7E,0x4C,
    0x7E,0x4C,0x7E,0x4C,0x7E,0x4C,0x7E,0x4C,0x7E,0x4C,0x7E,0x4C,0x7E,0x4C,0x7E,0x4C,
    0x7E,0x4C,0x7E,0x4C,0x7E,0x4C,0x7E,0x4C,0x7E,0x4C,0x7E,0x4C,0x7E,0x4C,0x7E,0x4C,
    0x7E,0x4C,0x7E,0x4C,0x7E,0x4C,0x7E,0x4C,0x7E,0x4C,0x7E,0x4C,0x7E,0x4C,0x7E,0x4C,
    0x7E,0x4C,0x7E,0x4C,0x7E,0x4C,0x7E,0x4C,0x7E,0x4C,0x7E,0x4C,0x7E,0x4C,0x7E,0x4C,
    0x7E,0x4C,0x7E,0x4C,0x7E,0x4C,0x7E,0x4C,0x7E,0x4C,0x7E,0x4C,0x7E,0x4C,0x7E,0x4C,
    0x7E,0x4C,0x7E,0x4C,0x7E,0x4C,0x7E,0x4C,0x7E,0x4C,0x7E,0x4C,0x7E,0x4C,0x7E,0x4C,
    0x7E,0x4C,0x7E,0x4C,0x7E,0x4C,0x7E,0x4C,0x7E,0x4C,0x7E,0x4C,0x7E,0x4C,0x7E,0x4C,
    0x7E,0x4C,0x7E,0x4C,0x7E,0x4C,0x7E,0x4C,0x7E,0x4C,0x7E,0x4C,0x7E,0x4C,0x7E,0x4C,
    0x7E,0x4C,0x7E,0x4C,0x7E,0x4C,0x7E,0x4C,0x7E,0x4C,0x7E,0x4C,0x7E,0x4C,0x7E,0x4C,
    0x7E,0x4C,0x7E,0x4C,0x7E,0x4C,0x7E,0x4C,0x7E,0x4C,0x7E,0x4C,0x7E,0x4C,0x7E,0x4C,
    0x7E,0x4C,0x7E,0x4C,0x7E,0x4C,0x7E,0x4C,0x7E,0x4C,0x7E,0x4C,0x7E,0x4C,0x7E,0x4C,
    0x7E,0x4C,0x7E,0x4C,0x7E,0x4C,0x7E,0x4C,0x7E,0x4C,0x7E,0x4C,0x7E,0x4C,0x7E,0x4C,
    0x7E,0x4C,0x7E,0x4C,0x7E,0x4C,0x7E,0x4C,0x7E,0x4C,0x7E,0x4C,0x7E,0x4C,0x7E,0x4C,
    0x7E,0x4C,0x7E,0x4C,0x7E,0x4C,0x7E,0x4C,0x7E,0x4C,0x7E,0x4C,0x7E,0x4C,0x7E,0x4C,
    0x7E,0x4C,0x7E,0x4C,0x7E,0x4C,0x7E,0x4C,0x7E,0x4C,0x7E,0x4C,0x7E,0x4C,0x7E,0x4C,
    0x7E,0x4C,0x7E,0x4C,0x7E,0x4C,0x7E,0x4C,0x7E,0x4C,0x7E,0x4C,0x7E,0x4C,0x7E,0x4C,
    0x7E,0x4C,0x7E,0x4C,0x7E,0x4C,0x7E,0x4C,0x7E,0x4C,0x7E,0x4C,0x7E,0x4C,0x7E,0x4C,
    0x7E,0x4C,0x7E,0x4C,0x7E,0x4C,0x7E,0x4C,0x7E,0x4C,0x7E,0x4C,0x7E,0x4C,0x7E,0x4C,
    0x7E,0x4C,0x7E,0x4C,0x7E,0x4C,0x7E,0x4C,0x7E,0x4C,0x7E,0x4C,0x7E,0x4C,0x7E,0x4C,
    0x7E,0x4C,0x7E,0x4C,0x7E,0x4C,0x7E,0x4C,0x7E,0x4C,0x7E,0x4C,0x7E,0x4C,0x7E,0x4C,
    0x7E,0x4C,0x7E,0x4C,0x7E,0x4C,0x7E,0x4C,0x7E,0x4C,0x7E,0x4C,0x7E,0x4C,0x7E,0x4C,
    0x7E,0x4C,0x7E,0x4C,0x7E,0x4C,0x7E,0x4C,0x7E,0x4C,0x7E,0x4C,0x7E,0x4C,0x7E,0x4C,
    0x7E,0x4C,0x7E,0x4C,0x7E,0x4C,0x7E,0x4C,0x7E,0x4C,0x7E,0x4C,0x7E,0x4C,0x7E,0x4C,
    0x7E,0x4C,0x7E,0x4C,0x7E,0x4C,0x7E,0x4C,0x7E,0x4C,0x7E,0x4C,0x7E,0x4C,0x7E,0x4C,
    0x7E,0x4C,0x7E,0x4C,0x7E,0x4C,0x7E,0x4C,0x7E,0x4C,0x7E,0x4C,0x7E,0x4C,0x7E,0x4C,
    0x7E,0x4C,0x7E,0x4C,0x7E,0x4C,0x7E,0x4C,0x7E,0x4C,0x7E,0x4C,0x7E,0x4C,0x7E,0x4C,
    0x00,0x00,0x00,0x00,0x00,0x00,0x00,0x00,0x00,0x00,0x00,0x00,0x00,0x00,0x00,0x00,
    0x00,0x00,0x00,0x00,0x00,0x00,0x00,0x00,0x00,0x00,0x00,0x00,0x00,0x00,0x00,0x00,
    0x00,0x00,0x00,0x00,0x00,0x00,0x00,0x00,0x00,0x02,0x04,0x03,0x00,0x00,0x00,0x00,
    0x03,0x1F,0x45,0x78,0x88,0xB9,0xCB,0xCA,0xF2,0xFF,0xFE,0xFF,0xFF,0xFE,0xFF,0xF2,
    0xCA,0xCB,0xB9,0x88,0x78,0x45,0x1F,0x03,0x00,0x00,0x00,0x00,0x03,0x04,0x02,0x00,
    0x00,0x00,0x00,0x00,0x00,0x00,0x00,0x00,0x00,0x00,0x00,0x00,0x00,0x00,0x00,0x00,
    0x00,0x00,0x00,0x00,0x00,0x00,0x00,0x00,0x00,0x00,0x00,0x00,0x00,0x00,0x00,0x00,
    0x00,0x00,0x00,0x00,0x00,0x00,0x00,0x00,0x00,0x00,0x00,0x00,0x00,0x00,0x00,0x00,
    0x00,0x00,0x00,0x00,0x00,0x00,0x00,0x00,0x00,0x00,0x00,0x00,0x00,0x00,0x00,0x00,
    0x00,0x00,0x00,0x00,0x00,0x00,0x00,0x00,0x00,0x00,0x00,0x00,0x00,0x00,0x01,0x04,
    0x02,0x00,0x00,0x00,0x0A,0x34,0x6E,0xAB,0xD2,0xF1,0xFF,0xFF,0xFF,0xFF,0xFF,0xFF,
    0xFF,0xFF,0xFF,0xFF,0xFF,0xFF,0xFF,0xFF,0xFF,0xFF,0xFF,0xFF,0xFF,0xFF,0xF1,0xD2,
    0xAB,0x6E,0x34,0x0A,0x00,0x00,0x00,0x02,0x04,0x01,0x00,0x00,0x00,0x00,0x00,0x00,
    0x00,0x00,0x00,0x00,0x00,0x00,0x00,0x00,0x00,0x00,0x00,0x00,0x00,0x00,0x00,0x00,
    0x00,0x00,0x00,0x00,0x00,0x00,0x00,0x00,0x00,0x00,0x00,0x00,0x00,0x00,0x00,0x00,
    0x00,0x00,0x00,0x00,0x00,0x00,0x00,0x00,0x00,0x00,0x00,0x00,0x00,0x00,0x00,0x00,
    0x00,0x00,0x00,0x00,0x00,0x00,0x00,0x00,0x00,0x00,0x00,0x00,0x00,0x00,0x00,0x00,
    0x00,0x00,0x00,0x00,0x02,0x03,0x00,0x00,0x00,0x1C,0x61,0xAE,0xE2,0xFF,0xFF,0xFF,
    0xFF,0xFF,0xFE,0xFC,0xFC,0xFD,0xFD,0xFD,0xFF,0xFF,0xFF,0xFF,0xFF,0xFF,0xFF,0xFF,
    0xFD,0xFD,0xFD,0xFC,0xFC,0xFE,0xFF,0xFF,0xFF,0xFF,0xFF,0xE2,0xAE,0x61,0x1C,0x00,
    0x00,0x00,0x03,0x02,0x00,0x00,0x00,0x00,0x00,0x00,0x00,0x00,0x00,0x00,0x00,0x00,
    0x00,0x00,0x00,0x00,0x00,0x00,0x00,0x00,0x00,0x00,0x00,0x00,0x00,0x00,0x00,0x00,
    0x00,0x00,0x00,0x00,0x00,0x00,0x00,0x00,0x00,0x00,0x00,0x00,0x00,0x00,0x00,0x00,
    0x00,0x00,0x00,0x00,0x00,0x00,0x00,0x00,0x00,0x00,0x00,0x00,0x00,0x00,0x00,0x00,
    0x00,0x00,0x00,0x00,0x00,0x00,0x00,0x00,0x00,0x01,0x03,0x01,0x00,0x00,0x17,0x61,
    0xB0,0xF1,0xFF,0xFF,0xFF,0xFE,0xFB,0xFC,0xFD,0xFE,0xFF,0xFF,0xFF,0xFF,0xFF,0xFF,
    0xFF,0xFF,0xFF,0xFF,0xFF,0xFF,0xFF,0xFF,0xFF,0xFF,0xFF,0xFF,0xFF,0xFF,0xFE,0xFD,
    0xFC,0xFB,0xFE,0xFF,0xFF,0xFF,0xF1,0xB0,0x61,0x17,0x00,0x00,0x01,0x03,0x01,0x00,
    0x00,0x00,0x00,0x00,0x00,0x00,0x00,0x00,0x00,0x00,0x00,0x00,0x00,0x00,0x00,0x00,
    0x00,0x00,0x00,0x00,0x00,0x00,0x00,0x00,0x00,0x00,0x00,0x00,0x00,0x00,0x00,0x00,
    0x00,0x00,0x00,0x00,0x00,0x00,0x00,0x00,0x00,0x00,0x00,0x00,0x00,0x00,0x00,0x00,
    0x00,0x00,0x00,0x00,0x00,0x00,0x00,0x00,0x00,0x00,0x00,0x00,0x00,0x00,0x00,0x00,
    0x03,0x00,0x00,0x00,0x3A,0x9A,0xE9,0xFF,0xFF,0xFF,0xFC,0xFC,0xFD,0xFF,0xFF,0xFF,
    0xFF,0xFF,0xFF,0xFF,0xFF,0xFF,0xFF,0xFF,0xFF,0xFF,0xFF,0xFF,0xFF,0xFF,0xFF,0xFF,
    0xFF,0xFF,0xFF,0xFF,0xFF,0xFF,0xFF,0xFF,0xFF,0xFF,0xFF,0xFD,0xFC,0xFC,0xFF,0xFF,
    0xFF,0xE9,0x9A,0x3A,0x00,0x00,0x00,0x03,0x00,0x00,0x00,0x00,0x00,0x00,0x00,0x00,
    0x00,0x00,0x00,0x00,0x00,0x00,0x00,0x00,0x00,0x00,0x00,0x00,0x00,0x00,0x00,0x00,
    0x00,0x00,0x00,0x00,0x00,0x00,0x00,0x00,0x00,0x00,0x00,0x00,0x00,0x00,0x00,0x00,
    0x00,0x00,0x00,0x00,0x00,0x00,0x00,0x00,0x00,0x00,0x00,0x00,0x00,0x00,0x00,0x00,
    0x00,0x00,0x00,0x00,0x00,0x00,0x03,0x02,0x00,0x03,0x45,0xBA,0xFF,0xFF,0xFF,0xFC,
    0xFC,0xFE,0xFF,0xFF,0xFF,0xFF,0xFF,0xFF,0xFF,0xFF,0xFF,0xFF,0xFF,0xFF,0xFF,0xFF,
    0xFF,0xFF,0xFF,0xFF,0xFF,0xFF,0xFF,0xFF,0xFF,0xFF,0xFF,0xFF,0xFF,0xFF,0xFF,0xFF,
    0xFF,0xFF,0xFF,0xFF,0xFF,0xFF,0xFE,0xFC,0xFC,0xFF,0xFF,0xFF,0xBA,0x45,0x03,0x00,
    0x02,0x03,0x00,0x00,0x00,0x00,0x00,0x00,0x00,0x00,0x00,0x00,0x00,0x00,0x00,0x00,
    0x00,0x00,0x00,0x00,0x00,0x00,0x00,0x00,0x00,0x00,0x00,0x00,0x00,0x00,0x00,0x00,
    0x00,0x00,0x00,0x00,0x00,0x00,0x00,0x00,0x00,0x00,0x00,0x00,0x00,0x00,0x00,0x00,
    0x00,0x00,0x00,0x00,0x00,0x00,0x00,0x00,0x00,0x00,0x00,0x00,0x01,0x03,0x00,0x00,
    0x59,0xD2,0xFF,0xFF,0xFE,0xFC,0xFE,0xFF,0xFF,0xFF,0xFF,0xFF,0xFF,0xFF,0xFF,0xFF,
    0xFF,0xFF,0xFF,0xFF,0xFF,0xFF,0xFF,0xFF,0xFF,0xFF,0xFF,0xFF,0xFF,0xFF,0xFF,0xFF,
    0xFF,0xFF,0xFF,0xFF,0xFF,0xFF,0xFF,0xFF,0xFF,0xFF,0xFF,0xFF,0xFF,0xFF,0xFF,0xFF,
    0xFF,0xFE,0xFC,0xFE,0xFF,0xFF,0xD2,0x59,0x00,0x00,0x03,0x01,0x00,0x00,0x00,0x00,
    0x00,0x00,0x00,0x00,0x00,0x00,0x00,0x00,0x00,0x00,0x00,0x00,0x00,0x00,0x00,0x00,
    0x00,0x00,0x00,0x00,0x00,0x00,0x00,0x00,0x00,0x00,0x00,0x00,0x00,0x00,0x00,0x00,
    0x00,0x00,0x00,0x00,0x00,0x00,0x00,0x00,0x00,0x00,0x00,0x00,0x00,0x00,0x00,0x00,
    0x00,0x00,0x00,0x03,0x00,0x00,0x43,0xBA,0xFF,0xFF,0xFD,0xFC,0xFF,0xFF,0xFF,0xFF,
    0xFF,0xFF,0xFF,0xFF,0xFF,0xFF,0xFF,0xFF,0xFF,0xFF,0xFF,0xFF,0xFF,0xFF,0xFF,0xFF,
    0xFF,0xFF,0xFF,0xFF,0xFF,0xFF,0xFF,0xFF,0xFF,0xFF,0xFF,0xFF,0xFF,0xFF,0xFF,0xFF,
    0xFF,0xFF,0xFF,0xFF,0xFF,0xFF,0xFF,0xFF,0xFF,0xFF,0xFF,0xFF,0xFC,0xFD,0xFF,0xFF,
    0xBA,0x43,0x00,0x00,0x03,0x00,0x00,0x00,0x00,0x00,0x00,0x00,0x00,0x00,0x00,0x00,
    0x00,0x00,0x00,0x00,0x00,0x00,0x00,0x00,0x00,0x00,0x00,0x00,0x00,0x00,0x00,0x00,
    0x00,0x00,0x00,0x00,0x00,0x00,0x00,0x00,0x00,0x00,0x00,0x00,0x00,0x00,0x00,0x00,
    0x00,0x00,0x00,0x00,0x00,0x00,0x00,0x00,0x00,0x02,0x02,0x00,0x1A,0x9E,0xFF,0xFF,
    0xFD,0xFD,0xFF,0xFF,0xFF,0xFF,0xFF,0xFF,0xFF,0xFF,0xFF,0xFF,0xFF,0xFF,0xFF,0xFF,
    0xFF,0xFF,0xFF,0xFF,0xFF,0xFF,0xFF,0xFF,0xFF,0xFF,0xFF,0xFF,0xFF,0xFF,0xFF,0xFF,
    0xFF,0xFF,0xFF,0xFF,0xFF,0xFF,0xFF,0xFF,0xFF,0xFF,0xFF,0xFF,0xFF,0xFF,0xFF,0xFF,
    0xFF,0xFF,0xFF,0xFF,0xFF,0xFF,0xFD,0xFD,0xFF,0xFF,0x9E,0x1A,0x00,0x02,0x02,0x00,
    0x00,0x00,0x00,0x00,0x00,0x00,0x00,0x00,0x00,0x00,0x00,0x00,0x00,0x00,0x00,0x00,
    0x00,0x00,0x00,0x00,0x00,0x00,0x00,0x00,0x00,0x00,0x00,0x00,0x00,0x00,0x00,0x00,
    0x00,0x00,0x00,0x00,0x00,0x00,0x00,0x00,0x00,0x00,0x00,0x00,0x00,0x00,0x00,0x00,
    0x04,0x00,0x00,0x6D,0xE9,0xFF,0xFE,0xFC,0xFF,0xFF,0xFF,0xFF,0xFF,0xFF,0xFF,0xFF,
    0xFF,0xFF,0xFF,0xFF,0xFF,0xFF,0xFF,0xFF,0xFF,0xFF,0xFF,0xFF,0xFF,0xFF,0xFF,0xFF,
    0xFF,0xFF,0xFF,0xFF,0xFF,0xFF,0xFF,0xFF,0xFF,0xFF,0xFF,0xFF,0xFF,0xFF,0xFF,0xFF,
    0xFF,0xFF,0xFF,0xFF,0xFF,0xFF,0xFF,0xFF,0xFF,0xFF,0xFF,0xFF,0xFF,0xFF,0xFF,0xFF,
    0xFC,0xFE,0xFF,0xE9,0x6D,0x00,0x00,0x04,0x00,0x00,0x00,0x00,0x00,0x00,0x00,0x00,
    0x00,0x00,0x00,0x00,0x00,0x00,0x00,0x00,0x00,0x00,0x00,0x00,0x00,0x00,0x00,0x00,
    0x00,0x00,0x00,0x00,0x00,0x00,0x00,0x00,0x00,0x00,0x00,0x00,0x00,0x00,0x00,0x00,
    0x00,0x00,0x00,0x00,0x00,0x00,0x01,0x04,0x00,0x26,0xB8,0xFF,0xFF,0xFB,0xFF,0xFF,
    0xFF,0xFF,0xFF,0xFF,0xFF,0xFF,0xFF,0xFF,0xFF,0xFF,0xFF,0xFF,0xFF,0xFF,0xFF,0xFF,
    0xFF,0xFF,0xFF,0xFF,0xFF,0xFF,0xFF,0xFF,0xFF,0xFF,0xFF,0xFF,0xFF,0xFF,0xFF,0xFF,
    0xFF,0xFF,0xFF,0xFF,0xFF,0xFF,0xFF,0xFF,0xFF,0xFF,0xFF,0xFF,0xFF,0xFF,0xFF,0xFF,
    0xFF,0xFF,0xFF,0xFF,0xFF,0xFF,0xFF,0xFF,0xFF,0xFF,0xFB,0xFF,0xFF,0xB8,0x26,0x00,
    0x04,0x01,0x00,0x00,0x00,0x00,0x00,0x00,0x00,0x00,0x00,0x00,0x00,0x00,0x00,0x00,
    0x00,0x00,0x00,0x00,0x00,0x00,0x00,0x00,0x00,0x00,0x00,0x00,0x00,0x00,0x00,0x00,
    0x00,0x00,0x00,0x00,0x00,0x00,0x00,0x00,0x00,0x00,0x00,0x00,0x00,0x02,0x00,0x00,
    0x56,0xEC,0xFF,0xFB,0xFE,0xFF,0xFF,0xFF,0xFF,0xFF,0xFF,0xFF,0xFF,0xFF,0xFF,0xFF,
    0xFF,0xFF,0xFF,0xFF,0xFF,0xFF,0xFF,0xFF,0xFF,0xFF,0xFF,0xFF,0xFF,0xFF,0xFF,0xFF,
    0xFF,0xFF,0xFF,0xFF,0xFF,0xFF,0xFF,0xFF,0xFF,0xFF,0xFF,0xFF,0xFF,0xFF,0xFF,0xFF,
    0xFF,0xFF,0xFF,0xFF,0xFF,0xFF,0xFF,0xFF,0xFF,0xFF,0xFF,0xFF,0xFF,0xFF,0xFF,0xFF,
    0xFF,0xFF,0xFF,0xFE,0xFB,0xFF,0xEC,0x56,0x00,0x00,0x02,0x00,0x00,0x00,0x00,0x00,
    0x00,0x00,0x00,0x00,0x00,0x00,0x00,0x00,0x00,0x00,0x00,0x00,0x00,0x00,0x00,0x00,
    0x00,0x00,0x00,0x00,0x00,0x00,0x00,0x00,0x00,0x00,0x00,0x00,0x00,0x00,0x00,0x00,
    0x00,0x00,0x00,0x00,0x03,0x00,0x04,0x8F,0xFF,0xFF,0xFC,0xFF,0xFF,0xFF,0xFF,0xFF,
    0xFF,0xFF,0xFF,0xFF,0xFF,0xFF,0xFF,0xFF,0xFF,0xFF,0xFF,0xFF,0xFF,0xFF,0xFF,0xFF,
    0xFF,0xFF,0xFF,0xFF,0xFF,0xFF,0xFF,0xFF,0xFF,0xFF,0xFF,0xFF,0xFF,0xFF,0xFF,0xFF,
    0xFF,0xFF,0xFF,0xFF,0xFF,0xFF,0xFF,0xFF,0xFF,0xFF,0xFF,0xFF,0xFF,0xFF,0xFF,0xFF,
    0xFF,0xFF,0xFF,0xFF,0xFF,0xFF,0xFF,0xFF,0xFF,0xFF,0xFF,0xFF,0xFF,0xFC,0xFF,0xFF,
    0x8F,0x04,0x00,0x03,0x00,0x00,0x00,0x00,0x00,0x00,0x00,0x00,0x00,0x00,0x00,0x00,
    0x00,0x00,0x00,0x00,0x00,0x00,0x00,0x00,0x00,0x00,0x00,0x00,0x00,0x00,0x00,0x00,
    0x00,0x00,0x00,0x00,0x00,0x00,0x00,0x00,0x00,0x00,0x00,0x03,0x00,0x19,0xC4,0xFF,
    0xFC,0xFE,0xFF,0xFF,0xFF,0xFF,0xFF,0xFF,0xFF,0xFF,0xFF,0xFF,0xFF,0xFF,0xFF,0xFF,
    0xFF,0xFF,0xFF,0xFF,0xFF,0xFF,0xFF,0xFF,0xFF,0xFF,0xFF,0xFF,0xFF,0xFF,0xFF,0xFF,
    0xFF,0xFF,0xFF,0xFF,0xFF,0xFF,0xFF,0xFF,0xFF,0xFF,0xFF,0xFF,0xFF,0xFF,0xFF,0xFF,
    0xFF,0xFF,0xFF,0xFF,0xFF,0xFF,0xFF,0xFF,0xFF,0xFF,0xFF,0xFF,0xFF,0xFF,0xFF,0xFF,
    0xFF,0xFF,0xFF,0xFF,0xFF,0xFF,0xFE,0xFC,0xFF,0xC4,0x19,0x00,0x03,0x00,0x00,0x00,
    0x00,0x00,0x00,0x00,0x00,0x00,0x00,0x00,0x00,0x00,0x00,0x00,0x00,0x00,0x00,0x00,
    0x00,0x00,0x00,0x00,0x00,0x00,0x00,0x00,0x00,0x00,0x00,0x00,0x00,0x00,0x00,0x00,
    0x00,0x00,0x04,0x00,0x35,0xE6,0xFF,0xFB,0xFF,0xFF,0xFF,0xFF,0xFF,0xFF,0xFF,0xFF,
    0xFF,0xFF,0xFF,0xFF,0xFF,0xFF,0xFF,0xFF,0xFF,0xFF,0xFF,0xFF,0xFF,0xFF,0xFF,0xFF,
    0xFF,0xFF,0xFF,0xFF,0xFF,0xFF,0xFF,0xFF,0xFF,0xFF,0xFF,0xFF,0xFF,0xFF,0xFF,0xFF,
    0xFF,0xFF,0xFF,0xFF,0xFF,0xFF,0xFF,0xFF,0xFF,0xFF,0xFF,0xFF,0xFF,0xFF,0xFF,0xFF,
    0xFF,0xFF,0xFF,0xFF,0xFF,0xFF,0xFF,0xFF,0xFF,0xFF,0xFF,0xFF,0xFF,0xFF,0xFF,0xFF,
    0xFB,0xFF,0xE6,0x35,0x00,0x04,0x00,0x00,0x00,0x00,0x00,0x00,0x00,0x00,0x00,0x00,
    0x00,0x00,0x00,0x00,0x00,0x00,0x00,0x00,0x00,0x00,0x00,0x00,0x00,0x00,0x00,0x00,
    0x00,0x00,0x00,0x00,0x00,0x00,0x00,0x00,0x00,0x04,0x00,0x3B,0xEE,0xFF,0xFB,0xFF,
    0xFF,0xFF,0xFF,0xFF,0xFF,0xFF,0xFF,0xFF,0xFF,0xFF,0xFF,0xFF,0xFF,0xFF,0xFF,0xFF,
    0xFF,0xFF,0xFF,0xFF,0xFF,0xFF,0xFF,0xFF,0xFF,0xFF,0xFF,0xFF,0xFF,0xFF,0xFF,0xFF,
    0xFF,0xFF,0xFF,0xFF,0xFF,0xFF,0xFF,0xFF,0xFF,0xFF,0xFF,0xFF,0xFF,0xFF,0xFF,0xFF,
    0xFF,0xFF,0xFF,0xFF,0xFF,0xFF,0xFF,0xFF,0xFF,0xFF,0xFF,0xFF,0xFF,0xFF,0xFF,0xFF,
    0xFF,0xFF,0xFF,0xFF,0xFF,0xFF,0xFF,0xFF,0xFF,0xFB,0xFF,0xEE,0x3B,0x00,0x04,0x00,
    0x00,0x00,0x00,0x00,0x00,0x00,0x00,0x00,0x00,0x00,0x00,0x00,0x00,0x00,0x00,0x00,
    0x00,0x00,0x00,0x00,0x00,0x00,0x00,0x00,0x00,0x00,0x00,0x00,0x00,0x00,0x00,0x00,
    0x04,0x00,0x65,0xFB,0xFF,0xFD,0xFF,0xFF,0xFF,0xFF,0xFF,0xFF,0xFF,0xFF,0xFF,0xFF,
    0xFF,0xFF,0xFF,0xFF,0xFF,0xFF,0xFF,0xFF,0xFF,0xFF,0xFF,0xFF,0xFF,0xFF,0xFF,0xFF,
    0xFF,0xFF,0xFF,0xFF,0xFF,0xFF,0xFF,0xFF,0xFF,0xFF,0xFF,0xFF,0xFF,0xFF,0xFF,0xFF,
    0xFF,0xFF,0xFF,0xFF,0xFF,0xFF,0xFF,0xFF,0xFF,0xFF,0xFF,0xFF,0xFF,0xFF,0xFF,0xFF,
    0xFF,0xFF,0xFF,0xFF,0xFF,0xFF,0xFF,0xFF,0xFF,0xFF,0xFF,0xFF,0xFF,0xFF,0xFF,0xFF,
    0xFF,0xFF,0xFD,0xFF,0xFB,0x65,0x00,0x04,0x00,0x00,0x00,0x00,0x00,0x00,0x00,0x00,
    0x00,0x00,0x00,0x00,0x00,0x00,0x00,0x00,0x00,0x00,0x00,0x00,0x00,0x00,0x00,0x00,
    0x00,0x00,0x00,0x00,0x00,0x00,0x00,0x04,0x00,0x65,0xFF,0xFE,0xFD,0xFF,0xFF,0xFF,
    0xFF,0xFF,0xFF,0xFF,0xFF,0xFF,0xFF,0xFF,0xFF,0xFF,0xFF,0xFF,0xFF,0xFF,0xFF,0xFF,
    0xFF,0xFF,0xFF,0xFF,0xFF,0xFF,0xFF,0xFF,0xFF,0xFF,0xFF,0xFF,0xFF,0xFF,0xFF,0xFF,
    0xFF,0xFF,0xFF,0xFF,0xFF,0xFF,0xFF,0xFF,0xFF,0xFF,0xFF,0xFF,0xFF,0xFF,0xFF,0xFF,
    0xFF,0xFF,0xFF,0xFF,0xFF,0xFF,0xFF,0xFF,0xFF,0xFF,0xFF,0xFF,0xFF,0xFF,0xFF,0xFF,
    0xFF,0xFF,0xFF,0xFF,0xFF,0xFF,0xFF,0xFF,0xFF,0xFF,0xFF,0xFD,0xFE,0xFF,0x65,0x00,
    0x04,0x00,0x00,0x00,0x00,0x00,0x00,0x00,0x00,0x00,0x00,0x00,0x00,0x00,0x00,0x00,
    0x00,0x00,0x00,0x00,0x00,0x00,0x00,0x00,0x00,0x00,0x00,0x00,0x00,0x00,0x04,0x00,
    0x65,0xFF,0xFC,0xFE,0xFF,0xFF,0xFF,0xFF,0xFF,0xFF,0xFF,0xFF,0xFF,0xFF,0xFF,0xFF,
    0xFF,0xFF,0xFF,0xFF,0xFF,0xFF,0xFF,0xFF,0xFF,0xFF,0xFF,0xFF,0xFF,0xFF,0xFF,0xFF,
    0xFF,0xFF,0xFF,0xFF,0xFF,0xFF,0xFF,0xFF,0xFF,0xFF,0xFF,0xFF,0xFF,0xFF,0xFF,0xFF,
    0xFF,0xFF,0xFF,0xFF,0xFF,0xFF,0xFF,0xFF,0xFF,0xFF,0xFF,0xFF,0xFF,0xFF,0xFF,0xFF,
    0xFF,0xFF,0xFF,0xFF,0xFF,0xFF,0xFF,0xFF,0xFF,0xFF,0xFF,0xFF,0xFF,0xFF,0xFF,0xFF,
    0xFF,0xFF,0xFF,0xFF,0xFE,0xFC,0xFF,0x65,0x00,0x04,0x00,0x00,0x00,0x00,0x00,0x00,
    0x00,0x00,0x00,0x00,0x00,0x00,0x00,0x00,0x00,0x00,0x00,0x00,0x00,0x00,0x00,0x00,
    0x00,0x00,0x00,0x00,0x00,0x03,0x00,0x39,0xFE,0xFD,0xFE,0xFF,0xFF,0xFF,0xFF,0xFF,
    0xFF,0xFF,0xFF,0xFF,0xFF,0xFF,0xFF,0xFF,0xFF,0xFF,0xFF,0xFF,0xFF,0xFF,0xFF,0xFF,
    0xFF,0xFF,0xFF,0xFF,0xFF,0xFF,0xFF,0xFF,0xFF,0xFF,0xFF,0xFF,0xFF,0xFF,0xFF,0xFF,
    0xFF,0xFF,0xFF,0xFF,0xFF,0xFF,0xFF,0xFF,0xFF,0xFF,0xFF,0xFF,0xFF,0xFF,0xFF,0xFF,
    0xFF,0xFF,0xFF,0xFF,0xFF,0xFF,0xFF,0xFF,0xFF,0xFF,0xFF,0xFF,0xFF,0xFF,0xFF,0xFF,
    0xFF,0xFF,0xFF,0xFF,0xFF,0xFF,0xFF,0xFF,0xFF,0xFF,0xFF,0xFF,0xFF,0xFE,0xFD,0xFE,
    0x39,0x00,0x03,0x00,0x00,0x00,0x00,0x00,0x00,0x00,0x00,0x00,0x00,0x00,0x00,0x00,
    0x00,0x00,0x00,0x00,0x00,0x00,0x00,0x00,0x00,0x00,0x00,0x00,0x02,0x00,0x36,0xED,
    0xFD,0xFD,0xFF,0xFF,0xFF,0xFF,0xFF,0xFF,0xFF,0xFF,0xFF,0xFF,0xFF,0xFF,0xFF,0xFF,
    0xFF,0xFF,0xFF,0xFF,0xFF,0xFF,0xFF,0xFF,0xFF,0xFF,0xFF,0xFF,0xFF,0xFF,0xFF,0xFF,
    0xFF,0xFF,0xFF,0xFF,0xFF,0xFF,0xFF,0xFF,0xFF,0xFF,0xFF,0xFF,0xFF,0xFF,0xFF,0xFF,
    0xFF,0xFF,0xFF,0xFF,0xFF,0xFF,0xFF,0xFF,0xFF,0xFF,0xFF,0xFF,0xFF,0xFF,0xFF,0xFF,
    0xFF,0xFF,0xFF,0xFF,0xFF,0xFF,0xFF,0xFF,0xFF,0xFF,0xFF,0xFF,0xFF,0xFF,0xFF,0xFF,
    0xFF,0xFF,0xFF,0xFF,0xFF,0xFF,0xFD,0xFD,0xED,0x36,0x00,0x02,0x00,0x00,0x00,0x00,
    0x00,0x00,0x00,0x00,0x00,0x00,0x00,0x00,0x00,0x00,0x00,0x00,0x00,0x00,0x00,0x00,
    0x00,0x00,0x00,0x02,0x01,0x16,0xE9,0xFF,0xFD,0xFF,0xFF,0xFF,0xFF,0xFF,0xFF,0xFF,
    0xFF,0xFF,0xFF,0xFF,0xFF,0xFF,0xFF,0xFF,0xFF,0xFF,0xFF,0xFF,0xFF,0xFF,0xFF,0xFF,
    0xFF,0xFF,0xFF,0xFF,0xFF,0xFF,0xFF,0xFF,0xFF,0xFF,0xFF,0xFF,0xFF,0xFF,0xFF,0xFF,
    0xFF,0xFF,0xFF,0xFF,0xFF,0xFF,0xFF,0xFF,0xFF,0xFF,0xFF,0xFF,0xFF,0xFF,0xFF,0xFF,
    0xFF,0xFF,0xFF,0xFF,0xFF,0xFF,0xFF,0xFF,0xFF,0xFF,0xFF,0xFF,0xFF,0xFF,0xFF,0xFF,
    0xFF,0xFF,0xFF,0xFF,0xFF,0xFF,0xFF,0xFF,0xFF,0xFF,0xFF,0xFF,0xFF,0xFF,0xFF,0xFD,
    0xFF,0xE9,0x16,0x01,0x02,0x00,0x00,0x00,0x00,0x00,0x00,0x00,0x00,0x00,0x00,0x00,
    0x00,0x00,0x00,0x00,0x00,0x00,0x00,0x00,0x00,0x00,0x01,0x03,0x03,0xC6,0xFF,0xFC,
    0xFF,0xFF,0xFF,0xFF,0xFF,0xFF,0xFF,0xFF,0xFF,0xFF,0xFF,0xFF,0xFF,0xFF,0xFF,0xFF,
    0xFF,0xFF,0xFF,0xFF,0xFF,0xFF,0xFF,0xFF,0xFF,0xFF,0xFF,0xFF,0xFF,0xFF,0xFF,0xFF,
    0xFF,0xFF,0xFF,0xFF,0xFF,0xFF,0xFF,0xFF,0xFF,0xFF,0xFF,0xFF,0xFF,0xFF,0xFF,0xFF,
    0xFF,0xFF,0xFF,0xFF,0xFF,0xFF,0xFF,0xFF,0xFF,0xFF,0xFF,0xFF,0xFF,0xFF,0xFF,0xFF,
    0xFF,0xFF,0xFF,0xFF,0xFF,0xFF,0xFF,0xFF,0xFF,0xFF,0xFF,0xFF,0xFF,0xFF,0xFF,0xFF,
    0xFF,0xFF,0xFF,0xFF,0xFF,0xFF,0xFF,0xFF,0xFC,0xFF,0xC6,0x03,0x03,0x01,0x00,0x00,
    0x00,0x00,0x00,0x00,0x00,0x00,0x00,0x00,0x00,0x00,0x00,0x00,0x00,0x00,0x00,0x00,
    0x00,0x00,0x04,0x00,0x8F,0xFF,0xFB,0xFF,0xFF,0xFF,0xFF,0xFF,0xFF,0xFF,0xFF,0xFF,
    0xFF,0xFF,0xFF,0xFF,0xFF,0xFF,0xFF,0xFF,0xFF,0xFF,0xFF,0xFF,0xFF,0xFF,0xFF,0xFF,
    0xFF,0xFF,0xFF,0xFF,0xFF,0xFF,0xFF,0xFF,0xFF,0xFF,0xFF,0xFF,0xFF,0xFF,0xFF,0xFF,
    0xFF,0xFF,0xFF,0xFF,0xFF,0xFF,0xFF,0xFF,0xFF,0xFF,0xFF,0xFF,0xFF,0xFF,0xFF,0xFF,
    0xFF,0xFF,0xFF,0xFF,0xFF,0xFF,0xFF,0xFF,0xFF,0xFF,0xFF,0xFF,0xFF,0xFF,0xFF,0xFF,
    0xFF,0xFF,0xFF,0xFF,0xFF,0xFF,0xFF,0xFF,0xFF,0xFF,0xFF,0xFF,0xFF,0xFF,0xFF,0xFF,
    0xFF,0xFB,0xFF,0x8F,0x00,0x04,0x00,0x00,0x00,0x00,0x00,0x00,0x00,0x00,0x00,0x00,
    0x00,0x00,0x00,0x00,0x00,0x00,0x00,0x00,0x00,0x03,0x00,0x54,0xFF,0xFB,0xFF,0xFF,
    0xFF,0xFF,0xFF,0xFF,0xFF,0xFF,0xFF,0xFF,0xFF,0xFF,0xFF,0xFF,0xFF,0xFF,0xFF,0xFF,
    0xFF,0xFF,0xFF,0xFF,0xFF,0xFF,0xFF,0xFF,0xFF,0xFF,0xFF,0xFF,0xFF,0xFF,0xFF,0xFF,
    0xFF,0xFF,0xFF,0xFF,0xFF,0xFF,0xFF,0xFF,0xFF,0xFF,0xFF,0xFF,0xFF,0xFF,0xFF,0xFF,
    0xFF,0xFF,0xFF,0xFF,0xFF,0xFF,0xFF,0xFF,0xFF,0xFF,0xFF,0xFF,0xFF,0xFF,0xFF,0xFF,
    0xFF,0xFF,0xFF,0xFF,0xFF,0xFF,0xFF,0xFF,0xFF,0xFF,0xFF,0xFF,0xFF,0xFF,0xFF,0xFF,
    0xFF,0xFF,0xFF,0xFF,0xFF,0xFF,0xFF,0xFF,0xFF,0xFF,0xFB,0xFF,0x54,0x00,0x03,0x00,
    0x00,0x00,0x00,0x00,0x00,0x00,0x00,0x00,0x00,0x00,0x00,0x00,0x00,0x00,0x00,0x00,
    0x02,0x01,0x23,0xEE,0xFD,0xFE,0xFF,0xFF,0xFF,0xFF,0xFF,0xFF,0xFF,0xFF,0xFF,0xFF,
    0xFF,0xFF,0xFF,0xFF,0xFF,0xFF,0xFF,0xFF,0xFF,0xFF,0xFF,0xFF,0xFF,0xFF,0xFF,0xFF,
    0xFF,0xFF,0xFF,0xFF,0xFF,0xFF,0xFF,0xFF,0xFF,0xFF,0xFF,0xFF,0xFF,0xFF,0xFF,0xFF,
    0xFF,0xFF,0xFF,0xFF,0xFF,0xFF,0xFF,0xFF,0xFF,0xFF,0xFF,0xFF,0xFF,0xFF,0xFF,0xFF,
    0xFF,0xFF,0xFF,0xFF,0xFF,0xFF,0xFF,0xFF,0xFF,0xFF,0xFF,0xFF,0xFF,0xFF,0xFF,0xFF,
    0xFF,0xFF,0xFF,0xFF,0xFF,0xFF,0xFF,0xFF,0xFF,0xFF,0xFF,0xFF,0xFF,0xFF,0xFF,0xFF,
    0xFF,0xFF,0xFE,0xFD,0xEE,0x23,0x01,0x02,0x00,0x00,0x00,0x00,0x00,0x00,0x00,0x00,
    0x00,0x00,0x00,0x00,0x00,0x00,0x00,0x00,0x03,0x00,0xBC,0xFF,0xFC,0xFF,0xFF,0xFF,
    0xFF,0xFF,0xFF,0xFF,0xFF,0xFF,0xFF,0xFF,0xFF,0xFF,0xFF,0xFF,0xFF,0xFF,0xFF,0xFF,
    0xFF,0xFF,0xFF,0xFF,0xFF,0xFF,0xFF,0xFF,0xFF,0xFF,0xFF,0xFF,0xFF,0xFF,0xFF,0xFF,
    0xFF,0xFF,0xFF,0xFF,0xFF,0xFF,0xFF,0xFF,0xFF,0xFF,0xFF,0xFF,0xFF,0xFF,0xFF,0xFF,
    0xFF,0xFF,0xFF,0xFF,0xFF,0xFF,0xFF,0xFF,0xFF,0xFF,0xFF,0xFF,0xFF,0xFF,0xFF,0xFF,
    0xFF,0xFF,0xFF,0xFF,0xFF,0xFF,0xFF,0xFF,0xFF,0xFF,0xFF,0xFF,0xFF,0xFF,0xFF,0xFF,
    0xFF,0xFF,0xFF,0xFF,0xFF,0xFF,0xFF,0xFF,0xFF,0xFF,0xFF,0xFC,0xFF,0xBC,0x00,0x03,
    0x00,0x00,0x00,0x00,0x00,0x00,0x00,0x00,0x00,0x00,0x00,0x00,0x00,0x00,0x00,0x03,
    0x00,0x6B,0xFF,0xFB,0xFF,0xFF,0xFF,0xFF,0xFF,0xFF,0xFF,0xFF,0xFF,0xFF,0xFF,0xFF,
    0xFF,0xFF,0xFF,0xFF,0xFF,0xFF,0xFF,0xFF,0xFF,0xFF,0xFF,0xFF,0xFF,0xFF,0xFF,0xFF,
    0xFF,0xFF,0xFF,0xFF,0xFF,0xFF,0xFF,0xFF,0xFF,0xFF,0xFF,0xFF,0xFF,0xFF,0xFF,0xFF,
    0xFF,0xFF,0xFF,0xFF,0xFF,0xFF,0xFF,0xFF,0xFF,0xFF,0xFF,0xFF,0xFF,0xFF,0xFF,0xFF,
    0xFF,0xFF,0xFF,0xFF,0xFF,0xFF,0xFF,0xFF,0xFF,0xFF,0xFF,0xFF,0xFF,0xFF,0xFF,0xFF,
    0xFF,0xFF,0xFF,0xFF,0xFF,0xFF,0xFF,0xFF,0xFF,0xFF,0xFF,0xFF,0xFF,0xFF,0xFF,0xFF,
    0xFF,0xFF,0xFF,0xFF,0xFB,0xFF,0x6B,0x00,0x03,0x00,0x00,0x00,0x00,0x00,0x00,0x00,
    0x00,0x00,0x00,0x00,0x00,0x00,0x02,0x01,0x18,0xEE,0xFD,0xFE,0xFF,0xFF,0xFF,0xFF,
    0xFF,0xFF,0xFF,0xFF,0xFF,0xFF,0xFF,0xFF,0xFF,0xFF,0xFF,0xFF,0xFF,0xFF,0xFF,0xFF,
    0xFF,0xFF,0xFF,0xFF,0xFF,0xFF,0xFF,0xFF,0xFF,0xFF,0xFF,0xFF,0xFF,0xFF,0xFF,0xFF,
    0xFF,0xFF,0xFF,0xFF,0xFF,0xFF,0xFF,0xFF,0xFF,0xFF,0xFF,0xFF,0xFF,0xFF,0xFF,0xFF,
    0xFF,0xFF,0xFF,0xFF,0xFF,0xFF,0xFF,0xFF,0xFF,0xFF,0xFF,0xFF,0xFF,0xFF,0xFF,0xFF,
    0xFF,0xFF,0xFF,0xFF,0xFF,0xFF,0xFF,0xFF,0xFF,0xFF,0xFF,0xFF,0xFF,0xFF,0xFF,0xFF,
    0xFF,0xFF,0xFF,0xFF,0xFF,0xFF,0xFF,0xFF,0xFF,0xFF,0xFF,0xFF,0xFE,0xFD,0xEE,0x18,
    0x01,0x02,0x00,0x00,0x00,0x00,0x00,0x00,0x00,0x00,0x00,0x00,0x00,0x00,0x03,0x00,
    0xA0,0xFF,0xFC,0xFF,0xFF,0xFF,0xFF,0xFF,0xFF,0xFF,0xFF,0xFF,0xFF,0xFF,0xFF,0xFF,
    0xFF,0xFF,0xFF,0xFF,0xFF,0xFF,0xFF,0xFF,0xFF,0xFF,0xFF,0xFF,0xFF,0xFF,0xFF,0xFF,
    0xFF,0xFF,0xFF,0xFF,0xFF,0xFF,0xFF,0xFF,0xFF,0xFF,0xFF,0xFF,0xFF,0xFF,0xFF,0xFF,
    0xFF,0xFF,0xFF,0xFF,0xFF,0xFF,0xFF,0xFF,0xFF,0xFF,0xFF,0xFF,0xFF,0xFF,0xFF,0xFF,
    0xFF,0xFF,0xFF,0xFF,0xFF,0xFF,0xFF,0xFF,0xFF,0xFF,0xFF,0xFF,0xFF,0xFF,0xFF,0xFF,
    0xFF,0xFF,0xFF,0xFF,0xFF,0xFF,0xFF,0xFF,0xFF,0xFF,0xFF,0xFF,0xFF,0xFF,0xFF,0xFF,
    0xFF,0xFF,0xFF,0xFF,0xFF,0xFC,0xFF,0xA0,0x00,0x03,0x00,0x00,0x00,0x00,0x00,0x00,
    0x00,0x00,0x00,0x00,0x00,0x03,0x01,0x3F,0xFD,0xFC,0xFF,0xFF,0xFF,0xFF,0xFF,0xFF,
    0xFF,0xFF,0xFF,0xFF,0xFF,0xFF,0xFF,0xFF,0xFF,0xFF,0xFF,0xFF,0xFF,0xFF,0xFF,0xFF,
    0xFF,0xFF,0xFF,0xFF,0xFF,0xFF,0xFF,0xFF,0xFF,0xFF,0xFF,0xFF,0xFF,0xFF,0xFF,0xFF,
    0xFF,0xFF,0xFF,0xFF,0xFF,0xFF,0xFF,0xFF,0xFF,0xFF,0xFF,0xFF,0xFF,0xFF,0xFF,0xFF,
    0xFF,0xFF,0xFF,0xFF,0xFF,0xFF,0xFF,0xFF,0xFF,0xFF,0xFF,0xFF,0xFF,0xFF,0xFF,0xFF,
    0xFF,0xFF,0xFF,0xFF,0xFF,0xFF,0xFF,0xFF,0xFF,0xFF,0xFF,0xFF,0xFF,0xFF,0xFF,0xFF,
    0xFF,0xFF,0xFF,0xFF,0xFF,0xFF,0xFF,0xFF,0xFF,0xFF,0xFF,0xFF,0xFF,0xFF,0xFC,0xFD,
    0x3F,0x01,0x03,0x00,0x00,0x00,0x00,0x00,0x00,0x00,0x00,0x00,0x00,0x02,0x00,0xBF,
    0xFF,0xFC,0xFF,0xFF,0xFF,0xFF,0xFF,0xFF,0xFF,0xFF,0xFF,0xFF,0xFF,0xFF,0xFF,0xFF,
    0xFF,0xFF,0xFF,0xFF,0xFF,0xFF,0xFF,0xFF,0xFF,0xFF,0xFF,0xFF,0xFF,0xFF,0xFF,0xFF,
    0xFF,0xFF,0xFF,0xFF,0xFF,0xFF,0xFF,0xFF,0xFF,0xFF,0xFF,0xFF,0xFF,0xFF,0xFF,0xFF,
    0xFF,0xFF,0xFF,0xFF,0xFF,0xFF,0xFF,0xFF,0xFF,0xFF,0xFF,0xFF,0xFF,0xFF,0xFF,0xFF,
    0xFF,0xFF,0xFF,0xFF,0xFF,0xFF,0xFF,0xFF,0xFF,0xFF,0xFF,0xFF,0xFF,0xFF,0xFF,0xFF,
    0xFF,0xFF,0xFF,0xFF,0xFF,0xFF,0xFF,0xFF,0xFF,0xFF,0xFF,0xFF,0xFF,0xFF,0xFF,0xFF,
    0xFF,0xFF,0xFF,0xFF,0xFF,0xFF,0xFC,0xFF,0xBF,0x00,0x02,0x00,0x00,0x00,0x00,0x00,
    0x00,0x00,0x00,0x00,0x03,0x00,0x56,0xFF,0xFC,0xFF,0xFF,0xFF,0xFF,0xFF,0xFF,0xFF,
    0xFF,0xFF,0xFF,0xFF,0xFF,0xFF,0xFF,0xFF,0xFF,0xFF,0xFF,0xFF,0xFF,0xFF,0xFF,0xFF,
    0xFF,0xFF,0xFF,0xFF,0xFF,0xFF,0xFF,0xFF,0xFF,0xFF,0xFF,0xFF,0xFF,0xFF,0xFF,0xFF,
    0xFF,0xFF,0xFF,0xFF,0xFF,0xFF,0xFF,0xFF,0xFF,0xFF,0xFF,0xFF,0xFF,0xFF,0xFF,0xFF,
    0xFF,0xFF,0xFF,0xFF,0xFF,0xFF,0xFF,0xFF,0xFF,0xFF,0xFF,0xFF,0xFF,0xFF,0xFF,0xFF,
    0xFF,0xFF,0xFF,0xFF,0xFF,0xFF,0xFF,0xFF,0xFF,0xFF,0xFF,0xFF,0xFF,0xFF,0xFF,0xFF,
    0xFF,0xFF,0xFF,0xFF,0xFF,0xFF,0xFF,0xFF,0xFF,0xFF,0xFF,0xFF,0xFF,0xFF,0xFF,0xFC,
    0xFF,0x56,0x00,0x03,0x00,0x00,0x00,0x00,0x00,0x00,0x00,0x00,0x02,0x04,0xD8,0xFF,
    0xFD,0xFF,0xFF,0xFF,0xFF,0xFF,0xFF,0xFF,0xFF,0xFF,0xFF,0xFF,0xFF,0xFF,0xFF,0xFF,
    0xFF,0xFF,0xFF,0xFF,0xFF,0xFF,0xFF,0xFF,0xFF,0xFF,0xFF,0xFF,0xFF,0xFF,0xFF,0xFF,
    0xFF,0xFF,0xFF,0xFF,0xFF,0xFF,0xFF,0xFF,0xFF,0xFF,0xFF,0xFF,0xFF,0xFF,0xFF,0xFF,
    0xFF,0xFF,0xFF,0xFF,0xFF,0xFF,0xFF,0xFF,0xFF,0xFF,0xFF,0xFF,0xFF,0xFF,0xFF,0xFF,
    0xFF,0xFF,0xFF,0xFF,0xFF,0xFF,0xFF,0xFF,0xFF,0xFF,0xFF,0xFF,0xFF,0xFF,0xFF,0xFF,
    0xFF,0xFF,0xFF,0xFF,0xFF,0xFF,0xFF,0xFF,0xFF,0xFF,0xFF,0xFF,0xFF,0xFF,0xFF,0xFF,
    0xFF,0xFF,0xFF,0xFF,0xFF,0xFF,0xFF,0xFD,0xFF,0xD8,0x04,0x02,0x00,0x00,0x00,0x00,
    0x00,0x00,0x00,0x03,0x00,0x41,0xFE,0xFD,0xFF,0xFF,0xFF,0xFF,0xFF,0xFF,0xFF,0xFF,
    0xFF,0xFF,0xFF,0xFF,0xFF,0xFF,0xFF,0xFF,0xFF,0xFF,0xFF,0xFF,0xFF,0xFF,0xFF,0xFF,
    0xFF,0xFF,0xFF,0xFF,0xFF,0xFF,0xFF,0xFF,0xFF,0xFF,0xFF,0xFF,0xFF,0xFF,0xFF,0xFF,
    0xFF,0xFF,0xFF,0xFF,0xFF,0xFF,0xFF,0xFF,0xFF,0xFF,0xFF,0xFF,0xFF,0xFF,0xFF,0xFF,
    0xFF,0xFF,0xFF,0xFF,0xFF,0xFF,0xFF,0xFF,0xFF,0xFF,0xFF,0xFF,0xFF,0xFF,0xFF,0xFF,
    0xFF,0xFF,0xFF,0xFF,0xFF,0xFF,0xFF,0xFF,0xFF,0xFF,0xFF,0xFF,0xFF,0xFF,0xFF,0xFF,
    0xFF,0xFF,0xFF,0xFF,0xFF,0xFF,0xFF,0xFF,0xFF,0xFF,0xFF,0xFF,0xFF,0xFF,0xFF,0xFF,
    0xFD,0xFE,0x41,0x00,0x03,0x00,0x00,0x00,0x00,0x00,0x00,0x02,0x02,0xBF,0xFF,0xFC,
    0xFF,0xFF,0xFF,0xFF,0xFF,0xFF,0xFF,0xFF,0xFF,0xFF,0xFF,0xFF,0xFF,0xFF,0xFF,0xFF,
    0xFF,0xFF,0xFF,0xFF,0xFF,0xFF,0xFF,0xFF,0xFF,0xFF,0xFF,0xFF,0xFF,0xFF,0xFF,0xFF,
    0xFF,0xFF,0xFF,0xFF,0xFF,0xFF,0xFF,0xFF,0xFF,0xFF,0xFF,0xFF,0xFF,0xFF,0xFF,0xFF,
    0xFF,0xFF,0xFF,0xFF,0xFF,0xFF,0xFF,0xFF,0xFF,0xFF,0xFF,0xFF,0xFF,0xFF,0xFF,0xFF,
    0xFF,0xFF,0xFF,0xFF,0xFF,0xFF,0xFF,0xFF,0xFF,0xFF,0xFF,0xFF,0xFF,0xFF,0xFF,0xFF,
    0xFF,0xFF,0xFF,0xFF,0xFF,0xFF,0xFF,0xFF,0xFF,0xFF,0xFF,0xFF,0xFF,0xFF,0xFF,0xFF,
    0xFF,0xFF,0xFF,0xFF,0xFF,0xFF,0xFF,0xFF,0xFC,0xFF,0xBF,0x02,0x02,0x00,0x00,0x00,
    0x00,0x00,0x03,0x01,0x36,0xFF,0xFD,0xFF,0xFF,0xFF,0xFF,0xFF,0xFF,0xFF,0xFF,0xFF,
    0xFF,0xFF,0xFF,0xFF,0xFF,0xFF,0xFF,0xFF,0xFF,0xFF,0xFF,0xFF,0xFF,0xFF,0xFF,0xFF,
    0xFF,0xFF,0xFF,0xFF,0xFF,0xFF,0xFF,0xFF,0xFF,0xFF,0xFF,0xFF,0xFF,0xFF,0xFF,0xFF,
    0xFF,0xFF,0xFF,0xFF,0xFF,0xFF,0xFF,0xFF,0xFF,0xFF,0xFF,0xFF,0xFF,0xFF,0xFF,0xFF,
    0xFF,0xFF,0xFF,0xFF,0xFF,0xFF,0xFF,0xFF,0xFF,0xFF,0xFF,0xFF,0xFF,0xFF,0xFF,0xFF,
    0xFF,0xFF,0xFF,0xFF,0xFF,0xFF,0xFF,0xFF,0xFF,0xFF,0xFF,0xFF,0xFF,0xFF,0xFF,0xFF,
    0xFF,0xFF,0xFF,0xFF,0xFF,0xFF,0xFF,0xFF,0xFF,0xFF,0xFF,0xFF,0xFF,0xFF,0xFF,0xFF,
    0xFF,0xFD,0xFF,0x36,0x01,0x03,0x00,0x00,0x00,0x00,0x03,0x00,0x9A,0xFF,0xFB,0xFF,
    0xFF,0xFF,0xFF,0xFF,0xFF,0xFF,0xFF,0xFF,0xFF,0xFF,0xFF,0xFF,0xFF,0xFF,0xFF,0xFF,
    0xFF,0xFF,0xFF,0xFF,0xFF,0xFF,0xFF,0xFF,0xFF,0xFF,0xFF,0xFF,0xFF,0xFF,0xFF,0xFF,
    0xFF,0xFF,0xFF,0xFF,0xFF,0xFF,0xFF,0xFF,0xFF,0xFF,0xFF,0xFF,0xFF,0xFF,0xFF,0xFF,
    0xFF,0xFF,0xFF,0xFF,0xFF,0xFF,0xFF,0xFF,0xFF,0xFF,0xFF,0xFF,0xFF,0xFF,0xFF,0xFF,
    0xFF,0xFF,0xFF,0xFF,0xFF,0xFF,0xFF,0xFF,0xFF,0xFF,0xFF,0xFF,0xFF,0xFF,0xFF,0xFF,
    0xFF,0xFF,0xFF,0xFF,0xFF,0xFF,0xFF,0xFF,0xFF,0xFF,0xFF,0xFF,0xFF,0xFF,0xFF,0xFF,
    0xFF,0xFF,0xFF,0xFF,0xFF,0xFF,0xFF,0xFF,0xFF,0xFB,0xFF,0x9A,0x00,0x03,0x00,0x00,
    0x00,0x01,0x00,0x15,0xEB,0xFE,0xFE,0xFF,0xFF,0xFF,0xFF,0xFF,0xFF,0xFF,0xFF,0xFF,
    0xFF,0xFF,0xFF,0xFF,0xFF,0xFF,0xFF,0xFF,0xFF,0xFF,0xFF,0xFF,0xFF,0xFF,0xFF,0xFF,
    0xFF,0xFF,0xFF,0xFF,0xFF,0xFF,0xFF,0xFF,0xFF,0xFF,0xFF,0xFF,0xFF,0xFF,0xFF,0xFF,
    0xFF,0xFF,0xFF,0xFF,0xFF,0xFF,0xFF,0xFF,0xFF,0xFF,0xFF,0xFF,0xFF,0xFF,0xFF,0xFF,
    0xFF,0xFF,0xFF,0xFF,0xFF,0xFF,0xFF,0xFF,0xFF,0xFF,0xFF,0xFF,0xFF,0xFF,0xFF,0xFF,
    0xFF,0xFF,0xFF,0xFF,0xFF,0xFF,0xFF,0xFF,0xFF,0xFF,0xFF,0xFF,0xFF,0xFF,0xFF,0xFF,
    0xFF,0xFF,0xFF,0xFF,0xFF,0xFF,0xFF,0xFF,0xFF,0xFF,0xFF,0xFF,0xFF,0xFF,0xFF,0xFF,
    0xFF,0xFE,0xFE,0xEB,0x15,0x00,0x01,0x00,0x00,0x04,0x00,0x60,0xFF,0xFC,0xFF,0xFF,
    0xFF,0xFF,0xFF,0xFF,0xFF,0xFF,0xFF,0xFF,0xFF,0xFF,0xFF,0xFF,0xFF,0xFF,0xFF,0xFF,
    0xFF,0xFF,0xFF,0xFF,0xFF,0xFF,0xFF,0xFF,0xFF,0xFF,0xFF,0xFF,0xFF,0xFF,0xFF,0xFF,
    0xFF,0xFF,0xFF,0xFF,0xFF,0xFF,0xFF,0xFF,0xFF,0xFF,0xFF,0xFF,0xFF,0xFF,0xFF,0xFF,
    0xFF,0xFF,0xFF,0xFF,0xFF,0xFF,0xFF,0xFF,0xFF,0xFF,0xFF,0xFF,0xFF,0xFF,0xFF,0xFF,
    0xFF,0xFF,0xFF,0xFF,0xFF,0xFF,0xFF,0xFF,0xFF,0xFF,0xFF,0xFF,0xFF,0xFF,0xFF,0xFF,
    0xFF,0xFF,0xFF,0xFF,0xFF,0xFF,0xFF,0xFF,0xFF,0xFF,0xFF,0xFF,0xFF,0xFF,0xFF,0xFF,
    0xFF,0xFF,0xFF,0xFF,0xFF,0xFF,0xFF,0xFF,0xFF,0xFF,0xFC,0xFF,0x60,0x00,0x04,0x00,
    0x00,0x02,0x00,0xB4,0xFE,0xFC,0xFF,0xFF,0xFF,0xFF,0xFF,0xFF,0xFF,0xFF,0xFF,0xFF,
    0xFF,0xFF,0xFF,0xFF,0xFF,0xFF,0xFF,0xFF,0xFF,0xFF,0xFF,0xFF,0xFF,0xFF,0xFF,0xFF,
    0xFF,0xFF,0xFF,0xFF,0xFF,0xFF,0xFF,0xFF,0xFF,0xFF,0xFF,0xFF,0xFF,0xFF,0xFF,0xFF,
    0xFF,0xFF,0xFF,0xFF,0xFF,0xFF,0xFF,0xFF,0xFF,0xFF,0xFF,0xFF,0xFF,0xFF,0xFF,0xFF,
    0xFF,0xFF,0xFF,0xFF,0xFF,0xFF,0xFF,0xFF,0xFF,0xFF,0xFF,0xFF,0xFF,0xFF,0xFF,0xFF,
    0xFF,0xFF,0xFF,0xFF,0xFF,0xFF,0xFF,0xFF,0xFF,0xFF,0xFF,0xFF,0xFF,0xFF,0xFF,0xFF,
    0xFF,0xFF,0xFF,0xFF,0xFF,0xFF,0xFF,0xFF,0xFF,0xFF,0xFF,0xFF,0xFF,0xFF,0xFF,0xFF,
    0xFF,0xFF,0xFC,0xFE,0xB4,0x00,0x02,0x00,0x01,0x00,0x18,0xF1,0xFF,0xFE,0xFF,0xFF,
    0xFF,0xFF,0xFF,0xFF,0xFF,0xFF,0xFF,0xFF,0xFF,0xFF,0xFF,0xFF,0xFF,0xFF,0xFF,0xFF,
    0xFF,0xFF,0xFF,0xFF,0xFF,0xFF,0xFF,0xFF,0xFF,0xFF,0xFF,0xFF,0xFF,0xFF,0xFF,0xFF,
    0xFF,0xFF,0xFF,0xFF,0xFF,0xFF,0xFF,0xFF,0xFF,0xFF,0xFF,0xFF,0xFF,0xFF,0xFF,0xFF,
    0xFF,0xFF,0xFF,0xFF,0xFF,0xFF,0xFF,0xFF,0xFF,0xFF,0xFF,0xFF,0xFF,0xFF,0xFF,0xFF,
    0xFF,0xFF,0xFF,0xFF,0xFF,0xFF,0xFF,0xFF,0xFF,0xFF,0xFF,0xFF,0xFF,0xFF,0xFF,0xFF,
    0xFF,0xFF,0xFF,0xFF,0xFF,0xFF,0xFF,0xFF,0xFF,0xFF,0xFF,0xFF,0xFF,0xFF,0xFF,0xFF,
    0xFF,0xFF,0xFF,0xFF,0xFF,0xFF,0xFF,0xFF,0xFF,0xFF,0xFE,0xFF,0xF1,0x18,0x00,0x01,
    0x04,0x00,0x61,0xFF,0xFC,0xFF,0xFF,0xFF,0xFF,0xFF,0xFF,0xFF,0xFF,0xFF,0xFF,0xFF,
    0xFF,0xFF,0xFF,0xFF,0xFF,0xFF,0xFF,0xFF,0xFF,0xFF,0xFF,0xFF,0xFF,0xFF,0xFF,0xFF,
    0xFF,0xFF,0xFF,0xFF,0xFF,0xFF,0xFF,0xFF,0xFF,0xFF,0xFF,0xFF,0xFF,0xFF,0xFF,0xFF,
    0xFF,0xFF,0xFF,0xFF,0xFF,0xFF,0xFF,0xFF,0xFF,0xFF,0xFF,0xFF,0xFF,0xFF,0xFF,0xFF,
    0xFF,0xFF,0xFF,0xFF,0xFF,0xFF,0xFF,0xFF,0xFF,0xFF,0xFF,0xFF,0xFF,0xFF,0xFF,0xFF,
    0xFF,0xFF,0xFF,0xFF,0xFF,0xFF,0xFF,0xFF,0xFF,0xFF,0xFF,0xFF,0xFF,0xFF,0xFF,0xFF,
    0xFF,0xFF,0xFF,0xFF,0xFF,0xFF,0xFF,0xFF,0xFF,0xFF,0xFF,0xFF,0xFF,0xFF,0xFF,0xFF,
    0xFF,0xFF,0xFF,0xFC,0xFF,0x61,0x00,0x04,0x04,0x00,0xB0,0xFF,0xFC,0xFF,0xFF,0xFF,
    0xFF,0xFF,0xFF,0xFF,0xFF,0xFF,0xFF,0xFF,0xFF,0xFF,0xFF,0xFF,0xFF,0xFF,0xFF,0xFF,
    0xFF,0xFF,0xFF,0xFF,0xFF,0xFF,0xFF,0xFF,0xFF,0xFF,0xFF,0xFF,0xFF,0xFF,0xFF,0xFF,
    0xFF,0xFF,0xFF,0xFF,0xFF,0xFF,0xFF,0xFF,0xFF,0xFF,0xFF,0xFF,0xFF,0xFF,0xFF,0xFF,
    0xFF,0xFF,0xFF,0xFF,0xFF,0xFF,0xFF,0xFF,0xFF,0xFF,0xFF,0xFF,0xFF,0xFF,0xFF,0xFF,
    0xFF,0xFF,0xFF,0xFF,0xFF,0xFF,0xFF,0xFF,0xFF,0xFF,0xFF,0xFF,0xFF,0xFF,0xFF,0xFF,
    0xFF,0xFF,0xFF,0xFF,0xFF,0xFF,0xFF,0xFF,0xFF,0xFF,0xFF,0xFF,0xFF,0xFF,0xFF,0xFF,
    0xFF,0xFF,0xFF,0xFF,0xFF,0xFF,0xFF,0xFF,0xFF,0xFF,0xFF,0xFC,0xFF,0xB0,0x00,0x04,
    0x01,0x0A,0xE5,0xFF,0xFE,0xFF,0xFF,0xFF,0xFF,0xFF,0xFF,0xFF,0xFF,0xFF,0xFF,0xFF,
    0xFF,0xFF,0xFF,0xFF,0xFF,0xFF,0xFF,0xFF,0xFF,0xFF,0xFF,0xFF,0xFF,0xFF,0xFF,0xFF,
    0xFF,0xFF,0xFF,0xFF,0xFF,0xFF,0xFF,0xFF,0xFF,0xFF,0xFF,0xFF,0xFF,0xFF,0xFF,0xFF,
    0xFF,0xFF,0xFF,0xFF,0xFF,0xFF,0xFF,0xFF,0xFF,0xFF,0xFF,0xFF,0xFF,0xFF,0xFF,0xFF,
    0xFF,0xFF,0xFF,0xFF,0xFF,0xFF,0xFF,0xFF,0xFF,0xFF,0xFF,0xFF,0xFF,0xFF,0xFF,0xFF,
    0xFF,0xFF,0xFF,0xFF,0xFF,0xFF,0xFF,0xFF,0xFF,0xFF,0xFF,0xFF,0xFF,0xFF,0xFF,0xFF,
    0xFF,0xFF,0xFF,0xFF,0xFF,0xFF,0xFF,0xFF,0xFF,0xFF,0xFF,0xFF,0xFF,0xFF,0xFF,0xFF,
    0xFF,0xFF,0xFF,0xFE,0xFF,0xE5,0x0A,0x01,0x00,0x32,0xFD,0xFE,0xFF,0xFF,0xFF,0xFF,
    0xFF,0xFF,0xFF,0xFF,0xFF,0xFF,0xFF,0xFF,0xFF,0xFF,0xFF,0xFF,0xFF,0xFF,0xFF,0xFF,
    0xFF,0xFF,0xFF,0xFF,0xFF,0xFF,0xFF,0xFF,0xFF,0xFF,0xFF,0xFF,0xFF,0xFF,0xFF,0xFF,
    0xFF,0xFF,0xFF,0xFF,0xFF,0xFF,0xFF,0xFF,0xFF,0xFF,0xFF,0xFF,0xFF,0xFF,0xFF,0xFF,
    0xFF,0xFF,0xFF,0xFF,0xFF,0xFF,0xFF,0xFF,0xFF,0xFF,0xFF,0xFF,0xFF,0xFF,0xFF,0xFF,
    0xFF,0xFF,0xFF,0xFF,0xFF,0xFF,0xFF,0xFF,0xFF,0xFF,0xFF,0xFF,0xFF,0xFF,0xFF,0xFF,
    0xFF,0xFF,0xFF,0xFF,0xFF,0xFF,0xFF,0xFF,0xFF,0xFF,0xFF,0xFF,0xFF,0xFF,0xFF,0xFF,
    0xFF,0xFF,0xFF,0xFF,0xFF,0xFF,0xFF,0xFF,0xFF,0xFF,0xFF,0xFF,0xFE,0xFD,0x32,0x00,
    0x00,0x6E,0xFF,0xFB,0xFF,0xFF,0xFF,0xFF,0xFF,0xFF,0xFF,0xFF,0xFF,0xFF,0xFF,0xFF,
    0xFF,0xFF,0xFF,0xFF,0xFF,0xFF,0xFF,0xFF,0xFF,0xFF,0xFF,0xFF,0xFF,0xFF,0xFF,0xFF,
    0xFF,0xFF,0xFF,0xFF,0xFF,0xFF,0xFF,0xFF,0xFF,0xFF,0xFF,0xFF,0xFF,0xFF,0xFF,0xFF,
    0xFF,0xFF,0xFF,0xFF,0xFF,0xFF,0xFF,0xFF,0xFF,0xFF,0xFF,0xFF,0xFF,0xFF,0xFF,0xFF,
    0xFF,0xFF,0xFF,0xFF,0xFF,0xFF,0xFF,0xFF,0xFF,0xFF,0xFF,0xFF,0xFF,0xFF,0xFF,0xFF,
    0xFF,0xFF,0xFF,0xFF,0xFF,0xFF,0xFF,0xFF,0xFF,0xFF,0xFF,0xFF,0xFF,0xFF,0xFF,0xFF,
    0xFF,0xFF,0xFF,0xFF,0xFF,0xFF,0xFF,0xFF,0xFF,0xFF,0xFF,0xFF,0xFF,0xFF,0xFF,0xFF,
    0xFF,0xFF,0xFF,0xFF,0xFB,0xFF,0x6E,0x00,0x00,0xAA,0xFF,0xFC,0xFF,0xFF,0xFF,0xFF,
    0xFF,0xFF,0xFF,0xFF,0xFF,0xFF,0xFF,0xFF,0xFF,0xFF,0xFF,0xFF,0xFF,0xFF,0xFF,0xFF,
    0xFF,0xFF,0xFF,0xFF,0xFF,0xFF,0xFF,0xFF,0xFF,0xFF,0xFF,0xFF,0xFF,0xFF,0xFF,0xFF,
    0xFF,0xFF,0xFF,0xFF,0xFF,0xFF,0xFF,0xFF,0xFF,0xFF,0xFF,0xFF,0xFF,0xFF,0xFF,0xFF,
    0xFF,0xFF,0xFF,0xFF,0xFF,0xFF,0xFF,0xFF,0xFF,0xFF,0xFF,0xFF,0xFF,0xFF,0xFF,0xFF,
    0xFF,0xFF,0xFF,0xFF,0xFF,0xFF,0xFF,0xFF,0xFF,0xFF,0xFF,0xFF,0xFF,0xFF,0xFF,0xFF,
    0xFF,0xFF,0xFF,0xFF,0xFF,0xFF,0xFF,0xFF,0xFF,0xFF,0xFF,0xFF,0xFF,0xFF,0xFF,0xFF,
    0xFF,0xFF,0xFF,0xFF,0xFF,0xFF,0xFF,0xFF,0xFF,0xFF,0xFF,0xFF,0xFC,0xFF,0xAA,0x00,
    0x06,0xD4,0xFF,0xFD,0xFF,0xFF,0xFF,0xFF,0xFF,0xFF,0xFF,0xFF,0xFF,0xFF,0xFF,0xFF,
    0xFF,0xFF,0xFF,0xFF,0xFF,0xFF,0xFF,0xFF,0xFF,0xFF,0xFF,0xFF,0xFF,0xFF,0xFF,0xFF,
    0xFF,0xFF,0xFF,0xFF,0xFF,0xFF,0xFF,0xFF,0xFF,0xFF,0xFF,0xFF,0xFF,0xFF,0xFF,0xFF,
    0xFF,0xFF,0xFF,0xFF,0xFF,0xFF,0xFF,0xFF,0xFF,0xFF,0xFF,0xFF,0xFF,0xFF,0xFF,0xFF,
    0xFF,0xFF,0xFF,0xFF,0xFF,0xFF,0xFF,0xFF,0xFF,0xFF,0xFF,0xFF,0xFF,0xFF,0xFF,0xFF,
    0xFF,0xFF,0xFF,0xFF,0xFF,0xFF,0xFF,0xFF,0xFF,0xFF,0xFF,0xFF,0xFF,0xFF,0xFF,0xFF,
    0xFF,0xFF,0xFF,0xFF,0xFF,0xFF,0xFF,0xFF,0xFF,0xFF,0xFF,0xFF,0xFF,0xFF,0xFF,0xFF,
    0xFF,0xFF,0xFF,0xFF,0xFD,0xFF,0xD4,0x06,0x21,0xF3,0xFF,0xFE,0xFF,0xFF,0xFF,0xFF,
    0xFF,0xFF,0xFF,0xFF,0xFF,0xFF,0xFF,0xFF,0xFF,0xFF,0xFF,0xFF,0xFF,0xFF,0xFF,0xFF,
    0xFF,0xFF,0xFF,0xFF,0xFF,0xFF,0xFF,0xFF,0xFF,0xFF,0xFF,0xFF,0xFF,0xFF,0xFF,0xFF,
    0xFF,0xFF,0xFF,0xFF,0xFF,0xFF,0xFF,0xFF,0xFF,0xFF,0xFF,0xFF,0xFF,0xFF,0xFF,0xFF,
    0xFF,0xFF,0xFF,0xFF,0xFF,0xFF,0xFF,0xFF,0xFF,0xFF,0xFF,0xFF,0xFF,0xFF,0xFF,0xFF,
    0xFF,0xFF,0xFF,0xFF,0xFF,0xFF,0xFF,0xFF,0xFF,0xFF,0xFF,0xFF,0xFF,0xFF,0xFF,0xFF,
    0xFF,0xFF,0xFF,0xFF,0xFF,0xFF,0xFF,0xFF,0xFF,0xFF,0xFF,0xFF,0xFF,0xFF,0xFF,0xFF,
    0xFF,0xFF,0xFF,0xFF,0xFF,0xFF,0xFF,0xFF,0xFF,0xFF,0xFF,0xFF,0xFE,0xFF,0xF3,0x21,
    0x45,0xFF,0xFE,0xFF,0xFF,0xFF,0xFF,0xFF,0xFF,0xFF,0xFF,0xFF,0xFF,0xFF,0xFF,0xFF,
    0xFF,0xFF,0xFF,0xFF,0xFF,0xFF,0xFF,0xFF,0xFF,0xFF,0xFF,0xFF,0xFF,0xFF,0xFF,0xFF,
    0xFF,0xFF,0xFF,0xFF,0xFF,0xFF,0xFF,0xFF,0xFF,0xFF,0xFF,0xFF,0xFF,0xFF,0xFF,0xFF,
    0xFF,0xFF,0xFF,0xFF,0xFF,0xFF,0xFF,0xFF,0xFF,0xFF,0xFF,0xFF,0xFF,0xFF,0xFF,0xFF,
    0xFF,0xFF,0xFF,0xFF,0xFF,0xFF,0xFF,0xFF,0xFF,0xFF,0xFF,0xFF,0xFF,0xFF,0xFF,0xFF,
    0xFF,0xFF,0xFF,0xFF,0xFF,0xFF,0xFF,0xFF,0xFF,0xFF,0xFF,0xFF,0xFF,0xFF,0xFF,0xFF,
    0xFF,0xFF,0xFF,0xFF,0xFF,0xFF,0xFF,0xFF,0xFF,0xFF,0xFF,0xFF,0xFF,0xFF,0xFF,0xFF,
    0xFF,0xFF,0xFF,0xFF,0xFF,0xFE,0xFF,0x45,0x77,0xFF,0xFD,0xFF,0xFF,0xFF,0xFF,0xFF,
    0xFF,0xFF,0xFF,0xFF,0xFF,0xFF,0xFF,0xFF,0xFF,0xFF,0xFF,0xFF,0xFF,0xFF,0xFF,0xFF,
    0xFF,0xFF,0xFF,0xFF,0xFF,0xFF,0xFF,0xFF,0xFF,0xFF,0xFF,0xFF,0xFF,0xFF,0xFF,0xFF,
    0xFF,0xFF,0xFF,0xFF,0xFF,0xFF,0xFF,0xFF,0xFF,0xFF,0xFF,0xFF,0xFF,0xFF,0xFF,0xFF,
    0xFF,0xFF,0xFF,0xFF,0xFF,0xFF,0xFF,0xFF,0xFF,0xFF,0xFF,0xFF,0xFF,0xFF,0xFF,0xFF,
    0xFF,0xFF,0xFF,0xFF,0xFF,0xFF,0xFF,0xFF,0xFF,0xFF,0xFF,0xFF,0xFF,0xFF,0xFF,0xFF,
    0xFF,0xFF,0xFF,0xFF,0xFF,0xFF,0xFF,0xFF,0xFF,0xFF,0xFF,0xFF,0xFF,0xFF,0xFF,0xFF,
    0xFF,0xFF,0xFF,0xFF,0xFF,0xFF,0xFF,0xFF,0xFF,0xFF,0xFF,0xFF,0xFF,0xFD,0xFF,0x77,
    0x89,0xFF,0xFC,0xFF,0xFF,0xFF,0xFF,0xFF,0xFF,0xFF,0xFF,0xFF,0xFF,0xFF,0xFF,0xFF,
    0xFF,0xFF,0xFF,0xFF,0xFF,0xFF,0xFF,0xFF,0xFF,0xFF,0xFF,0xFF,0xFF,0xFF,0xFF,0xFF,
    0xFF,0xFF,0xFF,0xFF,0xFF,0xFF,0xFF,0xFF,0xFF,0xFF,0xFF,0xFF,0xFF,0xFF,0xFF,0xFF,
    0xFF,0xFF,0xFF,0xFF,0xFF,0xFF,0xFF,0xFF,0xFF,0xFF,0xFF,0xFF,0xFF,0xFF,0xFF,0xFF,
    0xFF,0xFF,0xFF,0xFF,0xFF,0xFF,0xFF,0xFF,0xFF,0xFF,0xFF,0xFF,0xFF,0xFF,0xFF,0xFF,
    0xFF,0xFF,0xFF,0xFF,0xFF,0xFF,0xFF,0xFF,0xFF,0xFF,0xFF,0xFF,0xFF,0xFF,0xFF,0xFF,
    0xFF,0xFF,0xFF,0xFF,0xFF,0xFF,0xFF,0xFF,0xFF,0xFF,0xFF,0xFF,0xFF,0xFF,0xFF,0xFF,
    0xFF,0xFF,0xFF,0xFF,0xFF,0xFC,0xFF,0x89,0xB9,0xFF,0xFD,0xFF,0xFF,0xFF,0xFF,0xFF,
    0xFF,0xFF,0xFF,0xFF,0xFF,0xFF,0xFF,0xFF,0xFF,0xFF,0xFF,0xFF,0xFF,0xFF,0xFF,0xFF,
    0xFF,0xFF,0xFF,0xFF,0xFF,0xFF,0xFF,0xFF,0xFF,0xFF,0xFF,0xFF,0xFF,0xFF,0xFF,0xFF,
    0xFF,0xFF,0xFF,0xFF,0xFF,0xFF,0xFF,0xFF,0xFF,0xFF,0xFF,0xFF,0xFF,0xFF,0xFF,0xFF,
    0xFF,0xFF,0xFF,0xFF,0xFF,0xFF,0xFF,0xFF,0xFF,0xFF,0xFF,0xFF,0xFF,0xFF,0xFF,0xFF,
    0xFF,0xFF,0xFF,0xFF,0xFF,0xFF,0xFF,0xFF,0xFF,0xFF,0xFF,0xFF,0xFF,0xFF,0xFF,0xFF,
    0xFF,0xFF,0xFF,0xFF,0xFF,0xFF,0xFF,0xFF,0xFF,0xFF,0xFF,0xFF,0xFF,0xFF,0xFF,0xFF,
    0xFF,0xFF,0xFF,0xFF,0xFF,0xFF,0xFF,0xFF,0xFF,0xFF,0xFF,0xFF,0xFF,0xFD,0xFF,0xB9,
    0xCF,0xFF,0xFD,0xFF,0xFF,0xFF,0xFF,0xFF,0xFF,0xFF,0xFF,0xFF,0xFF,0xFF,0xFF,0xFF,
    0xFF,0xFF,0xFF,0xFF,0xFF,0xFF,0xFF,0xFF,0xFF,0xFF,0xFF,0xFF,0xFF,0xFF,0xFF,0xFF,
    0xFF,0xFF,0xFF,0xFF,0xFF,0xFF,0xFF,0xFF,0xFF,0xFF,0xFF,0xFF,0xFF,0xFF,0xFF,0xFF,
    0xFF,0xFF,0xFF,0xFF,0xFF,0xFF,0xFF,0xFF,0xFF,0xFF,0xFF,0xFF,0xFF,0xFF,0xFF,0xFF,
    0xFF,0xFF,0xFF,0xFF,0xFF,0xFF,0xFF,0xFF,0xFF,0xFF,0xFF,0xFF,0xFF,0xFF,0xFF,0xFF,
    0xFF,0xFF,0xFF,0xFF,0xFF,0xFF,0xFF,0xFF,0xFF,0xFF,0xFF,0xFF,0xFF,0xFF,0xFF,0xFF,
    0xFF,0xFF,0xFF,0xFF,0xFF,0xFF,0xFF,0xFF,0xFF,0xFF,0xFF,0xFF,0xFF,0xFF,0xFF,0xFF,
    0xFF,0xFF,0xFF,0xFF,0xFF,0xFD,0xFF,0xCF,0xC8,0xFF,0xFD,0xFF,0xFF,0xFF,0xFF,0xFF,
    0xFF,0xFF,0xFF,0xFF,0xFF,0xFF,0xFF,0xFF,0xFF,0xFF,0xFF,0xFF,0xFF,0xFF,0xFF,0xFF,
    0xFF,0xFF,0xFF,0xFF,0xFF,0xFF,0xFF,0xFF,0xFF,0xFF,0xFF,0xFF,0xFF,0xFF,0xFF,0xFF,
    0xFF,0xFF,0xFF,0xFF,0xFF,0xFF,0xFF,0xFF,0xFF,0xFF,0xFF,0xFF,0xFF,0xFF,0xFF,0xFF,
    0xFF,0xFF,0xFF,0xFF,0xFF,0xFF,0xFF,0xFF,0xFF,0xFF,0xFF,0xFF,0xFF,0xFF,0xFF,0xFF,
    0xFF,0xFF,0xFF,0xFF,0xFF,0xFF,0xFF,0xFF,0xFF,0xFF,0xFF,0xFF,0xFF,0xFF,0xFF,0xFF,
    0xFF,0xFF,0xFF,0xFF,0xFF,0xFF,0xFF,0xFF,0xFF,0xFF,0xFF,0xFF,0xFF,0xFF,0xFF,0xFF,
    0xFF,0xFF,0xFF,0xFF,0xFF,0xFF,0xFF,0xFF,0xFF,0xFF,0xFF,0xFF,0xFF,0xFD,0xFF,0xC8,
    0xF2,0xFF,0xFE,0xFF,0xFF,0xFF,0xFF,0xFF,0xFF,0xFF,0xFF,0xFF,0xFF,0xFF,0xFF,0xFF,
    0xFF,0xFF,0xFF,0xFF,0xFF,0xFF,0xFF,0xFF,0xFF,0xFF,0xFF,0xFF,0xFF,0xFF,0xFF,0xFF,
    0xFF,0xFF,0xFF,0xFF,0xFF,0xFF,0xFF,0xFF,0xFF,0xFF,0xFF,0xFF,0xFF,0xFF,0xFF,0xFF,
    0xFF,0xFF,0xFF,0xFF,0xFF,0xFF,0xFF,0xFF,0xFF,0xFF,0xFF,0xFF,0xFF,0xFF,0xFF,0xFF,
    0xFF,0xFF,0xFF,0xFF,0xFF,0xFF,0xFF,0xFF,0xFF,0xFF,0xFF,0xFF,0xFF,0xFF,0xFF,0xFF,
    0xFF,0xFF,0xFF,0xFF,0xFF,0xFF,0xFF,0xFF,0xFF,0xFF,0xFF,0xFF,0xFF,0xFF,0xFF,0xFF,
    0xFF,0xFF,0xFF,0xFF,0xFF,0xFF,0xFF,0xFF,0xFF,0xFF,0xFF,0xFF,0xFF,0xFF,0xFF,0xFF,
    0xFF,0xFF,0xFF,0xFF,0xFF,0xFE,0xFF,0xF2,0xFF,0xFF,0xFF,0xFF,0xFF,0xFF,0xFF,0xFF,
    0xFF,0xFF,0xFF,0xFF,0xFF,0xFF,0xFF,0xFF,0xFF,0xFF,0xFF,0xFF,0xFF,0xFF,0xFF,0xFF,
    0xFF,0xFF,0xFF,0xFF,0xFF,0xFF,0xFF,0xFF,0xFF,0xFF,0xFF,0xFF,0xFF,0xFF,0xFF,0xFF,
    0xFF,0xFF,0xFF,0xFF,0xFF,0xFF,0xFF,0xFF,0xFF,0xFF,0xFF,0xFF,0xFF,0xFF,0xFF,0xFF,
    0xFF,0xFF,0xFF,0xFF,0xFF,0xFF,0xFF,0xFF,0xFF,0xFF,0xFF,0xFF,0xFF,0xFF,0xFF,0xFF,
    0xFF,0xFF,0xFF,0xFF,0xFF,0xFF,0xFF,0xFF,0xFF,0xFF,0xFF,0xFF,0xFF,0xFF,0xFF,0xFF,
    0xFF,0xFF,0xFF,0xFF,0xFF,0xFF,0xFF,0xFF,0xFF,0xFF,0xFF,0xFF,0xFF,0xFF,0xFF,0xFF,
    0xFF,0xFF,0xFF,0xFF,0xFF,0xFF,0xFF,0xFF,0xFF,0xFF,0xFF,0xFF,0xFF,0xFF,0xFF,0xFF,
    0xFE,0xFF,0xFF,0xFF,0xFF,0xFF,0xFF,0xFF,0xFF,0xFF,0xFF,0xFF,0xFF,0xFF,0xFF,0xFF,
    0xFF,0xFF,0xFF,0xFF,0xFF,0xFF,0xFF,0xFF,0xFF,0xFF,0xFF,0xFF,0xFF,0xFF,0xFF,0xFF,
    0xFF,0xFF,0xFF,0xFF,0xFF,0xFF,0xFF,0xFF,0xFF,0xFF,0xFF,0xFF,0xFF,0xFF,0xFF,0xFF,
    0xFF,0xFF,0xFF,0xFF,0xFF,0xFF,0xFF,0xFF,0xFF,0xFF,0xFF,0xFF,0xFF,0xFF,0xFF,0xFF,
    0xFF,0xFF,0xFF,0xFF,0xFF,0xFF,0xFF,0xFF,0xFF,0xFF,0xFF,0xFF,0xFF,0xFF,0xFF,0xFF,
    0xFF,0xFF,0xFF,0xFF,0xFF,0xFF,0xFF,0xFF,0xFF,0xFF,0xFF,0xFF,0xFF,0xFF,0xFF,0xFF,
    0xFF,0xFF,0xFF,0xFF,0xFF,0xFF,0xFF,0xFF,0xFF,0xFF,0xFF,0xFF,0xFF,0xFF,0xFF,0xFF,
    0xFF,0xFF,0xFF,0xFF,0xFF,0xFF,0xFF,0xFE,0xFF,0xFF,0xFF,0xFF,0xFF,0xFF,0xFF,0xFF,
    0xFF,0xFF,0xFF,0xFF,0xFF,0xFF,0xFF,0xFF,0xFF,0xFF,0xFF,0xFF,0xFF,0xFF,0xFF,0xFF,
    0xFF,0xFF,0xFF,0xFF,0xFF,0xFF,0xFF,0xFF,0xFF,0xFF,0xFF,0xFF,0xFF,0xFF,0xFF,0xFF,
    0xFF,0xFF,0xFF,0xFF,0xFF,0xFF,0xFF,0xFF,0xFF,0xFF,0xFF,0xFF,0xFF,0xFF,0xFF,0xFF,
    0xFF,0xFF,0xFF,0xFF,0xFF,0xFF,0xFF,0xFF,0xFF,0xFF,0xFF,0xFF,0xFF,0xFF,0xFF,0xFF,
    0xFF,0xFF,0xFF,0xFF,0xFF,0xFF,0xFF,0xFF,0xFF,0xFF,0xFF,0xFF,0xFF,0xFF,0xFF,0xFF,
    0xFF,0xFF,0xFF,0xFF,0xFF,0xFF,0xFF,0xFF,0xFF,0xFF,0xFF,0xFF,0xFF,0xFF,0xFF,0xFF,
    0xFF,0xFF,0xFF,0xFF,0xFF,0xFF,0xFF,0xFF,0xFF,0xFF,0xFF,0xFF,0xFF,0xFF,0xFF,0xFF,
    0xFF,0xFF,0xFF,0xFF,0xFF,0xFF,0xFF,0xFF,0xFF,0xFF,0xFF,0xFF,0xFF,0xFF,0xFF,0xFF,
    0xFF,0xFF,0xFF,0xFF,0xFF,0xFF,0xFF,0xFF,0xFF,0xFF,0xFF,0xFF,0xFF,0xFF,0xFF,0xFF,
    0xFF,0xFF,0xFF,0xFF,0xFF,0xFF,0xFF,0xFF,0xFF,0xFF,0xFF,0xFF,0xFF,0xFF,0xFF,0xFF,
    0xFF,0xFF,0xFF,0xFF,0xFF,0xFF,0xFF,0xFF,0xFF,0xFF,0xFF,0xFF,0xFF,0xFF,0xFF,0xFF,
    0xFF,0xFF,0xFF,0xFF,0xFF,0xFF,0xFF,0xFF,0xFF,0xFF,0xFF,0xFF,0xFF,0xFF,0xFF,0xFF,
    0xFF,0xFF,0xFF,0xFF,0xFF,0xFF,0xFF,0xFF,0xFF,0xFF,0xFF,0xFF,0xFF,0xFF,0xFF,0xFF,
    0xFF,0xFF,0xFF,0xFF,0xFF,0xFF,0xFF,0xFF,0xFF,0xFF,0xFF,0xFF,0xFF,0xFF,0xFF,0xFF,
    0xFF,0xFF,0xFF,0xFF,0xFF,0xFF,0xFF,0xFF,0xFE,0xFF,0xFF,0xFF,0xFF,0xFF,0xFF,0xFF,
    0xFF,0xFF,0xFF,0xFF,0xFF,0xFF,0xFF,0xFF,0xFF,0xFF,0xFF,0xFF,0xFF,0xFF,0xFF,0xFF,
    0xFF,0xFF,0xFF,0xFF,0xFF,0xFF,0xFF,0xFF,0xFF,0xFF,0xFF,0xFF,0xFF,0xFF,0xFF,0xFF,
    0xFF,0xFF,0xFF,0xFF,0xFF,0xFF,0xFF,0xFF,0xFF,0xFF,0xFF,0xFF,0xFF,0xFF,0xFF,0xFF,
    0xFF,0xFF,0xFF,0xFF,0xFF,0xFF,0xFF,0xFF,0xFF,0xFF,0xFF,0xFF,0xFF,0xFF,0xFF,0xFF,
    0xFF,0xFF,0xFF,0xFF,0xFF,0xFF,0xFF,0xFF,0xFF,0xFF,0xFF,0xFF,0xFF,0xFF,0xFF,0xFF,
    0xFF,0xFF,0xFF,0xFF,0xFF,0xFF,0xFF,0xFF,0xFF,0xFF,0xFF,0xFF,0xFF,0xFF,0xFF,0xFF,
    0xFF,0xFF,0xFF,0xFF,0xFF,0xFF,0xFF,0xFF,0xFF,0xFF,0xFF,0xFF,0xFF,0xFF,0xFF,0xFE,
    0xFF,0xFF,0xFF,0xFF,0xFF,0xFF,0xFF,0xFF,0xFF,0xFF,0xFF,0xFF,0xFF,0xFF,0xFF,0xFF,
    0xFF,0xFF,0xFF,0xFF,0xFF,0xFF,0xFF,0xFF,0xFF,0xFF,0xFF,0xFF,0xFF,0xFF,0xFF,0xFF,
    0xFF,0xFF,0xFF,0xFF,0xFF,0xFF,0xFF,0xFF,0xFF,0xFF,0xFF,0xFF,0xFF,0xFF,0xFF,0xFF,
    0xFF,0xFF,0xFF,0xFF,0xFF,0xFF,0xFF,0xFF,0xFF,0xFF,0xFF,0xFF,0xFF,0xFF,0xFF,0xFF,
    0xFF,0xFF,0xFF,0xFF,0xFF,0xFF,0xFF,0xFF,0xFF,0xFF,0xFF,0xFF,0xFF,0xFF,0xFF,0xFF,
    0xFF,0xFF,0xFF,0xFF,0xFF,0xFF,0xFF,0xFF,0xFF,0xFF,0xFF,0xFF,0xFF,0xFF,0xFF,0xFF,
    0xFF,0xFF,0xFF,0xFF,0xFF,0xFF,0xFF,0xFF,0xFF,0xFF,0xFF,0xFF,0xFF,0xFF,0xFF,0xFF,
    0xFF,0xFF,0xFF,0xFF,0xFF,0xFF,0xFF,0xFF,0xF2,0xFF,0xFE,0xFF,0xFF,0xFF,0xFF,0xFF,
    0xFF,0xFF,0xFF,0xFF,0xFF,0xFF,0xFF,0xFF,0xFF,0xFF,0xFF,0xFF,0xFF,0xFF,0xFF,0xFF,
    0xFF,0xFF,0xFF,0xFF,0xFF,0xFF,0xFF,0xFF,0xFF,0xFF,0xFF,0xFF,0xFF,0xFF,0xFF,0xFF,
    0xFF,0xFF,0xFF,0xFF,0xFF,0xFF,0xFF,0xFF,0xFF,0xFF,0xFF,0xFF,0xFF,0xFF,0xFF,0xFF,
    0xFF,0xFF,0xFF,0xFF,0xFF,0xFF,0xFF,0xFF,0xFF,0xFF,0xFF,0xFF,0xFF,0xFF,0xFF,0xFF,
    0xFF,0xFF,0xFF,0xFF,0xFF,0xFF,0xFF,0xFF,0xFF,0xFF,0xFF,0xFF,0xFF,0xFF,0xFF,0xFF,
    0xFF,0xFF,0xFF,0xFF,0xFF,0xFF,0xFF,0xFF,0xFF,0xFF,0xFF,0xFF,0xFF,0xFF,0xFF,0xFF,
    0xFF,0xFF,0xFF,0xFF,0xFF,0xFF,0xFF,0xFF,0xFF,0xFF,0xFF,0xFF,0xFF,0xFE,0xFF,0xF2,
    0xC8,0xFF,0xFD,0xFF,0xFF,0xFF,0xFF,0xFF,0xFF,0xFF,0xFF,0xFF,0xFF,0xFF,0xFF,0xFF,
    0xFF,0xFF,0xFF,0xFF,0xFF,0xFF,0xFF,0xFF,0xFF,0xFF,0xFF,0xFF,0xFF,0xFF,0xFF,0xFF,
    0xFF,0xFF,0xFF,0xFF,0xFF,0xFF,0xFF,0xFF,0xFF,0xFF,0xFF,0xFF,0xFF,0xFF,0xFF,0xFF,
    0xFF,0xFF,0xFF,0xFF,0xFF,0xFF,0xFF,0xFF,0xFF,0xFF,0xFF,0xFF,0xFF,0xFF,0xFF,0xFF,
    0xFF,0xFF,0xFF,0xFF,0xFF,0xFF,0xFF,0xFF,0xFF,0xFF,0xFF,0xFF,0xFF,0xFF,0xFF,0xFF,
    0xFF,0xFF,0xFF,0xFF,0xFF,0xFF,0xFF,0xFF,0xFF,0xFF,0xFF,0xFF,0xFF,0xFF,0xFF,0xFF,
    0xFF,0xFF,0xFF,0xFF,0xFF,0xFF,0xFF,0xFF,0xFF,0xFF,0xFF,0xFF,0xFF,0xFF,0xFF,0xFF,
    0xFF,0xFF,0xFF,0xFF,0xFF,0xFD,0xFF,0xC8,0xCF,0xFF,0xFD,0xFF,0xFF,0xFF,0xFF,0xFF,
    0xFF,0xFF,0xFF,0xFF,0xFF,0xFF,0xFF,0xFF,0xFF,0xFF,0xFF,0xFF,0xFF,0xFF,0xFF,0xFF,
    0xFF,0xFF,0xFF,0xFF,0xFF,0xFF,0xFF,0xFF,0xFF,0xFF,0xFF,0xFF,0xFF,0xFF,0xFF,0xFF,
    0xFF,0xFF,0xFF,0xFF,0xFF,0xFF,0xFF,0xFF,0xFF,0xFF,0xFF,0xFF,0xFF,0xFF,0xFF,0xFF,
    0xFF,0xFF,0xFF,0xFF,0xFF,0xFF,0xFF,0xFF,0xFF,0xFF,0xFF,0xFF,0xFF,0xFF,0xFF,0xFF,
    0xFF,0xFF,0xFF,0xFF,0xFF,0xFF,0xFF,0xFF,0xFF,0xFF,0xFF,0xFF,0xFF,0xFF,0xFF,0xFF,
    0xFF,0xFF,0xFF,0xFF,0xFF,0xFF,0xFF,0xFF,0xFF,0xFF,0xFF,0xFF,0xFF,0xFF,0xFF,0xFF,
    0xFF,0xFF,0xFF,0xFF,0xFF,0xFF,0xFF,0xFF,0xFF,0xFF,0xFF,0xFF,0xFF,0xFD,0xFF,0xCF,
    0xB9,0xFF,0xFD,0xFF,0xFF,0xFF,0xFF,0xFF,0xFF,0xFF,0xFF,0xFF,0xFF,0xFF,0xFF,0xFF,
    0xFF,0xFF,0xFF,0xFF,0xFF,0xFF,0xFF,0xFF,0xFF,0xFF,0xFF,0xFF,0xFF,0xFF,0xFF,0xFF,
    0xFF,0xFF,0xFF,0xFF,0xFF,0xFF,0xFF,0xFF,0xFF,0xFF,0xFF,0xFF,0xFF,0xFF,0xFF,0xFF,
    0xFF,0xFF,0xFF,0xFF,0xFF,0xFF,0xFF,0xFF,0xFF,0xFF,0xFF,0xFF,0xFF,0xFF,0xFF,0xFF,
    0xFF,0xFF,0xFF,0xFF,0xFF,0xFF,0xFF,0xFF,0xFF,0xFF,0xFF,0xFF,0xFF,0xFF,0xFF,0xFF,
    0xFF,0xFF,0xFF,0xFF,0xFF,0xFF,0xFF,0xFF,0xFF,0xFF,0xFF,0xFF,0xFF,0xFF,0xFF,0xFF,
    0xFF,0xFF,0xFF,0xFF,0xFF,0xFF,0xFF,0xFF,0xFF,0xFF,0xFF,0xFF,0xFF,0xFF,0xFF,0xFF,
    0xFF,0xFF,0xFF,0xFF,0xFF,0xFD,0xFF,0xB9,0x89,0xFF,0xFC,0xFF,0xFF,0xFF,0xFF,0xFF,
    0xFF,0xFF,0xFF,0xFF,0xFF,0xFF,0xFF,0xFF,0xFF,0xFF,0xFF,0xFF,0xFF,0xFF,0xFF,0xFF,
    0xFF,0xFF,0xFF,0xFF,0xFF,0xFF,0xFF,0xFF,0xFF,0xFF,0xFF,0xFF,0xFF,0xFF,0xFF,0xFF,
    0xFF,0xFF,0xFF,0xFF,0xFF,0xFF,0xFF,0xFF,0xFF,0xFF,0xFF,0xFF,0xFF,0xFF,0xFF,0xFF,
    0xFF,0xFF,0xFF,0xFF,0xFF,0xFF,0xFF,0xFF,0xFF,0xFF,0xFF,0xFF,0xFF,0xFF,0xFF,0xFF,
    0xFF,0xFF,0xFF,0xFF,0xFF,0xFF,0xFF,0xFF,0xFF,0xFF,0xFF,0xFF,0xFF,0xFF,0xFF,0xFF,
    0xFF,0xFF,0xFF,0xFF,0xFF,0xFF,0xFF,0xFF,0xFF,0xFF,0xFF,0xFF,0xFF,0xFF,0xFF,0xFF,
    0xFF,0xFF,0xFF,0xFF,0xFF,0xFF,0xFF,0xFF,0xFF,0xFF,0xFF,0xFF,0xFF,0xFC,0xFF,0x89,
    0x77,0xFF,0xFD,0xFF,0xFF,0xFF,0xFF,0xFF,0xFF,0xFF,0xFF,0xFF,0xFF,0xFF,0xFF,0xFF,
    0xFF,0xFF,0xFF,0xFF,0xFF,0xFF,0xFF,0xFF,0xFF,0xFF,0xFF,0xFF,0xFF,0xFF,0xFF,0xFF,
    0xFF,0xFF,0xFF,0xFF,0xFF,0xFF,0xFF,0xFF,0xFF,0xFF,0xFF,0xFF,0xFF,0xFF,0xFF,0xFF,
    0xFF,0xFF,0xFF,0xFF,0xFF,0xFF,0xFF,0xFF,0xFF,0xFF,0xFF,0xFF,0xFF,0xFF,0xFF,0xFF,
    0xFF,0xFF,0xFF,0xFF,0xFF,0xFF,0xFF,0xFF,0xFF,0xFF,0xFF,0xFF,0xFF,0xFF,0xFF,0xFF,
    0xFF,0xFF,0xFF,0xFF,0xFF,0xFF,0xFF,0xFF,0xFF,0xFF,0xFF,0xFF,0xFF,0xFF,0xFF,0xFF,
    0xFF,0xFF,0xFF,0xFF,0xFF,0xFF,0xFF,0xFF,0xFF,0xFF,0xFF,0xFF,0xFF,0xFF,0xFF,0xFF,
    0xFF,0xFF,0xFF,0xFF,0xFF,0xFD,0xFF,0x77,0x45,0xFF,0xFE,0xFF,0xFF,0xFF,0xFF,0xFF,
    0xFF,0xFF,0xFF,0xFF,0xFF,0xFF,0xFF,0xFF,0xFF,0xFF,0xFF,0xFF,0xFF,0xFF,0xFF,0xFF,
    0xFF,0xFF,0xFF,0xFF,0xFF,0xFF,0xFF,0xFF,0xFF,0xFF,0xFF,0xFF,0xFF,0xFF,0xFF,0xFF,
    0xFF,0xFF,0xFF,0xFF,0xFF,0xFF,0xFF,0xFF,0xFF,0xFF,0xFF,0xFF,0xFF,0xFF,0xFF,0xFF,
    0xFF,0xFF,0xFF,0xFF,0xFF,0xFF,0xFF,0xFF,0xFF,0xFF,0xFF,0xFF,0xFF,0xFF,0xFF,0xFF,
    0xFF,0xFF,0xFF,0xFF,0xFF,0xFF,0xFF,0xFF,0xFF,0xFF,0xFF,0xFF,0xFF,0xFF,0xFF,0xFF,
    0xFF,0xFF,0xFF,0xFF,0xFF,0xFF,0xFF,0xFF,0xFF,0xFF,0xFF,0xFF,0xFF,0xFF,0xFF,0xFF,
    0xFF,0xFF,0xFF,0xFF,0xFF,0xFF,0xFF,0xFF,0xFF,0xFF,0xFF,0xFF,0xFF,0xFE,0xFF,0x45,
    0x21,0xF3,0xFF,0xFE,0xFF,0xFF,0xFF,0xFF,0xFF,0xFF,0xFF,0xFF,0xFF,0xFF,0xFF,0xFF,
    0xFF,0xFF,0xFF,0xFF,0xFF,0xFF,0xFF,0xFF,0xFF,0xFF,0xFF,0xFF,0xFF,0xFF,0xFF,0xFF,
    0xFF,0xFF,0xFF,0xFF,0xFF,0xFF,0xFF,0xFF,0xFF,0xFF,0xFF,0xFF,0xFF,0xFF,0xFF,0xFF,
    0xFF,0xFF,0xFF,0xFF,0xFF,0xFF,0xFF,0xFF,0xFF,0xFF,0xFF,0xFF,0xFF,0xFF,0xFF,0xFF,
    0xFF,0xFF,0xFF,0xFF,0xFF,0xFF,0xFF,0xFF,0xFF,0xFF,0xFF,0xFF,0xFF,0xFF,0xFF,0xFF,
    0xFF,0xFF,0xFF,0xFF,0xFF,0xFF,0xFF,0xFF,0xFF,0xFF,0xFF,0xFF,0xFF,0xFF,0xFF,0xFF,
    0xFF,0xFF,0xFF,0xFF,0xFF,0xFF,0xFF,0xFF,0xFF,0xFF,0xFF,0xFF,0xFF,0xFF,0xFF,0xFF,
    0xFF,0xFF,0xFF,0xFF,0xFE,0xFF,0xF3,0x21,0x06,0xD4,0xFF,0xFD,0xFF,0xFF,0xFF,0xFF,
    0xFF,0xFF,0xFF,0xFF,0xFF,0xFF,0xFF,0xFF,0xFF,0xFF,0xFF,0xFF,0xFF,0xFF,0xFF,0xFF,
    0xFF,0xFF,0xFF,0xFF,0xFF,0xFF,0xFF,0xFF,0xFF,0xFF,0xFF,0xFF,0xFF,0xFF,0xFF,0xFF,
    0xFF,0xFF,0xFF,0xFF,0xFF,0xFF,0xFF,0xFF,0xFF,0xFF,0xFF,0xFF,0xFF,0xFF,0xFF,0xFF,
    0xFF,0xFF,0xFF,0xFF,0xFF,0xFF,0xFF,0xFF,0xFF,0xFF,0xFF,0xFF,0xFF,0xFF,0xFF,0xFF,
    0xFF,0xFF,0xFF,0xFF,0xFF,0xFF,0xFF,0xFF,0xFF,0xFF,0xFF,0xFF,0xFF,0xFF,0xFF,0xFF,
    0xFF,0xFF,0xFF,0xFF,0xFF,0xFF,0xFF,0xFF,0xFF,0xFF,0xFF,0xFF,0xFF,0xFF,0xFF,0xFF,
    0xFF,0xFF,0xFF,0xFF,0xFF,0xFF,0xFF,0xFF,0xFF,0xFF,0xFF,0xFF,0xFD,0xFF,0xD4,0x06,
    0x00,0xAA,0xFF,0xFC,0xFF,0xFF,0xFF,0xFF,0xFF,0xFF,0xFF,0xFF,0xFF,0xFF,0xFF,0xFF,
    0xFF,0xFF,0xFF,0xFF,0xFF,0xFF,0xFF,0xFF,0xFF,0xFF,0xFF,0xFF,0xFF,0xFF,0xFF,0xFF,
    0xFF,0xFF,0xFF,0xFF,0xFF,0xFF,0xFF,0xFF,0xFF,0xFF,0xFF,0xFF,0xFF,0xFF,0xFF,0xFF,
    0xFF,0xFF,0xFF,0xFF,0xFF,0xFF,0xFF,0xFF,0xFF,0xFF,0xFF,0xFF,0xFF,0xFF,0xFF,0xFF,
    0xFF,0xFF,0xFF,0xFF,0xFF,0xFF,0xFF,0xFF,0xFF,0xFF,0xFF,0xFF,0xFF,0xFF,0xFF,0xFF,
    0xFF,0xFF,0xFF,0xFF,0xFF,0xFF,0xFF,0xFF,0xFF,0xFF,0xFF,0xFF,0xFF,0xFF,0xFF,0xFF,
    0xFF,0xFF,0xFF,0xFF,0xFF,0xFF,0xFF,0xFF,0xFF,0xFF,0xFF,0xFF,0xFF,0xFF,0xFF,0xFF,
    0xFF,0xFF,0xFF,0xFF,0xFC,0xFF,0xAA,0x00,0x00,0x6E,0xFF,0xFB,0xFF,0xFF,0xFF,0xFF,
    0xFF,0xFF,0xFF,0xFF,0xFF,0xFF,0xFF,0xFF,0xFF,0xFF,0xFF,0xFF,0xFF,0xFF,0xFF,0xFF,
    0xFF,0xFF,0xFF,0xFF,0xFF,0xFF,0xFF,0xFF,0xFF,0xFF,0xFF,0xFF,0xFF,0xFF,0xFF,0xFF,
    0xFF,0xFF,0xFF,0xFF,0xFF,0xFF,0xFF,0xFF,0xFF,0xFF,0xFF,0xFF,0xFF,0xFF,0xFF,0xFF,
    0xFF,0xFF,0xFF,0xFF,0xFF,0xFF,0xFF,0xFF,0xFF,0xFF,0xFF,0xFF,0xFF,0xFF,0xFF,0xFF,
    0xFF,0xFF,0xFF,0xFF,0xFF,0xFF,0xFF,0xFF,0xFF,0xFF,0xFF,0xFF,0xFF,0xFF,0xFF,0xFF,
    0xFF,0xFF,0xFF,0xFF,0xFF,0xFF,0xFF,0xFF,0xFF,0xFF,0xFF,0xFF,0xFF,0xFF,0xFF,0xFF,
    0xFF,0xFF,0xFF,0xFF,0xFF,0xFF,0xFF,0xFF,0xFF,0xFF,0xFF,0xFF,0xFB,0xFF,0x6E,0x00,
    0x00,0x32,0xFD,0xFE,0xFF,0xFF,0xFF,0xFF,0xFF,0xFF,0xFF,0xFF,0xFF,0xFF,0xFF,0xFF,
    0xFF,0xFF,0xFF,0xFF,0xFF,0xFF,0xFF,0xFF,0xFF,0xFF,0xFF,0xFF,0xFF,0xFF,0xFF,0xFF,
    0xFF,0xFF,0xFF,0xFF,0xFF,0xFF,0xFF,0xFF,0xFF,0xFF,0xFF,0xFF,0xFF,0xFF,0xFF,0xFF,
    0xFF,0xFF,0xFF,0xFF,0xFF,0xFF,0xFF,0xFF,0xFF,0xFF,0xFF,0xFF,0xFF,0xFF,0xFF,0xFF,
    0xFF,0xFF,0xFF,0xFF,0xFF,0xFF,0xFF,0xFF,0xFF,0xFF,0xFF,0xFF,0xFF,0xFF,0xFF,0xFF,
    0xFF,0xFF,0xFF,0xFF,0xFF,0xFF,0xFF,0xFF,0xFF,0xFF,0xFF,0xFF,0xFF,0xFF,0xFF,0xFF,
    0xFF,0xFF,0xFF,0xFF,0xFF,0xFF,0xFF,0xFF,0xFF,0xFF,0xFF,0xFF,0xFF,0xFF,0xFF,0xFF,
    0xFF,0xFF,0xFF,0xFF,0xFE,0xFD,0x32,0x00,0x01,0x0A,0xE5,0xFF,0xFE,0xFF,0xFF,0xFF,
    0xFF,0xFF,0xFF,0xFF,0xFF,0xFF,0xFF,0xFF,0xFF,0xFF,0xFF,0xFF,0xFF,0xFF,0xFF,0xFF,
    0xFF,0xFF,0xFF,0xFF,0xFF,0xFF,0xFF,0xFF,0xFF,0xFF,0xFF,0xFF,0xFF,0xFF,0xFF,0xFF,
    0xFF,0xFF,0xFF,0xFF,0xFF,0xFF,0xFF,0xFF,0xFF,0xFF,0xFF,0xFF,0xFF,0xFF,0xFF,0xFF,
    0xFF,0xFF,0xFF,0xFF,0xFF,0xFF,0xFF,0xFF,0xFF,0xFF,0xFF,0xFF,0xFF,0xFF,0xFF,0xFF,
    0xFF,0xFF,0xFF,0xFF,0xFF,0xFF,0xFF,0xFF,0xFF,0xFF,0xFF,0xFF,0xFF,0xFF,0xFF,0xFF,
    0xFF,0xFF,0xFF,0xFF,0xFF,0xFF,0xFF,0xFF,0xFF,0xFF,0xFF,0xFF,0xFF,0xFF,0xFF,0xFF,
    0xFF,0xFF,0xFF,0xFF,0xFF,0xFF,0xFF,0xFF,0xFF,0xFF,0xFF,0xFE,0xFF,0xE5,0x0A,0x01,
    0x04,0x00,0xB0,0xFF,0xFC,0xFF,0xFF,0xFF,0xFF,0xFF,0xFF,0xFF,0xFF,0xFF,0xFF,0xFF,
    0xFF,0xFF,0xFF,0xFF,0xFF,0xFF,0xFF,0xFF,0xFF,0xFF,0xFF,0xFF,0xFF,0xFF,0xFF,0xFF,
    0xFF,0xFF,0xFF,0xFF,0xFF,0xFF,0xFF,0xFF,0xFF,0xFF,0xFF,0xFF,0xFF,0xFF,0xFF,0xFF,
    0xFF,0xFF,0xFF,0xFF,0xFF,0xFF,0xFF,0xFF,0xFF,0xFF,0xFF,0xFF,0xFF,0xFF,0xFF,0xFF,
    0xFF,0xFF,0xFF,0xFF,0xFF,0xFF,0xFF,0xFF,0xFF,0xFF,0xFF,0xFF,0xFF,0xFF,0xFF,0xFF,
    0xFF,0xFF,0xFF,0xFF,0xFF,0xFF,0xFF,0xFF,0xFF,0xFF,0xFF,0xFF,0xFF,0xFF,0xFF,0xFF,
    0xFF,0xFF,0xFF,0xFF,0xFF,0xFF,0xFF,0xFF,0xFF,0xFF,0xFF,0xFF,0xFF,0xFF,0xFF,0xFF,
    0xFF,0xFF,0xFF,0xFC,0xFF,0xB0,0x00,0x04,0x04,0x00,0x61,0xFF,0xFC,0xFF,0xFF,0xFF,
    0xFF,0xFF,0xFF,0xFF,0xFF,0xFF,0xFF,0xFF,0xFF,0xFF,0xFF,0xFF,0xFF,0xFF,0xFF,0xFF,
    0xFF,0xFF,0xFF,0xFF,0xFF,0xFF,0xFF,0xFF,0xFF,0xFF,0xFF,0xFF,0xFF,0xFF,0xFF,0xFF,
    0xFF,0xFF,0xFF,0xFF,0xFF,0xFF,0xFF,0xFF,0xFF,0xFF,0xFF,0xFF,0xFF,0xFF,0xFF,0xFF,
    0xFF,0xFF,0xFF,0xFF,0xFF,0xFF,0xFF,0xFF,0xFF,0xFF,0xFF,0xFF,0xFF,0xFF,0xFF,0xFF,
    0xFF,0xFF,0xFF,0xFF,0xFF,0xFF,0xFF,0xFF,0xFF,0xFF,0xFF,0xFF,0xFF,0xFF,0xFF,0xFF,
    0xFF,0xFF,0xFF,0xFF,0xFF,0xFF,0xFF,0xFF,0xFF,0xFF,0xFF,0xFF,0xFF,0xFF,0xFF,0xFF,
    0xFF,0xFF,0xFF,0xFF,0xFF,0xFF,0xFF,0xFF,0xFF,0xFF,0xFF,0xFC,0xFF,0x61,0x00,0x04,
    0x01,0x00,0x18,0xF1,0xFF,0xFE,0xFF,0xFF,0xFF,0xFF,0xFF,0xFF,0xFF,0xFF,0xFF,0xFF,
    0xFF,0xFF,0xFF,0xFF,0xFF,0xFF,0xFF,0xFF,0xFF,0xFF,0xFF,0xFF,0xFF,0xFF,0xFF,0xFF,
    0xFF,0xFF,0xFF,0xFF,0xFF,0xFF,0xFF,0xFF,0xFF,0xFF,0xFF,0xFF,0xFF,0xFF,0xFF,0xFF,
    0xFF,0xFF,0xFF,0xFF,0xFF,0xFF,0xFF,0xFF,0xFF,0xFF,0xFF,0xFF,0xFF,0xFF,0xFF,0xFF,
    0xFF,0xFF,0xFF,0xFF,0xFF,0xFF,0xFF,0xFF,0xFF,0xFF,0xFF,0xFF,0xFF,0xFF,0xFF,0xFF,
    0xFF,0xFF,0xFF,0xFF,0xFF,0xFF,0xFF,0xFF,0xFF,0xFF,0xFF,0xFF,0xFF,0xFF,0xFF,0xFF,
    0xFF,0xFF,0xFF,0xFF,0xFF,0xFF,0xFF,0xFF,0xFF,0xFF,0xFF,0xFF,0xFF,0xFF,0xFF,0xFF,
    0xFF,0xFF,0xFE,0xFF,0xF1,0x18,0x00,0x01,0x00,0x02,0x00,0xB4,0xFE,0xFC,0xFF,0xFF,
    0xFF,0xFF,0xFF,0xFF,0xFF,0xFF,0xFF,0xFF,0xFF,0xFF,0xFF,0xFF,0xFF,0xFF,0xFF,0xFF,
    0xFF,0xFF,0xFF,0xFF,0xFF,0xFF,0xFF,0xFF,0xFF,0xFF,0xFF,0xFF,0xFF,0xFF,0xFF,0xFF,
    0xFF,0xFF,0xFF,0xFF,0xFF,0xFF,0xFF,0xFF,0xFF,0xFF,0xFF,0xFF,0xFF,0xFF,0xFF,0xFF,
    0xFF,0xFF,0xFF,0xFF,0xFF,0xFF,0xFF,0xFF,0xFF,0xFF,0xFF,0xFF,0xFF,0xFF,0xFF,0xFF,
    0xFF,0xFF,0xFF,0xFF,0xFF,0xFF,0xFF,0xFF,0xFF,0xFF,0xFF,0xFF,0xFF,0xFF,0xFF,0xFF,
    0xFF,0xFF,0xFF,0xFF,0xFF,0xFF,0xFF,0xFF,0xFF,0xFF,0xFF,0xFF,0xFF,0xFF,0xFF,0xFF,
    0xFF,0xFF,0xFF,0xFF,0xFF,0xFF,0xFF,0xFF,0xFF,0xFF,0xFC,0xFE,0xB4,0x00,0x02,0x00,
    0x00,0x04,0x00,0x60,0xFF,0xFC,0xFF,0xFF,0xFF,0xFF,0xFF,0xFF,0xFF,0xFF,0xFF,0xFF,
    0xFF,0xFF,0xFF,0xFF,0xFF,0xFF,0xFF,0xFF,0xFF,0xFF,0xFF,0xFF,0xFF,0xFF,0xFF,0xFF,
    0xFF,0xFF,0xFF,0xFF,0xFF,0xFF,0xFF,0xFF,0xFF,0xFF,0xFF,0xFF,0xFF,0xFF,0xFF,0xFF,
    0xFF,0xFF,0xFF,0xFF,0xFF,0xFF,0xFF,0xFF,0xFF,0xFF,0xFF,0xFF,0xFF,0xFF,0xFF,0xFF,
    0xFF,0xFF,0xFF,0xFF,0xFF,0xFF,0xFF,0xFF,0xFF,0xFF,0xFF,0xFF,0xFF,0xFF,0xFF,0xFF,
    0xFF,0xFF,0xFF,0xFF,0xFF,0xFF,0xFF,0xFF,0xFF,0xFF,0xFF,0xFF,0xFF,0xFF,0xFF,0xFF,
    0xFF,0xFF,0xFF,0xFF,0xFF,0xFF,0xFF,0xFF,0xFF,0xFF,0xFF,0xFF,0xFF,0xFF,0xFF,0xFF,
    0xFF,0xFF,0xFC,0xFF,0x60,0x00,0x04,0x00,0x00,0x01,0x00,0x15,0xEB,0xFE,0xFE,0xFF,
    0xFF,0xFF,0xFF,0xFF,0xFF,0xFF,0xFF,0xFF,0xFF,0xFF,0xFF,0xFF,0xFF,0xFF,0xFF,0xFF,
    0xFF,0xFF,0xFF,0xFF,0xFF,0xFF,0xFF,0xFF,0xFF,0xFF,0xFF,0xFF,0xFF,0xFF,0xFF,0xFF,
    0xFF,0xFF,0xFF,0xFF,0xFF,0xFF,0xFF,0xFF,0xFF,0xFF,0xFF,0xFF,0xFF,0xFF,0xFF,0xFF,
    0xFF,0xFF,0xFF,0xFF,0xFF,0xFF,0xFF,0xFF,0xFF,0xFF,0xFF,0xFF,0xFF,0xFF,0xFF,0xFF,
    0xFF,0xFF,0xFF,0xFF,0xFF,0xFF,0xFF,0xFF,0xFF,0xFF,0xFF,0xFF,0xFF,0xFF,0xFF,0xFF,
    0xFF,0xFF,0xFF,0xFF,0xFF,0xFF,0xFF,0xFF,0xFF,0xFF,0xFF,0xFF,0xFF,0xFF,0xFF,0xFF,
    0xFF,0xFF,0xFF,0xFF,0xFF,0xFF,0xFF,0xFF,0xFF,0xFE,0xFE,0xEB,0x15,0x00,0x01,0x00,
    0x00,0x00,0x03,0x00,0x9A,0xFF,0xFB,0xFF,0xFF,0xFF,0xFF,0xFF,0xFF,0xFF,0xFF,0xFF,
    0xFF,0xFF,0xFF,0xFF,0xFF,0xFF,0xFF,0xFF,0xFF,0xFF,0xFF,0xFF,0xFF,0xFF,0xFF,0xFF,
    0xFF,0xFF,0xFF,0xFF,0xFF,0xFF,0xFF,0xFF,0xFF,0xFF,0xFF,0xFF,0xFF,0xFF,0xFF,0xFF,
    0xFF,0xFF,0xFF,0xFF,0xFF,0xFF,0xFF,0xFF,0xFF,0xFF,0xFF,0xFF,0xFF,0xFF,0xFF,0xFF,
    0xFF,0xFF,0xFF,0xFF,0xFF,0xFF,0xFF,0xFF,0xFF,0xFF,0xFF,0xFF,0xFF,0xFF,0xFF,0xFF,
    0xFF,0xFF,0xFF,0xFF,0xFF,0xFF,0xFF,0xFF,0xFF,0xFF,0xFF,0xFF,0xFF,0xFF,0xFF,0xFF,
    0xFF,0xFF,0xFF,0xFF,0xFF,0xFF,0xFF,0xFF,0xFF,0xFF,0xFF,0xFF,0xFF,0xFF,0xFF,0xFF,
    0xFF,0xFB,0xFF,0x9A,0x00,0x03,0x00,0x00,0x00,0x00,0x03,0x01,0x36,0xFF,0xFD,0xFF,
    0xFF,0xFF,0xFF,0xFF,0xFF,0xFF,0xFF,0xFF,0xFF,0xFF,0xFF,0xFF,0xFF,0xFF,0xFF,0xFF,
    0xFF,0xFF,0xFF,0xFF,0xFF,0xFF,0xFF,0xFF,0xFF,0xFF,0xFF,0xFF,0xFF,0xFF,0xFF,0xFF,
    0xFF,0xFF,0xFF,0xFF,0xFF,0xFF,0xFF,0xFF,0xFF,0xFF,0xFF,0xFF,0xFF,0xFF,0xFF,0xFF,
    0xFF,0xFF,0xFF,0xFF,0xFF,0xFF,0xFF,0xFF,0xFF,0xFF,0xFF,0xFF,0xFF,0xFF,0xFF,0xFF,
    0xFF,0xFF,0xFF,0xFF,0xFF,0xFF,0xFF,0xFF,0xFF,0xFF,0xFF,0xFF,0xFF,0xFF,0xFF,0xFF,
    0xFF,0xFF,0xFF,0xFF,0xFF,0xFF,0xFF,0xFF,0xFF,0xFF,0xFF,0xFF,0xFF,0xFF,0xFF,0xFF,
    0xFF,0xFF,0xFF,0xFF,0xFF,0xFF,0xFF,0xFF,0xFF,0xFD,0xFF,0x36,0x01,0x03,0x00,0x00,
    0x00,0x00,0x00,0x02,0x02,0xBF,0xFF,0xFC,0xFF,0xFF,0xFF,0xFF,0xFF,0xFF,0xFF,0xFF,
    0xFF,0xFF,0xFF,0xFF,0xFF,0xFF,0xFF,0xFF,0xFF,0xFF,0xFF,0xFF,0xFF,0xFF,0xFF,0xFF,
    0xFF,0xFF,0xFF,0xFF,0xFF,0xFF,0xFF,0xFF,0xFF,0xFF,0xFF,0xFF,0xFF,0xFF,0xFF,0xFF,
    0xFF,0xFF,0xFF,0xFF,0xFF,0xFF,0xFF,0xFF,0xFF,0xFF,0xFF,0xFF,0xFF,0xFF,0xFF,0xFF,
    0xFF,0xFF,0xFF,0xFF,0xFF,0xFF,0xFF,0xFF,0xFF,0xFF,0xFF,0xFF,0xFF,0xFF,0xFF,0xFF,
    0xFF,0xFF,0xFF,0xFF,0xFF,0xFF,0xFF,0xFF,0xFF,0xFF,0xFF,0xFF,0xFF,0xFF,0xFF,0xFF,
    0xFF,0xFF,0xFF,0xFF,0xFF,0xFF,0xFF,0xFF,0xFF,0xFF,0xFF,0xFF,0xFF,0xFF,0xFF,0xFF,
    0xFC,0xFF,0xBF,0x02,0x02,0x00,0x00,0x00,0x00,0x00,0x00,0x03,0x00,0x41,0xFE,0xFD,
    0xFF,0xFF,0xFF,0xFF,0xFF,0xFF,0xFF,0xFF,0xFF,0xFF,0xFF,0xFF,0xFF,0xFF,0xFF,0xFF,
    0xFF,0xFF,0xFF,0xFF,0xFF,0xFF,0xFF,0xFF,0xFF,0xFF,0xFF,0xFF,0xFF,0xFF,0xFF,0xFF,
    0xFF,0xFF,0xFF,0xFF,0xFF,0xFF,0xFF,0xFF,0xFF,0xFF,0xFF,0xFF,0xFF,0xFF,0xFF,0xFF,
    0xFF,0xFF,0xFF,0xFF,0xFF,0xFF,0xFF,0xFF,0xFF,0xFF,0xFF,0xFF,0xFF,0xFF,0xFF,0xFF,
    0xFF,0xFF,0xFF,0xFF,0xFF,0xFF,0xFF,0xFF,0xFF,0xFF,0xFF,0xFF,0xFF,0xFF,0xFF,0xFF,
    0xFF,0xFF,0xFF,0xFF,0xFF,0xFF,0xFF,0xFF,0xFF,0xFF,0xFF,0xFF,0xFF,0xFF,0xFF,0xFF,
    0xFF,0xFF,0xFF,0xFF,0xFF,0xFF,0xFF,0xFF,0xFD,0xFE,0x41,0x00,0x03,0x00,0x00,0x00,
    0x00,0x00,0x00,0x00,0x02,0x04,0xD8,0xFF,0xFD,0xFF,0xFF,0xFF,0xFF,0xFF,0xFF,0xFF,
    0xFF,0xFF,0xFF,0xFF,0xFF,0xFF,0xFF,0xFF,0xFF,0xFF,0xFF,0xFF,0xFF,0xFF,0xFF,0xFF,
    0xFF,0xFF,0xFF,0xFF,0xFF,0xFF,0xFF,0xFF,0xFF,0xFF,0xFF,0xFF,0xFF,0xFF,0xFF,0xFF,
    0xFF,0xFF,0xFF,0xFF,0xFF,0xFF,0xFF,0xFF,0xFF,0xFF,0xFF,0xFF,0xFF,0xFF,0xFF,0xFF,
    0xFF,0xFF,0xFF,0xFF,0xFF,0xFF,0xFF,0xFF,0xFF,0xFF,0xFF,0xFF,0xFF,0xFF,0xFF,0xFF,
    0xFF,0xFF,0xFF,0xFF,0xFF,0xFF,0xFF,0xFF,0xFF,0xFF,0xFF,0xFF,0xFF,0xFF,0xFF,0xFF,
    0xFF,0xFF,0xFF,0xFF,0xFF,0xFF,0xFF,0xFF,0xFF,0xFF,0xFF,0xFF,0xFF,0xFF,0xFF,0xFD,
    0xFF,0xD8,0x04,0x02,0x00,0x00,0x00,0x00,0x00,0x00,0x00,0x00,0x03,0x00,0x56,0xFF,
    0xFC,0xFF,0xFF,0xFF,0xFF,0xFF,0xFF,0xFF,0xFF,0xFF,0xFF,0xFF,0xFF,0xFF,0xFF,0xFF,
    0xFF,0xFF,0xFF,0xFF,0xFF,0xFF,0xFF,0xFF,0xFF,0xFF,0xFF,0xFF,0xFF,0xFF,0xFF,0xFF,
    0xFF,0xFF,0xFF,0xFF,0xFF,0xFF,0xFF,0xFF,0xFF,0xFF,0xFF,0xFF,0xFF,0xFF,0xFF,0xFF,
    0xFF,0xFF,0xFF,0xFF,0xFF,0xFF,0xFF,0xFF,0xFF,0xFF,0xFF,0xFF,0xFF,0xFF,0xFF,0xFF,
    0xFF,0xFF,0xFF,0xFF,0xFF,0xFF,0xFF,0xFF,0xFF,0xFF,0xFF,0xFF,0xFF,0xFF,0xFF,0xFF,
    0xFF,0xFF,0xFF,0xFF,0xFF,0xFF,0xFF,0xFF,0xFF,0xFF,0xFF,0xFF,0xFF,0xFF,0xFF,0xFF,
    0xFF,0xFF,0xFF,0xFF,0xFF,0xFF,0xFF,0xFC,0xFF,0x56,0x00,0x03,0x00,0x00,0x00,0x00,
    0x00,0x00,0x00,0x00,0x00,0x02,0x00,0xBF,0xFF,0xFC,0xFF,0xFF,0xFF,0xFF,0xFF,0xFF,
    0xFF,0xFF,0xFF,0xFF,0xFF,0xFF,0xFF,0xFF,0xFF,0xFF,0xFF,0xFF,0xFF,0xFF,0xFF,0xFF,
    0xFF,0xFF,0xFF,0xFF,0xFF,0xFF,0xFF,0xFF,0xFF,0xFF,0xFF,0xFF,0xFF,0xFF,0xFF,0xFF,
    0xFF,0xFF,0xFF,0xFF,0xFF,0xFF,0xFF,0xFF,0xFF,0xFF,0xFF,0xFF,0xFF,0xFF,0xFF,0xFF,
    0xFF,0xFF,0xFF,0xFF,0xFF,0xFF,0xFF,0xFF,0xFF,0xFF,0xFF,0xFF,0xFF,0xFF,0xFF,0xFF,
    0xFF,0xFF,0xFF,0xFF,0xFF,0xFF,0xFF,0xFF,0xFF,0xFF,0xFF,0xFF,0xFF,0xFF,0xFF,0xFF,
    0xFF,0xFF,0xFF,0xFF,0xFF,0xFF,0xFF,0xFF,0xFF,0xFF,0xFF,0xFF,0xFF,0xFF,0xFC,0xFF,
    0xBF,0x00,0x02,0x00,0x00,0x00,0x00,0x00,0x00,0x00,0x00,0x00,0x00,0x03,0x01,0x3F,
    0xFD,0xFC,0xFF,0xFF,0xFF,0xFF,0xFF,0xFF,0xFF,0xFF,0xFF,0xFF,0xFF,0xFF,0xFF,0xFF,
    0xFF,0xFF,0xFF,0xFF,0xFF,0xFF,0xFF,0xFF,0xFF,0xFF,0xFF,0xFF,0xFF,0xFF,0xFF,0xFF,
    0xFF,0xFF,0xFF,0xFF,0xFF,0xFF,0xFF,0xFF,0xFF,0xFF,0xFF,0xFF,0xFF,0xFF,0xFF,0xFF,
    0xFF,0xFF,0xFF,0xFF,0xFF,0xFF,0xFF,0xFF,0xFF,0xFF,0xFF,0xFF,0xFF,0xFF,0xFF,0xFF,
    0xFF,0xFF,0xFF,0xFF,0xFF,0xFF,0xFF,0xFF,0xFF,0xFF,0xFF,0xFF,0xFF,0xFF,0xFF,0xFF,
    0xFF,0xFF,0xFF,0xFF,0xFF,0xFF,0xFF,0xFF,0xFF,0xFF,0xFF,0xFF,0xFF,0xFF,0xFF,0xFF,
    0xFF,0xFF,0xFF,0xFF,0xFF,0xFF,0xFC,0xFD,0x3F,0x01,0x03,0x00,0x00,0x00,0x00,0x00,
    0x00,0x00,0x00,0x00,0x00,0x00,0x03,0x00,0xA0,0xFF,0xFC,0xFF,0xFF,0xFF,0xFF,0xFF,
    0xFF,0xFF,0xFF,0xFF,0xFF,0xFF,0xFF,0xFF,0xFF,0xFF,0xFF,0xFF,0xFF,0xFF,0xFF,0xFF,
    0xFF,0xFF,0xFF,0xFF,0xFF,0xFF,0xFF,0xFF,0xFF,0xFF,0xFF,0xFF,0xFF,0xFF,0xFF,0xFF,
    0xFF,0xFF,0xFF,0xFF,0xFF,0xFF,0xFF,0xFF,0xFF,0xFF,0xFF,0xFF,0xFF,0xFF,0xFF,0xFF,
    0xFF,0xFF,0xFF,0xFF,0xFF,0xFF,0xFF,0xFF,0xFF,0xFF,0xFF,0xFF,0xFF,0xFF,0xFF,0xFF,
    0xFF,0xFF,0xFF,0xFF,0xFF,0xFF,0xFF,0xFF,0xFF,0xFF,0xFF,0xFF,0xFF,0xFF,0xFF,0xFF,
    0xFF,0xFF,0xFF,0xFF,0xFF,0xFF,0xFF,0xFF,0xFF,0xFF,0xFF,0xFF,0xFF,0xFC,0xFF,0xA0,
    0x00,0x03,0x00,0x00,0x00,0x00,0x00,0x00,0x00,0x00,0x00,0x00,0x00,0x00,0x02,0x01,
    0x18,0xEE,0xFD,0xFE,0xFF,0xFF,0xFF,0xFF,0xFF,0xFF,0xFF,0xFF,0xFF,0xFF,0xFF,0xFF,
    0xFF,0xFF,0xFF,0xFF,0xFF,0xFF,0xFF,0xFF,0xFF,0xFF,0xFF,0xFF,0xFF,0xFF,0xFF,0xFF,
    0xFF,0xFF,0xFF,0xFF,0xFF,0xFF,0xFF,0xFF,0xFF,0xFF,0xFF,0xFF,0xFF,0xFF,0xFF,0xFF,
    0xFF,0xFF,0xFF,0xFF,0xFF,0xFF,0xFF,0xFF,0xFF,0xFF,0xFF,0xFF,0xFF,0xFF,0xFF,0xFF,
    0xFF,0xFF,0xFF,0xFF,0xFF,0xFF,0xFF,0xFF,0xFF,0xFF,0xFF,0xFF,0xFF,0xFF,0xFF,0xFF,
    0xFF,0xFF,0xFF,0xFF,0xFF,0xFF,0xFF,0xFF,0xFF,0xFF,0xFF,0xFF,0xFF,0xFF,0xFF,0xFF,
    0xFF,0xFF,0xFF,0xFF,0xFE,0xFD,0xEE,0x18,0x01,0x02,0x00,0x00,0x00,0x00,0x00,0x00,
    0x00,0x00,0x00,0x00,0x00,0x00,0x00,0x03,0x00,0x6B,0xFF,0xFB,0xFF,0xFF,0xFF,0xFF,
    0xFF,0xFF,0xFF,0xFF,0xFF,0xFF,0xFF,0xFF,0xFF,0xFF,0xFF,0xFF,0xFF,0xFF,0xFF,0xFF,
    0xFF,0xFF,0xFF,0xFF,0xFF,0xFF,0xFF,0xFF,0xFF,0xFF,0xFF,0xFF,0xFF,0xFF,0xFF,0xFF,
    0xFF,0xFF,0xFF,0xFF,0xFF,0xFF,0xFF,0xFF,0xFF,0xFF,0xFF,0xFF,0xFF,0xFF,0xFF,0xFF,
    0xFF,0xFF,0xFF,0xFF,0xFF,0xFF,0xFF,0xFF,0xFF,0xFF,0xFF,0xFF,0xFF,0xFF,0xFF,0xFF,
    0xFF,0xFF,0xFF,0xFF,0xFF,0xFF,0xFF,0xFF,0xFF,0xFF,0xFF,0xFF,0xFF,0xFF,0xFF,0xFF,
    0xFF,0xFF,0xFF,0xFF,0xFF,0xFF,0xFF,0xFF,0xFF,0xFF,0xFF,0xFF,0xFB,0xFF,0x6B,0x00,
    0x03,0x00,0x00,0x00,0x00,0x00,0x00,0x00,0x00,0x00,0x00,0x00,0x00,0x00,0x00,0x00,
    0x03,0x00,0xBC,0xFF,0xFC,0xFF,0xFF,0xFF,0xFF,0xFF,0xFF,0xFF,0xFF,0xFF,0xFF,0xFF,
    0xFF,0xFF,0xFF,0xFF,0xFF,0xFF,0xFF,0xFF,0xFF,0xFF,0xFF,0xFF,0xFF,0xFF,0xFF,0xFF,
    0xFF,0xFF,0xFF,0xFF,0xFF,0xFF,0xFF,0xFF,0xFF,0xFF,0xFF,0xFF,0xFF,0xFF,0xFF,0xFF,
    0xFF,0xFF,0xFF,0xFF,0xFF,0xFF,0xFF,0xFF,0xFF,0xFF,0xFF,0xFF,0xFF,0xFF,0xFF,0xFF,
    0xFF,0xFF,0xFF,0xFF,0xFF,0xFF,0xFF,0xFF,0xFF,0xFF,0xFF,0xFF,0xFF,0xFF,0xFF,0xFF,
    0xFF,0xFF,0xFF,0xFF,0xFF,0xFF,0xFF,0xFF,0xFF,0xFF,0xFF,0xFF,0xFF,0xFF,0xFF,0xFF,
    0xFF,0xFF,0xFF,0xFC,0xFF,0xBC,0x00,0x03,0x00,0x00,0x00,0x00,0x00,0x00,0x00,0x00,
    0x00,0x00,0x00,0x00,0x00,0x00,0x00,0x00,0x02,0x01,0x23,0xEE,0xFD,0xFE,0xFF,0xFF,
    0xFF,0xFF,0xFF,0xFF,0xFF,0xFF,0xFF,0xFF,0xFF,0xFF,0xFF,0xFF,0xFF,0xFF,0xFF,0xFF,
    0xFF,0xFF,0xFF,0xFF,0xFF,0xFF,0xFF,0xFF,0xFF,0xFF,0xFF,0xFF,0xFF,0xFF,0xFF,0xFF,
    0xFF,0xFF,0xFF,0xFF,0xFF,0xFF,0xFF,0xFF,0xFF,0xFF,0xFF,0xFF,0xFF,0xFF,0xFF,0xFF,
    0xFF,0xFF,0xFF,0xFF,0xFF,0xFF,0xFF,0xFF,0xFF,0xFF,0xFF,0xFF,0xFF,0xFF,0xFF,0xFF,
    0xFF,0xFF,0xFF,0xFF,0xFF,0xFF,0xFF,0xFF,0xFF,0xFF,0xFF,0xFF,0xFF,0xFF,0xFF,0xFF,
    0xFF,0xFF,0xFF,0xFF,0xFF,0xFF,0xFF,0xFF,0xFF,0xFF,0xFE,0xFD,0xEE,0x23,0x01,0x02,
    0x00,0x00,0x00,0x00,0x00,0x00,0x00,0x00,0x00,0x00,0x00,0x00,0x00,0x00,0x00,0x00,
    0x00,0x03,0x00,0x54,0xFF,0xFB,0xFF,0xFF,0xFF,0xFF,0xFF,0xFF,0xFF,0xFF,0xFF,0xFF,
    0xFF,0xFF,0xFF,0xFF,0xFF,0xFF,0xFF,0xFF,0xFF,0xFF,0xFF,0xFF,0xFF,0xFF,0xFF,0xFF,
    0xFF,0xFF,0xFF,0xFF,0xFF,0xFF,0xFF,0xFF,0xFF,0xFF,0xFF,0xFF,0xFF,0xFF,0xFF,0xFF,
    0xFF,0xFF,0xFF,0xFF,0xFF,0xFF,0xFF,0xFF,0xFF,0xFF,0xFF,0xFF,0xFF,0xFF,0xFF,0xFF,
    0xFF,0xFF,0xFF,0xFF,0xFF,0xFF,0xFF,0xFF,0xFF,0xFF,0xFF,0xFF,0xFF,0xFF,0xFF,0xFF,
    0xFF,0xFF,0xFF,0xFF,0xFF,0xFF,0xFF,0xFF,0xFF,0xFF,0xFF,0xFF,0xFF,0xFF,0xFF,0xFF,
    0xFF,0xFF,0xFB,0xFF,0x54,0x00,0x03,0x00,0x00,0x00,0x00,0x00,0x00,0x00,0x00,0x00,
    0x00,0x00,0x00,0x00,0x00,0x00,0x00,0x00,0x00,0x00,0x04,0x00,0x8F,0xFF,0xFB,0xFF,
    0xFF,0xFF,0xFF,0xFF,0xFF,0xFF,0xFF,0xFF,0xFF,0xFF,0xFF,0xFF,0xFF,0xFF,0xFF,0xFF,
    0xFF,0xFF,0xFF,0xFF,0xFF,0xFF,0xFF,0xFF,0xFF,0xFF,0xFF,0xFF,0xFF,0xFF,0xFF,0xFF,
    0xFF,0xFF,0xFF,0xFF,0xFF,0xFF,0xFF,0xFF,0xFF,0xFF,0xFF,0xFF,0xFF,0xFF,0xFF,0xFF,
    0xFF,0xFF,0xFF,0xFF,0xFF,0xFF,0xFF,0xFF,0xFF,0xFF,0xFF,0xFF,0xFF,0xFF,0xFF,0xFF,
    0xFF,0xFF,0xFF,0xFF,0xFF,0xFF,0xFF,0xFF,0xFF,0xFF,0xFF,0xFF,0xFF,0xFF,0xFF,0xFF,
    0xFF,0xFF,0xFF,0xFF,0xFF,0xFF,0xFF,0xFF,0xFF,0xFB,0xFF,0x8F,0x00,0x04,0x00,0x00,
    0x00,0x00,0x00,0x00,0x00,0x00,0x00,0x00,0x00,0x00,0x00,0x00,0x00,0x00,0x00,0x00,
    0x00,0x00,0x01,0x03,0x03,0xC6,0xFF,0xFC,0xFF,0xFF,0xFF,0xFF,0xFF,0xFF,0xFF,0xFF,
    0xFF,0xFF,0xFF,0xFF,0xFF,0xFF,0xFF,0xFF,0xFF,0xFF,0xFF,0xFF,0xFF,0xFF,0xFF,0xFF,
    0xFF,0xFF,0xFF,0xFF,0xFF,0xFF,0xFF,0xFF,0xFF,0xFF,0xFF,0xFF,0xFF,0xFF,0xFF,0xFF,
    0xFF,0xFF,0xFF,0xFF,0xFF,0xFF,0xFF,0xFF,0xFF,0xFF,0xFF,0xFF,0xFF,0xFF,0xFF,0xFF,
    0xFF,0xFF,0xFF,0xFF,0xFF,0xFF,0xFF,0xFF,0xFF,0xFF,0xFF,0xFF,0xFF,0xFF,0xFF,0xFF,
    0xFF,0xFF,0xFF,0xFF,0xFF,0xFF,0xFF,0xFF,0xFF,0xFF,0xFF,0xFF,0xFF,0xFF,0xFF,0xFF,
    0xFC,0xFF,0xC6,0x03,0x03,0x01,0x00,0x00,0x00,0x00,0x00,0x00,0x00,0x00,0x00,0x00,
    0x00,0x00,0x00,0x00,0x00,0x00,0x00,0x00,0x00,0x00,0x00,0x02,0x01,0x16,0xE9,0xFF,
    0xFD,0xFF,0xFF,0xFF,0xFF,0xFF,0xFF,0xFF,0xFF,0xFF,0xFF,0xFF,0xFF,0xFF,0xFF,0xFF,
    0xFF,0xFF,0xFF,0xFF,0xFF,0xFF,0xFF,0xFF,0xFF,0xFF,0xFF,0xFF,0xFF,0xFF,0xFF,0xFF,
    0xFF,0xFF,0xFF,0xFF,0xFF,0xFF,0xFF,0xFF,0xFF,0xFF,0xFF,0xFF,0xFF,0xFF,0xFF,0xFF,
    0xFF,0xFF,0xFF,0xFF,0xFF,0xFF,0xFF,0xFF,0xFF,0xFF,0xFF,0xFF,0xFF,0xFF,0xFF,0xFF,
    0xFF,0xFF,0xFF,0xFF,0xFF,0xFF,0xFF,0xFF,0xFF,0xFF,0xFF,0xFF,0xFF,0xFF,0xFF,0xFF,
    0xFF,0xFF,0xFF,0xFF,0xFF,0xFF,0xFF,0xFD,0xFF,0xE9,0x16,0x01,0x02,0x00,0x00,0x00,
    0x00,0x00,0x00,0x00,0x00,0x00,0x00,0x00,0x00,0x00,0x00,0x00,0x00,0x00,0x00,0x00,
    0x00,0x00,0x00,0x00,0x02,0x00,0x36,0xED,0xFD,0xFD,0xFF,0xFF,0xFF,0xFF,0xFF,0xFF,
    0xFF,0xFF,0xFF,0xFF,0xFF,0xFF,0xFF,0xFF,0xFF,0xFF,0xFF,0xFF,0xFF,0xFF,0xFF,0xFF,
    0xFF,0xFF,0xFF,0xFF,0xFF,0xFF,0xFF,0xFF,0xFF,0xFF,0xFF,0xFF,0xFF,0xFF,0xFF,0xFF,
    0xFF,0xFF,0xFF,0xFF,0xFF,0xFF,0xFF,0xFF,0xFF,0xFF,0xFF,0xFF,0xFF,0xFF,0xFF,0xFF,
    0xFF,0xFF,0xFF,0xFF,0xFF,0xFF,0xFF,0xFF,0xFF,0xFF,0xFF,0xFF,0xFF,0xFF,0xFF,0xFF,
    0xFF,0xFF,0xFF,0xFF,0xFF,0xFF,0xFF,0xFF,0xFF,0xFF,0xFF,0xFF,0xFF,0xFF,0xFD,0xFD,
    0xED,0x36,0x00,0x02,0x00,0x00,0x00,0x00,0x00,0x00,0x00,0x00,0x00,0x00,0x00,0x00,
    0x00,0x00,0x00,0x00,0x00,0x00,0x00,0x00,0x00,0x00,0x00,0x00,0x00,0x03,0x00,0x39,
    0xFE,0xFD,0xFE,0xFF,0xFF,0xFF,0xFF,0xFF,0xFF,0xFF,0xFF,0xFF,0xFF,0xFF,0xFF,0xFF,
    0xFF,0xFF,0xFF,0xFF,0xFF,0xFF,0xFF,0xFF,0xFF,0xFF,0xFF,0xFF,0xFF,0xFF,0xFF,0xFF,
    0xFF,0xFF,0xFF,0xFF,0xFF,0xFF,0xFF,0xFF,0xFF,0xFF,0xFF,0xFF,0xFF,0xFF,0xFF,0xFF,
    0xFF,0xFF,0xFF,0xFF,0xFF,0xFF,0xFF,0xFF,0xFF,0xFF,0xFF,0xFF,0xFF,0xFF,0xFF,0xFF,
    0xFF,0xFF,0xFF,0xFF,0xFF,0xFF,0xFF,0xFF,0xFF,0xFF,0xFF,0xFF,0xFF,0xFF,0xFF,0xFF,
    0xFF,0xFF,0xFF,0xFF,0xFF,0xFE,0xFD,0xFE,0x39,0x00,0x03,0x00,0x00,0x00,0x00,0x00,
    0x00,0x00,0x00,0x00,0x00,0x00,0x00,0x00,0x00,0x00,0x00,0x00,0x00,0x00,0x00,0x00,
    0x00,0x00,0x00,0x00,0x00,0x00,0x04,0x00,0x65,0xFF,0xFC,0xFE,0xFF,0xFF,0xFF,0xFF,
    0xFF,0xFF,0xFF,0xFF,0xFF,0xFF,0xFF,0xFF,0xFF,0xFF,0xFF,0xFF,0xFF,0xFF,0xFF,0xFF,
    0xFF,0xFF,0xFF,0xFF,0xFF,0xFF,0xFF,0xFF,0xFF,0xFF,0xFF,0xFF,0xFF,0xFF,0xFF,0xFF,
    0xFF,0xFF,0xFF,0xFF,0xFF,0xFF,0xFF,0xFF,0xFF,0xFF,0xFF,0xFF,0xFF,0xFF,0xFF,0xFF,
    0xFF,0xFF,0xFF,0xFF,0xFF,0xFF,0xFF,0xFF,0xFF,0xFF,0xFF,0xFF,0xFF,0xFF,0xFF,0xFF,
    0xFF,0xFF,0xFF,0xFF,0xFF,0xFF,0xFF,0xFF,0xFF,0xFF,0xFF,0xFF,0xFE,0xFC,0xFF,0x65,
    0x00,0x04,0x00,0x00,0x00,0x00,0x00,0x00,0x00,0x00,0x00,0x00,0x00,0x00,0x00,0x00,
    0x00,0x00,0x00,0x00,0x00,0x00,0x00,0x00,0x00,0x00,0x00,0x00,0x00,0x00,0x00,0x04,
    0x00,0x65,0xFF,0xFE,0xFD,0xFF,0xFF,0xFF,0xFF,0xFF,0xFF,0xFF,0xFF,0xFF,0xFF,0xFF,
    0xFF,0xFF,0xFF,0xFF,0xFF,0xFF,0xFF,0xFF,0xFF,0xFF,0xFF,0xFF,0xFF,0xFF,0xFF,0xFF,
    0xFF,0xFF,0xFF,0xFF,0xFF,0xFF,0xFF,0xFF,0xFF,0xFF,0xFF,0xFF,0xFF,0xFF,0xFF,0xFF,
    0xFF,0xFF,0xFF,0xFF,0xFF,0xFF,0xFF,0xFF,0xFF,0xFF,0xFF,0xFF,0xFF,0xFF,0xFF,0xFF,
    0xFF,0xFF,0xFF,0xFF,0xFF,0xFF,0xFF,0xFF,0xFF,0xFF,0xFF,0xFF,0xFF,0xFF,0xFF,0xFF,
    0xFF,0xFF,0xFF,0xFD,0xFE,0xFF,0x65,0x00,0x04,0x00,0x00,0x00,0x00,0x00,0x00,0x00,
    0x00,0x00,0x00,0x00,0x00,0x00,0x00,0x00,0x00,0x00,0x00,0x00,0x00,0x00,0x00,0x00,
    0x00,0x00,0x00,0x00,0x00,0x00,0x00,0x00,0x04,0x00,0x65,0xFB,0xFF,0xFD,0xFF,0xFF,
    0xFF,0xFF,0xFF,0xFF,0xFF,0xFF,0xFF,0xFF,0xFF,0xFF,0xFF,0xFF,0xFF,0xFF,0xFF,0xFF,
    0xFF,0xFF,0xFF,0xFF,0xFF,0xFF,0xFF,0xFF,0xFF,0xFF,0xFF,0xFF,0xFF,0xFF,0xFF,0xFF,
    0xFF,0xFF,0xFF,0xFF,0xFF,0xFF,0xFF,0xFF,0xFF,0xFF,0xFF,0xFF,0xFF,0xFF,0xFF,0xFF,
    0xFF,0xFF,0xFF,0xFF,0xFF,0xFF,0xFF,0xFF,0xFF,0xFF,0xFF,0xFF,0xFF,0xFF,0xFF,0xFF,
    0xFF,0xFF,0xFF,0xFF,0xFF,0xFF,0xFF,0xFF,0xFF,0xFF,0xFD,0xFF,0xFB,0x65,0x00,0x04,
    0x00,0x00,0x00,0x00,0x00,0x00,0x00,0x00,0x00,0x00,0x00,0x00,0x00,0x00,0x00,0x00,
    0x00,0x00,0x00,0x00,0x00,0x00,0x00,0x00,0x00,0x00,0x00,0x00,0x00,0x00,0x00,0x00,
    0x00,0x04,0x00,0x3B,0xEE,0xFF,0xFB,0xFF,0xFF,0xFF,0xFF,0xFF,0xFF,0xFF,0xFF,0xFF,
    0xFF,0xFF,0xFF,0xFF,0xFF,0xFF,0xFF,0xFF,0xFF,0xFF,0xFF,0xFF,0xFF,0xFF,0xFF,0xFF,
    0xFF,0xFF,0xFF,0xFF,0xFF,0xFF,0xFF,0xFF,0xFF,0xFF,0xFF,0xFF,0xFF,0xFF,0xFF,0xFF,
    0xFF,0xFF,0xFF,0xFF,0xFF,0xFF,0xFF,0xFF,0xFF,0xFF,0xFF,0xFF,0xFF,0xFF,0xFF,0xFF,
    0xFF,0xFF,0xFF,0xFF,0xFF,0xFF,0xFF,0xFF,0xFF,0xFF,0xFF,0xFF,0xFF,0xFF,0xFF,0xFF,
    0xFF,0xFB,0xFF,0xEE,0x3B,0x00,0x04,0x00,0x00,0x00,0x00,0x00,0x00,0x00,0x00,0x00,
    0x00,0x00,0x00,0x00,0x00,0x00,0x00,0x00,0x00,0x00,0x00,0x00,0x00,0x00,0x00,0x00,
    0x00,0x00,0x00,0x00,0x00,0x00,0x00,0x00,0x00,0x00,0x04,0x00,0x35,0xE6,0xFF,0xFB,
    0xFF,0xFF,0xFF,0xFF,0xFF,0xFF,0xFF,0xFF,0xFF,0xFF,0xFF,0xFF,0xFF,0xFF,0xFF,0xFF,
    0xFF,0xFF,0xFF,0xFF,0xFF,0xFF,0xFF,0xFF,0xFF,0xFF,0xFF,0xFF,0xFF,0xFF,0xFF,0xFF,
    0xFF,0xFF,0xFF,0xFF,0xFF,0xFF,0xFF,0xFF,0xFF,0xFF,0xFF,0xFF,0xFF,0xFF,0xFF,0xFF,
    0xFF,0xFF,0xFF,0xFF,0xFF,0xFF,0xFF,0xFF,0xFF,0xFF,0xFF,0xFF,0xFF,0xFF,0xFF,0xFF,
    0xFF,0xFF,0xFF,0xFF,0xFF,0xFF,0xFF,0xFF,0xFB,0xFF,0xE6,0x35,0x00,0x04,0x00,0x00,
    0x00,0x00,0x00,0x00,0x00,0x00,0x00,0x00,0x00,0x00,0x00,0x00,0x00,0x00,0x00,0x00,
    0x00,0x00,0x00,0x00,0x00,0x00,0x00,0x00,0x00,0x00,0x00,0x00,0x00,0x00,0x00,0x00,
    0x00,0x00,0x00,0x03,0x00,0x19,0xC4,0xFF,0xFC,0xFE,0xFF,0xFF,0xFF,0xFF,0xFF,0xFF,
    0xFF,0xFF,0xFF,0xFF,0xFF,0xFF,0xFF,0xFF,0xFF,0xFF,0xFF,0xFF,0xFF,0xFF,0xFF,0xFF,
    0xFF,0xFF,0xFF,0xFF,0xFF,0xFF,0xFF,0xFF,0xFF,0xFF,0xFF,0xFF,0xFF,0xFF,0xFF,0xFF,
    0xFF,0xFF,0xFF,0xFF,0xFF,0xFF,0xFF,0xFF,0xFF,0xFF,0xFF,0xFF,0xFF,0xFF,0xFF,0xFF,
    0xFF,0xFF,0xFF,0xFF,0xFF,0xFF,0xFF,0xFF,0xFF,0xFF,0xFF,0xFF,0xFF,0xFF,0xFE,0xFC,
    0xFF,0xC4,0x19,0x00,0x03,0x00,0x00,0x00,0x00,0x00,0x00,0x00,0x00,0x00,0x00,0x00,
    0x00,0x00,0x00,0x00,0x00,0x00,0x00,0x00,0x00,0x00,0x00,0x00,0x00,0x00,0x00,0x00,
    0x00,0x00,0x00,0x00,0x00,0x00,0x00,0x00,0x00,0x00,0x00,0x00,0x03,0x00,0x04,0x8F,
    0xFF,0xFF,0xFC,0xFF,0xFF,0xFF,0xFF,0xFF,0xFF,0xFF,0xFF,0xFF,0xFF,0xFF,0xFF,0xFF,
    0xFF,0xFF,0xFF,0xFF,0xFF,0xFF,0xFF,0xFF,0xFF,0xFF,0xFF,0xFF,0xFF,0xFF,0xFF,0xFF,
    0xFF,0xFF,0xFF,0xFF,0xFF,0xFF,0xFF,0xFF,0xFF,0xFF,0xFF,0xFF,0xFF,0xFF,0xFF,0xFF,
    0xFF,0xFF,0xFF,0xFF,0xFF,0xFF,0xFF,0xFF,0xFF,0xFF,0xFF,0xFF,0xFF,0xFF,0xFF,0xFF,
    0xFF,0xFF,0xFF,0xFF,0xFF,0xFC,0xFF,0xFF,0x8F,0x04,0x00,0x03,0x00,0x00,0x00,0x00,
    0x00,0x00,0x00,0x00,0x00,0x00,0x00,0x00,0x00,0x00,0x00,0x00,0x00,0x00,0x00,0x00,
    0x00,0x00,0x00,0x00,0x00,0x00,0x00,0x00,0x00,0x00,0x00,0x00,0x00,0x00,0x00,0x00,
    0x00,0x00,0x00,0x00,0x00,0x02,0x00,0x00,0x56,0xEC,0xFF,0xFB,0xFE,0xFF,0xFF,0xFF,
    0xFF,0xFF,0xFF,0xFF,0xFF,0xFF,0xFF,0xFF,0xFF,0xFF,0xFF,0xFF,0xFF,0xFF,0xFF,0xFF,
    0xFF,0xFF,0xFF,0xFF,0xFF,0xFF,0xFF,0xFF,0xFF,0xFF,0xFF,0xFF,0xFF,0xFF,0xFF,0xFF,
    0xFF,0xFF,0xFF,0xFF,0xFF,0xFF,0xFF,0xFF,0xFF,0xFF,0xFF,0xFF,0xFF,0xFF,0xFF,0xFF,
    0xFF,0xFF,0xFF,0xFF,0xFF,0xFF,0xFF,0xFF,0xFF,0xFF,0xFF,0xFE,0xFB,0xFF,0xEC,0x56,
    0x00,0x00,0x02,0x00,0x00,0x00,0x00,0x00,0x00,0x00,0x00,0x00,0x00,0x00,0x00,0x00,
    0x00,0x00,0x00,0x00,0x00,0x00,0x00,0x00,0x00,0x00,0x00,0x00,0x00,0x00,0x00,0x00,
    0x00,0x00,0x00,0x00,0x00,0x00,0x00,0x00,0x00,0x00,0x00,0x00,0x00,0x00,0x01,0x04,
    0x00,0x26,0xB8,0xFF,0xFF,0xFB,0xFF,0xFF,0xFF,0xFF,0xFF,0xFF,0xFF,0xFF,0xFF,0xFF,
    0xFF,0xFF,0xFF,0xFF,0xFF,0xFF,0xFF,0xFF,0xFF,0xFF,0xFF,0xFF,0xFF,0xFF,0xFF,0xFF,
    0xFF,0xFF,0xFF,0xFF,0xFF,0xFF,0xFF,0xFF,0xFF,0xFF,0xFF,0xFF,0xFF,0xFF,0xFF,0xFF,
    0xFF,0xFF,0xFF,0xFF,0xFF,0xFF,0xFF,0xFF,0xFF,0xFF,0xFF,0xFF,0xFF,0xFF,0xFF,0xFF,
    0xFF,0xFF,0xFB,0xFF,0xFF,0xB8,0x26,0x00,0x04,0x01,0x00,0x00,0x00,0x00,0x00,0x00,
    0x00,0x00,0x00,0x00,0x00,0x00,0x00,0x00,0x00,0x00,0x00,0x00,0x00,0x00,0x00,0x00,
    0x00,0x00,0x00,0x00,0x00,0x00,0x00,0x00,0x00,0x00,0x00,0x00,0x00,0x00,0x00,0x00,
    0x00,0x00,0x00,0x00,0x00,0x00,0x00,0x00,0x04,0x00,0x00,0x6D,0xE9,0xFF,0xFE,0xFC,
    0xFF,0xFF,0xFF,0xFF,0xFF,0xFF,0xFF,0xFF,0xFF,0xFF,0xFF,0xFF,0xFF,0xFF,0xFF,0xFF,
    0xFF,0xFF,0xFF,0xFF,0xFF,0xFF,0xFF,0xFF,0xFF,0xFF,0xFF,0xFF,0xFF,0xFF,0xFF,0xFF,
    0xFF,0xFF,0xFF,0xFF,0xFF,0xFF,0xFF,0xFF,0xFF,0xFF,0xFF,0xFF,0xFF,0xFF,0xFF,0xFF,
    0xFF,0xFF,0xFF,0xFF,0xFF,0xFF,0xFF,0xFF,0xFC,0xFE,0xFF,0xE9,0x6D,0x00,0x00,0x04,
    0x00,0x00,0x00,0x00,0x00,0x00,0x00,0x00,0x00,0x00,0x00,0x00,0x00,0x00,0x00,0x00,
    0x00,0x00,0x00,0x00,0x00,0x00,0x00,0x00,0x00,0x00,0x00,0x00,0x00,0x00,0x00,0x00,
    0x00,0x00,0x00,0x00,0x00,0x00,0x00,0x00,0x00,0x00,0x00,0x00,0x00,0x00,0x00,0x00,
    0x00,0x02,0x02,0x00,0x1A,0x9E,0xFF,0xFF,0xFD,0xFD,0xFF,0xFF,0xFF,0xFF,0xFF,0xFF,
    0xFF,0xFF,0xFF,0xFF,0xFF,0xFF,0xFF,0xFF,0xFF,0xFF,0xFF,0xFF,0xFF,0xFF,0xFF,0xFF,
    0xFF,0xFF,0xFF,0xFF,0xFF,0xFF,0xFF,0xFF,0xFF,0xFF,0xFF,0xFF,0xFF,0xFF,0xFF,0xFF,
    0xFF,0xFF,0xFF,0xFF,0xFF,0xFF,0xFF,0xFF,0xFF,0xFF,0xFF,0xFF,0xFF,0xFF,0xFD,0xFD,
    0xFF,0xFF,0x9E,0x1A,0x00,0x02,0x02,0x00,0x00,0x00,0x00,0x00,0x00,0x00,0x00,0x00,
    0x00,0x00,0x00,0x00,0x00,0x00,0x00,0x00,0x00,0x00,0x00,0x00,0x00,0x00,0x00,0x00,
    0x00,0x00,0x00,0x00,0x00,0x00,0x00,0x00,0x00,0x00,0x00,0x00,0x00,0x00,0x00,0x00,
    0x00,0x00,0x00,0x00,0x00,0x00,0x00,0x00,0x00,0x00,0x00,0x03,0x00,0x00,0x43,0xBA,
    0xFF,0xFF,0xFD,0xFC,0xFF,0xFF,0xFF,0xFF,0xFF,0xFF,0xFF,0xFF,0xFF,0xFF,0xFF,0xFF,
    0xFF,0xFF,0xFF,0xFF,0xFF,0xFF,0xFF,0xFF,0xFF,0xFF,0xFF,0xFF,0xFF,0xFF,0xFF,0xFF,
    0xFF,0xFF,0xFF,0xFF,0xFF,0xFF,0xFF,0xFF,0xFF,0xFF,0xFF,0xFF,0xFF,0xFF,0xFF,0xFF,
    0xFF,0xFF,0xFF,0xFF,0xFC,0xFD,0xFF,0xFF,0xBA,0x43,0x00,0x00,0x03,0x00,0x00,0x00,
    0x00,0x00,0x00,0x00,0x00,0x00,0x00,0x00,0x00,0x00,0x00,0x00,0x00,0x00,0x00,0x00,
    0x00,0x00,0x00,0x00,0x00,0x00,0x00,0x00,0x00,0x00,0x00,0x00,0x00,0x00,0x00,0x00,
    0x00,0x00,0x00,0x00,0x00,0x00,0x00,0x00,0x00,0x00,0x00,0x00,0x00,0x00,0x00,0x00,
    0x00,0x00,0x00,0x00,0x01,0x03,0x00,0x00,0x59,0xD2,0xFF,0xFF,0xFE,0xFC,0xFE,0xFF,
    0xFF,0xFF,0xFF,0xFF,0xFF,0xFF,0xFF,0xFF,0xFF,0xFF,0xFF,0xFF,0xFF,0xFF,0xFF,0xFF,
    0xFF,0xFF,0xFF,0xFF,0xFF,0xFF,0xFF,0xFF,0xFF,0xFF,0xFF,0xFF,0xFF,0xFF,0xFF,0xFF,
    0xFF,0xFF,0xFF,0xFF,0xFF,0xFF,0xFF,0xFF,0xFF,0xFE,0xFC,0xFE,0xFF,0xFF,0xD2,0x59,
    0x00,0x00,0x03,0x01,0x00,0x00,0x00,0x00,0x00,0x00,0x00,0x00,0x00,0x00,0x00,0x00,
    0x00,0x00,0x00,0x00,0x00,0x00,0x00,0x00,0x00,0x00,0x00,0x00,0x00,0x00,0x00,0x00,
    0x00,0x00,0x00,0x00,0x00,0x00,0x00,0x00,0x00,0x00,0x00,0x00,0x00,0x00,0x00,0x00,
    0x00,0x00,0x00,0x00,0x00,0x00,0x00,0x00,0x00,0x00,0x00,0x00,0x00,0x00,0x03,0x02,
    0x00,0x03,0x45,0xBA,0xFF,0xFF,0xFF,0xFC,0xFC,0xFE,0xFF,0xFF,0xFF,0xFF,0xFF,0xFF,
    0xFF,0xFF,0xFF,0xFF,0xFF,0xFF,0xFF,0xFF,0xFF,0xFF,0xFF,0xFF,0xFF,0xFF,0xFF,0xFF,
    0xFF,0xFF,0xFF,0xFF,0xFF,0xFF,0xFF,0xFF,0xFF,0xFF,0xFF,0xFF,0xFF,0xFF,0xFE,0xFC,
    0xFC,0xFF,0xFF,0xFF,0xBA,0x45,0x03,0x00,0x02,0x03,0x00,0x00,0x00,0x00,0x00,0x00,
    0x00,0x00,0x00,0x00,0x00,0x00,0x00,0x00,0x00,0x00,0x00,0x00,0x00,0x00,0x00,0x00,
    0x00,0x00,0x00,0x00,0x00,0x00,0x00,0x00,0x00,0x00,0x00,0x00,0x00,0x00,0x00,0x00,
    0x00,0x00,0x00,0x00,0x00,0x00,0x00,0x00,0x00,0x00,0x00,0x00,0x00,0x00,0x00,0x00,
    0x00,0x00,0x00,0x00,0x00,0x00,0x00,0x00,0x03,0x00,0x00,0x00,0x3A,0x9A,0xE9,0xFF,
    0xFF,0xFF,0xFC,0xFC,0xFD,0xFF,0xFF,0xFF,0xFF,0xFF,0xFF,0xFF,0xFF,0xFF,0xFF,0xFF,
    0xFF,0xFF,0xFF,0xFF,0xFF,0xFF,0xFF,0xFF,0xFF,0xFF,0xFF,0xFF,0xFF,0xFF,0xFF,0xFF,
    0xFF,0xFF,0xFF,0xFD,0xFC,0xFC,0xFF,0xFF,0xFF,0xE9,0x9A,0x3A,0x00,0x00,0x00,0x03,
    0x00,0x00,0x00,0x00,0x00,0x00,0x00,0x00,0x00,0x00,0x00,0x00,0x00,0x00,0x00,0x00,
    0x00,0x00,0x00,0x00,0x00,0x00,0x00,0x00,0x00,0x00,0x00,0x00,0x00,0x00,0x00,0x00,
    0x00,0x00,0x00,0x00,0x00,0x00,0x00,0x00,0x00,0x00,0x00,0x00,0x00,0x00,0x00,0x00,
    0x00,0x00,0x00,0x00,0x00,0x00,0x00,0x00,0x00,0x00,0x00,0x00,0x00,0x00,0x00,0x00,
    0x00,0x01,0x03,0x01,0x00,0x00,0x17,0x61,0xB0,0xF1,0xFF,0xFF,0xFF,0xFE,0xFB,0xFC,
    0xFD,0xFE,0xFF,0xFF,0xFF,0xFF,0xFF,0xFF,0xFF,0xFF,0xFF,0xFF,0xFF,0xFF,0xFF,0xFF,
    0xFF,0xFF,0xFF,0xFF,0xFF,0xFF,0xFE,0xFD,0xFC,0xFB,0xFE,0xFF,0xFF,0xFF,0xF1,0xB0,
    0x61,0x17,0x00,0x00,0x01,0x03,0x01,0x00,0x00,0x00,0x00,0x00,0x00,0x00,0x00,0x00,
    0x00,0x00,0x00,0x00,0x00,0x00,0x00,0x00,0x00,0x00,0x00,0x00,0x00,0x00,0x00,0x00,
    0x00,0x00,0x00,0x00,0x00,0x00,0x00,0x00,0x00,0x00,0x00,0x00,0x00,0x00,0x00,0x00,
    0x00,0x00,0x00,0x00,0x00,0x00,0x00,0x00,0x00,0x00,0x00,0x00,0x00,0x00,0x00,0x00,
    0x00,0x00,0x00,0x00,0x00,0x00,0x00,0x00,0x00,0x00,0x00,0x00,0x02,0x03,0x00,0x00,
    0x00,0x1C,0x61,0xAE,0xE2,0xFF,0xFF,0xFF,0xFF,0xFF,0xFE,0xFC,0xFC,0xFD,0xFD,0xFD,
    0xFF,0xFF,0xFF,0xFF,0xFF,0xFF,0xFF,0xFF,0xFD,0xFD,0xFD,0xFC,0xFC,0xFE,0xFF,0xFF,
    0xFF,0xFF,0xFF,0xE2,0xAE,0x61,0x1C,0x00,0x00,0x00,0x03,0x02,0x00,0x00,0x00,0x00,
    0x00,0x00,0x00,0x00,0x00,0x00,0x00,0x00,0x00,0x00,0x00,0x00,0x00,0x00,0x00,0x00,
    0x00,0x00,0x00,0x00,0x00,0x00,0x00,0x00,0x00,0x00,0x00,0x00,0x00,0x00,0x00,0x00,
    0x00,0x00,0x00,0x00,0x00,0x00,0x00,0x00,0x00,0x00,0x00,0x00,0x00,0x00,0x00,0x00,
    0x00,0x00,0x00,0x00,0x00,0x00,0x00,0x00,0x00,0x00,0x00,0x00,0x00,0x00,0x00,0x00,
    0x00,0x00,0x00,0x00,0x00,0x00,0x01,0x04,0x02,0x00,0x00,0x00,0x0A,0x34,0x6E,0xAB,
    0xD2,0xF1,0xFF,0xFF,0xFF,0xFF,0xFF,0xFF,0xFF,0xFF,0xFF,0xFF,0xFF,0xFF,0xFF,0xFF,
    0xFF,0xFF,0xFF,0xFF,0xFF,0xFF,0xF1,0xD2,0xAB,0x6E,0x34,0x0A,0x00,0x00,0x00,0x02,
    0x04,0x01,0x00,0x00,0x00,0x00,0x00,0x00,0x00,0x00,0x00,0x00,0x00,0x00,0x00,0x00,
    0x00,0x00,0x00,0x00,0x00,0x00,0x00,0x00,0x00,0x00,0x00,0x00,0x00,0x00,0x00,0x00,
    0x00,0x00,0x00,0x00,0x00,0x00,0x00,0x00,0x00,0x00,0x00,0x00,0x00,0x00,0x00,0x00,
    0x00,0x00,0x00,0x00,0x00,0x00,0x00,0x00,0x00,0x00,0x00,0x00,0x00,0x00,0x00,0x00,
    0x00,0x00,0x00,0x00,0x00,0x00,0x00,0x00,0x00,0x00,0x00,0x00,0x00,0x00,0x00,0x00,
    0x00,0x02,0x04,0x03,0x00,0x00,0x00,0x00,0x03,0x1F,0x45,0x78,0x88,0xB9,0xCB,0xCA,
    0xF2,0xFF,0xFE,0xFF,0xFF,0xFE,0xFF,0xF2,0xCA,0xCB,0xB9,0x88,0x78,0x45,0x1F,0x03,
    0x00,0x00,0x00,0x00,0x03,0x04,0x02,0x00,0x00,0x00,0x00,0x00,0x00,0x00,0x00,0x00,
    0x00,0x00,0x00,0x00,0x00,0x00,0x00,0x00,0x00,0x00,0x00,0x00,0x00,0x00,0x00,0x00,
    0x00,0x00,0x00,0x00,0x00,0x00,0x00,0x00,0x00,0x00,0x00,0x00,0x00,0x00,0x00,0x00,
};

const lv_image_dsc_t app_icon_mouse = {
    .header = {
        .magic  = LV_IMAGE_HEADER_MAGIC,
        .cf     = LV_COLOR_FORMAT_RGB565A8,
        .flags  = 0,
        .w      = 120,
        .h      = 120,
        .stride = 240,
    },
    .data_size = sizeof(app_icon_mouse_map),
    .data      = app_icon_mouse_map,
};
