/* An equirectangular 512x256 RGB565 map, baked from sun_euvi_aia304_carrington.tif.
 * Made by tools/make-orb-texture.py — do not edit by hand.
 * gamma 1.0, contrast 1.0, saturation 1.0 (tools/make-orb-texture.py ADJUST). */
#pragma once
#include <stdint.h>

static const uint16_t ORB_TEX_SUN[131072] = {
    0xD160,0xD160,0xD180,0xD180,0xD180,0xD180,0xD180,0xD180,0xD1A0,0xD1A0,0xD1A0,0xD1A0,
    0xD180,0xD160,0xD160,0xC960,0xC960,0xC940,0xC940,0xD160,0xD180,0xC960,0xC920,0xC920,
    0xC0E0,0xC0E0,0xC0C0,0xC0C0,0xC0E0,0xC0E0,0xC900,0xC920,0xC960,0xD180,0xD180,0xD1A0,
    0xD9A0,0xD1A0,0xD180,0xD1A0,0xD1A0,0xD1A0,0xD1A0,0xD1A0,0xD1A0,0xD9A0,0xD9C0,0xD9C0,
    0xD9E0,0xD9E0,0xD9E0,0xD9E0,0xD9E0,0xD9E0,0xD9E0,0xD9E0,0xD9E0,0xD9E0,0xD9E0,0xD9E0,
    0xD9E0,0xD9E0,0xD9C0,0xD9C0,0xD9C0,0xD9C0,0xD9C0,0xD9C0,0xD9A0,0xD9A0,0xD9A0,0xD1A0,
    0xD9A0,0xD9A0,0xD1A0,0xD180,0xD180,0xD180,0xD180,0xD180,0xD180,0xD180,0xD180,0xD180,
    0xD180,0xD180,0xD180,0xD180,0xD180,0xD1A0,0xD180,0xD180,0xD1A0,0xD1A0,0xD1A0,0xD1A0,
    0xD1A0,0xD9A0,0xD9A0,0xD1A0,0xD9A0,0xD9A0,0xD9A0,0xD9A0,0xD9A0,0xD9A0,0xD9A0,0xD9A0,
    0xD9A0,0xD1A0,0xD1A0,0xD1A0,0xD1A0,0xD180,0xD1A0,0xD1A0,0xD1A0,0xD1A0,0xD1A0,0xD1A0,
    0xD1A0,0xD1A0,0xD1A0,0xD1A0,0xD1A0,0xD1A0,0xD1A0,0xD1A0,0xD1A0,0xD1A0,0xD9A0,0xD9A0,
    0xD180,0xD180,0xD180,0xD180,0xD180,0xD180,0xD180,0xD1A0,0xD1A0,0xD1A0,0xD1A0,0xD9A0,
    0xD9A0,0xD1A0,0xD1A0,0xD1A0,0xD180,0xD180,0xD180,0xD180,0xD180,0xD180,0xD180,0xD160,
    0xD160,0xD160,0xD160,0xD160,0xD160,0xC940,0xC920,0xC900,0xC0C0,0xB8A0,0xB080,0xC0A0,
    0xB8A0,0xB8A0,0xB880,0xB8A0,0xB8A0,0xB8A0,0xB8A0,0xB8A0,0xB8A0,0xB8A0,0xB8A0,0xB8A0,
    0xB8A0,0xB8A0,0xC0C0,0xC0C0,0xC0C0,0xC0A0,0xB8A0,0xC0C0,0xC0C0,0xC0C0,0xC0C0,0xC0C0,
    0xC0C0,0xB8C0,0xC0C0,0xC0C0,0xB8C0,0xB8C0,0xC0C0,0xC0C0,0xC0C0,0xC0C0,0xC0C0,0xC0C0,
    0xC0C0,0xC0C0,0xC0C0,0xC0C0,0xC0C0,0xC0C0,0xC0C0,0xC0C0,0xC0C0,0xC0C0,0xC0C0,0xC0C0,
    0xC0C0,0xC0C0,0xC0C0,0xC0C0,0xC0C0,0xC0C0,0xC0C0,0xC0C0,0xC0C0,0xC0C0,0xC0C0,0xC0C0,
    0xC0C0,0xC0C0,0xC0C0,0xC0C0,0xC0A0,0xC0A0,0xC0A0,0xC0A0,0xC0A0,0xC0A0,0xB8A0,0xB8A0,
    0xB8A0,0xB8A0,0xB8A0,0xB8A0,0xB8A0,0xC0C0,0xC0C0,0xC0C0,0xC0C0,0xC0C0,0xC0C0,0xC0C0,
    0xC0C0,0xC0C0,0xC0C0,0xC0C0,0xC0C0,0xC0C0,0xC0C0,0xC0C0,0xC0C0,0xC0C0,0xC0C0,0xC0A0,
    0xC0A0,0xC0C0,0xC0C0,0xC0A0,0xC0A0,0xC0A0,0xC0A0,0xC0A0,0xC0A0,0xB8A0,0xB8A0,0xB8A0,
    0xB8A0,0xB8A0,0xC0A0,0xC0C0,0xC0C0,0xC0C0,0xC0E0,0xC0E0,0xC0E0,0xC100,0xC900,0xC900,
    0xC920,0xC920,0xC940,0xC940,0xC940,0xD160,0xD160,0xD180,0xD180,0xD180,0xD180,0xD180,
    0xD180,0xD180,0xD180,0xD180,0xD160,0xD160,0xC940,0xC940,0xC920,0xC920,0xC900,0xC900,
    0xC900,0xC900,0xC0E0,0xC0E0,0xC0C0,0xC0C0,0xC0C0,0xC0A0,0xB8A0,0xB8A0,0xB8A0,0xB8A0,
    0xB880,0xB8A0,0xB880,0xB880,0xB860,0xB860,0xB860,0xB880,0xB8A0,0xC0C0,0xC0E0,0xC0C0,
    0xC0A0,0xB8A0,0xB8A0,0xB8A0,0xB880,0xB040,0xB020,0xA800,0xA800,0xA800,0xA800,0xA800,
    0xA800,0xA800,0xA800,0xA800,0xB020,0xB020,0xB020,0xB040,0xB040,0xB040,0xB060,0xB880,
    0xB860,0xB860,0xB060,0xB040,0xB040,0xB020,0xA820,0xA820,0xA820,0xA820,0xA800,0xA800,
    0xA800,0xA800,0xA800,0xA800,0xA800,0xB020,0xB020,0xB020,0xB040,0xB860,0xB860,0xB860,
    0xB880,0xB8A0,0xB8A0,0xC0C0,0xC0E0,0xC0E0,0xC0E0,0xC0E0,0xC100,0xC8E0,0xC8E0,0xC0E0,
    0xC0E0,0xC0E0,0xC0E0,0xC0E0,0xC0E0,0xC0E0,0xC900,0xC100,0xC100,0xC100,0xC100,0xC900,
    0xC900,0xC900,0xC8E0,0xC0E0,0xC0E0,0xC0E0,0xC0E0,0xC0E0,0xC0E0,0xC0C0,0xC0C0,0xC0C0,
    0xC0C0,0xC0C0,0xC0C0,0xC0C0,0xB8C0,0xB8C0,0xC0C0,0xC0A0,0xC0A0,0xC0C0,0xB8A0,0xC0C0,
    0xC0C0,0xC0C0,0xC0C0,0xC0E0,0xC0E0,0xC0E0,0xC900,0xC900,0xC900,0xC920,0xC920,0xC920,
    0xC920,0xC920,0xC920,0xC920,0xC920,0xC920,0xD140,0xC940,0xD160,0xD160,0xD180,0xD180,
    0xD180,0xC960,0xC960,0xC940,0xC940,0xD160,0xD180,0xD180,0xD180,0xD160,0xD160,0xD180,
    0xD160,0xD180,0xD180,0xD180,0xD180,0xD180,0xD180,0xD1A0,0xD1A0,0xD1A0,0xD1A0,0xD1A0,
    0xD180,0xD180,0xD180,0xD160,0xD160,0xD160,0xD140,0xC940,0xC940,0xC920,0xC900,0xC100,
    0xC100,0xC0E0,0xC0E0,0xC0E0,0xC8E0,0xC900,0xC920,0xC920,0xC940,0xD160,0xD160,0xD180,
    0xD1A0,0xD1A0,0xD1A0,0xD1A0,0xD180,0xD180,0xD180,0xD180,0xDA00,0xD9C0,0xD9C0,0xDA00,
    0xE220,0xE220,0xE200,0xD9E0,0xD1A0,0xD180,0xD160,0xD180,0xD1A0,0xD9A0,0xD9C0,0xD9C0,
    0xD9C0,0xD9C0,0xD1A0,0xD1A0,0xD180,0xD180,0xD160,0xC940,0xC960,0xC940,0xC940,0xD160,
    0xD160,0xD160,0xD160,0xD180,0xD180,0xD180,0xD9C0,0xD9E0,0xD9E0,0xD9A0,0xD1A0,0xD1A0,
    0xD1A0,0xD1A0,0xD180,0xD1A0,0xD9A0,0xD9A0,0xD1A0,0xD180,0xD160,0xD140,0xC940,0xC940,
    0xC940,0xC940,0xC960,0xD160,0xD180,0xD180,0xD1A0,0xD9A0,0xD9C0,0xD9C0,0xD9C0,0xD9A0,
    0xD9C0,0xD9C0,0xD9C0,0xD9C0,0xD9C0,0xD1A0,0xD1A0,0xD1A0,0xD1A0,0xD1A0,0xD1A0,0xD1A0,
    0xD1A0,0xD1A0,0xD1A0,0xD180,0xD1A0,0xD1A0,0xD180,0xD180,0xD180,0xD160,0xD160,0xD160,
    0xD160,0xD160,0xD160,0xD140,0xC940,0xC940,0xC940,0xC940,0xC940,0xC920,0xC920,0xC920,
    0xC920,0xC920,0xC940,0xC940,0xC940,0xD160,0xD160,0xD160,0xD180,0xD180,0xD180,0xD180,
    0xD180,0xD180,0xD1A0,0xD1A0,0xD1A0,0xD1A0,0xD1A0,0xD1A0,0xD1A0,0xD9A0,0xD9A0,0xD9A0,
    0xD9A0,0xD9A0,0xD1A0,0xD1A0,0xD180,0xD180,0xD180,0xD1A0,0xD1A0,0xD1A0,0xD1A0,0xD1A0,
    0xD1A0,0xD1A0,0xD1A0,0xD1A0,0xD9A0,0xD9A0,0xD9A0,0xD9A0,0xD1A0,0xD1A0,0xD9A0,0xD9A0,
    0xD9C0,0xD9C0,0xD9E0,0xE200,0xE220,0xE240,0xEA60,0xEA60,0xEA60,0xEA40,0xE220,0xE220,
    0xE200,0xD9C0,0xD1A0,0xD160,0xC920,0xC100,0xB8E0,0xC0E0,0xC0E0,0xC0E0,0xC0E0,0xC900,
    0xC920,0xD140,0xD180,0xD9E0,0xE220,0xE240,0xE220,0xE200,0xDA00,0xD9E0,0xD9C0,0xD9A0,
    0xD1A0,0xD9E0,0xD9E0,0xD180,0xD160,0xC940,0xD180,0xD180,0xD180,0xD180,0xD180,0xD180,
    0xD180,0xD1A0,0xD180,0xD160,0xD140,0xD160,0xD160,0xD180,0xD180,0xD180,0xD180,0xD1A0,
    0xD1A0,0xD1A0,0xD9A0,0xD9A0,0xD9A0,0xD1A0,0xD1A0,0xD180,0xD9A0,0xD9A0,0xD980,0xD9A0,
    0xD9A0,0xD180,0xD180,0xD180,0xD180,0xD180,0xD180,0xD180,0xD180,0xD180,0xD180,0xD180,
    0xD180,0xD180,0xD180,0xD180,0xD180,0xD180,0xD180,0xD160,0xD160,0xD160,0xD160,0xD160,
    0xD160,0xD160,0xD160,0xC940,0xC940,0xC940,0xC940,0xC920,0xC920,0xC920,0xC920,0xC940,
    0xC940,0xC940,0xD160,0xD160,0xD180,0xD180,0xD180,0xD1A0,0xD1A0,0xD1A0,0xD1A0,0xD1C0,
    0xD1A0,0xD1A0,0xD1A0,0xD1A0,0xD9A0,0xD1A0,0xD9A0,0xD1A0,0xD9A0,0xD1A0,0xD180,0xD160,
    0xD160,0xC940,0xC940,0xC920,0xC900,0xC0E0,0xC0E0,0xC0E0,0xC0E0,0xC0E0,0xC0E0,0xC0E0,
    0xC0E0,0xC0E0,0xC100,0xC100,0xC100,0xC100,0xC100,0xC900,0xC900,0xC100,0xC0E0,0xC0E0,
    0xC0C0,0xC0E0,0xC0E0,0xC0E0,0xC100,0xC900,0xC920,0xC920,0xC920,0xC940,0xC940,0xC920,
    0xC900,0xC900,0xC920,0xC920,0xC900,0xC0E0,0xC0E0,0xC0C0,0xC0C0,0xC0C0,0xB8A0,0xB8A0,
    0xB8A0,0xB880,0xB040,0xB020,0xB000,0xA800,0xB000,0xB020,0xB020,0xB040,0xB040,0xB040,
    0xB020,0xB020,0xB020,0xB040,0xB040,0xB040,0xB040,0xB040,0xB040,0xB040,0xB040,0xB040,
    0xB040,0xB020,0xB000,0xA800,0xB020,0xB040,0xB860,0xB040,0xB040,0xB040,0xB040,0xB040,
    0xB040,0xB040,0xB880,0xB880,0xB880,0xB8A0,0xC0C0,0xC0E0,0xC900,0xC900,0xC900,0xC100,
    0xC0E0,0xC0C0,0xC0C0,0xC0C0,0xC0C0,0xC0C0,0xC0E0,0xC100,0xC920,0xC920,0xC920,0xC920,
    0xC920,0xC920,0xC940,0xC940,0xC940,0xC940,0xC940,0xC940,0xC940,0xC920,0xC920,0xC900,
    0xC900,0xC900,0xC900,0xC100,0xC100,0xC100,0xC100,0xC100,0xC0E0,0xC0E0,0xC0E0,0xC0C0,
    0xC0C0,0xC0C0,0xC0C0,0xC0C0,0xC0C0,0xC0E0,0xC0E0,0xC0E0,0xC0E0,0xC100,0xC100,0xC900,
    0xC100,0xC900,0xC900,0xC920,0xC920,0xC920,0xC940,0xC940,0xC940,0xC940,0xC940,0xC960,
    0xD160,0xD160,0xD160,0xD160,0xD160,0xD180,0xD180,0xD180,0xD180,0xD180,0xD180,0xD180,
    0xD180,0xD180,0xD160,0xD160,0xD160,0xD180,0xD180,0xD160,0xD160,0xD160,0xD180,0xD160,
    0xD180,0xD180,0xD160,0xD160,0xD160,0xD160,0xD160,0xC960,0xC960,0xC940,0xC940,0xC940,
    0xC940,0xC920,0xC940,0xC940,0xD160,0xD160,0xD180,0xD1A0,0xD9C0,0xD9C0,0xD9E0,0xD9E0,
    0xD9E0,0xD9E0,0xD9C0,0xD9C0,0xD1A0,0xD160,0xD160,0xC940,0xC940,0xC920,0xC900,0xC100,
    0xC0E0,0xC0E0,0xC8E0,0xC900,0xC920,0xC920,0xC920,0xC940,0xD160,0xD180,0xD1A0,0xD9C0,
    0xD9E0,0xDA00,0xE200,0xE200,0xD9E0,0xD9C0,0xD1A0,0xD180,0xD9C0,0xEA60,0xF2A0,0xEA80,
    0xE260,0xE220,0xD1A0,0xD160,0xC940,0xC940,0xD180,0xD9C0,0xDA00,0xD9C0,0xD180,0xD180,
    0xD1A0,0xD9E0,0xD9E0,0xDA00,0xE220,0xEA60,0xEA60,0xE240,0xE240,0xE220,0xD9E0,0xD9C0,
    0xD1A0,0xD180,0xD180,0xD1A0,0xD9C0,0xD9C0,0xD1A0,0xD160,0xC920,0xC100,0xC100,0xC900,
    0xC920,0xC100,0xC0C0,0xB880,0xB880,0xB8A0,0xC0C0,0xC0E0,0xC0E0,0xC0C0,0xC0C0,0xC0A0,
    0xC0A0,0xC0E0,0xC920,0xD160,0xD180,0xD180,0xD1A0,0xD9C0,0xD1A0,0xD180,0xD160,0xD160,
    0xD160,0xD160,0xD180,0xD180,0xD180,0xD180,0xD180,0xD160,0xD160,0xC940,0xC960,0xD160,
    0xD160,0xD160,0xD160,0xD160,0xD160,0xD160,0xD140,0xC940,0xC940,0xC940,0xC940,0xC940,
    0xC940,0xC940,0xC940,0xC920,0xC920,0xC920,0xC920,0xC920,0xC940,0xC940,0xC940,0xD160,
    0xD160,0xD160,0xD160,0xD160,0xD180,0xD180,0xD180,0xD1A0,0xD1A0,0xD1A0,0xD1A0,0xD1A0,
    0xD1A0,0xD1A0,0xD1A0,0xD1A0,0xD1A0,0xD1A0,0xD1A0,0xD1A0,0xD9A0,0xD9A0,0xD9A0,0xD9A0,
    0xD9C0,0xD9C0,0xD9C0,0xD9C0,0xD9C0,0xD9C0,0xD9E0,0xD9E0,0xD9E0,0xD9C0,0xD9C0,0xD1C0,
    0xD9C0,0xD9E0,0xD9E0,0xD9C0,0xD1A0,0xD180,0xD160,0xD160,0xC940,0xC940,0xC940,0xC940,
    0xD160,0xD180,0xD1A0,0xD9E0,0xE220,0xE240,0xEA60,0xEA80,0xEA80,0xEA80,0xEA80,0xEA60,
    0xE240,0xE220,0xD9C0,0xD180,0xD140,0xC920,0xC0E0,0xC0C0,0xC0E0,0xC900,0xC900,0xC920,
    0xD180,0xE220,0xEAA0,0xEAA0,0xEA80,0xEA60,0xE240,0xDA00,0xD9C0,0xD9C0,0xDA00,0xD9E0,
    0xD180,0xD160,0xD180,0xC940,0xC940,0xC920,0xC900,0xC900,0xC940,0xC940,0xC900,0xC900,
    0xC940,0xC940,0xC940,0xC940,0xC920,0xC940,0xD160,0xD180,0xD180,0xD1A0,0xD1A0,0xD1A0,
    0xD1A0,0xD9A0,0xD1A0,0xD180,0xD160,0xC940,0xD160,0xC940,0xC940,0xC940,0xC940,0xC960,
    0xD160,0xD160,0xD160,0xD160,0xD160,0xD180,0xD180,0xD180,0xD1A0,0xD1A0,0xD1A0,0xD1A0,
    0xD1A0,0xD1A0,0xD9C0,0xD9C0,0xD9C0,0xD9C0,0xD9C0,0xD9C0,0xD9C0,0xD9C0,0xD9C0,0xD9C0,
    0xD9C0,0xD9C0,0xD9C0,0xD9C0,0xD9C0,0xD1A0,0xD1A0,0xD1A0,0xD180,0xD180,0xD180,0xD160,
    0xD160,0xD160,0xD160,0xD180,0xD180,0xD180,0xD1A0,0xD9C0,0xD9C0,0xD9C0,0xD9C0,0xD9E0,
    0xD9E0,0xD9E0,0xD9E0,0xD9E0,0xDA00,0xDA00,0xE220,0xE220,0xE220,0xE240,0xE240,0xE240,
    0xE240,0xE220,0xD9E0,0xD9C0,0xD180,0xC940,0xC920,0xC920,0xC100,0xC0E0,0xC0C0,0xB8C0,
    0xB8A0,0xB880,0xB060,0xB060,0xB040,0xB040,0xB040,0xB040,0xB040,0xB880,0xC0A0,0xC0E0,
    0xC920,0xC940,0xC960,0xD180,0xD180,0xD180,0xD1A0,0xD9A0,0xD1A0,0xD1A0,0xD180,0xD180,
    0xD1A0,0xD9C0,0xD9E0,0xD9C0,0xD180,0xD180,0xD140,0xC920,0xC900,0xC100,0xC0E0,0xC900,
    0xC0E0,0xB8A0,0xB880,0xB880,0xC0E0,0xC920,0xC920,0xC920,0xB8C0,0xB060,0xB040,0xB060,
    0xB880,0xB8A0,0xB880,0xB860,0xB020,0xB020,0xB860,0xB880,0xB880,0xB880,0xB860,0xB040,
    0xB860,0xB880,0xB8A0,0xB8A0,0xB880,0xB860,0xB860,0xB040,0xB040,0xB860,0xB8A0,0xC0E0,
    0xC940,0xD1A0,0xD9E0,0xE200,0xE200,0xD9C0,0xD160,0xC920,0xC900,0xC0C0,0xB880,0xB840,
    0xB040,0xB040,0xB860,0xB860,0xB040,0xB020,0xB020,0xB020,0xB040,0xB860,0xB8A0,0xC0C0,
    0xC0E0,0xC100,0xC900,0xC900,0xC900,0xC900,0xC920,0xC920,0xC920,0xC900,0xC900,0xC0E0,
    0xC0E0,0xC0C0,0xB8A0,0xB860,0xB040,0xB040,0xB860,0xB880,0xB8A0,0xC0A0,0xC0C0,0xC0E0,
    0xC0E0,0xC0E0,0xC0C0,0xC0C0,0xC0C0,0xC0C0,0xC0C0,0xC0C0,0xC0C0,0xC0A0,0xC0A0,0xC0A0,
    0xB8C0,0xB8C0,0xC0C0,0xC0C0,0xC0E0,0xC0E0,0xC100,0xC900,0xC100,0xC900,0xC900,0xC900,
    0xC900,0xC900,0xC920,0xC100,0xC920,0xC920,0xC960,0xD160,0xD180,0xD180,0xD160,0xD160,
    0xD160,0xC940,0xC920,0xC920,0xC900,0xC900,0xC0E0,0xC0E0,0xC0E0,0xC0E0,0xC900,0xC920,
    0xC920,0xC940,0xD160,0xD180,0xD1A0,0xD1A0,0xD1A0,0xD180,0xD160,0xC940,0xC940,0xC940,
    0xC920,0xC940,0xC940,0xD160,0xD160,0xD1A0,0xD9A0,0xD9C0,0xD9E0,0xD9E0,0xD9C0,0xD1A0,
    0xD160,0xC940,0xC920,0xC100,0xC0E0,0xC0C0,0xC0C0,0xC0C0,0xC0E0,0xC0C0,0xB8A0,0xB860,
    0xB860,0xB880,0xB880,0xB880,0xB880,0xB860,0xB860,0xB8A0,0xC0E0,0xC940,0xD180,0xD9C0,
    0xC920,0xC0E0,0xC0C0,0xC0C0,0xC0E0,0xC940,0xD9C0,0xE200,0xE240,0xEA60,0xE220,0xE220,
    0xDA00,0xD9C0,0xD9C0,0xD9C0,0xD1A0,0xD160,0xD160,0xC940,0xC920,0xC920,0xC900,0xC900,
    0xC8E0,0xC900,0xC0E0,0xB880,0xB860,0xB880,0xC0E0,0xC900,0xC0E0,0xC0E0,0xC940,0xC960,
    0xD160,0xD1A0,0xD160,0xD160,0xC940,0xC940,0xC940,0xC920,0xC0E0,0xC0C0,0xC100,0xC940,
    0xD160,0xD140,0xC920,0xC900,0xC900,0xC900,0xC900,0xC940,0xD180,0xD9A0,0xD9C0,0xD9E0,
    0xD9C0,0xD1A0,0xD180,0xC940,0xC0E0,0xC0C0,0xC0C0,0xC0E0,0xC100,0xC920,0xC920,0xC940,
    0xD160,0xD180,0xD1A0,0xD9E0,0xE220,0xEA60,0xEA80,0xEA60,0xEA60,0xEA60,0xE240,0xE220,
    0xE200,0xDA00,0xD9E0,0xD9A0,0xD1A0,0xD180,0xD160,0xC940,0xC940,0xC920,0xC940,0xC940,
    0xD160,0xD180,0xD1A0,0xD9C0,0xD9E0,0xD9E0,0xDA00,0xDA00,0xDA00,0xDA00,0xDA00,0xDA00,
    0xDA00,0xDA00,0xD9E0,0xD9E0,0xD9E0,0xD9E0,0xD9E0,0xD9E0,0xD9E0,0xDA00,0xE200,0xE220,
    0xE240,0xE240,0xE240,0xE240,0xEA40,0xE240,0xE240,0xE240,0xE240,0xE240,0xE240,0xE240,
    0xE220,0xD9E0,0xD180,0xD180,0xD180,0xD1A0,0xD1A0,0xD1A0,0xD9C0,0xD9C0,0xD9C0,0xD9C0,
    0xD9C0,0xD9E0,0xD9E0,0xD9E0,0xD9C0,0xD1A0,0xD180,0xC960,0xC920,0xC900,0xC0E0,0xC0E0,
    0xC0E0,0xC920,0xD160,0xD9A0,0xD9E0,0xE200,0xE240,0xEA60,0xEA80,0xEAA0,0xF2A0,0xEA80,
    0xE220,0xE200,0xD9C0,0xD180,0xC920,0xC100,0xD160,0xD1A0,0xC940,0xC920,0xD180,0xE220,
    0xEA60,0xE240,0xDA00,0xD9E0,0xD1A0,0xD180,0xD1A0,0xD1A0,0xD180,0xD180,0xC940,0xC920,
    0xC0E0,0xC0C0,0xC900,0xD180,0xD9E0,0xE220,0xE240,0xEA60,0xE260,0xE240,0xE220,0xD9C0,
    0xD9C0,0xD9E0,0xD9E0,0xD9C0,0xD9C0,0xDA00,0xE220,0xE240,0xE240,0xEA60,0xE240,0xE220,
    0xE220,0xE220,0xE240,0xEA60,0xE260,0xE240,0xE220,0xD9E0,0xD9C0,0xD9E0,0xDA00,0xDA00,
    0xDA00,0xE200,0xDA00,0xDA00,0xDA00,0xE200,0xDA00,0xD9E0,0xD9E0,0xD9E0,0xD9C0,0xD9C0,
    0xD9A0,0xD1A0,0xD1A0,0xD1A0,0xD180,0xD180,0xD180,0xD180,0xD180,0xD180,0xD1A0,0xD1A0,
    0xD180,0xD1A0,0xD1A0,0xD1A0,0xD9A0,0xD1A0,0xD1A0,0xD9A0,0xD1A0,0xD1A0,0xD1A0,0xD180,
    0xD180,0xD180,0xD160,0xD160,0xC940,0xC940,0xC920,0xC900,0xC0E0,0xC0E0,0xC0E0,0xC0E0,
    0xC900,0xC900,0xC100,0xC100,0xC0E0,0xC100,0xC920,0xC920,0xC940,0xC940,0xD160,0xD160,
    0xD160,0xD180,0xD1A0,0xD1A0,0xD1A0,0xD9A0,0xD9C0,0xD9C0,0xD1A0,0xD180,0xD160,0xC940,
    0xC920,0xC100,0xC0E0,0xC100,0xC920,0xC940,0xD160,0xD160,0xD180,0xD180,0xD180,0xD1A0,
    0xD1A0,0xD1A0,0xD160,0xC920,0xC900,0xC100,0xC100,0xC100,0xC900,0xC920,0xC920,0xC920,
    0xC920,0xC940,0xD140,0xC920,0xC0C0,0xB060,0xB040,0xB060,0xB880,0xB8A0,0xB8A0,0xB880,
    0xB860,0xB880,0xB860,0xA840,0xA820,0xA000,0xA820,0xA820,0xA820,0xA820,0xA820,0xB040,
    0xB020,0xB040,0xB880,0xB880,0xB880,0xB880,0xC0C0,0xC0C0,0xB040,0xA800,0xB020,0xB860,
    0xC0C0,0xC100,0xC100,0xC900,0xC900,0xC0C0,0xC0C0,0xC0C0,0xB8A0,0xC0C0,0xC900,0xC940,
    0xC900,0xC0C0,0xB860,0xB040,0xB040,0xB040,0xB060,0xC0C0,0xD140,0xD1A0,0xD180,0xD180,
    0xD160,0xC940,0xC920,0xC900,0xC0C0,0xB8A0,0xB8A0,0xB860,0xB040,0xB040,0xB040,0xB860,
    0xB8A0,0xB8C0,0xC0C0,0xC0E0,0xC0E0,0xC100,0xC900,0xC900,0xC900,0xC900,0xC100,0xC0E0,
    0xC0E0,0xC0C0,0xC0A0,0xB880,0xB880,0xB860,0xB860,0xB880,0xB880,0xB880,0xB880,0xB880,
    0xB8A0,0xB8A0,0xB8A0,0xB8A0,0xB880,0xB880,0xB880,0xB8A0,0xB8A0,0xB8A0,0xB8A0,0xB8A0,
    0xB8A0,0xB880,0xB8A0,0xC0A0,0xC0C0,0xC0E0,0xC0E0,0xC920,0xC940,0xC940,0xC940,0xC940,
    0xC940,0xC900,0xC920,0xC960,0xD160,0xD160,0xD160,0xD180,0xD180,0xD180,0xD180,0xD180,
    0xD180,0xD160,0xD160,0xD160,0xD160,0xC960,0xD160,0xD160,0xD160,0xD160,0xD160,0xD160,
    0xD160,0xD160,0xD160,0xD160,0xC940,0xC100,0xC0C0,0xC0A0,0xB8A0,0xB8A0,0xC0C0,0xC0C0,
    0xC0E0,0xC0E0,0xC900,0xC920,0xC940,0xD160,0xD160,0xD160,0xC960,0xD160,0xD160,0xD180,
    0xD180,0xD180,0xD160,0xC960,0xC940,0xC940,0xC920,0xC0E0,0xB8A0,0xB880,0xB8A0,0xC0C0,
    0xC0C0,0xB880,0xB040,0xB860,0xC0C0,0xC0E0,0xC940,0xC940,0xC100,0xB880,0xB880,0xB880,
    0xB860,0xB880,0xC0C0,0xC0E0,0xC920,0xD160,0xD1A0,0xD9E0,0xD9E0,0xD9E0,0xD1A0,0xD9A0,
    0xD1A0,0xD180,0xD180,0xC940,0xC940,0xC960,0xD160,0xC940,0xC900,0xC0E0,0xC0A0,0xB060,
    0xB860,0xB8A0,0xC920,0xC940,0xC940,0xC100,0xC0C0,0xC0C0,0xC900,0xD160,0xD1A0,0xD9A0,
    0xD180,0xD160,0xC920,0xC900,0xC100,0xC920,0xC920,0xC0E0,0xC0E0,0xC0C0,0xC0C0,0xC900,
    0xC940,0xD180,0xD9C0,0xD9C0,0xD180,0xC900,0xC0E0,0xC0E0,0xC920,0xC920,0xC920,0xC920,
    0xD180,0xD9A0,0xD9C0,0xD9A0,0xD160,0xC940,0xC920,0xC920,0xC920,0xC920,0xC940,0xD1A0,
    0xD9E0,0xE200,0xE220,0xE220,0xE240,0xE220,0xDA00,0xD9C0,0xD9A0,0xD180,0xD160,0xD160,
    0xD160,0xC940,0xC920,0xC920,0xC920,0xD160,0xD180,0xD1A0,0xD9A0,0xD9C0,0xD9C0,0xD9C0,
    0xD9C0,0xD1A0,0xD180,0xD180,0xD160,0xD180,0xD160,0xD180,0xD160,0xD160,0xC960,0xC960,
    0xC960,0xD160,0xD160,0xD160,0xD160,0xD160,0xD160,0xD160,0xC960,0xC940,0xC940,0xC940,
    0xC940,0xC920,0xC920,0xC920,0xC940,0xC940,0xD1A0,0xE200,0xD9E0,0xD180,0xC920,0xC0E0,
    0xB8A0,0xB8A0,0xC0A0,0xC0C0,0xC0E0,0xC0E0,0xC900,0xC940,0xD160,0xD180,0xD160,0xD160,
    0xD160,0xD180,0xD180,0xD1A0,0xD1A0,0xD1A0,0xD180,0xD180,0xD160,0xD160,0xC940,0xC940,
    0xD160,0xD1A0,0xD9C0,0xDA00,0xDA00,0xD9E0,0xE200,0xE220,0xE220,0xE220,0xE220,0xE220,
    0xE220,0xD9E0,0xD9E0,0xEA60,0xEA60,0xD1A0,0xC0E0,0xC0E0,0xC960,0xD160,0xC960,0xC920,
    0xD160,0xD9C0,0xD9C0,0xD1A0,0xD180,0xC940,0xC100,0xC0E0,0xC0E0,0xC900,0xC940,0xD1A0,
    0xD9E0,0xDA00,0xD9E0,0xD9E0,0xDA00,0xE220,0xD9E0,0xD9C0,0xDA00,0xE200,0xD9C0,0xD9C0,
    0xDA00,0xE220,0xE220,0xE240,0xE220,0xD9E0,0xD9C0,0xD9E0,0xE220,0xE240,0xE220,0xDA00,
    0xD9C0,0xD9A0,0xD1A0,0xD180,0xD180,0xD180,0xD160,0xC940,0xC940,0xD160,0xD180,0xD180,
    0xD160,0xD180,0xD180,0xD180,0xD180,0xD180,0xD160,0xD160,0xD160,0xD160,0xD180,0xD180,
    0xD180,0xD180,0xD1A0,0xD1A0,0xD1A0,0xD1A0,0xD180,0xD180,0xD180,0xD180,0xD160,0xD160,
    0xC940,0xC940,0xC940,0xD160,0xD180,0xD9A0,0xD9C0,0xD9E0,0xE200,0xE220,0xE220,0xE220,
    0xE220,0xDA00,0xD9C0,0xD1A0,0xD1A0,0xD180,0xD1A0,0xD1A0,0xD9A0,0xD9C0,0xD9C0,0xD1A0,
    0xC940,0xC920,0xC900,0xC100,0xC100,0xC0E0,0xC0C0,0xC0C0,0xC0C0,0xC0C0,0xC0C0,0xC0C0,
    0xC0C0,0xC0E0,0xC920,0xD160,0xC940,0xC0E0,0xC0C0,0xB8A0,0xB8C0,0xC0E0,0xC900,0xC920,
    0xD160,0xD160,0xD180,0xD1A0,0xD1A0,0xD180,0xD180,0xD1A0,0xD1A0,0xD180,0xD160,0xC920,
    0xC0C0,0xC0C0,0xC0E0,0xD140,0xD9C0,0xD9C0,0xD180,0xD180,0xD160,0xD160,0xD160,0xC940,
    0xC920,0xB880,0xA800,0xA800,0xB020,0xB860,0xC0E0,0xC900,0xC920,0xC940,0xD140,0xC920,
    0xC0E0,0xC920,0xC8E0,0xC0C0,0xC0E0,0xC0A0,0xB880,0xB860,0xB860,0xB860,0xB040,0xB860,
    0xB880,0xB880,0xB8A0,0xC0C0,0xC100,0xC900,0xC920,0xC940,0xC940,0xC900,0xC0E0,0xC0C0,
    0xC0C0,0xC920,0xC940,0xC920,0xC920,0xD160,0xD180,0xC940,0xC920,0xC920,0xC900,0xC900,
    0xC940,0xD1A0,0xD9E0,0xE220,0xE240,0xE200,0xD9C0,0xD180,0xD160,0xC940,0xC920,0xC0C0,
    0xB860,0xB040,0xB000,0xA800,0xA800,0xA800,0xB020,0xB040,0xB060,0xB060,0xB860,0xB040,
    0xB040,0xB020,0xB020,0xB040,0xB040,0xB040,0xB860,0xB8A0,0xC0C0,0xC0E0,0xC0E0,0xC0E0,
    0xC0E0,0xC0E0,0xC0E0,0xC0E0,0xC100,0xC900,0xC920,0xC900,0xC0E0,0xC0C0,0xB8C0,0xB8A0,
    0xB8A0,0xC0A0,0xC0C0,0xC0E0,0xC0E0,0xC100,0xC900,0xC900,0xC920,0xC940,0xD160,0xD180,
    0xD9C0,0xD9E0,0xE200,0xE200,0xE200,0xE200,0xD9E0,0xD9E0,0xD1A0,0xB8A0,0xB880,0xB8A0,
    0xB8A0,0xC0C0,0xC0E0,0xC100,0xC920,0xC920,0xC940,0xD160,0xD180,0xD1A0,0xD1C0,0xD9C0,
    0xD9C0,0xD9C0,0xD9A0,0xD1A0,0xD180,0xD1A0,0xD9A0,0xD9A0,0xD1A0,0xD180,0xC940,0xC100,
    0xC0C0,0xB8A0,0xB8A0,0xB880,0xB060,0xB040,0xB020,0xB040,0xB860,0xB880,0xC0E0,0xC920,
    0xD140,0xD180,0xD180,0xC920,0xC900,0xC900,0xC940,0xD180,0xD9C0,0xE200,0xE220,0xE220,
    0xE220,0xD9E0,0xD1A0,0xD9C0,0xD180,0xC940,0xC940,0xC920,0xC920,0xC920,0xD160,0xD160,
    0xC940,0xC940,0xD160,0xD160,0xA800,0xA820,0xB060,0xB060,0xB040,0xB020,0xB040,0xB8A0,
    0xC100,0xC920,0xC920,0xC0E0,0xC0E0,0xC940,0xD9C0,0xC940,0xC0A0,0xC0C0,0xB8A0,0xB880,
    0xC100,0xC0E0,0xB880,0xB8A0,0xC0E0,0xC920,0xC940,0xC920,0xC920,0xC920,0xD160,0xD180,
    0xD180,0xC940,0xC920,0xD160,0xD180,0xD9C0,0xE240,0xEA80,0xEA60,0xE220,0xD180,0xD160,
    0xD1A0,0xD160,0xC0C0,0xB020,0xB040,0xB880,0xC0E0,0xC900,0xC0E0,0xC0C0,0xB8A0,0xB860,
    0xA800,0xA800,0xA800,0xA800,0xB000,0xB020,0xB860,0xC0C0,0xC0E0,0xB8C0,0xB880,0xB880,
    0xC0A0,0xC900,0xC920,0xC940,0xD160,0xD180,0xD1A0,0xD1A0,0xD180,0xC940,0xC940,0xD140,
    0xC940,0xC900,0xC0C0,0xB880,0xB860,0xB880,0xC0C0,0xC0E0,0xC0E0,0xC0E0,0xC0E0,0xC100,
    0xC920,0xC920,0xC900,0xC920,0xC940,0xC940,0xC940,0xC940,0xC940,0xC920,0xC920,0xC900,
    0xC100,0xC900,0xC100,0xC0E0,0xC0E0,0xC0E0,0xC100,0xC100,0xC0E0,0xC0E0,0xC0C0,0xC0C0,
    0xC0A0,0xB8A0,0xB8A0,0xB8A0,0xC0A0,0xB8C0,0xC0C0,0xC0C0,0xC0E0,0xC0E0,0xC100,0xC900,
    0xC0C0,0xC0E0,0xC940,0xD160,0xD1A0,0xD9C0,0xD9E0,0xD9C0,0xD1A0,0xD160,0xC920,0xC920,
    0xC920,0xC920,0xC920,0xC920,0xC940,0xD180,0xD9E0,0xD9E0,0xD9C0,0xD9C0,0xD9C0,0xD9C0,
    0xD9E0,0xD9E0,0xD9C0,0xD9C0,0xD1A0,0xD180,0xD180,0xD1A0,0xD9C0,0xD1A0,0xD1A0,0xD1A0,
    0xD1A0,0xD160,0xD160,0xD9C0,0xD9E0,0xDA00,0xDA00,0xD9E0,0xE220,0xDA00,0xD9E0,0xEA60,
    0xEAA0,0xE240,0xC920,0xC0E0,0xC900,0xC100,0xC900,0xC900,0xC920,0xC940,0xD9C0,0xD9E0,
    0xD9C0,0xD180,0xC0C0,0xB880,0xC0E0,0xC900,0xC0C0,0xC0C0,0xC0E0,0xC0E0,0xB880,0xB880,
    0xC920,0xC960,0xD180,0xD180,0xD180,0xD180,0xC940,0xD160,0xD1A0,0xD1A0,0xD160,0xC960,
    0xD160,0xD1A0,0xD9E0,0xE240,0xDA00,0xD160,0xC920,0xC940,0xD180,0xD9C0,0xD9E0,0xD9C0,
    0xD1A0,0xD160,0xC960,0xD160,0xD180,0xD1A0,0xD9C0,0xD9E0,0xD9E0,0xD9E0,0xD9E0,0xD9E0,
    0xD9E0,0xD9C0,0xD9C0,0xD9C0,0xD9A0,0xD1A0,0xD180,0xC940,0xC920,0xC0E0,0xC0C0,0xC0C0,
    0xB8A0,0xB8A0,0xB880,0xB880,0xB880,0xB860,0xB060,0xB040,0xB020,0xB020,0xB020,0xA820,
    0xB020,0xB020,0xB020,0xA820,0xB040,0xB040,0xB860,0xB880,0xC0C0,0xC0E0,0xC0E0,0xC900,
    0xD160,0xD9C0,0xE220,0xE240,0xE240,0xE220,0xE200,0xD9E0,0xD9E0,0xD9E0,0xDA00,0xE220,
    0xE240,0xEA60,0xEA80,0xEA60,0xE240,0xE220,0xDA00,0xD9A0,0xD160,0xD180,0xD9C0,0xEA60,
    0xF2C0,0xF2E0,0xEA80,0xD1C0,0xC960,0xD160,0xD160,0xC940,0xC940,0xD160,0xC920,0xC0A0,
    0xB860,0xB020,0xB040,0xB880,0xC0E0,0xC0E0,0xC900,0xC900,0xC920,0xD180,0xD1A0,0xD180,
    0xD1C0,0xD180,0xD160,0xD160,0xD1A0,0xD9E0,0xE220,0xE220,0xD9C0,0xC940,0xC0C0,0xB040,
    0xB860,0xB860,0xB040,0xB880,0xC0E0,0xC920,0xD160,0xD160,0xD160,0xC920,0xC0E0,0xB8A0,
    0xB860,0xB8A0,0xC0C0,0xC0A0,0xC0C0,0xC0C0,0xC0C0,0xC920,0xD160,0xD160,0xD180,0xC940,
    0xD160,0xD160,0xD160,0xD9C0,0xD9E0,0xD9C0,0xD1A0,0xD180,0xC900,0xC920,0xC920,0xC0E0,
    0xB880,0xB040,0xA820,0xB020,0xB020,0xC0A0,0xC900,0xC940,0xD180,0xC940,0xC920,0xC0E0,
    0xC0C0,0xC0E0,0xC0C0,0xC0A0,0xB880,0xB8A0,0xC0C0,0xB8A0,0xB880,0xB040,0xB000,0xA000,
    0xA000,0xA800,0xA820,0xB040,0xB040,0xB040,0xB020,0xB020,0xB000,0xB000,0xB020,0xB020,
    0xB040,0xB060,0xB8A0,0xC920,0xD180,0xD9C0,0xD9C0,0xD180,0xC960,0xC900,0xC0C0,0xB880,
    0xB880,0xB880,0xB8A0,0xC0C0,0xC0E0,0xC100,0xC0E0,0xC0E0,0xC0E0,0xC100,0xC900,0xC920,
    0xC940,0xC960,0xC960,0xD160,0xD160,0xD160,0xD160,0xC940,0xC940,0xC920,0xC100,0xC0E0,
    0xC0C0,0xC0C0,0xC100,0xC940,0xD180,0xD1A0,0xD9C0,0xD9C0,0xD9C0,0xD1A0,0xD180,0xD160,
    0xC940,0xC100,0xC0C0,0xC0C0,0xC0E0,0xC900,0xC900,0xC920,0xC940,0xD160,0xD160,0xC940,
    0xC940,0xC920,0xC920,0xD160,0xD1A0,0xD9E0,0xE200,0xE220,0xE220,0xD9E0,0xD9E0,0xD9C0,
    0xD9C0,0xD9C0,0xD9A0,0xD1A0,0xD9C0,0xD9E0,0xE200,0xE240,0xEA60,0xEA80,0xEA80,0xE220,
    0xD160,0xC900,0xC0C0,0xC0C0,0xC900,0xC940,0xD1A0,0xD9A0,0xD180,0xD160,0xC920,0xC0A0,
    0xB880,0xB880,0xB8A0,0xC0C0,0xC0A0,0xB880,0xB860,0xB880,0xB880,0xB880,0xB060,0xA800,
    0xC0E0,0xC920,0xC940,0xC920,0xC100,0xB060,0xA800,0xA800,0xB020,0xB020,0xB860,0xB8A0,
    0xC900,0xC940,0xC940,0xC900,0xB060,0xB860,0xB040,0xA800,0xA800,0xB020,0xB020,0xB020,
    0xB880,0xC0C0,0xC0E0,0xC920,0xC900,0xC920,0xC940,0xC920,0xC920,0xC100,0xC900,0xD160,
    0xC940,0xC0E0,0xC920,0xC900,0xC0E0,0xC920,0xC0E0,0xB8A0,0xB880,0xB8A0,0xC0A0,0xC0C0,
    0xC0A0,0xB8A0,0xB860,0xB040,0xB860,0xB020,0xB020,0xB020,0xB860,0xB880,0xB880,0xB880,
    0xB880,0xB860,0xB060,0xB020,0xA000,0xA000,0xA800,0xB020,0xB8A0,0xC940,0xD180,0xD180,
    0xD180,0xD180,0xD180,0xD180,0xD180,0xC960,0xC920,0xC0E0,0xB8A0,0xB880,0xB880,0xB880,
    0xB880,0xB880,0xB860,0xB880,0xB880,0xB8A0,0xC0E0,0xC100,0xC100,0xC0E0,0xC900,0xC940,
    0xD180,0xD9C0,0xD9C0,0xD9A0,0xD180,0xD160,0xC940,0xC900,0xC0E0,0xC100,0xC900,0xC920,
    0xC940,0xC940,0xC940,0xC940,0xD140,0xC940,0xC940,0xC940,0xC940,0xC940,0xC940,0xC940,
    0xC960,0xC940,0xC940,0xD160,0xD180,0xD180,0xD160,0xC940,0xC8E0,0xC0C0,0xB8A0,0xB880,
    0xB880,0xB880,0xB880,0xB8A0,0xC0C0,0xC0E0,0xC0E0,0xC0E0,0xC0E0,0xC920,0xC940,0xD180,
    0xD160,0xC920,0xC920,0xD180,0xD9E0,0xE200,0xE200,0xE200,0xE220,0xE220,0xD9E0,0xD9C0,
    0xD1A0,0xD160,0xD160,0xD9A0,0xE200,0xE240,0xE220,0xD9E0,0xD9A0,0xC940,0xC0C0,0xC0E0,
    0xC920,0xC940,0xD160,0xD160,0xD180,0xD180,0xC920,0xC920,0xD160,0xD160,0xD180,0xC940,
    0xC900,0xC0E0,0xC0E0,0xC940,0xD180,0xC940,0xC920,0xD180,0xD1A0,0xD160,0xC0C0,0xC0C0,
    0xC920,0xC0C0,0xC0A0,0xC0E0,0xC100,0xC0E0,0xB8A0,0xC0E0,0xC920,0xD180,0xD9E0,0xD9E0,
    0xD160,0xD160,0xD180,0xD9C0,0xD9C0,0xD160,0xC940,0xC940,0xD1A0,0xDA00,0xE220,0xE220,
    0xDA00,0xDA00,0xE200,0xE220,0xE240,0xE200,0xD180,0xC940,0xD160,0xD180,0xD1A0,0xD9C0,
    0xD9C0,0xD9E0,0xD9E0,0xD9E0,0xD9C0,0xD180,0xD160,0xD160,0xD180,0xD9A0,0xD9C0,0xD9C0,
    0xD9C0,0xD9C0,0xD9C0,0xD180,0xD160,0xC940,0xC900,0xC0E0,0xC0E0,0xC900,0xC920,0xC940,
    0xD160,0xC940,0xC920,0xC900,0xC0E0,0xC0E0,0xC900,0xC920,0xC920,0xC940,0xC960,0xC940,
    0xD160,0xD1A0,0xD9C0,0xD9E0,0xE200,0xE240,0xE240,0xDA00,0xD9A0,0xD160,0xD160,0xD1A0,
    0xD9C0,0xD9C0,0xD1A0,0xD1A0,0xD9C0,0xD9C0,0xD9C0,0xD9E0,0xD1A0,0xD180,0xD180,0xD180,
    0xD160,0xC940,0xC940,0xD160,0xD160,0xD160,0xD180,0xD180,0xD9C0,0xEA80,0xEB00,0xF341,
    0xF360,0xF2E0,0xE240,0xD180,0xC940,0xD180,0xD160,0xC920,0xB8A0,0xB040,0xB040,0xB880,
    0xB8A0,0xC0C0,0xB8A0,0xC0A0,0xC0C0,0xC0C0,0xC0E0,0xC0C0,0xB040,0xB020,0xB040,0xB8A0,
    0xC920,0xD160,0xD9E0,0xE240,0xD9C0,0xD180,0xC960,0xC0E0,0xB8A0,0xC0A0,0xC0C0,0xC0E0,
    0xC900,0xC0E0,0xC0E0,0xC940,0xD160,0xC940,0xB8A0,0xB8A0,0xC0C0,0xC0E0,0xC0C0,0xC0A0,
    0xC0A0,0xC0E0,0xD160,0xD160,0xC940,0xC940,0xC920,0xB880,0xA800,0xB020,0xB060,0xB860,
    0xC100,0xC940,0xC920,0xC900,0xC900,0xC0E0,0xC0E0,0xC100,0xC8E0,0xC900,0xC920,0xD180,
    0xC940,0xD180,0xD140,0xC940,0xC940,0xC100,0xC0C0,0xB860,0xB040,0xB040,0xC0C0,0xC920,
    0xC940,0xD160,0xD1A0,0xD180,0xD180,0xC940,0xB8A0,0xB040,0xB060,0xB060,0xB860,0xB060,
    0xB860,0xB8A0,0xC0C0,0xC0C0,0xC0E0,0xC900,0xC0E0,0xB8A0,0xB060,0xB060,0xB060,0xB880,
    0xC0C0,0xB8A0,0xB880,0xB040,0xB040,0xB020,0xB040,0xB8A0,0xC900,0xD160,0xD1A0,0xD9E0,
    0xE200,0xE200,0xD9E0,0xE200,0xE220,0xE240,0xE240,0xE240,0xE240,0xE200,0xD9E0,0xD1A0,
    0xD160,0xC940,0xC920,0xC0E0,0xC0C0,0xB8A0,0xB880,0xB880,0xC0A0,0xC0E0,0xC920,0xD160,
    0xC940,0xC920,0xC940,0xD140,0xD160,0xD180,0xD1A0,0xD1A0,0xD9A0,0xD1A0,0xD160,0xC940,
    0xC940,0xC920,0xC920,0xC940,0xC920,0xC900,0xC900,0xC900,0xC100,0xC0E0,0xC0C0,0xC0C0,
    0xC0E0,0xC920,0xD160,0xD1A0,0xD9C0,0xD9E0,0xD1A0,0xC940,0xC0E0,0xB8A0,0xC0C0,0xC100,
    0xD160,0xD1A0,0xD9A0,0xD9C0,0xD9C0,0xD1A0,0xD9C0,0xD9E0,0xD9C0,0xD180,0xC920,0xC900,
    0xC920,0xC920,0xC940,0xD160,0xD160,0xC940,0xC920,0xC0C0,0xC0C0,0xC920,0xD160,0xD160,
    0xC940,0xC920,0xC0E0,0xC0A0,0xB860,0xB020,0xB040,0xC0C0,0xC900,0xC0E0,0xB880,0xB880,
    0xB860,0xB020,0xA800,0xA800,0xB040,0xB880,0xC0C0,0xC0E0,0xC0C0,0xC0E0,0xC0E0,0xC0E0,
    0xC0E0,0xB8A0,0xB8A0,0xC0C0,0xC100,0xC100,0xC100,0xD160,0xD1A0,0xD180,0xD160,0xC900,
    0xB040,0xB020,0xB880,0xC0E0,0xD9E0,0xEA80,0xEAA0,0xF2A0,0xE220,0xD1A0,0xC920,0xC0C0,
    0xB880,0xB860,0xB040,0xB060,0xC0E0,0xC940,0xC960,0xD160,0xD160,0xC920,0xC100,0xC100,
    0xC0E0,0xC0C0,0xC0C0,0xC0E0,0xC0E0,0xC0C0,0xC0A0,0xC0A0,0xC0C0,0xC0E0,0xC0E0,0xB8A0,
    0xB8A0,0xB860,0xB860,0xB860,0xB8A0,0xC0E0,0xC100,0xC920,0xD160,0xD180,0xD1A0,0xD160,
    0xC920,0xC0E0,0xC0C0,0xC100,0xC920,0xD160,0xD180,0xD160,0xD140,0xD160,0xD1A0,0xD9C0,
    0xD9E0,0xD9C0,0xD1A0,0xD180,0xD180,0xD1A0,0xD9A0,0xD1A0,0xD160,0xC940,0xC0E0,0xB8A0,
    0xB860,0xB060,0xB860,0xB8A0,0xC0E0,0xC920,0xC920,0xC940,0xD160,0xD180,0xD1A0,0xD1A0,
    0xD180,0xD180,0xD1A0,0xD1A0,0xD9C0,0xD9C0,0xD9E0,0xE220,0xE240,0xEA60,0xEA60,0xE240,
    0xD9C0,0xD9E0,0xE220,0xE240,0xE240,0xE220,0xD9E0,0xD1A0,0xD160,0xC920,0xC0E0,0xC0A0,
    0xB8A0,0xB8A0,0xC0A0,0xB8A0,0xB8A0,0xB8A0,0xC0E0,0xC920,0xC940,0xC940,0xC920,0xC0E0,
    0xC900,0xD160,0xD9A0,0xD9C0,0xD180,0xD9C0,0xE200,0xD9E0,0xD180,0xD180,0xC920,0xC920,
    0xD1A0,0xE240,0xEA40,0xE200,0xD9E0,0xC940,0xC0C0,0xB880,0xB880,0xB880,0xB880,0xB8A0,
    0xB8A0,0xB8C0,0xC0A0,0xC0C0,0xC900,0xC100,0xD160,0xD1A0,0xD1C0,0xD180,0xD9C0,0xD9A0,
    0xD180,0xC920,0xC900,0xC940,0xC920,0xB8A0,0xB060,0xB8A0,0xD160,0xC0C0,0xB040,0xC0C0,
    0xC0E0,0xC0C0,0xC0C0,0xC940,0xD9A0,0xDA00,0xEA60,0xE220,0xD180,0xD9A0,0xDA00,0xE200,
    0xD1A0,0xC940,0xD180,0xD9A0,0xD1A0,0xD180,0xD160,0xD180,0xD1A0,0xD9C0,0xE200,0xE240,
    0xE200,0xD180,0xC940,0xD160,0xD180,0xD1A0,0xD1A0,0xD180,0xD160,0xD160,0xD160,0xD160,
    0xC920,0xC900,0xC900,0xC0E0,0xC0C0,0xC940,0xD9C0,0xD9A0,0xD9C0,0xDA00,0xDA00,0xD9E0,
    0xD9C0,0xD1A0,0xD160,0xC920,0xC100,0xC100,0xC920,0xD160,0xD9A0,0xD9E0,0xD9E0,0xDA00,
    0xE200,0xDA00,0xE200,0xDA00,0xDA00,0xD9C0,0xD180,0xC940,0xC920,0xC920,0xC920,0xC920,
    0xC920,0xC920,0xC920,0xD140,0xD140,0xC940,0xC920,0xC0E0,0xC0C0,0xC0C0,0xC0E0,0xC920,
    0xD160,0xD160,0xD180,0xD9C0,0xD9A0,0xD180,0xD160,0xD160,0xD160,0xC940,0xC940,0xC940,
    0xC0E0,0xB880,0xB060,0xB880,0xC0E0,0xC0E0,0xC0A0,0xB040,0xB040,0xB860,0xB8A0,0xB860,
    0xB860,0xC0C0,0xC940,0xD160,0xD180,0xD180,0xD180,0xD1A0,0xD9C0,0xD1A0,0xD180,0xC920,
    0xB8A0,0xB8A0,0xC0C0,0xC0C0,0xB880,0xB880,0xC920,0xD180,0xD9E0,0xE220,0xE220,0xE220,
    0xD9E0,0xD1A0,0xD160,0xC900,0xC940,0xC920,0xC940,0xD160,0xC940,0xC920,0xC0E0,0xC940,
    0xD180,0xC920,0xC100,0xC900,0xC0C0,0xB860,0xB020,0xB020,0xB040,0xB040,0xB020,0xB860,
    0xB880,0xC0C0,0xC920,0xD160,0xC0E0,0xC100,0xD160,0xC940,0xC960,0xC920,0xC0C0,0xC0A0,
    0xC100,0xC940,0xD160,0xC0E0,0xB060,0xB860,0xB040,0xB880,0xB880,0xB060,0xA820,0xA820,
    0xB040,0xB860,0xB8A0,0xB880,0xB020,0xB8C0,0xD160,0xD9C0,0xD9E0,0xE220,0xEA60,0xDA00,
    0xC940,0xC0C0,0xC0E0,0xC920,0xC920,0xC940,0xD160,0xD160,0xC940,0xC0E0,0xB880,0xB860,
    0xB880,0xB8A0,0xC100,0xC920,0xC980,0xD9C0,0xE220,0xE240,0xE220,0xD9E0,0xD1A0,0xD180,
    0xD1A0,0xD180,0xD180,0xD180,0xD160,0xC940,0xC920,0xC0E0,0xC0E0,0xC900,0xD160,0xD9C0,
    0xD9E0,0xD9C0,0xD1A0,0xD180,0xD1A0,0xD1A0,0xD9A0,0xD9C0,0xD1A0,0xD160,0xC940,0xC100,
    0xC0E0,0xC0C0,0xC0C0,0xC0C0,0xC0C0,0xC0E0,0xC0E0,0xC0E0,0xC900,0xC0E0,0xC0C0,0xB8A0,
    0xB860,0xB020,0xA800,0xA800,0xB020,0xB040,0xB040,0xB040,0xB040,0xB040,0xB860,0xB8A0,
    0xC0C0,0xC900,0xC940,0xD160,0xC960,0xC920,0xC0C0,0xB860,0xB040,0xB040,0xB860,0xB8A0,
    0xC0E0,0xC920,0xC940,0xC920,0xC900,0xC0E0,0xB880,0xB020,0xB860,0xC0C0,0xC900,0xC940,
    0xD160,0xC940,0xC920,0xC920,0xD180,0xD180,0xC900,0xC0C0,0xC0E0,0xC900,0xC0E0,0xB880,
    0xB880,0xC0C0,0xC0C0,0xB8A0,0xC0A0,0xC0C0,0xC0E0,0xC100,0xC920,0xC940,0xC960,0xD180,
    0xD180,0xC920,0xB8A0,0xC0A0,0xC0E0,0xC900,0xC0C0,0xB880,0xB880,0xB8A0,0xC0C0,0xB880,
    0xB8A0,0xC0E0,0xB8A0,0xB880,0xB860,0xB040,0xB020,0xB000,0xB020,0xB040,0xB860,0xB880,
    0xC0C0,0xC100,0xC940,0xD160,0xD180,0xD160,0xD180,0xC920,0xC0C0,0xC0A0,0xC0A0,0xC0A0,
    0xD1A0,0xE220,0xD9C0,0xD180,0xC940,0xC0E0,0xC0C0,0xC0C0,0xB8A0,0xB880,0xC0C0,0xC940,
    0xC940,0xC920,0xC900,0xC900,0xC900,0xC940,0xD160,0xC940,0xC920,0xC900,0xC940,0xD160,
    0xC940,0xC940,0xC920,0xC100,0xC0C0,0xB8A0,0xB8A0,0xB8A0,0xB860,0xB860,0xB040,0xB020,
    0xB020,0xB020,0xB8A0,0xC940,0xC920,0xC920,0xC900,0xB8A0,0xB060,0xB040,0xB040,0xB040,
    0xB060,0xB060,0xB060,0xB880,0xC0C0,0xD160,0xD9E0,0xE220,0xD9E0,0xD1A0,0xD160,0xC920,
    0xC0E0,0xC0E0,0xC0C0,0xB8A0,0xB880,0xB880,0xB8C0,0xC0E0,0xC920,0xD160,0xD180,0xD180,
    0xD180,0xD1A0,0xD1A0,0xD9C0,0xD9C0,0xD1A0,0xD160,0xC920,0xC920,0xC920,0xC920,0xC920,
    0xC920,0xC940,0xD160,0xD9A0,0xD9C0,0xD9A0,0xDA00,0xE220,0xD9A0,0xD1A0,0xD1A0,0xD9C0,
    0xE200,0xEA40,0xEA60,0xE240,0xE220,0xD9E0,0xD9E0,0xD9C0,0xD180,0xD160,0xD160,0xD180,
    0xD180,0xD140,0xC920,0xC920,0xC940,0xD140,0xC940,0xD160,0xD160,0xC920,0xC920,0xD160,
    0xD160,0xC900,0xC100,0xC920,0xC920,0xC900,0xD160,0xD180,0xD180,0xD180,0xD9A0,0xD180,
    0xC940,0xC0C0,0xB060,0xB040,0xB880,0xB8A0,0xB880,0xC0C0,0xC100,0xC0E0,0xC0E0,0xC100,
    0xD180,0xD1A0,0xC940,0xC920,0xD160,0xD180,0xD9A0,0xD9C0,0xD9C0,0xD9C0,0xE220,0xEA80,
    0xD9C0,0xC940,0xD160,0xE200,0xE240,0xD160,0xC0E0,0xC940,0xC960,0xD9A0,0xDA00,0xD9C0,
    0xE200,0xE220,0xEA60,0xE240,0xDA00,0xE220,0xE200,0xD9C0,0xC940,0xC900,0xC940,0xC940,
    0xC920,0xC900,0xC0E0,0xC0E0,0xC900,0xD180,0xD9A0,0xD160,0xC920,0xC100,0xC900,0xC940,
    0xD180,0xD160,0xC960,0xC960,0xD160,0xD160,0xD160,0xC940,0xC940,0xC940,0xC100,0xC0E0,
    0xC920,0xD180,0xD9C0,0xD1A0,0xD160,0xC920,0xC900,0xC0E0,0xC0E0,0xC0C0,0xC0C0,0xC0C0,
    0xB8A0,0xB880,0xB8A0,0xC0C0,0xC900,0xC940,0xD180,0xD1A0,0xD9A0,0xD9C0,0xD9C0,0xD9C0,
    0xD9E0,0xD9E0,0xD1A0,0xD160,0xC940,0xC920,0xC100,0xC0E0,0xC100,0xC900,0xC100,0xC900,
    0xC920,0xD160,0xD9A0,0xE200,0xE240,0xE240,0xE240,0xE220,0xD9E0,0xD180,0xC920,0xC0E0,
    0xC0E0,0xC0C0,0xC0C0,0xC0E0,0xC100,0xC100,0xC920,0xC940,0xD180,0xD1A0,0xD180,0xC940,
    0xD9C0,0xD9C0,0xC920,0xB8A0,0xB040,0xB020,0xB040,0xC0A0,0xC900,0xD160,0xD9A0,0xD9E0,
    0xD9E0,0xD9C0,0xE200,0xE220,0xD9C0,0xD160,0xC100,0xB880,0xB860,0xB880,0xC0E0,0xC0E0,
    0xC940,0xC0E0,0xC940,0xD160,0xC940,0xD180,0xD160,0xC920,0xC0E0,0xB880,0xB040,0xB8A0,
    0xC0E0,0xC0E0,0xD180,0xD9C0,0xD9C0,0xD1A0,0xD160,0xC900,0xC0C0,0xC0C0,0xD180,0xD1A0,
    0xC920,0xB040,0xB020,0xB860,0xB860,0xB880,0xB880,0xB880,0xB060,0xB040,0xB860,0xB8C0,
    0xC0C0,0xC0E0,0xC940,0xD180,0xD9C0,0xD160,0xC100,0xC0C0,0xC0C0,0xC920,0xD180,0xC900,
    0xB880,0xB020,0xA800,0xA800,0xA800,0xB040,0xB8A0,0xC0E0,0xC920,0xD1A0,0xD9E0,0xD9E0,
    0xE200,0xF2E0,0xF2C0,0xEA80,0xD9E0,0xC940,0xC0A0,0xB020,0xB000,0xA820,0xB060,0xB8A0,
    0xD160,0xE220,0xEA80,0xEA60,0xD1A0,0xC920,0xC920,0xC920,0xC920,0xC960,0xD180,0xD9E0,
    0xEA40,0xEA60,0xE200,0xD180,0xC920,0xC920,0xC940,0xD180,0xD9A0,0xD9E0,0xD9E0,0xDA00,
    0xD9E0,0xD1A0,0xD160,0xC940,0xC920,0xC900,0xC900,0xC920,0xC940,0xD180,0xD9C0,0xDA00,
    0xD9E0,0xD9E0,0xD9C0,0xD9C0,0xD1A0,0xD180,0xD180,0xD160,0xC940,0xC920,0xC100,0xC0E0,
    0xC0E0,0xC0E0,0xC900,0xC940,0xC940,0xD160,0xD180,0xD180,0xD160,0xC920,0xC0C0,0xB860,
    0xB020,0xB020,0xB040,0xB860,0xB060,0xB040,0xB040,0xB880,0xB8A0,0xB8A0,0xC100,0xD180,
    0xD9E0,0xE220,0xE200,0xD1A0,0xC940,0xC0E0,0xC0C0,0xC0E0,0xC0E0,0xC0E0,0xC920,0xC940,
    0xD160,0xD180,0xC940,0xC0C0,0xB060,0xB060,0xB880,0xC0A0,0xC0C0,0xC0C0,0xC0C0,0xB8A0,
    0xC100,0xD160,0xC100,0xC0C0,0xC100,0xD180,0xD180,0xC900,0xC0C0,0xC0C0,0xC0E0,0xC0C0,
    0xC0C0,0xC900,0xC0C0,0xB880,0xB860,0xB860,0xB020,0xB040,0xC0C0,0xC0E0,0xC100,0xC0E0,
    0xC0C0,0xC900,0xC920,0xC0C0,0xB8A0,0xB860,0xB880,0xB8A0,0xB880,0xB060,0xB880,0xB860,
    0xB040,0xB880,0xC0C0,0xB8A0,0xB880,0xB020,0xA800,0xA820,0xB020,0xB8A0,0xC920,0xC960,
    0xD180,0xD180,0xD160,0xC920,0xC0E0,0xC0C0,0xC940,0xD180,0xD180,0xD180,0xC940,0xC940,
    0xC940,0xC0A0,0xB040,0xB040,0xB860,0xC0A0,0xC900,0xC0E0,0xB880,0xB040,0xB860,0xB880,
    0xC0C0,0xC0E0,0xC920,0xD160,0xC960,0xC0E0,0xC0E0,0xC900,0xC920,0xD160,0xD180,0xD160,
    0xC940,0xC900,0xC100,0xC0E0,0xC0E0,0xD180,0xD180,0xC900,0xB8A0,0xB860,0xC0A0,0xB880,
    0xB020,0xB040,0xB040,0xB040,0xB040,0xB860,0xB880,0xB8C0,0xC0E0,0xC0C0,0xC0C0,0xC0E0,
    0xC0E0,0xC900,0xC940,0xD140,0xD140,0xC940,0xC940,0xD140,0xD160,0xD160,0xC960,0xD160,
    0xD160,0xC940,0xC940,0xD180,0xD9C0,0xD9E0,0xE200,0xE220,0xE240,0xE240,0xE240,0xE220,
    0xE200,0xD9E0,0xD1A0,0xC960,0xC900,0xC0E0,0xC0C0,0xC0C0,0xC0C0,0xC0C0,0xC0C0,0xC0C0,
    0xC0A0,0xC0E0,0xD9E0,0xE240,0xEA60,0xEA60,0xE240,0xE200,0xD1A0,0xD160,0xD160,0xD160,
    0xD180,0xD1A0,0xD9E0,0xE220,0xEA60,0xE240,0xE200,0xD9E0,0xD9C0,0xD9E0,0xD9C0,0xD160,
    0xD160,0xD180,0xD1A0,0xD9A0,0xD9A0,0xD1A0,0xC940,0xC960,0xD9C0,0xD180,0xC0C0,0xA800,
    0xA800,0xB020,0xB860,0xC940,0xD9A0,0xD180,0xD160,0xC940,0xC940,0xC0E0,0xC0C0,0xC0C0,
    0xC0C0,0xC920,0xC920,0xC940,0xD160,0xC920,0xC900,0xC100,0xC0C0,0xC940,0xC940,0xC0E0,
    0xB880,0xB8A0,0xC900,0xC0E0,0xC900,0xD1A0,0xD9C0,0xE200,0xEA60,0xEA80,0xF2C0,0xFB80,
    0xF2E0,0xE220,0xD9E0,0xD9A0,0xD9E0,0xEA40,0xEA80,0xE220,0xD9C0,0xD9E0,0xD9E0,0xD9C0,
    0xD1A0,0xD1A0,0xD1A0,0xD180,0xC940,0xC900,0xC0C0,0xC100,0xC940,0xC940,0xC920,0xD160,
    0xD9E0,0xE220,0xD1A0,0xC0E0,0xC0C0,0xB8A0,0xC0C0,0xC0E0,0xC0E0,0xC0E0,0xC0E0,0xC0C0,
    0xC0C0,0xC900,0xD180,0xD9C0,0xD9C0,0xD180,0xD1A0,0xDA00,0xE200,0xE200,0xD9C0,0xD1A0,
    0xD160,0xC940,0xC940,0xC900,0xC0C0,0xB8A0,0xB8A0,0xC0A0,0xC0C0,0xC100,0xC920,0xC940,
    0xD160,0xD1A0,0xD9E0,0xDA00,0xDA00,0xD9C0,0xD1A0,0xD180,0xD1A0,0xD9C0,0xD9C0,0xD180,
    0xC940,0xC940,0xD160,0xD180,0xD1A0,0xD9C0,0xD9C0,0xD9C0,0xD180,0xC940,0xC940,0xC960,
    0xD180,0xD180,0xC940,0xC100,0xC940,0xD1A0,0xD9C0,0xD180,0xC960,0xC940,0xC900,0xC900,
    0xC100,0xC0E0,0xC0C0,0xC0E0,0xC100,0xC900,0xD160,0xD9C0,0xE220,0xE240,0xD1A0,0xC0E0,
    0xC0C0,0xC0E0,0xB880,0xB880,0xB880,0xB8A0,0xC920,0xD180,0xD1A0,0xD1A0,0xC900,0xB880,
    0xB880,0xB060,0xB8A0,0xC0A0,0xB860,0xB020,0xB060,0xB880,0xC0C0,0xC0C0,0xB8A0,0xC0A0,
    0xC0C0,0xB880,0xB040,0xB060,0xB040,0xB060,0xC0E0,0xC940,0xB880,0xB860,0xC0C0,0xC0E0,
    0xC940,0xD180,0xDA00,0xE220,0xD180,0xD180,0xE240,0xE240,0xD9E0,0xC900,0xC0C0,0xB880,
    0xB8A0,0xD160,0xD180,0xC100,0xB020,0xA800,0xB020,0xB040,0xB040,0xB880,0xB8A0,0xC0E0,
    0xC940,0xC900,0xC0C0,0xB880,0xB040,0xB860,0xB8A0,0xB040,0xA800,0xA800,0xB020,0xA800,
    0xB040,0xC900,0xD160,0xC0C0,0xC0C0,0xC0C0,0xD160,0xD140,0xC0E0,0xC0C0,0xB860,0xB020,
    0xB040,0xB020,0xA800,0xA800,0xA800,0xC0C0,0xD160,0xD180,0xC920,0xB8A0,0xB060,0xB080,
    0xC0E0,0xD9A0,0xE220,0xD9E0,0xD160,0xC0E0,0xC0C0,0xC900,0xC940,0xC940,0xC940,0xC940,
    0xC920,0xB8A0,0xB040,0xB860,0xB880,0xB8A0,0xC0E0,0xC100,0xC100,0xC920,0xD160,0xD160,
    0xC920,0xC0E0,0xC0C0,0xC0E0,0xC920,0xD180,0xD9A0,0xD1A0,0xD180,0xD160,0xD160,0xD180,
    0xD180,0xD160,0xC960,0xC940,0xC920,0xC920,0xC100,0xC920,0xD1A0,0xD9E0,0xD9E0,0xD9C0,
    0xD9E0,0xE200,0xE240,0xEA80,0xEAA0,0xEA60,0xE220,0xD9E0,0xD160,0xC900,0xC0C0,0xC0A0,
    0xB8A0,0xB8A0,0xB880,0xB880,0xB8A0,0xC0E0,0xC900,0xC920,0xC940,0xD1A0,0xE200,0xD9C0,
    0xC920,0xC0E0,0xC0C0,0xC0E0,0xC900,0xC920,0xD160,0xD1C0,0xD9E0,0xD9A0,0xC940,0xC0E0,
    0xC100,0xD140,0xD160,0xD180,0xD160,0xD160,0xC920,0xC920,0xC940,0xD180,0xD9A0,0xC940,
    0xB880,0xB060,0xB040,0xB880,0xC0C0,0xC900,0xC940,0xC920,0xC920,0xD180,0xD9C0,0xD160,
    0xC940,0xC920,0xC940,0xC920,0xC0E0,0xB8C0,0xB8A0,0xB8A0,0xB8A0,0xC0C0,0xC920,0xC940,
    0xD180,0xC920,0xC900,0xC0E0,0xB8A0,0xB020,0xB020,0xC0A0,0xB880,0xC0C0,0xD160,0xD9C0,
    0xD1A0,0xC920,0xC100,0xC920,0xD180,0xC940,0xC940,0xC100,0xC0E0,0xC920,0xC0E0,0xC0C0,
    0xB8A0,0xC0A0,0xC900,0xD9C0,0xD1A0,0xD180,0xC920,0xC0E0,0xB860,0xB000,0xA800,0xA800,
    0xC0C0,0xC920,0xC900,0xC900,0xC900,0xC940,0xD160,0xC920,0xC920,0xC920,0xC940,0xD9C0,
    0xD180,0xD9A0,0xD9C0,0xD1A0,0xD160,0xC940,0xD1A0,0xD180,0xC940,0xC920,0xC100,0xC0E0,
    0xC940,0xD9A0,0xD1A0,0xD1A0,0xD9C0,0xD1A0,0xC920,0xC0C0,0xB020,0xA800,0xB040,0xB860,
    0xB880,0xB860,0xB8A0,0xC900,0xC920,0xD160,0xD160,0xC100,0xC0C0,0xC0E0,0xC0E0,0xC900,
    0xD160,0xD180,0xD1A0,0xD160,0xC100,0xC0C0,0xC0E0,0xC100,0xC0C0,0xB8A0,0xB880,0xB8A0,
    0xC0C0,0xC100,0xC940,0xD160,0xD160,0xC960,0xC940,0xC940,0xC920,0xC940,0xC940,0xD180,
    0xD1A0,0xD9A0,0xD9A0,0xD1A0,0xD1A0,0xD180,0xD180,0xD180,0xD9C0,0xE220,0xD9E0,0xD180,
    0xD1A0,0xD9C0,0xD9E0,0xDA00,0xDA00,0xD9C0,0xD180,0xC920,0xC8E0,0xC900,0xC940,0xD180,
    0xD9E0,0xE200,0xE220,0xE220,0xD9C0,0xD180,0xD180,0xD140,0xC920,0xD160,0xD9C0,0xDA00,
    0xD9E0,0xD9A0,0xD160,0xC900,0xC0E0,0xC960,0xC940,0xB8A0,0xB020,0xA800,0xA800,0xB040,
    0xB880,0xC0C0,0xC0E0,0xC100,0xC100,0xC0E0,0xC0E0,0xC900,0xC920,0xD180,0xD9C0,0xD1A0,
    0xD180,0xC940,0xC100,0xC0E0,0xB880,0xB060,0xC940,0xD160,0xC900,0xB8A0,0xB860,0xB040,
    0xA800,0xB860,0xC920,0xC0C0,0xC940,0xE220,0xE220,0xE240,0xE200,0xEA60,0xEA40,0xD1A0,
    0xC920,0xC920,0xC0C0,0xB860,0xC0A0,0xC920,0xC900,0xC920,0xB880,0xB880,0xC920,0xD180,
    0xD180,0xC920,0xC0E0,0xD180,0xD9C0,0xD160,0xC940,0xC940,0xC940,0xC940,0xC100,0xC0E0,
    0xC920,0xD160,0xC940,0xC100,0xC100,0xC100,0xC0E0,0xC0C0,0xC0E0,0xD180,0xDA00,0xD9C0,
    0xD1A0,0xD1A0,0xD9C0,0xD1A0,0xD1A0,0xD160,0xC900,0xB8A0,0xC0A0,0xC900,0xC940,0xD1A0,
    0xD180,0xC940,0xC920,0xC900,0xC100,0xC900,0xC900,0xC920,0xC940,0xD160,0xD180,0xD9C0,
    0xD9E0,0xD9E0,0xD9E0,0xD9C0,0xD1A0,0xD1A0,0xD9C0,0xD9E0,0xD9E0,0xD9E0,0xD9A0,0xD1A0,
    0xD180,0xC940,0xC900,0xC0E0,0xC0E0,0xC100,0xC900,0xC0E0,0xB8A0,0xB8A0,0xC0E0,0xC920,
    0xD160,0xD180,0xD160,0xD180,0xD9C0,0xDA00,0xE220,0xE200,0xD9A0,0xD180,0xC920,0xC940,
    0xD180,0xD180,0xD180,0xD9E0,0xDA00,0xD9E0,0xD160,0xC0E0,0xC0C0,0xC0C0,0xC900,0xC920,
    0xB880,0xB020,0xB020,0xB860,0xC900,0xC920,0xC920,0xC0C0,0xB860,0xB060,0xC100,0xD180,
    0xD1A0,0xC920,0xB8A0,0xB860,0xB060,0xB020,0xA800,0xA800,0xB020,0xB060,0xC0C0,0xC960,
    0xD140,0xD160,0xE220,0xEA80,0xEAA0,0xD1A0,0xC900,0xC0E0,0xB880,0xC0E0,0xD160,0xD1A0,
    0xD9C0,0xD180,0xD160,0xC900,0xC0C0,0xC0C0,0xB880,0xB040,0xC0C0,0xC920,0xC960,0xC940,
    0xC920,0xC0E0,0xB040,0xB040,0xC0C0,0xC940,0xD180,0xC940,0xC0C0,0xB880,0xC0C0,0xB8A0,
    0xB040,0xB020,0xA800,0xB880,0xB880,0xB060,0xB020,0xA800,0xA800,0xA820,0xB040,0xA800,
    0xA800,0xB880,0xC900,0xC900,0xC0C0,0xB860,0xB040,0xB020,0xA800,0xA000,0xA000,0xA820,
    0xB020,0xB040,0xB040,0xB880,0xB040,0xA800,0xA000,0xA000,0xA800,0xB860,0xB8A0,0xB880,
    0xB880,0xB020,0xB020,0xB060,0xB860,0xC0C0,0xC0E0,0xC0E0,0xC0E0,0xC0C0,0xC0C0,0xC100,
    0xC920,0xD1A0,0xDA00,0xE240,0xEA80,0xF2A0,0xEAA0,0xEA60,0xDA00,0xD9A0,0xD160,0xD160,
    0xD160,0xD180,0xD180,0xC960,0xD160,0xD1A0,0xD9E0,0xD9C0,0xD160,0xC900,0xC0C0,0xC0A0,
    0xB8A0,0xC0C0,0xC0E0,0xC920,0xC960,0xD160,0xC960,0xC920,0xC920,0xC940,0xD1A0,0xD9E0,
    0xE200,0xE220,0xE240,0xE240,0xE220,0xD9E0,0xD9C0,0xD9C0,0xD9E0,0xD9C0,0xD160,0xC100,
    0xB880,0xB880,0xC0C0,0xC920,0xC940,0xD180,0xD9A0,0xD9A0,0xD180,0xC940,0xC900,0xC0E0,
    0xC0E0,0xC920,0xD180,0xD180,0xD160,0xD160,0xC900,0xB860,0xB020,0xB040,0xB880,0xC100,
    0xC920,0xD160,0xD180,0xD160,0xD180,0xD9C0,0xD9E0,0xD180,0xC0C0,0xB020,0xB000,0xA800,
    0xB040,0xB880,0xB860,0xB060,0xB8A0,0xC0C0,0xC920,0xD180,0xC900,0xC0C0,0xC940,0xD180,
    0xC920,0xC900,0xC900,0xC0C0,0xC100,0xC940,0xD9A0,0xD180,0xE200,0xE220,0xD1A0,0xC940,
    0xC900,0xC100,0xC100,0xD180,0xD160,0xC920,0xC920,0xD180,0xC940,0xC900,0xC900,0xC920,
    0xC940,0xD160,0xD160,0xD9C0,0xD160,0xC940,0xC940,0xC0E0,0xB880,0xB000,0xB040,0xB880,
    0xB880,0xB880,0xC920,0xC0C0,0xB060,0xB8A0,0xC0A0,0xC0C0,0xC920,0xD9C0,0xD9E0,0xD180,
    0xC920,0xC0E0,0xC0E0,0xC0E0,0xB060,0xB040,0xB040,0xB8A0,0xB020,0xA800,0xA000,0xA000,
    0xA800,0xB8A0,0xB8A0,0xA800,0xB860,0xB880,0xB880,0xC100,0xD160,0xD180,0xD180,0xD180,
    0xD160,0xC920,0xC0C0,0xC0C0,0xC0A0,0xB880,0xB880,0xB880,0xB860,0xB020,0xA800,0xB040,
    0xC0C0,0xC0E0,0xB860,0xB020,0xB060,0xB040,0xB040,0xB060,0xB8A0,0xC0A0,0xB860,0xA800,
    0xA800,0xA800,0xA800,0xA820,0xB040,0xB060,0xB880,0xB880,0xB8A0,0xC0E0,0xC900,0xC920,
    0xC900,0xC0E0,0xC0C0,0xC0A0,0xC0C0,0xC0E0,0xC940,0xD160,0xD180,0xD1A0,0xD1A0,0xD9C0,
    0xE200,0xE220,0xE240,0xD9E0,0xD9E0,0xEA60,0xEAA0,0xEA60,0xE220,0xD9E0,0xD9E0,0xDA00,
    0xE240,0xEA60,0xEA80,0xF2C0,0xEA80,0xD9E0,0xD1A0,0xD9C0,0xD9C0,0xD9C0,0xD9A0,0xD1A0,
    0xD1A0,0xDA00,0xE220,0xD9E0,0xD160,0xC940,0xD180,0xD180,0xD140,0xC100,0xC920,0xD9A0,
    0xD160,0xC900,0xD180,0xD160,0xC900,0xC0E0,0xC100,0xC100,0xC100,0xC0E0,0xC900,0xC940,
    0xD1A0,0xC960,0xC940,0xC940,0xC940,0xD160,0xD9A0,0xD1A0,0xD160,0xD180,0xD160,0xC940,
    0xC0E0,0xB860,0xC0E0,0xD160,0xC920,0xC100,0xC0C0,0xB880,0xB040,0xA800,0xB020,0xB040,
    0xB860,0xB880,0xB8A0,0xC0A0,0xC100,0xD1A0,0xC960,0xC960,0xD160,0xD9A0,0xC920,0xC920,
    0xC0E0,0xC920,0xD9C0,0xC940,0xB860,0xB860,0xC920,0xD180,0xD160,0xC0C0,0xD160,0xEA60,
    0xF2A0,0xE220,0xD9A0,0xD160,0xC960,0xD160,0xC940,0xD160,0xD9C0,0xE200,0xE200,0xD1A0,
    0xD1C0,0xD1A0,0xD160,0xC920,0xC940,0xD9C0,0xD1A0,0xD180,0xD160,0xC920,0xC0E0,0xC0C0,
    0xB8A0,0xB8A0,0xC0C0,0xC0E0,0xC920,0xC900,0xC0A0,0xC0C0,0xC920,0xC920,0xC920,0xC920,
    0xC920,0xC900,0xC900,0xC920,0xC920,0xC940,0xC940,0xD160,0xD180,0xD9C0,0xD9A0,0xD180,
    0xD160,0xC960,0xD180,0xD9C0,0xD9E0,0xD1A0,0xC960,0xD160,0xD180,0xC940,0xC920,0xC920,
    0xC940,0xD160,0xD180,0xD180,0xD1A0,0xD9C0,0xDA00,0xE240,0xE240,0xE200,0xD180,0xC920,
    0xC0A0,0xB060,0xB040,0xB8A0,0xC0E0,0xC0E0,0xC0E0,0xC920,0xC940,0xC940,0xC940,0xC960,
    0xD160,0xC920,0xC0E0,0xB040,0xA800,0xB040,0xC0C0,0xC920,0xD180,0xD180,0xC0A0,0xB8A0,
    0xC0E0,0xC920,0xD1A0,0xD180,0xD160,0xC900,0xC940,0xC960,0xC940,0xC920,0xC920,0xC0E0,
    0xC0E0,0xC0C0,0xB060,0xA820,0xA800,0xB020,0xB020,0xB020,0xB020,0xA800,0xB020,0xB8A0,
    0xC100,0xD160,0xE220,0xE220,0xC920,0xC100,0xC0C0,0xB880,0xC900,0xC0E0,0xC0C0,0xB040,
    0xA000,0xA800,0xB880,0xB880,0xC940,0xDA00,0xD9C0,0xD1A0,0xC940,0xC900,0xC0E0,0xB8A0,
    0xC900,0xD9C0,0xE200,0xDA00,0xD160,0xB8A0,0xB060,0xC0E0,0xB860,0xA820,0xB060,0xC0E0,
    0xD180,0xC920,0xB060,0xB860,0xB8C0,0xB880,0xB040,0xB020,0xC0E0,0xD9C0,0xC940,0xD180,
    0xD180,0xB880,0xA000,0xA000,0x9800,0xA000,0xA800,0xB040,0xB040,0xB060,0xB860,0xB060,
    0xB020,0xB040,0xB020,0xB020,0xB880,0xC900,0xC920,0xC0C0,0xB040,0xB020,0xB040,0xB020,
    0xB020,0xB020,0xB020,0xA800,0xA820,0xA820,0xA820,0xB020,0xB040,0xB880,0xC0C0,0xC0C0,
    0xC100,0xC940,0xD160,0xC960,0xD160,0xC940,0xC900,0xC0C0,0xB8A0,0xB8A0,0xC0E0,0xC960,
    0xD9E0,0xDA00,0xD9C0,0xD180,0xC940,0xC0E0,0xC0C0,0xC100,0xC940,0xD180,0xD9C0,0xDA00,
    0xE200,0xD9E0,0xD160,0xC940,0xC940,0xC920,0xC920,0xC940,0xD180,0xD180,0xD1A0,0xD9C0,
    0xD9E0,0xD9C0,0xD160,0xC0E0,0xC0C0,0xC0C0,0xC0E0,0xC0C0,0xB040,0xA000,0xA800,0xB040,
    0xB880,0xC0A0,0xC0C0,0xC100,0xC900,0xC920,0xC940,0xD180,0xD9A0,0xD180,0xC940,0xC940,
    0xC940,0xD180,0xD1A0,0xC900,0xB860,0xB020,0xA800,0xA820,0xB040,0xB040,0xB880,0xC0E0,
    0xC920,0xD160,0xD9C0,0xD9A0,0xC960,0xC920,0xC0E0,0xB880,0xB020,0xA800,0xA800,0xA800,
    0xA000,0xA800,0xB020,0xB860,0xC0A0,0xC920,0xC940,0xD160,0xD9C0,0xC940,0xC100,0xC0E0,
    0xD180,0xC100,0xB880,0xB020,0xA800,0xA000,0xB040,0xC900,0xC0E0,0xC960,0xD180,0xD180,
    0xC960,0xD1A0,0xD1A0,0xC940,0xC920,0xB880,0xB040,0xB020,0xC0C0,0xC920,0xC0E0,0xC920,
    0xB880,0xB8A0,0xC0A0,0xB040,0xB880,0xB880,0xB860,0xB860,0xB880,0xB880,0xC0C0,0xD180,
    0xD1A0,0xD9E0,0xE220,0xE220,0xD160,0xD1A0,0xD9E0,0xC0E0,0xB040,0xB880,0xC940,0xD9E0,
    0xD180,0xD160,0xB060,0xA000,0xA800,0xB060,0xB080,0xB040,0xC920,0xE220,0xD180,0xC920,
    0xC920,0xC0E0,0xB8A0,0xB040,0xC0C0,0xC0E0,0xC0E0,0xC0E0,0xC0E0,0xC920,0xC940,0xC920,
    0xC100,0xC0C0,0xB880,0xB880,0xB8A0,0xC0C0,0xC920,0xD1A0,0xD9C0,0xD160,0xC920,0xC940,
    0xC920,0xC0E0,0xC920,0xC940,0xD160,0xC940,0xC920,0xC940,0xD140,0xC100,0xC0C0,0xC0C0,
    0xC0A0,0xC0A0,0xC0E0,0xC920,0xD160,0xD180,0xD160,0xC940,0xC920,0xC0E0,0xC0C0,0xB880,
    0xB860,0xB860,0xB860,0xB880,0xB880,0xC0C0,0xC920,0xD180,0xD180,0xD160,0xD160,0xC920,
    0xC0E0,0xC920,0xD1A0,0xD9E0,0xE220,0xE240,0xE220,0xD9E0,0xE200,0xEAA0,0xF2E0,0xF300,
    0xFB40,0xF300,0xE220,0xD9A0,0xD9E0,0xD9E0,0xD9C0,0xD9E0,0xD9C0,0xD9C0,0xE240,0xF2C0,
    0xF2A0,0xEA60,0xEAA0,0xEAA0,0xEA60,0xEAA0,0xF2C0,0xF2C0,0xFB80,0xFB80,0xF300,0xF2C0,
    0xDA00,0xD180,0xC940,0xC920,0xC940,0xC940,0xC920,0xB8A0,0xB880,0xC900,0xC900,0xD160,
    0xD180,0xD160,0xC940,0xC960,0xC940,0xC940,0xD160,0xC920,0xC0C0,0xB8A0,0xB880,0xC940,
    0xE220,0xE220,0xD9E0,0xC0E0,0xB840,0xB880,0xB880,0xC0C0,0xD180,0xE240,0xE240,0xE200,
    0xD160,0xC920,0xD160,0xD9C0,0xD9E0,0xD9E0,0xD9A0,0xD9C0,0xD160,0xC920,0xC920,0xC0E0,
    0xC900,0xC0C0,0xC0E0,0xC940,0xD140,0xE240,0xEA60,0xE240,0xE220,0xD9E0,0xD9C0,0xD180,
    0xD1A0,0xE200,0xE200,0xD180,0xC940,0xD1A0,0xE220,0xEA60,0xD9E0,0xD160,0xC940,0xC920,
    0xC920,0xC0E0,0xC0E0,0xC900,0xC0E0,0xC0C0,0xC100,0xC0E0,0xC0C0,0xC0C0,0xC0C0,0xC920,
    0xD160,0xC920,0xC0E0,0xB880,0xB000,0xB040,0xB860,0xB8A0,0xC0C0,0xC0E0,0xC0E0,0xC920,
    0xD160,0xD180,0xD9C0,0xD9C0,0xD1A0,0xD1A0,0xD9C0,0xD9E0,0xD9C0,0xD180,0xD1A0,0xD1A0,
    0xD180,0xD160,0xC100,0xB880,0xB8A0,0xC100,0xC920,0xD180,0xD180,0xC940,0xC900,0xC0E0,
    0xC0C0,0xB880,0xC0E0,0xD160,0xD1A0,0xD9C0,0xD1A0,0xD180,0xD9C0,0xC940,0xC0E0,0xC900,
    0xC0E0,0xB8A0,0xB880,0xB880,0xB8A0,0xB8A0,0xB880,0xB860,0xC0C0,0xC0E0,0xC940,0xD180,
    0xD180,0xD180,0xD1A0,0xC940,0xC940,0xC940,0xD140,0xD160,0xC920,0xB880,0xA820,0xB060,
    0xB060,0xB040,0xC0C0,0xB8A0,0xC0A0,0xC920,0xD180,0xC100,0xC0C0,0xC0E0,0xC0E0,0xC0A0,
    0xC0C0,0xC900,0xC100,0xC0E0,0xC100,0xC940,0xC0C0,0xB040,0xB040,0xC0C0,0xC900,0xC0E0,
    0xB880,0xB880,0xC920,0xD180,0xC920,0xC0A0,0xB880,0xB880,0xB060,0xB8A0,0xC940,0xD160,
    0xD140,0xD160,0xC100,0xC940,0xC0C0,0xB860,0xB020,0xA800,0xB040,0xB020,0xB8A0,0xB8A0,
    0xC0A0,0xB8A0,0xC0C0,0xC900,0xB8A0,0xA800,0xA820,0xA800,0xC0C0,0xD180,0xC0C0,0xB8A0,
    0xC0A0,0xB860,0xC0A0,0xC0C0,0xB860,0xA000,0x9800,0xB040,0xB880,0xA800,0xA000,0xB060,
    0xB880,0xB8C0,0xC0E0,0xC920,0xD140,0xD9C0,0xD1A0,0xB880,0xA820,0xA820,0xA800,0xB860,
    0xC0E0,0xC900,0xC940,0xC0E0,0xB8A0,0xB8A0,0xC0C0,0xC0E0,0xB860,0xB020,0xA820,0xA000,
    0xB020,0xB060,0xC0E0,0xD160,0xD160,0xC100,0xB040,0xA800,0xA800,0xA800,0xA800,0xB000,
    0xB860,0xC0C0,0xC0E0,0xC0C0,0xB8A0,0xC100,0xC940,0xC940,0xC0E0,0xC0A0,0xC0C0,0xC0C0,
    0xC0C0,0xC0E0,0xD160,0xD9C0,0xD9E0,0xD9C0,0xD9C0,0xD9A0,0xD160,0xD160,0xD9E0,0xD9E0,
    0xD9E0,0xE220,0xE240,0xE220,0xE240,0xEA60,0xEA80,0xE240,0xD9E0,0xD9A0,0xC940,0xC0E0,
    0xB880,0xB040,0xB860,0xB8A0,0xC0E0,0xC900,0xC900,0xC900,0xC900,0xC900,0xD160,0xD9A0,
    0xD160,0xC0E0,0xB8A0,0xB8C0,0xC0E0,0xC0C0,0xB8A0,0xB8A0,0xC0E0,0xD160,0xD180,0xD1A0,
    0xD9E0,0xE220,0xD9A0,0xC0E0,0xB060,0xB020,0xB020,0xA800,0xA800,0xB040,0xB860,0xC0C0,
    0xC0C0,0xB880,0xB040,0xB040,0xB880,0xB020,0xB880,0xC920,0xD160,0xC0E0,0xA800,0xA000,
    0xA820,0xC920,0xD9C0,0xD9C0,0xE260,0xEAA0,0xE220,0xE200,0xD9A0,0xC940,0xC0E0,0xB880,
    0xB080,0xB060,0xB020,0xB060,0xA800,0xB040,0xB8A0,0xB040,0xB880,0xC0C0,0xC940,0xC920,
    0xB8A0,0xB040,0xB040,0xB880,0xC0C0,0xC940,0xC920,0xC0C0,0xC0C0,0xC0E0,0xB860,0xB880,
    0xD180,0xD9C0,0xB060,0xA800,0xB8A0,0xB8A0,0xB8A0,0xD160,0xD1A0,0xD9E0,0xE240,0xD9A0,
    0xC920,0xC940,0xD1A0,0xC940,0xB880,0xA800,0xB860,0xB860,0xB880,0xB040,0xB040,0xC940,
    0xD1A0,0xC8E0,0xB040,0xC0E0,0xEAA0,0xFB40,0xEA80,0xD1A0,0xD160,0xD180,0xC900,0xC0E0,
    0xC0C0,0xB060,0xA820,0xB860,0xD9C0,0xE240,0xE200,0xD180,0xC920,0xC100,0xC920,0xC940,
    0xD160,0xD180,0xC940,0xC920,0xC900,0xC920,0xD160,0xD180,0xC960,0xC920,0xC920,0xC920,
    0xC920,0xC900,0xC900,0xC920,0xC920,0xC0C0,0xB860,0xB020,0xA800,0xA800,0xA800,0xA800,
    0xA800,0xB040,0xB8A0,0xC0E0,0xC900,0xC900,0xC900,0xC100,0xC0E0,0xC0C0,0xC0C0,0xC0C0,
    0xC0A0,0xC0A0,0xC0C0,0xC0C0,0xC0C0,0xC0E0,0xC0E0,0xC900,0xC100,0xC0E0,0xC0E0,0xC900,
    0xC940,0xD140,0xD160,0xD9C0,0xD1A0,0xD1A0,0xD9E0,0xD9A0,0xD1A0,0xD9C0,0xE200,0xDA00,
    0xD9C0,0xD9E0,0xE200,0xE220,0xEA60,0xDA00,0xD1C0,0xD9C0,0xE200,0xEA60,0xEAA0,0xF320,
    0xF2E0,0xEAA0,0xFB60,0xFB20,0xEAA0,0xF340,0xF300,0xE220,0xD180,0xC960,0xD180,0xD9E0,
    0xD160,0xC100,0xB8A0,0xB040,0xA800,0xB040,0xB840,0xC100,0xC940,0xC940,0xD160,0xD160,
    0xD160,0xD1A0,0xD9C0,0xD1A0,0xC920,0xC0E0,0xC0C0,0xC940,0xE220,0xD9E0,0xE240,0xD9C0,
    0xB880,0xB880,0xD180,0xD160,0xC940,0xD9C0,0xD9C0,0xC920,0xC0E0,0xB860,0xB880,0xC0C0,
    0xC0E0,0xC940,0xD9C0,0xD180,0xD180,0xD180,0xC920,0xC0C0,0xC940,0xC900,0xC940,0xDA00,
    0xF300,0xFB40,0xFB60,0xF2C0,0xE240,0xDA00,0xE200,0xEA40,0xEA80,0xEA60,0xDA00,0xC940,
    0xD1A0,0xD1A0,0xD140,0xC920,0xC920,0xD180,0xC960,0xD160,0xD180,0xD160,0xC920,0xC100,
    0xC0E0,0xC100,0xC0E0,0xC0E0,0xC0C0,0xB880,0xB880,0xC0A0,0xB8A0,0xB8A0,0xC0C0,0xB880,
    0xB880,0xC100,0xC0E0,0xC0C0,0xC0A0,0xC0C0,0xC900,0xC920,0xC900,0xC0C0,0xB880,0xC0A0,
    0xC0C0,0xC0E0,0xC100,0xC940,0xD160,0xD1A0,0xD180,0xC940,0xC900,0xD160,0xD9C0,0xD9E0,
    0xD1A0,0xD9C0,0xE220,0xEA60,0xEA60,0xD9E0,0xC920,0xC0C0,0xC0E0,0xB880,0xB880,0xC0E0,
    0xC920,0xC0C0,0xB8A0,0xC0E0,0xD140,0xD1A0,0xC940,0xC0E0,0xC0C0,0xC0C0,0xC100,0xD160,
    0xD1A0,0xD9C0,0xD180,0xC0E0,0xC0E0,0xC940,0xC940,0xD1A0,0xE220,0xE220,0xE200,0xD9A0,
    0xC940,0xC0E0,0xC0E0,0xC920,0xD1A0,0xD9A0,0xD160,0xC940,0xC0C0,0xB020,0xA800,0xB020,
    0xB860,0xB860,0xB8A0,0xB880,0xA800,0xA800,0xB880,0xB8A0,0xC900,0xC940,0xD9C0,0xD9E0,
    0xF2A0,0xFB20,0xD9C0,0xC0E0,0xC920,0xC920,0xB040,0xB020,0xA800,0xB000,0xB860,0xC0C0,
    0xB8A0,0xB880,0xC0C0,0xC0E0,0xC920,0xD1A0,0xD9C0,0xC920,0xB860,0xB860,0xC900,0xE200,
    0xD9C0,0xC940,0xC0C0,0xC0E0,0xC920,0xC0E0,0xB880,0xB8A0,0xC900,0xC920,0xD180,0xC900,
    0xC0A0,0xB880,0xA800,0xA800,0xB020,0xB8A0,0xB880,0xA000,0xA800,0xB020,0xB040,0xB060,
    0xB040,0xB860,0xB8A0,0xB880,0xB860,0xB060,0xC900,0xD1A0,0xD180,0xC920,0xD160,0xD160,
    0xD9C0,0xE240,0xE200,0xC900,0xC920,0xC900,0xC900,0xC920,0xC100,0xC900,0xC0C0,0xB040,
    0xA800,0xA800,0xB040,0xB860,0xA800,0xA000,0xA000,0xA800,0xB060,0xC0C0,0xC920,0xC920,
    0xC0E0,0xB060,0xA800,0xB020,0xB860,0xC920,0xD160,0xD9C0,0xD9E0,0xD9C0,0xD180,0xC940,
    0xC920,0xC920,0xC900,0xC0A0,0xB880,0xB8A0,0xB880,0xB040,0xB040,0xB8A0,0xC920,0xD1A0,
    0xD9C0,0xD9E0,0xD9C0,0xD1A0,0xD180,0xD9C0,0xE220,0xE200,0xD9C0,0xC940,0xC0E0,0xC100,
    0xC900,0xC940,0xD9E0,0xE240,0xD9E0,0xC940,0xC0C0,0xB8C0,0xC940,0xD9C0,0xD9C0,0xD180,
    0xD1A0,0xD9A0,0xD9C0,0xD9C0,0xD9E0,0xD9C0,0xDA00,0xDA00,0xD160,0xC920,0xC0E0,0xB8A0,
    0xB8A0,0xB880,0xB040,0xB040,0xB8A0,0xD9A0,0xE200,0xDA00,0xE200,0xEA60,0xE200,0xD180,
    0xC940,0xC0E0,0xB8A0,0xB020,0xA000,0xB040,0xC0E0,0xB880,0xB060,0xB880,0xB020,0xB040,
    0xB8A0,0xC0E0,0xD160,0xD180,0xC920,0xC900,0xC0C0,0xB860,0xB020,0xB020,0xB880,0xC0E0,
    0xC900,0xD160,0xD9C0,0xD9E0,0xD1A0,0xD160,0xD9C0,0xD9E0,0xD160,0xC0C0,0xB040,0xB040,
    0xB880,0xB040,0xA800,0xB880,0xD160,0xD180,0xD9A0,0xD160,0xB880,0xB040,0xC0E0,0xC940,
    0xC940,0xD160,0xB8A0,0xC0E0,0xC940,0xC0E0,0xB880,0xB8A0,0xC0C0,0xC920,0xC920,0xC0E0,
    0xC100,0xC0C0,0xB860,0xB880,0xC920,0xC940,0xC900,0xC900,0xD180,0xD9E0,0xC920,0xC940,
    0xD9C0,0xD9C0,0xC0E0,0xB8A0,0xB040,0xB060,0xC0E0,0xE200,0xEAA0,0xD9C0,0xD180,0xC940,
    0xC940,0xD160,0xB8A0,0xB040,0xC900,0xC900,0xC900,0xC0E0,0xB020,0xA800,0xA000,0xB860,
    0xC0E0,0xD160,0xC940,0xC0C0,0xC0C0,0xD140,0xE220,0xD9C0,0xC900,0xC0C0,0xB8A0,0xB860,
    0xC0A0,0xC940,0xD180,0xC920,0xC0C0,0xC0C0,0xC900,0xC940,0xD9A0,0xE220,0xE220,0xC900,
    0xB860,0xB020,0xB040,0xB860,0xB860,0xB880,0xB860,0xB020,0xA800,0xA800,0xA800,0xA800,
    0xA800,0xB020,0xB040,0xB880,0xC0A0,0xC0A0,0xC0E0,0xC0E0,0xC0E0,0xC0E0,0xC0E0,0xC900,
    0xC940,0xD160,0xC100,0xC900,0xC960,0xD140,0xC920,0xC0E0,0xC0E0,0xC100,0xC0C0,0xC0C0,
    0xC900,0xD160,0xD9E0,0xD9E0,0xD1A0,0xD180,0xC940,0xC940,0xC920,0xC0E0,0xC920,0xD160,
    0xC940,0xD180,0xD180,0xC940,0xC0E0,0xC900,0xD180,0xD9C0,0xE240,0xD9E0,0xD9C0,0xD9C0,
    0xC920,0xC0C0,0xC940,0xD9C0,0xD1A0,0xC920,0xC0E0,0xD180,0xD9C0,0xD180,0xC100,0xB880,
    0xA820,0xA000,0xB020,0xB8A0,0xC940,0xD160,0xD180,0xD9C0,0xD1A0,0xD1A0,0xD9C0,0xE200,
    0xD9E0,0xD160,0xC920,0xC940,0xD180,0xC0E0,0xC0C0,0xB8A0,0xB8A0,0xB860,0xC920,0xD160,
    0xB8A0,0xC0E0,0xC0E0,0xC0C0,0xB880,0xB040,0xA800,0xB040,0xC0C0,0xC920,0xD9C0,0xE200,
    0xEA60,0xF2C0,0xD9C0,0xC940,0xD9E0,0xE220,0xEAA0,0xFBE0,0xFC20,0xFB40,0xE220,0xE200,
    0xD9C0,0xE220,0xEA60,0xF2A0,0xEAA0,0xD1A0,0xC0E0,0xC920,0xC900,0xB860,0xB020,0xC900,
    0xDA00,0xD9E0,0xD180,0xD180,0xD160,0xC900,0xB8A0,0xB880,0xC940,0xD9C0,0xDA00,0xD9C0,
    0xC0E0,0xB060,0xB040,0xB020,0xA800,0xB020,0xB040,0xC0A0,0xC940,0xD180,0xD180,0xE200,
    0xD9E0,0xD9C0,0xDA00,0xE240,0xEA60,0xE200,0xC940,0xC0E0,0xC0E0,0xC900,0xC920,0xC940,
    0xC920,0xC920,0xC920,0xD180,0xD9C0,0xD180,0xC900,0xC900,0xD160,0xD9E0,0xD9C0,0xC940,
    0xC920,0xC100,0xB040,0xA800,0xA800,0xB020,0xB040,0xB860,0xC0E0,0xC900,0xC0E0,0xC0C0,
    0xC0E0,0xC0E0,0xC920,0xC0E0,0xC0C0,0xC0E0,0xC900,0xC920,0xC960,0xC920,0xC900,0xD180,
    0xC940,0xC0E0,0xC0C0,0xC0E0,0xC920,0xC100,0xC940,0xC940,0xB8A0,0xB020,0xA800,0xB020,
    0xC0E0,0xD1A0,0xD9E0,0xD160,0xB880,0xB060,0xB060,0xB040,0xB880,0xB040,0xB040,0xB8A0,
    0xA820,0xA800,0xD160,0xD160,0xB060,0xB040,0xB8A0,0xC0E0,0xD9E0,0xF2E0,0xEA60,0xD180,
    0xC900,0xC920,0xB020,0xA800,0xB860,0xC940,0xC920,0xC0E0,0xC100,0xC100,0xC0A0,0xC0C0,
    0xC0E0,0xC100,0xC920,0xB040,0xA800,0xA820,0xC0A0,0xC0E0,0xC940,0xC940,0xC0C0,0xB880,
    0xC0C0,0xC920,0xC920,0xC0C0,0xB060,0xC920,0xD160,0xC920,0xC940,0xD180,0xC0E0,0xC0E0,
    0xD9A0,0xD180,0xC920,0xC920,0xD180,0xD180,0xC920,0xC0E0,0xC0A0,0xC940,0xD180,0xC900,
    0xC0E0,0xD160,0xD180,0xD160,0xC940,0xC0C0,0xB880,0xB060,0xB860,0xB880,0xB040,0xB020,
    0xB040,0xB040,0xB880,0xB040,0xA800,0xB060,0xC0C0,0xC0C0,0xB8A0,0xC0A0,0xB880,0xB040,
    0xB860,0xA820,0xB020,0xC0E0,0xD1A0,0xD1A0,0xC900,0xB8A0,0xB040,0xA800,0xA000,0xA800,
    0xC920,0xE200,0xE260,0xEA60,0xD9E0,0xD160,0xC900,0xB8A0,0xB040,0xA800,0xB020,0xB040,
    0xC0C0,0xC900,0xC100,0xC0C0,0xC0C0,0xC900,0xC940,0xC940,0xD160,0xD9C0,0xD9E0,0xD9C0,
    0xD1A0,0xC920,0xC900,0xC940,0xC920,0xC0C0,0xB040,0xB020,0xB020,0xB040,0xB860,0xC0C0,
    0xC0E0,0xC0E0,0xD160,0xD9A0,0xD180,0xD180,0xD160,0xC0E0,0xC0C0,0xC0E0,0xC0C0,0xC0C0,
    0xC900,0xC920,0xC920,0xC920,0xB880,0xB020,0xB860,0xC0E0,0xD180,0xD9C0,0xD9E0,0xD9E0,
    0xE220,0xEA60,0xE200,0xD180,0xD160,0xD9C0,0xD180,0xC920,0xC940,0xD160,0xB8A0,0xB020,
    0xA800,0xB860,0xC940,0xD1A0,0xD9E0,0xC900,0xB000,0xB020,0xB040,0xB880,0xC0C0,0xC0C0,
    0xB880,0xB060,0xC0E0,0xB8A0,0xB880,0xB860,0xB8A0,0xB880,0xC0E0,0xC0C0,0xC0E0,0xD180,
    0xD1A0,0xE200,0xE220,0xEA60,0xD9A0,0xC0E0,0xB040,0xB8A0,0xC0C0,0xB8A0,0xB8A0,0xC0E0,
    0xC100,0xD160,0xC940,0xC920,0xC0E0,0xC0E0,0xD160,0xC0E0,0xB040,0xB8A0,0xC900,0xD9C0,
    0xD1A0,0xD160,0xC0E0,0xB860,0xB040,0xB040,0xC8E0,0xD9A0,0xD9E0,0xD9E0,0xC920,0xC900,
    0xC920,0xC100,0xD180,0xC960,0xC0E0,0xC0E0,0xC900,0xC100,0xC940,0xD180,0xD160,0xC900,
    0xB880,0xB8A0,0xC920,0xEA80,0xF2E0,0xE220,0xD180,0xB060,0xA000,0xA800,0xB880,0xB8C0,
    0xC920,0xD180,0xD1A0,0xC920,0xB860,0xB040,0xB880,0xC0A0,0xC0E0,0xC960,0xD140,0xC940,
    0xD160,0xD180,0xD160,0xC920,0xC0E0,0xC0C0,0xC0E0,0xC940,0xD180,0xD160,0xC900,0xB8A0,
    0xC100,0xD180,0xC940,0xC0E0,0xC0E0,0xC0E0,0xB8A0,0xB880,0xB880,0xC0C0,0xC920,0xC900,
    0xC8E0,0xC0E0,0xC0E0,0xC0C0,0xC0A0,0xB060,0xB020,0xB020,0xB040,0xB040,0xB040,0xB840,
    0xB8A0,0xC0C0,0xC0C0,0xC0E0,0xC920,0xC940,0xC960,0xD160,0xD1A0,0xD9C0,0xD9C0,0xD160,
    0xC940,0xD1A0,0xD9E0,0xD9C0,0xD9C0,0xD9E0,0xE220,0xE240,0xEA60,0xDA00,0xD160,0xD160,
    0xD180,0xD9E0,0xE200,0xD1A0,0xC100,0xB8A0,0xB8A0,0xC920,0xD180,0xD1A0,0xE200,0xD160,
    0xB880,0xC0E0,0xE200,0xEA80,0xE220,0xEA60,0xEA80,0xEA80,0xE240,0xD160,0xC0C0,0xC0A0,
    0xC900,0xC900,0xB860,0xA000,0xB880,0xC0E0,0xD160,0xE200,0xD9C0,0xB8A0,0xC0E0,0xB8A0,
    0xB860,0xC900,0xD180,0xD9E0,0xDA00,0xD9E0,0xD1A0,0xC940,0xC920,0xC0E0,0xC0E0,0xC0C0,
    0xC900,0xD160,0xD160,0xC0C0,0xC0C0,0xC900,0xC0C0,0xC0E0,0xC920,0xD160,0xD180,0xD180,
    0xD180,0xD160,0xC900,0xC0E0,0xC0E0,0xC940,0xD1A0,0xD9E0,0xD9C0,0xD9C0,0xD160,0xD180,
    0xE200,0xEA60,0xF2C0,0xE240,0xEA80,0xE240,0xE220,0xD9C0,0xD9E0,0xF300,0xEAA0,0xE240,
    0xD160,0xB8A0,0xC0C0,0xC0E0,0xB880,0xB020,0xB040,0xB880,0xC900,0xD180,0xE200,0xE200,
    0xD160,0xC0E0,0xB880,0xC0E0,0xD9C0,0xD9C0,0xD180,0xC0C0,0xB040,0xB8A0,0xC0C0,0xB8A0,
    0xB860,0xB040,0xC0C0,0xC940,0xD180,0xC940,0xC0C0,0xD180,0xE240,0xD9E0,0xD180,0xD160,
    0xD180,0xD160,0xD180,0xD1A0,0xD1A0,0xD180,0xC940,0xC920,0xD1A0,0xE200,0xD9C0,0xC940,
    0xC0E0,0xB880,0xB040,0xB880,0xD140,0xDA00,0xD1A0,0xC920,0xD160,0xD1A0,0xD180,0xC0E0,
    0xB880,0xC0C0,0xC0E0,0xB8A0,0xC0C0,0xC900,0xC940,0xD160,0xD160,0xC940,0xC900,0xC920,
    0xC920,0xC0C0,0xB040,0xA800,0xB040,0xC0C0,0xB860,0xC0A0,0xC0C0,0xB880,0xB860,0xC0A0,
    0xC0C0,0xC0C0,0xB880,0xA820,0xB020,0xC940,0xD9E0,0xD1A0,0xD9C0,0xDA00,0xD1A0,0xD9C0,
    0xD160,0xC900,0xD160,0xD160,0xD9E0,0xD9A0,0xB8A0,0xB040,0xB880,0xC0C0,0xC0E0,0xC920,
    0xC940,0xC0E0,0xB8A0,0xC0E0,0xC900,0xD160,0xD9C0,0xC920,0xD9A0,0xDA00,0xC0A0,0xB860,
    0xD180,0xD1A0,0xD9E0,0xD9E0,0xD1A0,0xD1A0,0xD160,0xC920,0xC900,0xB8A0,0xB880,0xB880,
    0xC0C0,0xC100,0xB8A0,0xB8A0,0xC0E0,0xC0E0,0xB8A0,0xC900,0xB880,0xB040,0xC0C0,0xC100,
    0xB880,0xC940,0xE220,0xEA80,0xE220,0xE220,0xE240,0xE220,0xD1A0,0xC940,0xC920,0xC940,
    0xD180,0xD180,0xD180,0xD9A0,0xC940,0xB080,0xA840,0xA000,0xB020,0xB860,0xA820,0xB040,
    0xB880,0xB8C0,0xB880,0xC0C0,0xB880,0xB000,0xB020,0xB880,0xB8C0,0xC0E0,0xC920,0xC100,
    0xB860,0xA800,0xB040,0xC920,0xD1A0,0xD160,0xC100,0xC920,0xC940,0xC920,0xC0E0,0xC920,
    0xC940,0xC920,0xC940,0xD1A0,0xC940,0xB880,0xB8A0,0xC0C0,0xC0C0,0xC0C0,0xC0C0,0xC0C0,
    0xC0E0,0xC920,0xC920,0xC0C0,0xB860,0xB880,0xB880,0xB880,0xB880,0xC0C0,0xC0C0,0xC0C0,
    0xC0E0,0xC100,0xC0E0,0xC0E0,0xC0C0,0xC0C0,0xB8A0,0xB880,0xB880,0xB880,0xC0C0,0xC920,
    0xC920,0xC900,0xC920,0xC960,0xC940,0xC100,0xC0E0,0xC920,0xD160,0xD160,0xC940,0xC940,
    0xD1A0,0xD9C0,0xD9C0,0xC960,0xC940,0xD9C0,0xD9E0,0xD1A0,0xD160,0xD160,0xC940,0xC920,
    0xC900,0xC0C0,0xB040,0xA800,0xB040,0xC920,0xD9C0,0xE200,0xE200,0xE220,0xC940,0xB020,
    0xB040,0xC0C0,0xC0E0,0xC0C0,0xC900,0xD9C0,0xD1A0,0xC0E0,0xB020,0xA800,0xB020,0xB020,
    0xB8A0,0xC0C0,0xB860,0xB840,0xB860,0xC900,0xD160,0xC900,0xB880,0xB040,0xB020,0xA800,
    0xB880,0xD160,0xE220,0xE220,0xEAA0,0xD9E0,0xD180,0xD180,0xC0C0,0xC940,0xC940,0xC940,
    0xD9E0,0xD160,0xB880,0xC0C0,0xC0C0,0xB8A0,0xB040,0xB8A0,0xC100,0xC0E0,0xC0E0,0xC100,
    0xC0C0,0xC920,0xC940,0xC0E0,0xB8A0,0xB8A0,0xC0C0,0xC940,0xD9C0,0xE200,0xD180,0xC900,
    0xC0E0,0xB8A0,0xC0E0,0xD180,0xD1A0,0xD9E0,0xD160,0xD180,0xC100,0xB860,0xB020,0xA800,
    0xA800,0xA800,0xB020,0xB880,0xD180,0xD9C0,0xD180,0xC0E0,0xC0E0,0xD160,0xD160,0xE200,
    0xE220,0xD9C0,0xD9C0,0xC900,0xB880,0xC0E0,0xD180,0xD9C0,0xD9C0,0xD1A0,0xD9E0,0xD9C0,
    0xC0E0,0xC0A0,0xC0C0,0xC920,0xD9C0,0xD1A0,0xD1A0,0xD9C0,0xD9A0,0xC920,0xC0E0,0xC0C0,
    0xC0E0,0xD180,0xD9E0,0xD9C0,0xD1A0,0xC920,0xB880,0xC900,0xE200,0xD1A0,0xB8A0,0xB040,
    0xB880,0xC0C0,0xC940,0xC940,0xC940,0xC900,0xC0A0,0xB8A0,0xC0C0,0xC0C0,0xC900,0xC920,
    0xC0E0,0xC0E0,0xC900,0xC940,0xC940,0xC940,0xD160,0xD9A0,0xD9C0,0xD180,0xD160,0xD160,
    0xC940,0xC920,0xC920,0xC940,0xC920,0xC920,0xD9C0,0xEA60,0xEA60,0xDA00,0xDA00,0xE220,
    0xE220,0xE220,0xE220,0xDA00,0xE220,0xEA80,0xE220,0xD180,0xC940,0xD180,0xD9E0,0xD9C0,
    0xD160,0xD180,0xC940,0xC0E0,0xD180,0xD180,0xD180,0xD160,0xC100,0xC0E0,0xD160,0xE220,
    0xE220,0xD9E0,0xD9E0,0xEA80,0xFB80,0xF2E0,0xD180,0xB8A0,0xB860,0xB880,0xB8A0,0xB040,
    0xB060,0xB860,0xB880,0xD9A0,0xE240,0xE200,0xD160,0xC0A0,0xB040,0xB8A0,0xC100,0xD180,
    0xD9C0,0xD160,0xD180,0xC0C0,0xB880,0xB8A0,0xB880,0xB880,0xC0E0,0xD9E0,0xE240,0xD9C0,
    0xC920,0xC920,0xC920,0xC0E0,0xC0C0,0xC920,0xD160,0xD9A0,0xD9C0,0xD160,0xC940,0xC940,
    0xC920,0xD160,0xD1A0,0xC920,0xC0A0,0xB880,0xC0E0,0xD180,0xD1A0,0xD180,0xC0C0,0xC0E0,
    0xE220,0xD9E0,0xD9C0,0xC920,0xC920,0xD140,0xC920,0xC920,0xC100,0xC100,0xD160,0xC940,
    0xC900,0xC0C0,0xB880,0xB880,0xC0A0,0xD1A0,0xE220,0xD9C0,0xC100,0xB860,0xB020,0xB040,
    0xB860,0xA800,0xA800,0xB860,0xC0A0,0xC900,0xD160,0xD1A0,0xC940,0xC900,0xC100,0xC940,
    0xC920,0xC0E0,0xC0E0,0xC100,0xC0E0,0xC0A0,0xC0C0,0xC100,0xC920,0xC940,0xC940,0xD180,
    0xD9E0,0xE200,0xE240,0xE240,0xE220,0xDA00,0xD9E0,0xD1A0,0xC900,0xC0C0,0xC0C0,0xC0E0,
    0xC900,0xC920,0xC0E0,0xB880,0xB8A0,0xC0E0,0xB8C0,0xB060,0xB020,0xB860,0xC0C0,0xC0C0,
    0xB880,0xB860,0xB860,0xB860,0xB8A0,0xC920,0xD160,0xD9C0,0xD9E0,0xD160,0xD180,0xC100,
    0xC0A0,0xC940,0xC920,0xC920,0xC0E0,0xB8A0,0xB040,0xB020,0xB860,0xC0E0,0xC0E0,0xB060,
    0xB880,0xB8A0,0xC900,0xC920,0xC900,0xD1A0,0xD9A0,0xD160,0xC0E0,0xC0A0,0xC0E0,0xC900,
    0xC940,0xC900,0xA800,0xA800,0xB880,0xC0C0,0xD160,0xC940,0xC0E0,0xB860,0xB8A0,0xB8A0,
    0xC0E0,0xC940,0xD9C0,0xD1A0,0xEA60,0xF2E0,0xD180,0xB860,0xB8A0,0xC920,0xD180,0xE220,
    0xEA40,0xE220,0xE220,0xD9E0,0xB8A0,0xB040,0xB020,0xB880,0xC900,0xC100,0xC900,0xB880,
    0xB060,0xB020,0xB020,0xC920,0xC900,0xB000,0xB8A0,0xD9C0,0xD9E0,0xD9E0,0xE200,0xD9C0,
    0xC920,0xC940,0xE220,0xD180,0xC0E0,0xC100,0xC0C0,0xC0E0,0xB860,0xB040,0xC0C0,0xC8E0,
    0xC940,0xB060,0xB080,0xC100,0xB8A0,0xB040,0xA800,0xA820,0xC0C0,0xC0C0,0xB060,0xB880,
    0xC0C0,0xC100,0xD160,0xD180,0xC920,0xC0E0,0xC900,0xC920,0xC100,0xB8A0,0xC0E0,0xC920,
    0xC900,0xB040,0xB020,0xB860,0xC0A0,0xC900,0xC0C0,0xC0C0,0xB880,0xB860,0xC0C0,0xD160,
    0xD1A0,0xD160,0xC0E0,0xB040,0xA000,0xA800,0xB020,0xC0C0,0xD160,0xD9C0,0xD180,0xC940,
    0xC920,0xC940,0xC920,0xC900,0xC0E0,0xC0C0,0xC0C0,0xC900,0xC940,0xC920,0xC940,0xC920,
    0xC0C0,0xB020,0xA800,0xA800,0xB040,0xD9C0,0xD9C0,0xD9C0,0xD9E0,0xD9E0,0xD9E0,0xE200,
    0xE240,0xE220,0xD1A0,0xD160,0xC920,0xC960,0xD1A0,0xC920,0xB880,0xC0E0,0xC940,0xC940,
    0xC920,0xC100,0xC920,0xD180,0xD180,0xC940,0xD180,0xD180,0xE240,0xF2E0,0xD9C0,0xB880,
    0xB860,0xD180,0xEA80,0xEA80,0xD9E0,0xD180,0xD180,0xB8A0,0xB880,0xC0E0,0xD1A0,0xDA00,
    0xE220,0xD9E0,0xD160,0xC0C0,0xB060,0xC0E0,0xD1A0,0xC920,0xB060,0xB880,0xB8A0,0xB8A0,
    0xD160,0xE220,0xE200,0xEA60,0xE200,0xC0C0,0xB040,0xA800,0xB860,0xC0E0,0xD160,0xD180,
    0xD180,0xD9C0,0xD9C0,0xC900,0xB860,0xB060,0xC0C0,0xB880,0xC0C0,0xC920,0xC940,0xD160,
    0xC940,0xC940,0xC920,0xC900,0xC900,0xC920,0xC920,0xC940,0xC920,0xD160,0xD160,0xB8A0,
    0xB880,0xB8A0,0xC0E0,0xD140,0xDA00,0xD9E0,0xC920,0xC900,0xB8A0,0xB060,0xC0E0,0xD9A0,
    0xD1A0,0xD160,0xD160,0xD160,0xC940,0xB8A0,0xA800,0xB020,0xB880,0xB880,0xB8A0,0xC0C0,
    0xC940,0xD9E0,0xE220,0xD180,0xC0E0,0xC0C0,0xC100,0xC920,0xD180,0xD160,0xD1A0,0xD1A0,
    0xC0C0,0xC0E0,0xC920,0xC0C0,0xB060,0xC0C0,0xD9C0,0xD9C0,0xB8A0,0xA820,0xB040,0xC940,
    0xD1A0,0xC960,0xD1A0,0xD180,0xC940,0xC100,0xC0C0,0xB860,0xC0E0,0xD9E0,0xD9E0,0xD9E0,
    0xD160,0xB880,0xB040,0xC900,0xD160,0xC100,0xB880,0xB860,0xB880,0xC920,0xC940,0xD140,
    0xD160,0xC900,0xB8A0,0xB860,0xB040,0xB060,0xB860,0xB060,0xB880,0xC900,0xD140,0xC0E0,
    0xB860,0xB040,0xB880,0xC0E0,0xC940,0xD160,0xD160,0xD180,0xD1A0,0xD9C0,0xE200,0xD9E0,
    0xD9E0,0xD9E0,0xD9C0,0xD9E0,0xEA80,0xEA80,0xD9C0,0xD1A0,0xD9C0,0xD9E0,0xE200,0xE220,
    0xD180,0xD180,0xEA80,0xEA80,0xD9E0,0xD9C0,0xD9C0,0xD9C0,0xD9C0,0xD180,0xD160,0xC0E0,
    0xC0C0,0xD180,0xD1A0,0xC0E0,0xC0C0,0xD160,0xC920,0xC900,0xC0E0,0xC920,0xD160,0xD180,
    0xD9A0,0xE200,0xD1A0,0xB8A0,0xB020,0xB860,0xC0E0,0xD9C0,0xE220,0xE200,0xD9C0,0xD9A0,
    0xDA00,0xE200,0xD9C0,0xC0E0,0xB040,0xB860,0xC0A0,0xC900,0xC920,0xC0A0,0xC100,0xC100,
    0xC0A0,0xC0C0,0xC0E0,0xC900,0xC900,0xC960,0xD160,0xD180,0xD180,0xC940,0xC920,0xC0A0,
    0xC0E0,0xC900,0xD160,0xD9E0,0xC940,0xC0C0,0xC0C0,0xC900,0xC940,0xD180,0xC960,0xC920,
    0xB880,0xC100,0xD180,0xD160,0xC0E0,0xC0E0,0xC0E0,0xB8A0,0xB040,0xC920,0xDA00,0xD1A0,
    0xC900,0xC0E0,0xC100,0xC0C0,0xC0A0,0xB8A0,0xC940,0xD180,0xD160,0xC0C0,0xB040,0xB860,
    0xB8A0,0xC0C0,0xC900,0xC100,0xB880,0xB8A0,0xC0E0,0xC0C0,0xB040,0xB040,0xC920,0xC0E0,
    0xC0E0,0xD160,0xD180,0xC940,0xC0E0,0xB8A0,0xB880,0xC0C0,0xC920,0xC920,0xC920,0xB880,
    0xB880,0xD9A0,0xD9E0,0xE200,0xE220,0xE220,0xD9C0,0xC920,0xC0E0,0xC0E0,0xC940,0xD180,
    0xD180,0xD180,0xD9C0,0xE200,0xE200,0xE220,0xE220,0xD9C0,0xD9C0,0xD160,0xC0C0,0xB880,
    0xB8A0,0xC0E0,0xC0C0,0xC0C0,0xC0E0,0xC0E0,0xC920,0xD160,0xC900,0xC0E0,0xB8A0,0xB040,
    0xB020,0xC0C0,0xC0E0,0xC0E0,0xC940,0xC0C0,0xB8A0,0xB8A0,0xB880,0xC0C0,0xD160,0xD160,
    0xC0C0,0xC0E0,0xB060,0xA000,0xA800,0xB040,0xB040,0xB020,0xB040,0xB8A0,0xB880,0xB8A0,
    0xC0E0,0xC920,0xD180,0xD9C0,0xD9C0,0xC940,0xB880,0xB8A0,0xB880,0xB040,0xB080,0xB880,
    0xC100,0xC940,0xD160,0xB880,0xA820,0xA800,0xB880,0xC920,0xC920,0xB880,0xB040,0xB8A0,
    0xC920,0xD9C0,0xD180,0xB040,0xB060,0xB860,0xC0E0,0xD180,0xD9E0,0xD9C0,0xE220,0xE220,
    0xC0E0,0xA000,0xA000,0xB020,0xB040,0xA800,0xB020,0xB040,0xB040,0xB040,0xA800,0xB060,
    0xC0E0,0xC0A0,0xC100,0xEA80,0xF300,0xE200,0xD9E0,0xD180,0xC940,0xC900,0xC0E0,0xC940,
    0xC940,0xD1A0,0xD160,0xC920,0xC0C0,0xB8A0,0xB040,0xA000,0xC0C0,0xD160,0xD9E0,0xE220,
    0xD180,0xC940,0xC900,0xC920,0xD9A0,0xD9A0,0xD1A0,0xD160,0xD9E0,0xEA80,0xEA80,0xE200,
    0xC0C0,0xB8A0,0xB8A0,0xC0C0,0xC940,0xD1A0,0xC100,0xB020,0xA800,0xB040,0xC0A0,0xB8A0,
    0xB8A0,0xC960,0xD160,0xC960,0xD1A0,0xD1A0,0xD140,0xC0C0,0xC100,0xC940,0xC0C0,0xB060,
    0xB880,0xC0E0,0xD160,0xD1A0,0xD9C0,0xD180,0xC920,0xB880,0xB040,0xB8A0,0xC0E0,0xC0E0,
    0xC0E0,0xC900,0xC940,0xC940,0xC940,0xD180,0xD180,0xD160,0xC900,0xB880,0xB020,0xA800,
    0xA800,0xC0E0,0xC900,0xC0E0,0xC0E0,0xC0E0,0xC920,0xD160,0xD9C0,0xDA00,0xD9E0,0xD180,
    0xC0E0,0xC0A0,0xC100,0xD160,0xC940,0xD1A0,0xD9C0,0xB8A0,0xA800,0xB040,0xB880,0xC0E0,
    0xD1A0,0xD9A0,0xD9C0,0xE200,0xEA60,0xE260,0xD9E0,0xC0C0,0xC0A0,0xD9C0,0xF2C0,0xF2C0,
    0xD9E0,0xD180,0xE200,0xE240,0xD9A0,0xC900,0xC0E0,0xC100,0xC100,0xC900,0xC0E0,0xC900,
    0xC940,0xD180,0xD9A0,0xC100,0xB860,0xB020,0xB020,0xC0A0,0xD9C0,0xE220,0xE220,0xE200,
    0xDA00,0xD9A0,0xD180,0xC940,0xD160,0xD180,0xC900,0xD160,0xD9C0,0xD160,0xC0C0,0xB040,
    0xB860,0xB8A0,0xD140,0xC900,0xB880,0xC940,0xD1A0,0xD180,0xD160,0xD9E0,0xE240,0xE200,
    0xD9E0,0xE200,0xE220,0xD9E0,0xD9C0,0xD180,0xC100,0xA840,0xA800,0xA800,0xB8A0,0xC0E0,
    0xC920,0xC940,0xA800,0xA000,0xB040,0xB880,0xC0E0,0xC940,0xD180,0xC940,0xC0E0,0xC900,
    0xC960,0xC920,0xC0E0,0xC0E0,0xC0E0,0xD180,0xD1A0,0xB060,0xC0E0,0xE200,0xF2A0,0xE240,
    0xC100,0xC0A0,0xC940,0xB880,0xA000,0xA800,0xC0E0,0xC900,0xB8A0,0xC900,0xD140,0xC0C0,
    0xB880,0xC940,0xD180,0xB880,0xB060,0xB060,0xB880,0xD1A0,0xC940,0xC0C0,0xC920,0xC960,
    0xC0E0,0xB8A0,0xB880,0xB880,0xC900,0xD9E0,0xEA60,0xE200,0xC940,0xC920,0xC0C0,0xB8A0,
    0xD160,0xD9E0,0xD9C0,0xC940,0xB8A0,0xB860,0xB020,0xB040,0xB860,0xB880,0xB860,0xB020,
    0xA800,0xA800,0xA800,0xA800,0xB060,0xC0E0,0xC0C0,0xB8A0,0xB040,0xA820,0xB040,0xB8A0,
    0xB860,0xB060,0xC0A0,0xC0E0,0xC920,0xD160,0xD160,0xD180,0xD9E0,0xDA00,0xE220,0xE220,
    0xD9C0,0xD180,0xD160,0xD180,0xD9C0,0xE200,0xD9C0,0xD9C0,0xD9E0,0xD160,0xD180,0xD9C0,
    0xC920,0xC0C0,0xC920,0xC940,0xD1A0,0xD9E0,0xE240,0xF2C0,0xEA60,0xE240,0xE220,0xD180,
    0xC900,0xC940,0xD160,0xC940,0xD180,0xD180,0xD9C0,0xE220,0xD9C0,0xD9A0,0xD140,0xC940,
    0xC900,0xB040,0xC0E0,0xEA80,0xF2C0,0xF2E0,0xE220,0xD180,0xD9C0,0xC920,0xC0E0,0xB880,
    0xB040,0xB040,0xC900,0xC100,0xC0E0,0xC0C0,0xC940,0xD180,0xD160,0xC900,0xD9C0,0xDA00,
    0xC940,0xC920,0xC100,0xC0C0,0xC0E0,0xC920,0xC940,0xC940,0xD160,0xDA00,0xD1A0,0xB020,
    0xA000,0xB020,0xB040,0xB060,0xC0A0,0xC920,0xC940,0xC0E0,0xB8A0,0xD180,0xD1A0,0xC0C0,
    0xC0A0,0xB880,0xB020,0xB020,0xB860,0xC100,0xD1A0,0xD180,0xC920,0xC920,0xC960,0xC940,
    0xC0C0,0xB880,0xC940,0xD9E0,0xD1A0,0xB880,0xA800,0xB040,0xC0C0,0xB040,0xB8A0,0xC0E0,
    0xC100,0xC920,0xC940,0xD160,0xD180,0xD9E0,0xD1A0,0xD160,0xC940,0xC920,0xC0C0,0xC0A0,
    0xB8A0,0xB880,0xB880,0xC0C0,0xC0E0,0xC920,0xC100,0xC0C0,0xC0C0,0xD1A0,0xD9C0,0xD160,
    0xC940,0xC920,0xC920,0xC920,0xC920,0xC920,0xC0E0,0xC100,0xC900,0xC0E0,0xC0C0,0xC0E0,
    0xC920,0xC940,0xC940,0xC920,0xC940,0xC940,0xC0C0,0xB880,0xB880,0xB880,0xC100,0xC940,
    0xD9C0,0xD9E0,0xD1A0,0xD180,0xD9C0,0xD9E0,0xD9C0,0xC0C0,0xB8A0,0xD180,0xC940,0xC0E0,
    0xD160,0xD9C0,0xC940,0xB8A0,0xB020,0xA800,0xB060,0xC0E0,0xC0C0,0xB880,0xC0E0,0xC0E0,
    0xC0C0,0xB860,0xB020,0xB060,0xC100,0xD9A0,0xD180,0xD1A0,0xD9C0,0xD180,0xC900,0xC940,
    0xD9C0,0xD160,0xC0C0,0xC920,0xC940,0xC0C0,0xC0C0,0xD160,0xD9C0,0xD9C0,0xC940,0xB8A0,
    0xB060,0xB040,0xC0E0,0xC920,0xC0E0,0xB8A0,0xB040,0xB020,0xB880,0xC940,0xC920,0xB060,
    0xB8A0,0xB860,0xC0E0,0xD9A0,0xEA80,0xF2C0,0xEA60,0xD9C0,0xC0E0,0xC0C0,0xD180,0xC0E0,
    0xB8A0,0xA800,0xB040,0xC920,0xC920,0xB8A0,0xB020,0xA800,0xB8A0,0xD180,0xD9E0,0xE260,
    0xFB40,0xFB20,0xEAA0,0xEA60,0xDA00,0xC0E0,0xA800,0xB040,0xC0C0,0xC900,0xC0E0,0xC0C0,
    0xB040,0xB020,0xA820,0xA000,0xB020,0xB020,0xA820,0xB880,0xC920,0xD180,0xC0E0,0xB040,
    0xB880,0xB8A0,0xC0C0,0xC920,0xD1A0,0xD160,0xC940,0xC920,0xC0C0,0xC0C0,0xC0E0,0xD180,
    0xD1A0,0xD180,0xD180,0xD160,0xD9C0,0xD9C0,0xD180,0xC940,0xC920,0xC920,0xC940,0xD9E0,
    0xEA80,0xE200,0xC0E0,0xB040,0xC0A0,0xC940,0xC940,0xC0E0,0xC940,0xD180,0xC940,0xC920,
    0xC900,0xC0E0,0xC920,0xC940,0xC100,0xC920,0xC940,0xD180,0xD160,0xC940,0xC0E0,0xC0C0,
    0xC0C0,0xC0E0,0xC0E0,0xC0E0,0xC0A0,0xC0C0,0xC0C0,0xC920,0xD160,0xB880,0xB860,0xB880,
    0xC0E0,0xC900,0xD160,0xD1A0,0xD9E0,0xE220,0xE220,0xD9E0,0xD180,0xC900,0xC920,0xD180,
    0xE200,0xE220,0xDA00,0xC940,0xB8A0,0xC0C0,0xC960,0xD180,0xD9C0,0xE240,0xE240,0xE200,
    0xE240,0xE240,0xD9C0,0xC940,0xC0E0,0xB060,0xC900,0xD160,0xB880,0xB020,0xB020,0xB8A0,
    0xC0E0,0xC0C0,0xB040,0xB040,0xB8A0,0xC920,0xD160,0xC940,0xD1A0,0xD9E0,0xD180,0xC100,
    0xD1A0,0xD9E0,0xD9C0,0xD9E0,0xE200,0xC960,0xC0C0,0xC0E0,0xC940,0xD9C0,0xD160,0xD1A0,
    0xE240,0xEA40,0xD9E0,0xD180,0xD9E0,0xD1A0,0xC900,0xC0C0,0xC0C0,0xB060,0xC0C0,0xC920,
    0xC920,0xC940,0xC900,0xB860,0xC0E0,0xDA00,0xD9E0,0xD160,0xD180,0xD9E0,0xD180,0xC0E0,
    0xC100,0xC920,0xD160,0xE240,0xF2C0,0xD180,0xD160,0xD160,0xC100,0xC920,0xC100,0xB8A0,
    0xB040,0xC0E0,0xC100,0xC0E0,0xC900,0xC920,0xC100,0xC920,0xC920,0xB8A0,0xB880,0xC0C0,
    0xC940,0xD1A0,0xD1A0,0xC940,0xD180,0xE220,0xEA80,0xE240,0xC940,0xC900,0xD160,0xB8A0,
    0xA840,0xC100,0xC100,0xC0E0,0xC940,0xD160,0xC0E0,0xB8A0,0xC0C0,0xB020,0xB020,0xB8A0,
    0xD180,0xC0C0,0xC0C0,0xC900,0xC0E0,0xC100,0xC0A0,0xC920,0xC0C0,0xB060,0xB8A0,0xC0C0,
    0xC0E0,0xD9C0,0xE200,0xE220,0xD1A0,0xD140,0xC920,0xC900,0xC940,0xC900,0xC0C0,0xB8A0,
    0xB040,0xA820,0xA800,0xB020,0xB880,0xB880,0xB840,0xB860,0xC0C0,0xC0E0,0xB8A0,0xB8A0,
    0xC920,0xD180,0xD9C0,0xD9C0,0xC940,0xC0E0,0xC0C0,0xB880,0xB860,0xB880,0xC0A0,0xC0C0,
    0xC0E0,0xC920,0xD160,0xD160,0xDA00,0xEA40,0xE220,0xE220,0xE240,0xE200,0xD180,0xC940,
    0xD9C0,0xEA80,0xF2C0,0xEA60,0xEA60,0xF2A0,0xEA80,0xDA00,0xC940,0xC0E0,0xC0E0,0xC920,
    0xC100,0xC940,0xD9C0,0xE220,0xE240,0xE200,0xDA00,0xD9C0,0xE220,0xE200,0xDA00,0xD180,
    0xE200,0xE200,0xD180,0xD9E0,0xD9E0,0xE220,0xE220,0xC940,0xB8A0,0xB060,0xB8A0,0xC940,
    0xD9C0,0xD9A0,0xC0C0,0xC0C0,0xB8A0,0xB060,0xA800,0xA820,0xB8A0,0xB880,0xB880,0xC0E0,
    0xC0E0,0xC920,0xC940,0xC920,0xD180,0xDA00,0xEA40,0xE200,0xD160,0xC940,0xD9C0,0xE240,
    0xD9C0,0xD160,0xC940,0xD9E0,0xE220,0xE240,0xD140,0xB040,0xA000,0xA000,0xA800,0xB8A0,
    0xC0C0,0xD160,0xE240,0xE240,0xD160,0xC960,0xC0E0,0xB040,0xC0C0,0xC920,0xB8A0,0xC0C0,
    0xC100,0xC0A0,0xC0C0,0xD160,0xC920,0xD1A0,0xE220,0xD9E0,0xD1C0,0xD180,0xD9E0,0xEA40,
    0xD9E0,0xC0E0,0xC0A0,0xC900,0xC920,0xB880,0xC100,0xD180,0xD180,0xC940,0xC0C0,0xB880,
    0xD1A0,0xD9C0,0xD180,0xC920,0xC0E0,0xC0C0,0xC0C0,0xC0E0,0xC900,0xC920,0xC900,0xC0C0,
    0xC0C0,0xC920,0xD180,0xD9A0,0xD180,0xC900,0xC0C0,0xC0C0,0xC100,0xC940,0xD180,0xD1A0,
    0xD9E0,0xE240,0xEA60,0xE220,0xDA00,0xD9E0,0xD160,0xC0A0,0xB880,0xB880,0xB040,0xA800,
    0xA000,0xA000,0xA800,0xB040,0xB880,0xB860,0xB040,0xB880,0xB8C0,0xB880,0xC0E0,0xC100,
    0xC960,0xD1A0,0xD180,0xC0C0,0xB860,0xB040,0xB880,0xC920,0xC920,0xD9C0,0xD9E0,0xC940,
    0xB020,0xB020,0xB020,0xC0C0,0xC900,0xA800,0xA800,0xB860,0xC920,0xC0E0,0xA820,0xB060,
    0xD160,0xD160,0xC920,0xC940,0xD9C0,0xD9C0,0xC920,0xC900,0xC920,0xD180,0xD1A0,0xD1A0,
    0xD9A0,0xC0E0,0xA800,0xB8A0,0xD160,0xD160,0xD180,0xD9E0,0xD180,0xC900,0xC900,0xD180,
    0xD1A0,0xC920,0xB040,0xB020,0xB8A0,0xB880,0xB860,0xB8A0,0xA800,0xA800,0xB880,0xC100,
    0xD1A0,0xE200,0xD9E0,0xF2A0,0xEA80,0xE200,0xE220,0xD160,0xC0C0,0xB040,0xB040,0xD1A0,
    0xD1A0,0xC920,0xC940,0xC0E0,0xC0C0,0xD180,0xD9C0,0xD1A0,0xC900,0xEAA0,0xFB40,0xE240,
    0xC920,0xA840,0xA000,0xB880,0xC920,0xC0A0,0xB020,0xB880,0xB880,0xB860,0xC0E0,0xD180,
    0xD180,0xD160,0xC0E0,0xB020,0xB060,0xC0C0,0xB8A0,0xB880,0xC0E0,0xC0C0,0xC920,0xD1A0,
    0xD9C0,0xD9E0,0xD9E0,0xC920,0xB020,0xA820,0xC920,0xD160,0xC0C0,0xC940,0xD9E0,0xEA40,
    0xD1A0,0xC0E0,0xB8A0,0xB060,0xB020,0xB860,0xC0E0,0xD180,0xC100,0xB860,0xB880,0xB880,
    0xB880,0xB880,0xB860,0xB040,0xB880,0xC0E0,0xC920,0xD160,0xD180,0xD180,0xD1A0,0xD180,
    0xD180,0xC940,0xC920,0xC920,0xC920,0xC940,0xC900,0xC0A0,0xB8A0,0xC0C0,0xC0E0,0xC900,
    0xD140,0xD1A0,0xD1A0,0xD1A0,0xD180,0xC940,0xC920,0xC100,0xC0E0,0xC100,0xD180,0xD9E0,
    0xE200,0xEA60,0xE240,0xE200,0xC940,0xB860,0xC0E0,0xD9C0,0xE220,0xD9E0,0xDA00,0xE220,
    0xD1A0,0xC940,0xC940,0xD160,0xC940,0xC920,0xC940,0xC940,0xC900,0xC920,0xD160,0xEA80,
    0xF2C0,0xD9E0,0xD160,0xC920,0xC0E0,0xC900,0xC0C0,0xC0A0,0xB880,0xB880,0xB880,0xB860,
    0xB860,0xC940,0xD9C0,0xC900,0xD160,0xE260,0xD9A0,0xB880,0xC0E0,0xD180,0xC920,0xC920,
    0xD160,0xB8A0,0xC0C0,0xD180,0xD1A0,0xD160,0xC0E0,0xD160,0xEAA0,0xD9C0,0xB880,0xB040,
    0xC0C0,0xD160,0xD180,0xC940,0xC0C0,0xB880,0xC0C0,0xC0A0,0xC920,0xD1A0,0xC100,0xB040,
    0xA800,0xC0C0,0xC100,0xC0C0,0xB880,0xB040,0xB860,0xA000,0xA000,0xA800,0xB060,0xD160,
    0xEA60,0xE200,0xD1A0,0xD180,0xD160,0xD1A0,0xEA60,0xE220,0xD180,0xD180,0xC100,0xC0E0,
    0xC0E0,0xC920,0xC900,0xC900,0xB060,0x9800,0xA820,0xC0C0,0xC0C0,0xC920,0xD9E0,0xD9E0,
    0xC920,0xD180,0xD160,0xC900,0xB8A0,0xC940,0xD1A0,0xC900,0xC0E0,0xE220,0xD9E0,0xC0E0,
    0xB8A0,0xC900,0xD9E0,0xDA00,0xC0E0,0xA800,0xA800,0xC920,0xD140,0xC940,0xD1A0,0xD180,
    0xD180,0xD1A0,0xE200,0xEA60,0xD180,0xC940,0xC940,0xC920,0xD180,0xD9E0,0xD9C0,0xD1A0,
    0xC900,0xB880,0xB040,0xB060,0xB020,0xB040,0xB880,0xB040,0xB000,0xA800,0xA820,0xC0C0,
    0xC940,0xC900,0xB8A0,0xC100,0xD180,0xD1A0,0xC920,0xB880,0xB040,0xC0E0,0xD180,0xD180,
    0xC920,0xC900,0xC920,0xC920,0xC900,0xC920,0xD180,0xD9C0,0xD9E0,0xD9E0,0xD9E0,0xC940,
    0xC900,0xD160,0xD9C0,0xD9C0,0xD1A0,0xD9E0,0xDA00,0xD160,0xC0C0,0xC0E0,0xC920,0xC940,
    0xD9C0,0xD9E0,0xD9C0,0xD160,0xC940,0xD9A0,0xE220,0xEA60,0xEA60,0xD9E0,0xD180,0xD160,
    0xC920,0xC940,0xDA00,0xD9E0,0xD9C0,0xE220,0xE220,0xD9E0,0xE200,0xEA80,0xEA80,0xEA40,
    0xD1A0,0xB880,0xB880,0xB880,0xA800,0xB8A0,0xC100,0xC920,0xD9A0,0xC100,0xB040,0xC0E0,
    0xB860,0xB860,0xB880,0xB020,0xA820,0xA820,0xA800,0xC0C0,0xD160,0xD180,0xC920,0xC0E0,
    0xC100,0xC0E0,0xC960,0xD180,0xD9C0,0xEAA0,0xEA60,0xE240,0xEA60,0xD9C0,0xC920,0xC940,
    0xD9E0,0xEA80,0xD9A0,0xC0A0,0xB040,0xC940,0xC100,0xC900,0xD180,0xC100,0xC940,0xDA00,
    0xC100,0xB060,0xB040,0xB860,0xC0A0,0xC100,0xC920,0xD160,0xC0A0,0xB8A0,0xC0E0,0xC900,
    0xC940,0xD180,0xD9C0,0xF2C0,0xFB20,0xDA00,0xEA80,0xEAA0,0xD9A0,0xC900,0xC100,0xD9C0,
    0xD1A0,0xD160,0xE200,0xF2C0,0xD9E0,0xC900,0xB880,0xB880,0xB8A0,0xC920,0xC920,0xB8A0,
    0xC0E0,0xD160,0xD1A0,0xD9A0,0xD160,0xC920,0xC100,0xC0C0,0xC0E0,0xC940,0xD180,0xC940,
    0xC0C0,0xB860,0xC0C0,0xC100,0xC920,0xC940,0xC940,0xC0C0,0xC0C0,0xC900,0xD160,0xD1A0,
    0xD160,0xC920,0xC0E0,0xC0C0,0xB880,0xB8A0,0xC0C0,0xB880,0xB040,0xB040,0xB060,0xB060,
    0xC0A0,0xC900,0xC940,0xC940,0xC900,0xC0E0,0xC100,0xC0E0,0xC0C0,0xC0E0,0xC0C0,0xA800,
    0xA800,0xC0E0,0xC920,0xC100,0xB880,0xC100,0xC940,0xB8A0,0xC0C0,0xC920,0xB880,0xB020,
    0xA820,0xA000,0x9800,0xA000,0xA800,0xB000,0xA800,0xB040,0xB860,0xB880,0xC0E0,0xC0E0,
    0xC0C0,0xC0C0,0xB060,0xB8A0,0xC100,0xD160,0xD180,0xC940,0xC920,0xC0E0,0xB040,0xB040,
    0xC0E0,0xC920,0xD160,0xD180,0xD180,0xB8A0,0xB880,0xC100,0xD180,0xD160,0xC0E0,0xB880,
    0xB040,0xB880,0xB8A0,0xC0C0,0xB8A0,0xC0E0,0xC100,0xC0C0,0xC900,0xE200,0xD160,0xD160,
    0xD1A0,0xC0E0,0xC0E0,0xD180,0xE220,0xC900,0xC0C0,0xC920,0xD180,0xDA00,0xD1A0,0xC920,
    0xB060,0xB060,0xB060,0xC0E0,0xC900,0xC0C0,0xC0E0,0xC940,0xC0E0,0xA820,0xA000,0xA000,
    0xB8A0,0xC920,0xC0C0,0xC0C0,0xD160,0xC920,0xC0E0,0xC940,0xE220,0xD9A0,0xC0C0,0xC0C0,
    0xC920,0xC920,0xC0C0,0xB040,0xB8A0,0xB020,0xC100,0xF2A0,0xEA80,0xD9E0,0xD9A0,0xC920,
    0xB020,0xC0E0,0xE240,0xD160,0xC920,0xD180,0xC100,0xC0E0,0xC900,0xB8A0,0xA800,0xA800,
    0xA800,0xB020,0xB040,0xA820,0xA000,0xA000,0xA800,0xA800,0xB000,0xB020,0xB060,0xB8A0,
    0xC0E0,0xC100,0xC100,0xC100,0xD1A0,0xD1A0,0xC900,0xB8A0,0xC0C0,0xC0E0,0xC920,0xC940,
    0xC920,0xC0E0,0xC0C0,0xB8A0,0xC0E0,0xD1A0,0xE200,0xD9E0,0xD1A0,0xC920,0xC900,0xC900,
    0xC940,0xD9C0,0xD180,0xD180,0xD9C0,0xD9E0,0xD1A0,0xC920,0xC920,0xD180,0xE220,0xE220,
    0xD180,0xB8A0,0xB860,0xC0E0,0xC940,0xC920,0xB8A0,0xB880,0xB880,0xB880,0xC900,0xD180,
    0xC960,0xC920,0xC900,0xC920,0xC0C0,0xB880,0xB880,0xC0E0,0xC920,0xD160,0xD9E0,0xD9C0,
    0xD160,0xD180,0xD9C0,0xD9C0,0xD1A0,0xD1A0,0xE200,0xD9E0,0xC0C0,0xC0E0,0xD180,0xD160,
    0xB8A0,0xC940,0xD9C0,0xC0C0,0xC0C0,0xDA00,0xD180,0xC0E0,0xD160,0xC940,0xD180,0xE220,
    0xD9E0,0xC920,0xC900,0xD1A0,0xC920,0xB860,0xB040,0xA820,0xA820,0xC0C0,0xD9C0,0xD9C0,
    0xC900,0xB040,0xB880,0xB020,0xC0C0,0xD160,0xD180,0xC900,0xB880,0xC0A0,0xB880,0xB880,
    0xB040,0xA800,0xA820,0xB020,0xB860,0xB040,0xA800,0xB060,0xB040,0xB880,0xC900,0xC940,
    0xD180,0xD180,0xD9C0,0xE200,0xE200,0xD9E0,0xC940,0xC920,0xD180,0xD9A0,0xD160,0xC0C0,
    0xA820,0xB060,0xB880,0xC900,0xC940,0xD9C0,0xE220,0xD1A0,0xC920,0xC100,0xD160,0xC0E0,
    0xB060,0xB880,0xB040,0xD160,0xC100,0xC0C0,0xC0E0,0xB880,0xB020,0xB8A0,0xC920,0xC940,
    0xC0C0,0xB8A0,0xB040,0xB020,0xB860,0xD180,0xE200,0xD9E0,0xD1A0,0xD180,0xC920,0xC900,
    0xD1A0,0xD180,0xB8A0,0xD180,0xD9C0,0xC940,0xC960,0xD180,0xC900,0xB880,0xB060,0xC0C0,
    0xC940,0xC940,0xC920,0xC900,0xC0E0,0xC0E0,0xC900,0xD1A0,0xD9C0,0xC940,0xC900,0xD1A0,
    0xE200,0xD180,0xC0E0,0xB040,0xA800,0xA800,0xB8A0,0xC940,0xD1A0,0xD1A0,0xD1A0,0xD180,
    0xC940,0xD160,0xD9C0,0xD1A0,0xD1A0,0xD1A0,0xD180,0xD9C0,0xD1A0,0xC940,0xC940,0xD180,
    0xD9C0,0xD9E0,0xD9E0,0xD9E0,0xD180,0xC0A0,0xB020,0xB020,0xB880,0xC0E0,0xC0C0,0xC0C0,
    0xC920,0xD180,0xD9E0,0xE220,0xD9C0,0xD9C0,0xDA00,0xE240,0xE240,0xD9E0,0xD9C0,0xD9E0,
    0xD9A0,0xD180,0xE220,0xE220,0xD9E0,0xEAA0,0xF320,0xF2E0,0xD1A0,0xC0A0,0xB040,0xA000,
    0xA000,0xB060,0xC0C0,0xC900,0xD9C0,0xD9C0,0xD1C0,0xC0E0,0xB040,0xC900,0xDA00,0xD9A0,
    0xB880,0x9800,0xA000,0xB040,0xC920,0xC920,0xD160,0xD9C0,0xC940,0xC0E0,0xC940,0xD9E0,
    0xD9E0,0xEA60,0xD1A0,0xDA00,0xE220,0xE220,0xD140,0xC920,0xE240,0xEA80,0xD9C0,0xC0E0,
    0xC900,0xD1A0,0xC960,0xC920,0xD140,0xC0E0,0xB040,0xB8A0,0xD140,0xC940,0xC0C0,0xB880,
    0xB020,0xC100,0xE220,0xD9E0,0xB880,0xB880,0xC900,0xC0E0,0xC0C0,0xC920,0xE220,0xF2E0,
    0xEA60,0xD1A0,0xDA00,0xDA00,0xE220,0xE220,0xEAA0,0xFB20,0xE200,0xE220,0xE240,0xD9E0,
    0xC920,0xC920,0xD1A0,0xD180,0xD160,0xC940,0xC920,0xD9A0,0xD1A0,0xC0C0,0xC0E0,0xC100,
    0xC920,0xD160,0xC920,0xC920,0xC940,0xC0C0,0xB8A0,0xB880,0xC0A0,0xB880,0xB880,0xC920,
    0xC0E0,0xC0C0,0xC0C0,0xC0E0,0xC920,0xC940,0xD180,0xD9E0,0xE200,0xD9C0,0xC0E0,0xB880,
    0xC900,0xD180,0xD160,0xD140,0xD180,0xC900,0xC0C0,0xB8A0,0xB880,0xC0C0,0xC0E0,0xD160,
    0xD180,0xC960,0xD160,0xD180,0xD9A0,0xD1A0,0xC920,0xB8A0,0xB040,0xC0E0,0xD180,0xD160,
    0xC920,0xD160,0xD1A0,0xD160,0xD1A0,0xD9C0,0xD1A0,0xC920,0xB860,0xA800,0xA000,0x9800,
    0x9000,0xA000,0xA820,0xB040,0xB880,0xB020,0xA820,0xA820,0xB8A0,0xB8A0,0xA820,0xA020,
    0xB880,0xD9C0,0xEA80,0xD9E0,0xC0C0,0xB040,0xC0E0,0xD180,0xC900,0xB040,0xB040,0xB860,
    0xC0E0,0xC0C0,0xC0E0,0xB8A0,0xB880,0xC900,0xD9E0,0xD180,0xC0C0,0xC0C0,0xC0C0,0xC0C0,
    0xD9C0,0xEA60,0xE240,0xD180,0xE240,0xDA00,0xC0E0,0xB000,0xA800,0xB060,0xC960,0xE240,
    0xD1A0,0xD180,0xB860,0xB020,0xB860,0xC0C0,0xC100,0xB8A0,0xB020,0xA000,0xA000,0xA820,
    0xB880,0xC940,0xD180,0xD9E0,0xD180,0xC940,0xB8A0,0xB8A0,0xC920,0xC940,0xB8A0,0xB880,
    0xD9C0,0xC920,0xA800,0xB860,0xD160,0xD160,0xC0C0,0xC0C0,0xC0C0,0xB880,0xA800,0xA800,
    0xA800,0xB020,0xC100,0xD160,0xC920,0xD1A0,0xC940,0xB8A0,0xA800,0xB880,0xC940,0xD1A0,
    0xE240,0xD9A0,0xC900,0xC0E0,0xD160,0xD160,0xD140,0xC960,0xC920,0xD160,0xC920,0xC0E0,
    0xB860,0xB040,0xB880,0xC900,0xC920,0xC100,0xB8A0,0xC0E0,0xC940,0xC920,0xC0E0,0xC0C0,
    0xC0E0,0xC0E0,0xC100,0xC100,0xC0E0,0xC0C0,0xB880,0xB060,0xB020,0xB040,0xB880,0xB880,
    0xC100,0xC960,0xC920,0xC900,0xC100,0xC0E0,0xC920,0xC940,0xC920,0xC920,0xC920,0xC920,
    0xD160,0xD180,0xD9E0,0xD1A0,0xC940,0xC920,0xC100,0xC100,0xC940,0xD9C0,0xD9E0,0xD9C0,
    0xC940,0xC920,0xC0A0,0xB860,0xB860,0xC0C0,0xD160,0xD9E0,0xD9E0,0xD180,0xC0E0,0xB880,
    0xC0C0,0xC920,0xC900,0xC900,0xC940,0xD9C0,0xE240,0xE200,0xD180,0xD1A0,0xD9C0,0xD160,
    0xD160,0xD1A0,0xD180,0xD1A0,0xD180,0xD1A0,0xD9E0,0xD9C0,0xC940,0xC100,0xD180,0xDA00,
    0xD180,0xB8A0,0xB880,0xB8A0,0xC0C0,0xC0A0,0xC940,0xD9A0,0xE200,0xE240,0xC940,0xC920,
    0xB040,0xB020,0xA820,0xA800,0xB880,0xC940,0xE220,0xF2A0,0xC0E0,0xB880,0xC900,0xC900,
    0xB8A0,0xC0E0,0xD140,0xD180,0xD160,0xC0E0,0xC0E0,0xB860,0xA820,0xB020,0xA800,0xB020,
    0xC0C0,0xC0C0,0xB860,0xC0C0,0xB860,0xB860,0xD180,0xE200,0xE220,0xDA00,0xD140,0xD1A0,
    0xD9E0,0xD9C0,0xC940,0xC920,0xEA60,0xE220,0xD160,0xC920,0xD140,0xD9C0,0xC940,0xD1A0,
    0xD1A0,0xD160,0xC940,0xC0C0,0xC0E0,0xD9C0,0xD160,0xC100,0xC100,0xB8A0,0xD160,0xD9E0,
    0xD9C0,0xD9E0,0xC900,0xC0A0,0xB860,0xB020,0xA800,0xA800,0xA000,0xB8A0,0xC0E0,0xB860,
    0xB040,0xC920,0xDA00,0xE220,0xD9E0,0xD160,0xC900,0xD9A0,0xEAA0,0xE200,0xD9C0,0xD9C0,
    0xC960,0xC920,0xC920,0xC920,0xC100,0xC940,0xD9E0,0xE220,0xD9C0,0xC920,0xB880,0xB860,
    0xC0A0,0xC920,0xD180,0xD1A0,0xC920,0xC0E0,0xC900,0xD9E0,0xD1C0,0xC940,0xC0E0,0xB8A0,
    0xB8A0,0xC100,0xC920,0xC940,0xD180,0xD9C0,0xDA00,0xD9E0,0xD9C0,0xD180,0xC900,0xC920,
    0xC940,0xC940,0xD160,0xD180,0xD9C0,0xE220,0xD9E0,0xD1A0,0xD9C0,0xD9C0,0xC940,0xC0C0,
    0xB8A0,0xD180,0xD9C0,0xC940,0xC900,0xD160,0xD160,0xC100,0xC0C0,0xC0E0,0xC920,0xD160,
    0xC920,0xC920,0xD1A0,0xE200,0xEA80,0xF2E0,0xE220,0xD9E0,0xD9E0,0xE200,0xE220,0xD1A0,
    0xB880,0xB860,0xC900,0xC920,0xC0C0,0xC940,0xE200,0xC0E0,0xA000,0xA800,0xC0C0,0xB060,
    0xB040,0xC100,0xC940,0xDA00,0xD9E0,0xC940,0xD9E0,0xD9A0,0xB060,0x9000,0x9800,0xB040,
    0xC0A0,0xC0C0,0xD180,0xDA00,0xD9C0,0xE220,0xE220,0xE220,0xE200,0xC940,0xC100,0xE200,
    0xEAA0,0xEA80,0xC940,0xB060,0xC100,0xC920,0xC920,0xC0E0,0xC100,0xC920,0xC940,0xC0C0,
    0xA800,0xA840,0xB060,0xB040,0xC940,0xE220,0xD180,0xC940,0xC920,0xC0C0,0xB8A0,0xB880,
    0xC940,0xD160,0xD9E0,0xD160,0xC900,0xF2A0,0xF2E0,0xD9C0,0xD160,0xC0E0,0xB8A0,0xD160,
    0xE240,0xE200,0xDA00,0xD1A0,0xD1A0,0xD1C0,0xD9A0,0xC940,0xC0E0,0xC960,0xC960,0xD180,
    0xD9A0,0xD1A0,0xDA00,0xD9E0,0xC920,0xB860,0xB040,0xB880,0xC920,0xD180,0xD9C0,0xD9A0,
    0xC920,0xC0C0,0xC900,0xC940,0xC0C0,0xB8A0,0xC900,0xC920,0xB880,0xB060,0xC0E0,0xD160,
    0xD9C0,0xD1A0,0xC960,0xC940,0xD9C0,0xD9C0,0xC900,0xC0E0,0xC920,0xD9A0,0xE240,0xDA00,
    0xD180,0xD9A0,0xD180,0xC940,0xC900,0xC940,0xC940,0xC0C0,0xC0A0,0xB860,0xB040,0xC0C0,
    0xD160,0xD1A0,0xD160,0xC940,0xC940,0xC940,0xC920,0xC0E0,0xB040,0xB060,0xD180,0xE200,
    0xD1A0,0xC0C0,0xD180,0xD9A0,0xC920,0xC0E0,0xC0E0,0xC0E0,0xB080,0xA840,0xB860,0xC940,
    0xC0E0,0xB060,0xB8A0,0xB060,0xB020,0xC0C0,0xC0C0,0xC8E0,0xC920,0xD9C0,0xE220,0xE200,
    0xB8A0,0xA800,0xC0C0,0xD160,0xD160,0xC0E0,0xB040,0xB040,0xB060,0xB8A0,0xC0E0,0xB860,
    0xB860,0xC100,0xD180,0xD9C0,0xD1A0,0xC940,0xB8A0,0xC0C0,0xC920,0xB880,0xB060,0xB040,
    0xD160,0xD9A0,0xC940,0xD160,0xC940,0xD180,0xD9E0,0xC940,0xC0E0,0xC0E0,0xA800,0xA800,
    0xA800,0xB860,0xB8A0,0xB040,0xA800,0xA800,0xA800,0xA000,0xB040,0xD9A0,0xE240,0xD9E0,
    0xD9C0,0xF2E0,0xE220,0xB8A0,0xC0C0,0xB860,0xB880,0xB880,0xC0E0,0xB060,0xA820,0xA820,
    0xB8C0,0xE240,0xD9E0,0xD180,0xD160,0xC920,0xB060,0xB880,0xC0E0,0xC920,0xC940,0xDA00,
    0xEAA0,0xD9C0,0xC0A0,0xB040,0xC0E0,0xD1A0,0xD160,0xD9E0,0xE200,0xD1A0,0xC920,0xC940,
    0xC900,0xD160,0xF2C0,0xFB40,0xEA80,0xE200,0xE200,0xC940,0xC0C0,0xC920,0xD160,0xE200,
    0xE200,0xC940,0xC0E0,0xC0E0,0xC940,0xC920,0xC0E0,0xB8A0,0xB880,0xB860,0xB860,0xC0C0,
    0xC0C0,0xC0C0,0xB8A0,0xB8A0,0xC0C0,0xC900,0xD160,0xD1A0,0xD160,0xD160,0xD9C0,0xE240,
    0xEA40,0xE200,0xD1A0,0xD180,0xC900,0xC0C0,0xC0E0,0xC100,0xC940,0xD180,0xD1A0,0xD9C0,
    0xC940,0xC0E0,0xB8A0,0xB880,0xC0E0,0xC940,0xDA00,0xEA80,0xD1A0,0xC940,0xD9C0,0xD9E0,
    0xD180,0xC0C0,0xC0A0,0xD160,0xD160,0xC920,0xC900,0xC0C0,0xC0C0,0xC100,0xC0E0,0xC940,
    0xD180,0xD9E0,0xDA00,0xD9E0,0xD9A0,0xD9A0,0xD9C0,0xD1A0,0xD1A0,0xDA00,0xD1A0,0xC920,
    0xC0E0,0xD160,0xC920,0xC900,0xD9E0,0xE200,0xD160,0xD180,0xE220,0xE200,0xD9C0,0xC100,
    0xB860,0xA800,0xA800,0xC8E0,0xE200,0xD9C0,0xC920,0xB020,0xA800,0xA800,0xA820,0xA800,
    0xB040,0xC920,0xD180,0xD160,0xD9C0,0xD1A0,0xD1A0,0xC900,0xB020,0xA800,0xC0C0,0xC0C0,
    0xB8A0,0xB040,0xB020,0xB860,0xB000,0xA800,0xB060,0xA800,0xB040,0xB880,0xC0E0,0xC940,
    0xD160,0xC920,0xDA00,0xE200,0xD1A0,0xC0E0,0xB860,0xD1A0,0xD9E0,0xD180,0xD180,0xC940,
    0xC960,0xD180,0xD1A0,0xD180,0xD9E0,0xD160,0xD160,0xD140,0xD160,0xC960,0xC0E0,0xC100,
    0xC100,0xC920,0xC0C0,0xB860,0xB020,0xA800,0xB860,0xC100,0xC960,0xD1A0,0xC940,0xC0C0,
    0xC0A0,0xC100,0xC940,0xB8A0,0xC100,0xC920,0xC0C0,0xC0C0,0xC0C0,0xD160,0xE220,0xE200,
    0xDA00,0xD9E0,0xD9C0,0xD1A0,0xD180,0xDA00,0xD9E0,0xC940,0xD180,0xC0E0,0xB040,0xB020,
    0xB020,0xC920,0xE200,0xD9E0,0xD1A0,0xD160,0xC920,0xC920,0xC900,0xC0C0,0xC0E0,0xC900,
    0xC920,0xC0A0,0xC0E0,0xD160,0xD9C0,0xE200,0xDA00,0xD9C0,0xE200,0xE220,0xD1A0,0xD160,
    0xD180,0xD1A0,0xD1A0,0xC940,0xC0C0,0xB860,0xB880,0xC100,0xC940,0xC940,0xD180,0xD9C0,
    0xD1A0,0xDA00,0xE240,0xD9E0,0xD1A0,0xD160,0xC0E0,0xB8A0,0xB8A0,0xC900,0xD9E0,0xE240,
    0xEA40,0xE220,0xE220,0xD9E0,0xD180,0xC900,0xC940,0xC940,0xD180,0xD1A0,0xD1A0,0xD9C0,
    0xD9C0,0xE220,0xD160,0xC0C0,0xC0E0,0xC940,0xD9C0,0xD1A0,0xC920,0xC0E0,0xC920,0xD180,
    0xC0E0,0xB880,0xD160,0xD9C0,0xD1A0,0xB040,0xB8A0,0xB860,0xB020,0xC0C0,0xC920,0xD9E0,
    0xEAA0,0xE200,0xF2A0,0xD180,0xB8A0,0xA840,0xA820,0xB880,0xB880,0xB860,0xD180,0xD9C0,
    0xD180,0xC920,0xC100,0xD160,0xC900,0xC940,0xC940,0xD180,0xF2C0,0xF2C0,0xD9E0,0xC960,
    0xC100,0xC900,0xB040,0xB880,0xC0E0,0xC0E0,0xC920,0xC920,0xB860,0xA000,0xA000,0xC920,
    0xE260,0xD9E0,0xD160,0xC920,0xC920,0xC0C0,0xC0C0,0xC900,0xE200,0xF2C0,0xE240,0xE240,
    0xEA60,0xFB00,0xFB20,0xEA40,0xE200,0xD9C0,0xD9A0,0xE220,0xD180,0xC920,0xC940,0xC940,
    0xE220,0xD1A0,0xC0E0,0xC920,0xC940,0xC920,0xC920,0xC0E0,0xC920,0xD180,0xD160,0xD160,
    0xD9E0,0xD9C0,0xC920,0xB880,0xC0E0,0xD160,0xD160,0xC940,0xD160,0xD9C0,0xD1A0,0xC920,
    0xC940,0xD9C0,0xD9E0,0xD9E0,0xC900,0xB040,0xB860,0xC900,0xD1A0,0xD9C0,0xD1A0,0xC0E0,
    0xB860,0xB060,0xB040,0xB040,0xB880,0xC0E0,0xD180,0xD160,0xC0C0,0xC100,0xC0E0,0xB880,
    0xC0C0,0xC940,0xD9E0,0xD9E0,0xC900,0xC0C0,0xB040,0xC0C0,0xD160,0xD160,0xD160,0xC0E0,
    0xB880,0xC940,0xD1A0,0xD180,0xC940,0xC0E0,0xB860,0xB8A0,0xC0C0,0xD160,0xD180,0xC0E0,
    0xB880,0xC0E0,0xC900,0xB880,0xB040,0xB020,0xB880,0xD160,0xC940,0xC0C0,0xC900,0xC0E0,
    0xB8A0,0xC0A0,0xC940,0xD1A0,0xC960,0xD9C0,0xC940,0xC0E0,0xB020,0xB020,0xC0E0,0xC900,
    0xD180,0xD9A0,0xC900,0xC0C0,0xC0E0,0xC0E0,0xB8A0,0xB880,0xB8A0,0xC920,0xC920,0xC940,
    0xD180,0xD160,0xD140,0xE220,0xD9C0,0xD160,0xC0A0,0xB040,0xC0C0,0xC940,0xD180,0xD1A0,
    0xD9E0,0xD9C0,0xC920,0xB040,0xA840,0xC0E0,0xC0A0,0xC0C0,0xC0E0,0xC940,0xC0E0,0xB860,
    0xB880,0xC940,0xB8A0,0xA800,0xA800,0xC0C0,0xC0C0,0xB040,0xC0C0,0xD180,0xC0C0,0xA000,
    0xA000,0xB880,0xD160,0xB860,0xB040,0xD180,0xD160,0xB040,0xC0C0,0xE240,0xF2C0,0xFB60,
    0xFBC0,0xEA60,0xD160,0xE220,0xEAA0,0xD9C0,0xE200,0xEAA0,0xC960,0xB040,0xB880,0xC0A0,
    0xD9C0,0xD9E0,0xC920,0xC0E0,0xB8A0,0xC0A0,0xB040,0xB860,0xC0A0,0xD180,0xD9E0,0xE200,
    0xD9E0,0xD9C0,0xD180,0xC0E0,0xB860,0xB880,0xC940,0xD9C0,0xD180,0xC0E0,0xC0E0,0xD180,
    0xD9E0,0xD1A0,0xC920,0xC900,0xC900,0xB880,0xB040,0xC0C0,0xC900,0xC0E0,0xC920,0xD160,
    0xD9E0,0xEAA0,0xF2C0,0xD9E0,0xC940,0xC920,0xD9E0,0xEA60,0xE220,0xD9E0,0xD1A0,0xD180,
    0xC940,0xD160,0xD160,0xC920,0xC0E0,0xB8A0,0xB880,0xB040,0xA800,0xA800,0xB020,0xB060,
    0xC0E0,0xC100,0xC100,0xC920,0xC0C0,0xB880,0xC940,0xD9C0,0xC940,0xB880,0xB020,0xB040,
    0xC0E0,0xC940,0xD180,0xD1A0,0xC920,0xC0A0,0xB020,0xB040,0xC920,0xD160,0xC920,0xC940,
    0xD180,0xD180,0xD9C0,0xD9C0,0xD1A0,0xD160,0xC100,0xC0C0,0xC920,0xD9A0,0xD9E0,0xC940,
    0xD180,0xD180,0xC940,0xC0E0,0xC0E0,0xD9E0,0xD1A0,0xD180,0xD9C0,0xA840,0xA820,0xC940,
    0xC940,0xC940,0xD160,0xC0E0,0xB060,0xB040,0xC100,0xC0E0,0xC0C0,0xC900,0xD1A0,0xD9E0,
    0xE240,0xE240,0xE240,0xC900,0xA800,0xB880,0xB880,0xB040,0xA800,0xB020,0xC0C0,0xC0C0,
    0xB040,0xA800,0xB020,0xA800,0x9800,0xA000,0xB040,0xB860,0xC0A0,0xD160,0xE200,0xD9E0,
    0xC900,0xB040,0xD180,0xE240,0xD9E0,0xD9E0,0xE220,0xD160,0xC900,0xD180,0xD9C0,0xE240,
    0xD9E0,0xB860,0xB860,0xC0E0,0xD180,0xE200,0xD180,0xD160,0xD180,0xC0E0,0xC0C0,0xB880,
    0xC0A0,0xB880,0xB020,0xB040,0xC0C0,0xD1A0,0xD160,0xC0A0,0xC0E0,0xD1A0,0xD9C0,0xD9E0,
    0xEA60,0xEA80,0xE240,0xD1A0,0xD160,0xC920,0xB860,0xC940,0xE200,0xD9E0,0xD9C0,0xC940,
    0xC0E0,0xD160,0xD160,0xD9C0,0xD140,0xB860,0xB060,0xB880,0xC100,0xEA60,0xF300,0xEA60,
    0xEA80,0xFB20,0xF2C0,0xD9C0,0xC920,0xC0C0,0xD160,0xE220,0xD9E0,0xD9E0,0xD9E0,0xD9C0,
    0xDA00,0xD9C0,0xD1A0,0xD9C0,0xD9E0,0xD9C0,0xD160,0xC0E0,0xC0E0,0xC920,0xC920,0xC0E0,
    0xC0E0,0xD160,0xD180,0xD180,0xD180,0xD9C0,0xE220,0xE220,0xE240,0xD9E0,0xD9E0,0xD160,
    0xD180,0xD9A0,0xD9C0,0xD1A0,0xD1A0,0xC940,0xC960,0xD1A0,0xD9E0,0xD9C0,0xE200,0xE240,
    0xE240,0xD9E0,0xC940,0xD180,0xDA00,0xD9C0,0xD9C0,0xD9E0,0xD1A0,0xC940,0xD180,0xD180,
    0xC920,0xD180,0xE200,0xD9C0,0xD180,0xD9C0,0xD9A0,0xD9E0,0xD9C0,0xC0E0,0xB8A0,0xC0A0,
    0xD180,0xC0E0,0xA800,0xB880,0xD160,0xE220,0xE240,0xD9E0,0xC940,0xC940,0xD1A0,0xD160,
    0xD9E0,0xD9A0,0xC0A0,0xB8A0,0xB860,0xC0C0,0xD9A0,0xE220,0xE220,0xC940,0xC0C0,0xC900,
    0xB8A0,0xA800,0xB880,0xC0C0,0xD160,0xC920,0xD160,0xC920,0xC900,0xC100,0xB8A0,0xD9A0,
    0xD9E0,0xD1A0,0xE200,0xE240,0xE240,0xD180,0xB8A0,0xD1A0,0xF300,0xE220,0xC940,0xC920,
    0xB880,0xC0C0,0xE1E0,0xD160,0xB8A0,0xB880,0xC0E0,0xE220,0xE220,0xD9C0,0xDA00,0xC940,
    0xC0C0,0xD160,0xD160,0xB8A0,0xB020,0xA800,0xB020,0xC900,0xD9E0,0xB880,0xB060,0xC940,
    0xC920,0xB8A0,0xB880,0xC0A0,0xC940,0xD9E0,0xE220,0xE240,0xE220,0xD160,0xC0C0,0xC0C0,
    0xC0C0,0xC0E0,0xC940,0xD9E0,0xDA00,0xD9C0,0xD160,0xC960,0xD1A0,0xD9C0,0xE260,0xE220,
    0xC100,0xB840,0xB040,0xA820,0xB040,0xB880,0xC900,0xC920,0xB8A0,0xC0E0,0xB8A0,0xB880,
    0xC900,0xD1A0,0xD9C0,0xD9E0,0xC920,0xC0E0,0xC920,0xB880,0xB020,0xC940,0xE220,0xE200,
    0xD180,0xB8A0,0xB020,0xB040,0xC920,0xC940,0xC100,0xC0C0,0xB060,0xB040,0xB040,0xC0C0,
    0xC940,0xC940,0xC0E0,0xC920,0xD9A0,0xD9C0,0xDA00,0xD160,0xB020,0xB8A0,0xC920,0xC920,
    0xD160,0xC940,0xD160,0xD9A0,0xD180,0xC940,0xC0C0,0xB060,0xB880,0xC0E0,0xC100,0xC920,
    0xC0C0,0xC920,0xC100,0xC100,0xC940,0xC940,0xC920,0xC940,0xD180,0xE200,0xD160,0xC900,
    0xD180,0xD160,0xC0C0,0xB880,0xD160,0xE220,0xE200,0xC920,0xC0E0,0xB8A0,0xB880,0xC900,
    0xD140,0xD9A0,0xC900,0xC0E0,0xD160,0xC0C0,0xB8C0,0xB880,0xC0E0,0xA800,0xA800,0xC900,
    0xD160,0xD160,0xC0E0,0xB080,0xC0C0,0xB880,0xD160,0xD160,0xD1A0,0xD160,0xB8C0,0xB020,
    0xA000,0xB040,0xB020,0x9000,0xB060,0xB040,0xA000,0xA840,0xB060,0xC0E0,0xC920,0xB880,
    0xC900,0xD9E0,0xD180,0xC940,0xC0C0,0xC960,0xC940,0xD1A0,0xDA00,0xC0E0,0xC900,0xC920,
    0xC920,0xD1A0,0xD9A0,0xB860,0xB040,0xB040,0xC0C0,0xC920,0xD180,0xC900,0xC0C0,0xC0E0,
    0xC920,0xC940,0xD9A0,0xD160,0xD9E0,0xE220,0xE220,0xE220,0xE240,0xE200,0xC960,0xC900,
    0xC0C0,0xC0C0,0xC920,0xC920,0xC920,0xC920,0xC940,0xD180,0xD180,0xD160,0xD180,0xD1A0,
    0xC920,0xB860,0xB040,0xC0E0,0xC940,0xD180,0xD9C0,0xE200,0xEAA0,0xEA80,0xD9E0,0xD9C0,
    0xD160,0xC920,0xD9A0,0xF2C0,0xF2E0,0xEAA0,0xEA40,0xE200,0xD160,0xC940,0xC940,0xC940,
    0xD1A0,0xE260,0xDA00,0xD9C0,0xD9E0,0xD9A0,0xD160,0xD160,0xD9A0,0xC920,0xB8C0,0xC0E0,
    0xC900,0xC0E0,0xB8A0,0xC0E0,0xD180,0xC920,0xB8A0,0xB060,0xB040,0xB880,0xC920,0xD160,
    0xC0E0,0xB040,0xA000,0xC100,0xD9C0,0xD9C0,0xD180,0xD160,0xE200,0xC920,0xB880,0xC900,
    0xC900,0xC0C0,0xB860,0xB040,0xB860,0xB8A0,0xB8A0,0xB880,0xC900,0xD9C0,0xD9C0,0xD160,
    0xC0E0,0xC920,0xC0C0,0xC900,0xD180,0xB8A0,0xB880,0xD9C0,0xD1A0,0xD180,0xD9C0,0xC940,
    0xB860,0xC0C0,0xC100,0xC0E0,0xB8A0,0xC0C0,0xD160,0xD9E0,0xD160,0xD9C0,0xE240,0xD9C0,
    0xD160,0xD9C0,0xC940,0xC900,0xC0E0,0xB880,0xB860,0xC0E0,0xB880,0xB860,0xB8A0,0xB860,
    0xA820,0xA000,0xB020,0xC0E0,0xC0C0,0xC960,0xDA00,0xE220,0xD9E0,0xD9C0,0xF300,0xE220,
    0xC940,0xC920,0xC0E0,0xC0C0,0xD180,0xD9C0,0xE240,0xEA80,0xD9C0,0xC920,0xC0E0,0xC920,
    0xD9E0,0xE220,0xD9E0,0xD1A0,0xC900,0xB040,0xC0A0,0xD180,0xD160,0xC0E0,0xB880,0xA800,
    0xA800,0xB060,0xB060,0xB8A0,0xD180,0xD180,0xD9C0,0xD180,0xC920,0xE200,0xFB20,0xEA80,
    0xE220,0xD180,0xC900,0xC940,0xC920,0xD160,0xD1A0,0xD9A0,0xD9C0,0xE220,0xEA60,0xD9C0,
    0xC920,0xC0C0,0xC940,0xD9A0,0xD160,0xD1A0,0xD9C0,0xE240,0xF2E0,0xF320,0xDA00,0xD160,
    0xC920,0xC960,0xE200,0xEA60,0xE200,0xD180,0xC920,0xC920,0xC940,0xD1A0,0xD9E0,0xD9E0,
    0xD1A0,0xD1A0,0xD1A0,0xD160,0xD160,0xD180,0xD9E0,0xD9A0,0xD9C0,0xD1A0,0xC940,0xD9C0,
    0xE220,0xE220,0xEA80,0xF2A0,0xEAA0,0xE220,0xD180,0xC0E0,0xB880,0xC920,0xE220,0xE220,
    0xD9E0,0xD9A0,0xC900,0xC0C0,0xB880,0xC0C0,0xD160,0xD1A0,0xD9C0,0xD9E0,0xC920,0xC920,
    0xD180,0xD180,0xC960,0xD160,0xC920,0xC100,0xC100,0xD9E0,0xEA60,0xE220,0xE200,0xD1A0,
    0xD160,0xC960,0xD160,0xD160,0xE200,0xE200,0xC0E0,0xB860,0xB860,0xB040,0xA800,0xB860,
    0xD160,0xD9E0,0xD9E0,0xF300,0xE240,0xB880,0xC900,0xD160,0xDA00,0xD9C0,0xC900,0xC0C0,
    0xB860,0xC0E0,0xE240,0xE220,0xF2C0,0xD9C0,0xD160,0xE220,0xD9C0,0xB8A0,0xC0C0,0xD9A0,
    0xD9A0,0xD1A0,0xC900,0xC0E0,0xC900,0xC0C0,0xC940,0xD180,0xE200,0xEA80,0xE220,0xEA80,
    0xD9E0,0xD180,0xC940,0xD9C0,0xEA40,0xC940,0xB880,0xC900,0xA820,0xA000,0xB040,0xA800,
    0xB020,0xB860,0xC0C0,0xD180,0xC920,0xB860,0xB040,0xC900,0xD180,0xD180,0xB880,0xA000,
    0x9800,0x9800,0xA820,0xC940,0xD9E0,0xC100,0xC940,0xDA00,0xD9C0,0xB880,0xB040,0xC0E0,
    0xD180,0xD9C0,0xD9E0,0xD9A0,0xC900,0xB060,0xB8A0,0xB040,0xB8A0,0xD9C0,0xD9E0,0xD1A0,
    0xD180,0xD180,0xE200,0xE220,0xD160,0xD180,0xD160,0xC0E0,0xC900,0xC920,0xC0C0,0xB040,
    0xB020,0xB020,0xB880,0xC940,0xD9C0,0xE200,0xD9C0,0xC920,0xC900,0xD180,0xE220,0xE220,
    0xD9C0,0xD1A0,0xE240,0xEAA0,0xC940,0xB8A0,0xD9C0,0xE200,0xD180,0xD140,0xC0E0,0xC0E0,
    0xC960,0xC940,0xB880,0xB860,0xA820,0xA800,0xB040,0xC0A0,0xB860,0xB040,0xC100,0xD160,
    0xD9A0,0xD9A0,0xE240,0xE240,0xD1A0,0xD160,0xC940,0xC920,0xD9C0,0xD160,0xB880,0xC0E0,
    0xC920,0xC900,0xC0A0,0xC0C0,0xD9C0,0xE200,0xC940,0xB860,0xA000,0xA800,0xB880,0xC0C0,
    0xC920,0xC900,0xB880,0xC0C0,0xC940,0xD180,0xD180,0xD9E0,0xD9E0,0xD180,0xC0C0,0xB020,
    0xC0E0,0xD180,0xD180,0xC0E0,0xD160,0xD160,0xD160,0xC940,0xD160,0xC940,0xC900,0xC940,
    0xD160,0xB880,0xA800,0xB8C0,0xC920,0xC0C0,0xB020,0xC100,0xD160,0xB060,0xA800,0xA820,
    0xB880,0xC0E0,0xC0E0,0xD160,0xD160,0xC0E0,0xB040,0xA000,0xA000,0xA800,0xB880,0xC900,
    0xD1A0,0xC0C0,0xB880,0xD9E0,0xD9A0,0xB880,0xB880,0xC0C0,0xB8C0,0xB040,0xC0C0,0xC100,
    0xC920,0xEA60,0xD9C0,0xB040,0xB000,0xB8A0,0xC100,0xB860,0xB860,0xD160,0xD140,0xB8A0,
    0xC900,0xC0E0,0xC0C0,0xC100,0xC100,0xC0E0,0xC0E0,0xC920,0xD160,0xD9C0,0xE200,0xEAA0,
    0xFB00,0xF2A0,0xEAA0,0xD9C0,0xC0C0,0xB880,0xC100,0xD180,0xD180,0xD160,0xC920,0xD180,
    0xD9A0,0xD1A0,0xD180,0xC920,0xC0A0,0xC0C0,0xC0E0,0xC8E0,0xB880,0xB040,0xC0C0,0xC940,
    0xD9E0,0xD9E0,0xC940,0xC0E0,0xC0C0,0xC0E0,0xD9C0,0xFB20,0xFB80,0xFB20,0xEA60,0xE260,
    0xEAA0,0xDA00,0xC940,0xC920,0xB8A0,0xC0C0,0xC940,0xD180,0xD180,0xE261,0xD9E0,0xD180,
    0xE220,0xE240,0xD9C0,0xD180,0xD1A0,0xD160,0xC0C0,0xA800,0xB880,0xC940,0xD180,0xC100,
    0xC100,0xD160,0xD160,0xC900,0xB880,0xA800,0xA820,0xB880,0xC0A0,0xB060,0xB060,0xC100,
    0xD160,0xC940,0xC0A0,0xB020,0xB8A0,0xB880,0xA000,0xA800,0xB040,0xB880,0xB880,0xC940,
    0xD160,0xB880,0xA800,0x9800,0xA020,0xC120,0xD180,0xD1A0,0xC920,0xC0C0,0xB8A0,0xB880,
    0xB880,0xD140,0xD180,0xC940,0xD180,0xC920,0xC100,0xC0C0,0xB860,0xC0E0,0xC0C0,0xB8A0,
    0xC0C0,0xB060,0xC900,0xD9E0,0xC100,0xB8A0,0xC900,0xC940,0xD180,0xD180,0xD160,0xD9E0,
    0xD9E0,0xD180,0xB880,0xA820,0xB8A0,0xB880,0xD160,0xD180,0xC0E0,0xB040,0xB8A0,0xC920,
    0xD160,0xD180,0xD160,0xD9C0,0xD180,0xD1A0,0xD9E0,0xD9E0,0xD1A0,0xD9C0,0xD160,0xC0E0,
    0xC920,0xD9E0,0xEA80,0xD9E0,0xEA60,0xEA80,0xD1A0,0xD1A0,0xF2C0,0xE220,0xD180,0xC920,
    0xC0E0,0xD160,0xD9C0,0xD160,0xC920,0xC940,0xC920,0xB8A0,0xC0A0,0xA800,0x9800,0xC0C0,
    0xD9C0,0xD1A0,0xC940,0xB880,0xB860,0xC100,0xD9C0,0xD9E0,0xE220,0xE220,0xEAA0,0xEA60,
    0xF300,0xFB40,0xE240,0xEA80,0xE260,0xE200,0xD160,0xC0C0,0xB880,0xB880,0xD160,0xC920,
    0xC0C0,0xD160,0xD180,0xD9E0,0xD9E0,0xD160,0xD180,0xE200,0xD9E0,0xD180,0xD1A0,0xE220,
    0xD180,0xC900,0xD180,0xD180,0xD9E0,0xDA00,0xD180,0xC0E0,0xC0E0,0xC0E0,0xD9C0,0xEA80,
    0xE260,0xD180,0xD180,0xD180,0xD160,0xC940,0xC940,0xD180,0xD1A0,0xD1A0,0xD9C0,0xE260,
    0xF300,0xFB20,0xEA80,0xD9A0,0xD1A0,0xD9E0,0xE240,0xEA80,0xD9E0,0xD160,0xC920,0xB860,
    0xA800,0xA820,0xB060,0xC0E0,0xC0E0,0xB880,0xB040,0xB860,0xB8A0,0xC0E0,0xC920,0xD180,
    0xD140,0xD160,0xC100,0xB060,0xC920,0xD9E0,0xD9C0,0xC940,0xC900,0xC940,0xD1A0,0xC100,
    0xC920,0xD160,0xC920,0xC920,0xC0C0,0xA000,0xA000,0xB8A0,0xD1A0,0xD1A0,0xD9A0,0xEA60,
    0xD9C0,0xB880,0xB880,0xB040,0xC940,0xD1A0,0xC920,0xC920,0xC900,0xD1A0,0xE240,0xD9C0,
    0xD180,0xC940,0xD9C0,0xE200,0xDA00,0xD180,0xD1A0,0xE240,0xEA60,0xE240,0xE220,0xE220,
    0xD9A0,0xD9E0,0xD180,0xC0E0,0xC0C0,0xD180,0xC100,0xB8A0,0xB020,0xC100,0xC960,0xD9C0,
    0xD9A0,0xB020,0xA000,0xA800,0xA800,0xA000,0xA000,0xB020,0xC0E0,0xD160,0xD160,0xD160,
    0xD1A0,0xD9C0,0xD180,0xE220,0xEA80,0xD1A0,0xC0C0,0xB860,0xA800,0xA800,0xC0E0,0xE200,
    0xE220,0xC0A0,0xC920,0xE240,0xD9A0,0xB020,0xA800,0xC920,0xD160,0xD180,0xD180,0xC100,
    0xC0A0,0xB880,0xB880,0xC0C0,0xD9A0,0xE220,0xD1A0,0xD180,0xD160,0xD9C0,0xE220,0xD180,
    0xC920,0xC0C0,0xB880,0xB040,0xC900,0xD9A0,0xC920,0xB040,0xB020,0xB020,0xB020,0xB860,
    0xC0C0,0xC0C0,0xC0C0,0xD180,0xDA00,0xC920,0xC0E0,0xC940,0xD9C0,0xD9E0,0xDA00,0xEA80,
    0xEA80,0xC940,0xC0E0,0xD9E0,0xD9E0,0xC940,0xC900,0xC920,0xD180,0xD180,0xD180,0xC0E0,
    0xB8A0,0xB060,0xB020,0xB880,0xB880,0xB880,0xC920,0xD180,0xEA60,0xE220,0xC940,0xC940,
    0xD9C0,0xD160,0xB020,0xB020,0xC0C0,0xD1A0,0xC900,0xB8A0,0xC100,0xB880,0xB8A0,0xC940,
    0xC940,0xC0E0,0xC0E0,0xA820,0x9800,0x9800,0xB020,0xB880,0xA800,0xA800,0xB860,0xC940,
    0xC920,0xB8A0,0xD180,0xF2A0,0xE240,0xDA00,0xD180,0xD140,0xC0C0,0xB040,0xB880,0xD9A0,
    0xE220,0xE240,0xD9E0,0xB8A0,0xB040,0xB880,0xC900,0xC0C0,0xC0E0,0xB040,0xB020,0xC940,
    0xD160,0xD160,0xC940,0xB8A0,0xB040,0xB020,0xB040,0xC0E0,0xC940,0xD9C0,0xD1A0,0xC0C0,
    0xA800,0xA820,0xA000,0x9800,0xA000,0xA820,0xC920,0xD1A0,0xC920,0xB8A0,0xC0A0,0xC940,
    0xC0E0,0xB020,0xA800,0xA000,0xB060,0xB080,0xA000,0xB020,0xC940,0xE220,0xEA80,0xD1A0,
    0xC900,0xB060,0xC0C0,0xC900,0xC920,0xD1A0,0xD9C0,0xE200,0xD180,0xC0C0,0xB8A0,0xB020,
    0xA800,0xB880,0xC920,0xC0E0,0xC0E0,0xD180,0xD180,0xDA00,0xEA80,0xF2A0,0xD9A0,0xC920,
    0xB060,0xA800,0xC0E0,0xC940,0xD180,0xC920,0xC100,0xC920,0xC900,0xD160,0xD9C0,0xC940,
    0xC0A0,0xC0C0,0xC920,0xD1A0,0xD9C0,0xE200,0xD9C0,0xD9A0,0xDA00,0xD160,0xB860,0xA800,
    0xB060,0xC920,0xE200,0xEAC0,0xF2E0,0xE220,0xD180,0xE240,0xEA80,0xE220,0xD160,0xC0C0,
    0xC0E0,0xD160,0xD180,0xC940,0xC940,0xC920,0xC920,0xC100,0xC940,0xD180,0xD180,0xD160,
    0xD160,0xD180,0xD180,0xC0C0,0xB060,0xB880,0xC0E0,0xC100,0xC100,0xD1A0,0xD9C0,0xD9C0,
    0xC0A0,0xA800,0xA820,0xA800,0xC0C0,0xD180,0xD180,0xB8C0,0xB020,0xB040,0xB880,0xB880,
    0xB040,0xB8A0,0xB880,0xA800,0xA800,0xA800,0xA800,0xB060,0xC0E0,0xB060,0xA000,0x9800,
    0x9000,0xA000,0xB860,0xC960,0xC920,0xC0E0,0xDA00,0xE240,0xE220,0xC0E0,0xB060,0xB8A0,
    0xC940,0xD160,0xC920,0xB880,0xB880,0xC100,0xC940,0xC920,0xC0E0,0xC920,0xC100,0xD160,
    0xB880,0xB040,0xB060,0xC0C0,0xB8A0,0xB880,0xB880,0xC0E0,0xC920,0xB040,0xB020,0xA000,
    0xA000,0xB040,0xB060,0xC920,0xD1A0,0xC900,0xC920,0xC900,0xA820,0xA820,0xB040,0xC100,
    0xC0E0,0xC100,0xDA00,0xE240,0xE260,0xEA80,0xEA80,0xEA40,0xD9C0,0xDA00,0xE200,0xD180,
    0xD1A0,0xD9A0,0xD1A0,0xE200,0xD9E0,0xD1A0,0xC0C0,0xC0E0,0xE200,0xD1A0,0xC920,0xC0C0,
    0xC900,0xD180,0xD160,0xC940,0xD160,0xC0E0,0xB020,0xB040,0xD160,0xD9C0,0xB040,0xB020,
    0xC920,0xC920,0xB040,0xC0C0,0xD160,0xE200,0xF2A0,0xE240,0xE220,0xD9E0,0xD180,0xD9A0,
    0xD9C0,0xD160,0xC0E0,0xC0C0,0xB8A0,0xB860,0xC0E0,0xC940,0xD1A0,0xE200,0xD9A0,0xC920,
    0xC940,0xD1A0,0xD9C0,0xE200,0xD160,0xC940,0xD180,0xD140,0xC920,0xD160,0xD1A0,0xD9E0,
    0xD9E0,0xD180,0xD140,0xC940,0xD160,0xD160,0xD9C0,0xE220,0xC920,0xB880,0xC920,0xD160,
    0xC920,0xC920,0xD180,0xD9E0,0xDA00,0xD9E0,0xD9C0,0xDA00,0xE220,0xEA80,0xFB80,0xFBA0,
    0xF300,0xF2E0,0xE220,0xD1A0,0xD1A0,0xD160,0xC920,0xC100,0xC0E0,0xC940,0xC920,0xD160,
    0xD180,0xC0E0,0xB000,0xA800,0xB020,0xB880,0xC920,0xD180,0xE220,0xD9C0,0xC0E0,0xB040,
    0xB060,0xC0E0,0xC0C0,0xB880,0xB880,0xC920,0xD1A0,0xC920,0xB020,0xB880,0xD160,0xD160,
    0xB8A0,0xB060,0xB880,0xB8A0,0xC920,0xC0E0,0xC900,0xC900,0xB860,0xA800,0xA800,0xA000,
    0xA000,0xC100,0xC0C0,0xB880,0xD9C0,0xE240,0xE220,0xD160,0xB8A0,0xB8A0,0xC940,0xD9E0,
    0xE220,0xD1A0,0xE200,0xE220,0xD9E0,0xD1A0,0xD1A0,0xD9E0,0xD160,0xC0C0,0xC0C0,0xC940,
    0xC920,0xB880,0xB880,0xC0C0,0xC0C0,0xD160,0xD160,0xD160,0xD160,0xC0E0,0xB880,0xB8A0,
    0xB020,0xA800,0xA000,0xA800,0xC0C0,0xC900,0xD180,0xE220,0xF2C0,0xE200,0xE240,0xDA00,
    0xD180,0xC920,0xB060,0xB020,0xC0C0,0xC920,0xD9E0,0xE240,0xD9E0,0xD180,0xC100,0xC0C0,
    0xC900,0xC100,0xC920,0xE240,0xE240,0xD9E0,0xC0C0,0xC0C0,0xC940,0xC940,0xC900,0xC920,
    0xC0E0,0xC0E0,0xC0E0,0xC0E0,0xB8A0,0xC0E0,0xC940,0xC100,0xB8A0,0xB880,0xB040,0xB040,
    0xC0C0,0xD1A0,0xD9C0,0xC100,0xC0C0,0xB880,0xA800,0xB020,0xB880,0xC100,0xC100,0xB8A0,
    0xC0C0,0xC0C0,0xB020,0xB060,0xC920,0xC960,0xD180,0xD1A0,0xD1A0,0xC960,0xC100,0xC900,
    0xC940,0xD180,0xC0E0,0xC940,0xD160,0xC920,0xD180,0xC900,0xB880,0xD180,0xC940,0xB880,
    0xB060,0xB040,0xA800,0xB040,0xC920,0xD160,0xB880,0xB860,0xC0E0,0xC0C0,0xA800,0xA000,
    0xA820,0xB8A0,0xC0A0,0xC100,0xC900,0xC0C0,0xA000,0xB8A0,0xC100,0xB880,0xA800,0x9800,
    0xA000,0xB020,0xC0C0,0xC920,0xB880,0xB020,0xC0E0,0xC920,0xC0E0,0xC920,0xE240,0xEAA0,
    0xE220,0xE220,0xD160,0xD160,0xC920,0xB880,0xA820,0xC920,0xD180,0xEA40,0xD9A0,0xB860,
    0xB040,0xB8A0,0xC100,0xC900,0xB880,0xA000,0xA800,0xA800,0xB060,0xC940,0xE200,0xC940,
    0xC0C0,0xB8A0,0xB020,0xB8A0,0xC0E0,0xC920,0xEA80,0xD160,0xB040,0xA800,0xB020,0xB040,
    0xB020,0xC900,0xD1A0,0xE220,0xC100,0xB8A0,0xC0A0,0xC920,0xDA00,0xD9A0,0xB040,0xA800,
    0xB8A0,0xC0E0,0xB860,0xC940,0xD9E0,0xD1A0,0xD160,0xDA00,0xD9E0,0xD9E0,0xD160,0xC0A0,
    0xC920,0xD1A0,0xD9C0,0xD1A0,0xC0C0,0xC0E0,0xC940,0xC0E0,0xC940,0xD180,0xD160,0xD9A0,
    0xE200,0xD9C0,0xD9C0,0xD180,0xE240,0xF300,0xE200,0xD160,0xC0C0,0xB020,0xB8A0,0xC940,
    0xC920,0xD160,0xD180,0xD160,0xD9A0,0xD1A0,0xD160,0xB880,0xB040,0xB040,0xA820,0xC0E0,
    0xE200,0xDA00,0xEA60,0xFB80,0xF2E0,0xD9C0,0xB860,0xB8A0,0xE220,0xF2E0,0xD9E0,0xD180,
    0xD9A0,0xE200,0xEA60,0xE200,0xD1A0,0xD140,0xC0C0,0xB860,0xD1A0,0xD9C0,0xD180,0xC0E0,
    0xC0E0,0xD160,0xD9E0,0xDA00,0xD180,0xC920,0xC900,0xD160,0xD9A0,0xC940,0xC940,0xD180,
    0xC940,0xB8A0,0xB880,0xB880,0xC0E0,0xD160,0xD9A0,0xD9C0,0xC900,0xB040,0xB880,0xB880,
    0xB040,0xB8A0,0xC100,0xD180,0xC920,0xC100,0xC900,0xC0E0,0xB880,0xA800,0xB020,0xB060,
    0xB040,0xB020,0xA000,0xA000,0xB040,0xC0C0,0xC100,0xC100,0xC100,0xC940,0xD180,0xD9C0,
    0xD9A0,0xC900,0xD160,0xD180,0xD9A0,0xD9A0,0xC100,0xA820,0xB8A0,0xC0E0,0xC0C0,0xC0E0,
    0xB860,0xA820,0xB860,0xC940,0xC100,0xD160,0xD160,0xB040,0xD9E0,0xD180,0xD180,0xD9C0,
    0xC0C0,0xB040,0xA820,0xA840,0xB860,0xA800,0xA800,0xA800,0xA800,0xB880,0xA820,0xB8C0,
    0xC940,0xB880,0xB8A0,0xB880,0xA820,0x9800,0x9000,0xA820,0xB880,0xB860,0xC0A0,0xC900,
    0xC940,0xD180,0xE240,0xF2A0,0xEA80,0xD1A0,0xD1A0,0xE240,0xE240,0xDA00,0xE240,0xD1A0,
    0xB8A0,0xA800,0xA800,0xB8A0,0xD180,0xD1A0,0xD140,0xB880,0xB8A0,0xC0C0,0xD9C0,0xD9C0,
    0xD9E0,0xE220,0xD180,0xC940,0xD1A0,0xD9E0,0xC100,0xC100,0xD1A0,0xD160,0xD180,0xE220,
    0xE240,0xF320,0xF2A0,0xD9A0,0xC0C0,0xB880,0xC960,0xD9E0,0xE220,0xD9C0,0xC0C0,0xB040,
    0xB8A0,0xB880,0xC0C0,0xC0E0,0xC0C0,0xB8A0,0xB880,0xC0C0,0xC920,0xD160,0xD180,0xC0C0,
    0xC0C0,0xC940,0xD9A0,0xD9C0,0xD1A0,0xC960,0xD9A0,0xD9C0,0xE220,0xE240,0xEA40,0xD1A0,
    0xC0E0,0xC0C0,0xC920,0xC0C0,0xA800,0xB020,0xC0A0,0xC920,0xC940,0xD180,0xDA00,0xE240,
    0xE220,0xE220,0xD9E0,0xD9C0,0xD9E0,0xD9E0,0xEAA0,0xFB40,0xFB20,0xEAA0,0xE220,0xC940,
    0xB880,0xC960,0xE200,0xD160,0xC940,0xD180,0xD180,0xC920,0xC0A0,0xC900,0xC0E0,0xC900,
    0xC900,0xC0C0,0xD160,0xD160,0xD180,0xD9E0,0xD160,0xB8A0,0xC0C0,0xC920,0xC0E0,0xB020,
    0xA800,0xB880,0xC900,0xB060,0xB040,0xB040,0xB040,0xC0E0,0xA820,0xA800,0xB060,0xB8A0,
    0xB020,0xA800,0xA820,0xA800,0xB860,0xD160,0xC0C0,0xB000,0xB8A0,0xC900,0xC0A0,0xB040,
    0xD180,0xEA60,0xE240,0xD180,0xC900,0xD180,0xD180,0xD9E0,0xD9C0,0xD180,0xD9A0,0xD180,
    0xD9E0,0xC920,0xC0E0,0xD180,0xC0E0,0xB020,0xD180,0xE240,0xF2A0,0xC0E0,0xC900,0xC920,
    0xB020,0xB860,0xC100,0xC920,0xB880,0xC0E0,0xC920,0xC920,0xC0C0,0xB8C0,0xB060,0xD1A0,
    0xEA60,0xE240,0xEA60,0xD180,0xC0E0,0xC100,0xD9C0,0xD160,0xC940,0xC920,0xB860,0xB860,
    0xB860,0xC0E0,0xD9E0,0xD9C0,0xD180,0xEA60,0xD9E0,0xD9E0,0xD9E0,0xD9C0,0xD9C0,0xD9C0,
    0xC960,0xC0E0,0xC900,0xC920,0xC900,0xC900,0xC900,0xB880,0xC0E0,0xC900,0xC0E0,0xB880,
    0xB020,0xB880,0xB8A0,0xB020,0xB020,0xB860,0xB020,0xB880,0xC900,0xC940,0xB8A0,0xB8A0,
    0xC940,0xD1A0,0xC0E0,0xC0E0,0xC920,0xD160,0xC960,0xB880,0xA800,0xB860,0xB880,0xA800,
    0xB040,0xC940,0xD1A0,0xD1A0,0xD1A0,0xD180,0xD180,0xD160,0xD160,0xD180,0xC900,0xC0E0,
    0xC900,0xB880,0xB020,0xC0E0,0xD160,0xC940,0xD180,0xC940,0xC940,0xC900,0xC0C0,0xB040,
    0xC0C0,0xC0C0,0xC0C0,0xC0E0,0xC940,0xD160,0xC0C0,0xA820,0xA000,0xA800,0xB880,0xC940,
    0xC940,0xC0A0,0xA800,0xB880,0xD1A0,0xD160,0xB880,0xC0A0,0xC0C0,0xB060,0xD9C0,0xE220,
    0xD180,0xE200,0xD9E0,0xC920,0xB880,0xD160,0xD9E0,0xE240,0xD9E0,0xC900,0xB860,0xC900,
    0xB040,0xA800,0xB040,0xB880,0xC0C0,0xD9A0,0xC900,0xB040,0xC920,0xC960,0xC0E0,0xC0C0,
    0xB040,0xB080,0xB880,0xB040,0xA820,0xC940,0xD9C0,0xD180,0xC920,0xD160,0xD160,0xB060,
    0xC940,0xE1E0,0xFB00,0xD9E0,0xC0A0,0xB060,0xB8A0,0xD1A0,0xD9C0,0xD9C0,0xC940,0xC0E0,
    0xC0C0,0xB040,0xB860,0xC920,0xF2A0,0xD9C0,0xB880,0xA000,0xA000,0xA000,0xC100,0xE220,
    0xD180,0xC940,0xB060,0xB880,0xD160,0xD9C0,0xC0C0,0xB000,0xB060,0xB8A0,0xA020,0xA820,
    0xC0C0,0xB880,0xB880,0xC0E0,0xD1A0,0xD1A0,0xC960,0xD9C0,0xEA80,0xDA00,0xD180,0xD180,
    0xE200,0xEA60,0xD9E0,0xC0C0,0xC0C0,0xC0C0,0xC0C0,0xEA60,0xD9E0,0xD9E0,0xD9C0,0xC920,
    0xC900,0xD180,0xC920,0xC0C0,0xC0E0,0xB860,0xA000,0xB040,0xC900,0xC920,0xD9E0,0xE240,
    0xC940,0xB860,0xB860,0xD1A0,0xF2C0,0xFB20,0xEAA0,0xD9E0,0xD9A0,0xD180,0xC100,0xB060,
    0xB040,0xB8A0,0xC920,0xD9C0,0xE220,0xD9E0,0xD180,0xD160,0xD180,0xD1A0,0xD1A0,0xE200,
    0xD9C0,0xC0E0,0xC0C0,0xC0E0,0xC920,0xC0E0,0xB8A0,0xC940,0xD160,0xB880,0xC0A0,0xC940,
    0xC900,0xB880,0xB880,0xB880,0xB020,0xB040,0xA800,0xA800,0xA800,0xA800,0xB8A0,0xD160,
    0xD160,0xC0C0,0xB8A0,0xC900,0xB860,0xA820,0xB080,0xD160,0xD180,0xC920,0xC0E0,0xC900,
    0xB880,0xC0E0,0xD9C0,0xC940,0xD160,0xE220,0xD9E0,0xD1A0,0xD9C0,0xB8A0,0xA000,0xA800,
    0xB020,0xC940,0xE240,0xD9C0,0xC940,0xC0E0,0xB020,0xB060,0xB060,0xB060,0xC0E0,0xD160,
    0xB8A0,0xC940,0xEA60,0xD1A0,0xE220,0xE200,0xE220,0xD9E0,0xC940,0xC0C0,0xA820,0x9800,
    0xA000,0x9800,0x9800,0xA000,0xB020,0xB860,0xC0C0,0xC100,0xB8A0,0xB060,0xC0C0,0xC920,
    0xD180,0xC900,0xC0C0,0xC900,0xC940,0xEA80,0xE220,0xC940,0xD180,0xC940,0xD9C0,0xE220,
    0xD1A0,0xB060,0xB040,0xD180,0xD9E0,0xD1A0,0xD9E0,0xD160,0xC0C0,0xB040,0xB040,0xB8A0,
    0xC0C0,0xC0E0,0xC0C0,0xC900,0xB880,0xB060,0xD160,0xC940,0xD9C0,0xC940,0xC940,0xE220,
    0xE260,0xEA60,0xC960,0xC920,0xD160,0xC0E0,0xC900,0xEA60,0xF300,0xF2E0,0xEA80,0xD9E0,
    0xC940,0xB880,0xD180,0xE220,0xEA80,0xE240,0xD160,0xC940,0xD9C0,0xC920,0xC900,0xC0E0,
    0xC0C0,0xB880,0xA800,0xB040,0xC0C0,0xC940,0xC100,0xB880,0xC920,0xD9C0,0xEA60,0xEA60,
    0xE200,0xD160,0xD9A0,0xF300,0xF320,0xE240,0xD180,0xC0C0,0xC920,0xD180,0xC940,0xB8A0,
    0xB860,0xC0C0,0xD180,0xE220,0xE240,0xE240,0xEA60,0xEAA0,0xE240,0xD160,0xD160,0xC940,
    0xD9C0,0xEA80,0xF2E0,0xF2E0,0xF2A0,0xE240,0xD180,0xE220,0xE240,0xE200,0xEA60,0xEA80,
    0xE240,0xE220,0xD9A0,0xD160,0xD160,0xC940,0xC920,0xD9E0,0xE240,0xC920,0xC920,0xDA00,
    0xD9E0,0xE220,0xD9A0,0xC0E0,0xC0E0,0xD1A0,0xD9E0,0xC0C0,0xB8A0,0xC940,0xD180,0xC920,
    0xB880,0xB880,0xA800,0xB060,0xC900,0xB880,0xB880,0xB880,0xB060,0xB040,0xC0C0,0xC900,
    0xD9A0,0xF2A0,0xDA00,0xC900,0xC940,0xD9C0,0xD9C0,0xC940,0xC0E0,0xD160,0xE220,0xD9C0,
    0xD180,0xD9E0,0xD180,0xD180,0xD160,0xC960,0xC940,0xD9C0,0xD9E0,0xC920,0xC940,0xE200,
    0xC0E0,0xC0C0,0xC940,0xDA00,0xE240,0xE200,0xD9E0,0xC0C0,0xB880,0xD1A0,0xEA80,0xE220,
    0xB040,0xB020,0xD180,0xC900,0xC940,0xD9E0,0xD9A0,0xEA80,0xEA60,0xC920,0xC0C0,0xB020,
    0xB060,0xD9A0,0xD9E0,0xE200,0xD9C0,0xC100,0xC920,0xD160,0xC0E0,0xC0C0,0xC0C0,0xB8A0,
    0xD160,0xEA60,0xE200,0xDA00,0xE200,0xD160,0xC0C0,0xC0E0,0xC940,0xD1A0,0xD9E0,0xC940,
    0xB880,0xB8A0,0xC0E0,0xC900,0xD180,0xC920,0xC100,0xC0E0,0xC0C0,0xB8A0,0xB880,0xB040,
    0xB020,0xB020,0xB020,0xB020,0xB020,0xB880,0xB040,0xB880,0xC940,0xD9C0,0xE220,0xE240,
    0xD9E0,0xD180,0xC0E0,0xB060,0xB020,0xB040,0xC0E0,0xC0E0,0xC0A0,0xC0E0,0xC940,0xC100,
    0xD140,0xD140,0xC940,0xD1A0,0xD9E0,0xD9C0,0xC920,0xC0C0,0xC0E0,0xD9C0,0xD9C0,0xDA00,
    0xD9C0,0xB880,0xB040,0xB020,0xD140,0xE240,0xE200,0xC100,0xB860,0xD160,0xD1A0,0xD9C0,
    0xC0E0,0xB8A0,0xB8A0,0xB8A0,0xC0C0,0xC940,0xD160,0xD160,0xE220,0xE220,0xB8A0,0xB8A0,
    0xD160,0xC940,0xD160,0xD1A0,0xD9C0,0xD160,0xDA00,0xFB20,0xF2C0,0xEAA0,0xD9C0,0xD1A0,
    0xD9C0,0xE220,0xE200,0xB8A0,0xB8A0,0xC940,0xD180,0xE200,0xD1A0,0xB880,0xB8A0,0xD9A0,
    0xD9A0,0xEA40,0xD1A0,0xE200,0xE200,0xC900,0xB860,0xB020,0xC0C0,0xC8E0,0xB020,0xA000,
    0xB880,0xE200,0xE240,0xC940,0xB060,0xC100,0xC0E0,0xA000,0xB040,0xC940,0xD9C0,0xDA00,
    0xC920,0xC920,0xC0C0,0xD180,0xD160,0xC0C0,0xB860,0xB8A0,0xB880,0xB040,0xD180,0xC920,
    0xC0E0,0xE220,0xC940,0xB8A0,0xB860,0xB060,0xB040,0xB880,0xC940,0xD160,0xC940,0xB880,
    0xC0E0,0xD9C0,0xD180,0xC900,0xC0E0,0xB880,0xA020,0xB8A0,0xD1A0,0xD160,0xC0E0,0xC100,
    0xD9A0,0xC940,0xC0E0,0xD160,0xD9A0,0xC940,0xC0E0,0xB880,0xC920,0xD9E0,0xD140,0xC0A0,
    0xE220,0xEA60,0xC900,0xE220,0xF2E0,0xD9C0,0xB8A0,0xA800,0xA800,0xB060,0xC920,0xD9C0,
    0xC940,0xB060,0xB040,0xD160,0xC900,0xC940,0xF2C0,0xF2C0,0xEA40,0xD9E0,0xD180,0xD1A0,
    0xD9E0,0xD9C0,0xD9C0,0xD9C0,0xD1A0,0xD160,0xC920,0xC0A0,0xB8A0,0xC0E0,0xD9E0,0xFB00,
    0xE220,0xD9C0,0xD9A0,0xC960,0xC0E0,0xC920,0xD160,0xD1A0,0xD9E0,0xD180,0xB8A0,0xB000,
    0xB040,0xB8A0,0xC920,0xD180,0xD160,0xC920,0xC940,0xB8A0,0xB880,0xB880,0xB860,0xC900,
    0xB060,0xA800,0xB040,0xA820,0xB060,0xC0E0,0xD160,0xC940,0xC0E0,0xB860,0xA800,0xB880,
    0xB060,0xB060,0xC0C0,0xC0E0,0xD9C0,0xD9C0,0xD180,0xD180,0xD1A0,0xD180,0xD160,0xB8A0,
    0xB040,0xC940,0xDA00,0xD9C0,0xD160,0xB060,0xA820,0xA800,0xA800,0xB880,0xC920,0xB880,
    0xB880,0xB880,0xB020,0xB860,0xB8A0,0xB880,0xD180,0xE200,0xD9C0,0xD180,0xEA60,0xE240,
    0xC100,0xC940,0xC0E0,0xB8A0,0xD9C0,0xC920,0xA800,0xA000,0xA000,0xA000,0xA800,0xA800,
    0xA820,0xC0C0,0xC940,0xC940,0xC920,0xB8A0,0xB8A0,0xC940,0xD160,0xC940,0xC940,0xD160,
    0xC0C0,0xE260,0xFB40,0xD140,0xD160,0xC900,0xD1A0,0xD1A0,0xD1A0,0xD180,0xB860,0xB880,
    0xC0E0,0xC0E0,0xC0E0,0xD180,0xD1A0,0xB8A0,0xA800,0xB880,0xB880,0xB880,0xC0C0,0xC100,
    0xC940,0xC940,0xC920,0xC0E0,0xC0E0,0xC0C0,0xC900,0xD160,0xD160,0xD1A0,0xD9E0,0xD9C0,
    0xD180,0xC920,0xC0C0,0xD140,0xDA00,0xD9E0,0xEA60,0xEA60,0xD9E0,0xB8A0,0xB8A0,0xD180,
    0xD9E0,0xE220,0xEA80,0xE220,0xD9C0,0xD180,0xC920,0xC0C0,0xC900,0xC920,0xB060,0xA800,
    0xC940,0xDA00,0xD9C0,0xD180,0xD180,0xD1A0,0xD9C0,0xD160,0xC0C0,0xC0E0,0xE200,0xEAA0,
    0xD180,0xC900,0xB8A0,0xC0E0,0xD160,0xC940,0xC900,0xD160,0xD1A0,0xD9E0,0xEA60,0xEAA0,
    0xEA80,0xEAA0,0xF2E0,0xFB40,0xE200,0xC100,0xC960,0xC920,0xC940,0xD9C0,0xE220,0xEA60,
    0xEA60,0xEA40,0xD1A0,0xC940,0xD9E0,0xEA60,0xD9E0,0xE220,0xE240,0xD180,0xD180,0xEA60,
    0xEA80,0xD9A0,0xC0E0,0xD9A0,0xD9C0,0xC940,0xD9A0,0xE240,0xE220,0xEAA0,0xDA00,0xC920,
    0xC940,0xD160,0xC920,0xD180,0xC920,0xC900,0xC0E0,0xC0C0,0xB8A0,0xB880,0xB060,0xA820,
    0xC920,0xD180,0xC900,0xB8A0,0xB040,0xB8A0,0xC900,0xD160,0xEA60,0xEA80,0xD9E0,0xD180,
    0xD9C0,0xD9E0,0xE220,0xE240,0xD180,0xC900,0xC920,0xD180,0xC920,0xC920,0xC100,0xA800,
    0xB880,0xD1A0,0xC920,0xC940,0xD9E0,0xD9E0,0xFB20,0xEA80,0xC0C0,0xD160,0xD9C0,0xD1A0,
    0xD9C0,0xE220,0xD9E0,0xC940,0xD9C0,0xD160,0xD9E0,0xD9E0,0xB880,0xB860,0xC0C0,0xB880,
    0xD160,0xEA60,0xE260,0xE220,0xC100,0xA820,0xB060,0xD140,0xD9C0,0xD180,0xD9E0,0xEA80,
    0xE200,0xC920,0xC0E0,0xB860,0xC0E0,0xB880,0xA800,0xA800,0xB040,0xB8A0,0xC0A0,0xC0E0,
    0xC0E0,0xC0E0,0xD160,0xD180,0xD9A0,0xD180,0xD9A0,0xD140,0xD160,0xC100,0xB8A0,0xC100,
    0xC0E0,0xC0A0,0xC920,0xD180,0xC900,0xD160,0xC920,0xB040,0xB020,0xB880,0xB020,0xA000,
    0xA800,0xB880,0xB040,0xB880,0xC0E0,0xC900,0xC920,0xD160,0xD180,0xC0C0,0xB040,0xB880,
    0xB880,0xB8A0,0xC100,0xD160,0xD180,0xD160,0xD160,0xD160,0xC0C0,0xA800,0xB060,0xC940,
    0xD1A0,0xD9E0,0xC0E0,0xC0C0,0xB060,0xB880,0xD160,0xC0E0,0xA800,0xA840,0xC100,0xC0E0,
    0xC900,0xD9C0,0xD9E0,0xC940,0xB880,0xC920,0xE220,0xE220,0xD160,0xB040,0xB020,0xB040,
    0xB040,0xC940,0xD9E0,0xC0C0,0xC920,0xE260,0xD9C0,0xD9E0,0xEA80,0xE220,0xE200,0xD9C0,
    0xD9C0,0xDA00,0xEA80,0xEA80,0xE220,0xD9C0,0xD180,0xD9E0,0xF300,0xF2A0,0xD9C0,0xB8A0,
    0xB040,0xC920,0xC940,0xC940,0xE240,0xE200,0xC920,0xD9E0,0xE240,0xD180,0xEA60,0xF2E0,
    0xE200,0xC0C0,0xB020,0xC0E0,0xB8A0,0xB020,0xB860,0xA820,0xA000,0xB040,0xD180,0xD9E0,
    0xC0C0,0xB060,0xA000,0xA820,0xA800,0xB880,0xD160,0xD9C0,0xD140,0xD9C0,0xC940,0xC900,
    0xC900,0xB8A0,0xC920,0xC920,0xC0C0,0xB860,0xC0C0,0xC0C0,0xC0E0,0xC900,0xB8A0,0xB060,
    0xB860,0xB040,0xA820,0xA800,0xB880,0xD160,0xD9C0,0xD160,0xB8A0,0xC920,0xD9E0,0xC940,
    0xC940,0xC0C0,0xB020,0xD180,0xE220,0xE240,0xE240,0xD9E0,0xD9E0,0xEA60,0xD160,0xB880,
    0xC0E0,0xC100,0xC0C0,0xB8A0,0xB060,0xC0E0,0xC0E0,0xC0E0,0xD9E0,0xD9A0,0xB880,0xA020,
    0xA020,0xA000,0x9800,0x9800,0x9000,0x9800,0xB880,0xC920,0xC0C0,0xB040,0xB040,0xB8A0,
    0xB8A0,0xC920,0xD9C0,0xD9E0,0xD160,0xE200,0xD9C0,0xC940,0xC100,0xC900,0xD180,0xD9C0,
    0xD160,0xC940,0xC100,0xC0E0,0xC0C0,0xB860,0xD180,0xF2C0,0xC960,0xC920,0xC920,0xB8A0,
    0xB040,0xB880,0xB8A0,0xB8A0,0xC0C0,0xC0C0,0xC0A0,0xC920,0xC0E0,0xC920,0xDA00,0xEA60,
    0xD9C0,0xC0C0,0xB8A0,0xB060,0xA820,0xC0C0,0xD1A0,0xD9E0,0xD180,0xB8A0,0xC100,0xB8A0,
    0xC100,0xD160,0xD180,0xD160,0xC100,0xC0C0,0xB880,0xA820,0xA000,0xA000,0xA000,0xA000,
    0xB8A0,0xC920,0xC0E0,0xC940,0xD9C0,0xC940,0xB880,0xB8C0,0xD160,0xD160,0xD180,0xD1A0,
    0xC940,0xC0C0,0xA800,0xA820,0xB880,0xC900,0xC940,0xB020,0xA800,0xA000,0xB020,0xB040,
    0xB040,0xA000,0xA000,0xA800,0xC900,0xE240,0xD9A0,0xC900,0xB060,0xA800,0xB040,0xC0C0,
    0xEA60,0xD9E0,0xB060,0xB040,0xB860,0xC0A0,0xC0E0,0xB860,0xB8A0,0xD160,0xE220,0xEA80,
    0xE220,0xD160,0xE240,0xD180,0xB060,0xA000,0xB860,0xD180,0xC100,0xB020,0xB060,0xB020,
    0xB060,0xC100,0xC920,0xC940,0xC920,0xC0E0,0xC0C0,0xC0E0,0xC100,0xC920,0xC920,0xC900,
    0xC920,0xC0E0,0xB880,0xC0C0,0xB880,0xC0C0,0xC0A0,0xC0C0,0xD1A0,0xE220,0xD180,0xC900,
    0xB860,0xC900,0xD9E0,0xD9E0,0xC940,0xC920,0xD180,0xD1A0,0xC940,0xC0C0,0xC940,0xD1A0,
    0xD160,0xD160,0xD180,0xC920,0xC0C0,0xB060,0xA800,0xB040,0xB880,0xC0E0,0xD9C0,0xC920,
    0xC900,0xC0E0,0xC0C0,0xC920,0xC920,0xB8A0,0xA800,0xC0C0,0xD9C0,0xEA60,0xE220,0xD140,
    0xC0E0,0xC920,0xD140,0xD180,0xD180,0xD9E0,0xEA80,0xE240,0xE240,0xD9A0,0xC0C0,0xB860,
    0xC0A0,0xC0A0,0xD140,0xDA00,0xE200,0xD9E0,0xE220,0xEA40,0xEA80,0xF2A0,0xF2C0,0xF2C0,
    0xDA00,0xC940,0xC900,0xC100,0xC0C0,0xC100,0xD180,0xD9C0,0xC940,0xD9C0,0xEA80,0xEA60,
    0xD180,0xC900,0xC900,0xC920,0xC940,0xB860,0xC0C0,0xD9E0,0xE240,0xC920,0xC920,0xD9E0,
    0xEA60,0xD180,0xD160,0xD9C0,0xE200,0xE220,0xE220,0xEA60,0xE240,0xD1A0,0xB860,0xC0E0,
    0xD9A0,0xD180,0xC920,0xB860,0xD9A0,0xC940,0xB040,0xB020,0xC0C0,0xC940,0xC0E0,0xB060,
    0xA800,0xB020,0xB040,0xB860,0xD140,0xD9E0,0xC900,0xB8A0,0xC900,0xC920,0xD180,0xD9C0,
    0xD9E0,0xD160,0xD180,0xD180,0xD180,0xD1A0,0xB8A0,0xA820,0xB040,0xC0E0,0xC940,0xC940,
    0xE200,0xE220,0xEA60,0xE240,0xE220,0xD9E0,0xD9E0,0xC940,0xC0E0,0xC0E0,0xC0E0,0xD1A0,
    0xD180,0xB8A0,0xB860,0xC0C0,0xB060,0xC0E0,0xC920,0xC940,0xD9E0,0xD1A0,0xC940,0xC940,
    0xB8A0,0xB040,0xD160,0xC900,0xC0C0,0xC920,0xE200,0xF2C0,0xF2C0,0xD9C0,0xB880,0xB040,
    0xC0C0,0xC900,0xC0E0,0xC920,0xC900,0xB860,0xB020,0xB060,0xB880,0xD180,0xD9C0,0xD9C0,
    0xD180,0xD180,0xD9C0,0xD9C0,0xC940,0xB060,0xB860,0xC0E0,0xC960,0xC920,0xB880,0xC100,
    0xD9E0,0xD9E0,0xC900,0xB880,0xB880,0xB860,0xB040,0xB020,0xB860,0xC900,0xC100,0xB040,
    0xB060,0xA820,0xA820,0xC0C0,0xD9E0,0xD180,0xC0A0,0xC940,0xD9C0,0xE200,0xD1A0,0xD180,
    0xD9A0,0xD160,0xC940,0xC940,0xD1A0,0xC100,0xB880,0xC0C0,0xC900,0xD9E0,0xD9E0,0xD160,
    0xC940,0xB8A0,0xC900,0xB8A0,0xA000,0xA000,0xC0E0,0xD9C0,0xB8A0,0xA800,0xB880,0xC100,
    0xD160,0xD9A0,0xE240,0xD9E0,0xB880,0xB040,0xB060,0xC100,0xD180,0xD1A0,0xD9E0,0xD180,
    0xD180,0xD180,0xEAA0,0xFB60,0xF2E0,0xE240,0xE220,0xD1A0,0xC920,0xD160,0xC0E0,0xC0A0,
    0xC0E0,0xDA00,0xE200,0xD180,0xD9A0,0xD9C0,0xD9A0,0xC900,0xC920,0xB8A0,0xC0E0,0xC100,
    0xC900,0xC920,0xD160,0xD9C0,0xE200,0xE240,0xDA00,0xD9E0,0xC920,0xA800,0xB020,0xC0E0,
    0xB880,0xB020,0xB040,0xA800,0xA000,0xA800,0xD180,0xF2C0,0xEA60,0xC920,0xB040,0xB040,
    0xB880,0xB060,0xB020,0xA820,0xB020,0xB880,0xB860,0xB060,0xA820,0xA000,0xB8A0,0xD160,
    0xE240,0xDA00,0xD160,0xC900,0xB8A0,0xA800,0xA800,0xA800,0xB020,0xA800,0x9800,0xA820,
    0xB020,0xC940,0xC900,0xC920,0xC900,0xB880,0xC920,0xC920,0xB8A0,0xB060,0xA800,0xC0C0,
    0xD160,0xC0E0,0xD160,0xE220,0xD9A0,0xE220,0xDA00,0xC920,0xC0E0,0xB8A0,0xB860,0xB880,
    0xB880,0xC940,0xC940,0xC0A0,0xD180,0xC940,0xB860,0xA800,0xA000,0xA000,0xA840,0xA840,
    0xB080,0xC0E0,0xD9C0,0xD9E0,0xC920,0xC100,0xA820,0xB8C0,0xD180,0xD180,0xD1A0,0xD180,
    0xC0E0,0xC900,0xD9C0,0xD9C0,0xC940,0xC900,0xC920,0xC920,0xC0C0,0xB8A0,0xC920,0xC960,
    0xC0E0,0xB8A0,0xC940,0xD1A0,0xC900,0xC920,0xD180,0xC920,0xC0E0,0xC0E0,0xC0C0,0xB8A0,
    0xB860,0xA800,0xB060,0xD9C0,0xE240,0xD180,0xD160,0xE220,0xD9E0,0xC0E0,0xB880,0xC0C0,
    0xC0E0,0xB880,0xC920,0xD1A0,0xD160,0xB8A0,0xB880,0xB020,0xB880,0xB8A0,0xB860,0xC900,
    0xC920,0xC0E0,0xD180,0xC920,0xB860,0xA840,0x9000,0x9000,0xA000,0xC0C0,0xC940,0xC920,
    0xC900,0xB8A0,0xB040,0xC960,0xEA80,0xEA60,0xD9C0,0xD9A0,0xD180,0xD1A0,0xC0C0,0xB860,
    0xC0C0,0xC920,0xD160,0xB8A0,0xC920,0xC0E0,0xC920,0xD180,0xC960,0xC100,0xC920,0xC100,
    0xC0C0,0xC0E0,0xB880,0xC0C0,0xC0C0,0xB040,0xA800,0xB8A0,0xD160,0xE220,0xD9C0,0xC920,
    0xB8A0,0xB060,0xB880,0xC900,0xD180,0xD9A0,0xF2C0,0xE200,0xC920,0xB880,0xC940,0xE220,
    0xE220,0xC0E0,0xB880,0xD1A0,0xC920,0xB880,0xB060,0xB040,0xB020,0xB040,0xB860,0xD180,
    0xC940,0xB880,0xB8A0,0xC100,0xC0C0,0xC0A0,0xC940,0xC940,0xC0C0,0xC100,0xD180,0xC940,
    0xC900,0xC920,0xB880,0xB880,0xC940,0xD160,0xC940,0xB040,0xB040,0xB040,0xC0C0,0xD9E0,
    0xEA80,0xE200,0xD1A0,0xC920,0xB880,0xB860,0xC0E0,0xC940,0xD1A0,0xC920,0xB880,0xB880,
    0xC0C0,0xB860,0xB040,0xB880,0xC0E0,0xC0C0,0xB880,0xA800,0xB860,0xB040,0xB8A0,0xC0E0,
    0xB040,0xB860,0xC100,0xD9C0,0xEA60,0xEA80,0xD9C0,0xC0E0,0xC0A0,0xC0E0,0xC940,0xD1A0,
    0xD1A0,0xDA00,0xEA80,0xEA80,0xE240,0xD1A0,0xB8A0,0xC100,0xD180,0xE220,0xEAA0,0xE240,
    0xD180,0xC920,0xD160,0xD180,0xD9C0,0xE240,0xEA80,0xEA80,0xD9C0,0xDA00,0xD160,0xC900,
    0xD160,0xD180,0xD9E0,0xD9C0,0xC920,0xC940,0xE240,0xEA60,0xD9C0,0xB880,0xB860,0xC0E0,
    0xD180,0xC920,0xC0C0,0xC920,0xD180,0xD140,0xD9E0,0xE200,0xD160,0xD160,0xC920,0xD180,
    0xE240,0xE200,0xD160,0xD9A0,0xE220,0xD1A0,0xC0E0,0xB880,0xC0C0,0xC940,0xD180,0xC0C0,
    0xD1A0,0xD160,0xB040,0xA800,0xB860,0xB860,0xB020,0xA000,0xA000,0xA000,0xA000,0xA000,
    0xA000,0xB040,0xA800,0xA000,0xA000,0xB8A0,0xB8A0,0xB8A0,0xC940,0xD180,0xD180,0xD1A0,
    0xD160,0xD1A0,0xC920,0xB880,0xC900,0xC940,0xD160,0xC940,0xC0E0,0xC900,0xD180,0xD1A0,
    0xD9E0,0xDA00,0xD1A0,0xC920,0xC920,0xC0E0,0xC0C0,0xB8A0,0xB880,0xC920,0xD160,0xC0A0,
    0xB8A0,0xD180,0xD160,0xC920,0xB8A0,0xB020,0xA800,0xB8A0,0xB040,0xB060,0xC940,0xC900,
    0xB8A0,0xC940,0xE200,0xFB20,0xEAA0,0xD9C0,0xD9C0,0xC0E0,0xB880,0xC920,0xD9E0,0xE220,
    0xD140,0xB860,0xA800,0xA800,0xA800,0xB060,0xC940,0xE220,0xD9E0,0xE220,0xD9A0,0xD160,
    0xC0C0,0xB020,0xB8A0,0xC0E0,0xD9C0,0xD180,0xC0A0,0xC920,0xE200,0xD160,0xB8A0,0xB880,
    0xC900,0xD160,0xC900,0xB060,0xB860,0xB880,0xC0E0,0xB8A0,0xA000,0x9800,0xA800,0xC0A0,
    0xC940,0xC940,0xC940,0xC100,0xB060,0xB040,0xB060,0xB8A0,0xC900,0xC900,0xC920,0xC0A0,
    0xC920,0xC960,0xC0C0,0xB880,0xB860,0xC100,0xD9C0,0xD180,0xD9E0,0xD9E0,0xC920,0xC0E0,
    0xB020,0xC0E0,0xD9C0,0xE220,0xB060,0xA000,0xB020,0xB040,0xB8A0,0xD9E0,0xE240,0xD140,
    0xB880,0xC900,0xB880,0xC0C0,0xD9A0,0xE220,0xD9E0,0xD1A0,0xE220,0xC940,0xC920,0xD9C0,
    0xE220,0xEA60,0xE200,0xD9E0,0xD140,0xB880,0xB040,0xDA00,0xD9E0,0xD180,0xE220,0xC940,
    0xC900,0xC900,0xD1A0,0xD9C0,0xD9E0,0xB880,0xB8A0,0xC0C0,0xC0E0,0xC0E0,0xC920,0xD180,
    0xD9C0,0xE240,0xD9E0,0xD9A0,0xC100,0xA820,0xA800,0xC0E0,0xC900,0xB860,0xB060,0xB020,
    0xA800,0xC900,0xD9A0,0xE220,0xD9E0,0xB8A0,0xA800,0xA820,0xB040,0xA800,0xB060,0xB8C0,
    0xA840,0xB040,0xC0E0,0xA000,0x9000,0xA820,0xB020,0xB880,0xD9E0,0xE220,0xC940,0xC940,
    0xC0C0,0xB020,0xA000,0x9800,0xA860,0xC920,0x9800,0x9000,0xB060,0xC900,0xC100,0xC940,
    0xC940,0xB860,0xB020,0xB860,0xB040,0xA000,0xB040,0xB060,0xB880,0xA800,0xB8A0,0xB8C0,
    0xB040,0xB860,0xD160,0xE220,0xD1A0,0xC900,0xC940,0xDA00,0xE200,0xD9C0,0xB060,0xA820,
    0xC0C0,0xC100,0xB060,0xB020,0xC0E0,0xD180,0xD1A0,0xD140,0xC0E0,0xC940,0xD9C0,0xC940,
    0xC100,0xD160,0xC900,0xC900,0xC0A0,0xB880,0xB8A0,0xEA80,0xEAA0,0xD1A0,0xD180,0xD180,
    0xC920,0xD9C0,0xE220,0xE200,0xC900,0xC0E0,0xC920,0xC920,0xC900,0xC0E0,0xC900,0xD160,
    0xD1A0,0xD180,0xD180,0xD1A0,0xD180,0xC900,0xC0E0,0xC100,0xC900,0xB8A0,0xA800,0xA800,
    0xC0E0,0xC0A0,0xB860,0xC900,0xC100,0xC940,0xD1A0,0xD9E0,0xD9A0,0xC940,0xB880,0xC0E0,
    0xB040,0xA000,0xB020,0xB020,0xA800,0xA800,0xA000,0xA820,0xB880,0xC0C0,0xC0E0,0xD9A0,
    0xD9E0,0xD180,0xC0C0,0xA020,0x9800,0xB060,0xC0C0,0xC0E0,0xC920,0xC0C0,0xC100,0xD160,
    0xD9C0,0xD9C0,0xD180,0xD9A0,0xF300,0xEA80,0xD1A0,0xB880,0xB040,0xB060,0xC940,0xC920,
    0xC920,0xD160,0xC940,0xC0E0,0xC0A0,0xC940,0xE220,0xD9E0,0xC940,0xA800,0xA000,0xB040,
    0xC920,0xC100,0xA800,0xB880,0xD160,0xE220,0xEA60,0xC920,0xA000,0xC0E0,0xF2C0,0xEA80,
    0xD9C0,0xC960,0xD180,0xD9C0,0xC0E0,0xC0E0,0xB8A0,0xE200,0xF2C0,0xD160,0xB8A0,0xD180,
    0xC920,0xC900,0xD9C0,0xD180,0xC0E0,0xB040,0xB020,0xB040,0xC0C0,0xD1A0,0xC0E0,0xB880,
    0xB880,0xC0C0,0xD140,0xD180,0xD180,0xD180,0xC0E0,0xD160,0xE200,0xD180,0xC0C0,0xD180,
    0xC0E0,0xB040,0xB040,0xA800,0xB040,0xA800,0xB040,0xD180,0xE240,0xD9C0,0xC960,0xC0E0,
    0xC0E0,0xD1A0,0xC920,0xC0E0,0xD160,0xC0E0,0xB8A0,0xB8A0,0xB060,0xB8A0,0xC920,0xC920,
    0xE220,0xD9A0,0xC0C0,0xB880,0xB860,0xB000,0xB020,0xB040,0xB020,0xC100,0xC920,0xC920,
    0xD9A0,0xD160,0xC100,0xD180,0xD9E0,0xD9E0,0xD180,0xC940,0xD160,0xD180,0xD1A0,0xD180,
    0xC920,0xC900,0xC100,0xC0E0,0xD160,0xD9E0,0xD9C0,0xD9C0,0xE200,0xE220,0xE220,0xE200,
    0xE240,0xEA80,0xEAA0,0xEA80,0xD9E0,0xE220,0xEAA0,0xF2C0,0xF2C0,0xF2C0,0xEA80,0xD9C0,
    0xC920,0xC0E0,0xC900,0xC940,0xD160,0xD180,0xD160,0xC0C0,0xC0C0,0xB8A0,0xB880,0xC0A0,
    0xC100,0xD160,0xE240,0xE240,0xD1A0,0xC100,0xB880,0xC900,0xD9C0,0xD180,0xC920,0xC0C0,
    0xD9E0,0xEA60,0xDA00,0xD1A0,0xC940,0xD180,0xD1A0,0xC940,0xD180,0xD160,0xC920,0xB880,
    0xB040,0xA800,0xA800,0xA800,0xA800,0xA000,0xA800,0xA800,0xA000,0xA800,0xB040,0xB060,
    0xB8A0,0xB880,0xA800,0xA800,0xB880,0xC920,0xC960,0xC940,0xD180,0xD180,0xC920,0xC920,
    0xD1A0,0xD9C0,0xD9A0,0xD160,0xC100,0xC940,0xD180,0xC940,0xC940,0xD9E0,0xD9C0,0xD160,
    0xC0E0,0xC100,0xB8A0,0xB880,0xC940,0xD1A0,0xDA00,0xD180,0xD160,0xC900,0xB880,0xB8A0,
    0xB860,0xB860,0xA800,0xA820,0xB860,0xC0C0,0xE240,0xE240,0xD9A0,0xD1A0,0xFB00,0xFB00,
    0xD1A0,0xD160,0xC100,0xB040,0xB060,0xC0C0,0xE200,0xD1A0,0xC0C0,0xD180,0xB880,0xA800,
    0xB020,0xA800,0xC0E0,0xD160,0xC0E0,0xD160,0xD180,0xC0C0,0xB040,0xC920,0xD180,0xC100,
    0xD180,0xC940,0xC0E0,0xD1A0,0xD1A0,0xC0E0,0xB8A0,0xC0C0,0xC920,0xE240,0xF2A0,0xD9E0,
    0xC900,0xB880,0xB860,0xB020,0xA000,0x9800,0xA800,0xA800,0xB020,0xD140,0xD9C0,0xC100,
    0xB020,0xA800,0xA820,0xC0C0,0xC920,0xC920,0xC0E0,0xC920,0xB880,0xB040,0xB880,0xD160,
    0xD9E0,0xD9E0,0xC900,0xC900,0xC920,0xC900,0xB860,0xA820,0xA800,0xC0E0,0xD180,0xD180,
    0xA840,0xA820,0xB880,0xB060,0xA800,0xC900,0xD9C0,0xDA00,0xD160,0xB880,0xB880,0xB880,
    0xB880,0xC920,0xD1A0,0xC920,0xC0E0,0xC920,0xC0E0,0xC0C0,0xC0E0,0xD1A0,0xD180,0xD9C0,
    0xF2C0,0xE200,0xD160,0xD9E0,0xE220,0xC0E0,0xC900,0xC0C0,0xC0C0,0xD1A0,0xE200,0xD9C0,
    0xD9C0,0xC900,0xB8A0,0xC0C0,0xC0C0,0xC0E0,0xD160,0xD180,0xD1A0,0xEA80,0xF2E0,0xEA60,
    0xE220,0xD1A0,0xB880,0xC0C0,0xD9C0,0xC920,0xC900,0xB860,0xC900,0xF2C0,0xF2C0,0xC920,
    0xB040,0xB040,0xB8A0,0xC0E0,0xA820,0xB8A0,0xC8E0,0xF300,0xD9E0,0xC940,0xD160,0xB060,
    0xA020,0xA820,0xA820,0x9800,0xB040,0xC0E0,0xC0C0,0xB020,0xA800,0xA000,0x9000,0x9000,
    0xA820,0xA840,0x9000,0xA000,0xA820,0xB880,0xC0C0,0xA800,0xB880,0xB8A0,0xB880,0xB8A0,
    0xA820,0x9800,0xC0C0,0xA800,0xB040,0xC900,0xD160,0xB880,0xB860,0xA000,0x9800,0xC920,
    0xD160,0xC0E0,0xC920,0xD9C0,0xEA80,0xD9E0,0xB060,0xA800,0xB020,0xB880,0xC0C0,0xC100,
    0xD180,0xE220,0xC940,0xB040,0xB020,0xC0C0,0xC940,0xC920,0xC920,0xD180,0xC0E0,0xA800,
    0xB020,0xA800,0xB880,0xE200,0xE220,0xD9E0,0xD160,0xC920,0xC920,0xC940,0xC940,0xC920,
    0xC0A0,0xC0E0,0xC960,0xD180,0xC940,0xC0E0,0xC900,0xC0C0,0xB880,0xB880,0xB860,0xC0E0,
    0xC960,0xC100,0xC0E0,0xD180,0xD160,0xC920,0xC100,0xB880,0xB040,0xB860,0xC0E0,0xD160,
    0xC0E0,0xC100,0xC940,0xD9E0,0xE200,0xD9C0,0xD160,0xD160,0xB880,0xA000,0xB040,0xB860,
    0xB8A0,0xB040,0xA000,0x9800,0x9000,0xA000,0xB040,0xC0E0,0xD1A0,0xE200,0xE240,0xC920,
    0xC0C0,0xB880,0xA800,0xB880,0xC920,0xC0C0,0xB880,0xB8A0,0xB060,0xB880,0xC0E0,0xC940,
    0xEA60,0xE220,0xC940,0xB060,0xC0E0,0xC100,0xD160,0xD180,0xC920,0xC0E0,0xC960,0xD9E0,
    0xC920,0xC100,0xC0E0,0xC0C0,0xB040,0xA000,0xA820,0xC920,0xD180,0xD140,0xB8A0,0xC0E0,
    0xE200,0xEA60,0xD9E0,0xB8C0,0x9800,0xB8A0,0xF2E0,0xF2C0,0xEA80,0xE200,0xD1A0,0xD160,
    0xB860,0xB020,0xC0A0,0xB060,0xB040,0xB040,0xB040,0xC100,0xC0C0,0xB040,0xB040,0xB860,
    0xB040,0xB880,0xC0E0,0xB040,0xB880,0xC0E0,0xB8A0,0xB860,0xB880,0xB840,0xB860,0xD1A0,
    0xE240,0xE220,0xC0C0,0xB8A0,0xC940,0xC0E0,0xC0A0,0xD9C0,0xD9C0,0xC0C0,0xB8A0,0xB040,
    0xB020,0xB040,0xB880,0xC0C0,0xC0E0,0xC100,0xB880,0xC0E0,0xD180,0xD1A0,0xC0E0,0xB8A0,
    0xC0C0,0xB880,0xB860,0xB860,0xB8A0,0xD160,0xE240,0xEA80,0xE200,0xC940,0xC920,0xC900,
    0xC0E0,0xC0A0,0xB040,0xB040,0xC900,0xD9C0,0xD1A0,0xC0E0,0xB880,0xB020,0xC920,0xE220,
    0xEA60,0xD9C0,0xC920,0xC940,0xD160,0xC920,0xD9C0,0xE240,0xE220,0xDA00,0xC920,0xB020,
    0xB8A0,0xC0E0,0xC900,0xD160,0xD9C0,0xD9E0,0xD180,0xD9C0,0xE200,0xE240,0xEA60,0xDA00,
    0xD9A0,0xE220,0xEA80,0xF2A0,0xE220,0xE240,0xEA80,0xE220,0xD9C0,0xD9C0,0xC940,0xD180,
    0xD9E0,0xD1A0,0xE220,0xD9E0,0xC940,0xB860,0xB860,0xC0E0,0xC960,0xD160,0xD9C0,0xD160,
    0xC900,0xC900,0xC900,0xB8A0,0xB860,0xC0C0,0xE240,0xEA80,0xD160,0xD9A0,0xEA60,0xEA40,
    0xE240,0xD9E0,0xDA00,0xC940,0xC900,0xC920,0xB880,0xB860,0xB020,0xA800,0xA000,0xA800,
    0x9800,0xA820,0xB040,0xB040,0xB000,0xB020,0xB020,0xB880,0xC0C0,0xC0C0,0xA820,0xB040,
    0xC0C0,0xC8E0,0xB880,0xB040,0xC0E0,0xC940,0xD180,0xD160,0xE200,0xD9E0,0xD9E0,0xE240,
    0xD9E0,0xE220,0xD1A0,0xC960,0xD160,0xD9C0,0xD1A0,0xC900,0xB860,0xC900,0xD160,0xD140,
    0xDA00,0xD1A0,0xD1A0,0xEA80,0xD9E0,0xB860,0xB860,0xD180,0xC0C0,0xB880,0xB040,0xB040,
    0xB020,0xC940,0xF2E0,0xF2A0,0xD180,0xC0E0,0xD9C0,0xC100,0xB040,0xA800,0xA000,0xB060,
    0xC920,0xE200,0xE220,0xC0E0,0xB8A0,0xC900,0xA020,0xA000,0xC0C0,0xC940,0xD9A0,0xC100,
    0xC0C0,0xD1A0,0xD180,0xC0C0,0xB020,0xB880,0xC920,0xC920,0xD9A0,0xC900,0xB880,0xC920,
    0xD160,0xD160,0xC0E0,0xC900,0xD1A0,0xE240,0xE220,0xE200,0xD9A0,0xC920,0xC940,0xB060,
    0xA820,0xA020,0xA800,0xB880,0xB020,0xB040,0xB8A0,0xB880,0xB860,0xC920,0xD180,0xD180,
    0xD9C0,0xD9E0,0xE240,0xEA60,0xD160,0xB8A0,0xB040,0xC0C0,0xEA40,0xFB80,0xEAA0,0xC900,
    0xC0C0,0xC900,0xD160,0xC920,0xC0E0,0xC920,0xB8A0,0xC0E0,0xC0E0,0xC100,0xD180,0xC0C0,
    0xB860,0xC900,0xE200,0xE240,0xE200,0xD9C0,0xD180,0xC960,0xC920,0xC0C0,0xC0E0,0xC900,
    0xC0C0,0xC0E0,0xC920,0xC0E0,0xC900,0xC940,0xD160,0xC940,0xD9E0,0xE200,0xD9C0,0xC940,
    0xB020,0xC0E0,0xC940,0xC0E0,0xC940,0xEA60,0xD9A0,0xB8A0,0xC0C0,0xD140,0xC0C0,0xB860,
    0xB8A0,0xC0A0,0xC100,0xC920,0xC0E0,0xE200,0xF2C0,0xE220,0xD180,0xD9E0,0xD9C0,0xC0C0,
    0xD180,0xB8A0,0xC100,0xC940,0xB060,0xD140,0xD9C0,0xC0E0,0xC920,0xC900,0xB040,0xB020,
    0xB880,0xF2C0,0xD9E0,0xE200,0xE240,0xEAA0,0xE240,0xC920,0xB8A0,0xA800,0x9800,0x9800,
    0xB020,0xC920,0xB8A0,0xB040,0xA800,0x9800,0x9000,0x9800,0xA820,0xA000,0x9800,0x9800,
    0xA800,0xB040,0xC100,0xB880,0xB880,0xC0E0,0xC920,0xD180,0xB8A0,0xB080,0xC920,0xC0E0,
    0xC920,0xD180,0xE200,0xE240,0xC900,0xA000,0xA820,0xB8A0,0xB880,0xB060,0xB020,0xB040,
    0xC0C0,0xC100,0xB060,0xA820,0xA800,0xC0C0,0xD9E0,0xD9E0,0xD9C0,0xD9A0,0xC0E0,0xA820,
    0xB880,0xD9E0,0xF2C0,0xD9E0,0xC900,0xB8A0,0xB880,0xC0E0,0xD160,0xD9A0,0xD9C0,0xC940,
    0xD9C0,0xD9E0,0xD180,0xD1A0,0xD180,0xD160,0xD160,0xD9E0,0xD180,0xC940,0xC940,0xC0E0,
    0xB040,0xB000,0xA820,0xB040,0xB860,0xC900,0xD180,0xE220,0xE220,0xD180,0xD180,0xD9C0,
    0xD180,0xD1A0,0xE220,0xD9C0,0xC0E0,0xC100,0xC920,0xC920,0xC0C0,0xB020,0xA800,0xA800,
    0xB880,0xB880,0xB860,0xC900,0xD1A0,0xB8A0,0xA800,0xA800,0xB8A0,0xC0E0,0xB880,0xC0E0,
    0xB8A0,0xB040,0xB020,0xB040,0xC0E0,0xD180,0xD9C0,0xC920,0xD9E0,0xEA60,0xC0E0,0xA800,
    0xB060,0xB880,0xC0C0,0xC920,0xB860,0xB040,0xC0C0,0xD9A0,0xD9A0,0xC0E0,0xC920,0xC0C0,
    0xC0C0,0xC0C0,0xB860,0xB040,0xB020,0xB020,0xB8A0,0xC900,0xC0C0,0xB880,0xB860,0xB8A0,
    0xB880,0xA800,0xA820,0xC0E0,0xC0E0,0xC0E0,0xC0E0,0xB880,0xC0C0,0xC940,0xC0E0,0xC900,
    0xA800,0xB020,0xC920,0xD1A0,0xD180,0xD160,0xC920,0xC0E0,0xD9C0,0xC100,0xA800,0xB020,
    0xB880,0xD160,0xC0C0,0xB040,0xB8A0,0xC900,0xB020,0xA000,0xA000,0xB040,0xC0A0,0xC0C0,
    0xC0E0,0xC0E0,0xB8A0,0xC0C0,0xC0C0,0xB880,0xB060,0xC100,0xD180,0xD1A0,0xC100,0xC8E0,
    0xC940,0xC920,0xEAA0,0xF300,0xE240,0xD160,0xC0C0,0xC0E0,0xC940,0xB8A0,0xC900,0xD160,
    0xC0C0,0xB860,0xB880,0xC0E0,0xC940,0xC0E0,0xC0C0,0xB8A0,0xB860,0xB020,0xB020,0xB860,
    0xC0E0,0xD9A0,0xE200,0xEA60,0xEA60,0xC0C0,0xB880,0xC0E0,0xC0E0,0xC0C0,0xB020,0xA800,
    0xC0C0,0xC940,0xC940,0xC0E0,0xB040,0xB020,0xC0E0,0xD1A0,0xD180,0xD160,0xC0E0,0xC900,
    0xC940,0xC940,0xC100,0xD180,0xC940,0xC0E0,0xB8A0,0xC0A0,0xC0E0,0xC940,0xC960,0xC940,
    0xD1A0,0xD160,0xC920,0xC940,0xD9C0,0xE240,0xEA60,0xD160,0xC900,0xDA00,0xE200,0xEA80,
    0xEA60,0xD9C0,0xD160,0xC940,0xE220,0xF2C0,0xEA60,0xEA60,0xEA80,0xE220,0xEA80,0xFB40,
    0xEAA0,0xD9E0,0xE200,0xD9E0,0xE220,0xEA40,0xE220,0xD140,0xB880,0xC0C0,0xD160,0xD9C0,
    0xD180,0xB8A0,0xD9A0,0xF2A0,0xD9C0,0xC900,0xD1A0,0xD9E0,0xD9C0,0xD1A0,0xD9C0,0xD9C0,
    0xC920,0xC0E0,0xB860,0xB840,0xB880,0xB040,0xA000,0xA000,0xB060,0xD9C0,0xE200,0xC940,
    0xB040,0xA000,0xA800,0xA800,0xB040,0xB880,0xB8A0,0xB8A0,0xC940,0xD180,0xC900,0xB020,
    0xA820,0xC0E0,0xD160,0xD1A0,0xD9C0,0xD1A0,0xD140,0xD9E0,0xD180,0xD9A0,0xC940,0xC0A0,
    0xC900,0xD1A0,0xD9E0,0xD160,0xD9E0,0xD9C0,0xD9C0,0xD9C0,0xD180,0xD180,0xC940,0xD9C0,
    0xC0C0,0xA800,0xC0C0,0xC0C0,0xB880,0xB040,0xB880,0xB060,0xA800,0xC0C0,0xE220,0xE200,
    0xD160,0xC0C0,0xC0C0,0xB060,0xA800,0xA800,0xB040,0xC0E0,0xF300,0xF2E0,0xC900,0xB860,
    0xC0A0,0xA820,0xA820,0xC900,0xD9E0,0xE240,0xC920,0xB860,0xD180,0xD1A0,0xDA00,0xE220,
    0xD180,0xC900,0xC0E0,0xC0E0,0xD9E0,0xC960,0xC0E0,0xC100,0xD160,0xD180,0xC900,0xC960,
    0xE240,0xD9E0,0xD180,0xD9E0,0xD160,0xC900,0xD180,0xC0C0,0xB880,0xC920,0xC100,0xB8A0,
    0xB040,0xA000,0xA000,0xB8A0,0xC0C0,0xC920,0xD180,0xD160,0xD9C0,0xDA00,0xEAE0,0xFB80,
    0xE200,0xC940,0xC100,0xC920,0xB020,0xC0C0,0xC940,0xC0C0,0xC900,0xD1A0,0xD9E0,0xE220,
    0xDA00,0xD180,0xB880,0xB040,0xC0C0,0xC100,0xC0C0,0xB020,0xA820,0xC0E0,0xE200,0xE200,
    0xEA60,0xFB00,0xD9C0,0xD9C0,0xDA00,0xD9C0,0xD1A0,0xD180,0xD9E0,0xC900,0xC100,0xC920,
    0xC0A0,0xC900,0xD160,0xC920,0xC940,0xD1A0,0xC0E0,0xC920,0xC0E0,0xD9C0,0xD9E0,0xD9C0,
    0xD9C0,0xF2C0,0xE200,0xE220,0xD9C0,0xDA00,0xD9E0,0xC100,0xC900,0xD1A0,0xC0C0,0xB040,
    0xB880,0xC100,0xC940,0xC0E0,0xC100,0xC940,0xD9E0,0xE200,0xD180,0xB880,0xC0C0,0xD160,
    0xB040,0xC0C0,0xD180,0xD9A0,0xEA80,0xD9C0,0xB8A0,0xC0E0,0xD160,0xD9E0,0xE220,0xD1A0,
    0xD9A0,0xE260,0xEAA0,0xE240,0xD180,0xB860,0xB060,0xC0C0,0xD160,0xD1A0,0xC940,0xB880,
    0xA800,0xA000,0x9800,0x9800,0x9000,0x9800,0xA000,0xA800,0xB040,0xC0C0,0xC0C0,0xC0C0,
    0xC100,0xB880,0xC0C0,0xC960,0xD1A0,0xE240,0xD180,0xB880,0xB020,0xB8A0,0xD9C0,0xEA80,
    0xC0C0,0xB8A0,0xD1A0,0xE240,0xD1A0,0xC100,0xC920,0xC900,0xC900,0xB880,0xA800,0xA800,
    0xB020,0xC900,0xD1A0,0xE200,0xD9C0,0xC940,0xB860,0xB040,0xC920,0xE220,0xDA00,0xD1A0,
    0xC920,0xC940,0xC940,0xC940,0xD180,0xD1A0,0xC0E0,0xD160,0xE200,0xD1A0,0xC920,0xC100,
    0xC940,0xD180,0xD180,0xD180,0xD180,0xD160,0xC920,0xC900,0xC940,0xC920,0xC920,0xC900,
    0xC0C0,0xD180,0xD9C0,0xC940,0xC900,0xB8A0,0xD160,0xE240,0xEA80,0xFC00,0xFBA0,0xE200,
    0xC0E0,0xC0E0,0xC0E0,0xC0C0,0xC0C0,0xB8A0,0xB880,0xB060,0xA800,0xB040,0xA800,0xC0E0,
    0xD9C0,0xC940,0xB040,0xA800,0xB860,0xC0C0,0xB8A0,0xC920,0xD9E0,0xD9C0,0xC0E0,0xC0E0,
    0xC940,0xC0E0,0xB880,0xD180,0xD9C0,0xD160,0xC900,0xB020,0xA800,0xA800,0xB040,0xB880,
    0xB040,0xA820,0xC0A0,0xD9C0,0xE200,0xD180,0xC920,0xC940,0xD160,0xB8A0,0xB860,0xB8A0,
    0xB880,0xB860,0xB060,0xB8A0,0xB8A0,0xC0E0,0xC940,0xC940,0xB8A0,0xB040,0xB060,0xB040,
    0xB8A0,0xB8A0,0xB880,0xA000,0x9800,0xA000,0x9800,0xB040,0xC0C0,0xA800,0xB8A0,0xC0C0,
    0xC940,0xC940,0xB8A0,0xC940,0xD9C0,0xD180,0xC0C0,0xC0C0,0xC900,0xC920,0xD1A0,0xD9E0,
    0xD9C0,0xD9E0,0xC0C0,0xA820,0xB060,0xC940,0xC0E0,0xC0C0,0xC940,0xD1A0,0xC960,0xC900,
    0xD180,0xC920,0xC0A0,0xC0C0,0xB060,0xB860,0xE240,0xFC22,0xF320,0xF2A0,0xFC22,0xEAC0,
    0xC920,0xC100,0xC0C0,0xC0E0,0xC940,0xE200,0xE240,0xD9E0,0xC100,0xC0E0,0xC0E0,0xC100,
    0xC900,0xD180,0xC940,0xA820,0xA800,0xA800,0xB060,0xB880,0xB8A0,0xC940,0xB8A0,0xC920,
    0xE220,0xD160,0xB860,0xB040,0xB040,0xB880,0xB880,0xC940,0xB8A0,0xB860,0xB880,0xB8A0,
    0xB020,0xB040,0xB880,0xC940,0xC100,0xC920,0xC940,0xC0A0,0xC900,0xC920,0xB020,0xA800,
    0xA800,0xB020,0xB020,0xB860,0xC920,0xD180,0xD160,0xDA00,0xEA80,0xEA80,0xE240,0xDA00,
    0xDA00,0xE220,0xD9E0,0xD140,0xC900,0xD180,0xD180,0xE240,0xFC00,0xFBC0,0xF2E0,0xD160,
    0xC940,0xE220,0xEA60,0xE240,0xEAA0,0xF2C0,0xEA80,0xF2E0,0xFC00,0xFBC0,0xFB20,0xF2E0,
    0xEAA0,0xEA60,0xE220,0xE200,0xD9E0,0xD9A0,0xC940,0xD180,0xD9C0,0xC920,0xB8A0,0xC900,
    0xE220,0xE240,0xE220,0xDA00,0xC920,0xC920,0xD9C0,0xEA60,0xE220,0xD9C0,0xC0E0,0xB880,
    0xB880,0xB860,0xA800,0xA000,0xB040,0xD180,0xEAA0,0xC900,0xA800,0xA000,0xA800,0xA800,
    0xB060,0xB020,0xB020,0xB040,0xC0E0,0xC900,0xB880,0xB020,0xB880,0xC0C0,0xC0C0,0xC940,
    0xC920,0xC920,0xD180,0xD9A0,0xD1A0,0xC940,0xC100,0xC0C0,0xC0C0,0xD160,0xD1A0,0xE200,
    0xF300,0xD1A0,0xC940,0xE220,0xD9C0,0xC920,0xC900,0xB060,0xA800,0xC0C0,0xB060,0xB040,
    0xB860,0xA800,0x9800,0x9800,0xA000,0xB040,0xD160,0xD180,0xC100,0xC920,0xB880,0xC920,
    0xC100,0xB8A0,0xB040,0xD180,0xFB20,0xD9C0,0xB8A0,0xC0E0,0xC0C0,0xB020,0xC0A0,0xD1A0,
    0xEA80,0xEA60,0xC0E0,0xC100,0xD1A0,0xE220,0xEA80,0xEA80,0xD180,0xC0C0,0xA800,0xB880,
    0xD180,0xC920,0xC900,0xC920,0xD140,0xC900,0xD180,0xD1A0,0xD160,0xD9E0,0xE200,0xD9C0,
    0xC940,0xC920,0xE200,0xD160,0xB060,0xC940,0xD180,0xC940,0xC920,0xC0C0,0xA800,0xA820,
    0xC0C0,0xC0C0,0xC900,0xC920,0xC0A0,0xC0E0,0xD160,0xC940,0xC960,0xC920,0xA800,0xC0E0,
    0xC0E0,0xB880,0xC0C0,0xC100,0xC920,0xD1A0,0xE200,0xE200,0xE220,0xDA00,0xD9C0,0xD180,
    0xC0E0,0xD1A0,0xC940,0xB040,0xA800,0xB880,0xB8A0,0xB880,0xC100,0xEA60,0xD9E0,0xC940,
    0xD9C0,0xD9C0,0xD9E0,0xC0E0,0xC940,0xD160,0xDA00,0xE240,0xC0E0,0xB040,0xD9E0,0xF2C0,
    0xE220,0xD1A0,0xC920,0xC900,0xC940,0xC0C0,0xC920,0xEAA0,0xE240,0xD9C0,0xD9C0,0xF2C0,
    0xFBC0,0xFB60,0xEA80,0xE240,0xD180,0xE220,0xD180,0xC100,0xB040,0xB020,0xD160,0xD9E0,
    0xC900,0xD9C0,0xEA60,0xDA00,0xD180,0xC920,0xC920,0xD1A0,0xC940,0xC0E0,0xD180,0xE200,
    0xE220,0xD9E0,0xC940,0xD9C0,0xD180,0xC0A0,0xC0C0,0xC940,0xB040,0xB000,0xC0C0,0xD180,
    0xC0E0,0xB040,0xD160,0xD9E0,0xC920,0xB060,0xB060,0xA000,0xA000,0xA000,0xA000,0x9800,
    0x9800,0xB880,0xC0C0,0xB040,0xA800,0xA820,0xA000,0xB8A0,0xB040,0x9800,0xB020,0xB040,
    0xC0C0,0xD1A0,0xC960,0xA820,0xA820,0xC920,0xE240,0xEAA0,0xD9A0,0xD160,0xD180,0xE220,
    0xD9E0,0xD9E0,0xD9E0,0xD9E0,0xD9E0,0xC940,0xB040,0xB020,0xB060,0xC940,0xD180,0xC940,
    0xC920,0xC100,0xB8A0,0xB880,0xC920,0xD180,0xD9E0,0xD9A0,0xC0C0,0xC920,0xC940,0xD140,
    0xC920,0xB880,0xB860,0xC0E0,0xC960,0xC940,0xC920,0xD180,0xD9E0,0xD1A0,0xD160,0xC940,
    0xD180,0xD9C0,0xD9A0,0xD9C0,0xDA00,0xE220,0xD9E0,0xD9C0,0xEA60,0xE220,0xD160,0xB880,
    0xC0E0,0xD180,0xD9E0,0xEA60,0xEA80,0xEAA0,0xF2E0,0xEA60,0xB880,0xB060,0xC0C0,0xB880,
    0xC900,0xE220,0xE200,0xD180,0xA820,0xA800,0xA800,0xB880,0xC920,0xC0E0,0xC0C0,0xB880,
    0xB860,0xB880,0xB860,0xB040,0xB8A0,0xC940,0xB8A0,0xC0E0,0xD140,0xC900,0xC900,0xD1A0,
    0xC900,0xA800,0xC0E0,0xD180,0xB880,0xB880,0xC0C0,0xB040,0xB040,0xA800,0xC900,0xEA60,
    0xF300,0xF2C0,0xEA60,0xD9C0,0xE260,0xD160,0xB880,0xC0A0,0xC0C0,0xB8A0,0xB860,0xB040,
    0xB040,0xB860,0xC900,0xE220,0xE220,0xD9C0,0xD160,0xB8A0,0xC920,0xB8A0,0xB880,0xA840,
    0xA820,0xB040,0xA000,0xA800,0xB880,0xA000,0xA000,0xA800,0xC0C0,0xC940,0xC100,0xC0E0,
    0xB040,0xB880,0xC0C0,0xC920,0xB040,0xB8A0,0xD9C0,0xEA60,0xD9E0,0xD9C0,0xC940,0xB8A0,
    0xB8A0,0xEA60,0xE200,0xD9A0,0xD1A0,0xD9E0,0xD180,0xD180,0xD9E0,0xC940,0xB040,0xC0A0,
    0xB8A0,0xC0A0,0xE200,0xFCA4,0xFCC5,0xFCA4,0xFB60,0xD980,0xC0E0,0xD180,0xD1A0,0xC900,
    0xD160,0xF2E0,0xEA80,0xE240,0xC940,0xC0C0,0xC0C0,0xC0A0,0xC920,0xC940,0xC0C0,0xA800,
    0xB000,0xB880,0xB880,0xB020,0xB020,0xB060,0xA800,0xC920,0xD9C0,0xC920,0xB020,0xA800,
    0xA800,0xB880,0xB8A0,0xC0C0,0xB880,0xA800,0xB020,0xB880,0xC0E0,0xC0C0,0xB8A0,0xB8A0,
    0xC0C0,0xB8A0,0xC0C0,0xB8A0,0xB040,0xB880,0xC0E0,0xB8A0,0xC0E0,0xC920,0xC0E0,0xD160,
    0xD180,0xC0E0,0xC0C0,0xC920,0xD1A0,0xEA80,0xF2A0,0xEA60,0xEA60,0xE220,0xD160,0xD9C0,
    0xD9C0,0xD180,0xD180,0xC920,0xEA60,0xFBA0,0xFBA0,0xF300,0xEA60,0xE200,0xD9C0,0xC940,
    0xD9C0,0xD1A0,0xD1A0,0xC940,0xD9E0,0xEAC0,0xF2C0,0xF2C0,0xF2A0,0xEAA0,0xE220,0xE240,
    0xFB40,0xF300,0xD9C0,0xE220,0xE240,0xC960,0xC900,0xC0E0,0xDA00,0xF2C0,0xEA80,0xD9C0,
    0xC0E0,0xC920,0xE200,0xE240,0xE220,0xD9C0,0xC900,0xB880,0xB860,0xB040,0xA800,0xB040,
    0xB880,0xB040,0xC900,0xB8A0,0xA800,0xA820,0xA800,0xA000,0xA800,0xA000,0x9800,0xA000,
    0xA800,0xA820,0x9800,0xA000,0xA000,0xA800,0xA800,0xB060,0xC0E0,0xC940,0xC920,0xD160,
    0xC920,0xB8A0,0xC920,0xC0E0,0xC920,0xC100,0xE240,0xFBC0,0xEA60,0xC920,0xD1A0,0xD9A0,
    0xC100,0xB060,0xB8A0,0xB040,0xB860,0xB8A0,0xA800,0x9800,0x9000,0xA000,0x9000,0x9800,
    0xA800,0xA800,0xB040,0xC0C0,0xC0C0,0xC100,0xB880,0xD160,0xE220,0xD180,0xC0A0,0xC920,
    0xD180,0xC900,0xC940,0xEA40,0xC0C0,0xB8C0,0xD180,0xEA60,0xEAA0,0xE220,0xD9E0,0xD1A0,
    0xB880,0xC100,0xD160,0xB8A0,0xB040,0xB860,0xB8A0,0xD160,0xC900,0xB8A0,0xC900,0xB8A0,
    0xB020,0xB040,0xB880,0xC0E0,0xC920,0xE220,0xE220,0xD1A0,0xC0E0,0xD180,0xEA60,0xE240,
    0xC0A0,0xB880,0xB8A0,0xB8A0,0xC100,0xC940,0xB040,0xB020,0xC0C0,0xC0E0,0xB860,0xB8A0,
    0xB860,0xB040,0xD180,0xE240,0xEA60,0xE220,0xD160,0xC0C0,0xC900,0xD180,0xD1A0,0xD9E0,
    0xD9C0,0xC0E0,0xC940,0xC940,0xC100,0xD9C0,0xE200,0xE200,0xE200,0xD9E0,0xD160,0xC0A0,
    0xB040,0xA820,0xA800,0xB880,0xC0C0,0xD160,0xD1A0,0xD180,0xC940,0xC100,0xC0C0,0xC0E0,
    0xB860,0xC0C0,0xD9E0,0xD160,0xB8A0,0xB060,0xE200,0xF2C0,0xEAA0,0xF320,0xF2E0,0xF2C0,
    0xEA60,0xEA60,0xE200,0xF300,0xFBC0,0xEAA0,0xE220,0xE220,0xE240,0xE240,0xD9E0,0xEA40,
    0xE240,0xEAA0,0xF2A0,0xD9E0,0xD9E0,0xE260,0xFB20,0xEA80,0xC940,0xDA00,0xF300,0xEA80,
    0xF2E0,0xC920,0xB880,0xC900,0xC920,0xB8A0,0xC0C0,0xD1A0,0xD9A0,0xC0E0,0xA820,0xB880,
    0xD9A0,0xD160,0xC0E0,0xC900,0xC0C0,0xB880,0xB060,0xC920,0xD9E0,0xDA00,0xE200,0xD9E0,
    0xC940,0xC0C0,0xC0C0,0xB020,0xB040,0xB040,0xA800,0x9000,0x9800,0xB060,0xC0C0,0xA820,
    0x9800,0xA000,0xA800,0xB880,0xA840,0x9000,0xA800,0xB880,0xB880,0xB8A0,0xC0C0,0xA840,
    0xA840,0xD180,0xEA60,0xE220,0xD9C0,0xD160,0xB880,0xB040,0xC0E0,0xD9C0,0xD9E0,0xC940,
    0xC0E0,0xB8A0,0xB020,0xB860,0xC0E0,0xC920,0xC0E0,0xC0C0,0xC100,0xE200,0xD9A0,0xB8A0,
    0xC0E0,0xC940,0xC940,0xB880,0xA000,0xA800,0xC0E0,0xDA00,0xE220,0xE240,0xD160,0xC0A0,
    0xC920,0xD180,0xD180,0xD9E0,0xE240,0xDA00,0xD160,0xD160,0xE220,0xE220,0xD9E0,0xD180,
    0xD180,0xC940,0xC0E0,0xD9A0,0xEA80,0xDA00,0xE220,0xD9C0,0xD180,0xEA80,0xFB40,0xFB00,
    0xE240,0xE240,0xEAA0,0xE220,0xB8A0,0xA800,0xB040,0xB880,0xC0C0,0xC940,0xD9E0,0xD160,
    0xB020,0xA800,0xB040,0xC0C0,0xC0E0,0xC0C0,0xB880,0xC900,0xC940,0xC0E0,0xC0C0,0xC0C0,
    0xB880,0xC0E0,0xD160,0xC920,0xB040,0xC0C0,0xC940,0xC900,0xB860,0xB020,0xB8A0,0xC100,
    0xB860,0xB880,0xC0E0,0xC920,0xC0C0,0xB040,0xB040,0xD1A0,0xD9C0,0xC920,0xC940,0xD160,
    0xC920,0xC0C0,0xC0C0,0xB040,0xB020,0xA800,0xA800,0xC920,0xC920,0xC0C0,0xB040,0xC920,
    0xFB20,0xEAA0,0xD1A0,0xC940,0xC940,0xC0C0,0xB860,0xB860,0xB040,0xC0E0,0xC920,0xD160,
    0xB060,0xB020,0xB040,0xB8A0,0xC0E0,0xB860,0xB860,0xB860,0xB880,0xD9E0,0xD1A0,0xD160,
    0xD160,0xC920,0xD9E0,0xE240,0xD9E0,0xD9C0,0xD180,0xD180,0xC900,0xD9C0,0xD9C0,0xD160,
    0xC100,0xD1A0,0xD180,0xC920,0xD9A0,0xD180,0xD160,0xD9C0,0xC920,0xC0E0,0xE200,0xF2C0,
    0xFC03,0xFCC7,0xFB60,0xEA80,0xE220,0xE220,0xD180,0xC920,0xD180,0xD9A0,0xF340,0xEAC0,
    0xD160,0xC920,0xC0C0,0xA800,0xA800,0xA820,0xA820,0xB020,0xB060,0xC920,0xC0E0,0xB040,
    0xA800,0xB040,0xC0C0,0xE220,0xE220,0xC0E0,0xB880,0x9800,0xA800,0xB020,0xA800,0xA800,
    0xB020,0xA800,0xB020,0xB8A0,0xD160,0xDA00,0xDA00,0xD160,0xC0C0,0xC920,0xC920,0xC920,
    0xB020,0xA800,0xB020,0xC0C0,0xD9E0,0xE220,0xEA60,0xEA40,0xC960,0xC920,0xD160,0xC940,
    0xD180,0xDA00,0xD9E0,0xD9C0,0xE200,0xD9A0,0xD9A0,0xE200,0xE200,0xD180,0xE220,0xE220,
    0xD9E0,0xEA80,0xF2E0,0xF2E0,0xEAA0,0xE200,0xD9C0,0xC100,0xB8A0,0xD140,0xB8C0,0xB040,
    0xB880,0xC940,0xDA00,0xEA60,0xEA60,0xEAA0,0xF300,0xF2A0,0xF2C0,0xEAA0,0xDA00,0xC940,
    0xD9C0,0xD180,0xD1A0,0xC920,0xD180,0xEA80,0xEA60,0xE220,0xC940,0xC900,0xD9C0,0xD1A0,
    0xD1A0,0xD180,0xC0C0,0xB040,0xC0E0,0xB8A0,0xC0A0,0xC0E0,0xC900,0xC960,0xB880,0xB860,
    0xB020,0xB040,0xA000,0xA800,0xA000,0xA000,0xA000,0xA000,0xA000,0x9800,0x9800,0x9800,
    0xA000,0xA800,0xB020,0xB8A0,0xC940,0xD180,0xC0E0,0xC0C0,0xB8A0,0xC0C0,0xC920,0xB860,
    0xB020,0xB880,0xD160,0xEAC0,0xD160,0xC0E0,0xC940,0xC900,0xA000,0x9000,0x9800,0xB020,
    0xC0C0,0xB8C0,0xB040,0x9800,0x9000,0x9800,0x9800,0x9800,0xA820,0xA000,0xB040,0xB8A0,
    0xB8A0,0xC0C0,0xC0E0,0xD180,0xD9A0,0xD180,0xC900,0xC0C0,0xD180,0xD9C0,0xD9E0,0xEA60,
    0xD9C0,0xE240,0xEAA0,0xEA60,0xE200,0xE220,0xE220,0xC920,0xA000,0xA800,0xA800,0xB040,
    0xC940,0xE240,0xEAA0,0xC0E0,0xA000,0xA800,0xB880,0xB880,0xB040,0xB040,0xB860,0xC100,
    0xD160,0xD160,0xD160,0xC0A0,0xC0C0,0xC920,0xD1A0,0xEA80,0xD160,0xB880,0xB860,0xC0C0,
    0xC920,0xC960,0xD180,0xD1A0,0xE200,0xD9A0,0xC920,0xC0E0,0xC0E0,0xC0C0,0xD180,0xF2C0,
    0xFB40,0xFC01,0xFBE0,0xFB00,0xE220,0xD9E0,0xD9A0,0xE220,0xE200,0xB860,0xB8A0,0xB880,
    0xB060,0xD160,0xC920,0xC100,0xC940,0xC960,0xD9A0,0xE240,0xD180,0xB060,0xB060,0xB880,
    0xA820,0xB040,0xB8A0,0xC900,0xC940,0xD1A0,0xC900,0xC900,0xB8A0,0xB020,0xC920,0xB860,
    0xA800,0xC940,0xE240,0xF300,0xF2C0,0xFB80,0xFB80,0xF2E0,0xFB00,0xFB20,0xE240,0xC940,
    0xE240,0xE220,0xD180,0xC100,0xC920,0xEAA0,0xFB20,0xF2C0,0xF2E0,0xEA80,0xF2A0,0xF2C0,
    0xFB40,0xF2E0,0xD9E0,0xD1A0,0xD160,0xC900,0xC920,0xE200,0xF2A0,0xB040,0xA800,0xA800,
    0xB8A0,0xB880,0xC940,0xD180,0xC100,0xD160,0xC100,0xC0E0,0xD1A0,0xD180,0xC0C0,0xC100,
    0xC940,0xD160,0xD180,0xDA00,0xE220,0xF340,0xE260,0xB880,0xB880,0xB880,0xB040,0xB060,
    0xB880,0xB020,0xA800,0x9800,0x9800,0x9800,0x9800,0xA000,0xA800,0xB020,0xA840,0x9800,
    0xA000,0x9800,0xB880,0xD9C0,0xB8A0,0xB860,0xB8A0,0xA840,0xC0C0,0xE240,0xFB60,0xC940,
    0xB8A0,0xC920,0xC0E0,0xC960,0xE200,0xEAA0,0xE220,0xD180,0xC0E0,0xC0C0,0xC0C0,0xB8A0,
    0xB880,0xB880,0xC0C0,0xC920,0xB880,0xC940,0xC920,0xC0C0,0xB880,0xB880,0xB060,0xA000,
    0xA820,0xB860,0xC920,0xFBC1,0xFB80,0xD9E0,0xC900,0xC920,0xD9A0,0xD160,0xB880,0xC0C0,
    0xD9C0,0xDA00,0xD9C0,0xD9C0,0xD9C0,0xD9E0,0xD9C0,0xC100,0xC0E0,0xC940,0xC0E0,0xD160,
    0xF2A0,0xE200,0xD9C0,0xC0C0,0xB040,0xD160,0xD9A0,0xC960,0xD1A0,0xEA80,0xFB20,0xF2A0,
    0xD180,0xB8A0,0xB020,0xB880,0xD9A0,0xD1A0,0xC920,0xC920,0xC0E0,0xB8A0,0xC100,0xD9E0,
    0xD180,0xC0E0,0xC0E0,0xC0E0,0xC940,0xC100,0xC100,0xC900,0xC0C0,0xB8A0,0xC0A0,0xC100,
    0xC940,0xB040,0xC920,0xD180,0xB880,0xA820,0xB060,0xB860,0xC100,0xC900,0xC100,0xE200,
    0xD180,0xC0C0,0xB040,0xA800,0xB040,0xB040,0xB880,0xC920,0xC920,0xC0C0,0xC900,0xD180,
    0xC0C0,0xC0C0,0xC0E0,0xD180,0xE220,0xD9E0,0xB880,0xB040,0xD180,0xE200,0xE220,0xD160,
    0xC0C0,0xB020,0xB020,0xB880,0xD160,0xD160,0xD180,0xD9E0,0xD9C0,0xC0C0,0xB8A0,0xD160,
    0xE240,0xC900,0xC100,0xC0E0,0xB040,0xB8C0,0xD9A0,0xD160,0xC940,0xD160,0xE220,0xE240,
    0xD9C0,0xC900,0xA820,0xC0C0,0xC100,0xC940,0xD9C0,0xD180,0xB860,0xC940,0xC920,0xB8A0,
    0xC920,0xC920,0xC920,0xD180,0xC100,0xC0C0,0xD9A0,0xE220,0xEA80,0xD9C0,0xC940,0xDA00,
    0xF2E0,0xE220,0xC940,0xC920,0xC940,0xC920,0xDA00,0xD9C0,0xC940,0xC0E0,0xC0E0,0xC920,
    0xC0C0,0xC0C0,0xB8A0,0xB880,0xC0C0,0xD180,0xD1A0,0xC0E0,0xA000,0xA000,0xB040,0xE220,
    0xE220,0xD9C0,0xC900,0x9800,0xA000,0xB8A0,0xB860,0xA800,0x9800,0x9800,0xA800,0xC0A0,
    0xC920,0xEA40,0xEA60,0xD9C0,0xD160,0xD180,0xD180,0xC100,0xA820,0xB040,0xB020,0xB860,
    0xC100,0xD9C0,0xE220,0xD9A0,0xC100,0xD1A0,0xD9E0,0xD9C0,0xE220,0xD9C0,0xC940,0xC940,
    0xC900,0xD140,0xD9E0,0xEAA0,0xF2E0,0xD9E0,0xD1A0,0xE240,0xE220,0xE240,0xEA60,0xEAA0,
    0xFB00,0xE260,0xD1A0,0xD9C0,0xC940,0xD9C0,0xC920,0xC0C0,0xC920,0xE200,0xE200,0xD180,
    0xD160,0xE220,0xEA60,0xE240,0xE220,0xEA60,0xE240,0xC0C0,0xD1A0,0xE220,0xE220,0xE220,
    0xD9E0,0xE200,0xD9C0,0xD9C0,0xEAA0,0xD9E0,0xD180,0xD9C0,0xD9C0,0xD180,0xC100,0xB060,
    0xC940,0xD9E0,0xC900,0xB8A0,0xC940,0xD160,0xC0C0,0xB020,0xB020,0xB020,0xA800,0xA800,
    0xA000,0xA800,0xB860,0xA800,0xA000,0x9800,0x9800,0xA000,0xA800,0xA800,0xB020,0xD160,
    0xC940,0xC920,0xB880,0xB020,0xB040,0xC0C0,0xC0C0,0xB040,0xA800,0xB000,0xB060,0xC0A0,
    0xC900,0xB8A0,0xB8C0,0xD140,0xA000,0xA840,0xB080,0xA800,0xB860,0xC900,0xC0C0,0xA000,
    0x9800,0xA820,0xA820,0xA800,0xB000,0x9800,0xB040,0xB860,0xB8A0,0xC0E0,0xC920,0xE220,
    0xE220,0xD180,0xD160,0xD160,0xD9C0,0xE240,0xEA80,0xEA60,0xE220,0xE260,0xE240,0xD160,
    0xC0E0,0xD1A0,0xD9A0,0xC940,0xC920,0xC0C0,0xB020,0xB8A0,0xE240,0xFBA0,0xEAC0,0xB040,
    0x9000,0xA000,0xC0C0,0xC940,0xC100,0xB8A0,0xB880,0xC0E0,0xD180,0xE200,0xD180,0xB880,
    0xB860,0xB8A0,0xD9C0,0xEA80,0xD180,0xC0A0,0xB860,0xC0E0,0xC940,0xB8A0,0xC100,0xD9C0,
    0xEA80,0xEAA0,0xFB40,0xF2A0,0xD9A0,0xE200,0xEA80,0xEA40,0xF300,0xFBE1,0xFBE0,0xFBA0,
    0xEA60,0xD180,0xC0E0,0xC0A0,0xB060,0xB880,0xC940,0xD180,0xD180,0xC940,0xC900,0xC900,
    0xC0A0,0xC940,0xD1A0,0xE200,0xD180,0xC0C0,0xB880,0xA820,0xA000,0xA820,0xA800,0xB020,
    0xB880,0xC940,0xC920,0xC940,0xC0E0,0xB880,0xC0E0,0xD180,0xB860,0xB880,0xE220,0xF300,
    0xFB20,0xE200,0xD180,0xE200,0xEA80,0xD9A0,0xC940,0xB040,0xB880,0xC900,0xC0E0,0xD9C0,
    0xE200,0xEA80,0xF2C0,0xEA80,0xE200,0xE220,0xD9C0,0xE220,0xC100,0xB040,0xB840,0xB860,
    0xA840,0x9800,0xB880,0xEAC0,0xEA60,0xB020,0xA800,0xA000,0xA820,0xC0E0,0xE200,0xE200,
    0xC920,0xC0E0,0xC0E0,0xC920,0xD9E0,0xEA60,0xD9E0,0xB060,0xC0A0,0xD160,0xD180,0xDA00,
    0xC940,0xD160,0xC0E0,0xA000,0xB040,0xC0C0,0xC0E0,0xC0C0,0xA800,0xA800,0xA800,0x9800,
    0x9800,0x8800,0x9000,0xA800,0xA000,0xA000,0x9800,0x9800,0x9800,0xB080,0xC940,0xD9E0,
    0xC940,0xA800,0xA820,0xA000,0xB040,0xD9A0,0xEAA0,0xC0E0,0xC920,0xD1A0,0xD180,0xD9A0,
    0xE220,0xE200,0xD9C0,0xE200,0xD180,0xC940,0xC0C0,0xB880,0xB020,0xC0C0,0xC100,0xB020,
    0xB040,0xB060,0xB8A0,0xC0E0,0xC920,0xC940,0xA020,0xA000,0xB880,0xD180,0xD9A0,0xE220,
    0xE220,0xD9C0,0xC920,0xC940,0xD9C0,0xD180,0xB8A0,0xB040,0xC0E0,0xD9C0,0xE220,0xE240,
    0xD9C0,0xD1A0,0xC0E0,0xB860,0xB040,0xC0A0,0xC900,0xD160,0xC920,0xC940,0xD160,0xC100,
    0xC920,0xC100,0xB8A0,0xB040,0xB040,0xD160,0xD9C0,0xD9E0,0xD1A0,0xD160,0xC0A0,0xC0E0,
    0xD9E0,0xF2C0,0xEA80,0xD9C0,0xC900,0xC900,0xD160,0xD9E0,0xD180,0xB8A0,0xB8A0,0xC0A0,
    0xC0C0,0xC0E0,0xD160,0xC940,0xC0E0,0xB8A0,0xB040,0xC0E0,0xD180,0xC0A0,0xB8A0,0xDA00,
    0xD1A0,0xB880,0xC0C0,0xB860,0xD160,0xD9C0,0xD160,0xD9E0,0xDA00,0xD160,0xD160,0xC0C0,
    0xB000,0xA000,0xB020,0xD9A0,0xEA80,0xD9C0,0xD180,0xEA80,0xD9A0,0xE220,0xDA00,0xD9E0,
    0xD9C0,0xC0C0,0xB040,0xB880,0xC0A0,0xC900,0xD160,0xC920,0xD160,0xA820,0xA000,0xA800,
    0xC920,0xC920,0xC0C0,0xB880,0xC960,0xB8C0,0xC900,0xC940,0xE220,0xD9C0,0xD9E0,0xDA00,
    0xB880,0xA000,0xB040,0xC0E0,0xC0C0,0xB8A0,0xC0C0,0xC900,0xC0E0,0xB880,0xB040,0xC0A0,
    0xC940,0xC0E0,0xD180,0xE220,0xC900,0xB040,0xC920,0xC100,0xB040,0xB020,0xB060,0xB880,
    0xC900,0xD9C0,0xD9C0,0xEA80,0xFBA0,0xD1A0,0xC0E0,0xD9E0,0xEAA0,0xEA80,0xDA00,0xD180,
    0xD140,0xD9A0,0xE220,0xD9C0,0xB8A0,0xB880,0xC100,0xD9E0,0xD1A0,0xC940,0xD180,0xD9C0,
    0xD1A0,0xE200,0xEA80,0xD180,0xB060,0xC0C0,0xB060,0xC900,0xE220,0xD1A0,0xC0E0,0xA800,
    0xA800,0xC920,0xB880,0xA800,0x9800,0x9800,0x9800,0xB060,0xB880,0xC900,0xD160,0xC960,
    0xC920,0xB8A0,0xB8A0,0xB880,0xA800,0xB880,0xB880,0xB020,0xB860,0xC0E0,0xC920,0xC940,
    0xC920,0xC940,0xC940,0xC940,0xE220,0xE240,0xD9C0,0xD160,0xC920,0xB880,0xC940,0xF2E0,
    0xF2C0,0xE240,0xD9E0,0xF2C0,0xF2C0,0xE220,0xDA00,0xE200,0xF2E0,0xFB80,0xFB00,0xF2C0,
    0xFB40,0xFB00,0xEA80,0xD9C0,0xD180,0xEA80,0xF2E0,0xEA40,0xDA00,0xD9E0,0xD9E0,0xE220,
    0xE200,0xF300,0xFB60,0xD9E0,0xF2A0,0xFB20,0xEA60,0xE240,0xD9E0,0xD9C0,0xEA80,0xD180,
    0xE240,0xEA60,0xE220,0xD9C0,0xD9A0,0xD160,0xC940,0xC940,0xD180,0xD9E0,0xD1A0,0xC960,
    0xD180,0xC940,0xB8A0,0xA800,0xB020,0xC0A0,0xB020,0xA820,0xA000,0x9800,0xA000,0xA000,
    0x9800,0xA800,0xA000,0xB040,0xB020,0xB020,0xB040,0xB880,0xB860,0xB040,0xA800,0xB020,
    0xB860,0xA820,0xB020,0xA000,0xA800,0xA800,0xA800,0xB040,0xB880,0xA800,0xB020,0xB060,
    0x9800,0xB060,0xC940,0xC0E0,0xC0C0,0xD160,0xD160,0xB880,0xB040,0xB860,0xB880,0xB060,
    0xA000,0x9000,0xA800,0xB060,0xD160,0xD9C0,0xE240,0xF2A0,0xD160,0xB8A0,0xB040,0xC0E0,
    0xD140,0xC0E0,0xD140,0xD9C0,0xE240,0xD140,0xD9E0,0xD9E0,0xB8A0,0xC100,0xD9C0,0xEA60,
    0xD9E0,0xC920,0xB040,0xB860,0xB8A0,0xD180,0xEA40,0xC100,0xB8A0,0xC940,0xD180,0xD9A0,
    0xB8A0,0xA800,0xC0E0,0xC940,0xC900,0xC960,0xC940,0xC0E0,0xB8A0,0xC920,0xD9C0,0xDA00,
    0xD9E0,0xC0E0,0xB040,0xB860,0xB040,0xB880,0xC940,0xD1A0,0xD180,0xC920,0xEA80,0xFC00,
    0xFB60,0xF2A0,0xFB20,0xF2E0,0xFB40,0xFD06,0xFC43,0xEA80,0xD180,0xC0E0,0xB880,0xA800,
    0xA000,0xC0C0,0xD1A0,0xD9E0,0xDA00,0xC920,0xC0E0,0xC920,0xC0E0,0xC900,0xD160,0xD160,
    0xC920,0xC0C0,0xB8A0,0xB880,0xA800,0x9800,0x9800,0xA000,0xA800,0xD180,0xE220,0xC920,
    0xC0C0,0xB040,0xB880,0xD9E0,0xD9C0,0xB060,0xC0E0,0xD180,0xC920,0xC940,0xD160,0xC940,
    0xD9A0,0xC920,0xC900,0xC940,0xC920,0xB8A0,0xC920,0xE260,0xE220,0xD9E0,0xD9C0,0xC940,
    0xC940,0xE220,0xD9A0,0xC100,0xB040,0xB040,0xA800,0xA000,0xA800,0xA800,0xD160,0xF300,
    0xD9C0,0xB020,0xA800,0xA000,0xA800,0xC0E0,0xD9C0,0xD160,0xB880,0xB880,0xB860,0xC0E0,
    0xD9E0,0xEA80,0xE240,0xB8A0,0xB040,0xB060,0xB8A0,0xC0C0,0xC920,0xC0E0,0xB860,0xB020,
    0xC0C0,0xB8A0,0xD9C0,0xEA60,0xD160,0xB860,0xA000,0x9800,0x9000,0x8800,0xA000,0xA000,
    0x9800,0xB860,0xA800,0xA000,0xA800,0xC900,0xD9C0,0xEAE0,0xF2C0,0xC900,0xB040,0xB060,
    0xB880,0xB860,0xC0C0,0xD160,0xC940,0xC0E0,0xB060,0xA800,0xA820,0xB880,0xC0C0,0xB880,
    0xC100,0xD160,0xC100,0xD160,0xC0C0,0xC100,0xC0A0,0xB040,0xC960,0xD180,0xB040,0xA020,
    0xC0A0,0xEA60,0xD180,0xD160,0xD1A0,0xD180,0xC920,0xC0E0,0xC920,0xD9C0,0xD160,0xC940,
    0xD180,0xC940,0xC0C0,0xB880,0xC0A0,0xD9A0,0xD9E0,0xD180,0xD160,0xC940,0xD160,0xC940,
    0xB8A0,0xC100,0xE220,0xE200,0xC0C0,0xB880,0xC0E0,0xC920,0xD1A0,0xD9C0,0xD160,0xD160,
    0xC940,0xD1A0,0xD160,0xD180,0xD9C0,0xD180,0xD180,0xD180,0xD1A0,0xD180,0xE220,0xD140,
    0xC0A0,0xC0C0,0xC0A0,0xC920,0xD160,0xB040,0xB040,0xB8A0,0xC920,0xC0E0,0xC0E0,0xC940,
    0xC0E0,0xB8A0,0xB8A0,0xD160,0xE200,0xC0E0,0xB040,0xD1A0,0xD160,0xA800,0xB8A0,0xC0E0,
    0xD180,0xE220,0xC900,0xC100,0xD180,0xD9C0,0xE220,0xEA80,0xD9E0,0xD160,0xB860,0xC100,
    0xD9E0,0xD9C0,0xD9E0,0xD9C0,0xC940,0xC940,0xD9C0,0xEA60,0xD9C0,0xB860,0xB040,0xC0C0,
    0xD9C0,0xC940,0xB880,0xB040,0xB020,0xA800,0xA000,0xA000,0xB000,0xA800,0xA000,0xA820,
    0xA800,0xB040,0xB860,0xB880,0xB060,0xC0A0,0xC0E0,0xB880,0xB860,0xB860,0xB040,0xB880,
    0xC0E0,0xC0E0,0xC0E0,0xB8A0,0xB860,0xB060,0xC900,0xE200,0xC940,0xB020,0xB880,0xC900,
    0xB8A0,0xB8A0,0xD9A0,0xC960,0xB040,0xB040,0xA800,0xC920,0xDA00,0xE200,0xC940,0xD9E0,
    0xF2E0,0xD9E0,0xC920,0xC920,0xD9C0,0xD9E0,0xD9E0,0xD9C0,0xE220,0xF360,0xEA60,0xD9C0,
    0xC0C0,0xB880,0xC100,0xD9E0,0xE220,0xE200,0xD9E0,0xE240,0xEA80,0xEA80,0xE200,0xC900,
    0xB020,0xB040,0xC0E0,0xD180,0xD9C0,0xD9C0,0xD180,0xC0E0,0xC0E0,0xC0C0,0xC900,0xC100,
    0xB060,0x9800,0xA000,0xB020,0xB040,0xB880,0xC920,0xB8A0,0xC100,0xC960,0xD160,0xC920,
    0xB040,0xB040,0xC0E0,0xB040,0xA800,0xB880,0xC900,0xC920,0xB8A0,0xB040,0xB8A0,0xC940,
    0xD9E0,0xE200,0xDA00,0xE240,0xE240,0xC900,0xD160,0xF2A0,0xF2E0,0xF2C0,0xEA80,0xF2C0,
    0xF2C0,0xE240,0xD1C0,0xD9C0,0xE220,0xE240,0xEA80,0xF2C0,0xF2C0,0xFB20,0xF2E0,0xEAA0,
    0xE220,0xD180,0xEA60,0xFB20,0xF2E0,0xD9C0,0xD9C0,0xE200,0xEA60,0xEA80,0xFAE0,0xFB20,
    0xFB20,0xF2E0,0xDA00,0xD180,0xD180,0xC920,0xE220,0xE200,0xD9C0,0xF2E0,0xEA80,0xE240,
    0xE220,0xD9A0,0xD9C0,0xD1A0,0xD1A0,0xD9C0,0xD9E0,0xDA00,0xD9E0,0xC940,0xC0E0,0xC920,
    0xD1A0,0xB8A0,0xB860,0x9800,0x9000,0x9800,0x9800,0x9800,0xA800,0xA800,0x9800,0xA000,
    0xA000,0xA800,0xB020,0xA000,0x9800,0xA000,0xA000,0xA820,0xA020,0x9800,0x9800,0xA000,
    0xB000,0xA800,0xA800,0xA800,0xA000,0x9800,0x9800,0x9800,0xA800,0xB860,0xB8A0,0xC0C0,
    0xC0E0,0xC920,0xC920,0xC0E0,0xB8A0,0xC0E0,0xC0C0,0xB060,0x9800,0xA800,0xB880,0xD160,
    0xD9E0,0xEA40,0xEA60,0xD1A0,0xC0C0,0xB020,0xA800,0xA800,0xA800,0xB020,0xB860,0xC900,
    0xD160,0xC0A0,0xC920,0xD180,0xC0C0,0xC0C0,0xC920,0xD180,0xD160,0xD160,0xB860,0xB860,
    0xB880,0xC100,0xC920,0xC940,0xD9C0,0xEA80,0xEA60,0xC900,0xA820,0xB8A0,0xD180,0xD9C0,
    0xD9C0,0xD9C0,0xD9C0,0xB8A0,0xC0C0,0xD9A0,0xEAA0,0xE240,0xD180,0xB8A0,0xB020,0xA800,
    0xB020,0xB860,0xC0E0,0xD9C0,0xF2C0,0xD180,0xD160,0xF2C0,0xEAC0,0xEAA0,0xFB40,0xEA80,
    0xE240,0xEAA0,0xD9E0,0xC900,0xC900,0xB860,0xB860,0xB8A0,0xC0C0,0xC100,0xC920,0xD160,
    0xD9C0,0xD180,0xC100,0xC920,0xC940,0xD9E0,0xD160,0xD180,0xD160,0xB860,0xB880,0xC0E0,
    0xB040,0xA800,0xB880,0xB860,0xB8A0,0xD160,0xE200,0xD9E0,0xB8A0,0xB020,0xB880,0xC920,
    0xC940,0xD160,0xD180,0xC920,0xB060,0xE220,0xF2A0,0xD180,0xC0E0,0xB040,0xC0C0,0xDA00,
    0xEA80,0xC940,0xC0C0,0xD9C0,0xD140,0xC0E0,0xD160,0xB8A0,0xC0E0,0xC0C0,0xC0C0,0xC940,
    0xD9C0,0xC900,0xB040,0xA820,0xA800,0xA800,0xC0E0,0xC900,0xB880,0xB880,0xB020,0xA800,
    0xB020,0xC920,0xD9A0,0xD160,0xC920,0xB060,0xA800,0xB040,0xC0C0,0xD180,0xD160,0xB860,
    0xB040,0xB060,0xC0E0,0xB8A0,0xA800,0xB020,0xC0C0,0xC100,0xD180,0xC0A0,0xC920,0xE220,
    0xE220,0xC0E0,0xA800,0x9800,0x9800,0x9000,0x9800,0xA000,0xA800,0xB020,0xA800,0xB040,
    0xC920,0xF2E0,0xFBE0,0xFBA0,0xE220,0xC920,0xC0C0,0xB880,0xB880,0xB8A0,0xA800,0xA820,
    0xA800,0xA800,0xA800,0xB880,0xC0C0,0xC920,0xB880,0xA800,0xB8A0,0xD9C0,0xD9C0,0xD180,
    0xC0C0,0xC0C0,0xB8A0,0xC100,0xD160,0xB8A0,0xA800,0x9800,0xB060,0xD9C0,0xD180,0xC940,
    0xD9E0,0xE220,0xC940,0xD180,0xC920,0xC920,0xC900,0xC0E0,0xC900,0xB8A0,0xB8A0,0xC900,
    0xC900,0xD160,0xD9C0,0xD180,0xC900,0xD1A0,0xD9C0,0xD1A0,0xD160,0xE200,0xF2C0,0xD9A0,
    0xC900,0xD9E0,0xD9E0,0xD1A0,0xC920,0xC100,0xD1A0,0xD9C0,0xC920,0xD160,0xD9C0,0xD9C0,
    0xD9C0,0xC920,0xB8C0,0xD9E0,0xD9C0,0xB860,0xB880,0xEA80,0xC920,0xC0E0,0xD180,0xD180,
    0xD9C0,0xC0E0,0xB8A0,0xC900,0xE200,0xC0E0,0xB880,0xC900,0xC100,0xC0A0,0xB860,0xC0C0,
    0xC960,0xC0C0,0xC920,0xE220,0xE200,0xB8A0,0xB8A0,0xC0C0,0xB880,0xC900,0xA000,0xA840,
    0xD160,0xD9E0,0xD1A0,0xC940,0xF300,0xFBA1,0xD180,0xC0C0,0xD160,0xC940,0xD180,0xD160,
    0xC0C0,0xC900,0xD9C0,0xE220,0xC960,0xC0E0,0xC960,0xD9C0,0xE200,0xE240,0xB8A0,0xB020,
    0xB8A0,0xB080,0xB040,0xB060,0xB040,0xA000,0xB080,0xD140,0xB060,0xA000,0xA000,0xA000,
    0x9800,0xA000,0xB020,0xA800,0xB8A0,0xC940,0xB020,0xB880,0xE240,0xD180,0xC960,0xC900,
    0xB020,0xA800,0xB040,0xC0C0,0xC0C0,0xC900,0xC920,0xB040,0xB020,0xD160,0xD9C0,0xC920,
    0xC0C0,0xC0E0,0xC900,0xD9E0,0xEA80,0xE240,0xD180,0xD1A0,0xD9E0,0xD9A0,0xC960,0xC940,
    0xC920,0xD9E0,0xDA00,0xD9A0,0xE240,0xFBC1,0xD9A0,0xC940,0xC0E0,0xB860,0xC0A0,0xC940,
    0xD9E0,0xE240,0xD9C0,0xD180,0xEA60,0xEA80,0xD1A0,0xB8A0,0xB880,0xB880,0xD160,0xD9C0,
    0xC940,0xD180,0xD1A0,0xC940,0xD180,0xD160,0xD160,0xD180,0xC940,0xB8A0,0xA820,0x9800,
    0xB040,0xC0C0,0xC0E0,0xB8A0,0xC0E0,0xD9C0,0xD9C0,0xD160,0xA840,0xA000,0xC0C0,0xB060,
    0xA000,0xB020,0xC0A0,0xC900,0xB040,0xB020,0xC920,0xD9E0,0xD9C0,0xC900,0xC900,0xD180,
    0xD180,0xC0C0,0xC940,0xD1A0,0xEA80,0xFB00,0xF2E0,0xEAA0,0xFB00,0xF2E0,0xEA80,0xEAA0,
    0xEA60,0xD9C0,0xD140,0xC900,0xC920,0xD160,0xD9A0,0xE200,0xEA80,0xE240,0xE220,0xF2C0,
    0xEA60,0xD160,0xD160,0xD180,0xEA60,0xE260,0xEAA0,0xFB20,0xEA80,0xD160,0xD9E0,0xE220,
    0xE220,0xD9A0,0xC940,0xB880,0xB8A0,0xEB21,0xFC03,0xF2C0,0xE240,0xD9E0,0xD9E0,0xD180,
    0xC0E0,0xC0E0,0xD180,0xD9E0,0xE200,0xD160,0xC900,0xC0E0,0xC960,0xB040,0xA800,0x9800,
    0x9000,0x9800,0xA800,0xA000,0xA820,0xA800,0xA000,0xA000,0xA000,0xA800,0xA000,0xA820,
    0xA000,0xB020,0xA800,0x9800,0xA000,0xA000,0x9800,0xA000,0xA000,0xA000,0xA000,0x9800,
    0x9000,0x9000,0x9800,0xA800,0xB020,0xD160,0xD180,0xC0E0,0xB8A0,0xC0A0,0xB8A0,0xC0C0,
    0xB8A0,0xC0C0,0xC0E0,0xC100,0xB8A0,0xC940,0xC0C0,0xC940,0xE220,0xD9C0,0xD160,0xC0C0,
    0xB020,0xA800,0xB8A0,0xB060,0xA800,0xA820,0xB060,0xC0A0,0xC900,0xF2E0,0xD160,0xC0A0,
    0xC900,0xC900,0xC920,0xD180,0xC0E0,0xD180,0xC900,0xC0E0,0xC0E0,0xC100,0xC0E0,0xD160,
    0xD180,0xE240,0xD9C0,0xB880,0xC940,0xD180,0xE220,0xFB80,0xFB80,0xE220,0xD160,0xC0E0,
    0xC0E0,0xD180,0xDA00,0xD180,0xC940,0xC0C0,0xB880,0xC0A0,0xC100,0xD160,0xC920,0xC940,
    0xEA80,0xF2A0,0xD180,0xD9C0,0xD9E0,0xD9A0,0xD9C0,0xC920,0xB8A0,0xC0E0,0xC900,0xC960,
    0xE240,0xC940,0xB860,0xD160,0xE220,0xC0E0,0xA800,0xB880,0xC920,0xC900,0xD180,0xEA60,
    0xEAA0,0xEA40,0xDA00,0xC900,0xC920,0xB860,0xC0E0,0xC920,0xB040,0xB020,0xC100,0xD9E0,
    0xC0E0,0xC900,0xD180,0xE240,0xD9A0,0xC0C0,0xB880,0xB8A0,0xD180,0xD9E0,0xD9E0,0xC920,
    0xA800,0xB8A0,0xE200,0xEA80,0xE1E0,0xD140,0xD180,0xE240,0xEA60,0xC960,0xC940,0xC920,
    0xC0C0,0xB840,0xA800,0xA800,0xB040,0xC900,0xC0E0,0xD1A0,0xF2C0,0xD1A0,0xC920,0xD180,
    0xB860,0xA800,0xB040,0xB020,0xA800,0xC0E0,0xB880,0xA800,0xA000,0xC120,0xF2A0,0xE240,
    0xC920,0xB040,0xC0C0,0xD180,0xC0C0,0xD160,0xD9E0,0xC900,0xD9C0,0xC900,0xC920,0xD160,
    0xB060,0xC0C0,0xC900,0xD1A0,0xE200,0xD160,0xB8A0,0xC0C0,0xC900,0xB880,0xA800,0xA000,
    0x9000,0x9800,0xA000,0xA800,0xA800,0xA000,0x9800,0xB040,0xC0E0,0xE240,0xD9C0,0xB880,
    0xB880,0xB060,0xB860,0xB040,0xB880,0xB880,0xB020,0xA800,0xA800,0xB060,0xD160,0xD1A0,
    0xD9C0,0xE220,0xB040,0xA800,0xB860,0xD180,0xD180,0xB8A0,0xB880,0xC0E0,0xC920,0xC920,
    0xD140,0xB880,0xA800,0x9800,0xA840,0xD140,0xC940,0xC940,0xC900,0xC0E0,0xC920,0xD180,
    0xD180,0xC100,0xC0C0,0xC100,0xC0E0,0xC920,0xD180,0xD9E0,0xC940,0xB8A0,0xC900,0xD9C0,
    0xD9E0,0xE220,0xDA00,0xD9C0,0xDA00,0xE220,0xE220,0xD160,0xC940,0xD180,0xD9E0,0xD9C0,
    0xC960,0xD1A0,0xD9C0,0xC940,0xC940,0xD180,0xD1A0,0xD9C0,0xD1A0,0xD160,0xB860,0xC0C0,
    0xD9C0,0xD180,0xC940,0xC920,0xC940,0xC0E0,0xC920,0xC940,0xC940,0xC940,0xD1A0,0xD160,
    0xD180,0xC0E0,0xB060,0xB8A0,0xC920,0xC940,0xC900,0xC0E0,0xC900,0xD160,0xC900,0xD160,
    0xB8A0,0xC920,0xD9C0,0xB860,0xA800,0xA820,0xA000,0xB040,0xC940,0xC940,0xC940,0xB880,
    0xB8C0,0xD180,0xC0E0,0xA800,0xB880,0xC0C0,0xC920,0xD160,0xB040,0xC900,0xE200,0xE220,
    0xC940,0xD160,0xE200,0xEA60,0xEA80,0xE240,0xD1A0,0xB040,0xC100,0xC0C0,0xB040,0xC0C0,
    0xB040,0xB060,0xD180,0xE240,0xD160,0xB060,0xA840,0xB8A0,0xB8C0,0xC0C0,0xA800,0xA800,
    0xB040,0xC0E0,0xC100,0xB020,0xB8A0,0xC920,0xC940,0xD9C0,0xD160,0xB060,0xA800,0xA800,
    0xB880,0xD9E0,0xE220,0xC0E0,0xC0E0,0xE200,0xE220,0xD180,0xD9A0,0xE240,0xD9C0,0xEA60,
    0xEA80,0xD9E0,0xD9C0,0xD9C0,0xE220,0xDA00,0xD1C0,0xD9C0,0xD9C0,0xE240,0xE240,0xD180,
    0xD140,0xE200,0xE220,0xE220,0xE220,0xEA60,0xD9E0,0xC900,0xC940,0xE220,0xDA00,0xD180,
    0xE240,0xEA80,0xDA00,0xD160,0xD160,0xD180,0xE220,0xD180,0xB860,0xC900,0xD9C0,0xC0E0,
    0xD180,0xE220,0xD9C0,0xD180,0xD180,0xD180,0xC0E0,0xB040,0xA800,0xA800,0xB040,0xB040,
    0xB880,0xC0C0,0xC0C0,0xB860,0xB880,0xC0A0,0xB040,0xA000,0xA800,0xB880,0xC900,0xD180,
    0xB8C0,0xB020,0xC0E0,0xD160,0xC0E0,0xC0C0,0xB880,0xB880,0xC0A0,0xB8A0,0xC0E0,0xC940,
    0xEA60,0xFB20,0xFB00,0xEA80,0xE200,0xE220,0xEA60,0xFB40,0xFB80,0xEA80,0xD180,0xC0C0,
    0xB040,0xB860,0xD1A0,0xE200,0xD9E0,0xE220,0xEA60,0xE240,0xD9C0,0xC900,0xD9A0,0xEA80,
    0xF2A0,0xD9A0,0xD9E0,0xE220,0xD1A0,0xC920,0xB8A0,0xD180,0xEA60,0xD9C0,0xB8A0,0xB060,
    0xC940,0xEAA0,0xFC01,0xEA60,0xE200,0xE220,0xD160,0xC920,0xC0A0,0xC920,0xD1A0,0xD9C0,
    0xC940,0xA820,0xB060,0xB8A0,0xB060,0xB8A0,0xB000,0xA800,0xA000,0x9800,0xA000,0xA000,
    0x9800,0xA820,0xA800,0xA800,0xB020,0xA000,0xA020,0xB860,0xB020,0xB020,0xA000,0x9800,
    0xA000,0xB020,0xA000,0xA000,0xA000,0x9800,0x9800,0x9000,0x8800,0x9800,0x9800,0xA800,
    0xB040,0xC940,0xD9E0,0xD9E0,0xE200,0xD9E0,0xC0E0,0xB880,0xB860,0xB880,0xB860,0xB880,
    0xC940,0xD9A0,0xC940,0xD160,0xD160,0xD160,0xC940,0xC0E0,0xB060,0xC940,0xC0E0,0xB880,
    0xB860,0xA820,0xB040,0xC0C0,0xC940,0xD9E0,0xC0E0,0xC920,0xD180,0xE220,0xD9E0,0xD160,
    0xD180,0xE220,0xE220,0xD9A0,0xC0C0,0xC0E0,0xC0E0,0xC0C0,0xB880,0xC940,0xC900,0xD160,
    0xEA40,0xD9E0,0xF2C0,0xFB60,0xF2C0,0xE200,0xC940,0xC920,0xC920,0xC900,0xD9C0,0xEA40,
    0xE200,0xC920,0xC920,0xD180,0xC940,0xC920,0xC960,0xD9C0,0xEA60,0xF2A0,0xE220,0xD9E0,
    0xEA60,0xD9C0,0xC0C0,0xB860,0xB880,0xB860,0xD160,0xEA40,0xF2C0,0xD9C0,0xC0E0,0xEA60,
    0xFB60,0xD180,0xB8A0,0xB880,0xC0A0,0xC940,0xB8A0,0xD180,0xEA60,0xE220,0xDA00,0xC100,
    0xB860,0xB020,0xC940,0xD9A0,0xB880,0xB040,0xC920,0xD9C0,0xC940,0xD9C0,0xEA80,0xF2A0,
    0xE220,0xD160,0xC0C0,0xB060,0xC940,0xD9C0,0xD9E0,0xC0C0,0xA800,0xA820,0xC900,0xD1A0,
    0xD9C0,0xD180,0xC900,0xE220,0xEA60,0xD9C0,0xE220,0xEA80,0xD1A0,0xC0C0,0xC0E0,0xB8A0,
    0xC0C0,0xC920,0xC0C0,0xD180,0xE220,0xD9E0,0xD180,0xC100,0xB840,0xA800,0xB040,0xC0C0,
    0xB020,0xC0C0,0xC0C0,0xB880,0xA000,0xB8C0,0xF2E0,0xDA00,0xC900,0xB880,0xD9E0,0xDA00,
    0xD180,0xD180,0xEA40,0xE220,0xC940,0xC920,0xB8A0,0xB040,0xB860,0xC0E0,0xC0C0,0xC940,
    0xC900,0xC0C0,0xB060,0xB020,0xA800,0xB880,0xA820,0x9000,0x8800,0x9800,0x9800,0x9800,
    0xA000,0xA820,0xB8C0,0xB040,0xA000,0xD160,0xD1A0,0xB880,0xB020,0xB8A0,0xB8A0,0xC940,
    0xB060,0xC0E0,0xC0E0,0xB880,0xC0C0,0xD180,0xD9E0,0xC0C0,0xC900,0xC100,0xC0C0,0xB880,
    0xC0E0,0xD9C0,0xD160,0xC100,0xC920,0xD180,0xC920,0xB880,0xB880,0xA820,0x9800,0x9000,
    0xA820,0xC920,0xD9C0,0xD180,0xC0E0,0xD180,0xD160,0xD180,0xD1A0,0xD160,0xD1A0,0xC940,
    0xC900,0xD160,0xD180,0xC0E0,0xC0C0,0xB8A0,0xB8A0,0xC100,0xD9C0,0xE200,0xD180,0xC940,
    0xD1A0,0xD9E0,0xE240,0xD9C0,0xD9C0,0xD9A0,0xD160,0xD1A0,0xD1A0,0xD1A0,0xD1A0,0xD9A0,
    0xD180,0xD160,0xD1A0,0xD180,0xD160,0xD9E0,0xD1A0,0xC920,0xEA60,0xF2C0,0xEA60,0xC920,
    0xC0C0,0xD160,0xC920,0xB060,0xB060,0xC940,0xC920,0xC0A0,0xB8A0,0xC920,0xD9C0,0xC940,
    0xC0E0,0xDA00,0xE220,0xD9C0,0xD9E0,0xE220,0xB860,0xB020,0xB880,0xC0E0,0xC940,0xC0C0,
    0xC0A0,0xB020,0xB040,0xC0C0,0xC0E0,0xB060,0xB880,0xD9C0,0xC0C0,0xC100,0xD180,0xC0E0,
    0xA800,0xB020,0xC0C0,0xC0A0,0xC0E0,0xD9A0,0xD9C0,0xC0E0,0xB8A0,0xC0C0,0xC940,0xD9E0,
    0xE200,0xD160,0xC940,0xC0C0,0xB860,0xB880,0xC0C0,0xC940,0xD160,0xD180,0xEA80,0xE220,
    0xD180,0xD9C0,0xD9E0,0xE240,0xE220,0xC900,0xB040,0xB8A0,0xB880,0xC960,0xEA80,0xC940,
    0xB020,0xB020,0xB880,0xD160,0xE220,0xD180,0xB060,0xB020,0xB040,0xC920,0xD9A0,0xC940,
    0xD180,0xE220,0xDA00,0xD1A0,0xD9C0,0xD160,0xD160,0xE220,0xEA60,0xD9E0,0xD9E0,0xDA00,
    0xEA60,0xEA60,0xDA00,0xE200,0xEA80,0xEA80,0xE240,0xD9E0,0xC920,0xD180,0xD9C0,0xE200,
    0xE240,0xEAA0,0xDA00,0xD1A0,0xD9C0,0xE220,0xDA00,0xD9E0,0xD9E0,0xD9A0,0xD9E0,0xC920,
    0xC0C0,0xD1A0,0xD9E0,0xD140,0xB860,0xB880,0xD160,0xC100,0xD160,0xE240,0xE240,0xD180,
    0xD9A0,0xC100,0xB020,0xD160,0xC920,0xB8A0,0xC0A0,0xC0E0,0xC900,0xC900,0xC0E0,0xC100,
    0xC940,0xC0C0,0xB860,0xA800,0xA800,0xB880,0xC920,0xD160,0xC0A0,0xB040,0xB860,0xB860,
    0xB880,0xC0A0,0xC0C0,0xC100,0xC900,0xC920,0xC900,0xD160,0xEA80,0xF2E0,0xE220,0xD180,
    0xC920,0xC0E0,0xD180,0xF2C0,0xFB80,0xFB00,0xF2C0,0xD9C0,0xC100,0xC0C0,0xC0C0,0xD9C0,
    0xEAA0,0xE240,0xDA00,0xD9A0,0xD180,0xC920,0xC920,0xE200,0xEAA0,0xD180,0xD160,0xE200,
    0xEA80,0xE240,0xD9E0,0xE220,0xE220,0xC0C0,0xC0A0,0xF2C0,0xFB20,0xEA60,0xEA40,0xD160,
    0xD1A0,0xE220,0xD9E0,0xC920,0xC0A0,0xD160,0xF2C0,0xEA60,0xC900,0xB880,0xB060,0xB860,
    0xB040,0xC900,0xB880,0xB860,0xA800,0x9800,0xA000,0x9800,0x9800,0xB860,0xB840,0xB020,
    0xD9E0,0xC960,0xB020,0xC0C0,0xC0C0,0xA820,0xA000,0xA800,0xA000,0xA000,0xA800,0xA800,
    0xA800,0x9800,0x9000,0x8800,0x9800,0xA000,0x9000,0x9800,0xB860,0xC0A0,0xD160,0xD1A0,
    0xD9E0,0xD160,0xC900,0xC0C0,0xB880,0xB8A0,0xB860,0xB060,0xC100,0xC900,0xD180,0xE200,
    0xC900,0xC0E0,0xC0C0,0xB860,0xD160,0xEA80,0xD160,0xC940,0xDA00,0xD180,0xC920,0xB8A0,
    0xB020,0xB040,0xC0A0,0xC920,0xC920,0xD180,0xD160,0xC920,0xD1A0,0xD1A0,0xD180,0xC920,
    0xC0A0,0xC0A0,0xC0C0,0xB880,0xB880,0xC940,0xC920,0xD9E0,0xEAA0,0xE240,0xEA80,0xE240,
    0xD180,0xC0C0,0xC0A0,0xD180,0xD9A0,0xD180,0xEA40,0xEA80,0xD180,0xD9C0,0xEA60,0xD9C0,
    0xD180,0xD1A0,0xD9C0,0xEA60,0xF2E0,0xD180,0xD9C0,0xD1C0,0xFB20,0xFB40,0xC920,0xC0E0,
    0xE240,0xE200,0xD160,0xE200,0xDA00,0xC940,0xC900,0xE240,0xF300,0xD9A0,0xC0E0,0xC900,
    0xC900,0xC920,0xB860,0xC0C0,0xD180,0xD9A0,0xD160,0xC0E0,0xC0C0,0xB020,0xD160,0xEA60,
    0xC940,0xB880,0xD180,0xE240,0xEA60,0xE240,0xEA80,0xF2E0,0xEA60,0xD160,0xB880,0xB040,
    0xB880,0xC920,0xE200,0xC940,0xB860,0xA820,0xB8A0,0xC940,0xD1A0,0xD180,0xC100,0xC920,
    0xC940,0xD9C0,0xFB00,0xF300,0xEAA0,0xD9C0,0xE220,0xE240,0xE220,0xD160,0xC0E0,0xC0E0,
    0xC920,0xC960,0xD180,0xB040,0xA800,0xB020,0xC940,0xC940,0xB860,0xC100,0xC0E0,0xC940,
    0xB020,0xB860,0xD9A0,0xD1A0,0xC900,0xD1A0,0xD9C0,0xD140,0xD180,0xC940,0xDA00,0xE240,
    0xC0E0,0xD9C0,0xD9C0,0xC0E0,0xB880,0xB020,0xB020,0xB8A0,0xB880,0xB020,0xA820,0xA820,
    0xB020,0xB000,0xA800,0x9000,0x9000,0x9800,0x9000,0x8800,0x9000,0xB8A0,0xD140,0xA000,
    0xA840,0xD180,0xD1A0,0xC940,0xC0C0,0xD160,0xC940,0xD9E0,0xC100,0xD180,0xD160,0xC0E0,
    0xC100,0xB8A0,0xC0E0,0xD180,0xC0E0,0xB8A0,0xC960,0xC900,0xC920,0xD180,0xC900,0xC0E0,
    0xC0C0,0xC100,0xB8A0,0xB860,0xA800,0xA800,0xA000,0xB040,0xA820,0xC0E0,0xD9C0,0xD160,
    0xC0E0,0xD140,0xD9A0,0xD9E0,0xD9C0,0xC920,0xD9A0,0xF2C0,0xF2C0,0xD9E0,0xC0A0,0xB880,
    0xC0E0,0xD160,0xC920,0xC920,0xD1A0,0xD9E0,0xC940,0xC0C0,0xC900,0xD1A0,0xEA60,0xD9E0,
    0xC920,0xD9E0,0xE220,0xDA00,0xDA00,0xD180,0xC920,0xD160,0xC920,0xC0C0,0xC940,0xC920,
    0xC920,0xD9E0,0xD9E0,0xD180,0xD1A0,0xE220,0xE200,0xC0C0,0xA820,0xC940,0xE220,0xC920,
    0xB040,0xB8A0,0xC0C0,0xC0A0,0xC0E0,0xD9C0,0xD9E0,0xC920,0xD180,0xE220,0xD180,0xD140,
    0xE220,0xD9E0,0xC100,0xB8A0,0xB860,0xB040,0xC0A0,0xC100,0xB060,0xB040,0xC0E0,0xC940,
    0xB060,0xB020,0xB880,0xC900,0xC0C0,0xD180,0xD9E0,0xB080,0xB860,0xD160,0xE200,0xD140,
    0xC0C0,0xD160,0xD9E0,0xC0E0,0xB020,0xB040,0xB880,0xD160,0xC940,0xC0E0,0xD160,0xD180,
    0xC920,0xC900,0xC0E0,0xD180,0xD1A0,0xD160,0xE200,0xD160,0xB880,0xC0E0,0xD1A0,0xD9C0,
    0xD9C0,0xC920,0xD180,0xE220,0xD9C0,0xEA80,0xE240,0xD180,0xC900,0xD180,0xE200,0xE220,
    0xE220,0xD1A0,0xC0E0,0xB020,0xC940,0xD9C0,0xD9A0,0xC940,0xB880,0xD9C0,0xE240,0xD160,
    0xD9A0,0xD9C0,0xD160,0xD9A0,0xEAA0,0xEAA0,0xEAA0,0xEA80,0xF2E0,0xF2E0,0xD9E0,0xE220,
    0xEAA0,0xEA80,0xE220,0xD9A0,0xC100,0xC0A0,0xD160,0xE200,0xE200,0xE220,0xD1A0,0xC960,
    0xD180,0xD9C0,0xDA00,0xD1A0,0xC0C0,0xC0C0,0xC920,0xC0C0,0xC0C0,0xD160,0xC940,0xC0E0,
    0xC940,0xC0E0,0xB880,0xB880,0xC940,0xE220,0xEA60,0xE220,0xD180,0xC0E0,0xB860,0xC0E0,
    0xC0E0,0xD160,0xD9E0,0xE200,0xD9E0,0xC100,0xB880,0xB880,0xC940,0xD160,0xC900,0xB880,
    0xB040,0xB880,0xC0E0,0xC0C0,0xC0C0,0xC0A0,0xC0C0,0xC0A0,0xC0C0,0xC0E0,0xC920,0xC920,
    0xC900,0xC900,0xC0E0,0xD160,0xD180,0xC940,0xC920,0xD160,0xE220,0xE220,0xD9C0,0xEAA0,
    0xFB40,0xFB20,0xFB60,0xF2C0,0xDA00,0xE220,0xD9C0,0xC940,0xE220,0xF2A0,0xE200,0xD9C0,
    0xE240,0xE240,0xC920,0xD9C0,0xE240,0xEA80,0xD9E0,0xD9A0,0xF2A0,0xEA80,0xD9E0,0xEA80,
    0xF2C0,0xE220,0xC0E0,0xE1E0,0xFBC0,0xF320,0xD140,0xD180,0xD9E0,0xD9E0,0xD160,0xC900,
    0xC100,0xD9C0,0xEA80,0xE220,0xD9C0,0xD180,0xD160,0xC0E0,0xB880,0xC0E0,0xC940,0xC920,
    0xA800,0x9800,0xA000,0x9800,0xA000,0xA800,0xB040,0xC920,0xFB40,0xE240,0xA800,0xB040,
    0xB020,0xA800,0xA000,0xB060,0xB880,0xA800,0xB000,0xA800,0xA800,0x9800,0x8800,0x9000,
    0xA800,0xA000,0x8800,0x8800,0x9800,0xA800,0xB8A0,0xC900,0xD180,0xD180,0xC940,0xC940,
    0xC920,0xC0A0,0xB040,0xB040,0xB880,0xC900,0xEA60,0xF2E0,0xE240,0xD1A0,0xC920,0xC940,
    0xEA80,0xFB20,0xEA60,0xD1A0,0xD180,0xD180,0xD9A0,0xB8A0,0xB060,0xA800,0xB040,0xB040,
    0xB860,0xC0C0,0xC100,0xD160,0xD9C0,0xD160,0xC920,0xC0E0,0xC900,0xC0E0,0xC0E0,0xD1A0,
    0xC900,0xD1A0,0xC940,0xD160,0xE240,0xE240,0xE220,0xC920,0xC0E0,0xC920,0xD9E0,0xD9C0,
    0xD9C0,0xE260,0xE220,0xD9C0,0xD160,0xD9C0,0xD9E0,0xC100,0xB8A0,0xD160,0xD160,0xD9A0,
    0xD180,0xD9E0,0xF2E0,0xEAA0,0xEA80,0xF300,0xD9C0,0xC0A0,0xE240,0xC940,0xB020,0xC940,
    0xC0E0,0xD160,0xC940,0xC940,0xD180,0xC920,0xC900,0xC0E0,0xC940,0xD180,0xC940,0xD180,
    0xD9E0,0xC940,0xC080,0xB880,0xC0C0,0xD160,0xD1A0,0xC100,0xC940,0xC940,0xD1A0,0xD9E0,
    0xDA00,0xE220,0xEA80,0xE240,0xEA80,0xD9C0,0xB860,0xB880,0xC0E0,0xD9C0,0xDA00,0xD9C0,
    0xC920,0xC0E0,0xC900,0xD9C0,0xF2E0,0xEA80,0xDA00,0xE220,0xE220,0xE220,0xF300,0xFB00,
    0xEAA0,0xE240,0xE220,0xDA00,0xD9E0,0xD180,0xC900,0xC940,0xC940,0xD160,0xC900,0xA800,
    0xA820,0xB880,0xD180,0xC940,0xB8A0,0xB060,0xB860,0xC0E0,0xB8A0,0xB880,0xC940,0xE200,
    0xD160,0xE240,0xE220,0xB860,0xD180,0xDA00,0xEA60,0xC940,0xC940,0xD9E0,0xE220,0xD9C0,
    0xC940,0xB8A0,0xC0C0,0xD160,0xC940,0xC0E0,0xA800,0xA000,0xC0A0,0xA000,0x9800,0x9800,
    0x9000,0x9800,0xA000,0x8800,0x8800,0xC0E0,0xC0C0,0xA800,0xB020,0xC900,0xD1A0,0xD160,
    0xC900,0xC920,0xD180,0xF300,0xE200,0xD9E0,0xD9C0,0xC900,0xB880,0xB040,0xB880,0xD180,
    0xC920,0xD1A0,0xD9C0,0xC920,0xC920,0xE200,0xC920,0xB860,0xA800,0xB020,0xB040,0xB860,
    0xA800,0xB860,0xB8A0,0xC0A0,0xB020,0xB880,0xC0C0,0xB060,0xB040,0xC100,0xF300,0xFBE0,
    0xF300,0xE240,0xEA80,0xFB20,0xF2C0,0xDA00,0xC0C0,0xC0A0,0xC100,0xC940,0xC960,0xC940,
    0xD160,0xC960,0xC0A0,0xC0C0,0xD9E0,0xD9E0,0xD9E0,0xD180,0xC100,0xC920,0xD9E0,0xD160,
    0xC920,0xD180,0xD160,0xD180,0xD9A0,0xC920,0xC920,0xD9C0,0xD9A0,0xD9A0,0xD9C0,0xD160,
    0xC960,0xC0E0,0xB880,0xA800,0x9800,0xB060,0xC900,0xC920,0xD1A0,0xD9E0,0xC0C0,0xA800,
    0xB860,0xB040,0xA800,0xB020,0xB880,0xC0E0,0xE200,0xDA00,0xD9E0,0xD9C0,0xD180,0xE200,
    0xC900,0xA800,0xB020,0xD1A0,0xD9A0,0xD160,0xD160,0xD9C0,0xC0C0,0xB020,0xA820,0xA000,
    0xB040,0xC0C0,0xC0A0,0xA800,0xB080,0xE1E0,0xEA60,0xC940,0xA800,0xB8A0,0xC920,0xC920,
    0xC920,0xC900,0xB860,0xB040,0xB040,0xC0C0,0xD140,0xD160,0xC900,0xC0E0,0xB880,0xD160,
    0xC0E0,0xC0E0,0xB8A0,0xB040,0xB020,0xA000,0xA800,0xB040,0xD160,0xD1A0,0xD1A0,0xE260,
    0xEA80,0xEA60,0xE220,0xD9E0,0xD180,0xEA80,0xEAA0,0xF2C0,0xEA60,0xEA60,0xE200,0xD160,
    0xE240,0xFC02,0xE240,0xC8E0,0xB020,0xB8A0,0xD9C0,0xD180,0xD9E0,0xE220,0xC940,0xC940,
    0xD9C0,0xEAA0,0xF2C0,0xF2C0,0xF2C0,0xEA80,0xD180,0xD160,0xD9E0,0xD9C0,0xD180,0xD160,
    0xC920,0xD160,0xD9E0,0xE240,0xF300,0xEA80,0xD9E0,0xC960,0xD160,0xE240,0xE240,0xD1A0,
    0xB8A0,0xC920,0xD180,0xD180,0xC940,0xC0C0,0xC0C0,0xC920,0xD180,0xC940,0xC960,0xC0E0,
    0xD160,0xE240,0xEA60,0xD180,0xC0C0,0xB880,0xB8A0,0xA820,0xC0C0,0xE220,0xE220,0xD9E0,
    0xD160,0xB880,0xC0C0,0xC940,0xD9C0,0xDA00,0xD9C0,0xC940,0xC0E0,0xC0C0,0xC0C0,0xC920,
    0xC940,0xC900,0xC0E0,0xC100,0xC920,0xD160,0xD9E0,0xE220,0xD1A0,0xD1A0,0xC940,0xC920,
    0xB8C0,0xC920,0xD9C0,0xE200,0xEA60,0xFB20,0xFB00,0xEA80,0xF2C0,0xEA80,0xEA60,0xEAA0,
    0xEAA0,0xF300,0xF2A0,0xD9E0,0xEA80,0xFB20,0xEA60,0xD1A0,0xE200,0xEA80,0xD9E0,0xD180,
    0xEAA0,0xFB40,0xEA80,0xD1A0,0xE240,0xEA60,0xD160,0xD9A0,0xF2C0,0xF2C0,0xD1A0,0xC900,
    0xFB81,0xF360,0xD1A0,0xC940,0xD180,0xD9E0,0xC940,0xC100,0xD160,0xC920,0xD9E0,0xD1A0,
    0xD160,0xC920,0xD160,0xC900,0xC0E0,0xC940,0xD9E0,0xD180,0xB020,0xA000,0x9800,0xA000,
    0xA820,0xA820,0xB060,0xB880,0xD9A0,0xE200,0xB080,0x9000,0xA000,0xA800,0xA800,0xB8C0,
    0xC0E0,0xA800,0xA800,0xA800,0xA800,0x9800,0x9000,0xA000,0xB020,0xA800,0x9800,0x9000,
    0xA000,0xA800,0xB040,0xC0C0,0xC920,0xDA00,0xD160,0xC0C0,0xC0E0,0xB880,0xB040,0xB040,
    0xC0C0,0xC960,0xE260,0xFB40,0xF300,0xD180,0xC940,0xE200,0xE240,0xF2A0,0xE240,0xD180,
    0xB860,0xC0A0,0xD160,0xB860,0xB040,0xB020,0xB040,0xB8A0,0xB060,0xD160,0xD9C0,0xD9E0,
    0xE220,0xD160,0xC920,0xC900,0xD160,0xC100,0xC0C0,0xE220,0xE220,0xE220,0xD160,0xB860,
    0xC100,0xE200,0xE200,0xD9C0,0xD9E0,0xE200,0xD9E0,0xD1A0,0xE220,0xE240,0xDA00,0xEA40,
    0xE240,0xD1C0,0xB860,0xB040,0xB880,0xB860,0xC0C0,0xD9A0,0xDA00,0xC940,0xE240,0xD9C0,
    0xB8C0,0xC0A0,0xB880,0xB020,0xD9A0,0xC940,0xB040,0xD160,0xC0E0,0xC0E0,0xD180,0xE200,
    0xD160,0xC100,0xC900,0xC920,0xB8A0,0xB8A0,0xD160,0xE200,0xE240,0xE240,0xC940,0xC100,
    0xC900,0xDA00,0xD9A0,0xB040,0xC940,0xE200,0xD180,0xD160,0xD180,0xD1A0,0xEA40,0xEA60,
    0xF2C0,0xEA60,0xE200,0xD9A0,0xC940,0xE220,0xF2E0,0xEA60,0xD9E0,0xD9C0,0xD180,0xD9C0,
    0xEA60,0xFB00,0xFB20,0xFB60,0xFB20,0xFB20,0xFB80,0xFB60,0xFB20,0xFB00,0xEAA0,0xD1A0,
    0xC920,0xC940,0xC920,0xD9C0,0xD9E0,0xC940,0xB860,0xB040,0xC0E0,0xD1A0,0xD9E0,0xC0E0,
    0xB860,0xB8A0,0xC940,0xB880,0xB060,0xB880,0xD180,0xD160,0xC0E0,0xC0E0,0xC920,0xB8A0,
    0xC920,0xD9C0,0xE220,0xD160,0xC0E0,0xC940,0xD180,0xC940,0xC940,0xC920,0xD180,0xD1A0,
    0xD160,0xC920,0xB860,0xB860,0xC920,0xA820,0x9000,0x9800,0x9800,0xA840,0xA840,0x7800,
    0x8800,0xB020,0xB880,0xA800,0xA800,0xB880,0xC920,0xC940,0xC0C0,0xB880,0xD140,0xF2E0,
    0xE260,0xD1A0,0xC940,0xB860,0xB040,0xC0E0,0xB880,0xB060,0xC0A0,0xC920,0xC0E0,0xB8A0,
    0xE200,0xF2A0,0xEA80,0xD9C0,0xC100,0xA800,0xB020,0xB880,0xB8A0,0xD9C0,0xC100,0xB880,
    0xB8A0,0xB8A0,0xB880,0xB860,0xC0A0,0xD160,0xD9C0,0xE240,0xFB60,0xFB60,0xF2A0,0xDA00,
    0xD9C0,0xD160,0xB880,0xB040,0xC0C0,0xC900,0xC940,0xC940,0xC940,0xD180,0xD1A0,0xE200,
    0xD9E0,0xDA00,0xE200,0xC0E0,0xB860,0xC0C0,0xC960,0xC900,0xC0A0,0xC940,0xC940,0xD9C0,
    0xD9E0,0xD180,0xC940,0xE220,0xE240,0xC900,0xC0C0,0xB880,0xC0E0,0xB8A0,0xA800,0xB8A0,
    0xC900,0xB860,0xB020,0xB8A0,0xD9C0,0xEA80,0xD180,0xB880,0xA800,0xA820,0xB060,0xC0C0,
    0xB8A0,0xC100,0xD1A0,0xD1A0,0xC0E0,0xB8A0,0xB8A0,0xD9E0,0xD9E0,0xC940,0xC0E0,0xC920,
    0xC940,0xC920,0xD160,0xD160,0xB040,0xB040,0xC920,0xB880,0xB8A0,0xC900,0xB8A0,0xB060,
    0xB020,0xD180,0xF2A0,0xC920,0xB060,0xB040,0xA800,0xB040,0xC920,0xD180,0xB8A0,0xB880,
    0xC0E0,0xC0E0,0xC940,0xC920,0xC940,0xB8A0,0xA000,0xB860,0xA800,0xB040,0xB040,0xA800,
    0xA000,0x9800,0x9800,0xA000,0xC0E0,0xD9E0,0xD9A0,0xD9E0,0xD9E0,0xE220,0xE240,0xE240,
    0xE240,0xD9A0,0xD160,0xC920,0xD9A0,0xF2A0,0xFB60,0xF2C0,0xF3A3,0xFD8A,0xF2A0,0xD1A0,
    0xC0C0,0xB060,0xB880,0xC0E0,0xD1A0,0xD9E0,0xC0E0,0xC920,0xD9E0,0xF2A0,0xF300,0xE220,
    0xD1A0,0xD180,0xB8A0,0xB880,0xE200,0xD180,0xC940,0xC940,0xD180,0xD9C0,0xEA80,0xFB81,
    0xFC44,0xEA80,0xF2A0,0xEA60,0xEA60,0xEA60,0xEA80,0xE240,0xD140,0xD160,0xD9C0,0xD9C0,
    0xC900,0xC0E0,0xC100,0xD180,0xD180,0xD160,0xD1A0,0xC940,0xD160,0xEA80,0xE240,0xC0E0,
    0xB040,0xB060,0xB860,0xC0E0,0xC0C0,0xC940,0xD9C0,0xC940,0xC940,0xD140,0xD140,0xC960,
    0xD180,0xD1A0,0xD160,0xC900,0xC100,0xC900,0xC0E0,0xC0C0,0xD160,0xC100,0xC0C0,0xC900,
    0xC0A0,0xB860,0xC920,0xC100,0xB040,0xC0E0,0xD1A0,0xC920,0xB860,0xB880,0xC940,0xD9E0,
    0xD9E0,0xE220,0xF2A0,0xEA80,0xD9E0,0xE200,0xD9C0,0xD160,0xF2E0,0xFBC0,0xFB20,0xE220,
    0xEA80,0xFB20,0xF2E0,0xEA60,0xEA60,0xE240,0xE200,0xE240,0xF2E0,0xFB00,0xEAA0,0xD9E0,
    0xD9A0,0xD9C0,0xC0E0,0xC0A0,0xE240,0xE200,0xC0E0,0xD1A0,0xEA80,0xDA00,0xC940,0xC0E0,
    0xC940,0xD9E0,0xE240,0xD9E0,0xD9A0,0xC900,0xD9E0,0xE240,0xD180,0xC100,0xB880,0xA800,
    0xC900,0xE240,0xD1A0,0xC0E0,0xA800,0xA000,0xA000,0x9800,0xB020,0xB040,0xA840,0xB040,
    0xD180,0xF300,0xC0C0,0xA000,0xA800,0xA820,0xB880,0xC900,0xC0A0,0xB020,0xB040,0xB020,
    0x9800,0x9800,0xA000,0xA800,0xA800,0xA800,0xA800,0xA000,0xA000,0xA800,0xB8A0,0xD160,
    0xC0E0,0xD180,0xD9C0,0xC940,0xB860,0xB020,0xB880,0xD160,0xD9C0,0xD9E0,0xE220,0xF2C0,
    0xD9E0,0xD160,0xC100,0xC940,0xC920,0xD180,0xEA60,0xE240,0xD160,0xC0E0,0xC900,0xC0A0,
    0xC0C0,0xC0E0,0xB880,0xD1A0,0xD160,0xEA60,0xEA60,0xDA00,0xD180,0xC940,0xC940,0xC920,
    0xC940,0xC100,0xC0E0,0xC940,0xD180,0xDA00,0xB8A0,0xA800,0xB860,0xC940,0xD9A0,0xEAA0,
    0xFB00,0xEA80,0xE240,0xF2E0,0xF2C0,0xE220,0xF2A0,0xFB00,0xFB40,0xEAA0,0xC0C0,0xB040,
    0xB020,0xB020,0xA800,0xC0E0,0xB880,0xA800,0xA820,0xA000,0xA000,0xB8A0,0xB8A0,0xC920,
    0xEA40,0xE200,0xC940,0xC0E0,0xB040,0xB020,0xA800,0xC0E0,0xD180,0xD1A0,0xC940,0xD180,
    0xC0C0,0xB040,0xC100,0xE200,0xD9A0,0xC920,0xD180,0xD9C0,0xD9A0,0xE200,0xD9E0,0xC940,
    0xD180,0xE240,0xEA60,0xE220,0xEA60,0xD9E0,0xD9C0,0xD9E0,0xE200,0xEA60,0xE200,0xC100,
    0xC0C0,0xD160,0xF2C0,0xFB00,0xEA80,0xF2C0,0xE200,0xD1A0,0xD1A0,0xEA80,0xFB20,0xEA80,
    0xEA60,0xF2E0,0xFB00,0xFB20,0xF2C0,0xF2A0,0xEA80,0xEA60,0xC940,0xB880,0xB860,0xC960,
    0xD1A0,0xC100,0xC0E0,0xC900,0xC920,0xE220,0xD9C0,0xC0C0,0xB8A0,0xC0E0,0xC940,0xB040,
    0xB020,0xB020,0xC940,0xD9C0,0xD160,0xC900,0xC940,0xB040,0xC0C0,0xD9A0,0xD9E0,0xD180,
    0xC0E0,0xC0E0,0xE200,0xD180,0xB8A0,0xB880,0xB880,0xC900,0xC940,0xC0A0,0xB020,0xB8A0,
    0xE220,0xC920,0xA000,0x9800,0x9800,0xB020,0xA000,0x8800,0x9800,0xA800,0xA800,0xB8A0,
    0xB8C0,0xA800,0xC0C0,0xD160,0xC0C0,0xC0C0,0xC0E0,0xC0E0,0xDA00,0xC0C0,0xB020,0xB860,
    0xB060,0xC920,0xB860,0xB8A0,0xC0C0,0xC100,0xB8A0,0xC0E0,0xD1A0,0xD9C0,0xEA80,0xF2C0,
    0xEA60,0xB8A0,0xB880,0xC0A0,0xC0E0,0xD9C0,0xC0E0,0xB8A0,0xC920,0xC0C0,0xD180,0xC920,
    0xC940,0xE220,0xD9E0,0xD140,0xE240,0xFB40,0xF2C0,0xE220,0xEAA0,0xE220,0xC940,0xD180,
    0xD9C0,0xD1A0,0xC920,0xD1A0,0xD9C0,0xD1A0,0xE220,0xE200,0xC940,0xC0E0,0xC0C0,0xC0E0,
    0xC0E0,0xC900,0xD180,0xD9C0,0xD180,0xD180,0xC920,0xD180,0xD1A0,0xD9C0,0xD9E0,0xC900,
    0xC0E0,0xC940,0xC900,0xC0E0,0xC0E0,0xC0C0,0xC0C0,0xD9E0,0xEA60,0xD9E0,0xC0E0,0xB020,
    0xC100,0xD140,0xB880,0xC0C0,0xB060,0xA000,0xB860,0xD180,0xE220,0xF2C0,0xD180,0xA820,
    0x9800,0x9800,0xA820,0xC0E0,0xD180,0xD180,0xC900,0xB860,0xC900,0xC0C0,0xB8A0,0xC920,
    0xB020,0xC0E0,0xF2C0,0xEA60,0xC920,0xB060,0xB020,0xB880,0xB880,0xD160,0xD1A0,0xC920,
    0xD160,0xB880,0xA000,0xB020,0xC0E0,0xB880,0xA800,0xB8A0,0xD9E0,0xC100,0xC940,0xC900,
    0xD180,0xC0E0,0xA000,0xA800,0xA800,0xB040,0xC0C0,0xB880,0xA800,0xA800,0x9000,0x9800,
    0xA800,0xC940,0xD180,0xD9C0,0xD180,0xC920,0xD9E0,0xF2C0,0xF2A0,0xD180,0xC0E0,0xC940,
    0xE220,0xEA80,0xF300,0xE240,0xF320,0xFD07,0xFCC7,0xFB60,0xD9E0,0xD160,0xC0C0,0xC0E0,
    0xD1A0,0xEA60,0xC940,0xC0C0,0xD180,0xF2C0,0xEAA0,0xD9C0,0xB880,0xB8A0,0xB060,0xB860,
    0xFB60,0xEAA0,0xC0E0,0xD180,0xEA80,0xEAA0,0xF2E0,0xEAC0,0xE260,0xD9E0,0xEA60,0xEA60,
    0xE240,0xEA40,0xE240,0xEAA0,0xEA60,0xE220,0xD160,0xC920,0xC940,0xD9C0,0xD9E0,0xE220,
    0xD1A0,0xC940,0xD9C0,0xC960,0xC900,0xD9E0,0xD9E0,0xC920,0xC900,0xC0C0,0xD1A0,0xEA60,
    0xC920,0xC0C0,0xD9E0,0xE220,0xEA60,0xE220,0xC0E0,0xC900,0xD1A0,0xD180,0xD160,0xC0E0,
    0xC0A0,0xC920,0xC940,0xD9C0,0xD9E0,0xD160,0xC940,0xC0E0,0xB880,0xB060,0xB8C0,0xB8A0,
    0xB8A0,0xC900,0xC940,0xC0C0,0xB860,0xB8A0,0xC0C0,0xC940,0xD180,0xD160,0xC940,0xE220,
    0xEA60,0xD9C0,0xD9C0,0xE220,0xEAA0,0xFB20,0xD9C0,0xD9E0,0xE220,0xE240,0xF2C0,0xFB20,
    0xF2E0,0xF2C0,0xF2E0,0xFB40,0xFB00,0xF2A0,0xF2A0,0xEAA0,0xEA60,0xD9E0,0xB860,0xB040,
    0xC940,0xEA60,0xC0C0,0xD180,0xEAA0,0xDA00,0xC0E0,0xB040,0xB880,0xE220,0xF2E0,0xFB20,
    0xF341,0xE220,0xE200,0xF2A0,0xEA80,0xE220,0xC0C0,0xA000,0xC920,0xD160,0xC0E0,0xB880,
    0xA800,0xA820,0xA800,0xA000,0xA800,0xA000,0xB880,0xD160,0xD160,0xD160,0xB880,0xC0C0,
    0xB880,0xB880,0xC0C0,0xD160,0xC940,0xC0E0,0xB880,0xA800,0xA800,0xA820,0xA800,0xB880,
    0xB040,0xA800,0xC0C0,0xB8A0,0x9800,0xA000,0xC940,0xD1A0,0xC920,0xD140,0xD9E0,0xEA60,
    0xD160,0xC920,0xD1A0,0xD9E0,0xEA60,0xEA80,0xEA60,0xEAA0,0xD9C0,0xC940,0xC900,0xC900,
    0xD160,0xD1A0,0xE240,0xEA80,0xE220,0xD9C0,0xD9C0,0xD1A0,0xD1A0,0xC920,0xC0E0,0xD1A0,
    0xD9E0,0xF2E0,0xF2C0,0xD160,0xC900,0xC900,0xD180,0xD1A0,0xD9C0,0xC920,0xC0C0,0xB040,
    0xC0E0,0xC900,0xB860,0xC0E0,0xC920,0xB8A0,0xC0C0,0xEA60,0xFB00,0xFB00,0xFB80,0xFB20,
    0xF2C0,0xF2A0,0xEAA0,0xFB80,0xFBC0,0xF2C0,0xC8E0,0xB040,0xB060,0xB040,0xA000,0xA800,
    0xA800,0xA800,0xA800,0x9800,0xB880,0xD160,0xC940,0xEA40,0xF2A0,0xD1A0,0xB880,0xB020,
    0xC0C0,0xB8A0,0xA820,0xA000,0xB880,0xD1A0,0xD160,0xB880,0xA800,0xB040,0xC920,0xDA00,
    0xB8A0,0xB860,0xD9C0,0xE220,0xE240,0xDA00,0xE220,0xD9E0,0xD9C0,0xEA80,0xFB20,0xF300,
    0xFB40,0xF2C0,0xD1A0,0xC920,0xD180,0xE240,0xD9E0,0xB020,0xC0C0,0xD160,0xE200,0xF2E0,
    0xEA60,0xE220,0xEA60,0xD9E0,0xE200,0xE240,0xFB00,0xEAA0,0xEA80,0xFB60,0xFB80,0xFC42,
    0xEAC0,0xD1A0,0xEA80,0xFB40,0xD1A0,0xB860,0xB040,0xC0E0,0xD160,0xC0E0,0xC0E0,0xD1A0,
    0xD160,0xC940,0xD180,0xD9C0,0xF2A0,0xC920,0xC100,0xC0E0,0xB040,0xA800,0xC0E0,0xF2E0,
    0xEAA0,0xD9C0,0xE200,0xC0C0,0xB860,0xC0C0,0xC0C0,0xB860,0xB020,0xB860,0xD9E0,0xD160,
    0xB060,0xB020,0xA800,0xC0C0,0xD9E0,0xC940,0xB880,0xC940,0xEAC0,0xE220,0xB040,0xA000,
    0xA800,0xB020,0xA000,0x9800,0xB020,0xB880,0xB040,0xB020,0xA800,0xA800,0xB860,0xC940,
    0xC940,0xD180,0xC940,0xB8A0,0xC920,0xB060,0xA820,0xA800,0xB040,0xEA80,0xE240,0xD160,
    0xC920,0xC900,0xC0C0,0xC100,0xD9C0,0xE200,0xD180,0xD180,0xEAA0,0xD9C0,0xC900,0xC900,
    0xC920,0xC0E0,0xB8A0,0xB880,0xB8A0,0xC0A0,0xD1A0,0xD1A0,0xE260,0xF2E0,0xD160,0xC900,
    0xD9A0,0xF300,0xF2E0,0xF2E0,0xEA60,0xD1A0,0xD9C0,0xE200,0xD9C0,0xC960,0xD1A0,0xDA00,
    0xD9E0,0xD9C0,0xD1A0,0xD9E0,0xC940,0xB840,0xC0C0,0xD180,0xD180,0xC900,0xC900,0xDA00,
    0xE220,0xC940,0xC0E0,0xC100,0xC0E0,0xB8A0,0xC0E0,0xC100,0xC900,0xC0E0,0xD9C0,0xD9C0,
    0xD1A0,0xC940,0xD180,0xD9E0,0xE220,0xEAA0,0xE240,0xC0C0,0xC920,0xE200,0xD180,0xD180,
    0xD160,0xB040,0xB8A0,0xD160,0xEA80,0xE240,0xD160,0xB040,0xB080,0xA800,0x9800,0x9000,
    0x9800,0xA840,0xA000,0x9800,0xC0E0,0xC920,0xA800,0xB060,0xB860,0xD160,0xDA00,0xE220,
    0xF2A0,0xD180,0xB040,0xB860,0xB8A0,0xC960,0xC900,0xD9C0,0xC920,0xB020,0xB040,0xC0E0,
    0xC0C0,0xA800,0xA800,0xB020,0xC920,0xD9C0,0xD160,0xC0C0,0xB8A0,0xB020,0xB060,0xB860,
    0xA800,0xB860,0xC920,0xC920,0xB860,0xA000,0xA000,0xA000,0xB000,0xC0C0,0xD180,0xC920,
    0xC920,0xC920,0xD9E0,0xF2C0,0xF2E0,0xD180,0xD180,0xD9C0,0xD9A0,0xE220,0xE220,0xC920,
    0xE200,0xFC63,0xFCE6,0xEAA0,0xE200,0xC940,0xC100,0xD180,0xE240,0xE220,0xC940,0xC920,
    0xD1A0,0xE220,0xE240,0xD9C0,0xB860,0xB020,0xC0C0,0xB8A0,0xD1A0,0xE220,0xD160,0xEA60,
    0xFB60,0xF2E0,0xE220,0xC940,0xE200,0xEA80,0xD9C0,0xDA00,0xEA80,0xEAA0,0xE220,0xF2C0,
    0xFB20,0xEA80,0xD9E0,0xD9C0,0xD9C0,0xD9A0,0xE240,0xD9C0,0xD160,0xC0E0,0xD160,0xC900,
    0xD180,0xD9C0,0xD160,0xC920,0xC100,0xC0E0,0xC0C0,0xD180,0xC100,0xB8A0,0xC900,0xD9C0,
    0xD9E0,0xC100,0xA800,0xB060,0xC100,0xD1A0,0xD180,0xB8A0,0xB020,0xB060,0xC920,0xEAA0,
    0xE240,0xD160,0xD160,0xD1A0,0xD160,0xC940,0xC940,0xE200,0xFB00,0xD180,0xB860,0xC0E0,
    0xC100,0xC920,0xD160,0xD160,0xD180,0xD9C0,0xE220,0xEA40,0xEA80,0xD9E0,0xC920,0xE220,
    0xFB20,0xFB60,0xE200,0xC940,0xD9E0,0xD1A0,0xE200,0xEA60,0xE220,0xF2E0,0xFB60,0xF300,
    0xF2E0,0xFB00,0xFB00,0xF2C0,0xEA80,0xD9E0,0xA820,0xA000,0xB040,0xD140,0xD1A0,0xD180,
    0xD180,0xD160,0xD160,0xC940,0xC0E0,0xEA60,0xF2E0,0xFBA0,0xFB81,0xEA60,0xE200,0xD180,
    0xD180,0xD9E0,0xD180,0xC0E0,0xC920,0xC900,0xC0C0,0xC920,0xC0C0,0xC0C0,0xB860,0xA000,
    0x9800,0xA840,0xE200,0xD160,0xD1A0,0xC0E0,0xC0E0,0xDA00,0xC940,0xC0A0,0xB880,0xC920,
    0xD180,0xD1A0,0xD160,0xB8A0,0xB860,0xB020,0xB040,0xB880,0xB020,0xB040,0xC0C0,0xB8A0,
    0xA820,0xB020,0xB8A0,0xC0E0,0xB040,0xC940,0xE220,0xE240,0xD180,0xC940,0xD180,0xC100,
    0xD9C0,0xE220,0xEAA0,0xEA60,0xD180,0xDA00,0xE240,0xE200,0xD180,0xD1A0,0xE240,0xE220,
    0xD1A0,0xD180,0xD9E0,0xDA00,0xD9E0,0xC920,0xC940,0xD9E0,0xE240,0xEAA0,0xE220,0xC920,
    0xC0E0,0xD9E0,0xF2C0,0xE220,0xD9C0,0xC940,0xC900,0xB860,0xB060,0xA820,0xB880,0xD160,
    0xD160,0xB020,0xB860,0xD9A0,0xF300,0xFB40,0xFB20,0xEA60,0xD9C0,0xD9E0,0xD9E0,0xFB00,
    0xFB80,0xFB80,0xD9C0,0xC0C0,0xC0C0,0xC0E0,0xA820,0xB040,0xA800,0xA800,0xA800,0xB020,
    0xB8A0,0xC0E0,0xC0C0,0xD160,0xD9A0,0xD1A0,0xD1A0,0xC0A0,0xC940,0xE240,0xE200,0xC0A0,
    0xB8A0,0xC900,0xC940,0xB040,0xB000,0xB040,0xC0C0,0xB060,0xA800,0xB860,0xD180,0xD1A0,
    0xC920,0xD160,0xD9A0,0xE220,0xDA00,0xE220,0xD9A0,0xD160,0xEAA0,0xFB00,0xD9E0,0xD160,
    0xD9E0,0xF2C0,0xF2E0,0xD1A0,0xC940,0xC100,0xC0C0,0xD180,0xC920,0xC0E0,0xC940,0xD1A0,
    0xD9E0,0xE240,0xF2A0,0xF2C0,0xF2E0,0xFB60,0xFB80,0xFC21,0xFB60,0xD9E0,0xE220,0xF2C0,
    0xD180,0xC0A0,0xB8A0,0xC940,0xE220,0xD9C0,0xD1A0,0xE240,0xE220,0xD160,0xD9C0,0xD9E0,
    0xE220,0xD180,0xC0E0,0xC0C0,0xB880,0xB060,0xC0E0,0xE220,0xE220,0xEA80,0xEA80,0xD180,
    0xB860,0xB020,0xB040,0xB860,0xB020,0xB020,0xC0A0,0xB880,0xA000,0xA000,0xA800,0xC0E0,
    0xEA60,0xE220,0xC920,0xC960,0xEA60,0xB880,0xB860,0xC920,0xC920,0xD160,0xA800,0xB020,
    0xC0C0,0xC900,0xB8A0,0xB040,0xA800,0xA800,0xB060,0xB860,0xB880,0xD9E0,0xE240,0xD9E0,
    0xC940,0xC920,0xD9A0,0xE200,0xC940,0xE240,0xF2C0,0xEA60,0xE220,0xD160,0xC0E0,0xC0C0,
    0xC0C0,0xD160,0xC100,0xB060,0xB880,0xB860,0xB040,0xB880,0xC900,0xEA80,0xEAA0,0xC0C0,
    0xA800,0xB060,0xD180,0xD9E0,0xF2C0,0xF2E0,0xD180,0xC920,0xC940,0xD9E0,0xEA80,0xEAA0,
    0xD9C0,0xC920,0xC920,0xD160,0xC920,0xC900,0xD9C0,0xE240,0xE220,0xD1A0,0xD180,0xD9C0,
    0xD140,0xC0A0,0xD9C0,0xDA00,0xC0C0,0xB8A0,0xB8A0,0xC100,0xD160,0xC100,0xB8A0,0xC0C0,
    0xC0C0,0xB880,0xB040,0xD180,0xD9C0,0xC0E0,0xD9A0,0xD9E0,0xD180,0xE200,0xEA80,0xD180,
    0xC900,0xE220,0xD9E0,0xB8A0,0xB020,0xD180,0xEA40,0xD9C0,0xC940,0xB860,0xC920,0xDA00,
    0xD9E0,0xC100,0xB880,0xC920,0xD1A0,0xC0C0,0xB040,0x9000,0x8800,0x9000,0x9800,0xA020,
    0xB8A0,0xD160,0xC0E0,0xB880,0xC0E0,0xB8A0,0xC0E0,0xC0E0,0xF2C0,0xEA60,0xC0E0,0xB8A0,
    0xB880,0xB880,0xB060,0xC0E0,0xC940,0xB860,0xB040,0xC920,0xC900,0xB020,0xA820,0xA800,
    0xB040,0xC0C0,0xC0E0,0xB880,0xA800,0xB040,0xC0E0,0xB060,0xA000,0x9800,0xB880,0xB040,
    0xA800,0xB040,0xB880,0xB020,0xB020,0xB880,0xD180,0xC900,0xC900,0xC920,0xC900,0xD9C0,
    0xE240,0xD9A0,0xE200,0xC940,0xC0E0,0xD9E0,0xF2E0,0xEA80,0xE240,0xE200,0xEA40,0xD160,
    0xC920,0xD9C0,0xD9A0,0xC0E0,0xD9E0,0xD9E0,0xC920,0xC0A0,0xD160,0xD9C0,0xD180,0xC0E0,
    0xC0C0,0xB040,0xB880,0xC0E0,0xC0C0,0xD180,0xEB21,0xFC23,0xFBC0,0xEA40,0xD180,0xC900,
    0xD160,0xE200,0xD9C0,0xEA60,0xE240,0xD9E0,0xD180,0xE240,0xEA80,0xE220,0xD9C0,0xDA00,
    0xD9E0,0xD160,0xD9C0,0xD9C0,0xD9C0,0xB8A0,0xB880,0xC100,0xD1A0,0xD9C0,0xE220,0xC920,
    0xA800,0xA800,0xC0E0,0xD160,0xC900,0xC0C0,0xC0C0,0xC0E0,0xC900,0xB040,0xB020,0xC100,
    0xC920,0xC0A0,0xB880,0xB860,0xB880,0xB860,0xB880,0xC940,0xD9E0,0xE240,0xE240,0xF2E0,
    0xEAA0,0xD9C0,0xC920,0xD180,0xE240,0xD180,0xB880,0xC0E0,0xD1A0,0xC0C0,0xC920,0xE200,
    0xD9E0,0xDA00,0xEA60,0xEA60,0xF2C0,0xEA60,0xD9C0,0xD1A0,0xD180,0xC940,0xC0E0,0xC0E0,
    0xC920,0xC920,0xD9C0,0xE200,0xD9E0,0xF2C0,0xEA80,0xD1A0,0xE200,0xF2C0,0xF2A0,0xEA60,
    0xD9C0,0xC0E0,0xA820,0xA000,0xA000,0xB880,0xE220,0xEA60,0xE220,0xC960,0xD160,0xD9C0,
    0xD9C0,0xD160,0xD160,0xE260,0xEA40,0xC940,0xC0E0,0xB020,0xB860,0xC920,0xC0C0,0xC900,
    0xC920,0xC940,0xC940,0xD160,0xD160,0xC0A0,0xB020,0xA800,0xA820,0xB880,0xEA60,0xC920,
    0xB040,0xC900,0xD180,0xD9E0,0xC940,0xC940,0xC940,0xC0C0,0xD9E0,0xD180,0xD160,0xC0E0,
    0xC0C0,0xC900,0xD180,0xA820,0xA000,0xC960,0xEAC0,0xC900,0xC0A0,0xC0E0,0xC940,0xB8C0,
    0xA800,0xC0C0,0xC0C0,0xD180,0xDA00,0xB880,0xA820,0xB060,0xC900,0xD9A0,0xEA80,0xE240,
    0xD9C0,0xE240,0xF2A0,0xEA60,0xE240,0xDA00,0xE240,0xE240,0xD1A0,0xC920,0xD9E0,0xEA80,
    0xF2A0,0xD9E0,0xDA00,0xEA60,0xF2E0,0xD9E0,0xC940,0xD9A0,0xE220,0xEA60,0xEA60,0xD1A0,
    0xC940,0xD160,0xC900,0xB040,0xA000,0xA000,0xA800,0xC900,0xD9E0,0xD1A0,0xC920,0xD9E0,
    0xEA80,0xEA60,0xF300,0xEA80,0xD160,0xC940,0xD1A0,0xE220,0xF2E0,0xFBA0,0xEA80,0xC940,
    0xC100,0xD160,0xC0C0,0xC940,0xB8A0,0xB040,0xB060,0xC0C0,0xB040,0xB040,0xB860,0xC0E0,
    0xC100,0xB8A0,0xC900,0xB8A0,0xC0E0,0xD9E0,0xEA80,0xD160,0xB880,0xB040,0xB8A0,0xB880,
    0xC0C0,0xC940,0xD140,0xC0C0,0xB8A0,0xC0A0,0xD160,0xC900,0xC900,0xC920,0xC940,0xC920,
    0xD160,0xD160,0xB040,0xB020,0xD160,0xD9A0,0xD9E0,0xEA60,0xE220,0xFB20,0xFB20,0xE220,
    0xD160,0xB860,0xA800,0xB880,0xC940,0xC920,0xC0E0,0xC0C0,0xC960,0xEA60,0xE220,0xE240,
    0xFB60,0xEA80,0xF2C0,0xFB60,0xD9E0,0xD9E0,0xD9E0,0xEA60,0xD160,0xC100,0xD1A0,0xD9C0,
    0xDA00,0xEA80,0xE220,0xE240,0xE200,0xE220,0xF2E0,0xE240,0xF2E0,0xEA60,0xC900,0xB880,
    0xC920,0xD9A0,0xB880,0xC900,0xE220,0xE240,0xC920,0xC940,0xC0E0,0xC900,0xC920,0xC0C0,
    0xB8A0,0xD160,0xD160,0xB8A0,0xC900,0xA840,0xA800,0xB880,0xD9E0,0xD180,0xB860,0xA000,
    0xA000,0xA000,0xA820,0xB060,0xB860,0xC0C0,0xB040,0xC0E0,0xC940,0xE280,0xE240,0xC920,
    0xB040,0xA800,0xB880,0xB880,0xC0C0,0xDA00,0xE260,0xEA60,0xD180,0xC940,0xE240,0xEA40,
    0xD180,0xC0C0,0xC900,0xD9A0,0xD9E0,0xD1A0,0xD160,0xC0A0,0xB880,0xC900,0xC900,0xB8A0,
    0xC0C0,0xC920,0xD1A0,0xD160,0xC920,0xF320,0xFB40,0xC920,0xB8A0,0xA800,0xC0E0,0xD1A0,
    0xD180,0xE240,0xEA80,0xEA60,0xDA00,0xD180,0xEA80,0xDA00,0xD1A0,0xD180,0xD9A0,0xD180,
    0xC0E0,0xC920,0xD1A0,0xD1A0,0xD160,0xC900,0xD9C0,0xEA80,0xD1A0,0xC0A0,0xD9E0,0xD9C0,
    0xB020,0xB020,0xB040,0xB880,0xC100,0xC900,0xC0E0,0xC100,0xB040,0xA800,0xA820,0xB060,
    0xC0C0,0xC0C0,0xD180,0xEA80,0xD9C0,0xD1A0,0xE220,0xD180,0xD180,0xD180,0xC0C0,0xB860,
    0xC100,0xD160,0xD9E0,0xC940,0xC900,0xC0C0,0xB8A0,0xD160,0xC0C0,0xB860,0xC0C0,0xC940,
    0xC940,0xD1A0,0xD9C0,0xB0A0,0xA000,0xB020,0xB040,0xD140,0xC920,0xB8A0,0xD9E0,0xC940,
    0xC0E0,0xA820,0xB060,0xC0C0,0xB880,0xB040,0xC920,0xC940,0xB880,0xB8A0,0xC100,0xC0E0,
    0xC0E0,0xB040,0xB860,0xA820,0xB860,0xA820,0xA800,0xA000,0xA800,0xB020,0xB8A0,0xB020,
    0xB020,0xC900,0xC940,0xB020,0x9800,0x8800,0xA000,0xA800,0xA800,0xB860,0xC900,0xC0E0,
    0xB020,0xB000,0xB880,0xC0C0,0xD180,0xD9A0,0xD160,0xD160,0xD9A0,0xD9E0,0xE240,0xD160,
    0xD180,0xE220,0xEA80,0xE200,0xE220,0xD180,0xC0C0,0xC100,0xE200,0xFB20,0xE200,0xC0E0,
    0xDA00,0xF2A0,0xEA40,0xC100,0xB880,0xC900,0xC940,0xB8A0,0xC0C0,0xC0C0,0xC0C0,0xC920,
    0xD160,0xD140,0xF2E0,0xF341,0xE240,0xD140,0xDA00,0xD180,0xD160,0xEA60,0xE200,0xEA60,
    0xD9A0,0xB880,0xB8A0,0xD180,0xD1A0,0xD9C0,0xD9C0,0xE220,0xDA00,0xD9E0,0xD9C0,0xD160,
    0xD1A0,0xD1A0,0xC920,0xB880,0xC940,0xD160,0xE200,0xD9C0,0xB8A0,0xA800,0xC0C0,0xC920,
    0xB8A0,0xB040,0xA820,0xB040,0xC900,0xC0C0,0xD180,0xE220,0xC920,0xB000,0xA800,0xB880,
    0xC900,0xC900,0xD160,0xC0C0,0xD160,0xD9E0,0xEAA0,0xFB60,0xF2C0,0xD9E0,0xD1A0,0xD160,
    0xD180,0xC900,0xC900,0xD1A0,0xE200,0xD9C0,0xC0C0,0xD160,0xE240,0xDA00,0xD180,0xC920,
    0xE200,0xF2C0,0xD9E0,0xD160,0xC920,0xC0E0,0xB860,0xD180,0xEA60,0xE200,0xD160,0xD1A0,
    0xD1A0,0xD9C0,0xD180,0xD9A0,0xEA80,0xEA60,0xC940,0xEA80,0xE220,0xC920,0xC0E0,0xC0E0,
    0xB040,0xC0C0,0xE240,0xEA60,0xEA80,0xE240,0xD180,0xE200,0xE240,0xC0E0,0xC0C0,0xD9E0,
    0xD9E0,0xD9A0,0xB880,0xB880,0xC0E0,0xC100,0xB040,0xB860,0xD160,0xD160,0xD140,0xC940,
    0xC0A0,0xA800,0xA800,0xB020,0xC0E0,0xC900,0xC0E0,0xB8A0,0xC0C0,0xC0E0,0xD9E0,0xD9C0,
    0xC0A0,0xC920,0xC920,0xB060,0xB8A0,0xE200,0xE220,0xD180,0xC920,0xD1A0,0xD1A0,0xC0E0,
    0xB040,0xD180,0xFB80,0xD180,0xD9C0,0xD9E0,0xD9C0,0xC0C0,0xB8A0,0xC0E0,0xA800,0xC0E0,
    0xE200,0xB880,0xA800,0xB020,0xB020,0xC940,0xF2A0,0xE240,0xD9C0,0xD9E0,0xE240,0xD180,
    0xC960,0xD9E0,0xFB00,0xEAA0,0xD9C0,0xD1A0,0xD9C0,0xEA60,0xE260,0xE200,0xE200,0xF2A0,
    0xF2C0,0xD180,0xC920,0xD9A0,0xFB40,0xEAC0,0xD180,0xC940,0xD160,0xD160,0xC900,0xB040,
    0xA000,0x9800,0xA800,0xD160,0xE240,0xF2C0,0xE240,0xEA60,0xEA80,0xF2A0,0xFB60,0xFC00,
    0xF320,0xEA80,0xD180,0xD9C0,0xFB60,0xFBC0,0xE220,0xC0C0,0xC0E0,0xE220,0xC0E0,0xB880,
    0xC0E0,0xC920,0xC900,0xC920,0xB8A0,0xB880,0xC0E0,0xC900,0xB880,0xA800,0xB020,0xB8A0,
    0xC900,0xD160,0xC940,0xC940,0xC0E0,0xA800,0xA820,0xC900,0xE200,0xFB80,0xF2E0,0xD9E0,
    0xB860,0xD160,0xD9E0,0xC0E0,0xD180,0xDA00,0xD9A0,0xD180,0xC920,0xD9C0,0xC940,0xB060,
    0xC940,0xD9E0,0xEA80,0xEA40,0xFB60,0xFB20,0xE240,0xD1A0,0xC940,0xB060,0xA000,0xA840,
    0xD160,0xD1A0,0xD180,0xC900,0xE200,0xE240,0xD1A0,0xD9C0,0xEA80,0xFB60,0xEA60,0xD1A0,
    0xB880,0xC920,0xDA00,0xE200,0xC0E0,0xC100,0xE240,0xE220,0xE240,0xF2E0,0xEA80,0xC920,
    0xD160,0xF2E0,0xFBA0,0xF2E0,0xF300,0xF2C0,0xE240,0xB8A0,0xB8A0,0xE240,0xE220,0xC0E0,
    0xD180,0xD180,0xB060,0xC940,0xD1A0,0xD9C0,0xC900,0xA820,0xA820,0xC0C0,0xB8A0,0xD160,
    0xC0E0,0xA800,0xA000,0xC0A0,0xD160,0xB880,0xA800,0x9800,0xA000,0xA820,0xB060,0x9800,
    0x9800,0xA000,0xA800,0xC100,0xDA00,0xFBA2,0xF321,0xD180,0xC0E0,0xB880,0xB040,0xB060,
    0xB020,0xC100,0xD9C0,0xD9C0,0xD9C0,0xE240,0xC900,0xB020,0xA800,0xB040,0xC0A0,0xD180,
    0xD180,0xD180,0xE220,0xE220,0xD9E0,0xC920,0xC0E0,0xB860,0xC100,0xD9C0,0xEA60,0xD9C0,
    0xD140,0xF2C0,0xEAA0,0xD180,0xC0E0,0xB060,0xB020,0xC940,0xE200,0xE200,0xE220,0xE240,
    0xC920,0xD180,0xEA80,0xEA80,0xEA80,0xDA00,0xD1A0,0xD160,0xC0C0,0xC0E0,0xC920,0xC900,
    0xC0C0,0xD9C0,0xF320,0xFB80,0xFAE0,0xD1A0,0xC100,0xD9A0,0xC0C0,0xB860,0xB860,0xB880,
    0xC920,0xD180,0xD9C0,0xD9A0,0xD9E0,0xC0C0,0xB040,0xC0C0,0xB8A0,0xC100,0xD1A0,0xD9E0,
    0xD180,0xE200,0xE220,0xF2E0,0xF2E0,0xD180,0xC0A0,0xD9E0,0xEAA0,0xD160,0xD1A0,0xC0C0,
    0xB880,0xC920,0xC940,0xD9C0,0xC900,0xC0E0,0xC0C0,0xB040,0xB060,0xB880,0xD9E0,0xD180,
    0xB860,0xB860,0xB8A0,0xC940,0xC920,0xB060,0xD9E0,0xC0C0,0xB020,0xA800,0xB020,0xA800,
    0xA000,0xA800,0xB8A0,0xC0E0,0xA800,0xB860,0xD160,0xC920,0xB8A0,0xB020,0xA800,0xA800,
    0xA820,0xA000,0xB860,0xA000,0xA000,0xA800,0xB000,0xB020,0xA800,0xB040,0xA840,0xA000,
    0x9800,0x9000,0xA000,0xA000,0x9800,0xA000,0xB060,0xB8A0,0xA820,0xA000,0xA800,0xB880,
    0xD180,0xE220,0xEA80,0xE220,0xC0E0,0xC0C0,0xEA80,0xDA00,0xD9C0,0xEAA0,0xEA60,0xD160,
    0xC920,0xD160,0xC100,0xB8A0,0xC920,0xD9C0,0xD180,0xD160,0xD9E0,0xE240,0xD180,0xC940,
    0xB880,0xB880,0xD160,0xC920,0xB880,0xD160,0xC900,0xD1A0,0xE220,0xDA00,0xF2C0,0xD160,
    0xC0A0,0xE240,0xE200,0xC900,0xD9A0,0xFB20,0xF2E0,0xE240,0xC920,0xB040,0xC100,0xE200,
    0xE240,0xDA00,0xD9C0,0xD180,0xD9A0,0xC940,0xD180,0xD180,0xD180,0xD180,0xC0E0,0xC0C0,
    0xC100,0xC920,0xC940,0xD180,0xC0A0,0xB880,0xC900,0xD160,0xD180,0xB8A0,0xA000,0xA000,
    0xD160,0xE200,0xD9E0,0xE240,0xC900,0xB020,0xA820,0xB040,0xC0E0,0xC0C0,0xB840,0xB020,
    0xA800,0xB020,0xC0E0,0xD180,0xD9A0,0xF320,0xFB00,0xE220,0xD160,0xB040,0xB8A0,0xD9C0,
    0xEA60,0xD160,0xB860,0xB880,0xD9E0,0xD9C0,0xD9C0,0xD180,0xD180,0xE220,0xE240,0xE220,
    0xC940,0xC900,0xD160,0xD180,0xEA80,0xF2C0,0xD160,0xC920,0xC900,0xC940,0xD1A0,0xD9E0,
    0xEA60,0xEA80,0xE200,0xC920,0xC920,0xD9C0,0xE220,0xEA60,0xDA00,0xD9A0,0xE200,0xE220,
    0xE220,0xE220,0xEA60,0xEA80,0xEA60,0xD9E0,0xB880,0xB060,0xD160,0xD180,0xC100,0xB8A0,
    0xC900,0xB8A0,0xB020,0xB8A0,0xD1A0,0xE200,0xD160,0xB880,0xB020,0xB020,0xB000,0xB860,
    0xD180,0xC940,0xC0E0,0xC920,0xD160,0xD160,0xD160,0xC940,0xB880,0xA800,0xC100,0xC920,
    0xC0C0,0xC900,0xE220,0xF2C0,0xE200,0xD180,0xD1A0,0xD1A0,0xC900,0xB8A0,0xD1A0,0xD180,
    0xDA00,0xE220,0xD9A0,0xC940,0xE220,0xE200,0xB8A0,0xC0C0,0xB040,0xB040,0xB8A0,0xC0C0,
    0xD160,0xC920,0xE220,0xEA60,0xD1A0,0xD160,0xD1A0,0xC0C0,0xB880,0xEA60,0xFB00,0xE200,
    0xD9C0,0xD9C0,0xD9E0,0xE240,0xD1A0,0xC940,0xE220,0xF2E0,0xE240,0xE220,0xF2A0,0xEA60,
    0xFB40,0xEAA0,0xC940,0xC940,0xD9C0,0xD1A0,0xC100,0xB860,0xB040,0xA000,0xB020,0xD1A0,
    0xFB00,0xFB20,0xFB00,0xF2A0,0xF2E0,0xF2C0,0xFB40,0xFB80,0xFB40,0xF2A0,0xD9E0,0xE220,
    0xFBA0,0xFC40,0xEA80,0xC0E0,0xD160,0xD160,0xB060,0xB880,0xC0E0,0xC0C0,0xC0E0,0xC0E0,
    0xC900,0xC100,0xC940,0xD9C0,0xB880,0xA000,0xB880,0xC100,0xC900,0xB040,0xA820,0xB020,
    0xB8A0,0xB8A0,0xC0C0,0xD9C0,0xD9E0,0xE240,0xD180,0xD9C0,0xC940,0xC920,0xD9A0,0xC940,
    0xD160,0xE200,0xF2C0,0xF2C0,0xD160,0xC0E0,0xC940,0xB880,0xC0E0,0xD9C0,0xF2C0,0xE220,
    0xE240,0xD9E0,0xC920,0xC920,0xD9E0,0xC0E0,0xC0C0,0xC900,0xE220,0xE220,0xE220,0xE240,
    0xD160,0xD160,0xB860,0xB880,0xD9A0,0xFB40,0xE240,0xD180,0xD180,0xEA80,0xD9E0,0xD180,
    0xC0E0,0xC100,0xD9A0,0xEA80,0xFB20,0xFB60,0xEA60,0xD9E0,0xE220,0xF2E0,0xFB80,0xF2A0,
    0xD9E0,0xE240,0xEA60,0xC920,0xB040,0xC940,0xEA80,0xD160,0xB8A0,0xB020,0xC100,0xD180,
    0xD9C0,0xD180,0xB040,0xA000,0x9800,0xA000,0xA000,0xC940,0xC0E0,0x9800,0x9800,0xC0A0,
    0xC940,0xC920,0xB860,0xA000,0xB020,0xA000,0xA820,0xA820,0x9800,0xA820,0xB020,0xC100,
    0xD9E0,0xD9A0,0xD180,0xC960,0xC920,0xC100,0xC0C0,0xB8A0,0xB880,0xC900,0xD9E0,0xEA60,
    0xE200,0xD9E0,0xC0E0,0xB8A0,0xB060,0xB860,0xC100,0xD160,0xD160,0xD1A0,0xEA60,0xF2C0,
    0xD9C0,0xB8A0,0xB8A0,0xC0E0,0xC0E0,0xB880,0xD180,0xC0E0,0xB8A0,0xD9E0,0xF2E0,0xE220,
    0xC0A0,0xB880,0xC0E0,0xC940,0xE240,0xDA00,0xD180,0xE200,0xC920,0xD160,0xC920,0xD160,
    0xD9C0,0xD9C0,0xD9E0,0xD180,0xC940,0xD180,0xC100,0xB8A0,0xC920,0xD160,0xDA00,0xF2C0,
    0xF2E0,0xEA60,0xD9C0,0xD9A0,0xC940,0xB880,0xC0E0,0xD160,0xD9C0,0xE220,0xD9E0,0xD9C0,
    0xEA60,0xD9C0,0xB880,0xC900,0xD180,0xD180,0xC0C0,0xA820,0xC0C0,0xE200,0xFB40,0xF2E0,
    0xD9E0,0xD180,0xC900,0xD160,0xC900,0xA820,0xB860,0xB880,0xC0E0,0xD180,0xD9C0,0xD9C0,
    0xD180,0xB880,0xB860,0xA820,0xA800,0x9800,0xB880,0xD160,0xB8A0,0xA840,0xB8A0,0xB880,
    0xA820,0xB040,0xC0C0,0xB040,0xA800,0xA800,0xB040,0xB040,0xA800,0x9800,0x9800,0xB020,
    0xB020,0xC0C0,0xD9C0,0xE220,0xD1A0,0xC0E0,0xA800,0xA800,0xB020,0xB020,0xC940,0xC0E0,
    0xA800,0xB860,0xB020,0xB040,0xB040,0xA800,0x9800,0xA000,0xB040,0xB040,0xA800,0xA800,
    0xA000,0x9000,0x9800,0x9800,0x9800,0x9800,0xA000,0xA800,0xB860,0xD160,0xE240,0xD9C0,
    0xC0E0,0xB880,0xE200,0xDA00,0xD9C0,0xEA40,0xEA60,0xE200,0xE240,0xE240,0xEA80,0xD9C0,
    0xC940,0xD160,0xD160,0xD9E0,0xD9A0,0xD180,0xD9C0,0xD9A0,0xC900,0xB880,0xC0A0,0xC0E0,
    0xB8A0,0xC920,0xD9E0,0xE220,0xE200,0xD180,0xE200,0xD1A0,0xD160,0xEA60,0xD160,0xD9C0,
    0xE220,0xEA80,0xEA60,0xD160,0xC900,0xD9C0,0xD1A0,0xD1A0,0xE240,0xEA60,0xE240,0xD180,
    0xD160,0xB8A0,0xD160,0xD180,0xD1A0,0xC0C0,0xB8A0,0xC0C0,0xB880,0xC0E0,0xD160,0xC940,
    0xC100,0xC920,0xC0E0,0xB8A0,0xC920,0xD9C0,0xB040,0xA800,0xC0C0,0xD9C0,0xD9A0,0xD180,
    0xC900,0xB040,0xB020,0xB040,0xC0C0,0xB040,0xA000,0xA000,0xA800,0xB060,0xB060,0xB040,
    0xC0A0,0xD9C0,0xF2E0,0xE220,0xC0E0,0xB860,0xB880,0xC900,0xD160,0xC0E0,0xC0A0,0xC0E0,
    0xE220,0xE260,0xD9C0,0xD9C0,0xD140,0xD180,0xEAA0,0xEA80,0xD9A0,0xC900,0xC0C0,0xE240,
    0xF300,0xE200,0xC920,0xB880,0xC0E0,0xD1A0,0xD160,0xC0A0,0xD9C0,0xE240,0xD9C0,0xC940,
    0xC0A0,0xC900,0xE220,0xF2A0,0xF2C0,0xEA60,0xEA60,0xD9C0,0xC940,0xE240,0xF2A0,0xEA80,
    0xF2C0,0xF2C0,0xC940,0xA800,0xC0E0,0xEA60,0xE240,0xD180,0xC940,0xC0C0,0xC0A0,0xD180,
    0xC940,0xE220,0xD160,0xB020,0xA820,0xB880,0xB880,0xC0E0,0xD180,0xC900,0xD160,0xC920,
    0xC900,0xD180,0xC0C0,0xC920,0xC940,0xC920,0xD1C0,0xD160,0xC940,0xB8A0,0xD1A0,0xEA60,
    0xE220,0xD140,0xDA00,0xE240,0xD1A0,0xB060,0xB880,0xC0E0,0xD9E0,0xE220,0xD9E0,0xEA40,
    0xEA80,0xEA80,0xC920,0xC940,0xB040,0xC940,0xEA60,0xD9C0,0xD9C0,0xD180,0xE240,0xF2A0,
    0xD9C0,0xD9C0,0xD9A0,0xD180,0xD160,0xD9E0,0xC960,0xB8A0,0xB8A0,0xC0E0,0xC940,0xD1A0,
    0xC920,0xD160,0xE220,0xEA60,0xE240,0xF2A0,0xF2C0,0xF2C0,0xFB00,0xF300,0xC100,0xC920,
    0xD9C0,0xD160,0xB880,0xC0E0,0xB860,0xC900,0xD160,0xD9E0,0xF2A0,0xF300,0xF2A0,0xEA60,
    0xF2A0,0xFB20,0xFB80,0xFB00,0xF2E0,0xEA80,0xF2C0,0xF2E0,0xFB20,0xFBA0,0xEAA0,0xC0A0,
    0xC920,0xB8A0,0xA800,0xB040,0xB8A0,0xB8A0,0xC0E0,0xC920,0xD1A0,0xD160,0xC900,0xB060,
    0xA800,0x9800,0xB860,0xC900,0xD160,0xB880,0xA800,0xA800,0xA800,0xB860,0xB880,0xD180,
    0xD9E0,0xD160,0xB040,0xC0A0,0xD180,0xB860,0xB020,0xC920,0xD9A0,0xE200,0xF2E0,0xEA80,
    0xD160,0xC0C0,0xC940,0xC920,0xB880,0xC100,0xEAA0,0xF2E0,0xD180,0xC0A0,0xC940,0xD9C0,
    0xD9C0,0xC900,0xE220,0xEA80,0xEAA0,0xEA60,0xDA00,0xEA80,0xC0C0,0xB880,0xB060,0xA820,
    0xC0E0,0xC100,0xC920,0xD160,0xEA60,0xFB20,0xF2E0,0xD9A0,0xC0C0,0xC920,0xC940,0xEA80,
    0xFBC0,0xFBE0,0xEA80,0xE220,0xD9E0,0xD160,0xF300,0xFBC0,0xF2E0,0xF2C0,0xF2E0,0xD9E0,
    0xC920,0xD180,0xD160,0xC940,0xC0E0,0xB880,0xC0C0,0xD160,0xE240,0xD160,0xB8A0,0xB8A0,
    0xB080,0x9800,0xB880,0xD9E0,0xC920,0xA000,0x9800,0xB020,0xC920,0xD9C0,0xD160,0xB860,
    0xC0E0,0xB060,0xA800,0xA000,0xB040,0xC8E0,0xC900,0xD180,0xD9E0,0xDA00,0xD1A0,0xC0C0,
    0xC940,0xC0C0,0xB880,0xB860,0xB880,0xC920,0xD1A0,0xEA60,0xEA40,0xEA60,0xE200,0xD9E0,
    0xC900,0xB040,0xD180,0xD9C0,0xC940,0xD180,0xC920,0xC920,0xD160,0xC0C0,0xC920,0xE200,
    0xD9E0,0xE240,0xE240,0xD180,0xC0E0,0xC0C0,0xC900,0xD9E0,0xEA60,0xD9C0,0xD9C0,0xC920,
    0xD180,0xD9E0,0xD180,0xDA00,0xD180,0xB8A0,0xB040,0xC920,0xC940,0xD160,0xE240,0xE220,
    0xC940,0xC920,0xB860,0xB880,0xC940,0xC0C0,0xC920,0xEA80,0xEA80,0xD1A0,0xD160,0xD160,
    0xD180,0xC920,0xD140,0xD9E0,0xD180,0xD160,0xC900,0xC920,0xD9C0,0xD1A0,0xC100,0xC0E0,
    0xC900,0xC940,0xB060,0xA000,0xB8A0,0xC900,0xEA60,0xEA80,0xC920,0xD180,0xC940,0xC0E0,
    0xA000,0x9800,0xA000,0xC0E0,0xE200,0xE240,0xD1A0,0xD180,0xC0E0,0xB020,0xD160,0xD9C0,
    0xC940,0xB060,0x9800,0x9820,0x8800,0x9000,0x9800,0xA000,0xA000,0xA820,0xA000,0xB8A0,
    0xC900,0xB8A0,0xC100,0xC920,0xB020,0xA000,0xA820,0xC8E0,0xC940,0xD180,0xD160,0xE240,
    0xE200,0xB020,0xB020,0xA820,0xB040,0xC900,0xD9C0,0xC0E0,0xC900,0xC920,0xC920,0xC0E0,
    0xD160,0xB8A0,0xB060,0xB060,0xC900,0xC920,0xB880,0xA000,0x9800,0x9000,0x8800,0x9800,
    0x8000,0xA000,0xA800,0xA800,0xB060,0xB8A0,0xC900,0xC0A0,0xC920,0xC960,0xE220,0xE220,
    0xD1A0,0xC0E0,0xDA00,0xEA60,0xF2E0,0xF2E0,0xF2C0,0xD9C0,0xD160,0xD9E0,0xC940,0xD9C0,
    0xE220,0xC100,0xC0E0,0xB060,0xB040,0xC0E0,0xB060,0xB880,0xC100,0xC900,0xE240,0xE240,
    0xC920,0xC920,0xD160,0xC100,0xC920,0xD1A0,0xC900,0xC900,0xEA80,0xF2A0,0xE220,0xD9E0,
    0xD9C0,0xC900,0xC0C0,0xC920,0xE220,0xF2C0,0xF2C0,0xEA80,0xE200,0xC100,0xC900,0xD9C0,
    0xEA60,0xD9E0,0xC940,0xC920,0xC0C0,0xC900,0xD160,0xD9A0,0xD180,0xD9C0,0xD160,0xC0E0,
    0xD160,0xF300,0xD180,0xB020,0xB020,0xC900,0xD9E0,0xD9E0,0xD9C0,0xC960,0xC920,0xB860,
    0xA820,0xB8C0,0xB080,0xA000,0xB020,0xB880,0xD180,0xE220,0xC940,0xD160,0xC920,0xC0A0,
    0xB8A0,0xC0E0,0xC0C0,0xB880,0xB880,0xB8A0,0xC0E0,0xC940,0xE220,0xFB40,0xD9E0,0xD9C0,
    0xC0E0,0xC900,0xEAA0,0xFB00,0xE200,0xC0C0,0xC900,0xEA60,0xF320,0xD160,0xC0E0,0xB860,
    0xD160,0xEA80,0xD9A0,0xB860,0xC940,0xD180,0xC100,0xC920,0xE200,0xD9C0,0xC920,0xE200,
    0xEAA0,0xEA40,0xE220,0xD180,0xD1A0,0xFB00,0xF2E0,0xEA60,0xF2E0,0xE240,0xC940,0xB020,
    0xB880,0xD9C0,0xE200,0xD9E0,0xD1A0,0xC900,0xC940,0xD9C0,0xD160,0xE280,0xD160,0xA000,
    0xA000,0xC0E0,0xC940,0xC920,0xD9A0,0xC0E0,0xB8A0,0xC0C0,0xC900,0xD180,0xD1A0,0xD9C0,
    0xD9C0,0xD9A0,0xD9C0,0xC920,0xC940,0xD9A0,0xD1A0,0xC920,0xC0C0,0xB060,0xE200,0xF2E0,
    0xE240,0xD160,0xB8A0,0xC0C0,0xC920,0xC0E0,0xEA80,0xFBE0,0xFBE2,0xF2E0,0xE240,0xD160,
    0xC920,0xD1A0,0xE200,0xE220,0xE240,0xE200,0xEA80,0xD9E0,0xD160,0xE220,0xDA00,0xEA60,
    0xD9C0,0xC0C0,0xB040,0xB020,0xB8A0,0xD1A0,0xD9E0,0xE220,0xD160,0xD9C0,0xEA40,0xEA40,
    0xEA60,0xF2C0,0xE240,0xDA00,0xEAA0,0xFB80,0xD160,0xC0E0,0xD160,0xC0E0,0xA820,0xB020,
    0xC0C0,0xEAC0,0xFB20,0xD180,0xD160,0xD9C0,0xD180,0xE220,0xEA60,0xF2C0,0xFB40,0xFB00,
    0xFB40,0xFB00,0xFB80,0xFBC0,0xFB60,0xFB20,0xEAA0,0xC0E0,0xC920,0xC0C0,0xB040,0xB860,
    0xC0A0,0xC0E0,0xC920,0xC940,0xD160,0xC940,0xB8A0,0xA800,0xA820,0xA800,0xB040,0xC920,
    0xD160,0xC940,0xC0C0,0xC0A0,0xC0C0,0xC0C0,0xC0C0,0xB020,0xC0C0,0xC0E0,0xC0C0,0xC900,
    0xC920,0xC0E0,0xB8A0,0xC0E0,0xD9C0,0xD9C0,0xEA60,0xEA60,0xD160,0xC900,0xC900,0xD180,
    0xB8A0,0xD180,0xFB20,0xFB20,0xE200,0xC940,0xC960,0xD180,0xD160,0xD180,0xFB20,0xFB60,
    0xF2C0,0xFB00,0xEA60,0xE220,0xC100,0xB860,0xB060,0xB040,0xB880,0xB020,0xB040,0xB860,
    0xD9C0,0xF2E0,0xFB40,0xD9E0,0xB8A0,0xC0C0,0xC0E0,0xD9A0,0xFBA1,0xFC83,0xF300,0xF2C0,
    0xEAA0,0xE200,0xE240,0xFB60,0xFBA0,0xFBA0,0xE200,0xC940,0xEA80,0xF2E0,0xD9A0,0xD9A0,
    0xD160,0xB8A0,0xC900,0xD9E0,0xE220,0xE220,0xE200,0xD9A0,0xD140,0xB880,0xC920,0xE220,
    0xEA60,0xC100,0xA000,0xB040,0xB880,0xD160,0xF2C0,0xD9A0,0xD9A0,0xC920,0xB840,0xC0C0,
    0xD180,0xC940,0xC0E0,0xB880,0xC920,0xD160,0xD9C0,0xD9E0,0xD180,0xD9E0,0xC900,0xA800,
    0xB860,0xC940,0xD180,0xD180,0xD9E0,0xF2C0,0xF2A0,0xEA60,0xD160,0xC0E0,0xD9C0,0xD160,
    0xC0C0,0xC0E0,0xB8A0,0xC0E0,0xC940,0xC940,0xC940,0xD160,0xD1A0,0xF2C0,0xD9E0,0xD180,
    0xC900,0xB880,0xB860,0xE240,0xEA60,0xD9C0,0xD1A0,0xC940,0xD140,0xF300,0xEAA0,0xEA80,
    0xDA00,0xC0C0,0xC0C0,0xD180,0xC0E0,0xD180,0xD9E0,0xC0E0,0xB8A0,0xC0C0,0xC0C0,0xD180,
    0xC940,0xC940,0xC940,0xEA80,0xEAA0,0xC900,0xC0A0,0xC940,0xD9A0,0xC940,0xD1A0,0xC920,
    0xB8A0,0xB880,0xB860,0xC940,0xE220,0xD1A0,0xC0C0,0xB8A0,0xB8A0,0xC0C0,0xB880,0xC940,
    0xE240,0xD9C0,0xD1A0,0xEA80,0xD9A0,0xC0A0,0xB880,0xB040,0xB040,0xB060,0xB040,0xE200,
    0xF2C0,0xEA40,0xC100,0xC0E0,0xC0C0,0xB040,0xD9A0,0xE220,0xEA60,0xD9C0,0xA000,0x8800,
    0x9000,0x9800,0xB040,0xA000,0xA000,0xA000,0xB040,0xC940,0xD180,0xC900,0xC0E0,0xB860,
    0xB020,0xB880,0xC0A0,0xC940,0xE220,0xE220,0xC920,0xD160,0xC920,0xC100,0xC0E0,0xA800,
    0xA820,0xC0E0,0xEAA0,0xC900,0xC920,0xD180,0xF300,0xF2C0,0xC920,0xB880,0xC940,0xC0C0,
    0xD180,0xD1A0,0xB040,0xA800,0x9800,0x8800,0x8000,0x8800,0x9000,0x9800,0xA820,0xB040,
    0xC920,0xC100,0xC900,0xB880,0xC0E0,0xC920,0xE240,0xD1A0,0xC940,0xD9E0,0xD9A0,0xEA80,
    0xFB40,0xEA80,0xD160,0xD1A0,0xEA60,0xF2A0,0xD180,0xD9C0,0xD180,0xB060,0xA800,0xA000,
    0xA800,0xB880,0xC0A0,0xB8A0,0xC0E0,0xD9E0,0xE240,0xC920,0xB020,0xB880,0xB040,0xB880,
    0xC920,0xD9E0,0xB8A0,0xB020,0xE200,0xF2C0,0xF2E0,0xFB00,0xE200,0xB040,0xB860,0xDA00,
    0xF2C0,0xE240,0xDA00,0xEA60,0xF2A0,0xD9E0,0xD1A0,0xD9C0,0xE240,0xE220,0xE240,0xD9E0,
    0xC920,0xC920,0xD180,0xDA00,0xDA00,0xE220,0xD9E0,0xD9C0,0xD9E0,0xE240,0xD180,0xC900,
    0xC0C0,0xC940,0xF2A0,0xEAA0,0xEA80,0xEA60,0xE220,0xD9C0,0xD180,0xEA80,0xD160,0xB860,
    0xC0E0,0xC0C0,0xE220,0xEA60,0xD9C0,0xC940,0xB860,0xB880,0xC0E0,0xC0E0,0xC900,0xC0C0,
    0xB880,0xB8A0,0xC0A0,0xB8A0,0xC920,0xFB20,0xF2E0,0xE200,0xD9E0,0xC0E0,0xB8A0,0xD160,
    0xE200,0xD180,0xD160,0xEAA0,0xEA60,0xC0E0,0xB860,0xB8A0,0xC0C0,0xE240,0xFB20,0xC940,
    0xC940,0xD160,0xC940,0xC920,0xE220,0xEA60,0xD9E0,0xD9C0,0xC920,0xD160,0xDA00,0xDA00,
    0xD9C0,0xF2A0,0xF2E0,0xD160,0xF320,0xD1A0,0xB020,0xB040,0xB060,0xC100,0xD9C0,0xDA00,
    0xE200,0xD160,0xC960,0xD160,0xC940,0xC0E0,0xB880,0xB040,0xC100,0xD160,0xC940,0xC920,
    0xD9A0,0xEAA0,0xD180,0xE200,0xE220,0xDA00,0xE240,0xEA60,0xE220,0xD9C0,0xD1A0,0xC0E0,
    0xC940,0xE220,0xD9E0,0xC0C0,0xB060,0xA800,0xD180,0xF2A0,0xF2C0,0xD9E0,0xB880,0xA800,
    0xB040,0xC0C0,0xE220,0xFB80,0xFC64,0xFB60,0xEA60,0xC0C0,0xC0E0,0xC920,0xC940,0xE220,
    0xEA60,0xD9E0,0xE240,0xD160,0xC0E0,0xD180,0xEA60,0xF2E0,0xEA40,0xD160,0xC0E0,0xB8A0,
    0xDA00,0xEA40,0xEA80,0xFB00,0xE200,0xD9E0,0xF2E0,0xD9C0,0xD9E0,0xF2A0,0xD9C0,0xC0C0,
    0xC940,0xD9A0,0xC920,0xC920,0xC920,0xB860,0xA800,0xB8A0,0xEA80,0xEAA0,0xDA00,0xB8A0,
    0xB8C0,0xB060,0xC0E0,0xD9C0,0xEA40,0xEA80,0xF2E0,0xFB60,0xFB80,0xFB80,0xFBC0,0xFC20,
    0xFBE0,0xFB40,0xFB00,0xD9E0,0xD160,0xC0A0,0xC0A0,0xB8A0,0xB880,0xC920,0xD9C0,0xD9C0,
    0xC940,0xB880,0xB880,0xB040,0xA800,0xB880,0xC0E0,0xB060,0xB8A0,0xD1A0,0xC100,0xD180,
    0xD9E0,0xD9C0,0xE240,0xC0C0,0xB040,0xB040,0xB060,0xC0E0,0xC960,0xD160,0xC940,0xD9C0,
    0xDA00,0xC900,0xE220,0xEA80,0xD160,0xC920,0xD160,0xD9E0,0xD9C0,0xF2E0,0xFB20,0xF2A0,
    0xD160,0xE220,0xE220,0xE200,0xEA80,0xFB00,0xFB40,0xF300,0xD9C0,0xD9E0,0xD9E0,0xD1A0,
    0xC940,0xB880,0xA800,0xC0C0,0xB040,0xA000,0xB040,0xB060,0xC920,0xE240,0xE200,0xC0E0,
    0xB8A0,0xC0C0,0xB040,0xC900,0xE220,0xFC01,0xFBE0,0xFB60,0xFB40,0xEA80,0xD9C0,0xE200,
    0xEA80,0xFB60,0xDA00,0xEA60,0xFB20,0xFB40,0xFB60,0xF300,0xE220,0xD160,0xD9E0,0xEA60,
    0xF2A0,0xEA60,0xEA80,0xE240,0xD180,0xC0A0,0xC960,0xE220,0xD9E0,0xB8A0,0xA800,0xB860,
    0xB8A0,0xD1A0,0xE200,0xC920,0xD1A0,0xE260,0xD1A0,0xE240,0xD9C0,0xC0E0,0xC940,0xD160,
    0xC0C0,0xC0E0,0xE240,0xE220,0xC920,0xD1A0,0xC940,0xA000,0xB040,0xC0A0,0xC100,0xC920,
    0xC0C0,0xD9E0,0xEA60,0xD9A0,0xC940,0xC920,0xD1A0,0xC960,0xC0C0,0xC900,0xC940,0xC920,
    0xD160,0xC940,0xC900,0xD180,0xC940,0xC920,0xEAA0,0xF300,0xD9E0,0xD1A0,0xD180,0xEA80,
    0xD160,0xC940,0xC940,0xC920,0xC940,0xE280,0xFBA0,0xF2E0,0xD1A0,0xD160,0xC0C0,0xD1A0,
    0xD1A0,0xD1A0,0xD180,0xC0C0,0xC0C0,0xC100,0xC920,0xC960,0xC940,0xD180,0xC0C0,0xC940,
    0xD1A0,0xC0C0,0xC900,0xC900,0xC920,0xC0E0,0xD180,0xD9C0,0xB880,0xB8A0,0xC0E0,0xD9C0,
    0xD1A0,0xC940,0xB880,0xB880,0xB860,0xC0E0,0xC940,0xD9E0,0xE240,0xD180,0xD180,0xEA40,
    0xE240,0xC900,0xC0E0,0xD180,0xD9C0,0xC920,0xC940,0xE220,0xEAA0,0xD160,0xA800,0xC0C0,
    0xC940,0xA840,0xC920,0xD140,0xE200,0xEAA0,0xB880,0xA000,0xA800,0xA000,0xB040,0xA000,
    0xB880,0xB880,0xC0E0,0xD1A0,0xD160,0xD9E0,0xC940,0xC900,0xB880,0xA000,0xB040,0xC900,
    0xD9C0,0xD1A0,0xC940,0xD180,0xB020,0xC920,0xC920,0xB8A0,0xB020,0xB860,0xE220,0xC920,
    0xC0C0,0xD9E0,0xFBC0,0xE220,0xB880,0xB060,0xB8A0,0xC100,0xD9C0,0xD160,0xB8A0,0xB860,
    0x9800,0x8800,0x9000,0x8800,0x9800,0xA800,0xB040,0xC0A0,0xB860,0xB040,0xD9A0,0xC0E0,
    0xC920,0xD9C0,0xD160,0xB880,0xC0C0,0xD180,0xD160,0xE240,0xEAA0,0xD160,0xB8A0,0xC920,
    0xE200,0xD9E0,0xE220,0xD9E0,0xC0E0,0xB8A0,0xB060,0xA820,0xA800,0xB020,0xB060,0xB8A0,
    0xC920,0xEA60,0xE260,0xC0E0,0xC0C0,0xB8A0,0xB880,0xC0E0,0xD9C0,0xEA80,0xC940,0xB860,
    0xC940,0xD1A0,0xE200,0xE240,0xD160,0xB020,0xB020,0xE200,0xFB00,0xD9C0,0xC0E0,0xE240,
    0xF2C0,0xEA60,0xD9E0,0xD1A0,0xD9C0,0xE240,0xEA80,0xEA80,0xD180,0xC0C0,0xD160,0xD9E0,
    0xC920,0xC940,0xD180,0xD160,0xD9C0,0xC940,0xC0E0,0xC0C0,0xC0E0,0xD180,0xE260,0xF2A0,
    0xF2E0,0xF2C0,0xEA60,0xE200,0xD180,0xC900,0xC0C0,0xD180,0xD1A0,0xC900,0xC940,0xC0C0,
    0xB040,0xB040,0xB860,0xB8A0,0xC0E0,0xC100,0xC0C0,0xB8A0,0xC0E0,0xC0E0,0xB8A0,0xB8A0,
    0xB8A0,0xC920,0xEA60,0xF2E0,0xD9E0,0xC0E0,0xB8A0,0xC0C0,0xD160,0xD9E0,0xD9C0,0xE220,
    0xEA60,0xC940,0xC100,0xB8A0,0xB020,0xD160,0xEAA0,0xC0C0,0xC940,0xD9C0,0xD1A0,0xD180,
    0xDA00,0xE200,0xE220,0xD180,0xB8A0,0xD180,0xDA00,0xE220,0xD180,0xEA60,0xF2E0,0xD160,
    0xEAC0,0xE240,0xB860,0xC0E0,0xD140,0xC920,0xC960,0xD1A0,0xD1A0,0xC0E0,0xC900,0xC940,
    0xC920,0xC0E0,0xB8A0,0xC940,0xD9E0,0xD160,0xD1A0,0xC940,0xD160,0xF2A0,0xF2C0,0xF300,
    0xF2C0,0xE220,0xD9C0,0xD9C0,0xD1A0,0xC940,0xC940,0xC0A0,0xC920,0xD1A0,0xD180,0xB860,
    0xB060,0xB880,0xC920,0xD9E0,0xE240,0xC940,0xB880,0xA800,0xC0E0,0xD160,0xD9E0,0xE200,
    0xFBE1,0xEB01,0xE220,0xD1A0,0xC900,0xC920,0xC920,0xE220,0xE220,0xD180,0xC900,0xC940,
    0xD160,0xD9C0,0xF2C0,0xF2E0,0xF2C0,0xE220,0xC940,0xC100,0xEA60,0xF2E0,0xEA60,0xEA60,
    0xD9E0,0xD180,0xB8A0,0xB060,0xD9A0,0xEA60,0xD9A0,0xB860,0xC940,0xC920,0xC900,0xC920,
    0xC0E0,0xB880,0xB040,0xC100,0xEA80,0xD9A0,0xC0E0,0xC920,0xC0E0,0xB880,0xC940,0xD9C0,
    0xDA00,0xD9E0,0xF2C0,0xFBC0,0xFBE0,0xFBA0,0xFB60,0xFBC0,0xFBC0,0xFB40,0xF2E0,0xD9E0,
    0xC940,0xC0C0,0xC0C0,0xC940,0xC100,0xC920,0xE220,0xE220,0xD160,0xC0A0,0xB8A0,0xB860,
    0xB880,0xC920,0xD180,0xB860,0xB060,0xC0E0,0xC0A0,0xD1A0,0xE240,0xE240,0xE200,0xD180,
    0xC940,0xC940,0xC940,0xB040,0xC0C0,0xE220,0xC0E0,0xD9A0,0xE220,0xC900,0xC0C0,0xD9A0,
    0xD9C0,0xD180,0xC900,0xD160,0xF2E0,0xFB20,0xD9E0,0xC920,0xB860,0xC0E0,0xD1A0,0xE200,
    0xE220,0xF2E0,0xF2E0,0xD140,0xB880,0xC920,0xD160,0xC0E0,0xB880,0xB880,0xB880,0xB880,
    0x9800,0x9800,0x9800,0xA000,0xB020,0xC0E0,0xB8A0,0xB040,0xC0E0,0xD9C0,0xC100,0xC0E0,
    0xC940,0xE240,0xFB80,0xFBE0,0xFB40,0xEA60,0xEA80,0xE220,0xEAA0,0xFB60,0xEAA0,0xEA80,
    0xFB40,0xFBC0,0xFBE0,0xFBC0,0xFB80,0xF300,0xE220,0xE240,0xF2E0,0xEA60,0xD160,0xC920,
    0xC940,0xB040,0xC100,0xF300,0xE260,0xC0E0,0xB040,0xB020,0xB880,0xD9A0,0xE200,0xC920,
    0xD160,0xE240,0xEAA0,0xEAA0,0xD180,0xD9A0,0xEA60,0xF2C0,0xD180,0xD9E0,0xFB40,0xE240,
    0xD9C0,0xD9C0,0xC940,0xC0C0,0xB880,0xB860,0xC100,0xDA00,0xD160,0xD160,0xD9E0,0xD1A0,
    0xD9E0,0xD180,0xC920,0xC100,0xD160,0xE200,0xD9E0,0xC0E0,0xD180,0xD9C0,0xDA00,0xD9C0,
    0xD180,0xC0A0,0xD160,0xD9E0,0xD9E0,0xEAA0,0xFBA0,0xE220,0xD9C0,0xEA80,0xE240,0xD9C0,
    0xC920,0xC0C0,0xD9A0,0xDA00,0xC940,0xC940,0xC0E0,0xE1E0,0xEAA0,0xD1A0,0xC920,0xC920,
    0xC920,0xC100,0xD160,0xD9C0,0xD180,0xC920,0xC0E0,0xD9C0,0xE220,0xC100,0xC920,0xC940,
    0xC940,0xC920,0xC0C0,0xE200,0xE220,0xB880,0xC920,0xEAA0,0xD180,0xC0E0,0xD160,0xC920,
    0xC0C0,0xB8A0,0xC0A0,0xB8A0,0xB880,0xC0A0,0xC920,0xE220,0xFB80,0xF2E0,0xD180,0xD160,
    0xF2A0,0xD9C0,0xD9C0,0xD9E0,0xE220,0xC940,0xB880,0xB060,0xB040,0xB060,0xB060,0xC900,
    0xD9C0,0xD1A0,0xB880,0xB8A0,0xB8A0,0xA800,0xB860,0xB860,0xC0E0,0xC0C0,0xC940,0xD1A0,
    0xD9E0,0xE240,0xD1A0,0xF2C0,0xC920,0xA820,0xB020,0xC900,0xD1A0,0xB060,0xA820,0xB860,
    0xB020,0xB8A0,0xD9C0,0xE240,0xC900,0xA800,0xC920,0xD9E0,0xD160,0xC900,0xD160,0xB880,
    0xB8A0,0xA820,0xA000,0xB8A0,0xD9C0,0xD1A0,0xB040,0xA820,0x9000,0x9000,0x9800,0xA000,
    0xA000,0xB880,0xB880,0xB840,0xA800,0xB020,0xC920,0xC900,0xC940,0xD9E0,0xC940,0xC0E0,
    0xD160,0xB040,0xC0C0,0xE200,0xD9E0,0xC940,0xD1A0,0xC940,0xC900,0xD9E0,0xD9E0,0xC0E0,
    0xC0A0,0xC920,0xD160,0xC920,0xC0C0,0xB020,0xB8A0,0xC0C0,0xB880,0xEA60,0xEA80,0xD9E0,
    0xD160,0xC0C0,0xC920,0xD9C0,0xD9C0,0xD160,0xC940,0xC0E0,0xC940,0xD1A0,0xD1A0,0xC940,
    0xB860,0xB880,0xC0C0,0xC940,0xEA60,0xD9C0,0xC0E0,0xD9E0,0xF2C0,0xEAA0,0xD9C0,0xD1A0,
    0xD9E0,0xEAA0,0xEAA0,0xD1A0,0xD180,0xC920,0xC900,0xC940,0xC0E0,0xC0E0,0xC0C0,0xC900,
    0xD180,0xD160,0xC0C0,0xC920,0xC0E0,0xC0A0,0xC900,0xD9E0,0xF300,0xF2E0,0xF2C0,0xE240,
    0xC0E0,0xB860,0xC0C0,0xC940,0xD180,0xD180,0xC940,0xC100,0xC900,0xC0E0,0xC0C0,0xB840,
    0xC0E0,0xC920,0xC100,0xC900,0xC0E0,0xC920,0xC900,0xC0C0,0xB8A0,0xC0C0,0xC8E0,0xE220,
    0xDA00,0xB8A0,0xD180,0xE220,0xEA60,0xD1A0,0xE220,0xEAA0,0xE240,0xE240,0xEA60,0xC0A0,
    0xB880,0xD1A0,0xE200,0xC0A0,0xB880,0xD160,0xD9E0,0xD180,0xC940,0xD180,0xD180,0xD9C0,
    0xD9E0,0xD160,0xD9E0,0xD9E0,0xD180,0xEA60,0xF2E0,0xF2C0,0xEAA0,0xD180,0xC0E0,0xD180,
    0xF2E0,0xE220,0xD160,0xD140,0xC0C0,0xC0C0,0xC0E0,0xC920,0xC0C0,0xC0C0,0xB040,0xC940,
    0xD9E0,0xC900,0xD9A0,0xD1A0,0xD9C0,0xEA60,0xE240,0xD160,0xEA80,0xF2C0,0xD180,0xC0C0,
    0xC920,0xDA00,0xD9C0,0xC900,0xC940,0xD180,0xC0E0,0xB040,0xC940,0xD160,0xD160,0xC940,
    0xB880,0xB8A0,0xC920,0xC0C0,0xC920,0xD160,0xC920,0xD9C0,0xF2E0,0xD9C0,0xD160,0xD9C0,
    0xB060,0xB880,0xC900,0xD180,0xDA00,0xC920,0xB860,0xD1A0,0xFB00,0xE220,0xD160,0xEA60,
    0xE240,0xC920,0xB020,0xB8A0,0xD1A0,0xE240,0xE240,0xE220,0xD160,0xC0A0,0xB860,0xB040,
    0xD9C0,0xE220,0xC920,0xC920,0xE240,0xD9C0,0xC940,0xC0A0,0xB860,0xD160,0xD180,0xB860,
    0xC0E0,0xC0E0,0xB8A0,0xE220,0xEA80,0xD1A0,0xDA00,0xE240,0xC940,0xD160,0xEAA0,0xFB80,
    0xFB80,0xFB60,0xFB60,0xFBE0,0xFBE0,0xFB20,0xF2A0,0xD9E0,0xD160,0xC0E0,0xB8A0,0xD180,
    0xD9C0,0xD180,0xD1A0,0xD9C0,0xC940,0xC920,0xC900,0xC920,0xC900,0xD160,0xC920,0xC100,
    0xB020,0xA800,0xA800,0xD160,0xFB00,0xEAA0,0xC940,0xC0A0,0xD1A0,0xEA60,0xE220,0xB060,
    0xB8A0,0xD9C0,0xB060,0xA800,0xD9A0,0xD9C0,0xB860,0xD160,0xE240,0xC920,0xC0E0,0xB060,
    0xC940,0xD9C0,0xB880,0xD160,0xC920,0xC920,0xD9C0,0xDA00,0xD180,0xD9E0,0xE240,0xD160,
    0xC920,0xC0C0,0xB8A0,0xB040,0xA000,0xA800,0xC0C0,0xA840,0x9000,0x9000,0x9800,0xA800,
    0xA800,0xA800,0xB020,0xB000,0xB020,0xC0E0,0xC0C0,0xC0C0,0xC940,0xB880,0xD180,0xFB40,
    0xF300,0xD9E0,0xF2E0,0xFB80,0xFBA0,0xFBC0,0xEA60,0xE200,0xFB00,0xEA60,0xD9C0,0xD1A0,
    0xF2C0,0xFB40,0xEA60,0xF2A0,0xFB80,0xFB60,0xD9C0,0xC0C0,0xE200,0xC0C0,0xB8A0,0xF2C0,
    0xEA60,0xD1A0,0xC0E0,0xB880,0xB000,0xC920,0xD9E0,0xD180,0xDA00,0xEA40,0xE200,0xD9C0,
    0xC100,0xD180,0xF2C0,0xFB00,0xEA80,0xE240,0xFB40,0xF2A0,0xEA80,0xFB60,0xEA80,0xD9C0,
    0xD9C0,0xC940,0xE240,0xFB20,0xD1A0,0xC920,0xF2E0,0xD180,0xE240,0xE240,0xEA60,0xE200,
    0xD9E0,0xE220,0xD1A0,0xC0E0,0xD160,0xD9C0,0xD1A0,0xC940,0xC900,0xB8A0,0xB040,0xC0E0,
    0xD180,0xFB40,0xFBE0,0xF300,0xFB20,0xFB00,0xE240,0xD9C0,0xD160,0xE220,0xEA40,0xE200,
    0xD180,0xC0E0,0xD9C0,0xF2E0,0xF2C0,0xE200,0xD1A0,0xC960,0xD180,0xD160,0xC940,0xD1A0,
    0xD9C0,0xC940,0xD9E0,0xEAA0,0xFB60,0xEAA0,0xD9C0,0xC920,0xC920,0xD180,0xD160,0xE240,
    0xE240,0xC0E0,0xE240,0xFB60,0xE260,0xE200,0xFB40,0xEA80,0xB880,0xB020,0xB860,0xB8A0,
    0xC0C0,0xC900,0xD9C0,0xD9A0,0xEA80,0xEA40,0xC940,0xD180,0xE240,0xD1A0,0xC940,0xC940,
    0xD180,0xC920,0xC0C0,0xA800,0xB8A0,0xC0E0,0xA800,0xC940,0xD180,0xC0C0,0xC920,0xD180,
    0xB880,0xA000,0xA800,0xB8A0,0xD160,0xC0C0,0xD160,0xD9E0,0xD9E0,0xC0E0,0xB060,0xD9E0,
    0xC920,0xC0C0,0xA820,0xB040,0xC8E0,0xA820,0xA000,0xC0C0,0xB8A0,0xC0C0,0xD1A0,0xEA80,
    0xD160,0xB040,0xB060,0xD180,0xD180,0xC0E0,0xD180,0xE200,0xC920,0xA820,0x9800,0xA020,
    0xB8A0,0xC900,0xB040,0xA820,0xA000,0xA800,0xA800,0xB020,0xA800,0xA820,0xB020,0xA800,
    0xA800,0xB860,0xC100,0xD180,0xD1A0,0xD180,0xC900,0xC0A0,0xC0C0,0xB060,0xA820,0xD9C0,
    0xD9E0,0xD9E0,0xE200,0xDA00,0xD9E0,0xD9E0,0xE220,0xC920,0xC0E0,0xD180,0xD160,0xD9A0,
    0xD9A0,0xC100,0xB860,0xB860,0xB880,0xD160,0xD180,0xEA60,0xEA60,0xC0E0,0xB860,0xC0C0,
    0xC0C0,0xD160,0xD1A0,0xD160,0xD9C0,0xEA60,0xD160,0xD180,0xD180,0xC0E0,0xC0E0,0xC0C0,
    0xC920,0xC900,0xB880,0xD180,0xEA80,0xEA80,0xD9E0,0xD9C0,0xD9C0,0xF2C0,0xF2C0,0xD180,
    0xC100,0xD180,0xD9E0,0xC0E0,0xB880,0xB8A0,0xB880,0xC940,0xC960,0xD9E0,0xE220,0xD9C0,
    0xC920,0xC0C0,0xC920,0xC940,0xE220,0xF2C0,0xEA60,0xD9C0,0xC0C0,0xB860,0xB8A0,0xC920,
    0xD9A0,0xFB00,0xE220,0xD9A0,0xC940,0xC900,0xC900,0xC940,0xC940,0xC0C0,0xD180,0xC940,
    0xC0C0,0xC900,0xC920,0xC900,0xC0C0,0xC0A0,0xC940,0xC0C0,0xC8E0,0xC920,0xD180,0xD9C0,
    0xE220,0xE200,0xD1A0,0xE240,0xEAA0,0xF2E0,0xEAA0,0xD9C0,0xE220,0xEA80,0xEA60,0xB880,
    0xB860,0xD9C0,0xEA40,0xD1A0,0xC100,0xD9E0,0xD180,0xD9C0,0xF2C0,0xD9C0,0xB8A0,0xD160,
    0xD1A0,0xF2C0,0xF2E0,0xF2E0,0xFB40,0xC940,0xC920,0xD9C0,0xE200,0xD9E0,0xD180,0xC0C0,
    0xC0C0,0xB880,0xD160,0xD160,0xB860,0xB040,0xB040,0xD180,0xEA80,0xD9E0,0xE220,0xF2C0,
    0xD9E0,0xE240,0xD9C0,0xC920,0xE240,0xE240,0xD9E0,0xB8A0,0xB880,0xD9E0,0xD180,0xC940,
    0xD9C0,0xD180,0xB8A0,0xB040,0xC0E0,0xD160,0xC0E0,0xC0C0,0xB060,0xB880,0xC920,0xD180,
    0xC920,0xC900,0xB060,0xC0E0,0xEAC0,0xEA80,0xD9E0,0xD9A0,0xC0C0,0xC920,0xB8A0,0xB040,
    0xD160,0xC940,0xB020,0xC0E0,0xE220,0xC920,0xC900,0xD160,0xD9E0,0xD160,0xC0C0,0xB860,
    0xC0C0,0xC920,0xD9E0,0xFB40,0xF300,0xC940,0xD1A0,0xC940,0xC0E0,0xC0C0,0xB880,0xB8A0,
    0xC920,0xC940,0xC100,0xB880,0xC900,0xDA00,0xC920,0xB880,0xB040,0xA000,0xC0E0,0xE220,
    0xE220,0xD180,0xD1A0,0xE220,0xD9E0,0xD9E0,0xEAA0,0xFB20,0xF2E0,0xEAA0,0xFB00,0xFB80,
    0xFBA0,0xEAA0,0xD9C0,0xD9C0,0xD9C0,0xC920,0xB8A0,0xC920,0xD9A0,0xE200,0xD9C0,0xD1A0,
    0xD180,0xD9C0,0xD9C0,0xD180,0xD1A0,0xC920,0xB860,0xB880,0xB020,0xA800,0xA000,0xC0E0,
    0xE200,0xD180,0xC0C0,0xC920,0xC900,0xD9C0,0xD1A0,0xB8A0,0xC0E0,0xD180,0xC0C0,0xC0E0,
    0xD9C0,0xD180,0xD180,0xD160,0xE220,0xD9C0,0xEAA0,0xC900,0xC0C0,0xC0E0,0xD180,0xE240,
    0xE200,0xB880,0xC920,0xC940,0xD9A0,0xE240,0xDA00,0xDA00,0xD180,0xB880,0xB040,0xB040,
    0xB020,0xB880,0xD160,0xB8A0,0xA000,0xA000,0xB860,0xC0C0,0xB040,0xA800,0xB860,0xB020,
    0xA800,0xA000,0x9800,0xA000,0xB060,0xB8C0,0xC0C0,0xD1A0,0xEA60,0xE240,0xE240,0xF320,
    0xE240,0xFB40,0xFB20,0xF2C0,0xF2A0,0xD160,0xB060,0xB040,0xD160,0xFB00,0xF2C0,0xF2C0,
    0xFBA0,0xFB80,0xEA80,0xD9E0,0xE240,0xD9C0,0xC920,0xB880,0xC920,0xC940,0xB040,0xB880,
    0xA800,0xC0C0,0xD9C0,0xE200,0xE240,0xB8C0,0xA820,0xB880,0xC0C0,0xC940,0xEA60,0xD9C0,
    0xEA40,0xEAA0,0xE220,0xD9E0,0xD9E0,0xF2E0,0xF2C0,0xDA00,0xF2C0,0xE240,0xD9E0,0xF2C0,
    0xE200,0xC920,0xD1A0,0xB880,0xC0E0,0xD9E0,0xE200,0xD9A0,0xD9E0,0xD9E0,0xE200,0xD9C0,
    0xD180,0xC0C0,0xC0E0,0xC940,0xD180,0xC0E0,0xB860,0xB880,0xC920,0xD9A0,0xEA80,0xFBC0,
    0xFB80,0xE220,0xE220,0xE220,0xE220,0xFB60,0xFB80,0xEAA0,0xD180,0xC940,0xE240,0xFB80,
    0xF2C0,0xD9C0,0xD1A0,0xD180,0xC940,0xC900,0xB8A0,0xC0C0,0xC940,0xE200,0xC940,0xD180,
    0xEAA0,0xEA80,0xE220,0xC0E0,0xC0E0,0xD140,0xD160,0xC920,0xD1A0,0xC0C0,0xC900,0xD9C0,
    0xE240,0xEAA0,0xEA80,0xC100,0xA800,0xB000,0xB8A0,0xC940,0xD9A0,0xD9C0,0xE200,0xC940,
    0xC0A0,0xB8A0,0xB880,0xD140,0xD160,0xC0E0,0xC0E0,0xC900,0xC0E0,0xC920,0xC0A0,0xC0C0,
    0xB8C0,0xA820,0xB880,0xC0E0,0xC0E0,0xC0A0,0xC940,0xC940,0xB860,0xB020,0xA820,0xA840,
    0xD180,0xC0E0,0xC0C0,0xD160,0xD180,0xB040,0xB8A0,0xC0C0,0xB880,0xA820,0xB020,0xB020,
    0xA800,0xA800,0xA800,0xC920,0xC920,0xC100,0xD1A0,0xD9C0,0xD1A0,0xD180,0xB8A0,0xD1A0,
    0xD160,0xD180,0xFB20,0xEA60,0xD160,0xB880,0xA820,0xA820,0xB040,0xA800,0xA820,0xB880,
    0xB8A0,0xC0A0,0xB880,0xB040,0xA000,0xA000,0x9800,0x9800,0x9800,0xA820,0xB880,0xC940,
    0xD9C0,0xD180,0xC0C0,0xB060,0xD180,0xC920,0xB060,0xC940,0xD9C0,0xEA60,0xEA80,0xFB00,
    0xEA60,0xD1A0,0xD1A0,0xD160,0xD9C0,0xF2C0,0xE220,0xE240,0xF2E0,0xE220,0xD160,0xC0E0,
    0xC900,0xC920,0xC920,0xEA60,0xEA80,0xD1A0,0xC0E0,0xB880,0xB860,0xD160,0xDA00,0xD9C0,
    0xE200,0xE200,0xC940,0xD1A0,0xE240,0xC920,0xB880,0xC0C0,0xC0C0,0xD160,0xC900,0xC940,
    0xE220,0xE220,0xD9E0,0xD9C0,0xD9C0,0xEA80,0xF2E0,0xE220,0xC100,0xD9C0,0xE220,0xC900,
    0xA800,0xB020,0xB860,0xC0E0,0xC940,0xC900,0xD9E0,0xDA00,0xD180,0xC920,0xE220,0xD9E0,
    0xE200,0xEAA0,0xE240,0xE220,0xD180,0xC0E0,0xC0C0,0xB880,0xD9E0,0xFB40,0xF2E0,0xD1A0,
    0xC0C0,0xC920,0xD180,0xE220,0xC0E0,0xB8A0,0xEA60,0xE240,0xC0E0,0xC0C0,0xC940,0xC940,
    0xB8A0,0xB8A0,0xC0C0,0xC0C0,0xC0A0,0xC920,0xC920,0xC920,0xD180,0xEA40,0xE220,0xC940,
    0xE220,0xF2C0,0xFB20,0xFB20,0xEA60,0xEA60,0xE200,0xB860,0xC0E0,0xF2C0,0xE260,0xC0E0,
    0xB880,0xD9E0,0xC920,0xC0E0,0xF2A0,0xE200,0xB040,0xB8A0,0xD9C0,0xEA80,0xF2A0,0xFB20,
    0xFB20,0xC920,0xD9E0,0xE220,0xE200,0xD9C0,0xDA00,0xD160,0xC940,0xD9E0,0xE220,0xD9C0,
    0xC940,0xC0C0,0xC0C0,0xC940,0xE240,0xEA80,0xEAA0,0xFB80,0xD9C0,0xD1A0,0xD1A0,0xC0C0,
    0xC940,0xD160,0xD180,0xC0E0,0xC0E0,0xB880,0xC0E0,0xC940,0xD180,0xC900,0xB880,0xB880,
    0xC0C0,0xC0C0,0xB880,0xC0C0,0xC100,0xC960,0xD180,0xD160,0xC940,0xC100,0xA800,0xD160,
    0xFB20,0xE220,0xC920,0xD9E0,0xD9E0,0xC0E0,0xA800,0xA800,0xC0E0,0xC0C0,0xB880,0xC920,
    0xD180,0xC940,0xD160,0xC0E0,0xD9C0,0xE220,0xD9C0,0xC900,0xC0C0,0xB880,0xC920,0xFB40,
    0xEA80,0xD9E0,0xD160,0xC0E0,0xB860,0xA800,0xB880,0xC900,0xC900,0xC0E0,0xB880,0xB8A0,
    0xC100,0xD160,0xC940,0xC920,0xA820,0xA820,0xC0E0,0xD180,0xD9E0,0xD1A0,0xD9E0,0xE220,
    0xF2C0,0xF2C0,0xEA80,0xF2C0,0xD9C0,0xE220,0xF2A0,0xF2E0,0xF320,0xEA60,0xE220,0xD9C0,
    0xD9C0,0xD180,0xC0E0,0xC100,0xD9C0,0xEA60,0xEA80,0xE240,0xD9C0,0xD9C0,0xE220,0xE200,
    0xEA60,0xDA00,0xD160,0xC0E0,0xA800,0xB860,0xC900,0xD180,0xD9C0,0xC0C0,0xC0E0,0xD9A0,
    0xC940,0xB8A0,0xB8A0,0xD160,0xD9E0,0xD1A0,0xC0E0,0xD180,0xE200,0xD1A0,0xD1A0,0xC920,
    0xC940,0xDA00,0xE200,0xD180,0xC900,0xC0E0,0xD1A0,0xF2C0,0xF300,0xD140,0xB860,0xB880,
    0xC0E0,0xD9C0,0xD180,0xD160,0xC0A0,0xB8A0,0xB880,0xB860,0xB020,0xB880,0xD1A0,0xC0C0,
    0xA000,0xC0C0,0xD180,0xD1A0,0xD180,0xC0C0,0xB040,0xB020,0xA800,0xA000,0x9800,0x9800,
    0xA800,0xC0A0,0xB040,0xB8A0,0xC940,0xD9E0,0xE200,0xC100,0xC900,0xD9E0,0xEA80,0xF2A0,
    0xF2A0,0xD160,0xA800,0xA800,0xC920,0xEAA0,0xF300,0xE260,0xEA80,0xD9E0,0xC920,0xD9C0,
    0xD9E0,0xE200,0xEA60,0xC920,0xA800,0xC0C0,0xC940,0xC900,0xA800,0xA800,0xB8A0,0xD160,
    0xC920,0x9800,0x9800,0xC0C0,0xC920,0xC940,0xC100,0xD140,0xE200,0xEAA0,0xD160,0xB860,
    0xC0E0,0xEA80,0xF2A0,0xEA40,0xF2C0,0xC920,0xC920,0xFB00,0xEA80,0xD160,0xD9A0,0xD160,
    0xC920,0xC0E0,0xC0E0,0xC0C0,0xC0C0,0xD9E0,0xE240,0xC100,0xC920,0xC0C0,0xC0C0,0xC920,
    0xD1A0,0xC0E0,0xB020,0xB000,0xC0C0,0xC0C0,0xC940,0xE240,0xEAA0,0xD9A0,0xE200,0xF2E0,
    0xF2E0,0xFB20,0xFC00,0xFBA0,0xD9C0,0xC900,0xE200,0xFB40,0xEAA0,0xD9E0,0xD1A0,0xD9E0,
    0xD160,0xC900,0xC920,0xC100,0xD9A0,0xE220,0xD180,0xD9C0,0xD180,0xC0E0,0xC0A0,0xC100,
    0xD160,0xD180,0xD9E0,0xE200,0xC0E0,0xC0E0,0xC0C0,0xC920,0xD9E0,0xD9C0,0xB8A0,0xA800,
    0xB020,0xB060,0xB8A0,0xD160,0xC920,0xC940,0xD180,0xC0C0,0xC900,0xB060,0xA820,0xD160,
    0xC0E0,0xB860,0xC900,0xB8A0,0xC940,0xE200,0xB860,0xB880,0xB040,0xA800,0xC920,0xD160,
    0xD9E0,0xC920,0xD180,0xEA60,0xC100,0xB060,0xB8A0,0xB860,0xD160,0xC900,0xB020,0xB040,
    0xB860,0xB040,0xB8A0,0xB880,0xA000,0x9800,0xB020,0xA800,0xA820,0xA800,0xA820,0xD1A0,
    0xC960,0xB060,0xC960,0xD180,0xC100,0xD160,0xA800,0xD1A0,0xE240,0xD160,0xE200,0xD9E0,
    0xD1A0,0xC0C0,0xC0E0,0xB020,0xA800,0xB020,0xB020,0xB060,0xE220,0xD1A0,0xC0C0,0xB060,
    0xA000,0x9800,0xA020,0xA820,0x9800,0xA000,0xB040,0xC920,0xF2C0,0xE220,0xB860,0xC900,
    0xD1A0,0xD180,0xC0E0,0xD160,0xEA80,0xF2A0,0xEAA0,0xEA80,0xD1A0,0xC0E0,0xE240,0xEAA0,
    0xEA60,0xFB00,0xE220,0xE200,0xF2C0,0xF2C0,0xF2E0,0xE220,0xD180,0xDA00,0xE200,0xEA80,
    0xEA60,0xF2C0,0xD9A0,0xC0E0,0xC920,0xD9E0,0xEA60,0xD9C0,0xDA00,0xF320,0xD1A0,0xC920,
    0xC920,0xC0C0,0xC900,0xC940,0xC960,0xD180,0xD160,0xD160,0xD9E0,0xDA00,0xD9A0,0xD180,
    0xC900,0xD9E0,0xF300,0xEA60,0xD9A0,0xE220,0xE240,0xD1A0,0xC0C0,0xB040,0xB8A0,0xC900,
    0xC100,0xC0A0,0xC0E0,0xC100,0xC900,0xC940,0xD9C0,0xE240,0xDA00,0xE220,0xE240,0xEA80,
    0xE240,0xD9E0,0xB880,0xB880,0xD180,0xE220,0xE200,0xC0E0,0xB860,0xB8A0,0xC940,0xD180,
    0xC100,0xC940,0xD9E0,0xE240,0xD9E0,0xC960,0xD160,0xD160,0xC920,0xB880,0xB880,0xB860,
    0xB020,0xC0E0,0xC940,0xB040,0xC0C0,0xE240,0xEAA0,0xE240,0xD9E0,0xD160,0xE240,0xFB60,
    0xF2E0,0xD180,0xC900,0xC0E0,0xC900,0xE200,0xEA60,0xC0C0,0xD160,0xE240,0xD180,0xD180,
    0xE200,0xC0E0,0xB040,0xB8A0,0xD9A0,0xF2E0,0xEA60,0xEA80,0xDA00,0xC0E0,0xF2C0,0xD9E0,
    0xD1A0,0xEAA0,0xEA60,0xE240,0xD9E0,0xEA60,0xEA60,0xE220,0xD160,0xC0C0,0xB880,0xC0E0,
    0xD9E0,0xFB00,0xFB00,0xFBC0,0xF2A0,0xD180,0xC0C0,0xC0E0,0xC0E0,0xC0E0,0xD180,0xD160,
    0xC920,0xA800,0xC0C0,0xC0E0,0xB8A0,0xC0C0,0xC0C0,0xC0E0,0xC0E0,0xC0A0,0xB880,0xC0E0,
    0xD9C0,0xDA00,0xE200,0xD180,0xC0C0,0xB860,0xB060,0xD9E0,0xEA60,0xC940,0xC920,0xC100,
    0xD180,0xD9C0,0xC0E0,0xA800,0xB8A0,0xD9C0,0xD9A0,0xD9C0,0xE220,0xD9E0,0xE220,0xD160,
    0xD9A0,0xE220,0xE200,0xE220,0xE240,0xD9A0,0xD1A0,0xE260,0xD140,0xD1A0,0xC900,0xC0C0,
    0xD160,0xB880,0xC0A0,0xC940,0xC920,0xC0A0,0xB880,0xB8A0,0xC100,0xDA00,0xF2E0,0xD1A0,
    0xB880,0xB860,0xB060,0xB040,0xC0C0,0xC0E0,0xE200,0xF2C0,0xF2E0,0xD9E0,0xE220,0xEA60,
    0xD9C0,0xE200,0xFB20,0xFB80,0xFB20,0xFB00,0xF2E0,0xE240,0xD1A0,0xD1A0,0xD180,0xC940,
    0xEA60,0xFB00,0xF2E0,0xFB00,0xEA60,0xD9C0,0xEA80,0xFB00,0xF2A0,0xE200,0xD160,0xC0E0,
    0xB040,0xB860,0xD9E0,0xE220,0xD9C0,0xD180,0xD180,0xD160,0xD9C0,0xC100,0xB860,0xC0C0,
    0xC0C0,0xB060,0xB040,0xB8A0,0xC940,0xC0C0,0xB840,0xB880,0xC0C0,0xD9C0,0xEA60,0xE240,
    0xD9C0,0xC920,0xD9C0,0xFB40,0xFB80,0xE200,0xC940,0xC100,0xC0E0,0xC0A0,0xC0C0,0xC0C0,
    0xB860,0xC100,0xC920,0xC0E0,0xB8A0,0xB860,0xC100,0xB880,0xB860,0xC920,0xC940,0xD9E0,
    0xE240,0xD9E0,0xC0C0,0xB000,0xA820,0xA800,0xA000,0xA000,0xA000,0xB8A0,0xC0C0,0xB040,
    0xB040,0xC900,0xDA00,0xD9C0,0xD1A0,0xD9E0,0xE240,0xEA80,0xEA60,0xD1A0,0xC940,0xB880,
    0xB040,0xC100,0xF2A0,0xEAA0,0xC900,0xC900,0xD160,0xD160,0xC920,0xC900,0xD9C0,0xD9E0,
    0xC0C0,0xB880,0xC920,0xD160,0xB880,0xA000,0xA800,0xB020,0xA800,0xA820,0xD180,0xE200,
    0xF2C0,0xEAA0,0xC0E0,0xD180,0xD180,0xC920,0xC0A0,0xC920,0xC920,0xEAA0,0xFB80,0xFB80,
    0xF2C0,0xB8A0,0xD1A0,0xFB60,0xF2E0,0xD1A0,0xE220,0xDA00,0xD1A0,0xD160,0xB8A0,0xC0C0,
    0xB040,0xC920,0xEA40,0xC920,0xC0E0,0xC900,0xC0C0,0xB860,0xB8A0,0xC100,0xB880,0xB060,
    0xB880,0xC0C0,0xB040,0xD180,0xE260,0xD180,0xEA40,0xFB60,0xFBC0,0xFBA0,0xFC00,0xFB20,
    0xD9C0,0xC0E0,0xC920,0xE200,0xEA60,0xD9E0,0xDA00,0xD9C0,0xD160,0xC940,0xC960,0xC900,
    0xC940,0xD9A0,0xE220,0xF2C0,0xE220,0xC0E0,0xB8A0,0xC0C0,0xC900,0xC920,0xB880,0xC940,
    0xC100,0xD160,0xD9C0,0xC0E0,0xC0E0,0xB8A0,0xB040,0xA800,0xB860,0xC0A0,0xD160,0xDA00,
    0xDA00,0xD1A0,0xDA00,0xD140,0xB8A0,0xC940,0xC940,0xD160,0xC920,0xA800,0xB880,0xD9A0,
    0xD180,0xC0C0,0xA800,0xB020,0x9800,0xB060,0xD9C0,0xEAA0,0xE200,0xB8C0,0xC100,0xDA00,
    0xC920,0xB040,0xC0C0,0xC940,0xD180,0xC0E0,0xC0C0,0xB8A0,0xB040,0xD180,0xE220,0xC920,
    0xA820,0xA000,0xA820,0xB040,0xC0A0,0xA820,0xA800,0xD9C0,0xD160,0xA000,0xC900,0xD9E0,
    0xD160,0xC0C0,0xB020,0xC100,0xD9C0,0xD160,0xD9C0,0xF2A0,0xC900,0xC100,0xC940,0xC0C0,
    0xC920,0xC100,0xA820,0xA820,0xC0E0,0xC0C0,0xC920,0xD160,0xB880,0xB060,0xB860,0xA800,
    0x9800,0x9800,0xA000,0xC0E0,0xE220,0xEA60,0xD160,0xD160,0xD160,0xD9A0,0xD9A0,0xE200,
    0xFB00,0xFB20,0xF2A0,0xF2E0,0xEA60,0xDA00,0xFB00,0xEA80,0xD180,0xC940,0xD140,0xD160,
    0xEA60,0xFB00,0xF2C0,0xE200,0xD9E0,0xEA60,0xD9E0,0xD9C0,0xE220,0xFB60,0xF2E0,0xEA60,
    0xE200,0xDA00,0xE240,0xD180,0xC940,0xD9C0,0xD160,0xC940,0xC920,0xD180,0xD9C0,0xE200,
    0xD9C0,0xC0E0,0xC0A0,0xB8A0,0xC0E0,0xD9C0,0xDA00,0xD180,0xC920,0xD9C0,0xEA80,0xE240,
    0xE220,0xE240,0xEAA0,0xF2C0,0xE220,0xC920,0xD9A0,0xD160,0xC100,0xD180,0xC0C0,0xB880,
    0xC940,0xC940,0xC940,0xC940,0xD9C0,0xE220,0xE240,0xE240,0xEA80,0xDA00,0xC0E0,0xB8A0,
    0xD160,0xD9C0,0xD1A0,0xD160,0xC920,0xC100,0xD160,0xD1A0,0xE240,0xEA80,0xEA80,0xF2A0,
    0xEA80,0xD9C0,0xEA80,0xD9C0,0xD9C0,0xD9C0,0xB880,0xB020,0xA800,0xA820,0xC0C0,0xB880,
    0xC0E0,0xEA60,0xFB00,0xEAA0,0xD9C0,0xC940,0xD160,0xEA60,0xEA80,0xC0C0,0xB060,0xB880,
    0xC900,0xD160,0xE240,0xD1A0,0xD9E0,0xD160,0xD9C0,0xEA40,0xEA60,0xD9C0,0xC0E0,0xD160,
    0xEA60,0xFB20,0xEA80,0xDA00,0xE240,0xF2A0,0xEA60,0xC0E0,0xB040,0xD9C0,0xEA60,0xE220,
    0xD9A0,0xE200,0xF2A0,0xE200,0xD9E0,0xD180,0xB040,0xA800,0xC960,0xEA80,0xFB20,0xEAA0,
    0xFBA1,0xF340,0xE220,0xD9C0,0xC940,0xD1A0,0xE200,0xD180,0xB880,0xC0E0,0xC0E0,0xB880,
    0xC0E0,0xC940,0xC960,0xD9A0,0xC940,0xD180,0xD180,0xC960,0xD160,0xD160,0xD180,0xC940,
    0xB880,0xB880,0xD1A0,0xE260,0xE240,0xD180,0xD9C0,0xC0C0,0xC920,0xD9E0,0xC920,0xB020,
    0xB040,0xD1A0,0xF2A0,0xF2E0,0xEA80,0xEA80,0xEA80,0xE220,0xE220,0xD9C0,0xE240,0xF2C0,
    0xDA00,0xC920,0xD160,0xD9A0,0xE200,0xD140,0xC0E0,0xD160,0xD9E0,0xC940,0xD9E0,0xD9E0,
    0xC900,0xC940,0xC0E0,0xB880,0xC100,0xE200,0xEA80,0xC940,0xB040,0xC0C0,0xC0E0,0xB020,
    0xB020,0xC0C0,0xE220,0xE200,0xD160,0xC920,0xDA00,0xE220,0xE200,0xEA80,0xFB00,0xFBC0,
    0xFB60,0xF2E0,0xF2E0,0xFB20,0xD9E0,0xD9A0,0xD9C0,0xD1A0,0xEA60,0xFB20,0xF2E0,0xEAA0,
    0xE240,0xE240,0xF2C0,0xFB00,0xFB00,0xE200,0xC0C0,0xB040,0xB880,0xB040,0xC940,0xE240,
    0xE240,0xDA00,0xD180,0xC0C0,0xD180,0xD9A0,0xB8A0,0xC0A0,0xA000,0xA000,0xB060,0xC920,
    0xD160,0xC920,0xD1A0,0xC940,0xC0E0,0xD9E0,0xF2E0,0xFB40,0xFB40,0xEA60,0xD9C0,0xE240,
    0xD9C0,0xC900,0xD9C0,0xD9E0,0xE240,0xD160,0xC0C0,0xB880,0xC0E0,0xE260,0xFB80,0xE200,
    0xC900,0xC0C0,0xC920,0xB880,0xD180,0xD9C0,0xC920,0xC0E0,0xD1A0,0xD9C0,0xF320,0xDA00,
    0xB860,0xB020,0xA820,0xA000,0xB040,0xB880,0xC900,0xB8A0,0xB860,0xB860,0xD9E0,0xF2E0,
    0xE240,0xF2C0,0xFBA0,0xE240,0xB8A0,0xD160,0xE200,0xE220,0xD9C0,0xC940,0xE240,0xEAA0,
    0xC900,0xC900,0xE240,0xD9E0,0xB880,0xB020,0xD180,0xD9C0,0xB8A0,0xB040,0xA000,0xA800,
    0xB880,0xC920,0xB040,0xC0E0,0xB8A0,0xC900,0xEA80,0xD9E0,0xD9C0,0xD9A0,0xD9E0,0xD1A0,
    0xB040,0xB020,0xB060,0xC0E0,0xC940,0xE200,0xF2C0,0xF340,0xEA80,0xD9A0,0xE220,0xEA80,
    0xD9E0,0xD160,0xE200,0xE220,0xEA60,0xD180,0xB8A0,0xEA60,0xD9C0,0xD9E0,0xC920,0xD9E0,
    0xC900,0xB8A0,0xB8A0,0xB8A0,0xB880,0xB8A0,0xC0E0,0xB040,0xB040,0xB040,0xB040,0xD180,
    0xF2C0,0xD9E0,0xE220,0xFB20,0xFC83,0xFC83,0xFB40,0xD9E0,0xD180,0xC940,0xB8A0,0xC0C0,
    0xC920,0xC920,0xC940,0xD160,0xC900,0xC900,0xC0C0,0xB880,0xC900,0xD180,0xC920,0xD180,
    0xD1A0,0xD160,0xC920,0xB8A0,0xC920,0xC900,0xB060,0xB040,0xC920,0xDA00,0xD9E0,0xB8A0,
    0xB060,0xB860,0xB8A0,0xB860,0xB860,0xC920,0xDA00,0xEA80,0xF2C0,0xE200,0xD9C0,0xD1A0,
    0xC900,0xD180,0xD9A0,0xD9E0,0xD9A0,0xC0E0,0xD140,0xEA80,0xD9E0,0xC0C0,0xA800,0xA000,
    0xA000,0xA820,0xD180,0xC100,0xA020,0x9800,0xA000,0xC0A0,0xC900,0xB060,0xB880,0xC0A0,
    0xD180,0xC0E0,0xC0E0,0xD1A0,0xC940,0xD9C0,0xEA80,0xD1A0,0xB020,0xB880,0xC920,0xC0E0,
    0xB060,0xA800,0xB020,0xC940,0xC900,0xB040,0xB860,0xD9C0,0xFB20,0xD160,0xD140,0xC0E0,
    0xC100,0xD9C0,0xD9C0,0xD9C0,0xB880,0xB060,0xB860,0xB880,0xC920,0xC100,0xB060,0x9800,
    0x9800,0xA800,0xD160,0xE200,0xD180,0xC0E0,0xB060,0xA000,0xB8A0,0xD9E0,0xB880,0xB8A0,
    0xD180,0xD180,0xD9A0,0xD9E0,0xD9E0,0xD1A0,0xD9C0,0xD9C0,0xEAA0,0xF300,0xF2E0,0xFB60,
    0xFB20,0xFB00,0xFB00,0xE240,0xD9E0,0xD9E0,0xD180,0xD160,0xE240,0xEAA0,0xF2C0,0xEA60,
    0xF300,0xF300,0xC920,0xC900,0xC900,0xF300,0xFBA0,0xFB00,0xF2C0,0xF2E0,0xE200,0xC0A0,
    0xC940,0xC920,0xD160,0xD160,0xD160,0xFB20,0xF300,0xF300,0xD9E0,0xD160,0xC100,0xB8A0,
    0xB880,0xC100,0xD9C0,0xC940,0xC100,0xC940,0xD180,0xD9A0,0xE240,0xE220,0xD1A0,0xEA40,
    0xD180,0xC900,0xE220,0xD160,0xC900,0xE200,0xC920,0xC0E0,0xD160,0xC900,0xC100,0xD180,
    0xDA00,0xD9E0,0xD9C0,0xE220,0xEA80,0xEA80,0xD9C0,0xC0E0,0xD160,0xEA60,0xE220,0xD9C0,
    0xC900,0xC900,0xC940,0xD9E0,0xF300,0xFB20,0xFB40,0xFB20,0xEAA0,0xE240,0xFB40,0xE200,
    0xC0C0,0xE200,0xD9A0,0xB860,0xA800,0xA800,0xA800,0xB8A0,0xC0C0,0xD1A0,0xF2A0,0xDA00,
    0xC100,0xC900,0xC920,0xD180,0xD160,0xB8A0,0xC900,0xB8A0,0xC0E0,0xC900,0xD1A0,0xF2E0,
    0xEA80,0xD160,0xD180,0xEAA0,0xEA60,0xEA80,0xE220,0xE240,0xEAA0,0xFB00,0xE200,0xD9C0,
    0xE200,0xFB20,0xD9C0,0xB060,0xB020,0xB860,0xE220,0xEA60,0xD9C0,0xD9E0,0xDA00,0xE240,
    0xE200,0xD9A0,0xB880,0xB040,0xD160,0xD9A0,0xD9E0,0xC0E0,0xC960,0xFBE1,0xFC21,0xF2E0,
    0xC960,0xD160,0xDA00,0xC0E0,0xB040,0xC920,0xC0A0,0xC0E0,0xD1A0,0xDA00,0xE240,0xE200,
    0xD9C0,0xE200,0xE240,0xD1A0,0xC920,0xC920,0xC900,0xB860,0xB020,0xB040,0xD9C0,0xDA00,
    0xC940,0xEA60,0xFBE0,0xD160,0xA000,0xB040,0xC0E0,0xC960,0xD180,0xD9E0,0xFB60,0xF2E0,
    0xD9C0,0xE220,0xE220,0xEA60,0xF2C0,0xE220,0xEA80,0xE240,0xC0C0,0xC0C0,0xC100,0xC900,
    0xD160,0xB8A0,0xC0A0,0xC940,0xD160,0xE200,0xEA80,0xD9C0,0xD180,0xD9C0,0xD9A0,0xC0C0,
    0xC920,0xDA00,0xC940,0xC0C0,0xA800,0xB860,0xC0E0,0xC0E0,0xB880,0xB860,0xC920,0xB8A0,
    0xB8A0,0xD9C0,0xEA60,0xE220,0xC900,0xE200,0xFB40,0xFBA0,0xF2E0,0xFB60,0xFBE0,0xFC20,
    0xF320,0xE220,0xE200,0xE240,0xE220,0xDA00,0xE240,0xE220,0xEA60,0xF2E0,0xFB80,0xFB80,
    0xFB40,0xF2C0,0xC940,0xB040,0xA800,0xA800,0xB880,0xDA00,0xEA80,0xEA60,0xD9E0,0xD180,
    0xC0E0,0xEAA0,0xF2E0,0xD160,0xA800,0xB020,0xC0E0,0xEA60,0xE240,0xEA60,0xF2A0,0xF2C0,
    0xE240,0xD1A0,0xF2E0,0xFBC0,0xFBC0,0xEA80,0xC0E0,0xD1A0,0xB8A0,0xC940,0xEA60,0xE220,
    0xE220,0xD180,0xC920,0xD160,0xEA80,0xFBA0,0xFBC0,0xE200,0xD160,0xC900,0xD1A0,0xC0E0,
    0xD9C0,0xC0C0,0xB860,0xB8A0,0xC920,0xE240,0xF320,0xE220,0xC0E0,0xA800,0xA800,0xA000,
    0xA020,0xC0E0,0xC900,0xB860,0xC0A0,0xB860,0xC0C0,0xEAA0,0xEA60,0xEA60,0xF320,0xD160,
    0xA000,0xB080,0xD180,0xE240,0xEAA0,0xEA60,0xE200,0xE200,0xC900,0xC100,0xEA80,0xEAA0,
    0xC100,0xC0E0,0xD9C0,0xD180,0xC0A0,0xB040,0xB060,0xB040,0xB040,0xD9C0,0xD9A0,0xC0E0,
    0xC100,0xD180,0xD9E0,0xC920,0xC100,0xB8A0,0xD9C0,0xD9C0,0xA800,0xA820,0xB020,0xB8A0,
    0xD180,0xD9C0,0xD9C0,0xE200,0xEA60,0xD180,0xD9E0,0xC940,0xC920,0xD180,0xD9E0,0xEA80,
    0xEA60,0xC0A0,0xB040,0xEAA0,0xFC00,0xEA80,0xC920,0xE200,0xD160,0xE220,0xC940,0xB860,
    0xB040,0xB860,0xA800,0xB020,0xB040,0xB860,0xA800,0xC940,0xFC20,0xFB60,0xE220,0xF2C0,
    0xFCA4,0xFC42,0xEA80,0xD9C0,0xC940,0xD180,0xC920,0xB840,0xB880,0xC920,0xC940,0xD160,
    0xC920,0xC900,0xC0C0,0xB880,0xC0C0,0xD1A0,0xE200,0xD1A0,0xC960,0xE260,0xDA00,0xB060,
    0xC920,0xC0E0,0xB860,0xB860,0xC940,0xE220,0xD9C0,0xC0C0,0xB8A0,0xC900,0xC0E0,0xB860,
    0xC0A0,0xC940,0xD9E0,0xE240,0xF2C0,0xFB40,0xEAA0,0xEA60,0xD9C0,0xC940,0xC0E0,0xDA00,
    0xF2C0,0xF2C0,0xD9C0,0xEAA0,0xF2C0,0xB060,0xB040,0xA020,0xC100,0xC0C0,0xC920,0xA840,
    0x9000,0xB8A0,0xB8A0,0xB040,0xB860,0xB020,0xB860,0xB040,0xC900,0xD160,0xC920,0xEA60,
    0xE220,0xD9A0,0xC900,0xB040,0xC0E0,0xD180,0xD180,0xD1A0,0xC0E0,0xB880,0xC940,0xD160,
    0xD160,0xC900,0xB8A0,0xB8A0,0xD160,0xF2E0,0xFB60,0xE220,0xD9E0,0xD9A0,0xD140,0xC920,
    0xB040,0xB040,0xB060,0xB020,0xC0C0,0xB8A0,0xB040,0xA820,0xA000,0xA000,0xB060,0xB880,
    0xB8A0,0xC940,0xC100,0xA820,0xC0C0,0xD160,0xB880,0xC100,0xD9E0,0xC920,0xB8A0,0xC920,
    0xE220,0xD9E0,0xD1C0,0xD9E0,0xEA60,0xEA60,0xF2E0,0xFB20,0xF2E0,0xF2A0,0xF2A0,0xEA80,
    0xF2C0,0xEA60,0xD9E0,0xDA00,0xE240,0xFB20,0xFB60,0xFB60,0xFB60,0xFB00,0xEAA0,0xD9C0,
    0xC920,0xE240,0xE220,0xFB20,0xF2C0,0xF2A0,0xE240,0xD180,0xD180,0xD1A0,0xD160,0xD9C0,
    0xC940,0xD160,0xEA80,0xEA60,0xC920,0xC920,0xC900,0xB880,0xB8A0,0xB880,0xC0E0,0xC0A0,
    0xB860,0xC900,0xD1A0,0xD180,0xC920,0xC900,0xC0E0,0xC100,0xB020,0xB020,0xB8A0,0xB880,
    0xC0C0,0xD160,0xE200,0xE200,0xC920,0xC0C0,0xC100,0xD1A0,0xD9E0,0xD1A0,0xD160,0xD9E0,
    0xEA80,0xF2C0,0xD9C0,0xC920,0xD180,0xEA80,0xFB00,0xD180,0xB040,0xB860,0xC920,0xE200,
    0xEAA0,0xF2C0,0xFB00,0xF2E0,0xEAA0,0xD9E0,0xD160,0xB8A0,0xB880,0xC940,0xD1A0,0xB8A0,
    0xA800,0xB020,0xB060,0xB040,0xB8A0,0xB8A0,0xC900,0xD180,0xC900,0xC920,0xC900,0xC920,
    0xC0E0,0xC0C0,0xD1A0,0xD180,0xC920,0xC940,0xD1A0,0xE220,0xF2C0,0xE240,0xC940,0xE220,
    0xEAA0,0xE240,0xF2E0,0xF2A0,0xEA60,0xE240,0xD160,0xD9C0,0xC960,0xE220,0xE200,0xB8C0,
    0xC0C0,0xB040,0xD160,0xE240,0xF2A0,0xE240,0xDA00,0xEA60,0xD1A0,0xC0A0,0xB060,0xC0A0,
    0xD9C0,0xD1A0,0xC0E0,0xD9C0,0xD140,0xFBC2,0xFC83,0xF2E0,0xB880,0xB020,0xC0E0,0xB040,
    0xB860,0xC0E0,0xB8A0,0xD140,0xC920,0xE200,0xEA60,0xE220,0xE220,0xE240,0xF2C0,0xD9E0,
    0xC920,0xC0E0,0xB8A0,0xB040,0xB040,0xB880,0xC0E0,0xC940,0xB880,0xC0A0,0xEA80,0xD9E0,
    0xB040,0xC0E0,0xD180,0xE220,0xD9E0,0xE200,0xEA80,0xEA80,0xD9A0,0xC920,0xC100,0xD160,
    0xE240,0xD9C0,0xD160,0xC0E0,0xB060,0xA820,0xB040,0xB020,0xA800,0xA800,0xB020,0xB880,
    0xC0E0,0xC900,0xB8A0,0xD180,0xD180,0xEA40,0xFB20,0xE240,0xC940,0xD160,0xB040,0xA800,
    0xA800,0xB020,0xD160,0xEA60,0xE200,0xC960,0xB8A0,0xB8A0,0xEA60,0xF2E0,0xEA60,0xD1A0,
    0xC0E0,0xD9E0,0xFB60,0xFBE0,0xF2A0,0xEAA0,0xF300,0xF300,0xFB40,0xF2A0,0xE220,0xEA60,
    0xD9E0,0xC960,0xD160,0xD9E0,0xEA60,0xFB20,0xFC00,0xFB60,0xF2C0,0xE220,0xD160,0xB860,
    0xB020,0xB020,0xA800,0xD160,0xE220,0xEAA0,0xF2C0,0xEA80,0xEA60,0xF300,0xFB20,0xD160,
    0xC920,0xB020,0xB860,0xEA60,0xF2A0,0xDA00,0xD9E0,0xE220,0xD9E0,0xE240,0xFB80,0xFB60,
    0xE220,0xDA00,0xD160,0xB880,0xB020,0xC940,0xD9E0,0xD180,0xC940,0xC940,0xD180,0xD9C0,
    0xD180,0xD1A0,0xEA60,0xEAA0,0xEAA0,0xD9C0,0xEA80,0xC940,0xE200,0xC920,0xB880,0xC0E0,
    0xC0C0,0xD160,0xD9E0,0xC100,0xC920,0xD160,0xB040,0xA000,0x9800,0xA000,0xA840,0xA000,
    0xB020,0xB880,0xC0C0,0xB880,0xD180,0xE240,0xC900,0xB060,0xB060,0xA000,0xB880,0xB040,
    0xD180,0xF300,0xF300,0xFB20,0xD9C0,0xC920,0xE240,0xF2E0,0xDA00,0xD9A0,0xF2C0,0xD1A0,
    0xC900,0xD9C0,0xE220,0xE200,0xC920,0xD180,0xD9A0,0xC0C0,0xC0E0,0xC0E0,0xC920,0xC100,
    0xC0E0,0xC0E0,0xD9E0,0xE200,0xC0E0,0xC0C0,0xC900,0xC100,0xD9C0,0xD180,0xB8A0,0xD160,
    0xD180,0xB020,0xB060,0xB880,0xC900,0xD160,0xD9C0,0xFB20,0xE240,0xC900,0xC920,0xE220,
    0xEA80,0xD180,0xD9E0,0xEAA0,0xEA60,0xEA80,0xD9A0,0xC0E0,0xB880,0xB040,0xB040,0xC0C0,
    0xC0C0,0xC0E0,0xB8A0,0xC0C0,0xEAE0,0xFC20,0xF2E0,0xEA40,0xFBE1,0xFC00,0xE200,0xC940,
    0xD160,0xD9E0,0xD9E0,0xC0E0,0xB8A0,0xD160,0xEA60,0xDA00,0xD180,0xC940,0xC0C0,0xB8A0,
    0xB880,0xD9C0,0xEA40,0xC940,0xC0C0,0xD160,0xD160,0xB860,0xC0E0,0xC920,0xB880,0xB040,
    0xB040,0xC920,0xC940,0xC0C0,0xC900,0xD180,0xC100,0xB880,0xC0E0,0xC100,0xC0C0,0xD180,
    0xD9C0,0xE260,0xE240,0xFB20,0xEA60,0xB8C0,0xA000,0xC0C0,0xF2A0,0xD9E0,0xB8A0,0xD9E0,
    0xEA60,0xA800,0xA800,0xB860,0xD180,0xD9C0,0xC920,0xB880,0xA820,0xD160,0xFB60,0xC0C0,
    0xB020,0xC0E0,0xC920,0xB880,0xB880,0xEA60,0xC940,0xD9C0,0xEA60,0xEA60,0xD9A0,0xC0E0,
    0xD9E0,0xEA80,0xE220,0xD9C0,0xC0C0,0xB060,0xC940,0xD180,0xD9C0,0xD160,0xC0C0,0xA000,
    0xB040,0xEA60,0xEAA0,0xC0E0,0xC940,0xD1A0,0xB880,0xB8A0,0xB8A0,0xB8A0,0xB860,0xD180,
    0xD9C0,0xB880,0xA820,0xA800,0xA800,0xA800,0x9800,0xB040,0xA800,0xC940,0xD160,0x9800,
    0x9800,0x9800,0xA800,0xC940,0xD180,0xB880,0xB020,0xC0E0,0xE240,0xDA00,0xC900,0xD9C0,
    0xC940,0xD1A0,0xF2C0,0xF2C0,0xE220,0xE220,0xEA60,0xF2E0,0xEA80,0xE200,0xEA60,0xF2A0,
    0xF2A0,0xFB60,0xFB40,0xFB40,0xF300,0xF2C0,0xFB40,0xEA80,0xD9E0,0xD9C0,0xD9A0,0xFB40,
    0xF2C0,0xE220,0xEA60,0xE220,0xDA00,0xD160,0xD180,0xEA60,0xD9E0,0xC0E0,0xD160,0xD160,
    0xC0E0,0xD180,0xD160,0xC0E0,0xC0A0,0xB8C0,0xA800,0xC0C0,0xC920,0xC0C0,0xC900,0xD160,
    0xD180,0xC940,0xC0E0,0xC900,0xC0C0,0xB060,0xC900,0xB880,0xC0C0,0xE220,0xFBC0,0xFB60,
    0xD9C0,0xD180,0xD1A0,0xD180,0xD9E0,0xD9C0,0xD180,0xD9E0,0xEAA0,0xEA60,0xD9C0,0xD180,
    0xC940,0xDA00,0xEA80,0xC940,0xB020,0xB8A0,0xD1A0,0xD9C0,0xE200,0xE200,0xDA00,0xE240,
    0xEA60,0xD9C0,0xC0E0,0xC0C0,0xC0E0,0xD9C0,0xD9C0,0xC0A0,0xB880,0xC0A0,0xB040,0xB860,
    0xB880,0xB880,0xA800,0xC920,0xD9C0,0xD9C0,0xC920,0xB860,0xC0E0,0xC940,0xE220,0xEA80,
    0xD160,0xD9E0,0xF2A0,0xE220,0xE200,0xD160,0xB8A0,0xC920,0xEAA0,0xFB00,0xEA80,0xD9E0,
    0xEA80,0xD9C0,0xE200,0xE200,0xC0E0,0xD1A0,0xD9E0,0xC920,0xB060,0xB040,0xC0C0,0xE220,
    0xE220,0xDA00,0xE200,0xD1A0,0xD160,0xB060,0xA820,0xB040,0xD9A0,0xEA60,0xD160,0xD160,
    0xD9C0,0xE220,0xFB60,0xE220,0xC0C0,0xA820,0xB000,0xA820,0xA820,0xB020,0xB880,0xC0E0,
    0xD9E0,0xE220,0xEA80,0xE220,0xC900,0xD9A0,0xDA00,0xD180,0xC0C0,0xC100,0xC0E0,0xC0C0,
    0xC0A0,0xC0E0,0xD180,0xD9C0,0xB8A0,0xC0C0,0xE220,0xD9E0,0xB880,0xC940,0xF341,0xF2A0,
    0xD160,0xD180,0xEA60,0xE220,0xD9C0,0xB040,0xA820,0xB880,0xC0C0,0xB8A0,0xB060,0xA820,
    0xA800,0xA800,0xC0C0,0xC0E0,0xB860,0xB020,0xB020,0xB860,0xC0C0,0xB860,0xB880,0xC940,
    0xB040,0xC0C0,0xF320,0xFB60,0xD9C0,0xE220,0xD9C0,0xB860,0xC8E0,0xD1A0,0xEA80,0xFBA0,
    0xF300,0xEA60,0xD9E0,0xD160,0xEA80,0xFB00,0xE240,0xD160,0xC0E0,0xD180,0xF300,0xFBE0,
    0xF2C0,0xD1A0,0xE200,0xF2E0,0xEAA0,0xF2E0,0xEA60,0xD9A0,0xD180,0xD180,0xD180,0xE240,
    0xF2E0,0xFBC0,0xFBC0,0xFB20,0xEA60,0xE240,0xD160,0xC0E0,0xC0C0,0xB020,0xA000,0xB060,
    0xD160,0xEA60,0xFBC0,0xEA80,0xC920,0xC920,0xC900,0xC0E0,0xD160,0xC920,0xB880,0xB880,
    0xD160,0xD1A0,0xC940,0xD9C0,0xEA80,0xF300,0xFB80,0xF2A0,0xEA40,0xE200,0xC940,0xC0A0,
    0xB8A0,0xC100,0xD160,0xD160,0xD160,0xD9C0,0xD180,0xC940,0xC940,0xD160,0xD9C0,0xF2C0,
    0xFC20,0xFB40,0xFB40,0xDA20,0xE220,0xEAA0,0xC940,0xC920,0xC900,0xC920,0xEA40,0xD9C0,
    0xC0E0,0xC940,0xC920,0xB860,0xA800,0x9000,0x9800,0xB040,0xA000,0xA000,0xB040,0xB880,
    0xB880,0xD180,0xD1A0,0xB880,0xB8A0,0xB8A0,0xA000,0xA800,0xC0C0,0xFB80,0xFBE0,0xFC00,
    0xF340,0xD160,0xD160,0xD9E0,0xDA00,0xEA80,0xF300,0xEA60,0xE220,0xE240,0xFB00,0xFB60,
    0xEA80,0xE200,0xC920,0xB040,0xB040,0xA820,0xC0A0,0xD9A0,0xEA80,0xD9C0,0xEAA0,0xF2E0,
    0xEA60,0xC0C0,0xB880,0xB040,0xB060,0xC0C0,0xC900,0xC0E0,0xC0C0,0xB040,0xC0C0,0xD9E0,
    0xC100,0xB880,0xD160,0xF300,0xD9E0,0xD9C0,0xE240,0xD9C0,0xC0E0,0xD9C0,0xF2A0,0xEA60,
    0xEA60,0xDA00,0xD9C0,0xE240,0xD1A0,0xC940,0xC940,0xC940,0xC900,0xC0E0,0xC900,0xC0C0,
    0xD9A0,0xFBA0,0xF2C0,0xD1A0,0xF360,0xFC41,0xE220,0xD160,0xD180,0xD160,0xD180,0xD9E0,
    0xD9E0,0xEA80,0xFB20,0xEA80,0xD9E0,0xD1A0,0xC0E0,0xB8A0,0xC900,0xE200,0xC920,0xB860,
    0xB040,0xB880,0xC900,0xD140,0xC920,0xC960,0xC900,0xA800,0xA800,0xB020,0xB060,0xB060,
    0xC0C0,0xDA00,0xD1A0,0xB880,0xB020,0xB880,0xA820,0xC940,0xD9E0,0xC900,0xC900,0xD9E0,
    0xD9A0,0xC0C0,0xB020,0xB020,0xE200,0xE220,0xC0C0,0xD9E0,0xD9A0,0xB860,0xA000,0xA820,
    0xD160,0xE220,0xD160,0xC920,0xC900,0xD9E0,0xF360,0xE260,0xB040,0xC0E0,0xD180,0xC920,
    0xB880,0xD9E0,0xD180,0xD180,0xE220,0xEA40,0xEA60,0xE200,0xD140,0xF2E0,0xF300,0xEA40,
    0xD9C0,0xC940,0xB880,0xC920,0xD1A0,0xC900,0xC0A0,0xA820,0xA800,0xB880,0xC0E0,0xB020,
    0xC900,0xD9C0,0xC0E0,0xC0C0,0xC920,0xC100,0xB8A0,0xE200,0xE220,0xB880,0xB880,0xA000,
    0xA820,0xC0C0,0xB040,0xB880,0xB040,0xB8A0,0xC940,0xC100,0xA000,0xA000,0x9800,0xA820,
    0xB060,0xC0E0,0xB880,0xC900,0xE220,0xD1A0,0xC940,0xC900,0xB880,0xD9C0,0xF2A0,0xF2A0,
    0xE240,0xD9C0,0xEA40,0xFB20,0xFB60,0xEA40,0xEAC0,0xFBE0,0xFB40,0xFB80,0xFB00,0xF2C0,
    0xEA80,0xF2A0,0xF2E0,0xEA80,0xD1A0,0xE220,0xFB40,0xFB20,0xEA60,0xEA60,0xEA40,0xF2C0,
    0xEA80,0xD1A0,0xE240,0xF2C0,0xE240,0xD1A0,0xD160,0xC0E0,0xD160,0xF2A0,0xD9C0,0xD9C0,
    0xD1A0,0xC0E0,0xB020,0xB8A0,0xC0A0,0xB880,0xC0E0,0xC0E0,0xC940,0xC940,0xC920,0xD160,
    0xD9C0,0xC0E0,0xD9E0,0xD9E0,0xD180,0xE260,0xFBC0,0xFB40,0xE240,0xDA00,0xE220,0xD180,
    0xD9C0,0xE220,0xD9C0,0xE220,0xF2E0,0xEA80,0xE220,0xD9C0,0xD9C0,0xD180,0xC920,0xC940,
    0xD160,0xD180,0xE240,0xDA00,0xD1A0,0xD180,0xD9E0,0xE240,0xE240,0xDA00,0xD180,0xC920,
    0xC0C0,0xC920,0xD160,0xC100,0xC0E0,0xD9A0,0xB8A0,0xB020,0xB020,0xC0E0,0xB060,0xB860,
    0xE220,0xF2C0,0xD9C0,0xC100,0xC940,0xE220,0xEA60,0xD9E0,0xD1A0,0xFB40,0xFBA0,0xFB20,
    0xF300,0xD1A0,0xD140,0xD9E0,0xD9E0,0xEAA0,0xEAA0,0xEA80,0xF2C0,0xEAA0,0xEA80,0xEA80,
    0xC900,0xD1A0,0xD160,0xD160,0xB8A0,0xB060,0xD9E0,0xF2E0,0xC900,0xC920,0xD9E0,0xD9A0,
    0xD9E0,0xC0E0,0xB040,0xB020,0xC100,0xD1A0,0xC0E0,0xD160,0xD9E0,0xD160,0xE220,0xD160,
    0xC100,0xB020,0xA800,0x9800,0xA000,0xB860,0xB860,0xD180,0xF300,0xEAC0,0xD160,0xC0C0,
    0xB020,0xC900,0xD9C0,0xD160,0xC0C0,0xB060,0xB8A0,0xC900,0xC100,0xC920,0xDA00,0xE220,
    0xD160,0xF2E0,0xF2E0,0xD9E0,0xB880,0xDA61,0xFC64,0xE220,0xD160,0xD160,0xEA80,0xE200,
    0xC900,0xB8A0,0xB040,0xB8A0,0xC900,0xB880,0xB860,0xA800,0xB020,0xC100,0xD180,0xD9E0,
    0xD140,0xB040,0xC0C0,0xC0E0,0xC0C0,0xB880,0xB880,0xC920,0xC0E0,0xB020,0xC940,0xD160,
    0xE220,0xF2C0,0xFB00,0xD160,0xB8A0,0xB880,0xC0C0,0xF2E0,0xEAA0,0xD9E0,0xEA60,0xEA60,
    0xEA60,0xFB20,0xE220,0xC0C0,0xB860,0xC920,0xF300,0xFB60,0xEA60,0xD180,0xD9C0,0xEA80,
    0xD1A0,0xC940,0xD1A0,0xC920,0xC900,0xC0E0,0xC920,0xD9E0,0xF2A0,0xFB20,0xFB20,0xF2C0,
    0xD9E0,0xD9E0,0xDA00,0xE200,0xC0E0,0xB020,0xA800,0x9800,0xB8A0,0xD9C0,0xF300,0xEAA0,
    0xC920,0xC0E0,0xC900,0xB860,0xB040,0xC900,0xC0E0,0xB020,0xB860,0xC920,0xD9E0,0xF2C0,
    0xFB60,0xF300,0xF300,0xFB20,0xF2C0,0xD9E0,0xC100,0xD160,0xE200,0xD9E0,0xE220,0xE240,
    0xD1A0,0xD160,0xD160,0xEA60,0xF2C0,0xD9E0,0xD9E0,0xE240,0xFB20,0xFB00,0xFCA3,0xFBC1,
    0xD9C0,0xEAA0,0xDA00,0xD1A0,0xC100,0xD1A0,0xF300,0xEA60,0xC900,0xB020,0xB860,0xC0E0,
    0xA800,0x9800,0xA020,0xB040,0xA000,0xA800,0xB020,0xB020,0xB880,0xC0C0,0xD9C0,0xC920,
    0xC100,0xC900,0xA000,0xA000,0xB040,0xD140,0xF320,0xFBC0,0xFB80,0xEA80,0xE220,0xD9E0,
    0xD180,0xE200,0xEA60,0xEA80,0xD9C0,0xC100,0xE200,0xE220,0xEAA0,0xF2C0,0xD9C0,0xC0C0,
    0xB060,0xB860,0xB860,0xD180,0xE220,0xFB40,0xFB40,0xF2C0,0xD180,0xC0C0,0xB040,0xA800,
    0xA800,0xB000,0xC0C0,0xC900,0xC900,0xC900,0xC0E0,0xE200,0xC900,0xB8A0,0xD140,0xC920,
    0xB880,0xC0C0,0xDA00,0xD9C0,0xD180,0xFB40,0xEAA0,0xC940,0xC940,0xD160,0xD180,0xEA80,
    0xF2A0,0xD9E0,0xD1A0,0xD9A0,0xC0E0,0xB8A0,0xC0C0,0xC0A0,0xC940,0xFAE0,0xE220,0xC900,
    0xE200,0xF2E0,0xD9E0,0xD9C0,0xD9C0,0xC940,0xC940,0xE220,0xFB00,0xFB40,0xFB40,0xE220,
    0xD1A0,0xD180,0xC920,0xD160,0xD160,0xD160,0xB880,0xB8A0,0xD9A0,0xD9E0,0xD160,0xC0E0,
    0xC900,0xD180,0xD9C0,0xB860,0xA800,0xA800,0xC0C0,0xD160,0xB880,0xC920,0xC940,0xB880,
    0xB000,0xA800,0xA800,0xC960,0xF2E0,0xD9A0,0xC0C0,0xD9C0,0xD1A0,0xB040,0xC0C0,0xC920,
    0xE220,0xE220,0xE220,0xE220,0xC940,0xB020,0xA000,0xA000,0xB880,0xC940,0xD180,0xC0E0,
    0xC0E0,0xC920,0xE220,0xFB60,0xB880,0xB860,0xD160,0xC0E0,0xB8A0,0xD9C0,0xC920,0xD180,
    0xE220,0xD9E0,0xE240,0xEA80,0xD9E0,0xDA00,0xE240,0xEA60,0xE240,0xE220,0xB880,0xB040,
    0xC920,0xC0C0,0xC0E0,0xC940,0xB880,0xC920,0xC920,0xB060,0xEA60,0xFB00,0xEA80,0xD9E0,
    0xC0E0,0xD160,0xD9A0,0xD160,0xE200,0xC920,0xC0A0,0xA820,0x9800,0xC920,0xC900,0xB020,
    0xD160,0xD9E0,0xE220,0xEA40,0xB8A0,0x9800,0x9000,0xA800,0xA000,0xB040,0xB8A0,0xD9E0,
    0xD9C0,0xE240,0xF2A0,0xD9C0,0xD9A0,0xDA00,0xF2C0,0xF2E0,0xE220,0xD9C0,0xF300,0xFCA4,
    0xFC62,0xFBC0,0xE240,0xEA80,0xD9E0,0xF2C0,0xFB60,0xFB40,0xF2C0,0xE240,0xD9E0,0xE220,
    0xD9E0,0xF2E0,0xFB80,0xEAA0,0xD9C0,0xEA60,0xEA60,0xFB40,0xFB60,0xF2E0,0xFB20,0xFB60,
    0xEAA0,0xE200,0xE220,0xC940,0xD180,0xEA80,0xF2E0,0xE200,0xD160,0xC0E0,0xB880,0xC0C0,
    0xC0E0,0xC920,0xC900,0xC0C0,0xB880,0xC0C0,0xC920,0xD160,0xD180,0xD9A0,0xF2C0,0xE220,
    0xD9E0,0xEA80,0xFB60,0xFB20,0xFB20,0xEA80,0xD9C0,0xC940,0xD180,0xD9C0,0xC940,0xD9E0,
    0xF2E0,0xF2C0,0xE220,0xE240,0xF2C0,0xD9C0,0xD1A0,0xE220,0xD9E0,0xE220,0xD9E0,0xC920,
    0xD160,0xD1A0,0xF2A0,0xF2E0,0xE200,0xD160,0xC0E0,0xB8A0,0xB860,0xB8C0,0xC0E0,0xC0C0,
    0xC940,0xD160,0xD9C0,0xB040,0xA800,0xB060,0xC0C0,0xC900,0xE220,0xFB00,0xD180,0xB060,
    0xC900,0xD180,0xD160,0xE220,0xD9E0,0xFBA0,0xFBA0,0xF2A0,0xF340,0xFB40,0xD9E0,0xF2A0,
    0xD180,0xD9C0,0xEA80,0xE220,0xD9C0,0xE200,0xD9C0,0xD9E0,0xD9A0,0xDA00,0xC940,0xD9C0,
    0xC920,0xB8A0,0xE220,0xEA80,0xE220,0xD1A0,0xE200,0xF2E0,0xEAA0,0xC940,0xC0E0,0xB880,
    0xB040,0xB880,0xC100,0xE240,0xEAA0,0xE220,0xD9C0,0xC920,0xC900,0xB880,0xA800,0x9800,
    0xB060,0xB060,0xC100,0xE240,0xD9E0,0xEA80,0xD9C0,0xC900,0xC0E0,0xC0E0,0xD180,0xD9C0,
    0xD9C0,0xC100,0xB880,0xC0E0,0xC920,0xD9C0,0xDA00,0xEA60,0xD9C0,0xEAA0,0xE240,0xC920,
    0xD1A0,0xF2A0,0xE200,0xB040,0xD1A0,0xD1A0,0xD9E0,0xD1A0,0xB880,0xC920,0xB8A0,0xB8A0,
    0xC0C0,0xB880,0xB860,0xB8A0,0xB860,0xD9E0,0xF300,0xD9A0,0xB8A0,0xC920,0xE200,0xD9A0,
    0xD180,0xC100,0xB040,0xB020,0xB880,0xB040,0xC0C0,0xD180,0xF300,0xF2C0,0xFB00,0xE200,
    0xA800,0xA800,0xB040,0xC100,0xD160,0xD9E0,0xEA60,0xF2C0,0xE220,0xD9A0,0xD9C0,0xB880,
    0xB8A0,0xC940,0xEA80,0xFB00,0xE200,0xD180,0xD9C0,0xEA80,0xD180,0xB020,0xB040,0xB040,
    0xB860,0xB860,0xB880,0xC0C0,0xD180,0xF2E0,0xF2A0,0xE240,0xE200,0xD9A0,0xDA00,0xEA60,
    0xD160,0xB040,0xA800,0xA000,0xB020,0xC0E0,0xC940,0xE220,0xEA60,0xDA00,0xC920,0xC0E0,
    0xC0E0,0xB8A0,0xB8A0,0xB8A0,0xB020,0xC920,0xF2A0,0xF2C0,0xFB40,0xEA60,0xD9A0,0xEA40,
    0xEA80,0xFB40,0xD1A0,0xD9A0,0xE240,0xD9C0,0xEA60,0xFB00,0xE220,0xE200,0xF2E0,0xFB80,
    0xF2C0,0xF2C0,0xE220,0xEA60,0xFB00,0xFBA0,0xFB81,0xE240,0xD9C0,0xD9C0,0xD160,0xC900,
    0xC0E0,0xC920,0xF2C0,0xFB60,0xD9E0,0xB880,0xB020,0xD160,0xD180,0xB880,0xA820,0xA800,
    0xB880,0xB880,0xC0E0,0xC940,0xB040,0xB880,0xC0C0,0xD180,0xD9A0,0xB880,0x9800,0x9000,
    0xA000,0xA800,0xC900,0xE200,0xF2E0,0xFBE0,0xFB20,0xFB20,0xE240,0xC920,0xD140,0xD160,
    0xB040,0xB040,0xB860,0xC920,0xC900,0xF2C0,0xF2E0,0xD9E0,0xD9C0,0xC960,0xEA80,0xEAE0,
    0xD140,0xF2C0,0xF2C0,0xD1A0,0xC920,0xC900,0xB880,0xA820,0xA820,0xB880,0xB880,0xB880,
    0xC0E0,0xEA80,0xF2C0,0xF300,0xE260,0xB8A0,0xB040,0xB040,0xA800,0xA800,0xB060,0xB860,
    0xB880,0xD180,0xC0E0,0xB020,0xB860,0xC0C0,0xB8A0,0xC940,0xEA40,0xD9C0,0xD160,0xC920,
    0xB020,0xB020,0xB8A0,0xC0A0,0xD9C0,0xF300,0xC940,0xD180,0xD1A0,0xD9C0,0xE240,0xEAC0,
    0xD9E0,0xC920,0xC920,0xE220,0xFC62,0xFBE1,0xEA40,0xE220,0xE220,0xC0E0,0xD160,0xD1A0,
    0xC0C0,0xB880,0xC0E0,0xD9C0,0xE240,0xD9C0,0xD9A0,0xD9C0,0xEA80,0xF2C0,0xE220,0xC900,
    0xB020,0xA800,0xC920,0xD9E0,0xC0C0,0xC0E0,0xB8A0,0xB040,0xB860,0xC0E0,0xB880,0xD140,
    0xF2C0,0xF300,0xD9E0,0xD9E0,0xC900,0xC920,0xC0E0,0xD1A0,0xEA60,0xD9A0,0xE200,0xD180,
    0xC0C0,0xA800,0xA800,0xA000,0xA000,0xB880,0xC920,0xC920,0xC0C0,0xB040,0xF2E0,0xF300,
    0xB880,0xC0C0,0xD180,0xC0E0,0xB880,0xC0E0,0xB040,0xC920,0xD9C0,0xD9E0,0xD9E0,0xE200,
    0xEA60,0xD9C0,0xD9A0,0xD9C0,0xC920,0xC940,0xB040,0xA800,0xB060,0xB040,0xC900,0xD1A0,
    0xD9E0,0xD9E0,0xC0E0,0xB060,0xE200,0xE240,0xEAA0,0xEAA0,0xB8A0,0xC900,0xC920,0xB040,
    0xD9C0,0xE200,0xC0E0,0xB060,0xA000,0xC920,0xEA80,0xC920,0xD180,0xC940,0xC100,0xD180,
    0xC0C0,0xB8A0,0xA000,0xA000,0xA000,0xA000,0xB060,0xC940,0xC100,0xE220,0xFB80,0xF320,
    0xE220,0xC940,0xE240,0xF2A0,0xEAA0,0xE220,0xFB40,0xFC85,0xFCC6,0xFB60,0xEA80,0xC940,
    0xD1A0,0xE220,0xFB40,0xF2E0,0xD9E0,0xD9C0,0xEA80,0xF2C0,0xFB00,0xF2E0,0xEAA0,0xD180,
    0xD180,0xFB80,0xFBA0,0xFB80,0xFBC0,0xFBE0,0xFC00,0xFB80,0xFB80,0xFBA0,0xEA60,0xD9C0,
    0xD9E0,0xE260,0xFB40,0xD1A0,0xD180,0xC900,0xB860,0xC0C0,0xD160,0xD1A0,0xD160,0xC0E0,
    0xB8A0,0xC900,0xC940,0xC960,0xC0E0,0xD1A0,0xF2C0,0xF2C0,0xFB60,0xFB80,0xFBE0,0xFBE0,
    0xFC63,0xFB20,0xE200,0xD1A0,0xD160,0xC960,0xC0C0,0xD9E0,0xEA80,0xEAA0,0xE220,0xE240,
    0xF2A0,0xEA60,0xEA80,0xEAA0,0xEA60,0xE240,0xD160,0xC940,0xC940,0xD160,0xF2A0,0xFB20,
    0xEA80,0xD180,0xC920,0xE220,0xD180,0xC0E0,0xC0A0,0xB880,0xE200,0xD9C0,0xD9E0,0xB8A0,
    0xA000,0xA800,0xC0A0,0xD180,0xEA60,0xD9E0,0xC900,0xA800,0xB8A0,0xC0E0,0xC0C0,0xF2C0,
    0xEA60,0xF2C0,0xE220,0xD180,0xD160,0xD9C0,0xD9A0,0xEA60,0xDA00,0xE240,0xE240,0xD9C0,
    0xF2E0,0xD9C0,0xC920,0xC900,0xD180,0xD180,0xD9C0,0xD9E0,0xC0C0,0xB020,0xD180,0xEAA0,
    0xEA80,0xF2C0,0xF2C0,0xFB40,0xF2A0,0xD180,0xC940,0xC900,0xC900,0xB880,0xC0E0,0xD9E0,
    0xEAA0,0xE220,0xD1A0,0xC900,0xD160,0xC940,0xA820,0xA000,0xB040,0xB020,0xC900,0xC940,
    0xD160,0xC940,0xE220,0xE240,0xD9C0,0xD9C0,0xC100,0xD160,0xEA60,0xE200,0xD180,0xC0E0,
    0xB880,0xD160,0xE200,0xD180,0xC900,0xD160,0xD160,0xB860,0xB8A0,0xD9A0,0xC940,0xB8A0,
    0xC920,0xC900,0xC0C0,0xD9E0,0xD180,0xD1A0,0xC900,0xC0A0,0xC100,0xC0C0,0xB020,0xB880,
    0xD180,0xD1A0,0xC0C0,0xB880,0xB8A0,0xE200,0xF2A0,0xF320,0xF300,0xC940,0xB8A0,0xC920,
    0xC940,0xC900,0xC0E0,0xD9A0,0xFB40,0xEA60,0xE220,0xC100,0xA800,0xB860,0xC0E0,0xC0C0,
    0xC0C0,0xC960,0xEAA0,0xEA60,0xC940,0xD160,0xD180,0xC0E0,0xD180,0xEA80,0xFB20,0xFBC0,
    0xF2E0,0xD160,0xE240,0xFBE0,0xE280,0xB880,0xB880,0xB880,0xB880,0xB840,0xB040,0xB880,
    0xC900,0xD9E0,0xD9A0,0xDA00,0xEA80,0xE260,0xE240,0xE240,0xD1A0,0xC0C0,0xB8A0,0xB880,
    0xB8A0,0xD160,0xE200,0xF2C0,0xFB20,0xF2A0,0xE220,0xE220,0xC900,0xC900,0xC0C0,0xB040,
    0xB860,0xC900,0xC920,0xC940,0xD160,0xC900,0xB8A0,0xB040,0xC0E0,0xD9C0,0xD160,0xE240,
    0xE220,0xE220,0xE220,0xFB20,0xF300,0xFCC4,0xFD89,0xFBE0,0xFC64,0xFC22,0xFB20,0xF300,
    0xFBC0,0xFCC5,0xFBA2,0xE220,0xE220,0xD160,0xD160,0xD180,0xC900,0xC900,0xF300,0xFBC0,
    0xEA40,0xC900,0xC0A0,0xD180,0xD160,0xB8A0,0xB860,0xB8A0,0xD160,0xD9A0,0xC960,0xD160,
    0xC920,0xC0A0,0xC0A0,0xC0C0,0xB860,0xB020,0x9800,0x9000,0xA000,0xA000,0xC0A0,0xC0C0,
    0xD160,0xE240,0xF2C0,0xFBE0,0xEA80,0xC940,0xD160,0xB860,0xA000,0xB020,0xC0A0,0xC940,
    0xC940,0xD9C0,0xE220,0xEA80,0xD9C0,0xD9E0,0xE220,0xD9E0,0xD180,0xF2C0,0xEA80,0xD160,
    0xC940,0xD180,0xD160,0xB040,0xB860,0xD180,0xD9C0,0xB880,0xD180,0xF2C0,0xFB00,0xEAC0,
    0xF2E0,0xC920,0xB8C0,0xB060,0xC0E0,0xC0E0,0xB880,0xB060,0xA000,0x9800,0xA800,0xC0C0,
    0xE200,0xEA60,0xD9C0,0xD9C0,0xC100,0xC900,0xC920,0xD160,0xC0C0,0xB880,0xC0E0,0xC940,
    0xF2A0,0xF300,0xD160,0xD180,0xD180,0xD160,0xE220,0xFB60,0xD140,0xC900,0xC960,0xD180,
    0xFBA1,0xFBE0,0xEA60,0xF2E0,0xE240,0xC0E0,0xEA80,0xD180,0xC0E0,0xC0C0,0xD1A0,0xE240,
    0xEA60,0xE220,0xEA60,0xDA00,0xEA60,0xF2E0,0xD9E0,0xC920,0xC0A0,0xB860,0xC900,0xE200,
    0xD180,0xC0E0,0xB040,0xB020,0xB880,0xC0C0,0xB880,0xC0E0,0xE200,0xF2C0,0xEA60,0xC900,
    0xD160,0xD9E0,0xC900,0xD180,0xD9C0,0xC0E0,0xD1A0,0xD180,0xB040,0xB000,0xB860,0xB860,
    0xA000,0xA800,0xC0A0,0xC940,0xC940,0xB860,0xD160,0xE220,0xC900,0xC900,0xD180,0xD160,
    0xB060,0xB040,0xB8A0,0xC920,0xD9A0,0xDA00,0xE240,0xD1A0,0xDA00,0xE220,0xD1A0,0xB8A0,
    0xB860,0xC940,0xB8A0,0xB880,0xA800,0xA800,0xB040,0xC0E0,0xD9C0,0xD180,0xC900,0xA820,
    0xC0A0,0xC920,0xD9C0,0xEA60,0xB880,0xB020,0xC900,0xB8A0,0xB880,0xD180,0xD9C0,0xC0C0,
    0xB060,0xC920,0xEA80,0xD9C0,0xB860,0xB040,0xA800,0xA820,0xB860,0xB860,0xA800,0x9800,
    0xA000,0xA000,0xC0E0,0xC940,0xB860,0xD140,0xFB80,0xFBC0,0xD9C0,0xC940,0xE240,0xF2C0,
    0xFB40,0xF2E0,0xFB40,0xFB40,0xFBA0,0xEA60,0xD9C0,0xEA60,0xF2C0,0xEA60,0xE220,0xE200,
    0xC960,0xD180,0xD9E0,0xE240,0xE220,0xE200,0xEA80,0xC940,0xC920,0xF320,0xFC00,0xFB40,
    0xFC62,0xFC21,0xFBC0,0xFBC0,0xFB80,0xFC00,0xF2E0,0xD9C0,0xF2C0,0xD9C0,0xD9E0,0xD9E0,
    0xE240,0xC920,0xC0C0,0xD160,0xD9C0,0xEA60,0xDA00,0xC900,0xB8A0,0xD180,0xD180,0xC940,
    0xC0A0,0xC0E0,0xE240,0xFC62,0xFCA3,0xFBC0,0xFB80,0xFC22,0xFD28,0xFC62,0xF280,0xD9E0,
    0xD1A0,0xD1A0,0xC0C0,0xD160,0xEAA0,0xFB20,0xE240,0xD9C0,0xE200,0xF2C0,0xF2E0,0xEA60,
    0xEAA0,0xEAA0,0xD9E0,0xD9C0,0xD160,0xD160,0xEA80,0xFB20,0xF2E0,0xE200,0xE200,0xF2E0,
    0xEA80,0xD9E0,0xC940,0xC0E0,0xE200,0xDA00,0xD9E0,0xC0E0,0xA000,0xA000,0xB020,0xC900,
    0xD9E0,0xC0E0,0xC0C0,0xB040,0xC100,0xE240,0xD180,0xD9E0,0xF2C0,0xEA80,0xD9E0,0xD9E0,
    0xE240,0xE220,0xD9C0,0xC940,0xD160,0xFB60,0xFB40,0xF2E0,0xF2A0,0xDA00,0xD160,0xD180,
    0xD9C0,0xD160,0xE240,0xEA60,0xA820,0xA800,0xD160,0xE200,0xD9E0,0xEA60,0xF2E0,0xD9E0,
    0xD9E0,0xC900,0xE220,0xDA01,0xC940,0xC0E0,0xD180,0xD180,0xC900,0xD180,0xD160,0xB880,
    0xC0E0,0xB040,0xA800,0xB020,0xA820,0xA820,0xC920,0xC0E0,0xE200,0xD9E0,0xE240,0xF2C0,
    0xE220,0xD160,0xC0E0,0xDA00,0xFB60,0xF2A0,0xEA40,0xD9E0,0xD1A0,0xD9C0,0xE200,0xDA00,
    0xC920,0xC100,0xC900,0xB040,0xA000,0xA800,0xC100,0xC920,0xC0C0,0xD160,0xC0C0,0xD9C0,
    0xD9E0,0xD160,0xB8A0,0xB8A0,0xC920,0xC0E0,0xB880,0xB880,0xC960,0xC940,0xB860,0xB880,
    0xB880,0xC920,0xE220,0xFB80,0xE220,0xC0E0,0xE200,0xEA60,0xC940,0xD180,0xEA60,0xC920,
    0xD9C0,0xDA00,0xC900,0xB040,0xA000,0xB040,0xB8A0,0xC900,0xC0C0,0xC0C0,0xD160,0xD160,
    0xC900,0xB880,0xB8A0,0xC940,0xEA60,0xEAA0,0xFB60,0xFB40,0xEA80,0xD9A0,0xE240,0xFBC0,
    0xEAE0,0xC940,0xC900,0xB860,0xC0E0,0xC100,0xB8A0,0xB880,0xD160,0xE220,0xD9A0,0xD9C0,
    0xF2C0,0xFB20,0xF2C0,0xEA60,0xDA00,0xD160,0xC940,0xC940,0xD160,0xEA80,0xF2C0,0xF2C0,
    0xFB40,0xEA80,0xF2C0,0xF2C0,0xC900,0xC940,0xE200,0xB8A0,0xB040,0xB8A0,0xC900,0xD9C0,
    0xC0A0,0xC0A0,0xC0C0,0xB880,0xB020,0xB880,0xC940,0xE240,0xF2C0,0xD9E0,0xD160,0xE240,
    0xEA60,0xF383,0xF383,0xF300,0xFC64,0xFCA4,0xFC00,0xFC00,0xFD07,0xFD8B,0xFBA1,0xF2C0,
    0xEA80,0xD9E0,0xD180,0xC920,0xEA60,0xEA60,0xF2E0,0xEA80,0xD160,0xC0C0,0xB8A0,0xB8A0,
    0xB8A0,0xC0E0,0xC900,0xB8A0,0xC0C0,0xE240,0xD9C0,0xD180,0xE220,0xC100,0xB880,0xB8A0,
    0xB020,0xB000,0xA000,0x9800,0xA000,0xA840,0xC100,0xC940,0xC0C0,0xC940,0xD9E0,0xFB40,
    0xF2E0,0xD180,0xC960,0xC900,0xC0C0,0xB880,0xD9A0,0xD180,0xC940,0xC0E0,0xB880,0xE200,
    0xE240,0xFB20,0xD180,0xB8A0,0xEAA0,0xFBE0,0xFBA0,0xF2C0,0xE240,0xE200,0xD1A0,0xB040,
    0xC920,0xF2C0,0xE220,0xB860,0xC920,0xEA40,0xEA80,0xD9E0,0xE200,0xE220,0xE220,0xC920,
    0xC940,0xC920,0xC0C0,0xC940,0xC0E0,0xB040,0xC900,0xEA60,0xFB00,0xFBE0,0xF2E0,0xC0E0,
    0xC0C0,0xD9E0,0xEA60,0xD9E0,0xD1A0,0xC940,0xD180,0xD1A0,0xD1A0,0xF2E0,0xD180,0xC900,
    0xC900,0xC940,0xD1A0,0xEA80,0xD160,0xC940,0xD180,0xC900,0xE200,0xF2E0,0xFB40,0xFB60,
    0xD1A0,0xC0C0,0xD160,0xC900,0xC100,0xD160,0xF2A0,0xEA80,0xE220,0xEA80,0xF300,0xD9C0,
    0xD9A0,0xD9E0,0xD160,0xC900,0xC0C0,0xB8A0,0xB8A0,0xD180,0xC940,0xC920,0xB880,0xB860,
    0xB040,0xB040,0xB880,0xC0E0,0xD160,0xD180,0xD1A0,0xD180,0xD9C0,0xC940,0xDA00,0xE260,
    0xD9E0,0xC100,0xC0E0,0xC100,0xB880,0xB860,0xC940,0xE200,0xB8A0,0xA000,0xB040,0xC0E0,
    0xD180,0xC940,0xB060,0xB8C0,0xD160,0xD180,0xD180,0xC0E0,0xA800,0xC0C0,0xD1A0,0xE200,
    0xE220,0xE220,0xEA60,0xD9E0,0xD180,0xEA60,0xE200,0xB880,0xC0C0,0xC0C0,0xB060,0xC0E0,
    0xB040,0x9800,0x9800,0xB000,0xC0E0,0xC0E0,0xC940,0xB020,0xA800,0xB020,0xC0C0,0xC0E0,
    0xB880,0xA820,0xB880,0xD160,0xC960,0xD160,0xD9C0,0xB880,0xB040,0xD160,0xD9C0,0xE220,
    0xC0E0,0xB020,0xB880,0xB8A0,0xA800,0xA800,0x9800,0x9800,0x9800,0xA000,0xB8A0,0xE200,
    0xD1A0,0xC940,0xE220,0xD9C0,0xC900,0xE200,0xD9C0,0xEA80,0xFCA3,0xFBC0,0xEA60,0xFBC2,
    0xF320,0xE200,0xE200,0xFC44,0xFC84,0xFB00,0xEA80,0xD9C0,0xD180,0xC960,0xC0E0,0xD160,
    0xE220,0xD1A0,0xF2A0,0xE220,0xD160,0xE220,0xF2C0,0xE240,0xFBE0,0xFB80,0xFBA0,0xFC00,
    0xFBC0,0xFBC0,0xEA80,0xD9E0,0xFB20,0xE200,0xE200,0xFB20,0xF2C0,0xD180,0xD180,0xEA80,
    0xE240,0xD9E0,0xD160,0xD180,0xC0C0,0xD9E0,0xE240,0xD160,0xC0E0,0xC100,0xE220,0xFBC2,
    0xFC42,0xFD07,0xFD28,0xFDAD,0xFD29,0xFD6B,0xFD08,0xFB20,0xE220,0xD1A0,0xC100,0xC920,
    0xEA60,0xFB00,0xEA60,0xD160,0xD1A0,0xE220,0xEA60,0xE240,0xD9E0,0xD9E0,0xEA80,0xD9E0,
    0xC940,0xD9E0,0xF2A0,0xFB40,0xFB20,0xEA80,0xF2A0,0xEA60,0xE240,0xEA80,0xD9E0,0xDA00,
    0xD9C0,0xD9E0,0xD9C0,0xC960,0xB8A0,0xA000,0xA820,0xB860,0xB880,0xB880,0xC0E0,0xB880,
    0xB8A0,0xEAA0,0xE260,0xE220,0xF2E0,0xFB00,0xE240,0xDA00,0xEA60,0xEAA0,0xD9E0,0xD9E0,
    0xD9C0,0xFBC1,0xFC62,0xF2E0,0xC940,0xE240,0xE220,0xD9E0,0xE240,0xD9C0,0xDA00,0xEA60,
    0xB8A0,0xB040,0xB880,0xC920,0xC920,0xC940,0xEA80,0xD1A0,0xC940,0xD160,0xE261,0xEAE2,
    0xD9A0,0xE240,0xF2A0,0xE200,0xD9C0,0xEA40,0xC940,0xA800,0xB040,0xB040,0xA800,0xB860,
    0xA800,0xA000,0xC920,0xEB01,0xFBE2,0xFB40,0xE220,0xE200,0xD160,0xC0E0,0xB860,0xD180,
    0xFB60,0xFB60,0xEA80,0xD9E0,0xEA80,0xEA60,0xC920,0xC940,0xC100,0xC0C0,0xC0C0,0xB060,
    0xA820,0xA800,0xB040,0xB060,0xB8A0,0xC0C0,0xD180,0xD180,0xC0C0,0xB040,0xC900,0xC940,
    0xC0E0,0xD160,0xC0C0,0xB8A0,0xC900,0xD9C0,0xF2C0,0xEA80,0xC0C0,0xC900,0xD180,0xF2A0,
    0xD180,0xB860,0xE220,0xFB00,0xEA60,0xD9E0,0xEA80,0xDA00,0xE240,0xE240,0xB860,0xA000,
    0xA800,0xC0A0,0xB8A0,0xC0A0,0xB8A0,0xB040,0xC100,0xD160,0xE220,0xC940,0xC100,0xC940,
    0xC900,0xE200,0xEA60,0xD9E0,0xE240,0xF2C0,0xF2C0,0xF2A0,0xD9E0,0xD160,0xD9C0,0xC0E0,
    0xB880,0xB8A0,0xC900,0xD9C0,0xD9C0,0xE200,0xD9C0,0xD180,0xEA60,0xFB00,0xFB20,0xEA80,
    0xE200,0xD9E0,0xD1A0,0xD160,0xC960,0xDA00,0xF2C0,0xEAA0,0xD9E0,0xD9C0,0xE260,0xD9E0,
    0xC0C0,0xC940,0xD9E0,0xB880,0xB020,0xC0E0,0xB880,0xC920,0xD1A0,0xC920,0xC900,0xD180,
    0xC0C0,0xB880,0xC0C0,0xD160,0xF2C0,0xD9C0,0xD1A0,0xD9A0,0xD9C0,0xD9E0,0xEA40,0xFB40,
    0xFBC0,0xFBE0,0xFD07,0xFD07,0xFDAC,0xFD08,0xFB60,0xFB00,0xF2A0,0xE220,0xE220,0xE200,
    0xF2E0,0xEA60,0xDA00,0xF2A0,0xD9A0,0xC920,0xC0E0,0xC940,0xD160,0xD9E0,0xE220,0xE220,
    0xEA80,0xFB60,0xF2C0,0xFBE0,0xFB40,0xD160,0xC0A0,0xB860,0xB040,0xB000,0xA820,0xA000,
    0xA000,0xC940,0xD160,0xC0C0,0xC0E0,0xC900,0xD160,0xD180,0xD1A0,0xB8A0,0xB8A0,0xD9C0,
    0xE220,0xE200,0xF2A0,0xEA80,0xE220,0xD9E0,0xD180,0xEAA0,0xF2E0,0xFBA0,0xEA80,0xC0E0,
    0xC920,0xEAA0,0xFB20,0xFB20,0xF2E0,0xE240,0xD9E0,0xC0C0,0xC0E0,0xF2C0,0xE220,0xB860,
    0xC0E0,0xD160,0xD1A0,0xE220,0xEA40,0xD9A0,0xD160,0xC920,0xB060,0xB060,0xC0C0,0xC920,
    0xD160,0xD9A0,0xE220,0xE220,0xEA80,0xFB60,0xFB20,0xE220,0xC920,0xD9E0,0xFBE0,0xF2C0,
    0xD180,0xC940,0xC940,0xC900,0xC0A0,0xD9E0,0xD9C0,0xD160,0xD9E0,0xEA80,0xE260,0xD9E0,
    0xD180,0xD9E0,0xE200,0xC0C0,0xD9A0,0xF2C0,0xFB20,0xF2E0,0xC920,0xB8A0,0xD180,0xC920,
    0xC940,0xFB40,0xFB40,0xEA60,0xE220,0xF2E0,0xEA80,0xD9E0,0xD1A0,0xC940,0xC940,0xC920,
    0xC920,0xC0E0,0xC0E0,0xD180,0xD9E0,0xD1A0,0xD160,0xC920,0xC0A0,0xB880,0xB8A0,0xC940,
    0xC100,0xB880,0xC100,0xD9E0,0xD9E0,0xC940,0xE260,0xFB00,0xEA60,0xC0E0,0xA800,0xC100,
    0xD180,0xD9C0,0xE220,0xD1A0,0xC900,0xA000,0xA000,0xC0E0,0xD1A0,0xDA00,0xC900,0xB040,
    0xD1A0,0xE240,0xD9C0,0xC900,0xC0E0,0xC0C0,0xD1A0,0xDA00,0xD9C0,0xE220,0xD9A0,0xC940,
    0xD180,0xD9C0,0xE220,0xD9A0,0xD9E0,0xC920,0xA000,0xA820,0xA800,0x9000,0xA000,0xC0C0,
    0xB060,0xC0E0,0xD9A0,0xB8A0,0xA000,0xB020,0xB860,0xB040,0xA820,0xB020,0xB8C0,0xE200,
    0xF2E0,0xE220,0xD180,0xC0C0,0xA820,0xC920,0xD9E0,0xF2E0,0xEA80,0xC940,0xD160,0xD180,
    0xC0C0,0xB040,0xA000,0xA820,0xA000,0x9800,0xA820,0xD160,0xEA80,0xEA80,0xC920,0xB020,
    0xC0E0,0xC920,0xC0C0,0xE240,0xFBE0,0xF2C0,0xE220,0xFBE2,0xFB40,0xF300,0xF2C0,0xFD6A,
    0xFE93,0xFBE1,0xFB00,0xEA60,0xD9E0,0xD9C0,0xC0E0,0xC0C0,0xE200,0xD160,0xD9C0,0xE200,
    0xD180,0xE220,0xD9C0,0xC0E0,0xE240,0xEAA0,0xEA60,0xFB40,0xFBE0,0xFBE0,0xEAA0,0xE240,
    0xEA80,0xF320,0xFB80,0xF2C0,0xF2C0,0xF300,0xD9C0,0xD9C0,0xE200,0xD9C0,0xC0E0,0xD160,
    0xC0E0,0xD9A0,0xEA60,0xE260,0xD180,0xC940,0xEA60,0xEA40,0xEA60,0xFC04,0xFD6B,0xFDAC,
    0xFD28,0xFD8C,0xFD08,0xFB40,0xE240,0xDA00,0xD180,0xC920,0xD180,0xE220,0xD9E0,0xC920,
    0xD160,0xD180,0xE220,0xEA80,0xE220,0xD9E0,0xF2A0,0xD9C0,0xC920,0xF2E0,0xFB20,0xF2E0,
    0xFB60,0xF2C0,0xE220,0xF320,0xEAC0,0xE240,0xEA40,0xD180,0xC940,0xC900,0xD180,0xD9A0,
    0xC940,0xB020,0xB8A0,0xB8A0,0xB020,0xB020,0xC940,0xE200,0xC900,0xEA60,0xF2C0,0xE220,
    0xFB20,0xFB40,0xEA40,0xE220,0xE200,0xD9C0,0xD9E0,0xE220,0xEAA0,0xEA60,0xF320,0xEA80,
    0xE220,0xEA80,0xF2A0,0xEA80,0xEA60,0xEA60,0xEA60,0xE240,0xD1A0,0xC0E0,0xB8A0,0xB8A0,
    0xB060,0xC920,0xE220,0xEA80,0xD9E0,0xD9C0,0xC900,0xD160,0xD9E0,0xF300,0xFBA0,0xFB20,
    0xF2C0,0xEA80,0xD160,0xA820,0xB8A0,0xC920,0xB060,0xB020,0xB060,0xB8A0,0xD9A0,0xFD07,
    0xFC03,0xEA80,0xD160,0xC920,0xE200,0xC0E0,0xB8A0,0xD180,0xE200,0xFB40,0xE200,0xD140,
    0xE200,0xE240,0xD160,0xC0C0,0xB8A0,0xB860,0xB880,0xC0C0,0xC920,0xB040,0xA000,0xB060,
    0xD160,0xA820,0xB060,0xD140,0xD160,0xC920,0xC940,0xB060,0xB060,0xD180,0xD9C0,0xB8C0,
    0xD9E0,0xD180,0xD9C0,0xC940,0xB860,0xC920,0xD9A0,0xEA60,0xC920,0xC0A0,0xD9E0,0xEA80,
    0xF300,0xFB20,0xFB80,0xEA80,0xEA80,0xD1A0,0xC920,0xB8A0,0xB880,0xC900,0xC0E0,0xB880,
    0xB020,0xC100,0xE200,0xC920,0xE240,0xE240,0xD9C0,0xB8A0,0xC100,0xDA00,0xD160,0xE220,
    0xFB80,0xFB80,0xF2E0,0xD9E0,0xC920,0xC0E0,0xD180,0xD180,0xC100,0xC100,0xC900,0xD160,
    0xD9C0,0xE220,0xEA60,0xD1A0,0xD9C0,0xF2E0,0xF2E0,0xE240,0xD9E0,0xD9C0,0xE200,0xC940,
    0xC920,0xD9C0,0xEA80,0xE240,0xD160,0xD9E0,0xC920,0xB880,0xB8A0,0xC100,0xC900,0xB040,
    0xB060,0xB860,0xA000,0xB860,0xE240,0xD9E0,0xD180,0xE200,0xD9E0,0xC0E0,0xC920,0xC920,
    0xDA00,0xEAC0,0xD1A0,0xD180,0xD1A0,0xE220,0xFB00,0xFBC0,0xFC21,0xFC20,0xFDAC,0xFDAC,
    0xFD49,0xFC83,0xFC43,0xFBE2,0xFBE2,0xF2C0,0xE220,0xD9A0,0xD9E0,0xD9A0,0xC960,0xEA80,
    0xFB20,0xF2E0,0xD9E0,0xD180,0xE220,0xF2E0,0xFB80,0xFB60,0xFBA0,0xFBA0,0xEAA0,0xEA80,
    0xEA60,0xD1A0,0xC0E0,0xB880,0xB060,0xB060,0xC0C0,0xA800,0xA000,0xB880,0xC920,0xB040,
    0xB040,0xB880,0xD140,0xC100,0xB880,0xC0C0,0xD9A0,0xEA80,0xEA60,0xE220,0xF2E0,0xEA60,
    0xE240,0xD9A0,0xC940,0xEA60,0xE200,0xD9E0,0xE240,0xC0A0,0xB8A0,0xD160,0xE220,0xF2E0,
    0xE240,0xD9A0,0xC940,0xC0E0,0xC0C0,0xE220,0xE220,0xC900,0xC900,0xC940,0xD180,0xEA80,
    0xE220,0xC960,0xC940,0xC900,0xC940,0xC920,0xC100,0xB860,0xC900,0xEA60,0xD9E0,0xD160,
    0xD9E0,0xEA40,0xF2A0,0xEA80,0xC920,0xB880,0xE200,0xE220,0xD9C0,0xD9E0,0xC940,0xC920,
    0xE200,0xEA60,0xEA40,0xD9E0,0xEAA0,0xFC00,0xFB40,0xEA60,0xD1A0,0xEA80,0xF320,0xC920,
    0xC940,0xFBA1,0xFC83,0xF2C0,0xC920,0xD160,0xD9A0,0xC940,0xD9E0,0xF2C0,0xFC02,0xEAC0,
    0xF2E0,0xFB20,0xD9E0,0xD160,0xD160,0xC0C0,0xC0C0,0xC920,0xD160,0xD160,0xD1A0,0xD1A0,
    0xEA60,0xE200,0xD180,0xD9E0,0xD9A0,0xC0C0,0xC940,0xD180,0xC100,0xB020,0xC0C0,0xD1A0,
    0xD160,0xC900,0xD160,0xEA80,0xE240,0xC0C0,0xA820,0xC0E0,0xD9C0,0xE200,0xD9C0,0xB860,
    0xC940,0xB8A0,0xB020,0xB040,0xB880,0xC0E0,0xC0E0,0xB880,0xB860,0xD180,0xD1A0,0xD160,
    0xD1A0,0xB880,0xC0E0,0xD160,0xD1A0,0xD160,0xB080,0xB8A0,0xD180,0xD160,0xDA00,0xEA80,
    0xFC03,0xF362,0xC920,0xA820,0xC0A0,0xA000,0x9800,0xC900,0xB040,0xC0E0,0xEA80,0xC100,
    0xA000,0xB8A0,0xB860,0xB020,0xA000,0xA000,0xC920,0xE240,0xD9C0,0xD9E0,0xC900,0xC0C0,
    0xB880,0xC900,0xC920,0xEA60,0xD1A0,0xC100,0xD9C0,0xC920,0xD160,0xC940,0xC0E0,0xC920,
    0xC0C0,0xA000,0xA000,0xB020,0xC0E0,0xC960,0xC100,0xB040,0xB8A0,0xC920,0xC960,0xDA00,
    0xE220,0xD9E0,0xD9C0,0xEAA0,0xF2C0,0xFBC0,0xFC01,0xFDCE,0xFF17,0xFDAC,0xFBE1,0xFB00,
    0xF2A0,0xD9C0,0xC920,0xC920,0xD160,0xD160,0xE220,0xEAA0,0xE200,0xD9A0,0xC900,0xB8A0,
    0xC0A0,0xD9C0,0xF2C0,0xFB60,0xFBA0,0xFB40,0xEAA0,0xEA60,0xEA60,0xFC00,0xFC20,0xEA40,
    0xEA80,0xFBA0,0xF2C0,0xE200,0xD9C0,0xD180,0xC100,0xC900,0xC900,0xC0C0,0xDA00,0xFB40,
    0xD180,0xD180,0xF2C0,0xF2C0,0xF2C0,0xFB60,0xFCC6,0xFDAC,0xFD48,0xFC01,0xF280,0xE240,
    0xDA00,0xD180,0xD160,0xD1A0,0xD160,0xD160,0xE200,0xD1A0,0xE240,0xD9C0,0xDA00,0xE240,
    0xD9E0,0xD9E0,0xF2C0,0xD9E0,0xC900,0xE240,0xF2C0,0xFB60,0xFB60,0xEAA0,0xD180,0xEAC0,
    0xFB60,0xE220,0xEAA0,0xE200,0xC0E0,0xC0C0,0xC0C0,0xC920,0xC940,0xC920,0xC0C0,0xC0C0,
    0xB020,0xA800,0xB8A0,0xEA40,0xD1A0,0xD160,0xF2E0,0xEA40,0xE200,0xEA60,0xE220,0xE220,
    0xE220,0xE220,0xE200,0xD9C0,0xC960,0xE220,0xD9C0,0xD180,0xEA60,0xF2C0,0xEA60,0xD1A0,
    0xD9C0,0xDA00,0xD9E0,0xE240,0xD9E0,0xB020,0xD160,0xE200,0xC900,0xC940,0xEA80,0xF2A0,
    0xF2A0,0xD9E0,0xC0E0,0xC900,0xD160,0xF340,0xFBA0,0xF2C0,0xEAA0,0xE200,0xB880,0xC0E0,
    0xD160,0xD1A0,0xB8A0,0xC0C0,0xD140,0xD9C0,0xEA40,0xFC84,0xF300,0xD160,0xD1A0,0xC920,
    0xC920,0xC900,0xB860,0xC0E0,0xE260,0xF2A0,0xEA80,0xC940,0xC940,0xD9E0,0xD180,0xC920,
    0xB8A0,0xC0C0,0xC0E0,0xD9C0,0xE240,0xC0E0,0xB040,0xB040,0xD140,0xB060,0xA800,0xC0C0,
    0xD1A0,0xD9C0,0xC0C0,0xB040,0xD9C0,0xE220,0xD160,0xB8A0,0xD9C0,0xD180,0xC940,0xB060,
    0xB8A0,0xE200,0xEAA0,0xD9A0,0xD160,0xD160,0xD160,0xD9C0,0xEA60,0xEA60,0xFB60,0xEAC0,
    0xD160,0xC900,0xE220,0xD9E0,0xC0C0,0xD9C0,0xE200,0xC900,0xB060,0xEA60,0xEAA0,0xC0E0,
    0xD9E0,0xE220,0xD9E0,0xC0E0,0xC940,0xD180,0xC920,0xD9E0,0xF300,0xF2E0,0xDA00,0xC920,
    0xC0C0,0xC0C0,0xC920,0xD9C0,0xD160,0xC960,0xC940,0xC920,0xE220,0xFB00,0xFB40,0xD9C0,
    0xD9C0,0xEA80,0xFB00,0xEA60,0xF2A0,0xE240,0xE200,0xD180,0xC920,0xD9E0,0xEA40,0xD1A0,
    0xD9C0,0xD160,0xB8A0,0xB8A0,0xC0E0,0xB040,0xA800,0xB000,0xC0C0,0xB040,0xA000,0xC900,
    0xC920,0xE220,0xF2A0,0xD180,0xD9C0,0xEAA0,0xE240,0xF2C0,0xD9C0,0xD9E0,0xDA00,0xD1A0,
    0xD1A0,0xE240,0xFBA0,0xFC41,0xFC83,0xFD07,0xFD4A,0xFD29,0xFE10,0xFEB4,0xFDEE,0xFE52,
    0xFE50,0xFBC1,0xE220,0xD9E0,0xD9E0,0xD1A0,0xC960,0xD9E0,0xFBE0,0xFC00,0xFB80,0xF2C0,
    0xF2E0,0xFB80,0xFB80,0xFB20,0xFB80,0xF2E0,0xD1A0,0xC0A0,0xC940,0xD180,0xE220,0xE200,
    0xD9E0,0xC900,0xB060,0xA000,0xA800,0xB8A0,0xC0C0,0xB020,0xA000,0xA000,0xB060,0xB880,
    0xB860,0xC900,0xEA60,0xFB60,0xEA80,0xD180,0xD160,0xB060,0xD160,0xC0E0,0xB040,0xF2C0,
    0xE220,0xC0C0,0xE200,0xC900,0xE240,0xE200,0xD9A0,0xEA80,0xD180,0xD160,0xB860,0xA800,
    0xC0C0,0xE220,0xFB00,0xEAA0,0xD160,0xD180,0xD180,0xE240,0xEA60,0xD180,0xC900,0xD9C0,
    0xEA80,0xEA80,0xF2E0,0xD9A0,0xC900,0xD160,0xC940,0xD1A0,0xD1A0,0xE200,0xFB00,0xE220,
    0xB880,0xB020,0xB860,0xB880,0xC100,0xE200,0xD9C0,0xF381,0xFD06,0xF360,0xD9E0,0xDA00,
    0xE220,0xF320,0xEA80,0xE240,0xD9E0,0xF360,0xFBC0,0xD180,0xC0E0,0xEB21,0xFC82,0xE200,
    0xC920,0xD180,0xC900,0xC0C0,0xD9A0,0xE220,0xDA00,0xD180,0xEAA0,0xEA60,0xC940,0xC960,
    0xC940,0xB8A0,0xC0C0,0xC900,0xD180,0xD9C0,0xD9C0,0xE200,0xE240,0xD9A0,0xD1A0,0xEAA0,
    0xD9E0,0xD160,0xD180,0xC960,0xC0C0,0xB860,0xD180,0xEA60,0xD9E0,0xC0E0,0xC0C0,0xD180,
    0xD140,0xC0E0,0xC0A0,0xC0C0,0xC920,0xC920,0xC900,0xB020,0xA820,0xB880,0xC900,0xB880,
    0xA820,0xA800,0xC0E0,0xB880,0xB8C0,0xB880,0xC940,0xE220,0xD9C0,0xC900,0xB8A0,0xB880,
    0xC920,0xC0C0,0xA800,0xC0E0,0xE220,0xD9C0,0xE220,0xEA60,0xFBC1,0xFC21,0xD9C0,0xD1A0,
    0xF320,0xA820,0x9800,0xB020,0xB880,0xC920,0xEA80,0xD9C0,0xB060,0xC0E0,0xA800,0xA800,
    0xA800,0xA800,0xB040,0xB880,0xA000,0xB060,0xB860,0xC0C0,0xC900,0xC900,0xD9C0,0xD9C0,
    0xD180,0xC920,0xC0E0,0xC100,0xD160,0xC0C0,0xC0E0,0xC0E0,0xC0A0,0xA000,0x9800,0xB040,
    0xB8A0,0xB860,0xC0E0,0xA820,0xB8A0,0xD9E0,0xEA60,0xEA80,0xD180,0xD9C0,0xD9C0,0xE200,
    0xFB20,0xFBA0,0xFCE6,0xFE93,0xFE52,0xFEF6,0xFD6A,0xFB80,0xFB80,0xF2E0,0xEAA0,0xE220,
    0xD9E0,0xEA80,0xF2E0,0xFBA0,0xF2C0,0xE240,0xC0E0,0xD140,0xEA80,0xE220,0xFB60,0xFC00,
    0xFBE0,0xF2C0,0xEA60,0xF2E0,0xFB20,0xFB80,0xFB40,0xD9E0,0xE240,0xFC20,0xFB80,0xF2A0,
    0xD9C0,0xC920,0xC0E0,0xD180,0xD9A0,0xC940,0xC920,0xE240,0xE220,0xD9E0,0xF2C0,0xEA60,
    0xE1E0,0xFBA1,0xFD48,0xFCC6,0xFC01,0xF300,0xF2C0,0xEA80,0xD180,0xC920,0xC0E0,0xC920,
    0xB8A0,0xC0C0,0xD9C0,0xEA60,0xF2C0,0xEA60,0xD9E0,0xD1C0,0xD160,0xD1A0,0xDA00,0xE200,
    0xD9E0,0xF2A0,0xF300,0xFB80,0xF2C0,0xD9E0,0xC920,0xC940,0xE220,0xE200,0xE240,0xF2E0,
    0xEA60,0xC940,0xB860,0xB040,0xC0E0,0xD9C0,0xC940,0xC0E0,0xB060,0xB020,0xB860,0xB8A0,
    0xC100,0xB880,0xE240,0xEA60,0xC920,0xD1A0,0xD9C0,0xD180,0xD160,0xEA60,0xEA80,0xE220,
    0xC0A0,0xE240,0xEA80,0xEAA0,0xE260,0xF2A0,0xEA60,0xC960,0xEA60,0xD9E0,0xD180,0xEA60,
    0xE220,0xB8A0,0xD160,0xD9E0,0xEA80,0xD9E0,0xD9E0,0xF2A0,0xE220,0xD1A0,0xD1A0,0xC940,
    0xD9C0,0xFB40,0xF2C0,0xD9A0,0xDA00,0xE240,0xC0C0,0xC920,0xD9E0,0xEA80,0xD180,0xB880,
    0xC0C0,0xC900,0xE220,0xFBA1,0xF2C0,0xEA60,0xEA80,0xD9E0,0xC0C0,0xB860,0xB040,0xC0C0,
    0xEA60,0xF2E0,0xFB60,0xD9E0,0xC940,0xD9C0,0xC900,0xD1A0,0xC960,0xD9A0,0xD9C0,0xD160,
    0xD160,0xB880,0xA820,0xB020,0xB020,0xB060,0xD180,0xC920,0xC0C0,0xB880,0xB860,0xC0C0,
    0xD9E0,0xE220,0xC900,0xB880,0xC940,0xD180,0xD9C0,0xB8A0,0xD180,0xFB80,0xFB20,0xD180,
    0xD160,0xD9E0,0xD1A0,0xE220,0xE200,0xEAA0,0xFB20,0xD9C0,0xC960,0xD1A0,0xEA60,0xE220,
    0xC920,0xE200,0xEA60,0xD1A0,0xC900,0xD9E0,0xD9C0,0xC900,0xD180,0xE240,0xD1A0,0xC0C0,
    0xC0E0,0xD1A0,0xD9A0,0xC920,0xF2E0,0xEA60,0xD9C0,0xC0E0,0xC920,0xC900,0xC0E0,0xD160,
    0xD180,0xD9E0,0xD9C0,0xD9A0,0xE220,0xFB20,0xFB20,0xD1A0,0xD160,0xD180,0xF2C0,0xF2C0,
    0xFB00,0xEA60,0xD9C0,0xD160,0xC0E0,0xD160,0xD9E0,0xF2A0,0xF2C0,0xD9C0,0xDA00,0xC920,
    0xB860,0xA800,0xB000,0xC0A0,0xC0E0,0xB040,0xB020,0xC0C0,0xB880,0xE220,0xFB60,0xD180,
    0xC900,0xEAE0,0xFB60,0xF2C0,0xE220,0xD160,0xD1A0,0xD9E0,0xE200,0xF320,0xFC62,0xFC62,
    0xFCC5,0xFD8B,0xFE52,0xFE30,0xFEB5,0xFFFF,0xFE72,0xFDEF,0xFE93,0xFC45,0xF280,0xE260,
    0xD9A0,0xD160,0xD1A0,0xDA00,0xE240,0xEAA0,0xFB80,0xFBA0,0xF2C0,0xFB40,0xE240,0xEAA0,
    0xF2C0,0xE200,0xC0E0,0xB860,0xC920,0xD9C0,0xFB40,0xFB20,0xF300,0xD1A0,0xB8C0,0xA000,
    0x9800,0xA820,0xB880,0xB020,0xB860,0xA800,0xA000,0xA000,0xA800,0xC0C0,0xD9C0,0xE220,
    0xC940,0xC0E0,0xC920,0xB880,0xC0C0,0xC0C0,0xB040,0xD180,0xE200,0xA820,0xC920,0xE240,
    0xFB20,0xEA60,0xE240,0xF2E0,0xD160,0xD9E0,0xB880,0xB040,0xB020,0xC940,0xF2E0,0xFB20,
    0xEA60,0xC920,0xC900,0xD180,0xF2A0,0xEA60,0xD9C0,0xE240,0xE200,0xD9C0,0xE200,0xE220,
    0xEA80,0xF2C0,0xD9E0,0xE220,0xF2E0,0xFB00,0xFB20,0xE200,0xB860,0xA820,0xC0E0,0xC940,
    0xB040,0xB880,0xE200,0xFBA0,0xFC64,0xFC21,0xEAC0,0xD9E0,0xD9C0,0xD160,0xE220,0xE240,
    0xEA40,0xFC02,0xFBE1,0xD9E0,0xD160,0xE240,0xF320,0xD160,0xC920,0xD180,0xC900,0xC940,
    0xE240,0xE200,0xC900,0xC0E0,0xC920,0xC0E0,0xC0C0,0xC940,0xD9C0,0xD160,0xC0E0,0xC920,
    0xD180,0xD9E0,0xD9E0,0xE220,0xD1A0,0xC920,0xD180,0xEA60,0xEA80,0xD9E0,0xD9C0,0xD180,
    0xC0C0,0xB880,0xC940,0xE200,0xE240,0xC920,0xC0C0,0xC0C0,0xC0E0,0xC940,0xB8A0,0xB880,
    0xC900,0xD1A0,0xD9C0,0xC0C0,0xA000,0xA000,0xC0C0,0xB000,0xA800,0xA000,0xB040,0xB040,
    0xC0E0,0xD9C0,0xC920,0xE240,0xD180,0xC0A0,0xB8A0,0xB040,0xB860,0xC940,0xC0C0,0xC920,
    0xD9E0,0xD9C0,0xD9E0,0xF2C0,0xF320,0xE260,0xC0E0,0xEA80,0xF300,0xB880,0xA000,0xB040,
    0xC0C0,0xE200,0xEA40,0xC940,0xB880,0xC920,0xC100,0xC0C0,0xB040,0xC920,0xC940,0xA800,
    0xA800,0xA000,0xA000,0xC0E0,0xC940,0xB860,0xE240,0xC900,0xC920,0xC900,0xC0C0,0xC940,
    0xD1A0,0xC0E0,0xC0E0,0xB880,0xB860,0xB040,0x9800,0xA820,0xC0E0,0xC960,0xD180,0xB020,
    0xC900,0xF2A0,0xF2C0,0xFB00,0xF300,0xE240,0xE200,0xEA60,0xFBC0,0xFBE0,0xFD07,0xFF18,
    0xFE10,0xFF17,0xFD4A,0xFBE0,0xFBE0,0xFBE0,0xFB60,0xEA80,0xEA80,0xFB60,0xFB60,0xFB60,
    0xF2A0,0xE220,0xD9C0,0xF320,0xFBC0,0xF300,0xF2A0,0xFBA0,0xFC00,0xEA80,0xEA40,0xFB20,
    0xFBA0,0xFBA0,0xF2C0,0xD9E0,0xEAC0,0xFC41,0xF340,0xD9C0,0xD1A0,0xD9C0,0xC0C0,0xC100,
    0xD9C0,0xC940,0xC0C0,0xC0C0,0xE240,0xEA60,0xE220,0xD180,0xD140,0xF300,0xFBC0,0xF2C0,
    0xEA60,0xD9A0,0xFBC2,0xF341,0xD160,0xD160,0xC0E0,0xB880,0xB060,0xC0C0,0xDA00,0xF2C0,
    0xE200,0xE200,0xE220,0xD180,0xD140,0xD9E0,0xD9E0,0xF2C0,0xF300,0xFB40,0xFB40,0xFB80,
    0xEAA0,0xD180,0xC960,0xC900,0xC0C0,0xE240,0xF2C0,0xF2C0,0xFB80,0xDA00,0xB020,0xB860,
    0xD1A0,0xEAA0,0xD9E0,0xC900,0xC0E0,0xB860,0xB8A0,0xB880,0xB000,0xA800,0xC940,0xE240,
    0xC940,0xC940,0xE220,0xD160,0xC920,0xFB00,0xFB00,0xFB20,0xD180,0xE240,0xF300,0xFB40,
    0xEAA0,0xD180,0xD9C0,0xD1A0,0xD9C0,0xF2C0,0xE240,0xEA60,0xE240,0xC940,0xD180,0xD9C0,
    0xE220,0xC920,0xB060,0xD160,0xD160,0xC920,0xC0E0,0xD160,0xF2C0,0xF2C0,0xD9E0,0xDA00,
    0xD180,0xE220,0xD1A0,0xC940,0xEAA0,0xE220,0xB020,0xA800,0xB060,0xC0E0,0xD140,0xFB00,
    0xFC63,0xFC01,0xFB60,0xEA80,0xC940,0xA800,0xC0C0,0xD9E0,0xE240,0xFB40,0xFB20,0xEA60,
    0xE240,0xF2C0,0xD180,0xD140,0xD9C0,0xE220,0xDA00,0xC100,0xC0C0,0xB860,0xA000,0xB040,
    0xC900,0xB880,0xC920,0xB860,0xA800,0xC0C0,0xD140,0xC940,0xD9C0,0xE240,0xD180,0xC920,
    0xD180,0xC940,0xD9E0,0xD160,0xD9E0,0xEA60,0xEA80,0xD9E0,0xD9C0,0xD9C0,0xD9C0,0xD9E0,
    0xD9E0,0xF2E0,0xF2C0,0xD9C0,0xD180,0xDA00,0xF2E0,0xD9C0,0xC920,0xD140,0xD160,0xD1C0,
    0xD180,0xE240,0xD180,0xC920,0xD1A0,0xEAA0,0xE200,0xD9A0,0xE240,0xDA00,0xD160,0xC0E0,
    0xD9C0,0xD160,0xD160,0xC0C0,0xB8A0,0xC0C0,0xC0A0,0xC0C0,0xC920,0xD1A0,0xC920,0xC920,
    0xC940,0xE220,0xEAA0,0xD180,0xD160,0xD160,0xEA60,0xF2E0,0xEAA0,0xE220,0xD160,0xC900,
    0xC920,0xC940,0xC940,0xF2C0,0xFB40,0xFB60,0xF2A0,0xD160,0xC0A0,0xB880,0xB8A0,0xC0E0,
    0xC0C0,0xB060,0xC900,0xC0C0,0xB880,0xC920,0xD9C0,0xC100,0xB040,0xD140,0xEAA0,0xE240,
    0xD9E0,0xC940,0xD9C0,0xE200,0xE240,0xFB60,0xFCE5,0xFCC6,0xFCC5,0xFDAC,0xFF7B,0xFF7B,
    0xFF18,0xFFDE,0xFF5A,0xFDCD,0xFDAC,0xFD8C,0xF300,0xD9C0,0xD1A0,0xD9C0,0xE240,0xEA80,
    0xE200,0xD180,0xD180,0xE240,0xD9A0,0xD1A0,0xC960,0xE220,0xE240,0xE220,0xD1A0,0xC900,
    0xC940,0xD1A0,0xF300,0xF2C0,0xE260,0xD140,0xB860,0xB880,0xB080,0xB060,0xE280,0xB8C0,
    0xB040,0xA800,0x9000,0x9800,0xA000,0xB040,0xC900,0xC920,0xA820,0xB020,0xD180,0xD180,
    0xC0E0,0xB880,0xC0E0,0xE240,0xE200,0xB020,0xD9C0,0xF2E0,0xEA80,0xE200,0xF2E0,0xF2E0,
    0xC0C0,0xD9E0,0xD180,0xD9E0,0xB8A0,0xC0E0,0xE220,0xFB00,0xEA60,0xD9C0,0xB8A0,0xD1A0,
    0xF300,0xEA80,0xEA60,0xEAA0,0xE200,0xC920,0xC940,0xE240,0xFB20,0xFB20,0xD180,0xD9E0,
    0xF2E0,0xFB40,0xEA80,0xC0E0,0xC100,0xA800,0xC0E0,0xD180,0xC0E0,0xB040,0xC920,0xEAA0,
    0xFB00,0xFB20,0xE240,0xD1A0,0xC940,0xD160,0xD9E0,0xF300,0xEAA0,0xFBE1,0xFBC1,0xE200,
    0xE240,0xD9E0,0xE200,0xC920,0xC920,0xD160,0xC940,0xD160,0xF300,0xD9C0,0xC0E0,0xC0C0,
    0xC0C0,0xC920,0xD160,0xE200,0xEA80,0xF300,0xDA00,0xD9C0,0xE200,0xE240,0xD180,0xC940,
    0xC0E0,0xB8A0,0xC920,0xD160,0xE220,0xF2C0,0xEA60,0xD9C0,0xD1A0,0xC0C0,0xC100,0xC920,
    0xC0C0,0xB040,0xC0C0,0xC940,0xC920,0xB860,0xB020,0xC0E0,0xD9C0,0xE200,0xD9E0,0xD9E0,
    0xC0E0,0xA800,0xA800,0xB020,0xA000,0xB880,0xA840,0xA000,0xA800,0xC920,0xC940,0xD1A0,
    0xB8A0,0xA800,0xC0A0,0xC0E0,0xB8A0,0xC940,0xD180,0xD180,0xD160,0xD180,0xE240,0xF2C0,
    0xE220,0xC0C0,0xC920,0xE220,0xEA60,0xC8E0,0xA800,0xB060,0xD1A0,0xEAA0,0xE220,0xB880,
    0xB880,0xD160,0xE220,0xC940,0xB8A0,0xE220,0xE240,0xB8A0,0xC0C0,0xB880,0xA800,0xB8A0,
    0xD9C0,0xC0C0,0xC920,0xB880,0xA800,0xC0C0,0xD160,0xE220,0xE240,0xE200,0xE220,0xD1A0,
    0xB040,0xB040,0xB880,0xC900,0xC940,0xD9C0,0xD1C0,0xC940,0xC900,0xD9E0,0xEA60,0xF300,
    0xEAA0,0xE200,0xE200,0xEA80,0xFBC0,0xFC41,0xFC83,0xFEF7,0xFF9C,0xFF9C,0xFEB4,0xFC64,
    0xFB60,0xFB80,0xF300,0xF2C0,0xF300,0xFBA0,0xFC21,0xFB20,0xE220,0xD1A0,0xF320,0xFC40,
    0xFB60,0xF2E0,0xF2A0,0xF340,0xFC00,0xF2A0,0xF2E0,0xFBA0,0xFBE0,0xFC61,0xFB60,0xEA60,
    0xFB80,0xFC40,0xFB20,0xEA60,0xD180,0xD1A0,0xD160,0xEA60,0xEA80,0xD160,0xC0E0,0xC0C0,
    0xD180,0xEA60,0xE240,0xDA00,0xE220,0xFB20,0xFBC0,0xF320,0xC960,0xC0C0,0xC940,0xC100,
    0xD160,0xD9C0,0xC920,0xB880,0xB860,0xC900,0xE220,0xF2A0,0xD9C0,0xD9E0,0xD9A0,0xC100,
    0xC920,0xD9E0,0xD9E0,0xF2C0,0xEAA0,0xF2E0,0xFB20,0xFB00,0xF2E0,0xE220,0xEAA0,0xFB40,
    0xE240,0xEAA0,0xFB40,0xF300,0xE240,0xEA60,0xC920,0xB840,0xEAC1,0xFCC2,0xE200,0xC0C0,
    0xC920,0xC0C0,0xB880,0xC920,0xB040,0xB040,0xD160,0xEA80,0xD9E0,0xD9C0,0xEAA0,0xD9E0,
    0xD9E0,0xF2E0,0xF2C0,0xF2E0,0xE240,0xEA60,0xFB80,0xFC21,0xF341,0xC920,0xE240,0xD9C0,
    0xD160,0xE200,0xE240,0xE220,0xE200,0xD180,0xD9C0,0xE200,0xD180,0xD160,0xC0A0,0xD160,
    0xC920,0xC920,0xC900,0xD180,0xE260,0xD9E0,0xC920,0xC940,0xC100,0xDA00,0xEA60,0xD180,
    0xD160,0xB8A0,0xA800,0xB040,0xB020,0xB860,0xB060,0xD9C0,0xFB60,0xFB60,0xFB40,0xEAA0,
    0xC0E0,0xB860,0xC920,0xEA40,0xF2E0,0xEAA0,0xEAA0,0xF2E0,0xFB40,0xF2C0,0xE220,0xDA20,
    0xD1A0,0xE220,0xC0C0,0xB8A0,0xB880,0xB880,0xA800,0xB8A0,0xD9C0,0xD9E0,0xC940,0xB860,
    0xC0C0,0xD180,0xC920,0xC920,0xD9C0,0xF2C0,0xD9C0,0xD9E0,0xD180,0xC100,0xEA60,0xE200,
    0xC920,0xB8A0,0xD160,0xE220,0xEA60,0xE260,0xE220,0xC960,0xD9C0,0xE200,0xE220,0xD180,
    0xE200,0xE260,0xFBA0,0xEA60,0xD9A0,0xD180,0xC0C0,0xC100,0xC960,0xEA60,0xD9A0,0xC940,
    0xE220,0xFB40,0xDA00,0xE220,0xEA80,0xD9C0,0xB880,0xC0E0,0xC920,0xC920,0xE200,0xC0E0,
    0xB880,0xB8A0,0xC0E0,0xD180,0xD1A0,0xC920,0xC0E0,0xC920,0xB8A0,0xC0E0,0xE200,0xD9C0,
    0xE220,0xFB00,0xFB00,0xFB20,0xF2C0,0xE240,0xDA00,0xD9E0,0xD9C0,0xD180,0xB860,0xD9C0,
    0xF2C0,0xFBA0,0xF300,0xD9E0,0xB860,0xC0C0,0xC0C0,0xC0A0,0xB880,0xC0C0,0xC940,0xD180,
    0xB880,0xC0E0,0xC920,0xC0C0,0xB860,0xC100,0xF2A0,0xE200,0xD160,0xC100,0xD9C0,0xE240,
    0xEA60,0xFB40,0xFC84,0xFCE6,0xFD49,0xFDEE,0xFF9C,0xFFFF,0xFFBD,0xFE52,0xFF39,0xFFDE,
    0xFF39,0xFE72,0xFC23,0xD9E0,0xD9C0,0xDA00,0xF2C0,0xF300,0xE240,0xE220,0xD180,0xD1A0,
    0xD9E0,0xD9E0,0xC960,0xE200,0xEA80,0xF2C0,0xEA80,0xD9E0,0xD180,0xC920,0xE220,0xEA60,
    0xD9A0,0xE220,0xC940,0xD1A0,0xE220,0xC0C0,0xEAC0,0xC920,0xA000,0x9000,0x9000,0x9800,
    0xA000,0xA000,0xA000,0xA820,0xA800,0xB040,0xC940,0xC940,0xC940,0xD180,0xD160,0xEA80,
    0xD9E0,0xC920,0xD9C0,0xD9E0,0xE220,0xC920,0xE200,0xF2E0,0xE220,0xC940,0xE240,0xF2E0,
    0xE200,0xC0C0,0xD160,0xE240,0xE220,0xC940,0xA800,0xC120,0xE220,0xD9C0,0xE240,0xE240,
    0xF2A0,0xD160,0xD9E0,0xEA80,0xF2E0,0xE200,0xB040,0xD140,0xEA60,0xF2C0,0xF300,0xD180,
    0xB8A0,0xB020,0xC0A0,0xC920,0xD1A0,0xB8A0,0xB880,0xF320,0xFC00,0xF300,0xD160,0xC920,
    0xC940,0xD180,0xD160,0xD9E0,0xD9E0,0xF2C0,0xF2E0,0xE240,0xF2C0,0xEA60,0xD9E0,0xC940,
    0xC940,0xC940,0xC960,0xD9A0,0xD9E0,0xC0E0,0xC920,0xC900,0xC940,0xD1A0,0xD9E0,0xE220,
    0xFB00,0xFC00,0xFBC0,0xEAA0,0xD9E0,0xEAA0,0xD9C0,0xC0E0,0xC940,0xC0E0,0xD180,0xD9C0,
    0xD160,0xEA60,0xF2C0,0xE200,0xD1A0,0xC940,0xEA80,0xEA60,0xB000,0xB020,0xC0C0,0xD9E0,
    0xD160,0xB8A0,0xB020,0xD9E0,0xF300,0xE240,0xD180,0xD1A0,0xD160,0xA800,0xB060,0xB040,
    0xA800,0xC920,0xD180,0xA020,0xA000,0xA800,0xB060,0xC0C0,0xC0E0,0xB8A0,0xC0E0,0xD180,
    0xC920,0xC100,0xE220,0xD9A0,0xC920,0xC940,0xE240,0xF2E0,0xE240,0xC100,0xD1A0,0xF2E0,
    0xF2E0,0xEAC0,0xC900,0xC0A0,0xD1A0,0xEA80,0xD9A0,0xB040,0xC0C0,0xC920,0xD9C0,0xD180,
    0xA820,0xC0E0,0xC920,0xC0A0,0xD160,0xE220,0xC900,0xB020,0xC920,0xC940,0xC0E0,0xB060,
    0xB040,0xC0E0,0xD1A0,0xD9C0,0xC920,0xE240,0xFB40,0xF2E0,0xC920,0xA800,0xB060,0xC900,
    0xC100,0xD180,0xC900,0xB8A0,0xC920,0xC0A0,0xD180,0xE220,0xDA00,0xDA00,0xDA00,0xEAA0,
    0xFB20,0xFC84,0xFD28,0xFEB5,0xFFBD,0xFFFF,0xFE72,0xFBA0,0xF2C0,0xEAA0,0xE240,0xE240,
    0xFB00,0xFB00,0xF300,0xEAA0,0xD9E0,0xD1A0,0xF2A0,0xFB60,0xFB40,0xF2E0,0xEAA0,0xF2E0,
    0xFBE0,0xFB20,0xFB80,0xFC41,0xFBC0,0xFBE0,0xFB60,0xFBA0,0xFC00,0xF2E0,0xFB80,0xFBE1,
    0xD180,0xC0A0,0xEAC1,0xFC42,0xF2C0,0xD9E0,0xB8A0,0xC920,0xD9E0,0xEA80,0xE240,0xEA80,
    0xEA80,0xFB40,0xFB80,0xFB60,0xE240,0xC920,0xC0C0,0xC940,0xE240,0xE240,0xC0E0,0xB040,
    0xB860,0xC940,0xEA80,0xF2A0,0xE220,0xE200,0xD180,0xC920,0xD160,0xD180,0xD9C0,0xF2E0,
    0xF300,0xF2E0,0xF2E0,0xFB60,0xFB20,0xF300,0xF2E0,0xFBE0,0xFBE1,0xEA80,0xE220,0xEAA0,
    0xC920,0xC920,0xD9C0,0xC920,0xD160,0xF320,0xF2E0,0xC920,0xB880,0xC0C0,0xC0C0,0xC0E0,
    0xC0E0,0xB860,0xD160,0xE200,0xD180,0xD9C0,0xE220,0xD9E0,0xD180,0xD180,0xD9C0,0xC900,
    0xD9E0,0xF2A0,0xFBE0,0xFC01,0xFBC1,0xE220,0xD9E0,0xD180,0xEA60,0xD9E0,0xD180,0xD9C0,
    0xD9C0,0xD9C0,0xDA00,0xEA60,0xC960,0xD140,0xD180,0xD160,0xC0E0,0xD180,0xDA00,0xD9A0,
    0xE220,0xC940,0xB880,0xB880,0xC0E0,0xD9C0,0xF2A0,0xD1A0,0xB040,0xB020,0xC100,0xC920,
    0xB880,0xB040,0xB040,0xB880,0xC0C0,0xD160,0xE240,0xE220,0xC0E0,0xB860,0xD160,0xF2E0,
    0xFB60,0xEA80,0xEAA0,0xFB40,0xFB20,0xFB00,0xEAA0,0xE240,0xD9C0,0xD9C0,0xB040,0xB8A0,
    0xB020,0xB8A0,0xB880,0xC0E0,0xD1A0,0xEA80,0xEA80,0xD160,0xC940,0xD9C0,0xEA60,0xE200,
    0xC940,0xD1A0,0xD1A0,0xD1A0,0xC900,0xC0A0,0xDA00,0xD180,0xB060,0xB040,0xB020,0xC920,
    0xE240,0xEAA0,0xEA60,0xE200,0xD9E0,0xD9C0,0xC900,0xC900,0xEA80,0xE220,0xF300,0xFC23,
    0xF2E0,0xD9A0,0xC920,0xD9C0,0xD180,0xF2C0,0xE240,0xC100,0xD1A0,0xD9C0,0xC940,0xC100,
    0xEA80,0xC960,0xA800,0xC900,0xD1A0,0xE220,0xFB60,0xD160,0xB860,0xDA00,0xD9E0,0xEA60,
    0xDA00,0xC920,0xC900,0xC100,0xB860,0xB880,0xD9A0,0xD9E0,0xEA80,0xFB20,0xFB60,0xF2E0,
    0xF2E0,0xEA60,0xE240,0xEA80,0xD9E0,0xC0E0,0xB8A0,0xC920,0xD9C0,0xFB20,0xFB60,0xE220,
    0xC920,0xE200,0xE240,0xD160,0xC0A0,0xC0A0,0xD160,0xD9E0,0xC0E0,0xC0E0,0xD9A0,0xD1A0,
    0xB880,0xC100,0xF2C0,0xE220,0xC920,0xD160,0xC940,0xD9E0,0xF2A0,0xF300,0xFBA0,0xFD06,
    0xFDEE,0xFE73,0xFFFF,0xFFDE,0xFE52,0xFE31,0xFF9C,0xFFFF,0xFF18,0xFDEE,0xFBE0,0xE260,
    0xD160,0xD180,0xE220,0xF2C0,0xF2E0,0xE220,0xD180,0xEAA0,0xE260,0xD9E0,0xD9A0,0xD180,
    0xEA60,0xF2C0,0xF2E0,0xEA80,0xD180,0xC920,0xE200,0xD9E0,0xD180,0xF300,0xE240,0xD160,
    0xD180,0xC920,0xC8E0,0xC0C0,0xB8A0,0xA820,0x9800,0x9800,0xA000,0xA820,0xB8C0,0xB8A0,
    0xB020,0xB020,0xB860,0xC0E0,0xE200,0xFB00,0xE220,0xD9E0,0xEA40,0xE220,0xE240,0xE240,
    0xE220,0xB8A0,0xB880,0xD160,0xD9A0,0xD160,0xC900,0xD9E0,0xE200,0xB040,0xB040,0xC900,
    0xE240,0xE240,0xC0E0,0xC0C0,0xD160,0xC920,0xD9E0,0xEA60,0xFB20,0xEA80,0xD9E0,0xD180,
    0xF2E0,0xD1A0,0xA800,0xC940,0xE200,0xDA00,0xE220,0xC900,0xB040,0xB040,0xC0E0,0xC100,
    0xC960,0xD160,0xD9A0,0xFCA4,0xFC43,0xE220,0xD9E0,0xD9A0,0xD9E0,0xD1A0,0xD180,0xD9C0,
    0xD9E0,0xEA80,0xF2C0,0xF2A0,0xFB80,0xF2E0,0xD9C0,0xD1A0,0xD180,0xD1A0,0xE200,0xE240,
    0xD160,0xC920,0xD1A0,0xD180,0xC940,0xD9A0,0xEA60,0xF2C0,0xFB60,0xFBC0,0xFB00,0xFB40,
    0xEA60,0xEAA0,0xE200,0xB8A0,0xB8A0,0xC0E0,0xD1A0,0xE240,0xE220,0xEAA0,0xF2A0,0xEA80,
    0xD9C0,0xC900,0xC940,0xC920,0xB860,0xC0E0,0xC900,0xD160,0xD9C0,0xD180,0xC900,0xE260,
    0xEA80,0xD180,0xC940,0xB8A0,0xB080,0x9800,0x9800,0xA820,0xC900,0xE220,0xEA80,0xD180,
    0xA000,0xA820,0xB860,0xB040,0xB860,0xB860,0xC900,0xEA40,0xC0A0,0xC100,0xD160,0xB880,
    0xC0E0,0xD160,0xD9E0,0xF2E0,0xEA80,0xDA00,0xF2C0,0xF2E0,0xF320,0xF320,0xD140,0xC920,
    0xD1C0,0xEA80,0xD1A0,0xB020,0xC0C0,0xC920,0xD9C0,0xD9C0,0xA020,0x9000,0xA820,0xA800,
    0xC0E0,0xD9E0,0xC0C0,0xC920,0xC920,0xC0E0,0xC0E0,0xC0C0,0xB8A0,0xB8A0,0xC940,0xC0E0,
    0xB020,0xD180,0xF2E0,0xFB20,0xC940,0xA800,0xA000,0xC100,0xB020,0xB880,0xC0C0,0xB8A0,
    0xC0E0,0xB880,0xC900,0xD160,0xD9E0,0xD9E0,0xE220,0xE220,0xF300,0xFBC0,0xFD8C,0xFF5A,
    0xFE93,0xFF39,0xFDCD,0xFBC0,0xF2E0,0xEA60,0xD180,0xE240,0xFB00,0xF2C0,0xEA80,0xE200,
    0xD1A0,0xD160,0xD9E0,0xF2A0,0xE220,0xEA60,0xEAA0,0xF2A0,0xFC42,0xFC42,0xFC20,0xFC01,
    0xFB00,0xF2A0,0xF2C0,0xFBA0,0xFBC0,0xEA60,0xFB80,0xFBE1,0xD9A0,0xC0E0,0xEAC1,0xFCC4,
    0xEB00,0xD160,0xC0C0,0xC940,0xD9E0,0xF2E0,0xE240,0xD9A0,0xE200,0xFB00,0xFB00,0xFB40,
    0xFB20,0xD9E0,0xC0E0,0xC940,0xD1A0,0xD9C0,0xC900,0xC0E0,0xC0C0,0xC920,0xEA60,0xF2C0,
    0xF2C0,0xF2C0,0xE240,0xD180,0xD180,0xD1A0,0xE220,0xF2E0,0xFB80,0xFB60,0xFB20,0xFB60,
    0xFB40,0xFBA0,0xFB60,0xFB00,0xF2E0,0xEA80,0xDA00,0xE220,0xD9A0,0xC0C0,0xB8A0,0xC920,
    0xC920,0xC0A0,0xD160,0xD9E0,0xC940,0xB880,0xC0C0,0xC0C0,0xC0E0,0xB880,0xC900,0xD180,
    0xB8A0,0xC900,0xD160,0xB880,0xB880,0xB040,0xB8A0,0xC0C0,0xD1A0,0xFB40,0xFBC0,0xFB20,
    0xFB80,0xF2C0,0xC920,0xC0E0,0xD9E0,0xE220,0xDA00,0xD9C0,0xE220,0xF2A0,0xEA40,0xD180,
    0xD160,0xC940,0xC940,0xD9C0,0xD1A0,0xD9E0,0xE200,0xE220,0xE240,0xC940,0xC0A0,0xC100,
    0xC940,0xEA60,0xFBA0,0xE220,0xB8A0,0xE220,0xE240,0xE220,0xEAE0,0xEA80,0xC0C0,0xB880,
    0xC0C0,0xC920,0xD9E0,0xD9C0,0xC100,0xB8A0,0xD9E0,0xFB40,0xFB40,0xF2E0,0xF320,0xFB60,
    0xFBA0,0xFBA0,0xF2A0,0xE220,0xEA80,0xD9C0,0xC0C0,0xB880,0xB860,0xD160,0xD9A0,0xC900,
    0xD180,0xE220,0xEAA0,0xE220,0xD9A0,0xC900,0xC940,0xE200,0xC920,0xB8A0,0xC0E0,0xC900,
    0xD160,0xC0C0,0xD180,0xD9C0,0xC920,0xD180,0xC920,0xC940,0xE240,0xEA60,0xEA80,0xF2C0,
    0xEA60,0xDA00,0xC940,0xE200,0xDA00,0xD9C0,0xFB80,0xFCC4,0xFB60,0xE200,0xD9C0,0xE220,
    0xC920,0xE200,0xD9E0,0xD180,0xE220,0xD9E0,0xC900,0xC0C0,0xF2C0,0xE220,0xB040,0xC900,
    0xE220,0xFBC0,0xFB80,0xD160,0xE200,0xFBC1,0xFB40,0xEA80,0xC960,0xC0E0,0xC100,0xB8A0,
    0xB040,0xB020,0xC0C0,0xD9C0,0xEAA0,0xEA80,0xEAA0,0xFB00,0xF2C0,0xE220,0xEA80,0xF2A0,
    0xD9E0,0xC920,0xD180,0xD1A0,0xD1A0,0xF2E0,0xFB80,0xF2E0,0xEAA0,0xFC00,0xFBC0,0xEA80,
    0xD1A0,0xB860,0xB8A0,0xC920,0xB860,0xC920,0xF2A0,0xEA60,0xC0C0,0xC0C0,0xE240,0xD9C0,
    0xD9A0,0xE220,0xD9E0,0xDA00,0xEA80,0xF2E0,0xFB20,0xFC23,0xFDAC,0xFE0F,0xFEB5,0xFE93,
    0xFD6A,0xFD6A,0xFE31,0xFF39,0xFEB4,0xFCC6,0xFB20,0xE220,0xD180,0xC960,0xD180,0xEAA0,
    0xF2E0,0xD9E0,0xC900,0xE240,0xD9C0,0xC900,0xD9C0,0xD140,0xD180,0xD9C0,0xEA60,0xF2E0,
    0xD9A0,0xE240,0xD9E0,0xC900,0xC940,0xE220,0xFBA1,0xEAE0,0xF384,0xC960,0xC100,0xC900,
    0xC0C0,0xA800,0xA000,0x9800,0xA000,0xA800,0xD180,0xC940,0xA800,0xB040,0xC940,0xD9C0,
    0xD9E0,0xEA60,0xF2E0,0xEA80,0xD9C0,0xD9E0,0xEA60,0xF2C0,0xE240,0xC920,0xC100,0xC0E0,
    0xB880,0xB8A0,0xB880,0xC0E0,0xC0C0,0xA820,0xB040,0xC900,0xD9E0,0xFB60,0xF320,0xC920,
    0xC900,0xC940,0xC0C0,0xD180,0xEAA0,0xEA60,0xD160,0xD160,0xFB80,0xD1A0,0xB040,0xC920,
    0xEA40,0xD160,0xC920,0xB880,0xB000,0xB860,0xD160,0xC920,0xC0E0,0xD160,0xF2C0,0xFC41,
    0xFB20,0xEA80,0xFB60,0xFB60,0xF300,0xF2E0,0xDA00,0xD9C0,0xEA60,0xF2A0,0xFB20,0xFB00,
    0xFB60,0xEA80,0xE240,0xD9E0,0xD9A0,0xD9E0,0xF2C0,0xE220,0xD1A0,0xD180,0xD9C0,0xD9E0,
    0xEA80,0xE240,0xEA80,0xFBA0,0xFBC0,0xFBE0,0xFB40,0xFB00,0xFB80,0xFC21,0xEA60,0xC0C0,
    0xC0C0,0xC100,0xD9C0,0xEA60,0xE240,0xEA60,0xEA60,0xD9E0,0xD1A0,0xC0E0,0xB8A0,0xC100,
    0xC940,0xD1A0,0xC900,0xC0E0,0xE220,0xD9C0,0xEA80,0xDA00,0xC0E0,0xD1A0,0xD160,0xB040,
    0xA800,0xA000,0x9800,0xA820,0xE200,0xEAA0,0xF300,0xD9C0,0xB860,0xA800,0xB880,0xB880,
    0xB020,0xA800,0xC900,0xD9A0,0xA820,0xC0C0,0xB8A0,0xA000,0xA820,0xC0C0,0xD160,0xE240,
    0xF2E0,0xF2C0,0xE240,0xE200,0xEA60,0xEA80,0xB8A0,0xC900,0xD9E0,0xDA00,0xD1A0,0xB880,
    0xE220,0xD9E0,0xC920,0xD180,0x9800,0x9800,0xA000,0xA000,0xB040,0xC0C0,0xC0E0,0xC0C0,
    0xC0C0,0xEA60,0xD160,0xC0E0,0xD140,0xB880,0xB040,0xB8A0,0xB860,0xC960,0xE220,0xE240,
    0xD9C0,0xB880,0xC920,0xC0E0,0xB020,0xA800,0xA800,0xB880,0xC0E0,0xC920,0xC0E0,0xC100,
    0xDA00,0xD9C0,0xDA00,0xD9C0,0xDA00,0xFB40,0xFD28,0xFED5,0xFDAC,0xFEB4,0xFCE7,0xFB80,
    0xFB20,0xEA80,0xD1A0,0xEA40,0xEA80,0xE240,0xD9A0,0xD9C0,0xC940,0xC900,0xC920,0xD9E0,
    0xE240,0xE200,0xD9E0,0xFB40,0xFC21,0xFC84,0xFC82,0xFB40,0xEA60,0xD9E0,0xD9E0,0xF2A0,
    0xFB00,0xEA60,0xEAA0,0xF2A0,0xD160,0xC920,0xE200,0xFB40,0xEAC0,0xD160,0xD180,0xC920,
    0xD1A0,0xEA80,0xE240,0xD180,0xD1A0,0xEA60,0xE200,0xF300,0xFB60,0xE220,0xD160,0xD160,
    0xC940,0xD180,0xD180,0xD9C0,0xD180,0xD1A0,0xDA00,0xEA60,0xF2E0,0xFB00,0xEA80,0xE240,
    0xD9E0,0xD1A0,0xD1A0,0xE200,0xFB40,0xFB40,0xF2E0,0xEA80,0xEA60,0xFB00,0xFB40,0xEA80,
    0xD160,0xD9E0,0xF300,0xEAA0,0xD1A0,0xD9C0,0xC900,0xB860,0xC900,0xC0C0,0xB060,0xD9E0,
    0xD1A0,0xC0E0,0xB060,0xC0C0,0xC0E0,0xB880,0xC0C0,0xC0E0,0xA800,0xB040,0xB880,0xB8A0,
    0xC940,0xB020,0xB020,0xC920,0xD1A0,0xE260,0xFB60,0xFB60,0xFB60,0xEA60,0xD9E0,0xC940,
    0xD9A0,0xE220,0xF2A0,0xD9E0,0xE220,0xFB40,0xFB20,0xD9C0,0xD9A0,0xD9E0,0xD180,0xD180,
    0xE240,0xEA60,0xD9E0,0xE220,0xE220,0xD180,0xD9C0,0xF2A0,0xD9E0,0xF2C0,0xFBC0,0xE220,
    0xD180,0xEAA0,0xFB40,0xFBA0,0xFD05,0xFBC2,0xC920,0xD1A0,0xEA60,0xF2C0,0xFB40,0xEAA0,
    0xD1A0,0xC0E0,0xE200,0xFBA0,0xFBC0,0xEA80,0xF2C0,0xFBA0,0xFC01,0xFB40,0xF300,0xFB40,
    0xEAC0,0xD140,0xD180,0xC0C0,0xC0E0,0xD160,0xD160,0xC0C0,0xDA00,0xE220,0xD1A0,0xD180,
    0xD9C0,0xD160,0xB880,0xC0E0,0xC900,0xC0C0,0xC0E0,0xD160,0xC100,0xC0C0,0xC940,0xC920,
    0xD1A0,0xEA60,0xF2A0,0xEA80,0xE200,0xC900,0xC940,0xEA80,0xF2C0,0xE240,0xC0C0,0xC900,
    0xC920,0xD9E0,0xFB80,0xFB40,0xF300,0xF2A0,0xE200,0xC900,0xC920,0xD1A0,0xC920,0xEA60,
    0xFB40,0xF300,0xD1A0,0xC900,0xC920,0xC0E0,0xB060,0xC920,0xE260,0xFBA0,0xEA80,0xC940,
    0xEA80,0xEA40,0xE220,0xD9C0,0xC920,0xC0E0,0xC900,0xC0C0,0xC0A0,0xB040,0xB880,0xD160,
    0xEAA0,0xE200,0xD180,0xF2C0,0xEA80,0xDA00,0xEA60,0xEA80,0xD9E0,0xD180,0xDA00,0xD9C0,
    0xD9C0,0xEAA0,0xFB40,0xF2C0,0xFB20,0xFB60,0xFBC0,0xFBA0,0xFB20,0xC900,0xB000,0xB860,
    0xB880,0xC0A0,0xF320,0xF320,0xC940,0xC940,0xE220,0xD160,0xD9A0,0xD1A0,0xE220,0xE220,
    0xF2E0,0xFBA0,0xFB60,0xFB40,0xFC42,0xFCA4,0xFD4A,0xFD8C,0xFCA4,0xFC00,0xFD8B,0xFF39,
    0xFE52,0xFCA4,0xFB80,0xEA80,0xD9E0,0xD160,0xD160,0xEA80,0xF2C0,0xC940,0xB8A0,0xC940,
    0xD9E0,0xC100,0xD160,0xD9E0,0xD180,0xD9C0,0xE240,0xE220,0xE200,0xEA80,0xDA00,0xC940,
    0xC940,0xE240,0xF2E0,0xEAA0,0xE220,0xC0E0,0xC940,0xC0C0,0xB020,0xB020,0xA000,0xA000,
    0xC100,0xC0E0,0xD9E0,0xB8A0,0xA820,0xC0C0,0xD9E0,0xF300,0xD1A0,0xB880,0xD9E0,0xF2A0,
    0xD160,0xC900,0xD9A0,0xD160,0xD9E0,0xD160,0xB8C0,0xC940,0xC900,0xB020,0xC0C0,0xC920,
    0xB880,0xA800,0xC100,0xD160,0xD160,0xD9E0,0xFB80,0xD9C0,0xD9C0,0xD9E0,0xB060,0xB8A0,
    0xD160,0xD9E0,0xE220,0xC0E0,0xEA60,0xF320,0xD160,0xD9A0,0xF2A0,0xD1A0,0xB8C0,0xB020,
    0xA800,0xC0E0,0xD9E0,0xD1A0,0xC0C0,0xC0C0,0xE220,0xFB80,0xFBE0,0xFBA0,0xFC83,0xFD28,
    0xFC63,0xFB60,0xF2E0,0xE220,0xEA60,0xFB20,0xFB60,0xFB00,0xFB40,0xFB20,0xEA80,0xE220,
    0xD9E0,0xEA60,0xFB20,0xE240,0xD180,0xD9C0,0xD9C0,0xEA40,0xF2C0,0xE220,0xF340,0xFBE0,
    0xFB80,0xFC00,0xFBE0,0xFC63,0xFCE5,0xFCC4,0xF2C0,0xC940,0xC940,0xD9E0,0xEA60,0xEA80,
    0xD9E0,0xE220,0xE240,0xD9C0,0xD9C0,0xD180,0xD180,0xE240,0xD9A0,0xD180,0xC940,0xD180,
    0xEA80,0xEA40,0xF2E0,0xE220,0xB880,0xD180,0xD9C0,0xD140,0xB860,0xB040,0xC0C0,0xD140,
    0xEA80,0xD9E0,0xDA00,0xD9C0,0xD160,0xC0E0,0xB880,0xA800,0xA800,0xB020,0xC0E0,0xB8A0,
    0xA000,0xB860,0xB8A0,0xB040,0xB060,0xA800,0xC900,0xD1A0,0xEA80,0xF2C0,0xDA00,0xD160,
    0xE240,0xE220,0xC0E0,0xD160,0xD160,0xD160,0xD9C0,0xC0E0,0xD140,0xC0E0,0xA820,0xB880,
    0xB040,0xB880,0xC0E0,0xA820,0xA000,0xB8C0,0xD1A0,0xB8A0,0xB8A0,0xE240,0xF2E0,0xC940,
    0xB880,0xA800,0xA800,0xB040,0xB880,0xC940,0xD180,0xC940,0xE200,0xC100,0xD160,0xC0C0,
    0xC920,0xB040,0xA000,0xB060,0xD9A0,0xC940,0xB860,0xC0C0,0xE200,0xEA40,0xD9E0,0xD160,
    0xC940,0xEAA0,0xFBE0,0xFCC5,0xFCC6,0xFE50,0xFBA1,0xFB00,0xF2E0,0xF2C0,0xEA80,0xD9E0,
    0xD160,0xD180,0xC900,0xC920,0xC940,0xD9E0,0xC940,0xD9C0,0xEA80,0xEA60,0xD180,0xE240,
    0xF2C0,0xFB60,0xFBA0,0xEAA0,0xD9E0,0xD160,0xC960,0xEA80,0xFB80,0xF340,0xEA40,0xE200,
    0xE220,0xD180,0xD1A0,0xEA80,0xD160,0xE240,0xFC21,0xD9E0,0xC900,0xD180,0xD180,0xD180,
    0xD1A0,0xD9E0,0xD9A0,0xEAA0,0xFB00,0xEA60,0xE220,0xD9C0,0xD180,0xD180,0xE220,0xDA00,
    0xE220,0xD9C0,0xC940,0xD1A0,0xEA60,0xF2E0,0xF2C0,0xEA60,0xEA80,0xDA00,0xC940,0xC0A0,
    0xEA60,0xFB00,0xF2C0,0xEA60,0xE240,0xEA60,0xF2C0,0xE240,0xD9A0,0xD9E0,0xE240,0xF300,
    0xE240,0xD180,0xC920,0xC0E0,0xC900,0xC940,0xC920,0xD1A0,0xC940,0xC0E0,0xB040,0xB840,
    0xB8A0,0xB040,0xB040,0xB880,0xA800,0xB060,0xC0E0,0xD160,0xEA60,0xC0C0,0xB040,0xD1A0,
    0xD9E0,0xE200,0xFB60,0xFB40,0xFB60,0xE240,0xC920,0xC900,0xD160,0xEA80,0xFB00,0xE220,
    0xD9E0,0xF2E0,0xFB20,0xFB00,0xE220,0xE240,0xEA60,0xD9E0,0xFB20,0xFB00,0xE220,0xEA60,
    0xE240,0xD9C0,0xE240,0xF2E0,0xF2C0,0xFB00,0xF300,0xEA80,0xE240,0xD180,0xFB40,0xFC41,
    0xFC22,0xF300,0xC940,0xD160,0xEA80,0xF320,0xF2C0,0xFB40,0xEA40,0xD160,0xEA40,0xFBC0,
    0xF360,0xD160,0xD9A0,0xF320,0xFC41,0xEA80,0xFB20,0xFBE0,0xEAA0,0xE200,0xE240,0xD9C0,
    0xD9E0,0xD180,0xC920,0xB8A0,0xD1A0,0xE200,0xC920,0xC920,0xEA60,0xEA60,0xC940,0xB8A0,
    0xC940,0xD1A0,0xD9C0,0xD180,0xB060,0xC920,0xD180,0xD1A0,0xE260,0xF2C0,0xE240,0xD9E0,
    0xB8A0,0xB040,0xB040,0xE240,0xF2E0,0xE220,0xC940,0xB040,0xB860,0xD1A0,0xF2C0,0xD1A0,
    0xE200,0xEA80,0xEAA0,0xD9E0,0xD9C0,0xD9A0,0xD180,0xE200,0xFBC0,0xFB80,0xE200,0xC0E0,
    0xC920,0xC0C0,0xB8A0,0xD9A0,0xE240,0xE240,0xE200,0xD160,0xC920,0xC940,0xC940,0xC940,
    0xC940,0xD160,0xC920,0xC920,0xC920,0xC0A0,0xC0A0,0xC940,0xD160,0xC940,0xD9E0,0xF2E0,
    0xF2A0,0xEA60,0xE220,0xEA60,0xE200,0xE200,0xEA60,0xE220,0xE200,0xF2A0,0xFB20,0xEA80,
    0xE240,0xE200,0xEA60,0xF2C0,0xF2C0,0xD180,0xB040,0xB040,0xC0E0,0xC0E0,0xEAA0,0xFBE0,
    0xEA60,0xE240,0xEA60,0xD9E0,0xE240,0xD160,0xDA00,0xE220,0xEA60,0xF2A0,0xF300,0xF2E0,
    0xF320,0xFBC0,0xFCC4,0xFE30,0xFD6A,0xFD28,0xFD28,0xFDEF,0xFDEE,0xFD49,0xFE73,0xF2E0,
    0xE220,0xDA00,0xEA80,0xF300,0xF2E0,0xD9E0,0xC940,0xD160,0xE220,0xD9C0,0xC920,0xD9E0,
    0xE220,0xEA80,0xF2E0,0xE240,0xE220,0xD9E0,0xDA00,0xD9E0,0xEA80,0xFB00,0xE240,0xE240,
    0xE220,0xE200,0xD9C0,0xB880,0xC920,0xD9E0,0xC0A0,0xA820,0xB080,0xC100,0xC940,0xB020,
    0xB020,0xB040,0xC920,0xD9C0,0xB8C0,0xB860,0xC940,0xD160,0xB860,0xC0C0,0xD1A0,0xC940,
    0xC920,0xC0E0,0xC100,0xD180,0xD160,0xB060,0xD160,0xC940,0xC0E0,0xC0C0,0xE220,0xD180,
    0xC920,0xB040,0xC940,0xD180,0xC940,0xC0A0,0xA820,0xA800,0xB860,0xE200,0xE220,0xC0C0,
    0xF2E0,0xFB40,0xF320,0xF320,0xFB60,0xEA80,0xB880,0xA800,0xB040,0xD9E0,0xFB20,0xEA80,
    0xC900,0xB860,0xC940,0xEA80,0xF300,0xFBC0,0xFCA4,0xFD49,0xFCC5,0xFC01,0xF2E0,0xE240,
    0xF2A0,0xFB80,0xFB40,0xFB40,0xFBA0,0xFBA0,0xF2E0,0xE220,0xD9C0,0xD1A0,0xF2C0,0xE240,
    0xD180,0xD9E0,0xE220,0xF2A0,0xF2E0,0xF2E0,0xFC41,0xFBE0,0xFBC0,0xFC20,0xFC21,0xFCA4,
    0xFD07,0xFC84,0xF2C0,0xD9C0,0xD9C0,0xEAA0,0xFB00,0xF2E0,0xEA80,0xEA60,0xEA60,0xF2A0,
    0xEA80,0xD9C0,0xDA00,0xF2C0,0xD9A0,0xC900,0xC940,0xD9E0,0xE240,0xEA60,0xF2C0,0xE200,
    0xD160,0xD9E0,0xE240,0xE220,0xC0C0,0xC0E0,0xD9C0,0xEAA0,0xF2E0,0xD9C0,0xB040,0xD9E0,
    0xD9E0,0xC940,0xD1A0,0xC0C0,0xA000,0xA800,0xB040,0xB860,0xB880,0xB8A0,0xB060,0xC0E0,
    0xC940,0xC940,0xD9C0,0xD160,0xD140,0xE240,0xD9C0,0xC900,0xE200,0xE240,0xD9E0,0xC940,
    0xA820,0xB880,0xC940,0xD160,0xC940,0xB8A0,0x9800,0xA820,0xD180,0xD180,0xE220,0xB880,
    0x9800,0xA840,0xC8E0,0xA800,0xB040,0xD160,0xF2E0,0xDA00,0xC940,0xB880,0xB020,0xB020,
    0xB8A0,0xC940,0xD160,0xE220,0xF301,0xD9E0,0xC940,0xC0C0,0xB880,0xA800,0xA800,0xB040,
    0xDA00,0xD160,0xB040,0xB8A0,0xD9E0,0xFB20,0xF300,0xD9E0,0xD160,0xD9C0,0xFB20,0xFBA0,
    0xFCA3,0xFCA6,0xF2E0,0xEA60,0xD9C0,0xE260,0xFB00,0xF2C0,0xD140,0xB860,0xB880,0xC0C0,
    0xD160,0xFBA1,0xE280,0xD180,0xF2E0,0xEA40,0xD9C0,0xD9C0,0xE240,0xFB20,0xF2A0,0xE240,
    0xD180,0xC100,0xD160,0xEA40,0xFBC1,0xFD05,0xF340,0xE1E0,0xFB80,0xE280,0xD9A0,0xDA00,
    0xD160,0xF3A3,0xFC22,0xE220,0xC940,0xD160,0xC940,0xD180,0xC920,0xC900,0xD9C0,0xEA80,
    0xFB00,0xEAA0,0xE220,0xD180,0xE280,0xF3A2,0xEAA0,0xEA80,0xE220,0xC940,0xC0C0,0xC900,
    0xD9E0,0xE240,0xF2C0,0xEA60,0xD9E0,0xD160,0xC0E0,0xC0C0,0xD180,0xEA60,0xEAA0,0xEA60,
    0xD9E0,0xD9C0,0xDA00,0xEA60,0xE200,0xE220,0xE240,0xF2E0,0xFB20,0xEA80,0xD180,0xC0C0,
    0xC100,0xD1A0,0xC900,0xC920,0xD140,0xB8A0,0xB8A0,0xB040,0xB8A0,0xB040,0xA820,0xA820,
    0xB040,0xA800,0xC940,0xD9E0,0xD9E0,0xC0C0,0xC0C0,0xE220,0xEA80,0xEA60,0xFB00,0xF2C0,
    0xF300,0xEA60,0xB880,0xC0E0,0xE200,0xEAA0,0xEA60,0xE240,0xD9C0,0xD9E0,0xEA60,0xE240,
    0xD9E0,0xE220,0xEA80,0xEA60,0xFB20,0xF2C0,0xDA00,0xE240,0xEA80,0xE240,0xEA80,0xEAA0,
    0xFB20,0xF2A0,0xEA60,0xD9C0,0xD180,0xD160,0xF2C0,0xFB20,0xF2C0,0xF2E0,0xE240,0xC0A0,
    0xD180,0xD9E0,0xC940,0xE200,0xE240,0xD9E0,0xFB00,0xFC21,0xEAE0,0xC0C0,0xC920,0xEA80,
    0xFB60,0xE200,0xF2C0,0xFBE0,0xF2E0,0xE220,0xE240,0xEA80,0xD9E0,0xD1A0,0xD9C0,0xB060,
    0xB040,0xD180,0xB8A0,0xB860,0xD180,0xE240,0xE220,0xD180,0xC900,0xEAC0,0xEA80,0xD180,
    0xD1A0,0xD140,0xD180,0xEA60,0xE240,0xEA60,0xD160,0xC0C0,0xA800,0xC0A0,0xC940,0xEAA0,
    0xFB40,0xF2E0,0xD9E0,0xC100,0xC0C0,0xD9A0,0xE200,0xB880,0xC940,0xF2E0,0xFB80,0xEA60,
    0xF341,0xFBA1,0xFB40,0xF2E0,0xFBE0,0xF2C0,0xC940,0xC900,0xD9E0,0xD9C0,0xC100,0xE200,
    0xE240,0xD1A0,0xD160,0xC0E0,0xC0C0,0xC100,0xD9C0,0xD180,0xD180,0xD9C0,0xC900,0xD180,
    0xEAC0,0xDA00,0xC940,0xD1A0,0xD160,0xD1A0,0xEA80,0xFB40,0xFB20,0xF2E0,0xEA60,0xF2C0,
    0xEA60,0xE240,0xF2C0,0xF300,0xEA80,0xEA80,0xF2C0,0xEAA0,0xF2A0,0xF2A0,0xE240,0xEAA0,
    0xD9E0,0xC0E0,0xC0E0,0xB040,0xB8A0,0xC900,0xD9E0,0xFB60,0xFB80,0xFB40,0xE240,0xEA60,
    0xE220,0xC900,0xD1A0,0xD9C0,0xD9E0,0xE240,0xFB60,0xF2E0,0xFB20,0xFB00,0xFB60,0xFBC2,
    0xFC02,0xFCC5,0xFCE6,0xFDEF,0xFDAD,0xFCC5,0xFD6B,0xFB60,0xE240,0xE240,0xF2E0,0xF300,
    0xF2C0,0xE260,0xD9C0,0xD9E0,0xE240,0xE220,0xD160,0xDA00,0xF2C0,0xF2C0,0xEA80,0xE220,
    0xE200,0xEA60,0xE220,0xD160,0xD9E0,0xEA80,0xEA80,0xF2C0,0xE200,0xD9C0,0xE240,0xC0E0,
    0xC940,0xC960,0xC0C0,0xB040,0xA000,0xA800,0xC0C0,0xB040,0xB060,0xB880,0xA800,0xB860,
    0xB040,0xD160,0xF2E0,0xD160,0xB8A0,0xD160,0xE220,0xD160,0xD180,0xEA60,0xE240,0xC0E0,
    0xB8A0,0xC0C0,0xC940,0xC940,0xB8A0,0xD180,0xEA60,0xC0E0,0xB8A0,0xB040,0xC900,0xD140,
    0xC0C0,0xB020,0xB8A0,0xA000,0xB040,0xD180,0xC900,0xD160,0xF2A0,0xF2E0,0xEAC0,0xF2E0,
    0xFB60,0xFB80,0xC920,0xA800,0xB8A0,0xD9E0,0xF2C0,0xD1A0,0xB8A0,0xB040,0xC920,0xD9E0,
    0xE240,0xF280,0xF340,0xFD08,0xFCA4,0xFC61,0xF320,0xE200,0xF2A0,0xFBA0,0xFC83,0xFC62,
    0xFBC0,0xFBA0,0xF300,0xDA00,0xD180,0xD160,0xE220,0xE240,0xD9E0,0xE200,0xEA60,0xFB20,
    0xFB80,0xFBA0,0xFC20,0xFBE0,0xFB80,0xFC00,0xFCE5,0xFCC5,0xFC41,0xFD28,0xFB61,0xE220,
    0xEA80,0xFBA0,0xFB80,0xFB00,0xEA60,0xE240,0xE240,0xF2E0,0xFBA0,0xF2E0,0xEA80,0xF2C0,
    0xD9E0,0xD1A0,0xD1A0,0xD180,0xE220,0xE240,0xEA60,0xD9C0,0xD9C0,0xE240,0xEA60,0xDA00,
    0xB8A0,0xD160,0xD9C0,0xE240,0xF2A0,0xF2C0,0xB8A0,0xB880,0xD9E0,0xD180,0xD1A0,0xD180,
    0xB060,0xA800,0xA800,0xA800,0xB860,0xC0E0,0xB8A0,0xC900,0xD9C0,0xE240,0xEA80,0xD180,
    0xC0C0,0xD9C0,0xE200,0xE200,0xE220,0xE240,0xF2C0,0xD9C0,0xC0C0,0xD180,0xD180,0xD9C0,
    0xD9E0,0xB880,0xA000,0xB880,0xD9E0,0xD9C0,0xD9E0,0xC0C0,0x9800,0xA000,0xC0E0,0xB040,
    0xC940,0xEA80,0xD1A0,0xD1A0,0xD160,0xC0E0,0xB040,0xA800,0xB040,0xC0E0,0xD9E0,0xFB20,
    0xFBC1,0xFB60,0xF2C0,0xC940,0xB040,0xA820,0xA800,0xB8A0,0xEA60,0xC900,0xA800,0xB8C0,
    0xE240,0xF300,0xF2C0,0xEA60,0xD160,0xD9C0,0xF300,0xFC00,0xFBC0,0xF2C0,0xE220,0xE240,
    0xD9A0,0xEA60,0xEAA0,0xD9E0,0xB040,0xA800,0xB8A0,0xC920,0xD180,0xE220,0xC940,0xC0E0,
    0xD1A0,0xE200,0xEAC0,0xFB40,0xFB81,0xFC42,0xF320,0xEA40,0xD160,0xC920,0xD1A0,0xD9E0,
    0xFB81,0xFD69,0xFC22,0xF280,0xFB60,0xE260,0xEA60,0xF300,0xF2E0,0xFB40,0xF2E0,0xD9E0,
    0xD9C0,0xD1A0,0xE240,0xE220,0xC940,0xD140,0xD9C0,0xD1A0,0xE240,0xFB20,0xEA80,0xD9E0,
    0xF340,0xFC84,0xFC23,0xEAA0,0xE220,0xD1A0,0xB8C0,0xC0E0,0xD160,0xD180,0xD9E0,0xD9C0,
    0xC940,0xC0E0,0xB860,0xD160,0xD9C0,0xD9C0,0xD1A0,0xD9C0,0xC940,0xC940,0xC900,0xD9C0,
    0xD9E0,0xF2A0,0xF2E0,0xFB20,0xFB80,0xF300,0xD9C0,0xB8A0,0xB060,0xC0C0,0xC0E0,0xC0E0,
    0xC0C0,0xB860,0xB880,0xB860,0xD9C0,0xC920,0xB020,0xA820,0xA840,0xB040,0xA840,0xC920,
    0xC920,0xB040,0xC0C0,0xD9C0,0xEA60,0xD9E0,0xD9C0,0xEA60,0xFB40,0xF300,0xC900,0xC920,
    0xD160,0xF2A0,0xF2C0,0xE200,0xE200,0xEA60,0xD9E0,0xD9C0,0xC940,0xD9E0,0xF2C0,0xF2A0,
    0xFB00,0xE200,0xD9E0,0xD9C0,0xEA80,0xEA80,0xE240,0xE200,0xF2C0,0xF2C0,0xD9C0,0xC940,
    0xC900,0xD1A0,0xF2E0,0xFB60,0xF300,0xF2E0,0xEA60,0xC920,0xC940,0xC900,0xC0C0,0xC940,
    0xE200,0xF2E0,0xFBC0,0xFBA0,0xEA40,0xC940,0xE200,0xF2A0,0xF2E0,0xE240,0xEAA0,0xFB40,
    0xFB20,0xE220,0xC920,0xD180,0xC920,0xC0C0,0xD9E0,0xD160,0xB020,0xB880,0xC0C0,0xB020,
    0xC100,0xE200,0xE240,0xE240,0xC920,0xEA60,0xF2C0,0xDA00,0xEA60,0xC940,0xC920,0xD9E0,
    0xC100,0xC900,0xC0C0,0xB880,0xB880,0xF362,0xF2E0,0xFBA1,0xFC01,0xFBA0,0xE200,0xEA60,
    0xD180,0xD9A0,0xD160,0xA000,0xB040,0xEAC0,0xFB40,0xD9C0,0xF384,0xFD68,0xFB20,0xEA60,
    0xFB60,0xEAE0,0xC0E0,0xC900,0xE220,0xD1A0,0xB880,0xC0E0,0xEA40,0xEA60,0xC0C0,0xC0C0,
    0xC0E0,0xD160,0xEAA0,0xEA60,0xD1A0,0xD180,0xC900,0xC940,0xF2E0,0xF2C0,0xE220,0xEA80,
    0xD9A0,0xD9E0,0xF2C0,0xF2E0,0xFAE0,0xFB00,0xF2E0,0xFB80,0xFB80,0xF2C0,0xEA80,0xFB20,
    0xF2E0,0xE240,0xE220,0xEA80,0xEAA0,0xF2E0,0xF2C0,0xFB20,0xF2E0,0xD160,0xC920,0xC0E0,
    0xB880,0xB860,0xC0A0,0xD9C0,0xEAA0,0xF300,0xD9E0,0xC920,0xC900,0xC0C0,0xC0C0,0xC920,
    0xD180,0xE240,0xFBA0,0xFC63,0xFBC0,0xFB20,0xFB20,0xFB20,0xFB80,0xFD49,0xFCE6,0xFD8B,
    0xFDEF,0xFC00,0xFB80,0xFBC0,0xEA60,0xD9E0,0xEA60,0xE240,0xDA00,0xD1A0,0xD160,0xD9E0,
    0xE240,0xDA00,0xD9E0,0xD9A0,0xEA60,0xEA80,0xD9E0,0xD180,0xE220,0xE240,0xD180,0xB880,
    0xC900,0xD9C0,0xE220,0xF2E0,0xE240,0xD9E0,0xD9E0,0xD180,0xC900,0xC0C0,0xB880,0x9800,
    0xA800,0xA800,0xD180,0xC940,0xB880,0xB860,0xB020,0xB020,0xB020,0xC940,0xF300,0xD180,
    0xC0A0,0xB880,0xC940,0xC0A0,0xC0C0,0xE240,0xD9C0,0xC0A0,0xB860,0xC940,0xD9E0,0xC920,
    0xC920,0xD180,0xC940,0xC0C0,0xD180,0xC0A0,0xC100,0xC0C0,0xC0A0,0xC0A0,0xB880,0xA000,
    0xB040,0xB020,0xB8A0,0xD9C0,0xC920,0xD9E0,0xD9E0,0xD9A0,0xD9C0,0xFB80,0xEAA0,0xA800,
    0xB880,0xE220,0xD9E0,0xC920,0xC900,0xC920,0xD180,0xE220,0xE200,0xD1A0,0xE200,0xFC24,
    0xFD48,0xFD08,0xFB80,0xF300,0xF300,0xFC01,0xFDCD,0xFD28,0xFC41,0xFBC0,0xF2C0,0xD1A0,
    0xD180,0xD9C0,0xDA00,0xEA80,0xE240,0xE220,0xEA80,0xFB40,0xFBA0,0xFBC0,0xFC00,0xFC83,
    0xFC42,0xFBE0,0xFCA4,0xFCC5,0xFC21,0xFD07,0xFC01,0xF2A0,0xF2E0,0xFC00,0xFBC0,0xFB60,
    0xF2A0,0xE200,0xE220,0xFB80,0xFBA0,0xFAE0,0xEA60,0xEA80,0xE240,0xD9A0,0xD180,0xD9A0,
    0xE220,0xE220,0xEA40,0xDA00,0xD9E0,0xD9E0,0xD9E0,0xD180,0xC900,0xC960,0xC940,0xD140,
    0xD9A0,0xFB60,0xE260,0xD180,0xD9C0,0xD9E0,0xD9C0,0xD9C0,0xD180,0xC0C0,0xC0E0,0xC0E0,
    0xB060,0xB000,0xB880,0xB060,0xD180,0xD1A0,0xDA00,0xC900,0xA800,0xC920,0xEAA0,0xE220,
    0xE220,0xE240,0xEA60,0xE240,0xC940,0xD9C0,0xE200,0xDA00,0xE200,0xC100,0xC8E0,0xC920,
    0xC940,0xC0E0,0xC0E0,0xC0A0,0xA820,0xB060,0xD160,0xC900,0xD9C0,0xE220,0xD9C0,0xEA60,
    0xE200,0xC0C0,0xA800,0xA800,0xB020,0xC920,0xE200,0xFB60,0xFB20,0xFBA0,0xF340,0xD9E0,
    0xC0E0,0xB040,0xB860,0xD9A0,0xEA80,0xC0C0,0xA800,0xB8A0,0xD9C0,0xEA60,0xE200,0xF2E0,
    0xD180,0xD180,0xEA80,0xF300,0xEA80,0xE220,0xE200,0xD9E0,0xD9C0,0xEA60,0xD9C0,0xB8A0,
    0xC0C0,0xC0E0,0xD140,0xC940,0xC0C0,0xC920,0xE220,0xD180,0xB8A0,0xC0C0,0xEAE1,0xFC62,
    0xFBA0,0xFC83,0xFBE0,0xF300,0xEA80,0xE200,0xD9C0,0xEAA0,0xFBE0,0xFC42,0xF2E0,0xE240,
    0xF300,0xE260,0xFB60,0xFB80,0xF300,0xF2E0,0xEA80,0xDA00,0xDA00,0xD9E0,0xD9C0,0xD9C0,
    0xD1A0,0xD180,0xEAA0,0xD180,0xE220,0xFB40,0xEA60,0xD140,0xF342,0xFB81,0xFB60,0xE260,
    0xD160,0xC940,0xC960,0xC0E0,0xB880,0xC0C0,0xC920,0xD160,0xD160,0xC0C0,0xB040,0xC900,
    0xD1A0,0xC940,0xC0E0,0xC100,0xC100,0xC920,0xD9A0,0xE200,0xEA40,0xF2C0,0xFB00,0xFB00,
    0xFB40,0xFB40,0xE200,0xB8A0,0xB000,0xC940,0xC920,0xC920,0xB8A0,0xB060,0xB860,0xB020,
    0xD9E0,0xE220,0xB000,0xA800,0xB8A0,0xD9E0,0xB040,0xB040,0xB8A0,0xA800,0xB060,0xD160,
    0xC920,0xC0C0,0xB880,0xC900,0xF2C0,0xFB40,0xEA60,0xD9A0,0xB880,0xD9E0,0xF2C0,0xD180,
    0xD9C0,0xF2E0,0xE240,0xD9C0,0xC940,0xD9C0,0xF2E0,0xF2A0,0xEA60,0xD180,0xD9C0,0xE240,
    0xEA80,0xDA00,0xE220,0xD9E0,0xEA60,0xF2C0,0xEAA0,0xD9E0,0xC920,0xD9A0,0xF300,0xFC40,
    0xFB60,0xFB80,0xEAA0,0xD9E0,0xC920,0xC0A0,0xC0A0,0xB040,0xE200,0xFC62,0xFC83,0xFC63,
    0xFB20,0xF361,0xFB40,0xEAA0,0xF2C0,0xFB40,0xFB60,0xF2C0,0xFAE0,0xEA80,0xC900,0xC900,
    0xD1A0,0xC920,0xE220,0xE240,0xC0A0,0xB860,0xB020,0xB8A0,0xD9C0,0xEA60,0xEAA0,0xEA60,
    0xD160,0xD9C0,0xF2E0,0xF2C0,0xEA60,0xC920,0xC940,0xDA00,0xC0C0,0xB040,0xC0C0,0xD9C0,
    0xD9C0,0xFBC0,0xFC02,0xFBC1,0xFB60,0xEA80,0xD9C0,0xFB20,0xD1A0,0xB040,0xB860,0xB860,
    0xC100,0xD9E0,0xEA80,0xEA60,0xF2C0,0xFBE0,0xF2C0,0xD160,0xF2E0,0xF320,0xC0A0,0xC900,
    0xD9A0,0xB8A0,0xA800,0xC920,0xEA60,0xF2C0,0xD9E0,0xC0E0,0xD160,0xD9E0,0xEA80,0xFBC0,
    0xE220,0xD1A0,0xC940,0xC100,0xD1A0,0xEA60,0xF340,0xFBC0,0xF320,0xEAA0,0xFB20,0xF2E0,
    0xFB00,0xFB60,0xFBA0,0xFC62,0xFCC5,0xFC00,0xFB40,0xFBE0,0xFB20,0xEA60,0xEAA0,0xEA80,
    0xEA60,0xEA80,0xEAA0,0xFB40,0xFB80,0xD9E0,0xB880,0xD1A0,0xD9C0,0xB860,0xB020,0xB040,
    0xC0A0,0xC0C0,0xC0C0,0xC0A0,0xC0C0,0xB880,0xB8A0,0xC0A0,0xD9C0,0xF2C0,0xFC02,0xFD06,
    0xFBE0,0xFBC0,0xFB80,0xFB80,0xFC00,0xFDAC,0xFD49,0xFC84,0xFD6A,0xFBA0,0xF300,0xFBA0,
    0xEA80,0xDA00,0xE220,0xD9A0,0xC0E0,0xD160,0xE240,0xE200,0xE200,0xD9E0,0xD180,0xD160,
    0xD9E0,0xE240,0xD180,0xC0A0,0xD160,0xC100,0xC0C0,0xC0C0,0xC100,0xD180,0xEA80,0xEA80,
    0xC940,0xC0E0,0xB8A0,0xC0C0,0xC900,0xD1A0,0xC0E0,0xA000,0x9800,0x9800,0xB8C0,0xE200,
    0xD160,0xB860,0xA800,0xA000,0xA000,0xB060,0xE200,0xD160,0xC940,0xD180,0xB880,0xB020,
    0xB880,0xC0E0,0xD180,0xD160,0xC920,0xD180,0xE240,0xE200,0xD180,0xC920,0xC0A0,0xC940,
    0xD180,0xB8A0,0xB040,0xA800,0xB880,0xC0C0,0xC900,0xD160,0xB880,0xA800,0xD180,0xEA40,
    0xB880,0xF320,0xF2E0,0xB880,0xD160,0xEAA0,0xD9A0,0xB880,0xB8A0,0xD9C0,0xE240,0xD9C0,
    0xD180,0xE200,0xF2A0,0xEA80,0xD9E0,0xD180,0xE220,0xFBA0,0xFCE6,0xFE10,0xFC22,0xFB80,
    0xFC00,0xFC83,0xFD49,0xFCC5,0xFBE0,0xFB20,0xEA80,0xE220,0xE200,0xE220,0xE220,0xEAA0,
    0xEA80,0xEA80,0xF2A0,0xFB20,0xFB80,0xFC01,0xFC21,0xFC00,0xFC21,0xFBE0,0xFC00,0xFCA4,
    0xFCA4,0xFCA4,0xFC82,0xFC21,0xFBE0,0xFC41,0xFC00,0xFB40,0xEA80,0xDA00,0xE220,0xFC01,
    0xFC41,0xFB60,0xE240,0xE240,0xFB00,0xF2C0,0xE220,0xE200,0xE220,0xE220,0xEA80,0xEA40,
    0xE240,0xD9C0,0xD1A0,0xD1A0,0xD180,0xC920,0xB880,0xB8A0,0xB880,0xD9C0,0xD9C0,0xD9C0,
    0xEA80,0xE220,0xEA60,0xE240,0xE240,0xD9A0,0xD160,0xE200,0xD180,0xB040,0xA800,0xA800,
    0xB8C0,0xC940,0xC900,0xC0C0,0xB040,0xC0C0,0xD9E0,0xC0C0,0xD9E0,0xEAC0,0xD180,0xEA80,
    0xD9A0,0xC920,0xD9E0,0xE240,0xE220,0xD9E0,0xD9C0,0xC920,0xB8A0,0xB8A0,0xC0A0,0xC0A0,
    0xC940,0xD160,0xD160,0xEA60,0xE240,0xC940,0xC900,0xD9E0,0xFB60,0xD9E0,0xB040,0xA800,
    0xB040,0xD1A0,0xD9E0,0xF340,0xFC00,0xF2E0,0xE240,0xD1A0,0xB8A0,0xB040,0xB8A0,0xD1A0,
    0xD9E0,0xB880,0xB000,0xC0A0,0xB8A0,0xC920,0xC900,0xE240,0xD1A0,0xD180,0xEA60,0xD9C0,
    0xEAA0,0xE220,0xD160,0xD180,0xF2C0,0xD160,0xC900,0xC900,0xD160,0xD1A0,0xD1A0,0xDA00,
    0xD9C0,0xF300,0xFB60,0xDA00,0xA800,0xB040,0xC940,0xEAA0,0xE220,0xF300,0xFBA0,0xFB00,
    0xEAA0,0xD9E0,0xF2A0,0xFBC0,0xFC00,0xFBA0,0xDA00,0xD9C0,0xF2A0,0xEA80,0xFC20,0xEAA0,
    0xF2C0,0xFB80,0xFB60,0xF2A0,0xE220,0xD9C0,0xC940,0xC960,0xC920,0xC920,0xE240,0xEA60,
    0xFB20,0xFB20,0xD180,0xC0A0,0xE281,0xFC62,0xE240,0xC920,0xC0C0,0xB860,0xC100,0xB860,
    0xA800,0xB040,0xC0E0,0xC920,0xC920,0xC940,0xC0C0,0xB880,0xC0E0,0xB8A0,0xB880,0xC0E0,
    0xC900,0xC940,0xE240,0xEA60,0xEA60,0xFB00,0xF2E0,0xEA80,0xF2E0,0xFB20,0xFB80,0xD9C0,
    0xB860,0xC0E0,0xD9E0,0xE200,0xD9E0,0xB8A0,0xA800,0xB040,0xC0E0,0xD9A0,0xB8A0,0xA800,
    0xC0E0,0xD1A0,0xB8A0,0xB860,0xC900,0xA800,0xB040,0xD1A0,0xC0C0,0xB860,0xB8A0,0xC0C0,
    0xD9C0,0xFB80,0xFB60,0xE200,0xB8A0,0xD180,0xE200,0xC0C0,0xD180,0xF2C0,0xEA60,0xD9E0,
    0xD1A0,0xD180,0xEA60,0xF2C0,0xD1A0,0xC920,0xE240,0xFB00,0xEA60,0xD1A0,0xC0C0,0xC900,
    0xD9E0,0xF2E0,0xFBC0,0xF2C0,0xC920,0xE200,0xFB60,0xFBE0,0xFB80,0xFBC0,0xFB20,0xEA60,
    0xEA80,0xC940,0xC0C0,0xB880,0xD9A0,0xFB60,0xF321,0xFD07,0xFC62,0xFBA0,0xEA60,0xD9A0,
    0xF2A0,0xFBA0,0xF2E0,0xEA80,0xFB80,0xF2E0,0xDA00,0xE200,0xE240,0xD9E0,0xEA60,0xE240,
    0xC0E0,0xB040,0xB860,0xD160,0xD9E0,0xD160,0xD9E0,0xD9C0,0xD9E0,0xD9C0,0xE240,0xE240,
    0xEA80,0xD180,0xD160,0xE240,0xC920,0xA800,0xD160,0xF2E0,0xF2E0,0xFBE0,0xFCA4,0xFCE5,
    0xFC64,0xC900,0xC940,0xEA80,0xC940,0xB860,0xA800,0xC940,0xD160,0xD1C0,0xEA60,0xF2C0,
    0xF2C0,0xFBA0,0xEA80,0xD160,0xE200,0xE240,0xC920,0xC920,0xC920,0xB040,0xA800,0xC900,
    0xEA80,0xFB60,0xF2E0,0xC940,0xC920,0xD9E0,0xE240,0xF2E0,0xDA00,0xE220,0xD9C0,0xC940,
    0xC940,0xE240,0xFBA0,0xFC20,0xFBC0,0xFB20,0xFB60,0xF2E0,0xFB20,0xFBE0,0xFC83,0xFD49,
    0xFD6A,0xFD28,0xFCA4,0xFCE6,0xFBC1,0xFB60,0xFB40,0xF2C0,0xF300,0xF2E0,0xEA60,0xFB40,
    0xF2E0,0xD160,0xC940,0xDA00,0xEA80,0xD160,0xB060,0xA800,0xB020,0xB860,0xC0A0,0xC0E0,
    0xD160,0xD160,0xD140,0xC940,0xD9C0,0xFB00,0xFBC0,0xFB80,0xFB00,0xFC41,0xFC43,0xFB80,
    0xFC00,0xFD28,0xFD28,0xFC83,0xFCA4,0xFB60,0xFB80,0xFC00,0xFB20,0xFB00,0xEAA0,0xD1A0,
    0xB880,0xD180,0xEA60,0xD1A0,0xC940,0xD1A0,0xC940,0xC960,0xD9E0,0xEA60,0xD9C0,0xC940,
    0xC900,0xB8A0,0xB020,0xB020,0xC0E0,0xD180,0xE220,0xE240,0xC0C0,0xB060,0xB880,0xA800,
    0xB020,0xD180,0xE220,0xB8A0,0x9000,0x9000,0xA800,0xD1A0,0xE200,0xB860,0xA000,0xA000,
    0xA000,0xB880,0xD9E0,0xC940,0xEA60,0xF2E0,0xC920,0xA800,0xC0A0,0xC100,0xD9C0,0xD9E0,
    0xD160,0xC900,0xE220,0xE220,0xD9E0,0xEAC0,0xC920,0xB8A0,0xC0C0,0xB880,0xA820,0xB040,
    0xC0C0,0xB860,0xB8A0,0xD180,0xB8A0,0xA800,0xC100,0xD9A0,0xB860,0xD9E0,0xC0A0,0xB840,
    0xC0E0,0xD180,0xE200,0xEA80,0xD160,0xE200,0xE220,0xD9C0,0xD180,0xEA60,0xE240,0xD9C0,
    0xD160,0xD180,0xE1E0,0xFBE1,0xFC62,0xFC84,0xFC22,0xFB00,0xFC63,0xFD6A,0xFDCD,0xFD4A,
    0xFC63,0xFB20,0xF2C0,0xF2A0,0xEA60,0xEAA0,0xEA80,0xEA80,0xEA80,0xEA60,0xFB20,0xFB60,
    0xFB40,0xFB80,0xFB80,0xFBA0,0xFB80,0xFBA0,0xFBC0,0xFC21,0xFBE0,0xFC20,0xFCE6,0xFD6B,
    0xFD07,0xFCA4,0xFCC4,0xFB60,0xEA60,0xF300,0xFB40,0xFC22,0xFC82,0xF300,0xEA60,0xDA00,
    0xF2A0,0xFBE0,0xFBA0,0xF320,0xF2C0,0xEAA0,0xE220,0xD9C0,0xE240,0xE220,0xE200,0xD1A0,
    0xD180,0xD180,0xC0C0,0xD160,0xC920,0xC920,0xD1A0,0xD9A0,0xD9E0,0xD9E0,0xD9C0,0xC920,
    0xC0E0,0xD1A0,0xD180,0xD9E0,0xD9C0,0xB880,0xA800,0xB020,0xB880,0xC920,0xC920,0xC940,
    0xC100,0xC940,0xD9C0,0xB8A0,0xD180,0xE220,0xC920,0xE240,0xEA60,0xC940,0xE200,0xF2A0,
    0xD9C0,0xC900,0xD9A0,0xC0E0,0xC0C0,0xC0C0,0xC0C0,0xB8A0,0xC920,0xD9C0,0xD1A0,0xF2C0,
    0xE240,0xE240,0xE220,0xD160,0xD9E0,0xD9C0,0xC0A0,0xB040,0xB020,0xD9A0,0xEA60,0xF2E0,
    0xFC20,0xE240,0xC920,0xE200,0xC0E0,0xB040,0xC940,0xC920,0xC940,0xB060,0xB020,0xC920,
    0xB8A0,0xB040,0xC0E0,0xC940,0xE200,0xE200,0xEAA0,0xFB00,0xFB60,0xFBA0,0xEA80,0xE200,
    0xFBE0,0xD9E0,0xB040,0xC0E0,0xD160,0xD180,0xEA60,0xFB20,0xFB20,0xEAA0,0xEA60,0xD9A0,
    0xB880,0xB880,0xC920,0xC920,0xC900,0xD9E0,0xFBA0,0xEAA0,0xD180,0xE220,0xFC21,0xFC42,
    0xFB40,0xFB60,0xDA00,0xD9C0,0xE200,0xE220,0xF2C0,0xF2C0,0xFB80,0xFBA0,0xFC21,0xFBE1,
    0xE220,0xD180,0xD140,0xC920,0xC920,0xC920,0xD180,0xFB20,0xF2E0,0xE220,0xB8A0,0xB860,
    0xC920,0xD1A0,0xC940,0xD160,0xB8A0,0xB020,0xC0C0,0xB040,0xA800,0xB8A0,0xC920,0xB8A0,
    0xB860,0xC920,0xC0C0,0xB020,0xB840,0xB000,0xA800,0xA820,0xB040,0xD180,0xEAA0,0xEA60,
    0xEAA0,0xFBA0,0xFB20,0xEA80,0xF300,0xF2E0,0xFB20,0xE240,0xE240,0xE200,0xEAA0,0xEA80,
    0xE220,0xC940,0xC900,0xC920,0xA800,0xB880,0xC920,0xA820,0xB040,0xC920,0xC940,0xC0E0,
    0xDA00,0xC0C0,0xB020,0xD160,0xC0C0,0xB880,0xD1A0,0xDA00,0xE240,0xFB20,0xFBC0,0xEA80,
    0xB840,0xC940,0xE240,0xB060,0xD160,0xEAA0,0xEA80,0xE200,0xD9C0,0xE220,0xEA80,0xFB20,
    0xF2C0,0xD1A0,0xEA60,0xFB00,0xD1A0,0xD9E0,0xB060,0xB8A0,0xE240,0xFB00,0xF2C0,0xFB20,
    0xD9C0,0xD9A0,0xF300,0xF300,0xEA60,0xEA80,0xEA60,0xD9C0,0xEA60,0xD1A0,0xC0E0,0xB8A0,
    0xC920,0xD9C0,0xD9C0,0xFC22,0xFC83,0xF2C0,0xD9E0,0xD160,0xDA00,0xF320,0xE260,0xE220,
    0xFC00,0xF2E0,0xEAA0,0xFB00,0xF2A0,0xEA60,0xF2C0,0xE240,0xC0E0,0xC100,0xC0C0,0xD9C0,
    0xC940,0xB8A0,0xE240,0xD9E0,0xDA00,0xDA00,0xD160,0xDA00,0xFB00,0xC920,0xC920,0xD9E0,
    0xD160,0xB040,0xC900,0xFB40,0xFC01,0xFCA4,0xFCE6,0xFC84,0xFC03,0xD160,0xEA60,0xD1A0,
    0xC0E0,0xD9C0,0xC940,0xD160,0xC940,0xD160,0xC900,0xD9E0,0xF2E0,0xFB20,0xDA00,0xD1A0,
    0xE240,0xEA60,0xD1A0,0xD180,0xE240,0xC940,0xB040,0xD9E0,0xFB60,0xF2E0,0xE240,0xC960,
    0xD9E0,0xE200,0xE220,0xEA80,0xD9C0,0xE220,0xE240,0xDA00,0xD9E0,0xE200,0xFB00,0xFBA0,
    0xFBA0,0xFB40,0xFB80,0xFB20,0xFB40,0xFBE0,0xFCA4,0xFCC6,0xFC63,0xFD4A,0xFD28,0xFCE6,
    0xFC83,0xFBC0,0xFB20,0xFB20,0xFB40,0xF2A0,0xEA60,0xF300,0xD9E0,0xC100,0xD9E0,0xD9C0,
    0xC920,0xD9C0,0xE200,0xB8A0,0xA800,0xB040,0xC0E0,0xC920,0xD180,0xD9C0,0xD180,0xD1A0,
    0xE240,0xF300,0xF300,0xEA40,0xEA80,0xFBC1,0xFC83,0xFC83,0xFC83,0xFD49,0xFD08,0xFCE6,
    0xFCC5,0xFBE0,0xFBE0,0xFC20,0xFBE0,0xFBA0,0xEAA0,0xD180,0xC0E0,0xD9C0,0xE220,0xD1A0,
    0xC920,0xC940,0xC100,0xD1A0,0xEA80,0xF2C0,0xDA00,0xD9C0,0xD9C0,0xC0E0,0xA800,0xB020,
    0xD9C0,0xEAA0,0xE200,0xD9A0,0xC0E0,0xA800,0xA000,0x9800,0xA800,0xC940,0xD9E0,0xB880,
    0xB060,0xB040,0xA800,0xB040,0xC920,0xB8A0,0xD160,0xC940,0xB020,0xC100,0xE240,0xD9A0,
    0xE240,0xE200,0xC100,0xB040,0xD160,0xC920,0xEA60,0xD9C0,0xC0E0,0xB8A0,0xD180,0xE240,
    0xD180,0xD9C0,0xC0C0,0xB040,0xC0C0,0xB8A0,0xA800,0xB040,0xC100,0xA800,0xB860,0xC940,
    0xB8A0,0xA800,0xB8A0,0xC940,0xB8A0,0xA800,0xC0E0,0xEA60,0xC940,0xC940,0xEA60,0xE220,
    0xE220,0xD9E0,0xD160,0xD180,0xDA00,0xE220,0xD160,0xB8A0,0xC100,0xD9E0,0xE240,0xFBE1,
    0xF361,0xF2A0,0xF300,0xEA40,0xFCA6,0xFCC5,0xFCC5,0xFD8B,0xFC83,0xFC22,0xFD28,0xFBE1,
    0xF2C0,0xF300,0xF2A0,0xE220,0xF2E0,0xF2E0,0xFB40,0xFB20,0xFAE0,0xFB40,0xFB80,0xFBC0,
    0xFC00,0xFBE0,0xFBC0,0xFBE0,0xFBC0,0xFB80,0xFCE7,0xFD6B,0xFCE7,0xFD29,0xFD6A,0xFBA0,
    0xF2C0,0xFBC0,0xFC62,0xFC62,0xFBE0,0xFAE0,0xF2E0,0xEA80,0xFB00,0xFB80,0xFBE0,0xFC62,
    0xF2E0,0xEA60,0xEA80,0xD160,0xD180,0xD9E0,0xD180,0xD180,0xE220,0xD9E0,0xC920,0xD9E0,
    0xC940,0xC0E0,0xDA00,0xC940,0xC900,0xD1A0,0xE220,0xC900,0xB860,0xD180,0xD9E0,0xEA40,
    0xE200,0xB8A0,0xA800,0xA800,0xB060,0xC0E0,0xC0A0,0xC940,0xC0E0,0xD9E0,0xE200,0xC0C0,
    0xC0E0,0xD9E0,0xC0E0,0xC940,0xEA80,0xD9C0,0xE220,0xEA40,0xD160,0xC940,0xC940,0xC0E0,
    0xC0E0,0xD160,0xC960,0xC0E0,0xC940,0xDA00,0xD160,0xD9E0,0xD9C0,0xE200,0xF2E0,0xE200,
    0xEAA0,0xFB60,0xE220,0xC920,0xA800,0xC0C0,0xE200,0xFB60,0xFBE0,0xE200,0xD160,0xF2C0,
    0xB060,0xC0C0,0xDA00,0xE220,0xC920,0xB880,0xA800,0xB880,0xC900,0xA000,0xC940,0xD140,
    0xC900,0xEA60,0xF320,0xFB40,0xEA60,0xEA80,0xD9E0,0xD180,0xE240,0xD180,0xC940,0xC0E0,
    0xC900,0xE200,0xF2E0,0xFB60,0xF2A0,0xE220,0xD9C0,0xD160,0xC920,0xC940,0xD180,0xC920,
    0xD160,0xD160,0xEA80,0xF2C0,0xF2C0,0xFB60,0xFC21,0xFB40,0xF2A0,0xD9C0,0xD180,0xD9E0,
    0xDA00,0xE220,0xE220,0xFBA0,0xFC21,0xFBC0,0xFBC0,0xF2C0,0xEA40,0xE220,0xD1A0,0xD160,
    0xC940,0xC940,0xC0C0,0xE240,0xE200,0xD180,0xB860,0xB060,0xB8A0,0xC0C0,0xC920,0xC940,
    0xC0C0,0xB020,0xB8A0,0xB040,0xB880,0xC0C0,0xC940,0xC0C0,0xA800,0xB880,0xB880,0xA800,
    0xA800,0xA800,0xA000,0xA000,0xA800,0xC0E0,0xE240,0xEAA0,0xF2C0,0xFB80,0xF300,0xEA60,
    0xF2C0,0xEA60,0xD9E0,0xE240,0xFB20,0xFB80,0xFB40,0xF2C0,0xE240,0xE220,0xFB40,0xE200,
    0xA800,0xA800,0xC920,0xC0E0,0xC0E0,0xC0A0,0xD9C0,0xD9C0,0xEA60,0xD160,0xB060,0xC900,
    0xC900,0xB860,0xD160,0xEA60,0xF2C0,0xF2E0,0xFB40,0xF2E0,0xC940,0xB8A0,0xD9E0,0xC920,
    0xE220,0xF300,0xFB40,0xF2E0,0xF2A0,0xF2C0,0xF2E0,0xFB20,0xF2A0,0xE240,0xEA60,0xEAA0,
    0xD160,0xD160,0xC920,0xD160,0xEA80,0xEA80,0xD9E0,0xE200,0xEAA0,0xEAA0,0xF2C0,0xDA00,
    0xD1A0,0xE240,0xFB20,0xD9E0,0xC900,0xB880,0xB860,0xB8A0,0xC100,0xC0E0,0xD160,0xF300,
    0xFBE0,0xEAA0,0xE200,0xEA80,0xE1E0,0xC900,0xD9E0,0xF300,0xFBC0,0xF2E0,0xF2C0,0xFB40,
    0xE240,0xE240,0xE220,0xEA60,0xC940,0xD180,0xD9C0,0xD9E0,0xC100,0xD160,0xD9C0,0xD9C0,
    0xF2A0,0xF2C0,0xE260,0xD9E0,0xE240,0xEA60,0xD180,0xD180,0xD180,0xD9C0,0xE240,0xF320,
    0xFBC0,0xFCC6,0xFCA5,0xF2E0,0xFB60,0xDA00,0xC920,0xC0E0,0xB880,0xD180,0xD9E0,0xD160,
    0xD9E0,0xD180,0xC0C0,0xE220,0xFB60,0xFB20,0xEA60,0xEA80,0xFB60,0xFB40,0xC940,0xC940,
    0xEA60,0xD1A0,0xD180,0xEA60,0xFBA0,0xEAA0,0xD180,0xD9C0,0xE220,0xEA60,0xD9A0,0xD9C0,
    0xE220,0xF2E0,0xEAA0,0xEA60,0xF2C0,0xF2E0,0xFB80,0xFB40,0xFB80,0xFB80,0xFB80,0xFBC0,
    0xFBA0,0xFB80,0xFC41,0xFBE0,0xFC64,0xFDEE,0xFC84,0xFBE0,0xFC82,0xFB60,0xF2E0,0xFBA0,
    0xFBA0,0xFB60,0xF2E0,0xE240,0xD160,0xC0C0,0xC0C0,0xC920,0xC920,0xB880,0xD9A0,0xD180,
    0xC0E0,0xB8A0,0xC920,0xD1A0,0xD9C0,0xF320,0xE240,0xD9E0,0xEA80,0xE240,0xF2C0,0xF300,
    0xF2C0,0xFB20,0xFBC0,0xFC61,0xFC83,0xFCE6,0xFCA4,0xFCE6,0xFCA4,0xFD28,0xFD08,0xFC83,
    0xFBE1,0xFB40,0xF2C0,0xD9C0,0xC940,0xC940,0xD1A0,0xD180,0xD160,0xD1A0,0xD180,0xD9E0,
    0xFB00,0xF2C0,0xD9C0,0xD9C0,0xD1A0,0xB8A0,0xB880,0xC0E0,0xEA60,0xF2E0,0xEA80,0xD9E0,
    0xD1A0,0xB040,0xA800,0xA000,0xA020,0xD180,0xB8A0,0xB020,0xD1A0,0xC900,0xB860,0xB060,
    0xB040,0xD160,0xF2E0,0xF2E0,0xC0C0,0xC920,0xF2E0,0xE220,0xD9C0,0xC920,0xB880,0xC0C0,
    0xD9E0,0xD9C0,0xEAA0,0xD160,0xB8A0,0xB860,0xB880,0xD180,0xC920,0xA800,0xC0C0,0xD140,
    0xC0C0,0xB020,0xB000,0xB040,0xB040,0xA800,0xB040,0xB8A0,0xB8A0,0xC0C0,0xB880,0xD1A0,
    0xC900,0xB040,0xE200,0xEA80,0xD180,0xE220,0xD9A0,0xC920,0xEA80,0xD9A0,0xC940,0xD9C0,
    0xDA00,0xC920,0xC900,0xC920,0xC920,0xE200,0xF2A0,0xFB60,0xF2E0,0xEA60,0xFB40,0xFBE1,
    0xFB80,0xFB60,0xFBE0,0xFC22,0xFCE6,0xFE73,0xFE52,0xFC83,0xFB60,0xFBA0,0xFB40,0xEA60,
    0xF2C0,0xFB60,0xFB40,0xFB40,0xFBA0,0xFBA0,0xFBC0,0xFBC0,0xFC41,0xFC42,0xFB80,0xFB80,
    0xFBC0,0xFBA0,0xFC63,0xFCE6,0xFC83,0xFCC5,0xFD07,0xFCC6,0xFBA0,0xFC42,0xFCA4,0xFCE6,
    0xFC42,0xFBA0,0xFBA0,0xFB40,0xFB80,0xFB00,0xFB00,0xFBA0,0xE220,0xD180,0xE240,0xD160,
    0xD1A0,0xD9A0,0xD160,0xD180,0xD9E0,0xE240,0xE240,0xEA60,0xD9C0,0xC0C0,0xC920,0xC0E0,
    0xB020,0xD180,0xF2C0,0xEA60,0xC940,0xC0E0,0xD160,0xEA80,0xEA80,0xD160,0xB040,0xB040,
    0xB040,0xB040,0xB040,0xA800,0xB040,0xC920,0xEA60,0xC900,0xB060,0xC920,0xB060,0xB060,
    0xE220,0xE240,0xD9A0,0xC920,0xD1A0,0xE220,0xD1A0,0xD160,0xC900,0xD180,0xD180,0xD160,
    0xE200,0xD9E0,0xC920,0xD180,0xD160,0xC920,0xE200,0xF2E0,0xFB80,0xFBE0,0xFB80,0xEA80,
    0xC0C0,0xA800,0xC0C0,0xEA60,0xFC21,0xEAA0,0xD9E0,0xE260,0xA820,0xC0E0,0xD9E0,0xEA60,
    0xC0E0,0xA820,0x9800,0xC0E0,0xD9E0,0xB020,0xA820,0xB020,0xC0E0,0xD9C0,0xD9C0,0xF2C0,
    0xD1A0,0xD9E0,0xC940,0xC940,0xC920,0xC940,0xE240,0xC0C0,0xC920,0xD9E0,0xFB00,0xF2A0,
    0xD9C0,0xD9C0,0xE240,0xD9A0,0xD1A0,0xD9C0,0xD180,0xD9C0,0xE220,0xEAC0,0xEA60,0xEA80,
    0xFB80,0xFB80,0xFB20,0xFB00,0xE260,0xD9A0,0xD9C0,0xD180,0xE240,0xF2C0,0xF2C0,0xFC43,
    0xFC62,0xFBC0,0xFBC0,0xF2C0,0xFB20,0xEAA0,0xE240,0xE200,0xD160,0xC900,0xC0C0,0xD9A0,
    0xEA80,0xD9E0,0xB880,0xB020,0xB860,0xC0E0,0xC100,0xC920,0xC920,0xB8A0,0xB880,0xD1A0,
    0xE200,0xD160,0xC100,0xB040,0xA800,0xB880,0xB060,0xA800,0xA000,0x9800,0xA000,0xB8A0,
    0xB880,0xC100,0xD9C0,0xDA00,0xEAA0,0xFB00,0xEA60,0xD9E0,0xE240,0xEA60,0xD180,0xD1A0,
    0xE220,0xFB00,0xF2C0,0xE240,0xE200,0xE240,0xFBC0,0xF2C0,0xC100,0xB860,0xD160,0xE220,
    0xEB00,0xC940,0xC100,0xD180,0xF2E0,0xE240,0xC920,0xB8A0,0xC0C0,0xB8A0,0xC100,0xE200,
    0xF2A0,0xF2E0,0xFB40,0xEAA0,0xE200,0xD160,0xEA80,0xFB00,0xF2C0,0xFB40,0xFB40,0xFB80,
    0xFBC0,0xFB40,0xFB20,0xEAA0,0xD9E0,0xE220,0xD1A0,0xD9C0,0xE220,0xD9E0,0xD180,0xD9E0,
    0xEA80,0xD9C0,0xC940,0xD9A0,0xF320,0xF320,0xEA80,0xE220,0xEA40,0xF2C0,0xF2E0,0xE220,
    0xD160,0xC0E0,0xC920,0xD180,0xC0E0,0xA800,0xC100,0xD9A0,0xEAA0,0xFB80,0xF2C0,0xF2E0,
    0xFB40,0xE240,0xE220,0xFB80,0xF2C0,0xF2C0,0xD180,0xF2E0,0xEA60,0xD9E0,0xE220,0xD9E0,
    0xE240,0xE220,0xEA60,0xEA60,0xD1A0,0xD9E0,0xC940,0xD180,0xEA80,0xF2C0,0xF300,0xD9E0,
    0xC900,0xD160,0xB8A0,0xC0C0,0xD9C0,0xEA60,0xEA60,0xE240,0xFB80,0xFBC1,0xE220,0xF2A0,
    0xF2E0,0xB880,0xC940,0xD9C0,0xC0E0,0xB880,0xD180,0xE200,0xF2C0,0xEAA0,0xC920,0xD180,
    0xEA60,0xF2C0,0xEA60,0xF2E0,0xFC41,0xF300,0xD9C0,0xC100,0xD9E0,0xF2A0,0xEAA0,0xE200,
    0xF2E0,0xFB20,0xD180,0xE220,0xF2C0,0xE220,0xC940,0xD1A0,0xE240,0xFB40,0xFB60,0xEAA0,
    0xFB60,0xFBA0,0xFC61,0xFB40,0xFB20,0xFBA0,0xFB80,0xFB80,0xFBA0,0xFB80,0xFBA0,0xFC01,
    0xFCC5,0xFD8B,0xFC44,0xF2C0,0xFC21,0xFC42,0xEA60,0xF2A0,0xFBC0,0xFC40,0xFBE0,0xEA80,
    0xD1A0,0xC920,0xC0C0,0xC940,0xD9C0,0xC0E0,0xC0E0,0xC900,0xD180,0xE200,0xD180,0xD9A0,
    0xD180,0xFB40,0xFB40,0xEA60,0xEA60,0xEA80,0xF2E0,0xFBA0,0xFBA0,0xFB80,0xFBA0,0xFC83,
    0xFCE6,0xFD49,0xFD08,0xFCA3,0xFDCE,0xFDCE,0xFDCE,0xFD07,0xFB60,0xEA60,0xE260,0xD180,
    0xC900,0xC940,0xC920,0xC100,0xC920,0xD160,0xD180,0xE240,0xFB00,0xE220,0xC920,0xB8A0,
    0xB860,0xB040,0xC920,0xE200,0xEA60,0xF2A0,0xE220,0xE200,0xEAA0,0xC900,0xA800,0xB060,
    0xB040,0xB020,0x9800,0xA820,0xC920,0xD160,0xD180,0xC900,0xB040,0xD9A0,0xF2A0,0xD9C0,
    0xC0E0,0xC900,0xE240,0xD180,0xC0E0,0xE200,0xD1A0,0xC0E0,0xD160,0xE220,0xF2A0,0xD9E0,
    0xC920,0xB020,0xA800,0xC900,0xC920,0xB040,0xC0C0,0xD160,0xC920,0xA800,0xB880,0xB020,
    0xB020,0xA800,0xC920,0xB060,0xC920,0xD9E0,0xD160,0xD1A0,0xC940,0xD9C0,0xD180,0xD160,
    0xD160,0xD9C0,0xD9C0,0xC0E0,0xEA80,0xC960,0xC920,0xD9E0,0xC100,0xC940,0xD9A0,0xD9E0,
    0xD9C0,0xE220,0xEA60,0xEAC0,0xFB80,0xFB20,0xFBE1,0xFC42,0xF300,0xF2E0,0xFBE1,0xFC84,
    0xFDAC,0xFF18,0xFEF7,0xFD6A,0xFC20,0xFB80,0xFB60,0xFB00,0xFBA0,0xFBA0,0xFB80,0xFBA0,
    0xFB80,0xFB40,0xFBC0,0xFBA0,0xFBE0,0xFC82,0xFB80,0xFB20,0xFBA0,0xFB40,0xFB60,0xFC41,
    0xFC41,0xFC41,0xFCA4,0xFD07,0xFCA4,0xFD28,0xFD29,0xFCA4,0xFC42,0xFC62,0xFC00,0xFBA0,
    0xFB40,0xEA80,0xFB40,0xFB80,0xE200,0xC100,0xC0A0,0xC0C0,0xC900,0xD160,0xDA00,0xE240,
    0xD9E0,0xEA60,0xEAA0,0xE220,0xF2C0,0xC900,0xC100,0xC920,0xC0C0,0xE240,0xFB60,0xC940,
    0xA800,0xB060,0xD160,0xE220,0xD9E0,0xD9C0,0xB8A0,0xB040,0xB880,0xB020,0xB020,0xA800,
    0xA800,0xA000,0xC940,0xD180,0xD180,0xC920,0xB020,0xA000,0xC0E0,0xEA80,0xD160,0xB860,
    0xD160,0xEAA0,0xF2E0,0xDA00,0xD180,0xE240,0xDA00,0xC0E0,0xD9C0,0xD9C0,0xC900,0xC900,
    0xB880,0xC0C0,0xD140,0xD9E0,0xE220,0xEAA0,0xFBC0,0xFBA0,0xEA60,0xB8A0,0xA800,0xC8E0,
    0xF2E0,0xEAC0,0xC0E0,0xB880,0xC0E0,0xC940,0xD9E0,0xE240,0xC940,0xA000,0x9800,0xC920,
    0xD9C0,0xB860,0xA800,0xB020,0xB880,0xC940,0xD9C0,0xEA60,0xD1A0,0xE200,0xE220,0xEA80,
    0xEA60,0xF2A0,0xE240,0xC0E0,0xC940,0xD160,0xF2C0,0xEAA0,0xD9C0,0xE240,0xFB20,0xEA80,
    0xF2E0,0xEA60,0xD1A0,0xD9C0,0xFB20,0xFC20,0xF3A1,0xD180,0xE240,0xE220,0xEA40,0xEA80,
    0xD180,0xC940,0xD140,0xE200,0xF2E0,0xFBE0,0xFBC1,0xFCE6,0xFC41,0xFB00,0xFBA0,0xFBA0,
    0xFB40,0xFB80,0xFB40,0xFB00,0xEAA0,0xD9C0,0xD160,0xE200,0xEA80,0xE220,0xC100,0xC0A0,
    0xC0A0,0xB880,0xC0C0,0xB880,0xC0A0,0xC920,0xC940,0xEA60,0xEAA0,0xD9C0,0xD9E0,0xB880,
    0xA800,0xC920,0xC0E0,0xB000,0xA800,0xA820,0xB8A0,0xD160,0xC940,0xD9E0,0xE260,0xD180,
    0xE200,0xEA60,0xE240,0xE240,0xE240,0xF2A0,0xD9E0,0xC0E0,0xC0E0,0xE200,0xF2E0,0xE220,
    0xD9E0,0xD9E0,0xF2E0,0xEA80,0xDA00,0xC0E0,0xEA60,0xF300,0xEAA0,0xD9C0,0xD160,0xC0C0,
    0xD9A0,0xEA60,0xC940,0xB8A0,0xC920,0xC920,0xC0E0,0xC0E0,0xF2E0,0xFBC0,0xFB40,0xEAA0,
    0xEA60,0xD9E0,0xEA80,0xFB60,0xF2E0,0xFB20,0xFB60,0xFB60,0xFBA0,0xFBC0,0xFB60,0xEA60,
    0xEA60,0xDA00,0xD180,0xD9E0,0xEAA0,0xE220,0xEA60,0xEA80,0xFB00,0xD9E0,0xD160,0xEA60,
    0xFB40,0xEA60,0xDA00,0xE220,0xF2A0,0xFB40,0xE200,0xEAA0,0xD9C0,0xA800,0xD1A0,0xD9E0,
    0xB8A0,0xA800,0xB8A0,0xD140,0xD180,0xFB80,0xFBA0,0xEA80,0xFBA0,0xFB60,0xFB20,0xEA80,
    0xD180,0xF2A0,0xD9E0,0xEA60,0xE200,0xDA00,0xF2E0,0xEA60,0xFB00,0xF2E0,0xF2E0,0xFB20,
    0xF2E0,0xE220,0xD9E0,0xE220,0xC960,0xE220,0xEA60,0xD9C0,0xC920,0xC920,0xC0C0,0xB880,
    0xD1A0,0xE220,0xD9E0,0xD9A0,0xE200,0xE1E0,0xD160,0xE240,0xD180,0xB040,0xC900,0xC100,
    0xC0E0,0xB880,0xE240,0xE240,0xEAA0,0xFB40,0xC920,0xC900,0xE240,0xE240,0xD180,0xE240,
    0xFB60,0xEA60,0xE240,0xD180,0xE220,0xF2E0,0xF2C0,0xDA00,0xE220,0xEA40,0xD160,0xEA60,
    0xF2C0,0xD9E0,0xD160,0xD1A0,0xDA00,0xE240,0xEA80,0xEA60,0xFB20,0xFBA0,0xFB80,0xFB20,
    0xFB40,0xFB00,0xFB40,0xFB40,0xFB40,0xFB60,0xFB40,0xFC21,0xFC62,0xFC21,0xFB20,0xFB00,
    0xFBE0,0xFC42,0xFB20,0xFB20,0xFBE0,0xFC21,0xFBA0,0xF300,0xF2C0,0xE220,0xD9E0,0xEA60,
    0xE220,0xD9C0,0xD9C0,0xD160,0xEA60,0xEAA0,0xEAA0,0xEA80,0xD9C0,0xF2C0,0xFD48,0xFCE5,
    0xF2E0,0xFB20,0xFB20,0xFB60,0xFCA4,0xFCC5,0xFC22,0xFD28,0xFE51,0xFDEE,0xFDAC,0xFDAD,
    0xFEB4,0xFE10,0xFD4A,0xFD49,0xFBE1,0xFB20,0xE220,0xC920,0xC900,0xC900,0xC0E0,0xD9C0,
    0xC0E0,0xC0C0,0xD160,0xF2C0,0xFB00,0xD9C0,0xC920,0xB020,0xA000,0xA000,0xC0E0,0xE220,
    0xDA00,0xEA60,0xEA60,0xD9E0,0xF2C0,0xE240,0xD1A0,0xD9C0,0xC0E0,0xA000,0x9800,0xA000,
    0xC0E0,0xD180,0xD9E0,0xC920,0xB040,0xC920,0xF2C0,0xD160,0xB880,0xB8A0,0xD9E0,0xD9C0,
    0xB880,0xD160,0xEA60,0xD180,0xE200,0xD9E0,0xE220,0xC0E0,0xA820,0xA000,0xA800,0xB880,
    0xC100,0xC900,0xB880,0xE200,0xD9C0,0xB040,0xA820,0xB020,0xA820,0xA820,0xC940,0xB8A0,
    0xB8A0,0xD9E0,0xEA80,0xD9C0,0xD9C0,0xD9A0,0xC920,0xD9A0,0xE220,0xD160,0xC0E0,0xD9C0,
    0xEA80,0xD160,0xEA60,0xE240,0xC940,0xC940,0xD160,0xD160,0xD9E0,0xEA80,0xEA40,0xEA60,
    0xFC22,0xFC41,0xFBA0,0xFB40,0xF2C0,0xF2C0,0xFBE0,0xFCC4,0xFE51,0xFF5A,0xFEF7,0xFD8B,
    0xFC41,0xFB80,0xFBE0,0xFC62,0xFC00,0xFBC0,0xFBC0,0xFBA0,0xFB80,0xFB80,0xFB60,0xFB00,
    0xF2E0,0xFB60,0xFB20,0xFB20,0xFB00,0xFB20,0xFB00,0xFB80,0xFC41,0xFC20,0xFBC0,0xFBA0,
    0xFC42,0xFCE6,0xFCC4,0xFBE0,0xFC41,0xFC21,0xFB80,0xFBE0,0xFB40,0xE240,0xEA80,0xF2E0,
    0xDA00,0xC0E0,0xA800,0xA800,0xC0C0,0xC940,0xE200,0xD9C0,0xD9E0,0xEA80,0xEA60,0xC0C0,
    0xC960,0xC940,0xD9A0,0xD9E0,0xC920,0xE260,0xFBC1,0xD160,0xB040,0xB8A0,0xD160,0xD160,
    0xD9C0,0xE200,0xC900,0xB040,0xB860,0xC0E0,0xC0E0,0xA800,0xB880,0xB060,0xA800,0xB8A0,
    0xC940,0xC940,0xB020,0xA820,0xC940,0xF2A0,0xE240,0xD160,0xD160,0xF2E0,0xFB20,0xEA60,
    0xE240,0xFB20,0xEAA0,0xB060,0xC0E0,0xD180,0xD9C0,0xC900,0xB040,0xB860,0xC920,0xC940,
    0xC0E0,0xD180,0xEA80,0xFBC0,0xF300,0xD140,0xA000,0xA840,0xC920,0xC0C0,0xB860,0xB020,
    0xB880,0xB040,0xC920,0xD1A0,0xB860,0xA000,0xB040,0xD140,0xD1A0,0xC100,0xA820,0xB040,
    0xC0E0,0xD160,0xD9C0,0xD9C0,0xC0E0,0xC920,0xD160,0xE220,0xF2E0,0xFB60,0xE240,0xC100,
    0xC920,0xC940,0xF2C0,0xE220,0xC920,0xEAA0,0xFBA0,0xFB40,0xFBA0,0xF320,0xD180,0xD1A0,
    0xE220,0xEAC0,0xFBC0,0xF2C0,0xD9A0,0xD1A0,0xD160,0xD9A0,0xE200,0xD9E0,0xD1A0,0xF2C0,
    0xFB80,0xFCA3,0xFD28,0xFCC5,0xFBA1,0xEAA0,0xF300,0xFBC0,0xF2E0,0xF300,0xFB20,0xFB60,
    0xFB20,0xF2C0,0xEA60,0xEA60,0xE260,0xD1A0,0xD140,0xC900,0xB880,0xB020,0xB020,0xB040,
    0xC0E0,0xE220,0xD9C0,0xE200,0xF2E0,0xE240,0xD9C0,0xC0C0,0xB860,0xC940,0xB8A0,0xB040,
    0xC0C0,0xC0E0,0xC0C0,0xC100,0xD1A0,0xD9E0,0xEA60,0xEA60,0xEA60,0xEA60,0xEA80,0xF2E0,
    0xF2E0,0xFB20,0xE240,0xB8A0,0xB020,0xC940,0xFB00,0xEAA0,0xF2A0,0xEA60,0xD9A0,0xD9E0,
    0xD9A0,0xC920,0xEA80,0xFB40,0xD9A0,0xD180,0xE240,0xC940,0xC0E0,0xD9C0,0xD180,0xD160,
    0xC100,0xC940,0xB880,0xC0A0,0xEA80,0xF2C0,0xF300,0xFB20,0xF2A0,0xD180,0xD9C0,0xF300,
    0xFB40,0xFB60,0xFB40,0xF2A0,0xFB00,0xFB60,0xFB00,0xD9E0,0xB8A0,0xB8A0,0xD9E0,0xF2A0,
    0xF2C0,0xEA60,0xEA60,0xE220,0xE220,0xE220,0xD9E0,0xE220,0xF2A0,0xF2C0,0xF2C0,0xEA60,
    0xF2C0,0xFBA0,0xF2A0,0xFB00,0xEA60,0xA800,0xC0E0,0xD9C0,0xC100,0xA800,0xB040,0xC0C0,
    0xC900,0xE200,0xF2C0,0xD9C0,0xD180,0xE240,0xEAA0,0xC920,0xC920,0xD1A0,0xEAA0,0xEA80,
    0xD9E0,0xD160,0xEA80,0xFB80,0xF2E0,0xEA60,0xE240,0xFB40,0xFB20,0xE220,0xD9E0,0xD180,
    0xC0E0,0xD9C0,0xE220,0xEA60,0xD9A0,0xC0E0,0xD140,0xC940,0xD180,0xE220,0xD9E0,0xD180,
    0xC900,0xC920,0xC0E0,0xC920,0xC920,0xB8A0,0xA800,0xA820,0xB860,0xD9A0,0xEA80,0xEA80,
    0xD9C0,0xF2A0,0xEA60,0xC940,0xE240,0xDA00,0xD180,0xD9C0,0xEA80,0xDA00,0xD180,0xD160,
    0xEA80,0xFB00,0xF2C0,0xE240,0xF300,0xF2E0,0xD160,0xF300,0xFB80,0xD160,0xC0E0,0xE220,
    0xEA60,0xD180,0xD9E0,0xDA00,0xF2A0,0xF2C0,0xEA80,0xFB20,0xFB40,0xEA60,0xF2C0,0xF2E0,
    0xFB20,0xF2E0,0xEA80,0xF2E0,0xFB60,0xFBC0,0xFB00,0xFB20,0xFB20,0xFC20,0xFB80,0xFB60,
    0xFBA0,0xFBC0,0xFB00,0xF2C0,0xFB40,0xFB60,0xFB00,0xF2C0,0xD9E0,0xC920,0xD9E0,0xD9E0,
    0xF2A0,0xFB80,0xF2E0,0xE240,0xFB20,0xFBA0,0xFC03,0xF342,0xEAA0,0xF300,0xFB40,0xFB40,
    0xFBE0,0xFC83,0xFD6A,0xFE72,0xFF7B,0xFF5A,0xFF5A,0xFE52,0xFEB5,0xFE93,0xFD29,0xFD07,
    0xFD49,0xFC83,0xFB20,0xD9C0,0xC920,0xC100,0xC940,0xD1A0,0xC900,0xB860,0xC0C0,0xE200,
    0xEA60,0xD9C0,0xC900,0xB020,0xA800,0x9800,0xA000,0xD9A0,0xD9C0,0xD9E0,0xD9E0,0xD1A0,
    0xEA80,0xEAA0,0xF2E0,0xEA60,0xC940,0xB040,0xA000,0xA840,0xB8A0,0xB8A0,0xC920,0xD160,
    0xB880,0xC900,0xE200,0xC0E0,0xA800,0xA800,0xC0C0,0xC0E0,0xC900,0xD160,0xD9E0,0xDA00,
    0xE240,0xD9E0,0xE200,0xB020,0xA000,0xA820,0xB860,0xB880,0xD160,0xD180,0xA800,0xC100,
    0xC900,0xA800,0xA820,0xB060,0xB020,0xA820,0xB8A0,0xC0C0,0xB020,0xE260,0xF2E0,0xC920,
    0xD180,0xB880,0xC0C0,0xE220,0xFB20,0xE200,0xC0C0,0xEAC0,0xFB40,0xD180,0xEAA0,0xE220,
    0xD9A0,0xD160,0xE220,0xD180,0xEA60,0xFB40,0xFB40,0xFB00,0xFB82,0xFCA4,0xFCE6,0xFC43,
    0xFB40,0xFB40,0xFC85,0xFEF7,0xFFDE,0xFEB4,0xFEB5,0xFE30,0xFC41,0xFC00,0xFC63,0xFD28,
    0xFC84,0xFC41,0xFC00,0xFC62,0xFC62,0xFBC0,0xF300,0xF2E0,0xF2E0,0xF2C0,0xF2A0,0xFB40,
    0xFB20,0xF2C0,0xF2A0,0xFB20,0xFBE0,0xFB80,0xF2E0,0xF2A0,0xF2C0,0xF320,0xF300,0xF2C0,
    0xFB80,0xFBA0,0xFB00,0xFBC0,0xFBA0,0xF2E0,0xF2E0,0xFB00,0xD9E0,0xC0C0,0xB880,0xC100,
    0xD9C0,0xE200,0xDA00,0xD1A0,0xB880,0xD1A0,0xEA60,0xC0E0,0xB060,0xB8A0,0xE200,0xF2A0,
    0xC960,0xD1A0,0xE220,0xD180,0xC0E0,0xC940,0xDA00,0xD9C0,0xF2A0,0xE260,0xD9E0,0xD180,
    0xEA80,0xDA00,0xC940,0xA820,0xB8A0,0xD9E0,0xC100,0xA800,0xB040,0xB860,0xB060,0xB020,
    0xD160,0xE220,0xEA80,0xE240,0xC940,0xE200,0xF2A0,0xF2C0,0xE220,0xE220,0xE220,0xB8A0,
    0xB8A0,0xEA40,0xD9E0,0xC920,0xC0C0,0xB8A0,0xD160,0xC900,0xB8A0,0xD180,0xD9C0,0xE220,
    0xFB00,0xD180,0xA000,0xA000,0xB880,0xB020,0xA000,0x9800,0xA000,0xA800,0xB060,0xB8A0,
    0xC0A0,0xB880,0xB8A0,0xC900,0xD160,0xD180,0xC0C0,0xC900,0xD9E0,0xD160,0xC960,0xC940,
    0xB8A0,0xC0C0,0xC100,0xE200,0xFBA0,0xF320,0xD9E0,0xC940,0xC940,0xD180,0xD1A0,0xC0E0,
    0xC100,0xE220,0xFB40,0xF2E0,0xFC01,0xFC41,0xEA40,0xD9C0,0xEA60,0xF2A0,0xFB80,0xFC00,
    0xEA80,0xD9E0,0xE200,0xD180,0xD9C0,0xEA80,0xD9E0,0xEA80,0xFC41,0xFC83,0xFC42,0xFBA0,
    0xFBC1,0xE240,0xE240,0xFBA0,0xEA40,0xEA60,0xF2A0,0xF2C0,0xF2E0,0xFB60,0xF300,0xE240,
    0xD9E0,0xD9C0,0xD1A0,0xC0E0,0xB8A0,0xB880,0xB040,0xB8A0,0xD9C0,0xE240,0xD9E0,0xD180,
    0xE220,0xE240,0xEAA0,0xEAA0,0xD180,0xC0C0,0xC100,0xC900,0xC900,0xC920,0xC0E0,0xB060,
    0xC0C0,0xC940,0xD9E0,0xF2C0,0xF2E0,0xEA60,0xEA80,0xEAA0,0xF2A0,0xF2E0,0xEAA0,0xC900,
    0xB040,0xD160,0xFB20,0xF2E0,0xE240,0xD9E0,0xC900,0xD9E0,0xE200,0xD9C0,0xEA80,0xF2E0,
    0xD180,0xC920,0xF2C0,0xD1A0,0xC0C0,0xC920,0xD180,0xE220,0xC0E0,0xC0E0,0xB8A0,0xC900,
    0xF2C0,0xF2E0,0xE220,0xF2C0,0xE240,0xC100,0xC920,0xE240,0xFB60,0xFB00,0xE240,0xC940,
    0xE240,0xEA60,0xD9C0,0xD160,0xB040,0xB8A0,0xD9A0,0xF2E0,0xF2C0,0xF2C0,0xE240,0xD160,
    0xD9C0,0xF2C0,0xEA60,0xD1A0,0xE200,0xFB20,0xFB60,0xEAA0,0xEA60,0xFBC0,0xFB20,0xF2E0,
    0xE220,0xB020,0xB060,0xE220,0xC940,0xB020,0xB860,0xB8A0,0xC0E0,0xC0E0,0xD1A0,0xDA00,
    0xC900,0xD160,0xE200,0xB8A0,0xC940,0xE200,0xF2E0,0xFB40,0xE240,0xD160,0xE220,0xFB20,
    0xE220,0xC0E0,0xC900,0xEA60,0xFB20,0xEA60,0xD180,0xB880,0xC0C0,0xD180,0xEA60,0xEAA0,
    0xD1A0,0xB880,0xD160,0xE260,0xE200,0xD9E0,0xD1C0,0xD180,0xC940,0xB880,0xB060,0xC0C0,
    0xB020,0xB020,0xB8A0,0xA000,0xB880,0xFB61,0xFC01,0xFB60,0xEAA0,0xF2C0,0xFBE1,0xF2C0,
    0xEA80,0xD180,0xD180,0xD180,0xD180,0xE220,0xE220,0xD9E0,0xE200,0xFB00,0xFB20,0xEA60,
    0xFB20,0xFB20,0xD9C0,0xE260,0xFB80,0xD180,0xC0E0,0xD1A0,0xE240,0xF2C0,0xF2A0,0xD9C0,
    0xD9E0,0xD160,0xD180,0xF2E0,0xFB20,0xEA60,0xF2E0,0xF2E0,0xEA80,0xEA60,0xE240,0xFB60,
    0xFB60,0xF2E0,0xF2C0,0xF300,0xF2E0,0xFBC0,0xFCA4,0xFC00,0xFC00,0xFC00,0xFB40,0xD9E0,
    0xEA60,0xF2C0,0xFB40,0xE200,0xC100,0xC900,0xE220,0xD160,0xC940,0xE220,0xF2C0,0xF300,
    0xFC63,0xFCA3,0xF2C0,0xD9C0,0xE220,0xF2C0,0xFB00,0xFB80,0xFBC0,0xFBE0,0xFCC5,0xFE0F,
    0xFE72,0xFE31,0xFE94,0xFE10,0xFE93,0xFDCE,0xFD4A,0xFC62,0xFC84,0xFD07,0xFBE0,0xF2C0,
    0xE220,0xE220,0xE240,0xD9C0,0xC900,0xB020,0xB880,0xC920,0xD140,0xC100,0xB880,0xB040,
    0xB020,0xA800,0xA000,0xB860,0xD160,0xD160,0xD180,0xE220,0xD180,0xC940,0xD9C0,0xD9C0,
    0xC0E0,0xC900,0xB060,0xA820,0xA800,0xA000,0xA000,0xC920,0xC100,0xB8A0,0xB8A0,0xB880,
    0xB020,0xB020,0xB020,0xA000,0xC0E0,0xD9A0,0xD9C0,0xE200,0xC940,0xC0C0,0xC100,0xA800,
    0xB040,0xC920,0xC900,0xC0C0,0xB8A0,0xB040,0xA820,0xB060,0xB8A0,0xB040,0xB8A0,0xC0E0,
    0xB880,0x9800,0xA800,0xB020,0xC0A0,0xEA60,0xEA60,0xC900,0xC0E0,0xA800,0xB060,0xEA60,
    0xFB80,0xDA00,0xC0A0,0xD9C0,0xE240,0xD160,0xD9C0,0xD9C0,0xEAA0,0xEA60,0xDA00,0xD9E0,
    0xF2A0,0xFBA0,0xFBC0,0xFB40,0xFAE0,0xFC63,0xFD6B,0xFCC6,0xFC00,0xFD08,0xFF9C,0xFFFF,
    0xFFBD,0xFED6,0xFFBD,0xFFBD,0xFCA4,0xFCE6,0xFE0F,0xFDCD,0xFCC5,0xFC61,0xFCE6,0xFE31,
    0xFDEF,0xFCE6,0xFC21,0xFB20,0xF2E0,0xFB00,0xEA80,0xEA60,0xFB00,0xE240,0xEA60,0xEA40,
    0xF2A0,0xE240,0xD9C0,0xD9A0,0xD9E0,0xD9C0,0xD9C0,0xF2C0,0xFB80,0xFB60,0xFB80,0xFBC0,
    0xFB80,0xFB80,0xFBA0,0xFB20,0xD1A0,0xC900,0xC0E0,0xD160,0xE240,0xD180,0xD160,0xD9E0,
    0xD180,0xD9E0,0xDA00,0xB860,0xC920,0xA800,0xD160,0xD9E0,0xC920,0xC100,0xEA60,0xD9E0,
    0xB8A0,0xC940,0xF2C0,0xF2C0,0xEA80,0xEA80,0xF2C0,0xEA40,0xFB40,0xFB20,0xD9C0,0xB8A0,
    0xB880,0xD9E0,0xE240,0xC920,0xA800,0xB020,0xB060,0xA800,0xB880,0xD160,0xDA00,0xD9E0,
    0xB880,0xC0E0,0xF2C0,0xEAA0,0xD9C0,0xD9C0,0xD180,0xD180,0xC940,0xEA60,0xD1A0,0xC940,
    0xC920,0xC920,0xE240,0xD9C0,0xC0E0,0xD9C0,0xD180,0xC940,0xD9C0,0xB080,0xA840,0xB860,
    0xA000,0xB880,0xA820,0x9800,0xB8A0,0xB8A0,0x9800,0xA800,0xB860,0xB040,0xB060,0xD9C0,
    0xC940,0xC920,0xC0E0,0xC940,0xEA40,0xD9E0,0xD180,0xC0E0,0xC0E0,0xC920,0xD180,0xE220,
    0xFBE0,0xEA80,0xC900,0xD160,0xD160,0xD160,0xD160,0xC0C0,0xD180,0xEAA0,0xF2E0,0xEA40,
    0xFB60,0xFC20,0xFB20,0xEA60,0xEA80,0xFB40,0xFC62,0xFC01,0xFB40,0xFB20,0xF2C0,0xD9E0,
    0xE240,0xE240,0xD9E0,0xEA60,0xFB60,0xFC20,0xFC21,0xFB80,0xFC63,0xF2E0,0xEA60,0xFBA0,
    0xD9E0,0xE260,0xF300,0xFB00,0xFB80,0xFC00,0xF300,0xD9E0,0xD9E0,0xE200,0xD9E0,0xD160,
    0xC0E0,0xB8A0,0xC0E0,0xC940,0xD9E0,0xE220,0xEA80,0xC940,0xD180,0xEA80,0xF2E0,0xFB40,
    0xEA80,0xC0E0,0xD180,0xC920,0xC0A0,0xC940,0xC100,0xB040,0xA800,0xB040,0xD160,0xE240,
    0xEA60,0xD9E0,0xD9E0,0xE220,0xE200,0xF2C0,0xEA80,0xC940,0xB860,0xC900,0xF2A0,0xFB00,
    0xDA00,0xD9C0,0xD9E0,0xEAA0,0xF2E0,0xD9E0,0xFB20,0xD1A0,0xC940,0xC920,0xF2E0,0xE220,
    0xC900,0xB8A0,0xC920,0xEA60,0xD160,0xB040,0xB020,0xC0C0,0xD9E0,0xFB40,0xD9C0,0xE240,
    0xEA80,0xD160,0xC0A0,0xEAC0,0xFB80,0xD9C0,0xC0C0,0xC0C0,0xD180,0xD1A0,0xD140,0xB880,
    0xC0E0,0xD9C0,0xEA40,0xFB00,0xF300,0xF2C0,0xEA60,0xC920,0xD1A0,0xF2C0,0xEA60,0xC960,
    0xD9C0,0xE240,0xF300,0xF2C0,0xEA60,0xFB40,0xFB20,0xF2C0,0xD1A0,0xB860,0xC920,0xDA00,
    0xE220,0xC0C0,0xB040,0xC0C0,0xC920,0xB880,0xB8A0,0xE200,0xB8A0,0xC920,0xD9E0,0xC920,
    0xE240,0xFBA0,0xF2C0,0xFB60,0xE200,0xD160,0xD9C0,0xE200,0xC0E0,0xB040,0xC0E0,0xD1A0,
    0xD180,0xD160,0xC0E0,0xC0E0,0xD180,0xE220,0xD9C0,0xE220,0xD9E0,0xC0E0,0xD180,0xEA60,
    0xE220,0xD9C0,0xD180,0xC900,0xD180,0xB060,0xA800,0xC920,0xB880,0xB040,0xB040,0xB020,
    0xC0C0,0xEAA0,0xFCE4,0xF300,0xD9C0,0xE240,0xFBA1,0xFC00,0xF2E0,0xC920,0xC100,0xE200,
    0xE200,0xD180,0xE240,0xFB40,0xFB20,0xFB40,0xFB20,0xE240,0xE200,0xE200,0xE240,0xE200,
    0xEA60,0xD180,0xC920,0xC0E0,0xC920,0xD9E0,0xE220,0xD180,0xC940,0xC960,0xD9C0,0xEA60,
    0xEAA0,0xE240,0xE220,0xEA80,0xDA00,0xE240,0xEA80,0xFC02,0xFC01,0xF2A0,0xEA40,0xF2C0,
    0xFB00,0xFB40,0xFD6A,0xFD27,0xFC20,0xFC61,0xFB40,0xEA60,0xD1C0,0xD9C0,0xF2A0,0xD1A0,
    0xC900,0xE200,0xE220,0xC0E0,0xB8A0,0xC920,0xE220,0xF2E0,0xFC01,0xFBE2,0xF2E0,0xFB40,
    0xF2C0,0xFBA0,0xFCC5,0xFC83,0xFC21,0xFDAC,0xFF18,0xFFDE,0xFE94,0xFD08,0xFF38,0xFE73,
    0xFE52,0xFE31,0xFE52,0xFD49,0xFBA0,0xFCC5,0xFC22,0xFB80,0xFB00,0xF2A0,0xEAA0,0xD9E0,
    0xC0C0,0xA800,0xA800,0xC0C0,0xC100,0xB040,0xA800,0xA820,0xB880,0xB860,0xA000,0xB880,
    0xD160,0xD9C0,0xE220,0xF2C0,0xD9E0,0xB060,0xC940,0xC920,0xB8A0,0xD180,0xC0C0,0xD160,
    0xB860,0xA000,0x9800,0xC0E0,0xC0E0,0xC900,0xC100,0xB8A0,0xB840,0xB040,0xB880,0xB020,
    0xA800,0xC0C0,0xC940,0xC100,0xB040,0xA800,0xA800,0xA800,0xC900,0xD180,0xC0E0,0xB8A0,
    0xA800,0xB020,0xB860,0xB020,0xA820,0xA800,0xB8A0,0xC900,0xB060,0xA000,0xA800,0xA800,
    0xC0C0,0xD9E0,0xD180,0xC0E0,0xB080,0xA800,0xB020,0xD9C0,0xF300,0xDA00,0xB8A0,0xC920,
    0xD160,0xC920,0xD9C0,0xEA40,0xFB00,0xD9C0,0xC940,0xDA00,0xEA80,0xFB20,0xFB40,0xF2C0,
    0xF300,0xFBC0,0xFD6A,0xFD07,0xFBC0,0xFE0F,0xFF9C,0xFFFF,0xFFFF,0xFFBD,0xFFFF,0xFFFF,
    0xFDCE,0xFD07,0xFF59,0xFDEF,0xFD6A,0xFCA4,0xFE0F,0xFE73,0xFE72,0xFD8C,0xFBE0,0xFB80,
    0xFBA0,0xFB60,0xF2E0,0xEA80,0xEAA0,0xE220,0xD1A0,0xD9C0,0xE240,0xD9E0,0xC940,0xD160,
    0xD180,0xD9E0,0xD9A0,0xF2C0,0xFB20,0xFB60,0xFBE0,0xFBA0,0xFB00,0xFBC0,0xFBE0,0xF2E0,
    0xE220,0xD180,0xC0E0,0xC940,0xE220,0xD9C0,0xE200,0xEA80,0xFB60,0xE220,0xE220,0xD160,
    0xD160,0xC100,0xC0E0,0xC900,0xC940,0xB8A0,0xD9E0,0xEA60,0xB8C0,0xB880,0xD9E0,0xF2E0,
    0xF2C0,0xEA80,0xEA60,0xEA60,0xFB00,0xF2A0,0xC920,0xB8A0,0xB8A0,0xD1A0,0xEA60,0xE220,
    0xB020,0xB860,0xB8A0,0xB040,0xB880,0xC920,0xD160,0xD9E0,0xD1A0,0xD9C0,0xFB20,0xF2E0,
    0xEAA0,0xD9E0,0xF300,0xFB40,0xF2E0,0xE220,0xC920,0xB8A0,0xC0C0,0xB8C0,0xD9E0,0xE240,
    0xD9E0,0xE240,0xE240,0xD9C0,0xC920,0xA000,0x9800,0xB8A0,0xC0C0,0xD160,0xC0C0,0xB060,
    0xC920,0xC100,0xA820,0xA000,0xA800,0xB020,0xB040,0xD160,0xC920,0xA820,0xA820,0xD160,
    0xE200,0xE200,0xD180,0xC0E0,0xB060,0xD9A0,0xEA60,0xE260,0xFBA0,0xEAA0,0xC900,0xD160,
    0xD180,0xD9C0,0xD9E0,0xC0E0,0xD1A0,0xFBE1,0xFB40,0xEAA0,0xF300,0xFBE0,0xFB60,0xF2E0,
    0xEA80,0xF2E0,0xFC01,0xFB40,0xFB00,0xFBA0,0xFC21,0xFB40,0xF2C0,0xE220,0xD1A0,0xEA80,
    0xF300,0xFBE0,0xFC21,0xFC00,0xFD08,0xFC83,0xFB20,0xE200,0xD180,0xD9E0,0xFB40,0xFC00,
    0xFB40,0xF2E0,0xE200,0xD9C0,0xFBA0,0xFC02,0xEAE1,0xD9C0,0xC900,0xC0E0,0xD1A0,0xD9C0,
    0xD9C0,0xEA60,0xFB00,0xDA00,0xE240,0xFB60,0xEA80,0xF2A0,0xEA80,0xC0E0,0xD1A0,0xD9E0,
    0xC0E0,0xC100,0xC900,0xC0C0,0xB8A0,0xB040,0xC100,0xD180,0xD9C0,0xD1A0,0xC960,0xD9E0,
    0xD160,0xE220,0xE220,0xDA00,0xD160,0xB8A0,0xD160,0xE220,0xF2E0,0xEA60,0xF2E0,0xFB60,
    0xF2E0,0xE220,0xD9C0,0xC960,0xD9E0,0xC900,0xE240,0xD9E0,0xD160,0xC940,0xC900,0xEA60,
    0xD9C0,0xB020,0xA000,0xB8A0,0xD1A0,0xEA60,0xEAA0,0xD180,0xE240,0xEA80,0xD9C0,0xEAA0,
    0xEA60,0xD140,0xB880,0xD9E0,0xE200,0xC900,0xB8A0,0xB8A0,0xC100,0xE200,0xFB20,0xFB00,
    0xF2C0,0xF2C0,0xF2C0,0xE220,0xD160,0xEA80,0xE200,0xC0E0,0xC100,0xD160,0xEA80,0xFB20,
    0xFB20,0xF2C0,0xE240,0xE200,0xD160,0xC0C0,0xD180,0xEA40,0xFB00,0xD160,0xB040,0xC920,
    0xEA80,0xC0A0,0xA820,0xF2C0,0xC960,0xC100,0xF300,0xEA80,0xEA80,0xF320,0xF300,0xF300,
    0xF320,0xE220,0xC920,0xEA60,0xD1A0,0xC940,0xC940,0xC900,0xB8A0,0xD160,0xD1A0,0xD160,
    0xE220,0xE200,0xD9A0,0xE200,0xEA60,0xD9A0,0xD160,0xE220,0xD9C0,0xC920,0xC0E0,0xD140,
    0xC940,0xB8A0,0xA820,0xB8C0,0xC0C0,0xC0C0,0xB880,0xC0A0,0xC0C0,0xD140,0xF300,0xFC01,
    0xE200,0xD160,0xD9E0,0xFBA0,0xEAA0,0xD160,0xC100,0xEAA0,0xFB40,0xD180,0xE220,0xEAC0,
    0xFB40,0xFBA0,0xFB80,0xE240,0xD1A0,0xC940,0xD9A0,0xE200,0xE240,0xC940,0xC0E0,0xC0A0,
    0xC0A0,0xC900,0xC920,0xD160,0xD1A0,0xD180,0xD1A0,0xE240,0xEA60,0xDA00,0xD9C0,0xD9E0,
    0xDA00,0xEA80,0xEA60,0xFBE2,0xFC42,0xF2E0,0xF2C0,0xFB80,0xFAE0,0xFAE0,0xFCA5,0xFDCE,
    0xFC62,0xFC00,0xFB40,0xFB00,0xEA80,0xE200,0xE220,0xD1A0,0xE220,0xEA80,0xEA60,0xDA00,
    0xC900,0xC940,0xE200,0xE240,0xFB20,0xFBC0,0xFB80,0xFB20,0xFBE2,0xFC82,0xFCE6,0xFCE7,
    0xFD6A,0xFF18,0xFF9C,0xFFFF,0xFF5A,0xFEF6,0xFFFF,0xFF9C,0xFF18,0xFE30,0xFF9C,0xFED6,
    0xFCE6,0xFCA4,0xFBC0,0xFC00,0xFBE0,0xF2C0,0xE240,0xD160,0xB8A0,0xB8A0,0xB040,0xC0E0,
    0xC920,0xA820,0x9800,0xB060,0xC900,0xD180,0xB8A0,0xD160,0xE240,0xDA00,0xF300,0xFB20,
    0xE220,0xB860,0xB880,0xC100,0xC0E0,0xC940,0xB880,0xC100,0xB040,0x9000,0x9000,0xC900,
    0xA840,0xA820,0xB040,0xB020,0xA800,0xB020,0xB060,0xB880,0xC0C0,0xC0E0,0xC100,0xB8A0,
    0xC0E0,0xB020,0xA800,0xA820,0xC900,0xE200,0xE220,0xB880,0x9800,0xB8A0,0xC0E0,0xB020,
    0xA000,0x9800,0xB040,0xC0E0,0xC0A0,0xA800,0xA800,0xA000,0xC0C0,0xE220,0xC0E0,0xB060,
    0xB8C0,0xA000,0xC940,0xC920,0xD1A0,0xD160,0xC920,0xB880,0xB060,0xC0E0,0xD9A0,0xE220,
    0xD1A0,0xC100,0xC900,0xD9E0,0xF2A0,0xF2A0,0xEA80,0xEA80,0xF2E0,0xFAE0,0xFBE3,0xFDAC,
    0xFCA4,0xFE52,0xFF18,0xFF7B,0xFFDE,0xFFBD,0xFFDE,0xFFBD,0xFE73,0xFCA4,0xFE0F,0xFEF7,
    0xFE93,0xFD8B,0xFC62,0xFC62,0xFCE6,0xFCA3,0xFBC0,0xFBA0,0xFBE0,0xFBA0,0xFB40,0xEAA0,
    0xE240,0xF2C0,0xEA60,0xD9E0,0xD1A0,0xD1A0,0xD160,0xD160,0xD180,0xD9A0,0xD180,0xE200,
    0xEA80,0xF2E0,0xFBA0,0xFB40,0xEA80,0xFB20,0xFB60,0xFB40,0xF2E0,0xD9E0,0xC920,0xC940,
    0xE240,0xE220,0xEA80,0xF2E0,0xEA80,0xC940,0xD160,0xD9E0,0xE220,0xD180,0xD160,0xD9C0,
    0xD9E0,0xC0C0,0xC920,0xE200,0xC920,0xC0E0,0xC0E0,0xC920,0xEA60,0xEAA0,0xD9E0,0xEA60,
    0xF2C0,0xD9E0,0xD160,0xC100,0xD160,0xD180,0xD9A0,0xD9E0,0xB880,0xA000,0xD160,0xC940,
    0xC940,0xC920,0xC0E0,0xE220,0xEA80,0xE200,0xEA80,0xF2C0,0xEA80,0xC940,0xEAA0,0xFB80,
    0xFB80,0xF2E0,0xD9C0,0xB880,0xC0C0,0xB8A0,0xD1A0,0xEA80,0xD9E0,0xD9A0,0xE220,0xE240,
    0xD180,0xA820,0x9800,0xA000,0xC920,0xE240,0xC900,0xB060,0xD1A0,0xD1A0,0xC0A0,0xA800,
    0xA820,0xA820,0xB860,0xD9E0,0xD140,0xA800,0x9800,0xC920,0xD160,0xD9E0,0xD160,0xB8A0,
    0xB060,0xC940,0xE220,0xF2A0,0xF2E0,0xC920,0xD160,0xD9C0,0xD180,0xE220,0xF2A0,0xC920,
    0xD1A0,0xFBC1,0xFB80,0xF2E0,0xF2E0,0xFC41,0xFB60,0xF2E0,0xF300,0xFB40,0xFB80,0xFB20,
    0xFB20,0xFB80,0xFB40,0xFB00,0xF2E0,0xE240,0xD9E0,0xEA80,0xF2E0,0xFB20,0xF300,0xFBA1,
    0xFD49,0xFC63,0xFB20,0xDA00,0xD9E0,0xD9C0,0xEAC0,0xFBC0,0xEA60,0xC940,0xD160,0xD9A0,
    0xEAA0,0xFC84,0xF382,0xD9A0,0xD1A0,0xD160,0xD9E0,0xE240,0xE220,0xE200,0xE200,0xD9A0,
    0xF2C0,0xF300,0xD9E0,0xE220,0xF2A0,0xD9A0,0xE220,0xEA60,0xD1A0,0xD160,0xD9C0,0xC960,
    0xC900,0xB860,0xB8A0,0xD1A0,0xD1A0,0xC940,0xD160,0xE260,0xE240,0xD9C0,0xC920,0xD9A0,
    0xD9E0,0xB8A0,0xC0C0,0xE200,0xFB00,0xF2A0,0xF2C0,0xFB80,0xFB20,0xF2A0,0xD180,0xB880,
    0xC940,0xC900,0xD9C0,0xD1A0,0xEA80,0xDA00,0xC0E0,0xD160,0xC920,0xC920,0xA840,0xA820,
    0xC0E0,0xC940,0xD160,0xC920,0xD180,0xE240,0xE240,0xD9E0,0xF2E0,0xDA00,0xC940,0xE200,
    0xEA80,0xD9C0,0xB040,0xB860,0xC0E0,0xD9C0,0xF2E0,0xFB20,0xF2C0,0xEAA0,0xF2C0,0xEA40,
    0xD180,0xE200,0xD160,0xB020,0xC0E0,0xE200,0xF2C0,0xF2E0,0xF2C0,0xFB40,0xE220,0xD180,
    0xD1A0,0xC0C0,0xC0E0,0xEA80,0xFBE0,0xE200,0xB880,0xDA20,0xFC01,0xC0E0,0xA800,0xFBA0,
    0xEAA0,0xC8E0,0xFBE0,0xFBE0,0xFB20,0xEA60,0xEA40,0xFB60,0xFC42,0xD9E0,0xB8A0,0xE240,
    0xF300,0xEA40,0xC920,0xC900,0xC0E0,0xEA60,0xEA60,0xE220,0xD160,0xC940,0xEA60,0xDA00,
    0xE200,0xE220,0xC940,0xD1A0,0xD140,0xB880,0xB860,0xC920,0xB880,0xB060,0xB020,0xA000,
    0xA000,0xB880,0xD9E0,0xC0E0,0xB020,0xB880,0xE240,0xFD28,0xF341,0xEA80,0xE200,0xF2C0,
    0xEAA0,0xD160,0xD9E0,0xF320,0xFB80,0xDA00,0xEA60,0xF2E0,0xF2C0,0xFBE0,0xFBC0,0xF2A0,
    0xD9E0,0xD9E0,0xD9C0,0xE240,0xD9E0,0xC100,0xC920,0xEAA0,0xE220,0xD160,0xD1A0,0xC100,
    0xC920,0xD160,0xC960,0xD180,0xEA80,0xF2C0,0xEA60,0xE240,0xEA80,0xF2A0,0xEAA0,0xFB20,
    0xFB20,0xFB80,0xFC01,0xFDAC,0xFC25,0xFB20,0xFC84,0xFDAC,0xFCE6,0xFBE0,0xFBA0,0xFBE0,
    0xFB40,0xEA80,0xE240,0xD180,0xEA60,0xFB20,0xFB20,0xF2E0,0xD9E0,0xC920,0xE240,0xEA40,
    0xF320,0xFC21,0xFB40,0xFAE0,0xFC22,0xFC41,0xFCA4,0xFDEE,0xFE52,0xFE73,0xFE73,0xFF5A,
    0xFED5,0xFFBD,0xFFFF,0xFF39,0xFF5A,0xFFDE,0xFFFF,0xFFFF,0xFDAD,0xFC41,0xFB60,0xFBC0,
    0xFBA0,0xE220,0xC940,0xC0C0,0xB040,0xF321,0xC940,0xC900,0xD180,0xB880,0xA000,0xA840,
    0xC0E0,0xC920,0xD180,0xEAC0,0xC100,0xD9C0,0xFB20,0xE220,0xC920,0xB040,0xA000,0xC0E0,
    0xC900,0xC0E0,0xB060,0xB040,0xA800,0x9000,0x9800,0xC0C0,0xB060,0xA000,0xA800,0xB880,
    0xB020,0xB040,0xC0C0,0xC0C0,0xC940,0xC920,0xD160,0xC0E0,0xB860,0xB880,0xB040,0xB860,
    0xB020,0xD9E0,0xEA60,0xC920,0xA820,0xB080,0xD160,0xC0E0,0xB040,0x9800,0xA000,0xC920,
    0xC100,0xA000,0xB020,0xB060,0xC0C0,0xE200,0xC0E0,0xB860,0xB880,0x9800,0xC960,0xEA60,
    0xD1A0,0xB880,0xB880,0xB8A0,0xB040,0xB040,0xC920,0xC920,0xC0C0,0xC920,0xD9A0,0xE220,
    0xEAA0,0xEA60,0xE220,0xE220,0xE220,0xEA80,0xF2A0,0xFD2B,0xFE0F,0xFE0F,0xFE72,0xFE52,
    0xFED5,0xFF5A,0xFFFF,0xFF5A,0xFE0F,0xFD28,0xFCE6,0xFF18,0xFED6,0xFDAD,0xFCC5,0xFCA4,
    0xFCA4,0xFCA4,0xFC20,0xFC00,0xFBA0,0xFBC0,0xFBE0,0xF2C0,0xE220,0xFB20,0xFB00,0xE240,
    0xD9E0,0xD1A0,0xD1A0,0xD1A0,0xD180,0xD180,0xC940,0xEA60,0xFB40,0xFB20,0xFBE0,0xFB20,
    0xD9E0,0xEA60,0xF2A0,0xF2C0,0xFB00,0xF2C0,0xE220,0xD9E0,0xD9E0,0xD180,0xE200,0xF2C0,
    0xEAA0,0xD160,0xB040,0xB880,0xC0E0,0xC0C0,0xD9E0,0xFB00,0xD9E0,0xC0C0,0xB8A0,0xEA60,
    0xEA60,0xC900,0xC900,0xB880,0xC920,0xE240,0xD9C0,0xEA40,0xD9C0,0xC0E0,0xD9C0,0xC900,
    0xD180,0xE200,0xC0E0,0xC920,0xC0E0,0xA000,0xB0A0,0xD9C0,0xD160,0xD180,0xC0C0,0xDA00,
    0xE240,0xD9E0,0xD9C0,0xE240,0xE240,0xD9E0,0xE240,0xF2A0,0xFB00,0xF2E0,0xE220,0xC940,
    0xC100,0xD1A0,0xDA00,0xD9C0,0xD180,0xC900,0xC920,0xE220,0xD160,0xA000,0x9800,0xA000,
    0xB040,0xC900,0xC940,0xB8A0,0xC960,0xEA80,0xC900,0xB040,0xA000,0xA000,0xB040,0xC920,
    0xB860,0xA800,0xA000,0xA820,0xC0C0,0xD9A0,0xD1A0,0xC0E0,0xC920,0xD160,0xE240,0xFB80,
    0xEA80,0xC0A0,0xC900,0xEA80,0xD180,0xD180,0xD9A0,0xC900,0xD1A0,0xD9E0,0xD9C0,0xDA00,
    0xF2A0,0xFBA0,0xF300,0xFB60,0xFC41,0xFC61,0xFBA0,0xFB40,0xFB60,0xFB40,0xF2A0,0xEA60,
    0xFB60,0xE200,0xD1A0,0xD9E0,0xE240,0xEA80,0xE240,0xF2A0,0xFCC5,0xFD8B,0xFBE2,0xEA60,
    0xE240,0xEA80,0xFBE2,0xFBC1,0xE200,0xC940,0xD9E0,0xD9E0,0xD9E0,0xD140,0xD140,0xC920,
    0xD160,0xC960,0xD9E0,0xF2E0,0xEA80,0xD1A0,0xC920,0xC920,0xE260,0xF300,0xDA00,0xDA00,
    0xF2A0,0xEA60,0xE220,0xF2C0,0xEA60,0xD9C0,0xE240,0xDA00,0xD9E0,0xC920,0xC0C0,0xC900,
    0xC100,0xC900,0xE240,0xEAA0,0xF2C0,0xEAA0,0xC0E0,0xB880,0xC0A0,0xC0C0,0xD160,0xFB00,
    0xFB40,0xF2E0,0xEA80,0xFB40,0xFB80,0xF300,0xEAA0,0xD160,0xC0C0,0xC100,0xC920,0xD9E0,
    0xEA60,0xD180,0xC900,0xC0E0,0xC0A0,0xEA80,0xC940,0xA820,0xB020,0xB8A0,0xA800,0xA800,
    0xD180,0xDA00,0xE240,0xEA60,0xF2E0,0xE240,0xD9E0,0xEA80,0xF2C0,0xE220,0xB060,0xC0E0,
    0xD160,0xD1C0,0xE240,0xF2E0,0xEA80,0xE220,0xEA80,0xEA80,0xD160,0xD9E0,0xD180,0xA820,
    0xC940,0xEA60,0xEA80,0xE200,0xE220,0xFB20,0xFB00,0xEA80,0xE240,0xC0E0,0xC940,0xEA60,
    0xFB20,0xE200,0xC0E0,0xE200,0xFBA0,0xC980,0xB040,0xF2E0,0xEA80,0xE240,0xFBC0,0xF300,
    0xFB60,0xF300,0xE200,0xE240,0xFC63,0xF301,0xB840,0xD180,0xEA80,0xEA40,0xD9C0,0xEA60,
    0xD9C0,0xF2A0,0xE200,0xD9E0,0xC0C0,0xB8A0,0xEA80,0xE220,0xC100,0xC960,0xD180,0xD160,
    0xC920,0xC0C0,0xC900,0xC100,0xC940,0xB880,0xA800,0xA820,0xA000,0xA820,0xC940,0xC920,
    0xB8A0,0xB040,0xD9C0,0xFC42,0xFBA1,0xEA40,0xEAA0,0xFBA0,0xFB40,0xE200,0xEAA0,0xF2C0,
    0xF2C0,0xD9A0,0xD180,0xEA80,0xF340,0xFC62,0xFBC0,0xFB20,0xF2E0,0xEA60,0xE240,0xEA80,
    0xD180,0xC100,0xD160,0xFC84,0xFC22,0xD980,0xE220,0xD180,0xC940,0xD160,0xC940,0xC940,
    0xE240,0xFB20,0xFB00,0xEAA0,0xEA80,0xEAA0,0xEA80,0xFAE0,0xFB40,0xFD07,0xFE51,0xFF7A,
    0xFE31,0xFB00,0xFC42,0xFE30,0xFE31,0xFD49,0xFD08,0xFCE5,0xFB80,0xF2E0,0xF2E0,0xD9E0,
    0xE240,0xFB20,0xFB60,0xFB40,0xEA80,0xD180,0xE240,0xF2C0,0xFB80,0xFCE6,0xFC23,0xFB20,
    0xFC63,0xFC83,0xFCE6,0xFDAC,0xFF18,0xFDAD,0xFDCE,0xFF9C,0xFE93,0xFF7B,0xFFFF,0xFF9C,
    0xFE30,0xFE31,0xFEB5,0xFE52,0xFE52,0xFC83,0xFB80,0xFB00,0xF2C0,0xD9E0,0xC0E0,0xC0E0,
    0xB8A0,0xD160,0xB8A0,0xC920,0xD180,0xC0C0,0xA800,0xA000,0xC0E0,0xC0C0,0xD160,0xF2C0,
    0xD1A0,0xD160,0xE220,0xC940,0xC0E0,0xA820,0x9800,0xA840,0xC0E0,0xB060,0xA820,0xB060,
    0xA020,0x9800,0x9000,0xB040,0xB8A0,0xA000,0xC900,0xB8A0,0xA820,0xA800,0xC0C0,0xC0C0,
    0xC0E0,0xC0E0,0xD9C0,0xC0E0,0xC0C0,0xC0E0,0xC940,0xC900,0xB8A0,0xC940,0xC940,0xB040,
    0xB020,0xC0C0,0xD180,0xC960,0xC0E0,0xB060,0xA000,0xC900,0xB080,0xA000,0xC0C0,0xB8A0,
    0xB880,0xF2A0,0xD1A0,0xB8A0,0xC0E0,0x9800,0xD180,0xFB20,0xD9E0,0xC940,0xC0C0,0xB020,
    0xB060,0xB060,0xB880,0xB8A0,0xC0E0,0xC900,0xD180,0xEA60,0xE220,0xD1A0,0xE200,0xF2A0,
    0xE200,0xE200,0xE220,0xFC46,0xFEB3,0xFD49,0xFDCD,0xFE10,0xFDCE,0xFE73,0xFE72,0xFEB5,
    0xFE10,0xFD29,0xFC84,0xFD08,0xFF39,0xFD8C,0xFCA4,0xFD28,0xFD4A,0xFD28,0xFC62,0xFBE0,
    0xFB60,0xFB20,0xFB60,0xFB40,0xEA60,0xEA80,0xFB20,0xE260,0xDA00,0xD9E0,0xE220,0xE220,
    0xD9C0,0xD1A0,0xC960,0xD9C0,0xFB80,0xFB80,0xFC00,0xFB60,0xEA80,0xF2A0,0xE220,0xDA00,
    0xF2C0,0xFB20,0xEAA0,0xD9E0,0xC900,0xB8A0,0xD160,0xE220,0xE220,0xD180,0xA800,0xA800,
    0xB880,0xC900,0xD9E0,0xF2C0,0xE200,0xC900,0xB040,0xE240,0xEA80,0xD160,0xEAA0,0xC940,
    0xB040,0xE240,0xD9E0,0xE200,0xC0E0,0xB040,0xD9E0,0xD9E0,0xE200,0xEA60,0xC0C0,0xC0E0,
    0xD160,0xB020,0xA000,0xC0E0,0xC920,0xC100,0xC920,0xD180,0xD9E0,0xE240,0xD1A0,0xD9E0,
    0xEA60,0xE220,0xF2E0,0xEA80,0xEA80,0xF2A0,0xF2C0,0xEA40,0xD9E0,0xEA60,0xEAA0,0xD9E0,
    0xC920,0xB860,0xC940,0xE220,0xD140,0xA800,0x9800,0xA800,0xA800,0xA800,0xB020,0xB020,
    0xD140,0xD180,0xC0E0,0xB020,0x9800,0xA000,0xA800,0xB040,0xB880,0xB880,0xA800,0xA000,
    0xA800,0xC0E0,0xEA60,0xD160,0xD9E0,0xE200,0xF2E0,0xFB80,0xEAA0,0xD9C0,0xD9C0,0xE200,
    0xD9C0,0xD180,0xC900,0xC100,0xC920,0xD180,0xD160,0xD1A0,0xEA80,0xEAA0,0xE200,0xF300,
    0xFB60,0xF300,0xF2C0,0xF2C0,0xFB60,0xFBA0,0xEAA0,0xE220,0xFB80,0xEA60,0xD180,0xD9C0,
    0xE200,0xE240,0xE220,0xF2A0,0xFBE3,0xFEF7,0xFD06,0xEAA0,0xC940,0xE220,0xFBE1,0xFC21,
    0xEA60,0xD9E0,0xD1A0,0xD160,0xC900,0xB020,0xB8A0,0xC920,0xC960,0xC920,0xD180,0xF320,
    0xFB60,0xD980,0xB040,0xB860,0xE200,0xFB20,0xE220,0xD9E0,0xEA80,0xFB40,0xF2A0,0xF2E0,
    0xF2E0,0xF2A0,0xF2C0,0xEA40,0xE200,0xD9E0,0xC940,0xC940,0xC920,0xC940,0xE240,0xEA80,
    0xEA60,0xD9E0,0xC920,0xB8A0,0xB040,0xC940,0xF2E0,0xFB60,0xFB20,0xFB40,0xF2E0,0xF2C0,
    0xFB40,0xFB60,0xFB40,0xF2A0,0xC940,0xB040,0xB040,0xC940,0xC920,0xB880,0xB020,0xC920,
    0xC0E0,0xD9A0,0xC940,0xA800,0xB040,0xC0C0,0xB040,0xB860,0xD9C0,0xE220,0xEA60,0xF2E0,
    0xEA80,0xDA00,0xEA60,0xFB20,0xE220,0xD9E0,0xD160,0xC900,0xE200,0xEAA0,0xD1A0,0xD160,
    0xD9E0,0xC900,0xD9E0,0xF2A0,0xE240,0xD9E0,0xD9C0,0xC940,0xC940,0xD9E0,0xD1A0,0xD180,
    0xC940,0xD9E0,0xFB00,0xFB40,0xFBA0,0xE260,0xD9E0,0xF2C0,0xF320,0xFB20,0xD180,0xD9E0,
    0xF320,0xD9C0,0xB880,0xD9E0,0xD180,0xEAC0,0xFB40,0xD9E0,0xF2C0,0xFBA0,0xFB20,0xD1A0,
    0xDA00,0xDA00,0xB020,0xD9A0,0xFB00,0xD180,0xEA80,0xFB60,0xEAA0,0xEAA0,0xF2C0,0xE240,
    0xD9C0,0xE220,0xD9E0,0xEA80,0xC0E0,0xC940,0xD9E0,0xD180,0xD9E0,0xD9C0,0xD9A0,0xD9C0,
    0xD9E0,0xC920,0xC0C0,0xB880,0xA800,0xB880,0xA800,0xC100,0xE220,0xD9E0,0xE260,0xFC82,
    0xFBA0,0xEA60,0xEA60,0xFC85,0xFCC5,0xF2A0,0xEA60,0xE220,0xF2C0,0xD9C0,0xC0A0,0xD180,
    0xF320,0xFBC0,0xFBA0,0xFB20,0xF2A0,0xEA80,0xF2C0,0xF2C0,0xD1A0,0xD160,0xD9C0,0xFCA6,
    0xFBC1,0xD9C0,0xEA60,0xD9C0,0xD160,0xD160,0xD180,0xD160,0xEA60,0xFB60,0xFBA0,0xF2E0,
    0xEA60,0xE240,0xF2C0,0xF2C0,0xFCA5,0xFDCD,0xFC05,0xFC25,0xFC86,0xF2C0,0xFB60,0xFD07,
    0xFE30,0xFE72,0xFD28,0xFBE1,0xF2E0,0xF2A0,0xF2E0,0xD9C0,0xE240,0xFB40,0xFB40,0xFB60,
    0xF2A0,0xD180,0xE200,0xEAA0,0xFC01,0xFCA4,0xFC42,0xFC21,0xFCE7,0xFD07,0xFD8B,0xFDAC,
    0xFF17,0xFF39,0xFE51,0xFF18,0xFF39,0xFFDF,0xFF9C,0xFE52,0xFE52,0xFE52,0xFDAC,0xFCA4,
    0xFE31,0xFD6A,0xFBC0,0xF2E0,0xEA80,0xF2C0,0xD160,0xC0E0,0xB880,0xB040,0xB8A0,0xC100,
    0xC100,0xB880,0xA000,0xA000,0xB040,0xC0A0,0xD160,0xE220,0xEA60,0xEA60,0xD9C0,0xD160,
    0xC0C0,0x9800,0xA000,0xB020,0xB880,0xB040,0xA000,0xA820,0xA000,0xA000,0xA000,0xA000,
    0xA000,0xB060,0xE200,0xC0E0,0xB060,0xB880,0xB040,0xA820,0xB080,0xB8A0,0xC0C0,0xD9C0,
    0xD180,0xD160,0xD160,0xC920,0xEAC0,0xF341,0xC960,0xB020,0xC0E0,0xC920,0xD9A0,0xD1A0,
    0xC920,0xC0E0,0xB020,0xC900,0xB880,0xA820,0xC920,0xC0E0,0xC0C0,0xD9E0,0xC920,0xD160,
    0xD1A0,0xA000,0xC940,0xE260,0xD9E0,0xE240,0xC940,0xA000,0xA000,0xA820,0xB040,0xB040,
    0xB040,0xB020,0xC960,0xEA60,0xE220,0xD1A0,0xE200,0xEAA0,0xE240,0xE200,0xEA80,0xF2C0,
    0xFB81,0xF2C0,0xFBA1,0xFCC5,0xFC41,0xFD6A,0xFD6B,0xFE94,0xFE52,0xFCE6,0xFDCD,0xFD8B,
    0xFDEE,0xFF5A,0xFE0F,0xFCC5,0xFCE6,0xFDAD,0xFD07,0xFC21,0xFBE0,0xFB60,0xFB20,0xFB20,
    0xF2E0,0xEA60,0xFB60,0xFB20,0xE220,0xE220,0xEAA0,0xEA80,0xE240,0xE220,0xD160,0xD180,
    0xF320,0xFBE0,0xFBA0,0xF2C0,0xF2C0,0xEA80,0xD9C0,0xD180,0xEA60,0xEAA0,0xE240,0xD1A0,
    0xB8A0,0xB060,0xD160,0xD9E0,0xE220,0xD180,0xC940,0xD9C0,0xD180,0xD180,0xD1A0,0xDA00,
    0xF2C0,0xE200,0xB8A0,0xD9E0,0xEA80,0xD1A0,0xF2E0,0xD9E0,0xB8A0,0xD9A0,0xD9A0,0xEA60,
    0xD9C0,0xB860,0xD9C0,0xEA60,0xEA60,0xC940,0xC0E0,0xD160,0xD180,0xB880,0xA800,0xA820,
    0xD9C0,0xC960,0xC920,0xC940,0xE240,0xFB00,0xE200,0xC960,0xD160,0xD9E0,0xE220,0xEA80,
    0xEA80,0xEA60,0xEAA0,0xEAA0,0xEAA0,0xF2A0,0xEA60,0xD9A0,0xD180,0xC0E0,0xEA60,0xEA80,
    0xE220,0xC0E0,0xA800,0xB020,0xA820,0xB060,0xB880,0xA800,0xB020,0xC0C0,0xB860,0xA800,
    0x9800,0xA800,0xB020,0xB060,0xC0C0,0xB060,0x9800,0xA800,0xB040,0xC0E0,0xE240,0xE200,
    0xE220,0xEAA0,0xFB20,0xFB20,0xF2C0,0xF2E0,0xF2E0,0xF300,0xEA80,0xEA60,0xC920,0xC920,
    0xC940,0xD1A0,0xE220,0xD180,0xD180,0xD1A0,0xD9C0,0xF300,0xEAA0,0xC940,0xD160,0xE200,
    0xFB40,0xFC00,0xF2E0,0xE200,0xF2C0,0xF2C0,0xD1A0,0xD160,0xD1A0,0xD9A0,0xDA00,0xFAE0,
    0xF300,0xFD69,0xFC02,0xE200,0xD180,0xE220,0xFB20,0xFCE4,0xFC04,0xEA40,0xD180,0xB060,
    0xA800,0xB860,0xC0E0,0xC940,0xD9C0,0xD160,0xD9E0,0xF2E0,0xEA80,0xD9C0,0xB880,0xB880,
    0xE220,0xE240,0xD160,0xC900,0xD160,0xF2A0,0xF2C0,0xF2C0,0xFB40,0xFB60,0xF2A0,0xD9E0,
    0xD9A0,0xE240,0xE220,0xD9A0,0xC920,0xC940,0xD9A0,0xD9E0,0xF320,0xE260,0xC0A0,0xC920,
    0xD160,0xD180,0xF2E0,0xF2E0,0xE220,0xF2C0,0xFB40,0xDA00,0xD9A0,0xEA80,0xEA40,0xDA00,
    0xC940,0xB040,0xB040,0xC0E0,0xB880,0xB020,0xB020,0xC0C0,0xD1A0,0xD180,0xC0A0,0xA000,
    0xC920,0xC900,0xB860,0xB8A0,0xC920,0xD180,0xEA80,0xF2E0,0xD160,0xB8A0,0xD1A0,0xFB40,
    0xE240,0xD180,0xD160,0xD160,0xE240,0xEAA0,0xC940,0xC0A0,0xC920,0xC0E0,0xD9C0,0xF382,
    0xFC03,0xC0C0,0xC0E0,0xB8A0,0xC900,0xD9A0,0xC940,0xC900,0xB860,0xD140,0xF2C0,0xFB20,
    0xFBA0,0xFB60,0xEA80,0xFB20,0xFC00,0xFBA0,0xD9A0,0xE240,0xFB00,0xE240,0xC920,0xC940,
    0xE260,0xE240,0xF2C0,0xD9C0,0xD9C0,0xFB80,0xFC40,0xE220,0xD160,0xD9A0,0xC900,0xDA00,
    0xFB20,0xE220,0xEA80,0xFB60,0xFAE0,0xF2E0,0xF2E0,0xC100,0xD1A0,0xEA60,0xEA60,0xD9C0,
    0xE220,0xD9E0,0xB880,0xD180,0xE240,0xE220,0xD180,0xC940,0xD1A0,0xD9E0,0xD1A0,0xB880,
    0xC0E0,0xC0E0,0xA800,0xB880,0xEA80,0xFB00,0xEA80,0xF340,0xEA80,0xFB40,0xFBC0,0xFC85,
    0xFCE6,0xF2C0,0xE220,0xEA60,0xE240,0xD9E0,0xD1A0,0xD1A0,0xF2C0,0xFB80,0xFB80,0xF2E0,
    0xE220,0xEA80,0xFB20,0xF2C0,0xD180,0xEA40,0xE260,0xF382,0xEAA0,0xDA00,0xE220,0xD9C0,
    0xD9C0,0xD9C0,0xE200,0xE220,0xF2C0,0xFBE0,0xFC21,0xFB40,0xE240,0xE240,0xF280,0xFBC1,
    0xFE0F,0xFDAC,0xFBC2,0xFB20,0xFB40,0xF300,0xFAE0,0xFB80,0xFC20,0xFBE2,0xF320,0xFB00,
    0xFB20,0xFAE0,0xF2A0,0xD9C0,0xDA00,0xFB00,0xFB20,0xFB40,0xF2C0,0xD9E0,0xD180,0xE240,
    0xFB40,0xFC01,0xFB80,0xFBE0,0xFC41,0xFCC5,0xFDAC,0xFE73,0xFFDE,0xFF9C,0xFE94,0xFE72,
    0xFFBD,0xFF7A,0xFE31,0xFD8C,0xFE51,0xFF7B,0xFF7B,0xFEF7,0xFEB4,0xFE10,0xFC00,0xFB20,
    0xF2C0,0xEA60,0xD1A0,0xC100,0xB040,0xA800,0xB020,0xC0C0,0xC100,0xB060,0xA000,0xA000,
    0xC0C0,0xC0C0,0xB860,0xC0E0,0xE240,0xF2C0,0xE200,0xE200,0xC920,0x9800,0xA820,0xA840,
    0xA820,0xB020,0xA000,0xA000,0xA820,0x9000,0x9800,0xB020,0x9800,0xB080,0xD9C0,0xB080,
    0x9800,0xB8A0,0xD1A0,0xB080,0xA800,0xB880,0xD180,0xF2C0,0xDA00,0xD1A0,0xD180,0xDA00,
    0xFB40,0xFC01,0xEAA0,0xC900,0xD9E0,0xE220,0xEA80,0xE240,0xD180,0xD180,0xB040,0xD1A0,
    0xC0E0,0xA800,0xC0C0,0xD160,0xC100,0xC0E0,0xC0A0,0xC940,0xD180,0xA800,0xB040,0xC0C0,
    0xC940,0xF2E0,0xEA60,0xA840,0x9800,0xA000,0xA800,0xB020,0xB8A0,0xD180,0xEA80,0xF2A0,
    0xE240,0xD1A0,0xD1A0,0xD9C0,0xE240,0xEA60,0xF300,0xF2E0,0xF280,0xE220,0xEA60,0xFC63,
    0xFC83,0xFD4A,0xFD07,0xFDEF,0xFD8B,0xFC21,0xFBE2,0xFE30,0xFE93,0xFE31,0xFEF7,0xFD29,
    0xFC00,0xFD49,0xFDAC,0xFCE6,0xFC83,0xFC21,0xFB80,0xFB40,0xFB20,0xE240,0xF2C0,0xF2E0,
    0xEA60,0xE220,0xDA00,0xDA00,0xEA60,0xEA60,0xD1A0,0xC920,0xE1E0,0xFBA0,0xFC42,0xFB00,
    0xEAA0,0xE200,0xD9C0,0xD180,0xD9A0,0xEA60,0xEA80,0xD9E0,0xC0E0,0xD160,0xD1A0,0xD140,
    0xC940,0xD160,0xD9E0,0xEAC0,0xD9C0,0xB880,0xC920,0xD160,0xE220,0xD9E0,0xC0C0,0xD160,
    0xEA40,0xD9C0,0xD9E0,0xD1A0,0xC0E0,0xD180,0xD9C0,0xF2C0,0xEA80,0xC900,0xC0E0,0xD9C0,
    0xEA80,0xE220,0xC100,0xD160,0xD9C0,0xB860,0xA800,0xA000,0xC960,0xE200,0xC100,0xC0C0,
    0xEA40,0xF2A0,0xE220,0xC0C0,0xC940,0xF2A0,0xFB60,0xFBA0,0xFBA1,0xEAC0,0xD9C0,0xE200,
    0xEAA0,0xEAA0,0xD180,0xC900,0xD9A0,0xDA00,0xEA60,0xEA80,0xF300,0xD9E0,0xB8A0,0xC920,
    0xC900,0xC920,0xD1A0,0xC920,0xD9E0,0xB040,0xA800,0xA000,0xA800,0xA800,0xB020,0xB040,
    0xB020,0xA800,0xA820,0xC0A0,0xC940,0xC940,0xD180,0xE220,0xEA60,0xEAA0,0xF2C0,0xEAA0,
    0xF2A0,0xF2E0,0xFB20,0xFBC0,0xFBC0,0xFB80,0xD9E0,0xC920,0xC900,0xD1A0,0xE240,0xD9C0,
    0xD160,0xD9C0,0xD160,0xE260,0xD9E0,0xC0C0,0xC0C0,0xC940,0xF300,0xFBC0,0xF2A0,0xE220,
    0xD160,0xD9E0,0xF300,0xF2C0,0xE240,0xD1A0,0xD180,0xF2C0,0xEA80,0xEAC0,0xFB40,0xF360,
    0xF2E0,0xFB81,0xFB60,0xFC22,0xF382,0xE200,0xDA00,0xD160,0xB880,0xB880,0xC0C0,0xD9C0,
    0xEA80,0xD9C0,0xFB40,0xF2C0,0xE220,0xD9E0,0xC920,0xD160,0xEA80,0xDA00,0xC920,0xC0E0,
    0xC0E0,0xD9A0,0xF2C0,0xF2A0,0xFB00,0xFBA0,0xFB40,0xEA40,0xE220,0xEA60,0xE240,0xDA00,
    0xC0E0,0xC0E0,0xC940,0xC900,0xF2E0,0xFBA0,0xC920,0xC920,0xD180,0xD9C0,0xF2E0,0xEAA0,
    0xD1A0,0xE220,0xF2E0,0xD160,0xC0C0,0xD180,0xD9E0,0xD1A0,0xD160,0xB060,0xB880,0xB860,
    0xA800,0xB040,0xA800,0xB040,0xD160,0xD9A0,0xC920,0xB040,0xB880,0xD160,0xD180,0xC0E0,
    0xC920,0xC0A0,0xD9E0,0xD9E0,0xC0E0,0xA800,0xC920,0xF2C0,0xEA60,0xD160,0xC900,0xD180,
    0xE200,0xF2A0,0xE220,0xEAA0,0xD1A0,0xB860,0xD180,0xFB81,0xFBC1,0xD9C0,0xC0C0,0xC0C0,
    0xC920,0xC900,0xD9E0,0xD180,0xB040,0xC0E0,0xE240,0xFB00,0xFB00,0xF2E0,0xEA60,0xF300,
    0xFC00,0xF340,0xD180,0xFB60,0xFBE1,0xFB60,0xD180,0xD180,0xDA20,0xC920,0xD180,0xE220,
    0xD180,0xFB40,0xFC40,0xF2C0,0xEA80,0xFBA0,0xEA80,0xD9C0,0xFB20,0xEAA0,0xE240,0xF2E0,
    0xFB20,0xD9E0,0xC0C0,0xB880,0xE200,0xEA60,0xDA00,0xC0A0,0xD9E0,0xF300,0xC0E0,0xD9C0,
    0xE220,0xD9A0,0xC0C0,0xC920,0xD180,0xDA00,0xE200,0xC960,0xC920,0xC900,0xB040,0xC0E0,
    0xDA00,0xD9A0,0xD9A0,0xC100,0xD9A0,0xFCC7,0xFDCD,0xFC41,0xFC00,0xF300,0xEA60,0xF2C0,
    0xE220,0xD9C0,0xEA80,0xF300,0xFB20,0xFB20,0xFB20,0xFB00,0xEA80,0xEA80,0xF2A0,0xE240,
    0xD1A0,0xE200,0xD1A0,0xE220,0xD9E0,0xD160,0xE220,0xEA80,0xEAA0,0xEA80,0xF2A0,0xFB40,
    0xFB60,0xFB40,0xFC00,0xF2C0,0xD9E0,0xE220,0xF2E0,0xFCC5,0xFD8C,0xFEB5,0xFD6A,0xFBE1,
    0xFB60,0xFB20,0xFBC0,0xFCA4,0xFC21,0xFB40,0xEA60,0xFBE1,0xFC41,0xF2E0,0xD9A0,0xC900,
    0xD9A0,0xEA80,0xFB00,0xFB00,0xF2E0,0xEA80,0xD9C0,0xEA60,0xF2E0,0xFB20,0xFB40,0xFBC0,
    0xFC41,0xFCA5,0xFD28,0xFDEF,0xFFBD,0xFEF7,0xFDEF,0xFE94,0xFEF7,0xFDEF,0xFDEE,0xFEB5,
    0xFEF7,0xFEB4,0xFE72,0xFFFF,0xFFFF,0xFF18,0xFBE0,0xFB60,0xFB20,0xD160,0xC0C0,0xC0C0,
    0xB040,0xB020,0xB8A0,0xC0E0,0xC0E0,0xC0C0,0xA820,0xA800,0xC0C0,0xB040,0xB040,0xC0C0,
    0xD9C0,0xE200,0xD160,0xC0E0,0xD180,0xB060,0xA800,0x9800,0xA000,0xB880,0xA840,0xA800,
    0xB020,0xA000,0xB080,0xB880,0x9800,0x9800,0xB060,0xA800,0xA000,0xA820,0xC900,0xB8A0,
    0xA840,0xB040,0xD180,0xF2E0,0xD1A0,0xC0C0,0xD140,0xD9A0,0xE220,0xD160,0xE220,0xD180,
    0xD9C0,0xD1A0,0xF2C0,0xEAA0,0xD180,0xE240,0xD9C0,0xEA40,0xC920,0xA800,0xB860,0xC920,
    0xC0E0,0xB8C0,0xB860,0xC0C0,0xC900,0xA000,0xA020,0xB040,0xB8A0,0xC940,0xD9E0,0xB080,
    0x9800,0x9800,0xA000,0xB020,0xD180,0xF2A0,0xFB00,0xEA80,0xD9E0,0xD180,0xB8A0,0xC0E0,
    0xD9C0,0xE240,0xE240,0xE240,0xE200,0xE220,0xEA60,0xF382,0xFD07,0xFCC5,0xFC83,0xFD8B,
    0xFD27,0xFBC0,0xFAE0,0xFCE7,0xFEB4,0xFE72,0xFF7B,0xFDAC,0xFC00,0xFD07,0xFD8C,0xFD07,
    0xFC83,0xFC01,0xFBA0,0xFB80,0xFB00,0xEA60,0xE240,0xFB20,0xFB40,0xEA60,0xD180,0xD1A0,
    0xE220,0xE220,0xE220,0xD180,0xD9C0,0xFB60,0xFC82,0xFBA0,0xF2E0,0xD9A0,0xC940,0xD180,
    0xE260,0xEA80,0xF2C0,0xE240,0xC920,0xC920,0xC900,0xC0A0,0xD160,0xD9C0,0xD9C0,0xE220,
    0xE200,0xC940,0xDA00,0xD9C0,0xD1A0,0xC900,0xD160,0xD9E0,0xEAC1,0xF2E0,0xD9C0,0xC0C0,
    0xB880,0xD160,0xEAA0,0xF2C0,0xF2C0,0xD9E0,0xD140,0xD9C0,0xEA60,0xEAA0,0xD9E0,0xDA00,
    0xD9C0,0xB880,0xA800,0xA800,0xA000,0xE220,0xD9E0,0xB040,0xC0E0,0xF2E0,0xE200,0xC920,
    0xF300,0xF2E0,0xFBE0,0xFB80,0xFC84,0xFB80,0xD9C0,0xD9C0,0xE220,0xE240,0xC900,0xC0E0,
    0xE240,0xEA80,0xE220,0xE220,0xF2E0,0xF300,0xD1A0,0xD9C0,0xD9E0,0xC0E0,0xC0E0,0xD180,
    0xE220,0xB8A0,0xB020,0xB040,0xC0A0,0xB860,0xA800,0xA800,0xB040,0xC0A0,0xC0E0,0xC940,
    0xE240,0xD9E0,0xD180,0xE220,0xE220,0xE240,0xF2A0,0xF2C0,0xF2E0,0xFB40,0xFB00,0xFB60,
    0xFC00,0xF300,0xE240,0xD1A0,0xD160,0xC940,0xD1A0,0xD9E0,0xD9E0,0xD140,0xD1A0,0xD9C0,
    0xD180,0xC900,0xC0E0,0xC940,0xD9C0,0xFB20,0xF300,0xE200,0xD9C0,0xE220,0xFB60,0xEAA0,
    0xE220,0xC940,0xC940,0xD160,0xD9E0,0xE1E0,0xFC01,0xFCA2,0xF2C0,0xE220,0xEA80,0xFAE0,
    0xEA40,0xD1A0,0xE240,0xD9E0,0xC0E0,0xC0E0,0xC920,0xC940,0xD1A0,0xD9C0,0xEAA0,0xDA00,
    0xD9C0,0xD1A0,0xDA00,0xEA80,0xFB80,0xEA80,0xC920,0xC920,0xC0E0,0xC0E0,0xD9E0,0xD9C0,
    0xE220,0xFB20,0xFBC0,0xFBE0,0xF2C0,0xE200,0xE200,0xD9C0,0xC0E0,0xB860,0xB860,0xC0C0,
    0xD9C0,0xEA80,0xE220,0xE240,0xD180,0xC920,0xEA80,0xEA80,0xD9E0,0xE220,0xF2C0,0xD9C0,
    0xC0C0,0xD160,0xD9C0,0xD9C0,0xC0E0,0xB040,0xC920,0xB040,0xB880,0xB880,0xB040,0xA000,
    0xB860,0xD160,0xC900,0xC0C0,0xB860,0xC960,0xD1A0,0xD9E0,0xEA80,0xC0E0,0xC0E0,0xC100,
    0xC0C0,0xC0E0,0xC900,0xE220,0xC920,0xC940,0xB8A0,0xC0A0,0xC940,0xEA80,0xF300,0xEA60,
    0xE200,0xC0E0,0xC100,0xE1E0,0xFBC1,0xF341,0xE200,0xE240,0xE240,0xE220,0xE200,0xE220,
    0xD180,0xC0C0,0xD9A0,0xEA80,0xFAE0,0xEAA0,0xD160,0xE220,0xFBC0,0xFBC1,0xD9C0,0xFBA0,
    0xFD26,0xFC22,0xD9E0,0xD9C0,0xD1A0,0xD180,0xC960,0xE240,0xEA40,0xEA60,0xFBA0,0xFB60,
    0xFB00,0xF300,0xD9C0,0xD180,0xEA80,0xFB00,0xF2C0,0xF2A0,0xF2E0,0xD9E0,0xD160,0xC920,
    0xD9C0,0xEA80,0xD1A0,0xA800,0xD180,0xFB40,0xD9E0,0xDA00,0xD160,0xD180,0xD1A0,0xD9C0,
    0xD9C0,0xD9E0,0xF2C0,0xD180,0xC960,0xC940,0xD180,0xF2E0,0xE200,0xC900,0xC920,0xD180,
    0xEA60,0xFE0F,0xFDAC,0xFC41,0xFBE2,0xF2C0,0xF300,0xEA80,0xEA60,0xE220,0xEA80,0xFB20,
    0xFB60,0xFB40,0xFB00,0xFB00,0xFAE0,0xF2E0,0xEAA0,0xD180,0xE220,0xE220,0xD180,0xD9C0,
    0xD9C0,0xD160,0xE260,0xFB20,0xFB40,0xFC63,0xFC01,0xFBA0,0xFB60,0xFB20,0xF2E0,0xE220,
    0xD9C0,0xE200,0xF300,0xFC62,0xFD07,0xFEF7,0xFE31,0xFCC6,0xFD06,0xFC83,0xFBC0,0xFCA5,
    0xFCA4,0xFB80,0xEA80,0xFBA1,0xFC62,0xE1E0,0xC0C0,0xC900,0xD160,0xC900,0xF2C0,0xFBC0,
    0xFBA0,0xFB60,0xF2C0,0xEAA0,0xEA80,0xFAE0,0xFB80,0xFBC0,0xFBE0,0xFC83,0xFD07,0xFD49,
    0xFDEF,0xFE31,0xFDCD,0xFF18,0xFF7B,0xFE93,0xFE51,0xFEF6,0xFEB5,0xFEF7,0xFF7B,0xFF7B,
    0xFFDE,0xFF39,0xFC21,0xFBA0,0xFB60,0xC920,0xA800,0xC900,0xD160,0xC0C0,0xC920,0xC920,
    0xC100,0xC100,0xC900,0xC0C0,0xB880,0xB040,0xB040,0xB040,0xB880,0xD160,0xC940,0xA000,
    0xB060,0xB8A0,0xA000,0x9800,0x9000,0xB8C0,0xC0A0,0xA800,0xA820,0xA820,0xB8A0,0xA000,
    0x9800,0xA000,0xB040,0xB860,0xD160,0xC0E0,0xA820,0xB040,0xD160,0xC920,0xC940,0xEA80,
    0xC940,0xB860,0xC940,0xC0E0,0xD140,0xC940,0xD9E0,0xD180,0xB880,0xC0E0,0xD9E0,0xE200,
    0xD160,0xE260,0xD1A0,0xC940,0xA820,0xB8A0,0xC940,0xB040,0xC0C0,0xC0A0,0xB880,0xB860,
    0xC0E0,0xB880,0x9800,0xA820,0xC920,0xC0E0,0xB040,0xB020,0xA800,0xB020,0xA800,0xB060,
    0xC920,0xE240,0xF2E0,0xE220,0xD160,0xC920,0xC0E0,0xC0E0,0xD1A0,0xD9E0,0xE220,0xE220,
    0xD1A0,0xD9C0,0xEA80,0xF2C0,0xFC22,0xFC62,0xFC00,0xFCC5,0xFCA4,0xFB60,0xF2A0,0xFB60,
    0xFCC5,0xFDEF,0xFFDE,0xFDAC,0xFC62,0xFD49,0xFD6A,0xFC42,0xFBC0,0xFB00,0xF2C0,0xFBA0,
    0xFB80,0xEA80,0xD9E0,0xEAA0,0xFB60,0xF2C0,0xD9C0,0xD180,0xD9C0,0xD180,0xD1A0,0xD9C0,
    0xF2C0,0xFB60,0xFC00,0xFBC0,0xFBA0,0xE240,0xD160,0xC920,0xF300,0xEAA0,0xE220,0xF2C0,
    0xE220,0xC920,0xB8A0,0xC100,0xE220,0xEA60,0xD1A0,0xE220,0xF2A0,0xEA60,0xEAA0,0xD9C0,
    0xC940,0xC920,0xC940,0xD9C0,0xFBE3,0xFB80,0xE240,0xB8A0,0xB020,0xB860,0xD180,0xD180,
    0xD1A0,0xD9E0,0xD9C0,0xDA00,0xEA80,0xF2E0,0xFB00,0xF2E0,0xE240,0xB8A0,0xA000,0xA800,
    0xA000,0xB8C0,0xC0E0,0xA800,0xB8A0,0xC940,0xB8A0,0xE240,0xF300,0xEA60,0xFB20,0xE240,
    0xEAA0,0xFB60,0xF2A0,0xD9C0,0xD180,0xE200,0xD1A0,0xD180,0xF2A0,0xFB80,0xEAC0,0xC940,
    0xD9C0,0xFB40,0xD160,0xB060,0xC940,0xC900,0xD160,0xC920,0xD160,0xD180,0xC0C0,0xC0E0,
    0xC920,0xC0C0,0xA800,0xA800,0xC0C0,0xC920,0xD1A0,0xD1A0,0xEA60,0xE220,0xDA00,0xE220,
    0xEA60,0xE220,0xF2C0,0xF2E0,0xF2E0,0xFB40,0xF2A0,0xF2E0,0xFB20,0xE240,0xE220,0xF2A0,
    0xEA80,0xD160,0xC920,0xD9C0,0xE200,0xD9E0,0xE240,0xE220,0xE220,0xD9E0,0xD9A0,0xE220,
    0xE240,0xEA60,0xFBA0,0xF2E0,0xE240,0xEA60,0xEA60,0xE220,0xE200,0xC940,0xC940,0xD180,
    0xC900,0xD180,0xEAC0,0xF320,0xE260,0xD1A0,0xD9C0,0xE220,0xD1A0,0xD140,0xD1A0,0xD9E0,
    0xC920,0xD160,0xC920,0xC0C0,0xC900,0xEA40,0xEA80,0xEA60,0xE220,0xD9C0,0xD1A0,0xEAA0,
    0xFBA0,0xEAA0,0xEAA0,0xC940,0xC0A0,0xD140,0xD180,0xD9E0,0xD9E0,0xD180,0xF340,0xFC00,
    0xFB80,0xE240,0xC920,0xC940,0xE240,0xC0E0,0xA800,0xB860,0xD160,0xD9E0,0xD9C0,0xE240,
    0xD9C0,0xD1A0,0xE200,0xE200,0xF2A0,0xF2A0,0xE200,0xC920,0xB880,0xD9A0,0xD9E0,0xC940,
    0xB880,0xB040,0xC900,0xA820,0xC0E0,0xA800,0xA820,0xA000,0xB040,0xC940,0xC920,0xC940,
    0xC0C0,0xC940,0xD180,0xE240,0xFBA0,0xE200,0xD160,0xB880,0xC900,0xD9E0,0xE220,0xD1A0,
    0xB880,0xB040,0xC0E0,0xC100,0xD160,0xFB60,0xF300,0xE220,0xEA80,0xD160,0xB8A0,0xC940,
    0xE260,0xE220,0xF2C0,0xEA80,0xE220,0xD180,0xD9E0,0xD9E0,0xD1A0,0xC0E0,0xC100,0xDA00,
    0xE240,0xD9C0,0xB8A0,0xD9C0,0xFB60,0xFB40,0xE220,0xF2E0,0xFBC0,0xFB40,0xE200,0xEA80,
    0xF2E0,0xF2C0,0xC940,0xE240,0xFBA0,0xEA80,0xF2E0,0xFC20,0xFB40,0xD9C0,0xC940,0xC940,
    0xF2C0,0xF2C0,0xEA80,0xFB40,0xFB40,0xC920,0xC0C0,0xD160,0xD9C0,0xEA80,0xD180,0xB020,
    0xE220,0xFB40,0xE260,0xD9E0,0xC920,0xC920,0xE240,0xD9E0,0xEA60,0xEA80,0xE200,0xC0E0,
    0xC920,0xD140,0xC940,0xDA00,0xD9C0,0xC920,0xD140,0xF340,0xFCE6,0xFCA4,0xFBC1,0xFC82,
    0xEAE1,0xF2A0,0xE240,0xD9E0,0xE240,0xE240,0xEA80,0xFB00,0xFB80,0xFB20,0xF2C0,0xFB20,
    0xFB80,0xFB20,0xDA00,0xD9C0,0xE220,0xE240,0xE260,0xEA60,0xD9E0,0xD1A0,0xD9E0,0xF2C0,
    0xF2C0,0xFB61,0xFBE2,0xFB80,0xFB80,0xF2E0,0xD9E0,0xD9C0,0xE200,0xF2E0,0xEA80,0xFC42,
    0xFD07,0xFDCD,0xFD07,0xFC63,0xFC02,0xFBC0,0xFBC0,0xFC00,0xFC63,0xFB60,0xF2A0,0xE240,
    0xF300,0xC920,0xC0C0,0xC920,0xC940,0xC0C0,0xE240,0xFBE0,0xFB80,0xFB60,0xEA40,0xDA00,
    0xEAA0,0xF2E0,0xFB00,0xFB20,0xFBA0,0xFC00,0xFC83,0xFC83,0xFCA3,0xFD49,0xFD6A,0xFE93,
    0xFFFF,0xFF5A,0xFE93,0xFE93,0xFEB4,0xFE30,0xFE10,0xFE52,0xFEF6,0xFD8C,0xFB40,0xFBE0,
    0xFBE1,0xC920,0xA000,0xC100,0xE220,0xC100,0xD160,0xC940,0xC0C0,0xC920,0xC920,0xC0E0,
    0xB8A0,0xB020,0xA800,0xA000,0xA820,0xD9C0,0xE200,0xC900,0xD1A0,0xD9C0,0xB8C0,0xA000,
    0x9800,0xB060,0xB020,0xB040,0xA820,0xA820,0xB020,0xA000,0x9800,0xA840,0xC900,0xC940,
    0xEA80,0xD9A0,0xA000,0xA000,0xC920,0xD9C0,0xC940,0xE200,0xD9C0,0xD140,0xC940,0xC940,
    0xD180,0xD1A0,0xD180,0xC0E0,0xC0E0,0xC0E0,0xC960,0xD9C0,0xC920,0xC900,0xB880,0xC0A0,
    0xA820,0xB040,0xD1A0,0xD180,0xD160,0xD160,0xD180,0xC940,0xC0E0,0xC900,0xB880,0xC0C0,
    0xC0E0,0xA820,0xA800,0xC0A0,0xC900,0xC0E0,0xC0C0,0xC0C0,0xC0E0,0xD9A0,0xEA80,0xD9C0,
    0xD1A0,0xC960,0xB880,0xC0C0,0xC940,0xD160,0xE240,0xE220,0xC940,0xD9E0,0xE220,0xEA60,
    0xFB80,0xFBC0,0xFBC0,0xFCC5,0xFC21,0xF2E0,0xE240,0xEA60,0xFBA0,0xFD27,0xFE72,0xFCE6,
    0xFC41,0xFD07,0xFC63,0xFB20,0xF2E0,0xE240,0xE240,0xFBC0,0xFBA0,0xE220,0xD9C0,0xE240,
    0xFB00,0xF2E0,0xD9E0,0xC940,0xD180,0xC940,0xC920,0xC920,0xEAA0,0xFB80,0xFB40,0xFB40,
    0xFB60,0xEA80,0xD9C0,0xD1A0,0xDA00,0xE200,0xD9E0,0xF2E0,0xEAA0,0xC940,0xC0E0,0xD180,
    0xD9C0,0xE220,0xDA00,0xE240,0xEA80,0xFBA0,0xF2C0,0xC0C0,0xB020,0xB040,0xC0E0,0xD1A0,
    0xE220,0xEA80,0xF2E0,0xE220,0xD9C0,0xC0E0,0xB040,0xB860,0xC0C0,0xD9E0,0xEA60,0xEAA0,
    0xFB00,0xFB20,0xFB40,0xF2E0,0xD9C0,0xB880,0xA820,0xA000,0xB020,0x9800,0xA800,0xA800,
    0xC0A0,0xB860,0xB060,0xF2C0,0xD9C0,0xD1A0,0xEA80,0xD1A0,0xD9E0,0xFB20,0xF2A0,0xC0C0,
    0xB8A0,0xD9E0,0xD160,0xD1A0,0xE240,0xFB20,0xF2C0,0xC920,0xC900,0xC920,0xB860,0xA000,
    0xB060,0xC920,0xE200,0xEA60,0xF2C0,0xD9E0,0xD160,0xC0C0,0xC0E0,0xC0E0,0xB040,0xB8A0,
    0xC940,0xD180,0xD9C0,0xD180,0xE240,0xFB00,0xFB20,0xEAA0,0xF2A0,0xEA80,0xFB60,0xF2E0,
    0xEA80,0xFB00,0xF300,0xF2C0,0xE220,0xEA80,0xF300,0xFBA0,0xF2C0,0xD1A0,0xD180,0xD1A0,
    0xD9E0,0xE240,0xFB00,0xF2E0,0xEA40,0xFB20,0xFB00,0xF2C0,0xFB60,0xEA40,0xEAC0,0xFC00,
    0xFB60,0xF320,0xEA60,0xD160,0xD160,0xC940,0xC920,0xEA60,0xD9C0,0xD160,0xE240,0xE220,
    0xC900,0xC920,0xD9C0,0xD1A0,0xD180,0xEA60,0xD160,0xD9E0,0xF2C0,0xE240,0xD1A0,0xD160,
    0xF385,0xFD09,0xFC03,0xFB20,0xEAA0,0xE240,0xD160,0xF2A0,0xFBA0,0xF2E0,0xD9E0,0xC0C0,
    0xB8A0,0xC900,0xD9A0,0xF2C0,0xE220,0xD1C0,0xEA60,0xF2A0,0xF300,0xEA60,0xD160,0xD1A0,
    0xF2E0,0xE240,0xB880,0xC0C0,0xC0C0,0xD9A0,0xD9A0,0xC0E0,0xC100,0xD180,0xDA00,0xD9C0,
    0xF300,0xF2E0,0xE240,0xC0E0,0xA800,0xD1A0,0xEA80,0xC940,0xC0C0,0xA820,0xB040,0xA000,
    0xB020,0xA820,0xA820,0xA000,0xA840,0xB880,0xB8A0,0xD180,0xC0E0,0xD9C0,0xE220,0xE200,
    0xEAA0,0xE240,0xF2C0,0xD160,0xD9C0,0xEA60,0xF2E0,0xD9E0,0xC0E0,0xC940,0xE220,0xD9C0,
    0xD9E0,0xFBE1,0xEAA0,0xD9E0,0xD1A0,0xC0A0,0xD1A0,0xEA60,0xD9E0,0xD180,0xEA60,0xD9C0,
    0xC0E0,0xC0E0,0xEAA0,0xEA60,0xC940,0xC940,0xC0C0,0xD160,0xE240,0xEA60,0xD9C0,0xF2A0,
    0xFB20,0xEA60,0xC900,0xD9C0,0xF2A0,0xFB80,0xF2C0,0xE240,0xFB60,0xF300,0xC0E0,0xD9C0,
    0xFB40,0xF2E0,0xE200,0xFB80,0xFB60,0xEA60,0xD9E0,0xE220,0xFB00,0xE240,0xD9E0,0xFB40,
    0xEA80,0xC900,0xC900,0xD9C0,0xE240,0xE220,0xC100,0xD9E0,0xEAA0,0xE200,0xD9C0,0xD160,
    0xB860,0xC0E0,0xE200,0xDA00,0xF2C0,0xEA60,0xC0C0,0xA800,0xC0E0,0xC920,0xD180,0xE220,
    0xC940,0xC0C0,0xC0C0,0xF320,0xFCE5,0xF320,0xE220,0xF340,0xD180,0xE200,0xC940,0xD140,
    0xE240,0xEA60,0xDA00,0xEA60,0xF2C0,0xEA80,0xEAA0,0xFB00,0xF2E0,0xF2A0,0xD160,0xD1A0,
    0xE220,0xD180,0xE220,0xF2E0,0xEAA0,0xD9A0,0xD180,0xD1A0,0xE220,0xD9E0,0xEA80,0xF2C0,
    0xFB20,0xE220,0xD180,0xD9C0,0xE220,0xFB60,0xEA80,0xFB80,0xFCA4,0xFD08,0xFCA4,0xFBC0,
    0xFB40,0xFB60,0xFC61,0xFC83,0xFC83,0xFC63,0xFBA0,0xE240,0xE1E0,0xC920,0xC900,0xC900,
    0xC0C0,0xC940,0xE220,0xF2A0,0xFB40,0xFB80,0xD9E0,0xD180,0xE220,0xF2A0,0xF2A0,0xF2C0,
    0xFB20,0xFB20,0xFC00,0xFC21,0xFC41,0xFCA5,0xFCA4,0xFD8B,0xFE73,0xFDCD,0xFF17,0xFF59,
    0xFE0F,0xFE10,0xFD8B,0xFD8B,0xFDEF,0xFC83,0xFB40,0xFC00,0xFC01,0xC940,0xA800,0xB040,
    0xC0C0,0xB8C0,0xC940,0xC0E0,0xB040,0xC0A0,0xB860,0xB860,0xC0E0,0xB020,0xA000,0x9800,
    0xA860,0xD9C0,0xD9C0,0xC900,0xE240,0xFB20,0xD9A0,0xB020,0xC0C0,0xB880,0xA820,0xA800,
    0x9800,0xA000,0xB020,0xA820,0xA000,0xB8C0,0xEA60,0xE200,0xD180,0xB8A0,0xA800,0xA820,
    0xC900,0xEA80,0xD160,0xD140,0xEA60,0xEA80,0xD9A0,0xD160,0xC940,0xC940,0xC0C0,0xC940,
    0xC900,0xC0A0,0xD160,0xE200,0xC940,0xD9C0,0xB8A0,0xC0E0,0xB060,0xA820,0xC900,0xD9E0,
    0xE200,0xD9C0,0xE240,0xD9C0,0xC940,0xC920,0xE200,0xD9C0,0xC900,0xA000,0xA800,0xB040,
    0xD9C0,0xD140,0xD9A0,0xD9E0,0xD9A0,0xD1A0,0xD9A0,0xC940,0xD180,0xC100,0xC940,0xB880,
    0xB860,0xC0E0,0xE220,0xD9C0,0xD180,0xF2C0,0xF2E0,0xEA60,0xF2C0,0xF2C0,0xFBA0,0xFC41,
    0xFBC0,0xF2A0,0xEA60,0xEA40,0xEA80,0xFBA1,0xFBC0,0xFC00,0xFD49,0xFCE6,0xFBC0,0xF2C0,
    0xE220,0xD9E0,0xF2C0,0xFBE0,0xEAC0,0xD9C0,0xD9E0,0xD9C0,0xF2E0,0xF2E0,0xD9C0,0xC920,
    0xEA60,0xEAA0,0xC0C0,0xC900,0xD9C0,0xEAA0,0xE200,0xE220,0xEA80,0xFB20,0xF300,0xD9E0,
    0xD160,0xC940,0xD1A0,0xF2C0,0xF2E0,0xD9A0,0xB8A0,0xD180,0xD1C0,0xD9E0,0xE220,0xE200,
    0xE200,0xEAC0,0xD9E0,0xB860,0xA000,0xB880,0xD9C0,0xD180,0xD160,0xD1A0,0xF2A0,0xEA80,
    0xFB20,0xE220,0xA800,0xB060,0xC920,0xE240,0xF2E0,0xFB00,0xF2A0,0xE220,0xEAA0,0xE200,
    0xC920,0xC0C0,0xA000,0xA840,0xB860,0xA000,0xA000,0xA800,0xB8C0,0xB040,0xC0E0,0xF2A0,
    0xC920,0xD160,0xDA00,0xD9E0,0xE240,0xEAA0,0xD160,0xB880,0xB8A0,0xEA60,0xEA60,0xD180,
    0xD1A0,0xEA80,0xE200,0xC100,0xB8A0,0xB860,0xC920,0xB860,0xB020,0xC940,0xE220,0xFAE0,
    0xF2E0,0xEA40,0xEA60,0xC0E0,0xC8E0,0xD160,0xC0C0,0xC960,0xE240,0xD9E0,0xC940,0xD180,
    0xD9E0,0xF2C0,0xFB20,0xF2E0,0xEA80,0xEA80,0xFB80,0xFB20,0xF2E0,0xF2E0,0xFB00,0xF2E0,
    0xE220,0xF2E0,0xFC01,0xFC01,0xF2C0,0xEA60,0xE220,0xE220,0xEA60,0xF2E0,0xFB60,0xFB40,
    0xD9E0,0xEAA0,0xF300,0xF2A0,0xFB00,0xFB20,0xF300,0xFBC0,0xFC20,0xFB80,0xF2C0,0xC920,
    0xC0E0,0xD180,0xD160,0xF320,0xE220,0xD9E0,0xFBA0,0xF2A0,0xD180,0xD9C0,0xEA40,0xDA00,
    0xD140,0xFBC1,0xEB01,0xEA60,0xFB80,0xEA60,0xE220,0xEAC1,0xFF9B,0xFFDE,0xFF59,0xFC84,
    0xFB00,0xD9E0,0xB8A0,0xD9A0,0xF2C0,0xE200,0xB8A0,0xB020,0xA800,0xB040,0xB880,0xC0A0,
    0xD9C0,0xE220,0xEA60,0xE240,0xEA40,0xD9E0,0xC920,0xD160,0xE200,0xEA60,0xD160,0xC100,
    0xB880,0xD180,0xD9C0,0xD1A0,0xD160,0xC920,0xD1A0,0xE200,0xFB00,0xF2E0,0xF2A0,0xD1A0,
    0xC900,0xD9E0,0xEA80,0xC940,0xC0A0,0xB8A0,0xB060,0xA800,0xB020,0xC900,0xB880,0xA000,
    0xB8A0,0xB860,0xB040,0xD180,0xB880,0xD9C0,0xF2E0,0xEA80,0xFB20,0xF2C0,0xFB60,0xEA60,
    0xD160,0xD160,0xE240,0xEA80,0xD9C0,0xE200,0xE240,0xD160,0xC940,0xD9A0,0xD160,0xD9E0,
    0xD160,0xC900,0xE200,0xEAA0,0xC960,0xB8A0,0xC940,0xC0C0,0xA800,0xB8A0,0xEA80,0xF300,
    0xE220,0xD9C0,0xC900,0xD1A0,0xEA80,0xF2C0,0xF2A0,0xFB60,0xFBC0,0xF2C0,0xD1A0,0xD9C0,
    0xE240,0xFBE0,0xFC43,0xE240,0xFBA0,0xFC21,0xD140,0xEAA0,0xFB20,0xD9E0,0xD1A0,0xFB60,
    0xFB80,0xFB20,0xFB60,0xF300,0xEA40,0xD180,0xC960,0xF2A0,0xD9C0,0xE200,0xEA60,0xD9E0,
    0xE220,0xEA60,0xD180,0xF2A0,0xEAC0,0xD9C0,0xD1A0,0xC940,0xC900,0xC920,0xC900,0xC920,
    0xEA80,0xDA00,0xC0C0,0xC0C0,0xD9A0,0xC940,0xD160,0xF2E0,0xC920,0xA800,0xC0C0,0xFB40,
    0xFBA0,0xFC02,0xD1A0,0xC920,0xB8A0,0xC0C0,0xC940,0xE200,0xDA00,0xE240,0xD9C0,0xDA00,
    0xEA80,0xE220,0xD9E0,0xE200,0xE260,0xD9E0,0xC0C0,0xC920,0xEA60,0xD9E0,0xC940,0xEAA0,
    0xF300,0xDA00,0xD9E0,0xC940,0xC940,0xD9C0,0xEA60,0xE240,0xEA80,0xD9C0,0xD9E0,0xE240,
    0xEA80,0xFB40,0xFB60,0xFB40,0xFC63,0xFD28,0xFD07,0xFC63,0xFC00,0xFBE0,0xFBE0,0xFC00,
    0xFBE0,0xFC84,0xFD27,0xF2E0,0xE200,0xD160,0xC940,0xC0E0,0xC920,0xD9C0,0xEA60,0xEA80,
    0xEA80,0xEA60,0xD9C0,0xD9C0,0xDA00,0xE240,0xE220,0xE220,0xF2A0,0xF2E0,0xFB60,0xFBA0,
    0xFC00,0xFC83,0xFC83,0xFD28,0xFD4A,0xFCA5,0xFDEE,0xFF9B,0xFE73,0xFD08,0xFD07,0xFD07,
    0xFD6A,0xFCA4,0xFB80,0xFBA0,0xF340,0xC920,0xA000,0xA000,0xA820,0xA800,0xB040,0xB020,
    0xA820,0xA800,0xA800,0xB040,0xB880,0xB040,0x9000,0x8800,0xA840,0xD140,0xC100,0xB040,
    0xD160,0xEA80,0xD9A0,0xB040,0xD180,0xB8C0,0xB880,0xB880,0xA000,0xA820,0xB040,0xC920,
    0xA800,0xD180,0xEAA0,0xC0C0,0xB040,0xC0E0,0xD9C0,0xB8A0,0xC940,0xF2E0,0xE240,0xE220,
    0xEA60,0xEAA0,0xE200,0xC100,0xB040,0xA800,0xB880,0xD180,0xC900,0xD9C0,0xD9C0,0xE220,
    0xD1A0,0xD160,0xC920,0xD9C0,0xC900,0xC0E0,0xC940,0xDA00,0xEA60,0xD1A0,0xD180,0xE220,
    0xD180,0xC0C0,0xD1A0,0xD9E0,0xC920,0xC0C0,0xB860,0xD1A0,0xC920,0xC0E0,0xC100,0xDA00,
    0xE240,0xD180,0xC900,0xC920,0xC0E0,0xC920,0xC920,0xB040,0xB020,0xB8A0,0xD180,0xD180,
    0xD9E0,0xF2C0,0xEA80,0xE200,0xE220,0xEA80,0xFB40,0xFBC0,0xFBC0,0xFB20,0xE240,0xE220,
    0xE220,0xEA40,0xF2C0,0xFC01,0xFD8B,0xFDCC,0xF340,0xE200,0xDA00,0xEA40,0xFB20,0xFB00,
    0xE200,0xDA00,0xE200,0xD9A0,0xF2A0,0xFB00,0xD9C0,0xEA40,0xFC00,0xFBC0,0xC920,0xC900,
    0xD9E0,0xD9E0,0xC920,0xC920,0xE220,0xFBE0,0xFB80,0xD140,0xC100,0xC900,0xC940,0xE220,
    0xF2A0,0xEA60,0xD180,0xC940,0xD9C0,0xD160,0xD9C0,0xD1A0,0xD160,0xE220,0xC920,0xC0A0,
    0xA800,0xB880,0xD9E0,0xC920,0xC0C0,0xC940,0xD160,0xC940,0xE200,0xD9E0,0xB8A0,0xB8A0,
    0xC940,0xD9C0,0xEA60,0xEA60,0xD9E0,0xC940,0xE200,0xD1A0,0xC0E0,0xC940,0xB040,0xB060,
    0xB040,0xA820,0xA000,0xB020,0xB040,0xB060,0xD180,0xE220,0xB880,0xC0C0,0xD9C0,0xEA80,
    0xFB20,0xD9E0,0xB040,0xB040,0xC0C0,0xE220,0xEA60,0xC940,0xD9A0,0xE220,0xE220,0xB880,
    0xA000,0xB080,0xD180,0xB880,0xB860,0xD180,0xEA60,0xD9E0,0xD180,0xE220,0xFB00,0xD9A0,
    0xEB22,0xF300,0xD140,0xD1A0,0xE260,0xD180,0xC0A0,0xEA60,0xEA80,0xD9A0,0xD9E0,0xE220,
    0xC960,0xD1A0,0xF300,0xFB20,0xFB20,0xFB00,0xF2C0,0xEAA0,0xE220,0xF2E0,0xFC82,0xFBC1,
    0xFB00,0xFB60,0xEA80,0xEA40,0xFB60,0xFC41,0xFCA4,0xFC01,0xFB00,0xE220,0xD9E0,0xF2C0,
    0xFB00,0xF2C0,0xEA80,0xF300,0xFBE0,0xFB80,0xEA80,0xD9C0,0xD9C0,0xDA00,0xF2C0,0xFB80,
    0xD160,0xC920,0xE260,0xE220,0xE240,0xF2C0,0xD9E0,0xD9A0,0xD9C0,0xFCE7,0xFC22,0xFBA1,
    0xFC43,0xF2C0,0xE220,0xFC66,0xFDAC,0xFEB5,0xFED6,0xFD27,0xF300,0xE240,0xD9C0,0xC920,
    0xC0E0,0xC0E0,0xC0E0,0xC100,0xC960,0xB880,0xB880,0xC900,0xD9A0,0xE240,0xE220,0xD180,
    0xC920,0xC920,0xC920,0xD1A0,0xEA60,0xF2E0,0xD9E0,0xC100,0xB040,0xB880,0xD9E0,0xEA60,
    0xD160,0xD160,0xD160,0xD160,0xE220,0xFB00,0xF300,0xD9E0,0xC940,0xD180,0xD9E0,0xB060,
    0xC900,0xD160,0xC900,0xB040,0xB040,0xD160,0xC0C0,0xC900,0xC920,0xB860,0xA820,0xC0E0,
    0xB040,0xD180,0xEAA0,0xFB20,0xFB40,0xE200,0xD9E0,0xD9E0,0xC940,0xC100,0xD180,0xEA60,
    0xD1A0,0xC0C0,0xD160,0xC100,0xD160,0xC940,0xD9C0,0xE240,0xE240,0xE220,0xE220,0xEA40,
    0xD1A0,0xC0C0,0xC940,0xC0C0,0xB8A0,0xC0C0,0xE220,0xFB40,0xEA80,0xD9C0,0xD9C0,0xEA80,
    0xF2C0,0xF2A0,0xF2A0,0xF2E0,0xFC00,0xFBA0,0xEA60,0xEAA0,0xF2C0,0xF2C0,0xFB60,0xE240,
    0xFB80,0xFC01,0xD180,0xEA60,0xF2C0,0xD180,0xE200,0xFBE0,0xFC42,0xFB80,0xFBE0,0xFB60,
    0xEAC0,0xD180,0xD160,0xE240,0xD180,0xC920,0xEA80,0xDA00,0xE220,0xF2A0,0xEA60,0xE220,
    0xD1A0,0xD1A0,0xD1A0,0xD160,0xD9C0,0xD9C0,0xC0C0,0xB020,0xD180,0xD1A0,0xD180,0xC900,
    0xD180,0xD160,0xD140,0xEA60,0xB8A0,0x9800,0xC900,0xEA60,0xEAA0,0xFB60,0xEA80,0xC0C0,
    0xA800,0xB880,0xEA60,0xEAA0,0xD160,0xE220,0xD180,0xD180,0xEA60,0xEA60,0xD1A0,0xD1A0,
    0xD9C0,0xC920,0xC0C0,0xC0A0,0xC940,0xD9C0,0xD160,0xD9E0,0xEA60,0xD9E0,0xD1A0,0xD9C0,
    0xD1A0,0xD9C0,0xF2A0,0xEA40,0xE220,0xDA00,0xE220,0xE220,0xEA80,0xFB60,0xFC82,0xFC20,
    0xFC00,0xFCC5,0xFCA4,0xFC21,0xFC20,0xFC41,0xFBC0,0xFBE0,0xFB80,0xFCA5,0xFC43,0xEA40,
    0xE200,0xD9C0,0xD180,0xD180,0xEA80,0xC940,0xD9C0,0xF300,0xEA40,0xD160,0xD180,0xDA00,
    0xD9C0,0xD9E0,0xEA80,0xD9E0,0xE200,0xF2C0,0xF2C0,0xFB40,0xFBE0,0xFC83,0xFCA4,0xFC83,
    0xFCE6,0xFC62,0xFD08,0xFD8C,0xFDCD,0xFD49,0xFCE6,0xFC62,0xFC83,0xFC21,0xF2A0,0xF2E0,
    0xEAA0,0xB8A0,0xA000,0x9000,0x9800,0x9000,0xA000,0xB040,0x9800,0x9800,0x9000,0xA000,
    0xB020,0xB040,0x8800,0x8000,0x8800,0xB060,0xB880,0x9800,0xB860,0xD9A0,0xD1A0,0xB8A0,
    0xB8A0,0xC0C0,0xB860,0xB880,0xB020,0xB880,0xB880,0xB060,0xB040,0xD9A0,0xD9A0,0xB040,
    0xC0A0,0xF300,0xD9E0,0xB020,0xC920,0xF2C0,0xD9A0,0xD9A0,0xF2A0,0xEA60,0xD160,0xB880,
    0xB880,0xC0C0,0xC920,0xD180,0xC920,0xFBA0,0xF2E0,0xD9E0,0xC100,0xC0C0,0xE220,0xE240,
    0xD9A0,0xC920,0xD160,0xD9A0,0xEA60,0xE200,0xC100,0xE240,0xE220,0xB880,0xB8A0,0xC900,
    0xD180,0xD180,0xEA60,0xFBE0,0xF340,0xE200,0xC920,0xE200,0xEA80,0xD9E0,0xD1A0,0xD1A0,
    0xD180,0xE220,0xD9C0,0xC920,0xC0C0,0xC0A0,0xC0E0,0xD160,0xEA60,0xF300,0xEA60,0xD1A0,
    0xDA00,0xEA60,0xEA80,0xFBA0,0xFC41,0xFCC5,0xF2E0,0xD1A0,0xD9E0,0xE240,0xDA00,0xE220,
    0xFB40,0xFBA1,0xF2A0,0xF2C0,0xEA80,0xFB40,0xFC41,0xEAC0,0xD9A0,0xF2E0,0xFB80,0xF300,
    0xF300,0xF320,0xD9A0,0xF381,0xFCC4,0xF2E0,0xC0E0,0xC900,0xF2C0,0xEA80,0xD180,0xC920,
    0xE240,0xFBC0,0xF320,0xC920,0xC0E0,0xC940,0xD160,0xD180,0xE220,0xEA80,0xD9E0,0xC940,
    0xD180,0xD9E0,0xD9C0,0xC900,0xC920,0xE220,0xD9C0,0xD160,0xB040,0xB020,0xC900,0xC0E0,
    0xB880,0xC920,0xC920,0xD160,0xC960,0xB880,0xB040,0xB880,0xD9C0,0xD9C0,0xD160,0xC920,
    0xD160,0xEA60,0xEA80,0xE240,0xD9E0,0xE240,0xD140,0xB880,0xC0C0,0xB020,0xA000,0xB8A0,
    0xB8A0,0xC0C0,0xD9C0,0xD1A0,0xC0E0,0xC0E0,0xC960,0xDA00,0xF2C0,0xEA60,0xC920,0xB880,
    0xD160,0xE220,0xD9C0,0xC940,0xD160,0xD9E0,0xE240,0xB880,0x9000,0xB0A0,0xC940,0xC940,
    0xC100,0xD1A0,0xEA60,0xC0E0,0xC0E0,0xE220,0xF2C0,0xEA60,0xFDAC,0xFCA5,0xD9E0,0xD1A0,
    0xE220,0xD180,0xC0E0,0xEAA0,0xEA60,0xD1A0,0xC940,0xC900,0xC0C0,0xD180,0xEA80,0xE240,
    0xFB00,0xF2C0,0xFB00,0xF2C0,0xD9C0,0xF2E0,0xFC83,0xFC01,0xFBA0,0xFBA0,0xFBE0,0xFBE1,
    0xFCE7,0xFCC5,0xFCC5,0xFD27,0xFC42,0xFB80,0xFB80,0xFBA0,0xFBC0,0xFB60,0xFB20,0xF300,
    0xF2E0,0xF2E0,0xDA00,0xE220,0xE240,0xE220,0xF2C0,0xF2C0,0xC920,0xD180,0xE220,0xD9A0,
    0xE220,0xE220,0xE240,0xEA60,0xD9C0,0xFD07,0xFC02,0xFC43,0xFD6A,0xFB40,0xF2A0,0xFC65,
    0xFCE7,0xFDEE,0xFC84,0xFB80,0xF2E0,0xF2A0,0xFB40,0xD9C0,0xC900,0xC920,0xD1A0,0xF2C0,
    0xEA80,0xD1A0,0xC0E0,0xD9E0,0xD9C0,0xB8A0,0xC0E0,0xB040,0xB880,0xC920,0xD9C0,0xE260,
    0xFB40,0xFB20,0xE200,0xC920,0xB020,0xA800,0xC960,0xD9C0,0xD9C0,0xEA60,0xD1A0,0xD160,
    0xC940,0xF2A0,0xFC01,0xE260,0xE200,0xDA00,0xD9C0,0xB8A0,0xE200,0xD9C0,0xC940,0xC0C0,
    0xB040,0xC900,0xF2E0,0xFB60,0xD1A0,0xD160,0xA820,0xB040,0xB040,0xC100,0xE240,0xEA60,
    0xF2E0,0xD1A0,0xC940,0xE220,0xC940,0xB860,0xC0A0,0xE220,0xD9E0,0xA800,0xA800,0xB000,
    0xD160,0xD9C0,0xE200,0xE240,0xE200,0xE200,0xDA00,0xE240,0xE240,0xC940,0xEA60,0xD9E0,
    0xD9C0,0xC940,0xD9E0,0xE220,0xC940,0xD160,0xD9E0,0xF2C0,0xFB20,0xEA60,0xE220,0xEA60,
    0xFBE0,0xFB40,0xF2C0,0xFBC0,0xFB40,0xE220,0xEA60,0xEAA0,0xFB20,0xFB00,0xC920,0xC0E0,
    0xE220,0xE240,0xFB00,0xFB20,0xFB20,0xFC01,0xFBA0,0xFB80,0xFBE0,0xE240,0xD9A0,0xEA80,
    0xD1A0,0xD160,0xDA00,0xD9E0,0xE220,0xF2A0,0xEA60,0xDA00,0xC940,0xC960,0xD9A0,0xD9A0,
    0xD9C0,0xE220,0xB060,0xB860,0xD180,0xC920,0xD180,0xC900,0xD9E0,0xEA80,0xD160,0xE220,
    0xC0C0,0xB020,0xC900,0xC0E0,0xC0E0,0xD9A0,0xF300,0xD160,0xB8A0,0xD1A0,0xE240,0xD9E0,
    0xD9C0,0xEA60,0xD160,0xD9C0,0xE240,0xE200,0xF2A0,0xE200,0xC900,0xB8A0,0xC0C0,0xC0C0,
    0xB8A0,0xD160,0xD180,0xD180,0xE220,0xEA80,0xE240,0xF300,0xF2E0,0xE240,0xEA80,0xF2E0,
    0xF2A0,0xEA60,0xE240,0xEA40,0xF2C0,0xFB60,0xFBA0,0xFB40,0xFBC0,0xFCA4,0xFC62,0xFC00,
    0xFC41,0xFC41,0xFCA4,0xFE10,0xFDCD,0xFD07,0xFCC8,0xEA60,0xE220,0xD9A0,0xC960,0xE240,
    0xE240,0xC0E0,0xD160,0xFB00,0xF2A0,0xD160,0xD1A0,0xE200,0xD9A0,0xDA00,0xF2C0,0xD1A0,
    0xDA00,0xEA60,0xE220,0xFB40,0xFBC0,0xFC22,0xFCE6,0xFC84,0xFE30,0xFC84,0xFD28,0xFC42,
    0xFB60,0xFC21,0xFBA0,0xFB60,0xFBA0,0xFB20,0xE240,0xEA80,0xD9E0,0xC0C0,0xB8A0,0xA800,
    0xA020,0x8800,0xB060,0xB860,0xA000,0x9800,0x9000,0x9800,0x9000,0x9800,0x9000,0x8000,
    0x8800,0xA000,0xA000,0x9000,0xB060,0xD9C0,0xD9A0,0xB8C0,0xA000,0xB040,0xA800,0xB020,
    0xA000,0xC100,0xC100,0xA820,0xC900,0xB880,0xB8A0,0xB8A0,0xB040,0xD180,0xC920,0xB860,
    0xC900,0xC940,0xC0E0,0xC100,0xE220,0xEA80,0xC920,0xB8A0,0xB060,0xB880,0xB8A0,0xD1A0,
    0xD9C0,0xF2E0,0xFB20,0xD180,0xB040,0xC900,0xE220,0xC920,0xD180,0xDA00,0xD9E0,0xD160,
    0xD9E0,0xD180,0xC0A0,0xD9C0,0xDA00,0xB880,0xA800,0xB880,0xD1A0,0xC100,0xEA40,0xEA80,
    0xFC21,0xFC43,0xF2C0,0xF2E0,0xF2C0,0xE200,0xD9E0,0xD9C0,0xD9E0,0xEA80,0xE200,0xC940,
    0xC900,0xB040,0xB880,0xC920,0xEA80,0xF2E0,0xE220,0xD160,0xD9A0,0xDA00,0xE240,0xF2E0,
    0xFB40,0xFD4A,0xFC02,0xE220,0xE220,0xD9E0,0xD9C0,0xDA00,0xEA80,0xEA40,0xF2E0,0xFB60,
    0xFB20,0xFC21,0xFC82,0xE220,0xD180,0xEA80,0xFC41,0xFC63,0xE220,0xD9E0,0xD160,0xEAE1,
    0xFCA3,0xE220,0xC900,0xC0C0,0xEAA0,0xFB00,0xEA80,0xD180,0xEA80,0xFC20,0xFB80,0xD180,
    0xB880,0xD180,0xEA40,0xC940,0xD180,0xEA60,0xE240,0xC0E0,0xC920,0xDA00,0xDA00,0xD180,
    0xC0C0,0xD1A0,0xF2A0,0xD180,0xB880,0xB040,0xB8A0,0xB8A0,0xB8A0,0xEA40,0xEA60,0xC920,
    0xB880,0xB880,0xA800,0xB040,0xE220,0xEA60,0xC900,0xC0E0,0xD9C0,0xF2C0,0xFB40,0xEA80,
    0xD9A0,0xD180,0xD160,0xC900,0xC0E0,0xB040,0xA000,0xB8A0,0xC0A0,0xC920,0xE200,0xC920,
    0xD180,0xC920,0xD180,0xD160,0xE240,0xEA80,0xC0E0,0xB8A0,0xD160,0xD1A0,0xDA00,0xC920,
    0xC920,0xDA00,0xE200,0xC0E0,0x8800,0xB060,0xE1E0,0xC920,0xC900,0xE220,0xD9E0,0xC0C0,
    0xB880,0xD9A0,0xF2A0,0xF300,0xFCE6,0xFD28,0xDA00,0xD180,0xE240,0xDA00,0xD1A0,0xEA60,
    0xEA60,0xEAA0,0xD9C0,0xB880,0xB040,0xDA00,0xFB20,0xE220,0xFB20,0xFB40,0xFB60,0xF2E0,
    0xE220,0xF2E0,0xFC01,0xFC41,0xFBE1,0xFB40,0xFC82,0xFC62,0xFD07,0xFD07,0xFC21,0xFBE1,
    0xFC84,0xFC82,0xFDCD,0xFD49,0xFD07,0xFD49,0xFC01,0xFB00,0xFB00,0xF2A0,0xE240,0xE220,
    0xE200,0xEA80,0xE220,0xEAA0,0xC940,0xEA60,0xEA60,0xD180,0xE220,0xEA60,0xF2E0,0xF2E0,
    0xD9A0,0xFCA7,0xFC44,0xF382,0xFD49,0xF300,0xF2E0,0xFD4B,0xFE2F,0xFCA4,0xFB80,0xF2E0,
    0xE240,0xEAA0,0xEA80,0xE220,0xD9C0,0xC940,0xD9A0,0xFB60,0xEA60,0xC100,0xB060,0xC920,
    0xC100,0xA000,0xA800,0xA800,0xC0C0,0xD1A0,0xEA80,0xF300,0xFB20,0xF2E0,0xE220,0xD180,
    0xB860,0xB040,0xD160,0xD9E0,0xE220,0xF300,0xD1A0,0xC0C0,0xD9C0,0xDA00,0xEA60,0xD180,
    0xD9C0,0xE240,0xD9C0,0xC940,0xD9E0,0xE220,0xC920,0xB880,0xC0E0,0xC920,0xE240,0xE240,
    0xD9C0,0xD180,0xB040,0xA800,0xB040,0xB860,0xE200,0xEA60,0xE240,0xD9C0,0xD1A0,0xD9C0,
    0xC0C0,0xB860,0xB880,0xD160,0xEA60,0xD160,0xB040,0xB040,0xC0E0,0xE200,0xE220,0xE240,
    0xD180,0xDA00,0xE240,0xEA80,0xF2C0,0xE240,0xFB80,0xE240,0xC900,0xD180,0xC940,0xB860,
    0xC940,0xD9A0,0xEA60,0xF300,0xFB20,0xDA00,0xD9A0,0xEA60,0xFB80,0xEA60,0xEA80,0xFC00,
    0xF300,0xD9E0,0xD9E0,0xE240,0xF2C0,0xE240,0xB880,0xC0C0,0xEA80,0xFB40,0xF300,0xEA40,
    0xFB20,0xFC21,0xEAA0,0xE240,0xFB20,0xF300,0xD9E0,0xF2E0,0xE240,0xE220,0xEA60,0xD9C0,
    0xC940,0xE200,0xEA60,0xD180,0xB060,0xB8A0,0xD1A0,0xD9E0,0xC0C0,0xC0E0,0xB040,0xC920,
    0xD180,0xC920,0xD1A0,0xD160,0xE220,0xF2C0,0xC0E0,0xE200,0xD180,0xC0C0,0xD160,0xB020,
    0xC940,0xDA00,0xEA60,0xD9C0,0xD160,0xD9C0,0xD9E0,0xC0E0,0xD9C0,0xEA60,0xD180,0xD160,
    0xD180,0xE260,0xFBA0,0xF2A0,0xE240,0xD160,0xC0C0,0xB880,0xB860,0xC940,0xD160,0xD9A0,
    0xEA60,0xEA60,0xEA60,0xFB20,0xFB80,0xEA60,0xE220,0xEA60,0xEA60,0xEA60,0xEA60,0xFBA0,
    0xFC62,0xFBE1,0xF2C0,0xFB20,0xFBC0,0xFBC0,0xFC41,0xFC20,0xFC01,0xFBC0,0xFC63,0xFE0F,
    0xFEB4,0xFDAC,0xFC86,0xEA40,0xDA00,0xD9C0,0xD9A0,0xE240,0xD1A0,0xC0C0,0xC940,0xD9E0,
    0xE240,0xC900,0xD9C0,0xE200,0xE240,0xE240,0xE240,0xD9C0,0xEAA0,0xE240,0xE220,0xFB80,
    0xFBC0,0xFC00,0xFCE6,0xFE0F,0xFD8C,0xFCA4,0xFC01,0xFB60,0xFB20,0xF2E0,0xF2A0,0xF2E0,
    0xFB20,0xF2C0,0xEA60,0xE200,0xC100,0xC0E0,0xC900,0xB020,0xA000,0xA840,0xD9C0,0xC0E0,
    0xB000,0x9800,0x9800,0xA820,0x8800,0x8800,0x9800,0x9000,0x9800,0xA800,0x9800,0x8800,
    0xB0C0,0xE200,0xD1A0,0xC940,0xB020,0xB040,0xB040,0xA800,0xA000,0xB060,0xB040,0xD160,
    0xD160,0xA000,0xB020,0xB8A0,0xC0C0,0xB880,0xC0C0,0xD160,0xE200,0xB8A0,0xB880,0xC940,
    0xE240,0xEA60,0xC0C0,0xB040,0xB880,0xB8A0,0xB880,0xD180,0xE240,0xE240,0xEA80,0xD1A0,
    0xC0C0,0xC0E0,0xD9E0,0xC940,0xC920,0xD9C0,0xD160,0xD180,0xC920,0xC900,0xC940,0xDA00,
    0xD9C0,0xC920,0xA800,0xC100,0xD9A0,0xD180,0xF300,0xE220,0xFB81,0xFDAB,0xFD08,0xFCA4,
    0xFB60,0xEA60,0xE220,0xD160,0xD180,0xEA60,0xD9E0,0xC940,0xB880,0xB020,0xB860,0xC920,
    0xD9C0,0xDA00,0xC940,0xD180,0xD9C0,0xD9E0,0xE220,0xEA80,0xFB00,0xFB81,0xFC63,0xF2E0,
    0xF2C0,0xEA60,0xD180,0xD1A0,0xEA60,0xEAA0,0xFB20,0xFB60,0xFB20,0xFC20,0xF340,0xD160,
    0xC900,0xD9E0,0xFBA0,0xFB81,0xD180,0xC920,0xC100,0xD160,0xEA80,0xC0E0,0xC0C0,0xB8A0,
    0xD160,0xEA80,0xF2C0,0xF2C0,0xF2C0,0xFBC0,0xFB60,0xE240,0xC920,0xD9E0,0xEAA0,0xE200,
    0xC920,0xE200,0xEAA0,0xD1A0,0xD9E0,0xD9E0,0xE220,0xD160,0xC920,0xD9A0,0xC940,0xC0C0,
    0xC100,0xC0E0,0xB880,0xC0C0,0xD160,0xF300,0xEA60,0xC920,0xC0C0,0xC900,0xD160,0xC0C0,
    0xC940,0xD9E0,0xC100,0xC940,0xDA00,0xF2E0,0xFBA0,0xF2E0,0xD160,0xC100,0xC920,0xC920,
    0xC920,0xC0C0,0xA800,0xA000,0xB880,0xC0C0,0xD180,0xD9E0,0xC920,0xB040,0xC920,0xD9E0,
    0xD180,0xD180,0xC920,0xD160,0xD9E0,0xE240,0xF2E0,0xC900,0xC100,0xD9C0,0xD9A0,0xD140,
    0x9800,0xB080,0xD9A0,0xC0C0,0xC100,0xE220,0xD180,0xC920,0xC0C0,0xC940,0xEA80,0xE220,
    0xEAA0,0xF320,0xE200,0xD180,0xEA60,0xE220,0xC920,0xD9E0,0xEA60,0xEA60,0xE240,0xD180,
    0xD160,0xEA80,0xFB20,0xF2E0,0xF300,0xFB40,0xF300,0xFB20,0xE240,0xF2A0,0xFBE0,0xFC83,
    0xFBE1,0xF2C0,0xFC00,0xFBA0,0xFB80,0xFCC4,0xFBE1,0xF2A0,0xFB00,0xF320,0xFD8C,0xFE31,
    0xFDEF,0xFF7B,0xFD08,0xFBA0,0xFB40,0xF300,0xF2C0,0xEAA0,0xE200,0xEA80,0xEA80,0xD9A0,
    0xD9E0,0xF2E0,0xE220,0xE220,0xE240,0xEA80,0xEA80,0xF2C0,0xD160,0xF321,0xFBE1,0xEA80,
    0xFB40,0xE200,0xEAA0,0xFC83,0xFC02,0xF2E0,0xEA60,0xE240,0xD1A0,0xD9E0,0xC940,0xE240,
    0xE260,0xE220,0xE200,0xFB60,0xFB00,0xC0A0,0xA800,0xA800,0xA800,0xA000,0xA800,0xB860,
    0xD9C0,0xE260,0xF2A0,0xEAA0,0xFB00,0xF2A0,0xE240,0xD9A0,0xB8A0,0xB8A0,0xC940,0xD1A0,
    0xE200,0xF2E0,0xD9A0,0xC940,0xD9C0,0xD160,0xC940,0xB860,0xB8A0,0xF2C0,0xE200,0xD160,
    0xD9C0,0xF2A0,0xD9E0,0xC100,0xC900,0xC0E0,0xB8A0,0xD160,0xD1A0,0xD9A0,0xB060,0xA800,
    0xB880,0xB8A0,0xC920,0xD9A0,0xC0E0,0xC0C0,0xE200,0xD1A0,0xB060,0xC0E0,0xC0C0,0xB860,
    0xD9E0,0xE200,0xC0E0,0xC920,0xC0E0,0xE220,0xE220,0xD9C0,0xE220,0xD9E0,0xEA80,0xEA80,
    0xFBA0,0xFB20,0xFBA0,0xE2A0,0xB040,0xC960,0xC940,0xC940,0xD160,0xF2C0,0xFB20,0xE240,
    0xEA80,0xEA80,0xD9E0,0xEA60,0xFB00,0xF2C0,0xEA40,0xFB80,0xFB60,0xF2C0,0xDA00,0xD160,
    0xEAA0,0xD9A0,0xB040,0xD160,0xD180,0xF2C0,0xFB40,0xD9E0,0xE220,0xF2A0,0xE220,0xC940,
    0xF2E0,0xEAC0,0xE260,0xFC02,0xEAA0,0xEA80,0xEA60,0xD9C0,0xB860,0xD1A0,0xE220,0xC920,
    0xB040,0xB020,0xD160,0xD9E0,0xB8A0,0xA000,0xA000,0xC100,0xD160,0xC100,0xE200,0xD9A0,
    0xD160,0xC0C0,0xC900,0xD180,0xD160,0xD9E0,0xD9C0,0xC0C0,0xD1A0,0xE220,0xDA00,0xD9C0,
    0xD9C0,0xD180,0xB8A0,0xB040,0xC940,0xC940,0xC920,0xC0A0,0xC0E0,0xE220,0xF2C0,0xEAA0,
    0xFBA0,0xF2C0,0xD9C0,0xC940,0xB860,0xC920,0xC900,0xD9C0,0xFBA0,0xEA80,0xEA80,0xEA60,
    0xF2C0,0xDA00,0xD180,0xD9A0,0xE200,0xF2C0,0xFBE2,0xFD05,0xFC84,0xFB80,0xF2C0,0xF2C0,
    0xF2E0,0xFB80,0xFC20,0xFB80,0xF300,0xFB00,0xFBC0,0xFC01,0xFD4A,0xFEB4,0xFC02,0xF280,
    0xE220,0xE220,0xD9E0,0xD9E0,0xC940,0xC0C0,0xD180,0xD180,0xD160,0xC920,0xC920,0xD9E0,
    0xEA80,0xE200,0xD160,0xD180,0xE240,0xF2C0,0xEA80,0xFB20,0xFBE0,0xFB60,0xFC22,0xFCA6,
    0xFC63,0xFBE1,0xF2A0,0xFB00,0xF2E0,0xEA60,0xE220,0xEA80,0xF2C0,0xE240,0xE200,0xC920,
    0xC100,0xD180,0xD9C0,0xB8A0,0xB040,0xC920,0xFB60,0xDA00,0xA000,0x9800,0xA000,0xB000,
    0x9000,0x7800,0x9000,0x9800,0xA000,0xA800,0x9800,0x8000,0xB080,0xD160,0xD1A0,0xD9E0,
    0xC0E0,0xB880,0xB040,0xA000,0x9800,0xB080,0xC920,0xD1A0,0xC940,0xB060,0xC0E0,0xE240,
    0xDA00,0xB060,0xB8A0,0xE240,0xEA40,0xC920,0xC0A0,0xC920,0xE240,0xEA80,0xC900,0xB8A0,
    0xB060,0xB020,0xC0C0,0xC920,0xE200,0xE240,0xD9E0,0xC0E0,0xD180,0xD9E0,0xE220,0xD1A0,
    0xD160,0xD1A0,0xB860,0xB8A0,0xD180,0xD1A0,0xD9C0,0xE240,0xEA80,0xC920,0xA800,0xC100,
    0xEA80,0xEAA0,0xFC00,0xF2E0,0xF321,0xFC43,0xFD27,0xF362,0xE200,0xEAA0,0xD9E0,0xC100,
    0xD160,0xD9C0,0xC920,0xC0C0,0xA800,0xB020,0xC0C0,0xC920,0xD180,0xD9C0,0xE200,0xEA80,
    0xD9E0,0xD9C0,0xF2C0,0xEAA0,0xEAA0,0xFBA0,0xFBC0,0xFB40,0xFB20,0xEA60,0xD1A0,0xC920,
    0xD1A0,0xF2C0,0xEA60,0xF2E0,0xFBC1,0xF300,0xD180,0xC0E0,0xC0E0,0xDA00,0xFB20,0xF320,
    0xD1A0,0xC920,0xC940,0xC920,0xD180,0xB8A0,0xC0E0,0xC900,0xB860,0xC900,0xEA60,0xFB00,
    0xEAA0,0xF2C0,0xF2E0,0xFB20,0xEA80,0xE220,0xEA60,0xEAA0,0xE200,0xC920,0xC960,0xD9A0,
    0xD9E0,0xE200,0xEA60,0xD9C0,0xD160,0xC920,0xA800,0xB040,0xD9C0,0xC940,0xC0A0,0xB880,
    0xD160,0xF2C0,0xE240,0xC100,0xC0E0,0xE240,0xF2C0,0xE260,0xC920,0xD160,0xC920,0xD180,
    0xEA60,0xF300,0xFB60,0xEA80,0xD1A0,0xC920,0xD180,0xE220,0xE240,0xC0E0,0xA800,0xA000,
    0xB880,0xB080,0xB8A0,0xE200,0xB880,0xB040,0xB860,0xE240,0xC100,0xB880,0xD160,0xEA80,
    0xE240,0xE240,0xF2A0,0xD160,0xC0C0,0xB880,0xD180,0xD160,0xA820,0xC920,0xC940,0xD160,
    0xC960,0xD9C0,0xD9E0,0xD1A0,0xC0C0,0xC0E0,0xD9E0,0xD1A0,0xD160,0xD9C0,0xE240,0xD9A0,
    0xEA60,0xE200,0xC900,0xD180,0xD9E0,0xD9E0,0xE240,0xE240,0xE220,0xF2C0,0xEA60,0xE220,
    0xEAA0,0xF2E0,0xF2C0,0xFB20,0xEA60,0xEA80,0xFBE0,0xFC62,0xFBA0,0xFB60,0xFBE0,0xFB40,
    0xF2C0,0xFC62,0xFB81,0xE200,0xEA60,0xE220,0xF300,0xFC62,0xFDAC,0xFE94,0xFCE6,0xFC00,
    0xFBA0,0xFB60,0xFB60,0xFB20,0xEAA0,0xE200,0xF2C0,0xE240,0xEA40,0xFB20,0xEA80,0xF2E0,
    0xFB20,0xEA80,0xEA60,0xEA40,0xD160,0xEA60,0xEAA0,0xE200,0xEA40,0xD1A0,0xD9E0,0xF2E0,
    0xE220,0xD180,0xD9E0,0xD9C0,0xD1A0,0xD9C0,0xC940,0xD180,0xE260,0xF300,0xF2C0,0xFB20,
    0xFB00,0xC920,0xB040,0xA800,0xA800,0xB020,0xB060,0xC940,0xDA00,0xF300,0xFC62,0xFC00,
    0xEAA0,0xD9C0,0xFB20,0xE240,0xB860,0xB060,0xC920,0xC920,0xD180,0xEA60,0xE220,0xD9C0,
    0xD180,0xD180,0xD160,0xB880,0xC0C0,0xEAA0,0xEA80,0xE200,0xD1A0,0xE220,0xD1A0,0xE200,
    0xB8C0,0xA000,0xD180,0xEA60,0xC920,0xD9C0,0xC0C0,0xA800,0xC0A0,0xC0E0,0xC900,0xC0C0,
    0xD140,0xC920,0xD160,0xD160,0xA820,0xC920,0xC920,0xA820,0xC920,0xD160,0xD180,0xD9C0,
    0xD180,0xEA80,0xF2A0,0xEA40,0xF300,0xFC03,0xF300,0xFB00,0xF2C0,0xE200,0xF300,0xEAC0,
    0xB020,0xC0E0,0xC0E0,0xF300,0xC0E0,0xE220,0xE240,0xD9E0,0xE200,0xEAA0,0xE200,0xEAA0,
    0xEAA0,0xF2C0,0xEA80,0xFB20,0xFC21,0xF2E0,0xD160,0xD160,0xF2C0,0xD160,0xB8A0,0xD9E0,
    0xD9C0,0xD160,0xE200,0xC940,0xD160,0xE200,0xF2E0,0xD9E0,0xE220,0xE200,0xD9E0,0xFC03,
    0xF2C0,0xEA60,0xD180,0xD1A0,0xC0E0,0xC920,0xD1A0,0xD180,0xB040,0xB8A0,0xD1A0,0xD1A0,
    0xC0E0,0xB040,0xB060,0xC100,0xC0C0,0xC0E0,0xD9C0,0xD9E0,0xC0C0,0xB020,0xD180,0xD180,
    0xD160,0xD1A0,0xE200,0xD9E0,0xD9E0,0xD9E0,0xD9C0,0xE200,0xE220,0xC940,0xB880,0xC100,
    0xC920,0xC0C0,0xC940,0xC100,0xC900,0xE220,0xE240,0xD180,0xFB60,0xF2A0,0xDA00,0xD180,
    0xB860,0xC0C0,0xC0E0,0xD160,0xFC21,0xFBC0,0xEA40,0xD180,0xD9C0,0xD180,0xD180,0xD180,
    0xD9C0,0xFB60,0xFC62,0xFBA0,0xEA80,0xE240,0xD9E0,0xD180,0xD9C0,0xFB40,0xFBC0,0xFB40,
    0xFB60,0xFCA6,0xFC21,0xFB20,0xFB60,0xFDAC,0xFCE9,0xFAC0,0xF300,0xF2C0,0xD9C0,0xD9C0,
    0xC940,0xC0E0,0xD160,0xC920,0xD1A0,0xEA60,0xC940,0xD1A0,0xEAA0,0xD9C0,0xC900,0xD9E0,
    0xEA60,0xF2E0,0xEA80,0xEA40,0xE240,0xEA60,0xEAC0,0xEA60,0xFC41,0xF360,0xE240,0xFB40,
    0xF2C0,0xDA00,0xD180,0xD180,0xE240,0xE260,0xD9A0,0xC920,0xC920,0xD180,0xD9A0,0xC920,
    0xC0E0,0xD180,0xF2E0,0xD1A0,0x9000,0x9800,0xA000,0xB040,0x9000,0x7000,0x8000,0x9800,
    0xA800,0xA800,0xA000,0x9800,0xB8A0,0xB8A0,0xB8A0,0xD160,0xC920,0xC0E0,0xC0C0,0x9800,
    0xA820,0xB8A0,0xD9C0,0xC940,0xC0E0,0xB8A0,0xD9E0,0xFB20,0xD180,0xA000,0xB8C0,0xE240,
    0xE220,0xE240,0xE240,0xD1A0,0xC920,0xD9C0,0xC0E0,0xC940,0xC920,0xB040,0xC0C0,0xC100,
    0xE200,0xE200,0xDA00,0xC940,0xDA00,0xF2E0,0xF2C0,0xE200,0xD1A0,0xD1A0,0xC940,0xA000,
    0xB060,0xD180,0xD180,0xC920,0xD9A0,0xC0C0,0xA800,0xD160,0xEA80,0xE240,0xF2E0,0xFC41,
    0xFC22,0xFC43,0xFC20,0xE240,0xC900,0xF2C0,0xE200,0xC0C0,0xD1A0,0xD1A0,0xC0E0,0xC920,
    0xC0E0,0xC0E0,0xD140,0xD160,0xD9C0,0xE220,0xF2E0,0xFB80,0xEA60,0xD9E0,0xEA80,0xF2E0,
    0xF2A0,0xFB80,0xFBC0,0xF2E0,0xFB20,0xF2C0,0xD1A0,0xC920,0xC940,0xD9E0,0xE220,0xDA00,
    0xEA60,0xEAA0,0xD9C0,0xC900,0xD160,0xEA60,0xF2E0,0xE220,0xD9C0,0xD9C0,0xC940,0xC0C0,
    0xC920,0xB880,0xB880,0xD160,0xD180,0xB8A0,0xE240,0xEA60,0xC920,0xEA60,0xF2E0,0xEAA0,
    0xF2C0,0xE240,0xE240,0xF2A0,0xE240,0xB880,0xC920,0xD9E0,0xD9E0,0xE200,0xEA80,0xDA00,
    0xD1A0,0xD9E0,0xC920,0xC0E0,0xE220,0xC920,0xC0A0,0xD9C0,0xD180,0xC920,0xD160,0xB8A0,
    0xC0C0,0xF2C0,0xF2E0,0xEA80,0xC940,0xC100,0xD9E0,0xE220,0xF2E0,0xFBA0,0xF2E0,0xD9C0,
    0xC940,0xB880,0xD1A0,0xEA60,0xE240,0xC0E0,0xA800,0xA800,0xB8A0,0xB040,0xB040,0xC100,
    0xB860,0xA800,0xA000,0xC940,0xB8A0,0xB040,0xEA60,0xFB20,0xDA00,0xDA00,0xF2C0,0xDA00,
    0xD140,0xA820,0xC0E0,0xB060,0xB8A0,0xE240,0xD9E0,0xD160,0xC0C0,0xD9C0,0xE200,0xD1A0,
    0xD1A0,0xC100,0xC920,0xC0E0,0xC900,0xD180,0xE200,0xE220,0xE200,0xC920,0xC900,0xD160,
    0xC0E0,0xC100,0xE220,0xF2E0,0xEA60,0xEA80,0xD9A0,0xD160,0xD9E0,0xEA80,0xF2A0,0xFB00,
    0xE220,0xD9C0,0xFBC1,0xFC62,0xFBA0,0xFB80,0xFB40,0xEA80,0xF2A0,0xFC83,0xFB80,0xD9E0,
    0xE220,0xEA60,0xE240,0xF2E0,0xFC84,0xFCA4,0xFBE0,0xFBC0,0xFC42,0xFBC0,0xFB00,0xFB00,
    0xF2E0,0xEA60,0xF2E0,0xF2C0,0xF2C0,0xFB00,0xF2E0,0xFB20,0xFB00,0xF2C0,0xEAA0,0xEA60,
    0xEA60,0xEA60,0xDA00,0xC940,0xD9E0,0xD160,0xD9E0,0xE240,0xD9C0,0xF3A2,0xF381,0xC920,
    0xEA60,0xEA40,0xD160,0xC940,0xEA60,0xFBE0,0xFB60,0xFB60,0xFB20,0xD180,0xB860,0xA800,
    0xA800,0xA800,0xB880,0xD180,0xEA60,0xE200,0xEB42,0xEAE1,0xB880,0xC940,0xFB00,0xEA60,
    0xB040,0xA820,0xC0E0,0xC0C0,0xB880,0xC0C0,0xD9A0,0xC940,0xC0C0,0xD9E0,0xE240,0xC0E0,
    0xC940,0xF2C0,0xFB00,0xEA60,0xD9C0,0xD180,0xD180,0xE200,0xA840,0x9800,0xD160,0xE220,
    0xC940,0xD160,0xC0C0,0xB040,0xB860,0xC920,0xFB60,0xB8A0,0xB880,0xD180,0xC920,0xC920,
    0xB8A0,0xC940,0xD180,0xB020,0xC100,0xC0C0,0xDA00,0xE240,0xD9E0,0xEAA0,0xFB00,0xE200,
    0xE240,0xFC44,0xFBE0,0xFB60,0xD180,0xD180,0xD1A0,0xC940,0xB020,0xA820,0xB8A0,0xC960,
    0xB060,0xC0E0,0xD180,0xF2E0,0xF2C0,0xE240,0xEA80,0xFB00,0xE240,0xDA00,0xEA60,0xFB60,
    0xFBC0,0xF2A0,0xD9C0,0xE200,0xD9E0,0xC0C0,0xD180,0xE220,0xEA80,0xD180,0xC0E0,0xC0C0,
    0xC0E0,0xD9E0,0xF300,0xE240,0xC900,0xC920,0xC940,0xEAA0,0xEA80,0xE200,0xD180,0xD180,
    0xD160,0xC0C0,0xD1A0,0xC940,0xB060,0xB8A0,0xE200,0xD1A0,0xC0E0,0xC0E0,0xB860,0xB060,
    0xB060,0xC0C0,0xD180,0xD160,0xA800,0xB060,0xD9C0,0xC940,0xC920,0xD160,0xD180,0xE240,
    0xD9C0,0xD1A0,0xC960,0xD9C0,0xD9E0,0xC920,0xC900,0xD9E0,0xE200,0xD160,0xD9C0,0xC0E0,
    0xC0E0,0xE240,0xEA80,0xC0C0,0xEA80,0xF2E0,0xD180,0xC0E0,0xB000,0xB040,0xC0E0,0xC0E0,
    0xF300,0xEAA0,0xD160,0xC100,0xB8A0,0xC940,0xE200,0xD9C0,0xC900,0xEA60,0xFB60,0xEA80,
    0xD9E0,0xD9C0,0xD1A0,0xD180,0xE220,0xFB40,0xFBA0,0xF2E0,0xFBE0,0xFE0F,0xFCA5,0xF2A0,
    0xFBC1,0xFC41,0xF341,0xFB80,0xFC40,0xEA80,0xD9C0,0xE220,0xD1A0,0xD160,0xD1A0,0xC920,
    0xEA60,0xFB20,0xD9C0,0xE200,0xEA80,0xC940,0xC900,0xF2E0,0xF2C0,0xE220,0xE260,0xDA00,
    0xD180,0xEA80,0xE220,0xE240,0xFB40,0xF2C0,0xDA00,0xEAA0,0xE240,0xD160,0xC900,0xC940,
    0xD180,0xD9C0,0xD9C0,0xD9C0,0xD1A0,0xC920,0xC920,0xD9C0,0xD9C0,0xC100,0xC940,0xD160,
    0x8800,0x9000,0xA840,0xC0E0,0x9800,0x7800,0x9000,0x9000,0xA800,0xB000,0xA000,0x9800,
    0xB880,0xA800,0xA800,0xC0E0,0xB880,0xC100,0xC960,0xA000,0xB860,0xA020,0xC0E0,0xD9E0,
    0xC100,0xC0C0,0xF2C0,0xF2E0,0xC940,0xB8C0,0xC920,0xE220,0xF2C0,0xF2E0,0xFB20,0xE280,
    0xC920,0xD180,0xC0E0,0xD1A0,0xE220,0xC900,0xC0E0,0xB8A0,0xD9C0,0xE240,0xD9C0,0xE220,
    0xEA60,0xEA80,0xE240,0xE240,0xE200,0xC920,0xD160,0xB060,0xA000,0xC0C0,0xC100,0xB880,
    0xC0C0,0xB060,0xB040,0xE240,0xFB00,0xD180,0xC940,0xF361,0xEAA0,0xFB20,0xFC00,0xD9E0,
    0xC940,0xF2A0,0xE220,0xC100,0xD1A0,0xD180,0xC0A0,0xC920,0xE220,0xC0E0,0xD9C0,0xC920,
    0xD9C0,0xF2C0,0xF2C0,0xFB00,0xEA80,0xE200,0xE220,0xEAA0,0xEA60,0xF2C0,0xFB20,0xE240,
    0xF2C0,0xFB40,0xD9C0,0xC940,0xD180,0xD9C0,0xEA60,0xD180,0xD9E0,0xEA80,0xE220,0xD180,
    0xD9E0,0xEA80,0xE220,0xC940,0xD160,0xD180,0xC940,0xD160,0xD180,0xC900,0xC0C0,0xD180,
    0xEA60,0xEAA0,0xE220,0xEA80,0xC0C0,0xD180,0xE240,0xDA00,0xC900,0xD9C0,0xE240,0xF2E0,
    0xE200,0xC0E0,0xC0E0,0xD9E0,0xE200,0xE200,0xE220,0xD9C0,0xD160,0xE220,0xD180,0xC0E0,
    0xDA00,0xB880,0xC0C0,0xD9C0,0xC940,0xEAC0,0xD180,0xB040,0xC0C0,0xD9E0,0xEA80,0xEA60,
    0xD9E0,0xD9C0,0xDA00,0xE240,0xFB40,0xFB40,0xEA40,0xC940,0xC0C0,0xB040,0xD9C0,0xF2C0,
    0xD9E0,0xC900,0xA800,0xA000,0xB880,0xB040,0xA800,0xA800,0xB060,0xA800,0x9800,0xB880,
    0xC0E0,0xA800,0xD9C0,0xE220,0xC0E0,0xD9C0,0xEAA0,0xD9C0,0xE1E0,0xB060,0x9800,0xA000,
    0xA820,0xC940,0xD180,0xD9E0,0xC940,0xEA60,0xEA60,0xD9E0,0xE240,0xD9E0,0xC900,0xC920,
    0xC0C0,0xC900,0xD9C0,0xEA80,0xEA60,0xD1A0,0xC900,0xC920,0xC920,0xB880,0xD9E0,0xFB00,
    0xEA80,0xE220,0xD180,0xC940,0xD9E0,0xF300,0xFB40,0xFB60,0xE200,0xD160,0xFB40,0xFB60,
    0xEA80,0xEAA0,0xE240,0xD9C0,0xFB61,0xFD27,0xFB60,0xD9E0,0xD9C0,0xEA80,0xF2C0,0xF300,
    0xFCA5,0xFB80,0xF2A0,0xF2E0,0xFCA4,0xFC22,0xFAE0,0xE240,0xE220,0xF2E0,0xFB60,0xF2A0,
    0xEAA0,0xFB00,0xF2E0,0xEA80,0xE220,0xEA40,0xEA60,0xE200,0xEA80,0xFB80,0xE240,0xC940,
    0xD1A0,0xD1A0,0xE220,0xE240,0xEA80,0xFBC0,0xEAA0,0xD9E0,0xF2A0,0xD9C0,0xD160,0xC900,
    0xEA40,0xFB60,0xFB20,0xEAA0,0xEA80,0xD9C0,0xC0E0,0xB040,0xC0C0,0xD160,0xC0E0,0xD180,
    0xDA00,0xD1A0,0xD180,0xC0C0,0xB880,0xD9C0,0xEA80,0xD160,0xB860,0xB040,0xB040,0xB860,
    0xB040,0xA800,0xB880,0xB040,0xA000,0xD160,0xD160,0xC940,0xD9C0,0xEA80,0xF2C0,0xEA80,
    0xD9E0,0xC0C0,0xD1A0,0xD9E0,0xA840,0xA800,0xD180,0xE220,0xD9C0,0xC100,0xB020,0xB060,
    0xC900,0xE200,0xFB60,0xE220,0xA800,0xA820,0xC0C0,0xB8A0,0xC900,0xD180,0xC100,0xB040,
    0xC100,0xD9E0,0xDA00,0xF2E0,0xE220,0xEA60,0xEA80,0xD180,0xC940,0xE200,0xFB20,0xEA60,
    0xD1A0,0xC920,0xB860,0xB060,0xB040,0xA800,0xD160,0xC900,0xB040,0xB040,0xC900,0xEAA0,
    0xF2C0,0xE220,0xF2C0,0xFB20,0xD9E0,0xD160,0xE220,0xFB80,0xF300,0xE220,0xEA60,0xFB60,
    0xE220,0xB8A0,0xD9C0,0xEAE0,0xFC01,0xF2E0,0xC920,0xC0C0,0xD180,0xE220,0xE220,0xEAA0,
    0xD9C0,0xC920,0xD160,0xEA40,0xE240,0xEA60,0xE220,0xD9C0,0xD180,0xC0E0,0xC940,0xC0C0,
    0xA800,0xA800,0xC920,0xD9E0,0xD160,0xC100,0xB860,0xA820,0xA000,0xA000,0xC940,0xD9C0,
    0xB8C0,0xB060,0xC920,0xB8A0,0xA800,0xB060,0xD160,0xC100,0xD9C0,0xD9E0,0xD160,0xD9C0,
    0xD1A0,0xC0C0,0xC0E0,0xEA80,0xEA80,0xD180,0xD180,0xC920,0xD9E0,0xD160,0xD180,0xB8A0,
    0xC0E0,0xEA60,0xE240,0xC0E0,0xB020,0xB040,0xB860,0xB040,0xD9C0,0xD1A0,0xC0A0,0xB8A0,
    0xB8A0,0xD180,0xEAA0,0xD1A0,0xC0E0,0xD180,0xF2C0,0xE220,0xE200,0xE220,0xE200,0xE220,
    0xEAA0,0xFB60,0xFB40,0xE240,0xFB80,0xFD8A,0xFC45,0xF280,0xFC64,0xFCA6,0xEA20,0xFB60,
    0xFB80,0xEA60,0xFB40,0xFB20,0xE220,0xD180,0xEA80,0xE220,0xD9E0,0xEA60,0xE200,0xEAA0,
    0xF2C0,0xD9E0,0xD9C0,0xFC21,0xFB80,0xD9C0,0xC940,0xEA60,0xE200,0xD9E0,0xD9C0,0xD9C0,
    0xEA80,0xE240,0xD1A0,0xEAA0,0xD9E0,0xC920,0xC920,0xD160,0xC900,0xC920,0xE220,0xE240,
    0xD9E0,0xC900,0xC0E0,0xEA60,0xE220,0xC0A0,0xB040,0xB880,0x9000,0x8000,0xA020,0xC0C0,
    0xA840,0x9800,0x9000,0x9800,0xA000,0xA800,0xA800,0x9800,0xA800,0x9800,0xB060,0xC8E0,
    0xA000,0xC100,0xC0E0,0x9800,0xB880,0x9800,0xB040,0xD9E0,0xC940,0xB860,0xEA40,0xD9E0,
    0xD160,0xC900,0xC900,0xEA80,0xEA80,0xE200,0xF2C0,0xD1A0,0xD9C0,0xDA00,0xD180,0xE240,
    0xE220,0xD9E0,0xC920,0xC0A0,0xEA60,0xFB00,0xE220,0xEA60,0xD9E0,0xD9E0,0xE200,0xE200,
    0xD9C0,0xB8A0,0xC0E0,0xB880,0xA800,0xC940,0xC0E0,0xA800,0xC960,0xC0E0,0xB860,0xEAA0,
    0xFB60,0xD9E0,0xC0A0,0xD160,0xD9A0,0xEA80,0xFAE0,0xF2E0,0xEA80,0xF2C0,0xE220,0xC920,
    0xC100,0xB8A0,0xB8A0,0xEA80,0xF2E0,0xB8A0,0xB860,0xC0E0,0xD1A0,0xE220,0xE240,0xE220,
    0xE240,0xD9E0,0xD9C0,0xEA60,0xE220,0xE240,0xD9E0,0xD180,0xE220,0xFB60,0xDA00,0xC940,
    0xD9A0,0xD180,0xE240,0xD9C0,0xD180,0xD180,0xD9C0,0xD180,0xEA60,0xFB60,0xD9C0,0xC940,
    0xC100,0xC0E0,0xD160,0xD9C0,0xD180,0xC940,0xC940,0xE220,0xEA60,0xF2C0,0xEAA0,0xD1A0,
    0xB880,0xC0E0,0xD180,0xC920,0xC920,0xE220,0xD9E0,0xE240,0xD9C0,0xD180,0xC0C0,0xD160,
    0xEA60,0xE200,0xD9E0,0xC900,0xB040,0xD9C0,0xD180,0xB880,0xB020,0xB020,0xB040,0xC920,
    0xEA60,0xF300,0xD180,0xB040,0xD160,0xEA80,0xEA40,0xD1A0,0xD180,0xDA00,0xE240,0xEA60,
    0xF2E0,0xEA60,0xD180,0xC0C0,0xC0C0,0xB880,0xC920,0xF2C0,0xD180,0xC100,0xA800,0xA800,
    0xA800,0xA000,0xB020,0xA820,0xC100,0xB880,0xA800,0xB8A0,0xC920,0xC940,0xD9C0,0xD160,
    0xC0C0,0xC0C0,0xD180,0xD160,0xC920,0xA820,0xA000,0xA000,0xA800,0xC0C0,0xC0E0,0xE240,
    0xEA40,0xE220,0xE260,0xE240,0xE240,0xD9E0,0xD9E0,0xC0C0,0xB040,0xC900,0xD180,0xEA60,
    0xF300,0xE240,0xE240,0xE220,0xD180,0xC920,0xD1A0,0xEA80,0xD9A0,0xC920,0xD160,0xD160,
    0xEAA0,0xFB80,0xFBC0,0xFB80,0xE220,0xC920,0xEA80,0xF2C0,0xD9A0,0xE220,0xD9C0,0xE220,
    0xFC01,0xFC01,0xFB20,0xE220,0xD9C0,0xE220,0xFBE1,0xFC41,0xFCC5,0xFBA1,0xE1E0,0xEA40,
    0xFC62,0xFBC1,0xEA60,0xD9E0,0xD9C0,0xF2E0,0xFBA0,0xE240,0xD9C0,0xEA80,0xF2A0,0xD9E0,
    0xD160,0xD1A0,0xD9C0,0xD160,0xE200,0xEA60,0xD9E0,0xD180,0xD1A0,0xE220,0xE240,0xE200,
    0xF320,0xEA80,0xD9E0,0xEA60,0xD9C0,0xD180,0xD1A0,0xC900,0xD180,0xF300,0xEAA0,0xD1A0,
    0xEA60,0xD180,0xC0E0,0xC940,0xC0A0,0xD1A0,0xD160,0xD160,0xD180,0xD180,0xC960,0xD9C0,
    0xD9A0,0xD160,0xE240,0xF300,0xE220,0xB880,0xA800,0xA800,0xA800,0xA000,0xA000,0xA800,
    0xA000,0xC100,0xD140,0xC920,0xEA60,0xEA80,0xE200,0xE220,0xD9C0,0xC940,0xDA00,0xE220,
    0xC0E0,0xC0C0,0xD180,0xEA80,0xD9E0,0xC0E0,0xB020,0xB860,0xD1A0,0xE220,0xD180,0xEAA0,
    0xD9E0,0x9800,0xB060,0xC0A0,0xD1A0,0xD9C0,0xC0E0,0xC0C0,0xC920,0xD160,0xD9A0,0xEA80,
    0xE200,0xC940,0xC940,0xD9C0,0xD1A0,0xD180,0xEA60,0xFB60,0xD180,0xB880,0xB880,0xC900,
    0xC0E0,0xC920,0xD9E0,0xD9E0,0xB8A0,0xC900,0xE220,0xF2A0,0xEAA0,0xE240,0xEA80,0xF2A0,
    0xD9C0,0xC920,0xD9E0,0xFB40,0xF2C0,0xE240,0xF2C0,0xFB00,0xE200,0xC100,0xE220,0xF300,
    0xFC83,0xF2C0,0xD1A0,0xC0E0,0xEAC0,0xF2C0,0xEAA0,0xFB00,0xE200,0xD1A0,0xD9E0,0xF2A0,
    0xDA00,0xE220,0xEA60,0xDA00,0xD180,0xD160,0xC100,0xB880,0xB020,0xA840,0xD140,0xD9C0,
    0xD180,0xC940,0xC940,0xC0C0,0xB040,0xA820,0xC0E0,0xEA60,0xD1A0,0xD1A0,0xC100,0xB860,
    0xB040,0xB8A0,0xD160,0xB020,0xE200,0xDA00,0xC940,0xC940,0xC940,0xC920,0xC100,0xEA80,
    0xF300,0xC920,0xB8A0,0xC920,0xC0E0,0xB8A0,0xC0E0,0xB020,0xC0A0,0xFB40,0xF320,0xD9E0,
    0xB8A0,0xA800,0xC100,0xC900,0xD9C0,0xE240,0xD1A0,0xD9A0,0xDA00,0xD9E0,0xF2C0,0xC920,
    0xC960,0xC940,0xD9C0,0xD9E0,0xD9E0,0xEA80,0xE220,0xE220,0xF2C0,0xFB60,0xF2C0,0xD9E0,
    0xEAA0,0xFBE2,0xFB61,0xEA60,0xFC43,0xFC45,0xD9E0,0xF2C0,0xF2A0,0xEAA0,0xFC21,0xFBA0,
    0xF2C0,0xE240,0xFC00,0xE260,0xC920,0xEAA0,0xF2C0,0xF2C0,0xFB20,0xFB20,0xF2C0,0xFC01,
    0xF300,0xD180,0xC900,0xE220,0xF300,0xD160,0xC940,0xC920,0xD160,0xD9E0,0xD1A0,0xE220,
    0xD180,0xC0C0,0xC0C0,0xD160,0xC920,0xC0C0,0xD180,0xE220,0xD160,0xB8A0,0xB860,0xE240,
    0xD9E0,0xB040,0xA000,0xB000,0x9000,0x7000,0xA040,0xD160,0xA000,0xA800,0x9800,0x9000,
    0x9800,0x9800,0xA000,0x9800,0x9800,0x9000,0xA040,0xC0C0,0xB040,0xB860,0xB060,0xB020,
    0xB040,0x9800,0xA820,0xD9A0,0xC100,0xB040,0xD160,0xD9C0,0xC920,0xC0C0,0xD180,0xFB40,
    0xEA80,0xC0E0,0xD9C0,0xD9C0,0xE240,0xF2C0,0xEA80,0xFB00,0xF2A0,0xEA60,0xC900,0xB8C0,
    0xEA60,0xF2C0,0xE240,0xD180,0xC0C0,0xD160,0xEAA0,0xD180,0xC940,0xB060,0xB8A0,0xC0C0,
    0xA800,0xC920,0xD1A0,0xA820,0xB8C0,0xC920,0xC900,0xD180,0xF2C0,0xE220,0xB880,0xD180,
    0xEA60,0xD9C0,0xF300,0xFBE0,0xFB00,0xE200,0xD160,0xC920,0xB8A0,0xC0A0,0xC940,0xFB00,
    0xD180,0xB040,0xA000,0xB020,0xC100,0xD1A0,0xD180,0xD180,0xE200,0xEAA0,0xD9E0,0xEA60,
    0xD180,0xC920,0xC900,0xB8A0,0xC940,0xF2E0,0xD9E0,0xC920,0xD1A0,0xD1A0,0xDA00,0xD1A0,
    0xD160,0xD160,0xD9A0,0xD9C0,0xE240,0xEA80,0xD9E0,0xC920,0xC0C0,0xC900,0xE200,0xEA60,
    0xC940,0xC0E0,0xE200,0xE220,0xD1A0,0xEA40,0xE240,0xB8A0,0xB880,0xD160,0xC920,0xC0E0,
    0xE220,0xF2C0,0xD9E0,0xE220,0xC900,0xD9E0,0xD180,0xD160,0xE220,0xE200,0xDA00,0xC900,
    0xA800,0xC920,0xD9C0,0xC0E0,0xB860,0xA840,0xB880,0xD180,0xE200,0xD9C0,0xC920,0xB880,
    0xC920,0xD180,0xB880,0xB040,0xB880,0xD1A0,0xE240,0xEA80,0xEA60,0xE200,0xC960,0xC0C0,
    0xC900,0xD180,0xE200,0xD9E0,0xC920,0xB880,0xA800,0xA000,0xA000,0xA000,0xB020,0xB040,
    0xD160,0xB080,0xA820,0xC0E0,0xC0C0,0xD180,0xEAA0,0xD180,0xC920,0xC0C0,0xB880,0xB060,
    0xB040,0xB040,0xA820,0xA800,0xA800,0xB880,0xC0A0,0xE280,0xFC64,0xD180,0xD9A0,0xD9E0,
    0xD9E0,0xC900,0xC900,0xB000,0xB060,0xC900,0xC920,0xE220,0xFB00,0xEA60,0xF2C0,0xE220,
    0xD9E0,0xE220,0xD9E0,0xF2E0,0xE240,0xE200,0xC960,0xC900,0xF2E0,0xFB20,0xF2A0,0xF2E0,
    0xF2C0,0xD9C0,0xD9E0,0xE200,0xD160,0xD9C0,0xE200,0xF382,0xFD05,0xF300,0xF2A0,0xEA80,
    0xEA80,0xEA40,0xFC65,0xFD49,0xFC83,0xFBA0,0xEA60,0xFB40,0xFC20,0xFB60,0xEA60,0xEA40,
    0xEA60,0xFB00,0xFB20,0xD1A0,0xC940,0xEA60,0xF320,0xD9C0,0xD160,0xD9E0,0xD160,0xC920,
    0xEAA0,0xE220,0xD160,0xD9E0,0xD180,0xD9C0,0xF2E0,0xE240,0xD1A0,0xE220,0xE220,0xD180,
    0xC920,0xD180,0xD1A0,0xD9E0,0xE220,0xF2E0,0xEA80,0xD1A0,0xD9E0,0xF300,0xD160,0xB8A0,
    0xC0C0,0xC920,0xC0E0,0xD160,0xD9E0,0xE200,0xD160,0xEA60,0xE240,0xC920,0xE220,0xF2E0,
    0xFB20,0xC940,0xA800,0x9800,0x9000,0x9800,0x9800,0xA820,0xC900,0xD140,0xD9A0,0xD1A0,
    0xF2C0,0xFB40,0xE260,0xD160,0xC940,0xD160,0xC940,0xD9C0,0xD9C0,0xB8A0,0xC0C0,0xD9E0,
    0xC920,0xC0E0,0xC0E0,0xB860,0xD180,0xE220,0xC900,0xD9E0,0xEA60,0xA820,0xA820,0xC920,
    0xD160,0xC920,0xC940,0xD1A0,0xF2A0,0xD180,0xA820,0xD160,0xD180,0xC920,0xC920,0xD9E0,
    0xE240,0xD9E0,0xE220,0xFC82,0xE260,0xB060,0xB020,0xC0C0,0xB860,0xD180,0xC940,0xC960,
    0xC0E0,0xC0E0,0xE240,0xEA60,0xE240,0xE220,0xEA60,0xE240,0xD1A0,0xC920,0xD9C0,0xEA40,
    0xF300,0xFB20,0xE240,0xD9E0,0xC940,0xE260,0xF2E0,0xF340,0xF320,0xD9C0,0xC100,0xD160,
    0xFBE0,0xFBC0,0xFBC0,0xF2E0,0xD9E0,0xD1A0,0xEA60,0xF2A0,0xD180,0xD1A0,0xEA60,0xD9E0,
    0xD160,0xC0C0,0xC0C0,0xB8A0,0xA000,0xA820,0xC0E0,0xC940,0xC0E0,0xC920,0xE200,0xD180,
    0xC900,0xB040,0xC0C0,0xB8A0,0xC0E0,0xD9C0,0xC940,0xB880,0xC0C0,0xC100,0xB060,0xA800,
    0xB880,0xC940,0xC100,0xC100,0xE220,0xD1A0,0xC940,0xDA00,0xF2C0,0xB860,0xB020,0xB020,
    0xA800,0xB880,0xC0A0,0xB880,0xD160,0xEAA0,0xF2C0,0xEA60,0xC920,0xC0C0,0xC100,0xD140,
    0xD9A0,0xFB40,0xFBE0,0xFB00,0xEA60,0xE220,0xD180,0xC0C0,0xD160,0xC920,0xD9C0,0xE220,
    0xD1A0,0xE240,0xE240,0xEA60,0xF2E0,0xFB40,0xEA60,0xD180,0xD160,0xC940,0xEA80,0xEAA0,
    0xEA60,0xF2E0,0xF2C0,0xFBA0,0xF300,0xF2A0,0xFC20,0xFCC6,0xFC42,0xF2C0,0xFB60,0xE260,
    0xD160,0xFAE0,0xF2E0,0xF2A0,0xFB40,0xF300,0xE240,0xEA60,0xD1A0,0xC900,0xC0A0,0xE200,
    0xFBC1,0xD160,0xC0C0,0xC0C0,0xD160,0xD9A0,0xD1A0,0xD180,0xC0E0,0xC100,0xC940,0xC940,
    0xD180,0xC0E0,0xC100,0xD180,0xC0C0,0xA800,0xB8A0,0xC920,0xC0E0,0xA800,0xA800,0xA820,
    0x8800,0x9000,0xB060,0xD160,0xA800,0x9800,0x9000,0x8800,0x9000,0x9000,0xA000,0x9000,
    0x9800,0x9800,0x9800,0xB880,0xA000,0xB060,0xB8A0,0xB860,0xA800,0xA000,0xB040,0xC0A0,
    0xB040,0xB020,0xC900,0xD9C0,0xD9E0,0xD9A0,0xD1A0,0xFB00,0xEA80,0xD9E0,0xC940,0xD9C0,
    0xEAA0,0xFB20,0xF300,0xF2A0,0xEA80,0xEA80,0xE240,0xC920,0xD160,0xD9C0,0xD9A0,0xC900,
    0xB860,0xC940,0xE240,0xC940,0xD180,0xC0C0,0xB060,0xB040,0xB060,0xD180,0xE220,0xB8A0,
    0xB040,0xC940,0xD180,0xC0C0,0xD9C0,0xC940,0xB880,0xD160,0xE240,0xD180,0xEA80,0xF2C0,
    0xE240,0xD9A0,0xD9C0,0xD180,0xB880,0xB020,0xC920,0xF2C0,0xF2E0,0xA820,0x9800,0xA800,
    0xC0C0,0xD160,0xB8C0,0xC0E0,0xD9C0,0xE240,0xD9C0,0xEAA0,0xD160,0xC0C0,0xB880,0xB8A0,
    0xC900,0xD9E0,0xD1A0,0xC100,0xD1A0,0xE220,0xD1C0,0xD9C0,0xD160,0xC940,0xD180,0xD1A0,
    0xD9C0,0xD1A0,0xD1A0,0xC900,0xC100,0xC900,0xC940,0xEA60,0xC920,0xB880,0xE260,0xD9C0,
    0xC0C0,0xC900,0xE200,0xD1A0,0xC960,0xEA60,0xC0E0,0xB020,0xD9C0,0xF2C0,0xE220,0xEA80,
    0xD160,0xC920,0xC960,0xD1A0,0xD1A0,0xD9E0,0xEA60,0xE220,0xB880,0xC0A0,0xD180,0xD160,
    0xD9A0,0xB880,0xB060,0xC940,0xC900,0xC0A0,0xA800,0xB040,0xB8A0,0xB060,0xB020,0xB040,
    0xD160,0xEA60,0xE240,0xEA80,0xEA60,0xD160,0xC940,0xD180,0xC900,0xD180,0xE260,0xD9E0,
    0xC900,0xB060,0xB8A0,0xA800,0xA000,0xA000,0xB880,0xC900,0xC900,0xA000,0xA000,0xB040,
    0xB060,0xD160,0xEA40,0xEA60,0xD9C0,0xC100,0xA820,0xA800,0xB8A0,0xC0C0,0xB000,0xA800,
    0xB060,0xB880,0xC8E0,0xE220,0xFCE6,0xDA00,0xC0E0,0xD9E0,0xD9C0,0xC0A0,0xA800,0xA800,
    0xB880,0xC0E0,0xC0E0,0xD1A0,0xF2A0,0xE220,0xEA80,0xF2E0,0xF2C0,0xF2E0,0xE240,0xF2E0,
    0xF2E0,0xF2C0,0xF2A0,0xEA60,0xEA80,0xF2A0,0xD9E0,0xD9E0,0xF2E0,0xF2C0,0xE220,0xC900,
    0xD1A0,0xD160,0xD9E0,0xEAC0,0xFBC1,0xF2C0,0xF361,0xFB81,0xEA60,0xFB60,0xFCE7,0xFD28,
    0xFC41,0xFCA4,0xF2E0,0xFBC0,0xFCA3,0xFBE0,0xEAA0,0xEA60,0xFB00,0xF2E0,0xEA80,0xD9C0,
    0xD180,0xF2E0,0xFB00,0xD9E0,0xD9E0,0xEA60,0xD9E0,0xD160,0xD9E0,0xEA60,0xD9E0,0xD180,
    0xC900,0xDA00,0xFC00,0xF2C0,0xD180,0xD9C0,0xD1A0,0xC0E0,0xC940,0xD9E0,0xC940,0xEA80,
    0xFB20,0xEAA0,0xE220,0xD9C0,0xD180,0xFC60,0xFBA0,0xC920,0xB880,0xC900,0xC920,0xD180,
    0xD180,0xD1A0,0xD1A0,0xE220,0xD1A0,0xC940,0xD160,0xD9A0,0xFB00,0xE240,0xB860,0xA000,
    0xA000,0xA800,0xA000,0xB880,0xC920,0xD180,0xE220,0xD9E0,0xF2A0,0xF300,0xE220,0xD9E0,
    0xDA00,0xC940,0xC0E0,0xE220,0xD9E0,0xB8A0,0xA840,0xC920,0xC900,0xC0E0,0xC920,0xB060,
    0xD9E0,0xD180,0xB880,0xC940,0xC940,0xA820,0xB060,0xD9E0,0xD180,0xC920,0xD160,0xE220,
    0xEAA0,0xD9E0,0xA820,0xC0E0,0xB860,0xC920,0xE200,0xD9C0,0xF2E0,0xF321,0xE1E0,0xFB81,
    0xE2A0,0xC0C0,0xC0C0,0xC900,0xB860,0xB040,0xC0C0,0xC920,0xC0A0,0xC0E0,0xC900,0xD160,
    0xE240,0xD9C0,0xE220,0xD9E0,0xD180,0xD9C0,0xE200,0xD9A0,0xF320,0xFC01,0xEA60,0xD180,
    0xE240,0xEAA0,0xFB00,0xFC63,0xEAA0,0xC920,0xC0E0,0xD1A0,0xFB20,0xF300,0xFB20,0xEAA0,
    0xE220,0xFB20,0xE200,0xD180,0xD180,0xD160,0xD9C0,0xDA00,0xC0C0,0xB060,0xC0C0,0xC0A0,
    0xC0A0,0xB060,0xB880,0xC0E0,0xB020,0xD180,0xF300,0xD1A0,0xD180,0xC0E0,0xB060,0xA820,
    0xC0C0,0xD1A0,0xD1A0,0xC0E0,0xB8A0,0xC900,0xA000,0xA820,0xB8A0,0xC0E0,0xB880,0xC0A0,
    0xEA80,0xDA00,0xD1A0,0xEA60,0xEAC0,0xB040,0xB040,0xA000,0xB860,0xB880,0xB860,0xD160,
    0xEA80,0xD1A0,0xD9E0,0xD9E0,0xD160,0xE220,0xD9A0,0xC0C0,0xD9C0,0xF2C0,0xEAC0,0xEA80,
    0xF2E0,0xE200,0xC0E0,0xC0E0,0xC0E0,0xC0E0,0xD160,0xD9E0,0xD1A0,0xD9C0,0xF2E0,0xFB60,
    0xFB40,0xFB60,0xEAA0,0xC940,0xC920,0xB8A0,0xD9C0,0xFBC0,0xF2A0,0xEA80,0xFB80,0xFC62,
    0xFC21,0xFB60,0xFBA0,0xFC84,0xFCC4,0xF300,0xD9E0,0xC940,0xC0C0,0xDA00,0xE260,0xEA40,
    0xFB00,0xE220,0xC0E0,0xC900,0xC100,0xD1A0,0xC0A0,0xE240,0xFBA0,0xC900,0xB880,0xB8A0,
    0xD160,0xD9C0,0xD9A0,0xDA00,0xC0C0,0xD180,0xE220,0xD9C0,0xD160,0xC0A0,0xB8A0,0xC940,
    0xC920,0xB8A0,0xB8A0,0xB860,0xA800,0xA820,0xD160,0xC0C0,0x9000,0x9800,0xB880,0xC920,
    0xB880,0x9800,0x9000,0x8800,0x9000,0x8800,0x9800,0xA880,0x9820,0xA800,0x9800,0xA800,
    0xA800,0xC0C0,0xC8E0,0xA840,0xA020,0xA840,0xA840,0xD140,0xB8A0,0xB8A0,0xC920,0xE220,
    0xEAA0,0xEA60,0xD1A0,0xFB20,0xDA00,0xC0C0,0xB880,0xC0E0,0xDA00,0xF2E0,0xEA60,0xD1A0,
    0xD180,0xF300,0xF300,0xD9A0,0xC940,0xD9E0,0xC920,0xC940,0xB020,0xC100,0xE220,0xC0E0,
    0xB8A0,0xC920,0xC920,0xB880,0xD160,0xEA80,0xE240,0xD160,0xB860,0xB880,0xC100,0xB880,
    0xC0C0,0xC940,0xC940,0xD1A0,0xD160,0xC900,0xC900,0xD1A0,0xE200,0xD180,0xD9E0,0xB8A0,
    0xA820,0xA800,0xC0A0,0xD9E0,0xEAA0,0xB080,0x9800,0xA800,0xB8A0,0xD1A0,0xC0A0,0xC0C0,
    0xD1A0,0xD180,0xD160,0xE200,0xC940,0xB8A0,0xB8A0,0xB880,0xC920,0xE200,0xD9C0,0xD160,
    0xE240,0xEAA0,0xE240,0xE200,0xD1C0,0xD9C0,0xD180,0xE200,0xEAA0,0xE240,0xD9E0,0xC900,
    0xC920,0xC920,0xD1A0,0xD9E0,0xC0E0,0xB020,0xC100,0xD180,0xC0E0,0xC0C0,0xD9A0,0xEA80,
    0xDA00,0xEA40,0xC0E0,0xB060,0xE200,0xEAA0,0xE240,0xE240,0xD160,0xD180,0xD9E0,0xE240,
    0xEA60,0xD160,0xD9C0,0xEAA0,0xD180,0xC940,0xD9C0,0xC960,0xD160,0xB040,0xB880,0xD9E0,
    0xD180,0xC0C0,0xB8A0,0xB880,0xD180,0xB880,0xC0E0,0xC0E0,0xC940,0xE220,0xEA80,0xF2C0,
    0xE240,0xC940,0xE220,0xF300,0xD160,0xC0C0,0xDA00,0xE200,0xC940,0xC100,0xC920,0xA000,
    0x9800,0xA000,0xB8C0,0xD180,0xC0C0,0x9800,0x9800,0x9800,0xA000,0xC0C0,0xB880,0xD140,
    0xE220,0xC100,0xA800,0xA000,0xB880,0xB880,0xA000,0xA800,0xC0C0,0xC0E0,0xC920,0xD160,
    0xEA60,0xDA00,0xC940,0xD9E0,0xE240,0xC0C0,0xB020,0xA800,0xB880,0xB8A0,0xB8A0,0xC900,
    0xD9E0,0xD9C0,0xE240,0xFB20,0xEA80,0xF2A0,0xE240,0xE220,0xEA80,0xF2C0,0xF2C0,0xE200,
    0xEAA0,0xF2C0,0xD1A0,0xC940,0xD9C0,0xFB60,0xEAA0,0xC100,0xC920,0xD180,0xD1A0,0xD9E0,
    0xE1E0,0xF2C0,0xFBA2,0xFCE5,0xF382,0xF320,0xFD28,0xFC63,0xFC20,0xFCC5,0xFC84,0xFC63,
    0xFCE6,0xFC62,0xFB40,0xFB20,0xFB80,0xF2A0,0xD1A0,0xD9C0,0xEA80,0xFB00,0xEAA0,0xD160,
    0xE220,0xEA60,0xD9C0,0xC920,0xD180,0xE200,0xD1A0,0xC900,0xD1A0,0xEA60,0xF2E0,0xD9C0,
    0xC940,0xC940,0xC940,0xC0E0,0xD1A0,0xF2A0,0xE240,0xF2E0,0xFB60,0xF2E0,0xE200,0xD1A0,
    0xC940,0xEAA0,0xFC00,0xE260,0xD180,0xC920,0xD9E0,0xD9E0,0xC960,0xD180,0xC920,0xC920,
    0xD160,0xD160,0xB880,0xD160,0xF2E0,0xF2C0,0xC940,0xB860,0xB040,0xA800,0xA800,0xB8A0,
    0xC900,0xD160,0xD9E0,0xE240,0xEA60,0xEA60,0xD9E0,0xE200,0xF2E0,0xEA60,0xD160,0xE220,
    0xD1A0,0xA820,0xB040,0xB860,0xC0E0,0xB8A0,0xC0E0,0xB8A0,0xC900,0xC0E0,0xA000,0xB040,
    0xA800,0xA800,0xA820,0xC940,0xD9E0,0xC900,0xC0E0,0xC0E0,0xD160,0xD9E0,0xC900,0xC900,
    0xC920,0xE240,0xEA80,0xD1A0,0xF300,0xDA20,0xC0E0,0xD180,0xD9A0,0xE240,0xD160,0xC0C0,
    0xC0A0,0xB8A0,0xD180,0xC900,0xC940,0xD180,0xD160,0xC0E0,0xEAA0,0xD9A0,0xD9E0,0xD1A0,
    0xC960,0xE200,0xF2C0,0xD9A0,0xF2C0,0xFC63,0xFB00,0xF2C0,0xF2E0,0xF2C0,0xF2C0,0xFC42,
    0xFBC1,0xD9C0,0xB8A0,0xC900,0xD9E0,0xD9C0,0xD9E0,0xEA80,0xE200,0xEA80,0xEA60,0xD160,
    0xD9E0,0xC940,0xB8A0,0xD160,0xC0E0,0xA800,0xB880,0xB860,0xC0E0,0xC100,0xC940,0xC0E0,
    0xA800,0xC0C0,0xC920,0xC920,0xE240,0xD1A0,0xB880,0xB040,0xA820,0xD140,0xD9E0,0xC0E0,
    0xB060,0xC100,0xB040,0xB040,0xC0C0,0xC0C0,0xC100,0xC0E0,0xC940,0xE200,0xD9C0,0xF2C0,
    0xD9A0,0xC100,0xB880,0xA820,0xB060,0xB020,0xB8A0,0xF2A0,0xFB20,0xD160,0xD160,0xC900,
    0xB8A0,0xD1A0,0xD9C0,0xC940,0xD9E0,0xE240,0xD9E0,0xD9E0,0xFB20,0xD1A0,0xC940,0xE220,
    0xC920,0xC0A0,0xD1A0,0xD9E0,0xD9C0,0xD1A0,0xE260,0xFB40,0xF2C0,0xEA80,0xE240,0xD160,
    0xC0E0,0xB880,0xD160,0xFBE1,0xFC83,0xF2E0,0xEAA0,0xFCE6,0xFD07,0xEA60,0xD160,0xF340,
    0xFC82,0xF300,0xD180,0xB8A0,0xB880,0xC940,0xE220,0xD9E0,0xE220,0xE240,0xC920,0xB880,
    0xD1A0,0xE220,0xC0C0,0xE240,0xEA80,0xC0A0,0xB020,0xB8A0,0xC960,0xC940,0xDA00,0xD9E0,
    0xC0E0,0xC920,0xE220,0xD1A0,0xC0C0,0xB880,0xB060,0xD160,0xD160,0xB8A0,0xA800,0xB020,
    0xA800,0xB040,0xEA80,0xE200,0xB060,0x9800,0xB060,0xC0E0,0xE220,0xB8A0,0x9800,0x8800,
    0x9800,0x9000,0x9000,0xA880,0x9800,0xA800,0x9800,0xB880,0xB880,0xC900,0xE200,0xB020,
    0xA820,0xA860,0xA800,0xD9C0,0xDA00,0xC900,0xC900,0xEA60,0xE220,0xD9C0,0xD9E0,0xFB40,
    0xE240,0xD9E0,0xB8A0,0xB860,0xD180,0xEA60,0xE220,0xC0C0,0xB020,0xE200,0xEA80,0xE240,
    0xE240,0xE240,0xC920,0xD160,0xC0C0,0xC0E0,0xE220,0xB880,0xC0C0,0xD1A0,0xD9C0,0xC940,
    0xE200,0xDA00,0xD180,0xD9E0,0xD160,0xB8A0,0xB060,0xB860,0xA820,0xC920,0xE220,0xF2E0,
    0xEAA0,0xB060,0xC0E0,0xE240,0xEA60,0xD160,0xD160,0xB8E0,0xA000,0xB880,0xB8A0,0xB020,
    0xB040,0xA800,0xA800,0xB860,0xC940,0xE240,0xD180,0xC940,0xE200,0xD160,0xC0E0,0xC100,
    0xC900,0xC0A0,0xB880,0xB060,0xD180,0xFB00,0xDA00,0xE200,0xEA60,0xD9C0,0xD1A0,0xD9E0,
    0xD9C0,0xD9C0,0xD180,0xE220,0xFB40,0xEAA0,0xD9A0,0xC0E0,0xC940,0xD9E0,0xEA60,0xD1A0,
    0xB880,0xB860,0xB020,0xB040,0xB880,0xC900,0xC0C0,0xD160,0xD180,0xD1A0,0xD180,0xD9A0,
    0xDA00,0xEA80,0xEA60,0xF2C0,0xD9A0,0xC0E0,0xC920,0xE220,0xF2A0,0xC920,0xB040,0xC0C0,
    0xD1A0,0xC940,0xD9E0,0xC900,0xB880,0xB880,0xC900,0xEA60,0xEA60,0xD180,0xC940,0xB8A0,
    0xC0E0,0xB880,0xB8A0,0xC920,0xD9E0,0xE240,0xF2C0,0xFB00,0xF2C0,0xD9E0,0xE220,0xF2A0,
    0xD9E0,0xD180,0xE240,0xEA60,0xE240,0xD9E0,0xB060,0xA000,0x9800,0xA000,0xC0C0,0xE240,
    0xC0E0,0x9800,0x9800,0x9000,0x9800,0xA800,0xA000,0xA800,0xC920,0xD180,0xA000,0x9000,
    0x9800,0xA000,0x9800,0xA000,0xB020,0xB040,0xB060,0xC900,0xD9C0,0xD9C0,0xD9A0,0xE240,
    0xE220,0xC940,0xB880,0xB040,0xB8A0,0xB880,0xB040,0xC900,0xC920,0xD9C0,0xE220,0xEAA0,
    0xD180,0xC920,0xD9E0,0xE240,0xE200,0xF2C0,0xFB20,0xD180,0xF300,0xFB40,0xD9C0,0xC0E0,
    0xB8A0,0xE240,0xEA60,0xD180,0xC900,0xC920,0xD9C0,0xE220,0xC900,0xC940,0xEA40,0xFC02,
    0xFC02,0xFB80,0xFBE0,0xFB40,0xFB80,0xFC00,0xF361,0xFCA5,0xFD07,0xFC62,0xFB60,0xFB80,
    0xFB60,0xE240,0xD160,0xE200,0xF2E0,0xEA80,0xD9E0,0xD9C0,0xE220,0xEAA0,0xD1A0,0xD180,
    0xD180,0xC940,0xD180,0xC920,0xE240,0xDA00,0xD9E0,0xD160,0xC960,0xC100,0xC0C0,0xC920,
    0xE200,0xEA60,0xD9E0,0xE1E0,0xEAA0,0xFB60,0xEA80,0xD1A0,0xC940,0xD9C0,0xFB40,0xF2E0,
    0xD9E0,0xC940,0xC920,0xC0C0,0xB880,0xC0C0,0xC0A0,0xD160,0xD9E0,0xC0A0,0xC0C0,0xD180,
    0xEA60,0xF2C0,0xE200,0xC940,0xD140,0xC0E0,0xC0C0,0xB860,0xB860,0xC0C0,0xD180,0xDA00,
    0xEAA0,0xD9C0,0xC0E0,0xD9C0,0xF2E0,0xF2C0,0xEA80,0xD9C0,0xC920,0xB8A0,0xC920,0xC0E0,
    0xB8A0,0xB040,0xB880,0xB880,0xC0E0,0xC100,0xA800,0xB040,0xA840,0x9800,0xA800,0xB060,
    0xD9E0,0xC940,0xB040,0xA000,0xC0E0,0xF2A0,0xD180,0xC920,0xEA60,0xF2E0,0xF2C0,0xEAA0,
    0xEAA0,0xC0A0,0xB8C0,0xB040,0xC0E0,0xFB40,0xE240,0xA820,0xB040,0xE220,0xE220,0xD180,
    0xF2A0,0xC0E0,0xB8C0,0xC960,0xEA60,0xD9C0,0xC920,0xC0C0,0xC940,0xDA00,0xEA80,0xD180,
    0xD9E0,0xFB20,0xEA60,0xFB00,0xE220,0xD1C0,0xE220,0xFBA1,0xFC01,0xD9E0,0xC0C0,0xD160,
    0xC0C0,0xC0E0,0xD160,0xF320,0xD9C0,0xB040,0xD9A0,0xC940,0xC900,0xC0E0,0xB040,0xB020,
    0xB880,0xB8A0,0xB020,0xB060,0xC900,0xC900,0xD180,0xC920,0xB060,0xA000,0xB040,0xC900,
    0xE220,0xDA00,0xC0E0,0xB060,0xA800,0xB060,0xC0E0,0xB880,0xB040,0xB880,0xC0A0,0xC900,
    0xC940,0xC0C0,0xB860,0xC100,0xC920,0xDA00,0xE220,0xF300,0xD160,0xEAA0,0xD160,0xC900,
    0xB040,0xB060,0xD140,0xFB00,0xD9E0,0xB8A0,0xD160,0xC0E0,0xB060,0xC0E0,0xDA00,0xD9E0,
    0xD1A0,0xE220,0xDA00,0xD180,0xE220,0xD180,0xD9C0,0xF300,0xE240,0xC920,0xD9C0,0xD9E0,
    0xD180,0xD1A0,0xE240,0xF2E0,0xF2A0,0xEA80,0xD9E0,0xD9A0,0xD160,0xC0C0,0xC900,0xEAC0,
    0xFC63,0xF2C0,0xE1E0,0xFC45,0xFD08,0xD980,0xD180,0xFC02,0xFCA3,0xF2E0,0xC940,0xC900,
    0xC940,0xD9C0,0xEA80,0xD1A0,0xC0E0,0xF2A0,0xD180,0xB880,0xD160,0xD1A0,0xD160,0xD9E0,
    0xC0E0,0xB060,0xB020,0xC900,0xD180,0xB880,0xC100,0xC920,0xB8A0,0xC0E0,0xD180,0xC940,
    0xB040,0xB040,0xC0E0,0xD180,0xD1A0,0xB8A0,0xA000,0xB8A0,0xC920,0xC920,0xEAA0,0xD9C0,
    0xB880,0xA000,0xB8A0,0xD180,0xFB20,0xC100,0xA800,0x9000,0x9000,0x9800,0xA000,0x9800,
    0x9000,0x9800,0xA000,0xD160,0xB8A0,0xB8A0,0xD180,0xB020,0xA000,0xA020,0xA000,0xE200,
    0xDA00,0xC0E0,0xC0E0,0xEA60,0xD180,0xD1C0,0xD9E0,0xFB20,0xF2C0,0xF2C0,0xC940,0xD180,
    0xE220,0xEA60,0xD9C0,0xC940,0xD180,0xD180,0xE240,0xD9E0,0xE220,0xEA60,0xD1A0,0xD1A0,
    0xD160,0xC940,0xD1A0,0xC0C0,0xB8A0,0xD160,0xD9E0,0xD9C0,0xD9C0,0xD9E0,0xC100,0xC940,
    0xF2A0,0xC940,0xB020,0xB040,0xA000,0xA000,0xC920,0xE200,0xC0E0,0xB020,0xE200,0xE240,
    0xE220,0xD9C0,0xDA00,0xD9C0,0xB880,0xB880,0xC0E0,0xA800,0xB060,0xB060,0xB040,0xB880,
    0xD9C0,0xDA00,0xC920,0xC920,0xDA00,0xD180,0xB040,0xB040,0xC0C0,0xB8A0,0xB860,0xB060,
    0xD160,0xEA60,0xD9A0,0xDA00,0xD9C0,0xD140,0xC920,0xD9A0,0xD9C0,0xD9E0,0xE200,0xD160,
    0xE260,0xFB20,0xE220,0xC0C0,0xD1A0,0xEA40,0xD9C0,0xC0E0,0xB060,0xC100,0xC0C0,0xB040,
    0xB860,0xB8A0,0xC0C0,0xDA00,0xC920,0xC0E0,0xD9C0,0xC920,0xD1A0,0xDA00,0xE200,0xF2C0,
    0xEA60,0xC0C0,0xB040,0xD180,0xE240,0xC900,0xB020,0xC0C0,0xE220,0xD1A0,0xD160,0xB8A0,
    0xC940,0xC940,0xD180,0xD1A0,0xDA00,0xD9E0,0xD180,0xC900,0xC920,0xC0E0,0xC0C0,0xC900,
    0xE240,0xF2E0,0xE240,0xF2E0,0xF2E0,0xEA60,0xE200,0xEAA0,0xEA80,0xEA60,0xEA80,0xE220,
    0xE240,0xEA60,0xC0E0,0xB020,0xA000,0xA820,0xC0C0,0xEA80,0xC900,0xB040,0xA820,0x9000,
    0x9000,0x9000,0x9800,0xA820,0xD9A0,0xC920,0x9800,0x9000,0x8800,0x9000,0x9800,0xA000,
    0xB040,0xB860,0xB020,0xB020,0xD180,0xD9A0,0xD160,0xE220,0xEA60,0xD9A0,0xB8A0,0xC100,
    0xB8A0,0xC0A0,0xB8A0,0xC0E0,0xC0E0,0xD160,0xD9C0,0xEA80,0xD160,0xC940,0xD9E0,0xF2C0,
    0xD9C0,0xF2E0,0xFB40,0xE200,0xEAA0,0xF2C0,0xD140,0xB880,0xB880,0xC0C0,0xD160,0xD160,
    0xB8A0,0xD180,0xFB60,0xFBA0,0xC940,0xC0C0,0xD1A0,0xEA80,0xFB20,0xF2E0,0xF300,0xEA60,
    0xF2C0,0xFBC0,0xF300,0xFBE0,0xFCE5,0xFBE0,0xFB60,0xFBA0,0xFB20,0xE240,0xD160,0xE220,
    0xEAA0,0xE200,0xD9C0,0xD9E0,0xE220,0xF2A0,0xD9A0,0xD180,0xD9C0,0xC0E0,0xC0E0,0xC920,
    0xC940,0xD160,0xD1A0,0xC940,0xC940,0xC0E0,0xB880,0xD9C0,0xEA60,0xD9C0,0xB880,0xB060,
    0xD180,0xF2E0,0xFBC0,0xD9E0,0xC940,0xD180,0xE220,0xFC00,0xEA80,0xD160,0xC0E0,0xB880,
    0xC0C0,0xD180,0xB880,0xB8A0,0xD160,0xC0A0,0xD180,0xD9E0,0xD9E0,0xE220,0xE240,0xD9E0,
    0xC100,0xC940,0xE200,0xC940,0xB040,0xA000,0xB880,0xD9C0,0xEA80,0xD1A0,0xB040,0xD160,
    0xD9C0,0xE200,0xE200,0xD180,0xD1A0,0xC940,0xD9E0,0xD9C0,0xB8A0,0xB060,0xB040,0xB880,
    0xD9A0,0xE200,0xB060,0xB040,0xB060,0xA000,0xB020,0xC100,0xC940,0xC0C0,0xA000,0xA820,
    0xC940,0xE220,0xC940,0xC920,0xE200,0xF2E0,0xEA60,0xFB80,0xEAC0,0xEA40,0xD9C0,0xB8A0,
    0xC920,0xFBC1,0xEAA0,0xD9A0,0xD160,0xEA60,0xE240,0xE220,0xE200,0xC100,0xB040,0xC0C0,
    0xD160,0xD1A0,0xC0C0,0xB040,0xB8A0,0xC920,0xD9C0,0xC940,0xD9C0,0xEA40,0xC920,0xD160,
    0xD180,0xD1A0,0xD9C0,0xFBA0,0xFB40,0xD9C0,0xC0C0,0xC100,0xB040,0xB880,0xC940,0xC900,
    0xC100,0xB060,0xB040,0xC900,0xB8A0,0xC0E0,0xC0C0,0xB020,0xC100,0xEA60,0xD9C0,0xC0C0,
    0xC0E0,0xC920,0xC920,0xB060,0x9000,0x9800,0xB040,0xC920,0xEAA0,0xE220,0xD160,0xB880,
    0xA800,0xA820,0xB020,0xA800,0xA000,0xA800,0xB8A0,0xEA40,0xF320,0xE200,0xC100,0xD9E0,
    0xD9E0,0xD9C0,0xF2A0,0xF300,0xF2C0,0xFB60,0xD160,0xC940,0xB040,0xD9A0,0xD160,0xD160,
    0xC920,0xC0C0,0xD9C0,0xD160,0xC0C0,0xC100,0xD9C0,0xD9C0,0xD140,0xE220,0xD160,0xC960,
    0xD9C0,0xC100,0xD9E0,0xFB40,0xEA60,0xD160,0xD9E0,0xD1A0,0xC940,0xD1A0,0xEA80,0xEA80,
    0xEAA0,0xEA80,0xD9A0,0xC100,0xC920,0xC0A0,0xC0C0,0xC920,0xD9A0,0xD9C0,0xE1E0,0xF342,
    0xFCA5,0xEA80,0xF340,0xFC41,0xFC43,0xFBA1,0xD9A0,0xD1A0,0xD9A0,0xEA80,0xEA60,0xC0C0,
    0xB060,0xE240,0xD160,0xC0A0,0xC900,0xD9C0,0xC940,0xC0C0,0xB880,0xB020,0xB880,0xC0C0,
    0xB880,0xD160,0xC100,0xD9A0,0xC940,0xB8A0,0xB8A0,0xC0E0,0xB020,0xA800,0xC900,0xD1A0,
    0xD160,0xC0E0,0xA000,0xDA20,0xEAC0,0xD160,0xD180,0xC920,0xB080,0xA000,0xD9A0,0xC940,
    0xD9C0,0xB880,0xA800,0x9000,0x8800,0x9800,0x9800,0x9800,0x9000,0x9800,0xA800,0xC0E0,
    0xB040,0xB020,0xB880,0xB040,0xA820,0xB8A0,0xA000,0xC920,0xD160,0xC0E0,0xC0E0,0xEA60,
    0xC900,0xDA00,0xE240,0xF2E0,0xFB20,0xEA80,0xE220,0xE240,0xF2E0,0xEAA0,0xD9E0,0xE200,
    0xE240,0xEA80,0xE220,0xDA00,0xD180,0xD9C0,0xE220,0xE220,0xD9A0,0xC960,0xDA00,0xC940,
    0xB040,0xC0E0,0xD9C0,0xD9C0,0xD1A0,0xDA00,0xD160,0xD9E0,0xE200,0xB060,0xB040,0xB040,
    0xA800,0x9000,0x9800,0xA800,0xA000,0xC0C0,0xE200,0xC940,0xD180,0xE220,0xE240,0xD9A0,
    0xD9C0,0xC0C0,0xB020,0xA000,0xB040,0xD160,0xC0E0,0xC940,0xC920,0xC920,0xB8A0,0xD160,
    0xD9C0,0xC0C0,0xA800,0xA800,0xB860,0xC0E0,0xB880,0xC0C0,0xF383,0xD9C0,0xD180,0xDA00,
    0xD1A0,0xC920,0xD160,0xE220,0xE220,0xE220,0xE220,0xD1A0,0xEA80,0xF300,0xD9C0,0xC0C0,
    0xD9C0,0xD9E0,0xC920,0xC0C0,0xB880,0xD1A0,0xE200,0xD1A0,0xC940,0xC0E0,0xC0E0,0xE220,
    0xC920,0xC900,0xC0E0,0xC0C0,0xC920,0xD160,0xC920,0xEA80,0xF2E0,0xC940,0xB040,0xC940,
    0xE240,0xB8A0,0xB880,0xC920,0xD1A0,0xD160,0xC0C0,0xD160,0xEA60,0xD9A0,0xD9E0,0xC960,
    0xC0E0,0xC0C0,0xD9C0,0xD160,0xC0E0,0xC100,0xC920,0xC920,0xDA00,0xE200,0xD9A0,0xE220,
    0xEA80,0xD9E0,0xD180,0xEA80,0xEAA0,0xE220,0xE240,0xC940,0xC900,0xE200,0xD9A0,0xB860,
    0xB040,0xA000,0xB040,0xD140,0xA820,0xA820,0xB060,0xA000,0x9000,0x8800,0x9800,0xA000,
    0xC920,0xC900,0x9800,0xA000,0x9800,0xA020,0xA000,0xA820,0xB860,0xB880,0xA800,0xC100,
    0xE200,0xDA00,0xE240,0xEAA0,0xFB60,0xDA00,0xB8A0,0xB860,0xC0A0,0xC0C0,0xC0C0,0xC0C0,
    0xB880,0xC0A0,0xC960,0xD1A0,0xD9E0,0xE240,0xE220,0xD9E0,0xD140,0xF2A0,0xFB20,0xD1A0,
    0xC900,0xD160,0xD9E0,0xC0C0,0xB040,0xB8A0,0xB8A0,0xC0E0,0xB860,0xD180,0xFB40,0xFBE0,
    0xE240,0xC0A0,0xC0E0,0xE200,0xFB40,0xF300,0xDA00,0xD9E0,0xF2E0,0xFC41,0xFC21,0xFC41,
    0xFC83,0xFB60,0xF2E0,0xFB20,0xFB40,0xE240,0xC940,0xD180,0xD180,0xC940,0xC940,0xC940,
    0xC900,0xD160,0xD160,0xD1A0,0xF2C0,0xD9E0,0xC900,0xC920,0xC0C0,0xC920,0xE200,0xD160,
    0xB8A0,0xC0A0,0xB880,0xD9A0,0xDA00,0xD160,0xC0A0,0xA800,0xC100,0xF2C0,0xF2C0,0xC940,
    0xD160,0xC920,0xB880,0xDA00,0xE220,0xEA80,0xD9C0,0xC920,0xC900,0xD9A0,0xC900,0xB880,
    0xD160,0xD160,0xD160,0xD1A0,0xD9E0,0xC940,0xD180,0xE200,0xB8A0,0xC0C0,0xD160,0xC0C0,
    0xA800,0x9800,0xA000,0xB860,0xC940,0xD180,0xC940,0xB8C0,0xD9C0,0xD9A0,0xC100,0xE220,
    0xEA60,0xEA80,0xEA80,0xD9C0,0xD9A0,0xB040,0xB060,0xD9E0,0xF2E0,0xE240,0xB880,0xB020,
    0xB040,0xA800,0xC0E0,0xD140,0xB8A0,0xA820,0xA800,0xA800,0xC940,0xD9C0,0xC940,0xD9A0,
    0xC0E0,0xD180,0xF2C0,0xFC43,0xFD4B,0xFCC6,0xFBA1,0xE200,0xC0E0,0xEAC0,0xD9E0,0xD160,
    0xD9E0,0xD160,0xE220,0xE240,0xD160,0xB880,0xB880,0xB040,0xC100,0xC940,0xA800,0xB040,
    0xB060,0xC920,0xD160,0xB040,0xC940,0xD1A0,0xC900,0xC0C0,0xC900,0xD160,0xD9A0,0xFB80,
    0xF300,0xD1A0,0xC0C0,0xB040,0xB060,0xC0C0,0xD9E0,0xC100,0xA800,0xA000,0xA000,0xC0E0,
    0xC0C0,0xC920,0xE200,0xC920,0xD9C0,0xEA80,0xC920,0xB020,0xB880,0xC940,0xC0E0,0xA800,
    0xA000,0x9000,0xC0C0,0xE220,0xC940,0xD180,0xD9E0,0xC0C0,0xA000,0xA800,0xB040,0xA000,
    0xB040,0xB060,0xB860,0xF322,0xFDCC,0xFBA2,0xFB40,0xFB80,0xEA80,0xB8A0,0xEA60,0xEAA0,
    0xE240,0xD160,0xB880,0xC0E0,0xB880,0xD1A0,0xD180,0xD160,0xD160,0xD9A0,0xEA60,0xC960,
    0xC0A0,0xC920,0xD9E0,0xD1A0,0xD1A0,0xE260,0xD9C0,0xD9E0,0xEA60,0xD160,0xEA60,0xE240,
    0xD9A0,0xD160,0xE240,0xD180,0xC920,0xC920,0xD9C0,0xE200,0xEA80,0xE200,0xC940,0xB880,
    0xC0C0,0xB860,0xC0C0,0xC900,0xC100,0xC920,0xD9A0,0xF300,0xFC84,0xFBA0,0xFBA0,0xF2A0,
    0xD9E0,0xE220,0xEA40,0xD9E0,0xC940,0xEA80,0xE200,0xC0C0,0xA800,0xC920,0xD9E0,0xC0E0,
    0xC940,0xD160,0xC940,0xD160,0xB060,0xB860,0xB880,0xA800,0xC920,0xF2C0,0xEA60,0xE220,
    0xD9C0,0xB8A0,0xB8A0,0xB880,0xB060,0xB020,0xC960,0xD9E0,0xC920,0xC0C0,0xB040,0xC920,
    0xD9C0,0xD180,0xB880,0xB8A0,0xB060,0xA800,0xB8C0,0xC920,0xB000,0xA800,0xA800,0x9000,
    0x9000,0xA000,0xA800,0x9000,0xA840,0xA800,0xA820,0xC0C0,0xC920,0xD9E0,0xC100,0xB040,
    0xB8C0,0xB8A0,0xB060,0xC940,0xD9A0,0xD180,0xB040,0xC100,0xC0E0,0xF2C0,0xEA60,0xE220,
    0xF2E0,0xF2C0,0xD1A0,0xEA60,0xFB20,0xEA60,0xD9C0,0xC100,0xC900,0xE220,0xE200,0xF2C0,
    0xD9C0,0xC920,0xDA00,0xE240,0xE200,0xD160,0xD9C0,0xC940,0xB8A0,0xB060,0xC100,0xD9E0,
    0xD1A0,0xD1A0,0xC0A0,0xD160,0xC920,0xB8A0,0xD140,0xB880,0xB040,0xB040,0xA020,0xA820,
    0xB880,0xC0E0,0xC0C0,0xD140,0xE220,0xD9E0,0xE260,0xF300,0xE220,0xD180,0xB060,0xB020,
    0xA820,0xB880,0xC0E0,0xE200,0xC0E0,0xC920,0xB860,0xC900,0xE200,0xC0C0,0xA000,0xA800,
    0xB860,0xC920,0xC940,0xD1A0,0xE281,0xD180,0xD160,0xD180,0xD9C0,0xC0E0,0xD160,0xEA80,
    0xFB40,0xEAA0,0xD160,0xD160,0xF300,0xEA60,0xC940,0xC940,0xD9E0,0xD9E0,0xB880,0xB8A0,
    0xD1A0,0xE220,0xEA60,0xD180,0xD9C0,0xC940,0xD160,0xD1A0,0xC940,0xD9C0,0xD1A0,0xC100,
    0xB8A0,0xB8C0,0xB880,0xD160,0xEAA0,0xD1A0,0xB860,0xC0E0,0xE200,0xD9C0,0xC940,0xEA80,
    0xD9E0,0xC0C0,0xD180,0xD160,0xD160,0xD1A0,0xEA80,0xE220,0xB060,0xA800,0xC940,0xD9C0,
    0xC0C0,0xE200,0xEA60,0xC940,0xD1A0,0xD180,0xC0C0,0xC920,0xD9E0,0xD160,0xC920,0xE200,
    0xD9C0,0xC920,0xC900,0xB860,0xB8A0,0xD1A0,0xC960,0xB8A0,0xB880,0xA000,0xA000,0xA800,
    0x9800,0xA820,0xC0A0,0x9800,0x9800,0xA000,0x9800,0x9800,0xA000,0xA800,0xA000,0xA800,
    0xB020,0xC0C0,0xB040,0xA800,0xA800,0xB060,0xB860,0xD1A0,0xEA60,0xD9E0,0xE240,0xE240,
    0xF340,0xC920,0xA800,0xB040,0xB040,0xA820,0xB040,0xB8A0,0xB060,0xB8A0,0xD180,0xD9C0,
    0xE200,0xD180,0xD180,0xC940,0xD180,0xEAA0,0xEAA0,0xC900,0xC0A0,0xD160,0xD160,0xB020,
    0xB860,0xC920,0xB8A0,0xD9C0,0xD160,0xC940,0xE1E0,0xEA40,0xE220,0xC940,0xD9C0,0xF2E0,
    0xF300,0xF2C0,0xD1A0,0xD160,0xEAA0,0xF2E0,0xFB80,0xFC41,0xFB80,0xF2C0,0xDA00,0xEA60,
    0xF2E0,0xEA80,0xD160,0xC920,0xC900,0xB880,0xC0E0,0xD160,0xB8A0,0xC0E0,0xC940,0xE220,
    0xFB20,0xE240,0xD9C0,0xC900,0xC920,0xD180,0xD9A0,0xC0E0,0xC0C0,0xB8A0,0xB880,0xD9C0,
    0xE220,0xC940,0xC0C0,0xC0C0,0xD9E0,0xEA80,0xE220,0xD9C0,0xD1A0,0xC920,0xB8A0,0xC0C0,
    0xD9C0,0xFB20,0xD160,0xB040,0xC940,0xD9E0,0xD180,0xC0E0,0xD1A0,0xDA00,0xD9E0,0xD1A0,
    0xE200,0xD9C0,0xD9C0,0xD180,0xB880,0xB040,0xB880,0xB040,0xA800,0xA000,0xA800,0xB000,
    0xB8A0,0xC0E0,0xC940,0xD1A0,0xE200,0xC920,0xC900,0xF340,0xFBC1,0xFB20,0xF2E0,0xD9A0,
    0xD9C0,0xB040,0xB060,0xEA80,0xFB00,0xE200,0xB880,0xA800,0xB8A0,0xB880,0xB8A0,0xB860,
    0xC900,0xB080,0xA800,0xC0C0,0xD160,0xD1A0,0xC940,0xC940,0xC0A0,0xC960,0xEA60,0xFC03,
    0xFE50,0xFE51,0xFCC5,0xEA80,0xC920,0xD9C0,0xD9A0,0xC0E0,0xD9C0,0xC920,0xC940,0xD9A0,
    0xD160,0xC960,0xD180,0xC920,0xC920,0xD180,0xA820,0xB040,0xB8A0,0xDA00,0xD160,0xB000,
    0xC8E0,0xEA80,0xE220,0xC900,0xC900,0xC0C0,0xEA60,0xFBC0,0xE220,0xC920,0xC920,0xC0E0,
    0xB020,0xB8C0,0xD9C0,0xD9A0,0xA840,0x9800,0x9800,0xC900,0xC940,0xC920,0xD9C0,0xEA80,
    0xC0A0,0xC0A0,0xC900,0xB880,0xC920,0xC0E0,0xB020,0xA800,0xB860,0xA800,0xB8A0,0xC0E0,
    0xC0C0,0xC0C0,0xC0E0,0xB040,0xA820,0xB880,0xC0C0,0xB880,0xC100,0xC0E0,0xB860,0xEB63,
    0xFE71,0xFBE3,0xFB80,0xF300,0xF2A0,0xB880,0xC940,0xC940,0xC940,0xB040,0xA800,0xB880,
    0xB860,0xC0E0,0xEA80,0xEAA0,0xD9C0,0xD9C0,0xD9E0,0xD9A0,0xB8A0,0xB8A0,0xC900,0xEAA0,
    0xF2A0,0xEA80,0xE220,0xEAA0,0xFB60,0xF300,0xF2E0,0xD160,0xC0E0,0xC0E0,0xE220,0xF300,
    0xD9E0,0xC940,0xC940,0xD9C0,0xE200,0xC100,0xC0A0,0xB860,0xB020,0xB020,0xC100,0xD140,
    0xC0E0,0xD160,0xE240,0xFC22,0xFC84,0xFB00,0xEAA0,0xEA80,0xE220,0xE240,0xFB40,0xEA80,
    0xEA80,0xFB00,0xE220,0xD140,0xB040,0xC0C0,0xC940,0xB060,0xD180,0xD9C0,0xE240,0xD9E0,
    0xB860,0xB880,0xA800,0xB040,0xD180,0xFB00,0xF2C0,0xEA80,0xE200,0xE220,0xD9C0,0xD160,
    0xC0C0,0xC0E0,0xD9E0,0xD180,0xB880,0xB8A0,0xD9C0,0xC0E0,0xC0C0,0xE220,0xD180,0xB880,
    0xC100,0xE200,0xB8A0,0xB040,0xA000,0x9800,0xA000,0x9800,0x9000,0x9800,0xB020,0x9800,
    0xB060,0xA800,0xB040,0xC0E0,0xC900,0xC920,0xC0C0,0xC940,0xC900,0xB020,0xD160,0xE200,
    0xD9E0,0xC0C0,0xB060,0xA800,0xB040,0xD9E0,0xD9C0,0xC0C0,0xE220,0xEA80,0xD160,0xE240,
    0xE220,0xE220,0xE200,0xC0C0,0xC0C0,0xD9E0,0xD9E0,0xE200,0xC100,0xC0C0,0xD140,0xD180,
    0xD1A0,0xC900,0xB8A0,0xC0C0,0xC920,0xB860,0xD180,0xE240,0xD9C0,0xD9C0,0xC0E0,0xB860,
    0xB880,0xC0C0,0xE220,0xC920,0xC900,0xC0E0,0xB860,0xB060,0xB060,0xB8A0,0xC0C0,0xD180,
    0xD160,0xD9C0,0xF320,0xFBC0,0xEA40,0xD1A0,0xC900,0xB8A0,0xB040,0xB860,0xC920,0xD160,
    0xC0C0,0xC920,0xB880,0xC0E0,0xEA60,0xD160,0xA800,0xA800,0xA800,0xC0C0,0xC0C0,0xC920,
    0xD160,0xC900,0xC900,0xD180,0xE220,0xD1A0,0xD180,0xF340,0xFBA0,0xE240,0xC940,0xC920,
    0xDA00,0xD9E0,0xD180,0xC0C0,0xD9E0,0xEA60,0xC0E0,0xC940,0xE240,0xEA60,0xE240,0xC920,
    0xD180,0xD1A0,0xD9A0,0xD180,0xC940,0xEA80,0xF2A0,0xC0E0,0xB060,0xB060,0xC0E0,0xC940,
    0xEA60,0xDA00,0xD9A0,0xB860,0xC900,0xE200,0xD180,0xFB20,0xD9E0,0xC900,0xE220,0xD160,
    0xC920,0xC920,0xE240,0xF2C0,0xD160,0xB8A0,0xDA00,0xC940,0xD180,0xEAA0,0xC100,0xC0C0,
    0xD180,0xC900,0xB860,0xC900,0xD160,0xC0E0,0xC920,0xD180,0xC940,0xB8A0,0xA820,0xB020,
    0xD1A0,0xE240,0xB880,0xD160,0xC0C0,0xC920,0xA020,0x9000,0x9800,0xB060,0xC100,0xA820,
    0xB880,0xA800,0x9800,0xA800,0xA820,0xA820,0xA800,0xB880,0xC0E0,0xC920,0xB040,0xA800,
    0xA000,0xA800,0xB860,0xD160,0xD9E0,0xC920,0xD9C0,0xFBE1,0xEA60,0xC900,0xB040,0xA820,
    0xA820,0xB040,0xB040,0xC100,0xB860,0xC0A0,0xD9C0,0xE240,0xEA60,0xC940,0xC920,0xC940,
    0xC900,0xC960,0xD180,0xC900,0xC0E0,0xB860,0xB8A0,0xB040,0xB880,0xC940,0xB8A0,0xC940,
    0xD180,0xD160,0xD9E0,0xD1A0,0xD1A0,0xD9A0,0xEAA0,0xEAA0,0xD9C0,0xEA60,0xC940,0xD9A0,
    0xD9E0,0xD9A0,0xEA80,0xFB80,0xF2C0,0xE240,0xE200,0xD1A0,0xD1A0,0xEA80,0xEA60,0xD9C0,
    0xD9C0,0xC0E0,0xC940,0xE200,0xD160,0xD160,0xC0E0,0xE240,0xEAA0,0xC920,0xD180,0xC900,
    0xC920,0xD180,0xD160,0xC900,0xD160,0xB860,0xC920,0xF2C0,0xEA60,0xD9A0,0xC0C0,0xC940,
    0xD9E0,0xE240,0xEA80,0xF2C0,0xD9E0,0xC0E0,0xB040,0xC940,0xEA60,0xEA80,0xC100,0xC0E0,
    0xD160,0xD180,0xB8C0,0xB020,0xC920,0xE220,0xD9E0,0xE240,0xE220,0xD9E0,0xEA80,0xD9E0,
    0xC100,0xB860,0xB8A0,0xB880,0xB020,0xA800,0xB020,0xB040,0xC0E0,0xC920,0xD180,0xEA60,
    0xF2E0,0xD180,0xD9C0,0xFC22,0xF3C2,0xE200,0xF2C0,0xD160,0xB880,0xB880,0xC900,0xEAA0,
    0xF2C0,0xD180,0xC0E0,0xC920,0xD160,0xC900,0xB880,0xA000,0xA860,0xC940,0xC100,0xE220,
    0xE220,0xC940,0xC900,0xD9C0,0xD9E0,0xD9E0,0xFB00,0xFD09,0xFD48,0xFC22,0xFC43,0xEA60,
    0xC940,0xC0E0,0xC0C0,0xB8A0,0xD180,0xB8A0,0xB080,0xC900,0xE200,0xE240,0xDA00,0xD9E0,
    0xD180,0xD9C0,0xA820,0xB8A0,0xE200,0xEA60,0xD160,0xA800,0xA820,0xE200,0xFB40,0xE240,
    0xC0E0,0xB880,0xF2C0,0xF2E0,0xD9E0,0xC920,0xC0E0,0xC940,0xB020,0xB8A0,0xE200,0xEA60,
    0xC0E0,0xA820,0xB8C0,0xE200,0xC920,0xD160,0xC900,0xD160,0xA800,0xD180,0xD9E0,0xC920,
    0xD180,0xC0C0,0xA820,0xB020,0xC0A0,0xA800,0xB860,0xC900,0xB860,0xB880,0xC0A0,0xB020,
    0xB060,0xC0E0,0xC0E0,0xC940,0xD180,0xB8A0,0xA800,0xC8E0,0xF3A3,0xF301,0xF300,0xFB00,
    0xEA60,0xC0C0,0xB880,0xB040,0xC0C0,0xB880,0xA000,0xB860,0xC0C0,0xC0E0,0xFAE0,0xFB00,
    0xEA60,0xC100,0xC900,0xDA00,0xC960,0xB8A0,0xB020,0xE200,0xE240,0xF2A0,0xF2C0,0xEA60,
    0xFBE2,0xFC83,0xFB60,0xC940,0xC0C0,0xC0C0,0xEA60,0xF2C0,0xD180,0xC920,0xC0E0,0xC900,
    0xC920,0xB880,0xB880,0xB040,0x9800,0xA800,0xB880,0xD9C0,0xC0E0,0xD9C0,0xEA80,0xFC63,
    0xFD49,0xFB61,0xE220,0xE240,0xEA60,0xFB40,0xFBE0,0xF300,0xEA60,0xEA80,0xF2C0,0xC100,
    0xB860,0xB880,0xC0C0,0xC0E0,0xD1A0,0xE200,0xEA60,0xC0E0,0xB040,0xB8A0,0xA800,0xB860,
    0xC920,0xEA80,0xF2C0,0xF2C0,0xEA80,0xD9E0,0xD1A0,0xEA80,0xD160,0xC920,0xD9E0,0xC940,
    0xB8A0,0xD160,0xD180,0xB880,0xD160,0xF2E0,0xEA80,0xB860,0xD9C0,0xD9C0,0xB040,0x9800,
    0x9000,0x9000,0x9800,0xA800,0x9800,0xA020,0xB860,0xA820,0xA820,0xB880,0xB020,0xB040,
    0xB880,0xB8A0,0xB880,0xD9C0,0xC940,0xA820,0xC900,0xE220,0xD1A0,0xB020,0xB860,0xB040,
    0xB880,0xC0E0,0xA800,0xB040,0xE200,0xEA60,0xC940,0xC0C0,0xC0E0,0xD9A0,0xEA60,0xC0E0,
    0xC940,0xE220,0xD9A0,0xD160,0xD180,0xD9A0,0xD1A0,0xC900,0xD1A0,0xC900,0xB000,0xC0E0,
    0xD180,0xC920,0xE220,0xDA00,0xD160,0xC940,0xD9C0,0xB060,0xA820,0xD9C0,0xE220,0xD9A0,
    0xE220,0xC0E0,0xB8A0,0xD140,0xC100,0xD160,0xE200,0xD1A0,0xD180,0xD9A0,0xF2A0,0xFBA0,
    0xF2A0,0xC940,0xB880,0xA800,0xB040,0xB020,0xC900,0xC940,0xB860,0xC900,0xC0C0,0xC100,
    0xD180,0xC0E0,0xA800,0xB020,0xA800,0xC0E0,0xB860,0xB880,0xC960,0xD160,0xC0C0,0xC100,
    0xE220,0xD180,0xD9C0,0xFB60,0xF320,0xD9C0,0xD160,0xC900,0xC100,0xC100,0xC0C0,0xA800,
    0xC920,0xE200,0xC920,0xC940,0xC900,0xEA40,0xE220,0xC100,0xD180,0xC920,0xC920,0xC900,
    0xD180,0xEA60,0xEA60,0xC920,0xC0E0,0xD1A0,0xD160,0xC0C0,0xD180,0xD1A0,0xE200,0xB020,
    0xC0E0,0xD160,0xC100,0xD1A0,0xC960,0xD9C0,0xE220,0xD1A0,0xC940,0xC0E0,0xE200,0xE240,
    0xD1A0,0xD180,0xEA60,0xD180,0xE240,0xE200,0xB020,0xB060,0xB860,0xC0A0,0xC940,0xEA60,
    0xD9C0,0xC0A0,0xC940,0xD9E0,0xD160,0xC0E0,0xA820,0xA800,0xEA80,0xF340,0xB040,0xC100,
    0xD140,0xD180,0xB020,0x9800,0x9800,0xA000,0xC0E0,0xB060,0xB8A0,0xC0C0,0xA840,0xA000,
    0xB020,0xB860,0xA800,0xC0E0,0xD160,0xC920,0xB040,0xA800,0xA000,0x9800,0xA800,0xB880,
    0xC940,0xC0E0,0xC100,0xF360,0xE220,0xE220,0xC900,0xA800,0xA820,0xA000,0xB8E0,0xD9E0,
    0xB8A0,0xC900,0xE200,0xE240,0xD160,0xD160,0xC940,0xB8A0,0xA820,0xB8A0,0xB880,0xB040,
    0xA800,0xB020,0xB8A0,0xB020,0xC0E0,0xC0E0,0xA820,0xC900,0xD180,0xD9E0,0xE200,0xE220,
    0xD180,0xD9E0,0xE220,0xD160,0xD180,0xC940,0xC0C0,0xD160,0xC940,0xC900,0xE200,0xF2C0,
    0xEA60,0xE260,0xF2E0,0xD9C0,0xC900,0xE260,0xEA80,0xE200,0xE220,0xC940,0xD9C0,0xE240,
    0xE200,0xD180,0xC900,0xD9C0,0xD9A0,0xB880,0xC0E0,0xC0C0,0xC0C0,0xD180,0xC940,0xB8A0,
    0xC920,0xB860,0xE200,0xFB60,0xEA60,0xE220,0xC940,0xD9E0,0xE220,0xF2A0,0xEA80,0xE220,
    0xD160,0xB060,0xB040,0xC0E0,0xD9E0,0xD9E0,0xC100,0xD160,0xD9E0,0xD9C0,0xC0E0,0xB000,
    0xB860,0xD9C0,0xC920,0xE220,0xEA80,0xD9C0,0xF2E0,0xEA80,0xD1A0,0xC0C0,0xC940,0xC920,
    0xB020,0xA800,0xB8A0,0xC940,0xB040,0xB040,0xD9A0,0xD9E0,0xE220,0xD180,0xD980,0xFC02,
    0xFB81,0xC920,0xD160,0xEA60,0xB8A0,0xD9C0,0xD180,0xE200,0xD9A0,0xC100,0xEA80,0xE220,
    0xD9E0,0xD160,0xB040,0xA800,0xA000,0xC0E0,0xE200,0xE220,0xDA00,0xC0E0,0xB8A0,0xD180,
    0xD180,0xD9A0,0xF340,0xFCC5,0xFBC1,0xEA80,0xFB40,0xFC02,0xB8E0,0xA820,0xA820,0xC940,
    0xD9A0,0xA000,0xA800,0xC900,0xE200,0xE200,0xEAA0,0xEA60,0xF2A0,0xDA00,0xB8A0,0xC100,
    0xEA80,0xE220,0xC940,0xA800,0xA000,0xC0C0,0xE220,0xF300,0xC0E0,0xC0C0,0xE200,0xEA60,
    0xD9C0,0xD140,0xD160,0xD9C0,0xC920,0xC920,0xD9A0,0xD1A0,0xC100,0xD160,0xC0E0,0xC920,
    0xC940,0xB8A0,0xC0C0,0xD1A0,0xB040,0xD160,0xD180,0xD1A0,0xD9C0,0xC940,0xB860,0xC0E0,
    0xC0E0,0xA820,0xD1A0,0xC900,0xA800,0xB040,0xB880,0xB860,0xC0E0,0xC0C0,0xC0C0,0xD160,
    0xC920,0xD180,0xB8A0,0xA000,0xC0E0,0xDA00,0xEA60,0xE220,0xC900,0xB880,0xA800,0xB060,
    0xC0E0,0xC900,0xB020,0xB8A0,0xB8A0,0xB040,0xE200,0xFB20,0xD9E0,0xC0A0,0xC100,0xD9E0,
    0xD160,0xC100,0xC0A0,0xB880,0xD180,0xFB00,0xFB00,0xE200,0xF2E0,0xFBA0,0xFB80,0xD160,
    0xC100,0xC0C0,0xD9E0,0xD9C0,0xC900,0xC900,0xB8A0,0xB040,0xB880,0xB040,0xB000,0xA000,
    0x9800,0xA840,0xB860,0xD9C0,0xC100,0xD1A0,0xD9E0,0xEA40,0xFC22,0xFC82,0xF2E0,0xF2A0,
    0xF2E0,0xF300,0xFB60,0xF2E0,0xD180,0xE220,0xF2A0,0xD9A0,0xB860,0xB020,0xB040,0xB880,
    0xC940,0xD160,0xB8A0,0xA800,0xB860,0xC940,0xB860,0xB020,0xB8A0,0xD9C0,0xEA80,0xEA60,
    0xE200,0xB8A0,0xC920,0xEA60,0xD180,0xB040,0xC0E0,0xD180,0xC940,0xD9E0,0xC0E0,0xB020,
    0xD9C0,0xFB20,0xEA80,0xB860,0xB880,0xB040,0xA000,0x8800,0x8800,0x9000,0xA000,0xA800,
    0x9800,0xC0E0,0xC100,0xA020,0xA000,0xB8A0,0xB8A0,0xB880,0xC0E0,0xC920,0xA800,0xC0C0,
    0xB8A0,0xC0C0,0xC900,0xD1A0,0xD160,0xB860,0xB020,0xB8A0,0xD160,0xD180,0xC0C0,0xA800,
    0xC100,0xEA60,0xD160,0xD160,0xD9A0,0xD9A0,0xC920,0xB040,0xC0C0,0xE240,0xD9C0,0xD160,
    0xD9C0,0xEA40,0xE240,0xD180,0xD1A0,0xC960,0xB860,0xC900,0xC920,0xC940,0xE220,0xE200,
    0xD9C0,0xB020,0xD180,0xD180,0xB060,0xC900,0xD9C0,0xC940,0xD9A0,0xC100,0xC0C0,0xD9C0,
    0xD180,0xE220,0xFB80,0xEA80,0xE200,0xD9A0,0xFBC1,0xFBC1,0xE200,0xB880,0xA800,0xB020,
    0xB880,0xC900,0xD180,0xC920,0xB020,0xB880,0xC0E0,0xC100,0xDA00,0xD160,0xB040,0xB020,
    0xA820,0xC920,0xC0E0,0xB880,0xD180,0xD160,0xB880,0xC0C0,0xD180,0xC100,0xD180,0xEA60,
    0xEA40,0xEA80,0xD160,0xC0C0,0xC900,0xC0E0,0xC100,0xC0E0,0xD160,0xD180,0xC920,0xD160,
    0xDA00,0xEA60,0xC0E0,0xB860,0xDA00,0xD9E0,0xC920,0xC900,0xC940,0xD1A0,0xD9C0,0xC0E0,
    0xD9A0,0xEA60,0xD160,0xB020,0xC940,0xD180,0xC0E0,0xA800,0xB020,0xB880,0xC0E0,0xC0A0,
    0xC900,0xE220,0xD9A0,0xC960,0xC940,0xD160,0xE200,0xD9C0,0xC900,0xD180,0xF2C0,0xE220,
    0xF2E0,0xE240,0xA800,0xA800,0xB8C0,0xC920,0xE240,0xF2E0,0xE220,0xB880,0xC940,0xE240,
    0xD180,0xC920,0xB080,0x9800,0xDA20,0xF341,0xB840,0xB860,0xB060,0xA800,0xB860,0xA840,
    0xA000,0x9000,0xB880,0xC900,0xA800,0xC100,0xC0C0,0xA800,0xB020,0xA800,0xB000,0xC0A0,
    0xC940,0xC0E0,0xA800,0xB020,0x9800,0xB040,0xC0A0,0xB880,0xC920,0xC0E0,0xC920,0xD160,
    0xDA00,0xF300,0xC0E0,0xB020,0xA000,0x9800,0xC0E0,0xD9A0,0xC920,0xC940,0xEA80,0xEA40,
    0xC920,0xC920,0xC920,0xB860,0xA000,0xD160,0xD160,0xB020,0xB060,0xB020,0xB060,0xA800,
    0xB060,0xA000,0xA800,0xC900,0xD9C0,0xD9C0,0xE240,0xE240,0xC960,0xD160,0xD160,0xC940,
    0xD9C0,0xC0C0,0xB020,0xB880,0xC100,0xC0E0,0xD9A0,0xEAA0,0xF2C0,0xEA80,0xF2C0,0xD9E0,
    0xD180,0xE220,0xD9E0,0xD1A0,0xD9A0,0xD1A0,0xD9E0,0xD1A0,0xE200,0xD160,0xC0C0,0xD140,
    0xC920,0xB040,0xB860,0xC0E0,0xB8A0,0xC900,0xC0C0,0xB040,0xB8A0,0xB860,0xC920,0xD9E0,
    0xD9E0,0xD1A0,0xC960,0xEA80,0xEA60,0xFB00,0xF2A0,0xD9A0,0xC900,0xB020,0xC0C0,0xC920,
    0xC0E0,0xC0C0,0xB860,0xC900,0xDA00,0xEA60,0xD9E0,0xD160,0xD180,0xD1A0,0xD180,0xE240,
    0xE220,0xD180,0xF2C0,0xEAA0,0xD1A0,0xC940,0xC940,0xD9C0,0xB8A0,0xA000,0xB040,0xB860,
    0xB860,0xC0E0,0xC0E0,0xC940,0xC900,0xA820,0xC940,0xFB00,0xF2E0,0xC940,0xA800,0xD1A0,
    0xF2E0,0xD9C0,0xC0C0,0xD9A0,0xC100,0xC100,0xFC42,0xE260,0xE220,0xB880,0xA800,0xA800,
    0xB040,0xD160,0xF2C0,0xEA60,0xD9C0,0xB880,0xC0C0,0xD160,0xC920,0xC900,0xEAA0,0xEA80,
    0xD9C0,0xD9A0,0xEB01,0xFBE2,0xA820,0xA000,0xA020,0xD9A0,0xC920,0xC0C0,0xB060,0xD160,
    0xD160,0xE200,0xFB00,0xF300,0xE240,0xEA80,0xE240,0xD9C0,0xE220,0xD9C0,0xB860,0xB020,
    0xA800,0xA800,0xC0C0,0xC940,0xB8A0,0xB040,0xC920,0xD9C0,0xD160,0xC0E0,0xC940,0xD9E0,
    0xD9C0,0xD9E0,0xC920,0xB040,0xC0C0,0xD180,0xC920,0xB880,0xB8C0,0xA800,0xB860,0xC920,
    0xC0E0,0xC0E0,0xD160,0xD180,0xD9C0,0xC940,0xB880,0xC900,0xC0E0,0xD9E0,0xF300,0xB8A0,
    0xB860,0xB860,0xB860,0xB040,0xC0E0,0xB8A0,0xD160,0xD9C0,0xC0E0,0xC900,0xA820,0x9800,
    0xB060,0xD180,0xD180,0xD180,0xC100,0xB040,0xA800,0xC960,0xEAA0,0xB8A0,0xB020,0xC940,
    0xB8A0,0xA800,0xC0C0,0xD9E0,0xC940,0xD160,0xC940,0xC960,0xB8A0,0xC0E0,0xC8E0,0xC0A0,
    0xC920,0xEA80,0xEA60,0xC940,0xD180,0xF2C0,0xEAA0,0xD180,0xC100,0xC0E0,0xD9C0,0xDA00,
    0xE220,0xC0C0,0xB860,0xB040,0xB040,0xB040,0xA800,0x9800,0x9800,0xB8A0,0xB880,0xC0C0,
    0xC0C0,0xD160,0xE220,0xEA80,0xFBC0,0xFBE0,0xFBE0,0xF300,0xFC20,0xEAC0,0xF300,0xE260,
    0xD160,0xE220,0xE240,0xEA80,0xD180,0xA800,0xB040,0xA800,0xC100,0xD160,0xB860,0xB8A0,
    0xD9A0,0xEA80,0xB8A0,0xB040,0xB880,0xD180,0xDA00,0xF300,0xD180,0xA820,0xB8A0,0xC940,
    0xD160,0xB020,0xC0E0,0xD9A0,0xD160,0xD160,0xE220,0xC0C0,0xC900,0xF2C0,0xE220,0xC0C0,
    0xA000,0x9800,0x9800,0x9000,0x8800,0x9800,0xA800,0xA820,0xA000,0xB020,0xA820,0x8800,
    0x9800,0xB040,0xB8A0,0xC920,0xC920,0xC940,0xB060,0xC0E0,0xB040,0xA840,0xA820,0xC100,
    0xB8A0,0xC920,0xC0E0,0xB060,0xB060,0xB880,0xB880,0xB020,0xC940,0xEA60,0xD9A0,0xD9E0,
    0xC940,0xB060,0xA800,0xA800,0xA820,0xE240,0xE240,0xE240,0xE240,0xE240,0xE220,0xC940,
    0xC0E0,0xD180,0xD1A0,0xE200,0xC900,0xC960,0xEA80,0xE200,0xD180,0xB860,0xDA20,0xFBA0,
    0xD180,0xC0C0,0xE200,0xD160,0xC940,0xD9C0,0xC940,0xD9C0,0xE200,0xE240,0xFB00,0xF2A0,
    0xE220,0xD9E0,0xEAC0,0xD1A0,0xB860,0xB020,0xB040,0xB880,0xC0E0,0xC0C0,0xD9C0,0xD160,
    0xB880,0xB000,0xC0C0,0xD160,0xC0C0,0xC0E0,0xC0C0,0xA800,0xB880,0xD160,0xB880,0xC100,
    0xEA60,0xD9E0,0xB880,0xB880,0xC940,0xD1A0,0xC0E0,0xD9E0,0xF2C0,0xF2E0,0xD180,0xC0C0,
    0xC0C0,0xC940,0xE200,0xEA60,0xF2A0,0xE240,0xD1A0,0xDA00,0xE240,0xEA80,0xC920,0xB880,
    0xE200,0xE220,0xB880,0xB8A0,0xC920,0xB880,0xC0E0,0xD160,0xD9E0,0xE240,0xC900,0xA800,
    0xD9C0,0xD9A0,0xB880,0xA800,0xA820,0xB8A0,0xC0E0,0xD9E0,0xE220,0xD9C0,0xC940,0xC900,
    0xD160,0xD9E0,0xD9C0,0xC920,0xB860,0xC900,0xE240,0xD180,0xEA80,0xE220,0xA000,0xB060,
    0xD9C0,0xE220,0xE220,0xEA60,0xD9C0,0xC920,0xD160,0xEA60,0xE200,0xC940,0xD160,0xA820,
    0xB8A0,0xD9E0,0xA800,0xB880,0xA800,0xA000,0xC920,0xB080,0x9800,0xA840,0xB040,0xB040,
    0xA800,0xB060,0xC0C0,0xA800,0xA800,0xA820,0xB860,0xB040,0xB040,0xB020,0xA800,0xA820,
    0x9800,0xC0E0,0xD180,0xC920,0xD1A0,0xD160,0xD9E0,0xD1A0,0xD180,0xC920,0xB040,0xB020,
    0x8800,0x9000,0xB060,0xC900,0xD180,0xF2C0,0xFBA0,0xDA00,0xC920,0xB8A0,0xB8A0,0xB880,
    0xC0C0,0xEA60,0xDA00,0xC920,0xB880,0xC0C0,0xA820,0xB020,0x9800,0xA800,0xA800,0xC0C0,
    0xD9C0,0xD9C0,0xEA80,0xDA00,0xC940,0xC920,0xB8A0,0xD9A0,0xE220,0xB8A0,0xA800,0xB8A0,
    0xD180,0xC920,0xC940,0xEAA0,0xFB40,0xF2C0,0xEAA0,0xE220,0xEA60,0xEA60,0xD1A0,0xC940,
    0xD160,0xC900,0xE200,0xE200,0xD9C0,0xC940,0xC0A0,0xC940,0xC0E0,0xB020,0xA800,0xB880,
    0xB000,0xB880,0xB060,0xC0E0,0xC0E0,0xB040,0xB8A0,0xC0C0,0xB880,0xC0C0,0xC0C0,0xC940,
    0xC920,0xE200,0xE220,0xD180,0xD160,0xC0C0,0xC0A0,0xD180,0xC920,0xB8A0,0xB880,0xC940,
    0xD180,0xE240,0xE220,0xE240,0xE200,0xC920,0xD160,0xE240,0xD9E0,0xD1A0,0xFB00,0xEA80,
    0xC900,0xC900,0xC920,0xD9A0,0xD9C0,0xB880,0xB020,0xB020,0xB040,0xC940,0xC940,0xC0C0,
    0xC0C0,0xA000,0xD160,0xEA80,0xD9C0,0xC0C0,0xB060,0xB8A0,0xF2C0,0xD1A0,0xC900,0xEA80,
    0xC960,0xDA20,0xF320,0xDA00,0xE200,0xA000,0xA800,0xA800,0xB040,0xD1A0,0xFBC0,0xF320,
    0xD160,0xB860,0xC0C0,0xD9C0,0xD180,0xE200,0xF2C0,0xC940,0xB880,0xC940,0xF2C0,0xE240,
    0xB040,0xB040,0xB060,0xD140,0xD1A0,0xE200,0xC100,0xC0E0,0xC920,0xE200,0xF300,0xF340,
    0xC920,0xE240,0xEAE0,0xD180,0xC960,0xD180,0xB040,0xB8A0,0xB060,0xA000,0xB8A0,0xC940,
    0xB880,0xA800,0xD160,0xE200,0xC0E0,0xB880,0xB880,0xD180,0xC940,0xB8A0,0xC0E0,0xB8A0,
    0xC0E0,0xC900,0xD180,0xC0A0,0xA800,0xA820,0xA800,0xB880,0xD180,0xD160,0xC940,0xC940,
    0xD1A0,0xC920,0xC100,0xD160,0xD180,0xD1A0,0xE240,0xC100,0xC0C0,0xC0E0,0xB880,0xA820,
    0xB060,0xC900,0xD9E0,0xD9C0,0xD1A0,0xC0E0,0xA800,0xB060,0xD160,0xC920,0xB8A0,0xD160,
    0xC920,0xB860,0xB880,0xE220,0xF300,0xB8A0,0xA000,0xC940,0xD9C0,0xB8A0,0xC0E0,0xB8A0,
    0xC940,0xD9E0,0xD160,0xC0E0,0xB880,0xC920,0xC900,0xD9C0,0xC0C0,0xC100,0xD9E0,0xC920,
    0xC940,0xD9E0,0xD160,0xD160,0xC920,0xC940,0xD9C0,0xD9E0,0xE220,0xC0E0,0xB8A0,0xC0A0,
    0xC0A0,0xC920,0xD1A0,0xB060,0xB8A0,0xC940,0xC0C0,0xB880,0xB860,0xC920,0xE200,0xFB80,
    0xFCC4,0xFBC1,0xF2C0,0xE240,0xFC01,0xF2E0,0xFB80,0xE240,0xC940,0xC920,0xC940,0xEA60,
    0xE220,0xB040,0xA800,0xB040,0xB880,0xB880,0xC0C0,0xB060,0xD1A0,0xEA80,0xC0C0,0xC900,
    0xC100,0xC900,0xC920,0xF320,0xC0E0,0xA000,0xB880,0xB880,0xC0E0,0xB040,0xC100,0xD9C0,
    0xD9E0,0xD140,0xE200,0xDA00,0xD180,0xD9E0,0xB8A0,0xB060,0xB040,0x9800,0x9000,0xA020,
    0x9000,0xA000,0xC0C0,0xC0E0,0xB860,0xA800,0x9800,0x8800,0x9000,0xA000,0xB040,0xC940,
    0xC940,0xC900,0xB8A0,0xD9E0,0xA020,0x9000,0xA000,0xB880,0xB060,0xC900,0xB040,0xB040,
    0xA000,0xA820,0xC0E0,0xA820,0xD9C0,0xE240,0xC0E0,0xC920,0xE200,0xC0C0,0xB040,0xB060,
    0xB8A0,0xE220,0xE240,0xE220,0xEAA0,0xD9C0,0xB8A0,0xB880,0xC920,0xC920,0xD180,0xEA60,
    0xD9C0,0xC0C0,0xD1A0,0xC940,0xD140,0xC0C0,0xC920,0xF2C0,0xE220,0xC0C0,0xD9E0,0xD160,
    0xC0E0,0xC0A0,0xD9C0,0xE220,0xE240,0xEA80,0xD9C0,0xE240,0xEA80,0xD9C0,0xD160,0xB8A0,
    0xA800,0xB040,0xC0E0,0xC920,0xC940,0xC100,0xD9E0,0xC940,0xC0C0,0xB020,0xC900,0xC0C0,
    0xA800,0xB040,0xC0E0,0xB040,0xA800,0xD180,0xC0E0,0xD160,0xF2C0,0xE240,0xC0E0,0xB020,
    0xE240,0xEA80,0xB040,0xE200,0xFB00,0xF2C0,0xD9C0,0xB8A0,0xC0C0,0xD160,0xEA60,0xF2E0,
    0xE240,0xEA60,0xD1A0,0xD9E0,0xE220,0xE220,0xD180,0xD9C0,0xD180,0xB8A0,0xB860,0xB860,
    0xC920,0xC0C0,0xC0E0,0xEA60,0xE200,0xD180,0xB020,0xB040,0xEA80,0xE260,0xC0C0,0xB880,
    0xB880,0xC0C0,0xC920,0xD180,0xD9E0,0xD160,0xC0E0,0xB860,0xD160,0xE220,0xEA60,0xC900,
    0xD160,0xC920,0xD160,0xB860,0xC960,0xC0C0,0xB020,0xC900,0xD9E0,0xE220,0xD180,0xD9C0,
    0xC940,0xC960,0xC940,0xDA00,0xEA60,0xC0E0,0xC920,0xC920,0xB020,0xB8A0,0xA000,0xA800,
    0xB040,0xB040,0xB8C0,0xC0E0,0xA800,0xB860,0xC920,0xA800,0xB860,0xB020,0xB040,0xB000,
    0xA800,0xB880,0xB8A0,0xA000,0xA820,0xB8A0,0xB860,0xA820,0x9000,0xC0E0,0xC920,0xD160,
    0xD9E0,0xF2A0,0xC940,0xD9C0,0xDA00,0xB880,0xB8A0,0xB880,0x8800,0x9800,0xA820,0xC0A0,
    0xC900,0xD140,0xDA20,0xD1A0,0xC0E0,0xB8A0,0xC0E0,0xB8A0,0xD9C0,0xF300,0xD180,0xC100,
    0xB880,0xD9E0,0xEA80,0xB8A0,0xA800,0xB060,0xA800,0xC0C0,0xD160,0xD180,0xF2C0,0xD180,
    0xC0A0,0xC0C0,0xC900,0xD9C0,0xD9E0,0xC920,0xA800,0xC920,0xD9A0,0xD9C0,0xE220,0xF2C0,
    0xFB20,0xF2A0,0xEA80,0xE240,0xDA00,0xF2A0,0xD160,0xC0C0,0xC0C0,0xB880,0xC920,0xD180,
    0xD180,0xC100,0xC0C0,0xC940,0xD160,0xB060,0xB860,0xC0A0,0xA800,0xB880,0xC0E0,0xC900,
    0xC0C0,0xB020,0xB880,0xB040,0xB020,0xC920,0xD9C0,0xD9C0,0xD160,0xE200,0xE220,0xC920,
    0xB880,0xC0C0,0xB040,0xC0E0,0xC920,0xD180,0xD160,0xD9C0,0xD160,0xE220,0xEA60,0xE220,
    0xDA00,0xC0C0,0xD140,0xE200,0xD9E0,0xD1A0,0xFB00,0xEA80,0xD9A0,0xDA00,0xC920,0xD180,
    0xD9E0,0xD1A0,0xB860,0xB000,0xB020,0xB040,0xB020,0xC900,0xC920,0xB880,0xD9E0,0xE240,
    0xC0E0,0xB040,0xB020,0xC0C0,0xE220,0xC900,0xC960,0xFBE0,0xD160,0xD9E0,0xD9E0,0xC900,
    0xD160,0xB860,0xC0C0,0xA820,0xB8A0,0xD160,0xE220,0xD1A0,0xB060,0xC0C0,0xD160,0xE220,
    0xE200,0xF2C0,0xEA60,0xB060,0xA820,0xB880,0xD160,0xC0E0,0xB8A0,0xB060,0xC0C0,0xC920,
    0xD9E0,0xD9C0,0xC920,0xC0A0,0xC920,0xC920,0xE260,0xD1A0,0xC920,0xE220,0xE240,0xC920,
    0xD9C0,0xD1A0,0xD1A0,0xC920,0xC0E0,0xB020,0xB880,0xC920,0xB040,0xA820,0xD9E0,0xF2E0,
    0xC100,0xB040,0xC0C0,0xD160,0xC900,0xC0E0,0xD180,0xB880,0xB060,0xB880,0xC920,0xC100,
    0xB8A0,0xB860,0xA000,0xA000,0xC0E0,0xD9E0,0xD9A0,0xD180,0xD160,0xB8A0,0xB040,0xC920,
    0xC900,0xD1A0,0xF2A0,0xC920,0xC0E0,0xB8A0,0xB000,0xB020,0xB880,0xD160,0xD9E0,0xC0E0,
    0xC900,0xC940,0xC920,0xC0C0,0xC940,0xC900,0xC920,0xC940,0xD160,0xC900,0xC960,0xEA60,
    0xEA40,0xC100,0xA820,0xD9E0,0xDA00,0xB880,0xB040,0xC0C0,0xC0C0,0xC900,0xD180,0xC0E0,
    0xC900,0xD9A0,0xC920,0xE200,0xB8A0,0xC0E0,0xD9E0,0xC920,0xD9C0,0xD9E0,0xD180,0xD9C0,
    0xC940,0xC900,0xD160,0xD160,0xC940,0xC940,0xC0C0,0xB8A0,0xB880,0xB880,0xD160,0xD9A0,
    0xC900,0xE240,0xC940,0xB860,0xB880,0xC920,0xD160,0xF320,0xFC62,0xFB40,0xEA60,0xD9E0,
    0xF2A0,0xEA80,0xFB80,0xEAA0,0xC900,0xB040,0xC920,0xE220,0xD9C0,0xB8A0,0xA800,0xC0E0,
    0xC900,0xD160,0xB880,0xB020,0xD9A0,0xD9C0,0xD160,0xE200,0xC940,0xB8A0,0xB8A0,0xB8A0,
    0xA800,0xA000,0xC0A0,0xB020,0xB860,0xB040,0xB8A0,0xD160,0xD1A0,0xD140,0xD160,0xEA80,
    0xF2E0,0xC940,0xA800,0xA820,0xC0E0,0xA000,0xA000,0x9800,0xB060,0xC0A0,0xD180,0xD9E0,
    0xB860,0xA800,0x9000,0x9800,0x8800,0x8800,0xB8A0,0xC920,0xC0A0,0xC900,0xD9A0,0xEA80,
    0xC920,0xB060,0xA820,0xC100,0xC100,0xC0C0,0xA800,0xA800,0xA020,0xA820,0xC900,0xC0C0,
    0xD160,0xEA60,0xC100,0xA820,0xC100,0xE220,0xC940,0xD1A0,0xD1A0,0xD9C0,0xD160,0xC900,
    0xE260,0xC0C0,0xA800,0xB8A0,0xDA00,0xC920,0xC900,0xD9C0,0xC100,0xB020,0xB860,0xB040,
    0xC940,0xB8A0,0xA800,0xC0E0,0xD180,0xB880,0xA800,0xA820,0xB020,0xB8A0,0xD9C0,0xC940,
    0xC900,0xC0E0,0xC100,0xD9C0,0xEA80,0xE240,0xC920,0xB040,0xA800,0xC0C0,0xD1A0,0xE220,
    0xE220,0xD1A0,0xC920,0xC0E0,0xC0C0,0xB8A0,0xE220,0xC0C0,0xA800,0xB880,0xB040,0xA800,
    0xB020,0xC920,0xC0E0,0xC0A0,0xE200,0xD9E0,0xB880,0xC0C0,0xF2E0,0xEAA0,0xB060,0xEA60,
    0xFB80,0xEA60,0xD9C0,0xC0C0,0xC100,0xD1A0,0xD9A0,0xD9E0,0xD9E0,0xD160,0xC940,0xC940,
    0xC920,0xD140,0xC940,0xD160,0xC0E0,0xB020,0xB860,0xC920,0xD9E0,0xC940,0xD9C0,0xF300,
    0xC940,0xC920,0xB860,0xB860,0xEA80,0xD180,0xC920,0xD180,0xF2C0,0xE220,0xD1A0,0xC0C0,
    0xC900,0xD9E0,0xC940,0xB880,0xD9E0,0xEA80,0xEA80,0xE220,0xEA60,0xD1A0,0xD9E0,0xC920,
    0xC100,0xC0E0,0xC920,0xB8A0,0xD9C0,0xD9C0,0xB8A0,0xC0C0,0xC0C0,0xB8C0,0xC0E0,0xC0A0,
    0xD9C0,0xC920,0xA800,0xB880,0xB880,0xB860,0xA020,0xA000,0xC0E0,0xC900,0xA000,0xB880,
    0xA800,0xA820,0xB8A0,0xB060,0xC0C0,0xB060,0xB040,0xC0C0,0xB020,0xC0E0,0xB080,0x9800,
    0xA000,0xD180,0xC940,0x9000,0x9000,0xB860,0xC0C0,0xC0C0,0xC920,0xD9C0,0xD180,0xD9C0,
    0xD9C0,0xD160,0xC920,0xC940,0x9800,0xA820,0xB880,0xC0C0,0xD180,0xC920,0xC920,0xC0A0,
    0xB040,0xA800,0xC900,0xEA60,0xEA60,0xE200,0xD160,0xB8A0,0xC940,0xE220,0xFBC0,0xD1C0,
    0xC0A0,0xC0C0,0xA800,0xA820,0xC0E0,0xC0E0,0xD9E0,0xC920,0xB040,0xB8A0,0xD9C0,0xE220,
    0xD160,0xC0C0,0xC0C0,0xD160,0xD9E0,0xEA80,0xF2E0,0xFB00,0xEA60,0xD180,0xD9C0,0xE220,
    0xD180,0xD9E0,0xD160,0xC940,0xC920,0xC920,0xC940,0xC100,0xC900,0xC900,0xD160,0xE200,
    0xE200,0xB860,0xB8A0,0xC0E0,0xB020,0xC100,0xC960,0xC940,0xC920,0xB8A0,0xB020,0xB020,
    0xC940,0xD160,0xB8A0,0xD1A0,0xEA60,0xD9E0,0xD9A0,0xD1A0,0xC0E0,0xB060,0xB060,0xA800,
    0xC0E0,0xDA00,0xD1A0,0xD1A0,0xC0E0,0xD1A0,0xEA80,0xE240,0xD9E0,0xC0A0,0xC0E0,0xF2C0,
    0xE240,0xE240,0xEAA0,0xE200,0xEA60,0xEA60,0xE200,0xD9C0,0xD9C0,0xD1A0,0xD160,0xC100,
    0xB020,0x9800,0xA840,0xE200,0xE240,0xC100,0xD9C0,0xE220,0xC920,0xA800,0xC0C0,0xC920,
    0xC920,0xC0C0,0xC940,0xF320,0xD1A0,0xE240,0xD9E0,0xC0A0,0xC0C0,0xC960,0xD9E0,0xC0C0,
    0xC940,0xC0E0,0xC920,0xB000,0xB060,0xC0E0,0xD160,0xEA80,0xF2C0,0xD180,0xB8A0,0xC940,
    0xB880,0xB8A0,0xB060,0xC940,0xC920,0xC0E0,0xB860,0xC0C0,0xD1A0,0xC100,0xB8A0,0xC940,
    0xC0E0,0xB060,0xD9C0,0xD180,0xC0A0,0xEA80,0xE220,0xC900,0xD180,0xE220,0xE220,0xD1A0,
    0xD9A0,0xB040,0xA800,0xB020,0xA800,0xB060,0xD9E0,0xD9C0,0xD180,0xC0C0,0xC920,0xD9C0,
    0xC0C0,0xD160,0xD9E0,0xC920,0xC0A0,0xB020,0xB020,0xB8A0,0xC0E0,0xB020,0xA000,0xA000,
    0xA820,0xD180,0xD9E0,0xD9A0,0xC0E0,0xB8A0,0xA800,0xA820,0xB860,0xD160,0xC940,0xB040,
    0xB060,0xB040,0xB020,0xB060,0xC0E0,0xD160,0xDA00,0xC100,0xC0E0,0xC920,0xC920,0xB040,
    0xC0E0,0xD9C0,0xFB20,0xB880,0xB880,0xD9E0,0xE220,0xD9E0,0xEA60,0xE220,0xC920,0xEA80,
    0xD9A0,0xA820,0xA800,0xC920,0xC920,0xC0A0,0xB8A0,0xB040,0xDA00,0xE240,0xC0E0,0xD9C0,
    0xD160,0xC940,0xDA00,0xD180,0xD9C0,0xD180,0xD1A0,0xD180,0xC900,0xC100,0xE200,0xD9A0,
    0xD180,0xE240,0xD160,0xB020,0xB040,0xC920,0xD180,0xC0C0,0xB880,0xB880,0xC0E0,0xB8A0,
    0xB860,0xC940,0xC940,0xE200,0xF2E0,0xEA80,0xDA00,0xD1A0,0xD9C0,0xF2E0,0xFBA0,0xFB40,
    0xD1A0,0xC0E0,0xD180,0xD9E0,0xEAC0,0xD9E0,0xC940,0xE220,0xDA00,0xE220,0xD9A0,0xE220,
    0xD9E0,0xEA60,0xE240,0xD9E0,0xC0E0,0xB020,0xB020,0xA000,0xA000,0xA000,0xB8A0,0xB020,
    0xB880,0xA820,0xA820,0xB020,0xC0E0,0xD160,0xE240,0xFB20,0xFB40,0xC920,0xB860,0xB880,
    0xA820,0xA000,0xA800,0xB040,0xC920,0xC0C0,0xC920,0xFB00,0xC920,0xA000,0xB060,0xB8A0,
    0x9000,0x9000,0xB060,0xC0E0,0xB8A0,0xDA00,0xFCC6,0xF321,0xD140,0xB8A0,0xB880,0xC100,
    0xD1A0,0xC920,0xA020,0x9000,0xA000,0xC0C0,0xC920,0xC900,0xD1A0,0xD9C0,0xB8A0,0xB860,
    0xC100,0xD9C0,0xC940,0xD9E0,0xC940,0xD160,0xD160,0xB8A0,0xD1A0,0xC900,0xB880,0xC920,
    0xE220,0xC920,0xC0C0,0xD1A0,0xB880,0xB040,0xB040,0xB860,0xC0E0,0xA820,0xA000,0xB020,
    0xC920,0xB8A0,0xA000,0x9800,0xA820,0xB8A0,0xC100,0xB040,0xB860,0xA820,0xC940,0xE200,
    0xD9E0,0xD180,0xC0A0,0xC920,0xD9C0,0xC940,0xD1A0,0xD9E0,0xD9C0,0xC0E0,0xB880,0xC920,
    0xC920,0xD9C0,0xD180,0xC0E0,0xB860,0xB040,0xB8A0,0xB880,0xA800,0xC920,0xC900,0xB860,
    0xD9C0,0xE240,0xB880,0xD160,0xEA80,0xD9E0,0xA800,0xD9C0,0xFC00,0xFC01,0xEA80,0xC900,
    0xC920,0xE200,0xD180,0xC0C0,0xD9C0,0xD140,0xC940,0xC900,0xB8A0,0xD180,0xD9C0,0xB880,
    0xB8A0,0xB880,0xB8A0,0xC900,0xE220,0xC920,0xC940,0xD9A0,0xC900,0xD9C0,0xC920,0xC0E0,
    0xD160,0xB860,0xC920,0xD160,0xEA80,0xEA60,0xE220,0xD9C0,0xD1A0,0xDA00,0xD1A0,0xD160,
    0xE200,0xEA80,0xEAA0,0xE220,0xD9A0,0xB8A0,0xC0E0,0xC0C0,0xC920,0xC920,0xC940,0xD160,
    0xD1A0,0xC100,0xB860,0xB8A0,0xB860,0xB020,0xB8A0,0xC900,0xD160,0xC0C0,0xB040,0x9000,
    0xA800,0xC0C0,0xB060,0xA000,0xC920,0xC920,0xB880,0xB860,0xB040,0xA800,0xB020,0xA000,
    0xA820,0xB020,0xB880,0xC900,0xC0E0,0xE220,0xB0A0,0x9800,0xA800,0xD9C0,0xC900,0xA000,
    0xA000,0xC0A0,0xB8A0,0xA820,0xA820,0xA800,0xC940,0xC940,0xB880,0xD9C0,0xE240,0xC0E0,
    0xA020,0xB8A0,0xC920,0xE220,0xEA80,0xEA60,0xE240,0xC0E0,0xA800,0xA800,0xC920,0xE220,
    0xE240,0xD9A0,0xB060,0xB040,0xD180,0xE220,0xEA80,0xE240,0xC940,0xB8A0,0xA800,0xB860,
    0xB8A0,0xB8A0,0xC920,0xC900,0xC0E0,0xE220,0xD180,0xC100,0xC920,0xC0C0,0xC100,0xC100,
    0xD1A0,0xE220,0xE240,0xEA80,0xEA60,0xC0E0,0xC0E0,0xC940,0xD9A0,0xC940,0xC0E0,0xC0E0,
    0xDA00,0xD9C0,0xC940,0xC940,0xB8A0,0xC0E0,0xEA60,0xE240,0xEA80,0xC0E0,0xC0C0,0xC920,
    0xC0E0,0xC920,0xE220,0xD9C0,0xD160,0xC0A0,0xB020,0xC0E0,0xD9C0,0xC900,0xA800,0xD180,
    0xF2C0,0xD9E0,0xD9C0,0xD180,0xC0E0,0xA800,0xB040,0xB040,0xB040,0xC0E0,0xD1A0,0xDA00,
    0xC940,0xD9A0,0xD180,0xD9C0,0xEA80,0xC960,0xC0A0,0xF2A0,0xE220,0xD160,0xE220,0xC920,
    0xE240,0xE220,0xD180,0xDA00,0xE200,0xD9C0,0xD9C0,0xD9E0,0xB060,0xA000,0xA800,0xD9C0,
    0xF2A0,0xC900,0xC900,0xE220,0xD180,0xC0E0,0xD1A0,0xD180,0xB860,0xC940,0xC100,0xC0E0,
    0xD140,0xC920,0xB060,0xB060,0xB040,0xD160,0xD9C0,0xD160,0xD1A0,0xC0E0,0xD180,0xB8A0,
    0xB060,0xB8A0,0xC0E0,0xE240,0xF2C0,0xC900,0xB860,0xEA60,0xC920,0xA000,0xA840,0xD180,
    0xE220,0xC960,0xB040,0xC940,0xD180,0xA800,0xB040,0xD9C0,0xC0E0,0xB000,0xE281,0xFCC7,
    0xD160,0xD9E0,0xEA80,0xC900,0xC940,0xEA60,0xEA60,0xD9C0,0xB880,0xB020,0xB880,0xB040,
    0xA000,0xB8A0,0xD160,0xB8A0,0xD9E0,0xC0E0,0xC920,0xD9E0,0xD9C0,0xC0C0,0xD9A0,0xE220,
    0xC0E0,0xB020,0xC0E0,0xC100,0xB8A0,0xB040,0xC900,0xB040,0xC0C0,0xE200,0xE240,0xD160,
    0xB040,0xC900,0xC900,0x9800,0xA860,0xC0E0,0xC0E0,0xB880,0xB040,0xB8A0,0xC0A0,0xD160,
    0xD180,0xC0E0,0xD160,0xD9A0,0xD9A0,0xD160,0xB040,0xB880,0xE240,0xEA80,0xEA60,0xA020,
    0xB060,0xE200,0xEAA0,0xD9C0,0xC0C0,0xD160,0xD160,0xD160,0xC920,0xB020,0xB020,0xC900,
    0xC920,0xB880,0xB880,0xC0E0,0xF320,0xF2C0,0xC100,0xE200,0xC940,0xC0A0,0xE200,0xD9C0,
    0xD9E0,0xC920,0xB8A0,0xC940,0xD180,0xD1A0,0xE200,0xE200,0xE220,0xFB40,0xFB20,0xB880,
    0xA800,0xDA00,0xFB60,0xA820,0xA800,0xB880,0xD9C0,0xC920,0xC0C0,0xC920,0xD1A0,0xD9C0,
    0xEA60,0xEA80,0xD1A0,0xC920,0xC0C0,0xEAA0,0xFB20,0xEA80,0xEA60,0xD9E0,0xD1A0,0xE200,
    0xFC22,0xFBC2,0xC920,0xEAA0,0xEAA0,0xF2E0,0xF2E0,0xF2E0,0xE220,0xE220,0xD9C0,0xD140,
    0xA800,0xB020,0xA820,0xA000,0xB8A0,0xA000,0xA820,0xB860,0xC0E0,0xA820,0xA820,0xB040,
    0xC920,0xEA80,0xE240,0xE220,0xD9E0,0xB8A0,0xA820,0xB880,0xA800,0xB020,0xA800,0xB040,
    0xB040,0xC920,0xD9C0,0xF300,0xD160,0x9000,0xB8A0,0xC920,0x9800,0xA020,0xA000,0xA800,
    0xB060,0xE220,0xFC43,0xE240,0xB880,0xA800,0xD180,0xD1A0,0xC100,0xC0C0,0xA800,0x9800,
    0xA000,0xD1A0,0xD180,0xC900,0xD160,0xC0A0,0xB040,0xD180,0xE200,0xD160,0xC0E0,0xD180,
    0xC920,0xD140,0xD180,0xB060,0xB880,0xD160,0xC920,0xC900,0xC920,0xC100,0xC0C0,0xD180,
    0xB8A0,0xA000,0xA800,0xB040,0xC0C0,0xB040,0xA000,0xA820,0xC0E0,0xA800,0xA000,0xA820,
    0xB880,0xB040,0xB860,0xB060,0xA800,0xA800,0xC900,0xD160,0xB8A0,0xB8A0,0xC8E0,0xD160,
    0xD9C0,0xD180,0xC0E0,0xC100,0xC940,0xC0E0,0xA800,0xC920,0xD9A0,0xEA80,0xC900,0xC0A0,
    0xD160,0xB020,0xB880,0xB8A0,0xA800,0xC920,0xC0C0,0xB000,0xC940,0xE240,0xC900,0xC960,
    0xD180,0xC0E0,0xB040,0xD140,0xF2E0,0xF340,0xF2C0,0xD9C0,0xD180,0xE220,0xD9E0,0xC0E0,
    0xE220,0xE200,0xD160,0xD9A0,0xD1A0,0xE220,0xEA40,0xC900,0xC920,0xD140,0xD180,0xD160,
    0xE220,0xD9A0,0xD9C0,0xD160,0xB880,0xC920,0xC920,0xC940,0xC940,0xA800,0xC0C0,0xD9A0,
    0xC920,0xC0E0,0xE220,0xEA60,0xD180,0xD1A0,0xC960,0xC940,0xE220,0xEAA0,0xD9C0,0xC100,
    0xC0C0,0xD9E0,0xD9C0,0xC940,0xE200,0xC0C0,0xC920,0xEA60,0xD180,0xC0C0,0xC0C0,0xC900,
    0xC0C0,0x9800,0xB8A0,0xE200,0xD9E0,0xC960,0xC0E0,0xB080,0x9800,0xB040,0xC940,0xB880,
    0xC100,0xC900,0xC940,0xC100,0xC0E0,0xB880,0xB060,0xA000,0x9800,0xA800,0xB020,0xB880,
    0xD1A0,0xD9C0,0xA840,0xA800,0xC0E0,0xD9C0,0xB040,0xA000,0xA000,0xD9C0,0xC0C0,0xA800,
    0xC0C0,0xB040,0xC920,0xC0C0,0xA800,0xB040,0xD140,0xC0C0,0xC0E0,0xC900,0xC940,0xE240,
    0xE240,0xE200,0xE220,0xB860,0xB880,0xB8A0,0xC0E0,0xB040,0xD180,0xD160,0xA800,0xC100,
    0xD9C0,0xD160,0xD160,0xD160,0xC920,0xC920,0xB040,0xD9E0,0xE240,0xC940,0xD160,0xD160,
    0xD180,0xEA60,0xE220,0xD180,0xEA60,0xD9E0,0xC960,0xC940,0xC0E0,0xC0C0,0xD9A0,0xD9C0,
    0xC900,0xB860,0xA800,0xB8A0,0xD9C0,0xD160,0xB8A0,0xB020,0xD160,0xD180,0xC100,0xE240,
    0xC940,0xC920,0xE200,0xD9E0,0xEA80,0xE200,0xD160,0xD9E0,0xC940,0xD160,0xFB40,0xEA80,
    0xC940,0xC0A0,0xB8A0,0xD160,0xD1A0,0xC940,0xB8A0,0xD9E0,0xF2C0,0xD9C0,0xE200,0xE240,
    0xB040,0xA800,0xB880,0xC0C0,0xC0A0,0xB880,0xB880,0xC100,0xEA60,0xF300,0xD180,0xC920,
    0xEA40,0xD160,0xD140,0xEA60,0xD9C0,0xD1A0,0xF2E0,0xD180,0xD160,0xD1A0,0xD180,0xD180,
    0xE220,0xDA00,0xD180,0xD9C0,0xC100,0xA820,0xB040,0xC100,0xD180,0xC900,0xB880,0xC900,
    0xC940,0xC900,0xC0E0,0xD180,0xB040,0xC900,0xC0C0,0xC0E0,0xC0E0,0xB060,0xA000,0xB040,
    0x9800,0xC0C0,0xD180,0xD160,0xDA00,0xD1A0,0xD9C0,0xC0C0,0xB880,0xB040,0xC0A0,0xEAA0,
    0xD9E0,0xA820,0xB060,0xE220,0xE200,0xC0E0,0xB020,0xD180,0xFB40,0xE200,0xB880,0xD9C0,
    0xE240,0xC0C0,0xB020,0xD180,0xC940,0xB000,0xFD4E,0xFD8D,0xD140,0xEAA0,0xF2C0,0xEA80,
    0xE240,0xFB20,0xFB00,0xD180,0xC900,0xC920,0xB060,0xB880,0xB880,0xD9A0,0xD9C0,0xA800,
    0xD9E0,0xD1A0,0xD1A0,0xFB00,0xEAC0,0xD160,0xE220,0xE200,0xC940,0xC0E0,0xE200,0xF2C0,
    0xD9C0,0xC0E0,0xC100,0xC0E0,0xD180,0xD9E0,0xC0E0,0xA800,0xB880,0xD9A0,0xD9E0,0x9800,
    0x9800,0xC0C0,0xD160,0xC940,0xC0C0,0xC100,0xC900,0xD1A0,0xE200,0xC0C0,0xB8A0,0xD1A0,
    0xEA80,0xF2C0,0xC0C0,0xD160,0xFB80,0xE200,0xB080,0x9800,0xA820,0xC0C0,0xE220,0xC920,
    0xB040,0xC0E0,0xC0C0,0xB8A0,0xC900,0xC940,0xC940,0xD160,0xE220,0xC920,0xB880,0xE220,
    0xFB20,0xEA60,0xD9C0,0xF300,0xE200,0xB8A0,0xD9E0,0xD160,0xD180,0xD160,0xC0A0,0xC0C0,
    0xC920,0xD1C0,0xD9C0,0xE200,0xD9E0,0xE220,0xE220,0xD180,0xB040,0xC0E0,0xEA40,0xB880,
    0xA800,0xB8A0,0xC0E0,0xB880,0xC940,0xD160,0xD180,0xE200,0xEAA0,0xEA60,0xEA80,0xD180,
    0xC0C0,0xE240,0xE220,0xC920,0xEA80,0xEAA0,0xD180,0xD9C0,0xEA60,0xDA00,0xC0A0,0xE200,
    0xE220,0xEA80,0xFB40,0xEA80,0xC940,0xB060,0xB880,0xD9A0,0xB8A0,0xA800,0xA800,0xB060,
    0xD180,0xB060,0xA800,0xB860,0xC0C0,0xA000,0xB8A0,0xC8E0,0xE200,0xFBA0,0xC940,0xC100,
    0xC900,0xA800,0x9800,0xB060,0xB040,0xB860,0xC0E0,0xA840,0xA000,0xD160,0xD180,0xFB40,
    0xC940,0x9000,0xB8A0,0xC0E0,0x8000,0xA860,0xD160,0xB040,0xA820,0xD9C0,0xF2C0,0xD140,
    0x9800,0x9800,0xC0C0,0xC940,0xB880,0xC0C0,0xA000,0x9800,0xB0A0,0xE240,0xC900,0xC920,
    0xD160,0xD1A0,0xC0E0,0xB880,0xC0C0,0xC940,0xB040,0xB880,0xB880,0xC0C0,0xC940,0xB060,
    0xC940,0xD1A0,0xC940,0xC0C0,0xC0C0,0xD160,0xC940,0xD160,0xC0C0,0xA020,0xA000,0xB040,
    0xB860,0xD140,0xB880,0xA800,0xB040,0xA820,0xA820,0xB060,0xA800,0x9800,0xA820,0xA820,
    0x9000,0x9800,0xD9A0,0xB8A0,0xA000,0xB060,0xB040,0xC920,0xD9C0,0xC0E0,0xB860,0xC0E0,
    0xD160,0xD160,0xB8A0,0xC0C0,0xD180,0xE200,0xC940,0xC0C0,0xD160,0xB8A0,0xA800,0xB000,
    0xA800,0xB860,0xB860,0xB040,0xC0A0,0xD160,0xD9A0,0xC900,0xC920,0xC0C0,0xC0E0,0xD9A0,
    0xD9C0,0xD9E0,0xE220,0xF2C0,0xD9E0,0xC940,0xC0E0,0xC920,0xEA60,0xEA60,0xE200,0xD9E0,
    0xE220,0xF2E0,0xFB00,0xEA60,0xFB40,0xD9C0,0xD140,0xC940,0xE240,0xE220,0xC900,0xC920,
    0xB8A0,0xB860,0xC100,0xC920,0xB880,0xA000,0xA800,0xC940,0xD9C0,0xB860,0xC0C0,0xD160,
    0xB880,0xC0E0,0xC0E0,0xC940,0xD9E0,0xD9C0,0xC900,0xC0E0,0xD180,0xFB60,0xF300,0xE220,
    0xE200,0xC0E0,0xC920,0xD9E0,0xC940,0xB8A0,0xC920,0xD1A0,0xD9C0,0xA840,0xB040,0xE220,
    0xE240,0xD1A0,0xD9E0,0xC0E0,0xA000,0xA800,0xC0E0,0xDA00,0xC900,0xC0E0,0xD160,0xC0A0,
    0xB880,0xD140,0xB040,0xA800,0xC0E0,0xB8A0,0xB060,0xB860,0xC0C0,0xB040,0xA000,0xD1A0,
    0xC0E0,0xC900,0xB060,0xA800,0xB860,0xC940,0xC0E0,0xC920,0xD9A0,0xC940,0xC100,0xC0E0,
    0xB040,0x9800,0xB8A0,0xD9C0,0xC940,0xC0C0,0xD9A0,0xD9E0,0xC920,0xD180,0xC0E0,0xB880,
    0xC900,0xC900,0xC920,0xC0C0,0xD9E0,0xD160,0xB060,0xB020,0xC0E0,0xE220,0xC0E0,0xC940,
    0xD9C0,0xC0C0,0xC100,0xD9E0,0xF2C0,0xDA00,0xC900,0xD180,0xC940,0xE220,0xFB40,0xD9E0,
    0xD9C0,0xD9C0,0xD9E0,0xD9C0,0xB8A0,0xB020,0xC0E0,0xC920,0xB840,0xB040,0xA800,0xB040,
    0xC920,0xC920,0xB060,0xC0C0,0xC0C0,0xB880,0xC0C0,0xEA80,0xD9A0,0xC0C0,0xC920,0xD9E0,
    0xE200,0xC900,0xC100,0xC940,0xD180,0xE240,0xEA80,0xC940,0xC0C0,0xB880,0xC900,0xD160,
    0xC940,0xC940,0xD9C0,0xEA60,0xE240,0xC0C0,0xD160,0xFB20,0xA820,0xB020,0xC940,0xE200,
    0xD9A0,0xC0C0,0xB020,0xD140,0xF2C0,0xFB40,0xC920,0xA800,0xD9E0,0xE220,0xE220,0xFB20,
    0xDA00,0xEA60,0xFB40,0xE200,0xD1A0,0xD1A0,0xE240,0xD9E0,0xD9E0,0xE200,0xC920,0xD9E0,
    0xE220,0xC920,0xB880,0xB880,0xB860,0xB060,0xB040,0xB860,0xC0E0,0xB040,0xB080,0xC920,
    0xA800,0xB880,0xC0C0,0xEA80,0xEA60,0xB860,0xA800,0xB040,0x9800,0xA020,0xD160,0xD160,
    0xD180,0xEA40,0xEA60,0xC100,0xB880,0xA000,0xB8A0,0xD160,0xA820,0xA000,0xB880,0xD9A0,
    0xD1A0,0xEA80,0xD9A0,0xE220,0xEAA0,0xD9E0,0xB880,0xC0C0,0xD9E0,0xD9E0,0xC0E0,0xD160,
    0xE220,0xB020,0xF3C5,0xE220,0xC0C0,0xD9E0,0xF2C0,0xFB00,0xE220,0xEA60,0xF2C0,0xE220,
    0xEA80,0xE240,0xC900,0xB8A0,0xE240,0xEA80,0xE200,0xB860,0xC940,0xC940,0xD1A0,0xE240,
    0xD1A0,0xE200,0xEA60,0xD9E0,0xE200,0xD9E0,0xD9C0,0xEAA0,0xDA00,0xC900,0xC0C0,0xB8A0,
    0xB060,0xD160,0xB860,0xC0C0,0xB040,0xC0C0,0xE200,0xB8A0,0xA020,0xB080,0xD160,0xD180,
    0xC900,0xD160,0xC920,0xD9C0,0xD9A0,0xC0C0,0xC0E0,0xD160,0xD9A0,0xFB00,0xC0E0,0xD1A0,
    0xFB80,0xD160,0xA800,0xB040,0xB040,0xB040,0xDA00,0xC0C0,0xC0A0,0xE240,0xC920,0xB040,
    0xB880,0xDA00,0xE240,0xD180,0xD1A0,0xC940,0xC0E0,0xD1A0,0xEA80,0xD180,0xE220,0xF300,
    0xF2E0,0xC920,0xD160,0xC900,0xD180,0xC940,0xC0C0,0xB8A0,0xC0C0,0xC960,0xD180,0xD9C0,
    0xD9E0,0xD9E0,0xC0C0,0xC900,0xD160,0xD9E0,0xC940,0xB040,0xB860,0xC920,0xA000,0xA800,
    0xC0C0,0xD9E0,0xD9C0,0xD9E0,0xE200,0xEAA0,0xFBA0,0xE220,0xC940,0xEA80,0xD9E0,0xC0C0,
    0xE200,0xE240,0xB8A0,0xC920,0xE220,0xD1A0,0xD9E0,0xF2A0,0xC940,0xD160,0xF300,0xD160,
    0xB8A0,0xB060,0xD180,0xE220,0xC0E0,0xA000,0xB8A0,0xD9E0,0xEAA0,0xE220,0xB040,0xA000,
    0xB020,0xA820,0xC900,0xB060,0xD9E0,0xF2C0,0xC0E0,0xA820,0xB880,0xA000,0x9800,0xA820,
    0xB880,0xB8A0,0xD9C0,0xC100,0xA040,0xD140,0xB040,0xD160,0xB0A0,0x9000,0xB8C0,0xC0E0,
    0x8800,0xB0A0,0xD9C0,0xB880,0xB8A0,0xD9C0,0xD1A0,0xC0E0,0xA800,0xA020,0xB8C0,0xD160,
    0xC940,0xB060,0x9800,0x9800,0xB8E0,0xE220,0xB8A0,0xB880,0xD160,0xF2E0,0xE220,0xA000,
    0x9800,0xB040,0xC920,0xD180,0xB880,0xB040,0xD9C0,0xD180,0xDA00,0xD9E0,0xC0E0,0xA800,
    0xB8A0,0xDA00,0xD9C0,0xD1A0,0xC920,0xB040,0xB020,0xB020,0xD9C0,0xFB60,0xD140,0xA820,
    0xB020,0xA820,0xA000,0xA000,0x9800,0x9800,0xA000,0xA800,0xA800,0xB040,0xE240,0xE220,
    0xA800,0xA820,0xA800,0xC920,0xEAA0,0xD160,0xC940,0xD180,0xE200,0xC100,0xC0E0,0xC100,
    0xB8A0,0xD9E0,0xE200,0xC0E0,0xC940,0xC0E0,0xA800,0xA800,0xA800,0xB060,0xC0E0,0xC100,
    0xEA40,0xE220,0xE200,0xB8A0,0xB8A0,0xC920,0xE220,0xE220,0xC920,0xB880,0xD180,0xFB00,
    0xD9E0,0xB880,0xB880,0xC940,0xE240,0xEA60,0xD9E0,0xD180,0xEA80,0xF2E0,0xEA80,0xEA80,
    0xD9E0,0xD160,0xC0C0,0xB860,0xD9E0,0xE240,0xC0E0,0xB040,0xA800,0xA820,0xB860,0xD180,
    0xC940,0x9800,0x9800,0xB8A0,0xE240,0xB8A0,0xB040,0xB8A0,0xC0A0,0xB880,0xB060,0xC900,
    0xC940,0xC100,0xC940,0xD160,0xE220,0xE220,0xDA00,0xEA40,0xC920,0xB880,0xC920,0xC940,
    0xC0E0,0xB040,0xC960,0xDA00,0xE200,0xC0E0,0xA820,0xEA80,0xEAA0,0xD9E0,0xEA80,0xC920,
    0xB040,0xB020,0xB040,0xC920,0xC0E0,0xD160,0xD160,0xA820,0xA020,0xC920,0xB8A0,0xB880,
    0xC0E0,0xC920,0xD160,0xC940,0xB040,0xB880,0xB040,0xC920,0xB8A0,0xC0C0,0xB880,0xC100,
    0xC900,0xB040,0xB060,0xC920,0xD9C0,0xC940,0xB8A0,0xC940,0xC0C0,0x9800,0xB8A0,0xEA80,
    0xD160,0xA800,0xC940,0xE240,0xD9C0,0xC940,0xC0A0,0xC0A0,0xC0E0,0xE200,0xEAA0,0xC0E0,
    0xD1A0,0xD180,0xB860,0xB860,0xD180,0xEA80,0xB8A0,0xC100,0xC940,0xB060,0xE240,0xD9C0,
    0xD1A0,0xD1A0,0xB880,0xC940,0xB880,0xC940,0xE220,0xB8A0,0xC920,0xD180,0xD9C0,0xE240,
    0xD1A0,0xB020,0xC0C0,0xC100,0xC0C0,0xA820,0xB040,0xA800,0xB020,0xB060,0xB880,0xB880,
    0xA800,0xA820,0xB880,0xD160,0xE200,0xB8A0,0xB8A0,0xD1A0,0xC920,0xB040,0xB8A0,0xC900,
    0xC0C0,0xD9C0,0xD160,0xC0C0,0xC0C0,0xB8A0,0xC0C0,0xC0A0,0xC0C0,0xC940,0xD9A0,0xD180,
    0xD9C0,0xC940,0xC940,0xE220,0xB040,0xB880,0xD1A0,0xF2C0,0xF2C0,0xE200,0xC100,0xD160,
    0xD9C0,0xE200,0xC920,0xC0C0,0xDA00,0xF2A0,0xDA00,0xEA60,0xEA80,0xF2E0,0xFB20,0xD9E0,
    0xE240,0xE240,0xE200,0xD9C0,0xE200,0xE220,0xC0C0,0xC940,0xD9A0,0xC920,0xB880,0xB840,
    0xA800,0xA000,0xB040,0xB040,0xC0C0,0xB060,0xA820,0xB880,0xB8A0,0xC900,0xD180,0xFBC0,
    0xFB60,0xC0C0,0x9800,0xC920,0xC100,0xA840,0xD160,0xC0E0,0xC940,0xE220,0xE200,0xD9E0,
    0xB8A0,0xB040,0xB060,0xD160,0xB060,0xA000,0xB880,0xC0C0,0xC100,0xF2E0,0xF320,0xE240,
    0xD9C0,0xC0C0,0xB880,0xB8A0,0xD180,0xE260,0xC900,0xD9A0,0xC940,0xA800,0xEA40,0xEA60,
    0xC920,0xC920,0xF2C0,0xEA60,0xC0C0,0xC0A0,0xD9E0,0xEAA0,0xF2C0,0xEA60,0xC940,0xC920,
    0xF2E0,0xD9C0,0xDA00,0xD1A0,0xC100,0xB880,0xB880,0xA800,0xE200,0xE220,0xE220,0xD1A0,
    0xD9C0,0xD9A0,0xC920,0xD9A0,0xC100,0xA820,0xD160,0xC100,0xA820,0xC0E0,0xC900,0xC940,
    0xA800,0xC0E0,0xE240,0xC920,0xA000,0xC0C0,0xD9C0,0xC100,0xC0E0,0xD1A0,0xC920,0xC0E0,
    0xB8A0,0xC900,0xD180,0xC0A0,0xC0C0,0xC940,0xA820,0xE220,0xFC21,0xEAC0,0xB880,0xC0A0,
    0xC900,0xC0A0,0xF2E0,0xE240,0xD1A0,0xEA60,0xDA00,0xB880,0xC920,0xE220,0xD160,0xC900,
    0xD180,0xC920,0xB880,0xC0E0,0xEA80,0xD160,0xC940,0xD9C0,0xF2E0,0xE220,0xC920,0xC0E0,
    0xC0E0,0xC0E0,0xC0E0,0xC0E0,0xC900,0xD180,0xC920,0xB880,0xD1A0,0xE220,0xC0C0,0xB880,
    0xC940,0xF2E0,0xD160,0xA800,0xA020,0xB860,0xA820,0xB040,0xC0E0,0xEA80,0xD9E0,0xD180,
    0xE200,0xEAA0,0xFB60,0xFB40,0xD9C0,0xEA80,0xE220,0xB8A0,0xC0E0,0xC920,0xB8A0,0xD180,
    0xE200,0xD180,0xD9A0,0xF2A0,0xC940,0xC0A0,0xD160,0xC0E0,0xC900,0xD160,0xF320,0xE220,
    0xA800,0xB040,0xDA00,0xEA80,0xF320,0xF2E0,0xB880,0xC920,0xC0C0,0xB040,0xB880,0xA800,
    0xC0A0,0xD1A0,0xC0E0,0xA000,0xB8A0,0xA820,0xA000,0xB060,0xB020,0xA800,0xC0C0,0xB8A0,
    0xB8A0,0xD9E0,0xA000,0xA000,0xA020,0x9820,0xD180,0xD9C0,0xA860,0xC120,0xE200,0xB040,
    0xC940,0xE240,0xC0C0,0xA800,0xB040,0xC0A0,0xB8A0,0xA840,0xC0A0,0xA820,0x9000,0x9000,
    0xA820,0xB880,0xC0E0,0xB060,0xC100,0xD9A0,0xC0C0,0xA820,0xA000,0xA840,0xD160,0xD9C0,
    0xD180,0xB020,0xD180,0xD9E0,0xE240,0xC920,0xB880,0xA800,0xB880,0xD9E0,0xD180,0xD9C0,
    0xE240,0xB880,0xA800,0xA000,0xD1A0,0xFB60,0xF300,0xC940,0xA800,0xB040,0xC0E0,0xC900,
    0xB060,0xA800,0xB8A0,0xC0C0,0xB040,0xB860,0xB880,0xD160,0xB880,0xA000,0xA820,0xD180,
    0xEA60,0xD9C0,0xC960,0xEAA0,0xFB40,0xD9C0,0xB8A0,0xB880,0xB8A0,0xD9C0,0xC100,0xB8A0,
    0xD160,0xB880,0xA800,0xB020,0xB020,0xB8A0,0xC0E0,0xC100,0xF2C0,0xFB60,0xF2C0,0xC0E0,
    0xB880,0xC940,0xF2A0,0xE220,0xE200,0xC940,0xC940,0xEA60,0xD180,0xB020,0xB020,0xC920,
    0xD9E0,0xDA00,0xD160,0xC940,0xEA80,0xD9E0,0xD180,0xD9E0,0xC940,0xDA00,0xC0C0,0xB860,
    0xD9E0,0xDA00,0xC920,0xB020,0xA800,0xA000,0xA800,0xD9A0,0xC920,0x9000,0x9800,0xB040,
    0xD160,0xC940,0xB8A0,0xC0A0,0xEA60,0xC0C0,0xB860,0xB8A0,0xC0C0,0xC0E0,0xC0C0,0xB8A0,
    0xE220,0xD9E0,0xDA00,0xF2C0,0xD1A0,0xB040,0xB8A0,0xB860,0xB060,0xA800,0xB8A0,0xD9C0,
    0xEA60,0xC960,0xB880,0xE200,0xEA80,0xEA60,0xEA60,0xC940,0xD160,0xC920,0xA800,0xB020,
    0xB060,0xB060,0xB040,0x9800,0x9800,0xC0C0,0xC920,0xB880,0xA000,0xC0C0,0xE200,0xD160,
    0xB880,0xC0E0,0xC900,0xE200,0xD9E0,0xA820,0xC920,0xE200,0xC0E0,0xB020,0xB040,0xB040,
    0xB880,0xC900,0xB040,0xB860,0xB880,0xB000,0xC900,0xEA60,0xD9C0,0xA820,0xB060,0xD9E0,
    0xE220,0xD9C0,0xD180,0xD9C0,0xC100,0xEA80,0xD9E0,0xB020,0xC920,0xD1A0,0xD1A0,0xB880,
    0xD9C0,0xE200,0xC0E0,0xB060,0xB860,0xB020,0xC920,0xC900,0xC940,0xC920,0xB020,0xB860,
    0xA800,0xC920,0xD180,0xB040,0xB860,0xD180,0xD140,0xD9E0,0xD9C0,0xB040,0xC100,0xD180,
    0xD9E0,0xC0C0,0xA000,0xA000,0xA800,0xA000,0xB880,0xB8A0,0xC0C0,0xB880,0xB040,0xC920,
    0xD160,0xB880,0xB860,0xD180,0xD1A0,0xA000,0xB060,0xB8A0,0xA800,0xC940,0xC940,0xB880,
    0xB060,0xB880,0xC940,0xD180,0xD9C0,0xC0E0,0xC940,0xC0E0,0xC940,0xC0C0,0xC0E0,0xD1A0,
    0xB040,0xB880,0xD160,0xE220,0xF2E0,0xF2A0,0xC920,0xD160,0xD160,0xC0A0,0xEA60,0xDA00,
    0xEA60,0xE200,0xD1A0,0xE200,0xE240,0xF2C0,0xE220,0xC0C0,0xC0E0,0xC940,0xD180,0xD160,
    0xE240,0xEA80,0xD180,0xB8A0,0xC920,0xC0C0,0xB060,0xA800,0xA800,0x9000,0xA820,0xB040,
    0xC0C0,0xD140,0xB8A0,0xB020,0xC940,0xD160,0xD9C0,0xFAE0,0xE200,0xC900,0xA820,0xC920,
    0xEA80,0xD180,0xD1A0,0xC0C0,0xD180,0xC100,0xB860,0xE200,0xD180,0xC920,0xB860,0xD1A0,
    0xD160,0xB880,0xB040,0xA000,0xB040,0xC940,0xC120,0xB880,0xC0E0,0xB020,0xC920,0xD1A0,
    0xD9C0,0xF2E0,0xC900,0xD9C0,0xB8A0,0xA000,0xEA40,0xFC22,0xD9E0,0xB860,0xE220,0xD9A0,
    0xB040,0xA000,0xB880,0xD9C0,0xD180,0xD160,0xC920,0xC0C0,0xD9A0,0xC900,0xC940,0xD180,
    0xB8C0,0xB020,0xA000,0xC0E0,0xFB40,0xD9C0,0xC100,0xB060,0xC0C0,0xC0E0,0xC0E0,0xB8A0,
    0xB880,0xB8A0,0xC940,0xB8A0,0xB020,0xB860,0xC0C0,0xB8A0,0xB020,0xD160,0xEA60,0xC920,
    0xB8A0,0xB880,0xC0E0,0xC0E0,0xB060,0xC920,0xC920,0xD140,0xA800,0xC0E0,0xD9C0,0xC900,
    0xC0C0,0xB060,0xA000,0xEAA0,0xFC42,0xEAA0,0xB8A0,0xC0C0,0xD180,0xC920,0xE240,0xEA80,
    0xEA80,0xE240,0xD9E0,0xD160,0xD9E0,0xE220,0xB8A0,0xC0E0,0xC920,0xB8A0,0xA000,0xB040,
    0xD9E0,0xE220,0xD160,0xD9E0,0xE220,0xE220,0xE240,0xC0E0,0xC0C0,0xC940,0xC940,0xD140,
    0xE220,0xEAA0,0xD1A0,0xC0E0,0xC0C0,0xC900,0xC0E0,0xB8A0,0xD160,0xFB00,0xD9E0,0xC900,
    0xA840,0xB860,0xB880,0xB860,0xD180,0xEA60,0xEA40,0xD9A0,0xD180,0xD1A0,0xF2A0,0xF300,
    0xD9C0,0xEA60,0xEA80,0xB860,0xB020,0xB8A0,0xC940,0xDA00,0xC940,0xD160,0xF2C0,0xE240,
    0xC100,0xA800,0xC920,0xD180,0xB040,0xD9E0,0xEA80,0xC940,0xB040,0xC0C0,0xE240,0xE220,
    0xE240,0xF2A0,0xC0E0,0xE240,0xC940,0xA000,0xA000,0xA800,0xA000,0xC0E0,0xC0E0,0xA000,
    0xC960,0xD160,0xB860,0xD160,0xB8A0,0xA000,0xB040,0xB880,0xB040,0xC940,0x9820,0x9000,
    0xA000,0xA000,0xC0E0,0xD9C0,0xB8C0,0xB8E0,0xEA40,0xA000,0xB8C0,0xD9E0,0xD180,0xB060,
    0xB060,0xB020,0xB060,0x9800,0xB060,0xA020,0x8000,0x8800,0xA820,0xC920,0xC940,0xB040,
    0xB860,0xC900,0xB880,0xB040,0xB040,0xA800,0xB080,0xD180,0xEA80,0xC920,0xB060,0xC900,
    0xD180,0xB880,0xB8A0,0xA800,0xB040,0xC940,0xC940,0xE200,0xEA40,0xA820,0xB060,0xB080,
    0xA820,0xD140,0xFC22,0xEA80,0xB880,0xC0A0,0xD1A0,0xEA80,0xD140,0xD180,0xD9E0,0xC940,
    0xD180,0xD160,0xB040,0xC920,0xD9A0,0xC0A0,0xB880,0xC0C0,0xD180,0xD9E0,0xB860,0xE240,
    0xEAA0,0xD1A0,0xC0E0,0xC0E0,0xB040,0xD160,0xC940,0xB020,0xC0A0,0xB860,0xB040,0xB020,
    0xC0C0,0xD160,0xC920,0xC0E0,0xFB60,0xFBA0,0xF2E0,0xC940,0xD160,0xD9E0,0xE220,0xEA80,
    0xFB80,0xE240,0xC900,0xD1A0,0xC920,0xB040,0xB040,0xC0E0,0xC900,0xC920,0xB880,0xC920,
    0xC900,0xB060,0xC920,0xEA80,0xD180,0xE240,0xD1A0,0xD180,0xE240,0xE240,0xC940,0xB8A0,
    0xA000,0xA000,0xB060,0xC900,0xB880,0x9000,0x9800,0xA000,0xA000,0xC920,0xB880,0xB040,
    0xEA60,0xD180,0xB060,0xA800,0xB8A0,0xC0E0,0xA800,0xA800,0xC960,0xE200,0xD1A0,0xD9C0,
    0xEA60,0xC900,0xB020,0xA800,0xB040,0xB040,0xB020,0xC100,0xE240,0xD180,0xB880,0xC940,
    0xE240,0xEAA0,0xEA80,0xD160,0xC920,0xC0E0,0xC0E0,0xA820,0xA820,0xA000,0xA800,0x9800,
    0xA800,0xC940,0xC940,0xB060,0xA000,0xD180,0xD9A0,0xC0E0,0xD9C0,0xB8A0,0xD180,0xE200,
    0xE200,0xB020,0xC940,0xE220,0xB040,0xB040,0xB8A0,0xA800,0xB040,0xB040,0xB040,0xB860,
    0xB040,0xC0A0,0xC900,0xC920,0xC900,0xB040,0xA800,0xB040,0xE220,0xF2A0,0xEA80,0xFB00,
    0xC920,0xC0C0,0xB040,0xA000,0xB880,0xD160,0xD1A0,0xC100,0xD180,0xC940,0xC900,0xB040,
    0xB020,0xB060,0xB8A0,0xA820,0xB060,0xC920,0xB020,0xB020,0xA820,0xC920,0xC940,0xA800,
    0xB860,0xD9C0,0xD160,0xC900,0xC940,0xB880,0xD180,0xDA00,0xD9C0,0xD1A0,0xB060,0xA000,
    0xA000,0x9800,0xB060,0xC100,0xC0E0,0xB020,0xB060,0xB8A0,0xB8A0,0xB8A0,0xA800,0xB8A0,
    0xD160,0xB8A0,0xC0C0,0xB040,0xB860,0xC940,0xE220,0xC920,0xA800,0xC0C0,0xE200,0xE200,
    0xE200,0xC0E0,0xD160,0xD160,0xD180,0xC0E0,0xB860,0xD180,0xC0A0,0xB860,0xC0C0,0xC0C0,
    0xD160,0xD9E0,0xEAA0,0xEA80,0xD180,0xB8A0,0xD180,0xD9C0,0xD9C0,0xD180,0xD160,0xD180,
    0xD9E0,0xF2A0,0xD160,0xC0A0,0xB860,0xB000,0xC900,0xE240,0xD9A0,0xD160,0xC900,0xB040,
    0xC100,0xC940,0xC0E0,0xB880,0xC0C0,0xB8C0,0xB040,0xA820,0xC940,0xE220,0xD160,0xB860,
    0xC960,0xC940,0xD180,0xD9E0,0xD9C0,0xEA80,0xC100,0xB880,0xE220,0xD9C0,0xC0C0,0xD180,
    0xD9C0,0xC920,0xA000,0xD9A0,0xE200,0xC0E0,0xA800,0xC100,0xE240,0xC940,0xB020,0xA840,
    0xA820,0xB860,0xC900,0xB880,0xA000,0xD180,0xD9E0,0xC0C0,0xC940,0xD9C0,0xC0E0,0xB880,
    0xB060,0xA840,0xF2C0,0xFC01,0xD9C0,0xB060,0xD160,0xE240,0xB8C0,0x9800,0xB8A0,0xC920,
    0xB8A0,0xB880,0xC920,0xB060,0xB8A0,0xA820,0xA820,0xC0E0,0xC0E0,0xA800,0xB8A0,0xD180,
    0xEA80,0xD160,0xB8A0,0xA800,0xB8A0,0xB860,0xB040,0xA820,0xC0E0,0xC0C0,0xC0E0,0xC0C0,
    0xB860,0xB860,0xA820,0xB860,0xB040,0xD180,0xD9C0,0xB8A0,0xD9E0,0xE220,0xD180,0xC0C0,
    0xB880,0xC0A0,0xD180,0xD9E0,0xC920,0xD1A0,0xE200,0xE200,0xD9A0,0xB060,0xA000,0xC900,
    0xE1E0,0xE200,0xB8A0,0xB8A0,0xB880,0xC0E0,0xC900,0xD1A0,0xC940,0xD160,0xC0C0,0xD180,
    0xE220,0xC920,0xB040,0xB060,0xB880,0xA800,0xA000,0xA820,0xC900,0xE200,0xD9C0,0xD9C0,
    0xC940,0xD160,0xDA00,0xD160,0xC940,0xD180,0xDA00,0xEAA0,0xFB60,0xF320,0xD9E0,0xE220,
    0xD160,0xC0C0,0xC0A0,0xC0E0,0xD9A0,0xE200,0xD9E0,0xD9C0,0xC920,0xC900,0xC0E0,0xB880,
    0xC920,0xD9A0,0xF2C0,0xD9C0,0xC920,0xD9E0,0xD9C0,0xD9C0,0xC920,0xEA80,0xF2C0,0xC940,
    0xD9C0,0xE240,0xE200,0xD9C0,0xD160,0xC0C0,0xDA00,0xD180,0xB8A0,0xA000,0xB8A0,0xD9C0,
    0xD9E0,0xE200,0xC940,0xD160,0xC0C0,0xB880,0xC900,0xC0C0,0xD9A0,0xDA00,0xC920,0xEA60,
    0xE200,0xB860,0xA820,0xA820,0x9800,0xB880,0xC0E0,0xA000,0xD1A0,0xEA40,0xD160,0xD180,
    0xB880,0xB020,0xA800,0xA800,0xA820,0xD9A0,0xB0C0,0x9800,0xA820,0xA000,0xB880,0xC920,
    0xB060,0xB080,0xD140,0x9800,0xA820,0xC900,0xEA60,0xC0C0,0xB840,0xA000,0xA840,0xC900,
    0xB040,0x9000,0x8800,0x9800,0xC0E0,0xE200,0xC0E0,0xA000,0xD180,0xD1A0,0xB880,0xB880,
    0xD140,0xB8A0,0xA800,0xE220,0xEAA0,0xB8C0,0x9800,0xB020,0xB060,0xB020,0xB060,0xB040,
    0xB060,0xD180,0xD180,0xD1A0,0xD1A0,0xB040,0xB040,0xB8A0,0xA800,0xD160,0xFB80,0xF300,
    0xD180,0xC900,0xD9E0,0xFB40,0xD1A0,0xF2A0,0xE220,0xD9C0,0xD1A0,0xD9E0,0xD180,0xD180,
    0xD160,0xD180,0xC0E0,0xA800,0xC0E0,0xC920,0xC0C0,0xD9C0,0xD9C0,0xC920,0xD160,0xC920,
    0xB880,0xD9C0,0xD160,0xB020,0xB8A0,0xD9A0,0xC0C0,0xB020,0xD160,0xEA40,0xFB00,0xF2E0,
    0xF2C0,0xF2A0,0xEA80,0xD180,0xE200,0xD9E0,0xC940,0xD1A0,0xEA60,0xF2E0,0xEA60,0xD9E0,
    0xD1A0,0xB040,0xC0C0,0xC0C0,0xB880,0xC900,0xB020,0xC0A0,0xC0C0,0xA000,0xB060,0xD160,
    0xD9C0,0xD1A0,0xC940,0xEA80,0xE240,0xD180,0xD180,0xC0E0,0xB040,0xC0A0,0xC940,0xE220,
    0xC0A0,0xA000,0xB060,0xA820,0xA000,0xC920,0xB880,0xA800,0xD180,0xEA80,0xB880,0xA000,
    0xA840,0xB860,0xB060,0xB860,0xB040,0xD9A0,0xB8A0,0xC0C0,0xD9A0,0xB8A0,0xB040,0xB8A0,
    0xD160,0xC100,0xB020,0xC0E0,0xC900,0xC0C0,0xA000,0xA840,0xD9C0,0xEA80,0xE200,0xC920,
    0xA820,0xA800,0xD9A0,0xC100,0xC900,0xC0E0,0xA800,0x9800,0xC920,0xC100,0xC0E0,0xC920,
    0xC0C0,0xDA00,0xD9C0,0xC0E0,0xE200,0xB8A0,0xB020,0xB060,0xD140,0xA820,0xB880,0xD9E0,
    0xB880,0xB880,0xD1A0,0xC0C0,0xA820,0xB060,0xB040,0xB020,0xB020,0xB060,0xA800,0xB860,
    0xC0C0,0xC940,0xC0E0,0xB8A0,0xEA80,0xFB20,0xF2C0,0xD9C0,0xC0A0,0xB020,0xA800,0xA800,
    0xC0C0,0xE240,0xC920,0xC0E0,0xC0C0,0xC900,0xB880,0xB020,0xA800,0xB8C0,0xB8C0,0x9800,
    0xA000,0xC920,0xB860,0xB040,0xA000,0xC940,0xD180,0xB020,0xB8A0,0xE220,0xD1A0,0xC0C0,
    0xC900,0xB040,0xC920,0xEA60,0xE220,0xD9C0,0xC0C0,0xA000,0xA000,0xA800,0xC900,0xC0A0,
    0xB020,0xB860,0xB860,0xB860,0xB8A0,0xC0C0,0xC0C0,0xC0C0,0xC940,0xC100,0xD180,0xB040,
    0xA840,0xB040,0xDA00,0xD9E0,0xB060,0xD1A0,0xE220,0xC900,0xB880,0xC940,0xC900,0xC0E0,
    0xC0A0,0xB860,0xA800,0xD180,0xC0A0,0xB860,0xB8A0,0xC940,0xC0C0,0xC0E0,0xFB20,0xEA40,
    0xC920,0xC100,0xC940,0xE200,0xD9E0,0xC0E0,0xC0C0,0xC940,0xD160,0xE240,0xEA60,0xB8A0,
    0xB880,0xC0C0,0xD160,0xE220,0xD1A0,0xB020,0xB000,0xA820,0xC940,0xD1A0,0xC900,0xB880,
    0xC0E0,0xC900,0xB8A0,0xB860,0xD180,0xD9E0,0xC100,0xC0C0,0xD160,0xB8A0,0xC0E0,0xD9C0,
    0xEA80,0xFB20,0xB8C0,0xB040,0xD180,0xD1A0,0xC0E0,0xC0E0,0xB8A0,0xD9E0,0xB060,0xC960,
    0xE200,0xC920,0xA000,0xC100,0xD1A0,0xC0C0,0xC900,0xB8A0,0xC0E0,0xC0E0,0xD9E0,0xC0E0,
    0xA000,0xD9A0,0xC940,0xB860,0xB880,0xD9C0,0xC0A0,0xB860,0xC0C0,0xB040,0xEA80,0xFB20,
    0xD9C0,0xC0E0,0xC0C0,0xE240,0xC0E0,0xA800,0xC0E0,0xC920,0xB060,0xC100,0xEAA0,0xC920,
    0xB020,0xA000,0xA000,0xA820,0xC0A0,0xB8A0,0xB8A0,0xD140,0xEA60,0xD180,0xB880,0xB880,
    0xC900,0xC0A0,0xB860,0xB8A0,0xC0C0,0xA820,0xC100,0xC940,0xC0C0,0xC920,0xB060,0xB000,
    0xB060,0xD180,0xB8C0,0x9800,0xD9A0,0xEA80,0xD9A0,0xC100,0xC940,0xC920,0xD9E0,0xD9E0,
    0xD180,0xD9E0,0xF2A0,0xE200,0xC940,0xA820,0x9800,0xB040,0xC920,0xD9C0,0xD9A0,0xB880,
    0xA800,0xB020,0xC0C0,0xC0E0,0xC0E0,0xB8A0,0xB880,0xD9C0,0xD9A0,0xC0A0,0xB880,0xC0E0,
    0xC100,0xB020,0xB8A0,0xC920,0xD160,0xD180,0xD1A0,0xD180,0xD1A0,0xD9C0,0xC940,0xE220,
    0xE220,0xD1A0,0xD160,0xE240,0xEAA0,0xEA80,0xC940,0xD160,0xD160,0xC0E0,0xB8A0,0xB860,
    0xC0A0,0xC0C0,0xD180,0xD160,0xC920,0xB8A0,0xC0A0,0xC0E0,0xB880,0xD160,0xF2E0,0xD160,
    0xC920,0xD9E0,0xD9C0,0xD9A0,0xB880,0xD180,0xF2C0,0xD9A0,0xE200,0xF2A0,0xD9E0,0xD160,
    0xD180,0xB020,0xB880,0xC0E0,0xC940,0xB020,0xA800,0xC960,0xFB00,0xD9A0,0xB8A0,0xC0E0,
    0xB040,0xA000,0xB060,0xC0C0,0xC100,0xB860,0xC940,0xDA00,0xE220,0xD160,0xB880,0xA840,
    0x9800,0xC0C0,0xD180,0xB860,0xD9C0,0xEA60,0xC0E0,0xB020,0xA800,0xC920,0xC0E0,0xA000,
    0xA820,0xD180,0xD160,0xC0C0,0xC0E0,0xC920,0xC940,0xB860,0x9000,0xA860,0xC920,0x9000,
    0xA040,0xD140,0xD160,0xB8A0,0xA820,0xA020,0xC0E0,0xEA40,0xB8A0,0x9800,0xA000,0xA820,
    0xD9E0,0xD9E0,0xB880,0xB060,0xC940,0xE220,0xEAA0,0xF2C0,0xF300,0xEAE0,0xE260,0xFB40,
    0xEA40,0xB8A0,0xB040,0xB020,0xA000,0xA000,0xA800,0xB040,0xC0E0,0xE220,0xE220,0xD180,
    0xC920,0xB040,0xB8A0,0xC0E0,0xD9A0,0xFB00,0xF2A0,0xD9E0,0xC920,0xB880,0xB8A0,0xD180,
    0xE200,0xD160,0xC940,0xE240,0xE200,0xE220,0xD9C0,0xC920,0xC940,0xDA00,0xDA00,0xC920,
    0xD140,0xC940,0xD9A0,0xC920,0xDA00,0xD160,0xC0E0,0xC940,0xD9E0,0xE240,0xD180,0xC0C0,
    0xE260,0xF2E0,0xD9C0,0xC0E0,0xD160,0xD9C0,0xF2E0,0xE240,0xC900,0xD9C0,0xD9E0,0xD160,
    0xC940,0xC920,0xC900,0xD160,0xD9E0,0xE240,0xE200,0xF300,0xF2C0,0xD160,0xC920,0xC100,
    0xB8A0,0xD160,0xC940,0xC0E0,0xC920,0xB040,0xA800,0xB880,0xE220,0xD1A0,0xC100,0xDA00,
    0xEA40,0xD9C0,0xC0E0,0xC0C0,0xC0A0,0xD180,0xD9E0,0xE220,0xD160,0xC100,0xE220,0xD160,
    0xA800,0xC900,0xB880,0xB880,0xE240,0xE240,0xB060,0x9000,0xA840,0xB8A0,0xC920,0xDA00,
    0xB060,0xD160,0xC920,0xA800,0xA800,0xB020,0xB8A0,0xC900,0xD9C0,0xD9A0,0xB040,0xB060,
    0xA800,0xB860,0xA800,0xB040,0xD9E0,0xD9C0,0xC900,0xB040,0x9800,0x9800,0xD160,0xE220,
    0xD9C0,0xC900,0xB040,0xB880,0xC0C0,0xA820,0xA820,0xC100,0xD9A0,0xE220,0xC940,0xB860,
    0xD9A0,0xD1A0,0xA800,0xB020,0xC0E0,0xA800,0xD180,0xD9C0,0xC920,0xC0C0,0xC0E0,0xC920,
    0xD160,0xD1A0,0xB060,0xB8A0,0xC0C0,0xC0C0,0xB860,0xB880,0xB8A0,0xD160,0xC940,0xF2A0,
    0xEAA0,0xC940,0xC0E0,0xB060,0xB880,0xB880,0xC0C0,0xD160,0xD9E0,0xE240,0xC0E0,0xB040,
    0xC0E0,0xB8A0,0xB020,0xB020,0xB040,0xC0E0,0xA840,0xA000,0xB040,0xC920,0xC900,0xC0C0,
    0xB060,0xC100,0xC920,0xB040,0xC0E0,0xEA60,0xE200,0xD9C0,0xD1A0,0xB040,0xB880,0xEA80,
    0xEA60,0xE220,0xD160,0xB040,0xB040,0xC0C0,0xD9A0,0xA800,0xA800,0xC0C0,0xC0E0,0xC0A0,
    0xC0E0,0xB880,0xD180,0xE240,0xD9C0,0xE200,0xE240,0xB060,0xA820,0xA000,0xD160,0xE220,
    0xD180,0xE240,0xD160,0xB040,0xA820,0xC900,0xC940,0xB8A0,0xB040,0xB020,0xB040,0xD1A0,
    0xB840,0xB8A0,0xD180,0xE220,0xC900,0xC0E0,0xD9C0,0xC940,0xC920,0xD1A0,0xEA60,0xF2E0,
    0xEA80,0xD1A0,0xD9A0,0xC0C0,0xB8A0,0xD9A0,0xEA80,0xD1A0,0xDA00,0xE220,0xE220,0xD180,
    0xD160,0xA820,0xA800,0xC0A0,0xC900,0xC900,0xC920,0xA000,0xA840,0xC0E0,0xB8A0,0xC940,
    0xC920,0xC900,0xB020,0xC920,0xD1A0,0xB040,0xC100,0xE240,0xF2E0,0xEA60,0xC0E0,0xC0C0,
    0xB040,0xC0C0,0xC0C0,0xC100,0xB060,0xC940,0xB880,0xC0C0,0xD9C0,0xD180,0xA000,0xB040,
    0xB040,0xA820,0xB8A0,0xC0C0,0xB880,0xC920,0xEA40,0xB8C0,0xA840,0xD180,0xC920,0xB060,
    0xB8A0,0xEA80,0xD180,0xB880,0xC100,0xE240,0xEA80,0xEAA0,0xD9E0,0xC920,0xB880,0xD9E0,
    0xD180,0xB860,0xC0E0,0xC920,0xB020,0xC0C0,0xD180,0xC940,0xB020,0xA840,0xB880,0x9800,
    0xA000,0xC0E0,0xC940,0xD160,0xD9C0,0xD160,0xB880,0xA820,0xC900,0xD9C0,0xC0E0,0xC0E0,
    0xC0A0,0xA000,0xB880,0xC940,0xD1A0,0xE220,0xD9C0,0xB8A0,0xB880,0xC920,0xB040,0xB8A0,
    0xD9C0,0xD9E0,0xC900,0xC940,0xC940,0xD1A0,0xE240,0xE220,0xC940,0xD160,0xE240,0xD9C0,
    0xC0E0,0xA000,0xA820,0xC100,0xC0E0,0xC940,0xC900,0xB8A0,0xB860,0xA800,0xB880,0xD140,
    0xC0C0,0xB880,0xC900,0xC920,0xD1A0,0xD160,0xC0C0,0xC900,0xD9E0,0xB860,0xB040,0xE240,
    0xE220,0xC0E0,0xC920,0xD160,0xC940,0xC940,0xC0A0,0xD9E0,0xD160,0xC0E0,0xD9C0,0xEA80,
    0xEA60,0xD160,0xC920,0xC0E0,0xC940,0xC0E0,0xC100,0xB040,0xC920,0xC0C0,0xC900,0xD160,
    0xC900,0xB020,0xB860,0xC0C0,0xB880,0xC920,0xEAA0,0xC940,0xB8A0,0xC0E0,0xC940,0xC920,
    0xB020,0xD1A0,0xF2C0,0xD1A0,0xD180,0xEA60,0xD9A0,0xC920,0xD180,0xB040,0xC940,0xE200,
    0xD9E0,0xC940,0xA820,0xB8C0,0xF2C0,0xEA40,0xC940,0xD160,0xC0C0,0xC0C0,0xC0C0,0xB860,
    0xA800,0xB040,0xC900,0xD1A0,0xD9E0,0xC0E0,0xA800,0xA800,0xA800,0xC900,0xD1A0,0xA820,
    0xC0C0,0xD180,0xC0E0,0xB860,0xB040,0xEA60,0xEA80,0xA840,0xA820,0xC920,0xC920,0xC920,
    0xD160,0xB8A0,0xC940,0xC0C0,0x8800,0x9820,0xD9C0,0xA840,0xA820,0xD9E0,0xC960,0xB060,
    0xB040,0xA820,0xD9C0,0xD9E0,0xA020,0xA000,0xC0A0,0xB880,0xEA60,0xD180,0xC940,0xD9E0,
    0xD9A0,0xD180,0xF2E0,0xEA80,0xDA00,0xFC02,0xFC20,0xFBA0,0xD9C0,0xB8A0,0xC0A0,0xB020,
    0x9800,0xA000,0xA000,0xA000,0xC0A0,0xD9A0,0xD9A0,0xC900,0xB860,0xB040,0xB040,0xB040,
    0xC960,0xEAA0,0xE220,0xC940,0xA820,0xB040,0xB020,0xB8A0,0xB880,0xB060,0xC0E0,0xD9C0,
    0xEA80,0xE200,0xC940,0xC900,0xD9C0,0xD9E0,0xE220,0xEAA0,0xD1A0,0xC920,0xC940,0xC920,
    0xD9C0,0xC940,0xB060,0xB8C0,0xD9A0,0xD1A0,0xC940,0xC0C0,0xF2C0,0xFB60,0xE240,0xD9E0,
    0xD1A0,0xC100,0xC0E0,0xB8A0,0xB8A0,0xC900,0xC940,0xC920,0xC0E0,0xB860,0xC900,0xC940,
    0xDA00,0xD160,0xD160,0xF2E0,0xF2C0,0xD9E0,0xE220,0xD9A0,0xD180,0xC940,0xD160,0xC920,
    0xC100,0xB040,0xB020,0xB040,0xD160,0xD180,0xD1A0,0xD9E0,0xE240,0xDA00,0xC900,0xB880,
    0xC0C0,0xE220,0xD180,0xC920,0xD1A0,0xDA00,0xEA60,0xE220,0xB880,0xC0C0,0xC940,0xD9C0,
    0xFB60,0xE240,0xB040,0x9800,0xA800,0xC0E0,0xD9C0,0xEA60,0xC0C0,0xB880,0xD140,0xC0C0,
    0xA800,0xB8A0,0xC920,0xC920,0xE200,0xD9E0,0xB8A0,0xB020,0xB040,0xB860,0xB020,0xC920,
    0xE240,0xC0E0,0xA000,0x9800,0x8000,0xA020,0xC940,0xD180,0xC0E0,0xA800,0xB8A0,0xD9A0,
    0xA000,0xA000,0x9800,0xD140,0xD180,0xB040,0x9800,0x9800,0xB080,0xB8A0,0xA000,0xB040,
    0xA800,0xA800,0xC0E0,0xC0E0,0xD1A0,0xE220,0xB880,0xB880,0xE220,0xD180,0xB8A0,0xD9C0,
    0xD160,0xB060,0xB060,0xC0C0,0xB860,0xC920,0xE220,0xF2E0,0xF300,0xB8A0,0xA800,0xA000,
    0xC0E0,0xD160,0xE1E0,0xF300,0xEAA0,0xC940,0xB8A0,0xB020,0xC0E0,0xB8A0,0xB040,0xA800,
    0xB8A0,0xC900,0xA820,0xB060,0xB040,0xB8A0,0xD160,0xC0C0,0xC0C0,0xB880,0xC0E0,0xB880,
    0xC920,0xEA60,0xD9C0,0xE200,0xE220,0xD160,0xE220,0xF2C0,0xF2A0,0xE240,0xD160,0xB860,
    0xB040,0xD1A0,0xC900,0xA800,0xB880,0xD1A0,0xD9E0,0xC940,0xC0C0,0xC920,0xDA00,0xEAA0,
    0xDA00,0xE200,0xE200,0xC0A0,0xC0C0,0xA000,0xC920,0xE260,0xD180,0xC920,0xA800,0x9800,
    0xB060,0xC940,0xC920,0xC0E0,0xB880,0xB020,0xB8A0,0xC940,0xB040,0xC0E0,0xD160,0xDA00,
    0xD160,0xC0C0,0xD180,0xE220,0xE220,0xE220,0xEA60,0xF2E0,0xEA80,0xD9C0,0xD9E0,0xD180,
    0xB880,0xC0E0,0xD9C0,0xD9A0,0xE220,0xDA00,0xC940,0xE200,0xC940,0xA000,0xA820,0xB880,
    0xB060,0xB8A0,0xC920,0xA800,0xB060,0xC0E0,0xB880,0xB8A0,0xB040,0xB020,0xA800,0xD1A0,
    0xD180,0xB020,0xC0E0,0xD180,0xFB80,0xFB80,0xD9E0,0xC0C0,0xC0E0,0xB8A0,0xB040,0xE220,
    0xD180,0xB880,0xD9C0,0xD180,0xB040,0xC920,0xB860,0xB020,0xC900,0xB8C0,0xB8C0,0xC0A0,
    0xB880,0xD160,0xEA60,0xC0C0,0xC940,0xC940,0xE200,0xB8A0,0xC920,0xE240,0xEA60,0xB8A0,
    0xC0C0,0xFB20,0xEAA0,0xEA40,0xD9E0,0xE240,0xEA60,0xE240,0xD9A0,0xD160,0xC940,0xB880,
    0xB8A0,0xC920,0xC920,0xB880,0xB060,0xD160,0xB8A0,0xA000,0xA000,0xC960,0xD9C0,0xD1A0,
    0xD180,0xC0E0,0xB040,0xA800,0xC0C0,0xC900,0xC900,0xD160,0xC940,0xC920,0xB880,0xB040,
    0xD9E0,0xDA00,0xD9C0,0xD1A0,0xD180,0xC0E0,0xC0E0,0xD180,0xC100,0xC0E0,0xC0E0,0xC920,
    0xC0E0,0xD9E0,0xE220,0xE200,0xC940,0xE200,0xEA60,0xE220,0xC900,0xA820,0xB860,0xC100,
    0xC900,0xB040,0xB880,0xC900,0xC920,0xC100,0xC0E0,0xC0C0,0xB880,0xC0A0,0xD180,0xD180,
    0xEA80,0xD180,0xB020,0xC0E0,0xD180,0xB040,0xA800,0xB8A0,0xC960,0xC920,0xB040,0xC0E0,
    0xC0C0,0xC0E0,0xB040,0xC940,0xB8A0,0xC940,0xE200,0xE220,0xE240,0xC940,0xC920,0xA800,
    0xC900,0xD1A0,0xD1A0,0xC940,0xC920,0xB020,0xC900,0xD160,0xC0C0,0xA800,0xA000,0xB020,
    0xC0E0,0xC0C0,0xD9E0,0xC920,0xB040,0xB8A0,0xC0E0,0xC900,0xB020,0xD180,0xF2E0,0xE240,
    0xD1A0,0xE200,0xE220,0xD9C0,0xD180,0xB8A0,0xD180,0xEA80,0xD1A0,0xC920,0xB860,0xC940,
    0xEA80,0xF2A0,0xF2A0,0xC920,0xB060,0xC0C0,0xB880,0xB020,0xC0C0,0xB040,0xB880,0xC920,
    0xD9C0,0xA820,0xB020,0xB040,0xB8A0,0xC940,0xD160,0xA820,0xA800,0xD140,0xD9E0,0xC920,
    0xC0C0,0xD160,0xD1C0,0xC0C0,0xA000,0xA020,0xB040,0xC920,0xD9E0,0xA000,0xC920,0xC900,
    0x9800,0xA840,0xD9A0,0xC0C0,0xB060,0xE220,0xE220,0xD160,0xC0E0,0xB040,0xB880,0xB8A0,
    0xA000,0xA840,0xC920,0xB880,0xD1A0,0xC920,0xC940,0xD1A0,0xC920,0xC0E0,0xD9C0,0xB8A0,
    0xC0E0,0xFBC1,0xF320,0xC920,0xC940,0xB000,0xB8A0,0xC960,0xC0E0,0xA000,0x9000,0xA000,
    0xB060,0xC0E0,0xB060,0xB060,0xB060,0xB040,0xA000,0xA800,0xB8A0,0xE200,0xE240,0xC900,
    0xA820,0xB880,0xC940,0xD180,0xC940,0xB060,0xB040,0xD180,0xEA40,0xD9E0,0xC0E0,0xD1A0,
    0xD1A0,0xB860,0xC900,0xF2E0,0xDA00,0xB8A0,0xD160,0xB8A0,0xB880,0xC920,0xA800,0xB040,
    0xC920,0xC0E0,0xB060,0xC100,0xEA80,0xF300,0xE200,0xD180,0xD180,0xB040,0xB8A0,0xC0C0,
    0xB880,0xC0C0,0xC0C0,0xC0C0,0xB020,0xB880,0xC960,0xD160,0xD9A0,0xC920,0xE220,0xD180,
    0xD9C0,0xD160,0xE240,0xEA80,0xE220,0xD1A0,0xC0E0,0xB8A0,0xB880,0xC0C0,0xB020,0xB020,
    0xC900,0xD160,0xEA80,0xD9A0,0xD180,0xD9C0,0xD160,0xB860,0xC0C0,0xD9E0,0xC0E0,0xC0C0,
    0xD9A0,0xE220,0xEAA0,0xEA60,0xC0C0,0xC0C0,0xEA80,0xF2C0,0xFB80,0xE200,0xB040,0xA800,
    0xA800,0xC940,0xD180,0xB880,0xB060,0xC0C0,0xC920,0xC0C0,0xB860,0xC0C0,0xD1A0,0xD1A0,
    0xD9E0,0xD9A0,0xB8A0,0xC0E0,0xB880,0xB860,0xB860,0xC100,0xDA00,0xD160,0x9800,0x9000,
    0x9000,0xA000,0xC0C0,0xC0E0,0xA820,0x9800,0xB080,0xC100,0x9800,0xA000,0xA800,0xC0A0,
    0xA820,0x9000,0x9800,0x9800,0x9800,0xA820,0xB040,0xB8C0,0xB880,0xC0A0,0xB880,0xB060,
    0xC940,0xE200,0xC900,0xC920,0xE200,0xC920,0xC0C0,0xD9C0,0xD9C0,0xB040,0xB880,0xD160,
    0xB040,0xC100,0xD9E0,0xD9E0,0xE220,0xC900,0xA000,0xA820,0xC0C0,0xD180,0xD9C0,0xEA60,
    0xDA00,0xC0C0,0xB000,0xC920,0xE240,0xE200,0xB860,0xB040,0xB8A0,0xC940,0xC940,0xC900,
    0xB8A0,0xC900,0xC940,0xB880,0xB060,0xB8A0,0xC920,0xB8A0,0xC920,0xE240,0xD160,0xC100,
    0xD9C0,0xE220,0xF2A0,0xEA80,0xEA80,0xD1A0,0xD140,0xD180,0xB8A0,0xC920,0xB880,0xA800,
    0xB8A0,0xD1A0,0xEAA0,0xC940,0xB880,0xD1A0,0xD9C0,0xE200,0xD9C0,0xD9A0,0xD180,0xC0C0,
    0xC0A0,0xB020,0xC100,0xE200,0xD160,0xC0E0,0x9800,0x9800,0xB860,0xD9C0,0xD160,0xB8A0,
    0xB040,0xA800,0xB040,0xB880,0xB020,0xC0C0,0xC100,0xE220,0xEAA0,0xD160,0xD180,0xEA80,
    0xEA80,0xE220,0xDA00,0xEA60,0xF2C0,0xEA40,0xEA40,0xEA40,0xD180,0xC920,0xD1A0,0xEA60,
    0xF2A0,0xE240,0xD9C0,0xE240,0xE200,0xB8A0,0xA000,0xB060,0xB040,0xB040,0xC0E0,0xB040,
    0xC940,0xC0E0,0xB020,0xA820,0xA800,0xA000,0xA000,0xB880,0xC0E0,0xB880,0xC0E0,0xD180,
    0xFB60,0xFBC0,0xEAE0,0xC900,0xD9E0,0xB8A0,0xC900,0xF2C0,0xDA00,0xD1A0,0xF2E0,0xEAA0,
    0xC0E0,0xB880,0xB880,0xD160,0xEA60,0xD160,0xFB20,0xD9C0,0xD9E0,0xEA60,0xC920,0xB8C0,
    0xC920,0xC0C0,0xE200,0xA800,0xC940,0xF2E0,0xD9C0,0xC0E0,0xC920,0xD180,0xD180,0xD140,
    0xD180,0xEA60,0xEA80,0xD1A0,0xB040,0xD180,0xF2E0,0xD9A0,0xD1A0,0xD9C0,0xB860,0xA000,
    0xA840,0xD180,0xC0E0,0xA800,0xB8C0,0xDA00,0xD160,0xD1A0,0xC920,0xC100,0xB040,0xA800,
    0xB020,0xC0E0,0xC920,0xC900,0xDA00,0xD9C0,0xC920,0xA800,0xC0E0,0xD9C0,0xC940,0xC920,
    0xD1A0,0xC100,0xC0E0,0xD140,0xB060,0xB860,0xC0C0,0xC0C0,0xB8A0,0xC940,0xD180,0xD9C0,
    0xD160,0xD180,0xEA60,0xEA40,0xC900,0xC0C0,0xC900,0xC920,0xC0C0,0xB040,0xB880,0xC920,
    0xEA60,0xE240,0xC0C0,0xB8A0,0xC0E0,0xB860,0xD180,0xD9A0,0xEA60,0xC0E0,0xB880,0xC100,
    0xC940,0xC920,0xB880,0xA800,0xB060,0xC0E0,0xB040,0xB860,0xB040,0xC0C0,0xB8A0,0xC0A0,
    0xC0C0,0xC920,0xD9C0,0xF2E0,0xE200,0xD1A0,0xC900,0xB860,0xC940,0xD1A0,0xC0E0,0xC900,
    0xD160,0xB040,0xC0E0,0xC920,0xB8A0,0xA000,0xA000,0xB860,0xB060,0xA800,0xC900,0xD9C0,
    0xC100,0xD160,0xE200,0xD9A0,0xC920,0xC0E0,0xC940,0xEA60,0xD9E0,0xD160,0xE220,0xF2C0,
    0xC920,0xB860,0xC900,0xE220,0xD9E0,0xC940,0xC0A0,0xC900,0xD180,0xD180,0xEA60,0xC0C0,
    0xB040,0xC900,0xB880,0xA800,0xC920,0xA840,0xB040,0xB880,0xC940,0xB8A0,0xB880,0xC0A0,
    0xC920,0xD160,0xE240,0xD9A0,0xC0C0,0xC0C0,0xE240,0xD160,0xB880,0xB900,0xC920,0xC0C0,
    0xB020,0x8800,0x9000,0xD180,0xDA00,0xA820,0xC0E0,0xC0C0,0xC0E0,0xB8A0,0xB8A0,0xC100,
    0xA000,0xD1C0,0xF2E0,0xC920,0xC900,0xA820,0xB060,0xA800,0xA800,0xB060,0xC0C0,0xC940,
    0xD140,0xC920,0xC0E0,0xA820,0xA840,0xB860,0xD1A0,0xD160,0xB860,0xE200,0xC920,0xB020,
    0xC0E0,0xC900,0xD180,0xEA60,0xD9A0,0xB8C0,0xA820,0xA800,0xB880,0xC0C0,0x9000,0xA820,
    0xC0C0,0xC0E0,0xB060,0xB060,0xC940,0xD1A0,0xC920,0xC0A0,0xB8A0,0xB060,0xC920,0xD1A0,
    0xF2C0,0xC920,0xB040,0xC920,0xE200,0xC920,0xC0E0,0xD9E0,0xD180,0xB880,0xD180,0xE220,
    0xD160,0xC900,0xD180,0xB8A0,0xB020,0xD160,0xB060,0xA800,0xB860,0xB060,0xB040,0xD9E0,
    0xF2A0,0xF2E0,0xEA60,0xD180,0xC0C0,0xB8A0,0xB880,0xC0C0,0xC940,0xC920,0xC920,0xC940,
    0xB860,0xB8A0,0xD1A0,0xD180,0xD160,0xDA00,0xF2A0,0xC920,0xB8A0,0xC900,0xD180,0xEAA0,
    0xEA80,0xD180,0xB880,0xA800,0xB880,0xB880,0xA800,0xC940,0xD9C0,0xE200,0xFB00,0xC940,
    0xC900,0xD9C0,0xC920,0xB8A0,0xB860,0xC0E0,0xC900,0xC920,0xC0E0,0xD160,0xF2C0,0xE240,
    0xB8A0,0xC0E0,0xE200,0xEA80,0xF2E0,0xD9C0,0xB880,0xA800,0xB8A0,0xB8A0,0xA800,0xB040,
    0xB880,0xD180,0xD1A0,0xC900,0xC0C0,0xC920,0xD180,0xD1A0,0xDA00,0xC940,0xB060,0xC920,
    0xC940,0xA800,0xB880,0xC0C0,0xD180,0xC920,0xA000,0x9800,0xA000,0xA820,0xC920,0xB8A0,
    0xB8A0,0x9800,0xB080,0xB040,0xC900,0xB880,0xC0A0,0xB860,0xB080,0xC0C0,0xB880,0xB040,
    0xA820,0xB040,0xA000,0xB8A0,0xF2C0,0xE220,0xC0E0,0xC0C0,0xC900,0xD1A0,0xC960,0xC0C0,
    0xD1A0,0xD9E0,0xD160,0xC940,0xC900,0xB860,0xC900,0xC0E0,0xB060,0xC900,0xB060,0xB060,
    0xC920,0xC900,0xA000,0xB880,0xC0A0,0xC900,0xD160,0xC920,0xC0C0,0xA800,0xB040,0xD180,
    0xE200,0xC900,0xB020,0xB040,0xC0C0,0xC100,0xC0E0,0xB040,0xB880,0xC0C0,0xD160,0xD160,
    0xC0E0,0xD1A0,0xD180,0xC940,0xD180,0xE240,0xD180,0xD180,0xDA00,0xD9C0,0xDA00,0xE240,
    0xD9C0,0xC900,0xC940,0xD160,0xB880,0xC0C0,0xB020,0xA000,0xB060,0xD160,0xEA80,0xD1A0,
    0xD180,0xC920,0xC0E0,0xC920,0xDA00,0xF300,0xD160,0xD140,0xC0C0,0xD1A0,0xC100,0xD9E0,
    0xD160,0xB8A0,0xA820,0xC0C0,0xB860,0xEA40,0xD180,0xC920,0xC900,0xB040,0xA000,0xB8A0,
    0xC0C0,0xB040,0xC920,0xEA40,0xFB60,0xD9E0,0xD160,0xD9C0,0xD9E0,0xEA80,0xC920,0xC960,
    0xF2E0,0xF2C0,0xFB00,0xF2A0,0xEA60,0xC0E0,0xE200,0xEAA0,0xE240,0xEA60,0xE220,0xD9E0,
    0xE200,0xC940,0xB060,0xC100,0xB040,0xA800,0xB040,0xC0E0,0xC940,0xC900,0xA800,0x9000,
    0x9800,0x9000,0x9800,0xA820,0xB040,0xB8A0,0xD180,0xD180,0xD9C0,0xE220,0xE200,0xC920,
    0xC920,0xC900,0xD9E0,0xEA60,0xD180,0xC0E0,0xD9E0,0xC940,0xC900,0xA820,0xA800,0xD160,
    0xF2C0,0xEA60,0xE240,0xD9E0,0xEA80,0xE220,0xB080,0xC100,0xC940,0xB040,0xA000,0xA000,
    0xC100,0xEAA0,0xB880,0xD9C0,0xC900,0xB880,0xB8A0,0xB880,0xC920,0xD9C0,0xC900,0xC900,
    0xA800,0xC0C0,0xEAA0,0xE220,0xE200,0xD180,0xA800,0xB020,0xB040,0xD180,0xD160,0xA800,
    0xC120,0xEA80,0xC0E0,0xC100,0xD160,0xD160,0xC0C0,0xD160,0xC940,0xC0E0,0xD9A0,0xD9A0,
    0xEA80,0xDA00,0xC900,0xB860,0xB880,0xC0E0,0xB880,0xB040,0xC0E0,0xC920,0xC920,0xC0E0,
    0xC0C0,0xC0C0,0xC920,0xD160,0xC900,0xC100,0xD180,0xD9C0,0xD9E0,0xC940,0xC920,0xD160,
    0xD180,0xC900,0xC0C0,0xB8A0,0xC0E0,0xC0E0,0xB8A0,0xC0C0,0xDA00,0xD9E0,0xC100,0xD160,
    0xC100,0xB040,0xD160,0xC940,0xC920,0xB860,0xB880,0xD9C0,0xC920,0xC0E0,0xB8A0,0xB020,
    0xB060,0xC0C0,0xC0C0,0xC900,0xB8A0,0xC0E0,0xD180,0xD180,0xC940,0xD160,0xE220,0xEAA0,
    0xC0C0,0xB8A0,0xC900,0xD1A0,0xE220,0xC940,0xB880,0xC0E0,0xD1A0,0xC100,0xB860,0xA800,
    0xA800,0xA000,0xB020,0xC0E0,0xA800,0xA000,0xB860,0xB8A0,0xD160,0xEAA0,0xEA60,0xEA80,
    0xF2A0,0xE240,0xD180,0xEA80,0xD9C0,0xC0E0,0xD1A0,0xEAA0,0xB8C0,0xA800,0xB040,0xDA00,
    0xE240,0xB880,0xC0C0,0xD180,0xC0E0,0xB860,0xE220,0xC920,0xC0C0,0xD1A0,0xD160,0xB040,
    0xC940,0xB8A0,0xC0E0,0xB020,0xC920,0xD9E0,0xD1A0,0xC920,0xD160,0xD9C0,0xEA80,0xEA60,
    0xEA80,0xD160,0xD160,0xC0E0,0xB060,0xA020,0xA820,0xA840,0xC920,0xB8A0,0x9000,0xB8A0,
    0xD140,0xC900,0xE200,0xC100,0xE200,0xC0C0,0xB880,0xC920,0xB040,0xC940,0xEA80,0xB060,
    0xC0C0,0xB060,0xD160,0xA820,0x9800,0xB880,0xC0E0,0xC900,0xD160,0xC0C0,0xC0C0,0xB020,
    0xA000,0xB8A0,0xD9A0,0xC900,0xB880,0xD9C0,0xC0E0,0xC0E0,0xC0C0,0xD9A0,0xC900,0xB8A0,
    0xD160,0xD9C0,0xB060,0xB080,0xC0C0,0xA840,0x9000,0xB8A0,0xE220,0xD9C0,0xC0C0,0xC0E0,
    0xD1A0,0xC0E0,0xB020,0xB880,0xB8A0,0xB860,0xC0C0,0xD9E0,0xE220,0xEA80,0xD160,0xA000,
    0xD180,0xB040,0xB880,0xC0C0,0xD9E0,0xD180,0xC920,0xB060,0xC0C0,0xC0C0,0xC940,0xD9C0,
    0xD160,0xC920,0xC0E0,0xA800,0xA800,0xA800,0xB040,0xD9C0,0xFB40,0xFB20,0xEA80,0xD180,
    0xB060,0xC0E0,0xB040,0xC0E0,0xD1A0,0xE240,0xD9C0,0xE220,0xC920,0xC0C0,0xD160,0xC920,
    0xC900,0xD180,0xD9A0,0xC0C0,0xC0E0,0xB880,0xD180,0xE240,0xEA60,0xD1A0,0xD160,0xB880,
    0xC920,0xB8A0,0xB860,0xD160,0xC920,0xD1A0,0xDA00,0xD1A0,0xDA00,0xEA80,0xC0E0,0xB880,
    0xB020,0xB020,0xC920,0xC0E0,0xA800,0xB8A0,0xEA60,0xE200,0xB880,0xA820,0xC920,0xC0E0,
    0xC920,0xD9C0,0xC0C0,0xB860,0xC920,0xB880,0xA800,0xB880,0xD160,0xC920,0xC920,0xC100,
    0xB060,0xC0E0,0xB880,0xB8A0,0xC920,0xC940,0xC920,0xC920,0xD180,0xC100,0xC0C0,0xB8A0,
    0xB8A0,0xC0A0,0xB060,0xB040,0x9800,0xB880,0xC920,0xC0C0,0xC0E0,0xA820,0xB060,0xC0E0,
    0xE240,0xB860,0xC0E0,0xD1A0,0xF2C0,0xFB40,0xEA80,0xB040,0xC0A0,0xB880,0xA800,0xB080,
    0xD9C0,0xC940,0xD140,0xD180,0xD9A0,0xC0E0,0xB8A0,0xB8A0,0xC900,0xC940,0xC0E0,0xB8A0,
    0xC0C0,0xA800,0xC900,0xC0C0,0xB060,0xD9A0,0xB060,0xA820,0xD9C0,0xC0C0,0xA800,0xC920,
    0xB040,0xA820,0xD160,0xD160,0xC920,0xC100,0xC900,0xC0E0,0xC0C0,0xB8A0,0xA800,0xC0E0,
    0xC0E0,0xB860,0xB860,0xB8A0,0xB8A0,0xB880,0xB880,0xD1A0,0xD9C0,0xD160,0xC940,0xC940,
    0xDA00,0xE260,0xE240,0xE240,0xD9E0,0xC920,0xD9A0,0xE240,0xC940,0xB040,0xB060,0xB880,
    0xC0C0,0xC0E0,0xA800,0xA000,0xB880,0xC940,0xEA80,0xE240,0xE220,0xD1A0,0xDA00,0xEAA0,
    0xE200,0xC0E0,0xB8A0,0xD9E0,0xD1A0,0xEA60,0xD180,0xD9E0,0xD9E0,0xD9A0,0xB8A0,0xE200,
    0xD160,0xD9C0,0xC920,0xD1A0,0xE220,0xC920,0xA820,0xC920,0xD9C0,0xB040,0xC0E0,0xE240,
    0xD9E0,0xC0E0,0xC940,0xD9A0,0xC100,0xD180,0xB8A0,0xC0C0,0xE200,0xE240,0xFBA0,0xF2C0,
    0xD180,0xC940,0xEA80,0xEA80,0xC0E0,0xC940,0xD140,0xC0C0,0xC940,0xC920,0xB880,0xB880,
    0xA820,0x9000,0xA020,0xB860,0xC940,0xD9E0,0xB040,0x9800,0xA020,0xA800,0x9800,0xA000,
    0xB020,0xB040,0xC900,0xC900,0xE220,0xD9E0,0xD160,0xB040,0xB860,0xB8A0,0xB8A0,0xC0C0,
    0xD9C0,0xB060,0xC0E0,0xB8A0,0xD180,0xD1A0,0xB880,0xB040,0xC900,0xD180,0xA820,0xB8C0,
    0xD180,0xB8A0,0xA820,0xB080,0xD9C0,0xA860,0x9800,0x9800,0xB8C0,0xC0E0,0xA800,0xC940,
    0xC920,0xB880,0xB8A0,0xB8C0,0xC900,0xD160,0xB8A0,0xC0E0,0xB040,0xB860,0xC920,0xE240,
    0xD9C0,0xC0A0,0xB060,0xC0E0,0xB020,0xC960,0xE240,0xB8C0,0xC0E0,0xF2C0,0xB8C0,0xA820,
    0xC900,0xD9E0,0xD9C0,0xEAA0,0xF2E0,0xB880,0xB8A0,0xD160,0xD160,0xF2E0,0xD1A0,0xC920,
    0xC900,0xC0C0,0xB860,0xB840,0xC0C0,0xE240,0xE240,0xE220,0xC920,0xC940,0xD160,0xD160,
    0xC920,0xD160,0xD9E0,0xEA80,0xEA80,0xD9E0,0xC100,0xC900,0xC900,0xC0E0,0xC0A0,0xC0E0,
    0xC0C0,0xB020,0xB060,0xC0C0,0xC0A0,0xD1A0,0xDA00,0xD9E0,0xC940,0xC0C0,0xC920,0xC100,
    0xB860,0xA800,0xB080,0xE220,0xD160,0xC900,0xB060,0xC100,0xD160,0xD9C0,0xD1A0,0xC900,
    0xD180,0xE220,0xD1A0,0xD9E0,0xEA60,0xEA60,0xDA00,0xC940,0xB040,0xB060,0xC0A0,0xD1A0,
    0xE220,0xD160,0xB8A0,0xB860,0xC0C0,0xD160,0xB060,0x9800,0xA000,0xB040,0xC920,0xD9C0,
    0xA820,0xA840,0xC100,0xB020,0xC100,0xD9C0,0xD9E0,0xF2C0,0xF2E0,0xFB60,0xF320,0xF2E0,
    0xE220,0xC0C0,0xC0C0,0xE1E0,0xB060,0x9800,0xB040,0xD9E0,0xE220,0xC0C0,0xD160,0xEA60,
    0xB8A0,0xC900,0xF2A0,0xD9C0,0xC920,0xD1A0,0xD9E0,0xB860,0xC100,0xD1A0,0xD160,0xB040,
    0xC100,0xD9C0,0xE240,0xE200,0xE220,0xD9E0,0xD9C0,0xD1A0,0xE220,0xC940,0xC0E0,0xB040,
    0xA800,0x9000,0x8800,0xB080,0xD9A0,0xD180,0x9800,0xA800,0xB040,0xB880,0xD160,0xC920,
    0xC0C0,0xC0C0,0xB060,0xD9E0,0xC940,0xD1A0,0xC920,0xB040,0xA840,0xB880,0xD160,0xB8A0,
    0xA000,0xB8A0,0xB060,0xA820,0xB8A0,0xC0E0,0xB880,0xC0C0,0xB880,0xC920,0xC0E0,0xA800,
    0xB8C0,0xE220,0xC900,0xC100,0xB8A0,0xB040,0xB880,0xC0E0,0xD9C0,0xDA00,0xB060,0xD140,
    0xB060,0xA000,0xA800,0xB8A0,0xC0E0,0xD180,0xD180,0xD9A0,0xF2C0,0xD9E0,0xC940,0xC920,
    0xC100,0xC940,0xC0E0,0xC0C0,0xEA80,0xFB20,0xD9C0,0xB8A0,0xD9C0,0xB880,0xD160,0xC0C0,
    0xD9C0,0xD1A0,0xD9E0,0xD9A0,0xD160,0xB020,0xC100,0xE220,0xD180,0xEA60,0xEA60,0xB8A0,
    0xB060,0xA800,0xB060,0xD9E0,0xF2E0,0xF2E0,0xE200,0xD9A0,0xC920,0xC920,0xB040,0xC100,
    0xD180,0xD9C0,0xC900,0xC940,0xC0E0,0xC0C0,0xC0C0,0xC0E0,0xC900,0xC940,0xD160,0xC0E0,
    0xC940,0xC0C0,0xDA00,0xD9C0,0xD1A0,0xDA00,0xD9E0,0xD160,0xD1A0,0xC900,0xC920,0xC920,
    0xB060,0xB8A0,0xD9A0,0xE240,0xD9E0,0xD9C0,0xC0E0,0xA800,0xA000,0xB040,0xC0E0,0xA820,
    0x9800,0xB8A0,0xE220,0xD160,0xB040,0xB060,0xD160,0xA800,0xB020,0xD9A0,0xC940,0xB8A0,
    0xC960,0xB040,0xB040,0xC0C0,0xC920,0xC0C0,0xB880,0xB040,0xB040,0xC0E0,0xA800,0xB860,
    0xD180,0xD160,0xD1A0,0xE220,0xE240,0xE200,0xD160,0xB860,0xB040,0xB040,0xD1A0,0xD9E0,
    0xC0C0,0xC900,0xD160,0xC0E0,0xD160,0xD9A0,0xC960,0xE200,0xE220,0xB040,0xB040,0xD9E0,
    0xFB60,0xFB80,0xE220,0xB880,0xD160,0xC940,0xA800,0xA820,0xC0C0,0xA820,0xB040,0xD160,
    0xC0C0,0xA820,0xB020,0xB860,0xB040,0xB040,0xA820,0xB040,0xC940,0xC960,0xD160,0xA820,
    0xB040,0xC920,0xB8A0,0xA000,0xDA00,0xDA00,0xA800,0xC0E0,0xB040,0xB040,0xB880,0xE200,
    0xE200,0xD1A0,0xD9A0,0xC0C0,0xA800,0xB880,0xB060,0xD180,0xC900,0xC940,0xC0E0,0xB8A0,
    0xC940,0xC0E0,0xB020,0xE200,0xF2C0,0xD180,0xC0C0,0xD160,0xD9C0,0xDA00,0xEA80,0xEA80,
    0xD160,0xC900,0xC920,0xD160,0xB040,0xB040,0xD180,0xD9C0,0xC0A0,0xA800,0x9800,0xA820,
    0xE220,0xE240,0xE200,0xE240,0xE200,0xD9E0,0xE200,0xEA60,0xE240,0xA820,0xA820,0xC900,
    0xD180,0xC0E0,0xD9C0,0xD9C0,0xE220,0xD9C0,0xB880,0xD9C0,0xD1A0,0xD160,0xB8A0,0xE220,
    0xFB20,0xC940,0xB020,0xC920,0xE240,0xC0C0,0xC0C0,0xC900,0xC900,0xC940,0xC940,0xE240,
    0xD180,0xC920,0xC920,0xD9C0,0xD180,0xE240,0xFB60,0xE260,0xC940,0xE220,0xFB20,0xF2C0,
    0xD9C0,0xC0E0,0xD180,0xD9C0,0xD1A0,0xD9C0,0xC100,0xB880,0xA820,0x9800,0xB860,0xB880,
    0xC940,0xD160,0xB860,0xA000,0xB060,0xC0A0,0xA000,0xB8A0,0xD180,0xB060,0xA800,0xEA80,
    0xF300,0xE240,0xE220,0xB8A0,0xB040,0xA820,0xA800,0xA000,0xC100,0xD160,0xD9C0,0xC0E0,
    0xD140,0xC920,0xC0E0,0xC0C0,0xC0E0,0xA000,0xA000,0xA820,0xC0A0,0xB040,0xA000,0xA020,
    0xD9C0,0xA860,0xA000,0xA000,0xC0E0,0xB8A0,0xB880,0xC100,0xC0E0,0xC0C0,0xC0C0,0xB8A0,
    0xC920,0xC920,0xB880,0xB040,0xB880,0xD1A0,0xD9C0,0xC920,0xB8A0,0xC0C0,0xC920,0xD160,
    0xA800,0xC100,0xEA80,0xD9E0,0xB880,0xD9C0,0xB8A0,0xB880,0xC0E0,0xD9A0,0xD180,0xC920,
    0xD160,0xD9A0,0xD180,0xC0E0,0xA820,0xDA00,0xEA40,0xD9C0,0xD180,0xC920,0xC0E0,0xB860,
    0xB8A0,0xEA60,0xDA00,0xF300,0xD9E0,0xD160,0xC920,0xC100,0xD180,0xD160,0xC0C0,0xD1A0,
    0xD9E0,0xD9C0,0xD160,0xC0E0,0xC0E0,0xEA60,0xEAC0,0xC0C0,0xB860,0xA800,0xB880,0xB8A0,
    0xA800,0xC900,0xD1A0,0xD180,0xE200,0xD180,0xC920,0xB8A0,0xC100,0xD9E0,0xEAA0,0xF2E0,
    0xC920,0xC940,0xA820,0xC0E0,0xD160,0xC0E0,0xE220,0xD9E0,0xD1A0,0xD9E0,0xD180,0xE220,
    0xFB20,0xEA80,0xD9C0,0xC920,0xB880,0xB860,0xC0C0,0xC920,0xD1A0,0xC100,0xB060,0xB8C0,
    0xC0E0,0xD180,0xB860,0xA800,0x9800,0xB880,0xEA80,0xE200,0xB020,0xB8A0,0xD9C0,0xC0C0,
    0xB880,0xC100,0xD9C0,0xE200,0xD9A0,0xF2A0,0xFBC0,0xE260,0xC0C0,0xB040,0xB060,0xD160,
    0xA860,0x9800,0xC0C0,0xD9C0,0xD9E0,0xD9E0,0xC0C0,0xC900,0xB8A0,0xD180,0xEAA0,0xEA60,
    0xC940,0xC0C0,0xC940,0xC0C0,0xD9E0,0xD160,0xC920,0xB860,0xC0C0,0xC940,0xEA80,0xE200,
    0xD1A0,0xE220,0xC100,0xC920,0xC940,0xC0A0,0xB880,0xA840,0xA800,0xB060,0x9000,0xB080,
    0xD160,0xC940,0x9800,0xA800,0xC0A0,0xB860,0xD160,0xD9C0,0xB8A0,0xB880,0xA800,0xD1A0,
    0xC0E0,0xC900,0xC940,0xB880,0xB060,0xA020,0xB860,0xB860,0xB040,0xC900,0xA820,0xA000,
    0xC100,0xF301,0xC0E0,0xB8A0,0xC940,0xC920,0xC0E0,0xB060,0xC0E0,0xE240,0xC100,0xB040,
    0xC0C0,0xB880,0xC920,0xDA00,0xD9A0,0xE240,0xC100,0xDA00,0xD180,0xA800,0xB880,0xC900,
    0xA820,0xC0C0,0xE200,0xE240,0xFB80,0xF340,0xFB60,0xEA80,0xD9E0,0xD180,0xB860,0xC0C0,
    0xEA80,0xD9E0,0xB880,0xDA00,0xF300,0xD140,0xE200,0xD180,0xC900,0xD180,0xE220,0xEA80,
    0xE1E0,0xC100,0xD1A0,0xD180,0xC920,0xE220,0xFB20,0xD1A0,0xC920,0xB020,0xB060,0xC900,
    0xD180,0xEA60,0xE200,0xD1A0,0xD160,0xD180,0xC0A0,0xC0E0,0xD180,0xB8A0,0xB060,0xA800,
    0xC0C0,0xC0E0,0xB860,0xD180,0xD1A0,0xD1A0,0xC940,0xC920,0xC940,0xD180,0xEA80,0xD9E0,
    0xE220,0xEA80,0xD9E0,0xC920,0xC0E0,0xC0A0,0xC920,0xC100,0xB020,0xA800,0xB8A0,0xD9A0,
    0xC0E0,0xC920,0xC900,0xA800,0xA000,0xA840,0xB880,0xA000,0xA000,0xC920,0xD9C0,0xB8A0,
    0xA800,0xB040,0xC0E0,0xB8A0,0xB020,0xEA60,0xEA40,0xD160,0xD180,0xC0E0,0xC900,0xC940,
    0xB880,0xA820,0x9800,0x9800,0xB060,0xC900,0xA820,0xC100,0xE220,0xC940,0xB8A0,0xC940,
    0xD9E0,0xD160,0xD160,0xC0C0,0xB060,0xA820,0xD180,0xE220,0xC920,0xD180,0xD160,0xB060,
    0xC0C0,0xE220,0xE220,0xEA80,0xD9C0,0xA840,0xA820,0xC920,0xD9C0,0xC0C0,0xA820,0xB040,
    0xD180,0xC920,0xA000,0xB060,0xD160,0xB060,0xB8C0,0xD9A0,0xA800,0xA000,0xA840,0xA800,
    0xB060,0xA820,0xA000,0xA000,0xC900,0xD9E0,0xC900,0xA800,0xC920,0xC920,0xB880,0xB020,
    0xD180,0xD9C0,0xA000,0xB8A0,0xB8A0,0xB880,0xC940,0xEA80,0xE240,0xC940,0xD180,0xB880,
    0xA820,0xC100,0xE240,0xEA80,0xC0C0,0xC900,0xB8A0,0xB880,0xD9A0,0xA820,0xA820,0xD9C0,
    0xEA80,0xC920,0xB040,0xB880,0xC920,0xD9C0,0xEA60,0xF2C0,0xC940,0xB860,0xB060,0xC0E0,
    0xB880,0xC0E0,0xEAA0,0xF2C0,0xD160,0xB020,0xA800,0xC0C0,0xF2A0,0xDA00,0xD1A0,0xD1A0,
    0xD1A0,0xE220,0xD180,0xD160,0xD9A0,0xA820,0xB060,0xC920,0xB8A0,0xB040,0xC940,0xD180,
    0xE220,0xD1A0,0xA800,0xC0C0,0xD180,0xD160,0xB020,0xD160,0xEA60,0xB8A0,0xA800,0xC0C0,
    0xD9E0,0xD9E0,0xD9E0,0xD9C0,0xC100,0xE220,0xE240,0xD9E0,0xE220,0xEA60,0xD180,0xC940,
    0xD9E0,0xF2C0,0xE220,0xEA60,0xE240,0xFB40,0xFB80,0xF2C0,0xEA60,0xEA60,0xF2A0,0xF2C0,
    0xEAA0,0xE220,0xB880,0xB040,0xB040,0xB8A0,0xB860,0xA820,0xD180,0xD1A0,0xE200,0xB860,
    0xB8A0,0xC940,0xB040,0xD160,0xD160,0xB020,0xB040,0xF2E0,0xD180,0xC940,0xE200,0xC940,
    0xA000,0x9800,0x9800,0x9800,0xA820,0xD160,0xD9E0,0xC940,0xA820,0xA800,0xB040,0xB860,
    0xC0E0,0xA000,0xA800,0xB880,0xC0E0,0xB880,0xA000,0xA820,0xC900,0xB060,0xA000,0xA800,
    0xD180,0xC940,0xB880,0xD1A0,0xB8A0,0xD160,0xC940,0xB8A0,0xC0E0,0xC920,0xC0C0,0xC100,
    0xC920,0xEA80,0xF2E0,0xD9C0,0xC0E0,0xB8A0,0xC100,0xD140,0xB060,0xB8A0,0xE200,0xEA80,
    0xC0E0,0xC0C0,0xB880,0xB040,0xA820,0xC0C0,0xB8A0,0xA800,0xB880,0xE240,0xFBE0,0xD1A0,
    0xA820,0xC940,0xD9E0,0xD9E0,0xC940,0xC0E0,0xE200,0xC0C0,0xC0C0,0xC940,0xC100,0xF2C0,
    0xD160,0xD160,0xC940,0xC0C0,0xE240,0xD160,0xC0C0,0xD160,0xD9E0,0xD9A0,0xD1A0,0xC940,
    0xE200,0xEA60,0xFB60,0xD9E0,0xC0C0,0xC0E0,0xB860,0xB880,0xA800,0xC0C0,0xD160,0xC920,
    0xD9E0,0xD9C0,0xD140,0xB040,0xC0E0,0xEA80,0xE260,0xEAC0,0xC0C0,0xB040,0x9800,0xA820,
    0xB040,0xB040,0xEA60,0xFB40,0xF300,0xE220,0xB060,0xD1C0,0xFB20,0xEA80,0xD180,0xC940,
    0xC0A0,0xC940,0xD160,0xC0C0,0xC940,0xC0C0,0xC920,0xD9A0,0xE220,0xC940,0xB040,0xA800,
    0xA000,0xB880,0xE200,0xC920,0xC0A0,0xC900,0xD9C0,0xD140,0xC0E0,0xD180,0xD180,0xB860,
    0xC0E0,0xEAE0,0xF2A0,0xC940,0xA000,0xC0E0,0xC0C0,0xC920,0xA020,0xA000,0xC920,0xE200,
    0xD160,0xD180,0xB080,0x9800,0xB8A0,0xE220,0xD9E0,0xC900,0xB040,0xA820,0xB860,0xB860,
    0xD1A0,0xDA00,0xD1A0,0xB080,0xB080,0xC0C0,0xD160,0xC900,0xB880,0xD9C0,0xC0E0,0xC940,
    0xD160,0xB880,0xA840,0xB060,0xB020,0xE1E0,0xB8E0,0xA840,0xC0C0,0xC0C0,0x9800,0x9800,
    0xB020,0xB020,0xD9A0,0xC0E0,0xD180,0xC0E0,0xA800,0xEA80,0xD1A0,0xC0E0,0xD160,0xC0C0,
    0xB080,0x9000,0xA000,0xA820,0xC940,0xD180,0xB880,0xC0C0,0xDA00,0xFB81,0xE220,0xD9C0,
    0xD160,0xC0E0,0xC920,0xC940,0xC920,0xD1A0,0xC0C0,0xA820,0xA800,0xB040,0xC900,0xF2E0,
    0xE240,0xD180,0xB860,0xD140,0xD1A0,0xA800,0xC0A0,0xC0C0,0xA000,0xB040,0xC0E0,0xD180,
    0xF300,0xFBE0,0xF2E0,0xEAA0,0xEA80,0xD180,0xB860,0xB040,0xD180,0xC960,0xA000,0xE260,
    0xFB00,0xD160,0xD160,0xC900,0xB060,0xB8A0,0xC920,0xDA00,0xD180,0xD160,0xD160,0xD1A0,
    0xC900,0xC0E0,0xC920,0xE260,0xF2E0,0xC900,0xD160,0xC940,0xB880,0xDA00,0xD9E0,0xD180,
    0xC0A0,0xB880,0xC0E0,0xB040,0xC0E0,0xC900,0xB8A0,0xB860,0xC940,0xC900,0xC0C0,0xD180,
    0xD9A0,0xD1A0,0xD180,0xD160,0xD9A0,0xE220,0xEA80,0xE200,0xE220,0xEA80,0xD1A0,0xC0E0,
    0xC900,0xC940,0xD1A0,0xD9A0,0xC900,0xD160,0xC940,0xC0C0,0xB020,0xB880,0xD140,0xB880,
    0xA000,0xB060,0xC0E0,0xA800,0xA800,0xC0E0,0xC0E0,0xA800,0xB040,0xC0E0,0xC940,0xC920,
    0xC0C0,0xE260,0xE220,0xE200,0xD9C0,0xD180,0xEA60,0xEA80,0xC0A0,0xB880,0xA000,0xB080,
    0xD160,0xB8C0,0xB860,0xC0C0,0xEA80,0xD1A0,0xA800,0xB020,0xC940,0xD180,0xD1A0,0xD180,
    0xC0C0,0x9800,0xA840,0xC0E0,0xD9E0,0xE220,0xC0C0,0x9000,0xB060,0xD9C0,0xD9E0,0xD180,
    0xC940,0xA820,0xA820,0xA800,0xB020,0xA000,0x9000,0xC0A0,0xC900,0xB040,0xA800,0xA800,
    0xC100,0xC0C0,0xB060,0xC940,0xB8A0,0xB8C0,0xB880,0xB060,0xB880,0xA800,0xB060,0xB040,
    0xC0E0,0xC920,0xB880,0xB040,0xD180,0xC920,0xB880,0xC0C0,0xC0C0,0xD160,0xB020,0xC0E0,
    0xB060,0xA000,0xE220,0xEAA0,0xE200,0xD9E0,0xE200,0xC0C0,0xB8A0,0xC940,0xD9E0,0xE240,
    0xD180,0xB060,0xB8A0,0xC940,0xEA60,0xC920,0xB8A0,0xD160,0xE220,0xC0C0,0xA000,0xB880,
    0xC0C0,0xE200,0xEA60,0xD9E0,0xD1A0,0xB040,0xA800,0xA800,0xA820,0xC100,0xE220,0xD9C0,
    0xD9E0,0xC100,0xB860,0xC0C0,0xD1A0,0xC100,0xC960,0xC0E0,0xC920,0xD9C0,0xD160,0xC940,
    0xC0A0,0xB020,0xB040,0xC0E0,0xB860,0xB020,0xB040,0xB880,0xD160,0xB8C0,0x9800,0xA840,
    0xC0C0,0xB020,0xA800,0xC0C0,0xC900,0xB040,0xA800,0xB860,0xD9E0,0xE200,0xD9C0,0xD9E0,
    0xC0E0,0xD9E0,0xF2A0,0xD1A0,0xD1C0,0xD9C0,0xC0C0,0xB880,0xDA00,0xEA80,0xDA00,0xF2C0,
    0xFB00,0xFB80,0xF300,0xE200,0xD180,0xD1A0,0xF2E0,0xFB60,0xF2E0,0xF2C0,0xC940,0xD180,
    0xEA60,0xD9C0,0xA820,0x9800,0xD9E0,0xFB00,0xEA80,0xC0E0,0xB860,0xB8A0,0xB8A0,0xE220,
    0xC920,0xB880,0xC920,0xDA00,0xB8A0,0xC0E0,0xD180,0xB880,0xB060,0xA820,0x9800,0xA820,
    0xB880,0xC100,0xB8A0,0xB060,0x9800,0xA000,0xA800,0xB020,0xC0C0,0xC0C0,0xD160,0xC0E0,
    0xB8A0,0xC100,0x9800,0xB080,0xC0A0,0xA820,0xB020,0xDA00,0xFB20,0xD9A0,0xB020,0xD1A0,
    0xD160,0xC920,0xB8A0,0xB880,0xD1A0,0xC0A0,0xC0C0,0xEA80,0xEA80,0xFB40,0xFBE0,0xFBC0,
    0xE240,0xC8E0,0xB880,0xB8A0,0xC900,0xC920,0xDA00,0xEA80,0xC0E0,0xB860,0xB020,0xB040,
    0xB8A0,0xC0C0,0xB8A0,0xA800,0xC920,0xEAA0,0xF300,0xD180,0xA800,0xB880,0xC0A0,0xC920,
    0xC940,0xC100,0xE240,0xD160,0xC900,0xC0C0,0xC920,0xE220,0xB8A0,0xC940,0xDA00,0xC0A0,
    0xF2A0,0xD9E0,0xB880,0xC0E0,0xD160,0xD180,0xD9E0,0xC900,0xC0E0,0xD180,0xD9E0,0xEA60,
    0xE240,0xE200,0xC920,0xC0E0,0xA800,0xC940,0xD9C0,0xC920,0xD9C0,0xE200,0xC940,0xB040,
    0xD180,0xD9E0,0xC0E0,0xD9C0,0xD9E0,0xB880,0x9800,0x9800,0xB040,0xB040,0xC940,0xFB60,
    0xFC01,0xF321,0xB040,0xB880,0xD180,0xD9C0,0xC0E0,0xC0A0,0xB8A0,0xD9C0,0xE240,0xE220,
    0xE200,0xB8A0,0xB8A0,0xD160,0xD180,0xC0E0,0xC0C0,0xB060,0xB860,0xD9C0,0xE240,0xC900,
    0xC0C0,0xD180,0xD9A0,0xC0E0,0xC920,0xD140,0xD180,0xC0C0,0xE220,0xEA60,0xB8A0,0xA840,
    0xB880,0xE220,0xD9C0,0xC940,0xA820,0xA820,0xD180,0xE240,0xB880,0xB040,0xB060,0xA000,
    0xB040,0xD140,0xD9C0,0xB060,0x9800,0xB880,0xC0E0,0xB040,0xC900,0xD160,0xC920,0xB8A0,
    0x9800,0xA800,0xC0C0,0xB040,0xB080,0xD140,0xB860,0xB880,0xC900,0xA800,0xA800,0xA800,
    0xC920,0xF300,0xE200,0xC920,0xC920,0xC940,0xB8A0,0xA840,0xB040,0xA000,0xB880,0xD160,
    0xE220,0xB080,0xA840,0xEA60,0xDA00,0xC0C0,0xD160,0xC0A0,0xB040,0xB040,0xA000,0xB040,
    0xD180,0xD1A0,0xC920,0xC940,0xEA60,0xEAA0,0xE220,0xFB20,0xE200,0xA820,0xB8A0,0xE200,
    0xD180,0xB860,0xB880,0xB060,0xA000,0xA800,0xC0A0,0xDA00,0xEA60,0xB8A0,0xA800,0xB060,
    0xC100,0xA000,0xB020,0xB880,0xA800,0xA800,0xB860,0xB8A0,0xB8A0,0xD140,0xC0C0,0xC100,
    0xD9A0,0xD160,0xB860,0xB020,0xC0E0,0xD140,0xA000,0xD9C0,0xE220,0xD9E0,0xC920,0xC0E0,
    0xC920,0xB880,0xB8A0,0xDA00,0xC920,0xC0C0,0xB060,0xC900,0xD180,0xC920,0xC940,0xD180,
    0xF2C0,0xD9E0,0xEAA0,0xEAA0,0xB040,0xC940,0xD140,0xD180,0xB8A0,0xB880,0xC0C0,0xB020,
    0xC940,0xD9C0,0xC0E0,0xC0E0,0xD160,0xC0C0,0xC0C0,0xD1A0,0xE200,0xDA00,0xE240,0xE220,
    0xC0E0,0xD9E0,0xEA60,0xD180,0xD9C0,0xFB40,0xD160,0xC0C0,0xC920,0xC920,0xE220,0xE220,
    0xC920,0xDA00,0xC940,0xB8A0,0xB020,0xB060,0xD160,0xD180,0xB060,0xC900,0xC0E0,0xA800,
    0xA800,0xA800,0xA800,0xA800,0xA800,0xC0C0,0xE220,0xD140,0xD9E0,0xEA60,0xD1A0,0xE220,
    0xE200,0xE220,0xFB40,0xEAA0,0xC920,0xB8A0,0xC0A0,0xC920,0xD160,0xC0C0,0xB040,0xC100,
    0xF300,0xE260,0xA820,0xB060,0xB8A0,0xD180,0xD1A0,0xD9E0,0xB060,0x9000,0xA000,0xB060,
    0xD9C0,0xD9E0,0xB8C0,0x9000,0xB0A0,0xE200,0xC0C0,0xB020,0xC960,0xB860,0xB040,0xB860,
    0xC940,0xA020,0x8800,0xB060,0xC0E0,0xC0A0,0xA820,0x9800,0xB8A0,0xB8A0,0xA000,0xC100,
    0xC920,0xD9C0,0xD180,0xEA40,0xD180,0xA800,0xB040,0xC940,0xC0E0,0xB040,0xB880,0xB040,
    0xE240,0xD9E0,0xD1A0,0xD9C0,0xC0C0,0xD9C0,0xC0C0,0xD160,0xC0C0,0xA000,0xE240,0xF2C0,
    0xD9E0,0xEA60,0xD9E0,0xB8A0,0xD160,0xC100,0xC900,0xE260,0xF2E0,0xC0E0,0xD160,0xEA60,
    0xEA60,0xD180,0xB880,0xD180,0xE260,0xC0E0,0xB060,0xC900,0xC0C0,0xEA80,0xE220,0xC900,
    0xD9C0,0xD160,0xB880,0xA820,0xB880,0xC940,0xB8A0,0xB020,0xB880,0xC900,0xC0C0,0xA820,
    0xC940,0xB880,0xB880,0xB880,0xB880,0xC0E0,0xB8A0,0xC920,0xD9C0,0xD180,0xC0C0,0xD180,
    0xB880,0xB020,0xB8C0,0xC920,0xC0E0,0xB040,0x9800,0xB040,0xB040,0xA000,0xA800,0xC900,
    0xB880,0xA800,0xB020,0xB880,0xC900,0xD160,0xD9A0,0xC900,0xB8A0,0xD1A0,0xEAA0,0xE240,
    0xD160,0xC900,0xD9A0,0xD1A0,0xC940,0xD180,0xE220,0xF2C0,0xEAA0,0xF2E0,0xD1A0,0xB8A0,
    0xB880,0xC0C0,0xE240,0xEA80,0xF2E0,0xFB20,0xD180,0xD9C0,0xEAA0,0xD160,0xA820,0xB060,
    0xC920,0xF2C0,0xC920,0xB8A0,0xA000,0x9800,0xB060,0xD9C0,0xC920,0xE200,0xE200,0xC920,
    0xB040,0xC100,0xC920,0xB020,0xD160,0xC900,0xA820,0xD160,0xC0E0,0xC100,0xC100,0xB880,
    0xB8E0,0xA000,0xA820,0xC0A0,0xB880,0xC920,0xD9E0,0xC0E0,0xC100,0xD180,0x9800,0xB060,
    0xB8A0,0xA000,0xC920,0xFBA0,0xFBC0,0xD180,0xB040,0xE220,0xD180,0xB040,0xB860,0xB060,
    0xC0C0,0xC0E0,0xA000,0xC960,0xFB00,0xF300,0xF360,0xFB80,0xF320,0xC940,0xA820,0xB080,
    0xE200,0xC940,0xB8A0,0xE240,0xD9E0,0xC0E0,0xB060,0xC0E0,0xB880,0xB880,0xB880,0xB040,
    0xC100,0xD180,0xD160,0xC100,0xC920,0xDA00,0xC900,0xC900,0xA020,0xC100,0xE220,0xD9E0,
    0xD9C0,0xC0E0,0xC0E0,0xC900,0xB060,0xC960,0xC0C0,0xC960,0xFB80,0xE200,0xD160,0xC0E0,
    0xC0E0,0xC940,0xC920,0xB860,0xB880,0xC940,0xC0A0,0xF2C0,0xEA80,0xE220,0xD160,0xB060,
    0xB8C0,0xE220,0xD1A0,0xC900,0xC900,0xC0C0,0xC0E0,0xC0E0,0xD9E0,0xD180,0xC0C0,0xC0E0,
    0xD9C0,0xB880,0xA000,0xC0E0,0xD140,0xB020,0xB880,0xD140,0xF360,0xFB80,0xC940,0xD180,
    0xC0C0,0xD160,0xC920,0xA800,0xA800,0xD160,0xEA80,0xEAA0,0xD180,0xB8A0,0xB860,0xC0C0,
    0xB880,0xB8A0,0xC920,0xC900,0xC940,0xE240,0xE220,0xE240,0xE200,0xD9C0,0xD160,0xD180,
    0xC0C0,0xB040,0xC920,0xC940,0xEAA0,0xD9C0,0xA800,0xA000,0xC0C0,0xEA60,0xE200,0xD160,
    0xC100,0xC900,0xE220,0xEA60,0xB060,0xA000,0xA800,0xA840,0xD160,0xC960,0xC940,0xC100,
    0xA000,0xB880,0xD180,0xB060,0xA000,0xA800,0xB8A0,0xB880,0xA800,0xA800,0xD160,0xB080,
    0xB040,0xC920,0xB040,0xA000,0xB8A0,0xB8C0,0xC0C0,0xB880,0xE200,0xF300,0xEA60,0xFB00,
    0xD9C0,0xC100,0xD180,0xD180,0xB8A0,0xB880,0xC100,0xC920,0xD9A0,0xB880,0xB060,0xD160,
    0xD180,0xD160,0xB880,0xC0A0,0xB880,0xC0C0,0xA800,0xB880,0xB880,0xB880,0xB8A0,0xD180,
    0xEA60,0xF2C0,0xD9E0,0xE200,0xE200,0xC940,0xC0C0,0xD9E0,0xD1A0,0xB020,0xB880,0xB020,
    0xA000,0xB040,0xC0A0,0xC0A0,0xC100,0xA000,0x9800,0xA860,0xC0E0,0xA800,0xC0C0,0xC940,
    0xB040,0xD180,0xD9C0,0xD9C0,0xC940,0xA000,0xA800,0xB020,0xE220,0xD9C0,0xC920,0xC0C0,
    0xB060,0xB880,0xB060,0xB8A0,0xD160,0xD180,0xD9A0,0xC940,0xD140,0xB060,0xC920,0xEA80,
    0xD9E0,0xB040,0xA800,0xB040,0xB880,0xC0C0,0xC0A0,0xB860,0xC0E0,0xC0C0,0xD9A0,0xC900,
    0xB020,0xC940,0xC0C0,0xB8A0,0xC0C0,0xC0C0,0xC0C0,0xB880,0xD1A0,0xE220,0xC940,0xC920,
    0xD160,0xD140,0xD180,0xE220,0xF2E0,0xEA80,0xE220,0xE200,0xB880,0xB860,0xC0C0,0xC0E0,
    0xC100,0xE200,0xD180,0xC940,0xC940,0xC0E0,0xD9A0,0xEA60,0xD9C0,0xC0E0,0xC0E0,0xB8A0,
    0xC0C0,0xB060,0xB8A0,0xC100,0xB860,0xC920,0xC0A0,0xB880,0xA000,0xB060,0xA820,0xA800,
    0xA800,0xB060,0xD9E0,0xC920,0xD180,0xE200,0xE200,0xDA00,0xD9E0,0xD1A0,0xE200,0xF2C0,
    0xD9C0,0xC0C0,0xC0C0,0xC0C0,0xDA00,0xC960,0xB8A0,0xC900,0xE200,0xD9E0,0xB040,0xD140,
    0xD180,0xD160,0xEA80,0xEA80,0xC0E0,0xB8A0,0xC0E0,0xB020,0xB880,0xC0C0,0xB880,0x9800,
    0xC100,0xD9E0,0xB040,0xB060,0xC920,0xC0C0,0xB8A0,0xC920,0xEA40,0xA840,0x9000,0xA000,
    0xC0C0,0xD160,0xA840,0x9800,0xD160,0xC0C0,0xB060,0xD9E0,0xC100,0xB860,0xE200,0xE260,
    0xC0A0,0xB040,0xB040,0xD9A0,0xB8C0,0xA020,0xC0C0,0xC0A0,0xEA60,0xE220,0xD180,0xE220,
    0xC900,0xC920,0xC0A0,0xC0E0,0xC920,0xB060,0xE220,0xEAA0,0xC940,0xD1A0,0xD1A0,0xB880,
    0xC920,0xC0A0,0xD160,0xF2A0,0xE260,0xD160,0xE200,0xEA80,0xD9E0,0xB040,0xA800,0xD1A0,
    0xD9C0,0xB8A0,0xC940,0xD160,0xC920,0xEA80,0xE240,0xD9A0,0xE200,0xEAA0,0xE240,0xD180,
    0xC0E0,0xC0C0,0xB020,0xA800,0xB040,0xC0A0,0xB880,0xA000,0xC0E0,0xC0C0,0xB040,0xB020,
    0xB060,0xB060,0xC920,0xD180,0xE240,0xEA60,0xC900,0xD160,0xB060,0xC0C0,0xE200,0xC0E0,
    0xC0E0,0xB060,0xA000,0xB880,0xA820,0xA820,0xB040,0xB880,0xA820,0x9800,0xB040,0xC0E0,
    0xC0C0,0xB040,0xB080,0xA820,0xB880,0xD9C0,0xEA60,0xE240,0xE240,0xDA00,0xFB40,0xE200,
    0xC100,0xB880,0xC0C0,0xD180,0xD9A0,0xE200,0xD180,0xC0E0,0xC0E0,0xD180,0xC0C0,0xB860,
    0xF320,0xFB80,0xE220,0xE220,0xE220,0xC940,0xB880,0xC0E0,0xC920,0xE220,0xE240,0xD180,
    0xA000,0x9800,0xB060,0xD9E0,0xD9E0,0xEA80,0xC920,0xA820,0xB040,0xB880,0xE200,0xD9C0,
    0xB8A0,0xD140,0xC0C0,0xD1A0,0xC940,0xB060,0xC920,0xC900,0xC920,0xB060,0xD9A0,0xD180,
    0xC100,0xC940,0xD9E0,0xD1A0,0xD9C0,0xEA80,0xC920,0xC0E0,0xA840,0x9000,0xC0E0,0xEA80,
    0xEAA0,0xC940,0xB860,0xD160,0xC900,0xB060,0xA840,0xA000,0xB060,0xB040,0xA000,0xA820,
    0xD160,0xD180,0xC940,0xEA60,0xF300,0xC900,0xB020,0xC0E0,0xD9C0,0xB040,0xC0C0,0xF2C0,
    0xEA60,0xE200,0xC920,0xC0E0,0xB8A0,0xA800,0xB020,0xA820,0xB880,0xD9C0,0xC920,0xC940,
    0xEAA0,0xFBA0,0xE240,0xB060,0xA000,0xC920,0xE240,0xC0E0,0xC0E0,0xB880,0xA800,0xA000,
    0xA000,0xB880,0xB020,0xC940,0xEAC0,0xC0C0,0xD9E0,0xE220,0xD1A0,0xC0C0,0xB8A0,0xB060,
    0xC0E0,0xC100,0xC0C0,0xEA80,0xE200,0xD1A0,0xC0C0,0xA820,0xC100,0xC940,0xB8A0,0xB880,
    0xB880,0xA820,0xC920,0xC920,0xD140,0xC960,0xC0C0,0xC0E0,0xC0C0,0xB880,0xC0C0,0xD9A0,
    0xC940,0xB860,0xB040,0xB8A0,0xF2C0,0xEAA0,0xC0C0,0xD1A0,0xD160,0xC920,0xD180,0xC0C0,
    0xA800,0xC900,0xD160,0xC0C0,0xB8A0,0xC900,0xB060,0xA000,0xA840,0xB840,0xC100,0xD180,
    0xD1A0,0xD9E0,0xE1E0,0xEA80,0xE200,0xC100,0xC940,0xD160,0xB8A0,0xA800,0xB060,0xC0E0,
    0xD160,0xC940,0xB880,0xC900,0xB8A0,0xC900,0xC0C0,0xE200,0xE220,0xB020,0xC0C0,0xC0E0,
    0xA000,0xA000,0xA800,0xC100,0xF2E0,0xD9C0,0xC0E0,0xD9A0,0xA840,0xD180,0xEAA0,0xC100,
    0xA020,0xB060,0xD1A0,0xC0E0,0xC900,0xD160,0xB8A0,0xA820,0xA000,0xB880,0xB020,0xA800,
    0xC0E0,0xC900,0xC920,0xD160,0xEA80,0xEAC0,0xEA80,0xD160,0xB8A0,0xB880,0xD1A0,0xC940,
    0xB860,0xC940,0xC0C0,0xA820,0xC0C0,0xB8A0,0xC0C0,0xC920,0xD1A0,0xC920,0xB880,0xB880,
    0xA000,0xA000,0xC100,0xC920,0xA000,0x9800,0xA800,0xC0E0,0xD1A0,0xEAA0,0xEA60,0xC920,
    0xDA00,0xD9E0,0xE200,0xEA80,0xC940,0xD160,0xD180,0xB040,0xB020,0xA820,0xB8A0,0xB040,
    0xB880,0x9800,0xA000,0xC920,0xC920,0xA800,0xC940,0xC920,0xA820,0xD160,0xD180,0xF2A0,
    0xD9E0,0xB020,0xC920,0xC900,0xD9A0,0xF2A0,0xEA60,0xC920,0xC0C0,0xD1A0,0xC920,0xC0C0,
    0xC940,0xD9C0,0xE240,0xD1A0,0xD1A0,0xC920,0xD1A0,0xF2E0,0xD160,0xC0C0,0xB880,0xC0C0,
    0xB880,0xB860,0xC920,0xB880,0xB040,0xB060,0xC940,0xD160,0xB880,0xC100,0xC0E0,0xB8A0,
    0xC0E0,0xC0C0,0xC940,0xD180,0xD9E0,0xFB40,0xD9C0,0xC900,0xD160,0xC940,0xD160,0xC940,
    0xEA60,0xEA60,0xE220,0xD160,0xB880,0xC0C0,0xB8A0,0xB8A0,0xB880,0xC0E0,0xD180,0xD9E0,
    0xC940,0xC0C0,0xD9A0,0xEA80,0xD1A0,0xB040,0xC0C0,0xC920,0xC900,0xB8A0,0xB880,0xC0E0,
    0xB8A0,0xA800,0xC0E0,0xC920,0xA000,0xC0C0,0xB040,0xB860,0xB040,0xA820,0xC940,0xD9C0,
    0xD160,0xC960,0xD180,0xC920,0xC920,0xC0E0,0xC0E0,0xE240,0xD180,0xD160,0xC0A0,0xB880,
    0xE240,0xD9C0,0xC900,0xC900,0xD1A0,0xC920,0xC940,0xF300,0xD1A0,0xD1A0,0xD1A0,0xD9E0,
    0xD180,0xD140,0xB8A0,0xB8A0,0xD180,0xC0C0,0xA820,0xB040,0xC940,0xD9E0,0xB880,0xB040,
    0xC0E0,0xD180,0xD9C0,0xD9E0,0xD9C0,0xB880,0xB880,0xB060,0xB8A0,0xC0E0,0xB060,0xB040,
    0xD160,0xC100,0xB860,0xB8C0,0xC0C0,0xA000,0xC0E0,0xD9C0,0xB880,0xA000,0xB060,0xC0C0,
    0xA840,0xC0C0,0xB860,0xC0C0,0xF300,0xD9C0,0xC0E0,0xD160,0xD1A0,0xB040,0xA000,0xA800,
    0xB880,0xC0C0,0xF2C0,0xE200,0xC900,0xC0E0,0xD9C0,0xC0C0,0xC920,0xD180,0xD160,0xE220,
    0xD9A0,0xC0C0,0xD9A0,0xF2E0,0xEAA0,0xA820,0xB8C0,0xD9C0,0xC900,0xD160,0xD9C0,0xD9E0,
    0xD9E0,0xE220,0xD9E0,0xDA00,0xF2A0,0xFB00,0xFB20,0xE240,0xC940,0xC0E0,0xB040,0xA000,
    0xB860,0xC0C0,0xA800,0xC100,0xEA60,0xD9A0,0xC0E0,0xC0A0,0xB8A0,0xB040,0xD160,0xD9C0,
    0xD180,0xC920,0xC0E0,0xC920,0xB880,0xB860,0xE200,0xE200,0xC920,0xB8C0,0xA000,0xB880,
    0xB040,0xA800,0xC0E0,0xC0C0,0xA820,0xA000,0xA800,0xB880,0xB840,0xA800,0x9800,0xB040,
    0xB860,0xC920,0xD9E0,0xD1A0,0xD9C0,0xD1A0,0xE220,0xD9E0,0xC940,0xB8A0,0xC100,0xD160,
    0xC920,0xDA00,0xE200,0xB8A0,0xC920,0xE220,0xA000,0xB040,0xE200,0xF300,0xD9A0,0xE240,
    0xE220,0xD180,0xC0E0,0xC0C0,0xC900,0xC0C0,0xEA60,0xD9E0,0xC0E0,0xC940,0xB880,0xD9C0,
    0xD9C0,0xC920,0xA820,0x9800,0xA800,0xC920,0xF2C0,0xE200,0xB8A0,0xB060,0xA000,0xC900,
    0xD9A0,0xC920,0xD9C0,0xC940,0xA800,0xB8A0,0xE200,0xFB00,0xE240,0xD9A0,0xC940,0xD9E0,
    0xEA60,0xF2C0,0xC940,0xB880,0xA040,0x9000,0xC8E0,0xD9C0,0xD160,0xB060,0xB020,0xB880,
    0xC0C0,0xA820,0x9800,0xB020,0xB8A0,0xB880,0xA820,0xA000,0xA000,0xB040,0xB020,0xD180,
    0xC940,0xC900,0xD9C0,0xD180,0xE220,0xC100,0xE220,0xE200,0xC0C0,0xE220,0xE240,0xC920,
    0xC0E0,0xB040,0xA000,0xA000,0xB040,0xD9A0,0xD160,0xE220,0xFB20,0xEA60,0xF2E0,0xDA00,
    0xB8C0,0xB880,0xD9E0,0xB860,0xA000,0xA000,0xB060,0xC100,0xA860,0xB020,0xB040,0xD180,
    0xE240,0xC0C0,0xD9E0,0xEA60,0xE240,0xB880,0xC920,0xE200,0xE200,0xB080,0xB080,0xE220,
    0xE220,0xC940,0xC0C0,0xB880,0xB8A0,0xC100,0xC0C0,0xC920,0xC0C0,0xA800,0xC100,0xC100,
    0xC920,0xD160,0xC920,0xD180,0xC0C0,0xD160,0xD9C0,0xD180,0xC940,0xC0E0,0xB880,0xC940,
    0xF2E0,0xD180,0xC900,0xD180,0xD180,0xB880,0xC920,0xC960,0xA800,0xB860,0xC900,0xA800,
    0xB8A0,0xD160,0xB880,0xA000,0xA000,0xB020,0xC0C0,0xC0E0,0xB8A0,0xC940,0xF320,0xF2E0,
    0xD140,0xB040,0xB860,0xC0E0,0xB8C0,0xA000,0xC0A0,0xC0C0,0xC0E0,0xB8A0,0xB8A0,0xC100,
    0xC0C0,0xB060,0xA000,0xC920,0xD9C0,0xC940,0xB880,0xA800,0xA820,0xC940,0xC920,0xE200,
    0xE240,0xD180,0xC940,0xE240,0xB040,0xD9E0,0xDA00,0xD9E0,0xC0C0,0xC0C0,0xD9A0,0xC920,
    0xD160,0xC0E0,0xB020,0xA800,0xB060,0xA820,0xA000,0xB040,0xC8E0,0xB060,0xB8A0,0xC0E0,
    0xD9A0,0xE240,0xF2C0,0xC0E0,0xC920,0xD160,0xC940,0xC0E0,0xC960,0xC0C0,0x9800,0xA860,
    0xB8A0,0xA800,0xC920,0xC920,0xD9A0,0xC920,0xB040,0xB880,0xA820,0xB060,0xE220,0xD9E0,
    0xB880,0x9000,0x9800,0xA000,0xB880,0xE240,0xEA60,0xD160,0xD1A0,0xC100,0xD9A0,0xD9C0,
    0xD180,0xE240,0xEA80,0xB040,0xA800,0x9800,0xA000,0xB040,0xC920,0xA840,0xA800,0xC920,
    0xC940,0xB860,0xC920,0xD160,0xC0C0,0xB020,0xA800,0xD9C0,0xC100,0xC920,0xEA80,0xD180,
    0xC0E0,0xD180,0xC940,0xC0C0,0xC100,0xE240,0xD140,0xC0C0,0xC940,0xD9E0,0xE220,0xD160,
    0xD9C0,0xD180,0xC920,0xDA00,0xC920,0xDA00,0xD1A0,0xC920,0xEA40,0xC900,0xC940,0xC940,
    0xC0C0,0xD9E0,0xFB00,0xEA80,0xB060,0xC0C0,0xC0C0,0xC920,0xE220,0xB880,0xB060,0xE220,
    0xEA80,0xFB00,0xD9E0,0xC900,0xD180,0xD9C0,0xC900,0xC900,0xD9E0,0xD180,0xD160,0xC0E0,
    0xB860,0xC940,0xC0E0,0xB880,0xC0C0,0xC940,0xD160,0xD180,0xC940,0xC920,0xC920,0xD9E0,
    0xC920,0xB880,0xC100,0xC940,0xC0C0,0xB8A0,0xC940,0xC920,0xC0C0,0xB8A0,0xD160,0xC0C0,
    0xA800,0xC0A0,0xC920,0xB8A0,0xA800,0xA820,0xC0E0,0xDA00,0xD9A0,0xD180,0xD1A0,0xB020,
    0xB8A0,0xD9E0,0xC920,0xE200,0xEAA0,0xE200,0xC8E0,0xC100,0xD180,0xC0E0,0xB860,0xB880,
    0xB8A0,0xD9C0,0xE260,0xF320,0xC8E0,0xD9E0,0xC0E0,0xC0C0,0xC920,0xB880,0xB040,0xB8C0,
    0xE220,0xE240,0xB8A0,0xC940,0xEA80,0xE240,0xC100,0xB8A0,0xD9C0,0xD9E0,0xD180,0xC900,
    0xB8A0,0xB040,0xD140,0xC900,0xC0A0,0xC960,0xC940,0xC920,0xC0C0,0xB8A0,0xA820,0xA000,
    0xB020,0xA020,0x9800,0xD9C0,0xDA00,0xA800,0xA820,0xA020,0xB040,0xC940,0xD1A0,0xB8A0,
    0xD9A0,0xE240,0xB8A0,0xA820,0xE240,0xB8E0,0x9000,0xA000,0xB880,0xC0E0,0xE220,0xD9C0,
    0xC960,0xB880,0xC0C0,0xD160,0xD9A0,0xC900,0xC0A0,0xD180,0xC100,0xC940,0xD160,0xD180,
    0xD1A0,0xB8A0,0xE240,0xC900,0xC0E0,0xE200,0xD9C0,0xD180,0xD1A0,0xEA80,0xEA60,0xF2C0,
    0xF2A0,0xEA80,0xD9E0,0xD1A0,0xD180,0xD140,0xB8A0,0xB020,0xB8A0,0xD160,0xB8A0,0xC920,
    0xEA80,0xDA00,0xC940,0xC940,0xC900,0xB860,0xC0E0,0xD160,0xEA80,0xE200,0xC920,0xB880,
    0xB040,0xC940,0xE240,0xE240,0xD160,0xC0E0,0xA000,0xB8C0,0xC920,0xC0C0,0xD9E0,0xC920,
    0xB040,0xB000,0xB860,0xB860,0xB060,0xB060,0xB880,0xC900,0xB8A0,0xB8A0,0xC900,0xC920,
    0xC100,0xC900,0xD160,0xD160,0xC100,0xC920,0xE200,0xD180,0xD9A0,0xFB00,0xE220,0xB020,
    0xB8A0,0xB8A0,0xA800,0xB060,0xC900,0xD160,0xC920,0xC940,0xE220,0xF2E0,0xC900,0xA800,
    0xA820,0xB040,0xC0C0,0xB8C0,0xD9A0,0xEA60,0xD9E0,0xC940,0xC0E0,0xB040,0xB040,0xA800,
    0xA800,0xE220,0xD9E0,0xB8A0,0xC920,0xA820,0x9800,0xA000,0xC900,0xEAA0,0xE220,0xB8A0,
    0xB040,0xB880,0xC920,0xD9C0,0xEAA0,0xEAA0,0xC0C0,0xC100,0xC900,0xC0E0,0xB880,0xB040,
    0xA800,0x9000,0xC920,0xD9E0,0xD160,0xC0C0,0xB040,0xA820,0xB060,0x9000,0x9000,0xA800,
    0xB040,0xC0C0,0xD160,0xB8C0,0xA000,0xA820,0xB860,0xC920,0xC0E0,0xB860,0xF2A0,0xF2E0,
    0xF2C0,0xD1A0,0xD9C0,0xC0E0,0xB020,0xD180,0xE240,0xE220,0xD180,0xD160,0xC0E0,0xA800,
    0xB860,0xD160,0xC900,0xD9A0,0xD9E0,0xC0E0,0xF341,0xE260,0xC940,0xD180,0xD9C0,0xB8A0,
    0xA840,0xB040,0xC940,0xD180,0xC0C0,0xC900,0xC920,0xE240,0xD9C0,0xE200,0xF2A0,0xEA80,
    0xD9C0,0xD180,0xEA60,0xEA60,0xD9C0,0xA820,0xB040,0xC900,0xE220,0xD180,0xD140,0xD9C0,
    0xC0E0,0xB060,0xB040,0xC920,0xC920,0xB020,0xB880,0xC0C0,0xC0C0,0xB060,0xC0C0,0xC940,
    0xD180,0xE200,0xD9E0,0xC920,0xC940,0xD160,0xC0C0,0xA820,0xC940,0xD180,0xD1A0,0xDA00,
    0xD180,0xB8A0,0xB860,0xC0E0,0xB020,0xB040,0xB880,0xB040,0xB060,0xC940,0xD160,0xA840,
    0xA800,0xC100,0xB860,0xB880,0xA000,0xB860,0xFC04,0xF3C3,0xC0C0,0xB020,0xB860,0xD160,
    0xC0E0,0xA000,0xC0C0,0xE240,0xD9C0,0xB860,0xA000,0xB060,0xC0E0,0xA820,0xA000,0xB040,
    0xD160,0xEAA0,0xC940,0xB040,0xA800,0xC940,0xE220,0xD180,0xC900,0xC0E0,0xD9C0,0xEA60,
    0xC900,0xC940,0xC0E0,0xC0E0,0xD9C0,0xE200,0xC940,0xB8A0,0xC0E0,0xD160,0xC0E0,0xA000,
    0xC0C0,0xC920,0xA800,0xA820,0xA820,0xA000,0xA000,0xB040,0xB860,0xD9C0,0xFBE0,0xE220,
    0xEAA0,0xF2C0,0xD1A0,0xC0E0,0xDA00,0xD180,0xB8A0,0xB020,0xA000,0xC900,0xE200,0xD1A0,
    0xD9E0,0xC940,0xB8A0,0xB8A0,0xA000,0xA800,0xD180,0xEA60,0xC920,0xA840,0xB060,0xA800,
    0xB060,0xD9E0,0xD9C0,0xE220,0xD9C0,0xA800,0xA840,0xB060,0xC0C0,0xC100,0xD9E0,0xC0E0,
    0xC0C0,0xA020,0xA000,0xB040,0xC920,0xB8A0,0x9800,0xB880,0xA840,0xA820,0xB040,0xC0C0,
    0xC0C0,0xB860,0xA820,0xC960,0xC900,0xD160,0xE220,0xC920,0xB880,0xC0A0,0xB880,0xC0A0,
    0xB040,0xC0E0,0xB880,0xC920,0xD1A0,0xC0E0,0xC900,0xC0E0,0xD180,0xC940,0xB060,0xC900,
    0xD1A0,0xD9C0,0xD9C0,0xD160,0xEA60,0xEAA0,0xEA60,0xD180,0xB880,0xD9C0,0xF300,0xD9E0,
    0xB8A0,0xB880,0xC0A0,0xC940,0xEA60,0xC0E0,0xA800,0xC100,0xD9E0,0xE220,0xDA00,0xD9A0,
    0xD160,0xD180,0xD1A0,0xD140,0xB860,0xC0A0,0xC0E0,0xB8A0,0xC940,0xD9E0,0xD1A0,0xC920,
    0xD180,0xD9A0,0xD9C0,0xC920,0xD180,0xD180,0xC0E0,0xC100,0xC0A0,0xC920,0xD1A0,0xD180,
    0xC900,0xD9C0,0xF2C0,0xC920,0xB040,0xD9C0,0xD180,0xB040,0xB040,0xC940,0xDA00,0xB880,
    0xA000,0xA800,0xB880,0xE220,0xD180,0xD180,0xE200,0xB040,0xC940,0xE240,0xD1A0,0xD160,
    0xD9E0,0xD9C0,0xB880,0xC0E0,0xE200,0xB8A0,0xB060,0xB8C0,0xB880,0xE220,0xE220,0xE200,
    0xC0C0,0xD9C0,0xB880,0xC0C0,0xC0C0,0xB860,0xA820,0xB000,0xEAC1,0xFC42,0xE200,0xD160,
    0xE240,0xD9C0,0xD160,0xD9C0,0xD9E0,0xD180,0xC0E0,0xC0E0,0xB880,0xB860,0xE200,0xD9E0,
    0xD9A0,0xD9E0,0xC100,0xC900,0xB880,0xB880,0xA800,0xA820,0xA820,0x9800,0xA000,0xC0E0,
    0xD1A0,0xB020,0xB020,0xA800,0xC0C0,0xC960,0xF2C0,0xB8A0,0xC940,0xC920,0xB880,0xB060,
    0xE200,0xD1A0,0x9800,0xB060,0xB880,0xC900,0xC0E0,0xC920,0xD160,0xC0E0,0xB8A0,0xE260,
    0xF2E0,0xC920,0xC0A0,0xD9E0,0xC920,0xD9E0,0xE240,0xD180,0xC920,0xC0E0,0xD160,0xB880,
    0xC940,0xDA00,0xD9C0,0xD180,0xD180,0xE200,0xEAA0,0xFB00,0xE200,0xD9C0,0xE200,0xDA00,
    0xC940,0xC900,0xD160,0xB8A0,0xC0E0,0xD180,0xC0C0,0xC0C0,0xD1A0,0xE200,0xD160,0xC940,
    0xD1A0,0xD180,0xC0C0,0xB860,0xC900,0xD180,0xD1A0,0xB860,0xA800,0xD160,0xD9C0,0xC940,
    0xE240,0xC0C0,0xA000,0xD9C0,0xEAA0,0xEA80,0xFB60,0xE200,0xC100,0xB860,0xB8A0,0xB020,
    0xB040,0xB880,0xB880,0xC0C0,0xC0A0,0xB880,0xB880,0xC0E0,0xC0C0,0xC0E0,0xB060,0xC0C0,
    0xD1A0,0xEA80,0xF2C0,0xE220,0xDA00,0xD9A0,0xB8E0,0xA820,0x9800,0x9800,0xB860,0xB060,
    0xC0E0,0xB8A0,0xC0E0,0xC900,0xE240,0xEAC0,0xB8A0,0xB8A0,0xD180,0xD9E0,0xB020,0xB8A0,
    0xC920,0xC100,0xF2C0,0xDA00,0xD1A0,0xC0E0,0xD1A0,0xB040,0xA000,0xEA80,0xF361,0xD180,
    0xEA60,0xC0C0,0xA820,0xB080,0xDA00,0xE240,0xD9A0,0xC920,0xC920,0xD160,0xC920,0xB8A0,
    0xE220,0xE240,0xC0C0,0xB040,0xB040,0xB860,0xB060,0xC920,0xC920,0x9800,0xB8A0,0xEA40,
    0xE220,0xE220,0xC0E0,0xB000,0xA020,0x8800,0x9000,0xB040,0xC0A0,0xC0A0,0xC900,0xC900,
    0xC920,0xC900,0xD160,0xB8A0,0xC900,0xB8A0,0xD180,0xD9C0,0xD160,0xC920,0xC900,0xD180,
    0xB880,0xC940,0xDA00,0xC0E0,0xD1A0,0xDA00,0xD160,0xB060,0xD160,0xC900,0xB8A0,0xC100,
    0xD1A0,0xB860,0xC0E0,0xC0E0,0xD180,0xEA80,0xD180,0xC0A0,0xC920,0xD9C0,0xE220,0xD180,
    0xB8A0,0xC0E0,0xB8A0,0xC920,0xC100,0xE240,0xF2E0,0xF2E0,0xC0E0,0xD180,0xEA60,0xD9C0,
    0xD160,0xB020,0xB040,0xB880,0xD180,0xD9C0,0xD9C0,0xEA80,0xC940,0xB880,0xC100,0xC940,
    0xC920,0xB040,0xB060,0xC0C0,0xB860,0xC0E0,0xC920,0xD160,0xEA60,0xD9E0,0xE200,0xD1A0,
    0xC940,0xD9A0,0xB040,0xA800,0xB060,0xB880,0xC900,0xD9C0,0xD9C0,0xDA00,0xB8A0,0xA800,
    0xB8A0,0xB880,0xB860,0xB040,0xB860,0xD180,0xE200,0xC920,0xB060,0xD160,0xD9E0,0xC900,
    0xA800,0xB880,0xEAE0,0xE220,0xA820,0xA000,0xB040,0xC920,0xB860,0xB040,0xD180,0xD9C0,
    0xEA60,0xC100,0xA000,0xB040,0xC0E0,0xA800,0xB060,0xC940,0xD180,0xE200,0xB8A0,0xC0E0,
    0xB880,0xC0E0,0xD160,0xB8A0,0xC900,0xE220,0xE220,0xEA60,0xD160,0xD180,0xC0C0,0xD9C0,
    0xEAA0,0xE240,0xD9E0,0xB860,0xB8A0,0xD180,0xD160,0xA020,0xC0C0,0xD180,0xD9A0,0xB860,
    0xA820,0xA820,0xA000,0xB040,0xB040,0xD180,0xE260,0xD9C0,0xEA80,0xFB40,0xC900,0xB8A0,
    0xC940,0xC900,0xB880,0xA820,0xA000,0xD9A0,0xE220,0xC940,0xD9C0,0xC0E0,0xC0E0,0xD1A0,
    0xC0E0,0xC920,0xD9C0,0xEA60,0xD160,0xC0E0,0xC0C0,0xB860,0xB880,0xC940,0xD180,0xFB00,
    0xDA00,0xA800,0xB020,0xB040,0xB8A0,0xA000,0xB020,0xA820,0xD160,0xC920,0xC900,0xB880,
    0xC920,0xB8A0,0xB040,0xC900,0xB060,0xA000,0xB040,0xC0E0,0xD140,0xC0C0,0xD160,0xF320,
    0xFBE1,0xEA80,0xE220,0xC100,0xB060,0xB880,0xB8A0,0xC0C0,0xB020,0xC0E0,0xC0E0,0xB8A0,
    0xC940,0xB040,0xB880,0xB8A0,0xD180,0xC900,0xA000,0xB060,0xC920,0xB880,0xC940,0xD160,
    0xD9E0,0xEA80,0xEAA0,0xC940,0xC0C0,0xC960,0xE220,0xD180,0xC0C0,0xB040,0xB880,0xC940,
    0xE200,0xC920,0xB860,0xB880,0xB8A0,0xC940,0xD180,0xD9C0,0xC940,0xC100,0xD160,0xC940,
    0xB8A0,0xB8A0,0xB8A0,0xC0C0,0xD9E0,0xEAA0,0xFB00,0xE240,0xEA60,0xEA80,0xD9E0,0xC0E0,
    0xD140,0xD180,0xC940,0xB860,0xB040,0xD160,0xE220,0xEA60,0xD160,0xE260,0xFC00,0xE220,
    0xC0A0,0xE240,0xD1A0,0xC900,0xC900,0xC960,0xD9C0,0xD160,0xB000,0xB880,0xC0C0,0xDA00,
    0xC940,0xD180,0xEA80,0xC900,0xD160,0xE220,0xD160,0xD9A0,0xC920,0xC940,0xB060,0xB040,
    0xC920,0xB040,0xC920,0xC920,0xD160,0xD9C0,0xB880,0xC940,0xD9C0,0xF2C0,0xB8A0,0xA800,
    0xB860,0xB060,0xA820,0xC0E0,0xEA80,0xFC41,0xF2C0,0xD140,0xC0C0,0xD160,0xE240,0xD9E0,
    0xD9C0,0xD160,0xC900,0xC940,0xC920,0xB880,0xC900,0xD160,0xC900,0xC920,0xB020,0xB060,
    0xB8A0,0xB8A0,0xA000,0xB040,0xA820,0xA800,0xA800,0xC920,0xC940,0xB040,0xC0A0,0xA000,
    0xB8C0,0xD9A0,0xD9C0,0xC0E0,0xB860,0xB020,0xC900,0xB8A0,0xD160,0xE240,0xC0A0,0xC0C0,
    0xB8A0,0xB880,0xC0E0,0xB040,0xC0E0,0xD9E0,0xE200,0xEA60,0xE220,0xD140,0xB040,0xC940,
    0xC0E0,0xC920,0xEA40,0xFB80,0xDA00,0xC940,0xC0C0,0xB880,0xC900,0xEA80,0xD9E0,0xD1A0,
    0xD9E0,0xC0E0,0xD9C0,0xEA60,0xD160,0xC0E0,0xD9C0,0xE200,0xC940,0xC940,0xD9A0,0xB8A0,
    0xB860,0xC0C0,0xB8A0,0xA800,0xB060,0xD1A0,0xD180,0xC100,0xD180,0xD160,0xC100,0xB8A0,
    0xC920,0xD160,0xB880,0xA800,0xA800,0xB860,0xB8A0,0xB880,0xD180,0xD180,0xB040,0xB8A0,
    0xC940,0xE200,0xEA80,0xEA60,0xD9C0,0xC900,0xB880,0xA800,0xB880,0xC0C0,0xC900,0xC920,
    0xC920,0xC0E0,0xC0C0,0xB880,0xC0C0,0xC920,0xE200,0xD180,0xC940,0xEA40,0xD9C0,0xD1A0,
    0xD160,0xB8A0,0xA800,0xA000,0x9800,0xC0C0,0xC940,0xB8A0,0xC900,0xB880,0xD1A0,0xF2E0,
    0xEAA0,0xB8A0,0xB8A0,0xEA80,0xEA40,0xD180,0xC0C0,0xB880,0xD1A0,0xE220,0xD160,0xD9C0,
    0xD9C0,0xE220,0xD9C0,0xB040,0xA000,0xC960,0xEAA0,0xFB00,0xEA60,0xC920,0xD140,0xC920,
    0xE220,0xD160,0xD9C0,0xC0E0,0xD1A0,0xE240,0xC940,0xA800,0xC0E0,0xC0C0,0xB020,0xA820,
    0xB020,0xC0E0,0xB880,0xC940,0xE200,0xC100,0xD160,0xF2E0,0xE240,0xFB00,0xC0E0,0x9800,
    0x9000,0x9000,0xA000,0xB860,0xD180,0xE240,0xEA80,0xC940,0xF300,0xE240,0xD180,0xB040,
    0xB040,0xC0C0,0xB040,0xC0C0,0xC0C0,0xC0C0,0xC900,0xD9C0,0xD160,0xE260,0xE200,0xC0C0,
    0xB8A0,0xC940,0xB040,0xB040,0xD9E0,0xD9C0,0xD160,0xC0E0,0xC0C0,0xB860,0xB880,0xA800,
    0xC0A0,0xD9C0,0xC0A0,0xC0C0,0xEA80,0xEAA0,0xC940,0xC940,0xC940,0xA820,0xB040,0xB060,
    0xC0E0,0xE200,0xDA00,0xD9C0,0xC940,0xD9E0,0xFB40,0xEAA0,0xE200,0xD140,0xD180,0xC0E0,
    0xC0C0,0xC920,0xD9C0,0xEAA0,0xC900,0xB860,0xD9C0,0xE240,0xC960,0xB040,0xB880,0xD9E0,
    0xD9C0,0xD160,0xD9E0,0xE260,0xD9C0,0xD1A0,0xE220,0xD180,0xB880,0xB8A0,0xB020,0xB020,
    0xC900,0xB040,0xB040,0xC920,0xD160,0xD9E0,0xB880,0xC100,0xE240,0xD9E0,0xC900,0xB040,
    0xB8C0,0xD9E0,0xEA60,0xD180,0xB040,0xB8A0,0xC900,0xC900,0xC0C0,0xC900,0xD9C0,0xF320,
    0xB060,0xA800,0xC940,0xB8A0,0xB040,0xC0C0,0xC940,0xC0E0,0xD160,0xD9E0,0xB040,0xA000,
    0xB080,0xA000,0xB040,0xD160,0xD9E0,0xB040,0xA820,0xC920,0xC920,0xC0C0,0xC0C0,0xD9C0,
    0xEA60,0xF2E0,0xE240,0xD180,0xB040,0xB8A0,0xC920,0xEA60,0xC920,0xC0C0,0xC940,0xB880,
    0xC0C0,0xC920,0xD180,0xC920,0xC920,0xC900,0xD9C0,0xD1A0,0xB860,0xA000,0xB040,0xB040,
    0xB040,0xB8A0,0xD140,0xC920,0xD1A0,0xF2E0,0xD140,0xB8A0,0xB040,0xC0C0,0xB060,0xC0C0,
    0xC900,0xD9E0,0xD9A0,0xC0C0,0xC0C0,0xB880,0xC100,0xD9C0,0xEA80,0xE220,0xC0C0,0xE200,
    0xD9C0,0xC0E0,0xC100,0xC0C0,0xB880,0xD1A0,0xC960,0xC920,0xB080,0xA820,0xC920,0xC920,
    0xB8A0,0x9800,0xA000,0xB040,0xD180,0xC920,0xD9C0,0xC0C0,0xD1A0,0xC940,0xC900,0xD180,
    0xD180,0xD160,0xB060,0xB880,0xD9E0,0xD160,0xD9E0,0xF320,0xF360,0xE240,0xD160,0xC0E0,
    0xC0C0,0xC0E0,0xC940,0xC0C0,0xA800,0xC100,0xD180,0xB880,0xC920,0xC0E0,0xD160,0xC0E0,
    0xD9E0,0xD9E0,0xA800,0xA820,0xB040,0xA000,0xC0E0,0xC0C0,0xC920,0xD1A0,0xEA80,0xD180,
    0xC900,0xC0C0,0xC0E0,0xC920,0xB860,0xB040,0xD9A0,0xD180,0xB880,0xB880,0xC0A0,0xC0E0,
    0xB860,0xB880,0xC920,0xD9C0,0xC920,0xC900,0xD1A0,0xD180,0xC0C0,0xB880,0xC0E0,0xC940,
    0xD9C0,0xD9C0,0xF2E0,0xD9C0,0xD9E0,0xD9E0,0xE220,0xC920,0xC0A0,0xC900,0xC920,0xC0E0,
    0xB8A0,0xE240,0xF320,0xE260,0xC920,0xF341,0xFBE1,0xD180,0xD9A0,0xF300,0xC960,0xC900,
    0xD160,0xC900,0xD180,0xD160,0xA800,0xB880,0xC920,0xD9C0,0xC920,0xD1A0,0xEA60,0xD9C0,
    0xD1A0,0xEA60,0xD160,0xD9C0,0xDA00,0xC0E0,0xA820,0xB880,0xB040,0xA000,0xC0E0,0xB060,
    0xB860,0xC0E0,0xB880,0xC0E0,0xE220,0xE240,0xC920,0xB880,0xB040,0xB040,0xC0C0,0xC940,
    0xC0C0,0xD9A0,0xE240,0xD160,0xC100,0xD9C0,0xD9C0,0xC940,0xC940,0xC900,0xC0A0,0xC100,
    0xC0C0,0xC0A0,0xC0E0,0xC0A0,0xB880,0xA800,0xA000,0xA000,0xB880,0xB080,0x9800,0xD160,
    0xC900,0xC0A0,0xB860,0xD9C0,0xD160,0xC940,0xC940,0xA000,0xB880,0xC920,0xC920,0xB8A0,
    0xA820,0xA800,0xC0E0,0xC0A0,0xD9E0,0xD160,0xA800,0xA800,0xB880,0xD160,0xC0E0,0xB860,
    0xA800,0xD180,0xF2E0,0xEA60,0xC900,0xD140,0xD180,0xB8A0,0xA820,0xC0C0,0xD160,0xE220,
    0xC0C0,0xD180,0xD160,0xB880,0xD160,0xEAA0,0xE220,0xD9C0,0xEA80,0xB8A0,0xD9A0,0xE240,
    0xD180,0xC0C0,0xC920,0xD9C0,0xD180,0xD9E0,0xE220,0xC0E0,0xEAC1,0xE280,0xC920,0xC0E0,
    0xC0C0,0xE220,0xE200,0xB8A0,0xB880,0xB040,0xC0E0,0xC0E0,0xD180,0xE200,0xC0E0,0xB020,
    0xB040,0xB8A0,0xB880,0xC0A0,0xD9E0,0xFBC1,0xD180,0xB860,0xB020,0xC920,0xE200,0xD180,
    0xE240,0xD180,0xB040,0xB040,0xC0E0,0xC920,0xD1A0,0xD9E0,0xDA00,0xC940,0xC0E0,0xB860,
    0xC100,0xC900,0xD180,0xB880,0xB8A0,0xC920,0xB040,0xB8A0,0xC900,0xC0C0,0x9800,0xA020,
    0xC920,0xC920,0xC0C0,0xB880,0xB8A0,0xC0C0,0xD9C0,0xEAA0,0xEA60,0xA800,0xB8C0,0xD9E0,
    0xE200,0xC0C0,0xC0C0,0xB880,0xD160,0xFB60,0xD180,0xD180,0xE240,0xEA60,0xC900,0xB040,
    0xA000,0xC0E0,0xE200,0xEA80,0xC100,0xC0E0,0xD9E0,0xB060,0xA000,0xC920,0xE220,0xC920,
    0xEA60,0xD9A0,0xB8A0,0xA000,0xA000,0xB040,0xB040,0xB040,0xB060,0xC900,0xC0A0,0xB880,
    0xE220,0xD9C0,0xC940,0xF2E0,0xFB40,0xE220,0xA040,0x9000,0xB060,0xA820,0xB060,0xD9C0,
    0xDA00,0xFB20,0xF300,0xD9C0,0xFB40,0xEAC0,0xC0C0,0xB060,0xB860,0xC0C0,0xC960,0xC900,
    0xC100,0xC0C0,0xD160,0xE220,0xD9A0,0xEA60,0xE200,0xC920,0xB060,0xC0C0,0xB040,0xB860,
    0xD9E0,0xE200,0xE240,0xC900,0xA800,0xB880,0xC0C0,0xC0E0,0xD180,0xD9C0,0xB860,0xB8A0,
    0xEAA0,0xE240,0xB8C0,0xC0C0,0xD160,0xA000,0xA800,0xA800,0xC920,0xD9C0,0xD180,0xE220,
    0xD9E0,0xF300,0xFB40,0xFBC0,0xFB80,0xF320,0xD9E0,0xD9C0,0xD140,0xB860,0xE240,0xF2A0,
    0xD140,0xC0A0,0xDA00,0xE200,0xB8C0,0xB060,0xC100,0xEAA0,0xFB40,0xEAE0,0xF2E0,0xFB00,
    0xE220,0xD9C0,0xD9C0,0xD160,0xA820,0xB020,0xC0A0,0xC0C0,0xEA40,0xD160,0xE260,0xC960,
    0xC920,0xC940,0xB020,0xC920,0xD9E0,0xEA60,0xD180,0xB880,0xB8A0,0xEA60,0xEA80,0xC0E0,
    0xB8A0,0xC920,0xB8A0,0xC0C0,0xB880,0xC920,0xD9E0,0xEA80,0xB060,0xC0C0,0xD180,0xB020,
    0xC0C0,0xB880,0xC920,0xB8A0,0xB860,0xD9E0,0xB8A0,0xB020,0xB060,0xA000,0xB020,0xC0E0,
    0xD9A0,0xB880,0xB8A0,0xC0E0,0xB8A0,0xA000,0xB060,0xD9C0,0xE240,0xE240,0xD1A0,0xD180,
    0xC0E0,0xB880,0xD160,0xC940,0xA820,0xA000,0xD160,0xD140,0xB880,0xB880,0xC940,0xD9E0,
    0xD9E0,0xB060,0xB020,0xB8A0,0xC960,0xB8A0,0xD1A0,0xC920,0xC900,0xC920,0xD9E0,0xC940,
    0xD180,0xD9A0,0xD9A0,0xC940,0xB020,0xC900,0xA820,0xB080,0xC0E0,0xD1A0,0xD1A0,0xC100,
    0xD160,0xD9C0,0xC0C0,0xC940,0xF320,0xC920,0xB860,0xD180,0xD9A0,0xC900,0xD1A0,0xC0E0,
    0xD9C0,0xC920,0xB860,0xC0A0,0xA000,0xB040,0xD9E0,0xC0C0,0xB040,0x9000,0x9800,0xC0A0,
    0xD9E0,0xB060,0xB880,0xC940,0xD9C0,0xC920,0xC900,0xC0E0,0xB8A0,0xC0E0,0xB8A0,0xC0E0,
    0xE240,0xC920,0xC940,0xD9E0,0xD140,0xD180,0xD160,0xC100,0xC0E0,0xC0E0,0xD160,0xC0E0,
    0xA000,0xB880,0xC0E0,0xA000,0xB040,0xD160,0xDA00,0xC920,0xD1A0,0xE220,0xB080,0xA840,
    0xA820,0xA820,0xB860,0xA000,0xB080,0xB880,0xD9A0,0xD9C0,0xB040,0xB040,0xB860,0xC0C0,
    0xB040,0xB860,0xD140,0xC0C0,0xA800,0xB020,0xC920,0xD160,0xB040,0xB880,0xC900,0xD9C0,
    0xC960,0xD180,0xD9C0,0xC900,0xC100,0xC0E0,0xC0C0,0xC940,0xD1A0,0xD9C0,0xF2A0,0xD180,
    0xB880,0xB8A0,0xE220,0xD9A0,0xC920,0xC0A0,0xC0C0,0xC900,0xC100,0xD1A0,0xE240,0xD9C0,
    0xD160,0xE240,0xEA80,0xC0E0,0xC100,0xC0C0,0xB860,0xC0C0,0xC920,0xB8A0,0xC0E0,0xD9C0,
    0xB020,0xB880,0xC920,0xC920,0xC0E0,0xE200,0xE240,0xC920,0xD160,0xEAA0,0xB8A0,0xC0C0,
    0xC0E0,0xB020,0xB8A0,0xD160,0xD160,0xA000,0xC0E0,0xC100,0xA000,0xA820,0xC0E0,0xC0E0,
    0xC940,0xC960,0xC100,0xD9E0,0xD160,0xB8A0,0xC0E0,0xC900,0xB8A0,0xB020,0xC0C0,0xC900,
    0xB8A0,0xC940,0xD180,0xB880,0xB040,0xB040,0xB060,0xC900,0xB880,0xB8A0,0xC0C0,0xD160,
    0xC100,0xB020,0xA840,0x9800,0xC0C0,0xB8A0,0xA000,0xC100,0xE220,0xF2A0,0xD9C0,0xDA00,
    0xD160,0xD180,0xC940,0xA820,0xD160,0xD1A0,0xC920,0xD9C0,0xB880,0x9800,0xB060,0xB860,
    0xE220,0xB8A0,0xA800,0xA800,0xB860,0xC920,0xB8A0,0xB860,0xA000,0xC920,0xE200,0xE200,
    0xC900,0xB860,0xD1A0,0xC900,0xB880,0xB040,0xC0C0,0xC900,0xB840,0xD180,0xC940,0xC0E0,
    0xE240,0xE200,0xE200,0xF2E0,0xE260,0xB040,0xC920,0xE240,0xD1A0,0xB880,0xB880,0xC960,
    0xD1A0,0xD9E0,0xF2A0,0xEA80,0xFD06,0xF361,0xC0C0,0xD9E0,0xC0E0,0xD9E0,0xFB00,0xD9C0,
    0xB020,0xB040,0xC940,0xD140,0xD1A0,0xE220,0xB020,0xB040,0xB880,0xB880,0xB8A0,0xC940,
    0xC920,0xEAC0,0xEAC0,0xC0A0,0xB060,0xB880,0xC940,0xC0E0,0xFBE2,0xDA00,0xB060,0xC0A0,
    0xC0E0,0xC900,0xD160,0xD180,0xD1A0,0xD160,0xC0E0,0xC0E0,0xD160,0xC920,0xB880,0xB040,
    0xB880,0xB860,0xA800,0x9800,0xA020,0xA000,0x9800,0xA840,0xC920,0xB880,0xC0C0,0xB880,
    0xD180,0xD9E0,0xC0E0,0xD9C0,0xC940,0xA800,0xC0C0,0xC920,0xD160,0xC0E0,0xB060,0xB8A0,
    0xD160,0xFC24,0xE2C1,0xC920,0xE200,0xD9E0,0xC940,0xB860,0xA000,0xC0E0,0xE220,0xC920,
    0xA800,0xC0C0,0xC0C0,0xA820,0xA820,0xC0E0,0xC900,0xB8A0,0xF2A0,0xD180,0xB040,0xA000,
    0xA000,0xA820,0xB020,0xA820,0xB8A0,0xF2E0,0xDA41,0xB020,0xD9C0,0xC0E0,0xD180,0xEAA0,
    0xE200,0xA840,0x9000,0xB8A0,0xE1E0,0xC900,0xC900,0xE240,0xDA00,0xF300,0xE220,0xD160,
    0xD160,0xD9C0,0xC0E0,0xC0C0,0xB8A0,0xC0C0,0xE240,0xD9A0,0xD180,0xC940,0xE200,0xF2C0,
    0xE220,0xF2C0,0xE240,0xC100,0xD9C0,0xC920,0xC920,0xC0E0,0xC0C0,0xB8A0,0xC920,0xD180,
    0xB880,0xA820,0xD1A0,0xD160,0xC0E0,0xC940,0xB880,0xB040,0xC900,0xC0C0,0xC0E0,0xB060,
    0xC920,0xB060,0xA800,0xC900,0xD180,0xD9C0,0xD9C0,0xFB00,0xD9A0,0xFB60,0xF2C0,0xD9A0,
    0xF300,0xF300,0xE220,0xD9E0,0xC940,0xC0E0,0xEA80,0xD9C0,0xD160,0xD9E0,0xEA80,0xD9A0,
    0xB060,0xA820,0xB8A0,0xE220,0xFC21,0xFC61,0xFBC0,0xF2E0,0xFBA0,0xFB20,0xD9C0,0xC920,
    0xA820,0xB040,0xA800,0xB8A0,0xE220,0xE220,0xF300,0xC0C0,0xB060,0xB8A0,0xC0C0,0xD9E0,
    0xD160,0xE200,0xD180,0xB020,0xC940,0xE220,0xEA40,0xD180,0xB880,0xD1A0,0xD9A0,0xC960,
    0xC100,0xC0E0,0xD160,0xE220,0xC0C0,0xD160,0xC920,0xA800,0xC0E0,0xD1A0,0xD9C0,0xD9C0,
    0xC940,0xD9C0,0xC0C0,0xB060,0xC900,0xB020,0xA840,0xC0E0,0xC100,0xD180,0xD9A0,0xD160,
    0xC0C0,0xA000,0xB020,0xC100,0xD160,0xD180,0xD9A0,0xD1A0,0xD1A0,0xD1A0,0xC0C0,0x9800,
    0x8800,0xA860,0xD140,0xB060,0xA000,0xB020,0xC0E0,0xE220,0xE240,0xC0E0,0xB060,0xB8C0,
    0xD1A0,0xEA40,0xE200,0xC940,0xC100,0xE240,0xD9E0,0xD9E0,0xEA60,0xDA00,0xC920,0xC0E0,
    0xC920,0xD9C0,0xB040,0xA820,0xB880,0xC100,0xD9E0,0xD160,0xD180,0xC940,0xB040,0xE280,
    0xEA60,0xB8A0,0xB040,0xC920,0xC940,0xD180,0xD160,0xB8A0,0xFB60,0xC920,0xB040,0xC0C0,
    0xA800,0xC0C0,0xD9E0,0xB860,0xA020,0x8800,0xA020,0xD9A0,0xD180,0xB880,0xB8C0,0xC940,
    0xC940,0xB060,0xB880,0xD9E0,0xC940,0xB8A0,0xB880,0xC940,0xD180,0xB040,0xB880,0xD160,
    0xD160,0xD1A0,0xD1A0,0xC920,0xB860,0xA820,0xC940,0xB880,0xA000,0xB8A0,0xC920,0x9800,
    0xA840,0xC920,0xEA80,0xD9C0,0xC100,0xD160,0xB080,0xA800,0xA000,0xB060,0xC900,0xA800,
    0xA800,0xB040,0xC900,0xC920,0xC920,0xA800,0xB000,0xB8A0,0xB880,0xC0C0,0xC0E0,0xB020,
    0xA000,0xA800,0xC0C0,0xC940,0xB8A0,0xB000,0xC0C0,0xD180,0xC920,0xDA00,0xDA00,0xC940,
    0xC940,0xD9E0,0xEAA0,0xD9C0,0xC900,0xC0C0,0xD180,0xD9E0,0xC0C0,0xC0E0,0xD9E0,0xD1A0,
    0xC100,0xC900,0xC0E0,0xD180,0xD9C0,0xD9E0,0xD9A0,0xC920,0xC100,0xC900,0xC920,0xC0C0,
    0xB860,0xB020,0xB020,0xB8C0,0xC100,0xB860,0xC0E0,0xDA00,0xB8A0,0xB880,0xC0C0,0xD160,
    0xC920,0xEA60,0xD9A0,0xA800,0xB8A0,0xD160,0xB8A0,0xA800,0xB000,0xC0E0,0xEAA0,0xE240,
    0xC940,0xB860,0xC100,0xC920,0xA800,0xB8C0,0xD9E0,0xD180,0xC900,0xD180,0xE260,0xF2E0,
    0xD9C0,0xC920,0xD9C0,0xC0E0,0xB020,0xB060,0xB040,0xB060,0xC0C0,0xD180,0xD160,0xB040,
    0xB8C0,0xB040,0xB8A0,0xD160,0xB040,0xA800,0xC0E0,0xC0C0,0xB060,0xB020,0xA800,0xA820,
    0xC900,0xC900,0xB040,0xB020,0xD9E0,0xF300,0xE220,0xD160,0xC920,0xC0C0,0xC920,0xB880,
    0xE220,0xE200,0xC0E0,0xE200,0xB080,0x9800,0xB8A0,0xD9C0,0xF2C0,0xD140,0xB020,0xD9E0,
    0xD1A0,0xB860,0xC920,0xB8A0,0xB040,0xC920,0xC900,0xB8A0,0xB880,0xB880,0xD160,0xD1A0,
    0xC0E0,0xB000,0xB8A0,0xD160,0xD180,0xEAA0,0xC940,0xD140,0xE220,0xC940,0xD9A0,0xD9E0,
    0xB8A0,0xA820,0xC0C0,0xD1A0,0xD9C0,0xB040,0xB040,0xC0C0,0xD160,0xD9E0,0xD9C0,0xFB60,
    0xFB80,0xD9C0,0xC100,0xE220,0xC0C0,0xC8E0,0xE220,0xDA00,0xC0C0,0xC0C0,0xF2C0,0xF2C0,
    0xE240,0xEA60,0xB8A0,0xB040,0xB060,0xB040,0xB020,0xC100,0xC920,0xD140,0xD1A0,0xC920,
    0xC920,0xB880,0xC900,0xC900,0xFB81,0xE260,0xC0C0,0xC0C0,0xC0A0,0xC0E0,0xD1A0,0xD160,
    0xC900,0xD9C0,0xD180,0xC920,0xC900,0xC0A0,0xA800,0xB060,0xB8A0,0xB040,0xA000,0x9800,
    0x9000,0xA000,0xA000,0x9800,0x9800,0xB060,0xD160,0xB860,0xF340,0xF2E0,0xD180,0xC0E0,
    0xA000,0xA820,0xC0A0,0xD160,0xD9E0,0xC900,0xC0E0,0xC0E0,0xC0C0,0xE240,0xEAA0,0xC100,
    0xC0C0,0xC940,0xC100,0xB040,0x9800,0xB060,0xD9C0,0xD160,0xA800,0xB860,0xB880,0xA800,
    0xD9A0,0xF2E0,0xC0C0,0xA800,0xD9A0,0xC0E0,0xB040,0xA820,0xB860,0xA800,0xB040,0xA800,
    0xB880,0xF2E0,0xF340,0xB880,0xC900,0xC920,0xE240,0xFB00,0xB060,0x8800,0x9800,0xC940,
    0xD9E0,0xB860,0xD180,0xD9C0,0xD160,0xFB80,0xD9E0,0xD9E0,0xB040,0xB880,0xD140,0xD9C0,
    0xD160,0xC0E0,0xD1A0,0xE240,0xEAA0,0xD9C0,0xD9A0,0xF2E0,0xD9A0,0xF2A0,0xEAA0,0xC920,
    0xD9E0,0xC940,0xE220,0xD160,0xB040,0xA800,0xA800,0xD180,0xD160,0x9800,0xB8C0,0xC920,
    0xA800,0xA000,0xC0C0,0xA820,0xB8A0,0xC0C0,0xD160,0xB8A0,0xC100,0xC0E0,0xB880,0xD9A0,
    0xE200,0xEA60,0xC940,0xD1A0,0xC920,0xE200,0xE200,0xD180,0xE240,0xD9C0,0xD160,0xD160,
    0xD160,0xD180,0xC0E0,0xC900,0xC0E0,0xEA60,0xC940,0xC0E0,0xC0E0,0xA800,0x9800,0xC0E0,
    0xFBC0,0xFC82,0xE280,0xE200,0xF320,0xF2E0,0xC920,0xB060,0xC0C0,0xB880,0xA800,0xA820,
    0xB060,0xD160,0xE200,0xA840,0xA000,0xB880,0xE220,0xF2C0,0xD9C0,0xD180,0xB860,0xC0E0,
    0xC100,0xC0E0,0xE240,0xE220,0xC0A0,0xD160,0xD9E0,0xD1A0,0xD1A0,0xB8A0,0xC940,0xE220,
    0xD1A0,0xC900,0xB860,0x9800,0xC940,0xFB60,0xEA80,0xE200,0xC940,0xC920,0xC100,0xC920,
    0xD180,0xC100,0xA000,0xB8A0,0xB060,0xC100,0xC940,0xD9A0,0xC0E0,0xA000,0xB040,0xB040,
    0xC0E0,0xC100,0xC920,0xC920,0xD180,0xC100,0xB880,0xA000,0xA000,0xB080,0xC0E0,0xA800,
    0xB040,0xC100,0xD160,0xD1A0,0xD1A0,0xC0C0,0xB880,0xD180,0xD160,0xE240,0xD160,0xB8A0,
    0xC940,0xEA80,0xD180,0xE220,0xE240,0xC0C0,0xA800,0xA800,0xC0E0,0xD9E0,0xC0C0,0xB8A0,
    0xC900,0xC920,0xE200,0xD9E0,0xC0A0,0xA800,0xA000,0xD1A0,0xC920,0xB060,0xA820,0xD160,
    0xC100,0xD180,0xB8A0,0xB8A0,0xEAA0,0xC100,0xA000,0xB060,0xC0C0,0xD9C0,0xD9E0,0xB8A0,
    0x9000,0x9000,0xB8A0,0xD9E0,0xC940,0xB880,0xC0C0,0xC0C0,0xC920,0xB880,0xC0C0,0xD9C0,
    0xC940,0xD1A0,0xC960,0xB060,0xB880,0xA800,0xB020,0xD180,0xD9E0,0xD160,0xC940,0xD1A0,
    0xB8A0,0xB8C0,0xD1A0,0xC0C0,0xB000,0xC900,0xC0C0,0xA000,0xC940,0xC0E0,0xB880,0xD9A0,
    0xD1A0,0xC100,0xA800,0xB040,0xB8A0,0xB040,0xD180,0xB880,0xB020,0xB8A0,0xC100,0xC920,
    0xD9A0,0xB8A0,0xB880,0xB8A0,0xB860,0xC0E0,0xB8A0,0xB040,0xA000,0xB8C0,0xC0E0,0xC0C0,
    0xC0C0,0xB860,0xC0C0,0xC940,0xE220,0xEA80,0xE220,0xD180,0xC900,0xD9C0,0xFB60,0xE220,
    0xC920,0xB860,0xD1A0,0xEA60,0xD9C0,0xC0E0,0xC0E0,0xD140,0xC900,0xD1A0,0xD1A0,0xEAA0,
    0xEA80,0xD9C0,0xC960,0xC0E0,0xB880,0xB8A0,0xB8A0,0xC0E0,0xB860,0xB880,0xB8A0,0xC0E0,
    0xC920,0xB040,0xB860,0xD9E0,0xC920,0xB860,0xD160,0xD9E0,0xE240,0xFB60,0xD180,0xB8A0,
    0xB040,0xC100,0xD180,0xB060,0xC0E0,0xE260,0xFC21,0xF2E0,0xD9E0,0xC0E0,0xC0C0,0xB860,
    0xA800,0xC960,0xEA80,0xD180,0xD9E0,0xEAA0,0xFB20,0xEA80,0xD160,0xC0E0,0xD9C0,0xC940,
    0xB880,0xB880,0xB020,0xA800,0xC0C0,0xC920,0xB880,0xA800,0xD140,0xC0E0,0xD9C0,0xE200,
    0xA820,0xB040,0xB040,0xA820,0xB020,0xB8A0,0xB8A0,0xB8A0,0xD9A0,0xB8A0,0xA000,0xA000,
    0xB040,0xC920,0xD160,0xC920,0xD1A0,0xC0E0,0xB860,0xC0E0,0xDA00,0xD160,0xD1A0,0xF2E0,
    0xC0E0,0xB040,0xD1A0,0xEA80,0xE220,0xC100,0xC900,0xF2E0,0xFB40,0xC920,0xC0C0,0xC900,
    0xC0C0,0xB860,0xC0A0,0xC0C0,0xB060,0xB880,0xD1A0,0xC940,0xB040,0xB880,0xB040,0xB060,
    0xD9E0,0xF2E0,0xD1A0,0xC0E0,0xC0C0,0xA820,0xC920,0xC0C0,0xB040,0xC0E0,0xB8A0,0xC940,
    0xE200,0xB860,0xC940,0xB880,0xD9A0,0xC940,0xC920,0xEA60,0xD9C0,0xB860,0xB860,0xD1A0,
    0xC940,0xC0C0,0xC920,0xD140,0xD180,0xC900,0xE240,0xFB20,0xE240,0xDA00,0xD160,0xC0E0,
    0xC0C0,0xB060,0xB060,0xB880,0xD160,0xD9A0,0xD180,0xD9C0,0xD180,0xB040,0xC920,0xD180,
    0xD9E0,0xD9C0,0xC940,0xC0C0,0xC0A0,0xC920,0xE200,0xD180,0xD160,0xD180,0xD180,0xE220,
    0xD180,0xB8A0,0xB8A0,0xC900,0xC0C0,0xB860,0xA800,0xA840,0xA820,0xB020,0x9000,0xA840,
    0xC0C0,0xA820,0xC0E0,0xC0C0,0xEAA0,0xDA00,0xC0C0,0xA800,0x9800,0xB860,0xC940,0xD9E0,
    0xEA60,0xD160,0xC940,0xD9C0,0xB8A0,0xC900,0xF2C0,0xDA00,0xC0E0,0xC0C0,0xB040,0xA800,
    0xA000,0xC0C0,0xE240,0xF300,0xC0C0,0xD1A0,0xC920,0xB040,0xC0C0,0xEAA0,0xD9C0,0xC920,
    0xD180,0xC960,0xA820,0xA000,0xC920,0xA820,0xA800,0xB040,0xE220,0xFBC0,0xFB40,0xB8A0,
    0xC940,0xE220,0xF2E0,0xF2C0,0xB0A0,0x9800,0xB040,0xC960,0xB040,0xA800,0xB8A0,0xC900,
    0xC920,0xE200,0xD9C0,0xC0C0,0xA800,0xA820,0xC100,0xD9E0,0xC900,0xC900,0xC920,0xDA00,
    0xD160,0xD9A0,0xC940,0xD9C0,0xB880,0xD9C0,0xF2E0,0xD9C0,0xD1A0,0xD9C0,0xE220,0xD160,
    0xB040,0x9800,0xA000,0xD9C0,0xD180,0xC0A0,0xD160,0xC0C0,0xB060,0xA000,0xB060,0xB060,
    0xD1A0,0xC900,0xB880,0xC0E0,0xB040,0xC920,0xB880,0xC0C0,0xD160,0xD9C0,0xD180,0xE260,
    0xC920,0xD180,0xC920,0xD1A0,0xC900,0xC0C0,0xC0C0,0xD180,0xD9E0,0xD180,0xA820,0xB040,
    0xC0C0,0xC940,0xB880,0xC100,0xC940,0xC0C0,0xB040,0xC0E0,0xFB60,0xEAA0,0xC920,0xD180,
    0xD180,0xD9E0,0xC0C0,0xD180,0xD9C0,0xB8A0,0xB840,0xB040,0xA000,0xB040,0xC0C0,0xB880,
    0xA800,0xB860,0xD9C0,0xE220,0xE200,0xD160,0xB040,0xC100,0xC920,0xC0C0,0xD180,0xE200,
    0xD9C0,0xB8A0,0xC900,0xC920,0xD9E0,0xD9C0,0xC900,0xC940,0xD180,0xD160,0xC0A0,0xA000,
    0xB8A0,0xD160,0xD140,0xB880,0xC0C0,0xD9A0,0xD160,0xB880,0xB880,0xD160,0xC0A0,0xB060,
    0xA820,0xB880,0xC940,0xD180,0xB8A0,0xA000,0xB020,0xA800,0xC0C0,0xB060,0xB040,0xD1A0,
    0xD9E0,0xC0E0,0xA820,0xA800,0xC0C0,0xB8A0,0xC0C0,0xB020,0xC920,0xD180,0xD9C0,0xD180,
    0xD140,0xA840,0x9800,0xA820,0xB880,0xD9E0,0xD180,0xB040,0xC0E0,0xE220,0xC100,0xC960,
    0xD9E0,0xC0E0,0xB040,0xA000,0xB060,0xD180,0xC940,0xC0C0,0xC100,0xC0C0,0xD180,0xC960,
    0xD9C0,0xC100,0xB080,0xB860,0xB040,0x9800,0xB080,0xE200,0xD9C0,0xE240,0xB880,0xC0E0,
    0xC0E0,0xA000,0x9800,0xC900,0xD9C0,0xEA60,0xD9C0,0xC900,0xB060,0xB060,0xC0E0,0xC940,
    0xD180,0xA020,0x9800,0xD160,0xB8A0,0xC920,0xB040,0xC920,0xB040,0xD1A0,0xE220,0xC900,
    0xB880,0x9800,0xB080,0xD9C0,0xD9E0,0xD160,0xD180,0xD180,0xB8A0,0xD9E0,0xEA60,0xE200,
    0xC0C0,0xC0E0,0xB040,0xA000,0xC0E0,0xC100,0xB020,0xDA00,0xE240,0xB8A0,0xB020,0xB8A0,
    0xD180,0xC920,0xD160,0xC0E0,0xC920,0xD1A0,0xC940,0xD180,0xE240,0xD160,0xC940,0xC940,
    0xB880,0xC0C0,0xC940,0xB8A0,0xA000,0xB040,0xC0E0,0xC940,0xC900,0xB8A0,0xC0C0,0xD9C0,
    0xFB20,0xEA80,0xE200,0xD9A0,0xD1A0,0xE240,0xFB80,0xF300,0xC0E0,0xC100,0xEA60,0xE220,
    0xD160,0xC920,0xB880,0xC0A0,0xC100,0xD180,0xD1A0,0xD1A0,0xDA00,0xD180,0xC900,0xC100,
    0xC0E0,0xC100,0xC100,0xC100,0xC0E0,0xD160,0xC940,0xC940,0xC920,0xB040,0xB8A0,0xD9C0,
    0xB8A0,0xB040,0xC900,0xD1A0,0xEAE0,0xFBE1,0xE220,0xD180,0xC900,0xD9C0,0xE200,0xC0C0,
    0xD160,0xEA80,0xFB81,0xE200,0xD180,0xC920,0xB020,0xA820,0xA800,0xB060,0xC0E0,0xD9C0,
    0xDA00,0xD180,0xEAA0,0xE260,0xC940,0xC940,0xD180,0xD9E0,0xD180,0xC0C0,0xB040,0xB040,
    0xB040,0xB880,0xC0C0,0xB8A0,0xD9A0,0xD160,0xE240,0xD9C0,0xB020,0xB860,0xB020,0xB880,
    0xC0C0,0xC940,0xD1A0,0xD160,0xEA80,0xB880,0xA800,0xA820,0xB8A0,0xE200,0xC0E0,0xC940,
    0xF2C0,0xB8A0,0xA820,0xC940,0xC0E0,0xC0C0,0xD1A0,0xFB60,0xEA60,0xC920,0xD9C0,0xDA00,
    0xD9E0,0xC100,0xE240,0xD9C0,0xEAA0,0xD9C0,0xB8A0,0xC0C0,0xB8A0,0xB860,0xC0C0,0xD9E0,
    0xD160,0xD9C0,0xD9C0,0xC100,0xB880,0xC920,0xB880,0xA800,0xC0C0,0xC0C0,0xC920,0xC0E0,
    0xB860,0xA000,0xB040,0xA820,0xB880,0xD180,0xB880,0xB060,0xD9E0,0xD180,0xD9C0,0xC940,
    0xEA60,0xC900,0xD180,0xD9C0,0xB880,0xB860,0xB860,0xC0C0,0xD180,0xD9C0,0xC900,0xB860,
    0xD160,0xC900,0xC900,0xD9A0,0xD1A0,0xD180,0xD1A0,0xC100,0xB860,0xC0C0,0xD180,0xB880,
    0xC940,0xFB40,0xE220,0xC940,0xB880,0xB880,0xD9C0,0xD9A0,0xC0C0,0xD1A0,0xD180,0xB880,
    0xC0C0,0xC960,0xC940,0xC100,0xD9E0,0xE240,0xC100,0xC940,0xC920,0xC900,0xC960,0xD9C0,
    0xD9E0,0xC920,0xB880,0xC0A0,0xB880,0xA820,0xA040,0xC920,0xC900,0xA000,0xB8A0,0xB880,
    0xC100,0xB060,0xA800,0xA000,0xB880,0xC920,0xD180,0xD1A0,0xF2C0,0xD9C0,0xD160,0xD9E0,
    0xB060,0xB040,0xE220,0xF2C0,0xD160,0xC900,0xB8A0,0xA000,0xA820,0xB060,0xE200,0xF2C0,
    0xE240,0xEA60,0xD9E0,0xC0A0,0xA000,0xB8A0,0xD160,0xD180,0xEAA0,0xEA60,0xA800,0xA820,
    0xD160,0xA820,0x9000,0xB8A0,0xFB60,0xFC01,0xEAE0,0xD180,0xD1A0,0xE240,0xE200,0xD160,
    0xB080,0xA000,0xA800,0xC0C0,0xE200,0xD9C0,0xB8A0,0xC940,0xB880,0xB8A0,0xC940,0xB880,
    0xB060,0xA000,0xB880,0xC100,0xB8A0,0xB020,0xC100,0xD160,0xC940,0xD9C0,0xE200,0xC0E0,
    0xB020,0xE220,0xEA60,0xB020,0xC100,0xEA80,0xC920,0xB860,0xA820,0x9000,0xA840,0xC920,
    0xD9E0,0xD9C0,0xD9C0,0xC0C0,0xB060,0xC0E0,0xA820,0xB8A0,0xD1A0,0xC920,0xC0E0,0xD160,
    0xA820,0xD160,0xC100,0xA000,0xC0C0,0xD180,0xD9E0,0xE240,0xD9C0,0xEA60,0xC100,0xD9C0,
    0xB8C0,0xA000,0xB040,0xC960,0xC960,0xD180,0xC0E0,0xB060,0xD160,0xD9E0,0xC0C0,0xC900,
    0xB880,0xC0E0,0xC900,0xB880,0xE220,0xD160,0xD160,0xE220,0xC0E0,0xC900,0xE240,0xE220,
    0xE240,0xC0C0,0xB040,0xC0C0,0xB020,0xB8A0,0xB880,0xC0A0,0xB860,0xC0C0,0xC100,0xB040,
    0xC0C0,0xD180,0xD180,0xD160,0xC940,0xB040,0xB060,0xE200,0xC920,0xA800,0xB040,0xD160,
    0xD9E0,0xD160,0xC0C0,0xB020,0xC900,0xEA60,0xD9C0,0xB880,0xB060,0xA820,0xB8A0,0xB8A0,
    0xB040,0xC940,0xE220,0xC0E0,0xB040,0xE200,0xD1A0,0xB040,0xB040,0xA800,0xD160,0xC940,
    0xB060,0xA800,0xB860,0xB880,0xB020,0xB880,0xC920,0xE220,0xE220,0xD160,0xA820,0xB060,
    0xE220,0xD9C0,0xC940,0xC0C0,0xB8A0,0xD180,0xD9C0,0xC940,0xD160,0xB880,0x9000,0xA860,
    0xB880,0xD180,0xC0E0,0xB860,0xC0E0,0xD9C0,0xD1A0,0xD9A0,0xD160,0xC920,0xD180,0xB8C0,
    0xC0C0,0xD9E0,0xE200,0xC900,0xE220,0xC920,0xD9A0,0xC100,0xEAE0,0xC920,0xC0E0,0xA840,
    0xB060,0x9800,0xA820,0xD160,0xF2A0,0xDA00,0xC900,0xD9E0,0xEA80,0xA820,0xA000,0xC920,
    0xF2C0,0xE260,0xC0C0,0xA000,0xC0C0,0xC0A0,0xB040,0xB880,0xC0E0,0xA840,0x9800,0xC920,
    0xB040,0xB8A0,0xC0C0,0xD160,0xC0E0,0xC920,0xE220,0xD180,0xB860,0xA000,0xB8C0,0xD9E0,
    0xD1A0,0xD9C0,0xD9C0,0xC960,0xC920,0xF2E0,0xE240,0xEAA0,0xD9A0,0xC0E0,0xC0A0,0xB880,
    0xC0C0,0xB060,0xB0A0,0xEA80,0xE220,0xD180,0xD180,0xD9A0,0xF2C0,0xE260,0xD9C0,0xD9C0,
    0xD9E0,0xD160,0xC900,0xC920,0xC900,0xC0E0,0xC100,0xDA00,0xC960,0xC100,0xD180,0xC0C0,
    0xB040,0xB040,0xB860,0xC940,0xD160,0xC0C0,0xC940,0xE200,0xFB00,0xE240,0xD9E0,0xD9C0,
    0xD9C0,0xF2E0,0xFB20,0xE220,0xB8A0,0xC0E0,0xD140,0xC920,0xC900,0xD160,0xC0E0,0xC0E0,
    0xC940,0xC900,0xC920,0xB8A0,0xC0E0,0xD160,0xD1A0,0xD160,0xD160,0xD180,0xC900,0xC940,
    0xD180,0xD9C0,0xD160,0xD180,0xC0C0,0xB880,0xC920,0xE200,0xC0E0,0xC0C0,0xC0C0,0xC900,
    0xEA80,0xEAC0,0xC940,0xD160,0xD180,0xE220,0xE200,0xC100,0xC920,0xE240,0xE220,0xB8A0,
    0xC0E0,0xC940,0xA000,0xC0C0,0xB860,0xC0A0,0xB020,0xB860,0xB8A0,0xB020,0xC100,0xEA40,
    0xE220,0xE240,0xD9C0,0xD9C0,0xD9C0,0xC0C0,0xB060,0xA800,0xB020,0xB8A0,0xD180,0xE240,
    0xEA80,0xDA00,0xE200,0xD1A0,0xA820,0xA000,0xB040,0xC900,0xD1A0,0xC100,0xC0E0,0xF300,
    0xEAA0,0xB860,0xB040,0xC0C0,0xE220,0xF2C0,0xC0E0,0xB060,0xD160,0xB8A0,0xB020,0xA800,
    0xB060,0xC0E0,0xC0C0,0xE260,0xE240,0xD9C0,0xEA60,0xE240,0xD1A0,0xC940,0xDA00,0xC940,
    0xDA00,0xEAA0,0xD160,0xC900,0xB8A0,0xB040,0xC100,0xE220,0xC920,0xC920,0xD9A0,0xD180,
    0xD180,0xC960,0xB040,0xB020,0xB880,0xB020,0xC940,0xD9A0,0xB060,0xA000,0xB040,0xA820,
    0xA820,0xC0C0,0xB060,0xB040,0xC0C0,0xD180,0xE200,0xD180,0xD9C0,0xC0C0,0xD180,0xC940,
    0xB020,0xB880,0xB860,0xB880,0xEA80,0xE240,0xD180,0xC0E0,0xC920,0xC900,0xC0E0,0xC0A0,
    0xC0C0,0xC0C0,0xD180,0xC920,0xA820,0xB040,0xD9A0,0xB8A0,0xD180,0xF2C0,0xD9C0,0xC920,
    0xC0C0,0xB8C0,0xD1A0,0xD1A0,0xC0E0,0xD1A0,0xC920,0xC0E0,0xD180,0xD1A0,0xC900,0xC900,
    0xD9C0,0xD160,0xC0A0,0xB8A0,0xC940,0xC920,0xC920,0xE220,0xE220,0xD160,0xC900,0xA000,
    0xA820,0xB020,0xB860,0xC960,0xB880,0xB020,0xC0E0,0xC0E0,0xC0C0,0xB860,0xB880,0xA000,
    0xB060,0xC920,0xD180,0xD1A0,0xEAA0,0xEA60,0xE260,0xEA60,0xB8A0,0xC100,0xC900,0xC900,
    0xD160,0xE200,0xB880,0xA820,0xB880,0xA000,0xC920,0xF2C0,0xF2C0,0xEA60,0xD1A0,0xC0E0,
    0xA000,0xA820,0xC920,0xD180,0xEA80,0xFB20,0xB8C0,0xA000,0xC900,0xB080,0x9800,0xA820,
    0xE240,0xEAA0,0xE240,0xE200,0xD180,0xC900,0xC900,0xC940,0xB020,0xA800,0xB040,0xD180,
    0xFB40,0xEAA0,0xD180,0xD180,0xB8A0,0xC0C0,0xC940,0xD180,0xC940,0xB040,0xA800,0xB8A0,
    0xB880,0xA800,0xC920,0xD9E0,0xD180,0xF300,0xFB40,0xD180,0xD9C0,0xF2E0,0xD9E0,0xB060,
    0xD160,0xEA40,0xC900,0xB040,0xA820,0x9800,0xA820,0xB860,0xC920,0xD9A0,0xC900,0xD160,
    0xB060,0xC920,0xB040,0xA820,0xC100,0xC940,0xD180,0xC0C0,0xA820,0xC920,0xC920,0xB8A0,
    0xD160,0xD9C0,0xC900,0xC920,0xE240,0xE240,0xD180,0xC0C0,0xB040,0xA000,0xC960,0xD160,
    0xD180,0xDA00,0xE220,0xD160,0xD9C0,0xE220,0xC0E0,0xC940,0xC920,0xC100,0xC940,0xD1A0,
    0xEA40,0xD160,0xE260,0xE240,0xD160,0xC900,0xC940,0xD9C0,0xF2C0,0xD9E0,0xC0C0,0xD180,
    0xD9E0,0xD1A0,0xD9C0,0xD180,0xE220,0xC920,0xC100,0xB860,0xB860,0xC0E0,0xD9C0,0xD9C0,
    0xC900,0x9800,0xB080,0xD9C0,0xC0E0,0xB060,0xC100,0xD9A0,0xD9A0,0xB880,0xA800,0xB040,
    0xC920,0xE260,0xE220,0xC0E0,0xC0C0,0xB020,0xC920,0xB8C0,0xA000,0xD9C0,0xEA80,0xC0E0,
    0xD180,0xEA80,0xC900,0xA820,0xB040,0xC0C0,0xD160,0xD160,0xA820,0xB880,0xD9A0,0xC0E0,
    0xC0C0,0xD9C0,0xD1A0,0xE200,0xEA40,0xD180,0x9800,0xA820,0xC920,0xE240,0xEA80,0xD9E0,
    0xD9C0,0xE240,0xEA60,0xD160,0xC0E0,0xD140,0xA820,0xC0E0,0xD9E0,0xC940,0xC0A0,0xC100,
    0xB880,0xC900,0xC940,0xD160,0xC940,0xA800,0xC0E0,0xC0E0,0xD180,0xFB20,0xEA60,0xC0E0,
    0xB8A0,0xC0C0,0xD160,0xC100,0xEA60,0xB040,0xB040,0xA820,0xB040,0xC0A0,0xB040,0xC0C0,
    0xE240,0xC0E0,0xD9C0,0xE200,0xEA60,0xD9C0,0xB860,0xC0E0,0xF300,0xD9C0,0xA000,0x9000,
    0xA800,0x9800,0x9000,0xA800,0xB880,0xC0E0,0xB8A0,0xD160,0xC900,0xA800,0xB880,0xC940,
    0xC900,0xC960,0xD9A0,0xC920,0xB040,0xA800,0xB880,0xD9A0,0xD160,0xD9C0,0xE220,0xD180,
    0xD9C0,0xEA80,0xC920,0xD160,0xC920,0xB880,0xB8A0,0xC920,0xB060,0xB040,0xC0E0,0xEA60,
    0xE200,0xEA60,0xE240,0xDA00,0xEAA0,0xD9E0,0xD160,0xEA60,0xD9E0,0xC0E0,0xC0E0,0xC900,
    0xB060,0xB8A0,0xC0E0,0xC0E0,0xD160,0xD180,0xD160,0xB8A0,0xB880,0xC0E0,0xC900,0xC900,
    0xC0E0,0xC0E0,0xEA60,0xF2A0,0xEA80,0xE240,0xEA80,0xEAA0,0xF2A0,0xFB60,0xF2C0,0xC920,
    0xB8A0,0xC0E0,0xC0E0,0xC0C0,0xC900,0xC900,0xC940,0xC940,0xD9E0,0xC920,0xC0E0,0xC0C0,
    0xC920,0xD160,0xD9E0,0xD9A0,0xC940,0xD180,0xC940,0xD9E0,0xE240,0xE200,0xE220,0xD9C0,
    0xB880,0xD9C0,0xEA80,0xF2A0,0xC0E0,0xC0A0,0xB8A0,0xD1E0,0xD180,0xC920,0xB860,0xC0A0,
    0xC900,0xD9E0,0xE240,0xC920,0xC0C0,0xE240,0xE220,0xC0C0,0xC920,0xC920,0xB040,0xC940,
    0xC940,0xB860,0x9800,0xA840,0xB860,0xA000,0xB8A0,0xE240,0xF2E0,0xE200,0xD160,0xC900,
    0xD140,0xA820,0x9800,0xA000,0xB860,0xC960,0xD9E0,0xEAA0,0xE200,0xE200,0xD180,0xC0E0,
    0xA800,0x9800,0xA000,0xB8A0,0xDA00,0xDA00,0xC0A0,0xEB01,0xFBA1,0xD160,0xC940,0xD9C0,
    0xEAA0,0xF2E0,0xB8A0,0x9800,0xA800,0xD160,0xC940,0xB860,0xC0E0,0xD160,0xC940,0xD9E0,
    0xC940,0xD9E0,0xFBC0,0xFB60,0xFB00,0xC920,0xC940,0xC0C0,0xC960,0xF2C0,0xD9E0,0xC920,
    0xC920,0xC0C0,0xC920,0xEA40,0xC0C0,0xA800,0xB8C0,0xB880,0xC900,0xD180,0xC900,0xC0E0,
    0xB860,0xB020,0xC920,0xF2C0,0xB080,0xA800,0xB040,0xB040,0xB8A0,0xD160,0xB840,0xC920,
    0xB880,0xC0E0,0xE220,0xD9C0,0xC920,0xC0C0,0xD9C0,0xDA00,0xC0E0,0xB8A0,0xA820,0xB8A0,
    0xE240,0xEA40,0xD9E0,0xC0E0,0xC940,0xD9C0,0xC0E0,0xC900,0xB880,0xB020,0xD160,0xD9C0,
    0xC0C0,0xA800,0xC100,0xC920,0xC0C0,0xC920,0xD180,0xD160,0xB880,0xC0E0,0xDA00,0xC920,
    0xC100,0xC940,0xC920,0xD1A0,0xE240,0xC940,0xB880,0xC0C0,0xC900,0xB880,0xC920,0xD1A0,
    0xD1A0,0xC940,0xD9A0,0xDA00,0xDA00,0xC940,0xB040,0x9800,0x9800,0xB880,0xB020,0xA800,
    0xA800,0xA820,0xC0C0,0xC900,0xB8A0,0xA800,0xB8A0,0xA820,0xA800,0xC920,0xD9C0,0xD9C0,
    0xD9E0,0xE220,0xEA80,0xE200,0xC940,0xD9C0,0xC0C0,0xC920,0xC920,0xEA60,0xD1A0,0xB880,
    0xA800,0xA800,0xD160,0xEA60,0xD9E0,0xC920,0xB020,0xB8A0,0xA020,0xB8C0,0xC920,0xE220,
    0xF2C0,0xEA80,0xC940,0xB040,0xB880,0xC940,0xB880,0xA800,0xB040,0xD1A0,0xE200,0xE240,
    0xD180,0xC920,0xD160,0xC920,0xA820,0xB040,0xC940,0xE200,0xD180,0xD180,0xC920,0xB880,
    0xC0C0,0xC940,0xE240,0xEAA0,0xE240,0xC0E0,0xA800,0xC0C0,0xB880,0xB040,0xC920,0xD160,
    0xE220,0xFB40,0xE240,0xEA80,0xFB60,0xE240,0xC100,0xC0E0,0xB8A0,0xC960,0xD9E0,0xC900,
    0xB020,0xA800,0xA000,0xB860,0xB8A0,0xA020,0xB060,0xC0C0,0xA000,0xB080,0xB880,0x9800,
    0xB060,0xD9E0,0xD9E0,0xA820,0xC920,0xD180,0xC0E0,0xD140,0xD9E0,0xC100,0xC900,0xC920,
    0xD1A0,0xD1A0,0xC0C0,0xB860,0xB040,0xB060,0xE220,0xEA80,0xEAA0,0xEA80,0xF2A0,0xE200,
    0xC920,0xC940,0xB860,0xC920,0xC0E0,0xD1A0,0xE220,0xEAA0,0xE240,0xD1A0,0xF2C0,0xD9E0,
    0xD9E0,0xD9A0,0xB860,0xD9E0,0xF2E0,0xD160,0xB8A0,0xD180,0xE240,0xD9C0,0xE240,0xDA00,
    0xF2A0,0xC920,0xC900,0xC0E0,0xB040,0xB020,0xD180,0xE200,0xD160,0xA820,0xA840,0xC0E0,
    0xC940,0xD140,0xD180,0xD180,0xC0C0,0xB040,0xB040,0xB8A0,0xC900,0xD9C0,0xD9E0,0xB860,
    0xC900,0xC100,0xC920,0xB8A0,0x9800,0xD160,0xE220,0xC940,0xC100,0xC900,0xC0C0,0xA820,
    0xA820,0xC920,0xC940,0xC900,0xA800,0xA800,0xD1A0,0xC940,0xC940,0xD9C0,0xC0E0,0xD1A0,
    0xD160,0xD160,0xB040,0xA820,0xB040,0xC100,0xE220,0xC940,0xD180,0xD1A0,0xE240,0xD1A0,
    0xA820,0xD160,0xC920,0xC0C0,0xD9C0,0xC940,0xD9C0,0xE220,0xC960,0xD160,0xC920,0xA800,
    0xC900,0xB8A0,0xA800,0xB060,0xC900,0xD160,0xD180,0xC0E0,0xB8A0,0xD9E0,0xE220,0xC940,
    0xD9E0,0xC900,0xB040,0xA800,0xA820,0xB060,0xA840,0xC0E0,0xC940,0xC0C0,0xEA80,0xEA60,
    0xD9E0,0xD9E0,0xB8A0,0xB040,0xD9E0,0xC0E0,0xA000,0xA820,0xB8A0,0x9800,0xA840,0xB880,
    0xB860,0xD160,0xC940,0xD180,0xC900,0xB880,0xC940,0xD160,0xD160,0xD9C0,0xE200,0xE220,
    0xC0E0,0xB040,0xC0E0,0xD9C0,0xD1A0,0xE220,0xFB80,0xD180,0xC0E0,0xC960,0xB880,0xB8A0,
    0xB040,0xB8A0,0xC920,0xD160,0xA820,0xA000,0xB860,0xE240,0xF300,0xF2A0,0xF2C0,0xD180,
    0xD1A0,0xD160,0xA820,0xD180,0xEAA0,0xC0C0,0xC100,0xD180,0xB8A0,0xC920,0xD180,0xC0A0,
    0xD160,0xC940,0xD9C0,0xC920,0xC0E0,0xE220,0xE240,0xD1A0,0xC0E0,0xD160,0xEA80,0xFB20,
    0xF2E0,0xEA60,0xFB20,0xFB20,0xFB80,0xFB40,0xE200,0xC920,0xC920,0xD9C0,0xD160,0xC940,
    0xD160,0xC940,0xD180,0xD1A0,0xD180,0xC920,0xC900,0xC920,0xD160,0xD9A0,0xD9E0,0xE220,
    0xD160,0xD160,0xD180,0xE240,0xFB20,0xEA60,0xEA80,0xD9C0,0xB860,0xD9E0,0xEAA0,0xD140,
    0xC0C0,0xB880,0xB040,0xC940,0xD180,0xB880,0xD9A0,0xC900,0xB8A0,0xD9C0,0xE220,0xE240,
    0xC0E0,0xC920,0xD9C0,0xC940,0xC960,0xD160,0xC920,0xD9E0,0xD9E0,0xA820,0x9000,0xB060,
    0xC0C0,0x9800,0xB020,0xE220,0xEA80,0xC900,0xC100,0xA820,0xA000,0xA000,0xA000,0xA000,
    0xA800,0xC900,0xD180,0xDA00,0xC940,0xD160,0xC100,0xB040,0xB860,0xC0C0,0xA820,0xB880,
    0xEAE1,0xF342,0xD160,0xD9C0,0xD9E0,0xD180,0xEA60,0xE220,0xD9E0,0xEA60,0xB8C0,0xA000,
    0xB8A0,0xD9C0,0xD9E0,0xC0A0,0xC0A0,0xB860,0xE200,0xF2E0,0xD160,0xC100,0xF2E0,0xE240,
    0xD9E0,0xC920,0xB8A0,0xC0C0,0xC0E0,0xD9C0,0xD9C0,0xC900,0xC900,0xC0E0,0xB880,0xC0E0,
    0xC100,0xC0C0,0xC900,0xC0C0,0xC0E0,0xD180,0xEA60,0xEA80,0xC0C0,0xB060,0xD180,0xEAA0,
    0xB060,0xC920,0xD180,0xA800,0xC900,0xC900,0xB860,0xE220,0xE220,0xF2A0,0xEAA0,0xE200,
    0xE240,0xD9A0,0xD160,0xC900,0xC100,0xB8A0,0xA800,0xB860,0xD9C0,0xF2A0,0xEA60,0xE220,
    0xF2E0,0xF2E0,0xC940,0xC0E0,0xC920,0xB020,0xE240,0xFB80,0xD160,0xB020,0xB8A0,0xD9E0,
    0xD180,0xD160,0xFBA1,0xE260,0xB860,0xE220,0xFB40,0xC920,0xC900,0xD160,0xD180,0xEA80,
    0xF300,0xD9C0,0xEA40,0xD180,0xC0E0,0xC0E0,0xC940,0xEA60,0xEA60,0xC920,0xC0C0,0xC900,
    0xD180,0xC920,0xB040,0xA840,0xB8A0,0xC0C0,0xA820,0xB880,0xB040,0xB040,0xC940,0xC0C0,
    0xB020,0xB8A0,0xC900,0xA820,0xB040,0xD180,0xF2C0,0xE220,0xC920,0xC940,0xC940,0xC920,
    0xD160,0xE220,0xD160,0xD9C0,0xC920,0xD180,0xD9E0,0xC0C0,0xB040,0xA800,0xC920,0xD9C0,
    0xEA80,0xC940,0xB8A0,0xD180,0xC0E0,0xC900,0xC900,0xD160,0xD9C0,0xC0E0,0xD160,0xC900,
    0xB880,0xD180,0xD9E0,0xB8A0,0xB040,0xC0C0,0xC900,0xE200,0xE200,0xC920,0xE200,0xD180,
    0xB020,0xC940,0xE220,0xD9A0,0xC0C0,0xA800,0xC920,0xD180,0xC100,0xD160,0xEAA0,0xEA80,
    0xE220,0xB880,0xB8A0,0xC940,0xB860,0xA800,0xC940,0xE200,0xF300,0xEAA0,0xD980,0xFB80,
    0xF2A0,0xC920,0xB880,0xC100,0xB040,0xC900,0xC920,0xB040,0xB8C0,0xB060,0xA800,0xA800,
    0xA000,0x9800,0xB8A0,0xB060,0x9800,0xB040,0xB060,0xA800,0xC0C0,0xEAC0,0xE260,0xB040,
    0xD160,0xC0E0,0xC0E0,0xC0C0,0xC940,0xC0E0,0xC900,0xD1A0,0xC900,0xC0E0,0xC0C0,0xB880,
    0xC0E0,0xD160,0xEA80,0xEA80,0xE240,0xEA40,0xEA80,0xFB60,0xD9E0,0xC0C0,0xA000,0xA800,
    0xC900,0xD180,0xC940,0xC940,0xE220,0xD9E0,0xC0C0,0xB040,0xD9C0,0xD9A0,0xD160,0xD180,
    0xD9E0,0xB8A0,0xC0E0,0xC940,0xD140,0xD180,0xE220,0xD180,0xD9C0,0xC0E0,0xC0E0,0xB880,
    0xA820,0xA800,0xD160,0xF320,0xD9C0,0xC900,0xB8A0,0xC100,0xD1A0,0xD9C0,0xC920,0xB8A0,
    0xA800,0xB020,0xB860,0xC100,0xC920,0xC900,0xC940,0xB860,0xC0E0,0xC920,0xB880,0xA820,
    0xC0A0,0xC920,0xD1A0,0xE220,0xC0C0,0xB880,0xD9A0,0xA820,0xA800,0xC900,0xD160,0xB8A0,
    0xB040,0xB040,0xB8A0,0xC100,0xB060,0xB040,0xB8A0,0xD160,0xC900,0xD1A0,0xB8A0,0xB060,
    0xB040,0xB020,0xD180,0xC0A0,0xB860,0xC0C0,0xD9C0,0xC940,0xC0C0,0xD9A0,0xE200,0xC920,
    0xD1A0,0xDA00,0xD9E0,0xEA80,0xD9E0,0xD1A0,0xD9A0,0xB060,0xB040,0xB880,0xB020,0xC0E0,
    0xD180,0xB8A0,0xB8A0,0xD180,0xE240,0xE220,0xD9E0,0xC0E0,0xD9C0,0xE200,0xD9E0,0xC900,
    0xC0E0,0xB860,0xA000,0xC0C0,0xA820,0xB8C0,0xFB20,0xE220,0xD180,0xC0C0,0xB040,0xC0C0,
    0xE220,0xC940,0xA000,0xC0C0,0xD180,0xA820,0xD160,0xD180,0xC0C0,0xC0E0,0xD180,0xD9C0,
    0xC900,0xE220,0xF2E0,0xDA00,0xE220,0xE1E0,0xD160,0xD9E0,0xB880,0xC100,0xE220,0xE220,
    0xD160,0xEAA0,0xFBA0,0xE220,0xD160,0xC0E0,0xB040,0xB020,0xC0E0,0xD160,0xD160,0xB8A0,
    0xB020,0xA000,0xA000,0xC920,0xEA80,0xE200,0xD9C0,0xC0E0,0xC900,0xC900,0xA820,0xB040,
    0xD9A0,0xC100,0xC940,0xD9C0,0xB8A0,0xC0E0,0xC920,0xC900,0xC920,0xC0E0,0xD9E0,0xD9E0,
    0xC940,0xE200,0xEAA0,0xE220,0xD9C0,0xEA60,0xEAA0,0xF2C0,0xFB00,0xF2E0,0xFB60,0xFB60,
    0xFB20,0xFB40,0xE220,0xD160,0xD1A0,0xDA00,0xD9E0,0xE240,0xE220,0xD180,0xD160,0xD180,
    0xD180,0xD160,0xC940,0xD1A0,0xD9E0,0xD9E0,0xE200,0xEAA0,0xEA80,0xE200,0xD9C0,0xE240,
    0xF2E0,0xFB60,0xFB20,0xD1A0,0xB880,0xC940,0xD160,0xB880,0xB880,0xB8A0,0xB880,0xE240,
    0xC100,0xB880,0xD160,0xB8C0,0xC0C0,0xC0E0,0xD9C0,0xF2C0,0xE220,0xD180,0xC920,0xD180,
    0xD9E0,0xE200,0xDA00,0xEA60,0xE220,0xA840,0x9000,0xB8A0,0xB8A0,0xA840,0xB8A0,0xD9A0,
    0xD160,0xA800,0xB8A0,0x9800,0xA000,0xA800,0xB020,0xB8A0,0xD160,0xC0E0,0xB860,0xC940,
    0xD160,0xC940,0xB880,0xA020,0xA020,0xC0A0,0xB8A0,0xC0C0,0xEA60,0xFB20,0xD9E0,0xC940,
    0xA800,0xC0E0,0xEA60,0xD180,0xC0C0,0xD180,0xC920,0xB020,0xC900,0xD9C0,0xC100,0xB880,
    0xD160,0xA800,0xD180,0xE220,0xDA00,0xD9A0,0xE200,0xDA00,0xC920,0xB880,0xB040,0xA820,
    0xB040,0xC0C0,0xD180,0xC0C0,0xB8A0,0xB040,0xB880,0xB060,0xC0E0,0xC0E0,0xB880,0xB880,
    0xC8E0,0xE220,0xEA80,0xE220,0xC100,0xB880,0xEA80,0xEA80,0xB8A0,0xFB00,0xEA80,0xC0C0,
    0xC100,0xC0C0,0xB040,0xD9C0,0xEA80,0xF2C0,0xD9C0,0xC940,0xD180,0xC100,0xC0C0,0xB880,
    0xB860,0xB020,0xB060,0xC920,0xD9E0,0xF300,0xFB40,0xFB00,0xFBA0,0xFBE0,0xE200,0xB880,
    0xC900,0xC0C0,0xD9E0,0xFB20,0xDA00,0xC900,0xC0E0,0xD1A0,0xE240,0xE220,0xEAC0,0xEAA0,
    0xC0E0,0xD9C0,0xFB60,0xD1A0,0xC920,0xD1A0,0xD180,0xF300,0xFB60,0xEA80,0xEA60,0xD1A0,
    0xD9C0,0xD9E0,0xD180,0xD1A0,0xD180,0xC0C0,0xB860,0xC0C0,0xC0C0,0xB880,0xC0A0,0xB860,
    0xB040,0xA820,0xA820,0xD160,0xB860,0xB8C0,0xEA60,0xB880,0xB040,0xD9C0,0xC100,0xA000,
    0xB060,0xC940,0xE200,0xD9C0,0xC0C0,0xC100,0xB8A0,0xB040,0xC920,0xEA60,0xD9C0,0xD160,
    0xC940,0xC0E0,0xD180,0xC920,0xB880,0xB020,0xC920,0xC940,0xEA60,0xF2E0,0xEA40,0xE240,
    0xE220,0xD1A0,0xD180,0xB880,0xB8A0,0xB040,0xB880,0xB040,0xA800,0xC0C0,0xC940,0xC920,
    0xC940,0xC920,0xC900,0xC920,0xD180,0xB860,0xDA00,0xE200,0xD140,0xD9A0,0xEA60,0xC100,
    0xC100,0xD1A0,0xE240,0xF2A0,0xD180,0xD140,0xF2E0,0xFB20,0xD9E0,0xD9A0,0xE1E0,0xC100,
    0xB860,0xB040,0xE220,0xEA80,0xF360,0xEAA0,0xC0C0,0xE240,0xF300,0xD180,0xC0C0,0xC920,
    0xB060,0xB040,0xA000,0x9800,0xC0C0,0xC0C0,0xA820,0xA800,0xA000,0xB000,0xC900,0xD140,
    0x9800,0x9800,0xC0C0,0xC0A0,0xC920,0xEA60,0xD9C0,0xC100,0xC0E0,0xB880,0xC900,0xC0C0,
    0xC0E0,0xC100,0xC0A0,0xE220,0xE200,0xC940,0xE200,0xD160,0xD9A0,0xFBA1,0xFB61,0xE200,
    0xE220,0xD1A0,0xD180,0xD1A0,0xC900,0xB040,0xA840,0xB040,0xD140,0xC920,0xC940,0xC920,
    0xC940,0xD9A0,0xB880,0xC940,0xD160,0xD160,0xC900,0xB860,0xA800,0xC940,0xD180,0xC0E0,
    0xD160,0xE200,0xD9E0,0xC0E0,0xC0C0,0xB860,0xB8A0,0xB860,0xB060,0xB020,0xC100,0xF300,
    0xE220,0xC0E0,0xA820,0xC100,0xE200,0xE240,0xC0A0,0xA800,0xB040,0xC0C0,0xB8A0,0xC0A0,
    0xC0C0,0xB040,0xB8A0,0xB060,0xC900,0xC960,0xB8A0,0xC0A0,0xC0E0,0xA820,0xC900,0xC960,
    0xE200,0xC900,0xC0E0,0xB040,0xB020,0xE200,0xEA80,0xA800,0xB880,0xD180,0xC0E0,0xC0C0,
    0xB040,0xB880,0xC920,0xEA60,0xD9C0,0xD9A0,0xB8A0,0xB880,0xA820,0xB060,0xB8C0,0xC0C0,
    0xC0C0,0xD180,0xD1A0,0xB880,0xC0E0,0xE220,0xEA80,0xD1A0,0xD1A0,0xD1A0,0xC940,0xD9C0,
    0xC940,0xB860,0xD180,0xB860,0xA800,0xA800,0xB060,0xD1A0,0xD1A0,0xC0E0,0xB020,0xC900,
    0xD160,0xE220,0xF320,0xD180,0xE200,0xD140,0xD9E0,0xE220,0xD180,0xD160,0xA840,0xB880,
    0xA000,0xA020,0xC900,0xC100,0xC0C0,0xC920,0xB860,0xC0E0,0xD180,0xC0C0,0xB040,0xC0E0,
    0xD9E0,0xC900,0xD1A0,0xD160,0xB8A0,0xC920,0xD180,0xD9E0,0xD180,0xEA60,0xE220,0xD9E0,
    0xDA00,0xD180,0xB860,0xD9A0,0xB060,0xC0C0,0xD9A0,0xD1A0,0xD140,0xEA80,0xE200,0xF2C0,
    0xD160,0xC900,0xB860,0xB040,0xD1A0,0xD180,0xC0C0,0xA000,0xB040,0xB860,0x9800,0xA800,
    0xC0C0,0xD9E0,0xD140,0xC920,0xD9E0,0xD9C0,0xC0C0,0xB860,0xB880,0xB880,0xD9A0,0xD9C0,
    0xC0E0,0xD9C0,0xC920,0xC0E0,0xC100,0xC0C0,0xD9C0,0xE240,0xD9C0,0xEA60,0xEAA0,0xF2C0,
    0xF2C0,0xF2C0,0xE240,0xEA80,0xF2E0,0xFB60,0xFB60,0xF2C0,0xE220,0xEA80,0xF2A0,0xE240,
    0xE200,0xD9E0,0xE220,0xDA00,0xD180,0xC920,0xD180,0xD9E0,0xD160,0xC920,0xC920,0xD160,
    0xD9C0,0xE220,0xF2A0,0xFB40,0xF2E0,0xE240,0xD9E0,0xE220,0xF2C0,0xFBE0,0xFB80,0xD9A0,
    0xC900,0xD160,0xC0C0,0xB040,0xB880,0xC100,0xC920,0xDA00,0xC900,0xD160,0xB040,0xC0E0,
    0xC900,0xB880,0xD9E0,0xF2A0,0xEA60,0xE240,0xC0C0,0xC100,0xD9C0,0xE240,0xD180,0xC0E0,
    0xE200,0xB080,0xA820,0xC900,0xB880,0xB8A0,0xD180,0xC100,0xB020,0x9800,0xA000,0xA820,
    0xD160,0xB8A0,0xB8C0,0xD9C0,0xEAA0,0xC960,0xB860,0xC0A0,0xD9E0,0xC900,0xC900,0xB040,
    0xA000,0xB880,0xC0E0,0xD1A0,0xE220,0xEA60,0xC940,0xB040,0xA800,0xC0C0,0xD160,0xA000,
    0xA800,0xC940,0xD9C0,0xC940,0xD9E0,0xD180,0xB060,0xC940,0xD9E0,0xB040,0xC0C0,0xC0E0,
    0xC920,0xEA60,0xD1A0,0xC900,0xB880,0xB040,0xB040,0xB880,0xC100,0xB040,0xB880,0xC0C0,
    0xB860,0xB880,0xD180,0xD160,0xC940,0xB040,0xA840,0xC920,0xC920,0xE220,0xEA80,0xC940,
    0xD1A0,0xD1A0,0xE240,0xD1C0,0xB860,0xEA80,0xE220,0xC920,0xD180,0xC940,0xB040,0xC940,
    0xDA00,0xD9C0,0xC920,0xB860,0xB000,0xB020,0xC0C0,0xD160,0xC0E0,0xC0E0,0xC940,0xD9C0,
    0xD160,0xE240,0xEA80,0xE220,0xE220,0xFB20,0xFB20,0xC940,0xC0C0,0xC100,0xC940,0xE240,
    0xEA80,0xD9C0,0xD180,0xDA00,0xEA60,0xDA00,0xD160,0xD9E0,0xC100,0xD160,0xF2E0,0xD9E0,
    0xD1A0,0xD9C0,0xEA80,0xEA80,0xF2A0,0xEAA0,0xEAA0,0xEA60,0xEAA0,0xFB80,0xEA60,0xD9E0,
    0xD9A0,0xC920,0xB8A0,0xB040,0xB020,0xB000,0xB040,0xA840,0xA000,0xA800,0xB040,0xC0E0,
    0xC900,0xD160,0xD160,0xC0C0,0xB880,0xC0E0,0xB060,0xB880,0xA800,0xC0C0,0xD9C0,0xC920,
    0xC960,0xC0C0,0xB8A0,0xB8A0,0xC900,0xEA60,0xE220,0xC920,0xC920,0xB880,0xD9C0,0xD9C0,
    0xB880,0xC0A0,0xC0E0,0xB040,0xDA00,0xF2E0,0xDA00,0xE200,0xE240,0xD9C0,0xC100,0xA000,
    0xB040,0xC0C0,0xC920,0xB020,0xA800,0xB020,0xB060,0xC0C0,0xD9C0,0xE220,0xEA60,0xC940,
    0xB8A0,0xB040,0xD160,0xE200,0xEA80,0xD9E0,0xEA60,0xC0E0,0xF320,0xF320,0xD9E0,0xF2E0,
    0xEA80,0xE220,0xF2C0,0xFBA0,0xF2A0,0xFC02,0xFBC3,0xC0C0,0xB880,0xC0E0,0xD9C0,0xF300,
    0xFBC0,0xD9E0,0xB020,0xD160,0xFB40,0xE240,0xD9C0,0xD160,0xB040,0xB040,0xA000,0x9800,
    0xC0C0,0xC900,0xC0C0,0xA800,0xB880,0xB060,0xB040,0xC8E0,0xB040,0x9000,0xC100,0xD180,
    0xD9E0,0xEA40,0xD160,0xC940,0xC900,0xC0C0,0xC100,0xC0E0,0xC0E0,0xD180,0xC920,0xD9C0,
    0xDA00,0xD9C0,0xD180,0xC920,0xEA80,0xFC63,0xFB81,0xF2C0,0xF2A0,0xC940,0xB860,0xB880,
    0xB040,0xC0C0,0xC900,0xD160,0xC920,0xC900,0xD160,0xC940,0xB880,0xC0C0,0xC0A0,0xD1A0,
    0xC0E0,0xC940,0xD9C0,0xA800,0xA000,0xD1A0,0xD9C0,0xC940,0xD180,0xE220,0xE220,0xC0E0,
    0xB8A0,0xB040,0xC0E0,0xD180,0xC940,0xB880,0xB060,0xD140,0xEA80,0xC920,0xB060,0xC940,
    0xC920,0xD9A0,0xB8A0,0xB880,0xC940,0xD160,0xC0A0,0xC0E0,0xA820,0x9800,0xC920,0xB880,
    0xC0C0,0xD160,0xB060,0xD9C0,0xB8A0,0xB8A0,0xC920,0xC0C0,0xE220,0xE200,0xC900,0xB040,
    0xC0C0,0xD9C0,0xD180,0xB020,0xB040,0xC940,0xD9A0,0xC0C0,0xC940,0xE220,0xD9E0,0xEA80,
    0xE240,0xC920,0xC920,0xC0E0,0xC940,0xB880,0xB8C0,0xC920,0xD9C0,0xF2A0,0xE220,0xB060,
    0xA800,0xC940,0xE200,0xC900,0xC900,0xC0C0,0xA820,0xB8A0,0xD9A0,0xD9E0,0xD1A0,0xC940,
    0xA820,0xA000,0xB8A0,0xD9C0,0xC920,0xB860,0xB860,0xB060,0xB040,0xF381,0xFC22,0xF2A0,
    0xF2E0,0xD9C0,0xDA00,0xEA60,0xC0C0,0xC0E0,0xB880,0xC8E0,0xA800,0xA820,0xC0E0,0xB040,
    0xA820,0xD9E0,0xD180,0xC920,0xD160,0xB880,0xB880,0xD160,0xD9C0,0xD1A0,0xC0E0,0xB8A0,
    0xD160,0xE220,0xD1A0,0xD160,0xEA60,0xE200,0xC900,0xC920,0xD9C0,0xC100,0xB060,0xD9C0,
    0xC920,0xB860,0xB020,0xB880,0xD180,0xC920,0xD180,0xFB00,0xD9C0,0xB8A0,0xB060,0xC0C0,
    0xD9E0,0xC960,0xB020,0xA000,0xA820,0xB860,0x9800,0xA000,0xC0E0,0xC920,0xB8A0,0xB040,
    0xD1A0,0xE220,0xC0C0,0xB860,0xB020,0xB040,0xD160,0xC100,0xC0E0,0xD9E0,0xD9A0,0xB040,
    0xC900,0xC920,0xE220,0xFB20,0xEAA0,0xF300,0xF2E0,0xFB00,0xF2C0,0xE220,0xE240,0xE220,
    0xE200,0xFB40,0xEAA0,0xE220,0xD9C0,0xD1A0,0xEA60,0xEAA0,0xEA60,0xEA60,0xE220,0xD9C0,
    0xD1A0,0xC940,0xE220,0xE220,0xD180,0xD180,0xD140,0xC920,0xC940,0xD1A0,0xE220,0xE240,
    0xE240,0xD9E0,0xE200,0xE220,0xF2A0,0xFBE0,0xFBA0,0xD9C0,0xC0E0,0xC0E0,0xB040,0xB880,
    0xC0E0,0xDA00,0xD180,0xC0E0,0xD9E0,0xD1A0,0xC0E0,0xC940,0xD160,0xB020,0xD9C0,0xD9E0,
    0xD180,0xC940,0xC0E0,0xB060,0xC920,0xEA60,0xC920,0xA000,0xB880,0xB020,0xC0C0,0xD9C0,
    0xB880,0xB060,0xE220,0xC0E0,0xA000,0x9800,0xA000,0xC920,0xD9C0,0xC920,0xD180,0xD180,
    0xEA80,0xD9E0,0xC0E0,0xD1A0,0xE240,0xD1A0,0xD180,0xD1A0,0xB880,0xC0C0,0xC940,0xEA80,
    0xEA80,0xC920,0xC940,0xC0C0,0xC0C0,0xC0E0,0xB860,0xA000,0xB080,0xD9C0,0xE240,0xE220,
    0xD180,0xC0C0,0xB000,0xC920,0xEA60,0xC940,0xB040,0xB040,0xB020,0xC900,0xD9C0,0xD180,
    0xB040,0xB040,0xB020,0xD180,0xD180,0xC900,0xB880,0xD160,0xC900,0xD160,0xD9E0,0xD9E0,
    0xC900,0xA800,0xB040,0xEA60,0xE220,0xD160,0xD9E0,0xD160,0xD1A0,0xD160,0xD160,0xC900,
    0xB040,0xD9C0,0xF2C0,0xD9C0,0xD160,0xC940,0xD180,0xD1A0,0xC0C0,0xC100,0xC100,0xB880,
    0xB040,0xC0E0,0xC0C0,0xC920,0xD9C0,0xEA80,0xD9E0,0xE200,0xD9C0,0xC900,0xEAC0,0xEA60,
    0xC900,0xD160,0xDA00,0xD9C0,0xC940,0xC100,0xD140,0xFB80,0xFB80,0xF2C0,0xFB20,0xF2E0,
    0xE220,0xEA80,0xD9A0,0xD1C0,0xD1A0,0xD180,0xF2E0,0xF2A0,0xDA00,0xE200,0xFBA0,0xEAA0,
    0xE240,0xFB20,0xFC01,0xFB80,0xEA60,0xFBA0,0xF2E0,0xD9A0,0xF2C0,0xE240,0xC940,0xC0C0,
    0xB020,0xA800,0xA800,0x9800,0xB8C0,0xC0E0,0xB8A0,0xB880,0xEAC0,0xEA60,0xB880,0xB880,
    0xC920,0xC0C0,0xB8A0,0xE200,0xC0E0,0xC100,0xD9C0,0xC0C0,0xC0E0,0xC0A0,0xB860,0xC940,
    0xD180,0xD180,0xD9E0,0xC900,0xC0E0,0xD160,0xD180,0xD9E0,0xD1A0,0xD140,0xA840,0xA820,
    0xC100,0xEA40,0xD140,0xD160,0xD160,0xC940,0xC100,0xB060,0xB8A0,0xD160,0xD9A0,0xB020,
    0xA800,0xB040,0xC920,0xD1A0,0xE240,0xFB20,0xF2E0,0xD180,0xB860,0xC0C0,0xC0E0,0xD9A0,
    0xF2C0,0xD9E0,0xC920,0xC940,0xF2E0,0xD9E0,0xC0E0,0xD9A0,0xFB80,0xD9E0,0xD9C0,0xF300,
    0xFB60,0xFD68,0xF425,0xD120,0xC920,0xC0E0,0xC920,0xFBA0,0xFB60,0xD1A0,0xC0E0,0xD1A0,
    0xEA40,0xE200,0xD160,0xD160,0xC940,0xD9C0,0xB8A0,0xA000,0xC900,0xD180,0xD180,0xB8A0,
    0xB8C0,0xC0C0,0xA800,0xA800,0xB880,0xA820,0xA000,0xB880,0xD9E0,0xEA60,0xD180,0xD9A0,
    0xD160,0xC900,0xB8A0,0xA820,0xC0C0,0xC0C0,0xB8A0,0xC920,0xD160,0xB060,0xA820,0xC0C0,
    0xF2C0,0xF2A0,0xEA80,0xF2E0,0xD9C0,0xB000,0xB880,0xB880,0xB880,0xB040,0xB020,0xC920,
    0xD160,0xC920,0xB8A0,0xB880,0xB020,0xB880,0xB860,0xB880,0xB860,0xD160,0xDA00,0xB020,
    0xB880,0xD180,0xD180,0xC0E0,0xC900,0xD1A0,0xD180,0xD180,0xC920,0xC960,0xC900,0xD1A0,
    0xD9C0,0xC0E0,0xB8C0,0xC940,0xD9E0,0xD160,0xC940,0xC940,0xC0C0,0xC920,0xC900,0xC920,
    0xD9E0,0xD180,0xC0E0,0xC0C0,0xA800,0xA000,0xC100,0xB060,0xC940,0xC900,0xA800,0xC940,
    0xB880,0xC900,0xC940,0xC900,0xE220,0xE240,0xD1A0,0xB060,0xB8A0,0xC900,0xC100,0xB8A0,
    0xC900,0xD180,0xDA00,0xC100,0xD9C0,0xEAA0,0xD9C0,0xE240,0xE240,0xB880,0xC900,0xC0E0,
    0xB060,0xB880,0xD1A0,0xC0E0,0xE240,0xEAA0,0xE200,0xC100,0xA800,0xC0E0,0xD160,0xB880,
    0xC900,0xB860,0xB040,0xC0C0,0xE240,0xE240,0xD9E0,0xD9C0,0xA800,0xB040,0xD180,0xE220,
    0xB880,0xA800,0xB8A0,0xA800,0xA800,0xE220,0xD9E0,0xD9A0,0xE240,0xEAA0,0xEA80,0xD9E0,
    0xC900,0xC940,0xB880,0xD160,0xB880,0xB040,0xD180,0xC0C0,0xA800,0xC0E0,0xC900,0xD9E0,
    0xD9C0,0xC0E0,0xB880,0xC940,0xE200,0xD9C0,0xA800,0xB8A0,0xEA60,0xEA60,0xC0E0,0xB8A0,
    0xC940,0xC0E0,0xC920,0xC940,0xD160,0xD180,0xC920,0xD1A0,0xD160,0xC920,0xB8A0,0xA820,
    0xC0C0,0xB8A0,0xD140,0xFB40,0xEA80,0xB880,0xB060,0xC100,0xE200,0xC920,0xA800,0xA820,
    0xC0A0,0xC0C0,0xB040,0x9800,0xA820,0xC920,0xB860,0xA800,0xB8A0,0xC920,0xC0C0,0xC0C0,
    0xB880,0xB060,0xB880,0xB060,0xC0C0,0xC940,0xC920,0xB880,0xC0E0,0xC900,0xFB00,0xF2C0,
    0xDA00,0xE240,0xEAA0,0xF300,0xEA80,0xD9E0,0xE200,0xEA60,0xF341,0xFB80,0xF2E0,0xE240,
    0xE220,0xF2A0,0xEA40,0xDA00,0xE200,0xF2E0,0xEA60,0xD9C0,0xD9E0,0xE240,0xF2C0,0xF2E0,
    0xE220,0xD9C0,0xEA80,0xEA60,0xD1A0,0xD9C0,0xD9C0,0xD9E0,0xEA60,0xE240,0xE240,0xEAA0,
    0xEA60,0xFC22,0xFC22,0xD9E0,0xC940,0xC0C0,0xB880,0xC0E0,0xB860,0xD9A0,0xD160,0xB040,
    0xC920,0xD9E0,0xD9C0,0xD9C0,0xE240,0xB860,0xC0C0,0xD160,0xC940,0xC940,0xC940,0xC0E0,
    0xB040,0xC900,0xB880,0xA820,0xC0C0,0xC0C0,0xC900,0xE220,0xB880,0xB000,0xC920,0xC0C0,
    0x9800,0x9000,0xB040,0xE240,0xC960,0xB040,0xC100,0xC900,0xE240,0xE240,0xC940,0xE220,
    0xDA00,0xD9E0,0xE220,0xE240,0xC900,0xC0C0,0xD180,0xE220,0xE200,0xD160,0xDA00,0xC940,
    0xC940,0xF361,0xE240,0xA800,0xB080,0xD9C0,0xD9E0,0xD9E0,0xC940,0xC0E0,0xC900,0xD1A0,
    0xEA60,0xD180,0xD160,0xC100,0xB060,0xB8A0,0xC920,0xD180,0xD9A0,0xB860,0xB040,0xC0E0,
    0xC920,0xD9A0,0xC0E0,0xB880,0xC920,0xD1A0,0xD9A0,0xC940,0xA840,0x9800,0xA000,0xD180,
    0xEA60,0xC0E0,0xB880,0xC0C0,0xC900,0xD1A0,0xD9C0,0xEA40,0xB8A0,0xB060,0xE220,0xC940,
    0xB060,0xC940,0xEA80,0xD9E0,0xB020,0xB860,0xB8A0,0xC900,0xD180,0xD160,0xB880,0xB040,
    0xC900,0xD9C0,0xD160,0xD9E0,0xEA80,0xC920,0xE240,0xD9E0,0xC0A0,0xC0C0,0xB040,0xB860,
    0xB880,0xC0E0,0xD160,0xF2E0,0xF320,0xEA60,0xF2E0,0xEAA0,0xC920,0xB8A0,0xE200,0xD9C0,
    0xE200,0xE220,0xF2C0,0xFB00,0xEA80,0xE220,0xF2E0,0xE220,0xDA00,0xEA80,0xFC63,0xFCC5,
    0xF2E0,0xFBC0,0xFB80,0xD9E0,0xFB40,0xFB80,0xD160,0xC0E0,0xC0A0,0xB020,0xA800,0xA800,
    0xC0C0,0xD180,0xC920,0xC900,0xE220,0xE200,0xC0E0,0xC0E0,0xE200,0xDA00,0xC920,0xB060,
    0xB860,0xB8A0,0xB060,0xA800,0xB880,0xB040,0xB040,0xC960,0xE240,0xE200,0xE200,0xC920,
    0xC920,0xE200,0xC920,0xD180,0xE240,0xD9C0,0xB080,0xA820,0xC0E0,0xDA00,0xB060,0xB020,
    0xB060,0xB880,0xD1A0,0xC920,0xB880,0xC920,0xC0C0,0xB040,0xD9C0,0xE200,0xD1A0,0xB880,
    0xC920,0xF2A0,0xE220,0xC920,0xC940,0xC920,0xD180,0xD180,0xFB81,0xEB22,0xB840,0xD180,
    0xD9A0,0xD160,0xC900,0xD1A0,0xDA00,0xC900,0xE220,0xF2C0,0xFD08,0xFD07,0xFBA0,0xEAA0,
    0xD180,0xC920,0xD180,0xE240,0xEA60,0xE200,0xC100,0xB8A0,0xC920,0xC0E0,0xC900,0xC900,
    0xC0C0,0xD9A0,0xC920,0xC900,0xC940,0xD180,0xC940,0xD180,0xB880,0xB040,0xB060,0xB040,
    0xC0E0,0xB8A0,0xA000,0xD160,0xE200,0xDA00,0xC920,0xD160,0xEA80,0xD160,0xC0E0,0xB880,
    0xA800,0xB8A0,0xC0C0,0xC920,0xB880,0xA800,0xB020,0xC900,0xE220,0xE200,0xE220,0xFB20,
    0xD180,0xC900,0xD9E0,0xC0E0,0xC100,0xB020,0xA800,0xC920,0xD9C0,0xB040,0xC900,0xB880,
    0xA000,0xA800,0xC0C0,0xC0A0,0xC0C0,0xC920,0xC0E0,0xB040,0xB860,0xD9C0,0xD160,0xB880,
    0xC0E0,0xC900,0xD9E0,0xD180,0xD160,0xD180,0xC920,0xD9E0,0xEA60,0xB060,0xA820,0xD160,
    0xC940,0xC940,0xD180,0xC900,0xB040,0xB860,0xC0E0,0xD160,0xE200,0xD160,0xC0C0,0xA000,
    0xA000,0xA000,0xA800,0xB020,0xC100,0xC940,0xC0A0,0xB860,0xC900,0xD160,0xD160,0xD180,
    0xE240,0xD180,0xE200,0xC0C0,0xB040,0xC0A0,0xC940,0xC0C0,0xB8A0,0xC900,0xE240,0xD180,
    0xB8A0,0xC900,0xD160,0xC960,0xD160,0xB860,0xA820,0x9800,0xA000,0xB040,0xC900,0xB880,
    0xD9A0,0xF2C0,0xE220,0xD9C0,0xB060,0xC920,0xEA80,0xC940,0xC0C0,0xB040,0xB880,0xD9E0,
    0xC920,0xC0C0,0xC920,0xC0C0,0xA000,0xB8A0,0xD160,0xE240,0xC0E0,0xC0C0,0xC900,0xB060,
    0x9800,0xB8A0,0xC0E0,0xB880,0xD180,0xF2C0,0xC920,0xB040,0xC920,0xDA00,0xB8A0,0xB880,
    0xB8A0,0xC0E0,0xC920,0xC940,0xC920,0xB880,0xC0C0,0xFB40,0xE220,0xC940,0xC940,0xC900,
    0xD180,0xF2E0,0xD160,0xD1A0,0xD9C0,0xD9E0,0xC900,0xC0C0,0xC0C0,0xA800,0xC0E0,0xF2C0,
    0xEA60,0xC920,0xD140,0xD1A0,0xC0E0,0xB8A0,0xC900,0xB880,0xB880,0xB8C0,0xD180,0xE240,
    0xD1A0,0xB880,0xC0A0,0xC940,0xC960,0xC900,0xB880,0xB860,0xE200,0xEA80,0xC920,0xB040,
    0xA820,0xD9C0,0xC920,0xB040,0xA800,0xB880,0xB860,0xC900,0xC940,0xB880,0xA800,0xB020,
    0xC0E0,0xD180,0xD160,0xC0E0,0xB880,0xC0E0,0xE220,0xF2A0,0xE220,0xE220,0xEAA0,0xFB20,
    0xEAA0,0xD9C0,0xDA00,0xFB40,0xFC62,0xFBE1,0xFB40,0xEA60,0xD9C0,0xEA80,0xEA40,0xD180,
    0xD9A0,0xEA80,0xE220,0xD9C0,0xD9E0,0xFB20,0xFC00,0xFB60,0xD9E0,0xC940,0xEAC0,0xFBC0,
    0xD9E0,0xD9C0,0xEA60,0xE240,0xE200,0xDA00,0xE220,0xF300,0xF2E0,0xFC01,0xFC62,0xF2C0,
    0xD9C0,0xC920,0xB880,0xB040,0xB8A0,0xC0E0,0xC100,0xD160,0xD9E0,0xD1A0,0xC0C0,0xD180,
    0xE220,0xC940,0xC920,0xC920,0xD180,0xD1A0,0xD9C0,0xD160,0xB060,0xA800,0xA820,0xC0A0,
    0xC900,0xC920,0xD9C0,0xEA60,0xD9A0,0xB860,0xB8A0,0xB860,0xB060,0xA000,0xB880,0xEA40,
    0xC0E0,0xB020,0xC0A0,0xD160,0xF2C0,0xE240,0xEA60,0xEA60,0xD180,0xD160,0xE220,0xE200,
    0xC0E0,0xC100,0xD180,0xC940,0xD9C0,0xC940,0xC0C0,0xA800,0xB860,0xF3E3,0xF2E0,0xC0E0,
    0xC0C0,0xD160,0xE220,0xD180,0xD160,0xD9E0,0xEA60,0xEA80,0xEA80,0xD180,0xD160,0xC920,
    0xB860,0xB060,0xB060,0xC0E0,0xE200,0xC0C0,0xC0E0,0xC940,0xC900,0xD180,0xB880,0xA820,
    0xB040,0xC0C0,0xC900,0xB880,0xA800,0xA820,0xA000,0xC0C0,0xD9A0,0xC0E0,0xB880,0xA800,
    0xD160,0xEAA0,0xF300,0xE200,0xB080,0xA820,0xC940,0xB8C0,0xA800,0xC100,0xE220,0xD9A0,
    0xB060,0xA800,0xC920,0xC940,0xC900,0xB040,0xB020,0xC920,0xC0C0,0xB8A0,0xB8A0,0xC0C0,
    0xE220,0xE220,0xD160,0xC0C0,0xB020,0xC920,0xD160,0xB880,0xB880,0xD1A0,0xD180,0xD9A0,
    0xC920,0xB860,0xC940,0xD9A0,0xB020,0xA800,0xC0E0,0xD180,0xEA80,0xFB00,0xFB00,0xFB20,
    0xF2A0,0xDA00,0xF280,0xEA60,0xE220,0xE200,0xFB82,0xFC62,0xFC00,0xFCA3,0xFC23,0xEA40,
    0xEA60,0xF2C0,0xD160,0xC0E0,0xD1A0,0xC940,0xC100,0xC0C0,0xB020,0xD180,0xE220,0xD160,
    0xD9C0,0xEA80,0xD160,0xE200,0xEA80,0xE240,0xB8A0,0xB060,0xD160,0xD180,0xD180,0xB060,
    0xB060,0xB8A0,0xC940,0xE220,0xF2C0,0xEA60,0xE200,0xD9E0,0xD1A0,0xE220,0xE220,0xE200,
    0xC940,0xD180,0xC940,0xC920,0xC940,0xB8A0,0xA820,0xA820,0xA820,0xB020,0xB880,0xB040,
    0xB040,0xB8A0,0xA800,0xC900,0xFB80,0xF2E0,0xB8A0,0xB040,0xD160,0xD180,0xD9E0,0xD160,
    0xEAA0,0xD180,0xD160,0xEA40,0xFC63,0xE2A1,0xC0E0,0xB880,0xD9C0,0xD9E0,0xDA00,0xE220,
    0xE200,0xFBA2,0xFB40,0xF363,0xFEB4,0xFE30,0xFD8A,0xFC22,0xE220,0xE240,0xE220,0xD180,
    0xE220,0xF2A0,0xD160,0xB040,0xC900,0xC0C0,0xC940,0xB8A0,0xB880,0xD160,0xC920,0xC0E0,
    0xC0C0,0xB040,0xC0C0,0xEA80,0xD9A0,0xB040,0xB060,0xC940,0xD9A0,0xB8A0,0xA000,0xD9C0,
    0xE200,0xD9E0,0xC940,0xD160,0xEAA0,0xD160,0xC900,0xC0C0,0xA820,0xB880,0xDA00,0xE240,
    0xC0E0,0xC920,0xC0C0,0xC920,0xE200,0xC0C0,0xC920,0xD9C0,0xB060,0xC920,0xD180,0xB8A0,
    0xC920,0xC100,0xD180,0xEAA0,0xEA60,0xC940,0xC0E0,0xC0E0,0xB8A0,0xB040,0xC900,0xB8A0,
    0xC0E0,0xB860,0x9800,0x9800,0xC0C0,0xD1A0,0xDA00,0xB8A0,0xB060,0xC900,0xD9C0,0xC920,
    0xD180,0xC0C0,0xB860,0xC940,0xD160,0xA800,0xC920,0xD1A0,0xB060,0xB040,0xD160,0xC920,
    0xB8A0,0xC0C0,0xC940,0xD9E0,0xD160,0xA820,0xA800,0x9800,0x9800,0xB040,0xC0E0,0xC920,
    0xC920,0xDA00,0xC940,0xA800,0xD9E0,0xD9C0,0xC940,0xD9C0,0xE240,0xD160,0xD160,0xC0E0,
    0xB060,0xC900,0xC0E0,0xB8A0,0xA000,0xB860,0xF2A0,0xD9C0,0xB040,0xB060,0xD180,0xC900,
    0xD9C0,0xD160,0xB080,0xA000,0xA000,0xA000,0xA000,0xB880,0xC900,0xF2C0,0xEA80,0xD9A0,
    0xB880,0xC120,0xFB20,0xD160,0xB040,0xA800,0xB880,0xDA00,0xC0A0,0xB020,0xC0E0,0xB040,
    0xA020,0xB8A0,0xD1A0,0xE240,0xD180,0xD1A0,0xD9C0,0xA840,0x9800,0xA800,0xA820,0xB880,
    0xB060,0xD160,0xD180,0xA800,0xB880,0xE200,0xC940,0xB880,0xB8A0,0xD9C0,0xD160,0xC0E0,
    0xC920,0xC940,0xC940,0xF300,0xF320,0xE1E0,0xD180,0xB8A0,0xD180,0xF2A0,0xD180,0xD180,
    0xB8A0,0xC940,0xC920,0xC100,0xE220,0xC0C0,0xB880,0xD9E0,0xEA60,0xB060,0xD180,0xD9E0,
    0xD180,0xC960,0xD9E0,0xC100,0xB020,0xC0C0,0xD9A0,0xE200,0xC900,0xB040,0xB8A0,0xC0E0,
    0xB8A0,0xB020,0xB040,0xA800,0xD9E0,0xF2E0,0xC0C0,0xB060,0xB860,0xE240,0xEAA0,0xD9C0,
    0xB040,0xB060,0xC0C0,0xC920,0xD9C0,0xC0C0,0xB040,0xB860,0xC920,0xD1A0,0xEA80,0xD9C0,
    0xC940,0xC0E0,0xD9C0,0xF2C0,0xEA80,0xEAA0,0xF2C0,0xFB20,0xFAE0,0xEA80,0xE240,0xF2E0,
    0xFBA0,0xFB80,0xFB00,0xDA00,0xD9A0,0xEA80,0xE240,0xD1A0,0xD1C0,0xEA60,0xE220,0xD180,
    0xD9C0,0xFB60,0xFC20,0xFB40,0xE220,0xE200,0xF2E0,0xE240,0xD140,0xD9C0,0xD9E0,0xE220,
    0xD1A0,0xC8E0,0xC900,0xD1A0,0xE220,0xFB20,0xFC00,0xFB20,0xD9C0,0xC900,0xB000,0xB880,
    0xC0E0,0xC0E0,0xC920,0xE240,0xE240,0xD9C0,0xC900,0xD160,0xD180,0xC920,0xC940,0xC940,
    0xD160,0xE240,0xF2C0,0xF320,0xEA60,0xB8A0,0xB880,0xC940,0xC920,0xB040,0xD180,0xE240,
    0xEAA0,0xD1A0,0xE200,0xC0E0,0xB8A0,0xB860,0xB060,0xE200,0xB860,0xB860,0xEA60,0xD180,
    0xF2C0,0xD9E0,0xF2E0,0xF2C0,0xC920,0xC0C0,0xE200,0xE220,0xC0C0,0xC900,0xC900,0xC900,
    0xD160,0xC0E0,0xC940,0xD1A0,0xC900,0xFB60,0xF2E0,0xE240,0xD9E0,0xEA60,0xEA80,0xEA60,
    0xD9C0,0xE240,0xEA60,0xE200,0xFB20,0xC940,0xB040,0xC0E0,0xB860,0xB020,0xB860,0xC920,
    0xE220,0xB060,0xB020,0xD140,0xD180,0xD180,0xB060,0xB8A0,0xB040,0xA800,0xB880,0xC0E0,
    0xB060,0xA800,0xA000,0xB8A0,0xD160,0xB020,0xB060,0xB8A0,0xC920,0xEA80,0xE200,0xC0C0,
    0xA000,0xA800,0xB060,0xB060,0xB060,0xC0C0,0xC0E0,0xB8A0,0xB880,0xC0C0,0xC940,0xC0E0,
    0xC0E0,0xB060,0xB880,0xE220,0xE220,0xC960,0xC0C0,0xC100,0xB860,0xC900,0xD180,0xC100,
    0xC920,0xC900,0xDA00,0xE220,0xD9C0,0xD9E0,0xF2A0,0xD9E0,0xB880,0xB860,0xC900,0xB880,
    0xA800,0xB040,0xB8A0,0xD180,0xF2C0,0xFB20,0xFB40,0xFB20,0xF2C0,0xE240,0xFBE3,0xFBA0,
    0xEA80,0xE200,0xF2A0,0xFCA4,0xFD69,0xFC20,0xFC83,0xF320,0xD180,0xEA80,0xD9C0,0xD180,
    0xEA80,0xF2E0,0xF2A0,0xC940,0xB040,0xD9A0,0xFBC0,0xD1A0,0xD160,0xEA60,0xE200,0xD180,
    0xC0E0,0xC900,0xA800,0xA800,0xD9A0,0xF300,0xE240,0xB040,0xA000,0xB8A0,0xD180,0xFBC1,
    0xF320,0xD9E0,0xB8A0,0xC0E0,0xC0C0,0xE200,0xF2C0,0xEA60,0xC0C0,0xC0C0,0xB860,0xE200,
    0xD180,0xA000,0xB040,0xC940,0xB880,0xB060,0xA000,0xA820,0xA000,0xC0C0,0xA800,0xD180,
    0xEA60,0xD1A0,0xB040,0xC900,0xE220,0xB860,0xD160,0xD160,0xEAA0,0xF2E0,0xD9E0,0xE200,
    0xF300,0xC960,0xC920,0xB8A0,0xD180,0xF2E0,0xF2E0,0xEA80,0xFBA1,0xFD28,0xFC62,0xFD6A,
    0xFD08,0xFCC5,0xFDCD,0xFD49,0xFBA1,0xF2C0,0xE220,0xD180,0xEAA0,0xE220,0xE200,0xB8A0,
    0xD160,0xC0E0,0xC940,0xC960,0xB880,0xC0E0,0xB860,0xB040,0xB860,0xB880,0xC900,0xEA80,
    0xE220,0xB8A0,0xB880,0xEA60,0xD9E0,0xB880,0xA820,0xD9C0,0xD9A0,0xD9A0,0xC0E0,0xC900,
    0xD9A0,0xC960,0xD9E0,0xD160,0xA800,0x9800,0xC940,0xD9E0,0xD180,0xD180,0xC940,0xD140,
    0xD1A0,0xB020,0xD1A0,0xD180,0xA000,0xA020,0xB860,0xB8A0,0xB8A0,0xC0E0,0xE200,0xFB60,
    0xEAA0,0xD9C0,0xC940,0xD9A0,0xD180,0xC0C0,0xC920,0xC0C0,0xB020,0xB060,0xA000,0x9800,
    0xC0E0,0xD9C0,0xE220,0xD9E0,0xD9E0,0xEA80,0xC0E0,0xB040,0xD160,0xB880,0xB020,0xA800,
    0xA800,0xB020,0xB8A0,0xC0C0,0xA000,0xA820,0xD160,0xD9C0,0xD140,0xC900,0xE240,0xE240,
    0xB060,0xA820,0xB040,0x9800,0xA820,0xD160,0xD9E0,0xC0E0,0xC920,0xD9E0,0xC100,0x9800,
    0xB8A0,0xEA60,0xD9C0,0xDA00,0xD9E0,0xC0C0,0xC0C0,0xC900,0xC0E0,0xB880,0xB880,0xB040,
    0x9800,0xB8A0,0xE220,0xD1A0,0xB060,0xA840,0xD9C0,0xEA60,0xE200,0xD9E0,0xD9A0,0xC0E0,
    0xB860,0xB060,0xB040,0xA800,0xC900,0xE200,0xD1A0,0xB8A0,0xC0C0,0xB020,0xC0E0,0xB020,
    0xB040,0xB040,0xA800,0xD9E0,0xD9C0,0xC0E0,0xC940,0xC0E0,0xC0A0,0xB020,0xC960,0xD180,
    0xD160,0xE240,0xC100,0xA800,0xB880,0xB060,0x9800,0xC0E0,0xB060,0xB880,0xD160,0xB060,
    0xA800,0xC0E0,0xC920,0xB060,0xC920,0xD9C0,0xB8A0,0xA800,0xC0E0,0xC900,0xD9C0,0xFB80,
    0xFB60,0xEA80,0xEA80,0xA800,0xD180,0xE240,0xC920,0xD160,0xB060,0xA840,0xA820,0xB880,
    0xE220,0xE200,0xB8A0,0xB880,0xD180,0xD160,0xEAA0,0xEA60,0xE240,0xFB20,0xEAA0,0xC920,
    0xA800,0xB860,0xC0E0,0xD9E0,0xC900,0xB8A0,0xB8A0,0xB020,0xA000,0xA800,0xA000,0x9000,
    0xC100,0xEA80,0xB880,0xA800,0xB040,0xD180,0xF300,0xF300,0xC0C0,0xB020,0xD180,0xC940,
    0xC940,0xC0E0,0xB8A0,0xC0E0,0xC920,0xE200,0xF2C0,0xE220,0xD9C0,0xC920,0xE200,0xEA60,
    0xEA80,0xFB00,0xEA80,0xEAA0,0xFB40,0xFB80,0xF2E0,0xD9A0,0xEA40,0xFB40,0xF2E0,0xE220,
    0xD9E0,0xEA60,0xE240,0xD180,0xD1A0,0xE200,0xD1A0,0xD180,0xD180,0xEAA0,0xF2E0,0xD9E0,
    0xDA00,0xE240,0xE240,0xD180,0xDA00,0xF2C0,0xD9E0,0xE200,0xD1A0,0xD180,0xD9E0,0xD9E0,
    0xE220,0xE220,0xF300,0xF2E0,0xD9E0,0xC900,0xB880,0xC920,0xC0C0,0xC920,0xC100,0xC0A0,
    0xC100,0xC0C0,0xC0E0,0xD9E0,0xE220,0xD180,0xC940,0xC940,0xD160,0xEA60,0xEA60,0xF2E0,
    0xEA60,0xD9A0,0xD180,0xD9C0,0xB860,0xB860,0xC0E0,0xC920,0xE220,0xF2E0,0xF2C0,0xE220,
    0xE240,0xD9A0,0xA800,0xC0C0,0xB020,0xC940,0xE220,0xC920,0xC940,0xC900,0xE220,0xE240,
    0xC0E0,0xB8A0,0xE200,0xEAA0,0xD180,0xC920,0xC920,0xC0E0,0xB880,0xC940,0xE200,0xD9C0,
    0xC0C0,0xF320,0xF2A0,0xEA60,0xFB20,0xF2C0,0xD180,0xE240,0xD160,0xD1A0,0xD1A0,0xC0C0,
    0xD9E0,0xC0E0,0xB020,0xB880,0xC0C0,0xB880,0xB040,0xC920,0xD1A0,0xB880,0xB880,0xD180,
    0xD1A0,0xD9E0,0xC0C0,0xB880,0xB880,0xA800,0xB880,0xC0E0,0xC940,0xB8A0,0xB040,0xB8A0,
    0xC0C0,0xC0C0,0xC0C0,0xC900,0xC920,0xD9A0,0xC0E0,0xB880,0xB000,0xA000,0xA800,0xA820,
    0xC920,0xC0C0,0xA000,0xA800,0xB860,0xC0E0,0xC0E0,0xC0C0,0xC100,0xC0C0,0xB8A0,0xC920,
    0xE240,0xEA80,0xD9E0,0xD180,0xB8A0,0xB8A0,0xC0C0,0xB880,0xD180,0xB8A0,0xC0E0,0xD9E0,
    0xE220,0xC940,0xC940,0xD140,0xC100,0xB860,0xC920,0xC0E0,0xA800,0xB020,0xC0C0,0xD9C0,
    0xF320,0xFBC0,0xFBC0,0xF300,0xF2A0,0xF2E1,0xFCC7,0xFB80,0xFB40,0xEA60,0xFBA1,0xFCA4,
    0xF383,0xFB60,0xFCC4,0xFBE2,0xD980,0xE220,0xEA60,0xE220,0xF2C0,0xF2C0,0xE240,0xC0C0,
    0xB060,0xB8A0,0xE220,0xC900,0xB040,0xD160,0xC940,0xC900,0xD9A0,0xC0E0,0xD160,0xB8C0,
    0xC920,0xF2C0,0xF2E0,0xC900,0xA820,0xA820,0xC0C0,0xFB40,0xF320,0xC0A0,0xA000,0xA000,
    0xB8A0,0xEAA0,0xEA80,0xE200,0xC0C0,0xB8A0,0xB880,0xDA00,0xD180,0xA000,0xC100,0xDA00,
    0xB880,0xA800,0xA820,0xB020,0xB040,0xC100,0xB060,0xC100,0xC920,0xB040,0xB8A0,0xC0C0,
    0xD160,0xD9C0,0xD140,0xEA80,0xC940,0xE220,0xD9E0,0xD9C0,0xF2A0,0xC920,0xB880,0xD9E0,
    0xD180,0xE240,0xF300,0xFAE0,0xFBA0,0xFC64,0xFCA4,0xFD07,0xFC84,0xFC62,0xFCE6,0xFD28,
    0xFCA4,0xFB00,0xD180,0xC0E0,0xE240,0xF2C0,0xD1A0,0xD160,0xD9E0,0xC900,0xE200,0xD9E0,
    0xB880,0xB8A0,0xB040,0xD160,0xE220,0xD160,0xC900,0xD9C0,0xE200,0xC0C0,0xB860,0xE240,
    0xE240,0xC940,0xC920,0xC960,0xC900,0xD160,0xC920,0xC900,0xD180,0xD9E0,0xEA60,0xD160,
    0xC100,0xB860,0xD180,0xF2E0,0xD9C0,0xC0E0,0xD180,0xE220,0xE200,0xC940,0xD9C0,0xD9C0,
    0xC0E0,0xA000,0xA800,0xB880,0xD9C0,0xD9A0,0xC900,0xEA40,0xEAA0,0xC100,0xC0C0,0xD9C0,
    0xD180,0xC0E0,0xB860,0xC0E0,0xA800,0xA820,0xA000,0xA820,0xB880,0xC0E0,0xE200,0xF2A0,
    0xEA80,0xF2E0,0xD160,0xB8A0,0xC0E0,0xB040,0xA800,0xB040,0xC0E0,0xC940,0xD1A0,0xC920,
    0xB060,0xA800,0xB040,0xC940,0xD9C0,0xD160,0xE240,0xE240,0xD160,0xC920,0xC100,0xA800,
    0xA820,0xD9C0,0xD9C0,0xB020,0xC940,0xD180,0xA800,0x9800,0xB8A0,0xEAA0,0xD9C0,0xD180,
    0xB860,0xB8A0,0xD1A0,0xD160,0xC940,0xA800,0xC0E0,0xC100,0xB040,0xB860,0xD9C0,0xC900,
    0xB020,0x9800,0xB880,0xD180,0xD9A0,0xD9A0,0xDA00,0xD9E0,0xD160,0xD9E0,0xC920,0xB040,
    0xC0E0,0xC900,0xC0C0,0xC900,0xC940,0xB060,0xB000,0xA000,0xA820,0xC0C0,0xB040,0xE220,
    0xD180,0xB040,0xB040,0xD160,0xC0E0,0xC0E0,0xA860,0xB880,0xD9C0,0xEA80,0xB080,0xA800,
    0xB880,0xC940,0xB880,0xB060,0xC920,0xC920,0xD1A0,0xB080,0xA800,0xB060,0xC940,0xB060,
    0xC920,0xD180,0xB880,0xB020,0xC0A0,0xC920,0xF2E0,0xFC01,0xFBE1,0xE220,0xD180,0xA800,
    0xD180,0xD180,0xD140,0xC900,0xB040,0xA000,0xA000,0xA000,0xC940,0xD160,0xB880,0xC0E0,
    0xD140,0xD9E0,0xFB40,0xEA60,0xE240,0xEA80,0xE220,0xC920,0xB8A0,0xB040,0xC0A0,0xD180,
    0xC0E0,0xC940,0xC0C0,0xA800,0xA000,0xB060,0xD160,0xC0E0,0xC940,0xF2C0,0xC940,0xC0E0,
    0xA800,0xB040,0xD180,0xD9C0,0xC940,0xC0C0,0xD160,0xD140,0xC0E0,0xC920,0xC0E0,0xD140,
    0xD1A0,0xE260,0xEA80,0xEA60,0xD9E0,0xD9C0,0xF2A0,0xF300,0xF2E0,0xFB40,0xF2C0,0xF2C0,
    0xFB20,0xF300,0xEA60,0xD1A0,0xD160,0xF320,0xFBA0,0xEA80,0xD9E0,0xD9E0,0xD180,0xD180,
    0xD9C0,0xD9C0,0xD9E0,0xE220,0xD1A0,0xD9E0,0xD9C0,0xD9E0,0xDA00,0xD9C0,0xDA00,0xD9E0,
    0xF2E0,0xFBC0,0xF300,0xE200,0xD160,0xD9C0,0xE200,0xF300,0xFB80,0xE200,0xE240,0xF2A0,
    0xF2C0,0xD1A0,0xC0E0,0xC100,0xB860,0xC0E0,0xC920,0xB880,0xB000,0xA800,0xB880,0xE240,
    0xEA60,0xD160,0xC0E0,0xA820,0xC0C0,0xEA60,0xD180,0xC0C0,0xC0A0,0xC100,0xC920,0xE220,
    0xC100,0xD160,0xD1A0,0xC920,0xD9E0,0xF2C0,0xD9E0,0xB880,0xEA80,0xD180,0xB060,0xC100,
    0xC0C0,0xC920,0xC0E0,0xC920,0xB020,0xB040,0xC100,0xE220,0xD1A0,0xC100,0xD9C0,0xE220,
    0xDA00,0xE200,0xE200,0xD180,0xC0C0,0xC920,0xE240,0xC940,0xB040,0xD160,0xDA00,0xE240,
    0xF340,0xF381,0xC0C0,0xEAA0,0xD180,0xC0E0,0xC920,0xA000,0xB060,0xC0E0,0xC0E0,0xA820,
    0xC100,0xC0E0,0xB020,0xB060,0xC0C0,0xC8E0,0xC940,0xC940,0xD160,0xC920,0xC0C0,0xB880,
    0xA800,0xB880,0xC0C0,0xB040,0xC0C0,0xB880,0xB060,0xC0A0,0xC0E0,0xC0E0,0xC100,0xC0C0,
    0xD180,0xD160,0xB8A0,0xC0C0,0xB880,0xA800,0xA800,0xB020,0xC0E0,0xC920,0xC0A0,0xD180,
    0xC900,0xB8A0,0xC0E0,0xC0E0,0xB860,0xC920,0xC940,0xB880,0xD9C0,0xF2C0,0xEA60,0xD160,
    0xC920,0xD160,0xC920,0xB8A0,0xD160,0xC920,0xC0C0,0xD9E0,0xE240,0xC920,0xC0C0,0xC920,
    0xD9E0,0xD180,0xC0E0,0xD180,0xB8A0,0xB880,0xC0E0,0xD9E0,0xFB20,0xFBC0,0xFBA0,0xFB80,
    0xFB80,0xFB40,0xFCC6,0xFBE0,0xFB80,0xFB60,0xFC21,0xFB20,0xE1E0,0xFB40,0xFC82,0xFB61,
    0xE200,0xFB80,0xE240,0xF362,0xFC22,0xE240,0xD9C0,0xC920,0xB040,0xA000,0xB020,0xB880,
    0xA820,0xB880,0xB8A0,0xB020,0xD160,0xEA80,0xFB20,0xE240,0xC0E0,0xE220,0xFB40,0xD180,
    0xB860,0xA820,0xB880,0xC940,0xC920,0xB020,0xB040,0xA800,0xC0E0,0xE220,0xD9E0,0xC0E0,
    0xC920,0xD160,0xD9E0,0xF2E0,0xD180,0xA800,0xE200,0xE220,0xB060,0xB040,0xB040,0xA820,
    0xD9C0,0xC0C0,0xB880,0xB860,0xA800,0xA800,0xC900,0xC0E0,0xC100,0xD1A0,0xEA60,0xFB40,
    0xD9E0,0xC900,0xD1A0,0xEAA0,0xFB80,0xD1A0,0xB020,0xD9E0,0xE220,0xE240,0xFB20,0xF2E0,
    0xF2C0,0xFBE1,0xFCE6,0xFEF7,0xFDCE,0xFC83,0xFC63,0xFC00,0xFBA0,0xF2E0,0xD9E0,0xB880,
    0xC940,0xF2C0,0xE240,0xC940,0xD9C0,0xEAC0,0xEA60,0xEA80,0xC960,0xC0E0,0xD9C0,0xE240,
    0xF300,0xF300,0xEAA0,0xD160,0xB880,0xC0E0,0xD9A0,0xDA00,0xE240,0xE220,0xE240,0xC0C0,
    0xB8A0,0xD160,0xC940,0xC100,0xC900,0xD9E0,0xE240,0xD9C0,0xD9E0,0xD1A0,0xF2C0,0xEA80,
    0xEA60,0xD180,0xD180,0xD9C0,0xD1A0,0xE200,0xD9E0,0xC920,0xD160,0xC920,0xA820,0xB060,
    0xF2A0,0xC960,0xB040,0xC0C0,0xD9C0,0xB880,0xA800,0xA820,0xB880,0xC900,0xB060,0xB040,
    0xA820,0xA000,0xB060,0xC0E0,0xC900,0xC100,0xE200,0xEA80,0xD180,0xE200,0xD1A0,0xC0E0,
    0xC920,0xB040,0xA800,0xC0A0,0xD9C0,0xD9E0,0xE220,0xE240,0xC0C0,0xB060,0xB8A0,0xD180,
    0xDA00,0xE260,0xF2A0,0xE200,0xDA00,0xD9E0,0xC940,0xA800,0xA000,0xC940,0xC0E0,0xB860,
    0xD180,0xD9C0,0xA020,0x9000,0xC0E0,0xEA60,0xD9E0,0xC100,0xB8A0,0xC100,0xDA00,0xD1A0,
    0xC940,0xC0E0,0xD160,0xD9A0,0xC940,0xD160,0xEAA0,0xC940,0xB040,0x9800,0xB8A0,0xC920,
    0xB8A0,0xB880,0xD9A0,0xEA60,0xE220,0xC940,0xC0C0,0xC900,0xC920,0xA800,0xB060,0xB8A0,
    0xC100,0xC920,0xB8A0,0xA800,0xA800,0xC920,0xE240,0xD180,0xB880,0xA800,0xA000,0xB8A0,
    0xC920,0xF2E0,0xC920,0xC100,0xE200,0xD160,0xB040,0xB020,0xA800,0xC100,0xD9A0,0xD180,
    0xD9E0,0xEA80,0xE200,0xB040,0xC900,0xD160,0xC940,0xC0C0,0xA800,0xA820,0xD180,0xC100,
    0xC940,0xEA60,0xF2E0,0xD9A0,0xEA60,0xD160,0xB020,0xA820,0xB8A0,0xB860,0xC0E0,0xC920,
    0xB8A0,0xB020,0xB040,0xA020,0xC0A0,0xB060,0xC0E0,0xD9E0,0xEA60,0xEA60,0xF2E0,0xEAA0,
    0xE220,0xD9A0,0xC0E0,0xD9A0,0xF300,0xD1A0,0xB060,0xC0E0,0xD140,0xD160,0xB880,0xA800,
    0xA000,0xB8A0,0xF300,0xF300,0xC0C0,0xD9E0,0xC0E0,0xC0E0,0xB880,0xA800,0xB880,0xC940,
    0xC100,0xC940,0xE240,0xD160,0xC100,0xD180,0xC940,0xC960,0xE240,0xF2A0,0xF2E0,0xFB20,
    0xEA80,0xEA60,0xFB00,0xFB20,0xFB00,0xFB80,0xFB40,0xFB40,0xFB20,0xE200,0xD1A0,0xD160,
    0xD160,0xFB60,0xFBC0,0xE200,0xD1A0,0xD9E0,0xD180,0xD9E0,0xD9C0,0xE260,0xF2C0,0xD9E0,
    0xD160,0xD180,0xD1A0,0xDA00,0xD9C0,0xD180,0xD9C0,0xE220,0xFBA0,0xFC82,0xFB80,0xD9E0,
    0xD180,0xD9C0,0xE200,0xF2C0,0xFB20,0xEA60,0xEAA0,0xFB20,0xF300,0xD160,0xC920,0xB860,
    0xA800,0xC920,0xD160,0xB860,0xA800,0xA820,0xA000,0xC940,0xC900,0xB860,0xC0C0,0xA800,
    0xB080,0xEA60,0xC920,0xA800,0xA000,0xA800,0xB8A0,0xD160,0xD9A0,0xE240,0xC100,0xB8A0,
    0xE220,0xEA80,0xD1A0,0xC0E0,0xC900,0xB060,0xD180,0xE240,0xD180,0xD160,0xB880,0xC0A0,
    0xA000,0x9800,0xB020,0xE220,0xEA80,0xD9E0,0xC920,0xD180,0xDA00,0xE200,0xEA80,0xE200,
    0xD160,0xEAA0,0xF2A0,0xC940,0xD1A0,0xE200,0xE220,0xE200,0xE220,0xEAA0,0xD9E0,0xEA80,
    0xC0E0,0xB860,0xB8A0,0xA000,0xA800,0xC940,0xD9C0,0xB880,0xC100,0xC920,0xB8A0,0xA800,
    0xA800,0xB040,0xD180,0xD9A0,0xC900,0xB880,0xB880,0xB8A0,0xA000,0xB060,0xC0C0,0xA000,
    0xA820,0xA000,0xA800,0xB040,0xC0E0,0xC0C0,0xC920,0xC100,0xC940,0xC0C0,0xA820,0xB880,
    0xC900,0xC900,0xB060,0xB880,0xC0C0,0xD160,0xD9E0,0xEA80,0xC920,0xD160,0xD1A0,0xD1A0,
    0xC900,0xD160,0xD9E0,0xD160,0xD1A0,0xE200,0xD1A0,0xC0E0,0xC900,0xD160,0xD180,0xD9C0,
    0xF2C0,0xE240,0xE200,0xE220,0xD180,0xD160,0xC940,0xC900,0xE260,0xFB80,0xD9C0,0xE200,
    0xD9E0,0xC920,0xD180,0xEAC0,0xFBA0,0xFC01,0xFC41,0xFC41,0xFC42,0xFBE0,0xFCA4,0xFC62,
    0xFC21,0xFC21,0xFC42,0xF2A0,0xEA60,0xFB80,0xFC00,0xF300,0xE220,0xFBC0,0xD1A0,0xF342,
    0xFCC3,0xF2A0,0xEA60,0xD9C0,0xC0C0,0xA800,0xB040,0xC920,0xC0C0,0xA000,0xB040,0xC0C0,
    0xB040,0xE220,0xEA80,0xD9C0,0xC920,0xDA00,0xF2E0,0xD9A0,0xC0A0,0xA820,0xA800,0xB040,
    0xB040,0xB040,0xD140,0xC940,0xE200,0xD9E0,0xC920,0xB8A0,0xC0C0,0xD160,0xE220,0xF2A0,
    0xB8A0,0xB040,0xF2E0,0xE220,0xC900,0xB880,0xB8A0,0xC0C0,0xD9A0,0xD180,0xC900,0xB880,
    0xC0C0,0xB060,0xB860,0xE220,0xC940,0xC940,0xFB20,0xE220,0xEA60,0xE200,0xD180,0xEA80,
    0xFB40,0xC940,0xB880,0xD9C0,0xF2E0,0xF2E0,0xF300,0xE240,0xE1E0,0xFBC2,0xFCE5,0xFE10,
    0xFD8B,0xFC64,0xFB20,0xFB40,0xFB60,0xFBE1,0xF340,0xC920,0xD180,0xF2E0,0xE240,0xB8A0,
    0xD9C0,0xFB80,0xE240,0xFB40,0xEA40,0xF321,0xFBA1,0xD160,0xD140,0xE200,0xD9C0,0xC920,
    0xB8A0,0xC940,0xE200,0xEA60,0xE220,0xEA60,0xD9E0,0xB040,0xB020,0xC100,0xD180,0xC920,
    0xC0E0,0xE240,0xE240,0xD180,0xE240,0xE220,0xFB20,0xD9E0,0xE200,0xF300,0xD9E0,0xB880,
    0xC0C0,0xD9C0,0xC940,0xA820,0xC0E0,0xC0E0,0xB860,0xC0E0,0xD160,0xC940,0xB860,0xC0A0,
    0xC100,0xA800,0xB040,0xB040,0xB880,0xC0E0,0xB020,0xA000,0xA800,0xA800,0xB8C0,0xD9A0,
    0xC0C0,0xB860,0xD140,0xD9E0,0xC900,0xC100,0xC900,0xC0C0,0xD180,0xC920,0xB040,0xB8A0,
    0xC0E0,0xD160,0xEA80,0xD9E0,0xC940,0xD9C0,0xD1A0,0xD9E0,0xDA00,0xD9C0,0xD9C0,0xC920,
    0xD180,0xEA60,0xD9E0,0xB020,0xA820,0xC920,0xC0E0,0xC920,0xC920,0xE1E0,0xB060,0x9800,
    0xB8A0,0xF2C0,0xE220,0xC920,0xD160,0xD180,0xD9C0,0xB860,0xE200,0xD1A0,0xB8A0,0xE220,
    0xD1A0,0xE240,0xF2C0,0xD9C0,0xD180,0xC0C0,0xC940,0xD9E0,0xB8A0,0xA840,0xC940,0xEA60,
    0xD1A0,0xA800,0xA000,0xA020,0xB060,0xB020,0xB860,0xB060,0xC960,0xD9C0,0xB880,0xB880,
    0xD160,0xE200,0xEA60,0xD160,0xB860,0xA000,0x9800,0xB040,0xD9E0,0xEA80,0xD180,0xC0E0,
    0xB880,0xB040,0xB040,0xB8A0,0xA000,0xC0E0,0xE200,0xE240,0xE220,0xEA80,0xD180,0xC0C0,
    0xD9C0,0xD160,0xA800,0xB040,0xB8A0,0xC100,0xEA80,0xD9A0,0xD180,0xE220,0xD160,0xB040,
    0xC0E0,0xC920,0xB060,0xB860,0xA800,0xB000,0xA000,0xA820,0xC0C0,0xB040,0xB040,0xC900,
    0xC0E0,0xC900,0xDA00,0xF2E0,0xFB00,0xE240,0xE240,0xE200,0xD160,0xC900,0xC0C0,0xD160,
    0xEA80,0xD9E0,0xB060,0xC920,0xC940,0xC0E0,0xB020,0xA800,0xB040,0xC900,0xE240,0xD1A0,
    0xC900,0xD180,0xB8A0,0xC920,0xD9C0,0xB040,0xB020,0xB8A0,0xC0E0,0xC100,0xE240,0xE200,
    0xC940,0xD180,0xD9E0,0xD9E0,0xEA80,0xFB20,0xFB80,0xFB60,0xFB00,0xF2E0,0xFB00,0xFB20,
    0xFB40,0xFB60,0xFBA0,0xFBC0,0xFBA0,0xEA60,0xD9E0,0xD9E0,0xD9C0,0xFC01,0xFB60,0xE220,
    0xD9C0,0xD1A0,0xEA80,0xFB40,0xEAA0,0xE220,0xF340,0xEAA0,0xD9E0,0xD9E0,0xD1A0,0xD1A0,
    0xC940,0xD9A0,0xDA00,0xEA60,0xFB40,0xFC21,0xEAC0,0xD9E0,0xD9E0,0xEA80,0xE240,0xF2A0,
    0xFB40,0xFB00,0xF2E0,0xFB80,0xEAC0,0xD9C0,0xD160,0xA800,0xB020,0xD160,0xE200,0xB880,
    0xA820,0xB020,0xA000,0xA800,0xA000,0xB8A0,0xD160,0xA840,0xB040,0xD9E0,0xC940,0xB860,
    0xA820,0x9800,0xB020,0xC0C0,0xE200,0xF2E0,0xB860,0xB040,0xD140,0xC920,0xD160,0xD160,
    0xC0E0,0xB880,0xC960,0xD9C0,0xE220,0xF300,0xC0C0,0xA820,0x9800,0xA000,0xC920,0xF2C0,
    0xF300,0xE220,0xC900,0xC0E0,0xC0E0,0xD180,0xD180,0xC920,0xD180,0xE240,0xEAC0,0xC940,
    0xD160,0xE240,0xE200,0xC940,0xC940,0xF2E0,0xFB60,0xD9C0,0xB020,0xA800,0xA800,0xC920,
    0xC0C0,0xC900,0xE220,0xC900,0xD180,0xD160,0xC0C0,0xA800,0x9800,0xA000,0xB060,0xC100,
    0xC0C0,0xB860,0xB060,0xB880,0xB060,0xB040,0xC100,0xB040,0x9800,0x9800,0xA000,0xA800,
    0xB060,0xB880,0xC900,0xC940,0xC920,0xB020,0x9800,0xB040,0xC0C0,0xD9C0,0xC920,0xC900,
    0xC940,0xEA60,0xF2E0,0xD180,0xC920,0xD180,0xD180,0xE220,0xD180,0xB060,0xC940,0xC100,
    0xC0C0,0xC900,0xD180,0xB020,0xA800,0xB8A0,0xC940,0xD9C0,0xF2E0,0xFBC0,0xFB40,0xF2A0,
    0xD180,0xD9A0,0xEA80,0xE220,0xEA60,0xF2C0,0xF2A0,0xFB80,0xFB20,0xE200,0xE240,0xF300,
    0xFC20,0xFCA3,0xFCC5,0xFCA3,0xFBE1,0xFBC0,0xFCA4,0xFCC5,0xFC83,0xFBE0,0xFC62,0xFB81,
    0xFB60,0xFC20,0xFC20,0xFB80,0xF2E0,0xF2E0,0xC940,0xD9C0,0xFB80,0xEA80,0xE220,0xDA00,
    0xDA00,0xC0C0,0xB880,0xB8A0,0xC0E0,0xB880,0xB860,0xC100,0xD1A0,0xD9E0,0xE200,0xD9E0,
    0xC920,0xE240,0xF2C0,0xD180,0xD180,0xC0E0,0xA000,0xB020,0xB040,0xA800,0xC900,0xD9A0,
    0xF300,0xEA40,0xC940,0xC920,0xA800,0xC960,0xF2E0,0xEA80,0xB8A0,0xA820,0xE200,0xF2E0,
    0xC920,0xC900,0xC920,0xD1A0,0xDA00,0xD9C0,0xC0C0,0xB8A0,0xD1A0,0xC900,0xB040,0xE200,
    0xC940,0xD140,0xE200,0xC0E0,0xC940,0xDA00,0xB860,0xD9C0,0xE200,0xC0E0,0xC900,0xE220,
    0xFB20,0xF2E0,0xD9A0,0xD1C0,0xEA60,0xFB60,0xFDCD,0xFD08,0xFBE1,0xFC21,0xFB20,0xEAE1,
    0xFDEE,0xFC63,0xFB40,0xDA00,0xC920,0xF340,0xF300,0xC920,0xC100,0xC0C0,0xD1A0,0xFB20,
    0xFB60,0xFBE0,0xFBE0,0xE260,0xC920,0xC0E0,0xB040,0xC940,0xD1A0,0xC100,0xD9C0,0xF2C0,
    0xDA00,0xDA00,0xB8C0,0xA820,0xC0A0,0xC940,0xD9C0,0xD160,0xC920,0xE240,0xEAA0,0xE200,
    0xEAA0,0xF2A0,0xEA60,0xFBC1,0xFB81,0xFBC0,0xEA80,0xB880,0xD180,0xD160,0xB860,0xB060,
    0xC0C0,0xA820,0xA820,0xC0E0,0xC100,0xD1A0,0xC0E0,0xD180,0xD9C0,0xA800,0xB060,0xC920,
    0xC100,0xC920,0xB880,0xA820,0xA800,0xA000,0xB080,0xC0A0,0xB880,0xC0E0,0xC100,0xD160,
    0xD180,0xC920,0xC0C0,0xB8A0,0xE200,0xEA80,0xC0C0,0xB8A0,0xC960,0xD160,0xD9E0,0xC920,
    0xD1A0,0xE220,0xE240,0xD1A0,0xD1A0,0xD1A0,0xB8C0,0xB060,0xB860,0xC920,0xC940,0xC920,
    0xC0C0,0xD1A0,0xC920,0xC100,0xB860,0xC940,0xB860,0xA800,0xB040,0xD9C0,0xD9A0,0xD140,
    0xD160,0xC0E0,0xB8A0,0xC940,0xE240,0xC900,0xC0C0,0xFB00,0xD9E0,0xDA00,0xE240,0xEA80,
    0xEA60,0xC0C0,0xC0E0,0xE200,0xD180,0xC0E0,0xC0C0,0xC920,0xC0E0,0xC920,0xA000,0x9800,
    0xA820,0xC0C0,0xB080,0xC0C0,0xF300,0xDA00,0xC0A0,0xD9E0,0xFB40,0xF300,0xD180,0xC0C0,
    0xA840,0xB060,0xB880,0xB8A0,0xC940,0xD180,0xC920,0xB060,0x9800,0xB080,0xC940,0xD160,
    0xA800,0xC0C0,0xE240,0xD9C0,0xF2C0,0xE240,0xD160,0xC0E0,0xD160,0xC920,0xA000,0xA800,
    0xB8A0,0xD9C0,0xF2E0,0xD9C0,0xC920,0xE240,0xB040,0xB020,0xC940,0xD9E0,0xC920,0xD160,
    0xB8A0,0xC100,0xA000,0xA840,0xD180,0xB8C0,0xA840,0xD160,0xC940,0xD9A0,0xE220,0xDA00,
    0xD9C0,0xD160,0xD9E0,0xD1A0,0xD9C0,0xC100,0xB880,0xB880,0xC100,0xD180,0xC920,0xE200,
    0xD160,0xC0E0,0xB040,0xA800,0xB020,0xD160,0xE220,0xD160,0xD9E0,0xD1A0,0xC0E0,0xE240,
    0xFBE0,0xD180,0xB8A0,0xC0C0,0xC900,0xB880,0xD160,0xE240,0xD9E0,0xEAA0,0xE240,0xF300,
    0xFB60,0xFB60,0xFB40,0xFBC0,0xFB80,0xFB20,0xFB00,0xEAA0,0xEA80,0xFB40,0xFB40,0xFBA0,
    0xFC20,0xFB80,0xF2A0,0xEA60,0xE240,0xFBC0,0xE220,0xC940,0xD160,0xD160,0xEA80,0xFBC0,
    0xF320,0xEA80,0xFC21,0xF320,0xEA40,0xEA80,0xE240,0xD9E0,0xD9C0,0xD9E0,0xEA80,0xF2E0,
    0xF2A0,0xF2C0,0xDA00,0xD9C0,0xEA60,0xF2E0,0xE240,0xFB20,0xFC00,0xFB40,0xFB60,0xFC00,
    0xEAC0,0xEA80,0xC940,0xA800,0xB860,0xC0A0,0xC0E0,0xC0E0,0xC920,0xB040,0xA800,0x9800,
    0x9800,0xA820,0xB060,0xA820,0xB8A0,0xC0E0,0xA820,0xB8A0,0xC920,0xA820,0xA000,0xA820,
    0xD9E0,0xE220,0xC900,0xB040,0xC0C0,0xB8A0,0xC0E0,0xD140,0xE220,0xC100,0xD160,0xD9E0,
    0xE240,0xFB80,0xB880,0xA000,0x9800,0xB040,0xE240,0xF2E0,0xE240,0xE220,0xC900,0xB860,
    0xA800,0xB880,0xC940,0xD1A0,0xC940,0xE200,0xE220,0xC920,0xD160,0xD9E0,0xD9C0,0xD180,
    0xD160,0xF2E0,0xF2E0,0xD180,0xB020,0xB8A0,0xB880,0xD9C0,0xE220,0xC900,0xC0C0,0xB8A0,
    0xD160,0xD180,0xC920,0xA800,0x9800,0xA800,0xA000,0xA800,0xB040,0xB860,0xA800,0xB020,
    0xB060,0xC900,0xD180,0xB040,0xA840,0xA000,0xA000,0xB020,0xB8A0,0xB8A0,0xC0E0,0xC0E0,
    0xC900,0xB880,0xB060,0xB8A0,0xB040,0xC0E0,0xC920,0xD160,0xD9E0,0xD160,0xD180,0xB040,
    0xD160,0xEA60,0xEA60,0xE200,0xC100,0x9800,0xA000,0xB040,0xC0C0,0xB8A0,0xC940,0xB8A0,
    0xA820,0xB860,0xC0C0,0xB860,0xD9E0,0xF2E0,0xE260,0xEA60,0xD9C0,0xD160,0xD9E0,0xEA80,
    0xFB20,0xF300,0xEA40,0xFB80,0xFB60,0xEA60,0xE240,0xF2E0,0xFC63,0xFCA3,0xFCC5,0xFCE6,
    0xFC63,0xFC21,0xFC01,0xFBE1,0xFC62,0xFC01,0xFD8B,0xFCC5,0xFCA3,0xFC62,0xFC41,0xFBA0,
    0xFBA0,0xF2E0,0xD160,0xD9C0,0xE220,0xE240,0xDA00,0xF300,0xF300,0xC0E0,0xB860,0xB040,
    0xC900,0xD9C0,0xD180,0xC100,0xE200,0xEAA0,0xE220,0xC940,0xC900,0xD1A0,0xEA60,0xEA80,
    0xEA80,0xD9C0,0xB880,0xA800,0xB020,0xB040,0xB020,0xC940,0xEA60,0xF2E0,0xD160,0xC0E0,
    0xB040,0xD9C0,0xFB00,0xF2A0,0xD9C0,0xB8A0,0xC940,0xF2C0,0xD9C0,0xE220,0xD1A0,0xD9C0,
    0xF2C0,0xE220,0xB040,0xC920,0xC920,0xA800,0xD160,0xE200,0xC920,0xEAA0,0xE220,0xC900,
    0xA800,0xA000,0xA800,0xC940,0xE200,0xD180,0xD1A0,0xFB00,0xF2C0,0xEA80,0xE240,0xE220,
    0xFAC0,0xFC45,0xFFBC,0xFC88,0xFAC0,0xFBA0,0xF2C0,0xE260,0xFCC8,0xFBE4,0xE1E0,0xD180,
    0xE220,0xFD06,0xEB21,0xB880,0xA820,0xB020,0xC0C0,0xF2A0,0xF341,0xEA80,0xE220,0xD9E0,
    0xC920,0xC0C0,0xC0E0,0xC920,0xE240,0xC0C0,0xC0E0,0xEA60,0xD1A0,0xD160,0xB060,0xA800,
    0xF320,0xEA60,0xD180,0xC960,0xD9C0,0xE200,0xFBE4,0xFC86,0xF300,0xF2C0,0xD9E0,0xF361,
    0xFC63,0xEA60,0xF2E0,0xE200,0xB860,0xB860,0xD1A0,0xD180,0xC0E0,0xB020,0xB020,0xB040,
    0xC920,0xD160,0xD180,0xE240,0xE240,0xD180,0xC900,0xD180,0xEA80,0xD9E0,0xC920,0xC0E0,
    0xB880,0xA000,0xA820,0xB020,0xB880,0xD1A0,0xDA00,0xE240,0xE220,0xC940,0xB860,0xB020,
    0xE220,0xF2E0,0xC0A0,0xC900,0xE220,0xD180,0xD160,0xC920,0xD140,0xD9C0,0xD9C0,0xD9C0,
    0xC900,0xC0E0,0xB040,0x9800,0xB8A0,0xC0C0,0xB040,0xC900,0xC900,0xD180,0xC940,0xB860,
    0xB040,0xB880,0xB040,0xB040,0xB040,0xC100,0xC940,0xC0C0,0xC900,0xC0C0,0xB880,0xC940,
    0xEA80,0xB8A0,0xB880,0xEAA0,0xD9A0,0xC0E0,0xD1A0,0xFB40,0xF361,0xB880,0xC100,0xD180,
    0xC940,0xD9C0,0xB880,0xB880,0xC0E0,0xD9C0,0xB040,0xA820,0xD1A0,0xC0E0,0xB8A0,0xC0E0,
    0xD1A0,0xC100,0xC940,0xEA60,0xDA00,0xEA80,0xD160,0xB040,0xA000,0xC0E0,0xC0E0,0xB880,
    0xC0E0,0xC940,0xD180,0xD160,0xB880,0xC940,0xD9E0,0xC900,0xA000,0xC940,0xE200,0xC0E0,
    0xC0E0,0xD160,0xC920,0xC0C0,0xC0E0,0xC0E0,0xA000,0xA800,0xB880,0xD160,0xD1A0,0xD180,
    0xC0E0,0xD1A0,0xA820,0xB020,0xEAA0,0xE220,0xD9A0,0xD9E0,0xD160,0xD9C0,0xB880,0xB880,
    0xEA60,0xD1A0,0xC0C0,0xD1A0,0xD9A0,0xD9E0,0xD9E0,0xC920,0xB040,0xC0E0,0xD1A0,0xD9E0,
    0xE240,0xD160,0xB8A0,0xC940,0xC900,0xD9C0,0xD9E0,0xE240,0xC940,0xB880,0xB040,0xB020,
    0xB880,0xDA00,0xEA60,0xD1A0,0xD1A0,0xC0E0,0xB880,0xD9E0,0xFB20,0xC940,0xB880,0xC0C0,
    0xC920,0xB8A0,0xC0C0,0xD9C0,0xDA00,0xF2C0,0xF2E0,0xF300,0xFB80,0xFBE0,0xFBC0,0xFB80,
    0xFBA0,0xFB60,0xFB20,0xF2E0,0xE240,0xE240,0xF2A0,0xFB60,0xFC61,0xFB60,0xFB40,0xFB40,
    0xFB40,0xEA60,0xC900,0xD9C0,0xFB60,0xF300,0xF2A0,0xFB40,0xFB60,0xFB20,0xFC21,0xFB80,
    0xEAA0,0xFB40,0xF2C0,0xE220,0xE220,0xEA40,0xFB20,0xFBA0,0xFB40,0xF2C0,0xD9E0,0xE220,
    0xFB80,0xFBC0,0xF2E0,0xFBA0,0xFC41,0xFBA0,0xFC41,0xFC62,0xFB40,0xEAA0,0xC0E0,0xB040,
    0xB8A0,0xC0C0,0xC0E0,0xC920,0xD180,0xB8A0,0xA000,0x9800,0xA000,0xA800,0xB040,0xA820,
    0xA000,0x9800,0xA800,0xC920,0xD180,0xB040,0xA000,0xA000,0xC920,0xC0E0,0xB880,0xC940,
    0xC900,0xB040,0xC0C0,0xE240,0xF2C0,0xD9C0,0xE220,0xE200,0xE200,0xF300,0xB040,0xA800,
    0xA000,0xB040,0xE240,0xEA80,0xD9A0,0xD180,0xC920,0xB880,0xA800,0xB8A0,0xD9C0,0xD160,
    0xB020,0xD9C0,0xE220,0xD160,0xD180,0xC0C0,0xD1A0,0xD9E0,0xC900,0xE200,0xE220,0xC0E0,
    0xC900,0xE220,0xD180,0xEAA0,0xF2E0,0xC920,0xB880,0xB860,0xC0A0,0xC920,0xD160,0xB040,
    0xB040,0xB8A0,0xB8A0,0xA800,0xB880,0xC0E0,0xC0C0,0xA800,0xA800,0xA820,0xD9C0,0xD160,
    0xB060,0xA800,0xB000,0xB020,0xC920,0xC0A0,0xB8A0,0xC0E0,0xC0A0,0xB060,0xB8A0,0xB880,
    0xC0C0,0xB000,0xC0C0,0xD9C0,0xDA00,0xD9E0,0xD1A0,0xC100,0xDA00,0xFBE0,0xFB40,0xEA80,
    0xC0C0,0xA000,0xA800,0xB020,0xC0E0,0xC0A0,0xD1A0,0xDA00,0xC0E0,0xB880,0xC0E0,0xB8A0,
    0xD9E0,0xD1A0,0xB8A0,0xC960,0xD9E0,0xD9E0,0xDA00,0xE240,0xF2E0,0xEA80,0xD9A0,0xF2C0,
    0xF2A0,0xE200,0xE240,0xF300,0xFCA4,0xFD08,0xFCA4,0xFD6A,0xFD4A,0xFC63,0xFCC5,0xFC42,
    0xFC82,0xFD8B,0xFD29,0xFB60,0xFC62,0xFBE0,0xFB00,0xFBA0,0xFC41,0xE260,0xD9A0,0xEA60,
    0xD9C0,0xE220,0xEA80,0xEAA0,0xEA60,0xC920,0xB8A0,0xB8A0,0xC940,0xE220,0xDA00,0xD1A0,
    0xE200,0xF2C0,0xEA80,0xD9C0,0xC920,0xD180,0xD160,0xE220,0xEA60,0xD9C0,0xD180,0xB8A0,
    0xB040,0xB040,0xB020,0xC100,0xC920,0xE240,0xE240,0xC900,0xD1A0,0xEA80,0xEA80,0xE220,
    0xE240,0xC0C0,0xC920,0xD160,0xC940,0xEAA0,0xE200,0xD9C0,0xEA60,0xE220,0xC100,0xC900,
    0xB880,0xB060,0xDA00,0xF2C0,0xE200,0xEAA0,0xD9E0,0xC920,0xB860,0xA800,0xA000,0xB040,
    0xC940,0xD9C0,0xE240,0xF2C0,0xDA00,0xEA80,0xF2E0,0xF2C0,0xFB60,0xFD07,0xFE0E,0xEAC1,
    0xEA80,0xF2E0,0xEA60,0xD9A0,0xD180,0xFC86,0xEA60,0xC0A0,0xE240,0xFBE2,0xD180,0xB040,
    0xA000,0xC0E0,0xE240,0xD1A0,0xC920,0xC8E0,0xC0E0,0xC900,0xC8E0,0xFB80,0xEAE0,0xD180,
    0xE200,0xC0C0,0xB040,0xD160,0xD180,0xC940,0xB8A0,0xB860,0xD9E0,0xE200,0xC900,0xC940,
    0xD9C0,0xC900,0xEB22,0xFDAB,0xF3A2,0xD9C0,0xD1A0,0xEAA0,0xFBA0,0xD9A0,0xE220,0xE220,
    0xC0C0,0xA800,0xC0E0,0xD1A0,0xD160,0xC0C0,0xC0C0,0xC940,0xD9C0,0xC0C0,0xD180,0xE200,
    0xD9A0,0xEA60,0xF2E0,0xE240,0xF2E0,0xE240,0xC940,0xC900,0xB020,0xA000,0xA800,0xA800,
    0xB8A0,0xE220,0xFB20,0xFBA0,0xF2A0,0xE200,0xC0E0,0xA820,0xD9E0,0xD9A0,0xB860,0xD180,
    0xE240,0xD160,0xD1A0,0xC0E0,0xC900,0xC0E0,0xC0C0,0xC940,0xC0C0,0xB860,0xA820,0xA000,
    0xD140,0xB860,0xA800,0xB860,0xB880,0xB040,0xC0C0,0xC900,0xC0E0,0xC940,0xB8C0,0xB020,
    0xC940,0xC0C0,0xC0C0,0xC0C0,0xC920,0xC0E0,0xB880,0xC0A0,0xC940,0xC0A0,0xA800,0xC100,
    0xC0E0,0xB020,0xB860,0xEA80,0xFB81,0xD9A0,0xC940,0xB860,0xB020,0xB880,0xB040,0xB8A0,
    0xA800,0xB880,0xB860,0xA800,0xE220,0xC900,0xC0E0,0xB880,0xC920,0xD9C0,0xD1A0,0xE200,
    0xC0C0,0xDA00,0xD9E0,0xB880,0x9800,0xB040,0xB860,0xB8A0,0xD160,0xC920,0xD180,0xFB20,
    0xD1A0,0xD9C0,0xD9C0,0xA820,0x9800,0xE220,0xD9C0,0xA000,0x9800,0xA800,0xD180,0xC100,
    0xB880,0xC0E0,0xC0E0,0xC0C0,0xC0E0,0xD180,0xC0C0,0xB880,0xD160,0xD180,0xC0E0,0xD1A0,
    0xF300,0xD9A0,0xB880,0xC0E0,0xC900,0xC0C0,0xB040,0xB060,0xD1A0,0xE220,0xD160,0xD180,
    0xD180,0xC900,0xD160,0xC960,0xB880,0xC900,0xC940,0xC940,0xD9E0,0xD180,0xC940,0xF2E0,
    0xC940,0xC940,0xD9E0,0xC940,0xC900,0xB8A0,0xB880,0xC900,0xC0E0,0xD180,0xD9A0,0xC920,
    0xC0E0,0xC0C0,0xC0C0,0xD1A0,0xD9A0,0xC940,0xB040,0xA800,0xB880,0xC920,0xB8A0,0xD160,
    0xD9E0,0xEA40,0xF2E0,0xEA60,0xF300,0xFBC0,0xFC20,0xFB40,0xEA80,0xEAA0,0xFB00,0xF2E0,
    0xE240,0xE220,0xE240,0xFB20,0xFC21,0xFBA0,0xFB40,0xFC00,0xFCA3,0xDA01,0xD180,0xFBA1,
    0xFCC3,0xFBC0,0xEAA0,0xEA60,0xF2E0,0xFB20,0xEAA0,0xEA60,0xFB20,0xFB40,0xF2C0,0xF2C0,
    0xEA60,0xF2E0,0xFBC0,0xFBA0,0xFBC0,0xF2E0,0xEA60,0xFB60,0xFBC0,0xFC20,0xFBE0,0xFC63,
    0xFC20,0xFC20,0xFCE6,0xFD27,0xFBE1,0xEA40,0xC100,0xC0C0,0xC940,0xC900,0xD160,0xC0E0,
    0xB880,0xB8A0,0xA000,0xA000,0x9800,0xB8A0,0xB8A0,0x9800,0x9800,0x9800,0xA800,0xC0C0,
    0xC920,0xB020,0xA800,0xB040,0xC0E0,0xB060,0xC0E0,0xEA60,0xD9A0,0xC940,0xC0A0,0xD160,
    0xEA80,0xF2C0,0xEA60,0xC900,0xD9E0,0xEA60,0xB060,0xA000,0xA000,0xA800,0xD180,0xE240,
    0xD9E0,0xDA00,0xC940,0xC100,0xC100,0xD9E0,0xD9E0,0xEA80,0xD180,0xD160,0xEA60,0xC900,
    0xB880,0xA800,0xC920,0xC940,0xD160,0xD9C0,0xD180,0xB880,0xC940,0xD9E0,0xD1A0,0xF2E0,
    0xF2E0,0xD180,0xB060,0xA000,0xA820,0xC0A0,0xC0E0,0xB880,0xB040,0xC900,0xC920,0xC0C0,
    0xC920,0xC0C0,0xB040,0xA820,0x9800,0xA800,0xA840,0xB880,0xA800,0xA000,0xC940,0xD160,
    0xC0E0,0xB860,0xC920,0xC0E0,0xB020,0xA000,0xA820,0xC920,0xD160,0xB040,0xC920,0xE240,
    0xFB40,0xEA80,0xD9E0,0xD160,0xDA20,0xFBE1,0xF2E0,0xE240,0xC940,0xA820,0xA800,0xB020,
    0xC900,0xD160,0xF2C0,0xE200,0xB880,0xB880,0xC940,0xB880,0xC960,0xD9E0,0xC900,0xD160,
    0xE220,0xE220,0xE220,0xEAC0,0xF320,0xD9A0,0xD1A0,0xE200,0xEA60,0xD9E0,0xE240,0xF2E0,
    0xFCA4,0xFD6B,0xFD49,0xFD8C,0xFD8C,0xFD07,0xFE0F,0xFD07,0xFBA1,0xFC02,0xFC00,0xFB80,
    0xFB60,0xF2C0,0xEA60,0xFB80,0xFB80,0xD9E0,0xD9E0,0xD9E0,0xE240,0xEA60,0xFB40,0xD9E0,
    0xD1A0,0xD180,0xD9C0,0xE240,0xD9C0,0xD9E0,0xEAA0,0xD9E0,0xD9A0,0xEA80,0xE200,0xD180,
    0xD9C0,0xD1A0,0xC920,0xC0E0,0xC920,0xD1A0,0xD9C0,0xD180,0xC0E0,0xB8A0,0xB040,0xB040,
    0xA800,0xD180,0xE220,0xD1A0,0xF2E0,0xF2C0,0xD9C0,0xC900,0xD180,0xC920,0xD180,0xC0A0,
    0xC100,0xEA60,0xE200,0xD9A0,0xD9E0,0xD9C0,0xC940,0xD180,0xC920,0xD160,0xD9E0,0xF300,
    0xE260,0xEA60,0xC940,0xC940,0xD160,0xC0E0,0xA820,0xB040,0xC900,0xE240,0xF2E0,0xEAA0,
    0xD9C0,0xF2A0,0xFB60,0xFCA5,0xFCA4,0xFBC0,0xE260,0xD180,0xEA80,0xE240,0xD160,0xD160,
    0xC920,0xE260,0xF300,0xD180,0xC900,0xD980,0xB8A0,0xB880,0xA000,0xC940,0xE240,0xD140,
    0xB080,0xA840,0xC0C0,0xDA00,0xE240,0xF320,0xEA80,0xD9E0,0xC940,0xA800,0xB040,0xC0E0,
    0xC0E0,0xC0C0,0xB020,0xC920,0xD1A0,0xC940,0xB880,0xC940,0xD9E0,0xB8A0,0xE220,0xFBE0,
    0xE240,0xC940,0xD9E0,0xE240,0xF2C0,0xD9E0,0xD9C0,0xE240,0xE220,0xC920,0xC940,0xE220,
    0xD9E0,0xD1A0,0xD180,0xEA60,0xEA60,0xD160,0xD180,0xC920,0xC0E0,0xD160,0xEA60,0xEA80,
    0xD9C0,0xC940,0xC0E0,0xC0E0,0xB060,0xA800,0xB860,0xB040,0xB8A0,0xC100,0xC920,0xD9C0,
    0xD1A0,0xD1A0,0xC900,0xC0E0,0xD9A0,0xC0E0,0xB040,0xC920,0xEA40,0xD1A0,0xC920,0xB040,
    0xB060,0xB880,0xB8A0,0xB8A0,0xB060,0xC0A0,0xA000,0xB060,0xD140,0xB060,0xC0E0,0xB040,
    0xB040,0xB880,0xD180,0xEA80,0xEA60,0xEA80,0xC920,0xB020,0xC900,0xC0C0,0xB8A0,0xD160,
    0xD9C0,0xD9E0,0xC0E0,0xB060,0xB040,0xB880,0xB060,0xB040,0xC0E0,0xB020,0xB040,0xD9A0,
    0xEA60,0xC920,0xB8A0,0xB020,0x9800,0xA800,0xB060,0xB020,0xC0C0,0xC900,0xB880,0xB000,
    0xC920,0xC0C0,0xC0E0,0xB8C0,0xC100,0xE220,0xE220,0xE220,0xB060,0xD180,0xD9E0,0xA800,
    0xA000,0xA820,0xD160,0xD9E0,0xD180,0xC920,0xD9C0,0xFB40,0xD9E0,0xB880,0xC0E0,0xA000,
    0xA800,0xC920,0xC920,0xC900,0xC920,0xB880,0xC0E0,0xC0C0,0xC0E0,0xC0C0,0xD180,0xD9E0,
    0xC940,0xD160,0xB060,0xA800,0xB880,0xD180,0xE240,0xF2A0,0xD180,0xB880,0xA800,0xA800,
    0xB8A0,0xC100,0x9800,0xB040,0xC0C0,0xD9C0,0xD160,0xC920,0xD160,0xB880,0xB8A0,0xD180,
    0xD9C0,0xC100,0xB8A0,0xC900,0xB880,0xB020,0xC900,0xF300,0xF2E0,0xC0A0,0xB8A0,0xC100,
    0xC0C0,0xC0E0,0xC900,0xC940,0xC900,0xC900,0xE200,0xD1A0,0xC920,0xB8A0,0xC920,0xD1A0,
    0xD1A0,0xC920,0xC0E0,0xB040,0xB860,0xC920,0xC940,0xD9C0,0xFB00,0xFB40,0xF2C0,0xE220,
    0xF2E0,0xFB80,0xFBA0,0xFB40,0xF2A0,0xE240,0xFB20,0xFB60,0xEA80,0xF2C0,0xE240,0xEA80,
    0xFB60,0xF300,0xF2E0,0xFBC0,0xFBE0,0xDA20,0xEA60,0xFC01,0xFC01,0xF2E0,0xD9C0,0xD9A0,
    0xE220,0xE240,0xF2C0,0xE240,0xE200,0xE200,0xF2C0,0xFB20,0xF2E0,0xFB60,0xFBE0,0xFBA0,
    0xFBE0,0xFB20,0xF2C0,0xFB60,0xFBA0,0xFBE0,0xFBE0,0xFCA4,0xFCA4,0xFCC6,0xFDCE,0xFD8B,
    0xFC83,0xF2C0,0xD9C0,0xD9A0,0xE220,0xE240,0xD9C0,0xA800,0xB860,0xC900,0xB880,0xA820,
    0x9800,0xB040,0xA820,0x9000,0xA000,0x9800,0xA800,0xA800,0xA000,0xA820,0xA000,0xC0E0,
    0xC900,0xC900,0xC100,0xEA60,0xEA60,0xD1A0,0xC0C0,0xB8A0,0xD180,0xFB20,0xF300,0xC920,
    0xD9E0,0xEA60,0xC0E0,0x9800,0x9800,0xB020,0xC920,0xE200,0xEA60,0xDA00,0xC920,0xC0A0,
    0xEAA1,0xFBE3,0xD9C0,0xE260,0xE220,0xE220,0xE200,0xC100,0xC940,0xC8E0,0xB020,0xA800,
    0xB880,0xD1A0,0xC900,0xA820,0xB880,0xD160,0xC940,0xEA80,0xE220,0xD140,0xB040,0x9800,
    0x9800,0xA000,0xA800,0xC920,0xC0E0,0xD1A0,0xE220,0xD180,0xC0C0,0xC940,0xB860,0xA800,
    0xA000,0xA000,0xB880,0xB040,0xC0E0,0xA800,0xC100,0xD9C0,0xC0E0,0xD160,0xD1A0,0xB880,
    0xB860,0xA820,0xDA00,0xC960,0xB8A0,0xB860,0xC900,0xEA80,0xEA80,0xE220,0xD9A0,0xD180,
    0xEAE0,0xF360,0xD9E0,0xD9E0,0xC920,0xB020,0xB020,0xB880,0xC900,0xF320,0xF2E0,0xD160,
    0xC100,0xC0C0,0xC0C0,0xB880,0xD180,0xE240,0xD160,0xC940,0xD160,0xEA80,0xF360,0xEAC0,
    0xE220,0xC0C0,0xD160,0xE220,0xE220,0xD9C0,0xE240,0xFB40,0xFD07,0xFD6B,0xFD6B,0xFE73,
    0xFDEE,0xFCC6,0xFDCD,0xFCA5,0xF2C0,0xF2A0,0xFBA0,0xFBC0,0xFBA0,0xF2E0,0xEA60,0xFB40,
    0xFB60,0xF2A0,0xD9A0,0xEA60,0xFC41,0xFB40,0xFB40,0xEAA0,0xE200,0xE240,0xEA80,0xF2E0,
    0xD9C0,0xD9E0,0xF2C0,0xD9E0,0xD160,0xD1A0,0xC920,0xC920,0xC940,0xC0C0,0xC940,0xC900,
    0xC920,0xE220,0xE220,0xC920,0xC940,0xD9C0,0xB040,0xC900,0xE240,0xEA80,0xD1A0,0xD9C0,
    0xFB20,0xDA00,0xB8A0,0xC920,0xD180,0xDA00,0xE220,0xB8A0,0xD160,0xEA60,0xD9E0,0xC100,
    0xD9C0,0xD160,0xD9C0,0xE220,0xDA00,0xE240,0xEA80,0xEAA0,0xF2E0,0xEA80,0xC920,0xC940,
    0xE220,0xD9C0,0xB880,0xC0C0,0xD9A0,0xEA60,0xF2E0,0xF2E0,0xE220,0xEA80,0xFC84,0xFD28,
    0xFBE1,0xE220,0xD160,0xD180,0xEA80,0xE200,0xC0A0,0xB8A0,0xC900,0xD9A0,0xEA80,0xEA60,
    0xD180,0xB040,0xA820,0xC0E0,0xB8C0,0xD180,0xE240,0xC0E0,0xA000,0xA000,0xB8A0,0xEA60,
    0xF2C0,0xF2E0,0xF341,0xD160,0xB8A0,0xA000,0xA800,0xC920,0xB8A0,0xB860,0xC900,0xD160,
    0xD9A0,0xC900,0xB060,0xC920,0xD1A0,0xC920,0xD1A0,0xD1A0,0xC900,0xD180,0xD9C0,0xF321,
    0xFD28,0xEAA0,0xC0C0,0xC0C0,0xE200,0xF2E0,0xF2A0,0xD9E0,0xD1A0,0xD180,0xEA60,0xEA60,
    0xE200,0xE200,0xE200,0xEA80,0xB8A0,0xC0C0,0xD9E0,0xEA80,0xC100,0xC0C0,0xD160,0xD9C0,
    0xC900,0xB880,0xB8C0,0xC920,0xC920,0xB860,0xB8A0,0xC940,0xB880,0xC940,0xB880,0xC900,
    0xC940,0xC100,0xC0C0,0xC0A0,0xD9A0,0xD160,0xB040,0x9800,0x9800,0xA800,0xB8A0,0xC0C0,
    0xB020,0xB880,0xB040,0xB860,0xD180,0xC940,0xD180,0xA820,0xC920,0xB8A0,0xD180,0xEA60,
    0xE240,0xF300,0xC920,0xB860,0xB8A0,0xB8A0,0xB880,0xC920,0xEA60,0xE220,0xC0C0,0xB040,
    0xA800,0xB880,0xC960,0xB040,0xB8A0,0xB860,0xB880,0xD160,0xD9E0,0xD1A0,0xC100,0xB040,
    0xA000,0xB080,0xC920,0xB020,0xD180,0xD9C0,0xE200,0xC0E0,0xC0E0,0xB8A0,0xB8A0,0xB8A0,
    0xA820,0xB8A0,0xD9C0,0xD180,0xB8A0,0xB8A0,0xC920,0xB040,0xA800,0xA820,0xE240,0xEA80,
    0xB8A0,0xB880,0xD9E0,0xEA80,0xB8A0,0xB020,0xC0E0,0xA820,0xB8A0,0xE260,0xD9E0,0xD180,
    0xEA60,0xC920,0xB020,0xC0E0,0xD180,0xC900,0xD1A0,0xD9C0,0xB060,0xC100,0xB060,0xB060,
    0xB060,0xC0C0,0xD9E0,0xC940,0xB040,0xB8A0,0xC940,0xB860,0xC0A0,0xC920,0xA000,0xB8A0,
    0xC0C0,0xC900,0xB8A0,0xB040,0xB880,0xC0C0,0xB8A0,0xEA80,0xF2C0,0xD1A0,0xD160,0xEAA0,
    0xD1A0,0xB020,0xB860,0xD1A0,0xEAA0,0xC920,0xC940,0xC0A0,0xC900,0xD180,0xC940,0xD160,
    0xC0E0,0xC920,0xE240,0xEAA0,0xD9C0,0xC0E0,0xDA00,0xFB40,0xEA60,0xD180,0xC960,0xC0E0,
    0xB880,0xC920,0xD9C0,0xE200,0xFBE0,0xFC81,0xFBC0,0xE240,0xF2C0,0xF2C0,0xEA80,0xF2C0,
    0xFB20,0xF2E0,0xFB80,0xFB80,0xE240,0xE240,0xEA60,0xE240,0xF2C0,0xFB00,0xFBE2,0xFC22,
    0xF2C0,0xE200,0xF300,0xFBA0,0xFB20,0xEA80,0xE220,0xD9C0,0xE200,0xEAA0,0xFB00,0xEA80,
    0xD1A0,0xD1A0,0xEAA0,0xFB20,0xF2E0,0xFB40,0xFBA0,0xFBC0,0xFC42,0xFB80,0xFB00,0xFB00,
    0xFB60,0xFC00,0xFC41,0xFCC5,0xFD49,0xFD8C,0xFD8B,0xFCC5,0xFC41,0xFB40,0xEA60,0xF2E0,
    0xF320,0xFB00,0xD180,0xB060,0xD180,0xE260,0xE220,0xB880,0xB880,0xB060,0xA000,0xA020,
    0xC920,0xC0A0,0xA800,0xA800,0x9800,0xA000,0xA800,0xC0E0,0xC0E0,0xC0A0,0xC0C0,0xE220,
    0xE220,0xC0E0,0xB880,0xC920,0xD180,0xF300,0xF2E0,0xD9C0,0xEA80,0xE240,0xB8A0,0x9800,
    0xA020,0xB8A0,0xB880,0xD9E0,0xEA80,0xD180,0xC0E0,0xD160,0xFBE3,0xFC86,0xE200,0xEA60,
    0xEAA0,0xEA80,0xDA00,0xC920,0xD160,0xD180,0xC920,0xC0E0,0xD140,0xE220,0xC0E0,0xB8A0,
    0xB8A0,0xC0E0,0xF2C0,0xFB40,0xC940,0xB020,0xB000,0x9800,0xA800,0xB8A0,0xB060,0xC0E0,
    0xC0C0,0xD160,0xE240,0xE220,0xC0C0,0xE200,0xE220,0xC0E0,0xA800,0xA000,0xB040,0xB060,
    0xC0E0,0xB860,0xB040,0xC0A0,0xC0C0,0xEA60,0xC920,0xB040,0xC100,0xC100,0xD160,0xC0C0,
    0xB040,0xA800,0xC0C0,0xE200,0xEA60,0xD160,0xD9C0,0xF2A0,0xFB60,0xFB20,0xD9E0,0xC920,
    0xC0C0,0xC0C0,0xC0C0,0xD140,0xD1A0,0xE240,0xE240,0xD9E0,0xD180,0xD180,0xD9C0,0xD180,
    0xD1A0,0xC940,0xD160,0xC920,0xC0C0,0xE240,0xFBC1,0xF2C0,0xE200,0xE260,0xEAE0,0xE220,
    0xEA80,0xEA60,0xEA40,0xFB20,0xFCC6,0xFD6B,0xFD07,0xFD8B,0xFE31,0xFD6A,0xFDCE,0xFC22,
    0xFB40,0xEA80,0xF300,0xFC40,0xFC41,0xFC00,0xF2E0,0xEA80,0xEA80,0xF2E0,0xEA60,0xF300,
    0xFB60,0xFB80,0xFBA0,0xFB40,0xEA40,0xE220,0xF300,0xFB80,0xE220,0xEA60,0xF2E0,0xEAA0,
    0xE220,0xB8A0,0xD180,0xDA00,0xC940,0xB040,0xD180,0xD180,0xEA60,0xD9E0,0xB8A0,0xB880,
    0xD160,0xE220,0xB020,0xD180,0xFBE0,0xFB20,0xD1A0,0xC920,0xF2A0,0xE200,0xB060,0xC940,
    0xD180,0xE240,0xE240,0xC920,0xC100,0xD180,0xC900,0xB060,0xC100,0xC0E0,0xE220,0xF2C0,
    0xEA80,0xFB40,0xF2C0,0xEA60,0xEAA0,0xEA80,0xD180,0xD9A0,0xEA80,0xEA80,0xC100,0xD160,
    0xEA80,0xE200,0xE240,0xEA60,0xD9E0,0xEA80,0xFCC5,0xFD08,0xFB40,0xE200,0xD180,0xC940,
    0xE200,0xE220,0xC0C0,0xB020,0xB860,0xEAC0,0xF300,0xEA60,0xD1A0,0xB880,0xA820,0xC0E0,
    0xD9E0,0xC100,0xD160,0xC0C0,0xC0E0,0xC0C0,0xC0C0,0xD1A0,0xD180,0xEAC0,0xF361,0xD9A0,
    0xC0C0,0xB040,0xB880,0xC900,0xA000,0xB060,0xD9A0,0xD1A0,0xD9C0,0xC0C0,0xB020,0xC0C0,
    0xC940,0xD180,0xD160,0xC0E0,0xB880,0xD180,0xEA60,0xFC23,0xFD08,0xFB81,0xC920,0xA800,
    0xB880,0xE240,0xD180,0xC940,0xB020,0xC940,0xE200,0xD1A0,0xE200,0xE220,0xE220,0xF2C0,
    0xC940,0xB880,0xD1A0,0xD9A0,0xC0C0,0xB8A0,0xE240,0xF2E0,0xC0A0,0xB040,0xC0A0,0xD180,
    0xD180,0xC960,0xC0E0,0xE200,0xD180,0xD180,0xB060,0xD160,0xC940,0xB880,0xB8A0,0xB8A0,
    0xC0E0,0xB880,0xA000,0xA000,0xA000,0xB060,0xC0A0,0xD180,0xD160,0xB040,0xB040,0xC920,
    0xC0C0,0xC100,0xC0C0,0xB020,0xE220,0xD9C0,0xC0E0,0xC920,0xD9E0,0xD1A0,0xC100,0xB8A0,
    0xB8A0,0xC100,0xC0C0,0xC100,0xEA60,0xE220,0xD160,0xC940,0xB040,0xB860,0xC920,0xB060,
    0xB020,0xC0A0,0xC940,0xEA60,0xD180,0xE240,0xD180,0xB080,0xA000,0xC0E0,0xC940,0xA800,
    0xC0C0,0xDA00,0xD9C0,0xD180,0xC0C0,0xB040,0xC100,0xB880,0xB040,0xEA80,0xD1A0,0xB860,
    0xC920,0xC900,0xB860,0xC920,0xC920,0xC940,0xEA60,0xD9E0,0xB040,0xC900,0xF300,0xEB01,
    0xB000,0xB020,0xC940,0xD160,0xC0E0,0xD9A0,0xEAA0,0xD160,0xE200,0xC940,0xB880,0xD160,
    0xE240,0xD180,0xC0E0,0xC100,0xB8A0,0xB8A0,0xD9C0,0xD180,0xC940,0xC940,0xD9C0,0xD9E0,
    0xC920,0xD9E0,0xD180,0xC900,0xC0C0,0xC940,0xB060,0xB8A0,0xC0E0,0xC920,0xC900,0xB880,
    0xB040,0xC0A0,0xD9C0,0xF2E0,0xEA80,0xEA60,0xE220,0xDA00,0xC940,0xA000,0xB060,0xC900,
    0xB880,0xB8A0,0xD180,0xA800,0xB8E0,0xD160,0xC920,0xD180,0xC900,0xD160,0xE220,0xEA80,
    0xD9C0,0xD1A0,0xE260,0xFC40,0xF300,0xE220,0xD9C0,0xD180,0xC0C0,0xD160,0xDA00,0xEA80,
    0xFBE1,0xFC82,0xFB80,0xFB00,0xEA80,0xEA80,0xE220,0xEA80,0xF2E0,0xFB40,0xFC41,0xFC21,
    0xEA40,0xD9E0,0xEA80,0xEA80,0xE240,0xF2E0,0xFB80,0xEAA0,0xE200,0xD9E0,0xFB20,0xFB60,
    0xF2E0,0xF2C0,0xEA60,0xE220,0xE240,0xF2C0,0xFB60,0xF2E0,0xE220,0xE200,0xEA60,0xFB20,
    0xFB40,0xFB60,0xFBA0,0xFC42,0xFCE7,0xFB00,0xFB00,0xFB00,0xFB20,0xFBE0,0xFC82,0xFCE6,
    0xFD07,0xFCE6,0xFC83,0xFB20,0xF2C0,0xEAA0,0xF2E0,0xFB60,0xF2E0,0xE200,0xC0A0,0xC940,
    0xEAA0,0xFB40,0xF320,0xC0A0,0xB880,0xC960,0xB060,0xB8C0,0xD1A0,0xD160,0xC0E0,0xA000,
    0xA000,0xA800,0xB040,0xB020,0xB020,0xB880,0xB040,0xC0C0,0xC0E0,0xC0C0,0xC940,0xD9E0,
    0xEA60,0xFB20,0xD9C0,0xC0E0,0xE240,0xD9E0,0xB880,0xA820,0xC100,0xC0C0,0xB860,0xC920,
    0xD160,0xC0A0,0xC920,0xD1A0,0xF321,0xF3A3,0xEA60,0xF300,0xF2E0,0xD9E0,0xD9C0,0xD180,
    0xC0C0,0xC0C0,0xE220,0xD140,0xE220,0xFB20,0xD9C0,0xD160,0xC940,0xB880,0xFB40,0xD9E0,
    0xB040,0xA000,0xC0A0,0xA000,0xB8C0,0xC940,0xC0A0,0xC0C0,0xC920,0xD160,0xD1A0,0xD9E0,
    0xD1A0,0xEA80,0xEAA0,0xE260,0xC0C0,0xA820,0xA820,0xB060,0xB060,0xD9A0,0xA840,0xB040,
    0xB8A0,0xE220,0xC900,0xC0C0,0xEA60,0xC940,0xC900,0xD1A0,0xD9E0,0xC940,0xB8A0,0xD180,
    0xF2A0,0xD160,0xD180,0xD9E0,0xE220,0xF2E0,0xEAA0,0xC940,0xC900,0xD140,0xD180,0xD9C0,
    0xD160,0xEAA0,0xFB60,0xEA60,0xE200,0xD9C0,0xEA80,0xD9E0,0xC0E0,0xB860,0xD9E0,0xD180,
    0xB880,0xC920,0xFB20,0xFB40,0xF2A0,0xF2C0,0xF300,0xEA40,0xEA60,0xF2E0,0xF2E0,0xFBA0,
    0xFCE6,0xFD6A,0xFC63,0xFBE0,0xFDEE,0xFDCD,0xFD8B,0xFD07,0xFC41,0xF300,0xF2A0,0xFB40,
    0xFBE0,0xFB40,0xE220,0xD9E0,0xF2C0,0xF2C0,0xF2E0,0xFBA0,0xF2C0,0xFB20,0xFBA0,0xFB60,
    0xEA60,0xDA00,0xEA80,0xFB00,0xEAA0,0xEA60,0xEAA0,0xF2E0,0xE200,0xB880,0xD9C0,0xEA80,
    0xD1A0,0xB020,0xC920,0xD9C0,0xD160,0xC0A0,0xB020,0xB860,0xC900,0xD160,0xC920,0xE220,
    0xD140,0xE220,0xD9E0,0xC0E0,0xE220,0xEA60,0xC100,0xD9E0,0xF2A0,0xE240,0xE200,0xB8A0,
    0xA000,0xD1A0,0xD180,0xB8C0,0xD160,0xD180,0xEA80,0xF2C0,0xF340,0xFBC1,0xE200,0xD9C0,
    0xD1A0,0xD1A0,0xD9E0,0xD9E0,0xE200,0xD9C0,0xC0E0,0xD9E0,0xF2C0,0xD9C0,0xD160,0xD160,
    0xD1A0,0xF2A0,0xFC44,0xFCC4,0xF300,0xE200,0xD180,0xC940,0xC940,0xE240,0xC900,0xB020,
    0xB000,0xF362,0xFC43,0xD9C0,0xD9C0,0xC0E0,0xB880,0xC920,0xC940,0xB8A0,0xC0C0,0xC0E0,
    0xD9E0,0xD9C0,0xD9E0,0xD9A0,0xC940,0xE220,0xEA80,0xD180,0xC920,0xC0C0,0xC0A0,0xB8C0,
    0x9800,0xB040,0xD180,0xD1A0,0xD160,0xC0E0,0xC0E0,0xC900,0xC920,0xD1A0,0xD9A0,0xC920,
    0xB040,0xB8A0,0xE200,0xFB40,0xFB20,0xEAC0,0xD180,0xB060,0xC900,0xD160,0xA800,0xB8A0,
    0xA800,0xD160,0xD9E0,0xD180,0xE220,0xDA00,0xD9C0,0xE220,0xD1A0,0xC940,0xD180,0xC940,
    0xB8A0,0xB040,0xDA00,0xE240,0xB8A0,0xB040,0xC0C0,0xEA80,0xE240,0xC940,0xB880,0xD9A0,
    0xD180,0xC0E0,0xC0C0,0xC0E0,0xC100,0xB860,0xB860,0xB860,0xB060,0xA800,0xB040,0xA800,
    0xB8A0,0xC900,0xB8A0,0xD180,0xD9E0,0xB8A0,0xB880,0xD9E0,0xB860,0xC900,0xC0C0,0xC0C0,
    0xD9C0,0xDA00,0xD1A0,0xD1A0,0xD9A0,0xD9E0,0xD9A0,0xC920,0xD160,0xD180,0xC900,0xC0E0,
    0xD9A0,0xD180,0xD9C0,0xD180,0xC0A0,0xC0E0,0xD160,0xD180,0xB020,0xD9E0,0xEAE0,0xE280,
    0xC940,0xE220,0xD1A0,0xC0C0,0xB040,0xB860,0xA820,0xA800,0xB060,0xD9A0,0xD160,0xE200,
    0xD9C0,0xC0C0,0xC940,0xD180,0xD180,0xF2A0,0xC920,0xB020,0xB880,0xC0C0,0xB8A0,0xD9C0,
    0xE200,0xD9C0,0xD160,0xC100,0xB060,0xB8A0,0xC940,0xD180,0xB040,0xB060,0xC0A0,0xD180,
    0xD140,0xB880,0xEA80,0xEA60,0xD9E0,0xD9A0,0xC920,0xEA40,0xEA60,0xE200,0xD180,0xC0C0,
    0xB8A0,0xC0C0,0xD9E0,0xD180,0xB8A0,0xB020,0xD1A0,0xEA80,0xD9C0,0xD180,0xDA00,0xEA40,
    0xE220,0xD9E0,0xC920,0xB040,0xB860,0xD9C0,0xD180,0xB060,0xA820,0xB020,0xE220,0xEA80,
    0xDA00,0xD1A0,0xD180,0xC0E0,0xB020,0xA000,0xC0C0,0xD1A0,0xC900,0xB880,0xC920,0xA000,
    0x9800,0xB040,0xC0C0,0xC920,0xC0C0,0xD9E0,0xE200,0xD1A0,0xE240,0xF2C0,0xF300,0xFB80,
    0xFBA0,0xFBA0,0xEA60,0xD9A0,0xD160,0xC920,0xC940,0xEA40,0xFBA0,0xFBC0,0xFB20,0xFB60,
    0xF2E0,0xD9E0,0xDA00,0xEA60,0xFB60,0xFB80,0xFBE0,0xFBE0,0xF2E0,0xE240,0xE240,0xD9E0,
    0xD9C0,0xF2C0,0xF2C0,0xD9C0,0xC940,0xE220,0xFB80,0xFBA0,0xF2A0,0xE240,0xE220,0xD9E0,
    0xD1A0,0xE200,0xF2E0,0xFB20,0xF2C0,0xF2C0,0xF2A0,0xFB20,0xFB80,0xFB60,0xFBA0,0xFC84,
    0xFCC7,0xFB40,0xF2E0,0xF2C0,0xFB60,0xFB80,0xFC83,0xFCA4,0xFC62,0xFC21,0xFBE0,0xF300,
    0xE220,0xDA00,0xEA80,0xEA80,0xD9A0,0xC0C0,0xC920,0xC940,0xFB40,0xEAA0,0xEAA0,0xD1A0,
    0xB860,0xD1A0,0xC900,0xC0C0,0xA820,0xB880,0xEA80,0xB8A0,0xA000,0xA820,0xC0E0,0xC0C0,
    0xA800,0xB880,0xB880,0xA800,0xA820,0xC0C0,0xD1A0,0xEA80,0xFB60,0xFB80,0xD9E0,0xC0A0,
    0xC920,0xD160,0xB040,0xB020,0xC920,0xB060,0xB020,0xC0C0,0xC0E0,0xB040,0xC100,0xC920,
    0xD9C0,0xD9C0,0xD160,0xEA40,0xEA80,0xD1A0,0xC940,0xC0C0,0xB040,0xC0C0,0xD9E0,0xD9C0,
    0xE260,0xEAA0,0xE220,0xD180,0xC900,0xB860,0xE240,0xD160,0xA800,0xA820,0xB860,0xB880,
    0xB8A0,0xC100,0xB880,0xB040,0xD180,0xEA80,0xE240,0xE220,0xE200,0xF2C0,0xD9E0,0xE220,
    0xD1A0,0xC0C0,0xA800,0xA820,0xB8C0,0xE240,0xB060,0xB040,0xB840,0xE220,0xC960,0xB040,
    0xD9C0,0xD180,0xD160,0xD160,0xD9C0,0xD9A0,0xB020,0xC0C0,0xD9C0,0xE220,0xD9A0,0xB8A0,
    0xC940,0xF2C0,0xEA60,0xE220,0xD9C0,0xD9A0,0xC920,0xB880,0xC0E0,0xEA80,0xE260,0xD160,
    0xD9E0,0xD1A0,0xD140,0xC940,0xA800,0xA820,0xB860,0xC900,0xC940,0xB880,0xD180,0xF300,
    0xD9C0,0xE200,0xDA00,0xE240,0xF2C0,0xF2E0,0xFB60,0xFC62,0xFD49,0xFD07,0xFBC0,0xFB40,
    0xFD8C,0xFDAC,0xFCC5,0xFC62,0xFC21,0xFB20,0xEAA0,0xEA60,0xFB20,0xFB00,0xE200,0xF340,
    0xFB40,0xE220,0xF2E0,0xFBA0,0xFB40,0xE220,0xF2A0,0xEA80,0xEA60,0xD9E0,0xD9E0,0xF2E0,
    0xF300,0xFB00,0xEA80,0xE240,0xE240,0xC940,0xE220,0xE240,0xC960,0xB8A0,0xD160,0xD180,
    0xB880,0xA800,0xB860,0xB020,0xB020,0xB860,0xD9C0,0xC0E0,0xB060,0xE240,0xDA00,0xD180,
    0xC0E0,0xD160,0xC0E0,0xC0E0,0xEA60,0xE220,0xD140,0xA840,0xA800,0xD9A0,0xE200,0xC0E0,
    0xD180,0xD9E0,0xE240,0xF2C0,0xE220,0xE260,0xD180,0xB060,0xC0E0,0xE200,0xDA00,0xC940,
    0xC940,0xC940,0xD1A0,0xE240,0xD9E0,0xD9A0,0xD1A0,0xD9C0,0xE240,0xF2E0,0xFC00,0xFBA0,
    0xEAA0,0xD9C0,0xD160,0xC0C0,0xC920,0xD9E0,0xC920,0xC0C0,0xB020,0xEB00,0xFC42,0xEA60,
    0xF2E0,0xC0C0,0xC920,0xD9E0,0xC940,0xB8A0,0xC920,0xB8A0,0xB040,0xC920,0xEA40,0xEAA0,
    0xD9E0,0xE260,0xE220,0xD1A0,0xD1A0,0xC0C0,0xA800,0xA000,0x9800,0xB040,0xC920,0xC900,
    0xD180,0xD1A0,0xC940,0xC0E0,0xC0C0,0xD1A0,0xD9C0,0xC0A0,0xC100,0xEA60,0xE220,0xFB20,
    0xD9A0,0xC920,0xD1A0,0xE200,0xB8A0,0xB040,0xC920,0xC900,0xB860,0xC0E0,0xD9A0,0xD9C0,
    0xD1A0,0xD9C0,0xD9C0,0xD180,0xE240,0xE220,0xD9E0,0xD180,0xB060,0xB060,0xD180,0xD180,
    0xB880,0xA820,0xC0C0,0xF2C0,0xE220,0xE240,0xD160,0xC0C0,0xC100,0xC100,0xB880,0xB040,
    0xC900,0xD160,0xC0E0,0xB040,0xA800,0xB040,0xB880,0xB060,0xB880,0xC920,0xC0E0,0xC940,
    0xE220,0xD160,0xC900,0xD9C0,0xC920,0xB880,0xC8E0,0xC0C0,0xD160,0xD9A0,0xD9E0,0xEAA0,
    0xFC44,0xF2E0,0xFB40,0xF2E0,0xD9E0,0xEA60,0xD160,0xC940,0xD1A0,0xE220,0xE240,0xD160,
    0xC940,0xD1A0,0xD180,0xD160,0xC0C0,0xFB60,0xFC00,0xFB80,0xD160,0xD1A0,0xD1C0,0xC920,
    0xC940,0xC920,0xB880,0xB040,0xB060,0xB8A0,0xC0E0,0xF2C0,0xE220,0xC0C0,0xE240,0xF2A0,
    0xE220,0xFB20,0xD160,0xA000,0xA820,0xB040,0xB8A0,0xD180,0xD9C0,0xFB20,0xEA80,0xB860,
    0xB040,0xB880,0xB880,0xC940,0xC0E0,0xB060,0xB8A0,0xD9C0,0xD9A0,0xD160,0xD9C0,0xFB60,
    0xEAE0,0xEA40,0xE2C3,0xFC24,0xEA60,0xEA80,0xD9C0,0xC100,0xA820,0xD180,0xD9E0,0xC100,
    0xB040,0xB060,0xC900,0xEA80,0xD9C0,0xD160,0xEA80,0xF2C0,0xF2E0,0xEA60,0xD180,0xD9C0,
    0xD160,0xE220,0xDA00,0xC900,0xB860,0xA800,0xD9C0,0xF300,0xEA60,0xC920,0xC0E0,0xB8A0,
    0xA800,0xA800,0xA820,0xC0E0,0xC940,0xC0E0,0xC0C0,0xC0A0,0xA820,0xA800,0xB020,0xB880,
    0xC0C0,0xD1A0,0xD1A0,0xD1A0,0xEA80,0xFB40,0xFC21,0xFB80,0xFB60,0xFB80,0xF2E0,0xD9E0,
    0xD160,0xC940,0xC940,0xD9A0,0xFB20,0xFB60,0xF2A0,0xF2C0,0xF2C0,0xD9C0,0xE220,0xFB00,
    0xFC20,0xFB60,0xF2A0,0xFB80,0xF2E0,0xEA80,0xF2C0,0xEA60,0xD9E0,0xF300,0xEAA0,0xD1A0,
    0xC940,0xF2C0,0xFB60,0xFB40,0xF2C0,0xEA60,0xE220,0xDA00,0xD9E0,0xD1A0,0xD1A0,0xE200,
    0xF2C0,0xFB20,0xF2E0,0xFB40,0xFB60,0xFB20,0xFB60,0xFC83,0xFC64,0xFBC0,0xF300,0xFB20,
    0xFBE0,0xFBA0,0xFC83,0xFCC5,0xFC42,0xFB40,0xFB00,0xEA80,0xE200,0xD160,0xD9E0,0xDA00,
    0xD9C0,0xE200,0xE220,0xD180,0xEAA0,0xD9C0,0xEA60,0xB880,0xB040,0xB880,0xB880,0xC0E0,
    0xC0C0,0xB8A0,0xD9C0,0xC900,0xB020,0xB020,0xC0E0,0xB880,0xA000,0xB060,0xC940,0xB040,
    0xC0E0,0xB880,0xB880,0xD180,0xFB20,0xFB20,0xD9A0,0xC0E0,0xB040,0xA000,0xA000,0xA800,
    0xB860,0xA800,0xB040,0xC0E0,0xD180,0xD180,0xB040,0xC0C0,0xD180,0xC920,0xB880,0xD180,
    0xD9C0,0xDA00,0xC0E0,0xB880,0xB880,0xC940,0xEA80,0xF2A0,0xE240,0xE240,0xEA60,0xD180,
    0xC940,0xC940,0xEA60,0xF300,0xC0C0,0xB880,0xA800,0xC0E0,0xB860,0xB880,0xB880,0xB040,
    0xD180,0xE220,0xE200,0xEA80,0xEA60,0xE240,0xD9E0,0xD9A0,0xD9A0,0xC920,0xB040,0xB040,
    0xD140,0xD160,0xB860,0xB040,0xA800,0xB8A0,0xC0E0,0xA820,0xB060,0xC920,0xD9C0,0xD180,
    0xE220,0xEA60,0xC0C0,0xB020,0xC0A0,0xC920,0xC900,0xB880,0xC940,0xFB00,0xD9C0,0xE220,
    0xE240,0xD9E0,0xC0C0,0xC0C0,0xD9E0,0xEA60,0xC940,0xB8A0,0xEA60,0xE200,0xC0E0,0xB060,
    0xB040,0xB020,0xA800,0xB020,0xB040,0xC0C0,0xC920,0xD140,0xC940,0xD140,0xD1A0,0xD9C0,
    0xEA60,0xF300,0xFBE0,0xFC82,0xFCC5,0xFC01,0xF2E0,0xF2A0,0xFD4A,0xFD6B,0xFC42,0xFC83,
    0xFBA0,0xF2E0,0xE240,0xD9C0,0xF2A0,0xEA80,0xE200,0xF320,0xF2E0,0xD1A0,0xD9E0,0xF300,
    0xE240,0xC940,0xD180,0xD160,0xD180,0xD180,0xE220,0xFB20,0xF2E0,0xF2E0,0xEA60,0xEA80,
    0xF2E0,0xD160,0xD9E0,0xE240,0xC0E0,0xC0E0,0xD1A0,0xC0C0,0xA800,0xA800,0xC0C0,0xB020,
    0xB020,0xB8A0,0xD160,0xB040,0xC0E0,0xD180,0xEA80,0xE220,0xB040,0xC0E0,0xC920,0xB040,
    0xD180,0xD180,0xB880,0xB020,0xA820,0xC100,0xF2C0,0xD9E0,0xD1A0,0xE200,0xE240,0xEA80,
    0xC940,0xD9C0,0xC900,0xB040,0xD180,0xF2E0,0xD9C0,0xB860,0xC0C0,0xC940,0xD1A0,0xF2C0,
    0xF2C0,0xEA60,0xDA00,0xEA80,0xFB40,0xFBE1,0xFC62,0xF2A0,0xD9E0,0xD160,0xC0E0,0xB8A0,
    0xEAE0,0xEAC0,0xC920,0xC900,0xB860,0xD9E0,0xF2E0,0xD9C0,0xF2E0,0xD9C0,0xD140,0xC0C0,
    0xD160,0xF2C0,0xD9C0,0xB860,0xB8C0,0xC900,0xD180,0xF2C0,0xD1A0,0xE200,0xD9E0,0xD9C0,
    0xD9C0,0xB8A0,0xB000,0x9800,0x9000,0xB880,0xC0E0,0xB880,0xC920,0xE240,0xD9C0,0xC0A0,
    0xB860,0xD180,0xD160,0xB020,0xC0E0,0xEAA0,0xD1A0,0xC960,0xB880,0xD9A0,0xD9A0,0xC0E0,
    0xA800,0xC920,0xE240,0xD180,0xC940,0xC100,0xC100,0xC920,0xB880,0xC0C0,0xC0C0,0xB060,
    0xE200,0xD9E0,0xD9E0,0xC940,0xC0A0,0xC0E0,0xC0E0,0xC0E0,0xB8A0,0xB020,0xB020,0xD180,
    0xD160,0xEAA0,0xEA80,0xC0E0,0xB060,0xC0E0,0xB8A0,0xC940,0xDA00,0xD180,0xC940,0xB040,
    0xB020,0xB040,0xB060,0xB880,0xC0E0,0xD180,0xDA00,0xDA00,0xF2C0,0xE220,0xD160,0xC920,
    0xD9A0,0xC100,0xB880,0xC0C0,0xC0C0,0xC0C0,0xD160,0xFBA1,0xFD27,0xEA60,0xF300,0xFC82,
    0xF2E0,0xF300,0xE200,0xE200,0xE200,0xE200,0xEA80,0xDA00,0xE200,0xE240,0xD9E0,0xC920,
    0xB8A0,0xD9E0,0xD9E0,0xD9C0,0xDA00,0xD9A0,0xE220,0xD9E0,0xD9C0,0xEA60,0xE220,0xC920,
    0xB880,0xA000,0xA000,0xD160,0xD180,0xC920,0xC100,0xD160,0xDA00,0xF2E0,0xD9C0,0xA000,
    0xA000,0xB020,0xC920,0xE220,0xC0C0,0xD180,0xD1A0,0xB060,0xC0E0,0xD9C0,0xB880,0xB8A0,
    0xA840,0xB020,0xC920,0xC920,0xC940,0xD9A0,0xE261,0xFCE6,0xFCE5,0xFC65,0xFCC7,0xFD27,
    0xF2A0,0xE220,0xD1A0,0xC920,0xB8A0,0xD9C0,0xD1A0,0xB040,0xB040,0xC900,0xA820,0xB8A0,
    0xDA00,0xD9E0,0xD1A0,0xE220,0xE200,0xF300,0xE260,0xEA80,0xEA80,0xFB40,0xF2A0,0xD1A0,
    0xB8A0,0xB040,0xD160,0xF2C0,0xEA80,0xE220,0xC0E0,0xA800,0xB880,0xA800,0xB040,0xC0E0,
    0xC900,0xC0C0,0xC0C0,0xC920,0xC0C0,0xB060,0xA800,0xB8A0,0xC100,0xD9E0,0xE260,0xEA60,
    0xEA80,0xFB40,0xFC20,0xFB40,0xEA60,0xE220,0xD9C0,0xD160,0xC920,0xC920,0xD160,0xE220,
    0xFB60,0xF300,0xE220,0xEA80,0xEA80,0xE220,0xEA80,0xFB40,0xFB60,0xEAA0,0xE240,0xEA80,
    0xE220,0xE220,0xFB80,0xF300,0xF2C0,0xFBA0,0xF320,0xD9E0,0xD180,0xEA80,0xFB00,0xFB60,
    0xFB60,0xFB40,0xF300,0xEA80,0xEA40,0xE200,0xD9E0,0xD9E0,0xE240,0xF2C0,0xFB60,0xFBA0,
    0xFB80,0xFBC0,0xFBE0,0xFCA3,0xFC02,0xFB60,0xFB80,0xFC62,0xFC63,0xFBA0,0xFC21,0xFD07,
    0xFCA4,0xFB40,0xEA60,0xD9E0,0xE260,0xE240,0xC920,0xC960,0xD9C0,0xEA60,0xEA80,0xFB40,
    0xE220,0xD1A0,0xEA60,0xC920,0xB040,0xA800,0xA800,0xB060,0xC940,0xC920,0xC0E0,0xC940,
    0xC0E0,0xC0E0,0xC940,0xB020,0x9800,0xA020,0xC0C0,0xB040,0xC920,0xC900,0xA000,0xB060,
    0xD9A0,0xEA80,0xD1A0,0xC0C0,0xA800,0xA800,0xA800,0xA800,0xC900,0xC0C0,0xC0C0,0xC940,
    0xF2C0,0xD180,0xB040,0xB860,0xC0E0,0xB8A0,0xC900,0xD180,0xDA00,0xD9E0,0xC940,0xD1A0,
    0xB020,0xB8A0,0xC940,0xC940,0xD9C0,0xEAA0,0xE240,0xC900,0xD180,0xC960,0xDA00,0xEAA0,
    0xC0E0,0xB860,0xB040,0xB880,0xC0E0,0xC900,0xD160,0xD160,0xC920,0xD9C0,0xE220,0xEA60,
    0xE220,0xD9E0,0xD9C0,0xB8A0,0xC0E0,0xC0C0,0xC0C0,0xB040,0xB080,0xC940,0xC0C0,0xC0C0,
    0xB880,0xB040,0xB040,0xA000,0xA000,0xC940,0xF300,0xE240,0xD9C0,0xE220,0xB8A0,0xA800,
    0xB040,0xD9E0,0xE240,0xC0C0,0xD160,0xF300,0xEA60,0xB880,0xC0E0,0xC900,0xD1A0,0xEA80,
    0xFB60,0xFB40,0xD9A0,0xB880,0xD9E0,0xD180,0xC0E0,0xB040,0xB040,0xB020,0xA800,0xB000,
    0xA800,0xB880,0xC900,0xD1A0,0xD9E0,0xB880,0xC900,0xD1A0,0xDA00,0xF2C0,0xFC21,0xFCE6,
    0xFC62,0xFB20,0xEA60,0xE220,0xFC03,0xFC22,0xFBC0,0xFC21,0xFB00,0xE200,0xD180,0xD9C0,
    0xFB00,0xEA60,0xD1A0,0xDA00,0xEA80,0xE220,0xC940,0xF2A0,0xD180,0xC960,0xC920,0xC0C0,
    0xD160,0xD9C0,0xEA80,0xF2E0,0xEA80,0xEA80,0xEA80,0xF2C0,0xF2E0,0xE220,0xEA60,0xE260,
    0xD9A0,0xDA00,0xDA00,0xB8A0,0xA000,0xB040,0xB860,0xB040,0xC0E0,0xC920,0xC940,0xB860,
    0xD1A0,0xE220,0xFB20,0xF2C0,0xC920,0xC920,0xD180,0xB060,0xC920,0xB880,0xA800,0xB8A0,
    0xC0C0,0xB040,0xD9C0,0xEA80,0xE200,0xD9E0,0xD9C0,0xEA40,0xEA60,0xD9C0,0xC940,0xB060,
    0xD160,0xF2C0,0xD1A0,0xC0C0,0xC900,0xC940,0xE200,0xEAA0,0xFB00,0xF300,0xF2A0,0xF2C0,
    0xFB00,0xFBE0,0xFBC1,0xE200,0xC920,0xC0C0,0xB040,0xC940,0xFB80,0xF300,0xC900,0xC0C0,
    0xB000,0xB880,0xC940,0xC0A0,0xE260,0xF2C0,0xB860,0xB040,0xC940,0xEA60,0xC100,0xB860,
    0xD9C0,0xE240,0xE220,0xEA60,0xD160,0xDA00,0xD9E0,0xE220,0xEA60,0xB880,0xA800,0xB060,
    0xC0C0,0xC0C0,0xC920,0xC100,0xC940,0xE200,0xDA00,0xC0E0,0xC0E0,0xD160,0xC0E0,0xA820,
    0xC0E0,0xD1A0,0xC0C0,0xA800,0xA800,0xC900,0xC940,0xC920,0xD160,0xF2C0,0xD1A0,0xC960,
    0xDA00,0xC940,0xB880,0xC0C0,0xB040,0xB860,0xC0C0,0xB060,0xC0E0,0xC920,0xC900,0xC100,
    0xC0E0,0xC100,0xC920,0xC940,0xC0E0,0xB020,0xC0E0,0xC960,0xC920,0xD1A0,0xD1A0,0xB8C0,
    0xA800,0xB040,0xC920,0xEA60,0xEA80,0xC940,0xD9C0,0xC920,0xB880,0xB880,0xC900,0xC0E0,
    0xD180,0xE200,0xFBC0,0xFB20,0xF2C0,0xE240,0xD180,0xC920,0xE240,0xD1A0,0xB8A0,0xC0E0,
    0xC0C0,0xC0E0,0xC920,0xEA80,0xF340,0xE200,0xF300,0xFC01,0xFB60,0xFB00,0xFB40,0xEAA0,
    0xFB81,0xF2E0,0xF300,0xEAA0,0xEAA0,0xEA60,0xDA00,0xD160,0xC100,0xB8A0,0xC0E0,0xC900,
    0xD160,0xD1A0,0xF2E0,0xF2C0,0xDA00,0xEA60,0xEAA0,0xC940,0xB040,0xB020,0xB020,0xB040,
    0xB8A0,0xB880,0xC920,0xD180,0xC100,0xD9C0,0xE220,0xC0A0,0xA000,0xB040,0xD9C0,0xEA80,
    0xB060,0xA000,0xA800,0xB880,0xD180,0xEA60,0xC0E0,0xB040,0xB060,0xC920,0xD9C0,0xB8A0,
    0xC940,0xEAA0,0xFC25,0xFCC5,0xFBE1,0xFC44,0xF320,0xFB80,0xE200,0xD140,0xC920,0xA820,
    0xB8A0,0xD9A0,0xD160,0xC940,0xB880,0xC900,0xB880,0xB040,0xE240,0xD9C0,0xC920,0xEAA0,
    0xF341,0xFC42,0xFBA1,0xE200,0xD1A0,0xEA80,0xF2C0,0xD9E0,0xC920,0xC900,0xD9C0,0xD9A0,
    0xD9C0,0xD160,0xB020,0xB020,0xB040,0xA800,0xC0C0,0xD9C0,0xD160,0xB880,0xC940,0xD1A0,
    0xC100,0xC940,0xB060,0xC0A0,0xD160,0xE220,0xF2E0,0xF300,0xFB00,0xFB00,0xFC21,0xFBC0,
    0xEA60,0xD9E0,0xD9E0,0xD180,0xD180,0xD180,0xD9C0,0xE240,0xFB60,0xF2C0,0xF2A0,0xFB00,
    0xF2E0,0xEA60,0xF2C0,0xFB40,0xEA60,0xD9C0,0xD1A0,0xE220,0xF2C0,0xD9E0,0xEAC0,0xF2E0,
    0xF2E0,0xFBC0,0xF2C0,0xD9E0,0xD180,0xE220,0xF2A0,0xFB40,0xFB80,0xFBA0,0xFB60,0xF2E0,
    0xF2C0,0xF2C0,0xF2C0,0xFB00,0xF2A0,0xF2A0,0xFB80,0xFBA0,0xFBE0,0xFC82,0xFC41,0xFCE6,
    0xFC23,0xF2C0,0xFB80,0xFCA3,0xFC01,0xFB80,0xFC22,0xFD07,0xFC62,0xFB60,0xEA80,0xD180,
    0xD9E0,0xE240,0xC920,0xC940,0xC0E0,0xD9C0,0xEAA0,0xF300,0xE240,0xF2C0,0xEA60,0xD1A0,
    0xC0E0,0xB060,0xB020,0xB060,0xB8A0,0xB8A0,0xC920,0xE200,0xE220,0xD1A0,0xC960,0xB040,
    0x9800,0xA800,0xC100,0xC900,0xC0E0,0xD180,0xA000,0xA000,0xB020,0xC100,0xC0C0,0xB8A0,
    0xB020,0xB020,0xA800,0xB8A0,0xEAA0,0xD9E0,0xD1A0,0xEA80,0xFB60,0xE240,0xC900,0xB880,
    0xB020,0xC940,0xE220,0xD160,0xD1A0,0xDA00,0xE220,0xD180,0xC0C0,0xD180,0xD160,0xC900,
    0xD9E0,0xF2C0,0xF2C0,0xD180,0xC100,0xB880,0xC940,0xC920,0xC0C0,0xB040,0xB880,0xB880,
    0xD160,0xF2E0,0xF300,0xF2E0,0xD9E0,0xD180,0xD9C0,0xD180,0xD180,0xC900,0xD140,0xB8A0,
    0xB040,0xB020,0xC0E0,0xB060,0xB060,0xD9A0,0xB880,0xC0C0,0xD9E0,0xC940,0xC920,0xA800,
    0xB060,0xEAA0,0xF300,0xE240,0xC920,0xB880,0xA820,0xA820,0xC900,0xE240,0xF2E0,0xC0C0,
    0xB880,0xEAE0,0xF2E0,0xB020,0xB880,0xB020,0xC960,0xFBA0,0xFB40,0xFB20,0xE220,0xC920,
    0xD9E0,0xC0E0,0xD1A0,0xB880,0xB8A0,0xC0C0,0xB860,0xB020,0xA800,0xB060,0xC0C0,0xC940,
    0xB8A0,0xA800,0xB860,0xC900,0xE240,0xFBA0,0xFC21,0xFC82,0xFBC0,0xFB60,0xFB00,0xEA60,
    0xFB20,0xFB80,0xFBE0,0xF2E0,0xE240,0xE200,0xD160,0xD180,0xEA80,0xEA80,0xD9C0,0xD1A0,
    0xF2E0,0xF2C0,0xD9E0,0xEAA0,0xEA60,0xE200,0xD9A0,0xC0C0,0xD9A0,0xD180,0xD9E0,0xE220,
    0xD9E0,0xEA60,0xEA80,0xE240,0xEAA0,0xEAA0,0xEAA0,0xF2C0,0xE220,0xEA80,0xD9E0,0xB860,
    0xA000,0xA820,0xB040,0xB880,0xD180,0xEA80,0xC940,0xC920,0xC920,0xC940,0xEAA0,0xF2C0,
    0xC940,0xE220,0xEA80,0xC940,0xC900,0xA800,0x9800,0xB080,0xC0C0,0xB8A0,0xC0E0,0xEA40,
    0xD9E0,0xC900,0xC900,0xD180,0xE200,0xEA60,0xDA00,0xC960,0xC0C0,0xD9C0,0xD9A0,0xD9E0,
    0xE220,0xE240,0xEA80,0xD9E0,0xEA60,0xFB00,0xEA80,0xD9E0,0xE220,0xF300,0xF2C0,0xE200,
    0xC900,0xB860,0xB060,0xC920,0xEA40,0xEA80,0xD160,0xC0C0,0xB040,0xA800,0xB040,0xB020,
    0xD160,0xDA00,0xB040,0xA000,0xB080,0xC0E0,0xB8A0,0xB040,0xD160,0xFB00,0xEA80,0xD180,
    0xD1A0,0xEA80,0xF2E0,0xEA60,0xDA00,0xB860,0xA000,0xB8A0,0xC940,0xC940,0xB8A0,0xB040,
    0xD160,0xD1A0,0xD1A0,0xD160,0xD160,0xD1A0,0xD160,0xC920,0xD1A0,0xD9E0,0xD160,0xB880,
    0xA000,0xA820,0xC900,0xC0C0,0xC960,0xD9E0,0xC100,0xB860,0xC100,0xD160,0xC0E0,0xC920,
    0xB8A0,0xC0C0,0xC920,0xB880,0xB860,0xC0C0,0xB880,0xA800,0xC920,0xD180,0xC0C0,0xC900,
    0xD160,0xC920,0xC940,0xD9C0,0xC920,0xC900,0xC0C0,0xB020,0xA000,0xB040,0xD180,0xF2E0,
    0xDA00,0xC100,0xD9E0,0xE220,0xC0C0,0xC0E0,0xD9C0,0xE220,0xD160,0xC0E0,0xE220,0xEA60,
    0xE240,0xD9C0,0xD160,0xD9E0,0xE240,0xD160,0xC900,0xC0C0,0xB8A0,0xD160,0xC940,0xD9A0,
    0xD9E0,0xE240,0xF300,0xFB80,0xFBC0,0xFB60,0xFB20,0xFBA0,0xFC21,0xFBC0,0xFB40,0xF2E0,
    0xF2A0,0xF2A0,0xF2E0,0xE220,0xD9E0,0xC920,0xC940,0xD9E0,0xD180,0xD9E0,0xFB40,0xE220,
    0xD160,0xD9C0,0xD1A0,0xC0E0,0xB020,0xA800,0xC0C0,0xB040,0xA800,0xA800,0xD9E0,0xD9E0,
    0xB040,0xB880,0xD9C0,0xD160,0xB8C0,0xB8A0,0xE220,0xD160,0xA800,0xA820,0xA820,0xC920,
    0xD9C0,0xD180,0xC100,0xC920,0xF300,0xD140,0xDA00,0xC920,0xC0C0,0xF363,0xFD48,0xFB80,
    0xEA40,0xD180,0xD9E0,0xEA60,0xB880,0xC940,0xC100,0xB040,0xC920,0xD180,0xD160,0xE240,
    0xE200,0xD160,0xB020,0xB040,0xD180,0xD160,0xD1A0,0xF300,0xFCA4,0xFCE6,0xFCC4,0xEA80,
    0xE200,0xE220,0xF2A0,0xEA80,0xE200,0xD1A0,0xD9C0,0xE200,0xD180,0xC0C0,0xB020,0xB040,
    0xB020,0xB8A0,0xD160,0xD9C0,0xE260,0xEAC0,0xD9E0,0xE220,0xDA00,0xEA60,0xC0C0,0xB8A0,
    0xD1A0,0xEA80,0xFBC0,0xFBE0,0xFB60,0xF2E0,0xFB80,0xFC61,0xFB80,0xF2C0,0xE220,0xD180,
    0xD9C0,0xDA00,0xD9E0,0xEA60,0xFBA0,0xFC01,0xFB60,0xFB80,0xFB20,0xF2E0,0xFB20,0xF2E0,
    0xEAA0,0xEAA0,0xD9C0,0xD9C0,0xE200,0xD160,0xE200,0xFB20,0xF300,0xEA80,0xD9E0,0xD180,
    0xD160,0xD9E0,0xE240,0xF2C0,0xEA80,0xEAA0,0xEAA0,0xF2C0,0xFB40,0xFB60,0xFBA0,0xFC01,
    0xFB80,0xFB20,0xFBA0,0xFB80,0xFBC0,0xFC41,0xFC62,0xFCE6,0xFC62,0xEA80,0xF320,0xFC21,
    0xFB40,0xFB20,0xFC01,0xFC83,0xFBA0,0xFB80,0xF300,0xD9E0,0xC920,0xD1A0,0xD160,0xC100,
    0xC0C0,0xD180,0xD9E0,0xD9C0,0xEA80,0xF2C0,0xE200,0xC900,0xB880,0xC920,0xB860,0xC0C0,
    0xC900,0xB020,0xD160,0xE220,0xD9C0,0xD160,0xD160,0xB860,0xA000,0xA000,0xC940,0xD1A0,
    0xD1A0,0xD1A0,0xA800,0xA820,0xB040,0xA800,0xB040,0xB060,0xA800,0xB040,0xB020,0xC900,
    0xF2C0,0xEAA0,0xD9E0,0xFB00,0xFC83,0xF381,0xD160,0xC900,0xB8A0,0xC900,0xD9E0,0xC940,
    0xC0E0,0xE200,0xF2A0,0xC940,0xD160,0xE220,0xD9A0,0xC0E0,0xD9E0,0xE240,0xF2C0,0xEAA0,
    0xD180,0xB880,0xC940,0xB8A0,0xC0A0,0xC0C0,0xB8A0,0xB880,0xC920,0xF2C0,0xFB20,0xFB20,
    0xE220,0xD9A0,0xD9E0,0xD1A0,0xE220,0xD9E0,0xD160,0xC0E0,0xA800,0xA800,0xD9C0,0xC940,
    0xD180,0xE220,0xC0E0,0xB060,0xC0C0,0xD180,0xE200,0xC900,0xD9E0,0xD160,0xC940,0xD160,
    0xC0E0,0xC0C0,0xC0C0,0xC0E0,0xD9C0,0xC940,0xD9C0,0xB040,0xA000,0xE220,0xEAC0,0xB060,
    0xB040,0xA800,0xA000,0xB8C0,0xC0C0,0xD9E0,0xF2A0,0xD1A0,0xE240,0xD1A0,0xC920,0xC0E0,
    0xB860,0xC900,0xC0E0,0xC0A0,0xB040,0xB860,0xC900,0xD180,0xB060,0xA800,0xB060,0xC920,
    0xF2E0,0xFC41,0xFBA0,0xFBA0,0xFC00,0xFC62,0xFB40,0xF2E0,0xFBC0,0xFB60,0xFB00,0xF2A0,
    0xE200,0xC940,0xB880,0xC0E0,0xEAC0,0xE220,0xD180,0xD9A0,0xF300,0xFB40,0xEA80,0xE220,
    0xE220,0xEA60,0xD180,0xC100,0xC0E0,0xD160,0xD1A0,0xD9E0,0xE240,0xEA60,0xEA60,0xEA60,
    0xF2C0,0xEA60,0xE240,0xE200,0xD160,0xDA00,0xD9E0,0xB880,0xA000,0xA000,0xB020,0xB860,
    0xD160,0xD160,0xC900,0xC920,0xC900,0xC0C0,0xD180,0xD9C0,0xE200,0xF300,0xF2E0,0xE200,
    0xD9C0,0xB860,0xA820,0xA800,0xC0C0,0xD180,0xD9E0,0xD1A0,0xC0E0,0xB860,0xB020,0xC0C0,
    0xD1A0,0xEA60,0xE240,0xD9C0,0xC920,0xD9C0,0xD9C0,0xE220,0xF2C0,0xFB40,0xEA60,0xD9C0,
    0xD180,0xE240,0xE240,0xC0E0,0xC0E0,0xEA80,0xEAA0,0xD9C0,0xC0C0,0xC900,0xC0E0,0xC0C0,
    0xC0C0,0xD1A0,0xDA00,0xB880,0xB880,0xA820,0xB020,0xB060,0xC100,0xC0A0,0xB040,0xB020,
    0xC0C0,0xC900,0xB040,0xA800,0xD9A0,0xFB00,0xEA80,0xD160,0xE200,0xEA80,0xDA00,0xC0E0,
    0xC920,0xB840,0xA800,0xA800,0xB040,0xC920,0xC0E0,0xB040,0xC940,0xD180,0xD9C0,0xD160,
    0xC100,0xC940,0xD180,0xD9C0,0xE220,0xDA00,0xD9A0,0xC900,0xB020,0xA820,0xC0E0,0xB060,
    0xA800,0xD160,0xC920,0xB040,0xB860,0xD9E0,0xEA80,0xD160,0xC940,0xC920,0xC900,0xC0C0,
    0xC0C0,0xC0C0,0xC0E0,0xB880,0xC0A0,0xC920,0xB040,0xC900,0xE220,0xD180,0xD160,0xD9C0,
    0xD160,0xB880,0xB060,0xB8A0,0xB860,0xC920,0xEA80,0xE200,0xC900,0xC920,0xD9C0,0xD9E0,
    0xB880,0xC940,0xD180,0xE220,0xC940,0xB880,0xC940,0xE240,0xD9C0,0xD160,0xC900,0xC0C0,
    0xC940,0xD160,0xB8A0,0xB8A0,0xB8A0,0xD1A0,0xD180,0xC940,0xD160,0xE240,0xFB20,0xFBA0,
    0xFD49,0xFD28,0xFC43,0xFD28,0xFD28,0xFCE7,0xFC23,0xF2A0,0xF301,0xFBA0,0xFC21,0xFB60,
    0xEA60,0xE240,0xE240,0xD180,0xD9E0,0xF2A0,0xFB40,0xD9E0,0xC100,0xC100,0xC100,0xB060,
    0xB040,0xC0A0,0xD180,0xC0C0,0xA000,0xB020,0xEA60,0xEA60,0xA840,0xA840,0xC900,0xB880,
    0xD180,0xB880,0xC0E0,0xB8A0,0xA000,0xA000,0xB020,0xC0C0,0xB040,0xA800,0xB860,0xEA60,
    0xFB40,0xD160,0xEA60,0xC940,0xC0C0,0xE200,0xFCA6,0xFBC1,0xDA00,0xC0E0,0xC940,0xD180,
    0xB020,0xC900,0xD1A0,0xB8A0,0xC920,0xD180,0xE200,0xE200,0xD9C0,0xC920,0xB8A0,0xB880,
    0xB860,0xC100,0xD9C0,0xE200,0xF2E0,0xFBE0,0xFBE1,0xFBA1,0xF300,0xFBC0,0xFBA1,0xFB00,
    0xEAA0,0xD9E0,0xD9E0,0xF2C0,0xF300,0xC960,0xB8A0,0xB880,0xC100,0xD180,0xD180,0xE240,
    0xFB40,0xFBE0,0xFBE1,0xEA60,0xFB40,0xFB60,0xD180,0xC0E0,0xD160,0xEA60,0xFC00,0xFC20,
    0xFB60,0xF2C0,0xEAA0,0xFBA0,0xFC00,0xFBE0,0xFB60,0xE240,0xE220,0xD9E0,0xD180,0xF2A0,
    0xFC84,0xFD07,0xFC00,0xFBC0,0xFBA0,0xFB20,0xFBA0,0xFB20,0xE200,0xD9C0,0xE220,0xD9C0,
    0xC920,0xC0C0,0xD1A0,0xFB20,0xFB80,0xEA60,0xD160,0xD160,0xC940,0xD9E0,0xE220,0xE240,
    0xE240,0xE240,0xEA80,0xFB00,0xFB60,0xFC00,0xFC20,0xFC61,0xFC00,0xFB80,0xFBA0,0xFBC0,
    0xFC20,0xFC83,0xFC83,0xFCA3,0xFBA1,0xE220,0xFC23,0xFC22,0xFB20,0xFB40,0xFC00,0xFC00,
    0xFC02,0xFBE1,0xFB40,0xE220,0xC940,0xC920,0xEA80,0xD180,0xC0E0,0xD1A0,0xD9C0,0xD160,
    0xEA60,0xD1A0,0xD9C0,0xC940,0xB880,0xD9A0,0xD1A0,0xDA00,0xC960,0xC0C0,0xC0C0,0xD160,
    0xC0C0,0xC0E0,0xC900,0xA820,0xA800,0xA800,0xB060,0xC940,0xE240,0xEA80,0xB880,0xB020,
    0xC100,0xB8A0,0xB8A0,0xB040,0xB040,0xB8A0,0xD180,0xD9E0,0xE240,0xD180,0xEAA0,0xFC22,
    0xFE0F,0xFC64,0xEA60,0xD1A0,0xC0E0,0xC920,0xD180,0xC940,0xD160,0xE240,0xF2C0,0xE200,
    0xDA00,0xD9A0,0xD160,0xA800,0xB060,0xB8A0,0xC100,0xD9E0,0xD180,0xC0E0,0xE220,0xC900,
    0xC0C0,0xC900,0xC900,0xC0E0,0xB060,0xC920,0xEA80,0xE200,0xEA60,0xF300,0xE240,0xF2A0,
    0xEA60,0xE240,0xEA60,0xC960,0xB020,0xC920,0xC920,0xB880,0xE200,0xF2E0,0xC920,0xA000,
    0xA000,0xC0C0,0xE260,0xF2E0,0xF2E0,0xC900,0xB8A0,0xEA40,0xD9C0,0xB880,0xC900,0xE200,
    0xF300,0xD1A0,0xC940,0xA840,0xA000,0xC0C0,0xD160,0xB8A0,0xC0C0,0xB060,0xA000,0x9800,
    0xB020,0xC940,0xF2E0,0xF2C0,0xE220,0xD9C0,0xC0E0,0xB880,0xC0C0,0xB8A0,0xC920,0xC920,
    0xB880,0xB880,0xC0E0,0xB8A0,0xA800,0xA800,0xB8A0,0xD180,0xF361,0xFCC4,0xF300,0xF2A0,
    0xFB40,0xFC01,0xFB60,0xF300,0xFC01,0xF2E0,0xEA80,0xE240,0xD9C0,0xC940,0xC900,0xC920,
    0xE240,0xD9E0,0xC900,0xC940,0xF320,0xFBA0,0xEA80,0xD9C0,0xD1A0,0xEA60,0xE220,0xC940,
    0xD160,0xD9E0,0xEA60,0xEA80,0xEA60,0xEA80,0xEA60,0xEA80,0xEA80,0xD9C0,0xD1A0,0xC920,
    0xC0C0,0xD9C0,0xDA00,0xB880,0x9800,0xA000,0xA820,0xB8A0,0xA840,0xB040,0xD9A0,0xD1A0,
    0xE200,0xE200,0xD9C0,0xC900,0xD9C0,0xF300,0xFB80,0xF2C0,0xC960,0xC0A0,0xC0C0,0xB040,
    0xC900,0xE220,0xE200,0xB8A0,0xB040,0xB860,0xB880,0xD160,0xC920,0xD1A0,0xEA80,0xE240,
    0xEA60,0xEA60,0xD180,0xE200,0xFB20,0xFB00,0xE200,0xD1A0,0xE220,0xE240,0xD9E0,0xC920,
    0xC920,0xE240,0xFB40,0xD9A0,0xD180,0xE220,0xC0E0,0xB860,0xB860,0xC920,0xD1A0,0xB880,
    0xC0C0,0xA800,0xB060,0xC0C0,0xB080,0xA800,0xB020,0xC0E0,0xD9A0,0xC0E0,0xA000,0xB060,
    0xEA80,0xFC21,0xDA20,0xE200,0xEAA0,0xE240,0xD9C0,0xC0E0,0xB8A0,0xA820,0xA800,0xB040,
    0xB040,0xC0C0,0xD1A0,0xD160,0xD9C0,0xD180,0xD180,0xC920,0xB040,0xC100,0xE200,0xEA60,
    0xEA60,0xD9C0,0xD9C0,0xD180,0xB8A0,0xB020,0xB8C0,0xC940,0xB880,0xEB20,0xEAE0,0xC0A0,
    0xD160,0xFB80,0xFB60,0xD9E0,0xEA60,0xD9E0,0xD160,0xC0E0,0xD160,0xC940,0xC0C0,0xC0E0,
    0xB000,0xB040,0xC0E0,0xC940,0xEA80,0xD9C0,0xC920,0xD9E0,0xD9E0,0xC900,0xC900,0xD180,
    0xC900,0xD1A0,0xF2E0,0xD9E0,0xB020,0xB8C0,0xC920,0xB860,0xB860,0xC920,0xC0A0,0xD9A0,
    0xC940,0xC0C0,0xD180,0xD9E0,0xC920,0xC0E0,0xD160,0xC0C0,0xA000,0xA820,0xA800,0xB880,
    0xB880,0xC920,0xD9E0,0xD180,0xD140,0xD9C0,0xFBA2,0xFC00,0xFDCE,0xFF18,0xFD28,0xFE30,
    0xFEF7,0xFF7B,0xFE71,0xFC44,0xFC22,0xFCE6,0xFDAC,0xFBE1,0xF2C0,0xFB20,0xFB20,0xE220,
    0xD9C0,0xD9C0,0xEAA0,0xD9A0,0xB880,0xB8A0,0xB860,0xA800,0xB020,0xB8A0,0xD180,0xB8A0,
    0xA800,0xC900,0xFBA1,0xFC63,0xB880,0xB040,0xB860,0xB860,0xB880,0xB880,0xB060,0xC0E0,
    0xC940,0xB060,0xC920,0xD9E0,0xA820,0xA000,0xB860,0xE240,0xE1E0,0xD1A0,0xD180,0xC920,
    0xC0E0,0xD140,0xFBE2,0xFD8A,0xEAA1,0xC900,0xC0E0,0xC0C0,0xB880,0xC940,0xC940,0xC900,
    0xC0C0,0xC100,0xD180,0xE240,0xD9E0,0xD9C0,0xC920,0xD9C0,0xE240,0xEAA0,0xE220,0xD160,
    0xD9E0,0xE220,0xE220,0xF2E0,0xFB20,0xFC01,0xFD07,0xFB80,0xE200,0xD180,0xF2E0,0xFC21,
    0xFBE0,0xD9E0,0xC920,0xD180,0xE220,0xE240,0xE240,0xE220,0xEA80,0xEA60,0xEA40,0xE200,
    0xE260,0xFB20,0xD9C0,0xC100,0xC920,0xE1E0,0xFBC0,0xFC00,0xFB40,0xF2C0,0xE220,0xEA40,
    0xFB60,0xFC82,0xFBA0,0xFB00,0xF2C0,0xFB20,0xF340,0xFB20,0xFC22,0xFD6B,0xFC83,0xFC40,
    0xFBA0,0xFB80,0xFC40,0xFBA0,0xEA60,0xE220,0xD9E0,0xD1A0,0xD160,0xD180,0xD160,0xE240,
    0xE260,0xD1A0,0xC940,0xD160,0xD160,0xD9E0,0xE200,0xE220,0xEA60,0xF2A0,0xF2E0,0xFB20,
    0xFB40,0xFBC0,0xFBE0,0xFC00,0xFBC0,0xFB80,0xFBE0,0xFC41,0xFC62,0xFCC5,0xFCC4,0xFBA0,
    0xE200,0xF300,0xFC82,0xFBE1,0xFB00,0xF2E0,0xFBA0,0xFBA0,0xF2E0,0xF340,0xF340,0xD9C0,
    0xC940,0xC100,0xEA40,0xD180,0xC920,0xC940,0xD9A0,0xD9C0,0xE200,0xC0C0,0xC900,0xC940,
    0xB8A0,0xD9C0,0xEA80,0xF2C0,0xE240,0xC940,0xB880,0xA800,0xB040,0xC0E0,0xC900,0xC0E0,
    0xB060,0xB020,0xA800,0xA840,0xD160,0xD9E0,0xC900,0xB060,0xB040,0xB880,0xC0A0,0xB880,
    0xB8A0,0xC920,0xE240,0xE200,0xD180,0xD120,0xFC44,0xFE0F,0xFDEF,0xFC84,0xF300,0xD9E0,
    0xD160,0xD9A0,0xD9C0,0xD160,0xE220,0xFB60,0xFB20,0xF2E0,0xE200,0xC100,0xC900,0xB8A0,
    0xB020,0xB860,0xB860,0xC920,0xD9C0,0xC0E0,0xD180,0xD1A0,0xD160,0xEA80,0xE260,0xC940,
    0xC0C0,0xD9C0,0xE200,0xD9E0,0xFB80,0xFC00,0xFBE1,0xFBA0,0xFB40,0xF300,0xF2C0,0xE200,
    0xD160,0xFBA1,0xF2E0,0xA840,0xC940,0xE200,0xB060,0xA000,0xA000,0xB8A0,0xEAC0,0xFB80,
    0xF2C0,0xD180,0xC0E0,0xEA40,0xEA80,0xC940,0xD160,0xC920,0xDA00,0xC100,0xC0A0,0xB880,
    0xA820,0xB060,0xB8A0,0xC0C0,0xC940,0xEAA0,0xE220,0xD140,0xD1A0,0xD180,0xD9C0,0xE220,
    0xD9E0,0xD9C0,0xC0E0,0xB020,0xA820,0xB040,0xC100,0xD180,0xD1A0,0xD1A0,0xC900,0xA800,
    0xA800,0xB880,0xC0E0,0xD160,0xF2C0,0xFC42,0xFB60,0xF2C0,0xF2C0,0xF320,0xFC83,0xF300,
    0xF2C0,0xF340,0xF300,0xC900,0xD180,0xD1A0,0xE200,0xD160,0xD140,0xF2C0,0xF300,0xE220,
    0xF2E0,0xF300,0xF2A0,0xE240,0xE200,0xF2A0,0xF2C0,0xD160,0xD9C0,0xEA40,0xF2E0,0xF2E0,
    0xEA60,0xF2E0,0xF2E0,0xEA60,0xEA60,0xE220,0xC900,0xB060,0xC0E0,0xD1A0,0xD9E0,0xB040,
    0x9800,0x9800,0xA000,0xB020,0xB060,0xC920,0xD9C0,0xFB40,0xFBA0,0xFBE0,0xFB80,0xE240,
    0xD1A0,0xEA80,0xFB80,0xEA80,0xC0E0,0xC0A0,0xB8C0,0xB8A0,0xC920,0xC960,0xB880,0xB040,
    0xA000,0xB8A0,0xC940,0xD9C0,0xC0E0,0xC0E0,0xD1A0,0xD9E0,0xEAA0,0xF2E0,0xC900,0xD160,
    0xF2E0,0xEA80,0xD160,0xD1A0,0xFB20,0xEAA0,0xD160,0xC940,0xD160,0xF320,0xFC20,0xF2A0,
    0xFB80,0xF300,0xC0E0,0xB020,0xA800,0xC0A0,0xC940,0xB8A0,0xB040,0xC0E0,0xC960,0xD140,
    0xA000,0xA000,0xA000,0xC940,0xE240,0xC0C0,0xA800,0xB040,0xDA00,0xEA80,0xC920,0xD1A0,
    0xFBC0,0xF320,0xEA40,0xC940,0xB880,0xB880,0xB060,0xC0E0,0xB060,0xC0E0,0xD1A0,0xD1A0,
    0xD9E0,0xE200,0xD1A0,0xC920,0xD160,0xD9C0,0xE220,0xE220,0xE220,0xD9C0,0xD9E0,0xD9C0,
    0xC100,0xC0A0,0xC920,0xD9A0,0xD1A0,0xFBE0,0xFB40,0xD140,0xE220,0xF300,0xFB80,0xF2A0,
    0xEA60,0xD9E0,0xC920,0xC920,0xD160,0xC940,0xC920,0xB8A0,0xA800,0xC0C0,0xC900,0xC920,
    0xE220,0xD180,0xB020,0xC0E0,0xDA00,0xD9E0,0xE240,0xEA80,0xD9C0,0xDA00,0xD9E0,0xC940,
    0xA820,0xC900,0xC900,0xB060,0xC100,0xD9C0,0xD1A0,0xF300,0xD1A0,0xC0E0,0xD9C0,0xC940,
    0xB8A0,0xC0C0,0xD180,0xC920,0xA800,0xA000,0xB040,0xD140,0xC0A0,0xC940,0xEA80,0xFBA2,
    0xFBC3,0xF280,0xFBC2,0xFCA4,0xFE10,0xFF7B,0xFE31,0xFE73,0xFF38,0xFE31,0xFDEF,0xFD49,
    0xFCC5,0xFD29,0xFD6A,0xFC63,0xFBC0,0xFB40,0xD9E0,0xE200,0xE240,0xEAA0,0xF300,0xD180,
    0xC920,0xC920,0xB880,0xA800,0xB880,0xA820,0xC0E0,0xB8A0,0xB880,0xC960,0xFC22,0xF341,
    0xC0C0,0xC0E0,0xB020,0xC100,0xC920,0xC100,0xC920,0xD9E0,0xF300,0xE200,0xD9C0,0xEA60,
    0xC0C0,0xB040,0xD160,0xEA80,0xD160,0xC0E0,0xC0E0,0xC0E0,0xC920,0xD180,0xEAE0,0xFC62,
    0xFB80,0xEA80,0xD160,0xB8A0,0xD180,0xEAA0,0xC920,0xC0C0,0xC0A0,0xD9E0,0xE220,0xF2C0,
    0xF2A0,0xE200,0xC0E0,0xD160,0xFB40,0xFC83,0xF340,0xC900,0xC100,0xD180,0xF2C0,0xFB60,
    0xF2C0,0xFBA0,0xFDEE,0xFD09,0xE220,0xD180,0xFB80,0xFC41,0xFB80,0xDA00,0xD9A0,0xF320,
    0xFC21,0xFC62,0xF2E0,0xE220,0xEAA0,0xD9E0,0xE200,0xE240,0xD1A0,0xD9C0,0xD9A0,0xD9C0,
    0xD1C0,0xE200,0xFBA0,0xFC00,0xF2E0,0xE240,0xD9E0,0xE220,0xF2C0,0xFB20,0xFBC0,0xFB80,
    0xFB40,0xFBC0,0xFB80,0xFB20,0xFB40,0xFC63,0xFC83,0xFC41,0xFC41,0xFC00,0xFC20,0xFBC0,
    0xF2C0,0xE200,0xD9E0,0xD1A0,0xD9C0,0xD1A0,0xC940,0xC960,0xD160,0xD160,0xC920,0xC920,
    0xD180,0xE220,0xE240,0xF300,0xFB20,0xFB20,0xFBA0,0xFB40,0xF2E0,0xF300,0xFB00,0xFB40,
    0xFB60,0xFB80,0xFC62,0xFC01,0xFC21,0xFCE6,0xFC22,0xE240,0xD9C0,0xFBA0,0xFBE0,0xFB40,
    0xEAA0,0xF2A0,0xF2E0,0xF300,0xF2C0,0xEA80,0xE200,0xE220,0xD180,0xD160,0xE200,0xC940,
    0xC940,0xC940,0xC940,0xD180,0xD160,0xC0C0,0xC100,0xD180,0xC940,0xE240,0xF2A0,0xEAA0,
    0xEA80,0xD180,0xB8A0,0xB020,0xB8A0,0xC920,0xD180,0xD180,0xC0E0,0xB040,0xB020,0xB880,
    0xC0C0,0xB860,0xC0C0,0xC900,0xB880,0xC0C0,0xB8A0,0xC0A0,0xC0E0,0xB8A0,0xD180,0xC940,
    0xC0E0,0xD9A0,0xFD6B,0xFED5,0xFD6A,0xFD49,0xFBE2,0xF280,0xE240,0xEAA0,0xEAA0,0xD160,
    0xD180,0xEA60,0xD160,0xD9A0,0xC900,0xC920,0xD9C0,0xC940,0xB020,0xB000,0xB040,0xD9C0,
    0xE220,0xB880,0xC0A0,0xD1A0,0xE220,0xFB40,0xF300,0xD9C0,0xD160,0xF2C0,0xF2A0,0xFBC2,
    0xFCC4,0xFCA4,0xFD28,0xFE0F,0xFCA4,0xFB60,0xFAE0,0xEA80,0xE240,0xEAE0,0xFC22,0xC920,
    0xB060,0xC900,0xA800,0xA000,0x9800,0xB020,0xE220,0xF2E0,0xC920,0xC0E0,0xC940,0xD9C0,
    0xEA80,0xF2C0,0xD9C0,0xB860,0xB020,0xB880,0xD9E0,0xC0E0,0xC0E0,0xC920,0xC920,0xD180,
    0xD1A0,0xFBA0,0xEAA0,0xD1A0,0xF2C0,0xD9C0,0xD9C0,0xD180,0xC900,0xD160,0xC0C0,0xA800,
    0x9800,0xA800,0xC940,0xF362,0xFB60,0xEA60,0xD9C0,0xB020,0xB020,0xC100,0xD160,0xE220,
    0xFB40,0xF2A0,0xEA80,0xF2A0,0xFBC0,0xFC01,0xFC41,0xFB60,0xF300,0xF300,0xEAE0,0xC900,
    0xD9C0,0xD160,0xC940,0xC100,0xD160,0xEA80,0xF2E0,0xD9E0,0xD160,0xD9C0,0xEA80,0xF2C0,
    0xEA80,0xF2E0,0xF2C0,0xD9A0,0xD180,0xE200,0xEA80,0xF2E0,0xF2C0,0xFB00,0xF2C0,0xD9E0,
    0xE200,0xD9E0,0xC920,0xC0E0,0xB860,0xB880,0xC0E0,0xA020,0x9800,0x9800,0xA000,0xA820,
    0xB040,0xB880,0xE200,0xF2E0,0xF2E0,0xEAC0,0xF300,0xFB60,0xEAA0,0xE220,0xFB40,0xF2C0,
    0xD180,0xB060,0xB860,0xB860,0xB8A0,0xB040,0xB020,0xB880,0xA820,0xB8A0,0xD9C0,0xD9C0,
    0xD160,0xD180,0xC0C0,0xC0E0,0xD9C0,0xDA00,0xC960,0xD1A0,0xD9E0,0xE200,0xC920,0xD1A0,
    0xFB40,0xF2E0,0xD9E0,0xC940,0xC0A0,0xEA60,0xFB20,0xF2C0,0xFC21,0xF320,0xC900,0xA800,
    0xB000,0xB880,0xC0C0,0xB880,0xB060,0xE200,0xE200,0xD9C0,0xA800,0xA800,0xA820,0xB8C0,
    0xD9C0,0xB8A0,0xC0E0,0xC0C0,0xC0C0,0xD140,0xB8A0,0xB860,0xE220,0xF300,0xEA40,0xD160,
    0xC900,0xC0A0,0xC940,0xD160,0xB8A0,0xC920,0xD140,0xE1E0,0xD9E0,0xD9C0,0xD180,0xC100,
    0xC960,0xE220,0xDA00,0xD9A0,0xD1A0,0xD9E0,0xD9C0,0xD9A0,0xC940,0xC940,0xD180,0xF2A0,
    0xEA80,0xEA40,0xE240,0xD9A0,0xD160,0xD180,0xE240,0xEA80,0xE220,0xC900,0xB060,0xC0E0,
    0xC920,0xC0E0,0xB060,0xB040,0xB020,0xD160,0xE220,0xC960,0xC900,0xC0E0,0xC0C0,0xC0A0,
    0xE220,0xE220,0xD9A0,0xD1A0,0xD180,0xDA00,0xE220,0xC920,0xB8A0,0xD160,0xC940,0xB880,
    0xE220,0xFC01,0xD160,0xC920,0xC0E0,0xC0C0,0xD9E0,0xD160,0xC0C0,0xC900,0xD9C0,0xC960,
    0xB860,0xB020,0xC0A0,0xEAA0,0xC900,0xE240,0xFB00,0xFBC2,0xFD69,0xFE93,0xFD8B,0xFCA5,
    0xFDEF,0xFFFF,0xFFBD,0xFF5A,0xFD6A,0xFCC5,0xFD28,0xFD49,0xFD07,0xFDCE,0xFCE7,0xFBA1,
    0xFC41,0xF320,0xD140,0xD9E0,0xF300,0xFBE1,0xFC62,0xEA60,0xE200,0xE220,0xB880,0xB880,
    0xB8A0,0xA800,0xC920,0xD1A0,0xB020,0xD1A0,0xFBA0,0xE200,0xD180,0xC0C0,0xB880,0xD160,
    0xD9C0,0xD160,0xD9A0,0xD180,0xEA60,0xEA80,0xEA40,0xEA80,0xD9C0,0xC0C0,0xEAA0,0xFB00,
    0xD9C0,0xC100,0xC0C0,0xB040,0xB880,0xD160,0xD9A0,0xE200,0xE260,0xEAA0,0xD180,0xB000,
    0xD9C0,0xEA80,0xD9A0,0xB000,0xC100,0xF2E0,0xFB40,0xEA80,0xEA80,0xD9E0,0xB880,0xC0C0,
    0xD9A0,0xFB80,0xF340,0xC900,0xD180,0xD9E0,0xFBC1,0xFCA3,0xFBA0,0xFB40,0xFCE6,0xFE51,
    0xFB60,0xE240,0xF2E0,0xFB60,0xF300,0xD9E0,0xD160,0xF320,0xFC01,0xF381,0xE200,0xD9C0,
    0xE220,0xE220,0xD9E0,0xC920,0xC100,0xD160,0xEA40,0xF2E0,0xEA60,0xE220,0xF320,0xFBC0,
    0xFB00,0xEA80,0xEA80,0xFB60,0xFBC0,0xFAE0,0xFC22,0xFCE5,0xFC41,0xFB80,0xF2A0,0xEA80,
    0xF2A0,0xFB80,0xFC20,0xFC00,0xFC41,0xFC20,0xFC41,0xFC41,0xFB80,0xEA80,0xE260,0xE220,
    0xDA00,0xD1A0,0xD160,0xC920,0xC940,0xD9C0,0xD160,0xD180,0xEA60,0xEA80,0xF2C0,0xFB40,
    0xFBA0,0xFBE0,0xFB80,0xF300,0xF2A0,0xEA60,0xEA80,0xF2E0,0xFBA0,0xFC00,0xFBE0,0xFB60,
    0xFC00,0xFC21,0xFB20,0xE220,0xD180,0xFB00,0xF300,0xE220,0xEA60,0xEA80,0xF2E0,0xEA60,
    0xE220,0xE220,0xD9C0,0xD140,0xC900,0xD9E0,0xFB80,0xE220,0xD160,0xD9C0,0xC940,0xC920,
    0xC940,0xC920,0xD9C0,0xD1A0,0xC900,0xE220,0xEAA0,0xEA80,0xF2C0,0xE200,0xC0C0,0xB8A0,
    0xC900,0xC920,0xC920,0xE200,0xD9A0,0xC0C0,0xB020,0xB860,0xB8A0,0xB060,0xC100,0xD160,
    0xD9A0,0xD9A0,0xD180,0xC920,0xD160,0xC940,0xC940,0xD160,0xC920,0xEA40,0xFD29,0xFDCE,
    0xFBE0,0xFCC6,0xFCA5,0xFB60,0xFB20,0xFB60,0xFB60,0xEA60,0xEAE0,0xEAA0,0xC0E0,0xC940,
    0xC900,0xD160,0xEA60,0xEA80,0xC920,0xB040,0xB8A0,0xE240,0xE200,0xB880,0xC0A0,0xD9C0,
    0xF2A0,0xFB20,0xF2E0,0xD9E0,0xD9C0,0xF2C0,0xFBA0,0xFC63,0xFDAD,0xFD8B,0xFE0F,0xFDCD,
    0xFEB4,0xFCE7,0xFB60,0xF2E0,0xF300,0xF2C0,0xEAC0,0xC0E0,0xC0C0,0xC0C0,0xB060,0xA000,
    0xA800,0xB860,0xD9C0,0xD9E0,0xD160,0xE220,0xC940,0xE200,0xEA60,0xEA60,0xC940,0xB040,
    0xB060,0xC0A0,0xD9C0,0xD9C0,0xD180,0xD1A0,0xE240,0xD180,0xD9C0,0xFBC0,0xEAE0,0xD9E0,
    0xC920,0xD160,0xEAA0,0xD9A0,0xC940,0xC900,0xC0A0,0xB860,0xB040,0xB860,0xEAC0,0xFD47,
    0xF381,0xD9C0,0xD180,0xC920,0xC0E0,0xC920,0xD180,0xE240,0xFB60,0xEA80,0xD160,0xE220,
    0xFB80,0xFC00,0xFBC0,0xFBE1,0xF446,0xD180,0xD160,0xC920,0xE240,0xD180,0xB860,0xC900,
    0xD180,0xD160,0xE220,0xC920,0xB880,0xC0E0,0xF2A0,0xFB20,0xEA60,0xEA60,0xF300,0xEA60,
    0xD9C0,0xE240,0xF2C0,0xF2E0,0xFB00,0xF2E0,0xEA80,0xC900,0xC940,0xD9E0,0xD1A0,0xC900,
    0xA820,0xB040,0xA000,0xA000,0xA800,0xA000,0xB8C0,0xD9E0,0xB880,0xC0C0,0xEA60,0xD9C0,
    0xD160,0xC940,0xD160,0xE240,0xFBA0,0xF2C0,0xF2E0,0xF2C0,0xD9E0,0xB8A0,0xB8A0,0xB040,
    0xA800,0xA800,0xB060,0xC900,0xC0C0,0xC0C0,0xD160,0xC920,0xC920,0xC920,0xD180,0xD160,
    0xC900,0xC920,0xEA80,0xE240,0xC920,0xD9E0,0xC940,0xE200,0xFB60,0xFB60,0xE220,0xC920,
    0xB880,0xC920,0xD160,0xD180,0xF2A0,0xEA60,0xB8A0,0xA800,0xA800,0xC0E0,0xC940,0xB880,
    0xB880,0xD9E0,0xD180,0xC920,0xB040,0xC920,0xC940,0xA800,0xC0E0,0xD180,0xC920,0xC0C0,
    0xC900,0xC920,0xB880,0xC100,0xD9C0,0xEA60,0xEA80,0xEAA0,0xD180,0xD180,0xD160,0xC100,
    0xC920,0xC8E0,0xF300,0xFC02,0xD9C0,0xB880,0xC0E0,0xC940,0xB880,0xC0E0,0xC940,0xC920,
    0xC940,0xC920,0xC920,0xC0E0,0xC0E0,0xD140,0xE200,0xFB40,0xE220,0xC900,0xB880,0xA820,
    0xA800,0xC0E0,0xD9E0,0xD9C0,0xC100,0xB880,0xB040,0xC900,0xD160,0xC920,0xA800,0xB060,
    0xC920,0xD1A0,0xE260,0xC920,0xB8A0,0xB8A0,0xC920,0xB8C0,0xC920,0xD1A0,0xB8A0,0xB060,
    0xC0E0,0xE240,0xEA60,0xD1A0,0xD1A0,0xC920,0xB880,0xB8A0,0xD9C0,0xF360,0xE240,0xB080,
    0xA840,0xB880,0xC900,0xC960,0xC920,0xD180,0xD9E0,0xD160,0xB8A0,0xC0A0,0xC960,0xF360,
    0xD180,0xEA60,0xF2E0,0xFB20,0xFD8B,0xFDAD,0xFDCE,0xFDAC,0xFE94,0xFFBD,0xFF39,0xFEB5,
    0xFC84,0xFCE6,0xFE30,0xFE0F,0xFDEE,0xFED5,0xFCC6,0xFAC0,0xF2E0,0xE240,0xD9C0,0xE240,
    0xFB20,0xFB80,0xFB80,0xF2C0,0xEA80,0xEA40,0xC100,0xD160,0xC0C0,0xB020,0xD9E0,0xC940,
    0xB860,0xEA40,0xF2A0,0xE220,0xD9C0,0xA800,0xB020,0xC900,0xE220,0xC100,0xC900,0xC0A0,
    0xC940,0xC940,0xC100,0xE200,0xDA00,0xC940,0xE240,0xEAA0,0xD1A0,0xE200,0xE240,0xC0C0,
    0xB020,0xC940,0xD160,0xD9C0,0xD1A0,0xB880,0xB020,0xB860,0xC920,0xD9C0,0xEA80,0xD160,
    0xE240,0xE200,0xD9C0,0xD180,0xD9A0,0xD9A0,0xB020,0xB020,0xD9A0,0xF2E0,0xF2E0,0xD9E0,
    0xEA80,0xEA40,0xFCE7,0xFDEE,0xFD28,0xFD4A,0xFE94,0xFF17,0xFC63,0xF2E0,0xFB40,0xFBA0,
    0xF2E0,0xD9A0,0xD180,0xD9E0,0xE220,0xE220,0xC940,0xD160,0xDA00,0xF2C0,0xEA60,0xC900,
    0xC0E0,0xD9E0,0xF2A0,0xF2C0,0xEA60,0xEA80,0xEA80,0xF2E0,0xFB00,0xFB80,0xFBA0,0xFBE0,
    0xFC61,0xF320,0xEA80,0xFBC1,0xFC41,0xF2C0,0xE200,0xDA00,0xE240,0xF2A0,0xFBE0,0xFBE0,
    0xFB80,0xFBC0,0xFC41,0xFC00,0xFB80,0xFB80,0xFB20,0xE240,0xD9E0,0xD1A0,0xD180,0xD180,
    0xE240,0xE220,0xD9E0,0xD9E0,0xF2A0,0xFB20,0xFB60,0xFB80,0xFC00,0xFBA0,0xFB00,0xFB00,
    0xFB20,0xF2E0,0xFB60,0xFB80,0xFB60,0xFB60,0xFBE0,0xFBC0,0xFC00,0xFBC0,0xF2E0,0xD9C0,
    0xE220,0xFBE0,0xEAA0,0xD9C0,0xE220,0xF2A0,0xFBC0,0xD9E0,0xE220,0xF360,0xD9C0,0xC900,
    0xC0E0,0xE220,0xF300,0xE240,0xD9E0,0xD1A0,0xD1A0,0xD180,0xD9E0,0xD180,0xE240,0xD9C0,
    0xC920,0xE220,0xEA60,0xEA40,0xF2E0,0xE240,0xC900,0xD160,0xC920,0xB040,0xC900,0xEAA0,
    0xEA80,0xB8A0,0xC0C0,0xB8A0,0xC900,0xC100,0xC920,0xDA00,0xEAA0,0xD9C0,0xD9E0,0xE200,
    0xD9C0,0xE220,0xD9A0,0xE1E0,0xE220,0xF280,0xFCC6,0xFD49,0xFBE0,0xFCA4,0xFCE5,0xFC00,
    0xFBA0,0xFBC0,0xF2E0,0xFB40,0xFC41,0xFB80,0xD980,0xE240,0xE220,0xC100,0xC940,0xD9C0,
    0xD1A0,0xC0C0,0xC900,0xF2C0,0xEA80,0xB8A0,0xC0E0,0xD9C0,0xFB20,0xFB60,0xF2C0,0xE200,
    0xE220,0xFB00,0xFB80,0xFC83,0xFDCD,0xFE94,0xFDCD,0xFDCE,0xFFDE,0xFF39,0xFCE6,0xFBC0,
    0xEAA0,0xE200,0xC0A0,0xB860,0xB8A0,0xC0A0,0xB860,0xA800,0xA800,0xB8C0,0xDA00,0xD180,
    0xD1A0,0xF2A0,0xE220,0xEA80,0xEAA0,0xD160,0xB020,0xA000,0xB040,0xA820,0xB060,0xD1A0,
    0xE220,0xD9E0,0xE220,0xE220,0xE220,0xDA00,0xFB60,0xF2C0,0xC100,0xD1A0,0xC940,0xC920,
    0xD9E0,0xC940,0xC0C0,0xB860,0xB8C0,0xD9C0,0xF300,0xEA80,0xFB81,0xE200,0xC920,0xE220,
    0xE220,0xD9A0,0xE220,0xF2E0,0xEA80,0xD9C0,0xD9C0,0xD9C0,0xF280,0xFBE0,0xFBE0,0xFC61,
    0xF447,0xC0C0,0xC900,0xD160,0xE240,0xD180,0xB020,0xB8A0,0xC0C0,0xB8A0,0xD180,0xC100,
    0xB860,0xC0C0,0xE240,0xF2E0,0xE220,0xD9C0,0xFB80,0xF300,0xDA00,0xEAA0,0xFB20,0xF300,
    0xF2A0,0xD9E0,0xD160,0xB880,0xC0E0,0xE220,0xD180,0xB060,0xA000,0xA800,0xB020,0xC0C0,
    0xA800,0xA000,0xE200,0xF2C0,0xC920,0xE240,0xEA80,0xC920,0xB860,0xD160,0xC0E0,0xE240,
    0xFBA0,0xF300,0xD9C0,0xD9C0,0xC0E0,0xB040,0xB860,0xB860,0xB040,0xB060,0xC900,0xD9C0,
    0xD9E0,0xD9A0,0xD9C0,0xD1A0,0xD180,0xD160,0xD1A0,0xD9E0,0xC0E0,0xC940,0xEA80,0xD9C0,
    0xC900,0xC100,0xD160,0xEA80,0xFB00,0xFBA1,0xF321,0xD180,0xB880,0xB880,0xC0E0,0xC920,
    0xC940,0xE240,0xC900,0xA800,0xB020,0xD1A0,0xDA00,0xB8A0,0xB060,0xC0E0,0xEA60,0xEA80,
    0xC0E0,0xD9A0,0xE200,0xC0C0,0xB860,0xD9C0,0xD180,0xD1A0,0xEA60,0xE220,0xD9E0,0xD1A0,
    0xD9E0,0xEA80,0xEA80,0xE200,0xE220,0xEAC0,0xC0C0,0xC0C0,0xD180,0xE240,0xFCA4,0xFCA4,
    0xE220,0xC940,0xD1A0,0xD1A0,0xC920,0xC0C0,0xB040,0xB020,0xC100,0xB880,0xB060,0xB860,
    0xC0A0,0xC940,0xE220,0xFB00,0xD9E0,0xB880,0xA800,0xB040,0xB880,0xD9E0,0xF300,0xD9C0,
    0xA800,0xC0C0,0xD9A0,0xDA00,0xD160,0xC940,0xB880,0xC0C0,0xC0E0,0xC0E0,0xC920,0xC900,
    0xD160,0xC0E0,0xB880,0xB8A0,0xC940,0xD9E0,0xB880,0xA000,0xC0E0,0xFB20,0xE240,0xC920,
    0xC0C0,0xC0A0,0xB880,0xC0C0,0xB8A0,0xC0E0,0xB8A0,0x9800,0xA800,0xB020,0xB880,0xC920,
    0xC920,0xD180,0xD9C0,0xD180,0xC920,0xC0E0,0xD9E0,0xF300,0xD9E0,0xD9E0,0xE220,0xF320,
    0xFC02,0xFC42,0xFD28,0xFE73,0xFFBD,0xFE93,0xFE31,0xFD28,0xFC83,0xFD08,0xFE30,0xFE94,
    0xFFBD,0xFE52,0xFBC1,0xFAE0,0xF2C0,0xEA80,0xEA60,0xEA80,0xF2A0,0xE240,0xE200,0xD9E0,
    0xEAA0,0xF2A0,0xD9C0,0xD9E0,0xD180,0xB880,0xE220,0xC0E0,0xC0E0,0xF2E0,0xF340,0xEA60,
    0xC920,0xA000,0xA800,0xB8A0,0xD9C0,0xC920,0xC0E0,0xB880,0xB8C0,0xB8A0,0xB8A0,0xE200,
    0xB060,0xB040,0xC920,0xFB40,0xD9E0,0xEA60,0xE240,0xC0C0,0xB060,0xD160,0xD9C0,0xE200,
    0xDA00,0xC0E0,0xB8A0,0xC940,0xD160,0xC0C0,0xF2C0,0xEA60,0xE220,0xD9E0,0xC900,0xB880,
    0xC960,0xD160,0xB040,0xB040,0xEA60,0xEA80,0xF2A0,0xE240,0xF2E0,0xF2E0,0xFBE3,0xFE92,
    0xFEB5,0xFF38,0xFFFF,0xFFFF,0xFE94,0xFC42,0xFBC0,0xFB40,0xE220,0xD9E0,0xF320,0xE220,
    0xC920,0xD160,0xC920,0xC900,0xDA00,0xFBA0,0xF300,0xD9A0,0xC940,0xEA60,0xEA60,0xEA60,
    0xE220,0xE220,0xD9A0,0xE220,0xEA60,0xFB60,0xFC20,0xFC00,0xFC20,0xFB20,0xEA80,0xEA80,
    0xEA60,0xD180,0xC940,0xD9C0,0xDA00,0xEA80,0xFB80,0xFC00,0xFB80,0xFB60,0xFBA0,0xFBA0,
    0xFB60,0xFB40,0xF2E0,0xD9C0,0xD1A0,0xD1A0,0xD160,0xF2C0,0xFB60,0xF2E0,0xF2E0,0xEA80,
    0xEAA0,0xFB20,0xFB60,0xFBA0,0xFBE0,0xFBA0,0xFB00,0xFB40,0xFB80,0xFB40,0xFBE0,0xFBA0,
    0xFB00,0xFB40,0xFC41,0xFC21,0xFBE0,0xF300,0xD9C0,0xD160,0xF2E0,0xFCC3,0xFBA0,0xE220,
    0xDA00,0xE260,0xE240,0xEA80,0xFBC0,0xFC00,0xF2C0,0xE200,0xD180,0xE200,0xE240,0xD9E0,
    0xE240,0xDA00,0xE200,0xEA80,0xEA60,0xD9A0,0xE240,0xD180,0xD1A0,0xDA00,0xDA00,0xE220,
    0xE240,0xD9E0,0xD9C0,0xE220,0xB8C0,0xB040,0xC900,0xD9C0,0xDA00,0xB880,0xB060,0xB060,
    0xC0C0,0xC900,0xC940,0xE220,0xE220,0xC940,0xC940,0xE220,0xF300,0xFC02,0xF320,0xFB60,
    0xFB40,0xFB80,0xFD06,0xFDAC,0xFCE6,0xFC63,0xFBC0,0xFB60,0xFBC0,0xF300,0xEA60,0xF2E0,
    0xEA60,0xFBA1,0xFBE1,0xEA40,0xDA00,0xE200,0xC0E0,0xC0C0,0xC0A0,0xC0C0,0xC0E0,0xEA80,
    0xE240,0xB8A0,0xC900,0xD9E0,0xF2E0,0xF2E0,0xEA80,0xE220,0xE240,0xF2C0,0xFB00,0xFBE1,
    0xFD28,0xFE94,0xFE52,0xFDAC,0xFE72,0xFF9C,0xFD6A,0xFB80,0xFB20,0xE220,0xC920,0xB880,
    0xC900,0xD180,0xB8A0,0xA820,0xA800,0xC900,0xD9C0,0xD1A0,0xE220,0xFB60,0xF300,0xF2A0,
    0xD9C0,0xC0E0,0xB040,0xA820,0xB8A0,0xB040,0xB040,0xC900,0xD1A0,0xC920,0xC900,0xC940,
    0xD180,0xD160,0xC940,0xD9A0,0xD180,0xD160,0xC0E0,0xC0E0,0xD9C0,0xD9C0,0xC900,0xB860,
    0xC0E0,0xD180,0xE200,0xC0C0,0xD180,0xD9A0,0xEA60,0xFBA0,0xEAC0,0xEA80,0xF300,0xFBA0,
    0xFB20,0xF2E0,0xEA60,0xE200,0xFB20,0xFBA0,0xFC00,0xFBC0,0xEAC0,0xC0C0,0xC0E0,0xC940,
    0xE240,0xD180,0xB8A0,0xB020,0xB020,0xB040,0xD160,0xE200,0xC940,0xD9A0,0xE240,0xEA80,
    0xEA80,0xE220,0xFB80,0xF300,0xE220,0xEA80,0xF2E0,0xFB40,0xE220,0xC0A0,0xC960,0xC940,
    0xC900,0xD160,0xC920,0xB040,0xA800,0xA800,0xB040,0xD160,0xB060,0xC0C0,0xF300,0xFBE0,
    0xF300,0xE200,0xD180,0xC900,0xB8A0,0xD160,0xB8A0,0xE200,0xF2E0,0xEA60,0xD1A0,0xD180,
    0xB8A0,0xB020,0xC0C0,0xC0E0,0xC920,0xC900,0xD1A0,0xE220,0xEA80,0xEA80,0xF2A0,0xF2E0,
    0xE240,0xEA80,0xEA60,0xD180,0xD180,0xD9E0,0xEA60,0xD9E0,0xC960,0xC900,0xDA00,0xEA80,
    0xEA80,0xFC22,0xFD69,0xEAA0,0xC0C0,0xB880,0xC900,0xB020,0xC940,0xE240,0xC100,0xA800,
    0xB860,0xD9A0,0xE240,0xB060,0xA000,0xB020,0xD180,0xFB00,0xB8A0,0xA000,0xD160,0xC940,
    0xB860,0xD160,0xD9C0,0xEA80,0xFB00,0xFB60,0xF300,0xE240,0xE200,0xD180,0xD1A0,0xD180,
    0xF300,0xFC20,0xF360,0xEAA0,0xEA60,0xF320,0xFC82,0xF300,0xE200,0xF2C0,0xEAA0,0xD180,
    0xD9E0,0xD180,0xB040,0xB880,0xC0E0,0xC0E0,0xB880,0xC0E0,0xD180,0xD1A0,0xD160,0xE240,
    0xE200,0xC940,0xB880,0xB880,0xB880,0xE220,0xFB00,0xE200,0xC0C0,0xC920,0xD9E0,0xD9E0,
    0xE200,0xC920,0xC0C0,0xB860,0xB880,0xB880,0xA820,0xB880,0xC940,0xD9E0,0xD160,0xD180,
    0xD9C0,0xD160,0xB880,0xB020,0xB880,0xEA60,0xF2A0,0xC940,0xB060,0xC900,0xC920,0xC900,
    0xC0E0,0xA820,0x9800,0xA800,0xB020,0xA800,0xA800,0xB040,0xC0E0,0xD1A0,0xEA60,0xD9C0,
    0xD9E0,0xD9E0,0xEA60,0xEA80,0xF300,0xFBC1,0xFC43,0xFB80,0xFBA0,0xFD8B,0xFE31,0xFF9C,
    0xFEF7,0xFD8B,0xFD6B,0xFD28,0xFCC5,0xFD6A,0xFE0F,0xFE52,0xFE52,0xFD28,0xFB80,0xFB60,
    0xFBC0,0xFB20,0xEA80,0xE220,0xF2E0,0xF2C0,0xE220,0xD9E0,0xEA60,0xF320,0xE240,0xE220,
    0xE200,0xC0E0,0xD9C0,0xD160,0xEA40,0xFC43,0xFC83,0xF2C0,0xB880,0xA000,0xA000,0xA820,
    0xB040,0xB880,0xC0C0,0xA000,0x9800,0xC100,0xC920,0xC0C0,0xB8A0,0xB040,0xD9E0,0xFBC0,
    0xE240,0xD1A0,0xEA60,0xD180,0xA000,0xB8A0,0xD180,0xD180,0xD9C0,0xD9C0,0xD9C0,0xE200,
    0xD9E0,0xB8A0,0xC940,0xD180,0xC920,0xD9A0,0xEA40,0xD1A0,0xD1A0,0xD9E0,0xC900,0xC0C0,
    0xE200,0xFB40,0xFB81,0xEA60,0xF340,0xFC42,0xFBA0,0xFF39,0xFF9C,0xFFBD,0xFF7B,0xFFFF,
    0xFFDE,0xFD49,0xFBE0,0xFB20,0xEA60,0xEA80,0xF340,0xFC42,0xD9C0,0xC900,0xC940,0xC940,
    0xD9E0,0xFC01,0xF300,0xF2C0,0xF300,0xFB40,0xEA80,0xE200,0xD160,0xC920,0xC0E0,0xD9C0,
    0xD9E0,0xF2C0,0xFBA0,0xFB80,0xFB40,0xEA60,0xE220,0xD9E0,0xD1A0,0xC920,0xC940,0xD1A0,
    0xE220,0xF2E0,0xFB40,0xFC00,0xFBE0,0xFB80,0xFB00,0xFB20,0xF2E0,0xEA60,0xD160,0xC960,
    0xD1A0,0xD180,0xEAA0,0xFD07,0xFCA4,0xFB80,0xFB20,0xF2E0,0xF2C0,0xFBC0,0xFB80,0xFB60,
    0xFB80,0xFB20,0xF300,0xFB00,0xFAE0,0xFB20,0xFB60,0xFB80,0xFB00,0xFB60,0xFB40,0xFBA0,
    0xFBE0,0xEAA0,0xD1A0,0xD1A0,0xE220,0xFBC1,0xFB80,0xEA60,0xD9E0,0xD9C0,0xE220,0xF2E0,
    0xFC01,0xFBA1,0xFAE0,0xF2E0,0xEA80,0xEAA0,0xF320,0xEA80,0xE220,0xE240,0xEA80,0xF2E0,
    0xD9E0,0xEA40,0xD9E0,0xC940,0xD1A0,0xD9C0,0xD9E0,0xD9E0,0xC900,0xC0C0,0xD9C0,0xE220,
    0xB060,0xC0E0,0xEA60,0xE200,0xD160,0xB880,0xB880,0xB880,0xB020,0xA820,0xC100,0xE240,
    0xF2C0,0xD1A0,0xC0E0,0xE240,0xFB60,0xFD07,0xFDCB,0xFC84,0xFBE0,0xFCC4,0xFCA4,0xFBE1,
    0xFC42,0xFC00,0xFB60,0xFB00,0xF2E0,0xE220,0xEA80,0xF320,0xF2E0,0xFC02,0xFC82,0xE240,
    0xC100,0xD9C0,0xC0E0,0xC0E0,0xC0C0,0xC0C0,0xC920,0xD180,0xD9E0,0xD160,0xC940,0xE240,
    0xE240,0xEA60,0xFB20,0xEA60,0xEA60,0xEA60,0xEA80,0xFB80,0xFD28,0xFE73,0xFF7B,0xFE51,
    0xFF5A,0xFF5A,0xFC63,0xF300,0xEA80,0xFB40,0xE200,0xC920,0xC940,0xD9E0,0xC0C0,0xB040,
    0xB020,0xC0E0,0xC940,0xD180,0xE240,0xFB20,0xF2E0,0xEA80,0xE200,0xDA00,0xC0C0,0xB8A0,
    0xD9A0,0xC0E0,0x9800,0xB880,0xD140,0xC920,0xC920,0xC0E0,0xC100,0xD9C0,0xC940,0xC920,
    0xE200,0xD180,0xD180,0xD160,0xD160,0xC920,0xC0C0,0xB8A0,0xC920,0xC900,0xB8A0,0xB060,
    0xB880,0xB040,0xD140,0xEA80,0xFB20,0xFB80,0xFBA0,0xF2E0,0xF2E0,0xFB40,0xF2E0,0xF2A0,
    0xFBA0,0xFC00,0xFBA0,0xFB40,0xD9E0,0xB880,0xB8A0,0xD180,0xEA60,0xC940,0xB880,0xB020,
    0xB860,0xC900,0xEAA0,0xF2C0,0xDA00,0xEA60,0xE240,0xF2E0,0xFB20,0xFB00,0xFB80,0xFB20,
    0xE220,0xEAA0,0xF2E0,0xEA80,0xD160,0xD180,0xE240,0xEA60,0xC920,0xC0E0,0xC900,0xC0E0,
    0xB040,0xA800,0xC0C0,0xC920,0xB860,0xD140,0xFBE1,0xFCA4,0xEAA0,0xD140,0xC920,0xC0E0,
    0xC920,0xC920,0xC100,0xC940,0xC0E0,0xB8A0,0xD160,0xD1A0,0xC0E0,0xB8A0,0xC940,0xE220,
    0xE240,0xD9E0,0xD9E0,0xE220,0xEA60,0xDA00,0xEA60,0xFB20,0xF2C0,0xFB00,0xF2A0,0xD9C0,
    0xC940,0xE220,0xF2E0,0xD1A0,0xC0C0,0xD160,0xEA60,0xEAA0,0xD9E0,0xFB60,0xFCA4,0xFB40,
    0xE240,0xC920,0xC0C0,0xC940,0xEAA0,0xD9E0,0xB060,0xA800,0xB040,0xD9E0,0xEA80,0xC0A0,
    0xB8A0,0xB860,0xC0E0,0xE220,0xB880,0x9000,0xA820,0xB060,0xC0E0,0xC900,0xE200,0xEAA0,
    0xE240,0xFB80,0xF2E0,0xF2E0,0xEAA0,0xC940,0xC0E0,0xEA60,0xFB40,0xEA80,0xFBA1,0xFBC0,
    0xF2E0,0xFB00,0xFB80,0xE220,0xE260,0xFCA4,0xFB61,0xE220,0xD9E0,0xD160,0xC920,0xD160,
    0xC920,0xC920,0xB880,0xC920,0xD160,0xC0E0,0xD160,0xD1A0,0xC900,0xD1A0,0xD160,0xD140,
    0xD160,0xD9C0,0xEA80,0xD9E0,0xD160,0xD9C0,0xE240,0xE220,0xE220,0xC940,0xC920,0xC940,
    0xD1A0,0xC0E0,0xA800,0xC0C0,0xC940,0xEA60,0xE240,0xEA80,0xE260,0xE220,0xC0E0,0xC0E0,
    0xD9C0,0xDA00,0xF2C0,0xD9C0,0xB8A0,0xD1A0,0xD9A0,0xC900,0xB8A0,0xA800,0xB000,0xB8A0,
    0xB040,0xA800,0xA800,0xA800,0xC920,0xE240,0xEAA0,0xDA00,0xE220,0xE220,0xF2E0,0xFB20,
    0xFB20,0xFC22,0xFC22,0xFB80,0xFC41,0xFD8B,0xFE94,0xFFBD,0xFE30,0xFD07,0xFC42,0xFBC0,
    0xFBE0,0xFD07,0xFD49,0xFD6A,0xFD29,0xFC21,0xFC01,0xFBC1,0xFBA1,0xFB60,0xF300,0xF2E0,
    0xF300,0xFB20,0xF300,0xF2E0,0xF300,0xFBE2,0xF300,0xEA60,0xD180,0xC0A0,0xD160,0xD9C0,
    0xEA60,0xFB80,0xF300,0xE220,0xB060,0x9800,0x9800,0x9800,0x9800,0xC0E0,0xC0E0,0xC0C0,
    0xB060,0xB880,0xC0C0,0xB8A0,0xB8A0,0xB880,0xD9C0,0xFBC0,0xE260,0xC0E0,0xE200,0xD180,
    0x9800,0xB8A0,0xC0E0,0xC920,0xD9E0,0xD1A0,0xD1A0,0xD160,0xB880,0xC0E0,0xC0C0,0xB040,
    0xB040,0xB880,0xC100,0xC100,0xD9E0,0xF2A0,0xD160,0xD9C0,0xFB80,0xFC83,0xFCA2,0xFC04,
    0xF2C0,0xFBC1,0xFC00,0xFED5,0xFFFF,0xFFBD,0xFF18,0xFFBD,0xFFFF,0xFE52,0xFBA0,0xF2E0,
    0xFB40,0xEA40,0xEA80,0xFBA0,0xE200,0xC920,0xC940,0xD1A0,0xE220,0xFC22,0xFC84,0xFB20,
    0xFB40,0xFB80,0xEA60,0xD9C0,0xC900,0xB860,0xC0C0,0xD180,0xD9E0,0xE200,0xFB60,0xF2E0,
    0xE200,0xD9C0,0xD9E0,0xD180,0xC940,0xC0E0,0xC940,0xC940,0xEAA0,0xFB20,0xF2E0,0xFBA0,
    0xFB20,0xF300,0xEA80,0xE220,0xEA60,0xEA60,0xDA00,0xD180,0xD160,0xD9C0,0xFB40,0xFD48,
    0xFC64,0xEAA0,0xE240,0xEA40,0xF2E0,0xFC00,0xFB20,0xFB00,0xFB20,0xFB00,0xFB20,0xF2E0,
    0xF2A0,0xF2C0,0xF300,0xFBE0,0xFBA0,0xFB40,0xF2C0,0xEA80,0xFC00,0xFC21,0xEA80,0xD9C0,
    0xE200,0xF2A0,0xFB00,0xEA80,0xE220,0xDA00,0xEA80,0xFB40,0xFC21,0xFB80,0xF2A0,0xEA60,
    0xEAC0,0xFD8B,0xFC63,0xFB80,0xF300,0xF2A0,0xFB20,0xF320,0xEA80,0xF2C0,0xE220,0xC920,
    0xC900,0xC940,0xD180,0xD180,0xC900,0xB880,0xB880,0xC920,0xA820,0xC940,0xF2C0,0xEA80,
    0xD180,0xC0C0,0xE200,0xD160,0xB8A0,0xB060,0xB860,0xD9E0,0xFB20,0xE220,0xC100,0xD1A0,
    0xEAA0,0xF320,0xF382,0xFB40,0xFBC0,0xFC41,0xFC00,0xF300,0xF2C0,0xFBE0,0xFB20,0xFB00,
    0xE240,0xD9E0,0xFC44,0xFCE5,0xFB20,0xFB20,0xF2C0,0xD160,0xC0A0,0xC0C0,0xB8A0,0xC0C0,
    0xC900,0xC0E0,0xC920,0xD180,0xD9C0,0xD9E0,0xD9C0,0xEA60,0xE240,0xEA80,0xFBA0,0xF300,
    0xFB40,0xF2E0,0xF2C0,0xFC23,0xFD8B,0xFD6A,0xFF17,0xFE73,0xFE72,0xFD2A,0xF2E0,0xE220,
    0xD9E0,0xE220,0xD1A0,0xD160,0xD9C0,0xEA40,0xC0E0,0xC0A0,0xB040,0xB880,0xC0C0,0xD9C0,
    0xF2C0,0xE200,0xD160,0xDA00,0xD180,0xD9E0,0xD180,0xC0C0,0xD9C0,0xC920,0xA820,0xA800,
    0xC900,0xC940,0xC940,0xD1A0,0xC900,0xD160,0xC940,0xD9A0,0xEA60,0xD180,0xC940,0xD180,
    0xD180,0xC100,0xC100,0xC0C0,0xC900,0xD160,0xC0E0,0xB040,0xC0E0,0xC940,0xB8A0,0xD9E0,
    0xFB20,0xFBA0,0xFB60,0xF2A0,0xEA60,0xFBC0,0xFB80,0xFB00,0xFC01,0xFC61,0xFBA0,0xFB20,
    0xD180,0xB860,0xC0E0,0xD9E0,0xD9C0,0xC100,0xB880,0xB8A0,0xC940,0xD9E0,0xF2C0,0xF2C0,
    0xE240,0xE220,0xF2C0,0xFB20,0xF2E0,0xF2E0,0xFB20,0xFB00,0xEA80,0xF2C0,0xF2E0,0xEA80,
    0xE220,0xF2C0,0xF2C0,0xF2C0,0xC940,0xC0E0,0xD9E0,0xD180,0xC0E0,0xC0E0,0xC920,0xC0C0,
    0xB060,0xC940,0xFC00,0xEB01,0xD9A0,0xC940,0xC940,0xC940,0xC100,0xC100,0xC0E0,0xC920,
    0xD180,0xD9C0,0xE220,0xD1A0,0xC960,0xC940,0xD160,0xEA60,0xFB00,0xE220,0xD9C0,0xD9C0,
    0xE220,0xD9C0,0xD9C0,0xFB40,0xEA80,0xD9C0,0xD9E0,0xE220,0xD9A0,0xDA00,0xE260,0xD1A0,
    0xD160,0xD9E0,0xEA60,0xE240,0xD160,0xF2C0,0xFB80,0xFB80,0xFB60,0xE240,0xEAA0,0xFBE2,
    0xFBA1,0xD9C0,0xB020,0xB020,0xC0C0,0xD1A0,0xF300,0xEA60,0xD9A0,0xC0E0,0xC0E0,0xC0E0,
    0xB060,0xA800,0xB040,0xD180,0xE200,0xEA80,0xFB60,0xEA80,0xD9E0,0xF2C0,0xFB20,0xFB20,
    0xEA80,0xE200,0xD160,0xE220,0xEAA0,0xD9E0,0xF340,0xFB80,0xE240,0xEA80,0xF2A0,0xE200,
    0xF2E0,0xFC42,0xFBC1,0xEA60,0xD9E0,0xD1A0,0xD180,0xD9E0,0xD9E0,0xE200,0xD9E0,0xC100,
    0xB880,0xC0E0,0xC900,0xB860,0xC920,0xE220,0xC940,0xD9E0,0xF2A0,0xD180,0xF2E0,0xE220,
    0xD180,0xE240,0xF2A0,0xEAA0,0xD9E0,0xDA00,0xD9E0,0xE240,0xE200,0xC0C0,0xB060,0xC900,
    0xC920,0xD9E0,0xEA80,0xFB60,0xFB40,0xEA60,0xE200,0xEA80,0xEA80,0xE240,0xE240,0xC940,
    0xC0E0,0xC0C0,0xD160,0xC900,0xC0C0,0xB040,0xC100,0xB880,0xB060,0xC0E0,0xB060,0xB860,
    0xC0E0,0xD9A0,0xE240,0xEA60,0xF2A0,0xF2E0,0xFB20,0xF300,0xEAA0,0xF2A0,0xFBA0,0xFC00,
    0xFCA3,0xFCC6,0xFE31,0xFDEF,0xFD28,0xFC42,0xFBA0,0xFB40,0xFB60,0xFC41,0xFC21,0xFCE6,
    0xFD6B,0xFDCE,0xFCA4,0xFC21,0xFB80,0xFB80,0xFBA0,0xF2C0,0xFB20,0xFCA5,0xFCC5,0xFCE6,
    0xFD29,0xFCA5,0xFC46,0xF2A0,0xDA00,0xD9C0,0xD9C0,0xD9E0,0xE200,0xE200,0xD160,0xC100,
    0xA000,0x9800,0xA000,0x9800,0x9800,0xC940,0xC0C0,0xC0C0,0xD9C0,0xC0E0,0xB880,0xC900,
    0xB020,0xC900,0xF2C0,0xFBC0,0xE220,0xD9E0,0xE200,0xC0C0,0xA800,0xB040,0xB880,0xC920,
    0xEA60,0xD9A0,0xC900,0xC900,0xB8C0,0xB060,0xC0E0,0xD160,0xB880,0xB860,0xC100,0xC100,
    0xD160,0xEA80,0xD9E0,0xE220,0xFC62,0xFBE1,0xFB60,0xFC02,0xFB80,0xFBA0,0xFB80,0xFD6B,
    0xFF7B,0xFFBD,0xFF18,0xFE52,0xFF5A,0xFEB4,0xFBE1,0xF2C0,0xF2E0,0xE200,0xE220,0xE200,
    0xC940,0xC940,0xC920,0xD9A0,0xE240,0xFB40,0xFCA3,0xFB80,0xFB40,0xF2E0,0xEA60,0xD9C0,
    0xB880,0xB020,0xB020,0xC900,0xE220,0xD180,0xDA00,0xF2C0,0xD9E0,0xD9A0,0xD9C0,0xC940,
    0xC920,0xC920,0xC940,0xC940,0xF2E0,0xF2C0,0xEAA0,0xF2A0,0xE240,0xE220,0xD9E0,0xD160,
    0xD9C0,0xE240,0xDA00,0xE220,0xD9E0,0xEA60,0xFB40,0xFC22,0xF320,0xD9C0,0xD160,0xE200,
    0xFB60,0xFB80,0xF2E0,0xEA80,0xEA80,0xF2E0,0xFB40,0xFB40,0xFB20,0xFB00,0xFB40,0xFC00,
    0xFB80,0xF2C0,0xEAA0,0xE240,0xF2C0,0xF2C0,0xE220,0xE220,0xD9E0,0xE220,0xF2C0,0xEA60,
    0xEA80,0xEA60,0xE200,0xF2C0,0xF300,0xEA60,0xF2E0,0xFB60,0xFBC0,0xFE10,0xFCC6,0xFBE0,
    0xFC21,0xFBC0,0xFC01,0xF300,0xF2C0,0xF2C0,0xD9C0,0xC900,0xB8A0,0xB8A0,0xB880,0xD180,
    0xD9E0,0xC0A0,0xC100,0xC920,0xB8A0,0xD180,0xDA00,0xE200,0xD9C0,0xD9A0,0xC920,0xC0A0,
    0xC0E0,0xD160,0xC0E0,0xD9E0,0xFB20,0xF2C0,0xC960,0xC0E0,0xD9E0,0xD9A0,0xEA80,0xF300,
    0xFBC0,0xFBE0,0xFB80,0xF2A0,0xE220,0xFBC0,0xEAA0,0xD9E0,0xE240,0xE240,0xEA80,0xFB40,
    0xD9E0,0xD9E0,0xD140,0xC0C0,0xC0E0,0xB8A0,0xB880,0xB8A0,0xB8A0,0xC0E0,0xD180,0xDA00,
    0xD9A0,0xE220,0xE240,0xE240,0xE240,0xFB20,0xFC84,0xFC63,0xFD48,0xFB80,0xFB20,0xFC22,
    0xFCC4,0xFBE0,0xFC01,0xFC20,0xFBC0,0xEA60,0xE200,0xC920,0xD1A0,0xD1A0,0xD9E0,0xD9C0,
    0xD9E0,0xD9C0,0xB060,0xB040,0xB040,0xB020,0xB040,0xD160,0xEA80,0xC940,0xB8A0,0xC940,
    0xDA00,0xE220,0xD9C0,0xC900,0xC0E0,0xB8C0,0xC920,0xC900,0xD180,0xD160,0xD160,0xEAA0,
    0xD160,0xB880,0xB8A0,0xC900,0xD180,0xC100,0xC0C0,0xC920,0xC940,0xC940,0xC940,0xD180,
    0xD180,0xDA00,0xE200,0xC920,0xD1A0,0xF2A0,0xC940,0xD9E0,0xFB20,0xFB80,0xFB60,0xFB60,
    0xFB20,0xFC42,0xFC41,0xFB60,0xFB80,0xFB60,0xF2E0,0xE240,0xD180,0xC0E0,0xB040,0xC0E0,
    0xC0C0,0xB8C0,0xC0C0,0xC920,0xD1A0,0xD160,0xE240,0xFB00,0xEA80,0xD9C0,0xE240,0xF2E0,
    0xEAA0,0xEAA0,0xEA60,0xF2C0,0xF2C0,0xF2C0,0xF2E0,0xF2C0,0xEA80,0xF2E0,0xFB20,0xE240,
    0xC100,0xC940,0xEA60,0xD9A0,0xC920,0xD160,0xC0C0,0xC0E0,0xB880,0xD140,0xFC84,0xEB63,
    0xD140,0xD1A0,0xD180,0xD160,0xC0C0,0xC0C0,0xC940,0xE220,0xD9C0,0xF360,0xF360,0xC900,
    0xD180,0xE220,0xD9C0,0xEA40,0xFB00,0xFB00,0xEA80,0xF2C0,0xF2E0,0xFB20,0xEAA0,0xF2C0,
    0xEA60,0xD180,0xD160,0xC0C0,0xC900,0xC940,0xD9E0,0xE220,0xDA00,0xD9E0,0xD180,0xD9E0,
    0xD1A0,0xD9C0,0xEA40,0xF2E0,0xEAA0,0xE200,0xE240,0xEAA1,0xFCC5,0xE240,0xB040,0xDA00,
    0xF320,0xB8A0,0xC0E0,0xD9E0,0xEA80,0xD160,0xC0E0,0xA800,0xB040,0xB8A0,0xC0C0,0xF300,
    0xF300,0xEAA0,0xFB60,0xE220,0xC940,0xEA80,0xFB20,0xF2E0,0xF2E0,0xFB80,0xFC02,0xD9E0,
    0xC940,0xD140,0xF360,0xFBE1,0xE200,0xF2E0,0xF2C0,0xF2A0,0xFCC6,0xFD6A,0xFC42,0xF2C0,
    0xE220,0xE200,0xE200,0xE240,0xD9A0,0xEA80,0xE200,0xB880,0xC0C0,0xD180,0xC0C0,0xB8A0,
    0xD9A0,0xD180,0xB060,0xC0C0,0xEA80,0xE220,0xFB60,0xEA80,0xE200,0xF2C0,0xEA60,0xD9A0,
    0xE240,0xEA80,0xE220,0xE220,0xDA00,0xD180,0xC920,0xC920,0xC960,0xE220,0xE220,0xF2C0,
    0xFB40,0xD1A0,0xD9A0,0xFB60,0xFBC0,0xFB60,0xE220,0xD180,0xD160,0xB8A0,0xC900,0xB880,
    0xA800,0xB880,0xC100,0xB880,0xC920,0xC960,0xD9C0,0xD9C0,0xD180,0xE200,0xEA80,0xEAA0,
    0xFB00,0xFB40,0xFB00,0xEA80,0xF2C0,0xFBA0,0xFC21,0xFCA4,0xFDAC,0xFD29,0xFDAC,0xFDAD,
    0xFC62,0xFC42,0xFB40,0xFB20,0xFB20,0xFB80,0xFBA0,0xFC83,0xFEF7,0xFFFF,0xFE0F,0xFDCD,
    0xFD07,0xFD49,0xFC84,0xFB60,0xFD28,0xFE31,0xFE52,0xFDAC,0xFD8C,0xFDAC,0xFD8C,0xFAE0,
    0xE240,0xF2C0,0xEA80,0xD9A0,0xD9C0,0xD9C0,0xD1A0,0xC900,0xA000,0xA820,0xA800,0xB040,
    0xD1A0,0xC0E0,0xB860,0xB020,0xD9C0,0xD9C0,0xB860,0xC100,0xC900,0xD9C0,0xE220,0xE240,
    0xD160,0xD160,0xEA60,0xB8A0,0xB040,0xA000,0xA800,0xC0C0,0xD1A0,0xD160,0xD9A0,0xDA00,
    0xD9E0,0xC0E0,0xC0E0,0xEA60,0xC900,0xC920,0xD160,0xF300,0xC900,0xC900,0xC0E0,0xC900,
    0xFBA0,0xF320,0xEA40,0xF2C0,0xFD07,0xFC22,0xFB80,0xFCC5,0xFE51,0xFF18,0xFF39,0xFE52,
    0xFED5,0xFE72,0xFC01,0xF2C0,0xFB20,0xF2E0,0xD1A0,0xEA60,0xEAA0,0xD9E0,0xC0E0,0xC940,
    0xD9C0,0xEA80,0xFBE0,0xFC20,0xFB20,0xEA60,0xEA80,0xE240,0xB880,0xC920,0xC0C0,0xD180,
    0xEA60,0xD9E0,0xB060,0xB8A0,0xC920,0xC920,0xD160,0xEA60,0xDA00,0xE200,0xD1A0,0xC940,
    0xE200,0xEA60,0xF2E0,0xF2C0,0xE220,0xDA00,0xD9C0,0xC940,0xC900,0xD160,0xD180,0xD9C0,
    0xE220,0xFB20,0xFBE0,0xFB20,0xE200,0xD160,0xD1A0,0xEA60,0xF2C0,0xEA60,0xE220,0xD9C0,
    0xD9E0,0xF2E0,0xFB20,0xFB60,0xFB60,0xFBA0,0xFBA0,0xF2E0,0xEA80,0xE220,0xEA80,0xEA40,
    0xE220,0xEA80,0xEA80,0xE240,0xF2A0,0xEA80,0xFB40,0xF2E0,0xFBA0,0xFBC1,0xF2A0,0xE240,
    0xEA60,0xF300,0xFB20,0xFB80,0xFCA4,0xFE73,0xFE51,0xFCA4,0xFC83,0xFD4A,0xFDEE,0xFC84,
    0xF2E0,0xEA80,0xD9E0,0xC0E0,0xC0C0,0xC940,0xB880,0xE200,0xD9E0,0xC0C0,0xD160,0xC940,
    0xB880,0xD180,0xD9A0,0xD180,0xEA60,0xE220,0xC0C0,0xB880,0xD180,0xC940,0xC0C0,0xD160,
    0xEA60,0xEAA0,0xEA60,0xD9E0,0xD1A0,0xC100,0xD9E0,0xEA40,0xF340,0xFBA0,0xF2E0,0xEA60,
    0xEA80,0xFB20,0xE220,0xC940,0xE240,0xF2C0,0xE200,0xF2A0,0xD160,0xC960,0xC920,0xC920,
    0xE200,0xE240,0xD180,0xD160,0xC900,0xC0E0,0xC920,0xD9E0,0xDA00,0xEA60,0xEA60,0xE220,
    0xF2A0,0xFBE0,0xFCE6,0xFCC5,0xFD07,0xFB80,0xFB80,0xFBC0,0xFBC0,0xFC43,0xEAC0,0xF2C0,
    0xF2C0,0xD1A0,0xD9C0,0xC0E0,0xB880,0xC0C0,0xC920,0xC0C0,0xB880,0xC0E0,0xB060,0xC0E0,
    0xC0A0,0xA800,0xB020,0xC0C0,0xC0C0,0xB040,0xB8A0,0xD1A0,0xF2C0,0xF2E0,0xE220,0xC940,
    0xB880,0xA000,0xB8A0,0xC0C0,0xC0C0,0xB060,0xB8A0,0xD9C0,0xB880,0xA800,0xB040,0xC0C0,
    0xC940,0xC920,0xC0C0,0xC920,0xD9A0,0xD180,0xC920,0xD9E0,0xE240,0xE240,0xEAA0,0xE200,
    0xD1A0,0xDA00,0xD140,0xD180,0xEA60,0xF2C0,0xFB00,0xFB20,0xFBC0,0xFC41,0xFC62,0xFB60,
    0xFB40,0xFB80,0xF300,0xDA00,0xDA00,0xC0E0,0xA800,0xB880,0xB880,0xB8A0,0xC920,0xEA60,
    0xE240,0xD9A0,0xEAA0,0xFB80,0xFB20,0xDA00,0xE220,0xFB60,0xEAA0,0xD160,0xD9C0,0xE260,
    0xEA80,0xFB00,0xFB00,0xEAA0,0xF2E0,0xFB20,0xF2C0,0xD180,0xC100,0xD9E0,0xF2E0,0xEA40,
    0xC0E0,0xB040,0xC0C0,0xC0E0,0xC0A0,0xD9E0,0xFCC4,0xE302,0xC0C0,0xDA00,0xD9E0,0xD9E0,
    0xC900,0xC920,0xE200,0xF2E0,0xD180,0xF2C0,0xEAA0,0xC0C0,0xD1A0,0xEA60,0xEA80,0xEA60,
    0xF300,0xFB20,0xEA60,0xE240,0xFB00,0xFB60,0xEA60,0xC0E0,0xE220,0xFB20,0xD9E0,0xB880,
    0xB860,0xB880,0xD9C0,0xEA80,0xEA60,0xE200,0xD9C0,0xEA80,0xD9E0,0xD160,0xD160,0xD1A0,
    0xD9C0,0xD180,0xC900,0xE240,0xFBA0,0xC920,0xC0C0,0xEA60,0xD1A0,0xB880,0xE220,0xE200,
    0xF2C0,0xD1A0,0xC0A0,0xB040,0xC0C0,0xB020,0xC0C0,0xF2E0,0xFB60,0xE240,0xE200,0xC920,
    0xC0E0,0xD9C0,0xD9E0,0xEA60,0xFB40,0xFBC1,0xF2C0,0xD1A0,0xD1A0,0xEA80,0xFBE1,0xFC62,
    0xFB40,0xFB60,0xF2E0,0xFD8C,0xFF5A,0xFF5A,0xFD4A,0xFB00,0xFAE0,0xF2C0,0xF2E0,0xEA80,
    0xC100,0xC920,0xD180,0xF2C0,0xEA80,0xC920,0xB860,0xC100,0xEA60,0xD160,0xA820,0xB860,
    0xEA60,0xDA00,0xF2A0,0xF2C0,0xEAA0,0xEA80,0xD9A0,0xD9E0,0xF2A0,0xF2C0,0xD9E0,0xE220,
    0xF2E0,0xE220,0xC0C0,0xD9C0,0xEA60,0xDA00,0xD9E0,0xEA80,0xF2A0,0xD9C0,0xC920,0xF360,
    0xFC41,0xFBE0,0xE240,0xE240,0xE200,0xC900,0xB880,0xB020,0xA800,0xA800,0xB040,0xB860,
    0xC100,0xD180,0xEA60,0xEA60,0xE220,0xE240,0xF2E0,0xEAA0,0xF2A0,0xFB00,0xFB20,0xFB20,
    0xFB40,0xFD27,0xFD28,0xFD29,0xFDEF,0xFD8B,0xFC83,0xFC41,0xFC42,0xFDAB,0xFBA2,0xF2A0,
    0xFB20,0xFB40,0xFB60,0xFC20,0xFD29,0xFDEE,0xFED5,0xFF17,0xFE52,0xFD4A,0xFC21,0xFCE6,
    0xFEB4,0xFE52,0xFE31,0xFD8B,0xFCE7,0xFEB4,0xFCC5,0xFBA0,0xFB20,0xFBA0,0xFC01,0xFBA0,
    0xFB40,0xF2E0,0xD9E0,0xC0C0,0xB860,0xC900,0xB040,0xC0C0,0xF2C0,0xC920,0xB040,0xB860,
    0xD1A0,0xEAA0,0xD180,0xB880,0xB8A0,0xB880,0xD9C0,0xB8A0,0xC940,0xC920,0xE220,0xC920,
    0xB8A0,0xB860,0xD160,0xC0C0,0xD9A0,0xD1A0,0xDA00,0xE240,0xE220,0xC0E0,0xC920,0xE200,
    0xC920,0xC920,0xD160,0xFB40,0xD180,0xB000,0xB040,0xB860,0xEA80,0xF2A0,0xE240,0xEA80,
    0xFBE2,0xFC41,0xFB20,0xFB60,0xFDEE,0xFF39,0xFE30,0xFDCE,0xFE10,0xFD4A,0xFBA0,0xEA60,
    0xE220,0xEA60,0xD9E0,0xE200,0xF2A0,0xF2C0,0xD9A0,0xD9E0,0xD180,0xD1A0,0xF2A0,0xFBE0,
    0xFB20,0xF2A0,0xEA80,0xE200,0xC920,0xD1A0,0xD9E0,0xEA60,0xFB20,0xE240,0xC0C0,0xB040,
    0xB040,0xB880,0xD160,0xE220,0xD1A0,0xE200,0xD9C0,0xD9C0,0xEA40,0xEA80,0xF2E0,0xEAA0,
    0xEAA0,0xEA80,0xF2C0,0xE200,0xC940,0xC0C0,0xC0C0,0xC0C0,0xC920,0xDA00,0xF2C0,0xF2E0,
    0xF300,0xE220,0xD9A0,0xE240,0xEA60,0xE220,0xD1A0,0xC940,0xE240,0xFB80,0xFBC0,0xFBA0,
    0xFBA0,0xFC21,0xFC62,0xFB40,0xE220,0xE240,0xF2C0,0xDA00,0xDA00,0xF2C0,0xF2C0,0xE200,
    0xEA80,0xEA80,0xF2C0,0xF2E0,0xFB40,0xFB60,0xFB80,0xFB60,0xEA80,0xFB40,0xFC21,0xFC43,
    0xFC83,0xFD6A,0xFE93,0xFDEE,0xFD49,0xFDAD,0xFDCE,0xFC43,0xFB20,0xF2E0,0xEA60,0xC940,
    0xC920,0xC920,0xC0E0,0xD9C0,0xC920,0xC0E0,0xC0E0,0xC100,0xB880,0xD9C0,0xD9C0,0xD1A0,
    0xDA00,0xD9A0,0xB880,0xA800,0xC920,0xB8A0,0xB8A0,0xD9A0,0xE220,0xEA80,0xF300,0xFB20,
    0xD9C0,0xD140,0xD180,0xE200,0xEA80,0xFBC0,0xEA80,0xEA80,0xE200,0xE240,0xD180,0xD180,
    0xD9E0,0xD1A0,0xD9C0,0xD180,0xD160,0xD180,0xC940,0xD140,0xEAC0,0xFBA0,0xF2E0,0xFBE1,
    0xF2C0,0xDA00,0xD180,0xD160,0xD1A0,0xE240,0xE240,0xF2A0,0xFB60,0xFBE0,0xFC84,0xFCE6,
    0xFD07,0xFBA0,0xFBA0,0xFBA0,0xFB00,0xFCC5,0xEB22,0xD140,0xD9E0,0xD1A0,0xE220,0xC0C0,
    0xB000,0xA800,0xB020,0xB020,0xB040,0xB8A0,0xB020,0xC900,0xB880,0xB040,0xB880,0xB880,
    0xC0E0,0xC0C0,0xC0E0,0xF2E0,0xFB00,0xF2A0,0xEAA0,0xD180,0xC0C0,0xA800,0xA000,0xA800,
    0xA000,0x9800,0xA800,0xB040,0xB020,0xA800,0xB8A0,0xC900,0xC960,0xD9C0,0xC920,0xC100,
    0xEA80,0xE240,0xD9C0,0xD140,0xD9C0,0xE220,0xEA60,0xEA60,0xE220,0xD1A0,0xC900,0xD180,
    0xE220,0xF2A0,0xFB80,0xFB60,0xFB20,0xFB60,0xFC61,0xFC20,0xFBC0,0xF300,0xEA80,0xEA60,
    0xE220,0xC100,0xB020,0xB880,0xC0C0,0xD160,0xD180,0xEA80,0xEAA0,0xEA60,0xFB00,0xF300,
    0xFB20,0xF2E0,0xF2C0,0xFB80,0xF300,0xD9A0,0xE200,0xF2C0,0xFB20,0xF2A0,0xE240,0xEA60,
    0xEA60,0xFB00,0xF2A0,0xD180,0xC900,0xEA60,0xF2A0,0xD160,0xB000,0xB060,0xB8A0,0xB8A0,
    0xC0E0,0xD180,0xFB40,0xD160,0xC0A0,0xD1A0,0xD9E0,0xE200,0xC0E0,0xB8A0,0xD160,0xEA60,
    0xE220,0xEA80,0xE240,0xC940,0xD160,0xEA60,0xEA80,0xEA80,0xFB00,0xEA80,0xC920,0xC940,
    0xEA80,0xF2C0,0xD9E0,0xC940,0xD9E0,0xF2C0,0xEAA0,0xC0C0,0xB8A0,0xD9C0,0xF300,0xEAA0,
    0xD9E0,0xD9C0,0xD9E0,0xE220,0xC940,0xD160,0xC940,0xD9C0,0xF300,0xC920,0xB880,0xEA80,
    0xD9A0,0xB860,0xD1A0,0xEA80,0xC0C0,0xB040,0xD180,0xD180,0xD9E0,0xD180,0xC0E0,0xA820,
    0xC0E0,0xE280,0xE220,0xE240,0xF2A0,0xE220,0xC0E0,0xB8A0,0xC0E0,0xC0E0,0xD180,0xF2C0,
    0xFB60,0xFB20,0xD9E0,0xD1A0,0xE240,0xFB60,0xFC00,0xFCA4,0xFC62,0xFC63,0xFCC5,0xFE93,
    0xFE52,0xFE31,0xFDCE,0xFD28,0xFC45,0xFB80,0xFB40,0xEAA0,0xE200,0xC940,0xE1E0,0xFD89,
    0xF321,0xD9C0,0xC0C0,0xC0C0,0xEA80,0xD9C0,0xC0E0,0xC900,0xC900,0xC0C0,0xE240,0xEAA0,
    0xE200,0xE220,0xD9C0,0xEA60,0xEA80,0xEA80,0xE220,0xE240,0xF2E0,0xEA60,0xC940,0xD9E0,
    0xFB20,0xEAA0,0xF2C0,0xF2E0,0xF2E0,0xEA80,0xF2C0,0xFB80,0xF2E0,0xD9C0,0xE200,0xF2A0,
    0xE220,0xC0E0,0xB880,0xC0C0,0xC0E0,0xC100,0xE220,0xD160,0xD9C0,0xEA60,0xEA80,0xEA80,
    0xE220,0xE220,0xE240,0xD1A0,0xDA00,0xF2C0,0xFB40,0xFB40,0xFB40,0xFCE7,0xFF17,0xFE0F,
    0xFD28,0xFCE6,0xFC00,0xFBE0,0xFC62,0xFCC4,0xFBE2,0xF2E0,0xFB00,0xFB00,0xFB60,0xFBC0,
    0xFC42,0xFCE6,0xFDAD,0xFE51,0xFD07,0xFC41,0xFC61,0xFE73,0xFFBD,0xFEB5,0xFEB5,0xFE72,
    0xFC22,0xFCC6,0xFDAC,0xFE72,0xFCA4,0xFC01,0xFCA3,0xFBA0,0xFBA0,0xF320,0xD160,0xB060,
    0xC940,0xC900,0xC0C0,0xE240,0xE200,0xC900,0xA820,0xB8A0,0xD9C0,0xF2A0,0xEAA0,0xB060,
    0xA000,0xA800,0xB8A0,0xA820,0xC0C0,0xD180,0xD9E0,0xEA80,0xC900,0xC940,0xE240,0xC900,
    0xE200,0xD9E0,0xD9C0,0xD160,0xD9A0,0xD180,0xC0E0,0xC940,0xD160,0xC940,0xD180,0xF2C0,
    0xEA60,0xC0E0,0xA800,0xB860,0xD1A0,0xE220,0xEA60,0xFB40,0xFB20,0xFB60,0xEA80,0xFAE0,
    0xFD08,0xFE94,0xFD07,0xFCE6,0xFCE6,0xFC62,0xFB80,0xEA80,0xD160,0xD9A0,0xDA00,0xD9A0,
    0xEA80,0xFB80,0xFBC0,0xEA80,0xD1A0,0xD160,0xEA60,0xF2E0,0xFB20,0xFBA0,0xFB20,0xE200,
    0xC920,0xC0E0,0xD9C0,0xF2E0,0xFB60,0xF2C0,0xD9E0,0xD160,0xC100,0xB860,0xC900,0xC900,
    0xC0E0,0xD160,0xD160,0xE220,0xF2A0,0xFB80,0xFB60,0xEA60,0xF2C0,0xF2E0,0xFB40,0xFB20,
    0xEA60,0xD1A0,0xC0E0,0xC0C0,0xC0E0,0xD180,0xE240,0xFB80,0xFC61,0xFB80,0xEA60,0xE200,
    0xEA80,0xEA40,0xD9E0,0xE220,0xEA80,0xFB40,0xFBC0,0xFBE0,0xFC40,0xFC62,0xFBC1,0xEAA0,
    0xE220,0xEAA0,0xF2E0,0xE200,0xD9E0,0xEA60,0xEA60,0xE240,0xE200,0xE240,0xEA40,0xF2C0,
    0xFB20,0xFB00,0xFC21,0xFC01,0xF2A0,0xFB20,0xFC62,0xFD28,0xFCE6,0xFC83,0xFDCE,0xFD6B,
    0xFC63,0xFC62,0xFC63,0xF2E0,0xF2E0,0xFB00,0xE220,0xC920,0xC920,0xB880,0xC0C0,0xC900,
    0xC0E0,0xB8A0,0xB880,0xC0C0,0xB860,0xC0E0,0xD180,0xD9C0,0xD1A0,0xC0C0,0xB000,0xA000,
    0xA800,0xB020,0xB060,0xD180,0xD1A0,0xE220,0xF2E0,0xFBC0,0xD9E0,0xEA60,0xEA80,0xE220,
    0xEA60,0xE220,0xD9C0,0xEAA0,0xC940,0xC940,0xD140,0xE200,0xD180,0xC920,0xC960,0xC920,
    0xD9A0,0xD180,0xC920,0xC900,0xEB01,0xFC42,0xFB60,0xFC82,0xFB80,0xF2C0,0xEA60,0xD9E0,
    0xC960,0xD180,0xE240,0xF2C0,0xFC42,0xFC42,0xFB80,0xFD28,0xFD07,0xFB60,0xFBC0,0xFB80,
    0xF2E0,0xFB20,0xF2C0,0xEAC0,0xE200,0xDA00,0xD9C0,0xE200,0xD1A0,0xB060,0xB860,0xC0A0,
    0xC0E0,0xB880,0xB8A0,0xC0E0,0xC0E0,0xD180,0xC900,0xB040,0xD9A0,0xF300,0xF300,0xF2C0,
    0xE220,0xD9E0,0xEAA0,0xE240,0xC940,0xB880,0xB860,0xB020,0xA000,0xA000,0xB020,0xB8A0,
    0xB8A0,0xC0A0,0xC0E0,0xD9E0,0xD9E0,0xD9A0,0xB880,0xB8A0,0xD9A0,0xE260,0xEA60,0xD160,
    0xC960,0xE260,0xEA60,0xF2A0,0xD9E0,0xE200,0xD1A0,0xE200,0xFB40,0xFB60,0xFB80,0xFBC0,
    0xFBC0,0xFB20,0xFB40,0xFBC0,0xFB20,0xEA60,0xEAA0,0xFB60,0xEA60,0xB880,0xB000,0xB860,
    0xC0A0,0xC920,0xD180,0xEA60,0xF2E0,0xF2A0,0xF2A0,0xEA60,0xEA60,0xF2E0,0xEA60,0xF2E0,
    0xEAA0,0xD9E0,0xE240,0xFB00,0xFB40,0xE200,0xD160,0xE240,0xE220,0xEAA0,0xF2C0,0xE220,
    0xD9C0,0xD160,0xC920,0xC0E0,0xA800,0xB060,0xB8A0,0xC0E0,0xD180,0xDA00,0xFBA0,0xD1A0,
    0xC0E0,0xC920,0xD9C0,0xD9C0,0xC900,0xB020,0xB8A0,0xD9C0,0xF2E0,0xF2C0,0xEAA0,0xEA60,
    0xD1A0,0xD9E0,0xEA80,0xFB00,0xF2C0,0xD1A0,0xB880,0xC0C0,0xC0E0,0xEA60,0xEA60,0xD9A0,
    0xD180,0xD9E0,0xE220,0xC920,0xC100,0xE240,0xFB40,0xEAA0,0xD1A0,0xD9C0,0xD180,0xD160,
    0xB8A0,0xC940,0xD1A0,0xE200,0xDA00,0xB040,0xB860,0xC0E0,0xC940,0xC0E0,0xD9E0,0xFB60,
    0xD9A0,0xB040,0xB040,0xB040,0xD9C0,0xD180,0xC0E0,0xB880,0xC940,0xF361,0xFC62,0xEA80,
    0xEA80,0xE200,0xB8A0,0xB040,0xC0C0,0xD9A0,0xEAA0,0xFB00,0xFB80,0xFB60,0xEA80,0xE240,
    0xF2C0,0xFCC6,0xFCA4,0xFC83,0xFD07,0xFD08,0xFDAD,0xFE73,0xFE51,0xFD8B,0xFD07,0xFE72,
    0xFF18,0xFE72,0xF2E0,0xD9E0,0xD9E0,0xC100,0xC920,0xF426,0xFCA5,0xF2E0,0xC900,0xC920,
    0xFB60,0xE260,0xD9A0,0xE220,0xC940,0xB000,0xE240,0xFB20,0xEA60,0xD9C0,0xE200,0xEAA0,
    0xEA80,0xE200,0xE240,0xEA60,0xEAA0,0xEA60,0xD9C0,0xC940,0xE240,0xF2C0,0xFB00,0xE220,
    0xEA80,0xF2E0,0xF2C0,0xEA60,0xEA80,0xC920,0xD180,0xD9C0,0xC940,0xC920,0xC940,0xD180,
    0xD1A0,0xC920,0xC920,0xD9C0,0xE240,0xE220,0xD9A0,0xD1A0,0xE220,0xE260,0xDA00,0xD1A0,
    0xE240,0xFB00,0xFB00,0xFB40,0xFC00,0xFC41,0xFDAC,0xFCE7,0xFC41,0xFC63,0xFC00,0xFC00,
    0xFB80,0xFB80,0xFB20,0xF2E0,0xFB80,0xFBA0,0xFB40,0xFBA0,0xFC83,0xFD8B,0xFDEE,0xFE51,
    0xFCC5,0xFD07,0xFDCE,0xFF7B,0xFFFF,0xFF7B,0xFF9C,0xFE93,0xFBA0,0xFB20,0xFDEE,0xFF7C,
    0xFEB4,0xFB60,0xFB60,0xF2E0,0xD9E0,0xD1A0,0xB8A0,0xC0C0,0xD180,0xB860,0xC0C0,0xE240,
    0xC940,0xC0C0,0xC0C0,0xB040,0xC900,0xF2A0,0xFB20,0xC0E0,0xA000,0xB060,0xB020,0xA800,
    0xC920,0xC940,0xE200,0xF2C0,0xE220,0xD9E0,0xC0C0,0xC0C0,0xD180,0xD1A0,0xD9E0,0xD9C0,
    0xC0C0,0xD9C0,0xE200,0xD160,0xD180,0xEA60,0xEA60,0xF2E0,0xD9E0,0xD180,0xB040,0xA840,
    0xC0E0,0xD160,0xD180,0xD1A0,0xEA80,0xFB80,0xEA80,0xF280,0xFC44,0xFD49,0xFC00,0xFBE0,
    0xFCA4,0xFC21,0xFB20,0xE220,0xD1A0,0xD180,0xEA80,0xF2C0,0xFB80,0xFBA0,0xFBE1,0xE220,
    0xD160,0xD1A0,0xD1A0,0xD9C0,0xFB20,0xFBE0,0xF2E0,0xD9A0,0xB860,0xC0E0,0xD160,0xD9C0,
    0xEA60,0xE240,0xD9E0,0xD9C0,0xC100,0xB860,0xC900,0xC960,0xD1A0,0xD180,0xD180,0xEA60,
    0xF2C0,0xFB20,0xF2E0,0xD9E0,0xD9C0,0xEA60,0xF2E0,0xF2C0,0xEA60,0xE220,0xC920,0xC900,
    0xC920,0xC940,0xE200,0xF2C0,0xFC21,0xFC41,0xFBC0,0xF340,0xEA60,0xD9E0,0xEA60,0xF2C0,
    0xFB00,0xFB60,0xFB40,0xFB60,0xFC00,0xFC41,0xFB40,0xF2C0,0xEA60,0xEA60,0xE240,0xD1A0,
    0xDA00,0xE200,0xE240,0xEA80,0xEA80,0xE240,0xEA60,0xEA80,0xF2C0,0xFB00,0xFB40,0xFB20,
    0xEA80,0xFB00,0xFBE0,0xFCC4,0xFCE7,0xFD6A,0xFD49,0xFC20,0xFB60,0xFC01,0xFC02,0xEA80,
    0xEA80,0xE240,0xD180,0xC920,0xC0C0,0xB860,0xB880,0xC0A0,0xC900,0xC900,0xC0C0,0xC100,
    0xC900,0xC920,0xD1A0,0xD1A0,0xC920,0xB060,0xA800,0xA820,0xA000,0xB880,0xC0C0,0xB8A0,
    0xC0E0,0xD9E0,0xEA60,0xF300,0xD1A0,0xD160,0xE220,0xD1A0,0xF2E0,0xF320,0xD9C0,0xD180,
    0xC0E0,0xC900,0xD1A0,0xE220,0xD9E0,0xC0E0,0xC0E0,0xD180,0xD9E0,0xC940,0xC920,0xC920,
    0xEAE0,0xFC82,0xFB60,0xFC22,0xFD28,0xFB40,0xEA40,0xD9E0,0xD9E0,0xD9C0,0xE220,0xFB60,
    0xFD07,0xFD8C,0xFC64,0xFCA4,0xFCE6,0xFC83,0xFCA3,0xFBA0,0xEA80,0xE240,0xE240,0xFCA4,
    0xFB81,0xE240,0xD140,0xE240,0xC940,0xB040,0xB880,0xC0E0,0xC940,0xC100,0xC100,0xC0C0,
    0xC940,0xE220,0xC900,0xA820,0xD180,0xF300,0xFB20,0xEA60,0xC920,0xD9A0,0xE220,0xE240,
    0xD9C0,0xC960,0xC900,0xB060,0xB020,0xB020,0xB020,0xD1A0,0xD1A0,0xC960,0xC940,0xD180,
    0xE240,0xEA60,0xD1A0,0xC0A0,0xD180,0xEA60,0xF300,0xE240,0xE220,0xEA60,0xE240,0xEA80,
    0xD9E0,0xDA00,0xD9E0,0xF2A0,0xFB80,0xFB40,0xEA80,0xFB20,0xFB60,0xFB20,0xEA60,0xEA80,
    0xE240,0xE240,0xFB60,0xFC20,0xE220,0xB860,0xB060,0xC0A0,0xC0C0,0xC0E0,0xD180,0xF2E0,
    0xFB60,0xF2C0,0xE240,0xD9C0,0xE240,0xFB20,0xF2E0,0xFB40,0xF2C0,0xE240,0xE240,0xF2C0,
    0xFB40,0xEA80,0xC940,0xD9E0,0xE240,0xDA00,0xE220,0xF2A0,0xD9E0,0xC0C0,0xB040,0xC0C0,
    0xB020,0xB880,0xC0A0,0xC0E0,0xEA80,0xFCA3,0xEAE1,0xD140,0xD9E0,0xD9C0,0xD9C0,0xD1A0,
    0xC0C0,0xB860,0xC0E0,0xE220,0xFB20,0xF2C0,0xF2C0,0xF2E0,0xE240,0xD180,0xF2C0,0xFB40,
    0xEA60,0xD1A0,0xD160,0xC940,0xB060,0xD1A0,0xD9E0,0xC920,0xB8A0,0xD9A0,0xD9C0,0xE220,
    0xC0E0,0xD9A0,0xE240,0xD9C0,0xC920,0xD180,0xD160,0xD9A0,0xC0C0,0xC920,0xC940,0xC100,
    0xB020,0xB060,0xC100,0xC0C0,0xD9C0,0xD9E0,0xD160,0xC0E0,0xB040,0xA800,0xB040,0xC920,
    0xEA60,0xE240,0xE200,0xD160,0xD1A0,0xD9E0,0xFB80,0xFBE1,0xF300,0xE220,0xD180,0xC0E0,
    0xD9A0,0xEA80,0xFB40,0xF2C0,0xF2C0,0xFBC0,0xFB60,0xEA40,0xFCC8,0xFD09,0xFBE2,0xFCA4,
    0xFD6B,0xFDEE,0xFE10,0xFF38,0xFFBD,0xFE51,0xFD6A,0xFDAD,0xFFBD,0xFE10,0xFC23,0xFB40,
    0xE220,0xC960,0xC920,0xD980,0xFC22,0xFB81,0xD9E0,0xD160,0xFB60,0xF320,0xE220,0xDA00,
    0xD160,0xC920,0xF2E0,0xEAA0,0xE220,0xEA60,0xEA80,0xF2C0,0xE200,0xC920,0xE220,0xEA80,
    0xEA40,0xF2A0,0xD9E0,0xC0C0,0xC0E0,0xD9E0,0xDA00,0xD160,0xEA80,0xFB20,0xD180,0xC0C0,
    0xD9C0,0xD180,0xD180,0xD160,0xC0C0,0xC0C0,0xD1A0,0xD180,0xD9A0,0xC920,0xC0C0,0xD1A0,
    0xEA80,0xE240,0xD9C0,0xD1A0,0xE220,0xEAA0,0xF2A0,0xF2C0,0xE240,0xF2C0,0xFB00,0xFB80,
    0xFC00,0xFBC0,0xFB40,0xF300,0xFCA4,0xFC22,0xFBA0,0xFB60,0xFB00,0xF2E0,0xFB40,0xFB80,
    0xFBE1,0xFCE6,0xFBC1,0xFBC0,0xFCE6,0xFE0F,0xFE73,0xFDEE,0xFE52,0xFE94,0xFF9C,0xFFFF,
    0xFFFF,0xFFBD,0xFE94,0xFCE7,0xFB20,0xEA80,0xFC23,0xFDED,0xFCC7,0xF280,0xEA80,0xD9C0,
    0xB880,0xB860,0xB8A0,0xC940,0xB880,0xA800,0xA800,0xB040,0xB040,0xA820,0xC920,0xB880,
    0xC900,0xF300,0xE240,0xB880,0xA820,0xB880,0xA000,0xA000,0xC0C0,0xC0C0,0xC940,0xF2E0,
    0xF300,0xD9A0,0xC0E0,0xB880,0xC0E0,0xC920,0xDA00,0xEA60,0xD180,0xE240,0xF2C0,0xD160,
    0xD9E0,0xFB40,0xFBA1,0xF320,0xEA80,0xD9C0,0xB060,0xA000,0xA820,0xC920,0xC920,0xC0E0,
    0xE220,0xF2C0,0xE200,0xF341,0xFC42,0xFCA4,0xFBE0,0xFC01,0xFC42,0xFBA0,0xF2C0,0xD9C0,
    0xD1A0,0xC920,0xEA60,0xFC00,0xF300,0xC940,0xC0C0,0xC0E0,0xC100,0xD9E0,0xD180,0xD180,
    0xE240,0xF2E0,0xF2E0,0xD140,0xA800,0xB880,0xC0C0,0xB860,0xD1A0,0xEA80,0xE240,0xD160,
    0xC0C0,0xC0C0,0xC0E0,0xC940,0xD180,0xE200,0xD9C0,0xEA60,0xEAA0,0xF2E0,0xEAA0,0xD9E0,
    0xD160,0xEA60,0xFB20,0xF2E0,0xE240,0xDA00,0xD9A0,0xD180,0xD9A0,0xC940,0xD1A0,0xDA00,
    0xEA80,0xFB80,0xFBA0,0xFBE0,0xF2C0,0xE200,0xFB20,0xFB80,0xFB60,0xFB80,0xFB80,0xFBA0,
    0xFC21,0xFC82,0xFBA0,0xE240,0xD180,0xD9A0,0xD1A0,0xD9A0,0xE240,0xD9E0,0xE240,0xEAA0,
    0xEA60,0xEA60,0xE240,0xE220,0xEA80,0xEAA0,0xEA80,0xEA60,0xEA80,0xF2C0,0xFB40,0xFBC0,
    0xFCC5,0xFD6A,0xFC00,0xFB60,0xF2E0,0xFC01,0xFB60,0xEA60,0xD1A0,0xD9A0,0xD1A0,0xC940,
    0xC920,0xB880,0xB8A0,0xC0C0,0xC0E0,0xC0C0,0xB060,0xC0C0,0xC900,0xD160,0xD1A0,0xE220,
    0xD9A0,0xB8A0,0xA820,0xA000,0xA840,0xC920,0xD180,0xC0C0,0xB040,0xC940,0xEA80,0xE200,
    0xDA00,0xC900,0xC100,0xC940,0xE200,0xFB20,0xFB20,0xD180,0xC0E0,0xC0C0,0xC920,0xD9C0,
    0xDA00,0xD180,0xC0E0,0xE240,0xE220,0xC900,0xC940,0xD1A0,0xF300,0xFCE6,0xFC01,0xFC42,
    0xFE30,0xFCC6,0xFC03,0xF320,0xEAA0,0xEAA0,0xEA60,0xFB60,0xFC83,0xFD07,0xFDEE,0xFCE6,
    0xFD07,0xFCA5,0xFC63,0xFBE1,0xF2C0,0xEA80,0xD9E0,0xFB81,0xFC21,0xE200,0xC0E0,0xC0E0,
    0xA800,0xA800,0xB880,0xC900,0xC940,0xC0E0,0xB860,0xB8A0,0xB8A0,0xD160,0xB8A0,0xB040,
    0xC900,0xE200,0xE240,0xD180,0xC0E0,0xC940,0xE200,0xC900,0xD160,0xC900,0xB860,0xB040,
    0xB8A0,0xC900,0xC900,0xC0E0,0xD9C0,0xD1A0,0xC940,0xC920,0xD1A0,0xE240,0xE240,0xC900,
    0xD160,0xE220,0xFB20,0xF2C0,0xF2E0,0xF2C0,0xE240,0xEA80,0xE220,0xF300,0xF2E0,0xEAA0,
    0xF2E0,0xF2C0,0xD9C0,0xD9E0,0xEA60,0xEAA0,0xE220,0xE200,0xD9E0,0xD9C0,0xEAA0,0xFC00,
    0xD1A0,0xB020,0xB880,0xD160,0xD1A0,0xC900,0xC900,0xD9E0,0xEAA0,0xEA60,0xE200,0xD9E0,
    0xD180,0xE220,0xF2E0,0xFB20,0xEA60,0xE200,0xEA40,0xEA80,0xFB40,0xFB20,0xD9C0,0xEA60,
    0xF2C0,0xEA60,0xE220,0xE240,0xD160,0xC940,0xC0C0,0xC0C0,0xC0A0,0xD9C0,0xC0C0,0xC920,
    0xF360,0xFD89,0xF363,0xD140,0xDA00,0xE240,0xD9C0,0xD160,0xC0E0,0xC0C0,0xC940,0xE200,
    0xEA60,0xEA60,0xF300,0xFB60,0xEA60,0xEA80,0xEA80,0xFB60,0xFBC1,0xF2A0,0xC940,0xB040,
    0xA800,0xB040,0xC0E0,0xB8A0,0xB060,0xB8C0,0xC0E0,0xEA60,0xD160,0xC900,0xC0C0,0xD180,
    0xC900,0xC0E0,0xC920,0xEAA0,0xD180,0xC0E0,0xC0C0,0xB8A0,0xA800,0xA800,0xC0E0,0xC0C0,
    0xC940,0xD9E0,0xD180,0xC100,0xB8A0,0xB020,0xC940,0xDA00,0xE240,0xEA80,0xF2E0,0xE220,
    0xEA80,0xEA60,0xF300,0xFBE0,0xF320,0xE240,0xC0C0,0xB000,0xC0E0,0xEA60,0xFB20,0xE240,
    0xD9E0,0xFB80,0xFBA0,0xF2E0,0xFD07,0xFBA0,0xF300,0xFC42,0xFD29,0xFEB4,0xFED6,0xFF7B,
    0xFF9C,0xFF9C,0xFE31,0xFEF7,0xFFFF,0xFD6B,0xFD28,0xFC63,0xF2E0,0xEA60,0xD9C0,0xD180,
    0xF2E0,0xEAA0,0xD9E0,0xD160,0xE240,0xEAC0,0xD9C0,0xE220,0xD180,0xE220,0xEA80,0xD9E0,
    0xD9C0,0xEA80,0xF2A0,0xE240,0xC940,0xC0E0,0xD9E0,0xD180,0xC940,0xE200,0xD1A0,0xD140,
    0xC900,0xC940,0xC100,0xB8A0,0xDA00,0xFBA0,0xE220,0xD180,0xD160,0xD9A0,0xE240,0xDA00,
    0xC0E0,0xC100,0xD160,0xD180,0xD1A0,0xC0C0,0xC940,0xE260,0xF2C0,0xF2C0,0xEA60,0xEAA0,
    0xEA80,0xFB40,0xF2E0,0xEAA0,0xE220,0xF320,0xF300,0xFB20,0xFB40,0xFB20,0xF2E0,0xEA60,
    0xFCE7,0xFC02,0xFB00,0xF2C0,0xFB20,0xFBA0,0xFB80,0xFC42,0xFC84,0xFC83,0xFD07,0xFC20,
    0xFCC5,0xFEB5,0xFE51,0xFE73,0xFFFF,0xFFFF,0xFFFF,0xFFFF,0xFFFF,0xFEF6,0xFC84,0xFB20,
    0xEA40,0xEA60,0xFC23,0xF320,0xF2C0,0xE240,0xD1A0,0xC0E0,0xB8A0,0xB8A0,0xD9C0,0xE220,
    0xC0E0,0xA800,0xA000,0x9800,0xA000,0xC0C0,0xC0C0,0xB020,0xD140,0xEA60,0xD9A0,0xA800,
    0xB860,0xB040,0xA000,0xB040,0xB880,0xB040,0xB8A0,0xE220,0xEA60,0xD9C0,0xC960,0xD180,
    0xDA00,0xC920,0xD9C0,0xEA80,0xEA80,0xEA80,0xD9E0,0xC0E0,0xC0E0,0xE240,0xF300,0xEAC0,
    0xEA40,0xD9E0,0xC0C0,0xB020,0xB020,0xB040,0xB8A0,0xD9C0,0xDA00,0xE200,0xF2E0,0xFD89,
    0xFC42,0xFBA0,0xFB80,0xFB60,0xFB20,0xFB00,0xE240,0xD9E0,0xD9C0,0xD140,0xEA60,0xEA80,
    0xE240,0xD9C0,0xC940,0xD160,0xD140,0xEA60,0xF300,0xD180,0xE240,0xE240,0xE220,0xD140,
    0xA000,0xA820,0xB860,0xB020,0xC0C0,0xD9C0,0xE240,0xD140,0xC0E0,0xE200,0xD160,0xD1A0,
    0xE240,0xFB40,0xFB40,0xF2E0,0xEAA0,0xF300,0xFB60,0xEA80,0xD9A0,0xE220,0xFB40,0xE260,
    0xE220,0xE200,0xD9C0,0xD180,0xD9A0,0xD1A0,0xE220,0xD180,0xC940,0xF2C0,0xFB80,0xFBA0,
    0xF2E0,0xEA60,0xFB40,0xFBA0,0xFB60,0xFBA0,0xFC00,0xFB40,0xF2E0,0xFB60,0xF2E0,0xD9A0,
    0xD180,0xD9A0,0xD180,0xD9C0,0xE200,0xDA00,0xEA80,0xEA80,0xEA60,0xE200,0xEA80,0xF2C0,
    0xF2C0,0xEA60,0xE240,0xE240,0xEA60,0xEA80,0xF2C0,0xFB60,0xFC21,0xFC41,0xFBE0,0xF2C0,
    0xEA60,0xF300,0xF2A0,0xE200,0xC0E0,0xB8A0,0xC920,0xC940,0xC940,0xC100,0xC900,0xC920,
    0xC900,0xB880,0xB860,0xB060,0xB880,0xC0E0,0xD9C0,0xD9E0,0xEA60,0xD160,0xB880,0xB020,
    0xC900,0xD9A0,0xE240,0xDA00,0xD9E0,0xD1A0,0xD180,0xE240,0xF2E0,0xD180,0xC920,0xC920,
    0xD1A0,0xEAA0,0xEA60,0xD9E0,0xD160,0xD9C0,0xC920,0xD160,0xE200,0xE240,0xD180,0xD9E0,
    0xE200,0xC100,0xD1A0,0xD9E0,0xFB60,0xFCC4,0xFC42,0xFBC0,0xFD08,0xFEB4,0xFED5,0xFE0E,
    0xFC01,0xFB80,0xF300,0xFB40,0xFC63,0xFD8B,0xFE0F,0xFD29,0xFCC5,0xFB40,0xFCA7,0xFD28,
    0xFB60,0xF2C0,0xEA40,0xE220,0xD9C0,0xC0C0,0xB860,0xB020,0xB020,0xB040,0xB8A0,0xC920,
    0xC0E0,0xB8A0,0xA800,0xB8A0,0xB040,0xB020,0xB020,0xB020,0xC0E0,0xC940,0xD9E0,0xC940,
    0xC0E0,0xC0E0,0xC0E0,0xB040,0xB880,0xB040,0xA800,0xA800,0xC900,0xD9A0,0xB060,0xB060,
    0xC940,0xD180,0xC920,0xC0E0,0xD180,0xE240,0xE200,0xC0E0,0xC960,0xE240,0xF300,0xFB20,
    0xF2E0,0xF2A0,0xEA60,0xEA60,0xEA60,0xF300,0xFBC0,0xFB80,0xEA80,0xE220,0xC940,0xD1A0,
    0xEA80,0xEA80,0xEA60,0xF2A0,0xE200,0xD9A0,0xD9C0,0xEAA0,0xC920,0xB860,0xC0C0,0xD160,
    0xE200,0xC100,0xC0E0,0xC900,0xE200,0xD9A0,0xD180,0xD9E0,0xC940,0xC940,0xEA80,0xF2E0,
    0xE220,0xD9C0,0xEA80,0xEAA0,0xFB00,0xFB00,0xEA80,0xF2C0,0xFB00,0xFB20,0xFB00,0xE200,
    0xC100,0xD180,0xD160,0xD160,0xD180,0xF320,0xC960,0xE200,0xFC62,0xFD47,0xEAC1,0xC920,
    0xD9E0,0xE200,0xD180,0xD9E0,0xD160,0xC940,0xD1A0,0xEA40,0xE240,0xEA60,0xFB20,0xF2C0,
    0xEA80,0xF300,0xF2E0,0xFBE1,0xFC01,0xFBC0,0xF2E0,0xD160,0xC100,0xC100,0xD9C0,0xC0E0,
    0xA800,0xA860,0xD1A0,0xEA60,0xC0C0,0xB8A0,0xC920,0xC0E0,0xB860,0xB880,0xB8A0,0xE220,
    0xD1A0,0xC0A0,0xB020,0xA000,0x9800,0xA820,0xC900,0xB020,0xB880,0xC940,0xD1A0,0xF2C0,
    0xE200,0xC920,0xE220,0xEA80,0xEA60,0xE220,0xEA80,0xF2E0,0xF2E0,0xF2E0,0xFB80,0xFB60,
    0xF2C0,0xE220,0xD160,0xC900,0xC0E0,0xE200,0xE240,0xD1A0,0xD1A0,0xEAC0,0xFBA0,0xFB80,
    0xFBE0,0xFCE5,0xFB80,0xFBC2,0xFDEE,0xFF5A,0xFFFF,0xFFDE,0xFEB4,0xFEB4,0xFED5,0xFF7B,
    0xFF39,0xFED6,0xFD8A,0xFC43,0xF2E0,0xFB20,0xFB40,0xE220,0xD160,0xD9C0,0xD180,0xE240,
    0xD160,0xDA00,0xD180,0xE240,0xEA60,0xD9C0,0xE200,0xD9C0,0xD9E0,0xE240,0xD9E0,0xD9C0,
    0xD180,0xD160,0xD9C0,0xD180,0xD160,0xC900,0xC0C0,0xC0E0,0xD160,0xD160,0xD180,0xC940,
    0xE240,0xFBA0,0xE240,0xEA60,0xD9E0,0xD1A0,0xE220,0xD9E0,0xC100,0xC100,0xC920,0xC920,
    0xD180,0xC0C0,0xD9C0,0xE240,0xEAA0,0xF2A0,0xE200,0xEAA0,0xFB00,0xFB60,0xF2A0,0xE240,
    0xEA80,0xEAA0,0xF2E0,0xFAE0,0xFB40,0xF300,0xEA80,0xEAA0,0xFB20,0xFB20,0xFBC0,0xFB20,
    0xFB40,0xFBA0,0xFC62,0xFC62,0xFCA4,0xFC83,0xFD07,0xFCC5,0xFC62,0xFF38,0xFE52,0xFE72,
    0xFFFF,0xFFFF,0xFF5A,0xFF39,0xFFDE,0xFEB4,0xFBA0,0xF2E0,0xF280,0xFC45,0xFD07,0xFBA2,
    0xF300,0xEAA0,0xD180,0xC920,0xC0E0,0xC0C0,0xE220,0xEAA0,0xC940,0xB040,0xB880,0xA040,
    0xA000,0xC0E0,0xB8A0,0xA820,0xB8A0,0xD9E0,0xC940,0xB8A0,0xB040,0xC0A0,0xC0C0,0xD9C0,
    0xD160,0xC940,0xC900,0xC0C0,0xC900,0xC900,0xC920,0xDA00,0xD9E0,0xC0C0,0xD180,0xD9E0,
    0xDA00,0xD9E0,0xD9C0,0xD160,0xC0C0,0xC940,0xE200,0xD160,0xE240,0xF300,0xD1A0,0xE260,
    0xD9C0,0xC0C0,0xB880,0xD9C0,0xD9E0,0xD9C0,0xFC22,0xFC23,0xFB80,0xFB20,0xEA80,0xF300,
    0xFB20,0xEA80,0xD9C0,0xD180,0xD180,0xE220,0xF2A0,0xD9C0,0xF2A0,0xEA60,0xD180,0xC960,
    0xD160,0xE240,0xD1A0,0xD1A0,0xEA60,0xDA00,0xD9C0,0xC900,0xB040,0xA800,0xB020,0xA800,
    0xB040,0xC0E0,0xEAC0,0xF2E0,0xD180,0xD9E0,0xD1A0,0xD180,0xF300,0xFB80,0xFB20,0xFB60,
    0xFB20,0xF2A0,0xF2A0,0xF2A0,0xE220,0xD160,0xF2E0,0xE240,0xC940,0xC900,0xC900,0xC900,
    0xC940,0xD180,0xE200,0xD140,0xB880,0xD180,0xEA80,0xEA40,0xE240,0xE220,0xFB40,0xFB60,
    0xFB60,0xFBC0,0xFC00,0xF2C0,0xD9E0,0xD9C0,0xD1A0,0xD160,0xD160,0xD180,0xD1A0,0xD1A0,
    0xD1A0,0xE220,0xE240,0xF2C0,0xEA80,0xD9E0,0xF300,0xFBC0,0xF2E0,0xE200,0xD9E0,0xD9E0,
    0xE200,0xEA80,0xF2E0,0xFB40,0xFBA0,0xFBC0,0xFB80,0xF320,0xE200,0xEAA0,0xDA00,0xC940,
    0xB060,0xA800,0xC900,0xC940,0xC920,0xC940,0xC900,0xC900,0xC100,0xC0C0,0xB880,0xA800,
    0xA000,0xA800,0xC0E0,0xD180,0xEA60,0xE220,0xB8A0,0xB880,0xC940,0xDA00,0xEAA0,0xF2A0,
    0xD9E0,0xD9C0,0xD9A0,0xF2A0,0xF300,0xC900,0xC900,0xC920,0xD1A0,0xD9C0,0xC920,0xC920,
    0xE240,0xF2A0,0xD9A0,0xD1A0,0xEAA0,0xFB60,0xEAA0,0xE240,0xD9E0,0xD160,0xD180,0xE200,
    0xF300,0xFC21,0xFB60,0xFB60,0xFC00,0xFDEE,0xFE73,0xFE94,0xFD07,0xFD8B,0xFDCD,0xFDAC,
    0xFEB4,0xFED5,0xFE72,0xFDAD,0xFC83,0xFBA0,0xFBA1,0xFD29,0xFC21,0xF2C0,0xDA00,0xE200,
    0xD180,0xC0C0,0xB020,0xB8A0,0xD160,0xC940,0xD9C0,0xC0C0,0xB860,0xB060,0xB040,0xC0E0,
    0xB860,0xA800,0xA820,0xC920,0xF2A0,0xEA60,0xD180,0xE200,0xD9E0,0xD9E0,0xC940,0xB020,
    0xA800,0xA800,0xB020,0xB8A0,0xC100,0xC900,0xA000,0xA020,0xC900,0xC920,0xC0E0,0xB8A0,
    0xC940,0xD9E0,0xDA00,0xD180,0xD160,0xE220,0xF2A0,0xEA80,0xEAA0,0xF2E0,0xF2A0,0xFB00,
    0xF2C0,0xFB00,0xFB20,0xFB40,0xFB20,0xE200,0xC940,0xC920,0xD9E0,0xE220,0xEA80,0xFB00,
    0xEA60,0xD140,0xC100,0xC920,0xC0C0,0xE220,0xD9A0,0xC0C0,0xC100,0xC0E0,0xC0E0,0xD160,
    0xE200,0xE240,0xD180,0xD180,0xE220,0xEA60,0xFAE0,0xEAA0,0xD9E0,0xE200,0xEA80,0xF2C0,
    0xF2C0,0xFB00,0xF2C0,0xEA80,0xF2A0,0xFB20,0xFB60,0xF300,0xD140,0xD1A0,0xD9E0,0xE240,
    0xE220,0xFB20,0xC940,0xD9A0,0xFBE1,0xFC42,0xF3A1,0xE200,0xD9E0,0xD9C0,0xC940,0xDA00,
    0xD9E0,0xD9A0,0xEA60,0xEA80,0xEA80,0xF2E0,0xF2E0,0xEA60,0xE200,0xF2C0,0xFB20,0xFB40,
    0xFB00,0xFB60,0xEAC0,0xEA80,0xD9C0,0xC900,0xD160,0xC940,0xC900,0xC0E0,0xC900,0xD9C0,
    0xC100,0xB860,0xB8A0,0xA800,0xA000,0xA000,0xB880,0xD180,0xC920,0xB060,0xA800,0xA000,
    0xA000,0xB860,0xB040,0xB880,0xB880,0xC0C0,0xD160,0xF2A0,0xFB20,0xF2A0,0xE240,0xEA80,
    0xF2E0,0xEAA0,0xEA80,0xF2A0,0xE220,0xF2C0,0xF2E0,0xF2A0,0xF2E0,0xF2C0,0xF2C0,0xEAA0,
    0xE200,0xD180,0xD9C0,0xD160,0xD180,0xC920,0xD1C0,0xF2C0,0xFCA5,0xFCC6,0xF2C0,0xFC66,
    0xFCE7,0xFDEF,0xFF39,0xFE51,0xFD06,0xFCE6,0xFD06,0xFD8B,0xFEB4,0xFDCD,0xFC02,0xFBA0,
    0xFB20,0xFB40,0xF2E0,0xD9E0,0xC900,0xC0C0,0xC0E0,0xF2C0,0xD9E0,0xD140,0xD180,0xD1A0,
    0xE220,0xF2E0,0xEA60,0xD180,0xD9E0,0xFB00,0xE220,0xC940,0xD160,0xD9E0,0xE240,0xF2E0,
    0xE220,0xD9E0,0xD160,0xD180,0xD1A0,0xD1A0,0xD160,0xD180,0xF300,0xF2E0,0xE220,0xE200,
    0xD9C0,0xC940,0xD9C0,0xE220,0xC900,0xB8A0,0xD180,0xB060,0xB8A0,0xC940,0xE200,0xD160,
    0xD1A0,0xE200,0xE200,0xE200,0xEAA0,0xF2E0,0xEA80,0xE240,0xEA60,0xF2C0,0xF2C0,0xFB20,
    0xFB20,0xE220,0xE220,0xF2C0,0xEA80,0xEA60,0xFB60,0xFB40,0xFB20,0xFB80,0xFC42,0xFC82,
    0xFC84,0xFC62,0xFCA4,0xFCE6,0xFD07,0xFDCD,0xFDEE,0xFDEF,0xFFFF,0xFFDE,0xFE52,0xFE51,
    0xFF5A,0xFE72,0xFBA1,0xF2C0,0xE220,0xFC86,0xFF16,0xFCEA,0xE1C0,0xE260,0xD9E0,0xD180,
    0xC900,0xD1A0,0xE220,0xE220,0xD140,0xB880,0xD9E0,0xC920,0xB8A0,0xD140,0xB040,0xA000,
    0xA800,0xC940,0xC0E0,0xE220,0xC960,0xC920,0xD9E0,0xEAA0,0xE240,0xD9E0,0xC920,0xB860,
    0xC0C0,0xB860,0xB860,0xC900,0xC920,0xB040,0xC920,0xD160,0xC100,0xD180,0xE220,0xE220,
    0xD9C0,0xEA60,0xC0E0,0xB880,0xE240,0xE220,0xE260,0xFCA2,0xE200,0xD160,0xD9C0,0xEA60,
    0xD9C0,0xDA20,0xFC21,0xEA20,0xF2A0,0xF2A0,0xD9C0,0xF2E0,0xF2C0,0xE220,0xE240,0xE220,
    0xC920,0xC940,0xD9C0,0xD9E0,0xDA00,0xD180,0xC0C0,0xC0E0,0xC900,0xC0E0,0xD160,0xE220,
    0xD9E0,0xD160,0xC920,0xC0A0,0xC0C0,0xB860,0xB040,0xA000,0xA800,0xC900,0xF2E0,0xF300,
    0xC920,0xD160,0xD180,0xC100,0xE220,0xF2C0,0xF2E0,0xEA40,0xD180,0xC940,0xD160,0xD160,
    0xD160,0xC900,0xD160,0xE220,0xD9C0,0xC900,0xC0C0,0xC0E0,0xC900,0xC940,0xE200,0xF300,
    0xE220,0xC0E0,0xC900,0xC0E0,0xC940,0xE220,0xF2C0,0xFB00,0xFB80,0xFC00,0xFBC0,0xF2E0,
    0xD9E0,0xD160,0xC0C0,0xC920,0xD160,0xC940,0xD160,0xD9C0,0xD9E0,0xD9E0,0xEA60,0xEA80,
    0xEA60,0xEA80,0xFB20,0xFB20,0xFB00,0xE200,0xD160,0xDA00,0xD9E0,0xFB40,0xFC21,0xFBE0,
    0xFBA0,0xFBA1,0xFB20,0xEAA0,0xD180,0xD9C0,0xC0E0,0xB020,0xA800,0xB060,0xC100,0xC0E0,
    0xC920,0xD160,0xC920,0xB880,0xC0A0,0xC0E0,0xB8A0,0xB860,0xA800,0xB060,0xD160,0xC940,
    0xE220,0xE200,0xD9A0,0xEA60,0xE240,0xE220,0xEA60,0xF2E0,0xE240,0xF2A0,0xFB40,0xFB60,
    0xF2E0,0xD9A0,0xC900,0xC0C0,0xD180,0xE260,0xD160,0xD160,0xC920,0xC0C0,0xD9E0,0xF2E0,
    0xE240,0xEA80,0xFB40,0xFC01,0xFB40,0xD9A0,0xD1A0,0xE240,0xEA80,0xFB40,0xF300,0xFB80,
    0xFCA4,0xFE73,0xFE0F,0xFD49,0xFDAC,0xFE10,0xFF59,0xFF9C,0xFEF7,0xFE30,0xFE30,0xFDEE,
    0xFCE6,0xFC41,0xFBC0,0xFB40,0xEA60,0xD9C0,0xE220,0xD180,0xC900,0xC0C0,0xB8A0,0xD180,
    0xEA80,0xEA60,0xEA80,0xC940,0xB8A0,0xC0A0,0xE220,0xE260,0xE200,0xD160,0xC920,0xE240,
    0xFBA0,0xEAC0,0xD9C0,0xF2A0,0xD9C0,0xD9C0,0xD9E0,0xC0E0,0xD1A0,0xC0E0,0xB040,0xD160,
    0xD160,0xB060,0x9800,0xA820,0xB860,0xC0E0,0xC940,0xC920,0xD9C0,0xE240,0xEAA0,0xEA80,
    0xE220,0xE240,0xEA60,0xD9C0,0xE240,0xF2E0,0xFB20,0xFB60,0xFB20,0xF2E0,0xEA60,0xF2A0,
    0xFB20,0xE240,0xD180,0xC920,0xD180,0xE260,0xEA80,0xE220,0xD9C0,0xC920,0xC0E0,0xB8A0,
    0xB880,0xE220,0xD9C0,0xC0E0,0xD1A0,0xD1A0,0xD9C0,0xEA80,0xF2C0,0xF2E0,0xE220,0xE240,
    0xEA80,0xFB40,0xFB40,0xEA60,0xC920,0xC920,0xE200,0xEA80,0xEA60,0xEAA0,0xF2C0,0xEA40,
    0xF2A0,0xFB00,0xF2C0,0xF2E0,0xE240,0xD9E0,0xD9C0,0xE220,0xC940,0xC920,0xC0C0,0xD160,
    0xF2A0,0xFC21,0xFC21,0xE220,0xDA00,0xE220,0xD1A0,0xD160,0xD9C0,0xE240,0xFB00,0xF2A0,
    0xEA60,0xEAA0,0xF300,0xE220,0xC100,0xE200,0xF2E0,0xF2C0,0xD9C0,0xD9E0,0xC920,0xB020,
    0xA800,0xA800,0xC0E0,0xD180,0xC0E0,0xC0C0,0xB040,0xB060,0xC900,0xB020,0xA000,0xA800,
    0x9800,0xA000,0xC0C0,0xC100,0xC900,0xC0C0,0xB040,0xA820,0x9800,0xB880,0xC900,0xD180,
    0xC100,0xB8C0,0xC0E0,0xE240,0xF2E0,0xEA80,0xC0E0,0xD9E0,0xF2C0,0xFB40,0xFB60,0xEA80,
    0xFB00,0xF2E0,0xE220,0xE220,0xEAA0,0xF2E0,0xE240,0xDA00,0xD160,0xD9C0,0xC920,0xB8A0,
    0xC900,0xB880,0xA800,0xD160,0xFBA0,0xF300,0xEAA0,0xEA60,0xFBE3,0xFEB3,0xFD8B,0xFBC1,
    0xFBA0,0xFC62,0xFC01,0xFBC0,0xFD29,0xFC42,0xFC44,0xFCA6,0xFB20,0xFBC1,0xE240,0xD180,
    0xC920,0xC920,0xD1A0,0xE240,0xD9C0,0xD9E0,0xD160,0xC940,0xD180,0xD9A0,0xE200,0xE220,
    0xF2C0,0xF2C0,0xFB00,0xEAC0,0xE240,0xE240,0xF2C0,0xFB80,0xEA60,0xE200,0xFB60,0xEAA0,
    0xC940,0xC0E0,0xC0E0,0xD160,0xEA80,0xC940,0xC0C0,0xC920,0xC920,0xC100,0xD160,0xD140,
    0xC0C0,0xC0C0,0xC920,0xC0C0,0xB880,0xC100,0xE240,0xD9C0,0xB8A0,0xD9C0,0xD9E0,0xD9E0,
    0xF2C0,0xF2E0,0xF2E0,0xEA80,0xF2A0,0xEAA0,0xE220,0xF2E0,0xFB40,0xF2C0,0xEA60,0xEA80,
    0xE240,0xE240,0xEA60,0xEA60,0xEA80,0xFB00,0xFBC0,0xFC41,0xFC42,0xFC00,0xFC84,0xFCE6,
    0xFC84,0xFC62,0xFCA4,0xFE72,0xFFDE,0xFF7A,0xFDCE,0xFE0F,0xFED6,0xFDAC,0xFBE1,0xF2A0,
    0xE200,0xF3A3,0xFE92,0xFC23,0xE1E0,0xC920,0xE240,0xEAA0,0xD9E0,0xF2A0,0xD9C0,0xD180,
    0xC0E0,0xC0C0,0xD9A0,0xC0E0,0xC0E0,0xD9C0,0xD9A0,0xB040,0xB060,0xB060,0xB880,0xD180,
    0xD9E0,0xC920,0xD9A0,0xD9E0,0xC940,0xC940,0xC0C0,0xC0A0,0xB860,0xB020,0xB040,0xB020,
    0xB020,0xA800,0xB8A0,0xC0C0,0xB8A0,0xC940,0xC940,0xD9C0,0xEA60,0xF2C0,0xC0C0,0xB8A0,
    0xC900,0xC900,0xD180,0xFB80,0xF320,0xC900,0xC900,0xF300,0xE200,0xF2E0,0xFB20,0xD9E0,
    0xE240,0xF2E0,0xF321,0xFC43,0xEAC0,0xE240,0xF2C0,0xEA80,0xC0E0,0xB8A0,0xC900,0xC940,
    0xD180,0xE240,0xD9C0,0xD180,0xD180,0xB880,0xD9A0,0xD9E0,0xD180,0xC940,0xB020,0xC0C0,
    0xC940,0xC920,0xC920,0xC100,0xC0E0,0xC100,0xF2E0,0xF320,0xC920,0xC900,0xC940,0xC920,
    0xC100,0xC920,0xE220,0xD9E0,0xC920,0xC940,0xC100,0xC100,0xC900,0xC900,0xC0A0,0xD160,
    0xE220,0xE200,0xD9E0,0xE220,0xE240,0xE240,0xF2C0,0xFBC0,0xFC40,0xEA80,0xC900,0xC900,
    0xD1A0,0xF2C0,0xEA80,0xFB20,0xFBA0,0xFB60,0xEA80,0xD9A0,0xC940,0xC100,0xC0E0,0xC940,
    0xC940,0xC960,0xD180,0xDA00,0xEA60,0xEA60,0xEA60,0xE240,0xE240,0xF2C0,0xFB00,0xEAA0,
    0xFB40,0xEA80,0xD180,0xE220,0xEA60,0xFBA1,0xFCC3,0xFBC0,0xFB20,0xF320,0xEA80,0xD1A0,
    0xC920,0xC0E0,0xB8A0,0xB020,0xA000,0xA800,0xB880,0xC0C0,0xC0C0,0xC0C0,0xB040,0xB060,
    0xC920,0xC900,0xC960,0xC100,0xB860,0xC940,0xE220,0xE220,0xD1A0,0xEA60,0xFB60,0xF2C0,
    0xEA60,0xE240,0xE240,0xFB00,0xF2A0,0xF2E0,0xFB40,0xFB60,0xFB40,0xF2C0,0xD9A0,0xC900,
    0xC960,0xE240,0xD1A0,0xD1A0,0xD9C0,0xC900,0xC920,0xD180,0xC0A0,0xC0A0,0xE240,0xFC22,
    0xF300,0xD9C0,0xD1A0,0xF2C0,0xF2C0,0xF2A0,0xF2C0,0xFB60,0xFCC6,0xFEB5,0xFE52,0xFE73,
    0xFE94,0xFDCE,0xFF39,0xFE30,0xFD07,0xFCA4,0xFC83,0xFD28,0xFD07,0xFC83,0xFBE0,0xF2C0,
    0xD9C0,0xEAA0,0xD1A0,0xB860,0xC0E0,0xD1A0,0xC0C0,0xD180,0xF2A0,0xEA60,0xEA80,0xE200,
    0xD180,0xC0C0,0xEA60,0xE200,0xD180,0xC0C0,0xC0C0,0xEA60,0xFBA0,0xEA40,0xE200,0xE240,
    0xD9E0,0xD180,0xEA60,0xE220,0xE240,0xC940,0xB8A0,0xD180,0xD180,0xB060,0x9800,0xB020,
    0xB880,0xC940,0xD180,0xD160,0xE220,0xEA80,0xF2E0,0xFB00,0xF2E0,0xEAA0,0xE200,0xC940,
    0xD1A0,0xF2C0,0xF2C0,0xF2C0,0xFB40,0xF2C0,0xE220,0xEAA0,0xF2E0,0xEA80,0xE220,0xD160,
    0xD9E0,0xEA60,0xE200,0xD1A0,0xC920,0xB880,0xB8A0,0xC0E0,0xC0C0,0xC920,0xD140,0xE220,
    0xEA80,0xEA80,0xEA80,0xF2E0,0xF2C0,0xFB00,0xF2C0,0xF2E0,0xEA80,0xEAA0,0xEAA0,0xD9C0,
    0xC0C0,0xC0E0,0xD9C0,0xE240,0xE240,0xF2C0,0xF2E0,0xE200,0xF320,0xFBE0,0xEA60,0xEA80,
    0xFB80,0xF300,0xE240,0xC940,0xB060,0xA800,0xC900,0xEA60,0xFBE2,0xFC41,0xE220,0xC900,
    0xDA00,0xEAA0,0xD9C0,0xC920,0xD9E0,0xEA80,0xF2E0,0xEA60,0xD9E0,0xE220,0xF2E0,0xE220,
    0xC0C0,0xC940,0xEA80,0xD1A0,0xC0C0,0xC0E0,0xD160,0xC0A0,0xB040,0xC0C0,0xD160,0xC0C0,
    0xB040,0xB860,0xA800,0xB040,0xC0C0,0xB060,0xB8A0,0xA000,0x9000,0xB060,0xC0C0,0xB060,
    0xC100,0xB8A0,0xB880,0xA000,0xB060,0xEA60,0xE220,0xC920,0xC0C0,0xB040,0xB040,0xD180,
    0xD9C0,0xD1A0,0xB020,0xC940,0xD9C0,0xEA60,0xFBA0,0xFB60,0xFB40,0xEAA0,0xEA80,0xEA60,
    0xE240,0xD9E0,0xC920,0xD180,0xC0C0,0xD9A0,0xB8C0,0xA000,0xB040,0xA800,0xB8C0,0xD180,
    0xEAA0,0xF2E0,0xEA80,0xEAA0,0xFCE7,0xFCC6,0xF2E0,0xEA60,0xFB80,0xFC00,0xFB00,0xFB20,
    0xF300,0xF2E0,0xFD29,0xFDAD,0xFBE1,0xF320,0xD9C0,0xD1A0,0xC100,0xEAE0,0xFBE1,0xD9E0,
    0xC920,0xEA60,0xE220,0xC0C0,0xD160,0xD160,0xD9C0,0xE200,0xE200,0xF320,0xFCC5,0xFD07,
    0xFBA0,0xFB20,0xF2A0,0xEAA0,0xEA60,0xE220,0xF340,0xEAA0,0xD140,0xD1A0,0xD1A0,0xD9E0,
    0xE220,0xB860,0xC0E0,0xD9C0,0xC900,0xC900,0xC0E0,0xB8A0,0xC0E0,0xC940,0xD1A0,0xC940,
    0xB8A0,0xB8A0,0xD160,0xD9C0,0xC0E0,0xD9C0,0xD160,0xD160,0xD9C0,0xEA80,0xE220,0xEA60,
    0xF2C0,0xDA00,0xD9C0,0xDA00,0xEA60,0xF2C0,0xE220,0xDA00,0xE220,0xE240,0xDA00,0xD9E0,
    0xDA00,0xE240,0xF2A0,0xFB00,0xFB60,0xFB00,0xFB60,0xFBC0,0xFBC0,0xFBC0,0xFD29,0xFFDE,
    0xFF5A,0xFD6A,0xFCE6,0xFDAC,0xFDCD,0xFCC5,0xFC20,0xFB40,0xEA80,0xEAA0,0xFBA0,0xFB40,
    0xE200,0xC0C0,0xC920,0xC100,0xD9C0,0xEAA0,0xD1A0,0xD9C0,0xC940,0xC900,0xD1A0,0xC0C0,
    0xB880,0xE220,0xD180,0xC0E0,0xB880,0xB040,0xC900,0xD160,0xD160,0xC0C0,0xC0C0,0xC0A0,
    0xC0A0,0xC940,0xDA00,0xD160,0xB8A0,0xB880,0xC920,0xB860,0xB020,0xA800,0xB860,0xD160,
    0xB8A0,0xC920,0xC920,0xC0C0,0xE220,0xEAA0,0xD160,0xC920,0xC0C0,0xD1A0,0xD180,0xF340,
    0xFCE3,0xEAA0,0xC900,0xD160,0xE220,0xEA60,0xDA00,0xC940,0xC100,0xFB40,0xFC62,0xFC63,
    0xF2C0,0xD180,0xD160,0xC940,0xB8A0,0xC0A0,0xD160,0xD9A0,0xE220,0xD9E0,0xE240,0xEA80,
    0xF2C0,0xD9A0,0xE200,0xE220,0xD9E0,0xDA00,0xC940,0xC940,0xD160,0xC0E0,0xC0E0,0xC920,
    0xC0E0,0xC900,0xE200,0xF300,0xE220,0xC920,0xC0C0,0xC900,0xC0E0,0xC900,0xD180,0xE200,
    0xF2A0,0xD9A0,0xC940,0xD1A0,0xD1A0,0xC900,0xB860,0xC0C0,0xD1A0,0xE1E0,0xFBA0,0xFBC0,
    0xFB20,0xE240,0xE220,0xF2C0,0xFB20,0xFB40,0xE200,0xD160,0xE220,0xF2E0,0xEA80,0xF300,
    0xFB60,0xF2C0,0xD9C0,0xD160,0xC920,0xC0E0,0xC100,0xC100,0xC940,0xD9C0,0xD9E0,0xD9E0,
    0xF2E0,0xF2A0,0xE220,0xE240,0xE240,0xF2C0,0xF2C0,0xEA60,0xF2E0,0xEA80,0xD180,0xD9E0,
    0xEA80,0xFB00,0xFC41,0xF300,0xF2C0,0xEA80,0xEA60,0xEA60,0xC920,0xB020,0xC0A0,0xA840,
    0x9800,0xA800,0xB8A0,0xB040,0xA800,0xA800,0xA800,0xC0C0,0xE220,0xEA60,0xDA00,0xD9C0,
    0xC920,0xD1A0,0xEA60,0xEA80,0xD9C0,0xD9E0,0xEAA0,0xD9A0,0xD9C0,0xD9C0,0xD9E0,0xF2C0,
    0xF2E0,0xE220,0xD1A0,0xEA60,0xFB80,0xFC01,0xD9E0,0xC920,0xD160,0xC960,0xEA80,0xE240,
    0xF2A0,0xE240,0xD160,0xD9E0,0xE200,0xC0C0,0xC0E0,0xD160,0xD160,0xD1A0,0xD180,0xE200,
    0xF2E0,0xFB20,0xFB40,0xFB60,0xFC42,0xFE31,0xFEF7,0xFFBD,0xFE73,0xFD08,0xFCE6,0xFCC5,
    0xFBA0,0xFBE0,0xFBC0,0xFC62,0xFCC5,0xFC00,0xFB20,0xE240,0xD9E0,0xD9E0,0xB8A0,0xB860,
    0xC900,0xC960,0xC900,0xC940,0xC940,0xD180,0xD1A0,0xD9C0,0xC920,0xD160,0xE200,0xD160,
    0xB8A0,0xA000,0xB880,0xEA60,0xFBC0,0xFBA0,0xFB20,0xFB20,0xF2E0,0xEA40,0xEA80,0xEA80,
    0xD1A0,0xC920,0xC920,0xD160,0xC920,0xC0E0,0xB000,0xB060,0xC0E0,0xD9C0,0xD9E0,0xEA60,
    0xE240,0xD9C0,0xEA60,0xEAA0,0xEA60,0xF2E0,0xE240,0xE240,0xEA80,0xEA60,0xE220,0xEA40,
    0xFB00,0xFB40,0xEA80,0xEA80,0xFB00,0xFB80,0xF2E0,0xE240,0xE240,0xD9C0,0xD9A0,0xD1A0,
    0xC900,0xC0E0,0xD1A0,0xC920,0xC940,0xD180,0xD9E0,0xF2A0,0xF2C0,0xFB00,0xF2E0,0xEA80,
    0xF2C0,0xF2E0,0xEA60,0xDA00,0xD9C0,0xD160,0xC940,0xC900,0xC0C0,0xD180,0xE220,0xDA00,
    0xF2A0,0xFB20,0xFB40,0xF320,0xFBE0,0xFBC0,0xFB00,0xF2E0,0xFBC0,0xFBA1,0xEA60,0xB880,
    0xA800,0xB020,0xC100,0xEA40,0xFC01,0xFBE1,0xE220,0xD160,0xC940,0xE200,0xD9C0,0xC920,
    0xD180,0xEAA0,0xFB00,0xE260,0xC920,0xD9C0,0xEA60,0xDA00,0xB040,0xB040,0xD140,0xC900,
    0xB8A0,0xC940,0xD160,0xC940,0xD180,0xD9A0,0xD9A0,0xC0C0,0xB8A0,0xA820,0xA800,0xC0C0,
    0xC920,0xC920,0xC900,0xA000,0xA020,0xC900,0xB040,0xB040,0xC940,0xB060,0xB040,0xA800,
    0xC920,0xF2E0,0xEA80,0xDA00,0xB880,0xA800,0xB880,0xC920,0xD180,0xD9C0,0xC960,0xD9E0,
    0xD9C0,0xD9E0,0xF2A0,0xFB80,0xFB20,0xE200,0xE220,0xD9C0,0xD180,0xD160,0xC0C0,0xB880,
    0xB8A0,0xC0A0,0xA820,0x9800,0xA800,0xA800,0xA840,0xC0E0,0xD9E0,0xFCA3,0xF300,0xFBC1,
    0xFD27,0xFB20,0xD9E0,0xD9A0,0xFC45,0xFD28,0xFB60,0xFB20,0xF2C0,0xF2E0,0xFC02,0xFD8C,
    0xFCA3,0xFB80,0xE200,0xD9E0,0xC900,0xF381,0xFB80,0xD9C0,0xB880,0xC0A0,0xD160,0xD9E0,
    0xF2E0,0xEA60,0xEA40,0xE220,0xE1E0,0xFC01,0xFF38,0xFEF7,0xFD8B,0xFC62,0xF2E0,0xD9E0,
    0xD9C0,0xD160,0xE200,0xD9E0,0xC940,0xDA00,0xD9E0,0xD9C0,0xD9E0,0xB040,0xB880,0xD9C0,
    0xEA80,0xEA60,0xD180,0xD160,0xD180,0xD180,0xE200,0xD180,0xB880,0xB880,0xB860,0xC0C0,
    0xC900,0xC940,0xD160,0xD180,0xC940,0xD9E0,0xD1A0,0xE220,0xE220,0xD180,0xD160,0xD160,
    0xD9A0,0xD9E0,0xD9E0,0xE240,0xE220,0xC940,0xC960,0xD160,0xD160,0xD1A0,0xD1A0,0xE240,
    0xEA60,0xEA60,0xEA80,0xFB00,0xFB80,0xFBE0,0xFE51,0xFF5A,0xFE0F,0xFCE7,0xFC63,0xFC83,
    0xFC41,0xFBA0,0xFBA0,0xFB80,0xE220,0xE240,0xF2C0,0xEA60,0xD9E0,0xC920,0xC0C0,0xB020,
    0xD180,0xEA60,0xC920,0xE240,0xF2C0,0xC920,0xC940,0xB8A0,0xB060,0xE200,0xC920,0xC900,
    0xB880,0xB880,0xEA80,0xF2C0,0xC920,0xA800,0xA820,0xB020,0xC900,0xE240,0xEAA0,0xE220,
    0xD9C0,0xB880,0xD9C0,0xD1A0,0xB860,0xB860,0xB880,0xC0C0,0xB860,0xB880,0xD160,0xB8A0,
    0xC0C0,0xEAA0,0xD9C0,0xC0E0,0xB040,0xC940,0xD9C0,0xD9A0,0xFBA1,0xFB81,0xE1E0,0xC940,
    0xD180,0xD9C0,0xC0E0,0xB040,0xB040,0xDA00,0xEA80,0xF2C0,0xD9E0,0xC940,0xC920,0xC920,
    0xC0A0,0xB880,0xD9C0,0xFB80,0xE220,0xC940,0xD160,0xE240,0xF320,0xD1A0,0xD1A0,0xD1A0,
    0xDA00,0xE240,0xD9C0,0xD9C0,0xD1A0,0xC0E0,0xC920,0xD180,0xC0C0,0xA800,0xC0C0,0xD9A0,
    0xD180,0xC960,0xC0E0,0xB8A0,0xC0C0,0xD9A0,0xE220,0xF2C0,0xE200,0xC920,0xC920,0xC920,
    0xC940,0xC0C0,0xD9C0,0xD140,0xB8A0,0xC0C0,0xD9C0,0xE240,0xD9C0,0xD180,0xD160,0xD9A0,
    0xEAA0,0xFB80,0xFB00,0xE220,0xEA80,0xF2C0,0xEA80,0xEA80,0xF2C0,0xEA60,0xD160,0xC100,
    0xC0E0,0xC0E0,0xC900,0xC940,0xD1A0,0xE200,0xE240,0xEA60,0xF2A0,0xEA60,0xF2A0,0xF2E0,
    0xF2C0,0xF2E0,0xEAA0,0xE240,0xEA60,0xEA60,0xD180,0xD160,0xE200,0xF2A0,0xEAC0,0xF2E0,
    0xFB60,0xF2C0,0xEA80,0xF2A0,0xC920,0xA800,0xB040,0xA000,0xA800,0xC0C0,0xC940,0xC0E0,
    0xB880,0xB040,0xB060,0xD140,0xD180,0xE220,0xE220,0xE240,0xD9E0,0xE220,0xEA60,0xEA80,
    0xD1A0,0xC0C0,0xB860,0xB040,0xC920,0xD160,0xE240,0xF2E0,0xF2A0,0xD160,0xB860,0xD9A0,
    0xFB60,0xFC21,0xEA60,0xD9A0,0xD1A0,0xD9E0,0xEAA0,0xEAA0,0xFB00,0xE240,0xEA60,0xF2C0,
    0xD9E0,0xD180,0xD1A0,0xB880,0xC920,0xD140,0xD9E0,0xE240,0xFB00,0xFC20,0xFB80,0xFBA0,
    0xFC00,0xFD4A,0xFEF7,0xFF39,0xFD28,0xFC41,0xFD08,0xFCA5,0xFB60,0xFBC0,0xFB60,0xFBA0,
    0xFC00,0xFB60,0xEA60,0xD180,0xC100,0xB880,0xB840,0xB880,0xB860,0xB860,0xC920,0xD180,
    0xB860,0xC900,0xC900,0xC900,0xC940,0xEA80,0xEA60,0xD9E0,0xC100,0xC940,0xC940,0xD9A0,
    0xF2E0,0xFBA0,0xF300,0xE240,0xD9E0,0xD1A0,0xD180,0xD9C0,0xC960,0xD140,0xC920,0xC900,
    0xD180,0xD1A0,0xC0E0,0xC0E0,0xD9E0,0xE240,0xEA60,0xE200,0xD9E0,0xD9C0,0xE200,0xE240,
    0xD9E0,0xF2C0,0xF2C0,0xFB00,0xFB00,0xF2C0,0xEA80,0xEA80,0xFB20,0xFB40,0xFB40,0xFB40,
    0xFBC0,0xFBC0,0xFBC0,0xFB60,0xFB40,0xEA80,0xE240,0xE240,0xD180,0xEA60,0xD9E0,0xC940,
    0xC940,0xD9A0,0xD9E0,0xEA80,0xEA80,0xF2E0,0xFB00,0xEA80,0xEA60,0xEA60,0xE220,0xD180,
    0xC920,0xB860,0xC0A0,0xC0C0,0xC0E0,0xE220,0xE220,0xD9E0,0xEA80,0xFC23,0xFD49,0xFC81,
    0xFC82,0xFB40,0xEA60,0xF2E0,0xEA60,0xD160,0xB8A0,0xB880,0xB060,0xB020,0xC0E0,0xEA80,
    0xFC41,0xFC01,0xEAC0,0xDA20,0xC8E0,0xDA00,0xDA00,0xD180,0xDA00,0xEA80,0xFB00,0xEA60,
    0xC900,0xC940,0xD160,0xC100,0xC0E0,0xB860,0xC0C0,0xC0C0,0xB880,0xD180,0xD180,0xE200,
    0xF2A0,0xE220,0xC0C0,0xB040,0xA020,0xB060,0xA000,0xD140,0xC0E0,0xA840,0xB860,0xA820,
    0xA000,0xD180,0xC0E0,0xB040,0xC920,0xB880,0xB020,0xA800,0xC940,0xD9E0,0xE240,0xD9E0,
    0xB8A0,0xB880,0xC920,0xD9E0,0xE220,0xF2A0,0xFB20,0xEA60,0xEA80,0xE220,0xEA60,0xFB60,
    0xF2C0,0xC0E0,0xB8C0,0xC0E0,0xC0C0,0xB8A0,0xB040,0xB860,0xB8A0,0xB060,0xA000,0xA000,
    0xB020,0xB880,0xA820,0xC0E0,0xC920,0xE240,0xE260,0xEAA0,0xFC83,0xFBE2,0xEA60,0xEA40,
    0xFC02,0xFD27,0xFCA5,0xFC84,0xF2E0,0xF2E0,0xFBC0,0xFC62,0xFBC0,0xDA00,0xC940,0xC900,
    0xC920,0xFBA0,0xEAC0,0xD1A0,0xC920,0xB860,0xD1A0,0xE200,0xFB80,0xFBC0,0xFB60,0xEA60,
    0xF2E0,0xFD4A,0xFEB5,0xFDEE,0xFD6A,0xFCA4,0xFB40,0xE200,0xC940,0xC900,0xD180,0xC940,
    0xC920,0xE240,0xF2E0,0xD160,0xC920,0xB880,0xB860,0xC940,0xF2E0,0xEAA0,0xE220,0xD160,
    0xC900,0xD160,0xD9C0,0xD1A0,0xC0E0,0xC0C0,0xC0C0,0xC940,0xD160,0xD180,0xEA80,0xDA00,
    0xC920,0xC0E0,0xD9C0,0xE240,0xD9C0,0xC940,0xC920,0xD180,0xD9E0,0xEA60,0xF2E0,0xF2C0,
    0xE240,0xD9E0,0xC940,0xB8A0,0xC0E0,0xD140,0xD9A0,0xE200,0xD9C0,0xD9E0,0xE220,0xF2A0,
    0xFB40,0xFC21,0xFE30,0xFDAD,0xFCE7,0xFC42,0xFBC0,0xFC42,0xFCA4,0xFB40,0xF300,0xF2C0,
    0xD9C0,0xD9E0,0xEA80,0xE200,0xC940,0xB880,0xC920,0xD160,0xC0C0,0xE260,0xC100,0xD9E0,
    0xF2C0,0xC920,0xC0E0,0xB880,0xB8A0,0xE240,0xEA80,0xE260,0xC900,0xC940,0xEA60,0xD9C0,
    0xB860,0xB020,0xA800,0xA820,0xD9C0,0xF2C0,0xE220,0xD1A0,0xDA00,0xC100,0xB8A0,0xB880,
    0xC0C0,0xEA80,0xC920,0xB060,0xB880,0xC0A0,0xC900,0xB040,0xB880,0xE220,0xD9E0,0xB860,
    0xC0C0,0xEAA0,0xD9E0,0xD9C0,0xFBA0,0xFBC0,0xFB00,0xC100,0xC900,0xD9A0,0xD180,0xD160,
    0xC0C0,0xC100,0xDA00,0xEA80,0xD180,0xE200,0xE200,0xC940,0xC0C0,0xC0E0,0xEA40,0xFBA0,
    0xE220,0xC940,0xD9C0,0xD9E0,0xFB40,0xE220,0xD9C0,0xC900,0xC900,0xD9C0,0xD9C0,0xE220,
    0xEA60,0xC940,0xC920,0xC940,0xB060,0xB060,0xD180,0xE240,0xE200,0xD160,0xB880,0xB8A0,
    0xB840,0xC0C0,0xD160,0xC900,0xC0E0,0xC0E0,0xB8A0,0xB040,0xB860,0xC0A0,0xD9E0,0xE240,
    0xE200,0xE220,0xD160,0xC900,0xB860,0xC0C0,0xD1A0,0xD180,0xD9A0,0xE200,0xD9E0,0xDA00,
    0xF2C0,0xFB20,0xEAA0,0xD9E0,0xD1A0,0xC940,0xC0C0,0xC100,0xC920,0xC920,0xD160,0xD9E0,
    0xD9E0,0xE220,0xEAA0,0xEA80,0xEA80,0xEA80,0xEA80,0xFB20,0xF2E0,0xEAA0,0xE240,0xD180,
    0xD9C0,0xE200,0xD9C0,0xD160,0xD180,0xD9E0,0xE200,0xF2E0,0xFB60,0xEA60,0xD9E0,0xE240,
    0xB880,0xA800,0xA800,0xA000,0xB060,0xD140,0xD9A0,0xD180,0xC920,0xB8A0,0xB040,0xC900,
    0xC0E0,0xC940,0xE240,0xEA80,0xE220,0xD9E0,0xE200,0xEA60,0xD9E0,0xC940,0xB880,0xB880,
    0xC900,0xB880,0xC960,0xEA60,0xF2A0,0xD160,0xC100,0xE220,0xFB80,0xFBE0,0xFAE0,0xF2C0,
    0xE200,0xE220,0xC940,0xD9E0,0xEA80,0xF300,0xFB80,0xF2A0,0xD9E0,0xEA60,0xF300,0xC0E0,
    0xC920,0xC0E0,0xD180,0xEA80,0xFB40,0xFC61,0xFBC0,0xFC02,0xFC21,0xFD08,0xFEF6,0xFEF6,
    0xFC84,0xFC21,0xFD08,0xFCA5,0xFBC0,0xFBE0,0xFBC0,0xF300,0xFB40,0xFB00,0xE240,0xD180,
    0xC0C0,0xB880,0xC0A0,0xC0A0,0xB860,0xC0C0,0xC940,0xC940,0xC0A0,0xB8A0,0xC0C0,0xC100,
    0xC940,0xEA40,0xE220,0xE220,0xD9A0,0xE220,0xDA00,0xD9C0,0xEA80,0xF2E0,0xD9E0,0xC940,
    0xC920,0xC920,0xC0C0,0xC0C0,0xC100,0xD160,0xD1A0,0xD180,0xE200,0xE220,0xE200,0xD1A0,
    0xE220,0xE240,0xD1A0,0xD9C0,0xD9E0,0xEA80,0xEA80,0xF2C0,0xFB00,0xFB20,0xEA80,0xE240,
    0xFB40,0xF2C0,0xEA80,0xF300,0xFB40,0xFB20,0xF2E0,0xFBA0,0xFC00,0xFBC0,0xFB60,0xFBC0,
    0xFC00,0xF2A0,0xE220,0xE220,0xEA60,0xF2C0,0xD9C0,0xC920,0xD160,0xE200,0xF2A0,0xFB00,
    0xF2E0,0xF2E0,0xF300,0xEA40,0xD9E0,0xE200,0xEA60,0xD180,0xA820,0xB040,0xC0E0,0xC920,
    0xD1A0,0xD9E0,0xD160,0xC920,0xEA40,0xFC63,0xFC84,0xFB80,0xFB20,0xF2E0,0xE200,0xEAA0,
    0xE220,0xC0A0,0xB880,0xB8A0,0xB040,0xB040,0xB060,0xE200,0xF320,0xF300,0xE220,0xD160,
    0xC0E0,0xD180,0xE220,0xEA60,0xEAA0,0xE240,0xEA40,0xFBC3,0xF425,0xC900,0xC0C0,0xB040,
    0xD180,0xD160,0xC100,0xC100,0xD180,0xC940,0xC0C0,0xEA40,0xF2A0,0xD9A0,0xB860,0xA000,
    0xA820,0xB080,0xA000,0xB060,0x9800,0x9800,0xA800,0xA800,0xA000,0xC0C0,0xC940,0xC920,
    0xB060,0xB880,0xB8A0,0xC920,0xD9E0,0xC920,0xC0E0,0xB8A0,0xB880,0xC920,0xE200,0xEAA0,
    0xEA60,0xEAA0,0xF2A0,0xEA80,0xEAA0,0xE220,0xEA60,0xF300,0xEA80,0xB8A0,0xB040,0xC0E0,
    0xB880,0xA800,0xB860,0xB8A0,0xB880,0xA020,0x9800,0xA000,0xB040,0xC100,0xC920,0xD180,
    0xD180,0xC920,0xD160,0xD140,0xEAE0,0xFC82,0xFC02,0xF2C0,0xEAC0,0xEA80,0xFC03,0xFD27,
    0xF320,0xF300,0xFC00,0xFC20,0xFBC0,0xD9A0,0xC100,0xC900,0xDA00,0xFC84,0xFB60,0xEA80,
    0xD180,0xC920,0xD1A0,0xC0E0,0xEAE0,0xFBA0,0xFBE0,0xF361,0xFD8C,0xFE72,0xFD4A,0xFD07,
    0xFCE6,0xF301,0xF2C0,0xF2C0,0xD180,0xC900,0xC0A0,0xA800,0xC0C0,0xF2C0,0xEA80,0xC940,
    0xDA00,0xC0E0,0xC0C0,0xD180,0xC0E0,0xD160,0xD180,0xC0E0,0xA800,0xC900,0xC0C0,0xC0C0,
    0xC920,0xC940,0xD1A0,0xD9E0,0xD9C0,0xE240,0xEA80,0xEA60,0xC100,0xA800,0xD160,0xEA60,
    0xE200,0xC920,0xC0C0,0xD180,0xE200,0xE220,0xD9C0,0xE200,0xE240,0xD9C0,0xC0E0,0xC0C0,
    0xD160,0xD9A0,0xDA00,0xC940,0xD180,0xD9E0,0xEA80,0xFBA0,0xFC01,0xFC62,0xFE94,0xFE94,
    0xFC42,0xFBC0,0xFBA0,0xFCA5,0xFCA5,0xF2A0,0xFB20,0xE240,0xD180,0xE200,0xEA40,0xC0C0,
    0xB060,0xA800,0xD160,0xD180,0xC0C0,0xD9C0,0xD180,0xC940,0xD160,0xC0E0,0xD180,0xB880,
    0xC920,0xF2E0,0xFB60,0xFBA0,0xD9A0,0xE200,0xD140,0xE220,0xD9A0,0xD9C0,0xB880,0xC900,
    0xEA80,0xEAA0,0xC940,0xB880,0xD160,0xC940,0xB040,0xB860,0xB880,0xD160,0xC0E0,0xB020,
    0xA800,0xB8A0,0xB880,0xB020,0xB060,0xC920,0xC940,0xB040,0xD9A0,0xFBC0,0xE240,0xC920,
    0xF300,0xF2C0,0xD9E0,0xB8A0,0xC940,0xD180,0xF2C0,0xF2E0,0xD1A0,0xD9A0,0xF2E0,0xF2A0,
    0xC940,0xD9C0,0xC920,0xC0A0,0xC940,0xC920,0xD180,0xF2C0,0xE220,0xD160,0xE200,0xD9E0,
    0xF320,0xFB80,0xEA80,0xC940,0xB880,0xD160,0xD9C0,0xEA60,0xE200,0xC920,0xC0E0,0xB880,
    0xB060,0xD160,0xD1A0,0xEA60,0xFB60,0xEA80,0xC920,0xB020,0xB860,0xB880,0xB860,0xB020,
    0xB860,0xC100,0xC0C0,0xB8A0,0xB020,0xB860,0xD1A0,0xF2A0,0xFB00,0xF2C0,0xE200,0xD9C0,
    0xC0C0,0xC0A0,0xC940,0xE220,0xF2A0,0xD9E0,0xD180,0xD9E0,0xF2C0,0xFB00,0xEA80,0xD160,
    0xC0E0,0xC0C0,0xC0C0,0xC900,0xC920,0xC100,0xC0E0,0xD140,0xD9C0,0xEA80,0xEAA0,0xEA60,
    0xE240,0xEA60,0xF2E0,0xF2C0,0xF2A0,0xF2C0,0xEA40,0xD180,0xD1A0,0xD180,0xD9C0,0xD9E0,
    0xD9E0,0xD9E0,0xE200,0xE240,0xEA60,0xE200,0xD9E0,0xD9C0,0xB020,0xA800,0xA800,0xA820,
    0xC0C0,0xD9E0,0xE220,0xC940,0xC0C0,0xC920,0xB8A0,0xB040,0xC0C0,0xD180,0xEA80,0xEAA0,
    0xD9E0,0xD1A0,0xE200,0xF2C0,0xEAA0,0xE260,0xD9E0,0xD180,0xD180,0xC900,0xC0C0,0xEA40,
    0xF300,0xD9C0,0xD1A0,0xE220,0xF300,0xFB60,0xFBA0,0xFBE0,0xEA80,0xC940,0xB880,0xC940,
    0xEA80,0xEA80,0xEA80,0xDA00,0xD9E0,0xF2C0,0xFBC0,0xE220,0xD160,0xD1A0,0xD180,0xEA80,
    0xFB60,0xFC00,0xFC41,0xFC62,0xFC62,0xFDCD,0xFDAC,0xFC44,0xFB60,0xFBC0,0xFC00,0xFC00,
    0xFBE0,0xFC00,0xFC00,0xEAA0,0xEA60,0xF2A0,0xE200,0xD9C0,0xC920,0xB8A0,0xC0C0,0xB880,
    0xB880,0xC0E0,0xD160,0xD1A0,0xC900,0xD160,0xD180,0xC900,0xC0E0,0xD180,0xD1A0,0xD9C0,
    0xE220,0xD9E0,0xC960,0xD9E0,0xEA80,0xEA60,0xD1A0,0xC960,0xC920,0xC0E0,0xB880,0xB880,
    0xB860,0xC940,0xE240,0xE220,0xEA60,0xEA60,0xE240,0xE220,0xEA60,0xE220,0xEAC0,0xEA80,
    0xE240,0xF2C0,0xFB00,0xFB20,0xFB20,0xF2E0,0xE240,0xD1A0,0xEA80,0xEAA0,0xD9C0,0xF2E0,
    0xFB00,0xEAA0,0xEA80,0xEA60,0xF2E0,0xFB20,0xF2E0,0xF2E0,0xFB80,0xF2C0,0xDA00,0xD9E0,
    0xD9E0,0xD180,0xD180,0xD9A0,0xE200,0xF2C0,0xFB00,0xF2E0,0xF2E0,0xEA80,0xE240,0xE240,
    0xDA00,0xD9C0,0xD9E0,0xC0C0,0xA800,0xB880,0xC920,0xD180,0xD9C0,0xD1A0,0xC920,0xB880,
    0xD9A0,0xFBA0,0xF2C0,0xEA60,0xF2C0,0xFB60,0xEAA0,0xF2C0,0xFB20,0xC940,0xC900,0xC0C0,
    0xB040,0xA800,0xB020,0xD9E0,0xC940,0xD9C0,0xEA60,0xC940,0xB060,0xC0C0,0xD9E0,0xD180,
    0xE240,0xEA80,0xD9A0,0xEAE1,0xFCC5,0xC940,0xB040,0xA820,0xB080,0xC920,0xC900,0xD9E0,
    0xD9E0,0xC100,0xB060,0xD9A0,0xC100,0xB860,0xB040,0xB000,0xB8A0,0xB020,0xA820,0x9800,
    0x9800,0xA800,0x9800,0x9000,0xA000,0xB860,0xC0C0,0xC900,0x9800,0xB060,0xE220,0xFB40,
    0xEAA0,0xC900,0xB8A0,0xB880,0xC0C0,0xC0E0,0xEAA0,0xF2E0,0xF2E0,0xF2C0,0xEA80,0xEA80,
    0xF2C0,0xE220,0xE240,0xFB20,0xE240,0xB880,0xC920,0xC920,0xB880,0xA800,0xB880,0xB060,
    0xB000,0xA020,0x9800,0xA800,0xC940,0xC940,0xC920,0xC960,0xD9C0,0xD9E0,0xD160,0xC920,
    0xD160,0xF321,0xFC64,0xFB40,0xD9A0,0xD9C0,0xE200,0xFBE1,0xFB20,0xF300,0xFBA1,0xFBA0,
    0xFB40,0xD9E0,0xD160,0xF361,0xFB81,0xFCA5,0xFBC0,0xEA60,0xC960,0xD9C0,0xE240,0xD180,
    0xD160,0xD1A0,0xEA80,0xFC22,0xFD07,0xFCE7,0xFD6A,0xFC84,0xF2E0,0xE200,0xFB81,0xFBA0,
    0xEA60,0xD180,0xB040,0xB880,0xC940,0xD9E0,0xD180,0xB880,0xC0E0,0xB880,0xC940,0xE200,
    0xC0E0,0xB8A0,0xB020,0xA000,0xA000,0xB8A0,0xC0C0,0xB060,0xD180,0xDA00,0xE220,0xD9E0,
    0xD1A0,0xD160,0xE220,0xFB60,0xE200,0xB860,0xD180,0xE220,0xD180,0xC0C0,0xB880,0xC920,
    0xD9A0,0xE220,0xD160,0xE220,0xD9C0,0xC900,0xB880,0xC920,0xE220,0xEA60,0xD9C0,0xC940,
    0xC940,0xE200,0xFB40,0xFD27,0xFD6A,0xFD28,0xFE31,0xFE93,0xFD29,0xFC00,0xFB60,0xFB20,
    0xEA60,0xE220,0xEA80,0xD9A0,0xD180,0xD1A0,0xD160,0xB020,0xB020,0xA800,0xD180,0xC0C0,
    0xC0C0,0xC900,0xD9C0,0xC920,0xC100,0xEA40,0xD9C0,0xB020,0xD1A0,0xEA80,0xE220,0xF300,
    0xF320,0xC920,0xD1A0,0xFB60,0xFB40,0xF2A0,0xD180,0xD9C0,0xE240,0xD9C0,0xC100,0xC0E0,
    0xC0E0,0xB880,0xB060,0xB040,0xB880,0xB860,0xB880,0xB040,0xA820,0xB8A0,0xC900,0xB8A0,
    0xA800,0xA800,0xA840,0xB040,0xC0C0,0xD9E0,0xD9E0,0xC900,0xD160,0xC920,0xC0A0,0xC0C0,
    0xC900,0xE200,0xD180,0xD180,0xC900,0xF2C0,0xF2A0,0xC940,0xD180,0xC0E0,0xB040,0xC900,
    0xC940,0xE200,0xEA80,0xFB80,0xF2C0,0xDA00,0xD180,0xD180,0xE220,0xF2E0,0xE220,0xD160,
    0xC0C0,0xC920,0xD160,0xD180,0xC920,0xC0C0,0xC0A0,0xB040,0xC0A0,0xE220,0xD9E0,0xEA40,
    0xF2C0,0xD9E0,0xC900,0xB8A0,0xB040,0xB040,0xB040,0xC0C0,0xD9A0,0xF2E0,0xF2A0,0xE200,
    0xB880,0xB880,0xD180,0xD9E0,0xE240,0xF2E0,0xEA60,0xD9E0,0xD180,0xC920,0xD160,0xF2C0,
    0xFB80,0xFB20,0xF2C0,0xFB00,0xF2C0,0xE200,0xC920,0xC0C0,0xC0C0,0xC0A0,0xC900,0xD180,
    0xC940,0xC0E0,0xD180,0xD9E0,0xDA00,0xEA80,0xE240,0xD9C0,0xDA00,0xEA80,0xEAA0,0xE220,
    0xE240,0xF2E0,0xF2E0,0xF2C0,0xDA00,0xC0E0,0xC920,0xD180,0xC940,0xD180,0xD160,0xD9A0,
    0xD1A0,0xD180,0xC900,0xC900,0xB880,0xB020,0xA800,0xA800,0xC920,0xDA00,0xD1A0,0xC920,
    0xA820,0xB8A0,0xB8A0,0xA000,0xC900,0xD9C0,0xD1A0,0xD9E0,0xD9A0,0xC940,0xE240,0xFBE0,
    0xFBE0,0xF2E0,0xEAA0,0xEA80,0xEAA0,0xD9C0,0xD1A0,0xEA60,0xF2E0,0xE220,0xD160,0xC900,
    0xE220,0xEA80,0xEAC0,0xFB20,0xD9C0,0xB880,0xB860,0xC940,0xC0C0,0xC0C0,0xC900,0xC920,
    0xD9C0,0xEA80,0xF2A0,0xE200,0xD180,0xE220,0xEAA0,0xF2C0,0xFBA0,0xFBC0,0xFBE0,0xFCA4,
    0xFCE6,0xFC63,0xFB40,0xFB60,0xFB20,0xFB00,0xFB40,0xFB00,0xFB80,0xFC41,0xFB60,0xF2C0,
    0xEAA0,0xF300,0xE200,0xD180,0xC920,0xC0E0,0xC0C0,0xC0E0,0xD9A0,0xE200,0xE240,0xE200,
    0xC0C0,0xD9C0,0xE220,0xE240,0xE200,0xD180,0xC920,0xC0E0,0xC100,0xD9C0,0xC920,0xE200,
    0xE240,0xDA00,0xD9C0,0xD180,0xC0E0,0xB8A0,0xB020,0xA800,0xA800,0xB8A0,0xD1A0,0xE220,
    0xE220,0xEA60,0xE240,0xE240,0xE240,0xE200,0xF320,0xF2C0,0xEA60,0xF2E0,0xFB20,0xFB60,
    0xF2E0,0xF2E0,0xFB00,0xEA80,0xEAA0,0xF2E0,0xE240,0xE240,0xEA80,0xDA00,0xEA80,0xD9E0,
    0xEA60,0xFB20,0xFB20,0xE240,0xEA40,0xE220,0xDA00,0xE200,0xE200,0xD180,0xD180,0xD180,
    0xE240,0xEAA0,0xF2C0,0xF2A0,0xDA00,0xE220,0xE220,0xD9A0,0xD180,0xD180,0xD1A0,0xB880,
    0xA000,0xA820,0xC940,0xC940,0xC960,0xD9C0,0xC100,0xB880,0xC0E0,0xD9E0,0xEA80,0xEA60,
    0xFB40,0xFB40,0xF2E0,0xE220,0xEAA0,0xD9C0,0xC0C0,0xB860,0xB040,0xB060,0xA800,0xC0E0,
    0xB880,0xC0E0,0xD1A0,0xD9C0,0xB8A0,0xC100,0xD9C0,0xC0A0,0xD1A0,0xE220,0xD9C0,0xC940,
    0xF2E0,0xD1A0,0xB860,0xB060,0x9800,0xB060,0xD9A0,0xF2E0,0xEA80,0xD9C0,0xD140,0xC0E0,
    0xB880,0xC0C0,0xB040,0xB020,0xD160,0xC8E0,0xA000,0xA800,0xA000,0xB060,0xB020,0xA000,
    0xA000,0xA800,0xA820,0x9800,0xA840,0xC940,0xEAA0,0xF2C0,0xEAA0,0xD9E0,0xE240,0xE240,
    0xC900,0xB8A0,0xD9C0,0xEA80,0xF2C0,0xF2E0,0xE200,0xD9E0,0xEA80,0xDA00,0xE200,0xEAA0,
    0xD180,0xC0C0,0xC0C0,0xC900,0xC900,0xB020,0xB880,0xB060,0xB020,0xA000,0xA000,0xC0C0,
    0xD9C0,0xC940,0xB860,0xC0E0,0xD9C0,0xD1A0,0xC940,0xC100,0xD9C0,0xE200,0xEA60,0xF320,
    0xD180,0xD9E0,0xD180,0xE260,0xF300,0xF300,0xF2E0,0xEA40,0xE220,0xC920,0xC920,0xFC64,
    0xFD48,0xFB80,0xEA60,0xD9C0,0xC100,0xE220,0xFB00,0xEA80,0xC920,0xB8A0,0xE200,0xFC03,
    0xFC02,0xFB80,0xFC62,0xF360,0xE200,0xD9E0,0xF2C0,0xF2C0,0xF2A0,0xE240,0xC900,0xD160,
    0xE200,0xC900,0xD160,0xC940,0xC100,0xC920,0xC100,0xE200,0xD160,0xC0E0,0xC920,0xC900,
    0xB8A0,0xA820,0xB860,0xB8A0,0xD180,0xD9E0,0xD1A0,0xC900,0xB060,0xC0E0,0xD9E0,0xFB00,
    0xD180,0xB040,0xD9E0,0xD9E0,0xD160,0xC900,0xC0C0,0xC0C0,0xD160,0xE200,0xD180,0xC920,
    0xC0A0,0xC0E0,0xC920,0xD9E0,0xEA60,0xD9C0,0xC920,0xC100,0xC920,0xE200,0xF2C0,0xFC22,
    0xFC83,0xFD6A,0xFE51,0xFDAC,0xFE31,0xFC84,0xFB00,0xF2A0,0xD9E0,0xD180,0xC940,0xC920,
    0xE240,0xE200,0xC100,0xA800,0xA820,0xB040,0xD9C0,0xD1A0,0xC0E0,0xD160,0xC900,0xB860,
    0xB040,0xC920,0xC100,0xB060,0xD180,0xE240,0xD9E0,0xFB40,0xFB80,0xC900,0xD160,0xEA80,
    0xFB20,0xF2C0,0xD180,0xD180,0xEA80,0xE200,0xD180,0xD9E0,0xC0E0,0xA000,0xB020,0xB020,
    0xA800,0xB040,0xC100,0xB8A0,0xA820,0xB060,0xA840,0xB060,0xA820,0xA000,0xA800,0xB060,
    0xD9A0,0xD160,0xD180,0xC0C0,0xB8A0,0xC0C0,0xD1A0,0xC0E0,0xC100,0xEA60,0xD160,0xC940,
    0xD1A0,0xEA80,0xC940,0xC0A0,0xC0E0,0xB860,0xB860,0xC100,0xC940,0xE200,0xEA80,0xF2E0,
    0xE240,0xEA60,0xD9C0,0xC940,0xC940,0xE220,0xC960,0xC0C0,0xB8A0,0xB880,0xC0C0,0xC0A0,
    0xB8A0,0xB040,0xA820,0xB040,0xB880,0xD160,0xEA60,0xD9C0,0xD180,0xC920,0xB860,0xC0E0,
    0xB040,0xD160,0xD9C0,0xE200,0xFB60,0xFB40,0xFB60,0xEAA0,0xDA00,0xD9C0,0xC900,0xB880,
    0xC940,0xF300,0xFB80,0xF300,0xF2A0,0xE220,0xEA60,0xFB60,0xFBA0,0xFBA0,0xFB20,0xFB20,
    0xE240,0xC0A0,0xC0E0,0xC0E0,0xB880,0xB880,0xD160,0xD160,0xC0C0,0xD180,0xF2C0,0xF2C0,
    0xD9C0,0xE220,0xE240,0xD9C0,0xE240,0xF2E0,0xF2A0,0xE200,0xE240,0xEA80,0xEA60,0xEA60,
    0xE240,0xD9C0,0xD9C0,0xE220,0xD160,0xC920,0xC100,0xD160,0xC920,0xC0C0,0xC0C0,0xB040,
    0xB020,0xA800,0xA000,0xA800,0xC0E0,0xC940,0xC100,0xC900,0xB060,0xA800,0xA820,0xB020,
    0xD9C0,0xD180,0xC0A0,0xC920,0xD1A0,0xC900,0xD9E0,0xFB40,0xFB60,0xE240,0xEAA0,0xEA60,
    0xF2C0,0xE240,0xE220,0xEA60,0xEA60,0xE220,0xD9C0,0xC0E0,0xD9E0,0xE240,0xE220,0xF2A0,
    0xD180,0xC0C0,0xC0C0,0xD160,0xB860,0xB8A0,0xC0C0,0xC940,0xDA00,0xF2E0,0xFB00,0xE240,
    0xD180,0xE220,0xFB40,0xFB20,0xFBA0,0xFBC0,0xFC00,0xFBC1,0xFBE1,0xF2E0,0xEA80,0xFC01,
    0xFB60,0xE220,0xEAA0,0xEAA0,0xFB20,0xFC00,0xFBA0,0xF2C0,0xE240,0xEA80,0xE220,0xD1A0,
    0xC0E0,0xC0C0,0xC0E0,0xD9C0,0xEA80,0xE240,0xEAA0,0xF2E0,0xC0E0,0xC920,0xEA80,0xEAA0,
    0xE240,0xF2C0,0xD9C0,0xD180,0xC920,0xD140,0xD9C0,0xF2E0,0xE240,0xD160,0xD180,0xC940,
    0xC0E0,0xB880,0xB860,0xB060,0xB040,0xB880,0xC920,0xD9E0,0xEA40,0xE200,0xE200,0xE240,
    0xE220,0xEA60,0xEA60,0xEAA0,0xF2C0,0xFB20,0xFB60,0xFB60,0xF2E0,0xEA80,0xEA80,0xEA80,
    0xF2C0,0xEAA0,0xEAA0,0xE220,0xE240,0xE220,0xD9E0,0xE220,0xD9C0,0xF2C0,0xF2E0,0xD9E0,
    0xD160,0xD160,0xD9C0,0xEA80,0xFBC1,0xF2C0,0xDA00,0xD9C0,0xE220,0xD9C0,0xD9E0,0xD180,
    0xC920,0xD160,0xD9A0,0xC900,0xC100,0xD9C0,0xC900,0xA800,0x9800,0xA820,0xC0E0,0xC100,
    0xC0E0,0xC0E0,0xC0E0,0xC920,0xC900,0xD9E0,0xFBE0,0xFB40,0xFB80,0xFB00,0xF2A0,0xE240,
    0xE240,0xD9E0,0xC100,0xB880,0xC900,0xB880,0xA820,0xB880,0xA800,0xC100,0xD9C0,0xD1A0,
    0xE220,0xF2C0,0xE220,0xC0A0,0xC0E0,0xC100,0xC920,0xC0E0,0xE260,0xEA80,0xC920,0xC0E0,
    0xA840,0x9000,0xB080,0xEAA0,0xF2E0,0xE220,0xD9E0,0xC100,0xC900,0xC940,0x9800,0xB880,
    0xB880,0xA840,0xB020,0xA000,0xA000,0xC940,0xC920,0xA820,0xA000,0xA000,0x9800,0x9800,
    0xC0C0,0xD9E0,0xEA80,0xD9E0,0xE220,0xDA00,0xF300,0xE200,0xB880,0xC100,0xD160,0xD1A0,
    0xD9E0,0xDA00,0xD180,0xC940,0xD180,0xD180,0xD9C0,0xD9A0,0xD180,0xC0E0,0xB040,0xB880,
    0xB860,0xB880,0xC0C0,0xA820,0xA000,0x9800,0xB040,0xD1A0,0xD180,0xB860,0xA800,0xC0E0,
    0xD9E0,0xD1A0,0xD160,0xD180,0xE200,0xD1A0,0xD180,0xE200,0xC0E0,0xC0E0,0xC0A0,0xC0C0,
    0xE220,0xF2C0,0xF2E0,0xD9E0,0xC0C0,0xB040,0xC8E0,0xF2E1,0xFDAB,0xFC22,0xFB40,0xF2C0,
    0xD180,0xD180,0xD9E0,0xD9E0,0xD160,0xB040,0xC940,0xF300,0xFB80,0xFB60,0xFBA0,0xF2E0,
    0xD160,0xC940,0xD9E0,0xE220,0xE220,0xEAA0,0xE240,0xD180,0xD9C0,0xEAA0,0xD9C0,0xEA80,
    0xE240,0xD9E0,0xC920,0xD160,0xC940,0xB860,0xB8A0,0xC0E0,0xC100,0xB880,0xB880,0xC920,
    0xD1A0,0xE220,0xC940,0xB040,0xA800,0xC0C0,0xE200,0xDA00,0xB8A0,0xA800,0xC100,0xE240,
    0xEAA0,0xEAA0,0xD9E0,0xD180,0xE240,0xD9C0,0xC0A0,0xB8A0,0xC0C0,0xC100,0xD1A0,0xFB00,
    0xE220,0xC920,0xC0E0,0xC0A0,0xC900,0xD1A0,0xEA60,0xFAE0,0xFB80,0xFC62,0xFD6A,0xFD6A,
    0xFD8B,0xFCA4,0xF2E0,0xE240,0xD160,0xC900,0xC940,0xE200,0xFBA0,0xFBC0,0xC940,0xB020,
    0xA800,0xB880,0xE200,0xE240,0xB880,0xC0C0,0xB860,0xA800,0xA800,0xA000,0xB880,0xC940,
    0xC920,0xD1A0,0xE200,0xD9C0,0xC920,0xC0E0,0xB8A0,0xC0E0,0xF2E0,0xEA80,0xB860,0xC100,
    0xEA60,0xE220,0xD9C0,0xD1A0,0xB8A0,0xB060,0xC100,0xB020,0x9800,0xA800,0xB880,0xC0C0,
    0xA800,0xA000,0xA000,0xB8A0,0xC920,0xC920,0xC940,0xC100,0xC920,0xD180,0xC920,0xB880,
    0xC0E0,0xC940,0xD9A0,0xB860,0xB020,0xC940,0xD9E0,0xFB00,0xEA80,0xC920,0xC0E0,0xD9A0,
    0xD180,0xB8A0,0xC0A0,0xD180,0xDA00,0xE240,0xE200,0xD9C0,0xE220,0xEA60,0xDA00,0xD160,
    0xB8A0,0xB8A0,0xC0C0,0xC940,0xD9A0,0xC0C0,0xC920,0xD140,0xD1A0,0xC900,0xA820,0xA800,
    0xC0E0,0xE220,0xE240,0xD9A0,0xD9C0,0xC920,0xC0C0,0xB880,0xC0A0,0xEA80,0xFB40,0xEA80,
    0xFB60,0xFB80,0xFB00,0xE220,0xD1A0,0xD9A0,0xD160,0xB020,0xC0C0,0xE240,0xFBC0,0xFBE0,
    0xFB20,0xF2E0,0xF2E0,0xFB20,0xFB20,0xEAA0,0xF2E0,0xF2A0,0xE200,0xD9C0,0xD1A0,0xC0C0,
    0xB880,0xC0E0,0xC940,0xC920,0xC920,0xD9C0,0xE240,0xD9E0,0xD9E0,0xEA80,0xEA60,0xE240,
    0xEA60,0xF2A0,0xF2A0,0xE220,0xD9C0,0xE200,0xD9C0,0xDA00,0xD9E0,0xD180,0xEA60,0xEA40,
    0xD160,0xC0A0,0xC920,0xD9C0,0xD9A0,0xC920,0xC0C0,0xB040,0xA000,0xA000,0x9000,0xA000,
    0xB880,0xC0C0,0xB060,0xC900,0xD180,0xB880,0xB060,0xC920,0xD180,0xC100,0xB860,0xC0C0,
    0xB8A0,0xC0E0,0xEAE1,0xFBE2,0xE1E0,0xC0E0,0xC0E0,0xD160,0xEA60,0xE220,0xF2A0,0xFB60,
    0xF300,0xE240,0xF2E0,0xD9C0,0xE200,0xFB00,0xEA60,0xD160,0xC920,0xD160,0xC0C0,0xC0C0,
    0xB880,0xB020,0xC0A0,0xD160,0xDA00,0xEA60,0xF2A0,0xE240,0xD1A0,0xE220,0xFB20,0xFB40,
    0xFBA0,0xFC21,0xFBE1,0xF2A0,0xFB00,0xEA60,0xEA40,0xFB20,0xF2C0,0xE240,0xD9C0,0xDA00,
    0xE200,0xF2E0,0xFBE0,0xF340,0xE200,0xD9C0,0xD180,0xD180,0xC100,0xC0A0,0xC900,0xD9E0,
    0xEA60,0xD160,0xE260,0xFB40,0xD180,0xC960,0xFB20,0xEA80,0xD140,0xF2A0,0xEA80,0xF2C0,
    0xDA00,0xC940,0xE200,0xF2C0,0xD9C0,0xD180,0xD160,0xD160,0xC100,0xC900,0xC900,0xB860,
    0xC0C0,0xC0C0,0xD180,0xE200,0xDA00,0xE220,0xE220,0xD9E0,0xE220,0xF2C0,0xF2C0,0xEA80,
    0xF2A0,0xF300,0xF300,0xFB40,0xF300,0xDA00,0xE200,0xEAA0,0xE200,0xD180,0xD9E0,0xE220,
    0xEA80,0xE240,0xC940,0xC100,0xC940,0xD9C0,0xE220,0xC940,0xC920,0xD9A0,0xFB00,0xFB80,
    0xFBC1,0xF2E0,0xEA60,0xDA00,0xE220,0xD9E0,0xC940,0xB860,0xB040,0xB860,0xB040,0xC100,
    0xD9E0,0xC940,0xC0E0,0xB020,0xA000,0xB020,0xC0E0,0xC0C0,0xB860,0xB860,0xC920,0xD9C0,
    0xD180,0xEA40,0xFC42,0xFC84,0xFB80,0xF2C0,0xD9E0,0xE200,0xE220,0xE220,0xDA00,0xC0C0,
    0xD9C0,0xD180,0xB880,0xA820,0xA000,0xC920,0xD1A0,0xD9C0,0xEAA0,0xF2A0,0xD9C0,0xC0C0,
    0xC100,0xD160,0xD1C0,0xD180,0xF2E0,0xFB80,0xEAA0,0xC920,0xC0A0,0xA000,0xA000,0xE260,
    0xF2E0,0xD160,0xB060,0xB880,0xB060,0x9800,0x9800,0xB020,0x9000,0x9800,0xA800,0x9800,
    0xA820,0xB880,0xC0E0,0xB040,0xA000,0x9000,0x9800,0xA800,0xC0E0,0xDA00,0xE220,0xD180,
    0xD180,0xC900,0xE220,0xD9C0,0xB040,0xC0C0,0xD160,0xD180,0xD9C0,0xD9C0,0xD9E0,0xB880,
    0xB880,0xD1A0,0xEB01,0xD9E0,0xC920,0xC0C0,0xB880,0xB860,0xB020,0xA820,0xA820,0x9800,
    0x9000,0x9800,0xB880,0xD180,0xC0C0,0xB020,0xA820,0xC920,0xC0C0,0xD9C0,0xD9C0,0xE220,
    0xEA80,0xD1A0,0xD9E0,0xEA60,0xB8A0,0xB880,0xB000,0xB880,0xEA80,0xF2E0,0xD1A0,0xC940,
    0xB060,0xC0E0,0xEAA0,0xFB80,0xEB01,0xFC03,0xFBC0,0xFC00,0xD9E0,0xC900,0xD180,0xEA80,
    0xE240,0xB8A0,0xB8A0,0xD9C0,0xEAA0,0xEA80,0xD9E0,0xE260,0xD1A0,0xC0C0,0xC920,0xD1A0,
    0xD160,0xE200,0xEAA0,0xD9C0,0xD9C0,0xF2E0,0xF2C0,0xFBE1,0xFBC0,0xEA60,0xC900,0xC940,
    0xC0E0,0xA800,0xB020,0xC940,0xD1A0,0xC940,0xC920,0xD180,0xD1A0,0xD9C0,0xC0E0,0xB860,
    0xB880,0xC0E0,0xE200,0xD180,0xC0E0,0xC0C0,0xC0A0,0xD9C0,0xF2C0,0xFB40,0xE240,0xC900,
    0xC0E0,0xC0E0,0xC900,0xD160,0xC940,0xC0E0,0xD9A0,0xEA80,0xD1A0,0xC900,0xC0E0,0xC0C0,
    0xC900,0xC940,0xD9E0,0xEAA0,0xF300,0xFB80,0xFC21,0xFC63,0xFBA0,0xF300,0xE220,0xC940,
    0xC0A0,0xC0C0,0xC100,0xD9C0,0xF300,0xF340,0xC0C0,0xA800,0xA000,0xD1A0,0xD1A0,0xC900,
    0xB040,0xA820,0xC900,0xB040,0xB8A0,0xD160,0xC920,0xB8A0,0xB860,0xB8A0,0xA800,0xA800,
    0xB880,0xB020,0xA800,0xC920,0xEA80,0xD160,0xA000,0xB880,0xD9A0,0xD180,0xC960,0xC900,
    0xC0A0,0xC0C0,0xC100,0xB040,0xA800,0xA800,0xC0C0,0xC0C0,0xC0E0,0xB8A0,0xB060,0xD160,
    0xEA80,0xFBC0,0xFB60,0xC920,0xC100,0xD9C0,0xD180,0xC0E0,0xC0C0,0xB060,0xC0C0,0xB040,
    0xA800,0xB040,0xC0C0,0xD9C0,0xD180,0xB860,0xD160,0xE240,0xD9C0,0xC900,0xD9C0,0xEA80,
    0xFB40,0xF2E0,0xE200,0xEA60,0xEA60,0xEA60,0xE200,0xC0E0,0xB8A0,0xB860,0xC900,0xD9C0,
    0xE220,0xB880,0xC920,0xC920,0xD1A0,0xD9E0,0xC0E0,0xA800,0xC0A0,0xD9C0,0xD1A0,0xD9C0,
    0xF300,0xF2C0,0xD180,0xD180,0xE200,0xE240,0xEAA0,0xEA60,0xF2E0,0xFB60,0xFB20,0xE200,
    0xD160,0xD140,0xEAA0,0xE200,0xC940,0xEA80,0xFB20,0xFB60,0xFB20,0xFB00,0xFB00,0xF2C0,
    0xF2E0,0xEA60,0xD180,0xD1A0,0xD9E0,0xEAA0,0xD9A0,0xC0C0,0xC0A0,0xC900,0xC940,0xC100,
    0xC0E0,0xE200,0xEA80,0xE220,0xE220,0xE220,0xD9C0,0xD9E0,0xE200,0xE220,0xEA80,0xE240,
    0xC920,0xC900,0xC920,0xD160,0xC900,0xC900,0xE220,0xEA80,0xD9E0,0xC940,0xD160,0xD1A0,
    0xD9C0,0xD9C0,0xC940,0xB8A0,0x9800,0xA000,0xA820,0xB080,0xB060,0xC0C0,0xC0C0,0xD180,
    0xE220,0xC920,0xC900,0xD1A0,0xC900,0xB860,0xB040,0xC940,0xD9C0,0xD9A0,0xF340,0xFBC1,
    0xD9A0,0xC0A0,0xB000,0xB8A0,0xD1A0,0xE220,0xFB20,0xFB40,0xEAA0,0xD9E0,0xEAA0,0xE240,
    0xD9A0,0xE260,0xEA80,0xC920,0xD180,0xD180,0xC0C0,0xB8A0,0xB880,0xB040,0xB880,0xC920,
    0xD9A0,0xD9C0,0xD160,0xD1A0,0xDA00,0xF2C0,0xF2E0,0xFB00,0xFBC0,0xFCE5,0xFC63,0xFBE1,
    0xFB80,0xE240,0xE200,0xEA80,0xEA60,0xE220,0xD180,0xD9A0,0xD9A0,0xD9A0,0xF300,0xFBA0,
    0xD9C0,0xD1A0,0xE200,0xD9C0,0xD160,0xC920,0xD160,0xE200,0xC940,0xC920,0xFB20,0xFC20,
    0xF320,0xD9A0,0xF2C0,0xE200,0xD9C0,0xF300,0xF300,0xE220,0xE240,0xEA80,0xE220,0xEA40,
    0xE220,0xE220,0xE240,0xE200,0xD180,0xC920,0xB8A0,0xA820,0xB8C0,0xD160,0xE240,0xF2E0,
    0xEA40,0xE240,0xD9E0,0xC960,0xE200,0xEA60,0xEA60,0xEA80,0xF2C0,0xF2E0,0xE200,0xE200,
    0xEA80,0xD9C0,0xD9E0,0xF2E0,0xD9E0,0xC0C0,0xD180,0xE240,0xEA80,0xF2A0,0xDA00,0xC940,
    0xC940,0xC0E0,0xC100,0xD160,0xD180,0xD160,0xD9E0,0xE240,0xEA80,0xEA40,0xE200,0xE200,
    0xEA60,0xD9C0,0xC0C0,0xA820,0xA000,0xA800,0xA800,0xB8A0,0xC100,0xB040,0xB880,0xB020,
    0xA820,0xB880,0xC920,0xB880,0xB860,0xC920,0xE200,0xD9E0,0xDA00,0xE220,0xFC03,0xFD69,
    0xFBC0,0xF2E0,0xD160,0xC920,0xDA00,0xEA80,0xEA60,0xC920,0xE240,0xEAA0,0xB060,0x9800,
    0xA000,0xC0A0,0xB8A0,0xC940,0xE200,0xD180,0xC940,0xB880,0xC0E0,0xD160,0xE220,0xD160,
    0xD9C0,0xEAC0,0xF2C0,0xE200,0xD160,0xB040,0xA820,0xC0C0,0xE200,0xE260,0xC0A0,0xA800,
    0x9000,0x8800,0xA020,0xA820,0x9800,0xA800,0xA000,0xA820,0xC0C0,0xB060,0xB8A0,0xB060,
    0x9800,0x9000,0x9000,0xA800,0xB880,0xC900,0xC100,0xC0E0,0xC0E0,0xC0E0,0xE220,0xD9E0,
    0xC0C0,0xC940,0xD9E0,0xD180,0xB040,0xC940,0xE200,0xB8A0,0xD9C0,0xD9A0,0xFBE2,0xEAA0,
    0xC900,0xB8A0,0xC0A0,0xC900,0xC0C0,0xA800,0x9800,0xA000,0xA000,0xA000,0xB8A0,0xB040,
    0xB060,0xB060,0xA820,0xB880,0xB040,0xD160,0xD180,0xD9C0,0xD1A0,0xD160,0xEA80,0xF300,
    0xD9C0,0xC0C0,0xD160,0xC920,0xC940,0xD9A0,0xC0E0,0xC900,0xC940,0xD1A0,0xEA60,0xF300,
    0xD160,0xD9A0,0xFB20,0xFB80,0xEAA0,0xF300,0xF300,0xFBC0,0xF2E0,0xD9C0,0xC100,0xD9C0,
    0xD9C0,0xD9E0,0xE200,0xB880,0xB040,0xC920,0xD9A0,0xD1A0,0xC940,0xC920,0xF2A0,0xE220,
    0xE220,0xEA80,0xEA80,0xF320,0xE240,0xC920,0xC920,0xC900,0xC0C0,0xB060,0xB8A0,0xEA60,
    0xF2C0,0xC940,0xC100,0xD180,0xD9E0,0xD9C0,0xC100,0xC0A0,0xB8A0,0xC0E0,0xD1A0,0xD1A0,
    0xC960,0xC0C0,0xC0C0,0xC0E0,0xC0C0,0xC900,0xC920,0xC0C0,0xC0A0,0xC0E0,0xE240,0xD180,
    0xD160,0xC940,0xC940,0xD9E0,0xD180,0xC0E0,0xC0E0,0xC0E0,0xC100,0xC0E0,0xC940,0xE240,
    0xF2C0,0xFB20,0xF2E0,0xFB00,0xEA80,0xD180,0xC920,0xC0E0,0xC0C0,0xC0C0,0xB860,0xC920,
    0xE200,0xC920,0xB040,0xA000,0xB040,0xC940,0xC920,0xB880,0xB860,0xA820,0xB040,0xB880,
    0xC920,0xDA00,0xDA00,0xC900,0xC0C0,0xB040,0xC900,0xD1A0,0xC0C0,0xB060,0xB040,0xD180,
    0xE220,0xC100,0xA000,0xC940,0xD160,0xB8A0,0xB060,0xC920,0xD180,0xB060,0xA800,0xB040,
    0xB040,0xB040,0xC920,0xE200,0xE220,0xD1A0,0xC900,0xD180,0xF2C0,0xF2C0,0xFC85,0xF300,
    0xE240,0xDA00,0xE220,0xD9E0,0xB060,0xA000,0xB020,0xB060,0xA840,0xA000,0xA000,0xA800,
    0xB040,0xC900,0xF2C0,0xE220,0xD9C0,0xE220,0xEA60,0xEA80,0xE240,0xE240,0xE240,0xEA60,
    0xE240,0xE240,0xD9E0,0xC900,0xB060,0xB060,0xD180,0xDA00,0xEA60,0xC920,0xC0C0,0xD1A0,
    0xD1A0,0xD9E0,0xC0E0,0xB860,0xB860,0xC0E0,0xD180,0xEA60,0xE240,0xF2C0,0xE240,0xE240,
    0xEA80,0xEA60,0xDA00,0xFB20,0xFB20,0xF2A0,0xFB00,0xEA60,0xD9A0,0xE240,0xFB40,0xE240,
    0xD9E0,0xE240,0xE240,0xEAA0,0xFB20,0xFB60,0xFB20,0xEAA0,0xEAA0,0xEAA0,0xE220,0xE200,
    0xF2C0,0xEA80,0xC940,0xC0E0,0xC0E0,0xD9C0,0xE200,0xC920,0xC0C0,0xD9E0,0xEA80,0xDA00,
    0xD160,0xC960,0xD160,0xD180,0xD1A0,0xD180,0xD9E0,0xD9C0,0xC0E0,0xB880,0xC900,0xC900,
    0xD160,0xD9C0,0xD9E0,0xEA80,0xEA80,0xC940,0xD180,0xD9A0,0xD160,0xD160,0xC100,0xB040,
    0xA000,0xA800,0xC900,0xC920,0xB880,0xD160,0xD180,0xD9E0,0xE200,0xC0A0,0xC0E0,0xE200,
    0xD9C0,0xB040,0xB020,0xC0C0,0xE240,0xD9E0,0xEAA0,0xFB00,0xF2A0,0xEA80,0xC900,0xD180,
    0xD9C0,0xE220,0xEA80,0xE240,0xE220,0xEA80,0xF2C0,0xE240,0xE220,0xD9C0,0xE200,0xEA80,
    0xE200,0xC0C0,0xB8A0,0xB8A0,0xB040,0xB040,0xA800,0xC0C0,0xC0E0,0xC940,0xD180,0xD9E0,
    0xEAA0,0xFB40,0xFB40,0xFB60,0xFC00,0xFBE1,0xFC43,0xFCE5,0xFB80,0xD9C0,0xD1A0,0xE220,
    0xD9E0,0xDA00,0xD180,0xC960,0xC940,0xD180,0xE220,0xEA60,0xD9E0,0xEA60,0xFB20,0xF2E0,
    0xEAA0,0xEA60,0xEA60,0xE200,0xC940,0xEA80,0xFC00,0xFBE0,0xFB40,0xD9C0,0xE220,0xC940,
    0xEAC0,0xFBA0,0xEA60,0xD1A0,0xEAA0,0xF2E0,0xF2C0,0xEAA0,0xE240,0xE220,0xE220,0xD9C0,
    0xC920,0xB020,0xB040,0xC0E0,0xC920,0xC920,0xD9C0,0xEA60,0xEA80,0xEA40,0xD9C0,0xD9A0,
    0xE220,0xEA80,0xE240,0xE220,0xF2C0,0xFB00,0xEA80,0xD9C0,0xEA60,0xD180,0xD180,0xF300,
    0xEA60,0xD180,0xC920,0xEA80,0xFB60,0xF2A0,0xD9C0,0xD1A0,0xC920,0xC0C0,0xC920,0xE220,
    0xDA00,0xC920,0xC0C0,0xC940,0xD160,0xD9A0,0xD9C0,0xD9C0,0xD180,0xC920,0xC0C0,0xB040,
    0x9800,0x9800,0xA800,0xA800,0xA800,0xA800,0xA800,0xB880,0xB880,0xC0A0,0xC0C0,0xC920,
    0xD180,0xD180,0xD9C0,0xD9C0,0xD9C0,0xD980,0xFBC2,0xFCC4,0xF2E0,0xC920,0xC0E0,0xB880,
    0xD160,0xEAA0,0xE240,0xD160,0xC920,0xB8A0,0xC0C0,0xA820,0x9800,0xA800,0xA800,0xA820,
    0xB040,0xB880,0xB860,0xB040,0xB880,0xC0C0,0xD180,0xB880,0xA820,0xC900,0xF2C0,0xFB60,
    0xE220,0xD9E0,0xC900,0xC940,0xD180,0xD160,0xB860,0x9800,0x9000,0x9000,0xB080,0xB040,
    0xA000,0xB040,0xA000,0xC0E0,0xE240,0xC940,0xA820,0xA820,0xB060,0x9800,0xA000,0xC0A0,
    0xC0C0,0xC0C0,0xB8A0,0xB880,0xB880,0xC940,0xF2A0,0xE200,0xD160,0xD9C0,0xD9E0,0xA840,
    0xA820,0xC940,0xD9E0,0xE240,0xE220,0xC0C0,0xEA40,0xE200,0xC100,0xC0E0,0xC0E0,0xD180,
    0xC100,0xA800,0xB060,0xB020,0xA800,0xA820,0xC0E0,0xA820,0xA000,0xB060,0xB040,0xA800,
    0xB020,0xE220,0xD9E0,0xD160,0xC0C0,0xC940,0xE220,0xE240,0xD180,0xD140,0xC900,0xD9E0,
    0xF2C0,0xD9C0,0xB880,0xC940,0xC940,0xB8A0,0xE200,0xF2E0,0xEA40,0xEA60,0xF2C0,0xE220,
    0xF2C0,0xF2E0,0xFB60,0xF340,0xEA40,0xF300,0xE240,0xE200,0xD9C0,0xC0A0,0xC940,0xC100,
    0xB860,0xC920,0xEA60,0xEA80,0xD9E0,0xC0C0,0xE240,0xE220,0xE200,0xF2C0,0xE240,0xC900,
    0xC920,0xD160,0xC0E0,0xB040,0xB8A0,0xC920,0xC940,0xE200,0xE200,0xB880,0xC0E0,0xD9A0,
    0xD9A0,0xD160,0xD1A0,0xD160,0xC0E0,0xD160,0xEA60,0xE240,0xD9E0,0xD180,0xD160,0xC900,
    0xC0C0,0xC920,0xC900,0xC100,0xC0E0,0xD1A0,0xFB20,0xD9C0,0xB8A0,0xD1A0,0xE220,0xE240,
    0xC940,0xB880,0xC0C0,0xC0C0,0xB8A0,0xC0C0,0xDA00,0xEA60,0xF2C0,0xF2C0,0xE220,0xE220,
    0xD1A0,0xC900,0xC920,0xC100,0xC0C0,0xB860,0xB020,0xB880,0xC0E0,0xB8A0,0xB040,0xB040,
    0xC920,0xD180,0xC0C0,0xB880,0xB860,0xB040,0xB8A0,0xC0E0,0xC920,0xD9A0,0xC940,0xB8C0,
    0xDA00,0xD9E0,0xE200,0xE220,0xB8A0,0xC940,0xC920,0xD1A0,0xD180,0xC0E0,0xB040,0xC920,
    0xE200,0xB880,0xA800,0xB040,0xD1A0,0xB8C0,0xB880,0xB8A0,0xB8A0,0xB060,0xC0A0,0xFBC1,
    0xF321,0xD9C0,0xB880,0xB040,0xD9E0,0xD9A0,0xF363,0xFB81,0xD9E0,0xE240,0xD1A0,0xE200,
    0xB880,0xA820,0xC0C0,0xC900,0xD180,0xC900,0xA840,0xA000,0xA820,0xE200,0xF2C0,0xE240,
    0xEA60,0xF2A0,0xEA40,0xD9E0,0xD9E0,0xE220,0xD9E0,0xD1A0,0xDA00,0xD9C0,0xD9E0,0xD9A0,
    0xC0A0,0xD160,0xE200,0xD9E0,0xE200,0xE220,0xD160,0xD1A0,0xD1A0,0xD180,0xC940,0xC0E0,
    0xB020,0xB880,0xD160,0xE200,0xD9C0,0xD160,0xD140,0xD9A0,0xEA60,0xE220,0xDA00,0xFB40,
    0xF2E0,0xD160,0xD9E0,0xD9E0,0xDA00,0xEAA0,0xFB60,0xE220,0xD180,0xD9C0,0xC920,0xD180,
    0xEAA0,0xF2E0,0xEA80,0xE220,0xEA40,0xE240,0xDA00,0xE240,0xE220,0xD160,0xC920,0xC940,
    0xD180,0xE220,0xE200,0xD180,0xC940,0xD160,0xD180,0xC920,0xC920,0xD160,0xC940,0xC100,
    0xC920,0xD9C0,0xE220,0xE240,0xD180,0xD9A0,0xD9A0,0xD180,0xE220,0xE220,0xD1A0,0xC0C0,
    0xD180,0xC920,0xC920,0xC0C0,0xB880,0xC960,0xC900,0xC0C0,0xC940,0xB8A0,0xB880,0xC0E0,
    0xC900,0xD9C0,0xD1A0,0xD9C0,0xD1A0,0xC100,0xC0E0,0xE1E0,0xEA60,0xC920,0xB880,0xC940,
    0xD180,0xD160,0xD9C0,0xE220,0xEAA0,0xE220,0xD1A0,0xDA00,0xDA00,0xE220,0xD9E0,0xD1A0,
    0xD9C0,0xEA80,0xF2C0,0xD9E0,0xD160,0xD1A0,0xD9C0,0xF2E0,0xD160,0xB860,0xB040,0xA820,
    0xA000,0xB020,0xB020,0xB8A0,0xC900,0xC920,0xD9E0,0xEA60,0xFB20,0xF2E0,0xFB20,0xFBA0,
    0xFB80,0xF2E0,0xF2C0,0xFBE1,0xF320,0xD160,0xD1A0,0xD9C0,0xD180,0xD180,0xD1A0,0xC940,
    0xC920,0xD160,0xD180,0xD160,0xD9C0,0xEAA0,0xFBA0,0xFB60,0xFB80,0xFB80,0xF2E0,0xF2C0,
    0xF2E0,0xF300,0xFBA0,0xFB60,0xF2E0,0xE220,0xD9C0,0xD1A0,0xFB20,0xF2C0,0xC920,0xC940,
    0xEA60,0xEAA0,0xF2C0,0xF2C0,0xD9E0,0xD9E0,0xE200,0xD180,0xC0C0,0xA000,0xB040,0xC900,
    0xC940,0xC0C0,0xC940,0xC940,0xE240,0xE240,0xD1A0,0xE200,0xEA80,0xF2C0,0xD1A0,0xC960,
    0xE220,0xEA80,0xEA80,0xE200,0xE200,0xD9C0,0xD1A0,0xE240,0xEA80,0xD9E0,0xD160,0xE220,
    0xF2C0,0xE200,0xD160,0xC920,0xC100,0xC920,0xD1A0,0xEAA0,0xEAA0,0xC940,0xC940,0xC0C0,
    0xC0A0,0xC920,0xC940,0xC0E0,0xC920,0xC920,0xB880,0xB020,0xA000,0x9800,0xA000,0xA000,
    0xA000,0xA800,0xB020,0xB880,0xC0C0,0xB8A0,0xB020,0xC920,0xD9E0,0xD180,0xD1A0,0xD180,
    0xC900,0xC0E0,0xEAA0,0xFBC0,0xEA60,0xC940,0xC100,0xB040,0xB860,0xD180,0xC940,0xD160,
    0xC0C0,0xA000,0xB8A0,0xA020,0x9800,0xA000,0xA000,0x9800,0xA800,0xC940,0xB880,0xB020,
    0xB020,0xB040,0xA800,0xA800,0xA000,0xB040,0xE220,0xDA00,0xD140,0xD1A0,0xE200,0xD9E0,
    0xB060,0xA800,0xA800,0xA000,0x9800,0x9000,0xB040,0xA800,0xA800,0xA800,0xA000,0xC0C0,
    0xE200,0xD160,0xC0E0,0xC0E0,0xC920,0xB040,0xB020,0xD1A0,0xEA60,0xD9C0,0xD160,0xC0E0,
    0xB880,0xC100,0xD160,0xEAA0,0xEAA0,0xE240,0xB8C0,0xA000,0xC0E0,0xD9C0,0xD1A0,0xEA40,
    0xD160,0xB020,0xDA00,0xC920,0xC0E0,0xC940,0xC0C0,0xC100,0xB8A0,0xA800,0xC0C0,0xC0E0,
    0xB860,0xB880,0xD9C0,0xC900,0xA000,0xB040,0xE240,0xC920,0xA800,0xE240,0xEA80,0xD180,
    0xC0C0,0xC0E0,0xC0E0,0xD180,0xB880,0xC0E0,0xC900,0xC920,0xD1A0,0xD1A0,0xB8A0,0xB8A0,
    0xB8A0,0xC0C0,0xD160,0xE220,0xFB41,0xFC64,0xF300,0xF2C0,0xEAA0,0xD9C0,0xD9E0,0xEA40,
    0xE220,0xFB20,0xF2C0,0xEA60,0xE220,0xC940,0xB8A0,0xC940,0xC920,0xC920,0xD9E0,0xD9C0,
    0xC920,0xB020,0xC920,0xE220,0xE200,0xD1A0,0xD9C0,0xD180,0xD9E0,0xC940,0xC100,0xB020,
    0xC0C0,0xD160,0xC960,0xC920,0xC940,0xC920,0xC920,0xD160,0xC900,0xC100,0xD9E0,0xD1A0,
    0xC920,0xC920,0xF2E0,0xF300,0xEA80,0xD1A0,0xC0E0,0xC0C0,0xC920,0xC900,0xC0C0,0xB8A0,
    0xB880,0xEAC0,0xFBE0,0xD9C0,0xD160,0xD9C0,0xE200,0xD9C0,0xC920,0xC900,0xC900,0xC100,
    0xB8A0,0xD180,0xFB20,0xFB40,0xE240,0xE220,0xD9C0,0xD1A0,0xD160,0xC0E0,0xC100,0xC920,
    0xC100,0xC0A0,0xB860,0xB040,0xB040,0xB020,0xB860,0xD160,0xE200,0xE240,0xC0C0,0xB060,
    0xB880,0xC0E0,0xD9C0,0xD160,0xC0C0,0xC0E0,0xB880,0xB020,0xC920,0xD9C0,0xC940,0xE200,
    0xD9E0,0xC900,0xD9C0,0xF2A0,0xD180,0xB040,0xA000,0xC0C0,0xD140,0xB880,0xA800,0x9800,
    0xB060,0xD160,0xC0E0,0xD180,0xB8A0,0xC0C0,0xD9A0,0xFB40,0xF300,0xD9A0,0xB060,0xA000,
    0xB880,0xD160,0xC940,0xD9A0,0xC920,0xD160,0xC0C0,0xB040,0xB020,0xB8A0,0xC100,0xD160,
    0xC0E0,0xD180,0xD140,0xB8A0,0xA820,0xD9E0,0xF2C0,0xF2C0,0xE240,0xE220,0xE240,0xE200,
    0xE220,0xD9C0,0xD180,0xD9E0,0xF2A0,0xD9A0,0xD9C0,0xD9C0,0xC920,0xD180,0xD9C0,0xDA00,
    0xE200,0xD9E0,0xD1A0,0xD180,0xD1A0,0xD180,0xD180,0xC920,0xC0A0,0xB860,0xC920,0xD9E0,
    0xDA00,0xD9E0,0xD160,0xC0C0,0xEA60,0xEA60,0xD1A0,0xFB00,0xFB00,0xD9C0,0xD160,0xEA80,
    0xFB20,0xFB60,0xFB80,0xF300,0xD9C0,0xD1A0,0xD180,0xC940,0xD160,0xE240,0xEA60,0xE220,
    0xD9C0,0xD9C0,0xD1A0,0xE220,0xD180,0xB8A0,0xC0C0,0xC920,0xC920,0xC0E0,0xC920,0xD9E0,
    0xEA60,0xD1A0,0xC0A0,0xB8A0,0xC940,0xD180,0xC0E0,0xC0C0,0xC940,0xE220,0xEA80,0xEA80,
    0xE240,0xD9E0,0xD160,0xE200,0xEA60,0xE200,0xB8A0,0xB8A0,0xC100,0xC0E0,0xC0C0,0xB040,
    0xB040,0xC0E0,0xC0C0,0xB060,0xC920,0xC0E0,0xC0C0,0xC0E0,0xC0C0,0xC920,0xC920,0xC0C0,
    0xC100,0xC960,0xD9A0,0xD9C0,0xE220,0xEA60,0xD9C0,0xE240,0xE220,0xC920,0xD9C0,0xD180,
    0xC920,0xC0A0,0xB860,0xC900,0xC920,0xC920,0xC900,0xC920,0xC940,0xEAA0,0xEAA0,0xD9E0,
    0xE220,0xE220,0xC940,0xD160,0xC0E0,0xB060,0xA820,0xA000,0xB880,0xA800,0xA820,0xC0E0,
    0xD9E0,0xE220,0xE240,0xEA60,0xF2C0,0xE240,0xF2E0,0xFC41,0xFBA0,0xFB40,0xFB80,0xFB60,
    0xEA80,0xD1A0,0xD180,0xD160,0xD180,0xC940,0xD160,0xC940,0xC920,0xC960,0xC100,0xC900,
    0xD1A0,0xF320,0xFB80,0xE220,0xEA80,0xF2A0,0xFB60,0xFC41,0xFBA0,0xFB40,0xFB60,0xFB20,
    0xF2C0,0xEA40,0xE200,0xE240,0xF300,0xD9E0,0xC0E0,0xC0C0,0xD9A0,0xE200,0xEA60,0xE220,
    0xD9E0,0xD9E0,0xE200,0xE220,0xD9A0,0xC0E0,0xC920,0xD9A0,0xD160,0xC100,0xC0E0,0xC0C0,
    0xD180,0xD9C0,0xC940,0xD9E0,0xEA80,0xE220,0xD180,0xC920,0xC940,0xD180,0xE200,0xF300,
    0xFC86,0xF361,0xEA40,0xF2E0,0xF300,0xD9E0,0xE220,0xD9C0,0xD1A0,0xD9E0,0xD9C0,0xD160,
    0xC900,0xC0E0,0xD9E0,0xEA80,0xE240,0xD1A0,0xC100,0xC900,0xC0E0,0xC940,0xC0E0,0xC0E0,
    0xC920,0xB8A0,0xB000,0xA000,0xA000,0xB880,0xB040,0x9800,0x9800,0xA000,0xA800,0xB8A0,
    0xC0C0,0xB880,0xB860,0xC0E0,0xE200,0xD9C0,0xD1A0,0xD160,0xC0C0,0xB880,0xD9C0,0xFC21,
    0xFC41,0xEA80,0xC0C0,0xB020,0xB060,0xC0A0,0xC100,0xE1E0,0xB8A0,0xA820,0xA000,0x9800,
    0xA000,0xA800,0x9000,0x9800,0xA000,0xD160,0xD180,0xC940,0xC0E0,0xA800,0xA800,0xA000,
    0xB020,0xA800,0xB040,0xB880,0xB060,0xB860,0xE220,0xEA80,0xB8A0,0xB060,0xC100,0xB880,
    0xA000,0xA000,0xA800,0xA800,0xA800,0xA000,0xA800,0xA800,0xB880,0xD180,0xEA60,0xD9E0,
    0xD1A0,0xD9C0,0xE200,0xEAA0,0xF300,0xD9E0,0xD9A0,0xC940,0xD160,0xC0C0,0xC0E0,0xF300,
    0xFC01,0xD9C0,0xA820,0xB040,0xB880,0xD9A0,0xD9C0,0xE220,0xD9E0,0xD1A0,0xEA80,0xC940,
    0xDA00,0xE240,0xC0E0,0xB8A0,0xB880,0xC0E0,0xC900,0xD180,0xD160,0xD180,0xEA60,0xC0E0,
    0xA000,0xB8A0,0xF2C0,0xC920,0xA000,0xB880,0xC920,0xC100,0xA800,0xB040,0xB040,0xB020,
    0xC900,0xD180,0xC920,0xB880,0xB8A0,0xB880,0xB880,0xB860,0xB020,0xB8A0,0xC0E0,0xD9E0,
    0xFC23,0xFCA5,0xFBA0,0xFC41,0xF2E0,0xD9C0,0xC920,0xE240,0xF381,0xE240,0xFB00,0xEAA0,
    0xE220,0xD1A0,0xD1A0,0xEA80,0xEA80,0xEA80,0xF2A0,0xE220,0xC100,0xC920,0xD160,0xEA60,
    0xFB20,0xE200,0xC900,0xD160,0xD9C0,0xC0C0,0xC920,0xC0E0,0xC0E0,0xC940,0xB880,0xC0E0,
    0xC920,0xC920,0xB8A0,0xC940,0xD180,0xC0A0,0xD9E0,0xD1A0,0xC0E0,0xC0E0,0xD9E0,0xD180,
    0xD1A0,0xD180,0xC920,0xB880,0xC900,0xD180,0xDA00,0xC0E0,0xB060,0xD9E0,0xD1A0,0xD160,
    0xC940,0xE220,0xF2C0,0xC920,0xB860,0xC920,0xD9C0,0xC940,0xC0C0,0xE220,0xFB40,0xEAA0,
    0xD1A0,0xE220,0xD9C0,0xC920,0xD160,0xE220,0xC0C0,0xB040,0xC0E0,0xC900,0xB860,0xB040,
    0xB020,0xC920,0xC940,0xC940,0xD160,0xC920,0xB860,0xB040,0xB020,0xC940,0xFB40,0xF2E0,
    0xC100,0xB880,0xB8A0,0xB040,0xC900,0xC900,0xC920,0xD1A0,0xC920,0xC0E0,0xD1A0,0xE200,
    0xC0C0,0xB040,0xA800,0xB040,0xA000,0xB060,0xC0E0,0xB8A0,0xA800,0xD160,0xD9C0,0xC940,
    0xC920,0xE200,0xD9C0,0xD180,0xE220,0xC0E0,0xB040,0xC0E0,0xA000,0xB8A0,0xD160,0xC900,
    0xC960,0xC0E0,0xB020,0xB840,0xB040,0xB020,0xD180,0xFBA0,0xC940,0xB040,0xD160,0xB880,
    0xB860,0xE240,0xFB00,0xE220,0xD9C0,0xDA00,0xE240,0xE240,0xE240,0xD160,0xC0E0,0xD1A0,
    0xD9C0,0xC940,0xD9C0,0xD180,0xB8C0,0xC900,0xD9E0,0xE200,0xD180,0xC920,0xD180,0xD1A0,
    0xE240,0xE220,0xD9A0,0xC920,0xC0C0,0xB8A0,0xD160,0xE220,0xE240,0xDA00,0xD160,0xD160,
    0xD1A0,0xE200,0xEA80,0xF2C0,0xFB40,0xEA80,0xD180,0xFB00,0xFB80,0xFBA0,0xFBE0,0xF2E0,
    0xD9E0,0xE200,0xEA60,0xD9E0,0xE200,0xF2E0,0xF2C0,0xE220,0xD9C0,0xD180,0xC940,0xD1A0,
    0xC920,0xB8A0,0xC0E0,0xC0A0,0xB040,0xB060,0xC920,0xD1A0,0xE200,0xC920,0xC920,0xD1A0,
    0xD9E0,0xD9C0,0xC0E0,0xC900,0xD180,0xDA00,0xE220,0xE200,0xE260,0xD160,0xC100,0xD1A0,
    0xDA00,0xD180,0xB880,0xC920,0xB880,0xB8A0,0xB040,0xB040,0xB860,0xB040,0xB040,0xA800,
    0xA800,0xC0E0,0xC0C0,0xB040,0xB880,0xC100,0xC920,0xB040,0xA800,0xB860,0xD160,0xE220,
    0xEA60,0xD9C0,0xC900,0xD9A0,0xEA60,0xD160,0xD9A0,0xE220,0xC940,0xB040,0xB040,0xB020,
    0xB020,0xB020,0xC900,0xE200,0xEA80,0xFB20,0xFB20,0xE200,0xE220,0xC920,0xC0C0,0xC0E0,
    0xB880,0xB860,0xB020,0xB020,0xC920,0xA800,0xB040,0xC900,0xD9E0,0xE220,0xF2A0,0xF2A0,
    0xD1A0,0xD9C0,0xF2C0,0xFB60,0xFB80,0xFBE0,0xFC41,0xFBA0,0xEA60,0xD180,0xD1A0,0xC920,
    0xC940,0xD9E0,0xC940,0xD160,0xC940,0xC940,0xC940,0xD9C0,0xEAA0,0xFBA0,0xF2C0,0xD160,
    0xC940,0xD160,0xF320,0xFC41,0xFB60,0xFBE0,0xFBC0,0xFBA0,0xF2E0,0xE240,0xE220,0xEA40,
    0xFB00,0xEA80,0xC940,0xC0C0,0xD160,0xD9E0,0xE220,0xD9E0,0xD1A0,0xC900,0xC900,0xE220,
    0xE240,0xD9E0,0xDA00,0xE220,0xD9C0,0xD140,0xC0C0,0xB040,0xC900,0xD9C0,0xC920,0xD9C0,
    0xC100,0xC920,0xC0E0,0xB880,0xB8A0,0xC900,0xD9A0,0xF341,0xFD05,0xF340,0xD9E0,0xD1A0,
    0xD9A0,0xD9C0,0xD9A0,0xD160,0xC100,0xD9C0,0xEA60,0xF2E0,0xF2E0,0xD9E0,0xE220,0xF300,
    0xF2A0,0xD9C0,0xC940,0xD1A0,0xD160,0xD160,0xC920,0xB880,0xC0A0,0xB880,0xA000,0x9800,
    0xA840,0xC900,0xB8A0,0xA800,0x9800,0x9800,0x9800,0xB040,0xB860,0xB860,0xD160,0xD180,
    0xE220,0xD1A0,0xD180,0xD9C0,0xD9C0,0xC920,0xD9A0,0xFB60,0xFC41,0xF2E0,0xD140,0xA820,
    0xC100,0xC920,0xC900,0xC900,0xB880,0xB860,0xB020,0xA800,0xA000,0xC100,0xB060,0x9000,
    0x9800,0xC0C0,0xE200,0xEA80,0xD9A0,0xB060,0xA000,0x9000,0x9800,0xA820,0xB880,0xA820,
    0xA000,0xB040,0xC920,0xD180,0xD180,0xC100,0xC0C0,0xB880,0xA800,0xA800,0xA800,0xA000,
    0xA000,0xA800,0xA820,0xB080,0xD9C0,0xE200,0xD9E0,0xD1A0,0xD9C0,0xF2C0,0xFB00,0xFB20,
    0xF2C0,0xE220,0xE240,0xEA60,0xE220,0xD180,0xD9A0,0xD180,0xD1A0,0xB880,0xB040,0xA800,
    0xB880,0xD1A0,0xD9C0,0xD9C0,0xD9C0,0xD9E0,0xD9E0,0xD160,0xE220,0xD9C0,0xB880,0xC100,
    0xD160,0xD180,0xD1A0,0xE220,0xE200,0xE240,0xD9C0,0xC920,0xB040,0xC920,0xEA80,0xA800,
    0xB060,0xC0E0,0xB040,0xC920,0xD9C0,0xC0E0,0xB040,0xA000,0xC0E0,0xE240,0xD1A0,0xC0E0,
    0xC0C0,0xC920,0xE240,0xC940,0xB880,0xB8A0,0xC940,0xE220,0xFB60,0xFB80,0xFC42,0xFC03,
    0xE220,0xF3C3,0xF362,0xD9A0,0xF300,0xF2E0,0xFB80,0xEA80,0xD1A0,0xD160,0xD9A0,0xF2E0,
    0xEA80,0xF2E0,0xF2C0,0xE240,0xD180,0xD180,0xD160,0xE220,0xFB00,0xF2C0,0xD9E0,0xD1A0,
    0xC940,0xC0E0,0xC900,0xC0E0,0xC0E0,0xC940,0xC0E0,0xD160,0xC100,0xC0C0,0xC0C0,0xC0C0,
    0xD180,0xC900,0xC940,0xD1A0,0xC0C0,0xB880,0xC940,0xD9E0,0xC100,0xC900,0xC940,0xC0C0,
    0xC940,0xC960,0xC940,0xB860,0xC960,0xD9E0,0xC940,0xD180,0xC940,0xE240,0xD1A0,0xB880,
    0xB040,0xC920,0xD180,0xC940,0xC940,0xD160,0xE220,0xD9E0,0xC940,0xEA60,0xE220,0xC920,
    0xB8A0,0xD9C0,0xD160,0xB880,0xB8A0,0xC0E0,0xD160,0xD180,0xD160,0xC920,0xB040,0xB060,
    0xB020,0xC0A0,0xB860,0xB020,0xB880,0xC0C0,0xD180,0xEA60,0xD1A0,0xB880,0xB8A0,0xC0E0,
    0xC940,0xD160,0xC900,0xC0E0,0xD9E0,0xC0C0,0xC0E0,0xD180,0xC920,0xD180,0xB880,0xB040,
    0xA800,0x9800,0xC940,0xD180,0xB040,0xB880,0xC920,0xC920,0xD9C0,0xEA60,0xD140,0xC920,
    0xE220,0xD160,0xC0C0,0xC0E0,0xA800,0xC0A0,0xD160,0xD160,0xC0C0,0xC0C0,0xB040,0xB040,
    0xC940,0xC940,0xD9E0,0xFC22,0xD1A0,0xB040,0xC900,0xB8A0,0xB860,0xE220,0xFB00,0xE220,
    0xDA00,0xE220,0xD9C0,0xD1A0,0xD9E0,0xC920,0xC0E0,0xB860,0xC0C0,0xC920,0xE200,0xD9C0,
    0xC0E0,0xC940,0xE220,0xEA40,0xD160,0xC920,0xD9C0,0xE220,0xF300,0xF320,0xE200,0xC940,
    0xC0C0,0xB860,0xC920,0xD9E0,0xEA40,0xD1A0,0xD180,0xDA00,0xE220,0xD9E0,0xEAA0,0xF2C0,
    0xEA60,0xE240,0xEAE0,0xEAA0,0xFB20,0xFB20,0xFB60,0xFB20,0xF2C0,0xF2E0,0xF2A0,0xDA00,
    0xEA60,0xFB00,0xF2C0,0xEA60,0xE200,0xD180,0xC920,0xD180,0xC920,0xD160,0xD160,0xC0A0,
    0xB8A0,0xC0E0,0xC0E0,0xC0E0,0xC940,0xD180,0xD1A0,0xD1A0,0xD1A0,0xD9E0,0xD9E0,0xD9C0,
    0xD1A0,0xD9C0,0xD1A0,0xD9E0,0xE220,0xD140,0xB880,0xC0C0,0xD160,0xD1A0,0xD180,0xC920,
    0xB880,0xA800,0xB020,0xB040,0xB020,0xA800,0xA800,0xA000,0xA800,0xB880,0xB040,0xB040,
    0xB8A0,0xC0C0,0xC920,0xB860,0xA000,0xB880,0xB8A0,0xD9E0,0xF2C0,0xE200,0xC0C0,0xD9E0,
    0xE220,0xC0C0,0xD160,0xDA00,0xD160,0xB860,0xB880,0xC0E0,0xB8A0,0xB040,0xC900,0xEAA0,
    0xEA80,0xE260,0xE240,0xC100,0xC100,0xC0A0,0xB860,0xC0E0,0xC0E0,0xC920,0xC0E0,0xC940,
    0xC920,0xB860,0xB8A0,0xC0E0,0xD1A0,0xD9C0,0xE200,0xE240,0xD160,0xC0E0,0xE220,0xEA60,
    0xE240,0xEA80,0xEA60,0xEA80,0xD9A0,0xD1A0,0xE220,0xD9C0,0xD9C0,0xE220,0xD9E0,0xD9C0,
    0xD180,0xD180,0xD180,0xF2C0,0xFC62,0xFCC5,0xE280,0xD180,0xD180,0xEAC0,0xFC21,0xFBC0,
    0xFB00,0xFB60,0xF2E0,0xFB40,0xFB20,0xDA00,0xD9C0,0xEA60,0xF2E0,0xFB00,0xE240,0xD1A0,
    0xD160,0xD9A0,0xE220,0xE200,0xD9E0,0xC920,0xD160,0xEAA0,0xF2C0,0xEA60,0xD180,0xD160,
    0xD9C0,0xD9A0,0xD1A0,0xC920,0xC940,0xD9C0,0xEA80,0xF2C0,0xC940,0xC0C0,0xB040,0xA820,
    0xB060,0xB020,0xC0E0,0xEA40,0xEA40,0xD9A0,0xC920,0xC0E0,0xC940,0xD1A0,0xC920,0xC0A0,
    0xC900,0xC960,0xD9C0,0xEA80,0xF2E0,0xEA80,0xF2A0,0xF2C0,0xE240,0xD1A0,0xD180,0xE200,
    0xD180,0xC920,0xC940,0xC0C0,0xB020,0xA800,0x9800,0x8800,0xA000,0xC0C0,0xC920,0xB880,
    0xA000,0x9800,0xA000,0xB040,0xB060,0xB880,0xD160,0xD9C0,0xD9A0,0xC940,0xC920,0xD160,
    0xD9C0,0xC920,0xC920,0xEA80,0xF2E0,0xE240,0xC100,0xB060,0xC100,0xC100,0xC0E0,0xB040,
    0xB860,0xB880,0xA000,0xA000,0x9800,0xA000,0x9800,0x9800,0xA800,0xB860,0xD980,0xC0E0,
    0xA020,0x9000,0x9800,0xA820,0xA020,0xA020,0xA820,0xA800,0xA800,0xA800,0xA820,0xB880,
    0xB8A0,0xB880,0xB040,0xA000,0xA000,0xA000,0x9800,0xA820,0xB040,0xC920,0xC920,0xD160,
    0xD9C0,0xE220,0xDA00,0xC940,0xC920,0xD140,0xD9E0,0xEA60,0xE240,0xC920,0xC900,0xD1A0,
    0xD180,0xD1A0,0xC940,0xC920,0xB8A0,0xB880,0xA800,0xA800,0xB880,0xD160,0xD9E0,0xD160,
    0xD9A0,0xD1A0,0xD9A0,0xD160,0xC100,0xC0E0,0xC920,0xC940,0xD1A0,0xD180,0xD1A0,0xD180,
    0xC920,0xC940,0xC0C0,0xC920,0xD9E0,0xEAA0,0xE200,0xB060,0xC900,0xFB20,0xE220,0xD9C0,
    0xE240,0xC900,0xA820,0xA840,0xC0C0,0xD160,0xD9E0,0xC920,0xC0C0,0xD9E0,0xFBA0,0xEA60,
    0xE220,0xD9C0,0xEAA0,0xFBA0,0xFB40,0xFC20,0xFBE1,0xE240,0xEA40,0xFC63,0xFCC6,0xFB40,
    0xFB60,0xFBA0,0xFB20,0xD9E0,0xC940,0xC920,0xD9E0,0xD9E0,0xD9C0,0xE220,0xEA60,0xEA80,
    0xE200,0xC0E0,0xB880,0xD9C0,0xD9E0,0xD9C0,0xE200,0xD180,0xD180,0xC920,0xC900,0xC0C0,
    0xB880,0xD160,0xC920,0xD160,0xD160,0xB8A0,0xB8A0,0xB860,0xD1A0,0xC940,0xC960,0xEA60,
    0xD9A0,0xC0E0,0xD1A0,0xE240,0xC920,0xB880,0xB8A0,0xB040,0xB860,0xB040,0xB040,0xC0C0,
    0xC920,0xE240,0xF2E0,0xF2C0,0xE220,0xD9C0,0xB8A0,0xB8A0,0xB880,0xC100,0xC900,0xC900,
    0xC920,0xD180,0xEA80,0xE220,0xC0C0,0xD180,0xD180,0xC0E0,0xB040,0xC100,0xD180,0xC0C0,
    0xC0C0,0xD180,0xF2C0,0xFB80,0xF2C0,0xC0C0,0xB880,0xB880,0xC0E0,0xC0E0,0xB860,0xB8A0,
    0xC940,0xB8A0,0xB8A0,0xD1A0,0xE220,0xC0E0,0xB880,0xC920,0xC940,0xD180,0xC920,0xD180,
    0xD180,0xC0E0,0xB020,0xD180,0xD9C0,0xD180,0xD1A0,0xB8A0,0xA000,0xB020,0xB060,0xC0C0,
    0xA800,0xA800,0xB040,0xC920,0xEA80,0xE1E0,0xC0E0,0xC960,0xC900,0xC0C0,0xB040,0xB040,
    0xB060,0xC0C0,0xC940,0xD140,0xC940,0xB860,0xA000,0xA820,0xD9C0,0xE220,0xD1A0,0xE200,
    0xD9A0,0xA800,0xB8C0,0xD160,0xB8A0,0xD9E0,0xEAA0,0xE240,0xE240,0xEA60,0xD9A0,0xC920,
    0xC920,0xC0E0,0xC100,0xB040,0xC920,0xE200,0xEA80,0xD9E0,0xD180,0xE200,0xE240,0xE240,
    0xE240,0xE220,0xDA00,0xE220,0xF2C0,0xFBA0,0xEA80,0xD180,0xD160,0xB8A0,0xB860,0xC940,
    0xD9E0,0xD9E0,0xDA00,0xE240,0xE240,0xEA60,0xE240,0xD9E0,0xC0E0,0xD180,0xFBC0,0xEA60,
    0xD9E0,0xEA80,0xEA80,0xE240,0xEA60,0xF2C0,0xF2E0,0xEA80,0xD9E0,0xE240,0xE220,0xD9E0,
    0xE200,0xD9E0,0xC940,0xC900,0xD180,0xD9E0,0xC940,0xB8A0,0xC0C0,0xC920,0xD160,0xD9A0,
    0xD180,0xE200,0xE220,0xD1A0,0xD180,0xE220,0xE220,0xE200,0xE220,0xD9C0,0xD9C0,0xE240,
    0xE240,0xD9C0,0xC0E0,0xC920,0xD9C0,0xD160,0xC900,0xD160,0xC940,0xC0A0,0xC0E0,0xC0E0,
    0xB8A0,0xB860,0xB020,0xA000,0xA000,0xA800,0xB020,0xB040,0xB020,0xB020,0xB860,0xA800,
    0xA000,0xB040,0xB020,0xC900,0xD9E0,0xD9E0,0xB8A0,0xD180,0xD9C0,0xC920,0xD9A0,0xE220,
    0xE220,0xF300,0xF300,0xEA60,0xC920,0xC0A0,0xC100,0xD1A0,0xD9C0,0xD180,0xC0E0,0xC920,
    0xD160,0xB860,0xB040,0xB880,0xD160,0xD9C0,0xD9C0,0xE200,0xC0C0,0xB020,0xB8A0,0xB020,
    0xC0E0,0xD160,0xD9C0,0xD9C0,0xD9A0,0xC0C0,0xD180,0xD9C0,0xC940,0xD180,0xD160,0xD180,
    0xD180,0xD160,0xE240,0xF2A0,0xD9C0,0xE240,0xD9E0,0xE220,0xE240,0xEAA0,0xEAE0,0xFBC1,
    0xFC83,0xF320,0xD160,0xD1A0,0xD9C0,0xFB40,0xFC00,0xFBE0,0xFBE1,0xFB40,0xEA80,0xFB20,
    0xF300,0xE220,0xEA80,0xF2E0,0xF2E0,0xEA60,0xE200,0xE240,0xD9C0,0xE220,0xE220,0xE200,
    0xD160,0xC0E0,0xDA00,0xF300,0xEA60,0xEA60,0xD9A0,0xC900,0xC900,0xD9C0,0xE220,0xD160,
    0xC940,0xE200,0xF2E0,0xF2C0,0xEAA0,0xD9A0,0xB880,0xB880,0xC0E0,0xC100,0xC100,0xD9E0,
    0xE220,0xD1A0,0xD160,0xC0E0,0xC0E0,0xD160,0xB8A0,0xC920,0xD1A0,0xD180,0xD1A0,0xD180,
    0xD160,0xE220,0xEA60,0xE240,0xD180,0xC920,0xC940,0xD160,0xC920,0xC0C0,0xD180,0xC0E0,
    0xA820,0xA800,0x9800,0x9800,0xB000,0xB040,0xC100,0xC920,0xA000,0x9800,0xA000,0xB880,
    0xC0E0,0xD140,0xC920,0xC0E0,0xB880,0xC0C0,0xC960,0xC920,0xC0C0,0xC0C0,0xC900,0xD1A0,
    0xD180,0xC100,0xB040,0xC0E0,0xC940,0xC920,0xC0E0,0xB020,0xB020,0xB040,0xB040,0xA820,
    0xA000,0x9800,0xA000,0xB020,0xB040,0xA800,0xA000,0x9000,0x8800,0x9800,0xA820,0xB860,
    0xA820,0x9800,0xA000,0xA800,0xB000,0xA820,0xB020,0xA820,0xB040,0xA820,0xA000,0xA820,
    0xA000,0xA000,0xB060,0xC920,0xC920,0xD180,0xE200,0xD9A0,0xC0C0,0xD180,0xEA80,0xD9E0,
    0xC0A0,0xC0C0,0xD160,0xD160,0xE200,0xC0E0,0xA000,0xA800,0xD180,0xE200,0xD9C0,0xD180,
    0xA820,0xB040,0xA820,0x9800,0xA820,0xC900,0xD180,0xD180,0xD160,0xD9C0,0xDA00,0xC900,
    0xA820,0xB080,0xE200,0xD9E0,0xD160,0xD160,0xC0E0,0xB040,0xB8A0,0xC0C0,0xB880,0xB060,
    0xD160,0xF2C0,0xEA60,0xC900,0xC0C0,0xEA60,0xE200,0xB860,0xB020,0xA000,0xC0C0,0xD160,
    0xC920,0xC940,0xD160,0xC0C0,0xD180,0xF300,0xEAC0,0xD9E0,0xFB60,0xE200,0xD160,0xD9E0,
    0xEA60,0xEAA0,0xEA60,0xD9C0,0xEA80,0xFC84,0xFCA5,0xFB60,0xF300,0xEA80,0xD9E0,0xC920,
    0xC920,0xD9E0,0xEA60,0xD180,0xD180,0xE220,0xD9E0,0xEA80,0xF2A0,0xD160,0xB8A0,0xB880,
    0xC940,0xF2E0,0xFB00,0xE200,0xD1A0,0xDA00,0xE240,0xC900,0xC100,0xD9E0,0xD160,0xD1A0,
    0xD1A0,0xC940,0xC0C0,0xC0C0,0xD9C0,0xC940,0xDA00,0xF2E0,0xF2E0,0xD9C0,0xD140,0xEA40,
    0xD9E0,0xD160,0xC960,0xC0C0,0xC900,0xC100,0xB040,0xB020,0xC940,0xE220,0xF2E0,0xFB00,
    0xD9E0,0xD160,0xC920,0xC920,0xC100,0xC920,0xC900,0xC960,0xC940,0xE200,0xF2C0,0xE240,
    0xD160,0xD1A0,0xD160,0xC0C0,0xB840,0xB020,0xB880,0xC0E0,0xD160,0xE220,0xFBC0,0xFC21,
    0xD9E0,0xB8A0,0xC900,0xB880,0xD9C0,0xC900,0xB880,0xC0C0,0xC100,0xC0C0,0xB880,0xD160,
    0xEAA0,0xC0C0,0xC0C0,0xB8A0,0xC0E0,0xC940,0xC0C0,0xB880,0xB8A0,0xDA00,0xD9C0,0xD1A0,
    0xD1A0,0xC900,0xC0C0,0xC940,0xB880,0xA000,0x9800,0xA000,0xA000,0xA000,0xB860,0xC920,
    0xD180,0xC0E0,0xB000,0xB020,0xB000,0xA800,0xA800,0xC0E0,0xE200,0xC0C0,0xB040,0xB8A0,
    0xC100,0xC0C0,0x9800,0x9800,0xC940,0xD160,0xD9A0,0xE200,0xC0E0,0xB8A0,0xB8A0,0xDA00,
    0xDA00,0xE220,0xE220,0xE240,0xEA80,0xEA60,0xE220,0xD180,0xD9A0,0xD160,0xC0E0,0xD160,
    0xD9E0,0xD1A0,0xE220,0xDA00,0xEA60,0xE260,0xD9E0,0xD9E0,0xE240,0xE240,0xD9E0,0xE220,
    0xD1A0,0xD160,0xD1A0,0xD160,0xD160,0xB880,0xB060,0xD180,0xD9C0,0xD9C0,0xD9E0,0xD160,
    0xC940,0xEAA0,0xEAA0,0xC0C0,0xB040,0xC0C0,0xE240,0xE220,0xDA00,0xD1A0,0xD9C0,0xD9C0,
    0xE240,0xE240,0xEA80,0xEAA0,0xE220,0xD9C0,0xD9A0,0xC900,0xC0C0,0xC900,0xD180,0xD9C0,
    0xD9C0,0xD1A0,0xC900,0xC0E0,0xD1A0,0xDA00,0xDA00,0xEA40,0xEA60,0xEA80,0xEA60,0xE240,
    0xEA60,0xEA80,0xEA60,0xE200,0xC940,0xD160,0xD1A0,0xE200,0xD9E0,0xD160,0xD180,0xD9C0,
    0xD9E0,0xD9C0,0xC0E0,0xC920,0xC940,0xD160,0xD1A0,0xD9C0,0xF2A0,0xC940,0xB860,0xA800,
    0xA800,0xB040,0xB8A0,0xB040,0xA800,0xA000,0xA800,0xB060,0xC900,0xC0E0,0xB880,0xC0A0,
    0xC0E0,0xD180,0xC0E0,0xC920,0xD180,0xEA60,0xEA60,0xFB00,0xF2C0,0xFB20,0xF300,0xD1A0,
    0xC920,0xC940,0xC920,0xC940,0xC940,0xC0E0,0xB020,0xC100,0xC0E0,0xB040,0xA840,0xA820,
    0xD180,0xD1A0,0xD1A0,0xD180,0xC0C0,0xB020,0xA800,0xA800,0xB880,0xD9A0,0xD160,0xD140,
    0xD9E0,0xC100,0xD160,0xD9E0,0xD9E0,0xD160,0xC920,0xC940,0xDA00,0xF2C0,0xEA60,0xEA40,
    0xC920,0xD180,0xEA60,0xEA40,0xFB20,0xFBE0,0xFC62,0xFCC4,0xFB80,0xEA40,0xF300,0xF300,
    0xD1A0,0xE220,0xFB40,0xFC41,0xFC61,0xFBA0,0xF2C0,0xF2A0,0xFB60,0xFB60,0xEA60,0xEA60,
    0xEA80,0xE200,0xC940,0xC920,0xD160,0xE220,0xF2A0,0xEA80,0xD180,0xA800,0xC0E0,0xD9C0,
    0xD9C0,0xE240,0xD9C0,0xC0E0,0xC0C0,0xC920,0xD180,0xD9C0,0xD9E0,0xE260,0xEA60,0xE240,
    0xF2A0,0xD160,0xB000,0xB8A0,0xD160,0xC960,0xC100,0xC940,0xD1A0,0xC940,0xD160,0xC920,
    0xC0A0,0xD160,0xC920,0xB8A0,0xD180,0xE220,0xE240,0xD1A0,0xC0E0,0xC900,0xE240,0xE240,
    0xC920,0xC0E0,0xC900,0xC900,0xC0E0,0xB8A0,0xC900,0xB8A0,0xB860,0xD180,0xB0A0,0x9800,
    0xA000,0xA000,0xB040,0xB8A0,0xA000,0x9800,0xA800,0xB040,0xB880,0xB040,0xB880,0xB020,
    0xB8A0,0xD9A0,0xD180,0xB880,0xB000,0xB020,0xB8A0,0xD140,0xD180,0xD180,0xE220,0xFB40,
    0xEAA0,0xC940,0xC0C0,0xB880,0xA800,0xA800,0xB8A0,0xC0E0,0xC0A0,0xB020,0xA800,0xB040,
    0xA800,0xA000,0x9000,0x9000,0xA000,0xB020,0xC0C0,0xB040,0xA000,0xA800,0xA800,0xA000,
    0x9800,0xA000,0x9800,0xA000,0xA820,0x9000,0x9800,0xA800,0xA000,0xA800,0xD160,0xDA00,
    0xC940,0xC0E0,0xD1A0,0xC0E0,0xB040,0xD180,0xEA80,0xD9C0,0xC0A0,0xD160,0xC940,0xC0E0,
    0xE220,0xD160,0xA000,0xB040,0xD9E0,0xE240,0xE220,0xD9E0,0xC0E0,0xD180,0xB8A0,0x9000,
    0xB020,0xB880,0xC940,0xD180,0xD160,0xC900,0xC920,0xA820,0x9800,0xC0E0,0xD160,0xD140,
    0xC0C0,0xC0E0,0xB020,0xB040,0xC940,0xC940,0xB880,0xD180,0xE200,0xD9C0,0xD9E0,0xB880,
    0xC960,0xEAE0,0xD9C0,0xA000,0xA000,0xA820,0xB8A0,0xC940,0xC900,0xB880,0xA000,0xB060,
    0xF2C0,0xE240,0xB040,0xC0C0,0xD9A0,0xD1A0,0xC900,0xC0C0,0xC900,0xD140,0xC920,0xD160,
    0xF2A0,0xFBC1,0xFC01,0xF2C0,0xE240,0xD9E0,0xD9C0,0xD1A0,0xD180,0xEA80,0xFB40,0xE200,
    0xC0E0,0xC900,0xD1A0,0xD9E0,0xD9E0,0xD9C0,0xE200,0xC920,0xD9E0,0xF2C0,0xEA60,0xE220,
    0xE220,0xEA80,0xEAA0,0xC0E0,0xC0C0,0xC920,0xC900,0xD160,0xE220,0xE240,0xC940,0xE240,
    0xD9A0,0xC0E0,0xD1A0,0xFB00,0xF2C0,0xC920,0xC0C0,0xE200,0xEA80,0xDA00,0xD9A0,0xD9E0,
    0xE240,0xC920,0xB040,0xC0C0,0xDA00,0xD160,0xD180,0xD160,0xC920,0xC920,0xC920,0xC900,
    0xD160,0xC940,0xD1A0,0xD180,0xD1A0,0xE220,0xD180,0xD160,0xD160,0xD180,0xD180,0xC0E0,
    0xB040,0xB860,0xC0A0,0xD180,0xEA80,0xEA60,0xF2E0,0xE220,0xC0E0,0xC0C0,0xD9C0,0xB8A0,
    0xD9A0,0xD9E0,0xB040,0xB020,0xC900,0xD160,0xC0E0,0xD140,0xD9C0,0xD180,0xD180,0xC920,
    0xC0C0,0xD180,0xC920,0xB880,0xD140,0xEA60,0xE200,0xC940,0xD160,0xC100,0xA000,0xC0C0,
    0xC900,0xB880,0x9000,0x9800,0xA800,0xA800,0xB060,0xB880,0xA800,0xA800,0xA800,0xA800,
    0xA800,0xA800,0xA800,0xB020,0xC940,0xE220,0xB020,0xA000,0xD1A0,0xE220,0x9800,0xA000,
    0xD160,0xC100,0xC900,0xD160,0xB8A0,0xC0C0,0xD160,0xEAA0,0xEA80,0xEA60,0xD9C0,0xD9C0,
    0xDA00,0xEA60,0xEA60,0xE220,0xD9C0,0xD140,0xD180,0xE220,0xD9E0,0xD180,0xD1A0,0xD180,
    0xE200,0xEA80,0xE220,0xD1A0,0xD9C0,0xD160,0xE200,0xE240,0xD9E0,0xC0E0,0xD1A0,0xD9E0,
    0xD180,0xC0C0,0xB880,0xD180,0xD180,0xD160,0xD180,0xC0C0,0xC0C0,0xDA00,0xF2C0,0xD160,
    0xB000,0xA800,0xB8A0,0xDA00,0xEA60,0xDA00,0xD160,0xD9E0,0xEA60,0xE240,0xE240,0xE240,
    0xE200,0xD180,0xC0C0,0xC0A0,0xB880,0xB880,0xD180,0xE240,0xD160,0xD160,0xD160,0xD160,
    0xD9E0,0xEA60,0xE240,0xE240,0xE260,0xEA60,0xEA60,0xE240,0xEA80,0xE220,0xD9C0,0xD1A0,
    0xD160,0xD9C0,0xE200,0xD1A0,0xD160,0xC920,0xC940,0xC940,0xC920,0xC0C0,0xC0A0,0xC0C0,
    0xD160,0xD180,0xD140,0xD9A0,0xEA60,0xC920,0xC0E0,0xC0A0,0xC0E0,0xC940,0xC940,0xC0E0,
    0xB040,0xA000,0xB020,0xD180,0xEA80,0xD160,0xC0C0,0xC920,0xC100,0xC0C0,0xC0E0,0xB860,
    0xD160,0xD9E0,0xE200,0xFB00,0xD9E0,0xD160,0xD1A0,0xC0C0,0xC940,0xD9A0,0xC900,0xC0C0,
    0xC0C0,0xB060,0xB040,0xB040,0xC0E0,0xD1A0,0xB8C0,0xA820,0xB040,0xC0A0,0xB880,0xC0C0,
    0xD9C0,0xC940,0xA000,0xA820,0xC900,0xD9E0,0xC940,0xC900,0xC900,0xC0C0,0xC0E0,0xE220,
    0xFB20,0xF2E0,0xEA80,0xD9E0,0xE200,0xEAA0,0xD9C0,0xD9A0,0xD160,0xD160,0xEAA0,0xFB80,
    0xFB60,0xF320,0xEAA0,0xFB20,0xFB40,0xFB60,0xFC00,0xFBC0,0xE220,0xC940,0xEA80,0xF300,
    0xF300,0xF2C0,0xE200,0xEA80,0xFB20,0xF2E0,0xE220,0xD9C0,0xD9C0,0xD9E0,0xC940,0xB880,
    0xD160,0xE200,0xF2E0,0xF2C0,0xD9C0,0xA820,0xA800,0xD160,0xE220,0xE240,0xDA00,0xC900,
    0xB060,0xB040,0xC0E0,0xD1A0,0xD9E0,0xD180,0xC940,0xD1A0,0xD180,0xC0C0,0xB880,0xB880,
    0xC0A0,0xC0E0,0xC940,0xC920,0xC0E0,0xC900,0xC920,0xC0A0,0xB8A0,0xD140,0xDA00,0xD180,
    0xD180,0xE240,0xE220,0xD9E0,0xD180,0xC100,0xD180,0xD9C0,0xC0E0,0xC0A0,0xC0A0,0xB880,
    0xB860,0xC0C0,0xC0C0,0xB060,0xC0C0,0xD9A0,0xB8A0,0x8800,0x9000,0xB040,0xC940,0xC900,
    0xA820,0xA000,0xA000,0xB020,0xC0C0,0xB8A0,0xB020,0xB8A0,0xE220,0xE220,0xD140,0xC0C0,
    0xB060,0xA800,0xC0C0,0xD180,0xD180,0xD9C0,0xD9A0,0xFBA0,0xFB80,0xC0C0,0xC0C0,0xC0E0,
    0xA820,0xB040,0xB880,0xC0E0,0xB8A0,0xA800,0xA000,0xA000,0xA000,0xA000,0x9800,0x9800,
    0xA820,0xB8A0,0xB880,0xB020,0xB880,0xB000,0xA000,0x9800,0xA000,0xA820,0xB040,0xA000,
    0x9800,0x9800,0xA000,0xA800,0xA820,0xB020,0xC0E0,0xC940,0xE200,0xE200,0xB8A0,0xB860,
    0xB8A0,0xD160,0xD1A0,0xD140,0xC0E0,0xB8A0,0xC0A0,0xC0C0,0xC920,0xB860,0xB880,0xB880,
    0xEA60,0xD9A0,0xD9C0,0xF2A0,0xD180,0xC0C0,0xB8A0,0xA000,0xA000,0xB8A0,0xC0E0,0xD160,
    0xD9E0,0xC940,0xB880,0xA000,0xA800,0xB020,0xA800,0xA000,0xB880,0xC0E0,0xC0C0,0xB060,
    0xB8A0,0xD140,0xD1A0,0xC940,0xC100,0xC920,0xE220,0xD160,0xE200,0xF2E0,0xD180,0xA820,
    0x9800,0xA820,0xA820,0xD9C0,0xEA60,0xB080,0xA820,0xA000,0xC940,0xD180,0xC0C0,0xC900,
    0xB8A0,0xB060,0xC0A0,0xC900,0xD1A0,0xEA80,0xC920,0xC940,0xD9E0,0xD9E0,0xEA60,0xE200,
    0xD160,0xD1A0,0xE200,0xF2C0,0xEA80,0xE200,0xE220,0xE200,0xD180,0xD9C0,0xEA40,0xF2C0,
    0xFB20,0xF2A0,0xF2A0,0xE220,0xE200,0xD9E0,0xD180,0xD1A0,0xE200,0xE220,0xD9C0,0xD160,
    0xC0C0,0xA800,0xB8A0,0xD160,0xD9E0,0xDA00,0xC0E0,0xD180,0xD180,0xC940,0xD9C0,0xE200,
    0xD9C0,0xC0E0,0xB860,0xC0E0,0xDA00,0xD9A0,0xD9E0,0xD9C0,0xD160,0xC0C0,0xC920,0xE240,
    0xD9E0,0xD1A0,0xC100,0xC940,0xD160,0xD9E0,0xD9C0,0xD160,0xD180,0xD9C0,0xD1A0,0xC940,
    0xE220,0xF2C0,0xE220,0xD180,0xD9C0,0xD9E0,0xD9C0,0xC920,0xC0C0,0xB040,0xB880,0xC100,
    0xE200,0xE220,0xD1A0,0xC920,0xC8E0,0xD9A0,0xF2E0,0xFB40,0xE220,0xD9C0,0xC0E0,0xA800,
    0xD180,0xD180,0xC0E0,0xD9A0,0xD180,0xD160,0xD9C0,0xE200,0xD180,0xDA00,0xE200,0xD9A0,
    0xD9E0,0xD1A0,0xC0C0,0xB020,0xB020,0xB040,0xA000,0xA800,0xB8A0,0xC900,0xA820,0xA000,
    0xA800,0xC0E0,0xB8A0,0xA800,0x9800,0xA820,0xB020,0xA800,0xA800,0xA000,0xA000,0xA800,
    0xC0A0,0xD180,0xA820,0xA000,0xEA60,0xFB00,0xB040,0xC100,0xC100,0xA820,0xC0C0,0xB060,
    0xB040,0xC0E0,0xE220,0xF2C0,0xDA00,0xE220,0xD180,0xD160,0xE260,0xEA60,0xEA60,0xD9C0,
    0xD9C0,0xD1C0,0xE200,0xE240,0xEA80,0xD9E0,0xD9A0,0xC100,0xB8A0,0xD9C0,0xEA60,0xD9C0,
    0xD180,0xC940,0xD9C0,0xE220,0xDA00,0xD9C0,0xD9E0,0xDA00,0xD1A0,0xD9C0,0xD160,0xD180,
    0xE200,0xD9E0,0xE200,0xE200,0xC940,0xDA00,0xF2C0,0xDA00,0xC920,0xB8A0,0xB860,0xD9C0,
    0xEA60,0xE220,0xD180,0xD9E0,0xEA80,0xF2C0,0xE220,0xC920,0xC0E0,0xC0E0,0xC0C0,0xC0A0,
    0xC920,0xC960,0xC920,0xD160,0xC940,0xC100,0xC940,0xD9E0,0xEA60,0xEA60,0xE220,0xDA00,
    0xD9E0,0xE240,0xE220,0xD9E0,0xDA00,0xD1A0,0xC920,0xD160,0xD9A0,0xD9E0,0xD180,0xC940,
    0xD180,0xC940,0xB8A0,0xB880,0xB860,0xA800,0xA800,0xB020,0xC0C0,0xB8A0,0xC0C0,0xB060,
    0xB860,0xC940,0xD180,0xD160,0xC940,0xC900,0xC0E0,0xC920,0xB040,0xA800,0xC0E0,0xE220,
    0xE240,0xD160,0xEA60,0xE220,0xC920,0xD160,0xD9E0,0xC940,0xB880,0xC0C0,0xD180,0xD180,
    0xC0E0,0xC920,0xD160,0xB040,0xC0C0,0xC940,0xC0C0,0xB880,0xB880,0xB860,0xC0C0,0xC0E0,
    0xC920,0xE220,0xD9C0,0xB020,0xB8A0,0xC0E0,0xC920,0xD9E0,0xD9E0,0xD160,0xB040,0xB040,
    0xC920,0xD160,0xC920,0xB8A0,0xB880,0xC0A0,0xB880,0xD160,0xF2E0,0xFBA0,0xEAA0,0xD1A0,
    0xD180,0xD1A0,0xC940,0xD160,0xC940,0xC960,0xE220,0xFBE0,0xFB40,0xEAA0,0xD9C0,0xEA60,
    0xFB40,0xF2E0,0xEA60,0xE240,0xD180,0xB8A0,0xC920,0xD9C0,0xE240,0xD9C0,0xD9E0,0xE240,
    0xEA60,0xD9E0,0xD1A0,0xD1A0,0xD180,0xD9C0,0xEA60,0xD180,0xD180,0xE220,0xEA60,0xE220,
    0xD140,0xC100,0xB060,0xC920,0xD180,0xD9E0,0xD9E0,0xD160,0xC900,0xC0A0,0xC940,0xD9E0,
    0xC920,0xC0C0,0xB040,0xB020,0xA800,0xA800,0xA000,0xA800,0xB860,0xB8A0,0xC900,0xC0E0,
    0xB8A0,0xD160,0xC940,0xD160,0xD180,0xD180,0xD9C0,0xD9C0,0xD1A0,0xD9E0,0xE220,0xD160,
    0xC960,0xC0C0,0xB8A0,0xC0C0,0xB8A0,0xB040,0xB040,0xB880,0xC0C0,0xC920,0xC0C0,0xA800,
    0xA000,0xA000,0x9800,0x9000,0xA000,0xC0A0,0xC940,0xB8A0,0xB8A0,0xA800,0xB8A0,0xD1A0,
    0xD180,0xE240,0xD9E0,0xD9C0,0xD9A0,0xC920,0xC900,0xD160,0xC100,0xB040,0xC920,0xC940,
    0xC0E0,0xB860,0xB860,0xD9E0,0xD9C0,0xD9C0,0xEA80,0xD140,0xB040,0xB020,0xB040,0xC920,
    0xD9A0,0xB080,0x9000,0x9800,0x9800,0x9800,0x9800,0xA820,0xB880,0xC0C0,0xB020,0xA000,
    0xA800,0xA800,0xB040,0xB020,0xB060,0xB040,0xC920,0xB880,0xA000,0xA800,0xA000,0xB8A0,
    0xC900,0xB020,0xC0C0,0xD180,0xD180,0xD180,0xD160,0xB8A0,0xB8C0,0xD160,0xB060,0xB040,
    0xB8A0,0xC0A0,0xA800,0xC900,0xC100,0xA000,0xB880,0xB040,0xE200,0xC940,0xD180,0xE220,
    0xD1A0,0xC0A0,0xB880,0xA000,0xA000,0xD160,0xC940,0xB880,0xC0E0,0xC920,0xB880,0xB040,
    0xB8A0,0xD160,0xB8A0,0xB080,0xC920,0xD180,0xE240,0xD9E0,0xA800,0xB020,0xD160,0xC920,
    0xA820,0xC0A0,0xD160,0xC920,0xC900,0xB880,0xD9A0,0xD9C0,0xB060,0xA000,0xB880,0xD9E0,
    0xD9A0,0xC0C0,0xB880,0xB040,0xA800,0xB8A0,0xEA60,0xEA60,0xD160,0xC0E0,0xD180,0xC0E0,
    0xC920,0xD9C0,0xD1A0,0xD140,0xC100,0xD160,0xE240,0xE240,0xD180,0xC0E0,0xDA00,0xFB20,
    0xFB20,0xD9C0,0xC0E0,0xC940,0xE200,0xEA60,0xEA80,0xEAA0,0xF2C0,0xEA40,0xF2A0,0xE200,
    0xE220,0xEA80,0xF2A0,0xEA60,0xEA60,0xE240,0xD180,0xC920,0xC940,0xC940,0xC0E0,0xD180,
    0xE240,0xD9E0,0xC0C0,0xC940,0xE200,0xDA00,0xD180,0xC900,0xC900,0xC0A0,0xB880,0xC0E0,
    0xC900,0xB880,0xC900,0xC0E0,0xB8A0,0xB860,0xD9E0,0xF2C0,0xEA80,0xD160,0xD180,0xEAA0,
    0xD160,0xE240,0xD1A0,0xC920,0xD180,0xD9C0,0xD9E0,0xD9E0,0xD9A0,0xE220,0xD9A0,0xC940,
    0xE220,0xE200,0xE220,0xE240,0xC900,0xB880,0xC0C0,0xC0C0,0xD9C0,0xF2A0,0xE220,0xD9E0,
    0xF320,0xEA80,0xEA80,0xF2E0,0xEA40,0xD9C0,0xC920,0xB880,0xB880,0xD9C0,0xD180,0xC940,
    0xEA60,0xEAA0,0xF300,0xC960,0xC900,0xE220,0xD180,0xD1A0,0xD9C0,0xB040,0x9800,0xB040,
    0xB040,0xC0C0,0xC940,0xC920,0xC920,0xC940,0xC0C0,0xB000,0xB020,0xC940,0xC0A0,0xA800,
    0xA800,0xB000,0xA800,0xA800,0xB000,0xA800,0xA000,0xB060,0xB040,0xB8A0,0xA820,0xB880,
    0xC940,0xC900,0xC0E0,0xC0C0,0xB860,0xB040,0xC0C0,0xB040,0xB020,0xC920,0xE220,0xEA60,
    0xE240,0xE240,0xE220,0xD9E0,0xE240,0xEA80,0xD9C0,0xC920,0xD9C0,0xE200,0xE200,0xE240,
    0xEA60,0xD180,0xB880,0xA820,0xA820,0xD160,0xE240,0xE240,0xD9C0,0xD1A0,0xD160,0xD9A0,
    0xD9C0,0xD9C0,0xD1A0,0xD9C0,0xD9C0,0xD9C0,0xE240,0xD9C0,0xD9C0,0xDA00,0xE240,0xE200,
    0xD180,0xD9C0,0xE240,0xD9C0,0xD1A0,0xC920,0xC920,0xD9C0,0xD1A0,0xC0E0,0xC900,0xD160,
    0xE200,0xEA80,0xE220,0xC920,0xB8A0,0xB8A0,0xC0E0,0xC900,0xC940,0xD9A0,0xDA00,0xD9C0,
    0xC900,0xC0E0,0xD1A0,0xE200,0xE220,0xE220,0xD9C0,0xD9C0,0xD1A0,0xD9C0,0xD180,0xC940,
    0xC940,0xC900,0xC0E0,0xD160,0xD160,0xC940,0xC940,0xD1A0,0xD9C0,0xC100,0xB020,0xA800,
    0xA800,0xA000,0x9800,0x9000,0xA000,0xA000,0xB020,0xB060,0xC0C0,0xE220,0xC0E0,0xA800,
    0xA800,0xB040,0xB040,0xC900,0xB040,0xC0E0,0xC940,0xC940,0xB8A0,0xC940,0xF2A0,0xE200,
    0xD160,0xE200,0xF2A0,0xE200,0xB040,0xA000,0xB060,0xB880,0xB860,0xC900,0xD9A0,0xB060,
    0xB8A0,0xC0E0,0xB8A0,0xB060,0xB020,0xB880,0xC920,0xC0E0,0xC0E0,0xC960,0xC920,0xC960,
    0xD9A0,0xC940,0xD160,0xE200,0xD1A0,0xC0E0,0xB860,0xB860,0xC900,0xD180,0xC940,0xC0A0,
    0xA820,0xB020,0xC0A0,0xD160,0xDA00,0xF2A0,0xEA80,0xEA80,0xE220,0xD9E0,0xD9C0,0xD160,
    0xC0C0,0xC940,0xE240,0xFBE0,0xFBE0,0xF300,0xEAC0,0xF2E0,0xEA60,0xE220,0xD1A0,0xC940,
    0xC0E0,0xB8A0,0xC900,0xD9E0,0xD9E0,0xD1A0,0xEA60,0xD9E0,0xD160,0xD160,0xD180,0xD9C0,
    0xC920,0xD1A0,0xEA60,0xEA60,0xD180,0xC920,0xD180,0xD9A0,0xD160,0xD180,0xB880,0xB040,
    0xB880,0xC940,0xD180,0xC940,0xC920,0xC0E0,0xD9C0,0xEA60,0xC940,0xB020,0xA800,0xB060,
    0xC0C0,0xA800,0xA820,0xB860,0xB040,0xB880,0xB040,0xB860,0xC100,0xD9C0,0xD160,0xD9E0,
    0xEA60,0xD9A0,0xD160,0xD180,0xD9A0,0xC920,0xD160,0xC940,0xC0C0,0xC900,0xC920,0xC0E0,
    0xB8A0,0xB040,0xB020,0xC0E0,0xD160,0xC100,0xB040,0xA000,0x9800,0x9800,0x9800,0x9800,
    0xB020,0xB040,0xA800,0xB040,0xB860,0xB040,0xD9C0,0xEAA0,0xD180,0xE200,0xEA40,0xC940,
    0xB000,0xB040,0xC0E0,0xC940,0xD1A0,0xDA00,0xDA00,0xD180,0xDA00,0xDA00,0xD9C0,0xD1A0,
    0xB8A0,0xC0C0,0xE200,0xE220,0xC900,0xB040,0xB880,0xD9C0,0xD9C0,0xD160,0xB060,0x9800,
    0xA020,0xA840,0xA800,0xA800,0xB860,0xB8A0,0xA800,0xA000,0xA800,0xC940,0xC940,0xC920,
    0xD180,0xB040,0xB040,0xB880,0xA820,0x9800,0xA820,0xD140,0xD180,0xC920,0xD180,0xD9C0,
    0xD160,0xD180,0xD9E0,0xC940,0xC920,0xE220,0xC0C0,0xA800,0xA840,0xD140,0xA820,0xB8A0,
    0xB8A0,0x9800,0xA000,0xA000,0xB060,0xC0E0,0xC940,0xB880,0xB880,0xC0E0,0xB880,0x9000,
    0xB880,0xD1A0,0xC100,0xB040,0xC960,0xB8A0,0xC0E0,0xB880,0xC920,0xE240,0xD9A0,0xD180,
    0xEAA0,0xEA80,0xEA80,0xE220,0xB040,0xA000,0xB060,0xB8A0,0xC940,0xC920,0xB060,0xC0A0,
    0xC0E0,0xC940,0xE240,0xFB00,0xEA60,0xB860,0xA820,0xC920,0xD9E0,0xD160,0xB8A0,0xB8A0,
    0xB860,0xC0E0,0xD9A0,0xE220,0xD1A0,0xD180,0xD9C0,0xC0E0,0xC100,0xC920,0xC0C0,0xC0A0,
    0xB880,0xD180,0xEA60,0xE240,0xC0E0,0xC900,0xD9E0,0xF2E0,0xE220,0xC920,0xC940,0xD160,
    0xD9A0,0xD9C0,0xD9C0,0xD160,0xD160,0xC920,0xE200,0xD9C0,0xD1A0,0xEA80,0xF300,0xEA80,
    0xDA00,0xE220,0xE240,0xD160,0xC0E0,0xC920,0xD9C0,0xD9E0,0xD1C0,0xC940,0xC0A0,0xC920,
    0xD9C0,0xD9E0,0xC0E0,0xB880,0xC100,0xB8A0,0xB8A0,0xD9C0,0xD9C0,0xC900,0xD160,0xC0E0,
    0xA820,0xA820,0xC920,0xD9E0,0xF2A0,0xD160,0xD9C0,0xE260,0xD9C0,0xD9C0,0xD180,0xC940,
    0xD160,0xC960,0xD9E0,0xD9C0,0xD1A0,0xD9C0,0xD180,0xC940,0xEA80,0xE260,0xD9E0,0xEA60,
    0xC900,0xC940,0xD160,0xC0C0,0xD9C0,0xFB20,0xEA60,0xE240,0xFB80,0xE220,0xD9A0,0xD160,
    0xD9E0,0xE200,0xC940,0xC900,0xC0A0,0xD9E0,0xE240,0xC920,0xD9E0,0xEAA0,0xFB40,0xD160,
    0xB8A0,0xD9C0,0xD9A0,0xD180,0xC940,0xB060,0x9800,0xC0E0,0xC920,0xC940,0xD9C0,0xEA60,
    0xE240,0xC920,0xC0E0,0xA840,0xA000,0xB8A0,0xC900,0xB000,0xB000,0xB000,0xA800,0xA000,
    0xB8A0,0xB880,0xA820,0xC0C0,0xB880,0xB8A0,0xC0E0,0xD9E0,0xD9C0,0xB880,0xB860,0xB880,
    0xC900,0xB880,0xC100,0xD9E0,0xD180,0xD1A0,0xD160,0xE200,0xEA60,0xEA60,0xEA40,0xE200,
    0xE220,0xEA60,0xD9E0,0xD180,0xD1A0,0xD160,0xD160,0xE200,0xEA40,0xD9C0,0xB8A0,0xA820,
    0xC900,0xD9E0,0xE220,0xE240,0xEA60,0xE220,0xC920,0xC0C0,0xD9A0,0xEA60,0xE200,0xDA00,
    0xD9C0,0xD1A0,0xD9C0,0xD160,0xC920,0xD180,0xD9C0,0xD1A0,0xD9E0,0xEA60,0xE220,0xD1A0,
    0xD9C0,0xC920,0xC960,0xC940,0xD160,0xC920,0xC920,0xD9E0,0xE220,0xEA60,0xE220,0xC940,
    0xC0E0,0xC900,0xC940,0xC940,0xD1A0,0xD9C0,0xD1A0,0xD9A0,0xD160,0xD180,0xD180,0xD180,
    0xD180,0xD160,0xD9E0,0xD9E0,0xD180,0xC940,0xC920,0xD180,0xD9E0,0xD9E0,0xC940,0xD160,
    0xD160,0xC900,0xC0E0,0xC0E0,0xC0C0,0xB880,0xB8A0,0xC0A0,0xB880,0xA800,0x9800,0x9000,
    0x9000,0xA820,0xC940,0xB8A0,0xB880,0xC100,0xA000,0xA840,0xB8A0,0xA000,0xA820,0xB8A0,
    0xB8A0,0xD180,0xD9E0,0xD160,0xB020,0xB060,0xD160,0xD180,0xC0E0,0xE200,0xEA80,0xDA00,
    0xC0E0,0xB880,0xA800,0xB8A0,0xD1A0,0xD1A0,0xC920,0xC920,0xC0E0,0xB880,0xC0A0,0xB8A0,
    0xB060,0xC0C0,0xC920,0xB020,0xC0E0,0xC100,0xC0C0,0xD1A0,0xD180,0xC0E0,0xB040,0xC900,
    0xD180,0xC0A0,0xB040,0xB880,0xD180,0xF2C0,0xE240,0xD140,0xC0E0,0xB060,0xC940,0xC940,
    0xC940,0xD1A0,0xFB40,0xFB80,0xEA80,0xD9A0,0xD9E0,0xD180,0xB8A0,0xD160,0xFB40,0xF300,
    0xF2C0,0xFB40,0xFBC0,0xFBA0,0xEA40,0xD9C0,0xD9E0,0xD160,0xC920,0xC940,0xE240,0xF2E0,
    0xF2E0,0xEA40,0xD9C0,0xD180,0xD180,0xD160,0xD180,0xDA00,0xD9C0,0xE240,0xF2C0,0xEA80,
    0xD9A0,0xC900,0xC0E0,0xC0E0,0xC940,0xC920,0xA800,0xA000,0xB040,0xC940,0xC940,0xC0C0,
    0xA800,0xA000,0xC0E0,0xD9E0,0xC940,0xB880,0xC0E0,0xC0E0,0xB8C0,0xC0A0,0xC0C0,0xB880,
    0xA800,0xB860,0xB020,0xC920,0xDA00,0xDA00,0xE220,0xD9E0,0xD160,0xC0E0,0xC900,0xC940,
    0xD9C0,0xD1A0,0xC920,0xD160,0xD1A0,0xD9E0,0xD9E0,0xC920,0xC0C0,0xB880,0xB040,0xC0C0,
    0xD180,0xC940,0xB860,0xB020,0xA800,0x9800,0x9000,0xA800,0xB020,0xA800,0xA000,0xA000,
    0xA800,0xB880,0xC940,0xD9C0,0xD180,0xD160,0xE220,0xC900,0xB000,0xA800,0xB060,0xB860,
    0xC100,0xD1A0,0xDA00,0xD9A0,0xEAA0,0xEAA0,0xD9C0,0xC940,0xA800,0xA000,0xB880,0xD160,
    0xE200,0xD9C0,0xC0C0,0xB040,0xB8A0,0xC920,0xC0E0,0xC0A0,0xC0C0,0xC940,0xC0C0,0xC0C0,
    0xC960,0xC0C0,0xA800,0xB040,0xB000,0xD9C0,0xD9E0,0xC0C0,0xB8A0,0xA800,0xB060,0xC940,
    0xB060,0xA840,0xD160,0xD9C0,0xEA80,0xEA60,0xF2C0,0xEA80,0xD180,0xB880,0xC940,0xEA60,
    0xE220,0xC940,0xB060,0xB880,0xB040,0xE220,0xB8C0,0xA000,0xB8A0,0xB040,0xA800,0xA000,
    0xA000,0xB880,0xEA80,0xC0C0,0xB8A0,0xC900,0xB880,0x9800,0xC940,0xC900,0xB040,0xB060,
    0xC900,0xC0E0,0xB880,0xA800,0xB040,0xB880,0xC940,0xD1A0,0xD180,0xE220,0xD9E0,0xE240,
    0xD180,0xC0C0,0xD160,0xD140,0xD9C0,0xC940,0xC100,0xB8A0,0xC940,0xE220,0xD180,0xC920,
    0xE240,0xB8A0,0x9800,0xA840,0xC920,0xD160,0xB880,0xB860,0xC0C0,0xD9E0,0xD9E0,0xD9C0,
    0xD160,0xD9C0,0xC940,0xC920,0xB880,0xB040,0xB880,0xB020,0xB8A0,0xD1A0,0xF2A0,0xE240,
    0xD180,0xC920,0xD160,0xD9E0,0xEA60,0xD180,0xD160,0xE200,0xEA80,0xE200,0xD9C0,0xB880,
    0xB020,0xC0E0,0xD9C0,0xD9E0,0xD180,0xD9E0,0xD9E0,0xD160,0xC900,0xD180,0xDA00,0xC900,
    0xC900,0xE260,0xEAA0,0xD1A0,0xB060,0xB020,0xB020,0xB880,0xC940,0xC960,0xB860,0xB860,
    0xC900,0xD180,0xC0A0,0xD180,0xD9E0,0xDA00,0xD180,0xB020,0xA800,0xA800,0xB040,0xD180,
    0xEA60,0xD9C0,0xC0E0,0xD160,0xD160,0xC900,0xD160,0xD180,0xD9A0,0xC940,0xC900,0xD160,
    0xD180,0xD9C0,0xE220,0xE200,0xFB20,0xFB20,0xE220,0xEA60,0xD160,0xC0E0,0xC0E0,0xB880,
    0xC0C0,0xEA60,0xD180,0xB8A0,0xC0A0,0xC0C0,0xD1A0,0xC100,0xD9E0,0xE240,0xD180,0xB040,
    0xB8A0,0xD9C0,0xC940,0xB8A0,0xD160,0xE240,0xEA80,0xEA60,0xD160,0xC100,0xE200,0xC940,
    0xC0C0,0xC0E0,0xB060,0xC940,0xC0C0,0xB860,0xD9C0,0xFB00,0xE240,0xD160,0xC0C0,0xA800,
    0xA000,0xC920,0xD9C0,0xB880,0xB880,0xC0C0,0xC960,0xC0E0,0xC0E0,0xC940,0xC900,0xC920,
    0xC0E0,0xC900,0xD160,0xD9E0,0xE240,0xC940,0xD9C0,0xD9C0,0xC920,0xD9A0,0xD180,0xE240,
    0xD9C0,0xC960,0xC940,0xC920,0xD180,0xD180,0xD9C0,0xD160,0xD140,0xD9E0,0xE220,0xE240,
    0xD9A0,0xD180,0xD1A0,0xE220,0xE240,0xEA60,0xD160,0xD180,0xEA40,0xEA60,0xE240,0xEAA0,
    0xF2A0,0xE1E0,0xB880,0xB060,0xEA60,0xEA80,0xE260,0xE200,0xD180,0xC900,0xC940,0xD9A0,
    0xC100,0xD160,0xC940,0xC900,0xC900,0xD180,0xD9C0,0xD160,0xC920,0xC0C0,0xC920,0xC900,
    0xC0A0,0xC8E0,0xD180,0xE240,0xD9C0,0xD1A0,0xD9C0,0xC920,0xC100,0xC920,0xC100,0xD180,
    0xE220,0xE220,0xD9C0,0xC0E0,0xD180,0xD1C0,0xC940,0xC900,0xC900,0xD1A0,0xE220,0xD9C0,
    0xD160,0xC920,0xD1A0,0xE220,0xEA80,0xE220,0xD180,0xD180,0xC920,0xB880,0xB060,0xB880,
    0xB880,0xC0C0,0xD160,0xE220,0xD9C0,0xC920,0xB880,0xA800,0xB880,0xD160,0xD9E0,0xB880,
    0xA800,0xA000,0xB040,0xD9E0,0xF2E0,0xC0E0,0xA000,0xA800,0xB8A0,0xD1A0,0xD180,0xD160,
    0xC0A0,0xA800,0xB880,0xC0C0,0xC0C0,0xD1A0,0xDA00,0xE220,0xD180,0xD140,0xC960,0xE240,
    0xD9C0,0xC0C0,0xB880,0xC0E0,0xC0E0,0xB860,0xB040,0xD180,0xC100,0xD160,0xC920,0xB880,
    0xB8A0,0xB040,0xA820,0xB060,0xB880,0xB020,0xB020,0xC900,0xC960,0xB860,0xB020,0xB8A0,
    0xD180,0xF2E0,0xFBA2,0xE200,0xD9E0,0xD9C0,0xD9E0,0xC940,0xC920,0xD160,0xD9E0,0xEA60,
    0xEA80,0xD9C0,0xD160,0xD160,0xC0E0,0xD9A0,0xEA80,0xD160,0xE220,0xE240,0xF2E0,0xFBA0,
    0xEAC0,0xE220,0xF2C0,0xD9C0,0xD140,0xEA60,0xF2C0,0xFB40,0xFB60,0xE220,0xC900,0xD160,
    0xE240,0xE200,0xD1A0,0xD160,0xD1A0,0xE200,0xE240,0xD9A0,0xC920,0xC0C0,0xB860,0xC0C0,
    0xC0E0,0xC0C0,0xB8A0,0xB8A0,0xC920,0xDA00,0xD9E0,0xC0E0,0xC940,0xB880,0xA800,0xC940,
    0xD9E0,0xD9C0,0xC0C0,0xB020,0xB8A0,0xD1A0,0xB8A0,0xB040,0xB040,0xB860,0xC900,0xD9E0,
    0xE200,0xD9C0,0xD9E0,0xD1A0,0xC920,0xC0C0,0xB8A0,0xC0A0,0xC920,0xC940,0xC940,0xD1A0,
    0xD1A0,0xD9A0,0xD180,0xC0E0,0xB880,0xB880,0xC0C0,0xC960,0xD180,0xD180,0xB880,0xB880,
    0xC0E0,0xB880,0xA020,0xA000,0xA000,0xA800,0xA800,0xA000,0xA800,0xB880,0xD180,0xC940,
    0xC900,0xC900,0xC0E0,0xC940,0xC0C0,0xA800,0xA000,0xA000,0xC0E0,0xD180,0xC920,0xD9C0,
    0xC920,0xA820,0xA820,0xA840,0xB080,0xB8A0,0xB880,0xC0E0,0xC920,0xC0E0,0xC0A0,0xC900,
    0xC900,0xC900,0xC920,0xB880,0xB020,0xC0C0,0xD1A0,0xC940,0xC100,0xB8A0,0xA000,0xA000,
    0xB840,0xD9C0,0xEA80,0xB880,0xB040,0xC0C0,0xC0E0,0xB860,0xC0C0,0xEA80,0xEA80,0xD1A0,
    0xD180,0xD9E0,0xD9C0,0xE200,0xD180,0xA800,0xB880,0xD1A0,0xEA60,0xC100,0xB020,0xB040,
    0xB000,0xB880,0xC0E0,0xA800,0xB880,0xC0C0,0xB040,0xA800,0x9800,0xB060,0xF2A0,0xD9E0,
    0xB8A0,0xD160,0xC960,0xB020,0xC900,0xC0E0,0xA800,0xA820,0xA000,0xB8C0,0xD180,0xC0C0,
    0xB040,0x9800,0xC0A0,0xC920,0xB040,0xB8A0,0xD160,0xEAA0,0xF2E0,0xD9A0,0xC900,0xD180,
    0xD160,0xD9A0,0xD1A0,0xC0E0,0xB860,0xD160,0xB880,0xC0E0,0xD9E0,0xD9A0,0xC900,0xB040,
    0xC100,0xC0E0,0xC900,0xB880,0xC0C0,0xD180,0xD1A0,0xD9C0,0xD9E0,0xD9C0,0xD9E0,0xD9C0,
    0xB8A0,0xB040,0xC0C0,0xD9C0,0xE240,0xD180,0xD9E0,0xE200,0xEA60,0xE240,0xC940,0xC920,
    0xC940,0xC920,0xC0A0,0xC940,0xE220,0xFB00,0xF2A0,0xD180,0xC0E0,0xD9E0,0xD160,0xC0C0,
    0xB880,0xC0C0,0xD180,0xD160,0xC0E0,0xD180,0xC940,0xB8A0,0xD9C0,0xFB40,0xE200,0xC100,
    0xB040,0xA800,0x9800,0xA820,0xC920,0xC0E0,0xC0E0,0xC940,0xEA60,0xDA00,0xB880,0xB860,
    0xC940,0xD180,0xC900,0xB860,0xA800,0xB040,0xB8A0,0xC940,0xD180,0xC900,0xB880,0xC940,
    0xC0E0,0xC0C0,0xC100,0xD160,0xC940,0xC0C0,0xC0C0,0xD160,0xD9E0,0xEA60,0xF2E0,0xFB00,
    0xEAA0,0xE220,0xEA60,0xEA60,0xEA80,0xD160,0xB8A0,0xB040,0xB8A0,0xE220,0xD180,0xB020,
    0xB020,0xC0C0,0xD9C0,0xC900,0xE260,0xEAA0,0xC920,0xB020,0xB860,0xC920,0xC0E0,0xC0E0,
    0xC940,0xD160,0xD9C0,0xF2C0,0xEA60,0xD180,0xD1A0,0xD180,0xD180,0xC940,0xE240,0xE240,
    0xB020,0xA000,0xC920,0xD180,0xC940,0xD9E0,0xC0C0,0xA800,0xA800,0xD180,0xE200,0xC0A0,
    0xC0E0,0xD180,0xEA80,0xEA80,0xD9A0,0xC900,0xC0E0,0xC920,0xC920,0xD140,0xD180,0xD1A0,
    0xD180,0xEA60,0xFB20,0xE240,0xC0E0,0xD9E0,0xE220,0xD9A0,0xC940,0xC940,0xD180,0xC940,
    0xD160,0xC900,0xD1A0,0xD9C0,0xC920,0xD1A0,0xE200,0xEA80,0xD180,0xC940,0xE240,0xF2A0,
    0xEA80,0xEAA0,0xEA60,0xDA00,0xE200,0xD9E0,0xD9E0,0xEA80,0xFC44,0xF383,0xD9C0,0xC940,
    0xD180,0xD9C0,0xD1A0,0xC920,0xC0E0,0xC100,0xD180,0xE240,0xC940,0xD160,0xC920,0xB020,
    0xA800,0xB020,0xD9A0,0xE240,0xD1A0,0xD160,0xE200,0xC900,0xB040,0xB840,0xC0E0,0xD160,
    0xC960,0xC100,0xB880,0xB040,0xB880,0xC920,0xC920,0xC920,0xD1A0,0xD1A0,0xC940,0xC0A0,
    0xC940,0xC940,0xD180,0xC940,0xC940,0xD9C0,0xD1A0,0xD9C0,0xD180,0xD160,0xD180,0xD1A0,
    0xD9E0,0xD9E0,0xD9E0,0xC960,0xC940,0xC0E0,0xB8C0,0xC0C0,0xC0C0,0xC900,0xC920,0xC920,
    0xD180,0xD160,0xB880,0xB8A0,0xC920,0xC0E0,0xC0C0,0xB040,0xA000,0xA820,0xB8A0,0xD160,
    0xEA80,0xD9E0,0xA820,0xC0E0,0xC900,0xC0C0,0xC0A0,0xDA00,0xD9E0,0xC0C0,0xC0E0,0xC0C0,
    0xB8A0,0xC0A0,0xD160,0xE240,0xD180,0xD180,0xE240,0xDA00,0xD160,0xB860,0xB020,0xC0C0,
    0xB860,0xB040,0xB040,0xC0A0,0xC900,0xE200,0xD160,0xB8A0,0xA800,0xA800,0xA840,0xC920,
    0xC0E0,0xB880,0xB020,0xC920,0xD160,0xB040,0xB880,0xC920,0xC100,0xD9C0,0xD9E0,0xE260,
    0xEA80,0xEA60,0xF2A0,0xE220,0xD9E0,0xD1A0,0xC900,0xD9E0,0xE200,0xC940,0xD1A0,0xE200,
    0xEA60,0xF300,0xE240,0xD160,0xD9C0,0xE240,0xEA60,0xEAA0,0xFB20,0xFB60,0xFB00,0xEA60,
    0xD9C0,0xE240,0xEA80,0xE240,0xE240,0xD1A0,0xC0E0,0xC100,0xD9C0,0xEA60,0xE240,0xC0E0,
    0xC0C0,0xD160,0xE240,0xD160,0xB020,0xA800,0xA800,0xC0C0,0xC920,0xC100,0xD9C0,0xD9C0,
    0xD9E0,0xD160,0xC920,0xB860,0xB880,0xB020,0xB8A0,0xD9C0,0xF2C0,0xD1A0,0xB020,0xA000,
    0xA820,0xC920,0xB880,0xB020,0xD1A0,0xD9E0,0xDA00,0xEA80,0xC940,0xB880,0xC0C0,0xC940,
    0xC960,0xB880,0xB040,0xB060,0xC0C0,0xC920,0xC920,0xD1A0,0xD160,0xC920,0xD180,0xC900,
    0xC0C0,0xB880,0xC0C0,0xD160,0xD180,0xC900,0xB000,0xC0A0,0xC900,0xC940,0xC0E0,0xA020,
    0x9800,0xA800,0xB020,0xA800,0xB040,0xC0C0,0xD1A0,0xC920,0xB860,0xC0C0,0xC0C0,0xD180,
    0xC920,0xA800,0xA000,0xA000,0xB060,0xC920,0xB8A0,0xB8A0,0xA820,0xA820,0xA820,0xA000,
    0xD180,0xEA60,0xE240,0xC940,0xA820,0xA800,0xC100,0xD180,0xC0E0,0xC940,0xD9C0,0xC940,
    0xB8A0,0xC0E0,0xC900,0xC100,0xC940,0xC940,0xB8A0,0xB020,0xB8A0,0xB8A0,0xC0E0,0xB8A0,
    0xB860,0xC0C0,0xD9C0,0xC100,0xD9C0,0xE220,0xC920,0xB040,0xC0E0,0xE200,0xB020,0xB860,
    0xB040,0xB040,0xB020,0xC0C0,0xD180,0xD9A0,0xC940,0xB880,0xB880,0xC900,0xB880,0xA800,
    0xA800,0xB020,0xB020,0xB020,0xA000,0xB040,0xD9A0,0xD9C0,0xC0C0,0xC0C0,0xC900,0xB040,
    0xC0E0,0xD180,0xB020,0xB020,0xB060,0xB880,0xD160,0xD180,0xB040,0xB040,0xD9E0,0xD1A0,
    0xC0C0,0xC0C0,0xD160,0xD9C0,0xEA80,0xD160,0xC920,0xE200,0xE200,0xEA80,0xE220,0xC920,
    0xD160,0xD9C0,0xC920,0xD180,0xEAA0,0xD160,0xC920,0xD180,0xD180,0xE260,0xE200,0xC920,
    0xB8A0,0xC920,0xD9C0,0xD160,0xD9C0,0xEA40,0xE220,0xE220,0xD9A0,0xC940,0xD160,0xEA60,
    0xEAA0,0xD160,0xC940,0xD160,0xC920,0xC0C0,0xB8A0,0xD1A0,0xD180,0xB020,0xA800,0xC920,
    0xD9E0,0xEA80,0xD9E0,0xD1A0,0xD180,0xC0C0,0xA820,0xB020,0xB020,0xC0E0,0xD9E0,0xDA00,
    0xD9C0,0xC940,0xC900,0xB8A0,0xC940,0xEA80,0xE200,0xD140,0xB8A0,0xA800,0xA820,0xA820,
    0xC0C0,0xC920,0xD9E0,0xFB00,0xFB40,0xD9E0,0xC0C0,0xC0C0,0xC920,0xE240,0xF2C0,0xD180,
    0xD160,0xC0A0,0xB8A0,0xC0E0,0xC100,0xC920,0xD180,0xD9E0,0xD180,0xC0C0,0xC920,0xC0A0,
    0xC0E0,0xC900,0xC0E0,0xC940,0xD9C0,0xD9C0,0xEA60,0xF2C0,0xD9E0,0xC920,0xEAA0,0xFB60,
    0xFB80,0xF2E0,0xEA80,0xD9C0,0xE220,0xFB40,0xEA60,0xD160,0xC940,0xD1A0,0xD9C0,0xEA80,
    0xF300,0xE220,0xB060,0xA000,0xB8A0,0xEA80,0xE200,0xC940,0xC0E0,0xC0C0,0xD160,0xE240,
    0xEA60,0xD1A0,0xC920,0xC920,0xC0E0,0xB8A0,0xD1A0,0xEA60,0xB060,0xB060,0xC0E0,0xC100,
    0xC100,0xC920,0xB8A0,0xB020,0xC0C0,0xC100,0xD180,0xC940,0xC0C0,0xC940,0xC920,0xD160,
    0xD9E0,0xD180,0xB8C0,0xC0E0,0xC940,0xC100,0xD160,0xD180,0xC100,0xD9C0,0xD9C0,0xC0A0,
    0xB020,0xC0E0,0xD9A0,0xD9E0,0xD9E0,0xD9A0,0xD9E0,0xE220,0xD9C0,0xD9C0,0xE240,0xD9C0,
    0xC920,0xD180,0xD9C0,0xD9A0,0xC940,0xC100,0xEA60,0xF2E0,0xE240,0xE220,0xEAA0,0xE220,
    0xD160,0xC940,0xE220,0xF2A0,0xFC24,0xFDCA,0xF2E0,0xD160,0xC920,0xC0E0,0xC0C0,0xB880,
    0xC0E0,0xC100,0xD9E0,0xDA00,0xD9E0,0xC940,0xB860,0xB880,0xB880,0xB040,0xC900,0xE200,
    0xEA60,0xEA80,0xEA60,0xD180,0xB040,0xC0C0,0xD160,0xD180,0xD9C0,0xD180,0xC900,0xB880,
    0xC0C0,0xD160,0xD9C0,0xD180,0xD180,0xD160,0xC920,0xC0C0,0xC940,0xD9C0,0xE220,0xD1A0,
    0xD180,0xC900,0xC920,0xD180,0xC940,0xC900,0xC100,0xC900,0xC940,0xD160,0xC900,0xC960,
    0xC960,0xB060,0xA800,0xB040,0xC0C0,0xD1A0,0xC0C0,0xC0A0,0xB8A0,0xB060,0xC100,0xD160,
    0xEA80,0xD180,0xB060,0xA000,0x9800,0xA800,0xC0C0,0xD9A0,0xEA60,0xD180,0xA800,0xC0E0,
    0xB860,0xC0E0,0xC920,0xD180,0xD9E0,0xC940,0xC940,0xC940,0xC0C0,0xB880,0xD160,0xEA60,
    0xD9E0,0xD9A0,0xC920,0xB040,0xB860,0xB8A0,0xC0C0,0xC0E0,0xC920,0xC940,0xA820,0xB8A0,
    0xC900,0xD180,0xB060,0xA000,0xA000,0xA800,0xC0E0,0xD9C0,0xC100,0xC920,0xC100,0xD160,
    0xC0E0,0xA800,0xB040,0xC920,0xC0E0,0xD1A0,0xEA80,0xEA80,0xD9A0,0xD1A0,0xE220,0xD9E0,
    0xE240,0xD9C0,0xE220,0xEA60,0xC940,0xD180,0xF2C0,0xFB80,0xFB20,0xFB80,0xFB00,0xDA00,
    0xD1A0,0xD9E0,0xD9C0,0xC940,0xE240,0xEA80,0xF2C0,0xF2E0,0xD9E0,0xD180,0xD9C0,0xD180,
    0xE200,0xDA00,0xD160,0xC100,0xC920,0xD1A0,0xD9C0,0xC940,0xD1A0,0xE240,0xEAA0,0xE200,
    0xB880,0xA800,0xB020,0xC0C0,0xB8A0,0xD140,0xE240,0xEA60,0xF2C0,0xD160,0xD160,0xD9E0,
    0xC0E0,0xC0C0,0xC920,0xE240,0xF2E0,0xE240,0xC0E0,0xA000,0xA000,0xB880,0xC920,0xB880,
    0xD160,0xEA80,0xD9C0,0xD160,0xB8A0,0xC0C0,0xC0E0,0xC920,0xD9C0,0xC920,0xC0C0,0xB880,
    0xC900,0xD9C0,0xD180,0xD160,0xD160,0xD9E0,0xEA80,0xD9A0,0xC920,0xC100,0xC0C0,0xC940,
    0xD180,0xB8A0,0xA000,0xA800,0xC0C0,0xC0A0,0xA000,0x9800,0x9800,0xA800,0xB040,0xB060,
    0xB040,0xC900,0xD160,0xC920,0xC0C0,0xC0E0,0xD180,0xD160,0xC0E0,0xB880,0xB880,0xC0A0,
    0xB060,0xB080,0xB880,0xA800,0xA800,0xA820,0xA800,0xA000,0xC0E0,0xEA60,0xE220,0xB8A0,
    0xB040,0xB040,0xB040,0xB040,0xB860,0xB880,0xC920,0xEA60,0xC0C0,0xB060,0xC0E0,0xD160,
    0xC940,0xC940,0xC0C0,0xB880,0xB880,0xA800,0xC0E0,0xC920,0xC0E0,0xB8A0,0xF2A0,0xD9C0,
    0xC0C0,0xB040,0xB040,0xC0C0,0xD160,0xEA80,0xC920,0xA000,0xA800,0xB860,0xC0E0,0xB8A0,
    0xC920,0xC0A0,0xB8A0,0xB060,0xB880,0xD180,0xC900,0xB8A0,0xC0E0,0xA820,0xB020,0xB020,
    0xB040,0xB040,0xB860,0xD180,0xD1A0,0xC940,0xB880,0xB020,0xB8C0,0xC940,0xB040,0xC0C0,
    0xC0C0,0xB8A0,0xD9C0,0xB880,0x9800,0xB060,0xDA00,0xDA00,0xC0E0,0xC0C0,0xD160,0xC0E0,
    0xC920,0xD1A0,0xC920,0xC0E0,0xC940,0xE240,0xE200,0xC0C0,0xE220,0xEA60,0xD180,0xD9C0,
    0xE200,0xC920,0xB880,0xC920,0xD180,0xFBA0,0xE240,0xC100,0xA800,0xC940,0xD9E0,0xC940,
    0xD1A0,0xE200,0xD9C0,0xEA40,0xEA60,0xEA60,0xF2E0,0xEA60,0xE220,0xC0E0,0xB040,0xC100,
    0xC0C0,0xB880,0xC100,0xDA00,0xE200,0xD160,0xC0C0,0xC900,0xD180,0xEA60,0xD160,0xC920,
    0xE200,0xC0E0,0xB8A0,0xB8A0,0xC900,0xD1A0,0xD140,0xC940,0xD9A0,0xE220,0xC960,0xB020,
    0xC920,0xEA80,0xEA80,0xD9A0,0xB860,0xA800,0xB880,0xC0E0,0xB8A0,0xB880,0xD9C0,0xEA80,
    0xD9C0,0xA840,0xA800,0xB040,0xB8A0,0xD1A0,0xE260,0xC0E0,0xC0C0,0xC920,0xC940,0xD160,
    0xC940,0xD9E0,0xD1A0,0xD160,0xD180,0xC900,0xD160,0xD160,0xDA00,0xD160,0xD180,0xD180,
    0xD9C0,0xD180,0xD9E0,0xD9E0,0xC920,0xD180,0xEA60,0xF300,0xF2C0,0xFB00,0xFB80,0xFB00,
    0xEAA0,0xEAA0,0xEA40,0xC940,0xD160,0xC940,0xD160,0xEAA0,0xFB60,0xE220,0xC0E0,0xA800,
    0xC0C0,0xE200,0xE200,0xC940,0xB8A0,0xB8A0,0xC100,0xD160,0xC940,0xC940,0xC0E0,0xB020,
    0xB040,0xB040,0xB860,0xB060,0xA820,0xC0C0,0xC0C0,0xC100,0xC940,0xC0E0,0xC0C0,0xB040,
    0xC0E0,0xD180,0xE220,0xDA00,0xC900,0xC920,0xB8A0,0xC0C0,0xC0C0,0xC920,0xC0E0,0xA000,
    0xB880,0xB880,0xC940,0xD1A0,0xC0E0,0xC0E0,0xC0E0,0xC0E0,0xC100,0xD180,0xD9C0,0xD1A0,
    0xE200,0xEAC1,0xEAA0,0xEA40,0xD9A0,0xE200,0xD9E0,0xD160,0xC940,0xC900,0xC960,0xD160,
    0xD160,0xC920,0xD9E0,0xE200,0xD180,0xD180,0xDA00,0xE220,0xE220,0xD9E0,0xD180,0xD9C0,
    0xEAC0,0xFD07,0xF362,0xD140,0xC0C0,0xC0C0,0xB8A0,0xB060,0xDA00,0xD160,0xD1A0,0xE240,
    0xE240,0xD9C0,0xB8A0,0xC0C0,0xC100,0xB020,0xB040,0xC0E0,0xD9C0,0xEA60,0xE200,0xC940,
    0xC0E0,0xC100,0xD9C0,0xEA60,0xE220,0xD1A0,0xC900,0xB8A0,0xC0C0,0xD140,0xD180,0xD160,
    0xD160,0xC920,0xC940,0xC960,0xD1A0,0xC960,0xC940,0xD180,0xD160,0xC940,0xD160,0xC920,
    0xC0E0,0xC0C0,0xC0E0,0xC0C0,0xB880,0xB020,0xB880,0xC0C0,0xB860,0xA800,0xA800,0xB880,
    0xB060,0xC0C0,0xC0E0,0xB880,0xB860,0xB880,0xD9C0,0xFB00,0xFBE0,0xFB80,0xEA60,0xB860,
    0xA800,0xC920,0xE220,0xE220,0xD160,0xB860,0xA800,0xB8C0,0xC920,0xD1A0,0xC940,0xC0E0,
    0xB8A0,0xC0E0,0xC0E0,0xC900,0xC900,0xC0C0,0xC0A0,0xC100,0xD160,0xD160,0xC0E0,0xA000,
    0xA000,0xB860,0xC0C0,0xE200,0xD160,0xC0A0,0xB060,0xD180,0xEA80,0xC900,0xA800,0xA800,
    0xB020,0xB020,0xB8A0,0xB880,0xC0E0,0xC920,0xC0A0,0xC900,0xB860,0xA000,0xB060,0xC0C0,
    0xB880,0xD1A0,0xF300,0xFB20,0xE280,0xC0C0,0xC900,0xC920,0xC0E0,0xC920,0xD9E0,0xEA60,
    0xD1A0,0xD9C0,0xEA80,0xF2E0,0xEAA0,0xEA60,0xE220,0xD9C0,0xD160,0xD9E0,0xE200,0xC920,
    0xC900,0xD9A0,0xEA60,0xEA60,0xE200,0xD9E0,0xC920,0xC940,0xD9C0,0xD9C0,0xC920,0xEA80,
    0xD9E0,0xC100,0xC0E0,0xC940,0xEA60,0xEA80,0xE200,0xE220,0xC0C0,0xB020,0xB880,0xB8A0,
    0xB040,0xC900,0xD1A0,0xE220,0xE220,0xE260,0xE260,0xC920,0xB880,0xD180,0xC940,0xD180,
    0xE200,0xE200,0xD160,0xC900,0xA800,0xB020,0xC940,0xC900,0xD9E0,0xD9E0,0xC0E0,0xB860,
    0xC940,0xE220,0xD160,0xD160,0xD9E0,0xC940,0xD180,0xC920,0xC900,0xC940,0xD9C0,0xE220,
    0xD9C0,0xD9E0,0xD9C0,0xC920,0xC0E0,0xC960,0xC920,0xC0E0,0xC940,0xB060,0x9800,0xB040,
    0xC920,0xB860,0xA800,0x9800,0x9800,0xB020,0xB880,0xB8A0,0xB040,0xC0C0,0xD9E0,0xD180,
    0xC920,0xD9E0,0xE240,0xC0C0,0xB060,0xB880,0xB040,0xA000,0x9000,0xA820,0xB860,0xB040,
    0xB860,0xA000,0x9000,0x9800,0xC920,0xE240,0xD160,0xB060,0xB880,0xC920,0xB060,0xB880,
    0xC0E0,0xB8A0,0xB880,0xD160,0xD180,0xC920,0xC0A0,0xC0C0,0xC100,0xC920,0xC0C0,0xA800,
    0xA800,0xB060,0xC900,0xC920,0xC900,0xB860,0xD160,0xD160,0xA800,0xA800,0xB8A0,0xC0E0,
    0xD160,0xC920,0xD160,0xC0E0,0xB860,0xC0E0,0xC940,0xB880,0xC0C0,0xB8A0,0xB020,0xB020,
    0xB880,0xC0C0,0xD9C0,0xEA60,0xE240,0xC0E0,0xA800,0xB880,0xB020,0xC0C0,0xC900,0xE200,
    0xF2E0,0xC940,0xC0C0,0xB040,0xD160,0xE240,0xD180,0xD180,0xB060,0xB040,0xC940,0xC0C0,
    0x9800,0xB040,0xD180,0xC900,0xB880,0xB060,0xB860,0xB040,0xB860,0xE200,0xC100,0xB020,
    0xB040,0xC100,0xC0E0,0xB860,0xC940,0xD9C0,0xD9C0,0xC940,0xC0E0,0xD160,0xC940,0xB8C0,
    0xE240,0xF300,0xC0E0,0xC100,0xB060,0xB040,0xC900,0xC100,0xD9C0,0xE220,0xD180,0xD180,
    0xEA80,0xF2E0,0xF2E0,0xE200,0xD160,0xB860,0xA800,0xB8A0,0xD1A0,0xD160,0xD9E0,0xC940,
    0xD160,0xD180,0xC0A0,0xB040,0xC900,0xDA00,0xE200,0xE220,0xD9E0,0xE200,0xD9A0,0xD180,
    0xD9E0,0xDA00,0xDA00,0xE200,0xD9C0,0xE200,0xD1A0,0xB880,0xC940,0xE240,0xD9C0,0xC100,
    0xB880,0xA820,0xB860,0xC940,0xC100,0xC0E0,0xC900,0xC940,0xC900,0xA800,0xA800,0xB040,
    0xA800,0xB040,0xD9C0,0xE220,0xD9E0,0xD9E0,0xC940,0xC940,0xC940,0xD9C0,0xC940,0xB880,
    0xB8A0,0xC0E0,0xC0C0,0xD180,0xE240,0xD180,0xD180,0xD9E0,0xD9A0,0xD9C0,0xE200,0xD180,
    0xC940,0xC920,0xC920,0xD1A0,0xD1A0,0xC940,0xEA60,0xF2C0,0xF2C0,0xEAA0,0xD180,0xB880,
    0xB020,0xB8A0,0xC940,0xE200,0xD180,0xD1A0,0xE200,0xC100,0xE220,0xE200,0xD1A0,0xD9C0,
    0xD140,0xC0C0,0xB880,0xC0C0,0xD180,0xD9E0,0xD1A0,0xC920,0xD160,0xC900,0xD160,0xC920,
    0xC0E0,0xC0C0,0xB880,0xC920,0xC0C0,0xB040,0xA000,0xA000,0xC100,0xE220,0xDA00,0xD180,
    0xC0C0,0xC0C0,0xC920,0xD9C0,0xD9E0,0xC920,0xB020,0xB060,0xB880,0xC920,0xD160,0xD160,
    0xC920,0xD1A0,0xD9E0,0xD180,0xD160,0xD9E0,0xE220,0xC8E0,0xF321,0xFCC3,0xFB41,0xEA80,
    0xE220,0xE240,0xE240,0xD1A0,0xD1A0,0xD180,0xC940,0xC920,0xD160,0xC920,0xC0C0,0xC0C0,
    0xC0E0,0xC940,0xE220,0xE200,0xC920,0xC0C0,0xC940,0xD9A0,0xE220,0xF2C0,0xEA80,0xD160,
    0xB880,0xC0E0,0xB020,0xB040,0xE200,0xEA80,0xC940,0xD160,0xD9C0,0xDA00,0xC920,0xB860,
    0xB840,0xA820,0xB040,0xB880,0xC900,0xD1A0,0xD1A0,0xC900,0xC0E0,0xC0C0,0xC900,0xE220,
    0xE220,0xC900,0xB8A0,0xC0C0,0xC900,0xB860,0xC0C0,0xD9C0,0xD9C0,0xD180,0xC940,0xD180,
    0xD9E0,0xD9C0,0xD1A0,0xD180,0xC920,0xC940,0xC960,0xC0A0,0xB860,0xB860,0xC0C0,0xB880,
    0xA800,0xB060,0xB000,0xA000,0xA000,0xA800,0xB040,0xB880,0xA800,0xB880,0xB040,0xB020,
    0xB860,0xC0E0,0xC920,0xD180,0xC940,0xE200,0xE240,0xC920,0xC0C0,0xD9E0,0xE240,0xF2E0,
    0xEA80,0xC900,0xB040,0xC900,0xD180,0xC920,0xC0C0,0xB040,0xA000,0xA000,0xA800,0xA820,
    0xB8A0,0xB860,0xB060,0xB040,0xB860,0xD180,0xD9A0,0xB860,0xA000,0xB860,0xC900,0xC100,
    0xB060,0xA800,0xA800,0xC0E0,0xDA00,0xD180,0xC0E0,0xB8A0,0xB060,0xC0C0,0xC0E0,0xB020,
    0xB8A0,0xD180,0xC920,0xC920,0xD160,0xC0E0,0xC940,0xB040,0xC0C0,0xD9C0,0xD9C0,0xF320,
    0xFBC0,0xD180,0xD180,0xC0E0,0xB060,0xB060,0xD160,0xD9C0,0xD160,0xC940,0xE220,0xE220,
    0xDA00,0xE220,0xD9C0,0xD1A0,0xD9E0,0xE220,0xE240,0xD180,0xD160,0xD1A0,0xD9E0,0xE200,
    0xD9C0,0xD1A0,0xD1A0,0xE200,0xDA00,0xD1A0,0xC920,0xC940,0xD160,0xD180,0xD9C0,0xD9E0,
    0xEA80,0xF2E0,0xE240,0xD9C0,0xB8A0,0xD9C0,0xE200,0xC900,0xC0E0,0xC920,0xE200,0xD9E0,
    0xEA40,0xFB40,0xFC03,0xC0C0,0xB040,0xC0E0,0xC940,0xC940,0xD9C0,0xD9C0,0xE240,0xD9E0,
    0xC0E0,0xB040,0xB880,0xD9A0,0xFB60,0xD9C0,0xB040,0xA800,0xC940,0xDA00,0xD9C0,0xC900,
    0xC940,0xC100,0xD160,0xC920,0xB8A0,0xC100,0xD9C0,0xE240,0xD9C0,0xC940,0xC940,0xC0E0,
    0xB880,0xC0C0,0xC0C0,0xB8A0,0xC100,0xB880,0xB8A0,0xC0A0,0xB860,0xB880,0xC0C0,0xA000,
    0xA000,0xB020,0xA820,0xC0E0,0xC0E0,0xD160,0xFB20,0xE240,0xD9C0,0xE220,0xD1A0,0xB060,
    0xA800,0xA000,0x9800,0xA000,0xA000,0xB880,0xC0C0,0xD160,0xD180,0xC0E0,0xB040,0xA820,
    0xC0C0,0xD180,0xD160,0xB8A0,0xA820,0xA020,0xA800,0xB8A0,0xC920,0xC920,0xB860,0xC0E0,
    0xD9E0,0xD160,0xA820,0xB040,0xD160,0xE240,0xC940,0xB040,0xB040,0xB860,0xB040,0xA800,
    0xA800,0xA820,0xDA00,0xF300,0xD1A0,0xC940,0xB880,0xB060,0xB040,0xB040,0xB880,0xC0C0,
    0xB8A0,0xC900,0xB880,0xA820,0xB040,0xD160,0xC100,0xC0C0,0xC0E0,0xA820,0xC0E0,0xD9C0,
    0xD1A0,0xD160,0xB8A0,0xB880,0xB880,0xB060,0xC0C0,0xE200,0xF2E0,0xC0E0,0xA800,0xA800,
    0xC0C0,0xD9E0,0xE220,0xB8A0,0xA000,0x9800,0xA820,0xB880,0xB060,0xB8C0,0xC920,0xC940,
    0xB8A0,0xB020,0xB880,0xB8A0,0xB880,0xB8A0,0xB880,0xB040,0xA000,0xB860,0xB880,0xA800,
    0xC940,0xF300,0xD9E0,0xD9C0,0xC100,0xB880,0xC900,0xB020,0xC0E0,0xC0C0,0xA000,0xA800,
    0xA800,0xB020,0xC0C0,0xC940,0xD9C0,0xC920,0xB060,0xC0C0,0xDA00,0xE220,0xC900,0xE200,
    0xDA00,0xC900,0xB880,0xB880,0xD180,0xC0E0,0xC960,0xD180,0xC0C0,0xA820,0xB040,0xC100,
    0xD9C0,0xD1A0,0xC0C0,0xD140,0xC920,0xC920,0xD180,0xD9C0,0xE240,0xEA80,0xEAA0,0xDA00,
    0xD9E0,0xE220,0xD9A0,0xC920,0xD9C0,0xD1A0,0xC900,0xC920,0xC920,0xC0E0,0xC0C0,0xD160,
    0xD1A0,0xC0E0,0xB060,0xB040,0xB880,0xC0C0,0xC0C0,0xD140,0xC0A0,0xC900,0xD1A0,0xE220,
    0xE240,0xD160,0xC900,0xD9A0,0xD140,0xD180,0xC940,0xB040,0xB020,0xC0C0,0xB880,0xC900,
    0xD9C0,0xD1A0,0xD160,0xD9C0,0xD180,0xE220,0xE200,0xD180,0xC940,0xD9C0,0xD160,0xC920,
    0xC100,0xD180,0xD180,0xE240,0xFB20,0xE220,0xE240,0xD9A0,0xB8A0,0xC0C0,0xD140,0xC940,
    0xC940,0xDA00,0xF2A0,0xC940,0xD9E0,0xD9C0,0xD180,0xD9C0,0xC900,0xB060,0xB020,0xB040,
    0xC940,0xD9C0,0xD9E0,0xD180,0xC920,0xD9C0,0xE240,0xC940,0xC900,0xC940,0xD160,0xD9A0,
    0xE220,0xC900,0xB880,0xC900,0xEA60,0xF2C0,0xE240,0xD160,0xB060,0xB060,0xDA00,0xE220,
    0xEA60,0xD9E0,0xB060,0xC0E0,0xD9E0,0xEAA0,0xD9C0,0xD9A0,0xC0E0,0xD9A0,0xEA80,0xE200,
    0xD180,0xE220,0xEAA0,0xE240,0xF300,0xF2E0,0xEA80,0xEA80,0xE240,0xE200,0xD1A0,0xC920,
    0xD180,0xE220,0xF2E0,0xE200,0xC920,0xC940,0xC920,0xC920,0xC0C0,0xD160,0xD1A0,0xD180,
    0xC0C0,0xA800,0xC100,0xD9A0,0xDA00,0xF2A0,0xF2C0,0xD160,0xC940,0xD140,0xB8A0,0xB880,
    0xD180,0xF2A0,0xDA00,0xC0E0,0xC100,0xDA00,0xC920,0xB8A0,0xC920,0xC0C0,0xA800,0xA800,
    0xB860,0xC900,0xC940,0xC920,0xB8A0,0xC900,0xD9A0,0xD1A0,0xC900,0xB8A0,0xC0E0,0xC920,
    0xC920,0xC100,0xB8A0,0xD160,0xD9C0,0xD180,0xD180,0xD9C0,0xD9E0,0xD9E0,0xD180,0xC920,
    0xC920,0xD160,0xD160,0xC940,0xB880,0xB020,0xB060,0xB880,0xB8A0,0xB020,0xA800,0x9000,
    0x9000,0xA000,0xA800,0xA800,0xA800,0xB020,0xA800,0xB040,0xC0A0,0xC0E0,0xB880,0xA800,
    0xB860,0xD160,0xC0E0,0xC900,0xD1A0,0xD9A0,0xE200,0xFBE0,0xF300,0xC900,0xC920,0xB880,
    0xB880,0xC0E0,0xC940,0xB880,0x9800,0x9800,0x9800,0x9800,0xB860,0xC920,0xC0E0,0xC920,
    0xB8A0,0xC0C0,0xD180,0xC940,0xC0C0,0xB040,0xC0C0,0xC0C0,0xB040,0xA000,0xA000,0xC0A0,
    0xC940,0xC100,0xD9C0,0xE220,0xD9C0,0xD160,0xB040,0xA800,0xA800,0xB8A0,0xD9E0,0xE220,
    0xE220,0xD180,0xC960,0xC0C0,0xB8A0,0xD160,0xD160,0xEA80,0xEA80,0xD9E0,0xE220,0xC940,
    0xB8A0,0xB060,0xC900,0xD180,0xE200,0xD180,0xC940,0xD1A0,0xD1A0,0xD160,0xD180,0xD9E0,
    0xE200,0xD9A0,0xD160,0xD160,0xD9E0,0xD160,0xC100,0xD180,0xD160,0xD180,0xEA80,0xEA40,
    0xD9E0,0xD160,0xC940,0xC0C0,0xC900,0xD160,0xD9C0,0xC940,0xC0C0,0xE240,0xEAA0,0xD9E0,
    0xC900,0xE220,0xD9E0,0xB040,0xC0E0,0xC0C0,0xB060,0xB060,0xB8A0,0xD160,0xD9A0,0xB880,
    0xB880,0xC0E0,0xC940,0xB880,0xC0E0,0xD1A0,0xD9C0,0xD9E0,0xD1A0,0xB8A0,0xB020,0xC920,
    0xF2E0,0xD1A0,0xB020,0xB880,0xD160,0xD160,0xC920,0xB8A0,0xB8A0,0xC0A0,0xC0C0,0xC0E0,
    0xB860,0xB040,0xDA00,0xE240,0xD180,0xB8A0,0xC0E0,0xC900,0xC0C0,0xC0E0,0xC0E0,0xC0C0,
    0xB040,0xC920,0xC900,0xB880,0xA800,0xB020,0xB020,0xA800,0xA800,0xA800,0xB8A0,0xD9E0,
    0xC940,0xC960,0xD9E0,0xD1A0,0xD160,0xD180,0xC0C0,0xB8A0,0xC940,0xC900,0xA800,0xA000,
    0xC0E0,0xDA00,0xEA60,0xC920,0xC920,0xD9C0,0xC920,0xB8A0,0xC0E0,0xB020,0xC900,0xC920,
    0xA020,0xA000,0xB020,0xB040,0xB040,0xC8E0,0xB880,0xC100,0xD9E0,0xEA80,0xD180,0xB8A0,
    0xEAA0,0xFB20,0xC920,0xB040,0xEA40,0xD9E0,0xB020,0xB020,0xA000,0xA820,0xC940,0xEA60,
    0xF2C0,0xD9C0,0xD9A0,0xC0C0,0xC0E0,0xD9E0,0xD9E0,0xC0E0,0xB880,0xA820,0x9800,0xA820,
    0xC0E0,0xD9E0,0xEA80,0xE260,0xC0E0,0xB040,0xB040,0xC900,0xD9C0,0xD9C0,0xC940,0xA820,
    0xA000,0xB020,0xB040,0xD160,0xD180,0xB040,0xA800,0xA000,0xB880,0xB8A0,0xB880,0xA800,
    0x9800,0x9800,0xA800,0xC0C0,0xD180,0xD1A0,0xE200,0xD180,0xC0E0,0xC0C0,0xC940,0xB880,
    0xA020,0xB8A0,0xD180,0xC920,0xC100,0xD9A0,0xC0C0,0xB880,0xC940,0xE220,0xD160,0xD9C0,
    0xD1A0,0xC960,0xC0C0,0xB040,0xB020,0xC900,0xC920,0xB8C0,0xB8A0,0xD180,0xD9C0,0xD180,
    0xD160,0xC0C0,0xA800,0xB060,0xEA40,0xE220,0xD160,0xC920,0xC0E0,0xC0C0,0xC920,0xC920,
    0xA820,0xB040,0xD9E0,0xF340,0xE260,0xC920,0xD9E0,0xE200,0xC940,0xC100,0xB040,0xB880,
    0xB880,0xB880,0xC0E0,0xD160,0xE240,0xF2A0,0xF2E0,0xF2E0,0xEA60,0xD9C0,0xC940,0xD160,
    0xD9A0,0xC940,0xC0C0,0xC900,0xB880,0xC0E0,0xC100,0xD1A0,0xE220,0xC920,0xC900,0xB880,
    0xB8A0,0xC900,0xB8A0,0xC920,0xC900,0xC920,0xC960,0xD9E0,0xE200,0xD180,0xD9C0,0xD9E0,
    0xC920,0xD180,0xD9C0,0xD180,0xD160,0xC940,0xC0C0,0xC0E0,0xC940,0xC100,0xB860,0xC940,
    0xD9A0,0xD9E0,0xD180,0xC0C0,0xC0E0,0xE200,0xE240,0xD9E0,0xD1A0,0xD160,0xD180,0xE240,
    0xE220,0xC0E0,0xC940,0xD180,0xD9C0,0xC900,0xC900,0xC920,0xE200,0xE240,0xEA80,0xC940,
    0xB020,0xC0C0,0xC0C0,0xC920,0xB060,0xB040,0xE220,0xE280,0xD140,0xD180,0xD160,0xC0E0,
    0xB880,0xC0C0,0xC920,0xB8A0,0xB8A0,0xB8A0,0xC900,0xD9C0,0xFBC0,0xEA40,0xD9E0,0xD180,
    0xC940,0xD160,0xD160,0xC900,0xB8A0,0xB880,0xD1A0,0xEA80,0xE240,0xD160,0xC0C0,0xC920,
    0xF2A0,0xE240,0xD9C0,0xD1A0,0xC0E0,0xD180,0xD9E0,0xD1A0,0xD9E0,0xE240,0xE220,0xEA60,
    0xE220,0xC0E0,0xD9E0,0xE240,0xD9E0,0xD9E0,0xC940,0xC0C0,0xC940,0xE240,0xEAA0,0xEA40,
    0xD180,0xD1A0,0xD9E0,0xC940,0xD160,0xC940,0xC0E0,0xD9A0,0xD9E0,0xC0C0,0xB040,0xD9C0,
    0xE220,0xD1A0,0xE200,0xE240,0xEA80,0xEA80,0xE240,0xD180,0xC920,0xE200,0xF2A0,0xD1A0,
    0xC0C0,0xC0C0,0xD140,0xD9C0,0xDA00,0xE240,0xD160,0xD160,0xD9E0,0xDA00,0xD180,0xC920,
    0xC0E0,0xC900,0xD9E0,0xD9C0,0xC0C0,0xB880,0xC0C0,0xC920,0xC920,0xC900,0xC0E0,0xC0E0,
    0xC920,0xC0E0,0xC0E0,0xD180,0xD9E0,0xD1A0,0xC940,0xD160,0xDA00,0xD9C0,0xD180,0xC940,
    0xC0A0,0xB860,0xC0E0,0xC920,0xB860,0xA800,0xA000,0x9800,0xA000,0xA000,0xA800,0xB040,
    0xB8A0,0xB880,0xB860,0xB880,0xB860,0xC0C0,0xC940,0xC940,0xE200,0xFB20,0xC920,0xB860,
    0xD9E0,0xE200,0xD9E0,0xEA80,0xD180,0xC900,0xD9E0,0xB8A0,0xB060,0xB8A0,0xD160,0xC0C0,
    0xA000,0xA000,0xA000,0xB060,0xB860,0xB860,0xA800,0xB880,0xB880,0xB060,0xC0E0,0xD9A0,
    0xC0E0,0xB020,0xA800,0xB860,0xC920,0xC0C0,0xB880,0xD9C0,0xC940,0xB880,0xC940,0xC940,
    0xEA80,0xD9C0,0xB860,0xC0C0,0xC940,0xEAE0,0xF2E0,0xF2E0,0xD9A0,0xD9C0,0xD1A0,0xD9C0,
    0xC0E0,0xC920,0xD9E0,0xE200,0xD180,0xD9C0,0xE220,0xD9C0,0xD1A0,0xD9A0,0xD180,0xC940,
    0xC920,0xD1A0,0xC0E0,0xC0C0,0xC900,0xB880,0xC0C0,0xD180,0xD180,0xC100,0xD180,0xD1A0,
    0xC0C0,0xC0C0,0xB8A0,0xC960,0xD160,0xD160,0xE240,0xEA60,0xC920,0xB880,0xC0E0,0xC0E0,
    0xC0C0,0xC920,0xC0E0,0xB860,0xC0E0,0xDA00,0xFC02,0xEAA0,0xD180,0xC100,0xB8A0,0xB040,
    0xC0E0,0xC920,0xB8A0,0xB020,0xA800,0xB040,0xB880,0xC0A0,0xC0C0,0xC0E0,0xD9E0,0xC920,
    0xB860,0xD180,0xC920,0xD160,0xD1A0,0xC900,0xB8A0,0xB040,0xC940,0xC0E0,0xC100,0xD180,
    0xD180,0xD180,0xC940,0xC0E0,0xC0C0,0xC940,0xB020,0xB060,0xC0C0,0xC0C0,0xD9A0,0xD9C0,
    0xB8A0,0xB060,0xB880,0xC900,0xC0C0,0xC100,0xC0E0,0xB8A0,0xB040,0xB860,0xB060,0xB020,
    0xA800,0xA800,0xB000,0xB000,0xB040,0xB040,0xC900,0xC960,0xD9E0,0xD1A0,0xD9A0,0xD9C0,
    0xC940,0xC0C0,0xB8A0,0xB8A0,0xD160,0xE220,0xB8A0,0xB840,0xC900,0xE240,0xFB60,0xEA60,
    0xD160,0xC940,0xC0C0,0xC0C0,0xB880,0xB020,0xD140,0xD9C0,0xB8A0,0xB040,0xB860,0xB8A0,
    0xD180,0xC920,0xB880,0xC920,0xD180,0xE220,0xD160,0xD1A0,0xE240,0xC100,0xA000,0xA800,
    0xC900,0xC940,0xC900,0xB880,0xB060,0xC0C0,0xC0E0,0xD1A0,0xD9E0,0xD160,0xB8A0,0xA800,
    0xC900,0xFBC1,0xFB81,0xC940,0xC0A0,0xA800,0xA000,0xB020,0xC940,0xB8A0,0xD180,0xE220,
    0xC0C0,0xB8A0,0xC0E0,0xC900,0xB8A0,0xC100,0xC0E0,0xB040,0xA800,0xA800,0xC920,0xEA40,
    0xD140,0xC920,0xB860,0xB020,0xC0C0,0xC0C0,0xB020,0xB060,0xA800,0xA000,0xB060,0xA820,
    0xB880,0xD160,0xD180,0xC920,0xC940,0xC940,0xC920,0xB860,0xA820,0xB8A0,0xC940,0xC0C0,
    0xD160,0xD1A0,0xB880,0xB840,0xC0C0,0xC0C0,0xC0C0,0xB860,0xC0E0,0xC940,0xC0E0,0xC940,
    0xEA60,0xEA60,0xE240,0xD180,0xC0C0,0xD160,0xD180,0xD1A0,0xD160,0xC0C0,0xB040,0xB040,
    0xC940,0xEA60,0xF2E0,0xE240,0xD180,0xB040,0xB880,0xC920,0xC100,0xC100,0xE220,0xFB60,
    0xF300,0xE220,0xE220,0xEA80,0xE220,0xC900,0xB020,0xB880,0xC0C0,0xC0C0,0xC900,0xC0E0,
    0xB8A0,0xC900,0xD160,0xD160,0xE200,0xD9C0,0xC0E0,0xB880,0xC900,0xD160,0xD9E0,0xD9E0,
    0xB8A0,0xB8A0,0xC900,0xD9C0,0xD9C0,0xD180,0xD1A0,0xC0C0,0xC0E0,0xB8A0,0xB860,0xC0C0,
    0xC0C0,0xC940,0xD9C0,0xE240,0xE240,0xDA00,0xD180,0xB880,0xA800,0xC0C0,0xF300,0xF2E0,
    0xE240,0xD1A0,0xD9A0,0xC920,0xC920,0xC900,0xC0A0,0xD160,0xD180,0xC940,0xC0C0,0xB880,
    0xB860,0xC0C0,0xC940,0xD1A0,0xD9E0,0xC960,0xC940,0xD9E0,0xD160,0xB8A0,0xB860,0xB880,
    0xC0E0,0xC0E0,0xE240,0xD9E0,0xD160,0xC940,0xC0E0,0xB8A0,0xC940,0xB040,0xB020,0xB860,
    0xA800,0xB8A0,0xEAA0,0xFB80,0xD9E0,0xC940,0xC0C0,0xB880,0xB060,0xB8A0,0xB020,0xB080,
    0x9800,0xB060,0xC920,0xD9C0,0xEA80,0xEA40,0xE240,0xDA00,0xD1A0,0xD180,0xB8A0,0xB880,
    0xB8A0,0xB8A0,0xC940,0xE220,0xE220,0xD9E0,0xD9C0,0xD9E0,0xE220,0xC100,0xB8A0,0xC900,
    0xD140,0xD160,0xC900,0xC0E0,0xD9C0,0xD160,0xC900,0xC900,0xC940,0xC900,0xE220,0xEA60,
    0xE200,0xD9E0,0xC920,0xC0E0,0xD1A0,0xE220,0xD9C0,0xC100,0xB8A0,0xC900,0xD9E0,0xD9E0,
    0xD9C0,0xC920,0xD9C0,0xC0C0,0xC0E0,0xC920,0xC0C0,0xD160,0xE200,0xD1A0,0xD160,0xEA60,
    0xF2E0,0xEA80,0xEA80,0xE240,0xD160,0xC0E0,0xD140,0xB8A0,0xB040,0xB860,0xD9C0,0xEA80,
    0xD9A0,0xD9C0,0xE220,0xEA60,0xEA80,0xEA40,0xE220,0xD9C0,0xD180,0xC0E0,0xC920,0xD160,
    0xC0E0,0xC100,0xC900,0xC0A0,0xC900,0xC940,0xC900,0xC0E0,0xC100,0xC0C0,0xC0E0,0xD180,
    0xDA00,0xD160,0xC920,0xD180,0xD9C0,0xD1A0,0xD160,0xD1A0,0xC940,0xB040,0xB060,0xB880,
    0xB040,0xB020,0xA800,0xA800,0xA800,0xB020,0xB880,0xC0C0,0xC0E0,0xC0C0,0xD160,0xD9C0,
    0xC0E0,0xC0E0,0xD9C0,0xEA80,0xE220,0xD9C0,0xC0E0,0xC900,0xEAA0,0xFB40,0xD180,0xB880,
    0xA840,0xA820,0xB880,0xC0E0,0xB040,0xB8A0,0xD160,0xC920,0xB8A0,0xB020,0xB860,0xC0A0,
    0xB020,0xB040,0xC0C0,0xA820,0xA000,0xA800,0xB060,0xC0E0,0xC900,0xA820,0xB020,0xC100,
    0xD9C0,0xC940,0xA820,0xB8A0,0xC900,0xC900,0xC0C0,0xB040,0xD9C0,0xC920,0xC900,0xC940,
    0xE220,0xFBA0,0xFB80,0xFB80,0xB860,0xC920,0xD160,0xD180,0xD9C0,0xE200,0xDA00,0xD9C0,
    0xD9C0,0xD9E0,0xD9C0,0xD160,0xD1A0,0xEA40,0xE240,0xD180,0xB880,0xB060,0xC0E0,0xC0E0,
    0xC940,0xB8A0,0xC0E0,0xD180,0xD180,0xC0E0,0xC0E0,0xC0E0,0xA800,0xA800,0xB060,0xB060,
    0xB060,0xC920,0xE200,0xD180,0xB8A0,0xB8A0,0xC0A0,0xC920,0xD180,0xDA00,0xD180,0xC100,
    0xD160,0xC940,0xE240,0xD9E0,0xC0E0,0xC0C0,0xB860,0xB880,0xC0E0,0xC100,0xB8A0,0xB880,
    0xB040,0xB880,0xB8A0,0xC940,0xC0E0,0xD160,0xEA60,0xEA80,0xC940,0xC920,0xD180,0xC960,
    0xC920,0xC0C0,0xB8A0,0xB880,0xB8A0,0xB880,0xC900,0xC0E0,0xC920,0xC920,0xB060,0xB020,
    0xB060,0xC900,0xB880,0xB880,0xC900,0xC0C0,0xC920,0xC940,0xC0C0,0xB040,0xB000,0xB880,
    0xB8A0,0xB860,0xB040,0xA800,0xB040,0xB020,0xA000,0xA000,0xA000,0xA800,0xB000,0xB040,
    0xA820,0xB060,0xC100,0xD160,0xEA60,0xFB20,0xEA60,0xDA00,0xB8A0,0xB020,0xA800,0xB860,
    0xB860,0xC100,0xD180,0xD180,0xC100,0xD140,0xE240,0xEA60,0xD180,0xB040,0xA000,0xA000,
    0xA000,0xA800,0xC920,0xD1A0,0xC0E0,0xC0E0,0xD180,0xDA00,0xF300,0xE200,0xB860,0xC0C0,
    0xEA60,0xC0E0,0xB060,0xD1A0,0xD9C0,0xB060,0xA800,0xB880,0xB8A0,0xB880,0xD160,0xC900,
    0xC900,0xC920,0xC900,0xB880,0xB8A0,0xC900,0xA820,0xA800,0xD160,0xE280,0xD1A0,0xC940,
    0xC920,0xC0C0,0xA800,0xB040,0xD9E0,0xD9C0,0xC100,0xE220,0xC940,0xC0E0,0xE240,0xD9C0,
    0xB040,0xB040,0xB880,0xB880,0xC0C0,0xC0E0,0xC0E0,0xB8C0,0xC100,0xC0C0,0xB8A0,0xB020,
    0xB060,0xC0E0,0xC0E0,0xB060,0xB020,0xB8A0,0xC0C0,0xA000,0xA800,0xB880,0xB880,0xC0E0,
    0xC0A0,0xB060,0xB880,0xC920,0xC0C0,0xB860,0xB040,0xA820,0xB020,0xB040,0xB020,0xA800,
    0xC0A0,0xC940,0xD180,0xC0E0,0xC900,0xC0E0,0xC0E0,0xD9E0,0xEAA0,0xF2A0,0xE200,0xB880,
    0xB8A0,0xB860,0xC920,0xB8A0,0xB8C0,0xE200,0xD1A0,0xC100,0xC0C0,0xD9C0,0xF300,0xE240,
    0xC0C0,0xC0E0,0xC0A0,0xC920,0xC0E0,0xD160,0xD180,0xC900,0xC100,0xB880,0xC0E0,0xD160,
    0xD180,0xC920,0xB040,0xC0A0,0xB860,0xA800,0xB8A0,0xC940,0xB8A0,0xB040,0xB040,0xA800,
    0xC0C0,0xC900,0xC920,0xC900,0xB880,0xC0C0,0xC940,0xD9C0,0xD1A0,0xB880,0xC0C0,0xD1A0,
    0xC920,0xD9A0,0xE220,0xD160,0xD160,0xC0E0,0xB860,0xD9E0,0xE220,0xE240,0xE200,0xE220,
    0xD9C0,0xC900,0xC920,0xC900,0xB8A0,0xD9C0,0xF2C0,0xE240,0xE240,0xE200,0xD9E0,0xDA00,
    0xDA00,0xD1A0,0xD180,0xD9E0,0xD9C0,0xD180,0xC920,0xC940,0xD160,0xD160,0xD1A0,0xE200,
    0xE220,0xC900,0xB060,0xC940,0xC0E0,0xC0C0,0xC0C0,0xB040,0xB040,0xD1A0,0xEA60,0xD9C0,
    0xC0A0,0xB060,0xB8A0,0xD1A0,0xD1A0,0xB880,0xC940,0xC920,0xC940,0xE220,0xE220,0xEA80,
    0xD160,0xC900,0xC0E0,0xC0E0,0xC900,0xD180,0xB020,0x9800,0x9000,0xB040,0xA840,0xD180,
    0xD9E0,0xE220,0xE200,0xD9E0,0xDA00,0xD9C0,0xD160,0xC0C0,0xC0C0,0xC0C0,0xC0C0,0xD9A0,
    0xE220,0xDA00,0xE220,0xD9C0,0xD1A0,0xC920,0xC940,0xD9E0,0xD180,0xD9C0,0xE200,0xD9E0,
    0xD9A0,0xC0E0,0xC940,0xC920,0xB8A0,0xB8A0,0xD1A0,0xE200,0xD9C0,0xD9C0,0xC0E0,0xC0A0,
    0xD180,0xE220,0xD9C0,0xC100,0xB8A0,0xC920,0xE240,0xEA80,0xD180,0xB8A0,0xC920,0xC920,
    0xC0E0,0xE220,0xE220,0xD9C0,0xE220,0xD9C0,0xD160,0xD180,0xD9C0,0xD9C0,0xD9A0,0xD9E0,
    0xD180,0xC940,0xC940,0xC0E0,0xC940,0xC900,0xD9E0,0xE220,0xE200,0xD9C0,0xD180,0xD9E0,
    0xF300,0xE240,0xD9C0,0xD9A0,0xD160,0xC0E0,0xB880,0xC0E0,0xC0E0,0xC940,0xC940,0xC0C0,
    0xC0C0,0xC900,0xD180,0xD1A0,0xC940,0xC900,0xC900,0xD1A0,0xD180,0xC0C0,0xB880,0xC0A0,
    0xC940,0xD180,0xD180,0xD160,0xC900,0xB8A0,0xB860,0xB880,0xB020,0xB000,0xB040,0xB860,
    0xA800,0xB020,0xB020,0xB020,0xB880,0xC920,0xE220,0xE240,0xD160,0xD1A0,0xE220,0xF2C0,
    0xF320,0xF2C0,0xD140,0xC100,0xD9C0,0xF2E0,0xD180,0xB860,0x9800,0x9800,0xB060,0xD9E0,
    0xD9C0,0xD160,0xD9A0,0xD160,0xC920,0xC940,0xB8C0,0xA800,0xB060,0xC0E0,0xD180,0xB040,
    0xB040,0xC0C0,0xC0A0,0xB880,0xC0C0,0xB020,0xA800,0xA800,0xB040,0xB040,0xA820,0xC100,
    0xD9C0,0xD9E0,0xD160,0xC920,0xC0A0,0xB860,0xB860,0xA820,0xC0E0,0xC920,0xD160,0xD1A0,
    0xB020,0xB040,0xB8A0,0xC940,0xD1A0,0xE220,0xE200,0xC940,0xC940,0xD180,0xC0E0,0xC900,
    0xD1A0,0xEAA0,0xF2C0,0xD9C0,0xD9A0,0xD1A0,0xD1A0,0xD9E0,0xD9E0,0xD160,0xC960,0xC920,
    0xD9C0,0xD180,0xC0E0,0xA800,0xA800,0xA800,0xA800,0xB020,0xB020,0xB040,0xA020,0xA800,
    0xB880,0xC0E0,0xC0C0,0xC900,0xD160,0xD9C0,0xD1A0,0xC920,0xC0E0,0xB880,0xB040,0xC920,
    0xC0E0,0xB860,0xB020,0xB020,0xB8A0,0xC0C0,0xB880,0xB020,0xB880,0xC940,0xD160,0xC920,
    0xB040,0xC900,0xD1A0,0xD180,0xB8A0,0xB860,0xC900,0xC920,0xC0C0,0xC0A0,0xB880,0xC0A0,
    0xB860,0xB040,0xD160,0xC920,0xC0E0,0xC0E0,0xB860,0xB020,0xB880,0xC0C0,0xC0A0,0xC0E0,
    0xD160,0xC0E0,0xC920,0xC940,0xC920,0xC0E0,0xC0C0,0xB880,0xB040,0xB020,0xB000,0xA800,
    0xB880,0xB880,0xB060,0xB020,0xA000,0xA800,0xB020,0xB040,0xB020,0xB040,0xC0C0,0xD160,
    0xD9E0,0xD180,0xB060,0xC0C0,0xA800,0xA800,0xB020,0xB8A0,0xC0E0,0xC920,0xD9C0,0xD1A0,
    0xE200,0xF2C0,0xD9E0,0xC0C0,0xB060,0xA820,0xA820,0xA000,0xA000,0xA000,0xB8A0,0xD9A0,
    0xC920,0xC0E0,0xC920,0xEAE0,0xFBA1,0xF2E0,0xE220,0xD9C0,0xD9C0,0xB040,0xA800,0xC0E0,
    0xC900,0xB880,0xA000,0xB080,0xEA80,0xEAA0,0xC920,0xC0E0,0xC0C0,0xC900,0xB060,0xB860,
    0xB8A0,0xC0C0,0xC0E0,0xC0E0,0xD180,0xDA00,0xC900,0xC920,0xC900,0xC0E0,0xB8A0,0xC0C0,
    0xC0E0,0xC0E0,0xD180,0xEA80,0xD1A0,0xC0E0,0xD160,0xD9E0,0xD9E0,0xC940,0xB040,0xA800,
    0xA820,0xB020,0xA000,0xA800,0xA800,0xA800,0xB020,0xA800,0x9800,0xB8C0,0xC940,0xD9C0,
    0xF2C0,0xD160,0xD160,0xD180,0xB880,0xB880,0xE240,0xDA00,0xC920,0xC0E0,0xC940,0xD180,
    0xC0A0,0xB040,0xB060,0xA000,0xA820,0xB040,0xA800,0xB8A0,0xC900,0xD180,0xE220,0xC940,
    0xB8A0,0xB060,0xC0C0,0xC940,0xC940,0xC940,0xC920,0xC0E0,0xC940,0xC0E0,0xB8A0,0xB060,
    0xA820,0xD9C0,0xD180,0xC940,0xD9C0,0xC920,0xC920,0xB860,0xA820,0xC0C0,0xD180,0xD180,
    0xB8A0,0xB040,0xC0E0,0xD9C0,0xC940,0xB040,0x9800,0xA800,0xA800,0xC0C0,0xC900,0xC100,
    0xC0A0,0xB040,0xA800,0xC0C0,0xC920,0xC940,0xC920,0xC920,0xD9C0,0xD180,0xD180,0xC940,
    0xB860,0xB040,0xB020,0xA800,0xC100,0xC100,0xC900,0xE240,0xD9C0,0xC900,0xD9C0,0xD9C0,
    0xD1C0,0xE200,0xD1C0,0xD9E0,0xE200,0xD9C0,0xD9E0,0xD1A0,0xD160,0xE240,0xF2E0,0xE240,
    0xD9E0,0xEAA0,0xF300,0xD9C0,0xDA00,0xE220,0xDA00,0xD1A0,0xD160,0xC920,0xD160,0xD9C0,
    0xD9C0,0xD180,0xD180,0xD1A0,0xD9E0,0xD9E0,0xE220,0xE240,0xE220,0xC0E0,0xB860,0xB880,
    0xC900,0xD1A0,0xD9E0,0xD9A0,0xD9C0,0xDA00,0xE220,0xE200,0xD9C0,0xD180,0xD180,0xE240,
    0xC940,0xC940,0xD9E0,0xC920,0xD160,0xEA60,0xD160,0xD160,0xC0E0,0xC900,0xD160,0xB040,
    0xC900,0xEA80,0xC940,0xC0E0,0xA860,0xA000,0xA000,0xB8A0,0xD180,0xD9A0,0xD9C0,0xD9E0,
    0xE220,0xD9E0,0xC940,0xB8A0,0xD160,0xD9C0,0xD9C0,0xD180,0xD180,0xC900,0xC920,0xD9C0,
    0xE240,0xE200,0xE220,0xE240,0xD1A0,0xD9E0,0xE240,0xE220,0xD9C0,0xC0E0,0xD160,0xD9C0,
    0xD1A0,0xC940,0xD160,0xC940,0xD180,0xD9E0,0xC920,0xB020,0xB880,0xD160,0xD160,0xD180,
    0xC920,0xD160,0xD9C0,0xD1A0,0xC940,0xC100,0xC0A0,0xD9A0,0xD9E0,0xEA60,0xEA60,0xD180,
    0xD1A0,0xD9C0,0xB8A0,0xB040,0xB040,0xB8A0,0xC0C0,0xC900,0xD9C0,0xEAA0,0xD9E0,0xD180,
    0xC940,0xD1A0,0xD9E0,0xD1A0,0xC920,0xD160,0xC920,0xB880,0xDA00,0xE240,0xD180,0xD9C0,
    0xD160,0xC900,0xC0C0,0xC0E0,0xC920,0xC960,0xC100,0xB880,0xC0A0,0xC900,0xD180,0xD1A0,
    0xD180,0xD160,0xD180,0xE200,0xD9E0,0xC900,0xC0E0,0xD160,0xD1A0,0xD160,0xC940,0xC100,
    0xC100,0xC0E0,0xC0C0,0xC0A0,0xB880,0xB8A0,0xD9C0,0xD9C0,0xC0E0,0xB040,0xA000,0xB040,
    0xC0E0,0xD160,0xEA60,0xF2C0,0xF2C0,0xF300,0xEA80,0xF2E0,0xFBA0,0xF300,0xD180,0xC940,
    0xD160,0xF300,0xD9E0,0xB880,0xB060,0xB040,0xC0E0,0xE220,0xD9E0,0xC920,0xC0C0,0xB060,
    0xC0C0,0xC920,0xC0C0,0xC0E0,0xC0C0,0xB040,0xB040,0xA800,0xA820,0xB040,0xC0E0,0xC920,
    0xC0E0,0xA800,0xA800,0xA820,0xA800,0xB040,0xC900,0xD9C0,0xD9E0,0xD160,0xD180,0xC920,
    0xC0C0,0xC0C0,0xD160,0xA820,0xA840,0xC0C0,0xB8A0,0xB880,0xD180,0xC920,0xC0C0,0xC0A0,
    0xD1A0,0xD9E0,0xEA60,0xEA80,0xC0E0,0xC100,0xC920,0xC0E0,0xD160,0xDA00,0xE220,0xC920,
    0xD180,0xD9E0,0xE220,0xEA60,0xEAA0,0xE240,0xC100,0xD9C0,0xD9C0,0xC940,0xC0C0,0xB040,
    0xB060,0xA800,0xB040,0xA800,0xA800,0xB020,0xB040,0xB040,0xC0E0,0xB8A0,0xB040,0xB8A0,
    0xC100,0xD180,0xD1A0,0xC920,0xC0C0,0xB8A0,0xB8A0,0xC100,0xC0E0,0xC0C0,0xB8A0,0xB840,
    0xB040,0xB040,0xB020,0xA800,0xC0E0,0xD180,0xD9E0,0xC940,0xB040,0xB860,0xC0C0,0xB040,
    0xA800,0xA800,0xC0C0,0xC0E0,0xC0E0,0xC100,0xC0E0,0xC920,0xC0E0,0xB040,0xB060,0xB880,
    0xB880,0xB880,0xA800,0xA800,0xB020,0xB020,0xA820,0xB880,0xC0C0,0xB020,0xB060,0xB020,
    0xA820,0xB060,0xB040,0xB020,0xA800,0xA800,0xA800,0xA000,0xB880,0xC940,0xB880,0xA800,
    0xA800,0xA800,0xA800,0xB020,0xB860,0xB880,0xD180,0xD9E0,0xC0E0,0xB840,0xB880,0xB020,
    0xA820,0xB040,0xB880,0xC940,0xD9C0,0xEA60,0xE200,0xC0E0,0xC920,0xE200,0xD9E0,0xD160,
    0xB880,0xB040,0xA800,0xB020,0xB860,0xB060,0xC100,0xD180,0xD160,0xC100,0xB8A0,0xC100,
    0xD9C0,0xEA60,0xE240,0xD9E0,0xD9C0,0xC940,0xB040,0xC0C0,0xC900,0xB040,0xB060,0xA800,
    0xD9C0,0xD9E0,0xB880,0xB040,0xB040,0xC0E0,0xB060,0xC0C0,0xC940,0xC920,0xC0E0,0xB880,
    0xC920,0xD9C0,0xC940,0xC900,0xC920,0xC0E0,0xD1A0,0xC0E0,0xA000,0xA800,0xC900,0xC0E0,
    0xA800,0xB060,0xB880,0xC920,0xE240,0xFB20,0xD180,0xB040,0xB040,0xC920,0xC920,0xC900,
    0xC0A0,0xC920,0xC0C0,0xB8A0,0xB8C0,0xA820,0xC920,0xE240,0xD180,0xC100,0xE220,0xFBA0,
    0xE260,0xB880,0xEA80,0xE200,0xEA80,0xEA80,0xD160,0xD160,0xB060,0xC0C0,0xD9E0,0xD160,
    0xD1A0,0xB880,0xB880,0xC0E0,0xC0E0,0xD180,0xE220,0xD160,0xB060,0xB880,0xD180,0xB8C0,
    0xC100,0xD160,0xD1A0,0xD9E0,0xD1A0,0xD1A0,0xB060,0xA000,0xA820,0xC920,0xD1A0,0xE200,
    0xEA60,0xD9A0,0xC0C0,0xB860,0xB040,0xB8A0,0xDA00,0xC940,0xB860,0xA800,0xB040,0xD1A0,
    0xD9C0,0xC920,0xB060,0xA820,0xA800,0xC100,0xC940,0xC900,0xD180,0xC0E0,0xA800,0xA820,
    0xD160,0xD180,0xD9C0,0xEA80,0xE240,0xC940,0xB860,0xB860,0xC0E0,0xC100,0xB880,0xB020,
    0xB860,0xC920,0xC920,0xD9C0,0xDA00,0xC8E0,0xC0C0,0xD160,0xE220,0xE220,0xE240,0xE240,
    0xD9E0,0xD180,0xC920,0xC940,0xD9C0,0xEA80,0xF2A0,0xE240,0xE220,0xF300,0xEA80,0xD1A0,
    0xDA00,0xD9E0,0xE200,0xD1A0,0xC940,0xC940,0xD160,0xD140,0xC920,0xB880,0xB880,0xD180,
    0xD1A0,0xC960,0xC900,0xE220,0xEA80,0xDA00,0xD180,0xC0C0,0xC100,0xC940,0xC940,0xD140,
    0xDA00,0xC920,0xC920,0xEAA0,0xFB00,0xEA40,0xD9C0,0xD1A0,0xD9A0,0xC920,0xB8A0,0xC900,
    0xB860,0xB8A0,0xE260,0xE220,0xC900,0xC920,0xB8A0,0xC0C0,0xE220,0xE240,0xE240,0xF2A0,
    0xC920,0xA000,0xB020,0xB880,0xC940,0xD9C0,0xD9E0,0xE240,0xE220,0xE240,0xEA60,0xE200,
    0xD9E0,0xD9C0,0xD9E0,0xC920,0xC0E0,0xC940,0xD160,0xE200,0xE200,0xE220,0xE220,0xD9E0,
    0xD9E0,0xD180,0xD9A0,0xD9E0,0xD9C0,0xD160,0xD140,0xC940,0xD9C0,0xD1A0,0xC920,0xB8A0,
    0xD9C0,0xD9A0,0xD9E0,0xD1A0,0xB040,0xB040,0xD160,0xD9A0,0xD9C0,0xD1A0,0xD1A0,0xD1A0,
    0xD9C0,0xD9E0,0xC900,0xD160,0xE220,0xEA60,0xE220,0xD9A0,0xFB40,0xF2E0,0xD160,0xC0C0,
    0xB860,0xB040,0xB060,0xB8A0,0xE200,0xFB80,0xE220,0xC0E0,0xC920,0xD180,0xC900,0xC0E0,
    0xC0C0,0xC0E0,0xD180,0xC900,0xB880,0xD160,0xC940,0xC900,0xC900,0xC900,0xC0E0,0xC0E0,
    0xC920,0xC0E0,0xC0C0,0xB880,0xC0E0,0xC940,0xC940,0xC940,0xC940,0xD180,0xD9A0,0xD9E0,
    0xE220,0xC920,0xC0C0,0xC0E0,0xC0E0,0xC0C0,0xC940,0xD160,0xB880,0xB860,0xB060,0xB8A0,
    0xC900,0xE240,0xFB20,0xE240,0xD9E0,0xD180,0xC0C0,0xB880,0xC0C0,0xD180,0xDA00,0xE200,
    0xF2C0,0xE220,0xD9C0,0xEA60,0xE200,0xD1A0,0xE200,0xD9C0,0xC0E0,0xC900,0xB060,0xB040,
    0xC920,0xD180,0xEAA0,0xF2E0,0xD180,0xC920,0xA000,0x9800,0xA820,0xB040,0xD180,0xC0E0,
    0xA000,0xA800,0xB000,0xB020,0xA800,0xB8A0,0xC0E0,0xC940,0xC900,0xC920,0xD9C0,0xD160,
    0xB880,0xB860,0xB880,0xC920,0xC0C0,0xC0C0,0xC940,0xC900,0xB8A0,0xC920,0xD9E0,0xC900,
    0xD9C0,0xEA80,0xD9C0,0xD9C0,0xD9E0,0xD9E0,0xD140,0xC0E0,0xD180,0xD9E0,0xD9C0,0xC0E0,
    0xC0A0,0xC940,0xD180,0xC920,0xC900,0xC0E0,0xC900,0xC900,0xD180,0xC940,0xD1A0,0xE220,
    0xE240,0xD180,0xB8A0,0xB060,0xC920,0xC900,0xB840,0xD160,0xD180,0xB040,0xB020,0xA820,
    0xB880,0xB880,0xC0E0,0xB8A0,0xC0E0,0xB880,0xB000,0xC0E0,0xB880,0xC900,0xC920,0xB060,
    0xB060,0xB040,0xB040,0xB880,0xB880,0xB8A0,0xC0C0,0xB880,0xB8A0,0xA800,0xB880,0xC940,
    0xD160,0xD160,0xD9C0,0xE240,0xC940,0xB020,0xB020,0xB020,0xA800,0xB060,0xB8A0,0xB880,
    0xD180,0xD180,0xC0E0,0xC920,0xC0E0,0xB060,0xB040,0xB020,0xB020,0xB040,0xB020,0xA820,
    0xA800,0xA800,0xA800,0xB040,0xB040,0xA800,0x9800,0x9800,0x9800,0xA000,0xA800,0xA000,
    0xA000,0x9800,0x9800,0x9000,0xB8C0,0xC920,0xA820,0xA800,0xA800,0xA800,0xB020,0xC0A0,
    0xC0A0,0xC920,0xEA60,0xF300,0xD9E0,0xB8A0,0xB860,0xB020,0xB020,0xB020,0xB8A0,0xC920,
    0xC940,0xD180,0xD160,0xC900,0xC0C0,0xB860,0xB8A0,0xC900,0xD180,0xC920,0xB8A0,0xC100,
    0xD1A0,0xC0E0,0xC0C0,0xC0E0,0xC100,0xD1A0,0xC940,0xC0E0,0xD180,0xE220,0xE240,0xC940,
    0xD9A0,0xD9C0,0xB040,0xC0E0,0xC920,0xC0C0,0xD180,0xD9C0,0xC940,0xB020,0xA800,0xA020,
    0xA820,0xB020,0xB040,0xC0E0,0xD160,0xD9C0,0xC920,0xB040,0xB8A0,0xD180,0xC0C0,0xB8A0,
    0xE240,0xD1A0,0xDA00,0xE220,0xC920,0xA820,0xB020,0xA800,0xA800,0xB040,0xD160,0xEA60,
    0xE260,0xE240,0xC0E0,0xB060,0xB020,0xC940,0xD160,0xC0E0,0xE220,0xD9E0,0xD1A0,0xD160,
    0xD160,0xC0E0,0xA800,0xA000,0xB060,0xC0E0,0xD9C0,0xEAC0,0xEAC0,0xD9E0,0xC940,0xC940,
    0xE220,0xD160,0xC100,0xC920,0xC920,0xD180,0xE220,0xF2C0,0xFBA0,0xE200,0xC0C0,0xB040,
    0xC900,0xC900,0xD160,0xD160,0xB880,0xC0C0,0xD9A0,0xC920,0xB860,0xC900,0xD1A0,0xD180,
    0xD160,0xB8A0,0xB040,0xC0C0,0xC900,0xD180,0xD180,0xD1A0,0xDA00,0xD180,0xC100,0xB020,
    0xA800,0xC0C0,0xC920,0xC960,0xD140,0xC100,0xC0E0,0xC100,0xC0E0,0xC920,0xC940,0xC0A0,
    0xB880,0xC0E0,0xC900,0xD160,0xD9C0,0xD9E0,0xC100,0xC0C0,0xD1A0,0xC900,0xD9C0,0xF2A0,
    0xE200,0xC100,0xB040,0xB8A0,0xD160,0xD160,0xB860,0xB860,0xC940,0xC960,0xC940,0xD1A0,
    0xD9E0,0xC920,0xB860,0xC0E0,0xC940,0xD9E0,0xE220,0xEA60,0xF2E0,0xE220,0xC900,0xC900,
    0xDA00,0xD9E0,0xD9E0,0xD9E0,0xE220,0xEA60,0xD180,0xC920,0xC940,0xC920,0xE200,0xDA00,
    0xD180,0xD1A0,0xD160,0xD9A0,0xC940,0xB8A0,0xC0E0,0xD160,0xD1A0,0xD160,0xC0A0,0xC920,
    0xE200,0xEA80,0xEA60,0xE220,0xC940,0xB880,0xC0C0,0xC100,0xE220,0xE220,0xD160,0xE200,
    0xEA80,0xEA80,0xE220,0xD160,0xD9C0,0xC0E0,0xC0E0,0xF2C0,0xD1A0,0xD160,0xE220,0xDA00,
    0xD180,0xD9C0,0xC0C0,0xC900,0xDA00,0xE220,0xF2E0,0xF2C0,0xB880,0xB860,0xD160,0xD180,
    0xD1A0,0xD9A0,0xC900,0xD180,0xD9C0,0xE200,0xFB60,0xF2C0,0xD9E0,0xC900,0xB040,0xB060,
    0xB8A0,0xC920,0xD1A0,0xEA80,0xD9C0,0xC0E0,0xD1A0,0xE240,0xEA60,0xE200,0xD180,0xC920,
    0xC920,0xD1A0,0xD9E0,0xD9E0,0xD9A0,0xD1A0,0xD160,0xC0E0,0xC940,0xC920,0xC0C0,0xDA00,
    0xD9C0,0xD160,0xD9E0,0xD9C0,0xC920,0xD180,0xC920,0xD1A0,0xD9E0,0xD180,0xC900,0xC0E0,
    0xC900,0xE200,0xE200,0xD9E0,0xF2E0,0xF2E0,0xDA00,0xD9E0,0xD1A0,0xC900,0xB060,0xB040,
    0xC0E0,0xD9E0,0xE200,0xC920,0xB880,0xB860,0xB860,0xB860,0xC920,0xD9C0,0xEAA0,0xFB40,
    0xE240,0xD180,0xC940,0xC100,0xC100,0xC0E0,0xC900,0xC0A0,0xC0A0,0xC0E0,0xB040,0xB040,
    0xC0E0,0xC940,0xD180,0xC920,0xC0E0,0xC0E0,0xC920,0xC920,0xC0A0,0xC0C0,0xC900,0xC920,
    0xC0E0,0xC0E0,0xD180,0xD180,0xC920,0xC920,0xC940,0xD9C0,0xE220,0xDA00,0xD1A0,0xC940,
    0xD9A0,0xEA80,0xD1A0,0xC900,0xC920,0xC920,0xD180,0xD9E0,0xE200,0xD9A0,0xD160,0xD9A0,
    0xD160,0xC940,0xD180,0xD1A0,0xD160,0xC0E0,0xB020,0xB060,0xD1A0,0xDA00,0xFB40,0xD9E0,
    0xC0E0,0xC100,0xB8A0,0xC0E0,0xB8A0,0xC0C0,0xD180,0xB8A0,0xB040,0xB000,0xC0C0,0xB880,
    0xB840,0xB040,0xB020,0xB8A0,0xD9E0,0xE240,0xE220,0xEAA0,0xC920,0xB860,0xB860,0xB880,
    0xC0E0,0xD160,0xC0E0,0xB860,0xD160,0xEAA0,0xE240,0xD180,0xD1A0,0xD180,0xD180,0xE240,
    0xD9C0,0xD180,0xD9C0,0xD9C0,0xC920,0xE220,0xC0A0,0xB880,0xD9A0,0xC0E0,0xC100,0xC0C0,
    0xC900,0xB8A0,0xC900,0xD9A0,0xDA00,0xD1A0,0xC940,0xC940,0xC960,0xC0C0,0xB040,0xA000,
    0xB880,0xC0E0,0xC900,0xD9E0,0xD160,0xB040,0xB020,0xC0E0,0xD180,0xB880,0xC0E0,0xC0C0,
    0xB040,0xB040,0xB8A0,0xB060,0xB020,0xC0C0,0xB020,0xB040,0xB880,0xB860,0xB060,0xB860,
    0xB860,0xB860,0xB880,0xC0C0,0xC900,0xB8A0,0xC900,0xC920,0xB8A0,0xB060,0xC0E0,0xE280,
    0xFB81,0xD140,0xA800,0xA800,0xB860,0xD160,0xC940,0xC0E0,0xC100,0xC920,0xC0C0,0xB040,
    0xB040,0xB040,0xB880,0xB880,0xB8A0,0xB860,0xB880,0xC0C0,0xB8A0,0xB860,0xB040,0xC0E0,
    0xC0E0,0xA820,0xA000,0xA000,0xA000,0xB860,0xB020,0x9800,0x9800,0x9800,0xA000,0x9800,
    0xA820,0xA800,0xA800,0xA000,0xA000,0xA800,0xC0C0,0xC0C0,0xB060,0xC0E0,0xEA60,0xFBC0,
    0xEA60,0xB880,0xB040,0xB860,0xA800,0xB040,0xC0C0,0xD9C0,0xD1A0,0xC920,0xD160,0xE200,
    0xD9E0,0xD160,0xC100,0xC920,0xE220,0xDA00,0xE200,0xD9E0,0xE220,0xE220,0xD160,0xB8A0,
    0xC0E0,0xC0E0,0xB860,0xD180,0xD1A0,0xD9A0,0xD9C0,0xC940,0xEA60,0xD9C0,0xB040,0xB060,
    0xB860,0xB860,0xC0C0,0xC940,0xC100,0xB020,0xA000,0xA000,0xB040,0xB880,0xC0C0,0xB8A0,
    0xC920,0xD9C0,0xC940,0xC0E0,0xC920,0xC0C0,0xA820,0xA840,0xC960,0xD180,0xD9E0,0xD9E0,
    0xC0C0,0xA800,0xB880,0xB880,0xA820,0xA820,0xC900,0xC940,0xC920,0xE200,0xD1A0,0xB880,
    0xA800,0xC0E0,0xEA60,0xD9C0,0xD140,0xC0E0,0xC940,0xE220,0xE220,0xD9C0,0xD1A0,0xD1A0,
    0xD9C0,0xC0E0,0xC0A0,0xC920,0xC940,0xFB20,0xE220,0xE200,0xD180,0xB860,0xA800,0xB060,
    0xC0E0,0xC940,0xC0C0,0xD160,0xEA80,0xE240,0xB8A0,0xA800,0xB880,0xC0E0,0xC0C0,0xC940,
    0xD140,0xC0C0,0xD160,0xD160,0xD160,0xC940,0xC920,0xC900,0xB8A0,0xA800,0xA820,0xC0E0,
    0xD180,0xC920,0xB880,0xB8A0,0xC0E0,0xB880,0xB8A0,0xC0C0,0xC920,0xD180,0xC920,0xD160,
    0xC940,0xC920,0xC100,0xB8C0,0xB8A0,0xC920,0xC100,0xC0C0,0xB880,0xC0E0,0xB880,0xB040,
    0xD180,0xE240,0xD9C0,0xC0C0,0xC0E0,0xB880,0xC920,0xD180,0xC900,0xC920,0xC0E0,0xC0E0,
    0xC0C0,0xD160,0xC900,0xC920,0xD9C0,0xC940,0xC0C0,0xC0C0,0xC0C0,0xB880,0xB860,0xC0C0,
    0xD9C0,0xE240,0xE240,0xEA80,0xEA60,0xD160,0xC900,0xD1A0,0xD9E0,0xD160,0xD180,0xD9A0,
    0xD9E0,0xD9C0,0xB8A0,0xC0C0,0xD160,0xD1A0,0xD1A0,0xC920,0xC0C0,0xC940,0xE220,0xEA60,
    0xC920,0xD160,0xD9E0,0xD9C0,0xE200,0xE220,0xD1A0,0xC900,0xD180,0xEA60,0xEAA0,0xE220,
    0xD160,0xC920,0xE200,0xE200,0xD9C0,0xC940,0xC940,0xD1A0,0xD9E0,0xE220,0xD9C0,0xF2C0,
    0xEA80,0xD180,0xD160,0xC920,0xD1A0,0xEA60,0xE200,0xD9C0,0xDA00,0xD9E0,0xD180,0xD180,
    0xD9C0,0xD9C0,0xD140,0xD9A0,0xC920,0xD9E0,0xE220,0xF2E0,0xEA60,0xC920,0xB000,0xB060,
    0xE200,0xD1A0,0xD9E0,0xF2A0,0xD160,0xB860,0xB020,0xA800,0xA820,0xB860,0xC940,0xD9C0,
    0xD140,0xB880,0xB880,0xD9C0,0xE220,0xD9E0,0xB880,0xB040,0xC920,0xC0C0,0xC940,0xC940,
    0xD9E0,0xD9C0,0xD160,0xC920,0xC900,0xD1A0,0xC0E0,0xC920,0xE220,0xC920,0xC900,0xC940,
    0xB860,0xB860,0xC0A0,0xD160,0xD180,0xC0C0,0xC920,0xC0E0,0xB8A0,0xB880,0xB8A0,0xC0E0,
    0xC0A0,0xC0E0,0xC900,0xD9E0,0xEA80,0xD9C0,0xC900,0xD1A0,0xD180,0xB880,0xB060,0xC0C0,
    0xC0E0,0xC0C0,0xB880,0xA800,0xC0E0,0xD9E0,0xE220,0xEAA0,0xEA60,0xD9C0,0xD180,0xD160,
    0xD180,0xC940,0xC900,0xC0C0,0xC0C0,0xC0C0,0xC0E0,0xC900,0xD180,0xD1A0,0xD160,0xC920,
    0xC0C0,0xB8A0,0xB880,0xC0E0,0xC940,0xC940,0xD160,0xD160,0xD180,0xD180,0xC920,0xC920,
    0xC0C0,0xB8A0,0xC0E0,0xD1A0,0xE200,0xDA00,0xD9C0,0xD9C0,0xD9C0,0xD9C0,0xD9C0,0xD1C0,
    0xC940,0xD9C0,0xE200,0xD9E0,0xD1A0,0xC900,0xB040,0xB860,0xC0C0,0xC0E0,0xC0E0,0xC920,
    0xC920,0xC0C0,0xC0C0,0xD160,0xC940,0xC900,0xE220,0xC920,0xB880,0xC920,0xC940,0xC100,
    0xC0E0,0xD9C0,0xEA80,0xD9E0,0xC100,0xB020,0xB8A0,0xB8A0,0xB880,0xB040,0xA800,0xC940,
    0xDA00,0xD9C0,0xD160,0xC0A0,0xB860,0xB000,0xB8A0,0xD180,0xEA60,0xD180,0xB880,0xC0C0,
    0xD160,0xF2E0,0xE200,0xC900,0xC900,0xC0A0,0xD1A0,0xE220,0xEA60,0xE220,0xE200,0xD9A0,
    0xC900,0xD180,0xC920,0xD1A0,0xD9C0,0xC940,0xB860,0xC0C0,0xC920,0xD180,0xD1A0,0xD180,
    0xD160,0xD1A0,0xC0E0,0xB8A0,0xB860,0xB860,0xB860,0xA800,0xB860,0xC940,0xC920,0xC0E0,
    0xC0C0,0xA800,0xC0C0,0xD160,0xC940,0xC940,0xC900,0xC0A0,0xC100,0xD160,0xC920,0xB860,
    0xB020,0xA820,0xB060,0xC920,0xD160,0xD160,0xC100,0xB860,0xB020,0xA800,0xB020,0xB020,
    0xB020,0xB8A0,0xC0E0,0xB880,0xB020,0xB000,0xC0C0,0xD9C0,0xFBC0,0xFB60,0xB8A0,0x9800,
    0xA800,0xB040,0xB880,0xB040,0xB020,0xB860,0xB880,0xB8A0,0xB8A0,0xB8A0,0xC0C0,0xC0E0,
    0xC0C0,0xC900,0xC920,0xC0E0,0xC0C0,0xC900,0xC0C0,0xB880,0xB860,0xA800,0xA800,0xB880,
    0xB8A0,0xB8A0,0xB880,0xB040,0xA820,0xA820,0xA000,0xA000,0xB020,0xB040,0xB060,0xB8C0,
    0xB020,0xA800,0xA000,0xA000,0xB860,0xC0E0,0xD160,0xD160,0xC0E0,0xB8A0,0xC0E0,0xD180,
    0xC0E0,0xB040,0xD140,0xD9E0,0xD9C0,0xD160,0xD160,0xD1A0,0xD9C0,0xD9E0,0xE220,0xDA00,
    0xEA80,0xE240,0xD180,0xC920,0xD160,0xD9E0,0xC920,0xB860,0xC0E0,0xC900,0xD1A0,0xEAA0,
    0xEA80,0xD1A0,0xC940,0xC900,0xD160,0xD160,0xB880,0xB040,0xA800,0xB8A0,0xC940,0xD180,
    0xDA00,0xC100,0xA000,0xA800,0xB8A0,0xD9C0,0xC100,0xC0C0,0xC0E0,0xC0C0,0xC920,0xC940,
    0xC940,0xC0A0,0xB040,0xA800,0xA000,0xC0C0,0xD9A0,0xE200,0xC0C0,0xB020,0xC0E0,0xB060,
    0xA820,0xA000,0xB8A0,0xC940,0xC940,0xE220,0xE220,0xC900,0xC0E0,0xC0E0,0xC100,0xD160,
    0xD9A0,0xE200,0xE240,0xEA80,0xE220,0xE240,0xF2C0,0xEA80,0xEA60,0xEA60,0xE220,0xB8C0,
    0xB040,0xD9A0,0xD180,0xD9C0,0xD180,0xB880,0xB060,0xB860,0xB020,0xA820,0xA000,0xB880,
    0xDA00,0xD9A0,0xB860,0xB060,0xB880,0xC0E0,0xD1A0,0xD9E0,0xD9C0,0xC900,0xC900,0xC920,
    0xC0E0,0xD1A0,0xD160,0xB040,0xA800,0xB060,0xC900,0xD180,0xDA00,0xC920,0xB040,0xC0C0,
    0xC940,0xC940,0xEAA0,0xF2E0,0xF2C0,0xE220,0xD1A0,0xD180,0xC0C0,0xB8A0,0xC920,0xC940,
    0xD1A0,0xD9E0,0xC0E0,0xB040,0xC940,0xD9E0,0xC900,0xB8A0,0xD9A0,0xD9C0,0xC0C0,0xC0C0,
    0xD160,0xD9C0,0xD180,0xC940,0xD9A0,0xC940,0xC0E0,0xC900,0xD1A0,0xD9A0,0xC940,0xC920,
    0xD9C0,0xD160,0xC0C0,0xD1A0,0xD9E0,0xD180,0xC940,0xD180,0xD9E0,0xDA00,0xD1A0,0xC940,
    0xC100,0xB860,0xC0A0,0xC100,0xC100,0xC0E0,0xC900,0xB8A0,0xB8A0,0xC0C0,0xC0E0,0xD160,
    0xD9E0,0xD9C0,0xC0E0,0xB060,0xB060,0xDA00,0xEAA0,0xE200,0xD160,0xD180,0xE220,0xE200,
    0xD9C0,0xD160,0xC0E0,0xD180,0xD180,0xD9C0,0xD160,0xC940,0xD160,0xE200,0xE220,0xD9E0,
    0xD9C0,0xD9C0,0xD9C0,0xC940,0xB8A0,0xB040,0xB8A0,0xE220,0xE200,0xC940,0xC920,0xB020,
    0xC0C0,0xD9E0,0xE240,0xD9E0,0xC940,0xD1A0,0xD1A0,0xD180,0xD140,0xC940,0xC0C0,0xC920,
    0xD160,0xD160,0xD180,0xE220,0xE240,0xEA60,0xB880,0xA820,0xE220,0xD9E0,0xC0A0,0xD160,
    0xC100,0xA800,0xB040,0xB880,0xC920,0xD180,0xD160,0xD9C0,0xD160,0xB8A0,0xB8A0,0xC100,
    0xC940,0xC920,0xC0C0,0xB8A0,0xC920,0xC0E0,0xC900,0xC100,0xB880,0xC0C0,0xB060,0xD180,
    0xD9C0,0xF2C0,0xE240,0xD180,0xD9C0,0xC0C0,0xB8A0,0xB880,0xB880,0xC0E0,0xD180,0xD180,
    0xC900,0xC0E0,0xC100,0xC100,0xC0C0,0xB880,0xB860,0xB880,0xB060,0xA800,0xB000,0xC0E0,
    0xE240,0xD160,0xC0C0,0xC920,0xC920,0xB060,0xA000,0xB020,0xD140,0xC920,0xC0E0,0xB860,
    0xB000,0xB860,0xC900,0xD180,0xD9C0,0xD1A0,0xD1A0,0xD9E0,0xEAA0,0xF300,0xD9E0,0xC940,
    0xC920,0xC920,0xC900,0xC940,0xD9C0,0xE200,0xD9E0,0xD1A0,0xD1A0,0xD160,0xC0C0,0xC100,
    0xC920,0xB8A0,0xB880,0xC0E0,0xC940,0xC940,0xC100,0xB8A0,0xB020,0xC0C0,0xC920,0xC920,
    0xC940,0xE220,0xEA80,0xC920,0xB860,0xC0E0,0xD9A0,0xC920,0xC900,0xD9A0,0xC940,0xC960,
    0xC960,0xB860,0xB040,0xA800,0xB880,0xB860,0xB860,0xC100,0xC0E0,0xC0C0,0xC0C0,0xD1A0,
    0xC920,0xC900,0xC100,0xC900,0xC0E0,0xC920,0xC940,0xB8A0,0xC900,0xE200,0xEA80,0xEA60,
    0xD160,0xB040,0xA820,0xB860,0xB8A0,0xC0E0,0xB8A0,0xD180,0xDA00,0xC940,0xA840,0xA820,
    0xB040,0xA800,0xC900,0xD9E0,0xD9C0,0xC0C0,0xC920,0xC940,0xD160,0xC0E0,0xB880,0xB040,
    0xB040,0xC0C0,0xD9A0,0xE240,0xD9E0,0xD9C0,0xD180,0xD1A0,0xC0E0,0xB040,0xC0C0,0xD9E0,
    0xD180,0xC100,0xB060,0xC100,0xD9E0,0xE240,0xD9E0,0xC100,0xB020,0xB880,0xC0C0,0xB020,
    0xB040,0xD180,0xD160,0xC0A0,0xB040,0xC0C0,0xD180,0xB040,0xA000,0xA800,0xB8A0,0xB060,
    0xC900,0xD9E0,0xD1A0,0xC920,0xD180,0xD9E0,0xC0E0,0xA800,0xB020,0xA800,0xB880,0xC940,
    0xC0C0,0xB860,0xB040,0xB040,0xB860,0xB8A0,0xB000,0xA800,0xB040,0xB060,0xB020,0xB020,
    0xB860,0xB020,0xC0C0,0xD160,0xEAA0,0xFBC0,0xD9C0,0xA000,0x9800,0xA800,0xA800,0xA800,
    0xB040,0xC900,0xC0E0,0xC0C0,0xB8A0,0xC0C0,0xC920,0xC940,0xC920,0xC920,0xD180,0xC900,
    0xC0A0,0xC0C0,0xC0C0,0xB880,0xB860,0xB860,0xB8A0,0xC0C0,0xB880,0xB880,0xB8A0,0xB880,
    0xB880,0xB8A0,0xB040,0xB860,0xD1A0,0xD9A0,0xD160,0xC900,0xB060,0xA820,0xA800,0xA800,
    0xB040,0xB860,0xB8A0,0xC0C0,0xC940,0xD160,0xD1A0,0xD180,0xD180,0xC0C0,0xB880,0xB880,
    0xC900,0xD9C0,0xE240,0xEA60,0xD1A0,0xC900,0xB8A0,0xB8A0,0xC940,0xC940,0xC900,0xB060,
    0xB880,0xD160,0xD180,0xC900,0xD1A0,0xEA40,0xFBA0,0xF320,0xE220,0xD1A0,0xD9C0,0xC900,
    0xB8A0,0xDA20,0xD9A0,0xC0C0,0xB060,0xC900,0xE220,0xFB20,0xFB40,0xDA00,0xB880,0xB880,
    0xC0C0,0xB8A0,0xC0C0,0xB060,0xB860,0xC100,0xC920,0xD160,0xD9C0,0xD9C0,0xB8A0,0xB880,
    0xB8A0,0xC0C0,0xD9A0,0xE220,0xD180,0xB040,0xB020,0xB040,0xC940,0xD180,0xD9E0,0xD160,
    0xD180,0xD9E0,0xC940,0xC0E0,0xC0E0,0xC0C0,0xB880,0xB880,0xD160,0xE220,0xD9E0,0xEA60,
    0xD9A0,0xC0C0,0xD180,0xC0E0,0xC920,0xEA60,0xE240,0xD9C0,0xB060,0xB060,0xC900,0xD160,
    0xC900,0xB880,0xB880,0xD160,0xB8C0,0xA800,0x9000,0x9800,0xC8E0,0xC0E0,0xA820,0xB8A0,
    0xB040,0xB060,0xD9A0,0xC940,0xC940,0xC0C0,0xA820,0xB040,0xA820,0xC900,0xC940,0xC900,
    0xC900,0xC940,0xC920,0xD160,0xD1A0,0xC0C0,0xC0C0,0xC900,0xD9C0,0xE220,0xD9C0,0xE200,
    0xD160,0xB040,0xB020,0xC0C0,0xC900,0xB860,0xC0E0,0xD9E0,0xD1A0,0xC920,0xC100,0xC0E0,
    0xC940,0xD180,0xD180,0xD9E0,0xE220,0xE240,0xC940,0xC0E0,0xC940,0xD160,0xD160,0xC940,
    0xD160,0xD9E0,0xE220,0xE240,0xEA60,0xEA80,0xD9E0,0xC920,0xC940,0xC920,0xB060,0xC900,
    0xD9E0,0xDA00,0xE220,0xE240,0xE240,0xD9C0,0xD1A0,0xD9C0,0xD160,0xC0C0,0xB880,0xB040,
    0xC940,0xD160,0xB8A0,0xA000,0xB060,0xD180,0xE220,0xDA00,0xD9C0,0xC940,0xB8A0,0xB060,
    0xC900,0xD9C0,0xD9C0,0xE200,0xD9E0,0xD1A0,0xDA00,0xD180,0xC100,0xC0C0,0xB8A0,0xC900,
    0xD180,0xD1A0,0xC920,0xC940,0xD9A0,0xEA80,0xD9E0,0xD9E0,0xE240,0xE220,0xD1A0,0xB880,
    0xA800,0xC0C0,0xC920,0xDA00,0xD9A0,0xC0E0,0xB860,0xB040,0xC0C0,0xD1A0,0xE200,0xC920,
    0xB8A0,0xD160,0xD9E0,0xD9A0,0xC0C0,0xC0C0,0xB880,0xB040,0xD1A0,0xC920,0xC0A0,0xC900,
    0xC0E0,0xC0E0,0xC0E0,0xC960,0xEAA0,0xEA60,0xC900,0xC0E0,0xC0E0,0xB040,0xC0C0,0xC920,
    0xD180,0xD9E0,0xE200,0xD9E0,0xD9A0,0xC940,0xC900,0xC0E0,0xC100,0xC920,0xC940,0xD9C0,
    0xD180,0xE220,0xEA80,0xD9A0,0xB020,0xA800,0xA800,0xD160,0xEA80,0xF2E0,0xF2A0,0xEA80,
    0xE220,0xB880,0xB040,0xC920,0xC0E0,0xC940,0xD9E0,0xD9C0,0xC0E0,0xB060,0xB880,0xB040,
    0xB020,0xC900,0xD9A0,0xC0E0,0xB040,0xB020,0xB8A0,0xC0C0,0xC100,0xC0C0,0xA800,0xB000,
    0xB040,0xB860,0xB040,0xB8A0,0xC940,0xC900,0xC0C0,0xC0C0,0xC0E0,0xB880,0xB880,0xC940,
    0xD180,0xC940,0xC960,0xD1A0,0xD9E0,0xEA80,0xEA80,0xE220,0xD9E0,0xD180,0xD160,0xD9C0,
    0xDA00,0xD1A0,0xD1A0,0xD9C0,0xDA00,0xE200,0xD1A0,0xC0E0,0xB880,0xB880,0xC0C0,0xC900,
    0xC0E0,0xB8A0,0xB880,0xB060,0xA840,0xB040,0xC0E0,0xC940,0xD9E0,0xF2C0,0xD180,0xB8A0,
    0xC100,0xC0E0,0xB860,0xB020,0xB880,0xC900,0xB8A0,0xD160,0xD9E0,0xD180,0xB880,0xC0E0,
    0xC900,0xB860,0xB880,0xB040,0xB040,0xB8A0,0xC0E0,0xC900,0xD1A0,0xC900,0xB860,0xC940,
    0xD9C0,0xE220,0xE200,0xD140,0xC900,0xDA00,0xDA00,0xD9C0,0xDA00,0xC0E0,0xA800,0xB860,
    0xC920,0xD180,0xD9C0,0xDA00,0xD1A0,0xB860,0xB060,0xB040,0xA800,0xB880,0xC900,0xD180,
    0xC920,0xC920,0xDA00,0xC940,0xC0E0,0xA800,0xA000,0xA800,0xB020,0xB880,0xB8A0,0xC940,
    0xC920,0xD160,0xD9C0,0xD9C0,0xC100,0xC900,0xD9C0,0xEA80,0xD9E0,0xB880,0xC940,0xD180,
    0xD160,0xC940,0xC920,0xB880,0xC0C0,0xD9C0,0xC0E0,0xB060,0xC0C0,0xC920,0xC0E0,0xC940,
    0xD1A0,0xC0C0,0xC0C0,0xB860,0xA800,0xA000,0xB020,0xB8A0,0xC0E0,0xD180,0xE220,0xD9E0,
    0xD160,0xC920,0xC900,0xC0E0,0xB860,0xA800,0xB8A0,0xC920,0xB000,0xA800,0xA800,0xA800,
    0xB020,0xB8A0,0xB040,0xB040,0xB880,0xB860,0xB880,0xC0E0,0xB8A0,0xB8A0,0xC940,0xC920,
    0xC900,0xD180,0xD180,0xB880,0xA800,0xB020,0xB000,0xB040,0xB860,0xC900,0xC920,0xC940,
    0xD160,0xC920,0xD160,0xC920,0xC920,0xC920,0xD160,0xC0C0,0xB040,0xA800,0xB040,0xC0C0,
    0xB8A0,0xC0C0,0xC0E0,0xC900,0xB8A0,0xB040,0xB020,0xB020,0xB060,0xC0C0,0xC0C0,0xC0C0,
    0xD160,0xC940,0xC0C0,0xB8A0,0xB860,0xB020,0xB040,0xB040,0xB040,0xC0A0,0xC0E0,0xC100,
    0xC920,0xD9E0,0xE200,0xC0E0,0xB880,0xA820,0xB040,0xB860,0xC0C0,0xC0E0,0xD9A0,0xE220,
    0xE240,0xE200,0xC100,0xB860,0xC940,0xF2E0,0xEAC0,0xC0E0,0xC100,0xC960,0xDA00,0xD160,
    0xD1A0,0xE240,0xD9E0,0xC920,0xC0A0,0xC940,0xE200,0xE200,0xE220,0xEA60,0xD1A0,0xC0A0,
    0xB8A0,0xC100,0xD160,0xD9E0,0xEA60,0xD9C0,0xC100,0xC900,0xC0C0,0xC0C0,0xB880,0xA000,
    0xA820,0xD140,0xB8A0,0xA800,0xB8A0,0xDA00,0xD9C0,0xC940,0xC920,0xC0E0,0xD180,0xD160,
    0xD160,0xB040,0xA000,0xB040,0xD9A0,0xE220,0xDA00,0xD9E0,0xD9C0,0xC0E0,0xC940,0xC0E0,
    0xB880,0xB020,0xB8A0,0xD9C0,0xF2C0,0xF300,0xE220,0xD9C0,0xD9E0,0xD140,0xD1A0,0xD160,
    0xB860,0xC920,0xC920,0xD9C0,0xB8A0,0xA820,0xD180,0xD1A0,0xB040,0xB860,0xD160,0xEAA0,
    0xD1A0,0xC0C0,0xB080,0xA000,0xA020,0xA800,0xA800,0xA000,0xA800,0xB060,0xC0C0,0xB880,
    0xC100,0xC900,0xB040,0xB080,0xC940,0xDA00,0xE200,0xE200,0xC100,0xD9C0,0xC900,0xA800,
    0xB040,0xC0C0,0xD160,0xD9C0,0xD140,0xEA60,0xFB40,0xEA80,0xD180,0xC0E0,0xB040,0xA800,
    0xB060,0xB860,0xC0E0,0xD9C0,0xC940,0xB8A0,0xB880,0xC900,0xD160,0xC900,0xD9E0,0xEA80,
    0xEA40,0xF2A0,0xEA60,0xC940,0xB880,0xB8A0,0xC0C0,0xB8A0,0xD9C0,0xEA80,0xEA80,0xF2C0,
    0xD9C0,0xC940,0xC940,0xC920,0xB8A0,0xB040,0xA800,0xA800,0xB040,0xC900,0xD9C0,0xE220,
    0xD9E0,0xDA00,0xDA00,0xD9E0,0xE200,0xE200,0xDA00,0xD140,0xB060,0xA840,0xB040,0xC900,
    0xD1A0,0xD160,0xC920,0xC940,0xC940,0xC920,0xC940,0xC920,0xC900,0xC940,0xC940,0xE200,
    0xE200,0xD9A0,0xD9E0,0xD180,0xC900,0xC0C0,0xC100,0xD180,0xD9C0,0xD9E0,0xD160,0xC940,
    0xD160,0xD9C0,0xC920,0xD9A0,0xE220,0xD9E0,0xD160,0xC900,0xC940,0xD1A0,0xC940,0xD9C0,
    0xD9C0,0xD160,0xC940,0xD180,0xD9E0,0xD9E0,0xC900,0xC0C0,0xD160,0xE200,0xEA60,0xF2E0,
    0xE240,0xC940,0xB8A0,0xB880,0xD1A0,0xD9E0,0xD1A0,0xC900,0xD180,0xC940,0xD160,0xD9E0,
    0xD1A0,0xD1A0,0xD180,0xD160,0xC940,0xD1A0,0xD9E0,0xC900,0xD180,0xD9A0,0xD9C0,0xE220,
    0xEA80,0xF2A0,0xE240,0xD160,0xD180,0xE220,0xD9E0,0xD9E0,0xC920,0xD160,0xEA60,0xDA00,
    0xC940,0xC100,0xB8A0,0xB040,0xB880,0xC900,0xE220,0xEA80,0xE240,0xD180,0xC0A0,0xD140,
    0xD1A0,0xD160,0xD9A0,0xC920,0xC0E0,0xB060,0xB040,0xB020,0xB020,0xC900,0xD9C0,0xD9C0,
    0xC920,0xC0C0,0xD9A0,0xDA00,0xC920,0xC940,0xC900,0xB060,0xB020,0xB020,0xB880,0xC900,
    0xC900,0xC900,0xC0C0,0xC0C0,0xC940,0xD9C0,0xDA00,0xD1A0,0xC940,0xC100,0xD160,0xD9A0,
    0xD160,0xC920,0xD160,0xD9E0,0xE200,0xD9A0,0xC940,0xD9C0,0xD9E0,0xD180,0xC920,0xC920,
    0xD1A0,0xE220,0xEA80,0xD1A0,0xC0E0,0xC920,0xC920,0xC920,0xB8C0,0xB060,0xB040,0xA800,
    0xA000,0xB8A0,0xD160,0xD180,0xD1A0,0xD180,0xC0C0,0xC920,0xC940,0xC0E0,0xB860,0xA000,
    0xA000,0xB020,0xB860,0xC940,0xD9C0,0xC940,0xC900,0xD160,0xB880,0xB860,0xA800,0xA800,
    0xB000,0xB880,0xC100,0xC0C0,0xB880,0xC0C0,0xC900,0xC0A0,0xC0E0,0xE220,0xEA80,0xD9E0,
    0xC940,0xD180,0xC0E0,0xC920,0xD9A0,0xC100,0xB860,0xB060,0xC0A0,0xD9E0,0xD9E0,0xC900,
    0xB020,0xB020,0xC920,0xB860,0xB020,0xB860,0xC920,0xD1A0,0xC920,0xC940,0xD1A0,0xC940,
    0xC0E0,0xB8A0,0xB880,0xB880,0xB880,0xB8A0,0xB840,0xB060,0xB860,0xC920,0xD9C0,0xD9E0,
    0xD1A0,0xD9E0,0xE240,0xEA80,0xC940,0xB860,0xC0C0,0xC920,0xB860,0xB040,0xB8A0,0xC0C0,
    0xC900,0xC0E0,0xA820,0xB040,0xB860,0xB880,0xC0C0,0xD1A0,0xE240,0xC940,0xB060,0xB880,
    0xB020,0xA000,0xC920,0xE220,0xC0C0,0xD1A0,0xE220,0xC920,0xC0E0,0xD160,0xD160,0xC920,
    0xC920,0xB860,0xB860,0xB880,0xB020,0xB040,0xB040,0xB8A0,0xC0C0,0xB8A0,0xC0E0,0xB860,
    0xB8A0,0xB8A0,0xB020,0xB8A0,0xB8A0,0xD9C0,0xD9E0,0xC920,0xC920,0xC0A0,0xC0E0,0xC900,
    0xB020,0xB8A0,0xC0C0,0xB860,0xB8A0,0xC0E0,0xC900,0xC0E0,0xB8A0,0xB8A0,0xC920,0xD160,
    0xC0E0,0xB040,0xA800,0xB020,0xC100,0xC920,0xD9C0,0xFB60,0xF2C0,0xD160,0xC0E0,0xC0C0,
    0xB8A0,0xB040,0xB000,0xA800,0xB020,0xB880,0xC0C0,0xC0C0,0xC0C0,0xB880,0xC0C0,0xC940,
    0xC940,0xC920,0xC940,0xC900,0xC0E0,0xC920,0xC0E0,0xC0E0,0xC0E0,0xD160,0xD160,0xB880,
    0xA800,0xA820,0xC920,0xC100,0xC920,0xD9C0,0xD9E0,0xE220,0xEAA0,0xEA80,0xE240,0xE200,
    0xEA60,0xFB60,0xEA60,0xB020,0xB8C0,0xC0C0,0xD9C0,0xD1A0,0xC920,0xC100,0xC0E0,0xD9A0,
    0xC920,0xD9E0,0xEA60,0xEA60,0xC940,0xA820,0xB060,0xB060,0xC0A0,0xC0C0,0xC940,0xD9E0,
    0xD9C0,0xB060,0xB020,0xB040,0xA800,0xB880,0xC0E0,0xB040,0xA800,0xC0E0,0xC0E0,0xB020,
    0xB040,0xC0C0,0xB8A0,0xC0C0,0xD160,0xC900,0xB8A0,0xB8A0,0xB880,0xC0E0,0xB8A0,0xC100,
    0xE200,0xD9E0,0xD9C0,0xD9C0,0xC940,0xEA80,0xEA80,0xC920,0xC0C0,0xC0A0,0xD1A0,0xEA60,
    0xEA60,0xE240,0xEA80,0xC920,0xB860,0xD9A0,0xEAA0,0xF2A0,0xE220,0xD160,0xB860,0xB8A0,
    0xC100,0xC940,0xE240,0xD1A0,0xC920,0xD1A0,0xDA00,0xD1A0,0xC920,0xC940,0xD160,0xC940,
    0xA000,0xB040,0xB860,0xB880,0xB020,0xB060,0xC0C0,0xA000,0xB060,0xD160,0xC940,0xC900,
    0xC0E0,0xD140,0xC940,0xB8A0,0xB040,0xC900,0xE200,0xC0C0,0xB8A0,0xD9E0,0xE240,0xD9C0,
    0xC0C0,0xD180,0xF320,0xDA00,0xD9C0,0xC940,0xC0E0,0xC0C0,0xB880,0xC0E0,0xD9C0,0xC920,
    0xC0E0,0xD160,0xD1A0,0xD160,0xD9C0,0xC960,0xC0C0,0xB860,0xC0E0,0xD160,0xD9E0,0xD9C0,
    0xC0E0,0xB880,0xA820,0xB020,0xC0E0,0xD160,0xE220,0xE240,0xC940,0xB8A0,0xC0C0,0xB880,
    0xB8A0,0xD9C0,0xE220,0xD9C0,0xC940,0xC900,0xC940,0xD160,0xC940,0xE220,0xD9E0,0xD180,
    0xDA00,0xE220,0xD9C0,0xC100,0xA800,0xA820,0xC920,0xD9C0,0xD160,0xC0C0,0xC0C0,0xC920,
    0xC100,0xC900,0xD180,0xD9A0,0xD160,0xD1A0,0xD1A0,0xD180,0xC920,0xD160,0xD9E0,0xD9C0,
    0xD1A0,0xD160,0xD160,0xD9E0,0xE220,0xE220,0xE220,0xD9C0,0xC900,0xB8A0,0xB040,0xC100,
    0xD9C0,0xD1A0,0xD9C0,0xD9E0,0xE220,0xE200,0xD9A0,0xC940,0xC920,0xB8A0,0xC940,0xE200,
    0xE200,0xC900,0xB880,0xC920,0xDA00,0xE240,0xE240,0xEA80,0xD9A0,0xC940,0xC920,0xC100,
    0xC920,0xD180,0xD180,0xD180,0xE220,0xE240,0xE220,0xDA00,0xD160,0xD160,0xD160,0xD9A0,
    0xD9A0,0xD180,0xD1A0,0xD9C0,0xD9C0,0xD1A0,0xD180,0xD9E0,0xF2E0,0xEAA0,0xEA80,0xD180,
    0xD9C0,0xEA60,0xDA00,0xD1A0,0xD9C0,0xD9E0,0xD1A0,0xD9A0,0xD160,0xE220,0xE220,0xC940,
    0xB860,0xB8A0,0xD9C0,0xFB20,0xEAA0,0xC920,0xB860,0xC0C0,0xD180,0xD180,0xC0E0,0xC100,
    0xB880,0xB040,0xB040,0xB040,0xA800,0xB8A0,0xC900,0xC0E0,0xC940,0xD160,0xD160,0xE200,
    0xD9A0,0xD9C0,0xE220,0xD160,0xC940,0xC920,0xB8A0,0xC0E0,0xC100,0xC0E0,0xC920,0xC900,
    0xC8E0,0xD9E0,0xE240,0xD180,0xC0A0,0xB880,0xB060,0xB880,0xC0C0,0xC940,0xD180,0xD160,
    0xC920,0xC900,0xC920,0xD1A0,0xD9C0,0xC920,0xB8A0,0xB880,0xC900,0xD180,0xD1A0,0xD160,
    0xC900,0xC0E0,0xC0C0,0xC0A0,0xB8A0,0xC0C0,0xC0C0,0xC0E0,0xD160,0xD1A0,0xB8A0,0xA820,
    0xC0C0,0xC100,0xA820,0xB860,0xC920,0xC0E0,0xB860,0xA820,0xB040,0xB880,0xC900,0xC900,
    0xC0C0,0xB020,0xB040,0xC0C0,0xC0C0,0xB880,0xA800,0xB020,0xC0C0,0xD160,0xC920,0xB860,
    0xB860,0xD1A0,0xD9E0,0xB860,0xB880,0xD160,0xD1A0,0xC940,0xD1A0,0xC900,0xC0E0,0xD160,
    0xC0E0,0xC940,0xC940,0xC0E0,0xA800,0xB8A0,0xC0A0,0xA800,0xB040,0xC900,0xC920,0xB040,
    0xA800,0xB040,0xC900,0xC900,0xC0A0,0xC0C0,0xC100,0xC100,0xC0C0,0xC0C0,0xC0C0,0xC940,
    0xC920,0xC900,0xB860,0xA800,0xA800,0xC900,0xD9E0,0xD180,0xC0E0,0xB880,0xC0A0,0xB8A0,
    0xA000,0xA000,0xB860,0xD1A0,0xC100,0xB880,0xA820,0xB860,0xA800,0xA800,0xA800,0xB040,
    0xB880,0xD160,0xD9C0,0xD1A0,0xD180,0xB880,0xB860,0xB060,0xA800,0xB020,0xD160,0xC920,
    0xB880,0xC0C0,0xD160,0xC100,0xB040,0xC0C0,0xC0E0,0xC0E0,0xC0E0,0xC900,0xB020,0xA800,
    0xA800,0xB860,0xB8A0,0xC0E0,0xC940,0xC920,0xC920,0xB860,0xC0E0,0xB8A0,0xA800,0xA800,
    0xA820,0xB880,0xB040,0xB040,0xB040,0xB040,0xA800,0xA800,0xA800,0xB020,0xC0C0,0xC940,
    0xD9C0,0xC940,0xC920,0xC0E0,0xB020,0xB060,0xC0C0,0xC940,0xC960,0xB080,0xB060,0xC0A0,
    0xD180,0xEA60,0xFB40,0xFBA0,0xEA60,0xD1A0,0xC940,0xB8A0,0xA800,0xA800,0xB020,0xB860,
    0xA800,0xB040,0xB880,0xC0C0,0xC920,0xB8A0,0xC0C0,0xC100,0xC900,0xC0C0,0xC0C0,0xC940,
    0xD180,0xD180,0xD160,0xC920,0xB8A0,0xC920,0xD9C0,0xD1A0,0xB040,0xA800,0xA800,0xB060,
    0xC900,0xEA60,0xEA80,0xE200,0xE220,0xE220,0xEA60,0xE240,0xE240,0xD9C0,0xC0E0,0xA820,
    0xD1A0,0xF2E0,0xE240,0xC0C0,0xC940,0xC920,0xC920,0xD160,0xC100,0xC940,0xC920,0xC940,
    0xB8A0,0xA840,0xB880,0xC0E0,0xC0E0,0xC900,0xC920,0xD1A0,0xC920,0xC920,0xC940,0xC0E0,
    0xB8A0,0xC0C0,0xC920,0xB8A0,0xB020,0xB880,0xC0C0,0xA820,0xA000,0xB040,0xB880,0xD180,
    0xC0C0,0xA820,0xA800,0xA800,0xB880,0xC920,0xD1A0,0xC940,0xC920,0xD1A0,0xD9C0,0xB8A0,
    0xB8A0,0xD9A0,0xC940,0xB880,0xB880,0xD9C0,0xD9E0,0xC920,0xD180,0xC920,0xE220,0xD9C0,
    0xB8A0,0xC0C0,0xD160,0xD9A0,0xD9C0,0xC0C0,0xA800,0xB880,0xC940,0xD160,0xC920,0xD160,
    0xD1A0,0xD160,0xC900,0xC0C0,0xC0A0,0xB020,0xB8A0,0xD160,0xC0A0,0xC900,0xC0C0,0xC0C0,
    0xA820,0x9800,0xB040,0xB040,0xB8A0,0xC0C0,0xC0E0,0xC0A0,0xA820,0xA800,0xA820,0xA000,
    0xB060,0xD140,0xE200,0xC920,0xC900,0xD1A0,0xD180,0xC0C0,0xC0C0,0xB880,0xD9C0,0xE240,
    0xD160,0xC0E0,0xB8A0,0xD180,0xE220,0xC940,0xC900,0xC900,0xC100,0xD180,0xEAA0,0xF2C0,
    0xD160,0xC0E0,0xC100,0xB880,0xB020,0xB8A0,0xB8A0,0xB040,0xC920,0xD160,0xA820,0xA000,
    0xB020,0xC0E0,0xC0E0,0xC0E0,0xB880,0xB040,0xB8A0,0xC0C0,0xC0A0,0xC100,0xD9C0,0xE220,
    0xD9C0,0xC900,0xC940,0xD9E0,0xE220,0xE220,0xD9C0,0xD160,0xD9E0,0xD9C0,0xC920,0xC920,
    0xC940,0xD180,0xD1A0,0xD180,0xC940,0xC920,0xC920,0xD180,0xD9C0,0xD9A0,0xD1A0,0xC940,
    0xC940,0xD180,0xD160,0xD160,0xD160,0xD160,0xC940,0xC900,0xD9C0,0xD9E0,0xDA00,0xE220,
    0xD9C0,0xE200,0xD180,0xC0E0,0xC0C0,0xC0C0,0xC940,0xD9C0,0xD9A0,0xE240,0xE220,0xD160,
    0xD9C0,0xE240,0xD1A0,0xC100,0xB040,0xB060,0xC900,0xC0E0,0xC0A0,0xB040,0xC0E0,0xC920,
    0xD1A0,0xD180,0xD9C0,0xD180,0xC0A0,0xD160,0xD9C0,0xB060,0xB880,0xB8A0,0xB020,0xD160,
    0xF2C0,0xEA80,0xE200,0xC920,0xB8A0,0xC940,0xD160,0xD1A0,0xD1A0,0xC940,0xC920,0xC940,
    0xD160,0xC900,0xC940,0xB860,0xC0E0,0xC900,0xD160,0xC0C0,0xB8A0,0xD1A0,0xE200,0xE220,
    0xD1A0,0xD180,0xD180,0xC920,0xC100,0xE220,0xFBE0,0xE240,0xC0A0,0xC900,0xD9C0,0xEAA0,
    0xFB60,0xE200,0xA820,0xA000,0xC900,0xD180,0xD9C0,0xE240,0xD160,0xC0E0,0xB860,0xB8A0,
    0xB020,0xA820,0xB020,0xC0C0,0xC960,0xD180,0xC940,0xC940,0xD9C0,0xDA00,0xE220,0xD160,
    0xC900,0xC920,0xC920,0xB8A0,0xC900,0xD9C0,0xE220,0xD1A0,0xC900,0xD160,0xD9C0,0xC920,
    0xC0A0,0xB860,0xB060,0xB040,0xB040,0xC0C0,0xC920,0xC940,0xC940,0xB880,0xA820,0xC0E0,
    0xE200,0xEA80,0xDA00,0xC900,0xC0E0,0xC940,0xD9C0,0xC900,0xB020,0xB000,0xB040,0xC0C0,
    0xC920,0xC920,0xD160,0xD180,0xC940,0xC0C0,0xA820,0xA000,0xA800,0xA820,0xA800,0xB8A0,
    0xC940,0xB8C0,0xB020,0xC0C0,0xC920,0xD160,0xD1A0,0xD180,0xC900,0xB8A0,0xB8A0,0xC0C0,
    0xD180,0xB880,0xA820,0xC0C0,0xD180,0xD9C0,0xC940,0xC0E0,0xC0E0,0xD9A0,0xD9E0,0xD180,
    0xC0C0,0xB860,0xB880,0xC920,0xE220,0xD9C0,0xC940,0xC0E0,0xB040,0xC0E0,0xD160,0xD140,
    0xB020,0xB020,0xA800,0x9800,0xC0E0,0xD160,0xB020,0xA000,0xB040,0xD1A0,0xD160,0xB8A0,
    0xB860,0xA800,0xB020,0xB8A0,0xC920,0xC0E0,0xC0A0,0xC900,0xC940,0xC900,0xC0A0,0xB040,
    0xC0C0,0xD1A0,0xD160,0xC0A0,0xB880,0xC920,0xB040,0xA000,0x9800,0xA000,0xA800,0xB8A0,
    0xB8A0,0xB860,0xA800,0xA820,0xA000,0xA800,0xB040,0xC0E0,0xD160,0xE200,0xC0C0,0xB020,
    0xB8A0,0xB040,0xA800,0xB040,0xB8A0,0xB040,0xB020,0xA800,0xB040,0xB860,0xC0E0,0xB8C0,
    0xA800,0xB880,0xC920,0xC920,0xD180,0xC940,0xB020,0xB040,0xB860,0xB040,0xB880,0xC0C0,
    0xC0C0,0xC0E0,0xC0C0,0xC0E0,0xC0C0,0xB860,0xA800,0xB000,0xA000,0xB020,0xB880,0xB880,
    0xB060,0xB020,0xA000,0xA800,0xA800,0xA800,0xC0C0,0xD9E0,0xD9C0,0xC940,0xD180,0xDA00,
    0xD9C0,0xD180,0xC920,0xC900,0xC900,0xC100,0xC940,0xC940,0xC920,0xC940,0xD1A0,0xE220,
    0xD180,0xD180,0xD160,0xC100,0xB040,0xA800,0xA800,0xB020,0xA800,0xA800,0xB020,0xC0C0,
    0xB880,0xA800,0xA800,0xB020,0xB8A0,0xC100,0xC0E0,0xC0C0,0xC940,0xD180,0xD160,0xC940,
    0xB880,0xC100,0xE200,0xD1A0,0xC0C0,0xC900,0xD180,0xD9C0,0xD9E0,0xDA00,0xD180,0xD9E0,
    0xEA80,0xF2E0,0xEA80,0xD9E0,0xC100,0xB040,0xB040,0xB8A0,0xD9E0,0xFB20,0xE240,0xC940,
    0xB8A0,0xB880,0xC0A0,0xC0A0,0xB8A0,0xC940,0xC0C0,0xB880,0xC940,0xC920,0xB060,0xB880,
    0xC900,0xC0C0,0xB060,0xA000,0xA800,0xB860,0xB860,0xD180,0xD1A0,0xD160,0xD160,0xC0E0,
    0xB860,0xB040,0xA820,0xA820,0xA000,0xB040,0xB860,0xC960,0xC0C0,0xA820,0xB880,0xC920,
    0xD160,0xE200,0xD9C0,0xB860,0xB020,0xC0C0,0xC0C0,0xB060,0xA000,0xA820,0xB020,0xA000,
    0xA820,0xC920,0xC100,0xC100,0xC940,0xB880,0xB880,0xD160,0xC0E0,0xA820,0xA000,0xA800,
    0xB020,0xB8A0,0xB8A0,0xA800,0xB880,0xD180,0xC0E0,0xC0C0,0xB020,0xB040,0xB8A0,0xC0C0,
    0xC100,0xB8A0,0xC0C0,0xB060,0xB880,0xC900,0xA820,0xA800,0xB040,0xB060,0xC0E0,0xC900,
    0xC900,0xB8A0,0xC0A0,0xB880,0xB040,0xA820,0xA800,0xA820,0xC0C0,0xC940,0xB880,0xC0C0,
    0xD9E0,0xD160,0xC900,0xD160,0xD9C0,0xD160,0xC900,0xD1A0,0xC940,0xD160,0xD1A0,0xD160,
    0xD9C0,0xD1A0,0xC920,0xC960,0xC920,0xD180,0xE200,0xEAA0,0xD9E0,0xC0E0,0xD9C0,0xD9C0,
    0xD9C0,0xD180,0xB8A0,0xB860,0xC900,0xD1A0,0xB8A0,0xA800,0xC0A0,0xB880,0xB020,0xC100,
    0xD160,0xD160,0xD9E0,0xE220,0xD9C0,0xC920,0xC0E0,0xC0C0,0xC0C0,0xC0E0,0xD160,0xD1A0,
    0xD9A0,0xE220,0xD1A0,0xD1A0,0xD9E0,0xD9C0,0xE200,0xD9C0,0xD9C0,0xD1A0,0xD1A0,0xD9C0,
    0xD1A0,0xD180,0xD1A0,0xD1A0,0xD9A0,0xD180,0xD160,0xD160,0xD9C0,0xD160,0xC920,0xD1A0,
    0xD9C0,0xC960,0xC0E0,0xC0C0,0xC0C0,0xC900,0xD160,0xD160,0xC0E0,0xC0E0,0xC920,0xC920,
    0xB040,0xB880,0xC920,0xD180,0xE200,0xEA60,0xD180,0xC940,0xD9C0,0xE220,0xD9E0,0xD160,
    0xD180,0xD180,0xC940,0xB8C0,0xC900,0xC0E0,0xC940,0xC940,0xD180,0xD180,0xD1A0,0xC900,
    0xC0C0,0xD9C0,0xDA00,0xC0C0,0xD160,0xD9E0,0xC920,0xD180,0xDA00,0xE220,0xD1A0,0xC920,
    0xC900,0xC920,0xD160,0xD180,0xD180,0xC940,0xC940,0xD9E0,0xDA00,0xC920,0xC0E0,0xB880,
    0xB020,0xB880,0xB880,0xB860,0xB860,0xB880,0xD180,0xFB40,0xD180,0xB020,0xB860,0xB880,
    0xC100,0xC940,0xF340,0xF300,0xD140,0xD9A0,0xE220,0xEA40,0xEA60,0xD1A0,0xB040,0xA800,
    0xC0A0,0xD9C0,0xE220,0xD9C0,0xC940,0xC100,0xC900,0xC100,0xB020,0xA000,0xA800,0xB8A0,
    0xD160,0xC940,0xC900,0xC0C0,0xB880,0xB8A0,0xD9A0,0xD160,0xB060,0xB020,0xB8A0,0xB880,
    0xB8A0,0xD9C0,0xE220,0xD9E0,0xD180,0xC8E0,0xB8A0,0xB040,0xB040,0xB040,0xC0C0,0xC900,
    0xC900,0xB8A0,0xB020,0xB000,0xB020,0xB040,0xB020,0xB060,0xD160,0xEA40,0xEA80,0xD9E0,
    0xC940,0xC900,0xC900,0xC0E0,0xB860,0xB8A0,0xC920,0xD160,0xC940,0xC920,0xC920,0xB8A0,
    0xB880,0xB040,0xB040,0xB8A0,0xB880,0xB8A0,0xC100,0xC940,0xD160,0xC0C0,0xB860,0xB060,
    0xB060,0xC0E0,0xC900,0xC920,0xC920,0xC900,0xC0E0,0xC920,0xD9E0,0xD9C0,0xD9A0,0xD9C0,
    0xD160,0xD180,0xD160,0xC920,0xB8A0,0xB880,0xC0E0,0xD160,0xD180,0xC0E0,0xB860,0xD140,
    0xD9E0,0xD9C0,0xC940,0xA800,0xB8A0,0xB8A0,0xB020,0xA820,0xB020,0xA800,0xA000,0xA000,
    0xB8A0,0xB8A0,0xC0A0,0xC900,0xC0E0,0xD9C0,0xD9A0,0xB880,0xA800,0xA800,0xB000,0xB040,
    0xB060,0xB020,0xB860,0xC0C0,0xC0E0,0xC0C0,0xB880,0xB020,0xD160,0xD1A0,0xC0E0,0xB860,
    0xC0E0,0xD140,0xB060,0xA820,0xC0C0,0xC0E0,0xB8A0,0xB8A0,0xB860,0xA800,0xB020,0xA800,
    0xA800,0xB020,0xC0C0,0xC0E0,0xC960,0xD140,0xB020,0xA800,0xA800,0xA800,0xB000,0xC100,
    0xC920,0xB020,0xA800,0xB020,0xB020,0xC0E0,0xB8A0,0xA800,0xA000,0xB040,0xD180,0xE200,
    0xD180,0xB040,0xA800,0xB000,0xB880,0xB860,0xC0C0,0xC900,0xC0E0,0xB060,0xB040,0xB8A0,
    0xC900,0xC0C0,0xB060,0xB020,0xB020,0xD160,0xE240,0xD180,0xC940,0xC0E0,0xB020,0xB020,
    0xB860,0xB040,0xB020,0xC920,0xC920,0xC0C0,0xC0E0,0xD9C0,0xD9C0,0xD180,0xD160,0xD160,
    0xC0E0,0xB040,0xB880,0xB040,0xB880,0xB8A0,0xB8A0,0xC0E0,0xC0E0,0xC100,0xC100,0xB8A0,
    0xB040,0xB040,0xB020,0xB000,0xB020,0xA800,0xA820,0xC920,0xC0E0,0xC0E0,0xC900,0xC900,
    0xD160,0xD9C0,0xB8A0,0xB060,0xC940,0xE200,0xE200,0xC940,0xC0E0,0xD9C0,0xD9E0,0xC900,
    0xC900,0xC940,0xD180,0xD180,0xD160,0xD9A0,0xEA60,0xFB81,0xFBA0,0xE220,0xC900,0xC0E0,
    0xB040,0xC0E0,0xC920,0xC0C0,0xC900,0xC920,0xC920,0xC900,0xD160,0xD1A0,0xC940,0xB8A0,
    0xC900,0xD1A0,0xD9E0,0xD180,0xC940,0xD180,0xB8A0,0xC0C0,0xC0C0,0xB860,0xA840,0xB080,
    0xC0E0,0xB880,0xC0E0,0xD140,0xC920,0xB8A0,0xD160,0xD160,0xB020,0xB020,0xC100,0xC920,
    0xB880,0xB020,0xC0C0,0xD1A0,0xD180,0xC0E0,0xE220,0xD1A0,0xC0C0,0xC900,0xC900,0xC0C0,
    0xC0E0,0xB8A0,0xB860,0xA840,0x9000,0xA000,0xA800,0xA820,0xB880,0xB880,0xB880,0xD140,
    0xD160,0xC0C0,0xB860,0xC0C0,0xB8A0,0xB060,0xA820,0xA820,0xB860,0xB8A0,0xB040,0xA800,
    0xB860,0xC0A0,0xD160,0xD1A0,0xC0E0,0xC0E0,0xD1A0,0xC0A0,0xB880,0xC940,0xD1A0,0xD180,
    0xC0E0,0xB060,0xB880,0xB8A0,0xB040,0xC900,0xC920,0xC0C0,0xB040,0xB080,0xC0E0,0xB880,
    0xC900,0xD160,0xC0C0,0xA820,0xA000,0xB020,0xB040,0xB020,0xB040,0xC940,0xD9E0,0xD1A0,
    0xD9C0,0xD9C0,0xD1A0,0xC900,0xC900,0xB040,0xB040,0xB020,0xC940,0xD9E0,0xD9C0,0xD9A0,
    0xE220,0xC920,0xB8A0,0xD9C0,0xE220,0xC920,0xC940,0xD160,0xD9E0,0xD1A0,0xB040,0xA800,
    0xB8A0,0xD9E0,0xE240,0xD180,0xC940,0xC0E0,0xB880,0xA820,0xB8A0,0xD9A0,0xEA60,0xE220,
    0xE240,0xF300,0xEAA0,0xD9C0,0xD160,0xD180,0xD180,0xD180,0xC920,0xC960,0xD9E0,0xE220,
    0xF2C0,0xEAA0,0xD9C0,0xC920,0xD1A0,0xE240,0xE220,0xD9A0,0xD9E0,0xE200,0xD1A0,0xD9E0,
    0xD180,0xD160,0xD160,0xD1A0,0xD9C0,0xD160,0xD180,0xD9C0,0xD9C0,0xD180,0xB8C0,0xB060,
    0xB8A0,0xC100,0xC960,0xC0E0,0xC100,0xD180,0xD9E0,0xD1A0,0xC0E0,0xB060,0xB020,0xC0C0,
    0xD9C0,0xD9E0,0xD1A0,0xD1A0,0xD1A0,0xD9C0,0xE220,0xEAA0,0xF2E0,0xEAA0,0xE200,0xD180,
    0xD1A0,0xD180,0xD180,0xD1A0,0xD9A0,0xE220,0xD9E0,0xC940,0xC920,0xC940,0xB8A0,0xA800,
    0xC0A0,0xD160,0xD180,0xB8A0,0xB860,0xB020,0xC940,0xEA80,0xE240,0xD180,0xC940,0xC920,
    0xD9C0,0xD9E0,0xD1A0,0xD1A0,0xD160,0xC0C0,0xA800,0xB000,0xB040,0xB040,0xA800,0xB8A0,
    0xB880,0xB860,0xEA80,0xFBA0,0xC920,0xA000,0xB040,0xC0C0,0xC0C0,0xC0C0,0xC0C0,0xD1A0,
    0xE220,0xD9E0,0xC920,0xC940,0xD180,0xC900,0xB040,0xA800,0xC900,0xD9C0,0xD9E0,0xD9C0,
    0xC940,0xD160,0xD180,0xC940,0xB880,0xA800,0xB020,0xB8A0,0xC920,0xC940,0xB8A0,0xC0C0,
    0xC0E0,0xC920,0xC920,0xD1A0,0xC0E0,0xB020,0xA800,0xB060,0xA800,0xB040,0xC0C0,0xC0E0,
    0xC0E0,0xC920,0xC0E0,0xB020,0xB020,0xB060,0xB860,0xB040,0xB040,0xB020,0xB860,0xB8A0,
    0xC0A0,0xB880,0xB840,0xB860,0xC0E0,0xD180,0xD160,0xC920,0xC900,0xC900,0xC0E0,0xC0A0,
    0xB8A0,0xC0C0,0xC0E0,0xC0E0,0xC0C0,0xC0E0,0xC0C0,0xB880,0xC0C0,0xC940,0xD9E0,0xE200,
    0xD1A0,0xC940,0xC900,0xC100,0xC900,0xC100,0xC900,0xB8A0,0xB040,0xB060,0xC0E0,0xC940,
    0xB8A0,0xB8A0,0xC100,0xD9A0,0xE200,0xEA60,0xF2A0,0xD9C0,0xD160,0xC0E0,0xB880,0xB880,
    0xA820,0x9800,0xA820,0xD9C0,0xEA60,0xD160,0xA800,0xA000,0xA800,0xB8A0,0xC0C0,0xB020,
    0xB880,0xB8A0,0xB020,0xB020,0xB040,0xB880,0xA800,0xA800,0xB8A0,0xC920,0xC940,0xC0E0,
    0xB880,0xC0C0,0xC900,0xB860,0xB860,0xB8A0,0xB8A0,0xB860,0xC0C0,0xB880,0xB040,0xB880,
    0xB060,0xB020,0xA820,0xA800,0xC920,0xC900,0xC0A0,0xB040,0xC0C0,0xD1A0,0xB880,0xA800,
    0xB880,0xC940,0xC920,0xC900,0xC900,0xB860,0xB840,0xB040,0xB020,0xB860,0xC940,0xC0E0,
    0xC900,0xC920,0xB8A0,0xB020,0xA000,0xA800,0xB040,0xC0C0,0xB060,0xB040,0xB020,0xB020,
    0xB020,0xC900,0xC100,0xA000,0xA000,0xB040,0xC0A0,0xC0E0,0xB880,0xB040,0xA820,0xA800,
    0xB880,0xC0E0,0xC900,0xB8A0,0xB040,0xA800,0xA000,0xB040,0xD180,0xD160,0xC920,0xC0E0,
    0xB880,0xB880,0xC100,0xC0C0,0xD160,0xEA80,0xE200,0xD160,0xD180,0xD180,0xC0E0,0xB8A0,
    0xEA60,0xEA80,0xD160,0xC0E0,0xC900,0xC900,0xC940,0xD160,0xC920,0xB020,0xB040,0xB880,
    0xB060,0xC0C0,0xB880,0xB880,0xB8A0,0xB8A0,0xB880,0xB040,0xB020,0xA800,0xB880,0xB880,
    0xB880,0xB880,0xB060,0xB020,0xB860,0xC100,0xC900,0xB860,0xB060,0xB8A0,0xB880,0xC900,
    0xE240,0xEAA0,0xE200,0xD9E0,0xC900,0xC0A0,0xC900,0xC940,0xD160,0xC920,0xD160,0xD9E0,
    0xD9E0,0xEA60,0xF2E0,0xEAA0,0xC920,0xC0E0,0xC0E0,0xB880,0xB000,0xB860,0xB860,0xB020,
    0xB060,0xC940,0xC920,0xC0E0,0xD180,0xD9C0,0xD9E0,0xE200,0xE200,0xD9E0,0xEA60,0xD160,
    0xD180,0xD9E0,0xC920,0xC0C0,0xA800,0xB040,0xD180,0xD1A0,0xC920,0xD160,0xD1A0,0xD1A0,
    0xD1A0,0xC900,0xC900,0xC940,0xC100,0xC940,0xD9A0,0xC0E0,0xB880,0xC900,0xC940,0xC900,
    0xB8C0,0xB8A0,0xC940,0xB060,0xB060,0xB880,0xC0A0,0xB8A0,0xA820,0xC100,0xD160,0xB8A0,
    0xB040,0xB880,0xC0C0,0xC0A0,0xC0C0,0xC940,0xD9C0,0xD180,0xC0E0,0xB860,0xB860,0xC0A0,
    0xB880,0xB020,0xB020,0xA820,0xD1A0,0xD9A0,0xB880,0xC0E0,0xD160,0xB860,0xB040,0xB880,
    0xB020,0xB8A0,0xD9C0,0xEA80,0xD9C0,0xD180,0xD1A0,0xE200,0xD160,0xB8A0,0xD140,0xC920,
    0xA820,0xA000,0xB880,0xB060,0xA000,0x9800,0xB040,0xB880,0xB8A0,0xB860,0xB040,0xB020,
    0xA820,0xB040,0xB8A0,0xB880,0xB860,0xC0E0,0xC0E0,0xD160,0xDA00,0xE220,0xD9E0,0xC940,
    0xC0C0,0xA800,0xA800,0xA800,0xC0C0,0xD9E0,0xDA00,0xE200,0xE200,0xC900,0xC900,0xE240,
    0xEA80,0xD9E0,0xC920,0xB8A0,0xD160,0xD1A0,0xB8A0,0xA820,0xB060,0xC920,0xD9C0,0xE200,
    0xD9A0,0xD9A0,0xD180,0xB060,0xB040,0xB040,0xC0E0,0xD160,0xD9E0,0xFB60,0xFB60,0xEA60,
    0xD9C0,0xD9E0,0xD9E0,0xD180,0xC940,0xC0E0,0xD180,0xEA80,0xF2E0,0xE200,0xC900,0xC0E0,
    0xD9A0,0xE240,0xE200,0xD180,0xEA60,0xF2E0,0xC940,0xC920,0xB8A0,0xB8A0,0xD160,0xD160,
    0xC940,0xD180,0xD9C0,0xD1A0,0xD1A0,0xC940,0xB040,0xB040,0xB880,0xC0E0,0xD180,0xD160,
    0xD180,0xD9E0,0xE200,0xC920,0xB880,0xB060,0xC0C0,0xC920,0xD9C0,0xE200,0xD9A0,0xC0E0,
    0xC940,0xD9C0,0xD180,0xDA00,0xD9C0,0xD9C0,0xD9C0,0xD1A0,0xD9C0,0xD9E0,0xDA00,0xE200,
    0xC920,0xC0E0,0xC900,0xD1A0,0xD180,0xA800,0xA000,0xA800,0xA800,0xB860,0xC900,0xD160,
    0xD160,0xC0C0,0xC900,0xD9A0,0xD9E0,0xD180,0xC0E0,0xB8A0,0xC900,0xD140,0xC920,0xB060,
    0xB860,0xB8A0,0xC0C0,0xB060,0xA800,0xB020,0xC920,0xE220,0xD140,0xC900,0xC940,0xD160,
    0xC900,0xB8C0,0xC100,0xC0C0,0xC100,0xB040,0xA820,0xB880,0xD9E0,0xD9E0,0xC920,0xB8A0,
    0xC100,0xC0C0,0xB8A0,0xA800,0xB8A0,0xC920,0xC900,0xD160,0xC920,0xC940,0xD9A0,0xD180,
    0xC0E0,0xB860,0xB020,0xB880,0xC0C0,0xC920,0xB040,0xB8A0,0xC900,0xD9E0,0xE220,0xD1A0,
    0xD9C0,0xD160,0xB8A0,0xB060,0xB8A0,0xB040,0xB040,0xB040,0xB060,0xB060,0xB060,0xB020,
    0xB000,0xA800,0xA000,0xA000,0xA000,0xA000,0xA800,0xB880,0xC0E0,0xC0C0,0xB880,0xB860,
    0xB8A0,0xC940,0xD180,0xC920,0xC0C0,0xB880,0xB880,0xC0A0,0xC0E0,0xC0E0,0xC0E0,0xC0C0,
    0xC0C0,0xC0C0,0xB8A0,0xB880,0xC0E0,0xD180,0xD9C0,0xE200,0xE220,0xD180,0xD160,0xD180,
    0xD9C0,0xF2A0,0xFB00,0xE240,0xC920,0xC100,0xC940,0xC900,0xC100,0xC960,0xD1A0,0xE200,
    0xE200,0xEA60,0xE260,0xD1A0,0xC940,0xB8A0,0xA820,0xB040,0xB8A0,0xB880,0xB8A0,0xC0E0,
    0xB860,0xB020,0xA800,0xB040,0xC0A0,0xC100,0xC940,0xC940,0xC900,0xB8A0,0xB040,0xB040,
    0xB020,0xB860,0xA800,0xB060,0xD9C0,0xC0C0,0xB040,0xB040,0xB880,0xC900,0xC900,0xC0C0,
    0xC0C0,0xB880,0xB880,0xB880,0xB060,0xB020,0xB000,0xB040,0xB020,0xA800,0xA000,0xB020,
    0xC100,0xC920,0xC900,0xC0E0,0xC920,0xD9C0,0xC920,0xA800,0xB020,0xC0E0,0xC0E0,0xD160,
    0xC920,0xC0C0,0xC100,0xB880,0xB860,0xB860,0xE220,0xEA60,0xC940,0xD180,0xC0E0,0xA800,
    0xB040,0xB880,0xC900,0xC940,0xC100,0xB880,0xC0A0,0xC940,0xC920,0xC8E0,0xC920,0xB8A0,
    0xC0A0,0xC900,0xC920,0xC920,0xD160,0xC0C0,0xB8A0,0xB8A0,0xA800,0xB8A0,0xC0C0,0xB020,
    0xA800,0xB020,0xA800,0xB040,0xD160,0xD1A0,0xD9A0,0xC940,0xC0E0,0xC900,0xB8A0,0xC0E0,
    0xD180,0xE220,0xEA60,0xF2E0,0xFB40,0xD9E0,0xC100,0xB040,0xC0E0,0xE220,0xE220,0xD9E0,
    0xD1A0,0xE240,0xEA80,0xE200,0xD9C0,0xDA00,0xEA80,0xEA80,0xD9E0,0xD160,0xD180,0xC900,
    0xC0E0,0xB8A0,0xB040,0xA800,0xB020,0xA800,0xB040,0xB8A0,0xB8A0,0xC0C0,0xB8A0,0xB880,
    0xC0C0,0xC0E0,0xB8A0,0xB880,0xA800,0xA000,0xB860,0xC920,0xE220,0xD9C0,0xC0E0,0xC900,
    0xB8A0,0xB8A0,0xD9C0,0xEA80,0xEA80,0xEAA0,0xEA80,0xE220,0xD9E0,0xD9C0,0xD1A0,0xC920,
    0xB8A0,0xC0E0,0xB040,0xA800,0xB040,0xB860,0xB8A0,0xB040,0xB880,0xC920,0xC940,0xC100,
    0xC900,0xD140,0xD9E0,0xD9E0,0xC920,0xC0C0,0xC0E0,0xC0A0,0xC100,0xB8A0,0xB880,0xC0E0,
    0xB8A0,0xC940,0xD9E0,0xB8A0,0xB8A0,0xC920,0xD9C0,0xE220,0xE240,0xD9C0,0xB880,0xB880,
    0xC940,0xD9E0,0xC920,0xB040,0xA000,0xB060,0xB860,0xB880,0xD160,0xD9E0,0xD9E0,0xD180,
    0xD180,0xD160,0xD180,0xC100,0xC0E0,0xB860,0xC0E0,0xD9A0,0xE220,0xE240,0xEA60,0xD9C0,
    0xC900,0xE220,0xEA60,0xE220,0xC940,0xC900,0xB8A0,0xB8A0,0xC940,0xC900,0xA800,0xB020,
    0xD180,0xD9C0,0xD9C0,0xC900,0xD160,0xD9E0,0xC940,0xC0C0,0xB880,0xC940,0xD9E0,0xE220,
    0xE220,0xD1A0,0xD180,0xD160,0xB8A0,0xC0C0,0xC0C0,0xB860,0xA800,0xA820,0xB860,0xA800,
    0xA000,0xA000,0xC0A0,0xD9C0,0xDA00,0xC940,0xB060,0xA800,0xC900,0xD9C0,0xC920,0xC960,
    0xD160,0xD180,0xC920,0xD160,0xD9C0,0xD180,0xC900,0xC0E0,0xB880,0xB020,0xB020,0xB8A0,
    0xC0C0,0xD180,0xE200,0xD9E0,0xD9E0,0xE200,0xE200,0xD9E0,0xD180,0xEA60,0xEAA0,0xDA00,
    0xE220,0xE240,0xD9E0,0xD140,0xC940,0xEA60,0xD9E0,0xD140,0xE200,0xE240,0xD9A0,0xB040,
    0xA000,0xA000,0xB020,0xC940,0xEA60,0xFB00,0xEAA0,0xE240,0xD9E0,0xE220,0xEA60,0xE220,
    0xD9C0,0xC900,0xC0E0,0xD160,0xE220,0xEA80,0xC100,0xC0C0,0xD140,0xC920,0xD1A0,0xC900,
    0xC940,0xF2C0,0xEA80,0xC0C0,0xB040,0xC0C0,0xC900,0xC920,0xD180,0xD9C0,0xD1A0,0xC900,
    0xC940,0xC100,0xC900,0xD180,0xC940,0xC940,0xD9A0,0xE200,0xE260,0xE240,0xC100,0xA800,
    0xA800,0xC0C0,0xC900,0xD180,0xD9C0,0xD9C0,0xC920,0xB880,0xC940,0xB8A0,0xB880,0xC0E0,
    0xD180,0xC920,0xB060,0xB860,0xC920,0xD9A0,0xC920,0xC0E0,0xC0E0,0xB860,0xB060,0xD9A0,
    0xD9C0,0xC940,0xB060,0xA800,0xA840,0xC900,0xB8A0,0xB880,0xC920,0xD9E0,0xC940,0xC0E0,
    0xD1A0,0xD180,0xC0C0,0xB880,0xB040,0xA000,0xA000,0xA800,0xA800,0xB8A0,0xD180,0xD180,
    0xC100,0xC940,0xC940,0xD9E0,0xDA00,0xD160,0xB880,0xC0E0,0xD160,0xC940,0xD9C0,0xE240,
    0xC900,0xB8A0,0xC0E0,0xC0E0,0xC940,0xE240,0xE240,0xD9E0,0xC960,0xC920,0xC920,0xB880,
    0xB880,0xC0E0,0xC0E0,0xC940,0xD9E0,0xD9A0,0xC100,0xC900,0xC0E0,0xC0C0,0xC0E0,0xC0E0,
    0xC940,0xD9E0,0xC900,0xB880,0xB8A0,0xC100,0xD160,0xD180,0xC940,0xC940,0xC0E0,0xB860,
    0xB880,0xC0C0,0xC0E0,0xB040,0xB8A0,0xB040,0xA000,0xA800,0xB040,0xC0C0,0xC0E0,0xC100,
    0xC0E0,0xB8A0,0xC0E0,0xD160,0xD9A0,0xD180,0xC0E0,0xB020,0xA800,0xB040,0xC0C0,0xC920,
    0xC900,0xC0C0,0xC100,0xC940,0xC920,0xC0E0,0xC0C0,0xC920,0xD160,0xD9C0,0xD180,0xC900,
    0xC900,0xC920,0xD160,0xD1A0,0xD160,0xC960,0xD160,0xC920,0xD9E0,0xEAA0,0xEAA0,0xE200,
    0xD1A0,0xD180,0xD160,0xD1A0,0xC960,0xC940,0xD9C0,0xEA60,0xE220,0xD1A0,0xD160,0xD160,
    0xC0A0,0xB060,0xB040,0xC0E0,0xD160,0xC920,0xC920,0xC900,0xC100,0xC100,0xC900,0xD9E0,
    0xDA00,0xC100,0xD180,0xD1A0,0xD9C0,0xC100,0xB060,0xB860,0xB020,0xA800,0xA000,0xC0A0,
    0xB880,0xA000,0xA800,0xC0C0,0xD9C0,0xD9C0,0xD9C0,0xD9C0,0xC900,0xB880,0xB880,0xB040,
    0xB020,0xA800,0xA800,0xA800,0xA800,0xA800,0x9800,0xA820,0xB020,0xB880,0xC920,0xC920,
    0xD9E0,0xDA00,0xD160,0xB020,0xB880,0xC920,0xC0C0,0xC0E0,0xC0C0,0xC920,0xC960,0xC0E0,
    0xC0C0,0xB020,0xB8A0,0xC900,0xC920,0xB8A0,0xA800,0xB8A0,0xD160,0xD9C0,0xD160,0xC900,
    0xC920,0xC0E0,0xC900,0xDA00,0xD9E0,0xC900,0xD180,0xD160,0xC0E0,0xD9C0,0xD180,0xC920,
    0xC900,0xB060,0xB020,0xB880,0xB040,0xC900,0xC100,0xB020,0xA800,0xB8A0,0xC100,0xC920,
    0xD9A0,0xEA80,0xE240,0xC920,0xC0E0,0xD160,0xD9E0,0xD9E0,0xD9C0,0xD1C0,0xD180,0xD9C0,
    0xE200,0xC940,0xB860,0xA800,0xA000,0xB040,0xC900,0xD9A0,0xD140,0xD9C0,0xD9C0,0xC940,
    0xC920,0xD9E0,0xEAA0,0xE200,0xD9C0,0xD180,0xD9A0,0xDA00,0xD9C0,0xC920,0xB880,0xA820,
    0xC0C0,0xD160,0xC0E0,0xC0A0,0xC0C0,0xB8A0,0xC900,0xD160,0xD9C0,0xE240,0xF2C0,0xD1A0,
    0xA820,0xB060,0xD160,0xD9C0,0xD180,0xC0E0,0xB040,0xB020,0xB860,0xC0E0,0xE220,0xF2C0,
    0xEA60,0xD9E0,0xD180,0xD160,0xC960,0xC100,0xC0C0,0xC0C0,0xB860,0xB040,0xB020,0xA800,
    0xA800,0xA800,0xB060,0xC0C0,0xC940,0xE200,0xEA80,0xE240,0xD1A0,0xD160,0xD140,0xC940,
    0xC940,0xA820,0xB860,0xB860,0xA800,0xA800,0xC100,0xD180,0xD180,0xF2C0,0xEA80,0xC900,
    0xB880,0xC0E0,0xC920,0xC940,0xC940,0xC0C0,0xB040,0xB880,0xDA00,0xEA80,0xB8A0,0xC0C0,
    0xC0E0,0xB8A0,0xB860,0xB040,0xB8A0,0xDA00,0xDA00,0xC0E0,0xC900,0xD9C0,0xE240,0xE220,
    0xD9C0,0xC920,0xB880,0xC940,0xD180,0xC940,0xD180,0xC920,0xB8A0,0xC0A0,0xC900,0xC960,
    0xC900,0xC0C0,0xB880,0xC100,0xE220,0xE220,0xB880,0x9800,0x9800,0xB040,0xD180,0xC900,
    0xB020,0xD180,0xF2A0,0xF2E0,0xF300,0xD9A0,0xD160,0xC960,0xC920,0xC0C0,0xC940,0xD180,
    0xB040,0xB860,0xC900,0xB880,0xC100,0xC920,0xC0E0,0xB880,0xB040,0xA820,0xB060,0xC100,
    0xC920,0xB8A0,0xB020,0xC100,0xD9C0,0xC0E0,0xB880,0xB880,0xD160,0xD160,0xD180,0xD9E0,
    0xD9C0,0xD9E0,0xE240,0xD9E0,0xC100,0xB860,0xB040,0xB040,0xB8A0,0xD9E0,0xD9C0,0xD160,
    0xD1A0,0xC960,0xD160,0xD9E0,0xE220,0xD160,0xD140,0xD160,0xD180,0xDA00,0xD9C0,0xD1A0,
    0xC0C0,0xB060,0xC0C0,0xC0C0,0xC0E0,0xC920,0xC940,0xD9A0,0xD180,0xD1A0,0xD180,0xC0E0,
    0xC0E0,0xD1A0,0xE220,0xE240,0xD9E0,0xD9A0,0xD180,0xD180,0xD1A0,0xC900,0xB880,0xB880,
    0xB880,0xB860,0xB860,0xC920,0xC940,0xB060,0xB020,0xB060,0xD180,0xF2E0,0xE200,0xC0A0,
    0xB880,0xB8C0,0xC0E0,0xC0E0,0xC940,0xC940,0xC0C0,0xB8A0,0xC0C0,0xC900,0xE220,0xE220,
    0xC920,0xC920,0xD1A0,0xD9C0,0xD9E0,0xD9E0,0xC940,0xC0E0,0xB860,0xC920,0xD160,0xD9C0,
    0xD9C0,0xD9E0,0xD180,0xC920,0xC100,0xB060,0xB020,0xC100,0xC0C0,0xA000,0xA800,0xB8A0,
    0xD160,0xC920,0xB860,0xB020,0xB860,0xB020,0xB8A0,0xD140,0xE220,0xE220,0xD1A0,0xD180,
    0xD160,0xD140,0xA800,0xA800,0xC0C0,0xD180,0xC940,0xE220,0xD9C0,0xC920,0xC0E0,0xB8A0,
    0xB040,0xA000,0xA000,0xA800,0xA800,0xB020,0xC900,0xC940,0xD9C0,0xD9E0,0xC920,0xC0C0,
    0xC0E0,0xC0E0,0xC0E0,0xC900,0xC0E0,0xC0E0,0xD160,0xF2C0,0xE200,0xEA80,0xE200,0xD160,
    0xC920,0xD160,0xD160,0xC900,0xC920,0xC0C0,0xC0C0,0xB8A0,0xC0C0,0xC100,0xC0E0,0xC900,
    0xD9C0,0xDA00,0xC940,0xC900,0xC920,0xC920,0xC100,0xC900,0xD180,0xD160,0xC940,0xC0A0,
    0xB020,0xB020,0xB860,0xC0E0,0xC900,0xC0C0,0xC0C0,0xC900,0xC0E0,0xB8A0,0xC0C0,0xC100,
    0xC0E0,0xC0E0,0xB8A0,0xB8A0,0xB880,0xB880,0xC0E0,0xC920,0xC920,0xC920,0xD180,0xD1A0,
    0xD160,0xC940,0xC920,0xC0A0,0xB060,0xB8A0,0xC920,0xD180,0xD9C0,0xD9C0,0xE240,0xD180,
    0xD180,0xD9C0,0xD9C0,0xE220,0xEA60,0xEAA0,0xD9E0,0xC0C0,0xB040,0xB040,0xB8A0,0xC0E0,
    0xC920,0xC920,0xB8A0,0xC0E0,0xD9E0,0xE260,0xD9E0,0xB8A0,0xB860,0xB040,0xB060,0xB880,
    0xC0E0,0xD160,0xD180,0xD160,0xC900,0xC100,0xC0E0,0xC900,0xC0C0,0xC940,0xD1A0,0xD160,
    0xC920,0xC940,0xD160,0xC0E0,0xC940,0xC940,0xC0E0,0xD160,0xC940,0xB8A0,0xC0E0,0xC0C0,
    0xC0C0,0xC100,0xC920,0xC0E0,0xB860,0xB040,0xB860,0xC920,0xB040,0xA000,0xB040,0xC0E0,
    0xC940,0xC0C0,0xC0C0,0xC0C0,0xB880,0xB880,0xC0C0,0xB880,0xB040,0xB020,0xB020,0xA800,
    0xA800,0x9800,0x8800,0xA000,0xA000,0xB020,0xC0E0,0xC0E0,0xD140,0xD160,0xC0C0,0xA800,
    0xC0C0,0xC940,0xC0E0,0xB8A0,0xC0C0,0xC920,0xC960,0xC960,0xC920,0xC0E0,0xC940,0xD180,
    0xE200,0xC0C0,0xA800,0xB060,0xB8A0,0xC900,0xC920,0xA800,0xA000,0xB880,0xC920,0xD160,
    0xC940,0xC940,0xD160,0xD9C0,0xD160,0xE200,0xEAA0,0xD9A0,0xC0E0,0x9800,0xA000,0xA000,
    0xA800,0xB880,0xB8A0,0xB000,0xB060,0xC100,0xC0C0,0xC940,0xD9E0,0xEA80,0xE200,0xC0C0,
    0xB8A0,0xC0C0,0xD160,0xE220,0xE220,0xC920,0xC0C0,0xC0A0,0xC0E0,0xD140,0xD160,0xB8A0,
    0xC0C0,0xC940,0xC940,0xC940,0xC0C0,0xB860,0xC0C0,0xC0E0,0xD180,0xC920,0xC0C0,0xC0C0,
    0xC920,0xC920,0xC940,0xD9A0,0xD160,0xC0C0,0xB860,0xB880,0xC920,0xD9C0,0xD9C0,0xD160,
    0xC900,0xC0E0,0xC940,0xD1A0,0xD9A0,0xD180,0xD180,0xC940,0xD160,0xD180,0xD9E0,0xC940,
    0xC0E0,0xB8A0,0xC0C0,0xC0E0,0xC920,0xD1A0,0xD9E0,0xD9C0,0xE200,0xD160,0xC0E0,0xC0E0,
    0xC0C0,0xB8A0,0xB8A0,0xC0E0,0xB040,0xA820,0xA800,0xA820,0xB060,0xC0E0,0xC940,0xD160,
    0xDA00,0xF2E0,0xF2E0,0xF2C0,0xE240,0xD160,0xC920,0xC920,0xB880,0xB060,0xC100,0xC0E0,
    0xC0C0,0xC0C0,0xD180,0xD180,0xD9C0,0xF2A0,0xF2E0,0xEA80,0xC900,0xB880,0xB860,0xC920,
    0xC920,0xB060,0xB040,0xB880,0xC900,0xD160,0xC100,0xC0C0,0xC920,0xD160,0xC920,0xB8A0,
    0xC0E0,0xE200,0xC940,0xB020,0xB860,0xD160,0xE200,0xD180,0xB8A0,0xB8A0,0xB880,0xC0C0,
    0xA800,0xA000,0xB020,0xA800,0xA000,0xA800,0xB880,0xC0A0,0xB880,0xC0C0,0xC940,0xD180,
    0xC900,0xC0C0,0xB880,0xB060,0xB8A0,0xB8A0,0xD9C0,0xE240,0xC960,0xD9E0,0xEA80,0xEA60,
    0xEAC0,0xE240,0xD9C0,0xD160,0xC0E0,0xB8A0,0xC100,0xC0C0,0xA820,0xA000,0xB040,0xC0E0,
    0xD9A0,0xC940,0xD160,0xD9A0,0xC900,0xC900,0xD1A0,0xD9C0,0xB880,0xA000,0xB060,0xEA60,
    0xEAA0,0xC900,0xD1A0,0xD180,0xC940,0xD9C0,0xDA00,0xE200,0xC900,0xD180,0xF2C0,0xEA40,
    0xDA00,0xD9C0,0xC920,0xC0C0,0xC0E0,0xC940,0xC0E0,0xD160,0xD1A0,0xC940,0xC0C0,0xC940,
    0xD9C0,0xC0E0,0xC0A0,0xC920,0xD160,0xD9E0,0xDA00,0xE240,0xE240,0xD1A0,0xC920,0xD140,
    0xB8A0,0xA820,0xC0E0,0xD9E0,0xE200,0xD9C0,0xD9A0,0xC940,0xC0C0,0xB8A0,0xC920,0xD160,
    0xD160,0xC920,0xC0C0,0xC0C0,0xC0E0,0xB8A0,0xB040,0xC0C0,0xC0E0,0xB880,0xC0C0,0xC0C0,
    0xB880,0xB860,0xB040,0xB8A0,0xD160,0xC0E0,0xA800,0xA000,0xA800,0xB060,0xB880,0xB8A0,
    0xC920,0xD180,0xC900,0xC0A0,0xC920,0xD9A0,0xEAC0,0xD9E0,0xC0C0,0xC920,0xE220,0xEA60,
    0xE200,0xE240,0xE220,0xC940,0xC0A0,0xC0C0,0xC920,0xD9A0,0xD1A0,0xE200,0xE200,0xEA60,
    0xD9C0,0xC0C0,0xD160,0xE220,0xC920,0xB060,0xC0C0,0xD160,0xD1A0,0xC940,0xB860,0xB8A0,
    0xB8A0,0xB8A0,0xC900,0xEA60,0xEAA0,0xE220,0xEA60,0xEAA0,0xF2E0,0xF340,0xD9C0,0xC0A0,
    0xC100,0xC940,0xD1C0,0xEA60,0xE200,0xD180,0xD160,0xC920,0xD180,0xD9C0,0xA800,0xB8A0,
    0xB880,0xB020,0xB860,0xC0C0,0xC0C0,0xC0C0,0xB880,0xB020,0xB880,0xC920,0xC920,0xC0C0,
    0xB040,0xB860,0xB040,0xC920,0xD9E0,0xF2A0,0xEAA0,0xD9E0,0xD160,0xC920,0xC900,0xC900,
    0xC0C0,0xB860,0xB060,0xC0C0,0xC900,0xC940,0xC0E0,0xC0A0,0xC900,0xC0C0,0xC0A0,0xC900,
    0xC0C0,0xC0C0,0xC0C0,0xB880,0xD160,0xD9C0,0xE200,0xE220,0xD1A0,0xC920,0xD160,0xC940,
    0xC900,0xC100,0xC920,0xD160,0xE200,0xEA60,0xD1A0,0xC0E0,0xC940,0xD180,0xD160,0xC100,
    0xB8A0,0xB020,0xB860,0xC940,0xD180,0xC920,0xC940,0xD160,0xC0E0,0xB040,0xA820,0xB8A0,
    0xD160,0xD1A0,0xDA00,0xDA00,0xDA00,0xE240,0xEA60,0xE220,0xF2A0,0xFB00,0xFB20,0xF300,
    0xF2E0,0xE220,0xC920,0xB880,0xB040,0xB020,0xB040,0xB880,0xC0E0,0xC920,0xC940,0xD160,
    0xC920,0xC0E0,0xC0C0,0xC0A0,0xB860,0xA800,0xA000,0xA800,0xC900,0xD9A0,0xC920,0xC0E0,
    0xC0E0,0xB860,0xB880,0xC0E0,0xC0E0,0xC100,0xD160,0xC940,0xC940,0xD160,0xC0C0,0xB880,
    0xB060,0xB020,0xB840,0xC0C0,0xC940,0xB8A0,0xB020,0xB860,0xB860,0xC0C0,0xC900,0xB8A0,
    0xB040,0xB880,0xD160,0xC940,0xB860,0xC0C0,0xB860,0xC0E0,0xC920,0xB8A0,0xB8A0,0xB880,
    0xB880,0xB860,0xB860,0xB040,0xB020,0xB020,0xA800,0xA800,0xA800,0x9800,0x9800,0x9800,
    0x9800,0xA000,0xB020,0xC940,0xC0E0,0xB8A0,0xB880,0xB8A0,0xC0E0,0xC940,0xC940,0xC0C0,
    0xC0E0,0xC100,0xC100,0xC920,0xC0E0,0xC0C0,0xC940,0xD9E0,0xC920,0xA800,0xB020,0xB040,
    0xA800,0xB060,0xB860,0xB880,0xB060,0xB8A0,0xC900,0xC940,0xC920,0xD160,0xD160,0xE220,
    0xE240,0xE220,0xD9E0,0xC920,0xB860,0xA800,0xB020,0xA820,0xA000,0xB000,0xB860,0xB880,
    0xC0E0,0xC940,0xC0E0,0xB020,0xB060,0xC920,0xD1A0,0xE220,0xDA00,0xD180,0xD9E0,0xD9E0,
    0xE220,0xD180,0xB8A0,0xB8A0,0xC940,0xC0E0,0xC920,0xD140,0xC920,0xD1A0,0xD1A0,0xD9C0,
    0xC920,0xB040,0xB860,0xC0E0,0xC900,0xC100,0xC0E0,0xC0A0,0xB880,0xB8A0,0xC0E0,0xC900,
    0xC0E0,0xB880,0xB020,0xA800,0xB860,0xC0C0,0xC920,0xC940,0xC900,0xC920,0xD1A0,0xE220,
    0xD9E0,0xC0E0,0xC0A0,0xC900,0xC0E0,0xB880,0xB8A0,0xB880,0xB020,0xC0A0,0xC940,0xD160,
    0xD180,0xC940,0xC100,0xB860,0xB040,0xB020,0xB880,0xB880,0xB880,0xB8A0,0xB8A0,0xB880,
    0xB020,0xB040,0xB880,0xB880,0xC0E0,0xC920,0xC920,0xC940,0xD1A0,0xD9C0,0xD1A0,0xB880,
    0xB040,0xB8A0,0xC900,0xD160,0xD9E0,0xF2A0,0xE200,0xC900,0xD160,0xD160,0xD160,0xD9E0,
    0xD140,0xC8E0,0xD180,0xC940,0xC940,0xB8A0,0xB880,0xC960,0xD180,0xB060,0xA800,0xB040,
    0xC0C0,0xD9C0,0xD1A0,0xC0C0,0xC0E0,0xE200,0xE260,0xD160,0xC900,0xD180,0xD160,0xB060,
    0xB880,0xC920,0xD160,0xD9C0,0xC0E0,0xB020,0xB060,0xB040,0xA000,0xA000,0xB080,0xD140,
    0xC940,0xD160,0xC0C0,0xA800,0xA000,0xA820,0xA820,0xA000,0xA800,0xC920,0xE200,0xD160,
    0xC0C0,0xB040,0xC0E0,0xD9A0,0xD1A0,0xC0E0,0xD1A0,0xD160,0xC900,0xC0E0,0xC0E0,0xB080,
    0xB880,0xC900,0xC960,0xC940,0xC0C0,0xA840,0xB040,0xB880,0xD1A0,0xC0C0,0xB880,0xC920,
    0xC0C0,0xC0E0,0xC900,0xC920,0xB8A0,0xB860,0xC920,0xD9E0,0xDA00,0xE220,0xEA40,0xE240,
    0xD9C0,0xD9E0,0xD9C0,0xC940,0xC900,0xB8A0,0xC900,0xD180,0xE200,0xE220,0xE200,0xD180,
    0xDA00,0xE220,0xC940,0xC0C0,0xB880,0xB020,0xB8A0,0xC0A0,0xC0C0,0xB880,0xA800,0xB040,
    0xC940,0xE240,0xF2E0,0xF2E0,0xEA80,0xE240,0xD1A0,0xC920,0xC920,0xB8A0,0xB040,0xC0E0,
    0xC940,0xD180,0xE220,0xD9C0,0xC940,0xC0C0,0xC900,0xC920,0xD180,0xDA00,0xD1A0,0xC940,
    0xC900,0xB8A0,0xA800,0xB040,0xD180,0xD9E0,0xC900,0xB060,0xC0E0,0xC0E0,0xA820,0xA800,
    0xA800,0xA800,0xA800,0xB040,0xB860,0xC0C0,0xD180,0xE200,0xE240,0xE240,0xD9E0,0xC900,
    0xC940,0xE220,0xE240,0xC940,0xC960,0xD180,0xD180,0xD160,0xE220,0xE220,0xD180,0xC0C0,
    0xA800,0xB020,0xC0E0,0xD1A0,0xD9E0,0xE240,0xE220,0xF2E0,0xD160,0xB8A0,0xC920,0xC940,
    0xB8A0,0xC920,0xD180,0xD9E0,0xE200,0xD9C0,0xD1A0,0xD9E0,0xD180,0xC0A0,0xC940,0xD9E0,
    0xD9C0,0xD9E0,0xD1A0,0xD160,0xF300,0xFBE0,0xFB80,0xD9C0,0xC900,0xC920,0xC920,0xD9C0,
    0xE220,0xE200,0xC920,0xC0E0,0xD9E0,0xD1A0,0xA800,0xA820,0xB060,0xB020,0xA820,0xB020,
    0xB8A0,0xC0E0,0xB040,0xB860,0xB020,0xC940,0xD160,0xB860,0xA800,0xB880,0xB040,0xB860,
    0xB880,0xC920,0xD180,0xD180,0xC940,0xC920,0xC920,0xC940,0xC0E0,0xB8A0,0xB040,0xB860,
    0xC0E0,0xD160,0xD180,0xC100,0xC900,0xC0C0,0xB8A0,0xB8A0,0xB8A0,0xB860,0xB060,0xB880,
    0xC0E0,0xD180,0xE240,0xE220,0xE220,0xDA00,0xEA80,0xE220,0xD180,0xD160,0xC940,0xC900,
    0xC0E0,0xC940,0xDA00,0xDA00,0xC920,0xC100,0xC0C0,0xB040,0xA800,0xB020,0xC0C0,0xD180,
    0xD180,0xC940,0xC920,0xD160,0xC940,0xB8A0,0xB880,0xC0C0,0xC0E0,0xC920,0xD160,0xD1A0,
    0xD1A0,0xD1A0,0xD1A0,0xD180,0xD9C0,0xD9E0,0xD9C0,0xD180,0xD160,0xD160,0xD180,0xD1A0,
    0xC900,0xC0C0,0xC0E0,0xC920,0xC920,0xC940,0xD180,0xD160,0xC0E0,0xC900,0xD160,0xD180,
    0xD180,0xD160,0xD160,0xD160,0xD180,0xD9A0,0xC920,0xC0A0,0xB860,0xB860,0xB860,0xB020,
    0xB060,0xC0C0,0xC0E0,0xC920,0xC940,0xC0A0,0xA000,0x9800,0xA000,0xA800,0xB040,0xB8A0,
    0xB8A0,0xB860,0xA820,0xA800,0xB060,0xC0E0,0xC920,0xC920,0xC0E0,0xC100,0xC0C0,0xB020,
    0xA800,0xB040,0xC0E0,0xD9C0,0xC920,0xB880,0xC100,0xC920,0xC920,0xC0C0,0xB020,0xA800,
    0xA800,0xA800,0xA800,0xB020,0xA800,0xA800,0xA000,0x9800,0x9800,0xA000,0xB020,0xB060,
    0xA820,0xB020,0xB060,0xB040,0xB020,0xB8A0,0xB8A0,0xB880,0xC0E0,0xB020,0xB020,0xB020,
    0xB020,0xB020,0xB060,0xC0C0,0xC0C0,0xC0E0,0xC0C0,0xC0C0,0xB860,0xB860,0xD180,0xD9C0,
    0xB860,0xB060,0xC0A0,0xC0C0,0xC0A0,0xB060,0xB060,0xC940,0xD9C0,0xD1A0,0xC0C0,0xC0E0,
    0xC0E0,0xC940,0xC940,0xC940,0xB020,0xB880,0xD160,0xD9C0,0xC900,0xC940,0xB880,0xB060,
    0xA800,0xB060,0xB880,0xC0C0,0xD9C0,0xD9C0,0xD1A0,0xD180,0xC940,0xC920,0xD1A0,0xD180,
    0xE200,0xEA60,0xD160,0xD160,0xD180,0xD160,0xD180,0xD160,0xC900,0xB8A0,0xC0E0,0xC0C0,
    0xB8A0,0xB8A0,0xC0E0,0xC940,0xD160,0xC0C0,0xC0C0,0xC100,0xC0E0,0xC0E0,0xC0C0,0xB880,
    0xB020,0xB040,0xB880,0xC0C0,0xC0A0,0xD140,0xD9E0,0xD1A0,0xC940,0xB8A0,0xB880,0xB8A0,
    0xB880,0xB880,0xB8A0,0xB860,0xB860,0xC900,0xD180,0xD9C0,0xEA60,0xF2E0,0xEA60,0xC0C0,
    0xB020,0xB8A0,0xC900,0xC940,0xC920,0xC0A0,0xC8E0,0xC0E0,0xB040,0xB020,0xB880,0xB8A0,
    0xB860,0xC0C0,0xC100,0xC900,0xD180,0xE220,0xE200,0xC940,0xC940,0xD180,0xE220,0xEA80,
    0xE220,0xE260,0xD9C0,0xC960,0xE200,0xEA80,0xDA00,0xD180,0xB880,0x9800,0xA820,0xC920,
    0xC920,0xB8A0,0xB040,0xB020,0xB040,0xA800,0xC0C0,0xD160,0xD9C0,0xC940,0xC900,0xC0E0,
    0xD180,0xEA60,0xE220,0xC940,0xB020,0xB880,0xC940,0xB060,0xB880,0xC0C0,0xD9E0,0xD140,
    0xD9C0,0xC940,0xB860,0xB020,0xB040,0xC0E0,0xD160,0xD180,0xD9E0,0xE200,0xD160,0xA800,
    0xA800,0xB880,0xC0E0,0xB8A0,0xB860,0xD1A0,0xE220,0xC940,0xB8A0,0xB040,0xC0E0,0xC960,
    0xC940,0xC100,0xC960,0xC900,0xB880,0xB040,0xB8A0,0xB880,0xB8A0,0xB860,0xC900,0xC940,
    0xC0E0,0xB8A0,0xD9C0,0xE220,0xEA80,0xD9C0,0xC900,0xD180,0xC940,0xC940,0xC0C0,0xB020,
    0xB040,0xC0E0,0xD1A0,0xD9A0,0xD1A0,0xE240,0xE240,0xEA60,0xEA60,0xE220,0xEA60,0xE240,
    0xD9C0,0xD160,0xC0E0,0xB060,0xC0C0,0xD9E0,0xE220,0xE200,0xE220,0xD9C0,0xD180,0xD1A0,
    0xD160,0xC920,0xD160,0xD160,0xC900,0xB880,0xB020,0xB040,0xC0E0,0xE220,0xEAA0,0xEA80,
    0xEA80,0xEA60,0xD140,0xC900,0xD1A0,0xD9E0,0xC940,0xB040,0xA000,0xC0C0,0xEA60,0xF300,
    0xE240,0xC920,0xC900,0xC0E0,0xB8A0,0xC920,0xD180,0xD180,0xD180,0xD180,0xC900,0xB040,
    0xD9C0,0xD9C0,0xC0C0,0xC900,0xD9C0,0xD160,0xC0E0,0xC0E0,0xC920,0xC900,0xB8A0,0xB040,
    0xB040,0xC940,0xD9E0,0xDA00,0xD1A0,0xC960,0xC0C0,0xB8A0,0xC940,0xD180,0xD160,0xD9C0,
    0xD1A0,0xC0C0,0xB880,0xD1A0,0xE240,0xD9E0,0xC920,0xB880,0xC900,0xD9E0,0xE240,0xE240,
    0xEAA0,0xEA60,0xE200,0xD180,0xC0A0,0xB060,0xA820,0x9800,0xA800,0xC0E0,0xD1A0,0xD9C0,
    0xD180,0xC940,0xD160,0xD9C0,0xD160,0xC0E0,0xC900,0xC940,0xC940,0xC920,0xC0E0,0xC900,
    0xD1A0,0xD160,0xDA00,0xD180,0xC0C0,0xC0A0,0xC0E0,0xD1A0,0xD9C0,0xC920,0xC0A0,0xC900,
    0xC940,0xC940,0xB040,0xA800,0xB060,0xB020,0xB860,0xC920,0xC940,0xC920,0xC0E0,0xD1A0,
    0xC0E0,0xB020,0xB060,0xB020,0xB860,0xC900,0xD140,0xB8A0,0xB000,0xC0A0,0xC900,0xC940,
    0xC920,0xC0E0,0xC8E0,0xC900,0xC0A0,0xC0C0,0xC0E0,0xC100,0xC100,0xC920,0xD160,0xC940,
    0xC100,0xC920,0xC940,0xC0E0,0xC100,0xC900,0xB060,0xB880,0xC0C0,0xC920,0xD160,0xD180,
    0xD180,0xD9A0,0xE200,0xE220,0xD160,0xC920,0xC0E0,0xC0C0,0xB880,0xB860,0xC0C0,0xD180,
    0xD9A0,0xC940,0xC0E0,0xB860,0xB8A0,0xC0C0,0xC100,0xC100,0xB8A0,0xB880,0xB8A0,0xC0C0,
    0xC0E0,0xC0C0,0xB840,0xB020,0xB020,0xB880,0xC100,0xD160,0xC940,0xC0E0,0xC0E0,0xC100,
    0xC0C0,0xC0A0,0xB8A0,0xC0E0,0xC940,0xC940,0xC900,0xC100,0xC100,0xC940,0xC920,0xB8A0,
    0xB040,0xB040,0xB060,0xB880,0xC100,0xD180,0xDA00,0xE200,0xD1A0,0xD1A0,0xE240,0xE200,
    0xD180,0xC0E0,0xB060,0xB020,0xA800,0xB020,0xB000,0xB060,0xC0E0,0xB880,0xB860,0xC0E0,
    0xC940,0xC0E0,0xB040,0xA820,0xA000,0xA800,0xB020,0xB060,0xB860,0xB040,0xA820,0xA820,
    0xB880,0xC940,0xD9E0,0xD9E0,0xC100,0xB040,0xA800,0xA800,0xB040,0xC900,0xD180,0xB8A0,
    0xB020,0xC0C0,0xC920,0xD180,0xD180,0xC900,0xC900,0xB060,0xB020,0xB040,0xB020,0xB040,
    0x9800,0x9800,0x9800,0x9000,0x9800,0xA000,0xA800,0xA000,0xA000,0xA800,0xB020,0xB020,
    0xB020,0xB020,0xB040,0xD160,0xEA80,0xD9E0,0xC940,0xB880,0xA800,0xA800,0xA800,0xB040,
    0xB880,0xC920,0xC900,0xC920,0xC0E0,0xB000,0xC900,0xC920,0xB020,0xB020,0xC0E0,0xC0E0,
    0xB8A0,0xA000,0xA820,0xC940,0xD160,0xC900,0xC920,0xD1A0,0xD9C0,0xE220,0xE220,0xD160,
    0xB040,0xC0A0,0xC0C0,0xC0C0,0xC920,0xC0E0,0xC0E0,0xC0C0,0xB8A0,0xB880,0xC0C0,0xC940,
    0xC960,0xC920,0xB8A0,0xC0E0,0xD160,0xC100,0xC920,0xD160,0xC940,0xD1A0,0xD9C0,0xD160,
    0xC920,0xD160,0xD1A0,0xD180,0xC940,0xD160,0xD9E0,0xD9E0,0xD160,0xD160,0xC940,0xD160,
    0xDA00,0xD180,0xC0E0,0xC0E0,0xC0C0,0xB860,0xB040,0xB860,0xB040,0xB880,0xC0E0,0xC0C0,
    0xB8A0,0xC0E0,0xC0C0,0xB880,0xB040,0xB060,0xB860,0xB880,0xC0E0,0xD180,0xD180,0xC900,
    0xC0A0,0xC0C0,0xC0C0,0xC900,0xD9C0,0xEA60,0xF300,0xEAA0,0xD1A0,0xC0C0,0xC0C0,0xC0C0,
    0xC0E0,0xC0C0,0xC0E0,0xC920,0xC0E0,0xB8C0,0xC0E0,0xC0E0,0xC920,0xD9C0,0xD9C0,0xD160,
    0xD9E0,0xEA60,0xE240,0xE220,0xD9E0,0xDA00,0xD9E0,0xD9C0,0xD9E0,0xE240,0xE240,0xE260,
    0xEAA0,0xE240,0xC920,0xB060,0xA000,0xA840,0xB8A0,0xDA00,0xD160,0xB060,0xA820,0xA800,
    0xA800,0xA800,0xC920,0xD9A0,0xD160,0xC920,0xC0A0,0xC0C0,0xC940,0xB8A0,0xC940,0xDA00,
    0xD180,0xC0C0,0xA820,0xA820,0xC0C0,0xD180,0xD9E0,0xB880,0xB8A0,0xB060,0xA800,0xB020,
    0xB020,0xB020,0xC0C0,0xB880,0xA800,0xB860,0xB8A0,0xC100,0xD140,0xC940,0xC0E0,0xB060,
    0xA820,0xC0E0,0xC920,0xC0C0,0xB040,0xB880,0xC0C0,0xC920,0xC920,0xC100,0xC100,0xB040,
    0xB040,0xC0C0,0xD1A0,0xD1A0,0xC0E0,0xA800,0xA000,0xA820,0xB860,0xC0C0,0xD180,0xEA80,
    0xF2C0,0xF300,0xE240,0xD180,0xC900,0xC940,0xD9E0,0xD9E0,0xDA00,0xD9C0,0xE200,0xF2A0,
    0xE220,0xE240,0xDA00,0xC940,0xC0C0,0xD9C0,0xE200,0xE220,0xD9E0,0xD180,0xC0C0,0xA820,
    0xA000,0xB880,0xC920,0xC940,0xDA00,0xE200,0xD9E0,0xD9C0,0xD1A0,0xD1A0,0xD9C0,0xC920,
    0xB860,0xC900,0xC940,0xB060,0xA820,0xB040,0xC920,0xDA00,0xE200,0xD9E0,0xD9C0,0xD160,
    0xC960,0xD1A0,0xD9C0,0xD160,0xB880,0xB8A0,0xD1A0,0xEA60,0xE240,0xD180,0xC940,0xC940,
    0xC0E0,0xC0A0,0xB8A0,0xB8A0,0xB8C0,0xC940,0xD160,0xC0C0,0xC940,0xD9E0,0xEA60,0xEA80,
    0xD1A0,0xD160,0xD1A0,0xEA60,0xEA80,0xD9C0,0xC940,0xC920,0xC920,0xD9C0,0xDA00,0xC0E0,
    0xB020,0xB020,0xB020,0xB860,0xC0C0,0xC0E0,0xB880,0xD180,0xD180,0xB8A0,0xD1A0,0xDA00,
    0xD1A0,0xD180,0xC0E0,0xC900,0xE240,0xF300,0xEAA0,0xEA60,0xEA40,0xDA00,0xD180,0xC920,
    0xB880,0xB020,0xA800,0xB020,0xC0E0,0xC0E0,0xC0C0,0xC0E0,0xC0E0,0xC0A0,0xD140,0xC940,
    0xC940,0xD1A0,0xC920,0xC940,0xC920,0xC920,0xC0E0,0xC940,0xC920,0xD1A0,0xD160,0xC100,
    0xC0C0,0xB040,0xC920,0xD9C0,0xC920,0xC0C0,0xC0C0,0xC0C0,0xC0E0,0xC0C0,0xB860,0xB060,
    0xB860,0xB020,0xB020,0xB8A0,0xC0E0,0xC0E0,0xC900,0xD9C0,0xE240,0xD160,0xD180,0xC920,
    0xB040,0xA000,0xB040,0xB040,0xA800,0xB8A0,0xD160,0xC940,0xC900,0xC0E0,0xC900,0xC0E0,
    0xC0A0,0xC0E0,0xC920,0xD160,0xC920,0xC0E0,0xC0E0,0xC0C0,0xB8A0,0xB880,0xC920,0xC0C0,
    0xB040,0xB040,0xC0C0,0xC0C0,0xC0E0,0xC940,0xD160,0xD160,0xD180,0xD180,0xC940,0xD160,
    0xD180,0xD160,0xC900,0xC0C0,0xC0E0,0xC0C0,0xC0C0,0xB8A0,0xC0C0,0xC0E0,0xC900,0xC0C0,
    0xB8A0,0xC0E0,0xB8A0,0xB880,0xB8A0,0xB880,0xB860,0xB060,0xB860,0xC0C0,0xC0E0,0xB880,
    0xB040,0xB040,0xB860,0xC0C0,0xC900,0xC0C0,0xB8A0,0xC100,0xC0C0,0xC0E0,0xC920,0xC920,
    0xC900,0xC0E0,0xC900,0xC940,0xC920,0xC0E0,0xC0C0,0xB8A0,0xC0C0,0xB880,0xB860,0xB880,
    0xC100,0xC920,0xC0E0,0xC0C0,0xC0E0,0xC900,0xC920,0xC0E0,0xB880,0xB040,0xB060,0xA800,
    0xA800,0xA800,0xB020,0xB860,0xB020,0xB020,0xB040,0xC0E0,0xD180,0xD180,0xC940,0xB8A0,
    0xB020,0xC900,0xC920,0xC0C0,0xD180,0xC940,0xC0E0,0xC900,0xC940,0xD9C0,0xD9E0,0xD180,
    0xC100,0xB880,0xB8A0,0xC0E0,0xC900,0xD180,0xC920,0xC0C0,0xD160,0xC920,0xC900,0xD160,
    0xD180,0xD9A0,0xD9C0,0xC0E0,0xC0C0,0xC940,0xD180,0xB8C0,0xB8A0,0xA020,0x9000,0x9800,
    0xB060,0xB880,0xB880,0xB880,0xA000,0xA800,0xB020,0xB020,0xB020,0xB040,0xB860,0xC0E0,
    0xE200,0xD9A0,0xD160,0xB040,0xA800,0xB020,0xB020,0xA800,0xA800,0xA820,0xB880,0xD160,
    0xC920,0xB880,0xC0C0,0xC920,0xC0C0,0xB040,0xB8A0,0xB8A0,0xA800,0xA820,0xC0E0,0xC920,
    0xC920,0xC940,0xD180,0xD160,0xD180,0xD180,0xC0C0,0xB880,0xB040,0xB040,0xC900,0xC940,
    0xD9A0,0xD9E0,0xD9E0,0xD9C0,0xD180,0xD9E0,0xE220,0xFB20,0xF2E0,0xD140,0xB860,0xB020,
    0xB8A0,0xB880,0xB880,0xB020,0xB060,0xB860,0xC0E0,0xC0C0,0xC0C0,0xC940,0xD1A0,0xD9E0,
    0xD1A0,0xD180,0xD9E0,0xD9C0,0xD160,0xC920,0xD160,0xC940,0xC100,0xC0E0,0xC0C0,0xC0E0,
    0xC920,0xC0E0,0xB8A0,0xB880,0xB880,0xB8A0,0xD160,0xD9A0,0xC920,0xB8A0,0xC0E0,0xC0A0,
    0xB880,0xB8A0,0xC0C0,0xC0C0,0xC900,0xC940,0xC940,0xC920,0xC0E0,0xC0C0,0xB8A0,0xC0C0,
    0xC0E0,0xC920,0xD180,0xD9A0,0xC900,0xB860,0xB8C0,0xC100,0xC920,0xC940,0xD1A0,0xD9E0,
    0xD9E0,0xD9A0,0xD1A0,0xD9C0,0xD9E0,0xE260,0xE220,0xD140,0xC0E0,0xD1A0,0xE240,0xEA80,
    0xD9E0,0xC940,0xD180,0xE240,0xF2C0,0xF2A0,0xFB20,0xFBA0,0xE260,0xD180,0xC940,0xD160,
    0xD1A0,0xD9A0,0xC920,0xC900,0xC920,0xB040,0xA000,0xB040,0xB8A0,0xC0E0,0xC0E0,0xB040,
    0xB840,0xB8A0,0xC0C0,0xC0E0,0xC900,0xC0C0,0xC900,0xE200,0xD9E0,0xD9A0,0xB8A0,0xB860,
    0xE220,0xEA60,0xC940,0xB880,0xA000,0x9800,0xA000,0xB020,0xB860,0xB8A0,0xC0C0,0xB060,
    0xB040,0xC0C0,0xC920,0xC900,0xC0C0,0xC0C0,0xB8A0,0xA800,0xA000,0xA000,0xB8A0,0xB8A0,
    0xB880,0xC0E0,0xC0C0,0xC0C0,0xC920,0xB8C0,0xC0C0,0xC0A0,0xC900,0xD180,0xE240,0xE240,
    0xC940,0xB8A0,0xB860,0xB880,0xA820,0xA040,0xB080,0xD180,0xD9E0,0xD160,0xD180,0xC940,
    0xC940,0xD9A0,0xE200,0xD9C0,0xC960,0xD1A0,0xD9C0,0xEA60,0xE240,0xD160,0xC100,0xC900,
    0xC920,0xC920,0xC920,0xD1A0,0xE220,0xD160,0xC920,0xB880,0xA800,0xA800,0xB060,0xD160,
    0xE220,0xE220,0xD9C0,0xC0E0,0xC0E0,0xD160,0xD160,0xD9C0,0xD160,0xC940,0xC920,0xB880,
    0xA800,0xB880,0xD9E0,0xF2C0,0xE240,0xD1A0,0xD180,0xC940,0xB8A0,0xB060,0xC0E0,0xC0E0,
    0xB8A0,0xC100,0xD9C0,0xD9C0,0xD160,0xC920,0xC920,0xD180,0xE200,0xD9E0,0xC960,0xC900,
    0xB880,0xA800,0xB860,0xC0E0,0xC900,0xD180,0xC940,0xB880,0xB020,0xB880,0xE220,0xFB80,
    0xFB40,0xF340,0xF300,0xDA00,0xDA00,0xD180,0xB8A0,0xB040,0xB040,0xB020,0xB860,0xC0C0,
    0xC0E0,0xB880,0xB880,0xC940,0xC920,0xC920,0xD180,0xD180,0xD9E0,0xD9A0,0xD180,0xD160,
    0xC940,0xEA60,0xEA60,0xD9E0,0xD9C0,0xD9C0,0xC900,0xC940,0xB020,0xB040,0xB860,0xC0E0,
    0xD160,0xC0E0,0xC900,0xD160,0xC0C0,0xC920,0xD180,0xD9C0,0xE220,0xD180,0xC940,0xC940,
    0xC960,0xC940,0xC920,0xC900,0xC0C0,0xC940,0xC920,0xC920,0xB8A0,0xB020,0xC900,0xC0C0,
    0xC0A0,0xC920,0xD160,0xB8A0,0xB020,0xC100,0xB8A0,0xA800,0xA800,0xA000,0xA800,0xB880,
    0xC920,0xD180,0xD9C0,0xD9A0,0xEAA0,0xD9E0,0xD160,0xE220,0xC0E0,0xA840,0xB040,0xB880,
    0xD9C0,0xD180,0xC0E0,0xC900,0xC900,0xC0E0,0xC900,0xC900,0xC920,0xC920,0xC0E0,0xC0C0,
    0xC0A0,0xB860,0xB040,0xB840,0xB860,0xB040,0xB040,0xB020,0xA000,0xA800,0xB060,0xB8A0,
    0xB8A0,0xB880,0xC0C0,0xC0C0,0xC0E0,0xD1A0,0xD160,0xC100,0xC900,0xC940,0xC920,0xC0E0,
    0xC100,0xC0E0,0xC0A0,0xB880,0xB840,0xB040,0xB040,0xB060,0xA800,0xA800,0xB020,0xB860,
    0xC0E0,0xC920,0xC940,0xD160,0xD180,0xD180,0xD180,0xC920,0xC0C0,0xB8A0,0xB860,0xB040,
    0xB020,0xA800,0xB060,0xD1A0,0xD180,0xD160,0xC920,0xC0E0,0xC0E0,0xC0E0,0xC920,0xC900,
    0xC900,0xC920,0xC940,0xC100,0xB8A0,0xB8A0,0xC0E0,0xC0E0,0xC0E0,0xC0E0,0xC0E0,0xC900,
    0xD160,0xD1C0,0xD9C0,0xD160,0xB880,0xA820,0xB020,0xA800,0xA000,0xA800,0xB880,0xC0C0,
    0xB8A0,0xC0E0,0xB860,0xB020,0xB880,0xC100,0xB040,0xA800,0xB060,0xC960,0xD9E0,0xD1A0,
    0xC940,0xD160,0xD9C0,0xE220,0xE220,0xE200,0xD9E0,0xC940,0xB060,0xC0E0,0xD1A0,0xD9E0,
    0xC0E0,0xB880,0xC940,0xDA00,0xE240,0xD9E0,0xD9C0,0xD180,0xD9A0,0xDA00,0xC920,0xB040,
    0xC920,0xD180,0xD1A0,0xD9E0,0xE220,0xD9E0,0xC0E0,0xB020,0xC0C0,0xC920,0xC0E0,0xB880,
    0xB020,0xA000,0xB040,0xC900,0xD180,0xE240,0xD9E0,0xE220,0xEA60,0xD9C0,0xB880,0xB040,
    0xB060,0xC0A0,0xB880,0xB880,0xB040,0xB040,0xC0E0,0xD160,0xD1A0,0xEA60,0xE240,0xC900,
    0xB880,0xB020,0xA000,0x9800,0xA000,0xA820,0xC0E0,0xD9C0,0xD9E0,0xD9C0,0xD180,0xD1A0,
    0xD160,0xB8A0,0xC900,0xD9E0,0xD9A0,0xC100,0xC940,0xD160,0xD160,0xD1A0,0xD180,0xC940,
    0xC900,0xC900,0xD180,0xD160,0xD1A0,0xD180,0xD180,0xC0E0,0xA800,0xA000,0xB060,0xB860,
    0xB880,0xB880,0xB8A0,0xC0C0,0xC0E0,0xD180,0xD9A0,0xD9A0,0xC940,0xC0E0,0xC0E0,0xC0E0,
    0xB880,0xB020,0xC0A0,0xC920,0xC920,0xC920,0xD1A0,0xD9C0,0xD1A0,0xD180,0xC920,0xC0A0,
    0xC0C0,0xB880,0xB8A0,0xC100,0xC900,0xC0E0,0xC920,0xC900,0xC0E0,0xC900,0xC960,0xC960,
    0xC920,0xC900,0xC920,0xC100,0xC100,0xC920,0xC100,0xC0C0,0xC0E0,0xC920,0xD1A0,0xE200,
    0xE220,0xDA00,0xD9C0,0xD1A0,0xD9C0,0xD9E0,0xDA00,0xD9C0,0xD9E0,0xD9E0,0xD9C0,0xD9C0,
    0xEA60,0xEAA0,0xE240,0xC100,0xC920,0xEA60,0xFBA0,0xFB80,0xE240,0xD180,0xC0E0,0xC940,
    0xD9C0,0xD9C0,0xC960,0xC920,0xC920,0xC920,0xD180,0xE220,0xD9C0,0xC920,0xA840,0xA000,
    0xB860,0xC0E0,0xC940,0xD1A0,0xE200,0xE1E0,0xC920,0xB8A0,0xC100,0xC900,0xC960,0xC940,
    0xC940,0xB8A0,0xB880,0xC940,0xD9E0,0xD1A0,0xC0C0,0xB8A0,0xD9C0,0xD9E0,0xC940,0xB880,
    0xA000,0xA000,0xA820,0xC940,0xD9C0,0xD9E0,0xC940,0xD140,0xDA00,0xD9A0,0xC900,0xC0E0,
    0xC0E0,0xC920,0xC900,0xB040,0xB860,0xB020,0xC0C0,0xC0C0,0xB060,0xB8A0,0xB040,0xB040,
    0xC0E0,0xC0E0,0xC0E0,0xC0C0,0xB880,0xC920,0xC940,0xC0C0,0xB8A0,0xB020,0xA820,0xA000,
    0xA000,0x9800,0x9800,0xA000,0xB860,0xB060,0xD140,0xD9E0,0xD160,0xD160,0xD160,0xC920,
    0xC0C0,0xC900,0xD180,0xD9C0,0xC940,0xB880,0xC0E0,0xC940,0xE200,0xD9C0,0xC0C0,0xC940,
    0xD160,0xD9E0,0xE240,0xC100,0xA800,0xA000,0xB060,0xD9C0,0xE240,0xD9C0,0xC940,0xB860,
    0xC0E0,0xE200,0xEA60,0xE220,0xDA00,0xD180,0xC0E0,0xB8A0,0xB880,0xC0C0,0xD180,0xEA80,
    0xEA60,0xD180,0xC920,0xC0E0,0xC0E0,0xB880,0xB880,0xC0E0,0xD1A0,0xD180,0xC940,0xC960,
    0xC940,0xC920,0xC920,0xD180,0xD9E0,0xE200,0xD9C0,0xC960,0xC940,0xC0E0,0xB880,0xB040,
    0xB040,0xB880,0xB880,0xB040,0xC0A0,0xC920,0xEA60,0xEAC0,0xFB20,0xEA60,0xD160,0xC940,
    0xC0E0,0xB040,0xB8A0,0xC920,0xC940,0xD160,0xD1A0,0xD180,0xC960,0xC940,0xD180,0xD180,
    0xC940,0xC940,0xC940,0xD160,0xD180,0xC940,0xD9E0,0xEA40,0xEAA0,0xFB20,0xF2C0,0xE240,
    0xC940,0xC100,0xB8A0,0xB880,0xB880,0xC0E0,0xC920,0xC960,0xC920,0xC0C0,0xC920,0xC940,
    0xC100,0xC940,0xD180,0xD1A0,0xD180,0xD160,0xD160,0xD180,0xC940,0xC0E0,0xC0C0,0xB880,
    0xC0C0,0xC0E0,0xC0C0,0xC900,0xB040,0xA800,0xC0A0,0xB8A0,0xC900,0xC900,0xD9A0,0xE220,
    0xC940,0xD180,0xD180,0xC0E0,0xC0C0,0xB060,0xC920,0xD1A0,0xD180,0xEA80,0xD9E0,0xC920,
    0xC0E0,0xC0E0,0xA800,0xB060,0xC940,0xD9E0,0xF2C0,0xE220,0xF2C0,0xF2E0,0xD9E0,0xD9E0,
    0xD9E0,0xC920,0xC920,0xC940,0xC920,0xC100,0xC0C0,0xB880,0xB860,0xB880,0xC0C0,0xB880,
    0xB020,0xA800,0xA800,0xA800,0xA000,0xA000,0xA000,0xB020,0xC0E0,0xC920,0xC940,0xD180,
    0xD160,0xDA00,0xE200,0xC920,0xC0E0,0xC0E0,0xC940,0xC940,0xC0E0,0xC0C0,0xC0E0,0xC940,
    0xC940,0xC940,0xC900,0xC0C0,0xC0C0,0xB860,0xB040,0xB040,0xB860,0xB8A0,0xC900,0xD180,
    0xE220,0xE220,0xDA00,0xD1A0,0xC940,0xC900,0xC0E0,0xC0E0,0xC0C0,0xB880,0xC0C0,0xC960,
    0xC900,0xC0E0,0xC0E0,0xC920,0xD160,0xD160,0xC920,0xC0C0,0xC0E0,0xC900,0xC0C0,0xB860,
    0xB840,0xB880,0xC0C0,0xC900,0xC920,0xC940,0xD160,0xD1A0,0xD9E0,0xD9E0,0xD180,0xC0A0,
    0xB040,0xB880,0xC0C0,0xB8A0,0xB060,0xB060,0xC0A0,0xC0E0,0xB880,0xB020,0xA800,0xA800,
    0xB860,0xC0C0,0xB860,0xB060,0xB880,0xC920,0xE200,0xE200,0xD9C0,0xE220,0xDA00,0xD9A0,
    0xD1A0,0xD9C0,0xD9C0,0xC940,0xC0C0,0xC0E0,0xD9A0,0xEA60,0xD1A0,0xD180,0xD1A0,0xD180,
    0xD9C0,0xE260,0xE200,0xC0E0,0xC0C0,0xC0E0,0xB880,0xB880,0xC940,0xD9C0,0xD9E0,0xD9E0,
    0xD180,0xE200,0xD180,0xC0E0,0xE220,0xEA80,0xEA80,0xD9E0,0xC0C0,0xB040,0xC0E0,0xD9C0,
    0xD9E0,0xE220,0xEA60,0xD9E0,0xC0E0,0xC940,0xD180,0xD180,0xD180,0xD180,0xD1A0,0xD160,
    0xC0E0,0xC940,0xD9C0,0xE200,0xC940,0xD160,0xD160,0xC0E0,0xD9A0,0xD180,0xC0C0,0xA820,
    0xA820,0xA800,0xB040,0xC920,0xD9E0,0xD9E0,0xD1A0,0xB8A0,0xC100,0xB860,0xB880,0xE200,
    0xEA60,0xDA00,0xC900,0xC940,0xDA00,0xE220,0xD9E0,0xD180,0xB8A0,0xA800,0xB040,0xB8A0,
    0xD180,0xDA00,0xD9C0,0xE200,0xC900,0xA820,0xA800,0xC0C0,0xD9C0,0xC900,0xB840,0xC920,
    0xD160,0xD1A0,0xD160,0xC940,0xC0C0,0xB880,0xC0E0,0xC0E0,0xB8A0,0xB860,0xC900,0xD180,
    0xD9A0,0xD1A0,0xDA00,0xE240,0xE220,0xD9A0,0xC920,0xC0C0,0xB040,0xB040,0xB880,0xB8A0,
    0xB020,0xC0C0,0xC920,0xC920,0xC100,0xC0E0,0xC0E0,0xC0E0,0xC0E0,0xC900,0xC100,0xC900,
    0xC920,0xC900,0xC920,0xC920,0xC940,0xD180,0xD9C0,0xD9E0,0xE220,0xE240,0xD9C0,0xD180,
    0xD1A0,0xD9C0,0xD180,0xD9C0,0xE200,0xD9E0,0xD180,0xC940,0xD180,0xE220,0xE240,0xD9C0,
    0xE220,0xEA60,0xD9E0,0xD9E0,0xE240,0xE1E0,0xC920,0xD9C0,0xEA80,0xD9E0,0xC940,0xB040,
    0xB040,0xB8A0,0xC940,0xD180,0xC900,0xA800,0xA000,0xB8A0,0xD180,0xD160,0xD180,0xD1A0,
    0xC960,0xC100,0xB880,0xC0E0,0xC920,0xD160,0xC940,0xC920,0xC920,0xC0C0,0xB080,0xC900,
    0xDA00,0xD9C0,0xC920,0xB8A0,0xB040,0xB020,0xB060,0xB8A0,0xB860,0xB860,0xB8A0,0xC920,
    0xD9C0,0xD160,0xC940,0xD140,0xD1A0,0xD180,0xC900,0xC940,0xC940,0xC940,0xC920,0xB8A0,
    0xB020,0xB040,0xB040,0xB040,0xB040,0xA820,0xB020,0xA800,0xB020,0xB040,0xA800,0xB020,
    0xB8A0,0xB880,0xB040,0xA800,0xA000,0xA800,0xB040,0xA000,0xA000,0xA840,0xB040,0xB020,
    0xB020,0xB060,0xC0E0,0xD9E0,0xF300,0xE220,0xC900,0xC0E0,0xC900,0xC0E0,0xC0E0,0xC940,
    0xC940,0xC0E0,0xB880,0xC0C0,0xC920,0xC0C0,0xB060,0xC0C0,0xD160,0xD1A0,0xEA60,0xD9A0,
    0xB8A0,0xB8A0,0xC100,0xC920,0xD180,0xC940,0xB8A0,0xB8A0,0xC0E0,0xD160,0xD9A0,0xD9C0,
    0xD9E0,0xEA80,0xE240,0xD9C0,0xC0C0,0xC0E0,0xDA00,0xEAA0,0xFB00,0xEA60,0xD180,0xC0E0,
    0xB860,0xB060,0xB8A0,0xC900,0xE200,0xE220,0xD180,0xC940,0xC900,0xC0C0,0xC0C0,0xB8A0,
    0xB8A0,0xC0E0,0xC0E0,0xC920,0xD160,0xD160,0xC900,0xB8A0,0xB040,0xB060,0xB8A0,0xB040,
    0xB8A0,0xC920,0xDA00,0xF2A0,0xF2C0,0xD9A0,0xB8A0,0xA820,0xB880,0xC900,0xC920,0xC940,
    0xD140,0xD180,0xD160,0xC900,0xD180,0xD180,0xD9E0,0xD160,0xC920,0xC900,0xC920,0xC100,
    0xC900,0xD160,0xDA00,0xE240,0xE220,0xD9C0,0xD9E0,0xD1A0,0xD180,0xC920,0xC0C0,0xC0E0,
    0xC920,0xC940,0xC940,0xC940,0xC940,0xC920,0xC100,0xC900,0xB8A0,0xB880,0xD160,0xD180,
    0xD180,0xD9C0,0xD180,0xD9C0,0xD160,0xB8A0,0xB880,0xB040,0xC100,0xD160,0xC100,0xB860,
    0xA800,0xA800,0xB8A0,0xB880,0xD180,0xE220,0xD1C0,0xEA60,0xE220,0xD180,0xD180,0xC920,
    0xC0A0,0xC0C0,0xC920,0xD1A0,0xC940,0xC940,0xC0C0,0xB8A0,0xB860,0xB8A0,0xA820,0xA820,
    0xC0E0,0xD9E0,0xEA80,0xD9C0,0xC900,0xC920,0xD180,0xE220,0xD9E0,0xC920,0xC0C0,0xC0C0,
    0xC0A0,0xB8A0,0xC0C0,0xC0C0,0xC0C0,0xB8A0,0xC0C0,0xC920,0xD180,0xC920,0xC0C0,0xB880,
    0xB860,0xB880,0xC900,0xD9E0,0xFB40,0xF320,0xD9C0,0xC920,0xC900,0xC900,0xC940,0xC0E0,
    0xC0C0,0xC900,0xC940,0xD160,0xC900,0xC0A0,0xB8A0,0xC0E0,0xC900,0xD180,0xD9C0,0xD9A0,
    0xD160,0xC920,0xB8A0,0xB860,0xB8A0,0xB880,0xB060,0xB860,0xB880,0xC0E0,0xC900,0xC920,
    0xC960,0xD160,0xD9A0,0xD9C0,0xD180,0xC920,0xC0E0,0xB8A0,0xC0C0,0xC920,0xD180,0xD180,
    0xC920,0xC0E0,0xB880,0xB880,0xB880,0xB060,0xB020,0xB020,0xB040,0xB020,0xA800,0xA820,
    0xB020,0xB8A0,0xC920,0xD180,0xC900,0xC0A0,0xC0C0,0xC920,0xD1C0,0xD9E0,0xEA60,0xE200,
    0xC0E0,0xB020,0xB020,0xB020,0xA800,0xA000,0xA800,0xB020,0xB880,0xB8A0,0xB860,0xB020,
    0xB040,0xB860,0xC0E0,0xC940,0xD1A0,0xE200,0xC920,0xB8A0,0xC900,0xC0E0,0xC0E0,0xC920,
    0xC900,0xC940,0xC100,0xB040,0xB040,0xB060,0xB880,0xC0A0,0xC920,0xD9C0,0xD180,0xC0E0,
    0xC0C0,0xC920,0xC900,0xC920,0xD180,0xD1A0,0xD180,0xD9C0,0xD9E0,0xD9C0,0xC920,0xC940,
    0xD180,0xC920,0xC900,0xC0E0,0xC0C0,0xD9A0,0xE200,0xC940,0xC940,0xC920,0xC940,0xC0E0,
    0xC0C0,0xC940,0xD180,0xD180,0xE220,0xE240,0xEA80,0xD9E0,0xD160,0xD180,0xD9C0,0xD160,
    0xC0A0,0xB860,0xB020,0xB020,0xB8A0,0xC940,0xC940,0xB8A0,0xB040,0xB040,0xC920,0xD180,
    0xD9C0,0xD1A0,0xD160,0xB880,0xA800,0xB860,0xC0C0,0xC0C0,0xD1A0,0xD9C0,0xC940,0xD9A0,
    0xEA60,0xEA60,0xD9C0,0xC940,0xC0E0,0xB8C0,0xB860,0xB860,0xC0C0,0xD9A0,0xD180,0xC940,
    0xD180,0xC920,0xC0C0,0xD1A0,0xEA80,0xE220,0xC940,0xC0C0,0xC900,0xD160,0xC940,0xC900,
    0xC920,0xC0E0,0xC0C0,0xC940,0xD180,0xC940,0xC900,0xC940,0xD160,0xC940,0xC920,0xC960,
    0xD9C0,0xD9E0,0xD180,0xC0E0,0xB8A0,0xC0C0,0xC900,0xC920,0xC0E0,0xC900,0xC940,0xC920,
    0xC0E0,0xB880,0xB880,0xB8A0,0xC0A0,0xC0E0,0xC0E0,0xC900,0xC0C0,0xB8A0,0xC900,0xC920,
    0xC0E0,0xC0C0,0xB880,0xB880,0xC0E0,0xC940,0xD140,0xD180,0xD160,0xC0C0,0xB040,0xB8A0,
    0xD160,0xD1A0,0xDA00,0xD9C0,0xD1A0,0xD180,0xD9C0,0xD1A0,0xC0C0,0xB880,0xC0E0,0xD9A0,
    0xEA60,0xE220,0xD160,0xD9E0,0xD9E0,0xD180,0xE200,0xE240,0xEA80,0xD9C0,0xDA00,0xE240,
    0xD9C0,0xC0C0,0xC0C0,0xD160,0xD9E0,0xD9E0,0xD9E0,0xC940,0xB040,0xA000,0xB040,0xB880,
    0xB880,0xC100,0xD1A0,0xC940,0xC100,0xC920,0xC0C0,0xB8A0,0xC900,0xC0E0,0xC0C0,0xB860,
    0xB8A0,0xC920,0xD160,0xE200,0xEA60,0xD9E0,0xD160,0xC900,0xC0E0,0xC0E0,0xC0E0,0xB8A0,
    0xB8A0,0xB8A0,0xB8A0,0xC0C0,0xC900,0xC960,0xC100,0xC0C0,0xB880,0xB880,0xB060,0xB060,
    0xB020,0xB880,0xC900,0xB880,0xB020,0xA800,0xA000,0xB020,0xB060,0xB060,0xC0A0,0xC920,
    0xC940,0xD160,0xD160,0xC940,0xC0A0,0xB860,0xC940,0xC920,0xB880,0xC900,0xD180,0xD9C0,
    0xD9A0,0xD9C0,0xD9A0,0xE200,0xD9E0,0xD180,0xD160,0xC0E0,0xC940,0xD9E0,0xD180,0xD1A0,
    0xD9A0,0xD180,0xD180,0xD1A0,0xD180,0xD160,0xD9C0,0xE200,0xD9C0,0xC0E0,0xC0A0,0xC0E0,
    0xB880,0xB060,0xA820,0xA800,0xB020,0xB040,0xC0C0,0xC900,0xD180,0xE200,0xE240,0xD9C0,
    0xC920,0xC900,0xD1A0,0xE240,0xE220,0xD180,0xC0E0,0xC0C0,0xC0E0,0xB860,0xB860,0xB860,
    0xB040,0xB880,0xC0E0,0xC0C0,0xB880,0xB060,0xB860,0xB020,0xB000,0xA800,0xB040,0xC0E0,
    0xC940,0xD180,0xD1A0,0xD160,0xC0E0,0xB880,0xB860,0xB880,0xC0E0,0xD1A0,0xEA60,0xE240,
    0xD160,0xC100,0xB040,0xB000,0xB880,0xB880,0xC900,0xD180,0xD9E0,0xD9E0,0xC0A0,0xC0C0,
    0xD160,0xC920,0xC900,0xC0E0,0xC920,0xC920,0xC0C0,0xC900,0xC940,0xD160,0xC960,0xD1A0,
    0xD9C0,0xD1A0,0xC940,0xC920,0xD160,0xC0C0,0xC0A0,0xC0E0,0xC0A0,0xB880,0xB880,0xB8A0,
    0xC0E0,0xC0E0,0xC0C0,0xC100,0xB880,0xB860,0xC0E0,0xC920,0xC900,0xC900,0xC100,0xC920,
    0xC900,0xB040,0xB020,0xB000,0xC0C0,0xC940,0xC940,0xB860,0xB040,0xB860,0xB8A0,0xB880,
    0xC920,0xD9C0,0xC920,0xC0C0,0xC0E0,0xC900,0xC0E0,0xC920,0xB880,0xB8A0,0xC100,0xB8A0,
    0xA820,0x9800,0xA000,0xB020,0xB860,0xB880,0xC940,0xD180,0xD180,0xD160,0xC0C0,0xA820,
    0x9800,0xB040,0xD160,0xDA00,0xE220,0xD180,0xC0C0,0xC0E0,0xB880,0xB860,0xB880,0xC0C0,
    0xC0C0,0xC0E0,0xB880,0xB860,0xC0E0,0xC900,0xC920,0xC0E0,0xB040,0xA800,0xB020,0xC920,
    0xD180,0xD9E0,0xD9C0,0xD180,0xC940,0xC920,0xC940,0xC0E0,0xB860,0xB8A0,0xC900,0xD160,
    0xD1A0,0xC940,0xC0E0,0xC0C0,0xC0C0,0xC0C0,0xC100,0xC940,0xC960,0xC940,0xC920,0xC920,
    0xD180,0xD9A0,0xD180,0xD180,0xD160,0xC0E0,0xB8A0,0xB8A0,0xB8A0,0xB8A0,0xC0E0,0xC940,
    0xD180,0xD180,0xD180,0xD1A0,0xD180,0xD160,0xC920,0xC0C0,0xB860,0xB040,0xB060,0xB860,
    0xB880,0xB8A0,0xC0C0,0xC0E0,0xC0E0,0xB880,0xB060,0xB040,0xB860,0xB880,0xB8A0,0xB8A0,
    0xB8A0,0xC0E0,0xC920,0xD180,0xD9C0,0xE240,0xEA60,0xD9E0,0xC920,0xC0C0,0xB8A0,0xB040,
    0xA800,0xB020,0xB000,0xA800,0xB020,0xC0A0,0xC100,0xC100,0xC0E0,0xB860,0xB860,0xB860,
    0xC0C0,0xC0C0,0xB060,0xB060,0xB8A0,0xB880,0xB860,0xC0A0,0xC920,0xC900,0xD180,0xD140,
    0xC0C0,0xA800,0xB000,0xB8A0,0xC900,0xC0E0,0xB060,0xB040,0xB880,0xC0E0,0xC100,0xC940,
    0xD180,0xD9C0,0xD180,0xDA00,0xE240,0xE240,0xC0E0,0xC100,0xB020,0xA800,0xB8A0,0xC940,
    0xD9A0,0xD9C0,0xD9C0,0xD1A0,0xD9E0,0xD180,0xC920,0xC0E0,0xC900,0xD1C0,0xD9C0,0xD180,
    0xD9C0,0xDA00,0xD1A0,0xD140,0xD180,0xD9C0,0xC940,0xC900,0xB8A0,0xB880,0xB8A0,0xB040,
    0xB860,0xC0E0,0xD1A0,0xC0E0,0xB020,0xB000,0xC0C0,0xC920,0xC920,0xC940,0xC0C0,0xB8A0,
    0xC0E0,0xD1A0,0xF300,0xD9E0,0xD160,0xD9C0,0xD9C0,0xC900,0xD160,0xD9C0,0xD180,0xD160,
    0xC920,0xC920,0xC0E0,0xC940,0xC0E0,0xB8A0,0xC920,0xC900,0xD160,0xC940,0xC0E0,0xD1A0,
    0xE220,0xE220,0xD9E0,0xD180,0xC0E0,0xC900,0xD9A0,0xD180,0xC920,0xC960,0xC940,0xC920,
    0xD160,0xD9A0,0xD160,0xC900,0xD160,0xD180,0xC920,0xC0C0,0xC0E0,0xC940,0xD180,0xD180,
    0xC920,0xC940,0xC940,0xB880,0xB860,0xB8A0,0xC100,0xC940,0xD160,0xC900,0xC0C0,0xC0C0,
    0xC0C0,0xC0C0,0xB8A0,0xB880,0xB860,0xB040,0xB860,0xC0C0,0xC0E0,0xC0E0,0xC100,0xD180,
    0xD180,0xD160,0xD160,0xD160,0xC900,0xC0C0,0xB880,0xB880,0xC920,0xD9E0,0xE240,0xE240,
    0xE240,0xE240,0xE240,0xD9E0,0xD1A0,0xE240,0xF340,0xFBA1,0xF320,0xE220,0xD9C0,0xD180,
    0xC900,0xC900,0xD160,0xD160,0xC940,0xC0E0,0xC920,0xC940,0xB880,0xB880,0xB8A0,0xC0E0,
    0xD180,0xD1A0,0xD180,0xD160,0xD160,0xD160,0xD1A0,0xD9A0,0xD1A0,0xD9E0,0xD9C0,0xC100,
    0xB040,0xB860,0xC920,0xD160,0xD160,0xC940,0xC940,0xC920,0xD180,0xD180,0xC940,0xC940,
    0xD160,0xC900,0xC0E0,0xC940,0xC940,0xC920,0xB880,0xA800,0xA800,0xA800,0xB020,0xB040,
    0xB860,0xB860,0xB040,0xB040,0xB020,0xB020,0xB860,0xB880,0xB8A0,0xC0C0,0xC0E0,0xB8A0,
    0xC0C0,0xB040,0xA820,0xB020,0xA820,0xB040,0xC0E0,0xD180,0xE220,0xE200,0xD180,0xD1A0,
    0xC940,0xB040,0xB020,0xA820,0xB020,0xB880,0xC920,0xC100,0xC0E0,0xC940,0xD160,0xC940,
    0xD180,0xD1A0,0xD180,0xC0E0,0xB8A0,0xB8A0,0xD160,0xEA80,0xEA60,0xD9E0,0xD1A0,0xD9C0,
    0xD160,0xC920,0xC940,0xC0C0,0xC0C0,0xB880,0xB040,0xA840,0xA820,0xA800,0xB840,0xB860,
    0xB880,0xB880,0xC0E0,0xC940,0xC920,0xD180,0xD9E0,0xC920,0xC0E0,0xC0C0,0xB880,0xB880,
    0xB880,0xB8A0,0xC900,0xC920,0xC920,0xC0C0,0xB860,0xB040,0xB880,0xC0C0,0xB8A0,0xB860,
    0xB040,0xA800,0xB020,0xB8A0,0xC0E0,0xC0E0,0xC920,0xD180,0xD9C0,0xD9E0,0xD9E0,0xD9C0,
    0xD180,0xC900,0xC0C0,0xB8A0,0xC900,0xC900,0xC900,0xC0E0,0xC100,0xB8A0,0xB020,0xA800,
    0xA800,0xC0C0,0xD1A0,0xD9C0,0xD9A0,0xC900,0xB000,0xB060,0xB8A0,0xC0A0,0xB880,0xB860,
    0xC0A0,0xC0A0,0xC0E0,0xC0E0,0xC0C0,0xC0E0,0xC0E0,0xC900,0xC0E0,0xC0C0,0xB880,0xB880,
    0xB860,0xB020,0xB860,0xB860,0xB880,0xB040,0xC0C0,0xC0E0,0xC100,0xC0E0,0xC920,0xC0E0,
    0xB040,0xB860,0xB880,0xB880,0xB880,0xC0C0,0xC0C0,0xC0C0,0xC0C0,0xC0E0,0xC960,0xC900,
    0xC0E0,0xC100,0xC100,0xC900,0xC0E0,0xB8A0,0xC0C0,0xC0E0,0xC0C0,0xB060,0xB020,0xA800,
    0xA800,0xB060,0xB8A0,0xB8A0,0xB040,0xC0C0,0xC940,0xB880,0xA820,0xA840,0xB8A0,0xC920,
    0xC940,0xB040,0xB8A0,0xC900,0xB880,0xB060,0xB040,0xB8A0,0xB8C0,0xB040,0xC0C0,0xD180,
    0xE220,0xE220,0xEA80,0xD9E0,0xC0A0,0xA800,0xA000,0xA800,0xA800,0xA820,0xB020,0xB020,
    0xC0A0,0xC900,0xC900,0xC0E0,0xB880,0xC0C0,0xC0C0,0xC920,0xC900,0xB8A0,0xC900,0xD9C0,
    0xDA00,0xD9E0,0xD180,0xD160,0xC920,0xC920,0xC0E0,0xC0E0,0xD180,0xD9E0,0xE200,0xDA00,
    0xD9C0,0xD160,0xC920,0xC900,0xC920,0xC940,0xC940,0xC940,0xD9C0,0xE220,0xE220,0xE220,
    0xDA00,0xD9E0,0xD1A0,0xD160,0xC920,0xC0E0,0xC0C0,0xC0C0,0xC0E0,0xC0C0,0xD140,0xD160,
    0xC940,0xC900,0xC0C0,0xB880,0xB880,0xC0A0,0xC0C0,0xC0C0,0xC0C0,0xC0E0,0xC0E0,0xC0C0,
    0xC0C0,0xC0E0,0xC100,0xC900,0xC100,0xC0E0,0xC900,0xD160,0xD9C0,0xD160,0xC940,0xD180,
    0xD9A0,0xD160,0xC0E0,0xB8A0,0xB880,0xB880,0xB860,0xB860,0xB880,0xC0C0,0xC0E0,0xC920,
    0xD160,0xD180,0xD9C0,0xD180,0xC0E0,0xB880,0xB040,0xB860,0xB8A0,0xC0E0,0xC940,0xD160,
    0xC100,0xB880,0xB020,0xB020,0xB8A0,0xB8A0,0xB040,0xC0A0,0xC900,0xD160,0xC100,0xC920,
    0xE240,0xD9E0,0xC100,0xC100,0xC0C0,0xC900,0xD9A0,0xDA00,0xE200,0xE220,0xD9E0,0xD1A0,
    0xD180,0xC100,0xB040,0xB860,0xB8A0,0xB060,0xC940,0xE200,0xE220,0xE220,0xE220,0xD9C0,
    0xD9C0,0xD180,0xC900,0xC0E0,0xC0E0,0xC100,0xC920,0xD180,0xD9E0,0xE220,0xD1A0,0xC0E0,
    0xB860,0xB060,0xB8A0,0xB8A0,0xC0E0,0xC0C0,0xC0E0,0xC0E0,0xC900,0xC920,0xD9A0,0xD9C0,
    0xC920,0xB040,0xB020,0xB860,0xC0E0,0xD160,0xC0C0,0xB880,0xC100,0xC920,0xC920,0xC920,
    0xD160,0xD180,0xC920,0xC920,0xD160,0xE200,0xD160,0xC920,0xC0E0,0xD160,0xD160,0xC920,
    0xD9C0,0xD180,0xC900,0xC0E0,0xC0E0,0xC0E0,0xB040,0xB060,0xC940,0xC940,0xC920,0xC940,
    0xC940,0xC920,0xC900,0xC0C0,0xC0A0,0xB8A0,0xB8C0,0xC0C0,0xC0E0,0xC920,0xC920,0xC900,
    0xC920,0xC940,0xD180,0xC960,0xC0C0,0xB8A0,0xB8A0,0xC0E0,0xC920,0xC920,0xD180,0xE220,
    0xE240,0xDA00,0xD1A0,0xC940,0xC0E0,0xC0E0,0xC0E0,0xC900,0xC920,0xC940,0xD160,0xD160,
    0xC900,0xC920,0xC960,0xD160,0xD180,0xD180,0xD9A0,0xDA00,0xD9E0,0xD160,0xC900,0xC0E0,
    0xC940,0xC940,0xC0E0,0xC900,0xC920,0xD180,0xD180,0xD160,0xD160,0xD9C0,0xD9A0,0xD180,
    0xE200,0xEAA0,0xE280,0xD9E0,0xC940,0xD180,0xD9E0,0xC940,0xC0E0,0xC0E0,0xB880,0xB040,
    0xB880,0xC0E0,0xB8A0,0xB020,0xB060,0xB880,0xA800,0xA800,0xB060,0xC0C0,0xC900,0xD160,
    0xD9A0,0xD9C0,0xD9E0,0xD9A0,0xD1A0,0xD9E0,0xC900,0xC0C0,0xB880,0xB880,0xE220,0xEAA0,
    0xD9C0,0xC940,0xC940,0xB880,0xB8A0,0xC0C0,0xC0A0,0xB860,0xA800,0xA000,0xA000,0xA800,
    0xA800,0xA800,0xA800,0xB040,0xC0E0,0xC940,0xC920,0xC0A0,0xB880,0xC0C0,0xC100,0xB8A0,
    0xB880,0xC0E0,0xC0E0,0xC920,0xD180,0xD160,0xC100,0xC920,0xD1A0,0xD9C0,0xE220,0xD9C0,
    0xB8A0,0xC900,0xC900,0xA820,0xB040,0xB860,0xC920,0xD1A0,0xD9A0,0xD180,0xD160,0xC900,
    0xC0C0,0xB880,0xB040,0xA800,0xB040,0xB880,0xC900,0xD9E0,0xDA00,0xE200,0xF2C0,0xEA80,
    0xC920,0xD180,0xE220,0xE220,0xE220,0xEA60,0xD9E0,0xD9C0,0xD160,0xC0C0,0xC0A0,0xB880,
    0xB880,0xC100,0xB8A0,0xA000,0xA820,0xA820,0xA800,0xB040,0xC0C0,0xC100,0xC0C0,0xC900,
    0xD1A0,0xD180,0xC940,0xC0E0,0xB860,0xB040,0xB880,0xC0C0,0xC0E0,0xC920,0xC940,0xC920,
    0xC0E0,0xC0C0,0xC0A0,0xC0E0,0xD180,0xE200,0xE220,0xE240,0xE240,0xD180,0xC0E0,0xC940,
    0xD9C0,0xDA00,0xD9C0,0xD180,0xE200,0xEA60,0xEA60,0xE220,0xE200,0xD9E0,0xD9E0,0xD180,
    0xC0E0,0xC920,0xE220,0xF2A0,0xE220,0xC0E0,0xA800,0x9800,0xB060,0xC920,0xC100,0xB8A0,
    0xC0C0,0xC0C0,0xB040,0xC0C0,0xD160,0xD180,0xC900,0xC0C0,0xB8A0,0xB880,0xB8A0,0xB040,
    0xB020,0xB860,0xC0E0,0xC0E0,0xB880,0xB020,0xB020,0xA800,0xA800,0xA800,0xB020,0xB040,
    0xB860,0xB8A0,0xC0C0,0xC0E0,0xC900,0xC940,0xC920,0xB860,0xB880,0xC0A0,0xB060,0xB880,
    0xC940,0xD180,0xEA60,0xE240,0xD160,0xD180,0xD160,0xC920,0xC940,0xC0E0,0xB880,0xC0C0,
    0xC0A0,0xC0A0,0xC0C0,0xC920,0xC920,0xC900,0xB8A0,0xB040,0xB040,0xB040,0xB040,0xB880,
    0xC100,0xC920,0xD1A0,0xD1A0,0xD9E0,0xD9E0,0xD9C0,0xD160,0xC0E0,0xB020,0xB040,0xB060,
    0xB020,0xA800,0xB040,0xC0E0,0xC940,0xC940,0xC960,0xC940,0xD180,0xD180,0xD9E0,0xD9E0,
    0xD180,0xC920,0xB8A0,0xB040,0xB060,0xB040,0xB8A0,0xD180,0xD9E0,0xD9C0,0xD9E0,0xD9C0,
    0xD9C0,0xE240,0xE240,0xD9A0,0xD9E0,0xDA00,0xE220,0xD9E0,0xD9E0,0xE220,0xE200,0xD1A0,
    0xD9A0,0xD9A0,0xD180,0xD160,0xD9C0,0xE220,0xD9E0,0xD9C0,0xD9E0,0xD9A0,0xD180,0xD9C0,
    0xD9C0,0xD180,0xC940,0xC900,0xC0C0,0xC0C0,0xC0E0,0xC920,0xD160,0xD1A0,0xD9C0,0xD9A0,
    0xD180,0xD160,0xC940,0xC920,0xC940,0xC940,0xB8A0,0xB880,0xB880,0xB8A0,0xC0A0,0xC0C0,
    0xC0E0,0xC100,0xC0E0,0xC0C0,0xB880,0xB8A0,0xC0C0,0xC0E0,0xC920,0xC940,0xC900,0xC0E0,
    0xC100,0xC920,0xC940,0xC940,0xC100,0xC0C0,0xC0C0,0xC0C0,0xC0A0,0xB860,0xB020,0xB000,
    0xB040,0xB840,0xB880,0xB8A0,0xC0C0,0xC920,0xD180,0xD9C0,0xD9E0,0xD9C0,0xD180,0xC0E0,
    0xC0C0,0xC0E0,0xB8A0,0xC0E0,0xC900,0xD160,0xD9C0,0xD1A0,0xC940,0xC900,0xB8A0,0xB020,
    0xB000,0xB020,0xB860,0xC0C0,0xC940,0xD9E0,0xD1A0,0xE200,0xE220,0xD9C0,0xD180,0xD160,
    0xD160,0xD9E0,0xD9E0,0xD9E0,0xD9C0,0xD9E0,0xD1A0,0xC960,0xD160,0xC920,0xC0E0,0xB8A0,
    0xD160,0xC920,0xC0C0,0xC940,0xD9C0,0xD1A0,0xC940,0xD1A0,0xE220,0xE220,0xD180,0xC0E0,
    0xC0A0,0xC0E0,0xD180,0xDA00,0xE200,0xEA60,0xD180,0xB060,0xA000,0xA800,0xB840,0xB020,
    0x9800,0xA800,0xB860,0xC0E0,0xB860,0xB880,0xC0E0,0xC900,0xC0C0,0xC0A0,0xC920,0xC940,
    0xC920,0xD180,0xC900,0xC0E0,0xC960,0xD180,0xC960,0xD1A0,0xD180,0xB8A0,0xA800,0xA820,
    0xB880,0xB880,0xC0C0,0xC0E0,0xB060,0xB020,0xB8A0,0xB860,0xC920,0xEA80,0xEA60,0xD180,
    0xC0E0,0xC0C0,0xC0C0,0xB880,0xB880,0xC940,0xD9A0,0xC920,0xC0C0,0xB880,0xB060,0xC0E0,
    0xC920,0xC0C0,0xB860,0xB020,0xB040,0xC0E0,0xD180,0xD1A0,0xD160,0xC0A0,0xB880,0xC100,
    0xC0C0,0xB060,0xB040,0xB040,0xB040,0xC0E0,0xE220,0xE220,0xD9A0,0xC940,0xC0E0,0xB8A0,
    0xB860,0xB880,0xC0E0,0xC940,0xD160,0xD160,0xD180,0xD1A0,0xD1A0,0xD1A0,0xD9A0,0xD1A0,
    0xD180,0xD160,0xC940,0xC920,0xC920,0xC920,0xC920,0xC940,0xD160,0xC100,0xC0E0,0xC900,
    0xC920,0xD1A0,0xD9E0,0xE200,0xE220,0xD9C0,0xD1A0,0xD1A0,0xD160,0xC0C0,0xB020,0xA820,
    0xB860,0xC0E0,0xC920,0xC920,0xC920,0xC100,0xC0E0,0xC0A0,0xB860,0xC0A0,0xD140,0xD9A0,
    0xD9E0,0xE200,0xD9C0,0xC940,0xC920,0xD9C0,0xD9E0,0xD180,0xC940,0xC0E0,0xB8A0,0xB040,
    0xB020,0xB860,0xC940,0xD9C0,0xE200,0xD9C0,0xD9C0,0xD180,0xC940,0xC940,0xC100,0xB8A0,
    0xC920,0xC920,0xB860,0xB040,0xB860,0xB040,0xB060,0xC0A0,0xB8A0,0xB040,0xB020,0xC0A0,
    0xD160,0xE240,0xE200,0xD9E0,0xDA00,0xC920,0xC900,0xC900,0xC0E0,0xC0C0,0xC100,0xD160,
    0xD160,0xD1A0,0xD1A0,0xD180,0xD1A0,0xDA00,0xE220,0xD9E0,0xC940,0xC920,0xC900,0xB020,
    0xA800,0xB880,0xC100,0xD9E0,0xE240,0xEA60,0xEAA0,0xD9C0,0xC0E0,0xC100,0xB8A0,0xC0A0,
    0xB060,0xA000,0xB860,0xD180,0xD9A0,0xC940,0xD9C0,0xD9C0,0xD180,0xD180,0xD9A0,0xD1A0,
    0xD160,0xC920,0xC0E0,0xC900,0xC0C0,0xC0A0,0xD140,0xD160,0xD180,0xD9E0,0xC900,0xB000,
    0xA000,0xA800,0xA020,0xA800,0xB8A0,0xC0E0,0xC0C0,0xC940,0xD1A0,0xD9E0,0xD9E0,0xD9C0,
    0xC920,0xB8A0,0xC0C0,0xC920,0xC920,0xD180,0xD9E0,0xE220,0xE240,0xE220,0xD9C0,0xE200,
    0xE220,0xDA00,0xD9A0,0xD9E0,0xE240,0xF2A0,0xEA80,0xE220,0xD9E0,0xD1A0,0xD9C0,0xE200,
    0xEA60,0xF2C0,0xEAA0,0xE240,0xE200,0xD9C0,0xD180,0xD180,0xD180,0xE240,0xEA80,0xD9E0,
    0xC900,0xA800,0xA800,0xB060,0xB880,0xB040,0xA800,0xB880,0xC940,0xC920,0xC920,0xD180,
    0xD1A0,0xC960,0xC0A0,0xC0C0,0xD160,0xC900,0xC0C0,0xC0E0,0xC0E0,0xC920,0xD160,0xC100,
    0xB040,0xA800,0xA800,0xA800,0xA800,0xA800,0xA800,0xA800,0xB020,0xB000,0xA800,0xB880,
    0xC0C0,0xC940,0xC0E0,0xB860,0xC920,0xD160,0xC0C0,0xB860,0xC900,0xD9E0,0xEAA0,0xE220,
    0xD9C0,0xD9E0,0xD9C0,0xD9E0,0xC920,0xC0E0,0xC100,0xC100,0xD180,0xD180,0xD180,0xC920,
    0xC920,0xD180,0xD9C0,0xE220,0xE200,0xD9E0,0xEA60,0xEA60,0xD180,0xD160,0xC940,0xC920,
    0xC940,0xC940,0xC940,0xC900,0xB8A0,0xC0E0,0xC0E0,0xB880,0xB040,0xB880,0xC0E0,0xC920,
    0xC900,0xD180,0xEA60,0xE240,0xDA00,0xD9C0,0xD9A0,0xD9C0,0xE220,0xEA60,0xD9E0,0xD180,
    0xD1A0,0xC900,0xB8A0,0xD9E0,0xEAA0,0xE200,0xD1A0,0xD160,0xD180,0xD180,0xD160,0xC0E0,
    0xC0A0,0xC900,0xD160,0xD1A0,0xD180,0xD1A0,0xD9E0,0xE200,0xE200,0xD9E0,0xD180,0xC920,
    0xC940,0xD180,0xD140,0xC920,0xD180,0xD1A0,0xD180,0xD1A0,0xD9C0,0xD9C0,0xD9C0,0xD9C0,
    0xD160,0xC0E0,0xB880,0xB860,0xB880,0xC900,0xD160,0xD160,0xC920,0xC0E0,0xC0C0,0xB8A0,
    0xB880,0xC0A0,0xC940,0xD180,0xD180,0xD180,0xC940,0xC900,0xC0E0,0xB8A0,0xC0A0,0xC0A0,
    0xB8A0,0xC0C0,0xC920,0xD180,0xD9C0,0xD9C0,0xD180,0xC940,0xC100,0xB8A0,0xB860,0xB060,
    0xB040,0xA820,0xA800,0xB040,0xB880,0xB860,0xB860,0xB860,0xB040,0xB040,0xB020,0xB040,
    0xB8A0,0xC0E0,0xC900,0xD180,0xD9C0,0xD9E0,0xD160,0xC920,0xD160,0xC0C0,0xB860,0xB8A0,
    0xC100,0xD180,0xD9C0,0xD1A0,0xD1A0,0xC900,0xC0C0,0xC0E0,0xC0C0,0xC0C0,0xC920,0xD160,
    0xC900,0xC0E0,0xC900,0xD180,0xD180,0xD9A0,0xE200,0xE240,0xEA80,0xF2A0,0xEA60,0xE220,
    0xDA00,0xE220,0xDA00,0xDA00,0xEA80,0xEA60,0xE220,0xD180,0xEA60,0xEA60,0xE200,0xD1A0,
    0xC940,0xC940,0xD160,0xD160,0xDA00,0xD1A0,0xD9A0,0xD180,0xD180,0xD9C0,0xD9E0,0xE220,
    0xD9C0,0xD180,0xC920,0xA820,0xA000,0xA800,0xB860,0xA800,0xA800,0xB8A0,0xC920,0xC0E0,
    0xB860,0xB020,0xA800,0xB040,0xC100,0xC960,0xC900,0xC0E0,0xC0A0,0xB8A0,0xC0A0,0xC0A0,
    0xC920,0xD180,0xD9C0,0xD9C0,0xD9E0,0xD9C0,0xC920,0xB040,0xA800,0xB020,0xB8C0,0xD160,
    0xC940,0xC940,0xD9C0,0xD180,0xD9E0,0xE220,0xE200,0xE200,0xD9A0,0xC960,0xC0E0,0xC0A0,
    0xB880,0xC900,0xD9E0,0xD9C0,0xD160,0xC920,0xC0E0,0xC920,0xD1A0,0xC940,0xC0C0,0xC0C0,
    0xC0E0,0xC940,0xD160,0xC920,0xC0E0,0xC0A0,0xB880,0xC0C0,0xC940,0xC940,0xC940,0xC0E0,
    0xC0C0,0xC940,0xC900,0xC100,0xC920,0xC920,0xC100,0xC0C0,0xB8A0,0xB880,0xB880,0xB880,
    0xB880,0xB880,0xB880,0xC0A0,0xC0C0,0xC0E0,0xC100,0xC920,0xC920,0xC920,0xC940,0xD180,
    0xD1A0,0xD1A0,0xD160,0xC940,0xC940,0xC940,0xC940,0xD160,0xD180,0xD1A0,0xD9E0,0xE220,
    0xD9E0,0xD180,0xC920,0xC900,0xC0A0,0xB040,0xA820,0xA820,0xB020,0xC100,0xD9C0,0xD9E0,
    0xD180,0xC920,0xC940,0xB8A0,0xA000,0xA000,0xB8A0,0xC100,0xD9E0,0xEA60,0xD9E0,0xD140,
    0xC920,0xD160,0xC920,0xC920,0xC920,0xC0C0,0xB880,0xC0C0,0xC920,0xE260,0xFB40,0xF2C0,
    0xD9E0,0xC920,0xC920,0xD9C0,0xEAA0,0xF2C0,0xF2C0,0xE240,0xD9C0,0xD160,0xB880,0xC0E0,
    0xC900,0xC0C0,0xC940,0xC940,0xD160,0xC900,0xB8C0,0xA840,0xA840,0xB040,0xC0E0,0xD160,
    0xC0E0,0xB8A0,0xB8A0,0xB060,0xB860,0xC900,0xD9A0,0xE240,0xD9E0,0xD1A0,0xC940,0xC0C0,
    0xB020,0xB8A0,0xC900,0xC920,0xD180,0xD9C0,0xD9E0,0xD180,0xC920,0xD9C0,0xD9E0,0xDA00,
    0xD9E0,0xC940,0xC940,0xC900,0xC900,0xC940,0xC920,0xD9E0,0xD9C0,0xC920,0xC940,0xD9C0,
    0xD160,0xD180,0xDA00,0xD9C0,0xD160,0xC0C0,0xB880,0xC100,0xC0E0,0xC0C0,0xC0E0,0xC920,
    0xC920,0xC900,0xC900,0xC920,0xC100,0xC0C0,0xB860,0xB860,0xB860,0xC920,0xE200,0xEA60,
    0xD9E0,0xC920,0xD160,0xD1A0,0xD9E0,0xDA00,0xE240,0xEA60,0xE240,0xDA00,0xD180,0xC920,
    0xC0E0,0xC900,0xD1A0,0xDA00,0xE240,0xE220,0xDA00,0xD9E0,0xE220,0xE220,0xE240,0xE240,
    0xE240,0xEA80,0xF2C0,0xF2E0,0xF2E0,0xEA80,0xE220,0xE220,0xE220,0xD9E0,0xD1A0,0xD180,
    0xD160,0xD160,0xD160,0xD9C0,0xE240,0xD160,0xB880,0xB040,0xA800,0xB040,0xC920,0xD9C0,
    0xD1A0,0xC920,0xC920,0xC940,0xC0E0,0xC0E0,0xC0E0,0xC0E0,0xC0C0,0xB020,0xB880,0xC920,
    0xC920,0xB8A0,0xB880,0xB8A0,0xB040,0xA820,0xA800,0xB020,0xB880,0xB8A0,0xB060,0xC0A0,
    0xD180,0xD160,0xC940,0xD160,0xC900,0xC900,0xC920,0xC920,0xC0E0,0xB8A0,0xB880,0xC100,
    0xC100,0xC0E0,0xC920,0xC940,0xD180,0xEA80,0xE240,0xD9C0,0xD9C0,0xE240,0xE240,0xD9A0,
    0xC0E0,0xB880,0xB880,0xB860,0xC0E0,0xD180,0xD9E0,0xC920,0xB060,0xB060,0xB8A0,0xC0C0,
    0xB8A0,0xC0E0,0xD1A0,0xE200,0xC940,0xD180,0xD160,0xD180,0xD1A0,0xD180,0xD9C0,0xD9C0,
    0xC960,0xC920,0xD180,0xC920,0xC920,0xD9C0,0xE220,0xD9E0,0xEA60,0xE240,0xE240,0xE220,
    0xD1A0,0xD160,0xD160,0xD160,0xC960,0xD1A0,0xD1A0,0xD160,0xD160,0xC940,0xB880,0xB840,
    0xB040,0xB040,0xC0E0,0xD160,0xC900,0xB8A0,0xB880,0xB8A0,0xB880,0xB8A0,0xC0E0,0xC940,
    0xD180,0xD160,0xC920,0xC0E0,0xC0C0,0xC0C0,0xC0E0,0xC100,0xC940,0xD180,0xD9C0,0xD1A0,
    0xD180,0xD160,0xC900,0xC900,0xC940,0xD180,0xD180,0xD1A0,0xD1A0,0xD1A0,0xD160,0xC940,
    0xC0E0,0xB8A0,0xB880,0xC0A0,0xC0C0,0xC0C0,0xC0C0,0xC0C0,0xB8A0,0xB880,0xC0E0,0xC0C0,
    0xB8A0,0xB880,0xB880,0xB8A0,0xC0E0,0xC940,0xC940,0xC0E0,0xC0C0,0xC100,0xC940,0xC940,
    0xC920,0xC900,0xC0E0,0xB8A0,0xB040,0xA800,0xA800,0xA800,0xA800,0xA820,0xB8A0,0xC0E0,
    0xB8A0,0xB860,0xB020,0xA800,0xB020,0xB060,0xB880,0xC0E0,0xC940,0xD160,0xD9C0,0xE220,
    0xE220,0xD9E0,0xD140,0xC940,0xC960,0xD180,0xC900,0xB8A0,0xD180,0xE240,0xE240,0xD180,
    0xC0E0,0xB880,0xB8A0,0xB860,0xA800,0xA800,0xC0C0,0xC920,0xC0E0,0xC940,0xC920,0xC0E0,
    0xC0E0,0xC0C0,0xD160,0xD1A0,0xD1A0,0xD9C0,0xD1A0,0xD160,0xC920,0xC940,0xD180,0xE200,
    0xEA60,0xDA00,0xD9C0,0xDA00,0xD1A0,0xE220,0xE240,0xEA60,0xE220,0xE240,0xEA60,0xEA60,
    0xE240,0xD1A0,0xD180,0xD1A0,0xD9C0,0xDA00,0xEA60,0xE220,0xD9C0,0xD1A0,0xC960,0xB8A0,
    0xB880,0xB8A0,0xB020,0xA800,0xB8A0,0xD160,0xD1A0,0xD1A0,0xC940,0xC0A0,0xB040,0xC0C0,
    0xEAA0,0xFC21,0xEAC0,0xD160,0xC0A0,0xB040,0xB880,0xC0A0,0xC920,0xD9C0,0xD9A0,0xD1A0,
    0xD160,0xD160,0xC920,0xB8A0,0xB8A0,0xC900,0xD180,0xD180,0xD160,0xC940,0xD9C0,0xE220,
    0xEA80,0xEAA0,0xD9E0,0xD180,0xC940,0xC900,0xC0E0,0xC0C0,0xC0A0,0xD160,0xE200,0xD160,
    0xC900,0xC0E0,0xC900,0xC920,0xC0E0,0xC0E0,0xC100,0xC940,0xC940,0xD160,0xC920,0xC0C0,
    0xC900,0xD180,0xD9E0,0xE200,0xD9E0,0xC940,0xC0C0,0xB8A0,0xC0E0,0xC920,0xC920,0xD180,
    0xD9E0,0xD9C0,0xD1A0,0xD180,0xC0E0,0xB880,0xB8A0,0xC0E0,0xC900,0xC920,0xC920,0xC920,
    0xC0E0,0xC0C0,0xC0C0,0xC0C0,0xB8A0,0xC0C0,0xC920,0xC940,0xC940,0xC900,0xC0C0,0xC0C0,
    0xB8A0,0xB860,0xB040,0xB860,0xC0E0,0xC940,0xD160,0xD160,0xC900,0xC0C0,0xC0C0,0xC0C0,
    0xC100,0xC0C0,0xB8A0,0xC920,0xC900,0xD160,0xD9C0,0xD180,0xB8C0,0xB8A0,0xB880,0xA820,
    0xA820,0xA860,0xB060,0xC0C0,0xD180,0xD9E0,0xD160,0xC100,0xC900,0xC0E0,0xC0C0,0xB880,
    0xC900,0xD180,0xD9E0,0xE220,0xD9E0,0xDA00,0xD160,0xB860,0xB020,0xD160,0xEA60,0xE200,
    0xD9C0,0xD180,0xD9C0,0xD9E0,0xC920,0xC0E0,0xC0E0,0xD160,0xD180,0xC940,0xD180,0xB8A0,
    0xA840,0xA000,0x9800,0x9800,0xA820,0xB860,0xC0A0,0xC0E0,0xC920,0xC900,0xB040,0xA800,
    0xB020,0xC0E0,0xD180,0xC940,0xB0A0,0xB8A0,0xB8C0,0xB000,0xB860,0xC0A0,0xB8A0,0xC0E0,
    0xC900,0xC940,0xD9C0,0xD9E0,0xD1A0,0xD1A0,0xD1A0,0xD160,0xC0C0,0xC900,0xD9C0,0xD9E0,
    0xC0C0,0xB880,0xC0E0,0xC100,0xC900,0xB880,0xB880,0xC0E0,0xC0E0,0xC940,0xD9C0,0xD9C0,
    0xD180,0xD9A0,0xD9C0,0xC940,0xC920,0xD160,0xC900,0xC0C0,0xB860,0xB020,0xB860,0xB040,
    0xB880,0xC940,0xD1A0,0xD9A0,0xC920,0xC900,0xD180,0xD9A0,0xD9C0,0xD9C0,0xD9E0,0xD1A0,
    0xC920,0xC940,0xE220,0xE220,0xD160,0xC0C0,0xC0C0,0xC920,0xC940,0xC920,0xC920,0xC920,
    0xC940,0xD160,0xD180,0xD160,0xC920,0xC0E0,0xC100,0xC920,0xD160,0xD1A0,0xD180,0xD160,
    0xD1A0,0xE200,0xE220,0xE240,0xE240,0xE200,0xD9C0,0xD180,0xD160,0xC940,0xC920,0xC940,
    0xD180,0xD160,0xA820,0xA800,0xB020,0xB860,0xC0C0,0xC920,0xC940,0xC940,0xC920,0xC0E0,
    0xC900,0xD160,0xC920,0xB8A0,0xB860,0xB020,0xB040,0xB040,0xB020,0xB860,0xB880,0xB020,
    0xA800,0xA800,0xA800,0xB040,0xC0A0,0xB8A0,0xC0E0,0xE220,0xF2E0,0xEAA0,0xEA80,0xEA60,
    0xEAA0,0xEA80,0xD9E0,0xD1A0,0xC960,0xB8A0,0xB880,0xC920,0xC940,0xD180,0xE240,0xF2E0,
    0xF2C0,0xDA00,0xD180,0xC0E0,0xC940,0xD9C0,0xD180,0xB860,0xA800,0xB060,0xC0C0,0xD160,
    0xD9E0,0xC940,0xD180,0xC940,0xC0E0,0xC100,0xB8A0,0xC0C0,0xB880,0xC0C0,0xB8A0,0xB880,
    0xC0C0,0xC0E0,0xC920,0xD180,0xDA00,0xE240,0xEA80,0xEA60,0xD9C0,0xC0E0,0xC900,0xC0E0,
    0xC920,0xD9C0,0xE220,0xD9C0,0xD1A0,0xD9E0,0xE220,0xE240,0xD1A0,0xC920,0xB880,0xB020,
    0xB040,0xB8A0,0xB880,0xB060,0xB880,0xC0C0,0xB880,0xB060,0xB060,0xB8A0,0xC0C0,0xD180,
    0xDA00,0xD1A0,0xB880,0xA800,0xA800,0xB020,0xB860,0xC0C0,0xC0C0,0xC0C0,0xB880,0xB860,
    0xB040,0xA800,0xB020,0xB880,0xC900,0xC940,0xD180,0xD1A0,0xD180,0xD180,0xC920,0xC0C0,
    0xB060,0xB040,0xB860,0xB880,0xB8A0,0xC0A0,0xC0C0,0xC0E0,0xC100,0xC100,0xC0E0,0xC0C0,
    0xB8A0,0xB8A0,0xB8A0,0xC0E0,0xC100,0xC0A0,0xA800,0xA800,0xB020,0xB040,0xB880,0xC0C0,
    0xC0C0,0xC0A0,0xB880,0xB8A0,0xC0E0,0xC0E0,0xC0E0,0xC0C0,0xB880,0xB880,0xB880,0xB880,
    0xB8A0,0xC0E0,0xC940,0xC940,0xC920,0xC940,0xD1A0,0xD1A0,0xD180,0xD160,0xC940,0xC940,
    0xC940,0xD160,0xD160,0xD160,0xD1A0,0xD9E0,0xD9E0,0xD180,0xC940,0xC0A0,0xC0C0,0xD180,
    0xE200,0xEA60,0xE240,0xE240,0xD9E0,0xC940,0xC920,0xC900,0xD160,0xD9A0,0xD180,0xC0A0,
    0xB040,0xC0C0,0xC0C0,0xB040,0xB880,0xC0C0,0xC0E0,0xC900,0xC900,0xC0E0,0xC100,0xC920,
    0xC0E0,0xC0A0,0xC0E0,0xC0E0,0xC920,0xE240,0xE240,0xD1A0,0xC0E0,0xC940,0xD160,0xC900,
    0xD1A0,0xD1A0,0xD180,0xD9C0,0xE200,0xEA80,0xE240,0xE220,0xD180,0xC940,0xC940,0xD1A0,
    0xD9C0,0xD1A0,0xD1A0,0xD9C0,0xD9E0,0xD9C0,0xD180,0xC940,0xD180,0xD9C0,0xD160,0xC920,
    0xD9A0,0xD9E0,0xD1A0,0xD160,0xD180,0xC940,0xC920,0xD180,0xD9C0,0xDA00,0xEA80,0xEA80,
    0xD180,0xC0C0,0xC0E0,0xC0C0,0xC0E0,0xC900,0xC920,0xC920,0xD160,0xC960,0xC100,0xB040,
    0xA800,0xA820,0xB880,0xC0E0,0xC920,0xC0E0,0xC0C0,0xC900,0xD180,0xD1A0,0xD180,0xC920,
    0xC0E0,0xC0C0,0xC0E0,0xC0E0,0xC0C0,0xC0C0,0xC900,0xC920,0xC0C0,0xB880,0xB040,0xB8A0,
    0xC0E0,0xC0E0,0xC0C0,0xC0C0,0xC100,0xC0E0,0xC0C0,0xB8A0,0xB880,0xC0C0,0xD180,0xE220,
    0xEA80,0xEA60,0xD9E0,0xC920,0xB040,0xB020,0xB040,0xB040,0xB060,0xB040,0xB860,0xB860,
    0xB880,0xC0E0,0xC960,0xD1A0,0xD180,0xC920,0xC0C0,0xB880,0xB860,0xA820,0xA800,0xB020,
    0xB880,0xC0C0,0xC0C0,0xC0C0,0xC0C0,0xC100,0xC900,0xC0C0,0xC0C0,0xC0E0,0xC0E0,0xB880,
    0xB040,0xB060,0xC0E0,0xD160,0xD1A0,0xD9C0,0xE220,0xE200,0xD160,0xC0E0,0xC0C0,0xB880,
    0xC0E0,0xD1A0,0xD9E0,0xD9E0,0xC940,0xC0E0,0xC0C0,0xC0C0,0xC920,0xD160,0xD160,0xD160,
    0xD1A0,0xD9E0,0xD9C0,0xD9A0,0xD160,0xC0E0,0xB8A0,0xC0E0,0xC900,0xC900,0xD160,0xD180,
    0xD9C0,0xD1A0,0xC920,0xB860,0xB880,0xD1A0,0xE220,0xC0E0,0xB860,0xB040,0xB8A0,0xD9A0,
    0xEA60,0xE240,0xC900,0xB020,0xA800,0xA820,0x9800,0x9800,0xA020,0xB8C0,0xC100,0xC920,
    0xD160,0xC0E0,0xC920,0xC940,0xC0E0,0xB8A0,0xB880,0xC0C0,0xC0C0,0xC0C0,0xB880,0xB020,
    0xA800,0xA800,0xA800,0xB020,0xB040,0xB8A0,0xC0E0,0xC0E0,0xC0A0,0xC0E0,0xC920,0xC960,
    0xD160,0xC0E0,0xB860,0xB8A0,0xD1A0,0xE220,0xEA40,0xE220,0xC0C0,0xB020,0xB8A0,0xB860,
    0xB860,0xB8A0,0xB880,0xB880,0xC0C0,0xD180,0xDA00,0xD180,0xC900,0xD140,0xD1A0,0xC920,
    0xD160,0xD9C0,0xC900,0xB8A0,0xC0C0,0xC940,0xD9E0,0xEA80,0xE220,0xD9C0,0xD9E0,0xEA40,
    0xEA80,0xE220,0xD9C0,0xC940,0xC920,0xC940,0xC960,0xD9C0,0xE220,0xEA80,0xF2C0,0xEA60,
    0xD180,0xC900,0xC0C0,0xC900,0xD180,0xD9C0,0xDA00,0xD9E0,0xD9C0,0xD180,0xC920,0xC900,
    0xC920,0xC920,0xC920,0xC940,0xC900,0xC0C0,0xB8A0,0xB040,0xB040,0xB8A0,0xC0E0,0xC100,
    0xC940,0xD160,0xD180,0xD180,0xC940,0xC900,0xC0E0,0xC920,0xC940,0xD160,0xC940,0xB880,
    0xB8A0,0xC0A0,0xC900,0xC920,0xB8A0,0xB020,0xB880,0xD160,0xD1A0,0xD160,0xC100,0xB880,
    0xB040,0xB020,0xB020,0xC900,0xD9C0,0xD9E0,0xD1A0,0xD180,0xC100,0xB880,0xB060,0xB020,
    0xA800,0xB880,0xC940,0xD9C0,0xEA80,0xEA60,0xEA80,0xEA60,0xE240,0xD9E0,0xC940,0xC0E0,
    0xB880,0xC0E0,0xB880,0xB040,0xC0E0,0xD9C0,0xD9C0,0xD1C0,0xC920,0xC0A0,0xC900,0xC0A0,
    0xC900,0xD180,0xD180,0xC0C0,0xB880,0xC0E0,0xC0E0,0xD180,0xE240,0xE220,0xE220,0xD9C0,
    0xE200,0xE240,0xD9A0,0xD9C0,0xD1C0,0xC920,0xC0E0,0xC0C0,0xD180,0xD9E0,0xD9E0,0xD9C0,
    0xD9C0,0xD9C0,0xE200,0xD9C0,0xD1A0,0xD160,0xC920,0xC0E0,0xD180,0xD160,0xD180,0xD9E0,
    0xD1A0,0xC940,0xD180,0xD9E0,0xD9E0,0xD9A0,0xC920,0xC100,0xC0E0,0xC940,0xD180,0xC940,
    0xC940,0xD160,0xC940,0xC920,0xC940,0xC940,0xC0E0,0xC900,0xC940,0xC0E0,0xB880,0xB040,
    0xB860,0xB8A0,0xC0E0,0xC920,0xC920,0xC940,0xC940,0xC0E0,0xC0C0,0xB880,0xB860,0xC0C0,
    0xC900,0xC920,0xC940,0xD160,0xD180,0xD180,0xD1A0,0xD1A0,0xD180,0xC920,0xC0C0,0xC0A0,
    0xC0C0,0xC0E0,0xC100,0xC0E0,0xC0E0,0xC0E0,0xC0E0,0xC900,0xC100,0xC0E0,0xC0A0,0xB880,
    0xB860,0xB860,0xB860,0xB860,0xB860,0xB880,0xB880,0xB880,0xB8A0,0xC0C0,0xC0E0,0xC0E0,
    0xC0C0,0xC0C0,0xC0C0,0xC0C0,0xC0C0,0xC0E0,0xC100,0xC900,0xC920,0xC940,0xC940,0xC920,
    0xC940,0xD160,0xD160,0xC940,0xC940,0xC960,0xD180,0xD1A0,0xD9C0,0xD9E0,0xD9E0,0xD9E0,
    0xD9C0,0xD160,0xC900,0xC920,0xC900,0xC900,0xD1A0,0xD9E0,0xD9E0,0xD9E0,0xE220,0xE220,
    0xD9C0,0xD160,0xC920,0xD160,0xD9C0,0xD9E0,0xD1A0,0xD160,0xD180,0xD1A0,0xC100,0xC0A0,
    0xC0E0,0xC0E0,0xC920,0xD180,0xD1A0,0xD9C0,0xE240,0xFB00,0xD9E0,0xC0C0,0xC0E0,0xC940,
    0xD180,0xEA80,0xE260,0xC920,0xC100,0xC900,0xC0E0,0xC920,0xC100,0xC0C0,0xB040,0xB040,
    0xC0E0,0xD1A0,0xD140,0xC0E0,0xC100,0xC920,0xC940,0xD1A0,0xD1A0,0xD180,0xD160,0xD1A0,
    0xD9E0,0xD180,0xC0E0,0xB880,0xC0C0,0xD9C0,0xE200,0xE240,0xD9C0,0xD180,0xC960,0xD1A0,
    0xE240,0xE220,0xE220,0xD1A0,0xD160,0xC960,0xD160,0xD180,0xC960,0xC0C0,0xC900,0xD180,
    0xC940,0xC920,0xC940,0xC920,0xC900,0xC900,0xC0E0,0xB8A0,0xB040,0xB040,0xB8A0,0xC920,
    0xC900,0xC0A0,0xC0E0,0xC900,0xC100,0xC0E0,0xC0C0,0xB8A0,0xB880,0xB880,0xB880,0xC0A0,
    0xC900,0xC900,0xC0A0,0xB860,0xA800,0xA800,0xA800,0xA800,0xB020,0xB860,0xC0A0,0xC0E0,
    0xC100,0xC900,0xC100,0xC920,0xC920,0xC920,0xC940,0xD160,0xC940,0xD160,0xD1A0,0xC940,
    0xB880,0xB060,0xB020,0xA820,0xB020,0xB040,0xB880,0xC0E0,0xC920,0xC920,0xC100,0xC0C0,
    0xC0C0,0xC0E0,0xB880,0xB040,0xB040,0xB040,0xB8A0,0xC0E0,0xC920,0xD160,0xC940,0xC0C0,
    0xB040,0xB860,0xC100,0xD180,0xD1A0,0xC940,0xB8A0,0xB040,0xB040,0xB8A0,0xC900,0xD160,
    0xD160,0xD160,0xD9C0,0xD9A0,0xC920,0xC0C0,0xB880,0xB8A0,0xC940,0xD160,0xC940,0xC0C0,
    0xB060,0xA800,0x9800,0xA000,0xA800,0xB860,0xC100,0xD160,0xE200,0xE240,0xE220,0xE220,
    0xD9E0,0xC940,0xD160,0xD9C0,0xE220,0xE240,0xE220,0xD9E0,0xC900,0xA800,0xA000,0xA800,
    0xB880,0xC940,0xC920,0xC0A0,0xC0E0,0xC920,0xC900,0xC960,0xE200,0xE240,0xD9E0,0xE200,
    0xEA60,0xE200,0xC920,0xB880,0xC0E0,0xD9A0,0xD9A0,0xD9C0,0xD9C0,0xC940,0xC0E0,0xC0E0,
    0xB880,0xB060,0xB040,0xB860,0xD160,0xD160,0xC0C0,0xC0A0,0xB880,0xB8A0,0xB880,0xC0E0,
    0xC0C0,0xC0C0,0xC920,0xC920,0xC0C0,0xC0E0,0xC0E0,0xC920,0xC920,0xC0E0,0xC0C0,0xC900,
    0xD140,0xD160,0xB880,0xA800,0x9800,0x9800,0xA840,0xB880,0xB880,0xB8A0,0xC0C0,0xB880,
    0xB080,0xC100,0xD9C0,0xD9E0,0xC960,0xC0E0,0xC0E0,0xC0E0,0xC940,0xD9C0,0xD160,0xC940,
    0xD1A0,0xD9C0,0xEA60,0xEA60,0xE240,0xD9C0,0xD160,0xD9E0,0xDA00,0xD9E0,0xD9E0,0xD1A0,
    0xC940,0xC920,0xC940,0xD9C0,0xEA60,0xEA80,0xEAA0,0xEAA0,0xEA80,0xEA60,0xE240,0xD9E0,
    0xD9A0,0xD180,0xD180,0xD160,0xD160,0xC940,0xC920,0xC920,0xC920,0xD140,0xD180,0xD160,
    0xC920,0xC0C0,0xC0C0,0xC900,0xC940,0xC940,0xC920,0xC0E0,0xC0C0,0xC0C0,0xC0E0,0xC920,
    0xD160,0xD1A0,0xD9E0,0xDA00,0xD9E0,0xD9A0,0xD9C0,0xD9C0,0xD1A0,0xD1A0,0xD180,0xD180,
    0xD160,0xD180,0xE200,0xE200,0xD9A0,0xD1A0,0xD9C0,0xD140,0xC100,0xC0E0,0xC900,0xD1A0,
    0xD9C0,0xD9C0,0xEA60,0xF2E0,0xE240,0xD9C0,0xC920,0xB8A0,0xC0C0,0xD160,0xD9E0,0xD9E0,
    0xE200,0xE220,0xD9C0,0xC920,0xC940,0xC940,0xD9C0,0xD180,0xC0E0,0xB880,0xB860,0xB040,
    0xC940,0xEAA0,0xD9E0,0xC0A0,0xB8A0,0xC900,0xC920,0xC0E0,0xD160,0xC900,0xD160,0xD180,
    0xD9A0,0xD9A0,0xD180,0xC940,0xC920,0xD160,0xC920,0xB8C0,0xC920,0xE220,0xD9C0,0xD180,
    0xD9C0,0xD9C0,0xC940,0xC900,0xD160,0xD9A0,0xD1A0,0xD1A0,0xC940,0xD160,0xD140,0xC940,
    0xD180,0xC920,0xC0C0,0xC0E0,0xC940,0xD180,0xC920,0xC920,0xD160,0xC940,0xC920,0xD140,
    0xD180,0xD9A0,0xD180,0xD180,0xD180,0xD180,0xD1A0,0xD9C0,0xD9C0,0xD9C0,0xD180,0xC940,
    0xC940,0xD160,0xD160,0xC940,0xD160,0xC920,0xB880,0xB040,0xB020,0xB040,0xB880,0xC900,
    0xC940,0xC960,0xD180,0xD1A0,0xD180,0xC940,0xC900,0xC920,0xC920,0xC920,0xC920,0xC940,
    0xD160,0xD180,0xD160,0xC940,0xD160,0xD180,0xD180,0xD160,0xC940,0xC940,0xC920,0xC920,
    0xC920,0xC0E0,0xC0C0,0xB8A0,0xC0A0,0xC0C0,0xC0C0,0xC0C0,0xC0C0,0xC0E0,0xC0E0,0xC0E0,
    0xC900,0xC100,0xC900,0xC0E0,0xC0E0,0xC0C0,0xB8A0,0xB860,0xB040,0xB040,0xB040,0xB840,
    0xB860,0xB880,0xB8A0,0xC0C0,0xC0E0,0xC100,0xC900,0xC920,0xD160,0xD180,0xD1A0,0xD9A0,
    0xD1A0,0xD1A0,0xD9C0,0xD9E0,0xE220,0xE220,0xE200,0xD1A0,0xC960,0xD1A0,0xE200,0xE240,
    0xEA60,0xEA80,0xEA60,0xE200,0xD9E0,0xE220,0xE200,0xE220,0xE220,0xE240,0xE200,0xD9C0,
    0xD9C0,0xD9E0,0xD9C0,0xD9E0,0xD9C0,0xD180,0xD160,0xD160,0xD9E0,0xE220,0xDA00,0xE220,
    0xE220,0xE200,0xF2A0,0xF2A0,0xE200,0xD9E0,0xD1A0,0xC900,0xD160,0xD9E0,0xD1A0,0xD180,
    0xD160,0xD180,0xD160,0xC920,0xB860,0xB040,0xB020,0xB860,0xB8A0,0xB8A0,0xC0E0,0xC0E0,
    0xC920,0xC940,0xD180,0xD9C0,0xD9C0,0xD9A0,0xD1A0,0xD1A0,0xD160,0xC920,0xC940,0xC100,
    0xC920,0xD180,0xD180,0xD180,0xC940,0xC900,0xC920,0xD160,0xE240,0xE240,0xD160,0xC0E0,
    0xC940,0xD9E0,0xE240,0xE240,0xD160,0xD180,0xD9C0,0xD1A0,0xD180,0xC960,0xC940,0xC920,
    0xC940,0xD180,0xD160,0xD160,0xD160,0xC920,0xC900,0xC0E0,0xB8A0,0xB8A0,0xC900,0xC940,
    0xC940,0xC0C0,0xB880,0xB860,0xB860,0xB880,0xB880,0xB860,0xB860,0xB860,0xB040,0xB040,
    0xB040,0xA800,0xA000,0xA800,0xA800,0xA800,0xA800,0xB040,0xB860,0xB880,0xB8A0,0xB8A0,
    0xC0C0,0xC100,0xC900,0xC0E0,0xC0E0,0xC0A0,0xB860,0xB860,0xB860,0xB860,0xB880,0xC0C0,
    0xC920,0xD160,0xD1A0,0xD160,0xC920,0xC0C0,0xC0C0,0xC900,0xC920,0xC920,0xC920,0xC960,
    0xD9C0,0xE200,0xE220,0xD9C0,0xD160,0xC0E0,0xB040,0xA000,0xA000,0xA800,0xC0C0,0xC100,
    0xC0E0,0xC0E0,0xC920,0xD160,0xD1A0,0xD1A0,0xD180,0xD160,0xC900,0xB880,0xB040,0xB020,
    0xB000,0xA800,0xB020,0xC0A0,0xC940,0xD9C0,0xD9E0,0xD9C0,0xC940,0xB8A0,0xB8C0,0xB8C0,
    0xB8A0,0xC0E0,0xC940,0xD9C0,0xE200,0xD9A0,0xC900,0xC0C0,0xC0E0,0xC940,0xD9E0,0xEAC0,
    0xEA80,0xD180,0xD180,0xD1A0,0xD160,0xC900,0xC940,0xC940,0xD160,0xD9C0,0xD9C0,0xD9E0,
    0xDA00,0xD9C0,0xD9C0,0xC940,0xC920,0xC0E0,0xC940,0xD9E0,0xD9E0,0xD180,0xC0C0,0xB060,
    0xA820,0xA820,0xA000,0xB040,0xB040,0xB040,0xB020,0xB040,0xD160,0xC940,0xC940,0xB880,
    0xB880,0xD160,0xD9E0,0xD9C0,0xD1A0,0xD9C0,0xD180,0xC940,0xC920,0xC0C0,0xC0E0,0xC0C0,
    0xB860,0xB860,0xB060,0xB880,0xC920,0xC920,0xC0E0,0xC0C0,0xC0C0,0xC0A0,0xB040,0xB880,
    0xB8A0,0xB060,0xA000,0xA000,0xA820,0xB000,0xA800,0xA000,0xA000,0xA000,0xA800,0xB040,
    0xB040,0xB8A0,0xB880,0xB880,0xC0C0,0xB8A0,0xB8A0,0xC0C0,0xC100,0xD180,0xD1A0,0xD1A0,
    0xD1A0,0xD180,0xD160,0xD1A0,0xD9C0,0xD9E0,0xE200,0xD9E0,0xC920,0xB880,0xB040,0xB880,
    0xC940,0xD9E0,0xE220,0xE220,0xD1A0,0xC940,0xC920,0xC920,0xC900,0xC0E0,0xC0E0,0xC0E0,
    0xC100,0xC900,0xC920,0xD1A0,0xD9C0,0xD9C0,0xD9A0,0xC940,0xC900,0xC900,0xC940,0xC940,
    0xC940,0xC920,0xC920,0xC900,0xC0E0,0xC0C0,0xC0C0,0xC900,0xD140,0xD180,0xD9E0,0xE200,
    0xE240,0xE240,0xEA60,0xEA60,0xEA80,0xE220,0xD1A0,0xC940,0xC0C0,0xC0E0,0xC0E0,0xC100,
    0xD180,0xE220,0xE240,0xE220,0xE220,0xE200,0xE220,0xEA60,0xF2C0,0xFB00,0xFB20,0xFB40,
    0xFB00,0xEA60,0xD9C0,0xE220,0xEA80,0xEA80,0xE240,0xEA40,0xE200,0xE220,0xD9E0,0xD9C0,
    0xD9C0,0xD9E0,0xE220,0xD9C0,0xD180,0xD160,0xD180,0xC920,0xD160,0xD160,0xD9C0,0xD9A0,
    0xC940,0xD180,0xD160,0xC0C0,0xB880,0xC0C0,0xC920,0xC940,0xD9A0,0xD9C0,0xDA00,0xD9C0,
    0xC940,0xC920,0xC0E0,0xC0C0,0xC920,0xD180,0xD180,0xD160,0xC940,0xD180,0xD9C0,0xDA00,
    0xE220,0xE220,0xE200,0xE200,0xDA00,0xD9C0,0xD9E0,0xD9C0,0xDA00,0xD9C0,0xD160,0xD160,
    0xC940,0xD160,0xD180,0xD160,0xC900,0xC0E0,0xC900,0xD180,0xC940,0xC100,0xC940,0xD1A0,
    0xD1A0,0xD160,0xC940,0xC100,0xC0C0,0xC0E0,0xC100,0xC100,0xC940,0xD160,0xD1A0,0xD9C0,
    0xD9E0,0xDA00,0xD9E0,0xD160,0xC0C0,0xB060,0xB040,0xC0C0,0xD1A0,0xE200,0xE200,0xE240,
    0xE240,0xDA00,0xD9C0,0xD180,0xC940,0xC100,0xC0C0,0xC0C0,0xC0C0,0xC0E0,0xC920,0xC940,
    0xC920,0xC920,0xC940,0xC920,0xC920,0xC920,0xC920,0xC920,0xC920,0xC920,0xC920,0xC900,
    0xC100,0xC0E0,0xC0E0,0xC0E0,0xC0E0,0xC900,0xC900,0xC100,0xC0E0,0xC0C0,0xC0A0,0xB880,
    0xB860,0xB860,0xB860,0xB880,0xB8A0,0xC0C0,0xC0E0,0xC0E0,0xC0E0,0xC900,0xC920,0xC920,
    0xC920,0xC920,0xC940,0xD160,0xD160,0xD180,0xD180,0xD180,0xD180,0xD1A0,0xD9C0,0xDA00,
    0xD9E0,0xD180,0xC920,0xC900,0xD160,0xD1A0,0xD9E0,0xE200,0xE220,0xD9E0,0xD9C0,0xD180,
    0xD160,0xC920,0xC900,0xC940,0xC940,0xC940,0xC920,0xC100,0xC900,0xC900,0xC960,0xD1A0,
    0xD9E0,0xE200,0xE200,0xDA00,0xEA60,0xE200,0xD9E0,0xD9E0,0xD9A0,0xD180,0xC940,0xC940,
    0xD1A0,0xD9A0,0xD160,0xD180,0xD160,0xC100,0xC0A0,0xC920,0xC920,0xC0E0,0xC0C0,0xB860,
    0xD160,0xC100,0xC900,0xB880,0xA800,0xA800,0xB8A0,0xC940,0xD160,0xC900,0xC960,0xD1A0,
    0xD1A0,0xD9E0,0xD9E0,0xD9C0,0xD160,0xC920,0xD180,0xD180,0xD180,0xD180,0xD9C0,0xD1A0,
    0xD9C0,0xD9C0,0xE220,0xE220,0xDA00,0xDA00,0xEA60,0xE240,0xD1A0,0xD9E0,0xEA80,0xFB80,
    0xEA80,0xD1A0,0xD1A0,0xD180,0xD180,0xC920,0xC100,0xC920,0xC940,0xC940,0xC940,0xC920,
    0xC100,0xB8A0,0xB040,0xB020,0xB020,0xB060,0xB880,0xC0C0,0xC100,0xC920,0xC100,0xC0C0,
    0xB8A0,0xB040,0xB020,0xB000,0xA800,0xB000,0xA800,0xA800,0xA800,0xB020,0xB020,0xA800,
    0xA800,0xA800,0xA800,0xA800,0xA800,0xA800,0xA800,0xB020,0xB040,0xB040,0xB860,0xB860,
    0xB860,0xC900,0xC920,0xC920,0xD160,0xD180,0xD180,0xC940,0xC0E0,0xB860,0xB040,0xB040,
    0xB040,0xB060,0xB880,0xB880,0xB880,0xB8A0,0xC0E0,0xC940,0xD180,0xD160,0xC0E0,0xB8A0,
    0xB880,0xB8A0,0xB8C0,0xC100,0xC100,0xB8A0,0xB880,0xB880,0xC0E0,0xC940,0xD160,0xD9C0,
    0xE200,0xE220,0xD9C0,0xD180,0xC940,0xC920,0xC0E0,0xB8A0,0xB860,0xB8A0,0xC900,0xC960,
    0xD160,0xD160,0xD9A0,0xDA00,0xE220,0xDA00,0xD9E0,0xD9E0,0xE240,0xE200,0xD1A0,0xD1A0,
    0xD9C0,0xD1A0,0xC940,0xB8A0,0xB060,0xC920,0xE220,0xF300,0xEA80,0xE240,0xE220,0xD1A0,
    0xD9C0,0xD9E0,0xE200,0xE220,0xE220,0xD1A0,0xD160,0xC100,0xC100,0xB880,0xA820,0xA820,
    0xB020,0xB020,0xB880,0xB8A0,0xB040,0xB020,0xA000,0x9800,0x9800,0x9800,0x9800,0xA000,
    0xA800,0xB880,0xC920,0xD9A0,0xD9C0,0xD160,0xD180,0xC900,0xC940,0xD9E0,0xF2A0,0xFB40,
    0xFBA0,0xEA80,0xD9C0,0xE240,0xF2E0,0xEAA0,0xE240,0xD140,0xC0E0,0xC0E0,0xB8C0,0xB040,
    0xB8A0,0xD160,0xC960,0xC100,0xC100,0xC0C0,0xB880,0xB860,0xB020,0xB020,0xB840,0xB860,
    0xB880,0xB8A0,0xC900,0xC920,0xC920,0xD9A0,0xD1A0,0xC100,0xB880,0xB8A0,0xC0E0,0xC0E0,
    0xC100,0xD160,0xE220,0xF2C0,0xF2C0,0xF2A0,0xEA60,0xE200,0xD9E0,0xD180,0xD160,0xD180,
    0xD1A0,0xD180,0xC900,0xC0C0,0xB8A0,0xB020,0xB040,0xB860,0xB880,0xC0E0,0xC940,0xD180,
    0xC940,0xC100,0xC0C0,0xC0C0,0xC0C0,0xC0E0,0xC900,0xC0E0,0xC0E0,0xC920,0xD160,0xD180,
    0xD1A0,0xD9A0,0xD9E0,0xD9E0,0xD9E0,0xD9C0,0xD180,0xD160,0xC960,0xD160,0xD160,0xD180,
    0xD1A0,0xD180,0xD180,0xD180,0xD1A0,0xD9C0,0xD9E0,0xDA00,0xE200,0xD9E0,0xD1A0,0xD160,
    0xC940,0xC940,0xC920,0xC0C0,0xC0E0,0xC900,0xD160,0xD9E0,0xEA80,0xEA80,0xE260,0xE200,
    0xD180,0xD1A0,0xE200,0xD9E0,0xD9E0,0xE240,0xE240,0xEA60,0xF2C0,0xEA80,0xEA60,0xEA60,
    0xE240,0xD9C0,0xD1A0,0xD9C0,0xDA00,0xE240,0xEA40,0xEA80,0xF2E0,0xF2E0,0xEA60,0xEA60,
    0xE240,0xD160,0xC0C0,0xC0C0,0xB880,0xC0E0,0xC940,0xC940,0xC940,0xC900,0xC0E0,0xC920,
    0xD160,0xD160,0xD9C0,0xD9C0,0xDA00,0xE220,0xD9E0,0xD9E0,0xD9E0,0xD9A0,0xD9C0,0xDA00,
    0xD9C0,0xD9E0,0xD1A0,0xD180,0xC940,0xD160,0xD160,0xD9E0,0xE240,0xE220,0xE220,0xE240,
    0xE200,0xD180,0xD160,0xD180,0xD1A0,0xD180,0xD1A0,0xD9A0,0xD9C0,0xDA00,0xD180,0xC920,
    0xD180,0xD9C0,0xD180,0xD1A0,0xD9C0,0xC920,0xC0C0,0xC0E0,0xC900,0xC100,0xC0C0,0xB880,
    0xB020,0xB040,0xB880,0xC0E0,0xD160,0xD9C0,0xD9C0,0xD9E0,0xD9C0,0xD180,0xD160,0xD1A0,
    0xD9E0,0xD9C0,0xD160,0xC940,0xC920,0xC900,0xC0E0,0xC900,0xC920,0xC940,0xC940,0xC940,
    0xC920,0xC920,0xC100,0xC0E0,0xC0A0,0xB880,0xB860,0xB880,0xB880,0xB880,0xB880,0xB880,
    0xB880,0xB8A0,0xC0A0,0xC0C0,0xC0C0,0xC0C0,0xC0C0,0xC0C0,0xC0E0,0xC0E0,0xC0E0,0xC100,
    0xC0E0,0xB880,0xB880,0xB880,0xB860,0xB860,0xB880,0xB880,0xB880,0xB880,0xB8A0,0xC0C0,
    0xC0C0,0xC0C0,0xC0E0,0xC0E0,0xC920,0xC940,0xD160,0xC940,0xC920,0xC0E0,0xC0C0,0xC0E0,
    0xC900,0xC940,0xC940,0xC940,0xD160,0xD180,0xD9A0,0xD9C0,0xD1A0,0xD160,0xD160,0xD160,
    0xD160,0xD180,0xD9A0,0xD9E0,0xDA00,0xE220,0xE220,0xE200,0xD9A0,0xD160,0xD1A0,0xD1A0,
    0xD160,0xC920,0xC900,0xC920,0xD140,0xD1A0,0xD9E0,0xE220,0xE240,0xE240,0xEA60,0xEA80,
    0xE240,0xE220,0xE200,0xD9E0,0xD1A0,0xD180,0xD180,0xD1A0,0xD1A0,0xD1A0,0xD9E0,0xD9E0,
    0xC900,0xB860,0xB8A0,0xD160,0xD180,0xD1A0,0xD9E0,0xD9E0,0xD9E0,0xD180,0xD160,0xC0C0,
    0xB020,0xB020,0xB860,0xB880,0xB040,0xB8A0,0xC920,0xC900,0xC940,0xD9E0,0xD180,0xC900,
    0xC0C0,0xC0E0,0xC0E0,0xC920,0xC940,0xC920,0xC940,0xC940,0xC920,0xD180,0xD9A0,0xD9E0,
    0xD9E0,0xD9E0,0xE220,0xE220,0xD180,0xC920,0xC900,0xC940,0xC940,0xC0E0,0xC0E0,0xD160,
    0xD9C0,0xD160,0xC0C0,0xB880,0xB8A0,0xB8A0,0xB880,0xB8A0,0xB860,0xA800,0xA800,0xA800,
    0xA800,0xA800,0xB020,0xB040,0xB040,0xB860,0xB8A0,0xB8A0,0xB8A0,0xB860,0xA800,0xA000,
    0xA000,0xA000,0xA800,0xA800,0xA800,0xB020,0xB020,0xB020,0xA800,0xA800,0xA800,0xA800,
    0xB020,0xB860,0xB8A0,0xB8A0,0xB860,0xB040,0xB020,0xB040,0xC960,0xD9E0,0xDA00,0xDA00,
    0xD9E0,0xD9C0,0xD180,0xC920,0xC0C0,0xB8A0,0xB8A0,0xB8A0,0xC0E0,0xC100,0xC940,0xD160,
    0xD180,0xD180,0xD180,0xD160,0xC940,0xC920,0xC100,0xC100,0xC940,0xD180,0xD160,0xD140,
    0xC920,0xC0E0,0xC0E0,0xC920,0xC960,0xC960,0xC920,0xC120,0xC0E0,0xC0A0,0xB060,0xB040,
    0xB8A0,0xC0C0,0xC0C0,0xB8A0,0xC0A0,0xC0C0,0xC0C0,0xC0A0,0xB8A0,0xC0C0,0xC940,0xD180,
    0xD180,0xD180,0xD180,0xD180,0xD9A0,0xD160,0xC920,0xC900,0xC920,0xC940,0xD160,0xC900,
    0xC0E0,0xC0C0,0xC0E0,0xD160,0xD9A0,0xDA00,0xDA00,0xD180,0xC0E0,0xB8A0,0xB040,0xB040,
    0xB880,0xB040,0xB040,0xA820,0xA800,0xA800,0xA800,0xA800,0xA800,0xA000,0xA000,0xA800,
    0xA800,0xA800,0xA800,0xB000,0xA800,0xA800,0xA800,0xA820,0xB060,0xB880,0xC900,0xD180,
    0xC940,0xC900,0xC920,0xC0E0,0xB880,0xB040,0xB8A0,0xB8A0,0xC0A0,0xC0E0,0xC940,0xD9E0,
    0xE200,0xE240,0xE240,0xD9C0,0xD9A0,0xD9C0,0xDA00,0xD9A0,0xC920,0xC0E0,0xC0E0,0xC900,
    0xC920,0xC920,0xB8A0,0xA800,0xA800,0xB8A0,0xD180,0xD140,0xC0C0,0xB060,0xB860,0xC0C0,
    0xB8C0,0xB8C0,0xC940,0xD1A0,0xD9A0,0xD9C0,0xE220,0xE200,0xD9C0,0xD1A0,0xD180,0xD9A0,
    0xE220,0xE240,0xDA00,0xD9E0,0xD9E0,0xDA00,0xD9E0,0xD1A0,0xD180,0xC960,0xC920,0xC940,
    0xD180,0xD160,0xC940,0xC920,0xC0E0,0xB8A0,0xB880,0xC0C0,0xC940,0xD160,0xD160,0xD180,
    0xD1A0,0xD9C0,0xD9C0,0xD9C0,0xD180,0xD180,0xD180,0xC940,0xC940,0xD160,0xD180,0xD9E0,
    0xE220,0xE220,0xE200,0xD9E0,0xD9C0,0xD1A0,0xD1A0,0xD180,0xD160,0xC940,0xC100,0xC0C0,
    0xB8A0,0xC0A0,0xC0C0,0xC0C0,0xC0C0,0xC0C0,0xC0C0,0xC0C0,0xB8A0,0xB880,0xB880,0xB880,
    0xC940,0xD9E0,0xE200,0xE200,0xD9E0,0xD180,0xC940,0xC0C0,0xB8A0,0xC0C0,0xC0C0,0xC0C0,
    0xC0E0,0xC940,0xD1A0,0xE220,0xE240,0xE220,0xE240,0xE220,0xD9E0,0xD180,0xD180,0xD1A0,
    0xD180,0xD1A0,0xD9C0,0xE220,0xEA60,0xE260,0xE220,0xE220,0xD9E0,0xC940,0xC0E0,0xC0E0,
    0xD160,0xD1A0,0xD9A0,0xD9E0,0xD180,0xD160,0xD160,0xD9E0,0xE220,0xEA60,0xE240,0xD9C0,
    0xD9C0,0xE200,0xD9C0,0xD160,0xD180,0xD160,0xD1A0,0xD9E0,0xD9C0,0xD9E0,0xD160,0xC920,
    0xD180,0xD180,0xC920,0xC920,0xD1A0,0xD9C0,0xD9C0,0xE200,0xD180,0xD160,0xD9C0,0xD160,
    0xD180,0xD180,0xD160,0xD180,0xD1A0,0xD1A0,0xD160,0xC0E0,0xB8A0,0xC920,0xD9C0,0xD9C0,
    0xD1A0,0xD160,0xC940,0xC940,0xC0E0,0xC0C0,0xB8A0,0xB8A0,0xC0C0,0xB8A0,0xC0C0,0xC900,
    0xD160,0xD9C0,0xE220,0xE240,0xE240,0xDA00,0xD1A0,0xD160,0xD180,0xD9E0,0xE240,0xEA60,
    0xE220,0xD9C0,0xC960,0xC900,0xC0E0,0xC0E0,0xC0E0,0xC0E0,0xC0C0,0xC0C0,0xC0C0,0xC0E0,
    0xC0C0,0xC0C0,0xB8A0,0xB880,0xB860,0xB060,0xB040,0xB020,0xB000,0xA800,0xA800,0xA800,
    0xA800,0xA800,0xA800,0xB020,0xB020,0xB040,0xB040,0xB860,0xB040,0xB020,0xB040,0xB040,
    0xB060,0xB860,0xB880,0xB880,0xB8A0,0xB8A0,0xC0C0,0xC0E0,0xC100,0xC900,0xC940,0xC940,
    0xC960,0xD160,0xD160,0xC940,0xC940,0xD160,0xD1A0,0xE200,0xEA60,0xEA60,0xE240,0xE200,
    0xD9E0,0xD9E0,0xD9C0,0xD9C0,0xD9C0,0xD9A0,0xD180,0xC940,0xC920,0xC900,0xC940,0xD160,
    0xD180,0xD160,0xC920,0xC0E0,0xC0C0,0xC0C0,0xC0C0,0xC940,0xD1A0,0xD9E0,0xDA00,0xDA00,
    0xD9E0,0xDA00,0xE220,0xE200,0xE220,0xE240,0xE240,0xEA60,0xEA80,0xEA60,0xE240,0xE240,
    0xDA00,0xD9E0,0xD1A0,0xD1A0,0xD180,0xC940,0xC920,0xC920,0xC0C0,0xB880,0xB8A0,0xC0C0,
    0xD160,0xE200,0xEA80,0xEAA0,0xD160,0xC100,0xC100,0xC0C0,0xB880,0xB8A0,0xC0C0,0xB8A0,
    0xB040,0xB860,0xB880,0xB880,0xC0E0,0xC920,0xC0E0,0xB8A0,0xB8A0,0xC100,0xC900,0xC0A0,
    0xC0C0,0xC900,0xC940,0xC0E0,0xC920,0xE220,0xEA60,0xE240,0xE200,0xD1A0,0xD160,0xD180,
    0xD180,0xC940,0xC900,0xC0C0,0xC920,0xC900,0xB880,0xB860,0xC0C0,0xC920,0xC900,0xC0C0,
    0xC0C0,0xB8A0,0xB880,0xB880,0xB8A0,0xB8C0,0xB880,0xB860,0xB060,0xB860,0xB860,0xB060,
    0xB020,0xA000,0xA000,0xA820,0xB040,0xB020,0xB000,0xA800,0xA800,0xA800,0xA800,0xA800,
    0xA800,0xB020,0xB060,0xB880,0xB8A0,0xB880,0xB860,0xB040,0xB020,0xB020,0xB060,0xB880,
    0xB8A0,0xC0C0,0xB8A0,0xB860,0xC0C0,0xC0C0,0xC0C0,0xC0C0,0xC0E0,0xC100,0xC920,0xC920,
    0xC940,0xC940,0xC940,0xD160,0xD160,0xD160,0xD160,0xC960,0xD160,0xD180,0xD9C0,0xE200,
    0xE220,0xE220,0xD9E0,0xD9A0,0xD180,0xC960,0xC900,0xC0C0,0xB860,0xB040,0xB020,0xB040,
    0xB060,0xB040,0xB020,0xA820,0xB000,0xB020,0xB040,0xB060,0xB860,0xB880,0xB8A0,0xB880,
    0xB040,0xB020,0xB040,0xB040,0xB040,0xB860,0xB880,0xB880,0xB8A0,0xB880,0xB8A0,0xC0A0,
    0xC0A0,0xB8A0,0xB880,0xB860,0xB860,0xB860,0xB880,0xB860,0xB8A0,0xC0C0,0xC0C0,0xC0C0,
    0xB8A0,0xB880,0xB040,0xB040,0xA800,0xA800,0xA800,0xA800,0xB000,0xB020,0xB880,0xD180,
    0xC900,0xB880,0xA820,0xA800,0xB060,0xA820,0x9800,0x9800,0x9800,0xA000,0xA800,0x9800,
    0x9000,0x9800,0xA000,0xA840,0xB060,0xB040,0xB880,0xC0C0,0xD160,0xD160,0xC900,0xC100,
    0xB060,0xB060,0xB040,0xB880,0xC0C0,0xC0A0,0xC0C0,0xC0E0,0xC900,0xC920,0xD180,0xD9E0,
    0xE240,0xE240,0xE200,0xD180,0xC920,0xB880,0xB060,0xC0A0,0xB880,0xB880,0xB880,0xB040,
    0xB860,0xC900,0xD180,0xD9A0,0xD160,0xC920,0xB880,0xA800,0xA000,0xA800,0xA000,0xB040,
    0xC920,0xD9C0,0xD9C0,0xD180,0xD160,0xD180,0xD1A0,0xD180,0xD180,0xD9C0,0xD9C0,0xD9E0,
    0xE200,0xDA00,0xD9E0,0xD9C0,0xD180,0xD180,0xD1A0,0xD9E0,0xE220,0xE220,0xE220,0xE220,
    0xD9E0,0xD180,0xC920,0xC0C0,0xB8A0,0xC0A0,0xC0E0,0xC900,0xC920,0xD160,0xD180,0xD9C0,
    0xD9E0,0xDA00,0xD9E0,0xD9C0,0xD9C0,0xD9E0,0xD9E0,0xD9A0,0xD1A0,0xD1A0,0xD180,0xD160,
    0xC940,0xC940,0xC940,0xD160,0xD1A0,0xD1A0,0xD1A0,0xD180,0xC940,0xC920,0xC900,0xC100,
    0xC0E0,0xC0E0,0xC900,0xC940,0xD180,0xD9C0,0xD9C0,0xD9A0,0xD180,0xD180,0xD9A0,0xD1A0,
    0xD180,0xC940,0xC0C0,0xB880,0xB880,0xB8A0,0xB880,0xB060,0xB860,0xC900,0xD1A0,0xE200,
    0xE220,0xE240,0xE220,0xD9C0,0xC920,0xC0E0,0xC920,0xC920,0xC940,0xD9C0,0xE220,0xEA80,
    0xE240,0xE240,0xE240,0xD9E0,0xD1A0,0xD9C0,0xD9C0,0xD9C0,0xD9E0,0xE220,0xEA80,0xEA60,
    0xE220,0xEA60,0xE240,0xD9E0,0xD9E0,0xDA00,0xD9E0,0xD9A0,0xD9E0,0xDA00,0xD180,0xC900,
    0xC920,0xC940,0xC0C0,0xB880,0xC0E0,0xC900,0xC0C0,0xB040,0xB040,0xB880,0xB8A0,0xB8A0,
    0xC900,0xC940,0xC920,0xD1A0,0xD9E0,0xD9C0,0xD9A0,0xD180,0xD180,0xD160,0xC940,0xC920,
    0xC0E0,0xB880,0xB8A0,0xC100,0xC940,0xD160,0xE240,0xFB20,0xFB20,0xEA80,0xD9E0,0xD9C0,
    0xD1A0,0xC940,0xC920,0xC940,0xD9A0,0xD9E0,0xD1A0,0xD160,0xC920,0xC0E0,0xC0E0,0xC100,
    0xC940,0xD180,0xD180,0xD160,0xD160,0xD160,0xD9C0,0xE220,0xEA80,0xEA80,0xE240,0xDA00,
    0xD9C0,0xD1A0,0xD180,0xD160,0xC960,0xC940,0xC920,0xC900,0xC900,0xC920,0xC920,0xC960,
    0xD1A0,0xD9E0,0xE240,0xEA60,0xEA60,0xEA60,0xE220,0xD9E0,0xD180,0xC940,0xC100,0xC0C0,
    0xB880,0xB040,0xA820,0xA820,0xB880,0xB8A0,0xB8A0,0xB8A0,0xC0C0,0xC0C0,0xC0E0,0xC900,
    0xC920,0xC940,0xC940,0xD160,0xD160,0xD160,0xD180,0xD180,0xD180,0xD180,0xD1A0,0xD9A0,
    0xD9C0,0xD9E0,0xD9E0,0xD9C0,0xD9C0,0xD1A0,0xD1A0,0xD1A0,0xD1A0,0xD1A0,0xD9A0,0xD9C0,
    0xD9E0,0xD9C0,0xD1A0,0xD160,0xC920,0xC900,0xC900,0xC0E0,0xC0A0,0xB8A0,0xB880,0xC0A0,
    0xC0E0,0xC920,0xD160,0xD180,0xD9C0,0xD9E0,0xD9C0,0xD9C0,0xD9C0,0xE200,0xE240,0xEA60,
    0xEA60,0xEA60,0xE240,0xE220,0xD9E0,0xD9E0,0xD9E0,0xD9E0,0xDA00,0xD9E0,0xD9C0,0xD9A0,
    0xD9C0,0xE200,0xEA60,0xE240,0xD9C0,0xD160,0xC940,0xD160,0xD1A0,0xD9C0,0xE200,0xE220,
    0xD9C0,0xD9A0,0xC100,0xC0C0,0xC100,0xC0C0,0xC0C0,0xC0E0,0xC920,0xC920,0xC0E0,0xC0E0,
    0xD160,0xD1A0,0xD180,0xD1A0,0xD9E0,0xD9E0,0xE200,0xD9C0,0xC900,0xD160,0xDA00,0xD9E0,
    0xD9C0,0xDA00,0xE220,0xE200,0xD9E0,0xE220,0xE200,0xD180,0xC940,0xC920,0xC0C0,0xB880,
    0xB060,0xB040,0xB020,0xA800,0xA800,0xB040,0xB860,0xB860,0xB860,0xB860,0xB880,0xB8A0,
    0xB860,0xB020,0xA800,0xA000,0xA800,0xA800,0xA820,0xB040,0xB020,0xB020,0xB040,0xC0E0,
    0xD9C0,0xEA80,0xEAA0,0xEA80,0xE240,0xD1A0,0xC920,0xC0C0,0xB880,0xB040,0xB020,0xB020,
    0xB860,0xC0C0,0xC0E0,0xC0E0,0xB8A0,0xB040,0xA800,0xA800,0xB020,0xB880,0xC0A0,0xC0A0,
    0xC0C0,0xC0E0,0xC100,0xC900,0xC920,0xC940,0xD160,0xD1A0,0xD9C0,0xD9C0,0xD9C0,0xD9A0,
    0xD180,0xD160,0xD180,0xD9C0,0xE200,0xE220,0xE240,0xE220,0xD9C0,0xD160,0xC920,0xC100,
    0xC0E0,0xC0C0,0xB8A0,0xB880,0xB8A0,0xC0E0,0xC920,0xC940,0xC900,0xC0E0,0xC0E0,0xC0C0,
    0xC0E0,0xC0C0,0xC0A0,0xB880,0xB880,0xB880,0xB880,0xB060,0xA820,0xB020,0xB040,0xB860,
    0xB860,0xB880,0xB880,0xC0C0,0xC920,0xC920,0xC0E0,0xB880,0xB860,0xB020,0xA800,0xA000,
    0xA000,0xA000,0xA800,0xB020,0xB020,0xA800,0xA800,0xB020,0xB020,0xA820,0xA800,0xA800,
    0xA800,0xA800,0xA800,0xA800,0xA800,0xA800,0xB040,0xB060,0xB040,0xA820,0xB860,0xB8A0,
    0xB8A0,0xB040,0xA800,0xA820,0xA840,0xB040,0xB040,0xA820,0xA840,0xB060,0xB8C0,0xB080,
    0xA800,0xB020,0xB040,0xB880,0xC0E0,0xC0C0,0xB880,0xB060,0xB040,0xB040,0xB880,0xC900,
    0xD160,0xD160,0xC920,0xC940,0xD160,0xD180,0xD9E0,0xE220,0xE240,0xEA60,0xE220,0xD9C0,
    0xD160,0xD180,0xD160,0xC0E0,0xB860,0xA800,0xB040,0xC0A0,0xC920,0xC960,0xD180,0xD180,
    0xD180,0xD180,0xD180,0xD160,0xC920,0xC900,0xC940,0xC940,0xC920,0xC940,0xD180,0xD180,
    0xC960,0xD160,0xD1A0,0xD180,0xC920,0xC0E0,0xB8A0,0xB880,0xB8A0,0xC920,0xD160,0xD180,
    0xD9C0,0xE200,0xE220,0xE220,0xE240,0xE220,0xE220,0xE220,0xD9E0,0xD1A0,0xD1A0,0xD9A0,
    0xD1A0,0xD1A0,0xD180,0xD160,0xC940,0xC920,0xC920,0xC920,0xC920,0xC940,0xD160,0xD180,
    0xD1A0,0xD9E0,0xE200,0xE220,0xE220,0xE200,0xD9E0,0xD1A0,0xD160,0xC940,0xC920,0xC940,
    0xC940,0xD180,0xD1A0,0xD1A0,0xD1A0,0xD1A0,0xD9A0,0xD9C0,0xD9C0,0xD9C0,0xD9A0,0xD180,
    0xD180,0xD180,0xD180,0xD180,0xD180,0xD180,0xD180,0xD1A0,0xD9E0,0xD180,0xD160,0xD1A0,
    0xD9E0,0xD9E0,0xD9E0,0xD9C0,0xD9E0,0xEA80,0xF2C0,0xEAA0,0xEA60,0xE220,0xD9C0,0xD160,
    0xC900,0xC920,0xD160,0xD180,0xD1A0,0xDA00,0xE240,0xE220,0xE220,0xE240,0xE220,0xD9E0,
    0xD1A0,0xD180,0xD1A0,0xD1A0,0xE200,0xEA80,0xEAA0,0xEA80,0xE200,0xD9C0,0xDA00,0xD9C0,
    0xD160,0xC100,0xC920,0xC0C0,0xC0C0,0xC900,0xC0E0,0xC0A0,0xC900,0xC940,0xC100,0xB860,
    0xB040,0xB020,0xA800,0xA800,0xB040,0xB880,0xB8A0,0xB880,0xB880,0xB8A0,0xC0E0,0xC940,
    0xD1A0,0xD9C0,0xD9C0,0xD9A0,0xD180,0xD160,0xD160,0xC940,0xC960,0xC940,0xC0C0,0xB860,
    0xB040,0xB860,0xC0C0,0xD140,0xE220,0xE220,0xD180,0xD160,0xD160,0xD160,0xC940,0xC920,
    0xC940,0xD1A0,0xE200,0xE220,0xD9E0,0xD160,0xC0E0,0xB880,0xB040,0xB020,0xB040,0xB040,
    0xB020,0xB020,0xB020,0xB020,0xB060,0xB880,0xC0C0,0xC0E0,0xC900,0xC920,0xC920,0xC920,
    0xC920,0xC920,0xC920,0xC920,0xC920,0xC900,0xC100,0xC0E0,0xC0E0,0xC920,0xC940,0xD180,
    0xD9E0,0xE220,0xEA60,0xEAA0,0xF2C0,0xF2E0,0xF2E0,0xF2C0,0xF2A0,0xEA80,0xEA60,0xD180,
    0xB860,0xB880,0xB880,0xB8A0,0xB8A0,0xC0C0,0xC0C0,0xC0E0,0xC100,0xC900,0xC920,0xC920,
    0xC940,0xC960,0xD160,0xD180,0xD180,0xD1A0,0xD9C0,0xD9C0,0xD9C0,0xD1A0,0xD180,0xD180,
    0xD180,0xD1A0,0xD180,0xD180,0xD180,0xD1A0,0xD9A0,0xD9C0,0xD1A0,0xD180,0xC960,0xC920,
    0xC100,0xC0C0,0xB8A0,0xB880,0xC0C0,0xC900,0xD160,0xD1A0,0xD9E0,0xDA00,0xDA00,0xDA00,
    0xD9E0,0xD9E0,0xD9E0,0xD9C0,0xD9C0,0xD9E0,0xD9C0,0xD1A0,0xD1A0,0xD1A0,0xD9C0,0xD9E0,
    0xDA00,0xDA00,0xDA00,0xE200,0xE220,0xE220,0xE200,0xD9C0,0xD9E0,0xE200,0xD9E0,0xD180,
    0xD140,0xC940,0xD180,0xD9A0,0xD180,0xD9E0,0xE220,0xDA00,0xEA80,0xEA60,0xE200,0xE200,
    0xD9E0,0xD1A0,0xD180,0xD180,0xD180,0xD180,0xC940,0xD180,0xD9E0,0xE200,0xE220,0xE220,
    0xE200,0xD9E0,0xD9E0,0xE220,0xDA00,0xD9A0,0xD9C0,0xE220,0xE200,0xD1A0,0xD180,0xD160,
    0xD160,0xD1A0,0xD9C0,0xC920,0xC0C0,0xB880,0xB020,0xB860,0xB880,0xB860,0xB860,0xB040,
    0xB020,0xB040,0xB040,0xB040,0xB020,0xB020,0xB040,0xB060,0xB880,0xB040,0xA820,0xA820,
    0xB060,0xB060,0xA820,0xA800,0xA800,0xA800,0xB060,0xB8A0,0xC0C0,0xC940,0xD1A0,0xE220,
    0xEA60,0xEA80,0xEA60,0xE220,0xD9C0,0xD180,0xC920,0xC0E0,0xB8A0,0xC0A0,0xC0C0,0xC0E0,
    0xC900,0xC900,0xC0C0,0xC0C0,0xC900,0xC920,0xC920,0xC940,0xC940,0xC960,0xD160,0xD180,
    0xD1A0,0xD9C0,0xD9C0,0xD9E0,0xD9C0,0xD9A0,0xD180,0xD160,0xC940,0xD160,0xD1A0,0xD1A0,
    0xD1A0,0xD180,0xC940,0xC920,0xC940,0xD160,0xD1A0,0xD9A0,0xD180,0xC940,0xC940,0xC940,
    0xC920,0xC920,0xC920,0xC900,0xC0C0,0xB8A0,0xB880,0xB880,0xB880,0xB8A0,0xB8A0,0xC0A0,
    0xC0C0,0xC0E0,0xC0E0,0xC0C0,0xB880,0xB060,0xB040,0xB860,0xB880,0xB8A0,0xC0C0,0xC100,
    0xC920,0xC900,0xC0E0,0xB8A0,0xB880,0xB040,0xA820,0xA800,0xA000,0xA800,0xA800,0xA800,
    0xA800,0xA800,0xA800,0xA800,0xA000,0xA800,0xA800,0xA820,0xA800,0xA800,0xA000,0xA800,
    0xA800,0xA800,0xA800,0xA000,0x9800,0xA000,0xA800,0xA800,0xA800,0xA800,0xB040,0xB880,
    0xB8A0,0xB060,0xB060,0xB040,0xB880,0xC0A0,0xC0E0,0xC0A0,0xB040,0xB040,0xB860,0xB040,
    0xB040,0xB860,0xB880,0xB880,0xC0A0,0xC0E0,0xC920,0xD1A0,0xEA80,0xF320,0xEA60,0xD9E0,
    0xD9C0,0xDA00,0xD9E0,0xD9E0,0xD9C0,0xD1A0,0xD160,0xC940,0xD160,0xD180,0xC920,0xC0E0,
    0xC900,0xC920,0xD160,0xD160,0xD180,0xD160,0xC0C0,0xB860,0xB880,0xC0C0,0xC920,0xD1A0,
    0xE220,0xE220,0xE220,0xE220,0xE220,0xE220,0xE240,0xEA80,0xEAA0,0xEA80,0xE240,0xE200,
    0xD9C0,0xD9C0,0xD1A0,0xD1A0,0xD160,0xD180,0xD9E0,0xE200,0xE240,0xE260,0xEA60,0xEA60,
    0xE240,0xE220,0xD9E0,0xD9C0,0xD9E0,0xD9E0,0xD9C0,0xD9C0,0xD9A0,0xD1A0,0xD1A0,0xD180,
    0xD180,0xD1A0,0xD9C0,0xE200,0xE220,0xE220,0xE200,0xE200,0xE200,0xE200,0xE200,0xE220,
    0xE220,0xE200,0xD9E0,0xD9E0,0xD9C0,0xD9C0,0xD9C0,0xD9C0,0xD9A0,0xD1A0,0xD1A0,0xD180,
    0xD160,0xD160,0xC940,0xC920,0xC940,0xD160,0xD180,0xD9C0,0xD9E0,0xD9E0,0xD9E0,0xD9E0,
    0xD9E0,0xD9C0,0xD9C0,0xD9C0,0xD9C0,0xD9E0,0xD9E0,0xE220,0xEA80,0xEAA0,0xEA80,0xEA80,
    0xEAA0,0xEA60,0xE200,0xDA00,0xE220,0xE220,0xE200,0xD9E0,0xD9E0,0xD9C0,0xD1A0,0xD180,
    0xD1A0,0xD9A0,0xD9C0,0xD9C0,0xD9E0,0xD9E0,0xD9C0,0xD9E0,0xD180,0xD160,0xD160,0xD180,
    0xD9A0,0xD9A0,0xD9E0,0xE220,0xD9C0,0xC920,0xC920,0xC100,0xC0E0,0xB8A0,0xB8A0,0xB860,
    0xB880,0xC100,0xC100,0xB8A0,0xB8A0,0xC0E0,0xC0C0,0xB8A0,0xB8A0,0xB8A0,0xB880,0xB880,
    0xB8A0,0xB860,0xB860,0xB880,0xC0C0,0xC0C0,0xB880,0xB8A0,0xC0E0,0xC940,0xD180,0xD160,
    0xD160,0xD160,0xC920,0xC900,0xD160,0xE220,0xE220,0xD180,0xC100,0xB8A0,0xB860,0xB860,
    0xB880,0xC0C0,0xC0C0,0xB8A0,0xB8A0,0xC0C0,0xC100,0xC920,0xC940,0xC920,0xC900,0xC0E0,
    0xC0E0,0xC900,0xC0E0,0xC0E0,0xC0C0,0xB8A0,0xB860,0xB060,0xB040,0xB020,0xB020,0xA820,
    0xB000,0xA800,0xB000,0xB020,0xB020,0xB040,0xB060,0xB860,0xB880,0xB8A0,0xC0C0,0xC0E0,
    0xC100,0xC900,0xC900,0xC900,0xC0E0,0xC0C0,0xB8A0,0xB8A0,0xB8A0,0xB8A0,0xB8A0,0xC0A0,
    0xC0C0,0xC0E0,0xC920,0xC940,0xD160,0xD1A0,0xD9C0,0xC900,0xC0A0,0xC0C0,0xC0E0,0xC0E0,
    0xC100,0xC900,0xC900,0xC920,0xC920,0xC920,0xC940,0xC940,0xC940,0xC940,0xC940,0xC940,
    0xC940,0xC940,0xC940,0xC940,0xC920,0xC920,0xC900,0xC900,0xC100,0xC100,0xC0E0,0xC0E0,
    0xC0E0,0xC0C0,0xC0C0,0xB8A0,0xB8A0,0xC0A0,0xC0C0,0xC0E0,0xC100,0xC900,0xC920,0xC940,
    0xD180,0xD9C0,0xDA00,0xE220,0xE240,0xE260,0xEA60,0xEA40,0xE260,0xE260,0xE220,0xD9C0,
    0xD1A0,0xD160,0xD160,0xD180,0xD180,0xD180,0xD9A0,0xD9C0,0xD9E0,0xD9E0,0xE200,0xE220,
    0xE220,0xE200,0xD1C0,0xD160,0xC920,0xC900,0xC920,0xC920,0xD160,0xD180,0xD160,0xC940,
    0xD180,0xD9C0,0xE220,0xEA60,0xD1A0,0xD160,0xD160,0xC960,0xC940,0xC920,0xC920,0xC940,
    0xD1A0,0xD9C0,0xD9E0,0xE200,0xE220,0xE200,0xD9C0,0xD9C0,0xD180,0xC940,0xC100,0xC0C0,
    0xB880,0xB880,0xB880,0xB860,0xB8A0,0xC0C0,0xB880,0xC0C0,0xC100,0xC920,0xD160,0xD180,
    0xC940,0xC0E0,0xB8A0,0xB860,0xB880,0xC0A0,0xB8A0,0xB060,0xB040,0xB020,0xB020,0xA800,
    0xB020,0xB020,0xA800,0xA800,0xA800,0xA800,0xA800,0xA800,0xB040,0xB880,0xC0A0,0xB8A0,
    0xB880,0xB860,0xB860,0xB8A0,0xC0C0,0xC100,0xC900,0xC920,0xC940,0xC960,0xD160,0xD180,
    0xD1A0,0xD180,0xD160,0xC940,0xC920,0xC0E0,0xC0A0,0xB8A0,0xC0A0,0xC0C0,0xC0C0,0xC0E0,
    0xC0E0,0xC0C0,0xC0C0,0xC0C0,0xC0C0,0xC0C0,0xC0C0,0xC0C0,0xC0E0,0xC0E0,0xC0E0,0xC0C0,
    0xC0C0,0xC0C0,0xC0A0,0xC0A0,0xC0A0,0xC0A0,0xC0A0,0xC0A0,0xB8A0,0xB8C0,0xC0C0,0xC0C0,
    0xB8A0,0xB8A0,0xB880,0xB860,0xB860,0xB860,0xB860,0xB860,0xB860,0xB060,0xB040,0xB040,
    0xA820,0xA800,0xA800,0xA800,0xA820,0xA840,0xB040,0xB040,0xB040,0xB040,0xB040,0xB040,
    0xB040,0xB860,0xB880,0xB8A0,0xB8A0,0xB8A0,0xB880,0xC0C0,0xC0E0,0xC100,0xC0C0,0xB8A0,
    0xB880,0xB860,0xB020,0xA800,0xA000,0xA000,0xA000,0x9800,0xA000,0xA000,0xA000,0xA000,
    0xA000,0xA820,0xB060,0xB060,0xA840,0xA800,0xA000,0xA000,0xA000,0xA000,0xA000,0xA000,
    0xA000,0x9800,0xA000,0xA000,0xA000,0xA000,0xA000,0x9800,0x9800,0x9800,0x9800,0xA000,
    0xA800,0xA800,0xA800,0xA800,0xA800,0xA800,0xB020,0xB040,0xB020,0xA820,0xA800,0xA800,
    0xB040,0xC0C0,0xC900,0xD160,0xDA00,0xE200,0xD9E0,0xDA00,0xE240,0xEA60,0xEA60,0xE240,
    0xDA00,0xD9C0,0xD9E0,0xE200,0xE220,0xD9E0,0xC940,0xC920,0xC900,0xC0E0,0xB8A0,0xC0C0,
    0xC0C0,0xC0E0,0xC0C0,0xC100,0xD140,0xD180,0xD9C0,0xD9C0,0xD9E0,0xD9E0,0xD180,0xC940,
    0xC920,0xC940,0xD1A0,0xD1A0,0xD160,0xC940,0xC900,0xC940,0xD180,0xD9E0,0xE200,0xE200,
    0xDA00,0xDA00,0xD9E0,0xDA00,0xE200,0xE200,0xDA00,0xD9E0,0xD9E0,0xD9E0,0xE220,0xE240,
    0xE260,0xEA60,0xE240,0xDA00,0xD1A0,0xD140,0xC0E0,0xB8A0,0xB880,0xB880,0xB8A0,0xC0C0,
    0xC900,0xD160,0xD9C0,0xE220,0xEA60,0xEA80,0xEA80,0xEA80,0xEA60,0xE220,0xE220,0xE200,
    0xDA00,0xDA00,0xE200,0xE220,0xE220,0xE220,0xE220,0xE220,0xE220,0xE200,0xD9E0,0xD9C0,
    0xD9C0,0xD1A0,0xD180,0xD180,0xD180,0xD1A0,0xD1A0,0xD9C0,0xD9C0,0xD9E0,0xD9E0,0xD9E0,
    0xD9E0,0xD9E0,0xD9C0,0xD9A0,0xD9A0,0xD9C0,0xD1A0,0xD180,0xD160,0xD180,0xD1A0,0xD9E0,
    0xD9E0,0xD9E0,0xD9E0,0xD9C0,0xD9A0,0xD180,0xD180,0xD180,0xD180,0xD180,0xD1A0,0xD9A0,
    0xD9C0,0xD9A0,0xD9A0,0xD9C0,0xD1A0,0xD180,0xD1A0,0xD180,0xD160,0xD160,0xD180,0xD160,
    0xC920,0xC0E0,0xC100,0xC0C0,0xC0C0,0xC0E0,0xC0A0,0xB880,0xB8A0,0xC0C0,0xC0A0,0xC0E0,
    0xC0C0,0xB880,0xB8A0,0xC0C0,0xB8A0,0xB880,0xB880,0xB880,0xB880,0xB040,0xB040,0xB040,
    0xB880,0xB8A0,0xC0C0,0xC0E0,0xC920,0xD180,0xD160,0xD180,0xD1A0,0xD9E0,0xD9E0,0xD9C0,
    0xD180,0xD180,0xD1A0,0xD9C0,0xD1A0,0xD160,0xC940,0xC900,0xC0E0,0xC0C0,0xC0C0,0xC0A0,
    0xB880,0xB060,0xB060,0xB880,0xC0E0,0xC940,0xD180,0xD1A0,0xD180,0xC920,0xC0E0,0xC0C0,
    0xC0C0,0xC0C0,0xB8A0,0xB8A0,0xC0A0,0xB8A0,0xB8A0,0xB8A0,0xC0A0,0xC0A0,0xC0A0,0xB8A0,
    0xC0A0,0xC0A0,0xB8A0,0xB8A0,0xB8C0,0xC0C0,0xC0C0,0xC0C0,0xC0E0,0xC0E0,0xC100,0xC100,
    0xC900,0xC920,0xC920,0xC920,0xC920,0xC920,0xC920,0xC920,0xC900,0xC900,0xC100,0xC100,
    0xC900,0xC900,0xC0C0,0xB8A0,0xC0C0,0xC0C0,0xC0C0,0xC0A0,0xC0A0,0xC0A0,0xC0C0,0xC0C0,
    0xC0C0,0xC0C0,0xC0C0,0xC0C0,0xC0C0,0xC0C0,0xC0A0,0xC0C0,0xB8C0,0xC0A0,0xB8A0,0xB8A0,
    0xC0A0,0xB8A0,0xB8A0,0xB8A0,0xB8A0,0xC0C0,0xC0C0,0xC0C0,0xC0C0,0xC0E0,0xC100,0xC920,
    0xC940,0xD160,0xD1A0,0xD9C0,0xD9E0,0xDA00,0xE200,0xE220,0xE220,0xE220,0xE220,0xE200,
    0xDA00,0xDA00,0xDA00,0xD9E0,0xD9E0,0xD9C0,0xD1A0,0xD1A0,0xD9A0,0xD9C0,0xD9E0,0xD9E0,
    0xD9C0,0xD9C0,0xD1A0,0xD1A0,0xD9C0,0xD9C0,0xD9C0,0xD180,0xD160,0xC960,0xC960,0xD160,
    0xD180,0xD180,0xD1A0,0xD9C0,0xD9E0,0xD1A0,0xD180,0xD160,0xC940,0xD160,0xD1A0,0xD9C0,
    0xB880,0xB8A0,0xC0A0,0xC0A0,0xB8A0,0xC0C0,0xC0E0,0xC900,0xC0E0,0xC0E0,0xC920,0xD160,
    0xD9A0,0xD9E0,0xD180,0xC940,0xC940,0xC900,0xC0A0,0xB860,0xB020,0xA800,0xA800,0xA800,
    0xA800,0xB040,0xA820,0xA800,0xA800,0xB020,0xB020,0xB060,0xB8A0,0xC0C0,0xB880,0xB040,
    0xA800,0xA800,0xA800,0xA800,0xA800,0xA800,0xA800,0xA800,0xA000,0xA800,0xA800,0xA000,
    0xA000,0xA000,0xA800,0xA800,0xA800,0xA800,0xA800,0xA800,0xB020,0xB040,0xB020,0xB020,
    0xB020,0xB020,0xB020,0xB040,0xB060,0xB880,0xB8A0,0xB8A0,0xC0C0,0xC0E0,0xC0E0,0xC0C0,
    0xC0A0,0xB8A0,0xB880,0xB880,0xB880,0xB880,0xB860,0xB060,0xB060,0xB060,0xB060,0xB040,
    0xB040,0xB040,0xB040,0xB020,0xB020,0xB020,0xB020,0xB020,0xB020,0xB020,0xB020,0xA820,
    0xB020,0xA820,0xA800,0xA800,0xA000,0xA000,0xA000,0xA000,0xA000,0xA000,0xA000,0xA800,
    0xA820,0xB040,0xB040,0xB060,0xB060,0xB040,0xA800,0xA800,0xA800,0xA800,0xA800,0xA000,
    0xA000,0xA000,0xA000,0xA000,0xA000,0xA000,0xA000,0xA800,0xA820,0xA820,0xA820,0xA820,
    0xB040,0xB040,0xB060,0xB880,0xB880,0xC0A0,0xB8A0,0xB880,0xB040,0xA820,0xA000,0x9800,
    0x9800,0x9800,0x9800,0x9800,0x9000,0x9000,0x9000,0x9800,0x9800,0xA020,0xA020,0xA020,
    0xA000,0xA000,0xA000,0xA000,0xA800,0xA820,0xA820,0xA800,0xA800,0xA800,0xA800,0xB040,
    0xB080,0xB060,0xA860,0xA840,0xA000,0xA000,0xA000,0x9800,0x9800,0xA000,0xA800,0xA800,
    0xA800,0xA800,0xB020,0xB020,0xC0A0,0xC920,0xC920,0xC0E0,0xC0E0,0xC0E0,0xC0C0,0xC0C0,
    0xC100,0xC100,0xC920,0xD1A0,0xD9C0,0xD9C0,0xD9C0,0xE200,0xD9C0,0xD160,0xD9C0,0xE200,
    0xDA00,0xD9E0,0xD9C0,0xD9C0,0xD1A0,0xD1A0,0xD1A0,0xD9A0,0xD9A0,0xD9C0,0xD9E0,0xE220,
    0xE220,0xE200,0xE200,0xD9E0,0xD9E0,0xD9A0,0xD180,0xD160,0xD180,0xD1A0,0xD9C0,0xD9E0,
    0xD9C0,0xD180,0xC940,0xC920,0xC920,0xC960,0xD160,0xC940,0xC920,0xC920,0xC940,0xD160,
    0xD180,0xD160,0xC940,0xC900,0xC0E0,0xC0E0,0xC900,0xC920,0xC940,0xD160,0xD160,0xD160,
    0xC960,0xD160,0xD160,0xD1A0,0xD9A0,0xD9A0,0xD180,0xD180,0xD160,0xD160,0xD180,0xD9C0,
    0xE200,0xE240,0xEA60,0xEA60,0xEA60,0xEA40,0xE240,0xE220,0xE200,0xE200,0xE200,0xDA00,
    0xDA00,0xD9E0,0xD9E0,0xD9E0,0xD9E0,0xD9E0,0xD9C0,0xD9E0,0xD9C0,0xD9C0,0xD9C0,0xD9A0,
    0xD180,0xD180,0xD180,0xD160,0xC940,0xC920,0xC920,0xC100,0xC0E0,0xC0E0,0xC0E0,0xC0E0,
    0xC0E0,0xC0C0,0xC0C0,0xB8C0,0xB8C0,0xB8C0,0xC0C0,0xC0C0,0xC0E0,0xC100,0xC920,0xC920,
    0xC920,0xC920,0xC940,0xC960,0xD160,0xD1A0,0xD9A0,0xD9A0,0xD180,0xD180,0xD180,0xD1A0,
    0xD180,0xD160,0xD160,0xC940,0xC920,0xC920,0xC940,0xC960,0xC940,0xD160,0xD180,0xC920,
    0xC100,0xC0E0,0xB8A0,0xC0E0,0xC920,0xC940,0xC100,0xC900,0xC940,0xC900,0xC100,0xC900,
    0xC0E0,0xB880,0xB060,0xB040,0xB020,0xB860,0xC0C0,0xD160,0xD9E0,0xD9C0,0xD180,0xD1A0,
    0xD9E0,0xE220,0xDA00,0xD1A0,0xD160,0xC940,0xD180,0xD9C0,0xE220,0xE240,0xE220,0xD9E0,
    0xD9C0,0xD9A0,0xD1A0,0xD180,0xD160,0xC940,0xC100,0xC0E0,0xC0A0,0xB8A0,0xB880,0xB860,
    0xB040,0xB040,0xB860,0xB880,0xC0C0,0xC100,0xC100,0xC100,0xC0E0,0xC0E0,0xC0C0,0xB8A0,
    0xB8A0,0xB880,0xB880,0xB880,0xB880,0xB880,0xB880,0xB8A0,0xB8A0,0xC0A0,0xC0C0,0xC0C0,
    0xC0C0,0xC0C0,0xC0C0,0xC0C0,0xC0A0,0xC0A0,0xC0C0,0xC0A0,0xC0C0,0xC0C0,0xC0C0,0xC0C0,
    0xC0C0,0xC0C0,0xC0C0,0xC0E0,0xC0E0,0xC0E0,0xC0E0,0xC0E0,0xC0E0,0xB8A0,0xB860,0xB860,
    0xB860,0xB860,0xB860,0xB860,0xB860,0xB860,0xB860,0xB880,0xB880,0xB880,0xB880,0xB8A0,
    0xB8A0,0xB8A0,0xB8C0,0xC0C0,0xC0C0,0xC0C0,0xC0E0,0xC0E0,0xC100,0xC100,0xC900,0xC920,
    0xC920,0xC940,0xC940,0xD160,0xD160,0xD180,0xD180,0xD1A0,0xD9A0,0xD9A0,0xD1A0,0xD180,
    0xD180,0xD160,0xC940,0xC920,0xC900,0xC900,0xC100,0xC0E0,0xC0E0,0xC100,0xC0E0,0xC0E0,
    0xC0E0,0xC900,0xC900,0xC920,0xC960,0xD180,0xD180,0xD1A0,0xD180,0xD180,0xC940,0xC920,
    0xC920,0xC920,0xC900,0xC100,0xC100,0xC920,0xC940,0xD160,0xD160,0xD160,0xD180,0xD160,
    0xC940,0xC920,0xC900,0xC900,0xC100,0xC0E0,0xC0A0,0xB880,0xB840,0xB860,0xB040,0xB020,
    0xB020,0xB020,0xB020,0xA800,0xB000,0xB040,0xB040,0xB040,0xB860,0xB8A0,0xB8A0,0xB8A0,
    0xB8A0,0xB860,0xB040,0xB040,0xB020,0xB020,0xA800,0xA800,0xA800,0xA800,0xA800,0xB020,
    0xB020,0xB020,0xB020,0xB000,0xB000,0xB020,0xB040,0xB040,0xB020,0xA800,0xA800,0xA800,
    0xA800,0xA800,0xA800,0xA000,0xA000,0xA000,0xA000,0xA800,0xA800,0xA800,0xA800,0xA800,
    0xA800,0xA800,0xA800,0xA800,0xA800,0xA800,0xA800,0xA820,0xB020,0xB020,0xB020,0xB000,
    0xA800,0xA800,0xA800,0xA800,0xA800,0xA800,0xA800,0xA800,0xA800,0xA800,0xA800,0xA800,
    0xA800,0xA800,0xA800,0xA800,0xA800,0xA000,0xA000,0xA000,0xA000,0xA000,0xA000,0xA000,
    0xA000,0xA800,0xA800,0xA800,0xA800,0xA800,0xA800,0xA800,0xA800,0xA800,0xA800,0xA800,
    0xA800,0xA800,0xA800,0xA820,0xA800,0xB020,0xA820,0xB020,0xA820,0xA820,0xA820,0xA820,
    0xA820,0xA820,0xA820,0xA820,0xA820,0xA820,0xA820,0xA800,0xA000,0xA000,0xA000,0xA000,
    0xA000,0xA000,0xA000,0xA000,0xA000,0xA800,0xA800,0xA820,0xA840,0xA840,0xA840,0xA840,
    0xA820,0xA820,0xA800,0xA000,0xA000,0xA000,0xA000,0xA000,0xA000,0xA000,0xA020,0xA820,
    0xA840,0xA860,0xA860,0xA880,0xB080,0xB8A0,0xB8A0,0xC0A0,0xB880,0xB040,0xA800,0xA000,
    0xA000,0xA000,0xA000,0xA000,0xA000,0xA800,0xB020,0xB860,0xB060,0xB860,0xB880,0xC0A0,
    0xB880,0xB080,0xB060,0xB080,0xB8A0,0xB8A0,0xB8C0,0xB8E0,0xC0E0,0xC0C0,0xC0E0,0xD160,
    0xD9C0,0xE200,0xD9C0,0xD160,0xD160,0xD1A0,0xD9C0,0xD1A0,0xD160,0xC940,0xD180,0xD9E0,
    0xE200,0xD9E0,0xD1A0,0xD160,0xC920,0xC900,0xC0E0,0xC920,0xD160,0xD180,0xD180,0xD9A0,
    0xD9C0,0xD9C0,0xD9C0,0xD9A0,0xD9A0,0xD9C0,0xD9C0,0xD9C0,0xD1A0,0xD160,0xC940,0xC940,
    0xC940,0xC940,0xC960,0xD140,0xD160,0xD180,0xD180,0xD1A0,0xD9C0,0xD9E0,0xD9E0,0xD9E0,
    0xD9E0,0xD9E0,0xDA00,0xE200,0xDA00,0xDA00,0xDA00,0xE200,0xE220,0xE220,0xE240,0xE240,
    0xE220,0xE200,0xD9E0,0xD9C0,0xD1A0,0xD180,0xD160,0xC940,0xC920,0xC920,0xC920,0xC940,
    0xD160,0xD180,0xD9C0,0xD9C0,0xD9E0,0xD9E0,0xD9E0,0xD9C0,0xD9C0,0xD9C0,0xD9C0,0xD9C0,
    0xD9C0,0xD9C0,0xD9C0,0xD9C0,0xD9E0,0xD9E0,0xD9E0,0xD9E0,0xE200,0xE1E0,0xE200,0xE200,
    0xE200,0xD9E0,0xDA00,0xE200,0xE220,0xE200,0xE200,0xE200,0xE200,0xE200,0xE200,0xDA00,
    0xD9E0,0xD9E0,0xD9E0,0xD9E0,0xD9C0,0xD9C0,0xD1A0,0xD180,0xD180,0xD160,0xD160,0xC960,
    0xC940,0xC940,0xC940,0xC920,0xC920,0xC920,0xC920,0xC100,0xC100,0xC900,0xC920,0xC920,
    0xC940,0xC940,0xD160,0xC940,0xC940,0xC920,0xC900,0xC0C0,0xC0C0,0xB8A0,0xB8A0,0xB8A0,
    0xB8A0,0xC0A0,0xC0C0,0xC0E0,0xC100,0xC900,0xC0E0,0xC0C0,0xC0C0,0xC0C0,0xC0E0,0xC100,
    0xC900,0xC940,0xC920,0xC0C0,0xC0C0,0xC0C0,0xC0E0,0xC0C0,0xC0A0,0xB8A0,0xB880,0xB020,
    0xB020,0xB040,0xC0C0,0xC940,0xD180,0xD9A0,0xD9A0,0xD9A0,0xD9C0,0xD9C0,0xD9E0,0xDA00,
    0xD9E0,0xD9C0,0xD180,0xD160,0xC940,0xC920,0xC920,0xC920,0xC920,0xC920,0xC920,0xC920,
    0xC920,0xC920,0xC920,0xC900,0xC100,0xC0E0,0xC0C0,0xC0A0,0xB880,0xB880,0xB860,0xB060,
    0xB040,0xB040,0xB060,0xB860,0xB860,0xB880,0xB880,0xB880,0xB880,0xB880,0xB880,0xB860,
    0xB860,0xB040,0xB060,0xB040,0xB040,0xB040,0xB040,0xB040,0xB060,0xB060,0xB860,0xB880,
    0xB880,0xB8A0,0xC0A0,0xC0A0,0xC0A0,0xC0A0,0xC0A0,0xC8C0,0xC8C0,0xC8C0,0xC8C0,0xC8C0,
    0xC8C0,0xC8C0,0xC0C0,0xC8E0,0xC0E0,0xC0E0,0xC0E0,0xC0E0,0xC0E0,0xC100,0xC100,0xC900,
    0xC900,0xC900,0xC900,0xC920,0xC920,0xC920,0xC920,0xC920,0xC920,0xC920,0xC920,0xC920,
    0xC940,0xC920,0xC940,0xC940,0xC940,0xC920,0xC920,0xC920,0xC920,0xC920,0xC920,0xC900,
    0xC900,0xC100,0xC0E0,0xC0C0,0xC0C0,0xC0C0,0xC0C0,0xB8A0,0xC0A0,0xB8C0,0xC0A0,0xC0C0,
    0xC0C0,0xC0E0,0xC0E0,0xC100,0xC900,0xC920,0xC920,0xC940,0xD160,0xD160,0xD180,0xD180,
    0xD1A0,0xD180,0xD160,0xC940,0xC920,0xC900,0xC0E0,0xC0C0,0xB8A0,0xB880,0xB880,0xB880,
    0xB8A0,0xB8A0,0xB8A0,0xB880,0xB880,0xB860,0xB040,0xB020,0xB020,0xB040,0xB840,0xB040,
    0xB040,0xB040,0xB020,0xB020,0xB020,0xA800,0xA800,0xA800,0xB000,0xB020,0xB020,0xB020,
    0xB020,0xB020,0xB020,0xB020,0xB040,0xB040,0xB040,0xB040,0xB020,0xA800,0xA800,0xA800,
    0xA800,0xA800,0xA800,0xA800,0xA800,0xA800,0xA800,0xB020,0xB020,0xB020,0xB020,0xB020,
    0xB020,0xA800,0xA800,0xA800,0xA800,0xA800,0xA800,0xA800,0xA800,0xA800,0xA800,0xA820,
    0xA820,0xA820,0xA800,0xA800,0xA800,0xA800,0xA820,0xA800,0xA800,0xA800,0xA800,0xA800,
    0xA800,0xA800,0xA800,0xA800,0xA800,0xA800,0xA800,0xA800,0xA800,0xA800,0xA800,0xA800,
    0xA800,0xA800,0xA800,0xA000,0xA000,0xA000,0xA000,0xA800,0xA800,0xA800,0xA800,0xA820,
    0xA820,0xA820,0xA820,0xA820,0xA820,0xA820,0xA820,0xA820,0xB040,0xB040,0xB040,0xB040,
    0xB060,0xB060,0xB060,0xB860,0xB880,0xB880,0xB880,0xB880,0xB880,0xB880,0xB880,0xB880,
    0xB880,0xB880,0xB8A0,0xB8A0,0xB880,0xB880,0xB880,0xB080,0xB880,0xB880,0xB880,0xB880,
    0xB880,0xB880,0xB080,0xB060,0xB060,0xB060,0xB040,0xB040,0xB040,0xA820,0xA820,0xA820,
    0xA800,0xA800,0xA800,0xA800,0xA800,0xA800,0xA800,0xA800,0xA800,0xA820,0xB020,0xB040,
    0xB040,0xB840,0xB840,0xB860,0xB860,0xB860,0xB880,0xB880,0xB880,0xB880,0xB880,0xB860,
    0xB040,0xB020,0xA820,0xA800,0xA800,0xA800,0xA800,0xA800,0xA800,0xA000,0xA000,0xA000,
    0xA000,0xA000,0xA800,0xA800,0xA800,0xB000,0xB020,0xB040,0xB860,0xB880,0xC0A0,0xC0C0,
    0xC0E0,0xC900,0xC900,0xC900,0xC100,0xC0E0,0xC0E0,0xC0E0,0xB8A0,0xB060,0xB060,0xB860,
    0xB880,0xC0C0,0xC0E0,0xC0E0,0xC0C0,0xC0C0,0xC0E0,0xC0E0,0xC100,0xC920,0xC900,0xC0E0,
    0xC0C0,0xB8A0,0xC0A0,0xC0C0,0xC0C0,0xB8A0,0xB880,0xB880,0xB8A0,0xB8A0,0xC0C0,0xC0C0,
    0xC0E0,0xC0E0,0xC100,0xC920,0xC940,0xC940,0xC940,0xC940,0xC940,0xC940,0xC920,0xC920,
    0xC940,0xC940,0xC960,0xD160,0xD180,0xD180,0xD160,0xD160,0xD180,0xD160,0xD160,0xD160,
    0xD160,0xD180,0xD180,0xD160,0xD160,0xD180,0xD160,0xD180,0xD160,0xD180,0xD180,0xD160,
    0xD160,0xD160,0xD160,0xC940,0xC940,0xC940,0xC920,0xC900,0xC100,0xC0E0,0xC0E0,0xC0E0,
    0xC100,0xC100,0xC100,0xC920,0xC920,0xC100,0xC100,0xC100,0xC0E0,0xC0E0,0xC0E0,0xC0C0,
    0xB8A0,0xB8A0,0xB880,0xB880,0xB880,0xB860,0xB860,0xB880,0xB860,0xB860,0xB860,0xB860,
    0xB860,0xB880,0xB860,0xB880,0xB880,0xB880,0xB880,0xB880,0xB880,0xB880,0xB880,0xB880,
    0xB880,0xB880,0xB880,0xB880,0xB860,0xB860,0xB860,0xB860,0xB860,0xB860,0xB880,0xB880,
    0xB880,0xB880,0xB880,0xB880,0xB860,0xB860,0xB060,0xB060,0xB040,0xB040,0xB040,0xB040,
    0xB020,0xB020,0xB020,0xB020,0xB020,0xB020,0xB020,0xB000,0xB020,0xB020,0xB020,0xB020,
    0xB020,0xB020,0xB020,0xB040,0xB040,0xB040,0xB040,0xB040,0xB060,0xB860,0xB880,0xB880,
    0xB860,0xB040,0xB060,0xB060,0xB020,0xB840,0xB860,0xB020,0xA800,0xA800,0xA800,0xA800,
    0xB020,0xB040,0xB880,0xB8A0,0xC0E0,0xC100,0xC100,0xC0E0,0xC0E0,0xC0E0,0xC0E0,0xC0E0,
    0xC0E0,0xC0E0,0xC0C0,0xC0C0,0xC0C0,0xC0C0,0xC0C0,0xC0C0,0xC0C0,0xC0C0,0xC0C0,0xC0C0,
    0xC0C0,0xC0C0,0xC0C0,0xC0C0,0xC0C0,0xC0C0,0xC0A0,0xB8A0,0xB8A0,0xB880,0xB880,0xB880,
    0xB880,0xB860,0xB860,0xB860,0xB860,0xB860,0xB860,0xB860,0xB860,0xB860,0xB860,0xB860,
    0xB860,0xB840,0xB840,0xB040,0xB040,0xB040,0xB040,0xB040,0xB040,0xB040,0xB040,0xA040,
    0xA840,0xA040,0x9820,0x9020,0x9020,0x8020,0x8040,0x7840,0x8060,0x98A0,0xA8C0,0xB900,
    0xC920,0xC920,0xC920,0xC920,0xC920,0xC920,0xC920,0xC900,0xC900,0xC900,0xC920,0xC920,
    0xC900,0xC900,0xC900,0xC900,0xC900,0xC900,0xC900,0xC920,0xC920,0xC920,0xC920,0xC920,
    0xC920,0xC920,0xC920,0xC920,0xC920,0xC920,0xC920,0xC920,0xC920,0xC940,0xC940,0xC940,
    0xC940,0xC940,0xC960,0xD160,0xD160,0xC960,0xD160,0xD140,0xC940,0xC940,0xC940,0xC920,
    0xC920,0xC920,0xC900,0xC100,0xC0E0,0xC0E0,0xC0C0,0xB8A0,0xB8A0,0xB880,0xB880,0xB860,
    0xB860,0xB060,0xB040,0xB040,0xB040,0xB040,0xB040,0xB020,0xB020,0xB020,0xA800,0xA800,
    0xA800,0xA800,0xA800,0xA800,0xA800,0xA800,0xB000,0xB000,0xB020,0xB020,0xB020,0xB020,
    0xB060,0xB060,0xB060,0xB060,0xB040,0xB040,0xB040,0xB040,0xB040,0xB040,0xB040,0xB040,
    0xB040,0xB040,0xB040,0xB040,0xB040,0xB040,0xB040,0xB040,0xB040,0xB040,0xB020,0xB020,
    0xB020,0xB020,0xB040,0xB020,0xB020,0xB020,0xA820,0xA820,0xA820,0xA820,0xA820,0xA820,
    0xA800,0xA800,0xA800,0xA820,0xA820,0xA820,0xA820,0xA820,0xA820,0xA820,0xA820,0xA820,
    0xA820,0xA820,0xA820,0xA820,0xA820,0xA820,0xA820,0xA820,0xA820,0xA820,0xA820,0xA820,
    0xA820,0xA820,0xA820,0xA800,0xA820,0xA800,0xA800,0xA800,0xA800,0xA800,0xA800,0xA820,
    0xA820,0xA800,0xA800,0xB000,0xB020,0xA800,0xA820,0xA820,0xB020,0xB020,0xB020,0xB020,
    0xB020,0xB020,0xB020,0xB020,0xB020,0xB020,0xB020,0xB020,0xA820,0xA840,0xA840,0xA840,
    0xA840,0xB040,0xB040,0xA820,0xA820,0xB020,0xA820,0xA820,0xA820,0xA820,0xA820,0xA820,
    0xA800,0xA800,0xA800,0xA800,0xA800,0xA800,0xA800,0xA800,0xA800,0xA800,0xA800,0xA800,
    0xA800,0xA800,0xA800,0xA800,0xA800,0xA800,0xA800,0xA800,0xA820,0xA820,0xB040,0xB040,
    0xB040,0xB040,0xB040,0xB040,0xB040,0xB040,0xB040,0xB060,0xB060,0xB060,0xB060,0xB060,
    0xB060,0xB060,0xB060,0xB040,0xB040,0xA840,0xA820,0xA820,0xA820,0xA820,0xA840,0xA820,
    0xA820,0xA820,0xA820,0xA800,0xA800,0xA800,0xA800,0xA800,0xA800,0xA800,0xA800,0xA800,
    0xA820,0xA820,0xA820,0xA820,0xA820,0xA820,0xA800,0xA820,0xA820,0xA820,0xA800,0xA800,
    0xA800,0xB020,0xB060,0xB880,0xB880,0xB8A0,0xB880,0xB860,0xB860,0xB060,0xB040,0xB040,
    0xB040,0xB060,0xB060,0xB860,0xB880,0xB8A0,0xB8A0,0xB8A0,0xB8A0,0xB880,0xB880,0xB880,
    0xB880,0xB880,0xB880,0xB880,0xB880,0xB860,0xB860,0xB860,0xB860,0xB040,0xB040,0xB040,
    0xB060,0xB880,0xB8A0,0xC0C0,0xC0E0,0xC900,0xC900,0xC920,0xC940,0xC940,0xC940,0xC940,
    0xC940,0xC940,0xC920,0xC920,0xC920,0xC920,0xC920,0xC920,0xC920,0xC920,0xC920,0xC920,
    0xC920,0xC920,0xC920,0xC920,0xC920,0xC920,0xC920,0xC920,0xC920,0xC920,0xC920,0xC920,
    0xC920,0xC920,0xC920,0xC920,0xC920,0xC900,0xC900,0xC900,0xC900,0xC900,0xC100,0xC100,
    0xC100,0xC100,0xC0E0,0xC0E0,0xC100,0xC100,0xC0E0,0xC0E0,0xC0E0,0xB8C0,0xB8C0,0xB8C0,
    0xB8C0,0xB8A0,0xB8A0,0xB8A0,0xB8A0,0xB8A0,0xB8A0,0xB8A0,0xB880,0xB880,0xB880,0xB8A0,
    0xB880,0xB8A0,0xB8A0,0xB8A0,0xB880,0xB880,0xB880,0xB880,0xB880,0xB880,0xB880,0xB880,
    0xB880,0xB880,0xB880,0xB8A0,0xB8A0,0xB880,0xB880,0xB880,0xB880,0xB880,0xB880,0xB880,
    0xB860,0xB860,0xB860,0xB860,0xB860,0xB880,0xB860,0xB860,0xB860,0xB860,0xB860,0xB880,
    0xB880,0xB880,0xB880,0xB880,0xB880,0xB880,0xB880,0xB880,0xB880,0xB880,0xB880,0xB880,
    0xB880,0xB880,0xB880,0xB8A0,0xB8A0,0xB8A0,0xB8A0,0xB880,0xB880,0xB880,0xB880,0xB880,
    0xB880,0xB880,0xB880,0xB8A0,0xB8A0,0xB8A0,0xB8A0,0xB8A0,0xB8A0,0xB8A0,0xB880,0xB880,
    0xB880,0xB880,0xB880,0xB8A0,0xB880,0xB880,0xB880,0xB880,0xB880,0xB880,0xB880,0xB880,
    0xB880,0xB880,0xB880,0xB880,0xB880,0xB880,0xB880,0xB880,0xB880,0xB880,0xB8A0,0xB8A0,
    0xB8A0,0xB880,0xB880,0xB8A0,0xB880,0xB8A0,0xB8A0,0xB8A0,0xB8A0,0xB8A0,0xB8A0,0xB8A0,
    0xB880,0xB8A0,0xB8A0,0xB8A0,0xB8A0,0xB8A0,0xC0A0,0xB8A0,0xB8A0,0xB8A0,0xB8A0,0xB8A0,
    0xB8A0,0xB880,0xB880,0xB880,0xB880,0xB860,0xB080,0xA860,0xA860,0xA860,0xA060,0xA040,
    0xA040,0xA060,0xA060,0xA060,0xA060,0xA080,0xA880,0xB0A0,0xB8C0,0xB8A0,0xB880,0xB880,
    0xB880,0xB860,0xB860,0xB040,0xB040,0xB060,0xB860,0xB060,0xB060,0xB860,0xB880,0xB860,
    0xB040,0xB060,0xB060,0xB060,0xB060,0xB060,0xB060,0xB060,0xB060,0xB060,0xB060,0xB060,
    0xB060,0xB060,0xB060,0xB060,0xB060,0xB060,0xB040,0xB040,0xB040,0xB040,0xA820,0xB020,
    0xB020,0xB020,0xB020,0xA820,0xB020,0xB020,0xB020,0xB020,0xB020,0xB020,0xA820,0xA820,
    0xA820,0xA820,0xA820,0xA820,0xA820,0xA820,0xA820,0xB020,0xB020,0xB020,0xB000,0xB000,
    0xB000,0xB000,0xB000,0xB020,0xB000,0xB020,0xB020,0xB020,0xA820,0xB020,0xB020,0xB020,
    0xB040,0xB040,0xB040,0xB060,0xB060,0xB060,0xB860,0xB860,
};
