/* An equirectangular 512x256 RGB565 map, baked from moon_lroc_poles_2k.tif.
 * Made by tools/make-orb-texture.py — do not edit by hand.
 * gamma 0.9, contrast 1.1, saturation 1.0 (tools/make-orb-texture.py ADJUST). */
#pragma once
#include <stdint.h>

static const uint16_t ORB_TEX_MOON[131072] = {
    0xB595,0xB595,0xB595,0xB595,0xB595,0xB595,0xB595,0xB595,0xB595,0xB595,0xB595,0xB595,
    0xB595,0xB595,0xB595,0xB595,0xB595,0xB595,0xB595,0xB595,0xB595,0xB595,0xB595,0xB595,
    0xB595,0xB595,0xB595,0xB595,0xB595,0xB595,0xB595,0xB595,0xB595,0xB595,0xB595,0xB595,
    0xB595,0xB595,0xB595,0xB595,0xB595,0xB595,0xB595,0xB595,0xB595,0xB595,0xB595,0xB595,
    0xB595,0xB595,0xB595,0xB595,0xB595,0xB595,0xB595,0xB595,0xB595,0xB595,0xB595,0xB595,
    0xB595,0xB595,0xB595,0xB595,0xB595,0xB595,0xB595,0xB595,0xB595,0xB595,0xB595,0xB595,
    0xB595,0xB595,0xB595,0xB595,0xB595,0xB595,0xB595,0xB595,0xB595,0xB595,0xB595,0xB595,
    0xB595,0xB595,0xB595,0xB595,0xB595,0xB595,0xB595,0xB595,0xB595,0xB595,0xB595,0xB595,
    0xB595,0xB595,0xB595,0xB595,0xB595,0xB595,0xB595,0xB595,0xB595,0xB595,0xB595,0xB595,
    0xB595,0xB595,0xB595,0xB595,0xB595,0xB595,0xB595,0xB595,0xB595,0xB595,0xB595,0xB595,
    0xB595,0xB595,0xB595,0xB595,0xB595,0xB595,0xB595,0xB595,0xB595,0xB595,0xB595,0xB595,
    0xB595,0xB595,0xB595,0xB595,0xB5B5,0xB595,0xB595,0xB595,0xB595,0xB595,0xB595,0xB595,
    0xB595,0xB595,0xB595,0xB5B5,0xB5B5,0xB5B5,0xBDB5,0xBDB5,0xBDB6,0xBDB5,0xBDB5,0xBDB5,
    0xBDB5,0xBDB5,0xBDB5,0xBDB5,0xBDB5,0xBDB5,0xBDB5,0xBDB5,0xBDB5,0xBDB5,0xBDB5,0xBDB5,
    0xBDB5,0xB5B5,0xBDB5,0xB5B5,0xB5B5,0xB5B5,0xB5B5,0xB595,0xB595,0xB595,0xB595,0xB5B5,
    0xB5B5,0xB595,0xB595,0xB595,0xB595,0xB595,0xB595,0xB595,0xB595,0xB595,0xB595,0xB595,
    0xB595,0xB595,0xB595,0xB595,0xB595,0xB595,0xB595,0xB595,0xB595,0xB595,0xB595,0xB595,
    0xB595,0xB595,0xB595,0xB595,0xB5B5,0xB5B5,0xB5B5,0xB5B5,0xB595,0xB595,0xB5B5,0xB5B5,
    0xB5B5,0xBDB5,0xBDB5,0xBDB5,0xBDB5,0xB5B5,0xB5B5,0xB595,0xB595,0xB595,0xB595,0xB595,
    0xB595,0xB595,0xB595,0xB595,0xB595,0xB595,0xB595,0xB595,0xB595,0xB595,0xB595,0xB595,
    0xB595,0xB595,0xB595,0xB595,0xB595,0xB595,0xB595,0xB595,0xB595,0xB595,0xB595,0xB595,
    0xB595,0xB595,0xB595,0xB595,0xB595,0xB595,0xB595,0xB595,0xB595,0xB595,0xB595,0xB595,
    0xB595,0xB595,0xB595,0xB595,0xB595,0xB595,0xB595,0xB595,0xB595,0xB595,0xB595,0xB575,
    0xB595,0xB595,0xB595,0xB595,0xB595,0xB595,0xB575,0xB595,0xB595,0xB595,0xB595,0xB595,
    0xB595,0xB595,0xB595,0xB595,0xB595,0xB595,0xB595,0xB595,0xB595,0xB595,0xB595,0xB595,
    0xB595,0xB595,0xB595,0xB595,0xB595,0xB595,0xB595,0xB595,0xB595,0xB595,0xB595,0xB595,
    0xB595,0xB595,0xB595,0xB595,0xB595,0xB595,0xB595,0xB595,0xB595,0xB595,0xB595,0xB595,
    0xB595,0xB595,0xB595,0xB595,0xB595,0xB595,0xB595,0xB595,0xB595,0xB595,0xB595,0xB595,
    0xB595,0xB595,0xB595,0xB595,0xB595,0xB595,0xB595,0xB595,0xB595,0xB595,0xB595,0xB595,
    0xB595,0xB595,0xB595,0xB595,0xB595,0xB595,0xB595,0xB595,0xB595,0xB595,0xB595,0xB595,
    0xB595,0xB595,0xB595,0xB595,0xB595,0xB595,0xB595,0xB595,0xB595,0xB595,0xB595,0xB595,
    0xB595,0xB595,0xB595,0xB595,0xB595,0xB595,0xB595,0xB595,0xB595,0xB595,0xB595,0xB595,
    0xB595,0xB595,0xB595,0xB595,0xB595,0xB595,0xB595,0xB595,0xB595,0xB595,0xB595,0xB595,
    0xB595,0xB595,0xB595,0xB595,0xB595,0xB595,0xB5B5,0xB5B5,0xBDB5,0xBDB5,0xBDB5,0xBDB5,
    0xBDB5,0xBDB5,0xBDB5,0xBDB5,0xBDB5,0xBDB6,0xBDD6,0xBDD6,0xBDD6,0xBDD6,0xBDD6,0xBDD6,
    0xBDD6,0xBDD6,0xBDD6,0xBDD6,0xBDD6,0xBDD6,0xBDD6,0xBDD6,0xBDD6,0xBDD6,0xBDD6,0xBDD6,
    0xBDD6,0xBDD6,0xBDB6,0xBDB5,0xBDB5,0xBDB5,0xB5B5,0xB5B5,0xB5B5,0xB5B5,0xB5B5,0xB5B5,
    0xBDB5,0xBDB5,0xB5B5,0xB595,0xB595,0xB595,0xB595,0xB595,0xB595,0xB595,0xB595,0xB595,
    0xB595,0xB595,0xB595,0xB595,0xB595,0xB595,0xB595,0xB595,0xB595,0xB595,0xB595,0xB595,
    0xB595,0xB595,0xB595,0xB595,0xB595,0xB575,0xB575,0xB595,0xB595,0xB595,0xB575,0xB595,
    0xB595,0xB595,0xB575,0xB575,0xB575,0xB575,0xB575,0xB575,0xB575,0xB575,0xB575,0xB575,
    0xB575,0xB575,0xB575,0xB575,0xB575,0xB575,0xB575,0xB575,0xB575,0xB575,0xB575,0xB575,
    0xB595,0xB595,0xB595,0xB575,0xB595,0xB595,0xB595,0xB575,0xB595,0xB595,0xB595,0xB595,
    0xB595,0xB595,0xB595,0xB595,0xB595,0xB595,0xB595,0xB595,0xB595,0xB595,0xB595,0xB595,
    0xB595,0xB595,0xB595,0xB595,0xB595,0xB595,0xB595,0xB595,0xB595,0xB595,0xB595,0xB595,
    0xB595,0xB595,0xB595,0xB595,0xB595,0xB595,0xB595,0xB595,0xB595,0xB595,0xB595,0xB595,
    0xB595,0xB595,0xB595,0xB595,0xB595,0xB595,0xB595,0xB595,0xB595,0xB595,0xB595,0xB595,
    0xB595,0xB595,0xB595,0xB595,0xB595,0xB595,0xB595,0xB595,0xB595,0xB595,0xB595,0xB595,
    0xB595,0xB595,0xB595,0xB595,0xB595,0xB595,0xB595,0xB595,0xB595,0xB595,0xB595,0xB595,
    0xB595,0xB595,0xB595,0xB595,0xB595,0xB595,0xB595,0xB595,0xB595,0xB595,0xB595,0xB595,
    0xB595,0xB595,0xB595,0xB595,0xB595,0xB595,0xB595,0xB595,0xB595,0xB595,0xB595,0xB595,
    0xB595,0xB595,0xB595,0xB595,0xB595,0xB5B5,0xB595,0xB595,0xB595,0xB595,0xB595,0xB595,
    0xB595,0xB595,0xB595,0xB595,0xB595,0xB595,0xB595,0xB595,0xB595,0xB595,0xB595,0xB595,
    0xB595,0xB595,0xB595,0xB595,0xB595,0xB595,0xB595,0xB595,0xB595,0xB595,0xB5B5,0xB5B5,
    0xB5B5,0xB5B5,0xB5B5,0xB5B5,0xB5B5,0xB5B5,0xB5B5,0xB5B5,0xB5B5,0xB5B5,0xB5B5,0xB5B5,
    0xB5B5,0xBDB5,0xBDB5,0xBDB5,0xBDB5,0xBDB5,0xBDB5,0xBDB6,0xBDB6,0xBDB6,0xBDB6,0xBDB6,
    0xBDB6,0xBDB5,0xBDB6,0xBDB6,0xBDB6,0xBDB5,0xBDB5,0xBDB5,0xBDB5,0xBDB5,0xBDB5,0xBDB5,
    0xBDB5,0xBDB5,0xBDB6,0xBDB5,0xBDB5,0xBDB5,0xBDB5,0xBDB5,0xBDB5,0xB5B5,0xBDB5,0xBDB5,
    0xBDB5,0xBDB5,0xBDB5,0xBDB5,0xB5B5,0xBDB5,0xBDB5,0xBDB5,0xBDB5,0xB595,0xB595,0xB5B5,
    0xB5B5,0xB595,0xB595,0xB5B5,0xB595,0xB5B5,0xB595,0xB595,0xB595,0xB5B5,0xBDB5,0xBDB5,
    0xBDB5,0xBDD6,0xBDD6,0xBDD6,0xBDD6,0xBDB6,0xBDB6,0xBDB5,0xBDB5,0xB5B5,0xB5B5,0xB5B5,
    0xB595,0xB595,0xB595,0xB595,0xB595,0xB595,0xB595,0xB595,0xB595,0xB595,0xB595,0xB595,
    0xB595,0xB595,0xB595,0xB595,0xB595,0xB595,0xB595,0xB595,0xB595,0xB575,0xB575,0xB595,
    0xB595,0xB575,0xB575,0xB575,0xB575,0xB575,0xB575,0xB575,0xB575,0xB575,0xB575,0xB575,
    0xB575,0xB575,0xB575,0xB575,0xB575,0xB575,0xB575,0xB575,0xB575,0xB575,0xB575,0xB575,
    0xB575,0xB575,0xB575,0xB575,0xB575,0xB575,0xB575,0xB575,0xB575,0xB575,0xB575,0xB575,
    0xB575,0xB575,0xB575,0xB575,0xB575,0xB575,0xB575,0xB575,0xB575,0xB575,0xB575,0xB575,
    0xB574,0xB574,0xB574,0xB575,0xB575,0xB574,0xB574,0xB574,0xB575,0xB575,0xB575,0xB574,
    0xB574,0xB574,0xB574,0xB574,0xB574,0xB574,0xB575,0xB575,0xB575,0xB575,0xB575,0xB574,
    0xB574,0xB575,0xB574,0xB574,0xB575,0xB575,0xB575,0xB575,0xB575,0xB575,0xB575,0xB575,
    0xB575,0xB575,0xB575,0xB575,0xB575,0xB575,0xB575,0xB575,0xB575,0xB575,0xB575,0xB595,
    0xB595,0xB595,0xB595,0xB595,0xB595,0xB595,0xB595,0xB595,0xB595,0xB595,0xB595,0xB595,
    0xB595,0xB595,0xB595,0xB595,0xB595,0xB595,0xB595,0xB595,0xB595,0xB595,0xB595,0xB595,
    0xB595,0xB595,0xB5B5,0xB5B5,0xB5B5,0xB5B5,0xB595,0xB595,0xB595,0xB595,0xB595,0xB595,
    0xB595,0xB575,0xB575,0xB575,0xB595,0xB595,0xB595,0xB575,0xB575,0xB575,0xB575,0xB575,
    0xB575,0xB575,0xB575,0xB575,0xB575,0xB595,0xB595,0xB595,0xB595,0xB595,0xB595,0xB595,
    0xB595,0xB595,0xB595,0xB595,0xB595,0xB595,0xB595,0xB595,0xB595,0xB595,0xB595,0xB595,
    0xB595,0xB5B5,0xB5B5,0xBDB5,0xBDB5,0xBDB5,0xBDB5,0xBDB5,0xB5B5,0xB5B5,0xB5B5,0xB5B5,
    0xB5B5,0xB5B5,0xB595,0xB595,0xB595,0xB5B5,0xB5B5,0xB595,0xB595,0xB5B5,0xBDB5,0xBDB5,
    0xBDB5,0xBDB5,0xB5B5,0xBDB5,0xBDB5,0xBDB5,0xBDB5,0xBDB5,0xBDD6,0xBDD6,0xBDB5,0xB5B5,
    0xB595,0xB595,0xB595,0xB595,0xB595,0xB595,0xB595,0xB595,0xB595,0xB595,0xB595,0xB595,
    0xB575,0xB575,0xB595,0xB595,0xB595,0xB595,0xB575,0xB575,0xB575,0xB575,0xB595,0xB595,
    0xB595,0xB595,0xB595,0xB595,0xB595,0xB595,0xB595,0xB595,0xB595,0xB595,0xB595,0xB595,
    0xB595,0xB595,0xB595,0xB595,0xB595,0xB595,0xB595,0xB595,0xB595,0xB595,0xB575,0xB595,
    0xB595,0xB595,0xB595,0xB595,0xB595,0xB595,0xB595,0xB595,0xB595,0xB595,0xB595,0xB595,
    0xB595,0xB595,0xB595,0xB595,0xB575,0xB575,0xB595,0xB595,0xB595,0xB595,0xB595,0xB595,
    0xB595,0xB595,0xB595,0xB595,0xB595,0xB595,0xB595,0xB595,0xB595,0xB595,0xB595,0xB595,
    0xB595,0xB595,0xB595,0xB595,0xB595,0xB595,0xB595,0xB595,0xB595,0xB595,0xB595,0xB5B5,
    0xB595,0xB595,0xB595,0xB595,0xB595,0xB595,0xB595,0xB595,0xB595,0xB595,0xB595,0xB595,
    0xB595,0xB595,0xB595,0xB595,0xB595,0xB595,0xB595,0xB595,0xB595,0xB595,0xB595,0xB595,
    0xB595,0xB595,0xB595,0xB595,0xB595,0xB595,0xB595,0xB595,0xB595,0xB595,0xB595,0xB595,
    0xB595,0xB595,0xB595,0xB595,0xB595,0xB595,0xB595,0xB595,0xB595,0xB5B5,0xBDB5,0xBDB5,
    0xBDB5,0xBDB5,0xBDB5,0xBDB5,0xB595,0xB595,0xB595,0xB595,0xBDB5,0xBDB5,0xB5B5,0xB595,
    0xB595,0xB595,0xB595,0xB595,0xB595,0xB595,0xB595,0xB595,0xB575,0xB595,0xB595,0xB595,
    0xB595,0xB595,0xB595,0xB595,0xB5B5,0xB5B5,0xB595,0xB595,0xB595,0xB595,0xB595,0xB5B5,
    0xBDB5,0xBDB5,0xBDB5,0xBDB5,0xBDB5,0xBDB5,0xBDB5,0xBDB5,0xBDB5,0xBDB5,0xBDB5,0xBDB6,
    0xBDD6,0xBDB6,0xBDB5,0xBDB5,0xBDB5,0xBDB5,0xBDB5,0xBDB5,0xBDB5,0xBDB5,0xBDB5,0xBDB5,
    0xBDB5,0xBDB5,0xBDB5,0xBDB5,0xB5B5,0xB5B5,0xB5B5,0xBDB5,0xBDB5,0xBDB5,0xBDB5,0xB5B5,
    0xBDB5,0xBDB5,0xB5B5,0xB5B5,0xBDB5,0xBDB5,0xBDB5,0xBDB5,0xB5B5,0xB595,0xB595,0xB595,
    0xB595,0xB595,0xB595,0xB595,0xB5B5,0xBDB5,0xB5B5,0xBDB5,0xBDB6,0xBDD6,0xBDB5,0xBDB5,
    0xBDB5,0xB5B5,0xBDB5,0xBDB5,0xBDB5,0xBDB5,0xBDB5,0xBDB5,0xBDB5,0xBDB5,0xBDB5,0xBDB5,
    0xBDB5,0xBDB5,0xBDB5,0xBDB5,0xBDB5,0xBDD6,0xBDB6,0xB595,0xB595,0xB595,0xB595,0xB595,
    0xB595,0xB595,0xB595,0xB595,0xB5B5,0xB5B5,0xB5B5,0xB595,0xB5B5,0xB595,0xB595,0xB5B5,
    0xBDB5,0xBDD6,0xBDD6,0xBDB5,0xBDB5,0xBDB5,0xBDB5,0xBDB5,0xBDB5,0xBDD6,0xBDD6,0xB5B5,
    0xB595,0xB595,0xB595,0xB595,0xB595,0xB595,0xB595,0xB595,0xB595,0xB595,0xB595,0xB595,
    0xB595,0xB595,0xB595,0xB595,0xB595,0xB575,0xB575,0xB595,0xB595,0xB595,0xB575,0xB595,
    0xB575,0xB575,0xB595,0xB595,0xB595,0xB595,0xB595,0xB595,0xB595,0xB595,0xB595,0xB595,
    0xB595,0xB595,0xB595,0xB595,0xB575,0xB595,0xB595,0xB595,0xB595,0xB595,0xB595,0xB595,
    0xB595,0xB595,0xB595,0xB595,0xB595,0xB575,0xB575,0xB595,0xB595,0xB595,0xB595,0xB595,
    0xB595,0xB575,0xB595,0xB595,0xB575,0xB575,0xB575,0xB575,0xB575,0xB575,0xB575,0xB575,
    0xB575,0xB575,0xB575,0xB575,0xB575,0xB595,0xB595,0xB575,0xB575,0xB575,0xB575,0xB575,
    0xB575,0xB575,0xB575,0xB575,0xB595,0xB595,0xB575,0xB575,0xB575,0xB575,0xB575,0xB575,
    0xB575,0xB575,0xB575,0xB595,0xB595,0xB575,0xB575,0xB595,0xB595,0xB595,0xB595,0xB595,
    0xB595,0xB595,0xB595,0xB595,0xB595,0xB595,0xB595,0xB595,0xB595,0xB595,0xB595,0xB595,
    0xB595,0xB595,0xB595,0xB595,0xB595,0xB595,0xB595,0xB595,0xB595,0xB595,0xB595,0xB5B5,
    0xBDB5,0xBDB5,0xB5B5,0xB595,0xB595,0xB595,0xB595,0xB595,0xB595,0xB595,0xB595,0xB595,
    0xB595,0xB595,0xB595,0xB595,0xB595,0xB595,0xB595,0xB595,0xB595,0xB595,0xB595,0xB595,
    0xB595,0xB595,0xB595,0xB595,0xB595,0xB595,0xB575,0xB595,0xB595,0xB595,0xB595,0xB595,
    0xB595,0xB595,0xB595,0xB595,0xB595,0xB595,0xB595,0xB595,0xB595,0xB595,0xB595,0xB595,
    0xB595,0xB595,0xB595,0xB595,0xB595,0xB595,0xB595,0xB595,0xB595,0xB595,0xB595,0xB595,
    0xB595,0xB595,0xB595,0xB595,0xB595,0xB595,0xB595,0xB595,0xB595,0xB595,0xB595,0xB595,
    0xB595,0xB595,0xB595,0xB575,0xB575,0xB575,0xB575,0xB575,0xB575,0xB595,0xB575,0xB575,
    0xB574,0xB575,0xB575,0xB574,0xB575,0xB575,0xB595,0xB575,0xB595,0xB595,0xB595,0xB595,
    0xB595,0xB595,0xB595,0xB595,0xB595,0xB595,0xB595,0xB595,0xB595,0xB595,0xB595,0xB595,
    0xB595,0xB595,0xB595,0xB595,0xB595,0xB595,0xB575,0xB595,0xB595,0xB595,0xB595,0xB575,
    0xB595,0xB595,0xB595,0xB595,0xB595,0xB595,0xB575,0xB595,0xB595,0xB595,0xB595,0xB595,
    0xB595,0xB595,0xB595,0xB575,0xB575,0xB575,0xB575,0xB595,0xB595,0xB595,0xB595,0xB595,
    0xB595,0xB595,0xB595,0xB595,0xB595,0xB595,0xB595,0xB595,0xB595,0xB595,0xB595,0xB595,
    0xB595,0xB595,0xB595,0xB595,0xB595,0xB595,0xB595,0xB595,0xB595,0xB595,0xB595,0xB595,
    0xB595,0xB595,0xB595,0xB595,0xB595,0xB595,0xB595,0xB595,0xB595,0xB595,0xB595,0xB595,
    0xB595,0xB595,0xB595,0xB595,0xB595,0xB575,0xB595,0xB595,0xB595,0xB595,0xB595,0xB595,
    0xB5B5,0xB595,0xB595,0xB595,0xB595,0xB595,0xB5B5,0xB5B5,0xB5B5,0xB595,0xB5B5,0xB595,
    0xB595,0xB5B5,0xB595,0xB595,0xB595,0xB595,0xB595,0xB595,0xB595,0xB595,0xB595,0xB595,
    0xB595,0xB595,0xB595,0xB595,0xB595,0xB595,0xB595,0xB595,0xB595,0xB595,0xB575,0xB595,
    0xB595,0xB595,0xB595,0xB575,0xB575,0xB575,0xB575,0xB575,0xB575,0xB595,0xB575,0xB595,
    0xB595,0xB595,0xB575,0xB595,0xB595,0xB595,0xB595,0xB595,0xB595,0xB595,0xB595,0xB595,
    0xB595,0xB595,0xB595,0xB595,0xB595,0xB595,0xB575,0xB575,0xB595,0xB595,0xB595,0xB595,
    0xB595,0xB595,0xB595,0xB595,0xB595,0xB595,0xB595,0xB595,0xB5B5,0xB5B5,0xBDB5,0xB5B5,
    0xB595,0xB595,0xB595,0xB595,0xB5B5,0xB595,0xB595,0xBDB5,0xBDB5,0xBDB5,0xBDB5,0xBDB5,
    0xB5B5,0xBDB5,0xBDB5,0xB5B5,0xB5B5,0xBDB5,0xB5B5,0xB595,0xB595,0xB5B5,0xB595,0xBDB5,
    0xBDB5,0xBDB5,0xBDB5,0xBDB5,0xBDB5,0xBDB5,0xBDB5,0xBDB5,0xBDB5,0xBDB5,0xBDB5,0xBDB5,
    0xBDB5,0xB595,0xB595,0xB595,0xB595,0xB595,0xB595,0xB595,0xB595,0xB575,0xB595,0xB575,
    0xB575,0xB595,0xB595,0xB595,0xB595,0xB595,0xB595,0xB595,0xB595,0xB5B5,0xBDB5,0xB595,
    0xB595,0xB5B5,0xB595,0xB5B5,0xB5B5,0xB595,0xB595,0xB595,0xB595,0xB5B5,0xBDB5,0xBDB5,
    0xBDB5,0xBDB5,0xBDB5,0xBDB5,0xBDB5,0xBDD6,0xBDB5,0xBDB6,0xBDB5,0xBDB5,0xBDB5,0xBDD6,
    0xBDD6,0xB5B5,0xB595,0xB595,0xB5B5,0xB595,0xB595,0xB5B5,0xB5B5,0xB595,0xB595,0xB595,
    0xB595,0xB595,0xB595,0xB595,0xB595,0xB595,0xB595,0xB595,0xB595,0xB595,0xB595,0xB595,
    0xB595,0xB595,0xB595,0xB595,0xB575,0xB595,0xB575,0xB595,0xB595,0xB595,0xB575,0xB575,
    0xB575,0xB575,0xB595,0xB575,0xB575,0xB575,0xB575,0xB595,0xB595,0xB595,0xB595,0xB575,
    0xB595,0xB595,0xB595,0xB595,0xB595,0xB595,0xB595,0xB595,0xB595,0xB595,0xB595,0xB595,
    0xB595,0xB595,0xB595,0xB595,0xB595,0xB595,0xB595,0xB595,0xB595,0xB595,0xB595,0xB595,
    0xB575,0xB575,0xB595,0xB595,0xB595,0xB595,0xB595,0xB595,0xB595,0xB595,0xB595,0xB595,
    0xB595,0xB595,0xB595,0xB575,0xB575,0xB595,0xB595,0xB595,0xB595,0xB595,0xB595,0xB595,
    0xB595,0xB595,0xB595,0xB595,0xB595,0xB595,0xB595,0xB595,0xB595,0xB595,0xB595,0xB595,
    0xB595,0xB595,0xB595,0xB595,0xB595,0xB595,0xB595,0xB595,0xB595,0xB595,0xB595,0xB595,
    0xB595,0xB595,0xB595,0xB595,0xB595,0xB595,0xB595,0xB595,0xB595,0xB595,0xB595,0xB595,
    0xB595,0xB595,0xB595,0xB595,0xB595,0xB5B5,0xB595,0xB595,0xB595,0xB595,0xB595,0xB595,
    0xB595,0xB5B5,0xB595,0xB595,0xB595,0xB595,0xB595,0xB5B5,0xB5B5,0xB595,0xB595,0xB575,
    0xB575,0xB575,0xB575,0xB595,0xB575,0xB575,0xB575,0xB595,0xB595,0xB575,0xB575,0xB595,
    0xB595,0xB595,0xB595,0xB595,0xB595,0xB595,0xB595,0xB595,0xB595,0xB595,0xB595,0xB595,
    0xB595,0xB595,0xB575,0xB575,0xB595,0xB595,0xB595,0xB595,0xB595,0xB575,0xB575,0xB575,
    0xB575,0xB575,0xB575,0xB575,0xB595,0xB595,0xB595,0xB595,0xB595,0xB595,0xB595,0xB595,
    0xB595,0xB595,0xB595,0xB595,0xB595,0xB595,0xB595,0xB595,0xB595,0xB595,0xB595,0xB595,
    0xB595,0xB595,0xB595,0xB595,0xB595,0xB595,0xB595,0xB595,0xB595,0xB595,0xB595,0xB595,
    0xB595,0xB595,0xB595,0xB595,0xB595,0xB595,0xB595,0xB595,0xB595,0xB575,0xB575,0xB575,
    0xB595,0xB595,0xB595,0xB595,0xB595,0xB595,0xB595,0xB595,0xB595,0xB595,0xB595,0xB595,
    0xB595,0xB595,0xB595,0xB595,0xB595,0xB595,0xB595,0xB595,0xB595,0xB595,0xB595,0xB595,
    0xB595,0xB595,0xB575,0xB575,0xB575,0xB595,0xB575,0xB575,0xB595,0xB595,0xB595,0xB595,
    0xB595,0xB595,0xB595,0xB595,0xB595,0xB595,0xB595,0xB595,0xB595,0xB595,0xB595,0xB595,
    0xB595,0xB575,0xB575,0xB595,0xB595,0xB595,0xB595,0xB595,0xB575,0xB595,0xB595,0xB595,
    0xB595,0xB595,0xB575,0xB575,0xB595,0xB595,0xB595,0xB595,0xB575,0xB575,0xB575,0xB574,
    0xB574,0xB575,0xB575,0xB575,0xB575,0xB574,0xB574,0xB574,0xAD74,0xAD74,0xAD74,0xAD74,
    0xB574,0xB574,0xAD74,0xAD74,0xAD74,0xAD74,0xAD74,0xAD74,0xAD74,0xAD74,0xAD74,0xB574,
    0xB574,0xB574,0xB574,0xAD74,0xAD74,0xB574,0xB574,0xB574,0xB574,0xB574,0xB575,0xB575,
    0xB575,0xB575,0xB575,0xB575,0xB575,0xB575,0xB575,0xB575,0xB575,0xAD74,0xAD74,0xB574,
    0xB575,0xB575,0xB575,0xB595,0xB595,0xB595,0xB595,0xB595,0xB575,0xB595,0xB595,0xB595,
    0xB595,0xB595,0xB595,0xB595,0xB595,0xB595,0xB595,0xB595,0xB595,0xB595,0xB595,0xB595,
    0xB595,0xB595,0xB595,0xB595,0xB595,0xB595,0xB595,0xB595,0xB595,0xB595,0xB595,0xB595,
    0xB595,0xB595,0xB595,0xB595,0xB595,0xB595,0xB595,0xB575,0xB575,0xB575,0xB575,0xB575,
    0xB575,0xB574,0xB574,0xB574,0xB575,0xB575,0xB574,0xB574,0xB574,0xB575,0xB575,0xB575,
    0xB574,0xB574,0xB574,0xB574,0xB575,0xB575,0xB575,0xB575,0xB595,0xB595,0xB595,0xB595,
    0xB595,0xB595,0xB595,0xB595,0xB595,0xB595,0xB595,0xB595,0xB595,0xB595,0xB595,0xB595,
    0xB595,0xB595,0xB595,0xB595,0xB595,0xB595,0xB595,0xB595,0xB595,0xB595,0xB595,0xB595,
    0xB595,0xB595,0xB595,0xB595,0xB595,0xBDB5,0xBDD6,0xBDD6,0xBDB5,0xB595,0xB5B5,0xB5B5,
    0xB5B5,0xBDB5,0xB595,0xB595,0xB595,0xB575,0xB575,0xB575,0xB574,0xAD74,0xB575,0xB575,
    0xB575,0xB575,0xB595,0xB595,0xB595,0xB595,0xB595,0xB595,0xB595,0xB595,0xB575,0xB595,
    0xB595,0xB595,0xB595,0xB5B5,0xB595,0xB5B5,0xB5B5,0xB595,0xB5B5,0xB595,0xB595,0xB595,
    0xB5B5,0xB5B5,0xBDB5,0xBDB5,0xBDB5,0xBDB5,0xB595,0xB595,0xB595,0xB595,0xB595,0xB595,
    0xB595,0xB575,0xB595,0xB595,0xB595,0xB595,0xB575,0xB575,0xB575,0xB574,0xB575,0xB595,
    0xB595,0xB595,0xB595,0xB595,0xB595,0xB595,0xB595,0xB595,0xB595,0xB595,0xB595,0xB595,
    0xB575,0xB575,0xB595,0xB575,0xB575,0xB575,0xB575,0xB574,0xB574,0xB575,0xB575,0xB575,
    0xB575,0xB575,0xB575,0xB595,0xB595,0xB595,0xB595,0xB595,0xB595,0xB595,0xB5B5,0xBDB5,
    0xB5B5,0xB595,0xB595,0xBDB5,0xBDB5,0xBDB5,0xB595,0xB595,0xB595,0xBDB5,0xBDB5,0xBDB5,
    0xB5B5,0xB595,0xB595,0xB595,0xB595,0xB595,0xB595,0xB575,0xB575,0xB575,0xB595,0xB575,
    0xB595,0xB595,0xB595,0xB595,0xB575,0xB575,0xB575,0xB595,0xB595,0xB575,0xB575,0xB575,
    0xB595,0xB595,0xB575,0xB575,0xB595,0xB595,0xB595,0xB595,0xB595,0xB595,0xB595,0xB595,
    0xB595,0xB595,0xB595,0xB595,0xB595,0xB595,0xB595,0xB595,0xB595,0xB595,0xB595,0xB595,
    0xB595,0xB595,0xB595,0xB595,0xB595,0xB595,0xB595,0xB595,0xB595,0xB595,0xB595,0xB595,
    0xB5B5,0xB595,0xB595,0xB595,0xB595,0xB595,0xB595,0xB595,0xB5B5,0xBDB5,0xBDB5,0xBDB5,
    0xBDB5,0xB595,0xB595,0xB595,0xB595,0xB595,0xB595,0xB595,0xB595,0xB595,0xB595,0xB595,
    0xB595,0xB595,0xB595,0xB595,0xB595,0xB595,0xB595,0xB595,0xB595,0xB595,0xB595,0xB595,
    0xB595,0xB595,0xB595,0xB595,0xB595,0xB595,0xB595,0xB595,0xB595,0xB595,0xB595,0xB595,
    0xB595,0xB595,0xB595,0xB595,0xB595,0xB595,0xB595,0xB595,0xB595,0xB595,0xB595,0xB595,
    0xB595,0xB595,0xB595,0xB595,0xB595,0xB595,0xB595,0xB575,0xB575,0xB575,0xB575,0xB595,
    0xB595,0xB595,0xB595,0xB595,0xB575,0xB575,0xB595,0xB595,0xB575,0xB575,0xB575,0xB575,
    0xB595,0xB595,0xB595,0xB595,0xB575,0xB575,0xB575,0xB575,0xB575,0xB575,0xB575,0xB575,
    0xB575,0xB575,0xB575,0xB575,0xB575,0xB595,0xB595,0xB575,0xB575,0xB575,0xB595,0xB595,
    0xB595,0xB595,0xB595,0xB595,0xB595,0xB595,0xB595,0xB595,0xB595,0xB595,0xB595,0xB595,
    0xB595,0xB595,0xB595,0xB5B5,0xB595,0xB595,0xB595,0xB595,0xB595,0xB595,0xB595,0xB595,
    0xB595,0xB595,0xB595,0xB595,0xB595,0xB595,0xB595,0xB595,0xB595,0xB595,0xB595,0xB595,
    0xB595,0xB595,0xB595,0xB575,0xB595,0xB595,0xB595,0xB595,0xB595,0xB595,0xB595,0xB595,
    0xB595,0xB595,0xB595,0xB595,0xB595,0xB595,0xB595,0xB595,0xB595,0xB595,0xB595,0xB595,
    0xB595,0xB575,0xB575,0xB575,0xB595,0xB595,0xB595,0xB595,0xB595,0xB595,0xB575,0xB575,
    0xB575,0xB575,0xB575,0xB595,0xAD74,0xAD74,0xAD74,0xAD74,0xAD74,0xAD54,0xAD74,0xAD74,
    0xAD74,0xAD54,0xAD74,0xB574,0xAD74,0xAD54,0xAD54,0xAD74,0xAD74,0xAD74,0xB574,0xB574,
    0xAD74,0xAD54,0xAD74,0xAD74,0xB574,0xB574,0xB574,0xB574,0xB574,0xB574,0xB575,0xB575,
    0xB574,0xB575,0xB575,0xB574,0xB574,0xB574,0xB575,0xB575,0xB574,0xB574,0xB574,0xB575,
    0xB575,0xB575,0xB575,0xAD74,0xAD54,0xAD54,0xAD54,0xAD74,0xAD74,0xB574,0xB574,0xB575,
    0xB575,0xB575,0xB575,0xB575,0xB575,0xB575,0xB575,0xB575,0xB575,0xB575,0xB595,0xB595,
    0xB595,0xB5B5,0xB595,0xB595,0xB595,0xB595,0xB595,0xB595,0xB595,0xB595,0xBDB5,0xB5B5,
    0xB595,0xB595,0xB5B5,0xB595,0xB575,0xB575,0xB575,0xB595,0xB595,0xB595,0xB595,0xB595,
    0xB595,0xB595,0xB575,0xB575,0xB575,0xB575,0xB575,0xB595,0xB575,0xB575,0xB575,0xB574,
    0xB575,0xB575,0xB574,0xB574,0xB574,0xB574,0xB574,0xB574,0xB574,0xB574,0xB574,0xB574,
    0xB574,0xB574,0xB574,0xB575,0xB575,0xB575,0xB575,0xB575,0xB575,0xB574,0xB575,0xB575,
    0xB575,0xB575,0xB575,0xB575,0xB575,0xB575,0xB575,0xB575,0xB575,0xB595,0xB575,0xB575,
    0xB575,0xB595,0xB595,0xB595,0xB595,0xB575,0xB575,0xB575,0xB575,0xB574,0xB574,0xB575,
    0xB575,0xB575,0xB595,0xB595,0xB595,0xBDB6,0xBDD6,0xBDB5,0xBDB5,0xBDB5,0xB595,0xB595,
    0xBDB5,0xBDB5,0xB595,0xB595,0xB595,0xB595,0xBDB5,0xB5B5,0xB595,0xB595,0xB5B5,0xBDB5,
    0xB5B5,0xB595,0xB595,0xB5B5,0xB5B5,0xB595,0xB595,0xB5B5,0xBDB6,0xBDB5,0xBDB5,0xBDD6,
    0xBDB6,0xB595,0xB595,0xB595,0xB595,0xB595,0xB595,0xB595,0xB595,0xB575,0xB595,0xB595,
    0xB595,0xB595,0xB595,0xB595,0xB595,0xB595,0xB595,0xB595,0xB595,0xB595,0xB595,0xB595,
    0xB595,0xB595,0xB595,0xB595,0xB595,0xB595,0xB595,0xB595,0xB595,0xB595,0xB595,0xB595,
    0xB595,0xB595,0xB575,0xB595,0xB575,0xB575,0xB575,0xB595,0xB595,0xB595,0xB595,0xB595,
    0xB595,0xB595,0xB595,0xB575,0xB575,0xB595,0xB595,0xB595,0xB595,0xB595,0xBDB5,0xB5B5,
    0xBDB5,0xBDD6,0xBDD6,0xBDD6,0xB595,0xB595,0xB595,0xB595,0xB595,0xB575,0xB574,0xB574,
    0xAD74,0xAD54,0xAD54,0xAD74,0xAD74,0xB574,0xB574,0xB574,0xB574,0xB574,0xB574,0xAD74,
    0xAD54,0xAD54,0xAD74,0xB574,0xAD74,0xB574,0xAD74,0xAD74,0xAD74,0xAD74,0xAD74,0xB574,
    0xAD74,0xAD74,0xAD74,0xB574,0xB574,0xB574,0xB574,0xB574,0xB574,0xB575,0xB574,0xB574,
    0xB575,0xB595,0xB595,0xB575,0xB575,0xB595,0xB595,0xB595,0xB595,0xB595,0xB595,0xB595,
    0xB595,0xB595,0xB595,0xB595,0xB595,0xB595,0xBDB5,0xB5B5,0xB595,0xB595,0xB5B5,0xBDB5,
    0xB5B5,0xB595,0xB595,0xBDB5,0xB5B5,0xB595,0xB5B5,0xB595,0xBDB5,0xBDB5,0xB5B5,0xB5B5,
    0xB5B5,0xBDB5,0xB595,0xB595,0xB595,0xB595,0xB595,0xB595,0xB595,0xB595,0xB595,0xB595,
    0xB595,0xB595,0xB595,0xB595,0xB595,0xB595,0xB595,0xB595,0xB595,0xB595,0xB595,0xB595,
    0xB595,0xB595,0xB595,0xB595,0xB595,0xB595,0xB595,0xB595,0xB595,0xB595,0xB595,0xB595,
    0xB595,0xB595,0xB595,0xB595,0xB595,0xB595,0xB595,0xB595,0xB595,0xB595,0xB595,0xB595,
    0xB595,0xB595,0xB595,0xB595,0xB595,0xB595,0xB595,0xB595,0xB595,0xB595,0xB595,0xB595,
    0xB595,0xB595,0xB595,0xB595,0xB595,0xB595,0xB595,0xB595,0xB595,0xB575,0xB575,0xB574,
    0xB574,0xB575,0xB575,0xB575,0xB575,0xB574,0xB575,0xB575,0xB575,0xB575,0xB574,0xB574,
    0xB574,0xB574,0xB574,0xB574,0xB575,0xB575,0xB574,0xB574,0xB575,0xB575,0xB575,0xB574,
    0xB574,0xB575,0xB574,0xB574,0xAD74,0xB575,0xB595,0xB575,0xB575,0xB575,0xB575,0xB595,
    0xB595,0xB595,0xB595,0xB595,0xB595,0xB595,0xB595,0xB595,0xB595,0xB595,0xB595,0xB575,
    0xB595,0xB595,0xB595,0xB595,0xB595,0xB595,0xB595,0xB5B5,0xB595,0xB595,0xB595,0xB595,
    0xB595,0xB595,0xB595,0xB595,0xB595,0xB595,0xB575,0xB575,0xB595,0xB575,0xB595,0xB575,
    0xB575,0xB575,0xB575,0xB575,0xB595,0xB595,0xB595,0xB595,0xB595,0xB595,0xB595,0xB595,
    0xB595,0xB595,0xB595,0xB595,0xB595,0xB595,0xB595,0xB595,0xB595,0xB595,0xB595,0xB595,
    0xB595,0xB595,0xB595,0xB595,0xB595,0xB595,0xB595,0xB595,0xB595,0xB575,0xB574,0xAD74,
    0xB595,0xB595,0xB595,0xB595,0xB595,0xB595,0xB595,0xB595,0xB595,0xB595,0xB595,0xB595,
    0xBDB5,0xBDB5,0xB595,0xB595,0xB595,0xB595,0xB595,0xB595,0xB595,0xB595,0xB595,0xB595,
    0xB595,0xB595,0xB595,0xB595,0xB595,0xB574,0xB575,0xB575,0xB575,0xB595,0xB595,0xB595,
    0xB595,0xB595,0xB595,0xB595,0xB595,0xB575,0xB575,0xB595,0xB595,0xB595,0xB595,0xB575,
    0xB574,0xAD74,0xAD74,0xB574,0xB575,0xB575,0xB574,0xB574,0xB575,0xB595,0xB595,0xB595,
    0xB595,0xB595,0xB595,0xB595,0xB595,0xB595,0xB595,0xB595,0xBDB5,0xBDB5,0xB5B5,0xB595,
    0xB595,0xB595,0xB595,0xB5B5,0xBDD6,0xBDB5,0xBDB5,0xB5B5,0xB595,0xB595,0xB5B5,0xB595,
    0xB595,0xB595,0xB595,0xBDB5,0xBDB6,0xBDB5,0xB5B5,0xB5B5,0xB595,0xB595,0xB595,0xB595,
    0xB575,0xB575,0xB575,0xB575,0xB575,0xB574,0xB574,0xB574,0xB574,0xB574,0xB574,0xAD74,
    0xAD74,0xAD74,0xAD74,0xAD74,0xAD74,0xAD74,0xB574,0xB574,0xB574,0xB575,0xB575,0xB575,
    0xB574,0xB574,0xB575,0xB574,0xB574,0xB574,0xB574,0xB575,0xB575,0xB595,0xB575,0xB575,
    0xB575,0xB575,0xB595,0xB595,0xB595,0xB595,0xB575,0xB575,0xB575,0xB574,0xB575,0xB575,
    0xB575,0xB575,0xB575,0xB575,0xB575,0xB595,0xB595,0xB595,0xBDB5,0xB595,0xB595,0xB595,
    0xB595,0xB5B5,0xB595,0xB5B5,0xB595,0xB595,0xB595,0xB595,0xB595,0xB595,0xB595,0xB595,
    0xB595,0xB595,0xB595,0xB595,0xB595,0xB595,0xB595,0xB595,0xB595,0xB595,0xB595,0xBDB5,
    0xBDB5,0xB5B5,0xBDB5,0xBDB5,0xBDB5,0xBDB5,0xBDB5,0xBDB5,0xB5B5,0xB595,0xB595,0xB595,
    0xB595,0xB595,0xB595,0xB595,0xB595,0xB595,0xBDB5,0xBDB5,0xBDB5,0xB595,0xB595,0xB595,
    0xB595,0xB595,0xB595,0xB595,0xB595,0xB595,0xB595,0xB595,0xB595,0xB595,0xB595,0xB595,
    0xB595,0xBDB5,0xB595,0xB595,0xB595,0xB595,0xB595,0xB595,0xB595,0xB595,0xB595,0xB595,
    0xB595,0xB575,0xB575,0xB575,0xB575,0xB595,0xB595,0xB595,0xBDB5,0xBDB5,0xB595,0xB595,
    0xB5B5,0xBDD6,0xBDB6,0xBDD6,0xBDD6,0xBDD6,0xBDD6,0xBDB5,0xB5B5,0xB595,0xB574,0xB575,
    0xB575,0xB575,0xB575,0xB575,0xB575,0xB574,0xB575,0xB574,0xB574,0xAD74,0xAD74,0xAD74,
    0xAD74,0xAD74,0xAD74,0xAD74,0xAD54,0xAD74,0xAD54,0xAD54,0xAD54,0xAD54,0xAD54,0xAD74,
    0xAD74,0xAD74,0xAD74,0xAD74,0xAD74,0xAD74,0xAD74,0xAD74,0xAD74,0xAD74,0xAD74,0xB574,
    0xB574,0xB575,0xB574,0xB574,0xB575,0xB595,0xB595,0xB595,0xB595,0xB595,0xB595,0xB595,
    0xB595,0xB595,0xB595,0xB595,0xB595,0xB5B5,0xBDB5,0xBDB5,0xBDB5,0xB595,0xB595,0xB595,
    0xB595,0xB595,0xB595,0xB595,0xB595,0xB595,0xB595,0xB595,0xB595,0xB595,0xB595,0xB595,
    0xB595,0xB595,0xB595,0xB595,0xB595,0xB595,0xB595,0xB595,0xB595,0xB595,0xB595,0xB595,
    0xB575,0xB595,0xB595,0xB595,0xB595,0xB595,0xB595,0xB595,0xB595,0xB595,0xBDB5,0xBDD6,
    0xB595,0xB595,0xB595,0xB595,0xB595,0xB595,0xB595,0xBDB5,0xBDD6,0xBDF6,0xBDD6,0xBDD6,
    0xBDD6,0xBDB5,0xBDB5,0xB595,0xB595,0xB595,0xB595,0xB595,0xB595,0xB595,0xB595,0xB595,
    0xB595,0xB595,0xB595,0xB595,0xB595,0xB595,0xB595,0xB595,0xB595,0xB595,0xBDB5,0xB595,
    0xB595,0xB595,0xB595,0xB595,0xB595,0xB575,0xB575,0xB595,0xB595,0xB595,0xB595,0xB595,
    0xB595,0xB575,0xB595,0xB595,0xBDB5,0xBDB5,0xBDB5,0xB595,0xB575,0xB575,0xB575,0xB575,
    0xB574,0xB575,0xB575,0xB575,0xB575,0xB575,0xB575,0xB575,0xB575,0xB575,0xB575,0xB575,
    0xB575,0xB575,0xB575,0xB575,0xB575,0xB575,0xB595,0xB575,0xB575,0xB574,0xB574,0xB575,
    0xB575,0xB574,0xB575,0xB575,0xB575,0xB595,0xB595,0xB595,0xB595,0xB595,0xB595,0xB575,
    0xB575,0xB595,0xB595,0xB575,0xB575,0xB575,0xB575,0xB575,0xB574,0xB575,0xB575,0xB575,
    0xB575,0xB575,0xB5B5,0xB595,0xB595,0xB595,0xB595,0xBDB5,0xB5B5,0xB595,0xB595,0xB595,
    0xB595,0xB595,0xB595,0xB595,0xB595,0xB595,0xB595,0xB595,0xB595,0xB595,0xB595,0xB595,
    0xB595,0xBDB5,0xBDB5,0xB595,0xB575,0xB575,0xB595,0xB575,0xB595,0xB595,0xB575,0xB574,
    0xB595,0xB575,0xB595,0xB595,0xB595,0xB595,0xB5B5,0xB595,0xB595,0xB575,0xB575,0xB575,
    0xB595,0xB595,0xB595,0xB595,0xB575,0xB574,0xB575,0xB575,0xB575,0xB595,0xB595,0xB595,
    0xB595,0xB595,0xB5B5,0xBDD6,0xBDD6,0xBDB5,0xBDB5,0xBDB5,0xBDB5,0xBDD6,0xBDD6,0xBDD6,
    0xBDD6,0xBDD6,0xBDB5,0xBDB5,0xBDD6,0xBDB5,0xB595,0xB595,0xB595,0xB595,0xB595,0xB595,
    0xB595,0xB595,0xB595,0xB595,0xB595,0xB595,0xB595,0xB595,0xB575,0xB575,0xB575,0xB575,
    0xB595,0xB575,0xB574,0xB575,0xB595,0xB595,0xB595,0xB595,0xB595,0xB574,0xB575,0xB575,
    0xB595,0xB595,0xB575,0xB575,0xB595,0xB595,0xB595,0xBDB5,0xBDB5,0xBDB5,0xBDB5,0xBDD6,
    0xBDD6,0xBDD6,0xBDD6,0xBDD6,0xBDF6,0xBDD6,0xBDF6,0xBDD6,0xBDD6,0xBDD6,0xBDD6,0xBDB5,
    0xBDB5,0xBDB5,0xB595,0xB595,0xB595,0xB595,0xB595,0xB595,0xB595,0xB595,0xB595,0xB595,
    0xB595,0xB595,0xB575,0xB575,0xB574,0xAD74,0xAD74,0xAD74,0xAD74,0xAD54,0xAD74,0xAD74,
    0xAD74,0xAD74,0xAD54,0xAD74,0xAD74,0xB574,0xAD74,0xAD54,0xAD54,0xAD54,0xAD74,0xAD74,
    0xAD74,0xAD74,0xB574,0xB574,0xB574,0xB575,0xB574,0xB574,0xB574,0xAD74,0xAD74,0xB574,
    0xB574,0xB574,0xB574,0xB574,0xB595,0xB595,0xB575,0xB575,0xB575,0xB595,0xB595,0xB595,
    0xB595,0xB595,0xB595,0xB595,0xB595,0xB595,0xB595,0xB595,0xB595,0xB595,0xB5B5,0xB595,
    0xB595,0xB595,0xB5B5,0xBDB5,0xBDB5,0xB5B5,0xB595,0xB595,0xB595,0xB595,0xB595,0xB595,
    0xB595,0xB595,0xB595,0xB595,0xB595,0xB595,0xB595,0xB595,0xB595,0xB595,0xB595,0xB595,
    0xB595,0xB595,0xB595,0xB595,0xB595,0xB595,0xB595,0xB595,0xB595,0xB595,0xB595,0xB595,
    0xB595,0xB595,0xB595,0xB5B5,0xB595,0xB595,0xB5B5,0xBDB5,0xBDB5,0xBDB5,0xBDB5,0xB595,
    0xB595,0xB595,0xB595,0xB595,0xB595,0xB595,0xB595,0xB595,0xB595,0xBDB5,0xBDB5,0xBDB5,
    0xBDD6,0xBDD6,0xBDB5,0xB5B5,0xB595,0xB595,0xB575,0xB574,0xB574,0xB574,0xB574,0xB574,
    0xB574,0xB574,0xB574,0xB574,0xB575,0xB575,0xB595,0xB595,0xB595,0xB595,0xB595,0xB595,
    0xB595,0xBDB5,0xB5B5,0xB595,0xB595,0xB574,0xB575,0xB595,0xB595,0xB595,0xB595,0xB595,
    0xB595,0xB595,0xB595,0xB595,0xB595,0xB595,0xB595,0xB595,0xB595,0xB595,0xB595,0xB595,
    0xB595,0xB595,0xB595,0xB575,0xB575,0xB574,0xB574,0xB574,0xB574,0xAD74,0xB574,0xB574,
    0xB574,0xB575,0xB574,0xB574,0xB574,0xB575,0xB574,0xB575,0xB574,0xB574,0xB574,0xB574,
    0xB574,0xB595,0xB575,0xB574,0xB574,0xB575,0xB575,0xB575,0xB595,0xB595,0xB595,0xB595,
    0xB595,0xB595,0xB595,0xB595,0xB595,0xB595,0xB595,0xB595,0xB595,0xB595,0xB595,0xBDB5,
    0xBDB6,0xB595,0xB595,0xBDB5,0xBDD6,0xBDD6,0xBDB5,0xBDB5,0xB595,0xB595,0xB595,0xB595,
    0xB595,0xB595,0xB595,0xB595,0xB595,0xB595,0xB595,0xB595,0xB595,0xB595,0xB595,0xB595,
    0xB5B5,0xB595,0xB595,0xB595,0xB595,0xB595,0xB595,0xB575,0xB574,0xB574,0xB574,0xAD74,
    0xB574,0xB574,0xB575,0xB574,0xAD74,0xAD74,0xB574,0xB574,0xB575,0xB575,0xB575,0xB575,
    0xB575,0xB595,0xB595,0xB595,0xB5B5,0xBDB5,0xBDB5,0xBDB5,0xB5B5,0xB595,0xB595,0xB595,
    0xB595,0xB595,0xB595,0xB595,0xB595,0xB595,0xB595,0xB595,0xB595,0xB595,0xB595,0xB595,
    0xB595,0xB5B5,0xB5B5,0xB5B5,0xBDB5,0xBDD6,0xBDD6,0xB595,0xB595,0xB595,0xB595,0xB595,
    0xB595,0xB575,0xB575,0xB595,0xBDB5,0xB595,0xB575,0xB595,0xB595,0xB595,0xB595,0xB595,
    0xB595,0xB595,0xB595,0xB595,0xB575,0xB575,0xB574,0xB574,0xB574,0xB575,0xB575,0xB575,
    0xB595,0xB595,0xB575,0xB595,0xB575,0xB575,0xB575,0xB575,0xB595,0xB595,0xB595,0xB595,
    0xB575,0xB595,0xB595,0xB595,0xB595,0xB595,0xB595,0xB595,0xB595,0xB595,0xB595,0xB595,
    0xB595,0xB595,0xB595,0xB575,0xB595,0xB595,0xB575,0xB575,0xB575,0xB574,0xAD74,0xB574,
    0xB574,0xB574,0xB574,0xB574,0xB575,0xB575,0xB574,0xB574,0xAD74,0xB574,0xB595,0xB595,
    0xB595,0xB595,0xB595,0xB595,0xB595,0xB595,0xB574,0xB574,0xB574,0xB574,0xB574,0xB574,
    0xB574,0xB574,0xB574,0xB574,0xB574,0xB575,0xB595,0xB595,0xB595,0xB595,0xBDD6,0xB5B5,
    0xB595,0xB595,0xB595,0xB595,0xB575,0xB575,0xB574,0xB574,0xB574,0xB574,0xB574,0xB574,
    0xB575,0xB595,0xB575,0xB575,0xB574,0xB575,0xB574,0xB575,0xB575,0xB595,0xB595,0xB595,
    0xB595,0xB575,0xB575,0xB574,0xB574,0xAD74,0xAD74,0xAD74,0xB575,0xB574,0xB574,0xB574,
    0xB575,0xB595,0xB595,0xB595,0xB595,0xB595,0xB595,0xB595,0xB595,0xB595,0xB595,0xB595,
    0xB595,0xB595,0xB595,0xB595,0xB595,0xB595,0xB595,0xB595,0xB595,0xB595,0xB595,0xB5B5,
    0xB595,0xB595,0xB595,0xB5B5,0xB595,0xB595,0xB595,0xB595,0xB595,0xB595,0xB595,0xB595,
    0xB595,0xB595,0xB595,0xB595,0xB595,0xB595,0xB595,0xB595,0xB595,0xB5B5,0xB595,0xB5B5,
    0xB5B5,0xBDB5,0xBDB6,0xBDB6,0xBDB5,0xBDB5,0xB5B5,0xBDB5,0xB5B5,0xBDB5,0xBDB5,0xB5B5,
    0xBDB6,0xBDB5,0xBDB5,0xBDB5,0xBDD6,0xBDB5,0xB5B5,0xB595,0xB595,0xB595,0xB595,0xB5B5,
    0xB5B5,0xB595,0xB595,0xB575,0xB575,0xB575,0xB595,0xB595,0xB595,0xB595,0xB595,0xB595,
    0xB595,0xB595,0xB595,0xB595,0xB595,0xB595,0xB595,0xB595,0xB595,0xB595,0xB595,0xB595,
    0xB595,0xB595,0xB595,0xB595,0xB595,0xB595,0xB595,0xB595,0xBDB5,0xB595,0xB595,0xB595,
    0xB595,0xB595,0xB595,0xB595,0xB5B5,0xB5B5,0xB595,0xB595,0xB595,0xB595,0xB575,0xB595,
    0xB595,0xB595,0xB595,0xB595,0xB595,0xB595,0xB595,0xB5B5,0xBDB5,0xB5B5,0xB595,0xB595,
    0xB595,0xB595,0xB595,0xB595,0xB595,0xB5B5,0xB595,0xB595,0xBDB5,0xBDB5,0xBDD6,0xBDD6,
    0xBDB5,0xBDB5,0xBDB5,0xBDB5,0xBDD6,0xBDB6,0xB5B5,0xB5B5,0xBDB5,0xBDB5,0xBDB5,0xB5B5,
    0xBDB5,0xB5B5,0xBDB5,0xBDB5,0xBDB5,0xBDB5,0xBDB5,0xB5B5,0xBDB5,0xB595,0xB595,0xB595,
    0xB595,0xB595,0xB595,0xB595,0xB595,0xB595,0xB595,0xB595,0xB595,0xB595,0xBDB5,0xBDB5,
    0xBDB5,0xB595,0xB595,0xB5B5,0xB5B5,0xBDB5,0xB595,0xB595,0xB595,0xB5B5,0xB595,0xB595,
    0xB595,0xB5B5,0xB5B5,0xBDB5,0xBDB5,0xBDB5,0xBDB5,0xBDB6,0xBDB6,0xBDB5,0xBDB5,0xB5B5,
    0xB5B5,0xB595,0xB595,0xB595,0xB595,0xB595,0xB575,0xB575,0xB595,0xB595,0xB595,0xB595,
    0xB5B5,0xB595,0xB5B5,0xB5B5,0xB5B5,0xB595,0xB595,0xB595,0xB595,0xB5B5,0xB5B5,0xB595,
    0xB595,0xB595,0xB595,0xB595,0xB595,0xB595,0xBDB5,0xB595,0xB595,0xB595,0xB595,0xB575,
    0xB595,0xBDB5,0xB5B5,0xB5B5,0xBDB5,0xBDB5,0xBDB5,0xBDB5,0xBDB5,0xB595,0xB595,0xB595,
    0xB595,0xB595,0xB575,0xB595,0xB595,0xB595,0xB575,0xB574,0xB574,0xAD74,0xB574,0xB575,
    0xB574,0xB575,0xB575,0xB575,0xB575,0xB595,0xB575,0xB575,0xB575,0xB575,0xB595,0xB595,
    0xB595,0xB574,0xB575,0xB595,0xB595,0xB595,0xB595,0xB595,0xB575,0xB574,0xB575,0xB574,
    0xB574,0xB575,0xB595,0xB595,0xB595,0xB595,0xB595,0xB595,0xB595,0xB595,0xB595,0xB595,
    0xB595,0xB595,0xB595,0xB595,0xB595,0xB595,0xB595,0xB595,0xB595,0xB595,0xB595,0xB595,
    0xB595,0xB595,0xB595,0xB595,0xB575,0xB575,0xB595,0xB595,0xB595,0xB595,0xB595,0xB595,
    0xB595,0xB595,0xB595,0xB595,0xB595,0xB595,0xB595,0xB595,0xB575,0xB574,0xB574,0xB574,
    0xB574,0xB595,0xB575,0xB574,0xB575,0xB575,0xB574,0xB574,0xB595,0xB595,0xB595,0xB575,
    0xB595,0xB595,0xB595,0xB595,0xB595,0xB595,0xB595,0xB575,0xB574,0xB574,0xAD74,0xB595,
    0xB595,0xB595,0xB575,0xB595,0xB595,0xB595,0xB595,0xB595,0xB595,0xB575,0xB595,0xBDB5,
    0xB595,0xB595,0xB595,0xB595,0xB595,0xB595,0xB595,0xB595,0xB595,0xB595,0xB595,0xB595,
    0xBDB5,0xB595,0xB595,0xB595,0xB595,0xB5B5,0xB595,0xB575,0xB575,0xB595,0xB595,0xB595,
    0xB595,0xB595,0xB595,0xB575,0xB575,0xB575,0xB575,0xB595,0xB595,0xB575,0xB595,0xB595,
    0xB595,0xB595,0xB595,0xB575,0xB595,0xB595,0xB595,0xB595,0xB595,0xB595,0xB595,0xB595,
    0xB595,0xB595,0xB595,0xB595,0xB595,0xB595,0xB595,0xB595,0xB595,0xB575,0xB575,0xB575,
    0xB595,0xB595,0xB595,0xB595,0xB575,0xB575,0xB575,0xB575,0xB575,0xB595,0xB595,0xB595,
    0xB5B5,0xBDB5,0xB595,0xB595,0xB595,0xB595,0xBDB5,0xBDB5,0xB595,0xB595,0xB595,0xB595,
    0xB5B5,0xB5B5,0xB595,0xB595,0xB595,0xB595,0xB575,0xB575,0xB575,0xB595,0xB574,0xAD74,
    0xB575,0xAD74,0xAD54,0xAD54,0xAD54,0xAD54,0xB574,0xB574,0xB574,0xB575,0xB575,0xB575,
    0xB574,0xB575,0xB595,0xB595,0xB575,0xB575,0xB575,0xB575,0xB595,0xB595,0xB575,0xB575,
    0xB574,0xB574,0xB574,0xAD74,0xB574,0xAD74,0xAD74,0xAD74,0xAD74,0xAD74,0xAD74,0xB574,
    0xB595,0xB575,0xB595,0xB595,0xB595,0xB575,0xB575,0xAD74,0xAD74,0xB575,0xB574,0xAD74,
    0xB574,0xB595,0xB595,0xB595,0xB575,0xB595,0xB595,0xB595,0xB595,0xB595,0xB5B5,0xB5B5,
    0xBDB5,0xBDB5,0xB5B5,0xB595,0xB595,0xB595,0xB595,0xB595,0xBDB5,0xB5B5,0xBDB5,0xBDD6,
    0xBDD6,0xBDB5,0xB595,0xB595,0xB595,0xB595,0xB595,0xB595,0xB595,0xB595,0xB595,0xB595,
    0xB595,0xB595,0xB595,0xB5B5,0xBDB5,0xBDB6,0xBDB5,0xBDB5,0xBDB5,0xBDB5,0xBDB5,0xBDD6,
    0xBDD6,0xBDD6,0xBDD6,0xBDD6,0xBDD6,0xB595,0xB595,0xB595,0xBDB5,0xBDB5,0xB595,0xB595,
    0xB5B5,0xBDB5,0xB595,0xB595,0xBDB5,0xBDB5,0xBDB5,0xBDB6,0xB5B5,0xB595,0xB595,0xB595,
    0xB595,0xB595,0xB595,0xB595,0xB595,0xB595,0xB595,0xB5B5,0xB595,0xB595,0xB595,0xB595,
    0xB595,0xB5B5,0xB595,0xB595,0xB595,0xB595,0xB575,0xB595,0xB595,0xB595,0xB595,0xB5B5,
    0xBDB6,0xBDD6,0xBDB5,0xBDB5,0xB595,0xB595,0xB575,0xB575,0xB575,0xB575,0xB595,0xB595,
    0xB595,0xB595,0xB595,0xB595,0xB595,0xB595,0xB595,0xB595,0xB595,0xB595,0xB595,0xBDB5,
    0xBDB5,0xB5B5,0xBDB5,0xBDD6,0xBDD6,0xBDB5,0xBDB5,0xBDB5,0xBDB5,0xB5B5,0xBDB5,0xBDB5,
    0xBDB5,0xBDB5,0xBDD6,0xBDD6,0xBDD6,0xBDD6,0xBDD6,0xBDD6,0xBDB6,0xBDD6,0xBDD6,0xBDD6,
    0xBDD6,0xBDD6,0xBDD6,0xBDD6,0xBDD6,0xBDD6,0xBDD6,0xBDD6,0xBDD6,0xBDD6,0xBDD6,0xBDD6,
    0xBDD6,0xBDD6,0xBDD6,0xBDD6,0xBDD6,0xBDB6,0xBDB5,0xBDB5,0xBDB5,0xB595,0xB595,0xB595,
    0xB595,0xBDB6,0xBDD6,0xBDB5,0xB595,0xB595,0xBDB5,0xBDB5,0xB595,0xB595,0xB595,0xB595,
    0xB595,0xB595,0xB5B5,0xB5B5,0xB5B5,0xB5B5,0xB595,0xBDB5,0xBDB6,0xBDD6,0xBDB5,0xBDB5,
    0xBDD6,0xBDB6,0xBDB5,0xBDB5,0xBDB5,0xB595,0xB595,0xB595,0xB595,0xB595,0xB595,0xB5B5,
    0xBDB5,0xBDB5,0xBDB5,0xBDB5,0xB5B5,0xB595,0xB595,0xB595,0xB5B5,0xBDB5,0xBDB5,0xBDB5,
    0xBDB5,0xBDB5,0xB5B5,0xB595,0xB595,0xB595,0xB595,0xB595,0xB595,0xB595,0xB595,0xB595,
    0xB595,0xB595,0xB595,0xB595,0xB595,0xB595,0xB595,0xBDB5,0xBDD6,0xBDB6,0xBDB6,0xBDD6,
    0xBDD6,0xBDB6,0xBDB5,0xB595,0xB595,0xB595,0xB595,0xB595,0xB595,0xB595,0xB595,0xB595,
    0xB595,0xBDB6,0xB5B5,0xB595,0xB595,0xB575,0xB574,0xB574,0xB575,0xB595,0xB595,0xB595,
    0xB595,0xB595,0xB595,0xB595,0xB595,0xB595,0xB595,0xB595,0xB595,0xB5B5,0xB595,0xB595,
    0xB595,0xB595,0xB595,0xB595,0xB595,0xB595,0xB595,0xB595,0xB595,0xB5B5,0xBDD6,0xBDB5,
    0xBDB5,0xBDB5,0xBDB5,0xBDB5,0xBDB6,0xBDB5,0xBDB5,0xBDB6,0xBDB5,0xBDB5,0xBDB5,0xBDB5,
    0xBDB5,0xBDB5,0xB595,0xB5B5,0xBDB5,0xBDB5,0xBDB5,0xBDB5,0xBDB5,0xB595,0xBDB5,0xBDB5,
    0xB595,0xB595,0xB595,0xB595,0xB595,0xB595,0xB595,0xB595,0xB575,0xB575,0xB574,0xB575,
    0xB575,0xB575,0xB595,0xB595,0xB595,0xB595,0xB595,0xB595,0xB575,0xB575,0xB575,0xB575,
    0xB595,0xB575,0xB595,0xB595,0xB595,0xB595,0xB595,0xB575,0xB595,0xB595,0xB595,0xB595,
    0xB595,0xBDB5,0xBDB5,0xB595,0xB575,0xB575,0xB575,0xB575,0xB595,0xB595,0xB574,0xB574,
    0xB574,0xB575,0xB575,0xB574,0xB595,0xBDB5,0xB575,0xB575,0xB574,0xB575,0xB595,0xB595,
    0xB595,0xB575,0xB595,0xB575,0xB595,0xB595,0xB595,0xB595,0xB575,0xB595,0xB575,0xB595,
    0xB575,0xB574,0xB575,0xB5B5,0xB595,0xB595,0xB595,0xB575,0xB595,0xB595,0xB595,0xB595,
    0xB595,0xB595,0xB595,0xB595,0xB595,0xB595,0xB595,0xB595,0xB5B5,0xB595,0xB595,0xB595,
    0xB595,0xB595,0xB595,0xB595,0xB595,0xB595,0xB595,0xB595,0xB595,0xB595,0xB575,0xB575,
    0xB595,0xB595,0xB595,0xB595,0xB575,0xB575,0xB595,0xB595,0xB595,0xB595,0xB595,0xB595,
    0xB595,0xB595,0xB595,0xB595,0xB595,0xB595,0xB595,0xB595,0xB575,0xB595,0xB575,0xB575,
    0xB575,0xB575,0xB595,0xB574,0xB575,0xB595,0xB595,0xB595,0xB595,0xB595,0xB595,0xB595,
    0xB595,0xB595,0xB575,0xB595,0xB595,0xB575,0xB575,0xB575,0xB595,0xB595,0xB575,0xB574,
    0xB574,0xB575,0xB574,0xB574,0xB574,0xB575,0xB595,0xB595,0xB575,0xB575,0xB575,0xB574,
    0xB574,0xB574,0xB574,0xB575,0xB575,0xB595,0xB595,0xB595,0xB575,0xB595,0xB595,0xB575,
    0xB575,0xB575,0xB575,0xB575,0xB575,0xB595,0xB595,0xB575,0xB574,0xB575,0xB575,0xB575,
    0xB575,0xB595,0xB595,0xB575,0xB575,0xB595,0xB575,0xB575,0xB575,0xB575,0xB575,0xB595,
    0xB575,0xB575,0xB574,0xB575,0xB574,0xB575,0xB595,0xB595,0xB595,0xB595,0xB595,0xB595,
    0xB575,0xB595,0xB595,0xB595,0xB595,0xB595,0xB595,0xB595,0xB595,0xB595,0xB595,0xB595,
    0xBDB5,0xBDD6,0xBDD6,0xBDD6,0xBDD6,0xBDD6,0xC5F6,0xBDF6,0xBDD6,0xBDD6,0xBDD6,0xBDD6,
    0xBDD6,0xC5F6,0xBDF6,0xBDD6,0xBDD6,0xBDD6,0xBDD6,0xBDD6,0xBDB5,0xBDB5,0xBDD6,0xBDD6,
    0xBDD6,0xBDD6,0xBDD6,0xBDB5,0xBDB5,0xBDB5,0xBDB5,0xBDB5,0xBDB5,0xBDB5,0xB595,0xBDB5,
    0xBDB5,0xB595,0xBDB5,0xBDB5,0xB5B5,0xBDB5,0xBDB5,0xBDB5,0xBDB5,0xBDB5,0xB595,0xB595,
    0xB595,0xB595,0xB595,0xB595,0xB595,0xB595,0xB595,0xB595,0xB595,0xB595,0xB595,0xB595,
    0xB575,0xB575,0xB575,0xB595,0xB595,0xB595,0xB595,0xB595,0xB595,0xB595,0xB595,0xB595,
    0xB595,0xB595,0xB575,0xB595,0xB574,0xB574,0xB575,0xB574,0xAD74,0xAD74,0xB574,0xB575,
    0xB575,0xB575,0xB595,0xB595,0xB595,0xBDB5,0xC5F7,0xBDF6,0xBDD6,0xBDD6,0xBDB5,0xBDB5,
    0xBDB5,0xBDB6,0xBDD6,0xBDB5,0xBDB5,0xBDB5,0xBDB6,0xBDB5,0xBDB6,0xBDD6,0xBDD6,0xBDD6,
    0xBDD6,0xBDD6,0xBDD6,0xBDD6,0xBDD6,0xBDF6,0xC5F6,0xC617,0xBDF6,0xBDD6,0xBDD6,0xBDD6,
    0xC617,0xC637,0xC617,0xC617,0xBDF6,0xBDF6,0xBDF6,0xBDD6,0xBDD6,0xBDD6,0xBDD6,0xBDD6,
    0xBDD6,0xBDD6,0xBDD6,0xBDB5,0xBDB5,0xBDB5,0xBDB5,0xBDB5,0xBDD6,0xBDD6,0xBDB5,0xB5B5,
    0xBDB5,0xBDB5,0xB595,0xBDD6,0xBDD6,0xBDB5,0xB5B5,0xB5B5,0xBDB5,0xBDD6,0xBDD6,0xBDB5,
    0xB5B5,0xBDB5,0xBDB5,0xBDB5,0xBDD6,0xBDD6,0xBDD6,0xBDD6,0xBDD6,0xBDD6,0xBDD6,0xBDB5,
    0xBDB5,0xBDD6,0xBDD6,0xBDB5,0xBDB6,0xBDB5,0xBDB5,0xBDB5,0xBDB5,0xBDD6,0xBDD6,0xBDD6,
    0xBDD6,0xBDD6,0xBDB6,0xB5B5,0xBDB5,0xB595,0xB595,0xB595,0xB595,0xB595,0xB595,0xB595,
    0xB595,0xB595,0xB595,0xB595,0xB595,0xB595,0xB595,0xB595,0xB595,0xB595,0xB595,0xB595,
    0xB595,0xB595,0xB595,0xBDD6,0xBDD6,0xBDB6,0xBDB5,0xBDB5,0xB5B5,0xB595,0xB595,0xB595,
    0xB595,0xB595,0xB595,0xB595,0xB595,0xB5B5,0xBDB5,0xBDB5,0xBDB5,0xBDB5,0xBDB5,0xBDB5,
    0xBDB5,0xB5B5,0xBDB5,0xBDB5,0xBDD6,0xBDD6,0xBDD6,0xBDB5,0xBDB5,0xBDB5,0xBDB5,0xBDB5,
    0xBDB5,0xBDD6,0xBDD6,0xBDD6,0xBDD6,0xBDD6,0xBDD6,0xBDD6,0xBDD6,0xBDD6,0xBDD6,0xBDD6,
    0xBDD6,0xBDB6,0xBDD6,0xBDD6,0xBDD6,0xBDB5,0xBDD6,0xBDD6,0xBDD6,0xBDD6,0xBDD6,0xBDD6,
    0xBDD6,0xBDB5,0xBDB5,0xBDB5,0xBDB5,0xB5B5,0xBDB5,0xB595,0xBDB5,0xB5B5,0xBDB5,0xB595,
    0xB595,0xB595,0xB595,0xB5B5,0xBDB5,0xB5B5,0xB5B5,0xBDD6,0xBDB5,0xBDB5,0xBDD6,0xBDB5,
    0xBDB5,0xB5B5,0xB595,0xB595,0xB595,0xB595,0xB595,0xB575,0xB595,0xB575,0xB595,0xB595,
    0xB5B5,0xBDB5,0xB595,0xB595,0xB595,0xB575,0xB575,0xB575,0xB575,0xB595,0xB595,0xAD74,
    0xB575,0xB595,0xBDB5,0xBDD6,0xBDB5,0xBDB6,0xB595,0xB595,0xBDB5,0xBDB5,0xB595,0xB595,
    0xB595,0xB595,0xB575,0xB575,0xB595,0xB595,0xB595,0xB575,0xB595,0xB595,0xB595,0xB595,
    0xBDB5,0xB5B5,0xB595,0xBDB5,0xB595,0xB595,0xBDB5,0xB595,0xB5B5,0xB5B5,0xB5B5,0xB595,
    0xB595,0xB595,0xB595,0xB595,0xB595,0xB595,0xB595,0xB575,0xB575,0xB575,0xB595,0xB595,
    0xB595,0xB595,0xB595,0xB595,0xB5B5,0xBDB5,0xB5B5,0xB595,0xB595,0xB595,0xB595,0xB595,
    0xB595,0xBDB5,0xBDB5,0xBDB5,0xBDB5,0xBDB5,0xBDB5,0xBDD6,0xBDD6,0xBDD6,0xBDD6,0xBDD6,
    0xBDB5,0xBDB5,0xBDB5,0xB595,0xB595,0xBDB5,0xBDD6,0xB595,0xB595,0xB595,0xB595,0xB595,
    0xB575,0xB575,0xB575,0xB595,0xB595,0xB595,0xB595,0xB595,0xB595,0xB595,0xB575,0xB595,
    0xB595,0xB595,0xB595,0xB595,0xB5B5,0xB595,0xB595,0xB595,0xB595,0xB595,0xB595,0xB595,
    0xB595,0xB595,0xB595,0xB595,0xB595,0xB595,0xB575,0xB595,0xB595,0xB575,0xB575,0xB595,
    0xB595,0xB575,0xB575,0xB595,0xB595,0xB595,0xBDD6,0xBDD6,0xBDD6,0xBDD6,0xBDD6,0xBDD6,
    0xBDD6,0xBDB5,0xBDB5,0xB5B5,0xBDB5,0xBDB5,0xB595,0xB595,0xB595,0xB595,0xB595,0xB595,
    0xB595,0xB595,0xB595,0xB595,0xB595,0xB595,0xB595,0xB595,0xB575,0xAD74,0xAD74,0xAD74,
    0xAD74,0xAD74,0xB574,0xB574,0xB574,0xB575,0xB595,0xB595,0xB595,0xB595,0xB595,0xBDB6,
    0xBDB5,0xB595,0xB595,0xB595,0xB595,0xB5B5,0xB575,0xB574,0xB574,0xB575,0xB575,0xB575,
    0xB595,0xB595,0xB595,0xBDB5,0xBDD6,0xBDD6,0xBDD6,0xBDD6,0xBDB5,0xB595,0xB595,0xB5B5,
    0xB595,0xB595,0xB595,0xBDB5,0xBDB5,0xBDB5,0xBDD6,0xBDD6,0xBDD6,0xC5F7,0xC5F6,0xBDD6,
    0xBDD6,0xBDB5,0xBDD6,0xBDD6,0xBDD6,0xBDD6,0xBDD6,0xBDD6,0xC617,0xC617,0xC617,0xBDF6,
    0xBDF6,0xBDD6,0xBDD6,0xBDD6,0xBDD6,0xBDF6,0xC5F6,0xC5F7,0xC5F6,0xBDD6,0xC5F7,0xBDD6,
    0xBDD6,0xBDD6,0xBDB6,0xBDB5,0xBDB5,0xB5B5,0xB595,0xBDB5,0xBDB5,0xBDB5,0xB595,0xB595,
    0xB595,0xB595,0xB595,0xB595,0xB595,0xB595,0xB595,0xB595,0xB575,0xB575,0xB595,0xB5B5,
    0xBDB5,0xB5B5,0xB595,0xAD54,0xAD54,0xAD54,0xAD74,0xB575,0xB574,0xAD74,0xAD74,0xAD74,
    0xB595,0xBDD6,0xBDD6,0xBDB5,0xB595,0xB5B5,0xB595,0xB595,0xB595,0xB575,0xB595,0xB5B5,
    0xB575,0xB574,0xAD74,0xAD54,0xB595,0xBDB5,0xB595,0xB5B5,0xBDB5,0xB5B5,0xB595,0xB595,
    0xB5B5,0xB5B5,0xBDB5,0xBDB6,0xBDB5,0xBDB6,0xB595,0xB595,0xB595,0xB595,0xB595,0xB5B5,
    0xBDB5,0xB5B5,0xB595,0xB5B5,0xB5B5,0xBDB5,0xBDD6,0xBDD6,0xBDF6,0xC5F6,0xC5F7,0xC5F6,
    0xC5F6,0xC5F6,0xC5F6,0xC617,0xBDD6,0xBDD6,0xBDD6,0xBDB5,0xBDD6,0xBDF6,0xBDD6,0xBDD6,
    0xBDD6,0xBDD6,0xBDD6,0xBDD6,0xBDD6,0xBDD6,0xBDB6,0xBDB5,0xBDB5,0xBDB6,0xBDD6,0xBDB5,
    0xBDD6,0xBDD6,0xBDD6,0xBDD6,0xBDD6,0xBDB6,0xBDB5,0xBDB5,0xB5B5,0xB595,0xB5B5,0xB595,
    0xB595,0xBDB5,0xBDB6,0xBDB5,0xBDB6,0xBDB6,0xBDB5,0xBDD6,0xBDD6,0xBDD6,0xBDD6,0xBDD6,
    0xBDD6,0xBDD6,0xBDD6,0xBDD6,0xBDD6,0xBDD6,0xBDB5,0xBDB5,0xBDB6,0xBDB5,0xBDD6,0xBDD6,
    0xBDD6,0xBDD6,0xBDD6,0xBDD6,0xBDD6,0xBDD6,0xBDD6,0xBDD6,0xBDD6,0xBDD6,0xBDB6,0xBDD6,
    0xBDD6,0xBDD6,0xBDD6,0xBDB5,0xBDB5,0xBDB5,0xB595,0xB595,0xB595,0xB595,0xB595,0xB595,
    0xB595,0xB575,0xB595,0xB595,0xB595,0xB595,0xB5B5,0xB595,0xB595,0xB575,0xB595,0xB5B5,
    0xB5B5,0xB595,0xB595,0xB5B5,0xB5B5,0xB595,0xB595,0xB595,0xB5B5,0xB595,0xB595,0xB595,
    0xB595,0xB595,0xBDB5,0xBDB5,0xBDB5,0xBDB5,0xBDB5,0xBDB5,0xBDB5,0xBDB5,0xBDB5,0xBDD6,
    0xBDB6,0xBDD6,0xBDD6,0xBDD6,0xBDD6,0xBDD6,0xBDD6,0xBDD6,0xBDD6,0xBDD6,0xBDD6,0xBDD6,
    0xBDD6,0xBDD6,0xBDD6,0xBDD6,0xBDD6,0xBDF6,0xC5F6,0xC5F6,0xC5F6,0xC5F7,0xC5F6,0xC5F6,
    0xBDF6,0xBDD6,0xBDD6,0xBDD6,0xBDD6,0xBDD6,0xC5F6,0xBDD6,0xBDD6,0xBDD6,0xBDD6,0xBDD6,
    0xBDD6,0xBDD6,0xBDD6,0xBDD6,0xBDD6,0xBDB5,0xB595,0xB595,0xB575,0xB595,0xB595,0xB575,
    0xB595,0xB595,0xB595,0xB595,0xBDB5,0xBDB5,0xBDD6,0xBDB5,0xB595,0xB595,0xB595,0xB595,
    0xB595,0xB595,0xB595,0xB595,0xB595,0xB595,0xB595,0xB595,0xB595,0xB5B5,0xB5B5,0xBDB5,
    0xBDB5,0xB595,0xB595,0xB595,0xB595,0xB595,0xB595,0xB595,0xB595,0xBDB5,0xB595,0xB595,
    0xBDB5,0xBDD6,0xBDD6,0xBDD6,0xB5B5,0xBDB5,0xBDB5,0xBDB5,0xBDB5,0xBDB5,0xB595,0xB595,
    0xB595,0xB595,0xB595,0xB595,0xB595,0xB595,0xB595,0xB595,0xB575,0xB595,0xB595,0xB575,
    0xB575,0xB595,0xB595,0xB595,0xB595,0xB595,0xB595,0xB595,0xB595,0xB595,0xB5B5,0xBDB5,
    0xB5B5,0xB595,0xB595,0xB5B5,0xBDB5,0xBDB5,0xBDB5,0xB5B5,0xB595,0xB5B5,0xBDB5,0xBDB5,
    0xBDB5,0xBDB5,0xBDB5,0xBDB5,0xBDB6,0xBDB5,0xB5B5,0xB595,0xB5B5,0xBDD6,0xBDD6,0xBDB5,
    0xBDD6,0xBDD6,0xBDB5,0xBDB5,0xBDB5,0xBDB6,0xBDB6,0xBDB5,0xBDB5,0xBDB5,0xB5B5,0xB595,
    0xB595,0xB595,0xB595,0xB595,0xB595,0xB595,0xBDB5,0xBDB5,0xB595,0xB595,0xB575,0xB595,
    0xB595,0xB575,0xB595,0xB595,0xB595,0xB595,0xB595,0xB595,0xB595,0xB595,0xBDD6,0xBDB5,
    0xB5B5,0xBDD6,0xBDD6,0xBDB5,0xB5B5,0xB595,0xBDB5,0xBDB5,0xB5B5,0xB595,0xB595,0xB595,
    0xB595,0xBDB5,0xB5B5,0xB595,0xB595,0xB595,0xB5B5,0xB595,0xB595,0xB595,0xB595,0xB595,
    0xBDB5,0xBDD6,0xBDF6,0xC5F6,0xC5F7,0xC5F6,0xBDF6,0xBDD6,0xBDD6,0xBDB5,0xB595,0xB595,
    0xBDB5,0xB5B5,0xB595,0xB5B5,0xBDB5,0xBDD6,0xBDD6,0xBDD6,0xB595,0xB595,0xB595,0xB595,
    0xB595,0xB595,0xB595,0xB595,0xB595,0xB595,0xB595,0xB595,0xB595,0xBDB5,0xB595,0xB575,
    0xB5B5,0xB595,0xB595,0xB595,0xB575,0xB575,0xB595,0xB595,0xB595,0xBDB5,0xB5B5,0xB595,
    0xB595,0xB595,0xB574,0xB574,0xB574,0xB575,0xB595,0xB595,0xB595,0xB595,0xBDB5,0xBDB5,
    0xBDD6,0xBDD6,0xBDD6,0xBDD6,0xBDB5,0xB5B5,0xB5B5,0xBDB5,0xB5B5,0xBDB5,0xBDB5,0xBDD6,
    0xBDB5,0xBDB5,0xBDB5,0xB5B5,0xB595,0xB595,0xB5B5,0xB595,0xB595,0xBDB5,0xBDD6,0xBDD6,
    0xBDD6,0xBDD6,0xBDD6,0xBDD6,0xBDD6,0xBDD6,0xBDD6,0xBDD6,0xBDD6,0xBDD6,0xBDD6,0xBDD6,
    0xBDD6,0xBDD6,0xBDD6,0xBDD6,0xBDD6,0xBDD6,0xBDD6,0xBDB5,0xB595,0xB595,0xB5B5,0xB5B5,
    0xB595,0xBDB5,0xBDB5,0xB595,0xB595,0xB575,0xB575,0xB575,0xB575,0xB595,0xB574,0xB574,
    0xB595,0xB595,0xB595,0xB575,0xB595,0xB595,0xB595,0xB595,0xB595,0xB595,0xB595,0xB575,
    0xB575,0xAD74,0xAD74,0xB574,0xB574,0xB574,0xB575,0xB595,0xB595,0xBDB5,0xBDB6,0xBDB5,
    0xBDB5,0xB5B5,0xBDB5,0xBDB5,0xBDB5,0xBDB5,0xB595,0xB595,0xB595,0xB575,0xB595,0xB5B5,
    0xB595,0xB575,0xB595,0xBDB5,0xB595,0xB595,0xB595,0xB595,0xB595,0xB5B5,0xBDB5,0xBDB6,
    0xBDD6,0xBDD6,0xBDD6,0xBDD6,0xBDD6,0xBDD6,0xBDD6,0xBDD6,0xC5F7,0xC617,0xBDF6,0xC5F7,
    0xC5F7,0xBDD6,0xC5F6,0xBDF6,0xBDD6,0xBDD6,0xBDD6,0xBDD6,0xBDD6,0xBDD6,0xBDD6,0xBDD6,
    0xBDD6,0xBDD6,0xBDD6,0xBDB5,0xBDB5,0xB5B5,0xB5B5,0xBDB5,0xBDD6,0xBDD6,0xBDD6,0xBDD6,
    0xBDD6,0xBDD6,0xBDD6,0xBDD6,0xBDD6,0xBDD6,0xBDB5,0xBDB5,0xBDB6,0xBDB6,0xBDD6,0xBDB5,
    0xBDB6,0xBDD6,0xBDB5,0xBDD6,0xBDD6,0xBDB5,0xBDB5,0xB5B5,0xBDB5,0xBDD6,0xBDD6,0xB5B5,
    0xBDB5,0xBDB5,0xBDB5,0xBDB6,0xBDD6,0xBDD6,0xBDD6,0xBDD6,0xBDB6,0xBDD6,0xBDD6,0xBDD6,
    0xBDD6,0xBDD6,0xBDD6,0xBDD6,0xBDD6,0xBDD6,0xBDF6,0xBDF6,0xBDD6,0xBDD6,0xBDD6,0xBDD6,
    0xBDD6,0xBDD6,0xBDD6,0xBDD6,0xBDF6,0xBDD6,0xBDD6,0xBDD6,0xBDD6,0xBDD6,0xBDD6,0xBDD6,
    0xBDD6,0xBDD6,0xBDD6,0xBDD6,0xBDB5,0xB595,0xB595,0xB595,0xB595,0xB5B5,0xBDB5,0xB595,
    0xB595,0xB595,0xB5B5,0xBDB5,0xB595,0xB595,0xB595,0xB595,0xB595,0xB595,0xB595,0xB595,
    0xB595,0xB595,0xB595,0xB595,0xB595,0xB5B5,0xBDB5,0xB5B5,0xBDB5,0xBDD6,0xBDD6,0xBDD6,
    0xBDD6,0xBDD6,0xBDD6,0xBDD6,0xBDD6,0xBDD6,0xBDB5,0xBDB5,0xBDD6,0xBDD6,0xBDD6,0xBDD6,
    0xBDD6,0xBDD6,0xBDD6,0xBDD6,0xBDF6,0xC5F6,0xBDF6,0xBDD6,0xC5F6,0xC5F6,0xC5F7,0xBDD6,
    0xBDD6,0xBDD6,0xBDD6,0xBDD6,0xBDD6,0xBDD6,0xBDD6,0xBDD6,0xBDF6,0xBDF6,0xBDD6,0xBDD6,
    0xBDD6,0xBDD6,0xBDD6,0xBDD6,0xBDD6,0xBDD6,0xBDD6,0xBDB5,0xBDB5,0xBDB5,0xBDD6,0xBDD6,
    0xBDD6,0xBDD6,0xBDB5,0xBDB5,0xB595,0xB595,0xB595,0xBDB5,0xBDD6,0xBDD6,0xB595,0xB595,
    0xB595,0xB595,0xB595,0xB595,0xB595,0xB575,0xB595,0xB595,0xB595,0xB595,0xB595,0xB595,
    0xB595,0xBDB5,0xB595,0xB595,0xB575,0xB574,0xB574,0xB574,0xB574,0xB595,0xB595,0xB595,
    0xB595,0xB595,0xB595,0xBDB5,0xB5B5,0xB595,0xB595,0xB595,0xB595,0xBDB5,0xBDB5,0xB5B5,
    0xB595,0xB575,0xB575,0xB595,0xB595,0xBDB5,0xBDB5,0xB5B5,0xBDB5,0xBDB5,0xB595,0xBDD6,
    0xBDB5,0xB595,0xB595,0xBDB5,0xB595,0xB595,0xB595,0xB595,0xB595,0xB595,0xB595,0xB595,
    0xB595,0xB595,0xB595,0xB595,0xB595,0xB595,0xBDB5,0xBDB5,0xBDB5,0xBDB6,0xBDD6,0xBDD6,
    0xBDD6,0xBDD6,0xBDD6,0xBDD6,0xBDD6,0xBDD6,0xBDD6,0xBDB6,0xBDD6,0xBDD6,0xBDD6,0xBDD6,
    0xBDB5,0xBDB5,0xBDD6,0xBDD6,0xBDD6,0xBDD6,0xBDD6,0xBDD6,0xBDD6,0xBDD6,0xBDD6,0xBDD6,
    0xBDD6,0xBDD6,0xBDD6,0xBDD6,0xBDD6,0xBDB5,0xBDB5,0xB5B5,0xB5B5,0xB595,0xB595,0xB595,
    0xB595,0xB5B5,0xBDB6,0xBDD6,0xBDB5,0xBDB5,0xB595,0xB595,0xB595,0xB575,0xB595,0xB595,
    0xB595,0xB595,0xB595,0xB5B5,0xB595,0xB595,0xBDB5,0xB595,0xB595,0xBDB5,0xB595,0xB595,
    0xB595,0xB595,0xBDB5,0xB5B5,0xBDB5,0xB5B5,0xB5B5,0xB595,0xB595,0xBDB5,0xBDB5,0xBDD6,
    0xBDD6,0xBDD6,0xBDD6,0xBDD6,0xBDD6,0xBDB5,0xBDD6,0xBDB5,0xBDB5,0xBDD6,0xBDB5,0xBDB5,
    0xB595,0xB595,0xB595,0xB595,0xB595,0xB595,0xB595,0xB5B5,0xB595,0xB595,0xB595,0xBDB5,
    0xB595,0xB595,0xB595,0xB595,0xB595,0xB595,0xB595,0xB595,0xB595,0xB595,0xB595,0xB595,
    0xBDB5,0xBDD6,0xBDD6,0xBDD6,0xBDD6,0xBDD6,0xBDB5,0xB595,0xB574,0xB575,0xB575,0xAD74,
    0xAD74,0xB575,0xAD74,0xAD74,0xAD74,0xAD74,0xB575,0xAD54,0xAD54,0xAD74,0xB575,0xB575,
    0xB575,0xB595,0xB595,0xB595,0xB595,0xB595,0xB575,0xB595,0xB595,0xB595,0xB595,0xB595,
    0xB5B5,0xBDB5,0xB595,0xB595,0xBDB5,0xBDB5,0xBDB5,0xBDB5,0xBDB5,0xBDD6,0xBDD6,0xBDD6,
    0xBDD6,0xBDB5,0xBDB5,0xBDD6,0xBDD6,0xBDD6,0xBDD6,0xBDB6,0xBDB5,0xBDB5,0xBDB5,0xBDD6,
    0xBDD6,0xBDD6,0xBDD6,0xBDD6,0xBDD6,0xBDD6,0xBDB5,0xBDB5,0xBDB5,0xBDB5,0xBDB6,0xBDD6,
    0xBDD6,0xBDB5,0xB5B5,0xB595,0xB595,0xB595,0xB595,0xB595,0xB595,0xB595,0xB595,0xB595,
    0xB595,0xB595,0xB575,0xB595,0xB595,0xB595,0xB595,0xB575,0xB575,0xB595,0xB575,0xB595,
    0xB595,0xB595,0xB595,0xB575,0xB575,0xB575,0xB595,0xB595,0xB595,0xB595,0xB595,0xB5B5,
    0xB5B5,0xB595,0xB595,0xB5B5,0xB575,0xB575,0xB595,0xB595,0xB595,0xB595,0xB595,0xBDB5,
    0xBDB5,0xB5B5,0xB595,0xB5B5,0xB595,0xB595,0xB575,0xB595,0xB575,0xB575,0xB595,0xB595,
    0xB595,0xB595,0xB595,0xB595,0xB575,0xB595,0xBDB5,0xBDD6,0xBDD6,0xBDD6,0xBDD6,0xBDF6,
    0xBDF6,0xC617,0xC617,0xC617,0xC5F7,0xC617,0xC617,0xC5F7,0xC5F6,0xC5F6,0xC5F6,0xC5F6,
    0xC5F6,0xBDF6,0xBDD6,0xBDD6,0xBDD6,0xBDF6,0xBDD6,0xC5F6,0xC5F7,0xC5F7,0xC5F7,0xC617,
    0xC5F7,0xBDF6,0xC5F6,0xC5F7,0xBDD6,0xBDD6,0xBDF6,0xC5F6,0xBDF6,0xBDF6,0xC5F6,0xC5F7,
    0xC5F6,0xC5F7,0xC5F6,0xC5F6,0xBDF6,0xBDD6,0xBDD6,0xBDD6,0xBDD6,0xBDD6,0xC5F6,0xBDD6,
    0xB595,0xB595,0xBDD6,0xBDD6,0xBDD6,0xBDD6,0xBDD6,0xBDD6,0xBDD6,0xBDD6,0xBDD6,0xBDD6,
    0xBDD6,0xBDD6,0xBDD6,0xBDD6,0xBDD6,0xBDD6,0xBDF6,0xBDD6,0xBDD6,0xBDD6,0xBDD6,0xBDD6,
    0xBDD6,0xBDD6,0xBDD6,0xBDD6,0xBDD6,0xBDD6,0xBDB5,0xBDB5,0xBDB5,0xBDB6,0xBDD6,0xBDD6,
    0xBDD6,0xBDD6,0xBDD6,0xBDD6,0xBDD6,0xBDD6,0xBDD6,0xBDD6,0xBDD6,0xBDD6,0xBDB5,0xBDD6,
    0xBDD6,0xBDB6,0xBDB5,0xBDB5,0xBDB5,0xBDB5,0xBDD6,0xBDB5,0xB595,0xB575,0xB595,0xB595,
    0xB595,0xB595,0xB595,0xB595,0xBDD6,0xBDB5,0xB595,0xB595,0xB595,0xB595,0xB5B5,0xBDB5,
    0xBDB5,0xBDD6,0xBDB6,0xBDD6,0xBDD6,0xBDD6,0xBDD6,0xBDD6,0xBDD6,0xBDD6,0xBDD6,0xBDD6,
    0xBDD6,0xBDB5,0xBDD6,0xBDD6,0xBDD6,0xBDD6,0xBDD6,0xBDD6,0xBDD6,0xBDD6,0xBDD6,0xBDF6,
    0xC5F6,0xC5F6,0xC5F6,0xC5F6,0xBDF6,0xC5F6,0xC5F7,0xC5F7,0xBDD6,0xBDF6,0xBDD6,0xBDD6,
    0xBDD6,0xBDD6,0xBDD6,0xBDD6,0xBDD6,0xBDD6,0xBDB5,0xBDD6,0xBDD6,0xBDB5,0xBDB5,0xBDB5,
    0xBDB5,0xBDB5,0xBDB5,0xBDB5,0xBDB5,0xBDD6,0xBDD5,0xBDB6,0xBDD6,0xBDB5,0xBDD6,0xBDD6,
    0xBDD6,0xBDD6,0xBDD6,0xBDD6,0xBDD6,0xBDD6,0xBDB6,0xBDB5,0xBDB5,0xB595,0xB595,0xB595,
    0xB5B5,0xB595,0xB595,0xB595,0xB595,0xB5B5,0xBDB5,0xB595,0xB595,0xB595,0xB595,0xB595,
    0xB595,0xB575,0xB575,0xB595,0xB575,0xB595,0xB595,0xBDB5,0xBDB6,0xBDB5,0xBDB5,0xBDB5,
    0xBDB5,0xB595,0xB595,0xB595,0xB595,0xB595,0xB595,0xB595,0xB595,0xB595,0xB575,0xB575,
    0xB575,0xB575,0xB595,0xB595,0xB575,0xB595,0xB595,0xB595,0xB595,0xB595,0xB595,0xB595,
    0xB595,0xB5B5,0xBDB5,0xB5B5,0xB595,0xB595,0xB575,0xB595,0xB595,0xB595,0xB595,0xB5B5,
    0xBDB5,0xBDB5,0xBDB5,0xBDD6,0xBDB5,0xBDB5,0xBDB5,0xBDB5,0xBDB6,0xBDB6,0xBDD6,0xBDD6,
    0xBDB5,0xBDB5,0xBDB5,0xBDB5,0xB5B5,0xB5B5,0xBDB5,0xBDB5,0xB595,0xBDB5,0xBDB5,0xBDB6,
    0xBDB5,0xB595,0xB595,0xB595,0xB595,0xB5B5,0xBDB5,0xBDD6,0xBDD6,0xBDD6,0xBDD6,0xBDD6,
    0xBDD6,0xBDD6,0xBDB5,0xBDB5,0xBDB6,0xBDB5,0xB595,0xB595,0xBDB5,0xBDD6,0xBDB5,0xB5B5,
    0xBDD6,0xBDD6,0xB5B5,0xB595,0xB595,0xB595,0xB595,0xB595,0xB595,0xB5B5,0xBDD6,0xBDB5,
    0xBDD6,0xBDB5,0xBDB5,0xB595,0xB595,0xB595,0xB5B5,0xB5B5,0xBDB5,0xBDB6,0xBDB5,0xB5B5,
    0xB595,0xB595,0xBDB5,0xBDB5,0xBDB5,0xBDB5,0xBDD6,0xBDD6,0xBDB6,0xBDB5,0xBDB5,0xBDB6,
    0xBDB5,0xBDB6,0xBDB5,0xB595,0xB595,0xB595,0xB575,0xB595,0xB595,0xB595,0xB595,0xB595,
    0xB595,0xB595,0xB595,0xB595,0xB595,0xB595,0xB595,0xB595,0xB595,0xB595,0xB595,0xB595,
    0xB595,0xB595,0xB595,0xB595,0xB595,0xB595,0xB575,0xB575,0xB574,0xB595,0xB595,0xB595,
    0xB575,0xB574,0xB575,0xB575,0xB595,0xB574,0xAD74,0xAD54,0xAD54,0xAD74,0xAD74,0xB575,
    0xB574,0xB574,0xAD74,0xB574,0xAD74,0xB574,0xB575,0xB595,0xB575,0xB574,0xB575,0xB574,
    0xAD74,0xB574,0xB574,0xB595,0xB575,0xB575,0xB595,0xB595,0xB595,0xB595,0xB595,0xB595,
    0xB595,0xBDB5,0xBDB5,0xB5B5,0xB5B5,0xBDB5,0xBDB5,0xBDD6,0xBDB5,0xB5B5,0xBDB5,0xBDD6,
    0xBDB5,0xB5B5,0xBDB5,0xB595,0xB595,0xB595,0xB595,0xB5B5,0xB5B5,0xB5B5,0xBDB5,0xBDB5,
    0xBDB5,0xBDB5,0xB595,0xB595,0xB595,0xB595,0xB595,0xB595,0xB595,0xBDB5,0xBDB5,0xB595,
    0xB575,0xB575,0xB595,0xB595,0xB5B5,0xB595,0xB575,0xB575,0xB575,0xB595,0xB595,0xBDD6,
    0xBDB5,0xBDB5,0xBDB5,0xB595,0xB595,0xB595,0xB595,0xB595,0xB595,0xB595,0xB595,0xB595,
    0xB595,0xB595,0xB595,0xB595,0xB595,0xB595,0xB595,0xB595,0xB595,0xB595,0xB595,0xB595,
    0xB595,0xB575,0xB575,0xB574,0xB574,0xB575,0xB574,0xB575,0xB574,0xB574,0xB574,0xB574,
    0xB574,0xB574,0xAD74,0xAD74,0xB595,0xB575,0xB575,0xB575,0xB595,0xB595,0xB595,0xB595,
    0xB595,0xBDB5,0xBDD6,0xB595,0xB5B5,0xBDB5,0xBDD6,0xBDD6,0xC5F6,0xC637,0xCE38,0xCE58,
    0xCE58,0xCE58,0xC637,0xC617,0xC617,0xC617,0xC5F7,0xBDD6,0xBDD6,0xBDD6,0xBDD6,0xBDD6,
    0xBDD6,0xBDF6,0xC5F7,0xC5F7,0xBDD6,0xBDD6,0xBDD6,0xBDD6,0xBDF6,0xBDD6,0xBDF6,0xBDF6,
    0xBDD6,0xBDD6,0xBDD6,0xBDF6,0xC5F7,0xBDD6,0xBDD6,0xC5F6,0xC5F7,0xC5F6,0xC617,0xC617,
    0xC5F7,0xC5F6,0xC5F6,0xC5F6,0xBDF6,0xBDD6,0xC5F7,0xBDD6,0xBDD6,0xBDD6,0xBDF6,0xBDD6,
    0xBDD6,0xBDD6,0xBDD6,0xBDD6,0xBDD6,0xBDD6,0xBDD6,0xC5F7,0xC5F7,0xC5F7,0xC5F6,0xC5F7,
    0xBDD6,0xBDD6,0xBDF6,0xC5F7,0xBDD6,0xBDD6,0xBDB5,0xBDB5,0xBDD6,0xBDD6,0xBDD6,0xBDD6,
    0xBDB6,0xBDB5,0xB5B5,0xBDB5,0xBDB5,0xBDB5,0xBDB5,0xBDB6,0xBDB5,0xBDB5,0xB595,0xBDB5,
    0xBDB6,0xBDB5,0xBDD6,0xBDD6,0xBDD6,0xBDB5,0xBDB5,0xB595,0xB595,0xBDB5,0xBDD6,0xB5B5,
    0xB595,0xB595,0xB595,0xB595,0xB595,0xB595,0xB595,0xB575,0xB595,0xB595,0xB595,0xBDB5,
    0xBDD6,0xBDB5,0xB5B5,0xB595,0xB595,0xB595,0xB595,0xB5B5,0xBDB5,0xBDB5,0xBDB5,0xBDB5,
    0xBDD6,0xBDF6,0xBDD6,0xBDB5,0xBDD6,0xBDD6,0xBDD6,0xBDD6,0xBDD6,0xBDD6,0xBDD6,0xBDD6,
    0xBDD6,0xBDD6,0xBDD6,0xBDD6,0xBDD6,0xBDD6,0xBDD6,0xBDD6,0xBDD6,0xBDD6,0xBDD6,0xBDD6,
    0xBDD6,0xBDD6,0xBDD6,0xBDD6,0xBDD6,0xBDD6,0xBDD6,0xBDB5,0xB5B5,0xBDB5,0xBDB5,0xBDD5,
    0xBDD6,0xBDD6,0xBDD6,0xBDB5,0xBDD6,0xBDF6,0xBDD6,0xBDF6,0xBDD6,0xBDD6,0xBDB5,0xBDB5,
    0xBDB5,0xB5B5,0xBDB5,0xBDB5,0xB595,0xB595,0xBDB5,0xB5B5,0xBDB5,0xBDB5,0xBDD6,0xBDB5,
    0xB595,0xB595,0xB595,0xB5B5,0xBDD6,0xBDD6,0xB595,0xB595,0xBDB5,0xBDB5,0xB575,0xB595,
    0xB595,0xB595,0xB595,0xBDB5,0xBDB5,0xB595,0xB595,0xB595,0xB595,0xB595,0xB575,0xB575,
    0xB574,0xB575,0xB595,0xB595,0xB595,0xB575,0xB595,0xB595,0xB575,0xB575,0xB575,0xB595,
    0xB575,0xB574,0xB574,0xB575,0xB595,0xB595,0xB595,0xB595,0xB595,0xB595,0xB595,0xB595,
    0xB595,0xB575,0xB575,0xAD74,0xAD74,0xB574,0xB575,0xB574,0xB575,0xB595,0xB595,0xB595,
    0xB595,0xB595,0xB595,0xB595,0xB595,0xB595,0xB595,0xB595,0xB595,0xB5B5,0xBDB5,0xB595,
    0xB595,0xBDB5,0xB595,0xB595,0xB595,0xB5B5,0xB595,0xB595,0xB595,0xB595,0xBDB5,0xB595,
    0xB595,0xB595,0xB595,0xB595,0xB595,0xB5B5,0xBDB5,0xBDB5,0xB595,0xB5B5,0xBDB5,0xBDB5,
    0xBDB5,0xB5B5,0xBDB5,0xBDB5,0xB595,0xB595,0xB595,0xB595,0xB595,0xB595,0xB595,0xB595,
    0xB595,0xBDB5,0xB5B5,0xBDB5,0xB595,0xB595,0xB595,0xB5B5,0xBDB5,0xBDB5,0xBDD6,0xBDD6,
    0xBDD6,0xBDD6,0xBDB5,0xBDB5,0xB5B5,0xBDB5,0xBDD6,0xBDD6,0xBDB5,0xBDD6,0xBDD6,0xBDD6,
    0xBDD6,0xBDD6,0xBDD6,0xBDD6,0xBDD6,0xBDB5,0xB595,0xB5B5,0xBDB5,0xBDB5,0xBDB5,0xB595,
    0xB595,0xB595,0xB5B5,0xB595,0xB595,0xB595,0xBDB5,0xB595,0xB595,0xB595,0xB595,0xB5B5,
    0xB595,0xB595,0xBDB5,0xBDB5,0xB595,0xBDB5,0xB595,0xB595,0xB595,0xB595,0xB595,0xB595,
    0xB595,0xB595,0xB595,0xB595,0xB595,0xB595,0xB575,0xB595,0xB595,0xB595,0xB575,0xB574,
    0xB575,0xB595,0xB575,0xB575,0xB575,0xB574,0xB574,0xB574,0xB574,0xB595,0xB595,0xB595,
    0xAD74,0xAD74,0xAD74,0xAD74,0xAD74,0xB574,0xAD74,0xAD74,0xAD74,0xB574,0xB575,0xB574,
    0xAD74,0xB574,0xB595,0xB595,0xB575,0xB574,0xB574,0xB575,0xB575,0xB574,0xAD74,0xAD74,
    0xB574,0xB574,0xB575,0xB575,0xB595,0xB595,0xB595,0xB595,0xB595,0xB595,0xB595,0xB595,
    0xBDB5,0xBDB5,0xB5B5,0xB595,0xB595,0xB595,0xBDB5,0xBDD6,0xBDD6,0xBDB6,0xBDD6,0xBDD6,
    0xBDD6,0xBDB5,0xBDB5,0xBDB5,0xB595,0xB5B5,0xBDB6,0xBDD6,0xBDB5,0xB5B5,0xB595,0xB595,
    0xB595,0xB595,0xB595,0xB575,0xB575,0xB575,0xB595,0xB595,0xB595,0xB595,0xB595,0xB595,
    0xB595,0xB595,0xB595,0xB575,0xB595,0xB575,0xB595,0xB595,0xB595,0xBDB5,0xBDB5,0xB5B5,
    0xBDB5,0xB595,0xB595,0xB595,0xB595,0xB595,0xB595,0xB595,0xB595,0xB595,0xB575,0xAD54,
    0xAD54,0xAD74,0xB574,0xAD74,0xAD74,0xAD54,0xAD54,0xAD74,0xAD74,0xAD74,0xAD74,0xB574,
    0xAD74,0xB574,0xAD74,0xB575,0xAD74,0xAD54,0xAD74,0xB575,0xB574,0xAD74,0xAD74,0xAD74,
    0xB574,0xB574,0xAD74,0xAD74,0xAD74,0xB574,0xB575,0xB575,0xB595,0xB575,0xB574,0xB575,
    0xB595,0xB595,0xB5B5,0xBDB5,0xBDD6,0xBDD6,0xBDD6,0xC5F6,0xC5F7,0xC617,0xC617,0xC5F7,
    0xC5F7,0xC617,0xBDF6,0xBDB5,0xB595,0xBDB5,0xBDB5,0xBDB5,0xB595,0xBDB5,0xBDB5,0xBDB5,
    0xBDB5,0xBDB5,0xBDB5,0xBDB5,0xB595,0xB595,0xBDB5,0xBDB5,0xBDB5,0xBDB5,0xBDD6,0xBDB5,
    0xBDB5,0xBDD6,0xBDD6,0xBDD6,0xC5F7,0xBDF6,0xBDD6,0xBDD6,0xC617,0xC5F7,0xC5F6,0xC5F6,
    0xC5F7,0xC5F6,0xC5F6,0xC5F7,0xC617,0xC617,0xC5F6,0xBDF6,0xBDF6,0xBDF6,0xC5F6,0xC5F6,
    0xC5F7,0xC617,0xC5F7,0xC5F7,0xC617,0xBDD6,0xBDF6,0xC5F7,0xBDD6,0xBDD6,0xBDF6,0xC5F6,
    0xBDD6,0xBDD6,0xBDD6,0xBDB5,0xB5B5,0xBDB5,0xBDD6,0xBDD6,0xBDD6,0xBDB5,0xBDB5,0xBDB5,
    0xBDB5,0xBDB5,0xBDB5,0xBDD6,0xBDD6,0xBDD6,0xBDB5,0xBDB5,0xBDB5,0xBDB5,0xBDB5,0xBDB5,
    0xBDB5,0xB5B5,0xBDB5,0xBDB5,0xBDB6,0xBDB5,0xBDB5,0xBDB5,0xBDD6,0xBDD6,0xBDB5,0xB5B5,
    0xBDB6,0xBDD6,0xBDD6,0xBDB6,0xBDB5,0xBDB5,0xB5B5,0xB595,0xB5B5,0xB595,0xB595,0xB595,
    0xB595,0xB595,0xBDB5,0xBDD6,0xBDD6,0xBDB5,0xBDD6,0xBDD6,0xBDD6,0xBDF6,0xBDD6,0xBDD6,
    0xBDF6,0xBDD6,0xBDD6,0xBDD6,0xBDD6,0xBDD6,0xBDD6,0xBDD6,0xBDD6,0xBDD6,0xBDD6,0xBDD6,
    0xBDD6,0xBDB5,0xBDB6,0xBDD6,0xBDB5,0xBDB5,0xBDD6,0xBDD6,0xBDB6,0xBDB5,0xBDD6,0xBDD6,
    0xBDD6,0xBDD6,0xBDD6,0xBDD5,0xBDD6,0xBDD6,0xBDD6,0xBDD6,0xBDD6,0xBDD6,0xBDD6,0xBDD6,
    0xBDD6,0xBDD6,0xBDD6,0xBDD6,0xBDB5,0xBDB5,0xB5B5,0xB595,0xB595,0xB595,0xB595,0xB595,
    0xB575,0xB595,0xB575,0xB595,0xB595,0xB595,0xB595,0xB595,0xB574,0xB575,0xB595,0xB595,
    0xB595,0xB595,0xB595,0xB595,0xB595,0xB595,0xB595,0xB595,0xB595,0xB595,0xB5B5,0xB595,
    0xB595,0xBDB5,0xBDB5,0xB595,0xB595,0xB595,0xB595,0xB575,0xB575,0xB595,0xB575,0xAD74,
    0xB574,0xAD74,0xB575,0xB574,0xB574,0xB595,0xB575,0xB574,0xB575,0xB595,0xB595,0xB575,
    0xB574,0xB574,0xB595,0xB595,0xB595,0xB595,0xB595,0xB575,0xB595,0xB595,0xB575,0xAD74,
    0xB574,0xB575,0xB575,0xB595,0xB595,0xB595,0xB595,0xBDB5,0xB595,0xB595,0xB595,0xB595,
    0xB595,0xB595,0xB595,0xB595,0xB595,0xB595,0xBDB5,0xB5B5,0xB5B5,0xB5B5,0xB595,0xB595,
    0xB595,0xBDB5,0xB5B5,0xB595,0xB595,0xB595,0xB595,0xB595,0xB575,0xB595,0xB595,0xB5B5,
    0xB595,0xB595,0xB5B5,0xBDB5,0xB5B5,0xB595,0xB5B5,0xB5B5,0xBDB5,0xB5B5,0xBDB5,0xB595,
    0xB595,0xBDB5,0xBDD6,0xBDB5,0xB595,0xB595,0xB595,0xB595,0xB595,0xB595,0xB595,0xB595,
    0xB595,0xB595,0xB5B5,0xB595,0xB595,0xBDB6,0xBDD6,0xBDB5,0xBDB5,0xBDD6,0xBDD6,0xBDD6,
    0xBDD6,0xBDD6,0xBDD6,0xBDD6,0xBDF6,0xBDF6,0xBDD6,0xBDD6,0xBDD6,0xBDD6,0xBDD6,0xBDD6,
    0xBDD6,0xB595,0xB595,0xB5B5,0xBDB5,0xBDB5,0xB595,0xB595,0xB595,0xB5B5,0xB595,0xB595,
    0xB595,0xB595,0xB595,0xB595,0xB595,0xB595,0xB5B5,0xB5B5,0xB595,0xB595,0xB595,0xB595,
    0xB595,0xB595,0xB595,0xB595,0xB595,0xB595,0xB595,0xB5B5,0xB595,0xB595,0xB595,0xBDB5,
    0xBDD6,0xBDD6,0xBDB5,0xB595,0xB595,0xB595,0xB595,0xB575,0xB575,0xB575,0xB574,0xB574,
    0xAD74,0xAD74,0xAD74,0xAD74,0xAD74,0xAD74,0xB574,0xAD74,0xB574,0xB575,0xB575,0xB575,
    0xB575,0xB595,0xB575,0xB575,0xB575,0xB575,0xB574,0xAD74,0xAD74,0xB574,0xB575,0xB575,
    0xB575,0xB595,0xB595,0xB595,0xB595,0xB575,0xB575,0xB575,0xB595,0xB595,0xB575,0xB595,
    0xB5B5,0xB5B5,0xB595,0xB595,0xB595,0xB595,0xB595,0xB595,0xBDB5,0xBDD6,0xBDB5,0xBDB5,
    0xBDD6,0xBDD6,0xBDD6,0xBDD6,0xBDD6,0xBDB5,0xBDD6,0xBDD6,0xBDD6,0xBDB5,0xBDB6,0xBDD6,
    0xBDD6,0xBDD6,0xBDD6,0xBDD6,0xBDD6,0xBDD6,0xBDB5,0xB5B5,0xB595,0xB595,0xB595,0xB595,
    0xB595,0xB595,0xB595,0xB595,0xB595,0xB575,0xB574,0xAD74,0xB575,0xB575,0xB575,0xB595,
    0xB595,0xB575,0xB575,0xB575,0xB575,0xB595,0xB595,0xB575,0xB595,0xB595,0xB575,0xB575,
    0xB595,0xB595,0xBDD6,0xB595,0xB595,0xB595,0xB595,0xB574,0xB574,0xB575,0xB575,0xB595,
    0xB595,0xB595,0xB595,0xB595,0xB595,0xAD74,0xB574,0xB574,0xAD74,0xAD74,0xAD74,0xB574,
    0xB574,0xAD74,0xB575,0xB575,0xB575,0xB575,0xB575,0xB575,0xB595,0xB595,0xB595,0xB595,
    0xB575,0xB575,0xB574,0xB575,0xB595,0xB595,0xB595,0xB595,0xB5B5,0xB595,0xB595,0xB595,
    0xBDB5,0xBDD6,0xBDB6,0xBDB5,0xBDB5,0xBDD6,0xBDB6,0xBDB5,0xBDB5,0xB595,0xB595,0xB595,
    0xB595,0xB575,0xB575,0xB575,0xB575,0xB575,0xB575,0xB595,0xB595,0xB595,0xB595,0xB595,
    0xB595,0xB595,0xBDB5,0xBDB5,0xBDB6,0xBDB6,0xBDD6,0xBDB5,0xB5B5,0xBDD6,0xBDD6,0xBDD6,
    0xBDD6,0xC5F6,0xBDD6,0xBDD6,0xC5F7,0xC5F6,0xC5F7,0xC5F7,0xC617,0xC617,0xC617,0xC617,
    0xC5F7,0xC5F6,0xC5F7,0xC5F7,0xC5F6,0xC5F6,0xC5F6,0xBDF6,0xBDD6,0xBDD6,0xBDD6,0xBDD6,
    0xBDD6,0xB595,0xBDB5,0xBDD6,0xC5F6,0xBDF6,0xBDD6,0xBDD6,0xBDD6,0xBDD6,0xBDD6,0xBDF6,
    0xBDF6,0xBDD6,0xBDD6,0xBDD6,0xBDD6,0xBDD6,0xBDD6,0xBDD6,0xBDD6,0xBDD6,0xBDD6,0xBDD6,
    0xBDD6,0xBDD6,0xBDD6,0xBDD6,0xBDD6,0xBDD6,0xBDB5,0xBDB5,0xB595,0xB595,0xB5B5,0xBDD6,
    0xBDD6,0xBDD6,0xBDD6,0xBDD6,0xBDD6,0xBDD6,0xBDD6,0xBDD6,0xBDD6,0xBDD6,0xBDD6,0xBDD6,
    0xBDD6,0xBDD6,0xBDB5,0xBDB5,0xBDB5,0xB595,0xB595,0xB595,0xB595,0xBDB6,0xBDD6,0xBDD6,
    0xBDB5,0xBDD6,0xBDD6,0xBDD6,0xBDD6,0xBDD6,0xBDD6,0xBDD6,0xBDD6,0xBDD6,0xBDD6,0xBDF6,
    0xBDF6,0xBDD6,0xBDD6,0xBDD6,0xBDD6,0xBDD6,0xBDD6,0xBDD6,0xBDD6,0xBDD6,0xBDD6,0xBDD6,
    0xBDD6,0xBDD6,0xBDD6,0xBDD6,0xBDD6,0xBDD6,0xBDD6,0xBDD6,0xBDB5,0xBDB5,0xBDB5,0xBDB6,
    0xBDD6,0xBDD6,0xBDD6,0xBDD6,0xBDD6,0xBDB6,0xBDB5,0xBDB5,0xBDD6,0xBDD6,0xBDD6,0xBDD6,
    0xB5B5,0xB595,0xB5B5,0xBDB5,0xBDB5,0xBDB5,0xBDB6,0xB595,0xB595,0xBDB5,0xB595,0xB595,
    0xB595,0xB595,0xB595,0xB595,0xB575,0xB575,0xB575,0xB595,0xB595,0xB595,0xB595,0xB595,
    0xB595,0xB595,0xB595,0xB575,0xB595,0xB595,0xB595,0xB595,0xB595,0xB595,0xB5B5,0xB5B5,
    0xB5B5,0xB595,0xB595,0xB595,0xB595,0xB595,0xB595,0xB575,0xB595,0xB595,0xB595,0xB595,
    0xB5B5,0xBDB5,0xB595,0xB595,0xB595,0xB595,0xB595,0xB595,0xB595,0xB574,0xB595,0xB575,
    0xB595,0xB595,0xB595,0xB595,0xB5B5,0xB5B5,0xB595,0xB595,0xB595,0xB595,0xB595,0xBDB5,
    0xBDB5,0xB5B5,0xB595,0xB595,0xBDB5,0xB595,0xB595,0xB595,0xB595,0xB595,0xB595,0xB595,
    0xB595,0xB595,0xB595,0xB595,0xBDB5,0xB595,0xB595,0xB595,0xB595,0xB595,0xB595,0xB595,
    0xBDB6,0xBDD6,0xBDD6,0xB5B5,0xB595,0xB595,0xB595,0xB595,0xB595,0xB5B5,0xBDB5,0xB595,
    0xB595,0xB595,0xB595,0xBDB5,0xBDB5,0xBDB5,0xB595,0xB5B5,0xBDB5,0xBDB5,0xBDB5,0xBDB5,
    0xB595,0xB5B5,0xB5B5,0xBDB5,0xBDB6,0xBDB5,0xBDB5,0xB595,0xB5B5,0xBDB5,0xB5B5,0xB595,
    0xB595,0xBDB6,0xBDD6,0xBDD6,0xBDD6,0xBDD6,0xBDD6,0xBDD6,0xBDD6,0xC5F6,0xC5F6,0xBDD6,
    0xC5F7,0xC5F7,0xBDF6,0xBDD6,0xBDD6,0xBDD6,0xBDD6,0xBDD6,0xBDB6,0xBDB5,0xB595,0xBDB5,
    0xBDB5,0xB595,0xBDB5,0xBDB6,0xBDB5,0xBDD6,0xBDB5,0xB595,0xB595,0xB595,0xB595,0xB595,
    0xBDB5,0xBDB5,0xB5B5,0xBDD6,0xBDD6,0xBDB5,0xBDB5,0xB5B5,0xB5B5,0xB5B5,0xB595,0xBDB5,
    0xBDB5,0xBDB5,0xB5B5,0xB595,0xB595,0xB595,0xB595,0xB575,0xB595,0xB595,0xB575,0xB575,
    0xB595,0xB595,0xB575,0xB575,0xB595,0xB595,0xB595,0xB595,0xB595,0xB595,0xB595,0xB575,
    0xB575,0xB575,0xB574,0xAD74,0xBDB5,0xB595,0xB595,0xB595,0xBDB5,0xB595,0xB595,0xB595,
    0xB595,0xB595,0xB595,0xB595,0xB595,0xB595,0xB575,0xB575,0xB575,0xB574,0xB575,0xB575,
    0xAD74,0xB574,0xB595,0xB595,0xB595,0xB595,0xB595,0xB5B5,0xBDB6,0xBDB5,0xBDB5,0xB5B5,
    0xB5B5,0xBDB5,0xBDB6,0xBDD6,0xBDD6,0xBDD6,0xBDB5,0xBDD6,0xBDB6,0xBDD6,0xBDB5,0xBDB5,
    0xBDB5,0xB595,0xB595,0xB595,0xB595,0xB595,0xB595,0xB595,0xB595,0xB595,0xB595,0xBDB5,
    0xBDD6,0xBDD6,0xB5B5,0xB595,0xB595,0xB575,0xB595,0xBDB5,0xB595,0xB595,0xB595,0xB595,
    0xB595,0xB575,0xB575,0xB574,0xAD54,0xAD54,0xAD54,0xAD74,0xB575,0xB575,0xB574,0xB574,
    0xB574,0xB574,0xB574,0xB574,0xB574,0xB575,0xB595,0xB595,0xB595,0xB575,0xB575,0xAD74,
    0xAD54,0xAD74,0xB575,0xB575,0xB575,0xB575,0xB574,0xB575,0xB595,0xB595,0xBDB6,0xBDB5,
    0xBDB5,0xB595,0xB575,0xB595,0xB595,0xB595,0xB595,0xB595,0xB595,0xB574,0xB574,0xB574,
    0xB575,0xB574,0xB574,0xB595,0xB595,0xB595,0xB575,0xB575,0xB595,0xB595,0xB595,0xB595,
    0xB595,0xB595,0xB595,0xB595,0xB595,0xB595,0xB595,0xB595,0xB595,0xB595,0xB595,0xB595,
    0xB595,0xB595,0xB595,0xB595,0xB595,0xBDB5,0xB595,0xB595,0xB595,0xB595,0xB595,0xB595,
    0xB595,0xB5B5,0xB575,0xB595,0xB595,0xB595,0xB575,0xB595,0xB595,0xB595,0xB5B5,0xBDB5,
    0xBDB5,0xBDB5,0xBDB5,0xBDB5,0xBDB5,0xB5B5,0xB5B5,0xBDB5,0xBDB5,0xBDB6,0xBDB6,0xBDD6,
    0xBDD6,0xBDD6,0xBDD6,0xBDF6,0xC5F7,0xC5F7,0xC5F7,0xC617,0xC617,0xC5F7,0xC617,0xC5F7,
    0xBDF6,0xBDD6,0xBDD6,0xBDD6,0xBDD6,0xBDB5,0xBDB5,0xBDB5,0xBDB5,0xBDB6,0xBDD6,0xBDB5,
    0xB5B5,0xB595,0xB595,0xB595,0xB595,0xB595,0xBDB5,0xBDB6,0xBDD6,0xBDD6,0xBDF6,0xBDF6,
    0xC617,0xC5F7,0xC5F6,0xBDF6,0xBDD6,0xC5F7,0xBDD6,0xBDD6,0xBDD6,0xBDD6,0xBDD6,0xBDD6,
    0xBDB6,0xBDB5,0xBDB5,0xBDB6,0xBDD6,0xBDD6,0xBDD6,0xBDD6,0xBDD6,0xBDD6,0xBDD6,0xBDD6,
    0xBDD6,0xBDD6,0xBDD6,0xBDD6,0xBDB5,0xB595,0xBDB5,0xBDB5,0xBDF6,0xBDD6,0xB5B5,0xB595,
    0xBDB5,0xB595,0xB595,0xB595,0xBDB5,0xBDD6,0xBDD6,0xBDD6,0xBDD6,0xBDD6,0xBDD6,0xBDD6,
    0xBDD6,0xBDD6,0xBDD6,0xBDD6,0xBDD6,0xBDD6,0xBDD6,0xBDF6,0xBDD6,0xBDD6,0xC5F6,0xBDD6,
    0xBDD6,0xBDD6,0xBDF6,0xBDD6,0xBDD6,0xBDD6,0xBDD6,0xBDD6,0xC5F6,0xBDF6,0xBDD6,0xBDB6,
    0xBDD6,0xBDB6,0xBDB6,0xBDD6,0xBDB6,0xBDD6,0xBDB6,0xBDB5,0xB5B5,0xBDB5,0xBDB5,0xB595,
    0xB595,0xBDB5,0xB595,0xB595,0xB595,0xB595,0xB595,0xB5B5,0xB5B5,0xB595,0xB595,0xBDB6,
    0xBDD6,0xBDB6,0xBDB5,0xB595,0xB595,0xB595,0xB595,0xB595,0xB595,0xB575,0xB575,0xB575,
    0xB575,0xB575,0xB575,0xB575,0xB595,0xB595,0xB595,0xB595,0xB595,0xB595,0xB595,0xB595,
    0xB595,0xB595,0xB595,0xB595,0xB595,0xB595,0xB5B5,0xB595,0xB595,0xB595,0xB595,0xB595,
    0xBDB5,0xB595,0xB595,0xB595,0xB595,0xB595,0xB595,0xB595,0xBDB5,0xB595,0xB575,0xB595,
    0xB595,0xB595,0xB595,0xB575,0xB575,0xB595,0xB595,0xB575,0xB595,0xB595,0xB575,0xB575,
    0xB595,0xB595,0xB575,0xB595,0xB595,0xB595,0xB595,0xB595,0xB595,0xB595,0xB595,0xB595,
    0xB575,0xB595,0xB595,0xB595,0xB595,0xB595,0xB595,0xB595,0xB595,0xB595,0xB595,0xB595,
    0xB595,0xB595,0xB595,0xBDB5,0xB595,0xBDB5,0xB595,0xBDB5,0xBDD6,0xBDD6,0xBDB5,0xBDB5,
    0xBDB5,0xB5B5,0xBDB5,0xB595,0xB595,0xB595,0xB595,0xB575,0xB575,0xB595,0xB595,0xB575,
    0xB595,0xB595,0xB595,0xBDB5,0xBDB5,0xB595,0xB595,0xB595,0xB595,0xBDB5,0xBDB5,0xBDB5,
    0xB595,0xB595,0xB595,0xB595,0xB595,0xBDB5,0xBDB5,0xBDB5,0xBDB5,0xBDB5,0xBDD6,0xBDD6,
    0xBDD6,0xBDD6,0xBDD6,0xBDD6,0xBDD6,0xBDD6,0xBDD6,0xBDD6,0xBDD6,0xBDD6,0xBDD6,0xBDD6,
    0xBDD6,0xBDD6,0xBDD6,0xBDD6,0xBDD6,0xBDD6,0xBDD6,0xBDD6,0xBDD6,0xBDD6,0xBDB5,0xBDB5,
    0xBDB5,0xBDB5,0xBDB5,0xB595,0xBDB5,0xB5B5,0xBDB5,0xBDB5,0xBDB6,0xBDD6,0xBDD6,0xBDD6,
    0xBDD6,0xBDB5,0xB5B5,0xBDB5,0xBDB6,0xBDD6,0xBDD6,0xBDB5,0xB595,0xB595,0xB595,0xB595,
    0xB575,0xB574,0xB574,0xB575,0xB595,0xB574,0xB574,0xAD74,0xB575,0xB595,0xB595,0xB595,
    0xB5B5,0xBDB5,0xB595,0xB575,0xB595,0xB595,0xB595,0xB595,0xB595,0xB595,0xB595,0xB595,
    0xB595,0xBDB5,0xBDB5,0xB595,0xB595,0xB595,0xB595,0xB595,0xB595,0xB595,0xB595,0xB595,
    0xB575,0xB595,0xB595,0xB595,0xB595,0xB595,0xB595,0xB595,0xB595,0xB595,0xB595,0xB595,
    0xB595,0xBDB5,0xBDB5,0xBDD6,0xC617,0xBDD6,0xBDB5,0xB595,0xB5B5,0xB5B5,0xB595,0xBDB5,
    0xB5B5,0xB595,0xB595,0xB595,0xB595,0xB595,0xB595,0xB595,0xB595,0xB595,0xB595,0xB595,
    0xB575,0xB575,0xB575,0xB595,0xB595,0xB595,0xB595,0xB595,0xB575,0xB595,0xB595,0xB5B5,
    0xB595,0xB595,0xB595,0xB5B5,0xB595,0xB595,0xB595,0xB595,0xB575,0xB574,0xAD74,0xAD74,
    0xAD54,0xAD54,0xAD54,0xAD54,0xAD54,0xB574,0xAD74,0xAD74,0xAD74,0xAD74,0xAD54,0xAD54,
    0xAD54,0xAD54,0xAD54,0xAD54,0xAD74,0xAD54,0xAD54,0xB574,0xB575,0xAD74,0xAD54,0xAD74,
    0xB575,0xAD74,0xAD74,0xAD74,0xAD74,0xB575,0xB595,0xBDD6,0xBDD6,0xBDD6,0xB595,0xB595,
    0xBDB5,0xB595,0xB595,0xB595,0xB575,0xB575,0xB575,0xAD74,0xAD74,0xAD74,0xAD74,0xAD74,
    0xAD74,0xAD74,0xAD74,0xB574,0xAD74,0xAD74,0xB574,0xB574,0xB574,0xB595,0xB574,0xB575,
    0xB575,0xB575,0xAD74,0xB574,0xB595,0xB595,0xB595,0xB595,0xB595,0xB595,0xB595,0xB595,
    0xB595,0xB595,0xB595,0xB595,0xBDB5,0xBDB5,0xB595,0xB595,0xB5B5,0xB595,0xB575,0xB595,
    0xB595,0xBDB5,0xBDD6,0xBDB5,0xBDB5,0xBDB6,0xBDB5,0xBDB5,0xBDD6,0xBDD6,0xBDB5,0xB5B5,
    0xB595,0xB5B5,0xBDD6,0xBDD6,0xBDB6,0xBDB5,0xBDB5,0xBDB5,0xBDB5,0xBDD6,0xBDD6,0xBDD6,
    0xBDD6,0xBDD6,0xBDD6,0xBDD6,0xC5F6,0xC5F7,0xC617,0xC5F7,0xC5F7,0xBDF6,0xBDD6,0xBDD6,
    0xBDD6,0xBDD6,0xBDD6,0xBDD6,0xBDB6,0xBDB5,0xBDB5,0xBDB5,0xB595,0xBDB5,0xBDB5,0xB595,
    0xB595,0xBDB5,0xBDB5,0xBDB5,0xB5B5,0xBDD6,0xBDD6,0xBDD6,0xBDD6,0xBDD6,0xBDD6,0xBDD6,
    0xBDD6,0xBDD6,0xBDD6,0xBDD6,0xC5F6,0xBDF6,0xBDF6,0xBDD6,0xBDD6,0xBDD6,0xBDD6,0xBDD6,
    0xBDD6,0xBDF6,0xBDD6,0xBDD6,0xBDD6,0xBDD6,0xBDB5,0xBDB6,0xBDD6,0xBDD6,0xBDD6,0xBDF6,
    0xBDD6,0xB595,0xB595,0xB595,0xBDD6,0xBDD6,0xBDB5,0xBDD6,0xBDD6,0xBDD6,0xBDD6,0xBDD6,
    0xBDD6,0xBDD6,0xBDD6,0xBDD6,0xBDD6,0xBDD6,0xBDD6,0xBDD6,0xBDD6,0xC617,0xC5F7,0xBDF6,
    0xBDD6,0xBDD6,0xBDD6,0xBDD6,0xBDD6,0xBDD6,0xBDD6,0xBDD6,0xBDD6,0xBDB5,0xB595,0xB595,
    0xB595,0xB5B5,0xBDB5,0xBDD6,0xBDD6,0xBDB5,0xBDD6,0xBDD6,0xBDD6,0xBDB5,0xBDB5,0xBDB5,
    0xBDB5,0xBDB6,0xBDD6,0xBDD6,0xBDD6,0xBDB5,0xBDB5,0xB595,0xB595,0xB595,0xB595,0xB595,
    0xB595,0xB595,0xB595,0xB595,0xBDB5,0xBDB6,0xB5B5,0xB595,0xBDB5,0xBDD6,0xB595,0xB5B5,
    0xBDB5,0xB595,0xB595,0xB595,0xB595,0xB574,0xAD74,0xB575,0xB595,0xB595,0xB595,0xB575,
    0xB575,0xB595,0xB575,0xB575,0xB575,0xB595,0xB595,0xB595,0xB595,0xB595,0xB595,0xB595,
    0xB595,0xB595,0xB595,0xB595,0xB595,0xB5B5,0xB595,0xB595,0xB595,0xB5B5,0xBDB5,0xBDD6,
    0xBDD6,0xBDD6,0xBDD6,0xB5B5,0xBDB5,0xBDB5,0xB595,0xB5B5,0xB5B5,0xB5B5,0xB595,0xB595,
    0xB595,0xB595,0xB595,0xB575,0xB575,0xB574,0xAD74,0xB575,0xB595,0xB595,0xB575,0xB574,
    0xB574,0xB595,0xB595,0xB575,0xB595,0xB575,0xB574,0xB575,0xB595,0xB595,0xB575,0xB595,
    0xB595,0xB595,0xB595,0xB595,0xB574,0xB575,0xB595,0xB595,0xB595,0xB595,0xB595,0xB595,
    0xB595,0xB595,0xB595,0xB595,0xB595,0xB595,0xB595,0xB595,0xB595,0xB595,0xB595,0xB595,
    0xB575,0xB575,0xB595,0xB595,0xB595,0xB595,0xB595,0xB595,0xB595,0xB595,0xB595,0xB595,
    0xB595,0xB595,0xBDB5,0xB5B5,0xB5B5,0xB595,0xB595,0xBDB5,0xB5B5,0xB5B5,0xBDB5,0xBDB5,
    0xBDD6,0xBDD6,0xBDB5,0xBDB6,0xBDD6,0xBDD6,0xBDD6,0xBDD6,0xBDD6,0xBDD6,0xBDD6,0xBDD6,
    0xBDD6,0xBDD6,0xBDD6,0xBDD6,0xC5F6,0xC5F6,0xBDD6,0xBDD6,0xBDD6,0xBDD6,0xBDD6,0xBDD6,
    0xBDD6,0xBDF6,0xC5F6,0xC5F6,0xBDD6,0xBDD6,0xBDD6,0xBDD6,0xBDD6,0xBDD6,0xBDD6,0xBDD6,
    0xBDD6,0xBDD6,0xBDB5,0xBDB5,0xBDD6,0xBDD6,0xBDB5,0xBDB5,0xBDB5,0xBDB5,0xB5B5,0xBDB5,
    0xBDB5,0xBDB5,0xBDB5,0xBDB5,0xB595,0xB595,0xB5B5,0xB595,0xB595,0xB595,0xB595,0xB575,
    0xB575,0xB574,0xB574,0xB595,0xB595,0xB595,0xB595,0xB595,0xB595,0xBDB5,0xBDB5,0xBDB5,
    0xB595,0xB595,0xB595,0xB5B5,0xB595,0xB5B5,0xBDD6,0xBDD6,0xB5B5,0xB5B5,0xBDB5,0xB595,
    0xB595,0xB595,0xB575,0xB575,0xB595,0xB595,0xB595,0xB595,0xB595,0xB595,0xB575,0xB575,
    0xB595,0xB595,0xB595,0xB595,0xB595,0xB595,0xB595,0xB5B5,0xB5B5,0xB595,0xB595,0xB595,
    0xB595,0xBDB5,0xB5B5,0xB595,0xB5B5,0xB5B5,0xB5B5,0xB595,0xB595,0xB575,0xB574,0xAD74,
    0xAD74,0xB595,0xB595,0xB595,0xB595,0xB595,0xB595,0xB595,0xB595,0xB595,0xB595,0xB595,
    0xB595,0xB595,0xB595,0xB595,0xB595,0xB595,0xB595,0xB595,0xB595,0xB575,0xB575,0xB574,
    0xB574,0xB575,0xB575,0xB575,0xB575,0xAD74,0xAD74,0xAD54,0xAD54,0xAD74,0xB574,0xB574,
    0xAD74,0xAD74,0xB574,0xAD74,0xAD54,0xAD54,0xAD74,0xAD74,0xAD74,0xB574,0xB574,0xAD74,
    0xB575,0xB575,0xB595,0xBDB5,0xB5B5,0xB595,0xB595,0xB595,0xB575,0xB574,0xB574,0xB575,
    0xB595,0xB5B5,0xBDD6,0xC5F6,0xC5F6,0xBDD6,0xBDB5,0xB575,0xB575,0xB595,0xB595,0xB595,
    0xB595,0xB595,0xB595,0xB595,0xB595,0xB595,0xB575,0xB575,0xB595,0xB575,0xAD54,0xB574,
    0xAD74,0xAD54,0xAD54,0xAD54,0xB575,0xB574,0xB575,0xB575,0xB595,0xB595,0xB575,0xB574,
    0xAD54,0xAD54,0xAD54,0xB574,0xB575,0xB595,0xB595,0xB595,0xB595,0xB595,0xBDB5,0xB5B5,
    0xB595,0xB595,0xB595,0xB575,0xB595,0xB575,0xB575,0xB595,0xB595,0xB595,0xB595,0xB595,
    0xB5B5,0xBDB5,0xBDB5,0xB5B5,0xB5B5,0xB595,0xBDB5,0xBDD6,0xBDD6,0xBDD6,0xBDD6,0xBDD6,
    0xBDB5,0xBDB5,0xBDB5,0xB595,0xB5B5,0xBDB5,0xBDD6,0xBDD6,0xBDD6,0xBDD6,0xBDD6,0xBDD6,
    0xBDD6,0xBDD6,0xBDF6,0xBDF6,0xBDD6,0xBDD6,0xBDD6,0xBDD6,0xBDD6,0xBDD6,0xBDD6,0xBDD6,
    0xBDD6,0xBDD6,0xBDD6,0xBDD6,0xBDD6,0xBDD6,0xBDB5,0xBDB5,0xBDB5,0xBDD6,0xBDD6,0xBDD6,
    0xBDD6,0xBDD6,0xBDD6,0xBDD6,0xBDD6,0xBDD6,0xC5F6,0xC5F6,0xBDD6,0xBDD6,0xBDD6,0xBDD6,
    0xBDD6,0xBDD6,0xBDF6,0xBDD6,0xC5F6,0xC5F7,0xC5F7,0xC5F6,0xC5F6,0xC5F7,0xC5F7,0xC5F6,
    0xBDF6,0xBDF6,0xC5F6,0xBDD6,0xBDD6,0xBDD6,0xC5F6,0xC5F6,0xC5F7,0xC5F6,0xBDD6,0xBDD6,
    0xC617,0xBDD6,0xBDD6,0xBDF6,0xBDD6,0xBDD6,0xC5F6,0xC5F7,0xC617,0xC5F6,0xBDD6,0xBDF6,
    0xBDD6,0xBDF6,0xBDF6,0xBDD6,0xBDD6,0xC617,0xC5F7,0xC5F6,0xC5F6,0xBDD6,0xBDD6,0xBDD6,
    0xBDD6,0xBDD6,0xBDD6,0xBDD6,0xBDB5,0xB595,0xBDB5,0xBDB5,0xB595,0xB595,0xBDB5,0xB5B5,
    0xB595,0xB595,0xBDB5,0xB595,0xB595,0xB595,0xB595,0xB595,0xB595,0xB595,0xB595,0xBDB5,
    0xB595,0xB595,0xB595,0xB595,0xB595,0xB595,0xB595,0xB595,0xB595,0xB595,0xBDB5,0xB595,
    0xB595,0xB595,0xB595,0xB575,0xB595,0xB5B5,0xB595,0xB595,0xBDB5,0xB595,0xB575,0xB595,
    0xB595,0xB575,0xB595,0xB595,0xB575,0xB574,0xB574,0xAD74,0xB574,0xB595,0xB595,0xB595,
    0xB595,0xB575,0xB595,0xB595,0xB595,0xB595,0xB595,0xB574,0xB574,0xB575,0xB595,0xB595,
    0xB595,0xB595,0xB595,0xB575,0xB575,0xB575,0xB595,0xB595,0xB595,0xB595,0xB595,0xB595,
    0xB575,0xB595,0xB595,0xB595,0xB595,0xB595,0xB595,0xBDB5,0xB595,0xB5B5,0xB5B5,0xB595,
    0xB595,0xB575,0xB575,0xB595,0xB595,0xB595,0xB595,0xB595,0xB575,0xB575,0xB595,0xB595,
    0xB595,0xB595,0xB595,0xB574,0xB575,0xB575,0xAD74,0xB574,0xB575,0xB595,0xB595,0xB575,
    0xB574,0xB575,0xB595,0xB595,0xB595,0xB595,0xB595,0xBDB5,0xB5B5,0xB595,0xB595,0xB595,
    0xB575,0xB595,0xB574,0xAD54,0xAD54,0xAD54,0xB574,0xB575,0xB575,0xB575,0xB595,0xB595,
    0xB595,0xB595,0xB595,0xB595,0xB595,0xB575,0xB595,0xB595,0xB595,0xB595,0xB5B5,0xB5B5,
    0xB595,0xB595,0xB595,0xB595,0xB595,0xB595,0xB595,0xB595,0xB5B5,0xBDD6,0xBDD6,0xBDF6,
    0xC5F6,0xBDD6,0xBDD6,0xBDD6,0xBDD6,0xBDB6,0xBDD6,0xBDD6,0xBDD6,0xBDD6,0xBDF6,0xC5F7,
    0xC5F7,0xC5F6,0xC5F7,0xC5F7,0xC5F6,0xC5F7,0xC5F7,0xC5F7,0xC617,0xC617,0xC617,0xC617,
    0xC5F7,0xBDD6,0xBDD6,0xBDB6,0xBDD6,0xBDD6,0xBDD6,0xBDD6,0xBDD6,0xBDB5,0xBDD6,0xBDD6,
    0xBDD6,0xBDB5,0xBDB5,0xB5B5,0xB5B5,0xB5B5,0xB595,0xB595,0xB5B5,0xB595,0xB595,0xBDB5,
    0xB5B5,0xB595,0xB5B5,0xB595,0xBDB5,0xBDD6,0xBDB5,0xBDB5,0xB595,0xB595,0xB595,0xB595,
    0xB595,0xB575,0xB575,0xB595,0xB595,0xB5B5,0xB595,0xBDB5,0xBDB5,0xBDB5,0xB5B5,0xB595,
    0xBDD6,0xBDB6,0xBDB5,0xBDB5,0xBDB5,0xBDB5,0xB595,0xB595,0xB595,0xB595,0xB595,0xB595,
    0xBDB5,0xBDB5,0xB595,0xB595,0xB595,0xB595,0xB575,0xB595,0xB595,0xB595,0xB595,0xB595,
    0xB5B5,0xB595,0xB595,0xB5B5,0xB595,0xB595,0xB575,0xB595,0xB595,0xB595,0xB595,0xB595,
    0xB595,0xB595,0xB575,0xB575,0xB575,0xB595,0xB595,0xB595,0xB575,0xB595,0xB575,0xB574,
    0xB595,0xB595,0xB595,0xB574,0xAD74,0xAD74,0xAD74,0xAD54,0xB575,0xB575,0xB574,0xB574,
    0xB574,0xB574,0xB574,0xB575,0xB575,0xAD74,0xAD74,0xAD74,0xAD74,0xB575,0xB575,0xAD74,
    0xB574,0xB574,0xAD74,0xAD74,0xAD54,0xAD54,0xAD54,0xAD54,0xAD54,0xAD54,0xB574,0xB575,
    0xB575,0xB575,0xB595,0xAD74,0xB575,0xB575,0xAD74,0xAD74,0xB575,0xB575,0xB575,0xB575,
    0xB575,0xB595,0xB595,0xB595,0xB595,0xB595,0xB595,0xB595,0xB595,0xB595,0xB595,0xB595,
    0xB595,0xB574,0xB575,0xB575,0xB574,0xB574,0xB575,0xB595,0xB595,0xB595,0xB595,0xB575,
    0xB595,0xB595,0xB595,0xAD74,0xAD54,0xAD54,0xAD54,0xAD54,0xAD74,0xB595,0xB595,0xB575,
    0xAD74,0xAD74,0xAD74,0xAD54,0xAD54,0xAD74,0xAD74,0xAD54,0xAD54,0xAD74,0xAD54,0xAD54,
    0xAD54,0xAD74,0xB595,0xB574,0xB574,0xBDD6,0xBDD6,0xB595,0xB5B5,0xB595,0xB575,0xAD74,
    0xB574,0xAD54,0xAD54,0xAD74,0xAD54,0xAD54,0xAD74,0xAD74,0xB575,0xAD74,0xB574,0xB595,
    0xBDB5,0xBDB5,0xBDD6,0xBDD6,0xBDB5,0xBDB5,0xBDB5,0xBDD6,0xBDD6,0xBDD6,0xBDD6,0xBDD6,
    0xB5B5,0xB595,0xB5B5,0xBDB5,0xBDD6,0xBDD6,0xBDD6,0xBDD6,0xBDD6,0xBDD6,0xBDD6,0xBDD6,
    0xBDD6,0xBDB6,0xBDD6,0xBDD6,0xBDD6,0xBDD6,0xBDD6,0xBDF6,0xBDD6,0xBDD6,0xBDF6,0xBDF6,
    0xBDD6,0xBDD6,0xBDD6,0xBDD6,0xBDD6,0xBDD6,0xBDD6,0xBDD6,0xBDF6,0xC5F7,0xC5F7,0xBDD6,
    0xBDD6,0xBDD6,0xBDD6,0xBDD6,0xBDD6,0xBDD6,0xBDD6,0xBDD6,0xBDD6,0xBDD6,0xBDD6,0xBDD6,
    0xBDD6,0xBDD6,0xBDD6,0xBDD6,0xBDD6,0xC5F7,0xC617,0xC617,0xC617,0xC617,0xC5F7,0xC5F7,
    0xC5F7,0xC5F6,0xC5F6,0xC5F7,0xC617,0xC617,0xC5F7,0xC617,0xC5F7,0xC617,0xC617,0xC617,
    0xC617,0xC617,0xC617,0xC617,0xC617,0xC5F7,0xC5F7,0xC5F7,0xBDF6,0xC5F6,0xC5F7,0xC5F7,
    0xC5F7,0xC617,0xC5F7,0xC5F7,0xC5F7,0xBDF6,0xBDF6,0xBDD6,0xBDF6,0xBDD6,0xBDD6,0xBDD6,
    0xBDD6,0xBDD6,0xBDD6,0xBDD6,0xBDD6,0xBDD6,0xBDB6,0xBDD6,0xBDD6,0xBDB5,0xBDB6,0xBDD6,
    0xBDB5,0xB5B5,0xBDB5,0xBDB5,0xB5B5,0xB595,0xB595,0xBDB5,0xB595,0xB595,0xB595,0xB595,
    0xB595,0xB575,0xB595,0xB595,0xB595,0xBDB5,0xBDB5,0xBDB5,0xB595,0xB575,0xAD74,0xAD54,
    0xAD54,0xB574,0xB595,0xB575,0xB575,0xB595,0xB574,0xB575,0xB575,0xB575,0xB595,0xB575,
    0xAD74,0xAD54,0xAD54,0xAD74,0xB595,0xB575,0xB595,0xB595,0xB595,0xB5B5,0xBDB5,0xBDB5,
    0xBDD6,0xBDD6,0xB595,0xB595,0xB595,0xB595,0xB595,0xB595,0xB595,0xB595,0xB595,0xB595,
    0xB595,0xB595,0xB595,0xB595,0xB595,0xB595,0xB595,0xB595,0xB595,0xB595,0xB595,0xB595,
    0xB5B5,0xB595,0xB595,0xB595,0xB595,0xBDB5,0xBDD6,0xBDD6,0xBDB5,0xBDB6,0xBDB5,0xB595,
    0xB595,0xB595,0xB595,0xB595,0xB595,0xB595,0xB595,0xB595,0xB595,0xBDB5,0xBDB6,0xBDB5,
    0xBDB5,0xB595,0xB595,0xB574,0xB574,0xB575,0xB575,0xB595,0xB595,0xB595,0xB595,0xB575,
    0xB575,0xB595,0xB595,0xB595,0xB595,0xB595,0xB595,0xB595,0xB595,0xB595,0xB595,0xB595,
    0xB575,0xB575,0xB595,0xB595,0xB575,0xB575,0xB595,0xB595,0xB595,0xB595,0xB595,0xB595,
    0xB595,0xB595,0xB595,0xB595,0xB595,0xB595,0xB595,0xBDB5,0xBDD6,0xBDB5,0xB595,0xB595,
    0xB575,0xB595,0xB595,0xB5B5,0xBDB5,0xBDD6,0xBDF6,0xC617,0xC5F7,0xBDD6,0xBDD6,0xB5B5,
    0xB5B5,0xB595,0xB5B5,0xBDB5,0xBDD6,0xBDB6,0xBDD6,0xBDF6,0xC5F6,0xC5F7,0xC5F7,0xC617,
    0xC617,0xC617,0xC637,0xC637,0xC617,0xC637,0xC617,0xC617,0xBDF6,0xBDD6,0xBDD6,0xBDD6,
    0xBDB5,0xB5B5,0xB595,0xB595,0xBDB5,0xBDB5,0xB5B5,0xB5B5,0xBDB5,0xBDB5,0xB595,0xB595,
    0xB595,0xB595,0xB595,0xB595,0xB595,0xBDB5,0xB595,0xB595,0xB595,0xB575,0xB574,0xB574,
    0xB595,0xB595,0xB595,0xB595,0xB595,0xB595,0xB595,0xB595,0xB595,0xB595,0xBDB5,0xB5B5,
    0xB5B5,0xBDB5,0xBDB5,0xB595,0xB595,0xB575,0xB595,0xB595,0xB595,0xB595,0xB595,0xBDB5,
    0xBDD6,0xBDD6,0xB595,0xB595,0xB595,0xB595,0xB5B5,0xBDB6,0xB5B5,0xB5B5,0xB595,0xB595,
    0xB595,0xB595,0xB595,0xB595,0xB595,0xB575,0xB575,0xB595,0xBDB5,0xBDB5,0xB595,0xB595,
    0xB595,0xB595,0xB595,0xB5B5,0xBDB5,0xB5B5,0xBDB5,0xBDB5,0xB595,0xB595,0xB595,0xB595,
    0xB5B5,0xBDB5,0xB595,0xB595,0xB595,0xB595,0xB595,0xB575,0xB575,0xB595,0xB595,0xB575,
    0xB574,0xB574,0xAD74,0xAD74,0xB574,0xB595,0xB595,0xB575,0xB575,0xB575,0xB575,0xB595,
    0xB595,0xB595,0xAD74,0xAD74,0xAD54,0xAD54,0xAD74,0xAD74,0xAD54,0xB575,0xB595,0xB574,
    0xAD74,0xAD74,0xAD74,0xAD74,0xAD74,0xAD74,0xAD74,0xB575,0xB575,0xB595,0xB5B5,0xBDB5,
    0xBDB5,0xB595,0xB595,0xB595,0xB595,0xB595,0xB595,0xB575,0xB575,0xB5B5,0xB595,0xB575,
    0xB575,0xB575,0xB575,0xB575,0xAD74,0xAD54,0xAD54,0xAD54,0xAD54,0xAD54,0xAD54,0xAD74,
    0xB574,0xB575,0xB575,0xB574,0xB595,0xBDB5,0xB595,0xB575,0xAD74,0xAD74,0xB574,0xB574,
    0xAD74,0xAD74,0xAD74,0xAD74,0xAD74,0xB574,0xAD74,0xAD74,0xB595,0xB595,0xB575,0xAD54,
    0xB574,0xAD74,0xAD74,0xAD74,0xB574,0xB595,0xB575,0xB575,0xAD74,0xAD74,0xB575,0xB575,
    0xB575,0xB575,0xB595,0xAD74,0xAD74,0xAD54,0xAD54,0xB574,0xB595,0xB595,0xB595,0xB595,
    0xB595,0xB595,0xB595,0xB595,0xB595,0xB575,0xB575,0xB575,0xB595,0xBDD6,0xBDD6,0xB5B5,
    0xB595,0xB595,0xB595,0xB575,0xB595,0xB595,0xB595,0xB595,0xB595,0xBDB5,0xB595,0xB595,
    0xBDB5,0xBDB5,0xBDD6,0xBDB6,0xBDD6,0xBDD6,0xBDD6,0xBDD6,0xBDD6,0xBDD6,0xBDD6,0xBDD6,
    0xBDD6,0xBDD6,0xBDD6,0xBDD6,0xBDD6,0xBDF6,0xBDF6,0xC5F6,0xC5F6,0xBDF6,0xBDF6,0xBDF6,
    0xBDF6,0xC5F6,0xBDD6,0xC5F6,0xBDF6,0xBDF6,0xBDD6,0xBDD6,0xBDD6,0xBDD6,0xBDD6,0xBDD6,
    0xBDD6,0xBDD6,0xBDD6,0xBDD6,0xBDD6,0xBDD6,0xBDD6,0xBDD6,0xBDD6,0xBDD6,0xBDD6,0xBDD6,
    0xBDD6,0xBDD6,0xBDD6,0xC5F6,0xC5F6,0xBDF6,0xBDF6,0xBDF6,0xC5F7,0xC5F6,0xC5F6,0xBDF6,
    0xBDF6,0xC5F7,0xC617,0xC617,0xC5F6,0xC5F7,0xC617,0xC617,0xC617,0xC617,0xC617,0xC617,
    0xC617,0xC617,0xC5F7,0xC617,0xC617,0xC617,0xC617,0xC617,0xC617,0xC617,0xC5F7,0xC5F7,
    0xBDF6,0xBDD6,0xBDF6,0xC5F6,0xC5F7,0xBDD6,0xBDD6,0xBDD6,0xBDD6,0xBDB5,0xBDB5,0xBDB5,
    0xBDB5,0xBDB5,0xB5B5,0xBDB5,0xBDB5,0xB5B5,0xB595,0xB5B5,0xBDB5,0xBDB5,0xBDD6,0xBDD6,
    0xBDB5,0xB595,0xBDB5,0xB5B5,0xB595,0xBDB5,0xB595,0xB595,0xB5B5,0xB595,0xB595,0xB595,
    0xB595,0xB595,0xB595,0xB595,0xB595,0xB575,0xB574,0xB575,0xAD74,0xAD54,0xAD54,0xAD54,
    0xAD54,0xB574,0xAD74,0xB595,0xB595,0xB595,0xB595,0xB595,0xB595,0xB595,0xB595,0xB574,
    0xB575,0xB595,0xB595,0xB595,0xB595,0xB595,0xB595,0xB595,0xB5B5,0xB595,0xB5B5,0xBDB5,
    0xB595,0xB595,0xB595,0xB595,0xB595,0xB595,0xB595,0xB595,0xB595,0xB5B5,0xB595,0xB574,
    0xB574,0xAD74,0xB574,0xB575,0xB574,0xB574,0xAD74,0xB574,0xB575,0xB595,0xB5B5,0xB595,
    0xB595,0xB595,0xBDB5,0xBDD6,0xBDD6,0xBDB6,0xBDB5,0xBDB6,0xBDB5,0xB595,0xB595,0xB595,
    0xB575,0xB595,0xB595,0xB595,0xB595,0xB595,0xB595,0xBDD6,0xBDD6,0xBDF6,0xBDB6,0xB595,
    0xB595,0xB595,0xB595,0xB595,0xB595,0xB575,0xB574,0xB575,0xB574,0xB575,0xB575,0xB575,
    0xB595,0xB595,0xB595,0xB595,0xB5B5,0xB595,0xB595,0xB595,0xB595,0xB595,0xB595,0xB595,
    0xB595,0xB595,0xB575,0xB595,0xB575,0xB595,0xB595,0xB595,0xB595,0xB5B5,0xB595,0xB595,
    0xB595,0xB595,0xB595,0xB595,0xB5B5,0xB5B5,0xB595,0xB595,0xB595,0xBDB5,0xBDB5,0xBDB5,
    0xB595,0xB595,0xB595,0xB595,0xB595,0xB595,0xB595,0xB595,0xBDB5,0xB5B5,0xB595,0xB595,
    0xB595,0xBDD6,0xBDD6,0xBDD6,0xBDD6,0xBDD6,0xBDF6,0xBDF6,0xC5F6,0xC5F7,0xC5F7,0xC5F7,
    0xC5F7,0xC5F7,0xBDD6,0xBDB5,0xB595,0xB595,0xB574,0xB575,0xAD74,0xAD74,0xAD74,0xB574,
    0xB575,0xB595,0xB595,0xB595,0xB5B5,0xB5B5,0xB595,0xB595,0xB595,0xB595,0xB595,0xB595,
    0xB595,0xB595,0xB595,0xB595,0xB575,0xB575,0xB595,0xB595,0xB595,0xB595,0xB595,0xB595,
    0xB595,0xB595,0xB595,0xB595,0xB595,0xB595,0xB595,0xB595,0xB595,0xB595,0xB595,0xBDB5,
    0xBDB5,0xB5B5,0xBDB5,0xBDD6,0xBDD6,0xBDB5,0xBDB5,0xBDB6,0xB595,0xB595,0xB595,0xB595,
    0xB595,0xB595,0xB595,0xB595,0xB575,0xB575,0xB595,0xB595,0xB595,0xB595,0xB595,0xB595,
    0xB595,0xB595,0xB595,0xB595,0xB575,0xB595,0xB595,0xB575,0xB575,0xB575,0xB595,0xB595,
    0xB595,0xB595,0xB575,0xB575,0xB595,0xB595,0xB575,0xB575,0xB595,0xB574,0xB574,0xB574,
    0xB574,0xB574,0xB574,0xB575,0xB575,0xAD74,0xB575,0xB595,0xB595,0xB595,0xB595,0xB595,
    0xB595,0xB595,0xB575,0xB595,0xB595,0xB575,0xB575,0xB595,0xBDB5,0xBDB5,0xB595,0xB575,
    0xB575,0xB595,0xB575,0xB575,0xB574,0xB574,0xAD74,0xB575,0xB574,0xAD74,0xB574,0xB595,
    0xB595,0xB575,0xB575,0xB575,0xB575,0xB575,0xB595,0xB575,0xB595,0xB595,0xB595,0xB5B5,
    0xBDB5,0xBDB5,0xBDD6,0xBDD6,0xBDD6,0xB595,0xB575,0xB595,0xB575,0xB575,0xAD74,0xAD74,
    0xAD74,0xAD74,0xAD74,0xAD54,0xAD54,0xAD74,0xAD74,0xAD74,0xB575,0xB575,0xB595,0xB595,
    0xB595,0xB595,0xB595,0xB595,0xB595,0xB575,0xB574,0xB575,0xB595,0xB595,0xB575,0xB575,
    0xAD74,0xAD74,0xAD74,0xAD54,0xAD54,0xAD54,0xAD54,0xAD74,0xB575,0xAD74,0xAD74,0xAD74,
    0xAD74,0xB574,0xB575,0xB595,0xB575,0xB575,0xB575,0xAD74,0xAD74,0xB595,0xB595,0xB595,
    0xB595,0xB595,0xB575,0xB595,0xB595,0xB595,0xB595,0xB595,0xB595,0xB595,0xB595,0xB595,
    0xB595,0xB575,0xB575,0xB595,0xB595,0xBDB5,0xBDB5,0xBDB5,0xB595,0xBDB5,0xBDB5,0xBDB5,
    0xBDB5,0xB595,0xB595,0xB595,0xB575,0xB575,0xB595,0xB595,0xB595,0xB595,0xB595,0xB595,
    0xB5B5,0xBDB5,0xBDD6,0xBDD6,0xBDF6,0xBDF6,0xBDF6,0xBDD6,0xBDD6,0xBDD6,0xBDD6,0xBDD6,
    0xBDD6,0xBDD6,0xBDD6,0xBDF6,0xBDD6,0xBDF6,0xBDF6,0xBDF6,0xBDD6,0xBDD6,0xBDD6,0xBDF6,
    0xBDF6,0xBDF6,0xBDD6,0xBDF6,0xBDD6,0xBDD6,0xBDD6,0xBDD6,0xBDF6,0xC5F6,0xC5F6,0xC5F6,
    0xC5F6,0xBDF6,0xC5F6,0xC5F6,0xC5F6,0xBDF6,0xBDD6,0xBDD6,0xBDF6,0xBDD6,0xBDB6,0xBDD6,
    0xBDD6,0xBDD6,0xBDD6,0xBDD6,0xC5F7,0xC617,0xC617,0xC617,0xC617,0xC5F7,0xC617,0xC617,
    0xC637,0xC637,0xC617,0xC617,0xC637,0xC617,0xC617,0xC617,0xC617,0xC617,0xC617,0xC617,
    0xC617,0xC5F7,0xC5F7,0xC617,0xC5F6,0xC5F7,0xC5F7,0xC5F7,0xC5F6,0xBDF6,0xBDD6,0xBDD6,
    0xBDF6,0xC5F7,0xC5F7,0xC5F7,0xBDD6,0xBDD6,0xBDB5,0xBDB6,0xBDD6,0xBDD6,0xBDB6,0xBDB5,
    0xB5B5,0xB595,0xB595,0xB595,0xB595,0xB595,0xB595,0xB595,0xB595,0xB575,0xB575,0xB575,
    0xB574,0xB575,0xB595,0xB595,0xB595,0xB595,0xB595,0xB575,0xB575,0xB595,0xB595,0xB575,
    0xAD74,0xAD74,0xB575,0xB575,0xAD74,0xAD54,0xAD74,0xB575,0xB575,0xB595,0xB595,0xB595,
    0xB595,0xB595,0xB595,0xB575,0xB595,0xB595,0xB595,0xB574,0xAD74,0xB574,0xAD74,0xB575,
    0xB575,0xAD74,0xB575,0xB595,0xB595,0xB595,0xB595,0xB575,0xB595,0xB595,0xB595,0xB595,
    0xB595,0xB595,0xB595,0xB5B5,0xBDB5,0xB595,0xB595,0xB595,0xB575,0xAD74,0xAD74,0xB574,
    0xB574,0xB575,0xB575,0xB575,0xB595,0xBDD6,0xBDD6,0xB595,0xB595,0xB595,0xB595,0xB575,
    0xB575,0xB595,0xB595,0xBDB5,0xB5B5,0xBDB6,0xBDB5,0xB595,0xB595,0xB575,0xB575,0xB595,
    0xB595,0xB575,0xB574,0xB575,0xB575,0xB595,0xB595,0xB595,0xB595,0xBDD6,0xBDB5,0xB595,
    0xB595,0xB595,0xBDB5,0xB5B5,0xB595,0xB595,0xB595,0xB595,0xB5B5,0xB595,0xB595,0xBDB5,
    0xBDB5,0xB595,0xB595,0xB595,0xB595,0xB595,0xB595,0xB595,0xB5B5,0xB595,0xB595,0xB595,
    0xB595,0xB595,0xB595,0xB595,0xB595,0xB595,0xB595,0xB595,0xB595,0xB595,0xB595,0xB595,
    0xB595,0xB595,0xB5B5,0xB595,0xB595,0xB595,0xB595,0xB5B5,0xB595,0xB595,0xB595,0xB595,
    0xBDB5,0xBDB5,0xB5B5,0xBDB5,0xBDD6,0xBDF6,0xBDD6,0xBDD6,0xBDB5,0xBDB5,0xBDB5,0xBDB5,
    0xBDB5,0xBDD6,0xBDB5,0xBDB5,0xBDD6,0xBDD6,0xBDB5,0xBDD6,0xBDD6,0xBDD6,0xBDB5,0xBDB5,
    0xB595,0xAD54,0xAD54,0xAD54,0xAD54,0xAD54,0xAD74,0xB574,0xAD54,0xAD54,0xAD54,0xAD74,
    0xB574,0xB595,0xB595,0xB574,0xB575,0xAD74,0xAD74,0xAD74,0xB595,0xB575,0xB575,0xB574,
    0xB574,0xB575,0xB595,0xB595,0xB5B5,0xBDB5,0xBDD6,0xBDB5,0xBDD6,0xBDD6,0xBDD6,0xB5B5,
    0xB595,0xB595,0xB595,0xB595,0xB595,0xB595,0xB595,0xBDB5,0xBDD6,0xBDB5,0xBDB5,0xBDD6,
    0xBDB5,0xBDB5,0xBDB6,0xBDD6,0xB595,0xB595,0xB595,0xB595,0xB595,0xB595,0xB595,0xB595,
    0xB595,0xB595,0xB595,0xB595,0xB595,0xB575,0xB574,0xB575,0xB574,0xB575,0xB575,0xB575,
    0xB575,0xB575,0xB575,0xB575,0xB595,0xB575,0xB595,0xB595,0xB574,0xAD74,0xB574,0xB575,
    0xB574,0xB574,0xB574,0xB595,0xB574,0xB595,0xB595,0xB575,0xB574,0xB574,0xB575,0xB595,
    0xB575,0xAD74,0xAD74,0xB574,0xB574,0xB574,0xB575,0xB595,0xB575,0xB575,0xB575,0xB575,
    0xB595,0xB595,0xB595,0xB595,0xB595,0xB595,0xB595,0xB595,0xB575,0xB595,0xB595,0xB595,
    0xB575,0xAD74,0xB574,0xB595,0xB575,0xB595,0xB595,0xB575,0xB575,0xAD74,0xAD54,0xAD54,
    0xAD54,0xAD54,0xAD54,0xAD54,0xAD54,0xAD54,0xAD54,0xAD54,0xB575,0xB574,0xB574,0xB575,
    0xB575,0xAD74,0xB575,0xB595,0xB595,0xB595,0xB5B5,0xB595,0xB574,0xB575,0xB575,0xB574,
    0xAD74,0xB574,0xB574,0xAD74,0xB575,0xB595,0xB595,0xB595,0xB595,0xBDB5,0xBDB6,0xB595,
    0xB595,0xB595,0xB595,0xB595,0xB575,0xB595,0xB595,0xB595,0xB595,0xB595,0xB595,0xB595,
    0xB595,0xB575,0xAD74,0xAD74,0xAD74,0xAD74,0xAD54,0xB574,0xB595,0xB595,0xB595,0xBDB5,
    0xBDB5,0xB595,0xBDB5,0xB595,0xAD54,0xAD54,0xB575,0xB595,0xB595,0xB595,0xB5B5,0xB595,
    0xB595,0xB595,0xB595,0xB5B5,0xB595,0xB595,0xB595,0xB595,0xBDB5,0xBDB5,0xBDB5,0xB595,
    0xBDD6,0xB595,0xB595,0xB595,0xB595,0xBDB5,0xBDB6,0xBDD6,0xBDD6,0xBDB5,0xBDB5,0xB5B5,
    0xB595,0xB595,0xB595,0xB595,0xBDB5,0xBDD6,0xBDB6,0xBDD6,0xBDD6,0xBDD6,0xBDD6,0xBDD6,
    0xBDB6,0xBDB5,0xBDD6,0xBDD6,0xBDD6,0xBDD6,0xBDF6,0xBDF6,0xBDD6,0xBDD6,0xBDD6,0xBDD6,
    0xBDD6,0xBDD6,0xBDD6,0xBDD6,0xBDD6,0xBDD6,0xBDD6,0xBDD6,0xBDD6,0xBDD6,0xBDD6,0xC5F6,
    0xC5F6,0xBDD6,0xBDD6,0xBDD6,0xBDB5,0xBDB5,0xBDB5,0xBDB5,0xBDB5,0xBDD6,0xBDD6,0xBDD6,
    0xBDD6,0xBDD6,0xBDD6,0xBDD6,0xBDD6,0xBDD6,0xBDD6,0xBDD6,0xBDD6,0xBDD6,0xBDB6,0xBDD6,
    0xBDD6,0xC617,0xC617,0xC617,0xC637,0xC637,0xCE37,0xCE58,0xCE58,0xC637,0xC617,0xC617,
    0xC617,0xC617,0xC617,0xC617,0xC617,0xC617,0xC617,0xC617,0xC617,0xC617,0xC617,0xC617,
    0xC617,0xC617,0xC617,0xC617,0xC5F7,0xC5F6,0xBDF6,0xBDD6,0xBDD6,0xBDD6,0xBDD6,0xBDD6,
    0xBDB6,0xBDD6,0xBDD6,0xBDB5,0xBDB5,0xBDB6,0xB5B5,0xB595,0xB595,0xB595,0xB595,0xB5B5,
    0xBDB5,0xBDB6,0xBDB5,0xB5B5,0xB595,0xB575,0xB574,0xB574,0xB595,0xB595,0xB574,0xB575,
    0xB595,0xB574,0xB574,0xAD74,0xB575,0xB595,0xB575,0xB575,0xB575,0xB574,0xB575,0xB574,
    0xAD54,0xB574,0xB574,0xB574,0xB574,0xB575,0xB575,0xB575,0xB595,0xB595,0xB595,0xB595,
    0xB595,0xB595,0xB595,0xB575,0xB595,0xB595,0xB595,0xB595,0xB575,0xB574,0xB574,0xB575,
    0xB574,0xB575,0xB575,0xAD74,0xAD74,0xB575,0xB575,0xB595,0xB595,0xBDB5,0xB595,0xB595,
    0xB595,0xB575,0xB595,0xB5B5,0xB595,0xB595,0xB595,0xB595,0xB595,0xB595,0xB5B5,0xBDB5,
    0xBDB5,0xBDB5,0xB5B5,0xB595,0xB595,0xB575,0xB574,0xB574,0xB595,0xB595,0xB595,0xBDB5,
    0xB595,0xB5B5,0xB595,0xBDB5,0xB5B5,0xB595,0xB595,0xB5B5,0xB595,0xB5B5,0xB595,0xB595,
    0xB595,0xB575,0xB575,0xB595,0xB595,0xBDB5,0xBDB5,0xB5B5,0xB595,0xB5B5,0xBDD6,0xB5B5,
    0xB595,0xBDD6,0xBDD6,0xBDD6,0xBDB5,0xBDB5,0xBDB6,0xBDD6,0xBDD6,0xBDD6,0xB595,0xB595,
    0xB595,0xB595,0xBDB5,0xB5B5,0xB5B5,0xB595,0xB595,0xB595,0xB575,0xB575,0xB595,0xB595,
    0xB595,0xB595,0xB595,0xB595,0xB575,0xB574,0xB595,0xB575,0xB574,0xB595,0xBDB5,0xBDB5,
    0xB595,0xB595,0xB575,0xB575,0xB595,0xB595,0xB595,0xB595,0xB5B5,0xBDB5,0xBDB5,0xBDD6,
    0xBDD6,0xBDD6,0xBDB5,0xB595,0xB5B5,0xB595,0xB595,0xB595,0xB595,0xB595,0xB595,0xBDB5,
    0xBDB5,0xBDB5,0xB5B5,0xBDB5,0xBDD6,0xBDB6,0xBDB5,0xB595,0xB595,0xB575,0xAD54,0xAD54,
    0xAD54,0xAD54,0xAD74,0xB574,0xB574,0xAD74,0xAD74,0xAD74,0xB575,0xB595,0xB595,0xB575,
    0xB574,0xB574,0xB575,0xB575,0xB595,0xB595,0xB574,0xAD74,0xB575,0xB595,0xB595,0xB595,
    0xBDD6,0xBDD6,0xBDD6,0xBDD6,0xBDB5,0xBDB6,0xBDD6,0xBDD6,0xBDD6,0xC5F7,0xBDD6,0xB595,
    0xB595,0xB595,0xB595,0xB595,0xB595,0xB595,0xB595,0xB595,0xB595,0xB595,0xB595,0xB595,
    0xB595,0xB595,0xB595,0xB595,0xBDB6,0xBDD6,0xB595,0xB5B5,0xBDB5,0xBDB5,0xB595,0xB595,
    0xB595,0xB575,0xB575,0xB574,0xB575,0xB595,0xB595,0xB595,0xB575,0xB595,0xB595,0xB575,
    0xB595,0xB595,0xB595,0xB595,0xB575,0xB574,0xB575,0xB595,0xB574,0xB575,0xB575,0xB595,
    0xB5B5,0xB595,0xB575,0xB595,0xB575,0xB575,0xB575,0xB575,0xB575,0xB595,0xB595,0xBDB5,
    0xB595,0xB595,0xB595,0xB595,0xB595,0xB595,0xB595,0xB595,0xB595,0xB5B5,0xB595,0xB595,
    0xB595,0xB595,0xB575,0xB595,0xB595,0xB575,0xB574,0xB574,0xB574,0xAD74,0xAD54,0xAD54,
    0xAD54,0xAD54,0xAD54,0xAD74,0xB574,0xB574,0xAD54,0xAD54,0xAD54,0xAD54,0xAD54,0xAD54,
    0xAD54,0xAD54,0xAD54,0xAD74,0xB574,0xB575,0xB575,0xB574,0xAD54,0xAD54,0xAD54,0xAD74,
    0xB575,0xB575,0xB595,0xB575,0xB574,0xAD54,0xAD54,0xAD54,0xB574,0xB595,0xB575,0xB574,
    0xB574,0xB574,0xB595,0xB595,0xB595,0xB595,0xB575,0xB575,0xB575,0xB574,0xB595,0xB575,
    0xB574,0xB574,0xB574,0xB574,0xB595,0xB595,0xB595,0xB595,0xB595,0xB575,0xB595,0xB595,
    0xB595,0xB575,0xB575,0xB575,0xB595,0xB595,0xBDB5,0xBDB5,0xB595,0xB595,0xB595,0xB595,
    0xB575,0xAD74,0xAD54,0xB595,0xB595,0xB595,0xB595,0xB595,0xB595,0xB595,0xB595,0xB5B5,
    0xB5B5,0xB595,0xB595,0xB595,0xB5B5,0xB595,0xB595,0xB595,0xB595,0xB595,0xB5B5,0xBDB5,
    0xBDB5,0xBDD6,0xBDD6,0xBDD6,0xBDD6,0xBDD6,0xBDD6,0xBDB6,0xBDB5,0xBDD6,0xBDB5,0xBDB5,
    0xBDB5,0xBDB5,0xBDB5,0xBDB6,0xBDD6,0xBDD6,0xBDD6,0xBDB5,0xBDB5,0xBDB5,0xB5B5,0xB595,
    0xBDB5,0xBDB6,0xBDB5,0xBDB5,0xBDB5,0xBDB5,0xBDD6,0xBDD6,0xBDD6,0xBDD6,0xBDB5,0xBDD6,
    0xBDD6,0xBDD6,0xBDD6,0xBDD6,0xBDD6,0xBDD6,0xBDD6,0xBDD6,0xBDD6,0xBDD6,0xBDD6,0xBDB5,
    0xB595,0xB595,0xB595,0xB595,0xB595,0xB595,0xB595,0xB595,0xB595,0xBDB5,0xBDD6,0xBDD6,
    0xBDD6,0xBDD6,0xBDD6,0xBDD6,0xBDD6,0xBDD6,0xBDD6,0xBDB6,0xBDB5,0xBDD6,0xBDD6,0xC5F7,
    0xBDF6,0xBDF6,0xC617,0xC617,0xC617,0xC617,0xC617,0xC617,0xC617,0xC5F7,0xC5F7,0xC617,
    0xC617,0xC617,0xC617,0xC617,0xC617,0xC617,0xC617,0xC617,0xC617,0xC617,0xC5F7,0xC5F6,
    0xC5F7,0xC5F6,0xC5F6,0xBDF6,0xBDD6,0xBDD6,0xBDD6,0xBDD6,0xBDD6,0xBDD6,0xB595,0xB595,
    0xB595,0xB595,0xB575,0xAD74,0xAD74,0xAD74,0xAD74,0xB574,0xB575,0xB595,0xB575,0xB595,
    0xB595,0xB575,0xB575,0xAD74,0xAD74,0xAD74,0xAD54,0xB595,0xB595,0xAD54,0xAD54,0xAD54,
    0xAD54,0xAD54,0xAD54,0xAD74,0xAD54,0xAD54,0xB575,0xAD74,0xAD54,0xAD74,0xB574,0xB574,
    0xAD74,0xB574,0xAD74,0xB574,0xB595,0xAD74,0xB575,0xB595,0xBDB5,0xB595,0xB595,0xB595,
    0xB595,0xB574,0xB575,0xB575,0xAD74,0xB574,0xB575,0xB595,0xB595,0xB575,0xB574,0xAD74,
    0xAD74,0xAD74,0xB575,0xB595,0xB595,0xB595,0xB595,0xB595,0xB595,0xB575,0xB5B5,0xBDB5,
    0xB595,0xB595,0xBDB6,0xB5B5,0xB595,0xB595,0xB595,0xB595,0xB595,0xB595,0xB595,0xB595,
    0xB595,0xB575,0xB575,0xB595,0xB595,0xB595,0xB5B5,0xBDD6,0xBDD6,0xB595,0xB5B5,0xBDB5,
    0xBDB6,0xBDB5,0xBDB5,0xB595,0xB595,0xB595,0xB595,0xB595,0xB595,0xB595,0xB595,0xB595,
    0xB595,0xBDB5,0xBDD6,0xBDD6,0xB595,0xBDB5,0xB595,0xB595,0xB595,0xB5B5,0xBDB5,0xBDB5,
    0xBDB5,0xBDD6,0xBDD6,0xBDF6,0xBDD6,0xBDD6,0xBDD6,0xBDD6,0xBDB5,0xBDB5,0xBDB6,0xB5B5,
    0xB5B5,0xB595,0xB595,0xB595,0xB595,0xB595,0xB595,0xB595,0xB5B5,0xB595,0xB595,0xB595,
    0xB575,0xB595,0xB595,0xB575,0xB575,0xB595,0xB595,0xB595,0xB595,0xB595,0xBDB5,0xBDD6,
    0xBDB5,0xB5B5,0xB595,0xB595,0xB595,0xB575,0xB5B5,0xBDD6,0xBDB6,0xB595,0xB575,0xB574,
    0xB595,0xB595,0xB595,0xB575,0xB575,0xB595,0xBDB5,0xB595,0xB595,0xB595,0xB595,0xB595,
    0xB595,0xB595,0xB575,0xB595,0xB595,0xB575,0xB574,0xB574,0xB575,0xAD74,0xAD74,0xB575,
    0xB575,0xB595,0xB575,0xB574,0xAD74,0xAD74,0xB595,0xB595,0xB574,0xB574,0xB575,0xB575,
    0xAD54,0xB574,0xB575,0xB575,0xB595,0xB595,0xB595,0xB5B5,0xB5B5,0xBDD6,0xBDB5,0xB595,
    0xB595,0xB595,0xB5B5,0xB595,0xBDB5,0xBDB5,0xBDD6,0xBDB5,0xB595,0xB595,0xB595,0xB595,
    0xBDB5,0xB5B5,0xB575,0xB575,0xB595,0xB595,0xB595,0xB575,0xB595,0xB595,0xB595,0xB595,
    0xB595,0xB575,0xB595,0xB595,0xB595,0xB595,0xB595,0xB595,0xB595,0xB5B5,0xB595,0xB595,
    0xB595,0xB595,0xB595,0xB595,0xB595,0xB595,0xB595,0xB595,0xB595,0xB595,0xB595,0xB595,
    0xB595,0xB595,0xB595,0xB595,0xB5B5,0xB595,0xB595,0xB575,0xB595,0xB575,0xB575,0xB595,
    0xB595,0xB595,0xB595,0xB575,0xB575,0xB595,0xBDB5,0xBDB5,0xB595,0xB595,0xB575,0xB574,
    0xB574,0xB575,0xB595,0xB575,0xB595,0xB5B5,0xBDB5,0xB595,0xB595,0xB595,0xB595,0xB595,
    0xB575,0xB574,0xAD54,0xAD54,0xAD54,0xAD54,0xAD54,0xAD34,0xAD34,0xAD34,0xAD54,0xAD54,
    0xAD54,0xAD74,0xAD74,0xAD54,0xAD54,0xAD54,0xB574,0xAD74,0xB574,0xB575,0xB575,0xB574,
    0xB574,0xB575,0xB595,0xB595,0xB575,0xB595,0xB595,0xB575,0xB575,0xB575,0xB575,0xB574,
    0xB574,0xB574,0xB575,0xB574,0xB574,0xB575,0xB595,0xB595,0xB575,0xB575,0xB575,0xB574,
    0xB575,0xB575,0xB574,0xB595,0xB595,0xB575,0xB595,0xB595,0xB595,0xB575,0xAD74,0xB574,
    0xB574,0xAD74,0xB574,0xB595,0xB595,0xB595,0xB595,0xB595,0xB595,0xB575,0xB574,0xAD54,
    0xAD54,0xAD54,0xAD54,0xAD54,0xAD74,0xB595,0xBDB5,0xB5B5,0xB595,0xB574,0xAD74,0xAD74,
    0xAD74,0xAD74,0xB575,0xB575,0xB575,0xB595,0xB595,0xB575,0xBDB5,0xBDB5,0xB595,0xB595,
    0xB595,0xB595,0xBDB5,0xBDD6,0xBDD6,0xBDD6,0xBDD6,0xBDD6,0xBDD6,0xBDD6,0xBDD6,0xBDD6,
    0xBDD6,0xBDD6,0xBDD6,0xBDD6,0xBDD6,0xBDD6,0xBDB5,0xB595,0xBDB5,0xB5B5,0xBDB5,0xBDB5,
    0xB5B5,0xB595,0xBDB5,0xBDB6,0xBDB5,0xBDB5,0xB5B5,0xB595,0xB595,0xBDB5,0xB595,0xB5B5,
    0xBDB5,0xBDB5,0xB595,0xB595,0xB595,0xB5B5,0xB595,0xB595,0xBDD6,0xBDD6,0xBDD6,0xBDF6,
    0xC5F7,0xC5F7,0xC5F6,0xBDD6,0xBDD6,0xBDF6,0xBDD6,0xBDD6,0xB5B5,0xB595,0xBDB5,0xB595,
    0xBDB5,0xBDB6,0xBDD6,0xBDD6,0xBDD6,0xBDD6,0xBDD6,0xBDD6,0xBDD6,0xBDF6,0xBDD6,0xBDD6,
    0xBDD6,0xBDF6,0xBDD6,0xBDD6,0xBDD6,0xBDD6,0xBDD6,0xBDD6,0xBDD6,0xBDD6,0xBDF6,0xBDD6,
    0xC5F7,0xC617,0xC617,0xC617,0xC617,0xC617,0xC617,0xC617,0xC617,0xC617,0xC617,0xC617,
    0xC617,0xC637,0xC617,0xC617,0xC5F7,0xBDD6,0xBDD6,0xBDD6,0xBDD6,0xBDD6,0xBDD6,0xBDD6,
    0xBDD6,0xBDD6,0xBDD6,0xBDB5,0xB5B5,0xB5B5,0xB595,0xB595,0xB575,0xB575,0xB595,0xB595,
    0xB575,0xB574,0xB574,0xB574,0xB574,0xAD74,0xAD74,0xAD74,0xAD54,0xAD54,0xAD54,0xAD54,
    0xAD54,0xAD54,0xAD54,0xAD74,0xB575,0xAD74,0xAD54,0xAD54,0xAD54,0xAD34,0xAD34,0xAD34,
    0xAD33,0xAD33,0xAD33,0xAD33,0xAD34,0xAD34,0xAD34,0xAD54,0xAD74,0xAD54,0xAD74,0xAD74,
    0xAD54,0xAD54,0xAD74,0xB595,0xB595,0xB595,0xB575,0xB575,0xB595,0xB595,0xB595,0xB575,
    0xB574,0xB574,0xB595,0xB575,0xB595,0xB575,0xB595,0xB595,0xB595,0xB595,0xB595,0xB595,
    0xB595,0xB595,0xB595,0xB595,0xB595,0xB595,0xB595,0xB5B5,0xB595,0xB595,0xBDB5,0xBDB5,
    0xB595,0xB574,0xB574,0xB595,0xB595,0xB595,0xBDB5,0xBDB5,0xBDB5,0xBDB5,0xB595,0xB5B5,
    0xB5B5,0xBDB5,0xBDD6,0xBDD6,0xBDD6,0xBDD6,0xBDD6,0xBDB5,0xBDB5,0xB595,0xB595,0xB595,
    0xB595,0xB5B5,0xBDB5,0xB5B5,0xB595,0xBDB5,0xBDB5,0xBDB5,0xBDD6,0xBDD6,0xBDD6,0xBDD6,
    0xBDD6,0xBDB5,0xBDB5,0xBDB5,0xBDB5,0xBDB5,0xBDB5,0xBDB5,0xB5B5,0xBDB5,0xBDD6,0xBDD6,
    0xBDD6,0xBDD6,0xBDD6,0xBDD6,0xBDD6,0xBDD6,0xBDD6,0xBDD6,0xBDD6,0xB5B5,0xB5B5,0xBDB5,
    0xBDB5,0xBDB5,0xB595,0xB595,0xB595,0xB595,0xB595,0xB595,0xB595,0xB595,0xB595,0xB595,
    0xB595,0xB595,0xB595,0xB595,0xB595,0xB595,0xBDB5,0xBDB5,0xBDB6,0xBDD6,0xBDB5,0xB595,
    0xB574,0xB595,0xB575,0xB595,0xB595,0xB595,0xBDD6,0xBDD6,0xB5B5,0xB574,0xB575,0xB595,
    0xBDB5,0xBDB5,0xB595,0xB575,0xB595,0xB595,0xB595,0xB574,0xB575,0xB595,0xB595,0xB595,
    0xB595,0xB575,0xAD74,0xB574,0xB595,0xB575,0xB575,0xB575,0xB575,0xB575,0xAD74,0xAD74,
    0xB574,0xB574,0xB575,0xB595,0xB575,0xB595,0xB574,0xAD74,0xAD74,0xB574,0xB574,0xB574,
    0xB595,0xB595,0xB5B5,0xB5B5,0xBDB5,0xB5B5,0xBDB5,0xB595,0xBDB5,0xBDB5,0xBDB5,0xB595,
    0xBDB5,0xBDB5,0xB595,0xB5B5,0xBDB5,0xB595,0xB575,0xB575,0xB575,0xB574,0xAD74,0xAD74,
    0xAD74,0xAD74,0xB575,0xB595,0xB574,0xB575,0xB575,0xB575,0xB574,0xAD74,0xAD74,0xAD74,
    0xB574,0xB574,0xAD74,0xB574,0xB575,0xB595,0xB595,0xB575,0xB595,0xB595,0xB595,0xB595,
    0xB595,0xB5B5,0xB595,0xB595,0xB595,0xB595,0xB595,0xB595,0xB595,0xB595,0xB595,0xB5B5,
    0xB595,0xB595,0xB595,0xB595,0xB595,0xB595,0xB5B5,0xB595,0xB595,0xAD74,0xB574,0xB574,
    0xB595,0xB595,0xB595,0xB574,0xB575,0xB575,0xB595,0xB595,0xB595,0xB595,0xB595,0xB575,
    0xAD74,0xAD74,0xB595,0xB5B5,0xB5B5,0xBDD6,0xBDF6,0xBDB5,0xB574,0xAD74,0xAD74,0xAD74,
    0xB574,0xAD74,0xAD54,0xAD34,0xAD54,0xAD54,0xAD54,0xAD54,0xAD54,0xAD54,0xAD54,0xAD54,
    0xAD74,0xAD74,0xB575,0xB575,0xB575,0xB575,0xB595,0xB595,0xB595,0xB575,0xB595,0xB595,
    0xB595,0xB575,0xB575,0xB575,0xAD74,0xB575,0xB575,0xB574,0xB574,0xAD74,0xB574,0xB595,
    0xB595,0xB595,0xB575,0xB574,0xB595,0xB574,0xB574,0xAD74,0xB575,0xB595,0xB595,0xBDB5,
    0xBDB5,0xB595,0xB5B5,0xBDB5,0xB5B5,0xB595,0xB595,0xB595,0xB595,0xB595,0xB574,0xB595,
    0xB575,0xB574,0xB574,0xB574,0xB575,0xB595,0xB574,0xAD74,0xB574,0xAD74,0xAD54,0xAD54,
    0xB574,0xB595,0xB595,0xB574,0xAD54,0xAD74,0xAD54,0xAD54,0xAD54,0xAD54,0xAD54,0xAD54,
    0xAD54,0xAD74,0xB575,0xAD74,0xB575,0xB595,0xB595,0xB595,0xB595,0xB595,0xB595,0xB595,
    0xB595,0xBDB5,0xBDD6,0xBDB6,0xBDD6,0xBDD6,0xBDD6,0xBDD6,0xBDD6,0xBDD6,0xBDD6,0xBDD6,
    0xBDD6,0xBDB5,0xBDD6,0xBDD6,0xBDB5,0xBDB5,0xB5B5,0xB5B5,0xB595,0xB595,0xB595,0xB595,
    0xB595,0xB595,0xB595,0xB595,0xB595,0xB595,0xBDB5,0xBDB5,0xB5B5,0xB595,0xB575,0xAD74,
    0xB574,0xAD74,0xAD54,0xAD54,0xAD74,0xB595,0xB5B5,0xB595,0xB5B5,0xBDB5,0xBDD6,0xBDD6,
    0xBDB5,0xBDB6,0xBDB6,0xBDB6,0xBDD6,0xBDD6,0xBDD6,0xBDD6,0xBDD6,0xBDD6,0xBDD6,0xBDD6,
    0xBDD6,0xBDD6,0xBDD6,0xBDB5,0xBDD6,0xBDD6,0xBDD6,0xBDD6,0xBDD6,0xBDD6,0xBDF6,0xBDF6,
    0xBDD6,0xBDD6,0xBDD6,0xBDF6,0xBDD6,0xBDD6,0xC5F7,0xC5F7,0xC617,0xC617,0xC617,0xC617,
    0xC617,0xC617,0xC617,0xC617,0xC637,0xC637,0xC617,0xC617,0xC617,0xC617,0xC617,0xC617,
    0xC5F7,0xBDF6,0xC5F6,0xBDF6,0xBDD6,0xBDD6,0xBDB6,0xBDB5,0xBDB5,0xBDD6,0xBDD6,0xBDD6,
    0xBDD6,0xBDB6,0xB595,0xB595,0xB595,0xB595,0xB595,0xB595,0xAD54,0xAD74,0xAD54,0xAD54,
    0xAD54,0xAD54,0xAD74,0xAD74,0xAD74,0xAD74,0xAD74,0xAD54,0xAD54,0xB574,0xB574,0xB595,
    0xB595,0xAD54,0xAD54,0xAD34,0xAD54,0xAD34,0xAD54,0xAD54,0xAD34,0xAD34,0xAD34,0xAD54,
    0xAD54,0xAD34,0xA513,0xAD54,0xB575,0xAD74,0xB595,0xAD74,0xAD54,0xAD74,0xAD74,0xAD74,
    0xAD74,0xAD74,0xB574,0xAD74,0xAD74,0xB574,0xB574,0xB575,0xB575,0xB595,0xB575,0xB595,
    0xB595,0xB595,0xB595,0xB595,0xB595,0xB5B5,0xBDB5,0xB595,0xB595,0xB595,0xB595,0xB595,
    0xB595,0xB595,0xB595,0xB595,0xB595,0xB595,0xBDB5,0xBDD6,0xBDD6,0xBDB5,0xB595,0xB595,
    0xBDB5,0xBDD6,0xBDB5,0xB595,0xB5B5,0xBDB5,0xBDB5,0xBDD6,0xBDD6,0xBDD6,0xBDD6,0xBDD6,
    0xBDD6,0xBDD6,0xBDD6,0xBDD6,0xBDF6,0xBDD6,0xBDD6,0xBDD6,0xBDD6,0xBDD6,0xBDD6,0xBDD6,
    0xBDD6,0xBDD6,0xBDD6,0xBDD6,0xBDD6,0xBDD6,0xBDD6,0xBDD6,0xBDD6,0xBDD6,0xBDD6,0xBDD6,
    0xBDD6,0xBDD6,0xBDD6,0xBDB5,0xBDB5,0xBDD6,0xBDD6,0xBDD6,0xBDD6,0xBDD6,0xBDD6,0xBDD6,
    0xBDD6,0xBDB5,0xBDB5,0xBDD6,0xBDD6,0xBDD6,0xBDD6,0xBDD6,0xBDD6,0xBDB5,0xBDB6,0xBDB5,
    0xB595,0xB595,0xB595,0xB595,0xB595,0xB595,0xB5B5,0xB5B5,0xBDB5,0xB595,0xBDB5,0xBDB5,
    0xBDB5,0xBDD6,0xC617,0xBDF6,0xB5B5,0xB595,0xB595,0xB575,0xB575,0xB575,0xB575,0xB595,
    0xB575,0xB595,0xBDD6,0xB5B5,0xBDB5,0xB575,0xB575,0xB595,0xBDB5,0xB595,0xB575,0xB575,
    0xB595,0xB595,0xB575,0xB574,0xB595,0xB575,0xB574,0xB574,0xAD74,0xAD74,0xAD54,0xAD54,
    0xAD54,0xAD74,0xAD74,0xB574,0xAD74,0xAD54,0xAD74,0xAD74,0xAD74,0xAD74,0xB574,0xB574,
    0xB574,0xB574,0xB595,0xB595,0xB595,0xB575,0xB575,0xB575,0xB595,0xB595,0xB595,0xB595,
    0xBDB5,0xBDB5,0xBDB5,0xBDB5,0xBDB5,0xBDB5,0xBDB5,0xB5B5,0xBDB5,0xBDB5,0xB5B5,0xB595,
    0xB575,0xB574,0xB574,0xB574,0xB575,0xB595,0xB575,0xB575,0xB595,0xB595,0xB595,0xB575,
    0xAD74,0xAD74,0xAD74,0xB574,0xB574,0xAD74,0xB574,0xB575,0xB595,0xB595,0xB574,0xB574,
    0xAD74,0xB574,0xB575,0xB575,0xB574,0xB574,0xB595,0xB595,0xB5B5,0xB595,0xB5B5,0xB595,
    0xB595,0xB5B5,0xBDB5,0xB595,0xB595,0xB595,0xB595,0xB595,0xB595,0xB575,0xB575,0xB595,
    0xB595,0xBDD6,0xBDD6,0xB595,0xB595,0xB595,0xB595,0xB595,0xB595,0xB574,0xAD74,0xAD74,
    0xAD74,0xAD74,0xB595,0xB595,0xB595,0xB595,0xB575,0xB575,0xB575,0xB574,0xB575,0xB595,
    0xB595,0xB595,0xB595,0xB575,0xB574,0xAD74,0xB574,0xB595,0xBDD6,0xBDD6,0xB595,0xB595,
    0xB595,0xB595,0xB575,0xAD74,0xAD54,0xAD54,0xAD54,0xAD54,0xAD74,0xAD54,0xAD74,0xAD74,
    0xAD74,0xB574,0xB574,0xB575,0xB595,0xAD54,0xB574,0xB574,0xAD74,0xB575,0xB575,0xAD74,
    0xAD54,0xAD54,0xAD74,0xB574,0xB574,0xAD54,0xAD54,0xAD74,0xB595,0xB595,0xB575,0xB595,
    0xB575,0xB595,0xB574,0xB575,0xB574,0xAD74,0xAD74,0xAD74,0xAD74,0xAD74,0xB574,0xB595,
    0xB575,0xB575,0xB595,0xB595,0xB595,0xB595,0xB595,0xB595,0xB574,0xAD74,0xB574,0xB574,
    0xB574,0xB574,0xAD74,0xAD74,0xB574,0xB574,0xAD74,0xB574,0xB575,0xB595,0xB575,0xB574,
    0xAD74,0xB574,0xAD54,0xAD54,0xAD54,0xAD54,0xAD54,0xB574,0xB595,0xB595,0xBDB5,0xB595,
    0xB575,0xB595,0xB5B5,0xB595,0xB595,0xB575,0xB595,0xB595,0xBDB5,0xBDB5,0xBDD6,0xBDD6,
    0xBDD6,0xBDD6,0xC5F7,0xC617,0xC617,0xC5F7,0xBDD6,0xBDD6,0xBDD6,0xBDB5,0xBDB5,0xBDB6,
    0xBDD6,0xBDB5,0xB5B5,0xBDB5,0xB5B5,0xB5B5,0xB5B5,0xB595,0xB595,0xB575,0xB575,0xB595,
    0xBDB5,0xB595,0xB595,0xB595,0xB595,0xBDB5,0xB595,0xB575,0xB575,0xB575,0xB574,0xB574,
    0xAD54,0xAD54,0xAD54,0xAD34,0xAD54,0xAD74,0xB574,0xB595,0xB595,0xB5B5,0xB5B5,0xB595,
    0xB5B5,0xB595,0xB595,0xB595,0xB595,0xB595,0xBDB5,0xBDD6,0xBDD6,0xBDD6,0xBDD6,0xBDB5,
    0xBDB6,0xBDD6,0xBDD6,0xBDD6,0xBDD6,0xBDD6,0xBDD6,0xBDD6,0xBDD6,0xC5F6,0xC5F7,0xC5F6,
    0xBDD6,0xBDD6,0xBDF6,0xC5F7,0xC617,0xC5F7,0xC5F7,0xC5F7,0xC5F7,0xC5F7,0xC5F7,0xC5F7,
    0xC617,0xBDF6,0xBDD6,0xBDF6,0xC5F7,0xC5F7,0xC617,0xC617,0xC617,0xC5F7,0xC617,0xC617,
    0xBDF6,0xBDD6,0xBDD6,0xBDD6,0xB5B5,0xB595,0xB595,0xB5B5,0xBDD6,0xBDB6,0xB595,0xB595,
    0xB595,0xB595,0xB574,0xAD54,0xAD54,0xAD54,0xB575,0xB575,0xB595,0xB595,0xB595,0xB575,
    0xB595,0xB595,0xB595,0xB595,0xB595,0xB595,0xB595,0xB574,0xAD54,0xAD54,0xAD54,0xAD54,
    0xAD54,0xAD54,0xAD54,0xAD54,0xAD54,0xAD54,0xAD54,0xAD54,0xAD54,0xB595,0xB574,0xAD54,
    0xAD54,0xAD74,0xB575,0xB574,0xB575,0xB595,0xB595,0xB575,0xB575,0xAD74,0xAD54,0xAD54,
    0xAD74,0xB574,0xB575,0xB595,0xB595,0xB595,0xB595,0xB595,0xB595,0xB595,0xB595,0xB595,
    0xB595,0xB595,0xB595,0xB595,0xB5B5,0xB595,0xB595,0xB595,0xB595,0xB5B5,0xBDB5,0xBDB6,
    0xB595,0xB5B5,0xBDB6,0xBDB5,0xBDB5,0xBDD6,0xBDD6,0xB5B5,0xB5B5,0xBDB5,0xBDB6,0xBDD6,
    0xBDF6,0xBDD6,0xBDD6,0xBDD6,0xBDD6,0xBDD6,0xBDD6,0xBDD6,0xBDD6,0xBDD6,0xBDD6,0xBDD6,
    0xC5F6,0xC5F7,0xC5F7,0xBDD6,0xBDD6,0xBDF6,0xBDD6,0xBDB6,0xBDB5,0xBDB5,0xBDB5,0xBDB6,
    0xBDB5,0xBDD6,0xBDD6,0xBDD6,0xBDB6,0xBDB6,0xBDB5,0xBDB5,0xBDB5,0xBDB6,0xBDD6,0xBDB5,
    0xBDB5,0xBDB5,0xBDB5,0xBDB6,0xBDB5,0xBDB5,0xBDB5,0xBDB6,0xBDB5,0xBDD6,0xBDD6,0xBDD6,
    0xBDD6,0xBDD6,0xBDD6,0xBDD6,0xBDD6,0xB5B5,0xBDB5,0xBDB5,0xBDB5,0xBDD6,0xBDD6,0xB595,
    0xB595,0xB5B5,0xBDD6,0xBDD6,0xBDD6,0xB5B5,0xB595,0xB595,0xBDD6,0xBDD6,0xC617,0xBDF6,
    0xBDB5,0xB595,0xB595,0xB595,0xB575,0xB574,0xB575,0xB595,0xB595,0xB595,0xB575,0xB595,
    0xB595,0xB595,0xB595,0xB5B5,0xB595,0xB575,0xB595,0xB595,0xB575,0xB575,0xB574,0xB595,
    0xB595,0xB595,0xB595,0xB575,0xB575,0xB574,0xAD54,0xAD54,0xAD54,0xAD74,0xAD54,0xAD74,
    0xAD54,0xAD54,0xAD74,0xAD54,0xAD74,0xAD74,0xAD74,0xAD74,0xAD54,0xAD54,0xAD74,0xB595,
    0xB595,0xB575,0xB574,0xB575,0xB575,0xB574,0xB575,0xB575,0xB574,0xB595,0xB574,0xB595,
    0xB595,0xB575,0xB574,0xB575,0xB575,0xBDD6,0xB595,0xAD74,0xB575,0xB595,0xB595,0xB575,
    0xB575,0xB595,0xB595,0xB595,0xB595,0xB595,0xB595,0xB574,0xAD54,0xAD54,0xAD74,0xB575,
    0xB575,0xB595,0xB595,0xB595,0xB595,0xB595,0xB595,0xB575,0xB575,0xB574,0xB574,0xAD74,
    0xB575,0xB575,0xB595,0xB595,0xB5B5,0xB595,0xB5B5,0xBDB5,0xB5B5,0xB5B5,0xB595,0xB595,
    0xB595,0xB595,0xB575,0xAD74,0xB574,0xB575,0xB574,0xB574,0xB595,0xB595,0xB595,0xB595,
    0xB595,0xB595,0xB595,0xB575,0xB575,0xB595,0xB595,0xB595,0xB595,0xB595,0xB595,0xB595,
    0xB595,0xB575,0xAD74,0xAD74,0xAD74,0xB574,0xB574,0xB595,0xB575,0xB575,0xB595,0xB575,
    0xB575,0xAD74,0xAD74,0xAD74,0xB574,0xB574,0xB575,0xB574,0xB595,0xB574,0xAD74,0xB574,
    0xAD74,0xB574,0xB575,0xB574,0xB574,0xAD54,0xAD54,0xAD54,0xAD54,0xAD54,0xAD54,0xAD54,
    0xAD54,0xAD74,0xB575,0xB575,0xAD54,0xAD54,0xB574,0xB574,0xB595,0xB575,0xB574,0xAD74,
    0xAD74,0xAD54,0xAD54,0xAD74,0xB575,0xB574,0xB575,0xB595,0xB574,0xB575,0xB575,0xB595,
    0xB595,0xB595,0xB575,0xB575,0xB574,0xAD74,0xAD74,0xB595,0xBDB5,0xB595,0xB595,0xB595,
    0xB595,0xB574,0xB595,0xB574,0xAD74,0xB575,0xB595,0xB575,0xAD74,0xAD74,0xAD74,0xAD54,
    0xAD54,0xAD54,0xB595,0xB595,0xB575,0xB575,0xAD54,0xAD74,0xAD54,0xAD54,0xB575,0xB575,
    0xAD54,0xAD54,0xAD54,0xB574,0xB595,0xB575,0xB595,0xBDB5,0xB595,0xB595,0xB595,0xB595,
    0xB595,0xB5B5,0xBDD6,0xBDD6,0xC5F7,0xBDF6,0xC617,0xC617,0xC617,0xC637,0xCE38,0xC637,
    0xC617,0xC5F7,0xC5F6,0xBDF6,0xBDD6,0xBDD6,0xBDD6,0xBDD6,0xBDB5,0xB595,0xBDB5,0xBDB5,
    0xB595,0xB595,0xBDB5,0xBDD6,0xB595,0xB595,0xB595,0xB5B5,0xB595,0xB595,0xB595,0xB575,
    0xB574,0xB595,0xB595,0xB575,0xB574,0xB574,0xAD74,0xAD74,0xAD74,0xB574,0xAD74,0xAD74,
    0xB595,0xB595,0xBDB5,0xB595,0xB575,0xAD74,0xAD74,0xB575,0xB574,0xB574,0xB595,0xB5B5,
    0xB595,0xB5B5,0xBDB5,0xBDB5,0xBDB5,0xBDB5,0xBDB5,0xBDD6,0xBDD6,0xBDD6,0xBDB5,0xBDB5,
    0xBDD6,0xBDD6,0xBDD6,0xBDD6,0xC5F7,0xBDD6,0xBDD6,0xBDD6,0xBDD6,0xBDD6,0xBDD6,0xBDF6,
    0xBDD6,0xBDF6,0xBDF6,0xC5F6,0xBDF6,0xBDF6,0xBDD6,0xBDF6,0xC5F6,0xBDF6,0xBDD6,0xBDD6,
    0xBDD6,0xBDF6,0xC5F7,0xC5F7,0xC617,0xBDD6,0xBDD6,0xBDD6,0xBDD6,0xBDD6,0xBDD6,0xBDB5,
    0xBDB5,0xBDD6,0xB595,0xB595,0xB595,0xB595,0xB595,0xB595,0xB595,0xB595,0xB595,0xB574,
    0xAD74,0xAD54,0xB574,0xB574,0xB574,0xBDB5,0xBDB5,0xBDB5,0xB595,0xB5B5,0xB595,0xAD54,
    0xAD74,0xAD74,0xB575,0xB574,0xAD54,0xAD54,0xAD74,0xAD54,0xAD54,0xAD54,0xAD54,0xAD54,
    0xAD54,0xAD54,0xAD54,0xAD54,0xAD54,0xB575,0xAD74,0xAD54,0xAD54,0xB595,0xB575,0xB595,
    0xB575,0xB574,0xB574,0xB575,0xB575,0xB595,0xB595,0xB575,0xB574,0xB595,0xB595,0xB595,
    0xB595,0xB575,0xB595,0xB595,0xB595,0xB595,0xB595,0xB595,0xB575,0xB574,0xB574,0xAD74,
    0xB575,0xB595,0xB595,0xB595,0xB595,0xB5B5,0xB595,0xBDB5,0xBDB5,0xBDD6,0xB5B5,0xB595,
    0xBDB5,0xBDB5,0xBDB5,0xBDD6,0xBDD6,0xBDD6,0xBDD6,0xBDD6,0xBDD6,0xC5F6,0xC5F6,0xBDF6,
    0xBDF6,0xC5F7,0xBDF6,0xBDF6,0xC5F7,0xC5F7,0xBDD6,0xBDD6,0xBDF6,0xBDF6,0xBDD6,0xBDF6,
    0xC5F6,0xBDD6,0xBDD6,0xBDD6,0xBDD6,0xBDD6,0xB5B5,0xBDB5,0xBDB5,0xBDB6,0xBDB5,0xB595,
    0xB595,0xB595,0xB595,0xBDB5,0xBDD6,0xBDD6,0xBDB6,0xBDB5,0xBDB5,0xBDB5,0xBDB5,0xBDB5,
    0xBDB5,0xBDB5,0xBDB5,0xBDB5,0xBDD6,0xBDD6,0xBDD6,0xBDD6,0xC617,0xC617,0xBDD6,0xBDD6,
    0xBDB6,0xBDB5,0xBDB5,0xB5B5,0xBDB5,0xBDB5,0xBDD6,0xB5B5,0xB595,0xBDB5,0xBDB5,0xB5B5,
    0xB595,0xB595,0xB575,0xB595,0xB595,0xB5B5,0xBDD6,0xBDB5,0xB595,0xB595,0xB574,0xAD74,
    0xAD74,0xB574,0xB575,0xB595,0xB575,0xB595,0xB595,0xB595,0xBDB5,0xB595,0xBDB5,0xBDB5,
    0xB595,0xB595,0xB595,0xB595,0xB575,0xB574,0xB574,0xB595,0xB595,0xB575,0xB575,0xB575,
    0xB574,0xB595,0xB575,0xB575,0xB575,0xB575,0xB574,0xAD54,0xAD54,0xAD54,0xAD54,0xAD54,
    0xAD54,0xAD54,0xB574,0xAD54,0xAD54,0xAD54,0xAD74,0xB595,0xB595,0xAD74,0xB574,0xB574,
    0xB574,0xAD74,0xAD74,0xAD74,0xB574,0xAD74,0xAD54,0xAD74,0xAD54,0xAD74,0xAD74,0xB574,
    0xB575,0xB595,0xB574,0xAD74,0xAD74,0xB575,0xB595,0xB574,0xAD74,0xAD54,0xAD74,0xB574,
    0xAD74,0xAD74,0xAD54,0xAD54,0xAD54,0xAD74,0xAD74,0xAD74,0xB574,0xB595,0xB595,0xB595,
    0xB5B5,0xBDB5,0xB595,0xB595,0xBDB5,0xB595,0xB595,0xB595,0xB595,0xB595,0xB5B5,0xBDD6,
    0xC5F6,0xBDF6,0xBDB5,0xB595,0xB595,0xB595,0xB595,0xB5B5,0xB5B5,0xBDB5,0xB595,0xB574,
    0xAD74,0xAD74,0xB575,0xB595,0xB595,0xB574,0xB574,0xB595,0xB595,0xB575,0xB575,0xB595,
    0xB595,0xB595,0xBDB5,0xBDD6,0xB595,0xB595,0xB575,0xB595,0xB595,0xB575,0xB574,0xB575,
    0xB595,0xB595,0xB595,0xB575,0xB595,0xB595,0xB575,0xB595,0xAD54,0xAD54,0xAD74,0xAD74,
    0xAD54,0xAD54,0xAD74,0xAD54,0xAD54,0xAD54,0xAD34,0xAD54,0xAD54,0xB575,0xB595,0xB575,
    0xB575,0xB575,0xB575,0xAD54,0xAD74,0xAD74,0xB574,0xAD74,0xAD74,0xAD74,0xAD74,0xAD54,
    0xAD54,0xAD54,0xAD54,0xB574,0xB595,0xB595,0xAD74,0xAD74,0xB574,0xB574,0xAD54,0xB574,
    0xBDB5,0xB595,0xB595,0xB595,0xB574,0xB574,0xB595,0xB595,0xB595,0xB595,0xB575,0xB575,
    0xB575,0xB595,0xB575,0xB595,0xBDB5,0xB5B5,0xB595,0xB595,0xB595,0xB595,0xB595,0xB595,
    0xB595,0xB595,0xBDB5,0xB595,0xB595,0xB595,0xB575,0xB574,0xAD74,0xAD74,0xB595,0xB595,
    0xB575,0xB575,0xB575,0xAD74,0xB574,0xB595,0xB595,0xBDB5,0xBDB5,0xB5B5,0xB595,0xB595,
    0xB595,0xB595,0xBDB6,0xBDB6,0xB595,0xB595,0xB595,0xB595,0xB5B5,0xBDD6,0xBDD6,0xBDD6,
    0xC5F6,0xC5F7,0xC617,0xC637,0xC637,0xC637,0xC637,0xC617,0xC617,0xC617,0xC617,0xC617,
    0xC617,0xC5F7,0xC5F7,0xC617,0xC617,0xC617,0xC617,0xC617,0xC617,0xC617,0xBDD6,0xBDB5,
    0xB595,0xBDD6,0xBDD6,0xBDB5,0xB595,0xB595,0xB595,0xB595,0xB575,0xB574,0xB575,0xB575,
    0xB575,0xB575,0xB575,0xB595,0xB595,0xB595,0xB595,0xB595,0xB5B5,0xB595,0xB574,0xB595,
    0xB575,0xB575,0xB595,0xBDB5,0xBDB5,0xB595,0xB595,0xBDB6,0xBDD6,0xBDD6,0xBDD6,0xBDB6,
    0xBDD6,0xBDB5,0xB5B5,0xBDB5,0xBDD6,0xBDB5,0xBDB5,0xBDB5,0xBDD6,0xBDF6,0xBDD6,0xBDB5,
    0xB5B5,0xB5B5,0xBDB6,0xBDD6,0xBDD6,0xBDB5,0xBDB5,0xBDD6,0xBDB5,0xBDD6,0xC5F7,0xBDD6,
    0xBDD6,0xBDF6,0xBDF6,0xBDD6,0xBDD6,0xC5F6,0xC5F7,0xC5F7,0xBDD6,0xBDD6,0xBDB5,0xBDB5,
    0xBDD6,0xBDD6,0xBDD6,0xBDD6,0xB5B5,0xB575,0xAD74,0xAD74,0xB575,0xB595,0xB595,0xB575,
    0xB575,0xB574,0xAD74,0xB574,0xAD74,0xB574,0xB595,0xB595,0xB595,0xB595,0xB595,0xB595,
    0xB575,0xB575,0xB595,0xB574,0xB574,0xB575,0xB575,0xB574,0xAD74,0xAD74,0xAD74,0xAD54,
    0xAD54,0xAD54,0xAD54,0xAD54,0xAD54,0xAD54,0xAD54,0xAD54,0xAD54,0xAD74,0xAD74,0xAD54,
    0xB574,0xB574,0xAD54,0xAD54,0xAD54,0xAD54,0xAD54,0xAD54,0xAD74,0xAD74,0xAD74,0xB574,
    0xB575,0xB595,0xB595,0xB575,0xB575,0xB595,0xB574,0xAD74,0xB575,0xB595,0xB595,0xB595,
    0xB5B5,0xB595,0xB595,0xB5B5,0xB5B5,0xB595,0xB595,0xB595,0xB5B5,0xB5B5,0xB5B5,0xB5B5,
    0xBDB5,0xBDD6,0xBDD6,0xBDD6,0xBDD6,0xBDD6,0xBDD6,0xBDD6,0xBDD6,0xBDD6,0xBDF6,0xC5F7,
    0xC617,0xC617,0xC5F7,0xBDF6,0xBDF6,0xC5F7,0xC617,0xC637,0xC637,0xC617,0xC617,0xC5F7,
    0xC5F7,0xC5F7,0xBDD6,0xBDD6,0xBDB5,0xBDD6,0xBDD6,0xC617,0xC637,0xC617,0xC617,0xC617,
    0xC617,0xBDF6,0xBDD6,0xBDB5,0xBDB5,0xBDB6,0xBDD6,0xBDB5,0xBDB6,0xBDD6,0xBDD6,0xC617,
    0xBDD6,0xBDD6,0xBDD6,0xBDD6,0xBDD6,0xBDD6,0xBDF6,0xBDF6,0xBDF6,0xBDF6,0xBDD6,0xBDD6,
    0xBDD6,0xBDD6,0xBDD6,0xBDD6,0xC617,0xBDF6,0xBDF6,0xBDD6,0xBDD6,0xBDD6,0xBDD6,0xB5B5,
    0xBDB5,0xBDB6,0xBDB5,0xB595,0xB595,0xB5B5,0xB5B5,0xB595,0xB595,0xB595,0xB5B5,0xB595,
    0xBDB5,0xBDD6,0xB5B5,0xB595,0xB595,0xB595,0xB575,0xB574,0xAD74,0xAD74,0xB595,0xBDD6,
    0xC5F7,0xBDD6,0xBDD6,0xBDB5,0xBDB6,0xBDB6,0xB5B5,0xB595,0xB595,0xB595,0xB595,0xB595,
    0xB595,0xB595,0xB595,0xB595,0xB595,0xB5B5,0xB595,0xB595,0xB595,0xB595,0xB595,0xB595,
    0xB595,0xB595,0xB595,0xB595,0xB595,0xAD74,0xAD74,0xAD74,0xAD54,0xAD54,0xAD74,0xAD54,
    0xAD74,0xB575,0xB574,0xAD74,0xB574,0xB575,0xAD74,0xAD74,0xB595,0xB595,0xB574,0xB574,
    0xAD54,0xAD54,0xAD54,0xAD54,0xB574,0xAD74,0xAD74,0xB574,0xB595,0xB595,0xAD74,0xAD54,
    0xAD74,0xB574,0xB595,0xB575,0xB595,0xB575,0xB574,0xAD74,0xAD54,0xAD54,0xAD54,0xAD54,
    0xB595,0xB595,0xB595,0xB575,0xB595,0xB595,0xB575,0xB595,0xB575,0xB595,0xBDD6,0xB595,
    0xB595,0xBDB5,0xBDD6,0xBDD6,0xBDD6,0xBDD6,0xBDD6,0xBDD6,0xBDB5,0xBDD6,0xBDB5,0xB5B5,
    0xBDB5,0xB595,0xB595,0xB595,0xB5B5,0xBDD6,0xBDB5,0xB5B5,0xB595,0xB595,0xB595,0xAD74,
    0xB574,0xB575,0xAD74,0xB575,0xB5B5,0xBDB5,0xB595,0xB595,0xB595,0xB595,0xBDB5,0xB595,
    0xB575,0xB574,0xAD74,0xB595,0xBDB5,0xB595,0xB595,0xBDB5,0xBDB5,0xB595,0xB575,0xAD54,
    0xAD74,0xAD74,0xAD54,0xAD54,0xAD54,0xAD54,0xAD54,0xAD54,0xAD54,0xAD54,0xAD54,0xAD34,
    0xAD34,0xAD54,0xAD54,0xAD54,0xAD74,0xAD74,0xAD74,0xB575,0xAD54,0xB575,0xB575,0xAD54,
    0xAD54,0xAD54,0xAD54,0xB595,0xB574,0xAD74,0xAD74,0xAD54,0xAD74,0xB595,0xB574,0xAD74,
    0xAD74,0xAD54,0xAD54,0xAD74,0xAD74,0xB574,0xB574,0xB575,0xB574,0xAD74,0xB574,0xB574,
    0xB575,0xB595,0xB595,0xB595,0xB595,0xB575,0xB575,0xB595,0xB595,0xB595,0xB5B5,0xB5B5,
    0xB5B5,0xB5B5,0xB595,0xB595,0xB595,0xB595,0xB595,0xB595,0xBDB5,0xB5B5,0xBDD6,0xBDD6,
    0xBDB5,0xBDB5,0xB595,0xB595,0xB575,0xB595,0xB595,0xB595,0xB5B5,0xAD74,0xB574,0xAD74,
    0xB575,0xBDB5,0xB5B5,0xB595,0xB595,0xBDB5,0xB595,0xB595,0xB595,0xB595,0xBDD6,0xBDB6,
    0xBDD6,0xBDB5,0xB595,0xBDD6,0xBDD6,0xBDD6,0xBDD6,0xC5F7,0xC617,0xBDF6,0xBDF6,0xC617,
    0xC617,0xC617,0xC617,0xC617,0xC617,0xC617,0xC617,0xC617,0xC617,0xBDD6,0xBDD6,0xBDD6,
    0xC617,0xC617,0xC617,0xC617,0xC617,0xC617,0xBDB6,0xB5B5,0xB5B5,0xBDB5,0xBDD6,0xB5B5,
    0xB595,0xB595,0xB575,0xB575,0xB595,0xB595,0xB595,0xBDB5,0xBDD6,0xBDD6,0xB5B5,0xB5B5,
    0xB5B5,0xB595,0xB595,0xB595,0xB595,0xB595,0xB595,0xB5B5,0xBDB6,0xB5B5,0xBDD6,0xBDD6,
    0xBDB6,0xBDB5,0xB595,0xBDB5,0xBDB5,0xB595,0xBDB6,0xBDD6,0xBDD6,0xBDB6,0xBDB6,0xBDD6,
    0xBDD6,0xBDD6,0xBDD6,0xBDF6,0xBDF6,0xBDD6,0xB595,0xB595,0xB5B5,0xBDD6,0xBDD6,0xBDD6,
    0xBDB5,0xB595,0xB595,0xBDB5,0xBDB5,0xBDB6,0xBDD6,0xBDD6,0xBDB5,0xBDD6,0xC617,0xC5F7,
    0xC5F7,0xC617,0xC617,0xC617,0xC617,0xC5F7,0xBDD6,0xBDD6,0xBDD6,0xBDD6,0xBDD6,0xBDD6,
    0xBDD6,0xBDD6,0xB595,0xB595,0xB595,0xB5B5,0xBDD6,0xBDB6,0xB595,0xB595,0xB5B5,0xB595,
    0xAD74,0xAD34,0xAD34,0xAD54,0xAD54,0xAD54,0xAD74,0xB575,0xB595,0xB595,0xAD74,0xB575,
    0xAD74,0xAD33,0xAD34,0xAD54,0xAD54,0xAD54,0xB595,0xAD74,0xAD54,0xAD74,0xAD74,0xAD74,
    0xAD54,0xAD74,0xAD74,0xAD74,0xB575,0xB574,0xB575,0xAD74,0xAD74,0xAD74,0xAD54,0xAD54,
    0xAD54,0xAD54,0xAD74,0xB595,0xB574,0xB595,0xB575,0xAD54,0xAD74,0xB595,0xB595,0xB595,
    0xB595,0xBDB5,0xB5B5,0xB575,0xB574,0xB595,0xB595,0xB595,0xBDB6,0xBDD6,0xBDD6,0xC617,
    0xC617,0xBDD6,0xB5B5,0xBDB5,0xBDD6,0xBDD6,0xBDD6,0xBDD6,0xBDF6,0xC5F7,0xC617,0xC617,
    0xC617,0xC617,0xC617,0xC617,0xC617,0xC617,0xC617,0xC617,0xC617,0xC617,0xC637,0xC617,
    0xC617,0xC617,0xC637,0xC617,0xC637,0xCE58,0xCE58,0xC637,0xC637,0xC637,0xC637,0xC617,
    0xBDF6,0xC5F7,0xBDD6,0xBDD6,0xC5F7,0xC637,0xC637,0xC637,0xC617,0xC5F7,0xBDF6,0xC5F7,
    0xC5F7,0xBDD6,0xBDF6,0xC617,0xC617,0xC617,0xC5F7,0xBDF7,0xBDD6,0xBDD6,0xBDD6,0xBDF6,
    0xBDF6,0xC617,0xC617,0xC617,0xC5F7,0xBDF7,0xBDD6,0xBDD6,0xBDF6,0xC617,0xC5F7,0xBDF6,
    0xBDF6,0xBDF6,0xC617,0xC617,0xC5F7,0xBDD6,0xBDD6,0xBDD6,0xBDF6,0xBDD6,0xBDD6,0xBDB5,
    0xB5B5,0xB5B5,0xB5B5,0xB5B5,0xBDD6,0xBDB5,0xBDB6,0xC5F7,0xBDD6,0xBDD6,0xBDB6,0xBDD6,
    0xBDB5,0xBDD6,0xB595,0xB595,0xB595,0xB595,0xBDB5,0xBDD6,0xBDD6,0xBDD6,0xB5B5,0xBDB5,
    0xBDB6,0xBDB6,0xBDB6,0xBDD6,0xBDD6,0xBDD6,0xBDD6,0xBDD6,0xBDD6,0xBDF6,0xBDD6,0xBDB5,
    0xBDB6,0xBDD6,0xBDD6,0xBDB5,0xB595,0xB595,0xB595,0xB595,0xB595,0xB595,0xB5B5,0xBDB5,
    0xBDB5,0xB595,0xB595,0xBDB5,0xBDD6,0xBDD6,0xBDD6,0xB5B5,0xB5B5,0xBDD6,0xBDF6,0xC5F7,
    0xBDD6,0xBDB5,0xBDD6,0xBDD6,0xBDD6,0xB595,0xB575,0xB574,0xAD74,0xAD74,0xAD54,0xAD74,
    0xB574,0xAD54,0xAD74,0xB574,0xAD74,0xAD74,0xB574,0xAD74,0xAD54,0xB574,0xB575,0xAD74,
    0xAD74,0xB574,0xAD74,0xBDB5,0xBDD6,0xBDB5,0xB595,0xB5B5,0xB575,0xB595,0xB595,0xB5B5,
    0xB595,0xBDD6,0xBDD6,0xB595,0xB595,0xB595,0xBDB5,0xBDB5,0xB595,0xB595,0xBDD6,0xBDB6,
    0xB595,0xB574,0xAD74,0xB574,0xB595,0xB595,0xB595,0xBDB5,0xB595,0xB5B5,0xB595,0xB595,
    0xB595,0xBDD6,0xC5F7,0xC617,0xC5F7,0xBDF6,0xBDD6,0xBDD6,0xBDB5,0xB575,0xAD54,0xB575,
    0xB595,0xBDD6,0xBDD6,0xBDB6,0xB5B5,0xB5B5,0xB595,0xAD74,0xAD54,0xAD54,0xAD54,0xAD74,
    0xAD74,0xAD74,0xB595,0xB574,0xAD54,0xAD34,0xAD54,0xAD54,0xAD74,0xAD74,0xB574,0xB574,
    0xAD54,0xAD34,0xAD34,0xAD54,0xAD54,0xAD54,0xB574,0xB574,0xAD74,0xAD54,0xAD74,0xB595,
    0xBDB5,0xB5B5,0xB595,0xB574,0xAD54,0xB574,0xAD54,0xAD33,0xAD33,0xA513,0xA533,0xAD54,
    0xAD54,0xAD54,0xB575,0xB595,0xB595,0xB575,0xAD54,0xAD54,0xAD54,0xAD54,0xAD74,0xBDB6,
    0xB574,0xAD54,0xAD74,0xB574,0xAD74,0xB575,0xB595,0xB574,0xB575,0xB595,0xB575,0xAD74,
    0xB575,0xB595,0xB575,0xB595,0xBDD6,0xBDD6,0xBDD6,0xB5B5,0xBDB5,0xBDD6,0xBDB5,0xB5B5,
    0xBDD6,0xBDB5,0xB595,0xB595,0xBDB5,0xB5B5,0xB5B5,0xBDD6,0xC617,0xBDD6,0xB595,0xB595,
    0xB574,0xB595,0xB5B5,0xB595,0xB574,0xAD54,0xAD74,0xAD74,0xB574,0xB595,0xBDD6,0xC5F7,
    0xBDD6,0xBDD6,0xBDD6,0xBDD6,0xBDB5,0xBDB5,0xBDD6,0xBDD6,0xBDB5,0xB5B5,0xB595,0xBDB6,
    0xBDD6,0xBDD6,0xBDD6,0xC617,0xC617,0xC5F7,0xC5F7,0xBDF6,0xC5F7,0xC617,0xC617,0xC5F7,
    0xBDF6,0xC5F7,0xC617,0xC617,0xC617,0xC617,0xBDF6,0xBDD6,0xBDF6,0xBDF7,0xBDD6,0xBDD6,
    0xBDD6,0xBDD6,0xBDD6,0xBDD6,0xBDF6,0xBDD6,0xBDD6,0xBDB5,0xBDB5,0xB595,0xB595,0xBDB6,
    0xBDB5,0xBDB5,0xB595,0xB595,0xB595,0xB595,0xB595,0xB595,0xB595,0xB595,0xB575,0xB575,
    0xAD74,0xB575,0xAD74,0xB575,0xB595,0xB5B5,0xBDB5,0xB595,0xB5B5,0xBDD6,0xBDD6,0xB5B5,
    0xAD74,0xB595,0xBDD6,0xBDF6,0xC5F7,0xBDF7,0xBDD6,0xB5B5,0xB5B5,0xB5B5,0xBDD6,0xC5F7,
    0xC5F7,0xBDD6,0xBDD6,0xBDD6,0xBDD6,0xBDD6,0xB5B5,0xBDB6,0xB595,0xB595,0xB595,0xB5B5,
    0xBDF6,0xB5B5,0xB5B5,0xBDB6,0xBDD6,0xBDD6,0xBDD6,0xC617,0xC617,0xC617,0xC617,0xC637,
    0xC637,0xCE58,0xC617,0xBDD6,0xBDD6,0xBDD6,0xBDD6,0xB5B5,0xB5B5,0xBDD6,0xBDD6,0xBDD6,
    0xBDD6,0xB595,0xB595,0xB595,0xAD54,0xAD34,0xAD74,0xB595,0xB5B5,0xBDB6,0xB595,0xAD54,
    0xAD74,0xAD74,0xAD34,0xAD34,0xAD54,0xAD74,0xAD74,0xAD74,0xAD74,0xAD54,0xAD33,0xA533,
    0xAD34,0xAD54,0xB575,0xAD54,0xAD74,0xB575,0xB575,0xB595,0xBDB5,0xBDD6,0xB595,0xAD74,
    0xAD54,0xB575,0xAD54,0xAD34,0xAD33,0xAD34,0xAD54,0xAD54,0xAD74,0xB575,0xB575,0xAD74,
    0xAD54,0xAD74,0xAD74,0xAD74,0xB595,0xB5B5,0xB595,0xB5B5,0xB5B5,0xB5B5,0xBDB5,0xBDB5,
    0xB5B5,0xBDD6,0xBDB5,0xB595,0xB5B5,0xB595,0xB595,0xBDD6,0xBDF6,0xBDD6,0xBDD6,0xBDD6,
    0xBDD6,0xBDF7,0xBDF6,0xC5F7,0xC617,0xC637,0xC638,0xC638,0xCE78,0xCE58,0xCE58,0xCE58,
    0xCE58,0xCE58,0xCE58,0xCE58,0xCE58,0xCE58,0xCE58,0xCE58,0xCE58,0xCE58,0xCE38,0xC638,
    0xCE38,0xCE58,0xCE58,0xCE58,0xCE58,0xCE58,0xC638,0xC638,0xCE58,0xCE58,0xCE58,0xC617,
    0xC638,0xCE58,0xCE58,0xCE58,0xCE58,0xC637,0xC617,0xCE58,0xCE58,0xC637,0xC637,0xC637,
    0xC638,0xC637,0xCE58,0xC617,0xC617,0xC617,0xC637,0xCE58,0xC617,0xBDD6,0xBDD6,0xBDD6,
    0xC5F7,0xC617,0xC617,0xC638,0xCE78,0xC637,0xC5F7,0xC617,0xC617,0xC617,0xC637,0xCE38,
    0xC617,0xC617,0xBDF6,0xBDF7,0xBDF6,0xBDF6,0xBDF6,0xBDF6,0xBDD6,0xBDD6,0xBDD6,0xBDB6,
    0xBDD6,0xBDB5,0xBDD6,0xBDD6,0xBDD6,0xB5B5,0xBDB5,0xB5B5,0xB595,0xB595,0xB595,0xB5B5,
    0xB595,0xBDD6,0xBDD6,0xB5B5,0xB595,0xB595,0xBDB6,0xBDD6,0xBDB5,0xBDB6,0xBDD6,0xC617,
    0xC637,0xC637,0xC617,0xC637,0xCE78,0xC617,0xBDD6,0xBDD6,0xB5B5,0xBDB5,0xC617,0xBDF6,
    0xBDF6,0xBDD6,0xBDD6,0xBDD6,0xBDB5,0xBDB6,0xBDB5,0xB595,0xBDB5,0xBDD6,0xBDD6,0xBDF6,
    0xC637,0xC617,0xC5F7,0xC5F7,0xBDB6,0xBDB5,0xBDD6,0xC5F7,0xBDD6,0xBDB5,0xBDB5,0xB595,
    0xAD54,0xAD74,0xAD54,0xAD74,0xAD54,0xAD54,0xB595,0xB595,0xB595,0xB595,0xB595,0xAD74,
    0xB575,0xB574,0xB595,0xB595,0xB575,0xB575,0xB595,0xB595,0xB575,0xB595,0xB575,0xB595,
    0xB595,0xB595,0xB595,0xB595,0xB595,0xB595,0xB595,0xB595,0xB595,0xB595,0xBDD6,0xBDB5,
    0xBDD6,0xBDD6,0xBDD6,0xB595,0xB595,0xB595,0xB595,0xB574,0xAD54,0xAD74,0xAD74,0xAD74,
    0xB595,0xB595,0xB5B5,0xBDB5,0xB595,0xB595,0xAD74,0xAD74,0xAD74,0xB574,0xB595,0xBDD6,
    0xB595,0xB595,0xB595,0xB595,0xAD74,0xAD54,0xAD54,0xB575,0xAD74,0xB574,0xB595,0xB595,
    0xB575,0xB595,0xB595,0xB575,0xAD74,0xAD74,0xAD54,0xAD54,0xAD33,0xAD34,0xAD34,0xAD33,
    0xAD54,0xAD33,0xAD33,0xAD54,0xAD54,0xAD33,0xAD33,0xAD54,0xAD54,0xAD54,0xAD74,0xB575,
    0xAD33,0xA533,0xAD54,0xB595,0xB595,0xB575,0xAD74,0xB574,0xAD54,0xAD54,0xAD74,0xAD34,
    0xAD54,0xB595,0xAD74,0xAD34,0xAD33,0xA513,0xA533,0xA533,0xAD34,0xA533,0xAD54,0xAD74,
    0xA513,0xA4F2,0xA513,0xAD33,0xAD74,0xAD54,0xAD34,0xAD54,0xAD74,0xAD74,0xAD74,0xBDB5,
    0xAD74,0xAD34,0xAD54,0xAD74,0xB595,0xB5B5,0xB574,0xAD74,0xAD74,0xAD54,0xAD74,0xB595,
    0xB595,0xB595,0xAD74,0xB595,0xB595,0xB595,0xBDD6,0xBDB5,0xBDD6,0xBDF6,0xBDD6,0xB595,
    0xB595,0xB595,0xB595,0xBDB5,0xC5F7,0xBDD6,0xBDF7,0xBDD6,0xB595,0xBDB5,0xBDB5,0xB575,
    0xAD74,0xAD74,0xB575,0xB595,0xBDD6,0xBDD6,0xBDD6,0xC617,0xC617,0xBDD6,0xBDD6,0xBDD6,
    0xBDB5,0xB595,0xB5B5,0xBDB5,0xB5B5,0xB595,0xBDB5,0xBDB5,0xBDD6,0xBDD6,0xBDD6,0xBDD6,
    0xBDD6,0xBDD6,0xC617,0xC637,0xC637,0xCE58,0xD699,0xCE58,0xC638,0xCE38,0xC637,0xC637,
    0xC617,0xC5F7,0xCE58,0xCE58,0xC617,0xC637,0xC617,0xBDD6,0xBDD6,0xBDD6,0xBDD6,0xC637,
    0xC617,0xBDD6,0xBDB6,0xBDB5,0xBDB5,0xB5B5,0xBDD6,0xBDD6,0xB595,0xB595,0xAD74,0xAD74,
    0xAD74,0xAD74,0xB575,0xB575,0xAD74,0xAD74,0xAD74,0xAD74,0xAD54,0xAD54,0xAD74,0xB575,
    0xB595,0xB595,0xB575,0xB595,0xB595,0xAD74,0xBDB5,0xBDD6,0xBDB6,0xB5B5,0xAD54,0xA513,
    0xA513,0xB574,0xB575,0xB595,0xB595,0xB5B5,0xBDD6,0xB595,0xB595,0xB5B5,0xBDD6,0xB5B5,
    0xB5B5,0xB575,0xB575,0xB595,0xB595,0xB5B5,0xB5B5,0xBDD6,0xBDF7,0xBDD6,0xBDD6,0xBDF7,
    0xBDD6,0xBDD6,0xC617,0xC637,0xC637,0xBDF6,0xC617,0xDEDA,0xCE79,0xC5F7,0xC617,0xC617,
    0xB5B5,0xAD74,0xB575,0xB5B5,0xB595,0xAD74,0xAD74,0xB595,0xB595,0xB595,0xB595,0xAD74,
    0xAD54,0xA533,0xA513,0xA533,0xAD54,0xB575,0xB595,0xB575,0xB595,0xB595,0xB595,0xB595,
    0xB575,0xAD54,0xAD54,0xAD33,0xAD54,0xAD74,0xAD74,0xAD54,0xAD54,0xAD54,0xAD54,0xAD33,
    0xAD54,0xAD74,0xB595,0xBDD6,0xC617,0xC617,0xB5B5,0xAD74,0xAD54,0xAD54,0xAD54,0xA533,
    0xAD34,0xAD33,0xA513,0xAD34,0xAD74,0xAD74,0xAD74,0xAD74,0xAD54,0xAD54,0xAD74,0xB574,
    0xB595,0xB595,0xB595,0xBDD6,0xBDD6,0xBDD6,0xBDD6,0xC617,0xC617,0xBDD6,0xBDD6,0xB595,
    0xBDB5,0xBDD6,0xB595,0xB595,0xB595,0xB5B5,0xBDB5,0xBDD6,0xC617,0xC637,0xBDD6,0xC617,
    0xCE58,0xCE58,0xCE58,0xD699,0xDEDA,0xCE79,0xCE79,0xD6BA,0xD6B9,0xCE78,0xCE79,0xD699,
    0xD699,0xD699,0xCE78,0xCE99,0xCE99,0xD699,0xD699,0xD699,0xD699,0xD699,0xD699,0xCE79,
    0xCE78,0xCE58,0xCE58,0xCE58,0xCE58,0xC638,0xC617,0xC617,0xCE58,0xD6B9,0xD699,0xD699,
    0xCE78,0xCE79,0xD699,0xCE79,0xD699,0xCE99,0xCE58,0xCE78,0xCE78,0xCE58,0xC638,0xCE58,
    0xCE58,0xCE58,0xC638,0xC617,0xC617,0xC617,0xBDF6,0xBDF7,0xC637,0xC617,0xC637,0xC617,
    0xC617,0xC617,0xC617,0xC617,0xC617,0xC638,0xC617,0xC617,0xC638,0xC617,0xBDF7,0xBDF7,
    0xBDF7,0xBDD6,0xBDF7,0xBDF6,0xBDF6,0xC617,0xC637,0xBDF7,0xBDD6,0xBDD6,0xBDD6,0xC617,
    0xC5F7,0xC617,0xBDD6,0xBDD6,0xBDF7,0xBDD6,0xBDD6,0xBDD6,0xB595,0xB5B5,0xB5B5,0xB595,
    0xB595,0xB595,0xB595,0xB595,0xB5B5,0xBDB6,0xBDD6,0xBDD6,0xC617,0xCE58,0xC637,0xC617,
    0xC617,0xBDF7,0xBDF7,0xBDD6,0xBDD6,0xBDD6,0xBDD6,0xBDB5,0xB5B5,0xB5B5,0xB595,0xB595,
    0xB574,0xB5B5,0xB5B5,0xB595,0xBDD6,0xBDB5,0xBDD6,0xBDD6,0xBDD6,0xBDB5,0xB595,0xB595,
    0xBDB5,0xBDD6,0xC5F7,0xBDD6,0xB595,0xB595,0xB574,0xAD74,0xB575,0xB575,0xB575,0xB595,
    0xBDD6,0xBDD6,0xB595,0xB595,0xB575,0xB595,0xB595,0xB595,0xB575,0xB575,0xB5B5,0xBDB5,
    0xB5B5,0xB595,0xB575,0xB595,0xB595,0xB575,0xAD54,0xAD34,0xAD54,0xAD54,0xAD74,0xB575,
    0xB575,0xAD54,0xAD54,0xAD74,0xAD74,0xB575,0xB575,0xAD74,0xB575,0xB595,0xB575,0xB595,
    0xB5B5,0xB595,0xBDB5,0xB595,0xB595,0xB595,0xB595,0xB5B5,0xB5B5,0xB595,0xB595,0xB595,
    0xAD74,0xAD74,0xAD74,0xAD74,0xAD54,0xAD74,0xAD74,0xAD74,0xAD54,0xAD54,0xAD34,0xAD33,
    0xAD54,0xAD34,0xAD54,0xAD54,0xAD34,0xAD54,0xAD54,0xB575,0xBDD6,0xBDD6,0xB595,0xAD74,
    0xAD54,0xAD54,0xAD54,0xAD33,0xA513,0xA513,0xAD34,0xA533,0xAD54,0xAD33,0xAD34,0xAD54,
    0xAD33,0xAD33,0xAD33,0xAD54,0xAD74,0xA513,0xA533,0xAD34,0xA533,0xA533,0xAD54,0xAD54,
    0xAD34,0xAD33,0xA513,0xA4F2,0xA513,0xA513,0xA513,0xA533,0xAD34,0xA513,0xAD54,0xB595,
    0xAD54,0xA513,0xA513,0xA533,0xA513,0xAD33,0xB595,0xAD54,0x9CD2,0xA4F2,0x9CD2,0x9CF2,
    0xAD33,0xAD33,0xA513,0xA512,0xA513,0xA513,0xA513,0xAD54,0xB595,0xB574,0xAD54,0xB595,
    0xB595,0xAD74,0xB574,0xAD54,0xAD54,0xAD74,0xB595,0xB5B5,0xB595,0xB5B5,0xB595,0xAD74,
    0xAD54,0xAD54,0xB5B5,0xBDD6,0xBDD6,0xC617,0xC637,0xC5F7,0xBDF7,0xBDD6,0xBDD6,0xB5B5,
    0xB595,0xAD74,0xB595,0xBDB5,0xB595,0xB595,0xB595,0xB575,0xB595,0xB595,0xB595,0xB595,
    0xBDD6,0xBDB5,0xB595,0xBDB5,0xBDD6,0xB595,0xB595,0xBDB5,0xB5B5,0xB595,0xBDB5,0xB5B5,
    0xB574,0xB574,0xB595,0xB574,0xB595,0xB574,0xB574,0xBDD6,0xC5F7,0xBDD6,0xBDD6,0xC617,
    0xC617,0xC5F7,0xC5F7,0xC617,0xC5F7,0xC617,0xC637,0xC637,0xCE38,0xC617,0xC5F7,0xCE58,
    0xC638,0xC617,0xBDF6,0xBDD6,0xBDD6,0xBDF6,0xBDD6,0xB595,0xB5B5,0xB5B5,0xBDB5,0xB595,
    0xB595,0xB5B5,0xB5B5,0xB5B5,0xBDB6,0xB595,0xB595,0xB595,0xB5B5,0xB595,0xAD74,0xB595,
    0xB575,0xAD54,0xAD74,0xAD54,0xA533,0xAD34,0xAD54,0xB5B5,0xB595,0xAD54,0xAD54,0xAD75,
    0xB5B5,0xB595,0xAD74,0xAD74,0xAD74,0xAD34,0xA513,0xA4F2,0xA513,0xAD34,0xAD54,0xAD75,
    0xAD54,0xB595,0xB5B6,0xAD75,0xAD74,0xAD74,0xAD74,0xB595,0xB5B5,0xB595,0xB595,0xB595,
    0xAD54,0xB595,0xB575,0xB595,0xB5B6,0xB595,0xAD74,0xB595,0xB5B5,0xBDB6,0xBDB6,0xBDF6,
    0xC617,0xC617,0xC637,0xC638,0xCE38,0xC637,0xC617,0xBDF6,0xBDD6,0xBDB6,0xB575,0xB575,
    0xB595,0xAD74,0xAD54,0xAD54,0xAD54,0xAD74,0xB575,0xAD74,0xAD34,0xA533,0xA513,0xA513,
    0xA513,0xA513,0xAD74,0xB595,0xB575,0xAD74,0xAD54,0xAD34,0xAD54,0xAD54,0xAD54,0xAD34,
    0xAD54,0xAD54,0xA533,0xAD54,0xAD74,0xAD54,0xAD54,0xA533,0xA4F3,0xA513,0xA513,0xAD54,
    0xB595,0xB595,0xAD54,0xA533,0xA533,0xA4F2,0xA4F2,0xA513,0xA533,0xA533,0xA513,0xA533,
    0xAD54,0xAD34,0xAD54,0xAD34,0xA513,0xAD34,0xAD54,0xAD54,0xB574,0xB595,0xBDD6,0xBDB6,
    0xBDD6,0xBDF6,0xC637,0xCE79,0xCE58,0xBDB5,0xBDD6,0xBDD6,0xBDF6,0xBDB6,0xBDB5,0xBDD6,
    0xBDD6,0xBDF6,0xBDD6,0xC5F7,0xBDF7,0xC5F7,0xC617,0xCE58,0xD699,0xD699,0xD699,0xCE79,
    0xCE78,0xC617,0xC637,0xD699,0xC638,0xCE78,0xCE58,0xCE78,0xD6BA,0xD6BA,0xD6B9,0xD6B9,
    0xD699,0xD699,0xD6B9,0xD6BA,0xD6DA,0xD6BA,0xD699,0xCE99,0xC658,0xCE58,0xCE78,0xCE78,
    0xCE58,0xC638,0xC637,0xC617,0xC637,0xC638,0xC617,0xCE38,0xC638,0xCE58,0xD6B9,0xD699,
    0xCE79,0xCE78,0xCE78,0xCE99,0xCE79,0xCE58,0xCE58,0xCE79,0xCE79,0xD699,0xCE58,0xCE78,
    0xD699,0xCE78,0xCE58,0xC638,0xC638,0xC638,0xCE58,0xCE58,0xCE58,0xC637,0xC637,0xC638,
    0xCE58,0xCE78,0xCE78,0xC638,0xC617,0xC638,0xC617,0xC617,0xC617,0xBDD6,0xBDD6,0xBDD6,
    0xBDF6,0xBDF6,0xBDF7,0xBDB5,0xB595,0xBDD6,0xBDD6,0xBDD6,0xBDD6,0xBDD6,0xBDB5,0xBDB6,
    0xBDB6,0xBDD6,0xBDD6,0xC5F7,0xB595,0xB575,0xAD74,0xB595,0xB595,0xB595,0xB595,0xAD74,
    0xB595,0xB575,0xBDF7,0xBDF6,0xBDF6,0xBDF6,0xBDD6,0xBDF7,0xBDD6,0xAD74,0xAD74,0xB595,
    0xBDF6,0xB595,0xB595,0xAD74,0xB5B5,0xB5B5,0xAD54,0xB575,0xAD75,0xAD54,0xBDD6,0xBDD6,
    0xC617,0xBDD6,0xB595,0xB5B5,0xB574,0xB575,0xBDB6,0xBDD6,0xBDD6,0xB595,0xB595,0xB5B5,
    0xBDB5,0xBDB5,0xB5B5,0xB5B5,0xBDB6,0xB5B5,0xB595,0xB574,0xB595,0xB595,0xAD74,0xB575,
    0xB595,0xB595,0xB595,0xB595,0xB595,0xB595,0xB575,0xB595,0xB5B5,0xB574,0xB574,0xB575,
    0xB595,0xBDF7,0xBDD6,0xC617,0xC617,0xB595,0xBDB6,0xBDB5,0xB574,0xAD74,0xAD74,0xAD54,
    0xB575,0xB595,0xB575,0xB595,0xB595,0xB595,0xB595,0xB595,0xB5B5,0xC617,0xC617,0xBDD6,
    0xB595,0xBDD6,0xBDD6,0xB595,0xAD74,0xAD54,0xAD54,0xB575,0xB575,0xB574,0xB595,0xBDB5,
    0xC5F7,0xB595,0xB575,0xAD74,0xAD74,0xAD54,0xAD54,0xAD54,0xAD34,0xAD54,0xAD54,0xAD34,
    0xA533,0xA513,0xAD54,0xB575,0xAD74,0xAD54,0xB575,0xAD74,0xA513,0xA533,0xAD33,0xA4F2,
    0xA4F2,0xA513,0xA513,0xA513,0xA513,0xA533,0xA533,0xA533,0xA513,0xA533,0xAD34,0xA533,
    0xA4F2,0x9CD2,0x9CD2,0x9CF2,0xA513,0xA513,0xA533,0xAD33,0xA513,0xA513,0xA4F3,0xA513,
    0xAD33,0xAD34,0xAD54,0xAD33,0xA513,0xA4F2,0xA513,0xAD34,0xA513,0x9CD2,0x9CB1,0x9CD2,
    0xA4F2,0xA513,0xAD74,0xB5B5,0xAD54,0xAD34,0xA533,0xAD33,0xA4F2,0x9CD2,0xA4F2,0xA513,
    0xAD33,0xAD54,0xAD33,0xA4F2,0xA513,0xAD33,0xA513,0xAD74,0xB575,0xAD54,0xA513,0xA533,
    0xA513,0xA513,0xAD54,0xAD75,0xAD74,0xB595,0xB5B5,0xB595,0xAD74,0xAD34,0xAD34,0xAD74,
    0xB5B5,0xBDB6,0xBDD6,0xBDF6,0xBDD6,0xBDD6,0xB595,0xB595,0xB575,0xAD74,0xB595,0xB595,
    0xB574,0xB595,0xBDD6,0xB595,0xAD74,0xB595,0xAD74,0xB574,0xAD54,0xAD54,0xAD74,0xB595,
    0xB595,0xB595,0xB595,0xB575,0xB595,0xBDD6,0xB5B5,0xB595,0xAD74,0xB574,0xAD74,0xB574,
    0xB574,0xB574,0xBDB5,0xBDD6,0xC617,0xC617,0xBDD6,0xBDD6,0xC5F7,0xC617,0xBDD6,0xBDB5,
    0xBDD6,0xB5B5,0xBDD6,0xBDD6,0xBDD6,0xBDD6,0xC617,0xC617,0xBDD6,0xBDF7,0xC617,0xBDF7,
    0xBDF6,0xBDD6,0xB5B5,0xAD75,0xB595,0xBDD6,0xBDB6,0xB5B5,0xB575,0xAD54,0xAD54,0xAD74,
    0xB595,0xBDD6,0xB595,0xB575,0xAD74,0xAD54,0xAD54,0xAD74,0xAD74,0xAD54,0xA533,0xA513,
    0xA533,0xAD34,0xAD54,0xAD54,0xA534,0xA513,0xAD75,0xAD75,0xAD54,0xAD54,0xAD74,0xB595,
    0xAD54,0xAD54,0xA533,0xAD34,0xAD54,0xAD54,0xAD54,0xAD54,0xAD54,0xA533,0xAD34,0xA513,
    0xA513,0xA513,0xAD54,0xB595,0xAD74,0xA4F2,0xA4F3,0xA513,0xA513,0xAD54,0xA534,0xA513,
    0xAD74,0xAD74,0xAD75,0xB595,0xB595,0xAD34,0xAD54,0xB595,0xB5B6,0xBDD6,0xBDD6,0xBDF6,
    0xBDF7,0xBDD6,0xB5B5,0xB5B5,0xB595,0xB595,0xB5B6,0xB5B5,0xAD54,0xA513,0xA533,0xAD34,
    0xAD33,0xAD54,0xAD54,0xA513,0xA513,0xA513,0xA4F2,0xA513,0xA513,0xA513,0xAD54,0xAD74,
    0xAD54,0xA533,0xA533,0xA533,0xA513,0xAD34,0xA533,0xA533,0xA4F3,0xA513,0xAD33,0xAD54,
    0xAD54,0xAD74,0xB575,0xA533,0xA513,0xA513,0xA513,0xAD54,0xAD54,0xAD33,0xA513,0xA513,
    0xA513,0xA513,0xA513,0x9CD2,0xA513,0xA533,0xAD74,0xAD33,0x9CF2,0x9CD2,0xA533,0xB5B6,
    0xB575,0xA513,0xA533,0xAD54,0xB595,0xBDD6,0xBDD6,0xB5B5,0xBDB5,0xB595,0xB5B5,0xBDD6,
    0xBDD6,0xBDB5,0xBDD6,0xBDD6,0xBDD6,0xBDD6,0xBDF6,0xC5F7,0xC5F7,0xC637,0xC638,0xCE58,
    0xCE79,0xD6B9,0xD6DA,0xDEFB,0xD6BA,0xCE79,0xCE78,0xCE79,0xCE58,0xCE58,0xCE58,0xC638,
    0xCE79,0xD6BA,0xCE79,0xCE58,0xCE79,0xCE58,0xCE58,0xCE79,0xCE99,0xD699,0xD6BA,0xD6DA,
    0xD6DA,0xD6DA,0xD699,0xD6B9,0xD6BA,0xD699,0xCE58,0xCE79,0xCE78,0xCE79,0xCE58,0xC637,
    0xC617,0xC617,0xCE58,0xCE58,0xC638,0xC638,0xCE58,0xCE99,0xCE79,0xD699,0xD699,0xD6BA,
    0xD6BA,0xD699,0xCE58,0xCE58,0xCE58,0xCE78,0xD699,0xD6BA,0xD6BA,0xCE78,0xCE78,0xCE58,
    0xC637,0xCE58,0xD699,0xCE78,0xC658,0xCE78,0xC638,0xC658,0xCE79,0xC637,0xC617,0xBDF7,
    0xBDF6,0xBDF7,0xC617,0xC5F7,0xC617,0xBDF6,0xBDF7,0xBDD6,0xBDD6,0xBDD6,0xB5B5,0xB5B5,
    0xBDB6,0xBDD6,0xB595,0xB595,0xBDD6,0xBDD6,0xBDD6,0xBDB5,0xBDB5,0xB595,0xB595,0xBDD6,
    0xB5B5,0xAD74,0xB575,0xBDB6,0xB595,0xB595,0xBDB5,0xBDB5,0xB595,0xB595,0xBDB5,0xB5B5,
    0xAD54,0xBDD6,0xBDF7,0xB595,0xBDD6,0xBDD6,0xBDD6,0xBDB5,0xAD54,0xAD33,0xAD34,0xAD54,
    0xC617,0xCE99,0xBDD6,0xB5B5,0xBDB5,0xB595,0xB575,0xB575,0xBDD6,0xB5B5,0xB595,0xB595,
    0xAD74,0xB595,0xBDD6,0xB5B5,0xB595,0xB5B5,0xB595,0xBDD6,0xB595,0xBDD6,0xB5B5,0xB575,
    0xB5B5,0xB574,0xAD34,0xB595,0xB575,0xAD54,0xB595,0xAD54,0xAD34,0xB595,0xB575,0xB575,
    0xAD54,0xAD74,0xB575,0xB595,0xB574,0xAD74,0xAD74,0xAD74,0xAD54,0xAD74,0xB595,0xBDD6,
    0xBDD6,0xBDB5,0xBDD6,0xB5B5,0xB595,0xB5B5,0xB595,0xBDD6,0xBDD6,0xB5B5,0xB595,0xBDB6,
    0xB5B5,0xB595,0xB575,0xB574,0xB5B5,0xBDD6,0xBDF6,0xB5B5,0xBDD6,0xB5B5,0xB595,0xAD74,
    0xAD34,0xAD54,0xAD54,0xAD54,0xAD54,0xB595,0xB5B5,0xB595,0xBDD6,0xBDD6,0xBDB5,0xB595,
    0xAD54,0xAD54,0xAD74,0xA533,0xA513,0xA513,0xA513,0x9CB2,0xA513,0xA533,0xAD33,0xB595,
    0xAD54,0xA513,0xA533,0xAD54,0xAD54,0xAD34,0xA513,0xA513,0xAD54,0xAD33,0xA513,0xA4F2,
    0x9CD2,0xA4F2,0x9CF2,0xA513,0xA513,0xA4F2,0xA4F2,0xA513,0xA4F2,0x9CD2,0xA4F2,0xA4F2,
    0x9CD2,0xA4F3,0xA513,0xA533,0xA513,0x9CD2,0x9CB2,0x9CB1,0x9CB2,0x9491,0x9CB1,0x9CD2,
    0x9CB1,0x9CD2,0xA4F2,0x9CD2,0x94B1,0x9470,0x9491,0x9CB1,0x9CD2,0xAD33,0xA533,0xA4F2,
    0xA533,0xA513,0xA513,0x9CF2,0x94B1,0x9470,0x9CB1,0xA4F2,0xA513,0xA533,0xA533,0xA513,
    0xA4F3,0x9CD2,0x9CD2,0xA513,0xA513,0xA513,0xB575,0xAD54,0xAD54,0xAD33,0xA4F2,0xA513,
    0xB5B5,0xBDD6,0xAD74,0xB5B5,0xB595,0xB5B5,0xBDF7,0xBDD6,0xB574,0xBDB5,0xB575,0xAD33,
    0xA533,0xAD54,0xB575,0xB575,0xAD74,0xAD54,0xAD74,0xB595,0xAD54,0xB595,0xB575,0xAD54,
    0xB595,0xB595,0xB575,0xB595,0xB595,0xB5B5,0xB5B5,0xAD74,0xAD74,0xB574,0xAD74,0xB595,
    0xB595,0xB5B5,0xB5B5,0xB595,0xB595,0xB595,0xB575,0xB574,0xB595,0xC5F7,0xCE58,0xC5F7,
    0xC617,0xC5F7,0xBDF6,0xC5F7,0xC617,0xC617,0xC617,0xBDF6,0xBDD6,0xC5F6,0xBDD6,0xC5F7,
    0xC5F7,0xBDB5,0xB595,0xB5B5,0xBDD6,0xC617,0xC617,0xC5F7,0xBDF7,0xBDD6,0xBDD6,0xB5B6,
    0xB575,0xAD54,0xA533,0xAD54,0xAD75,0xAD54,0xAD34,0xAD54,0xAD74,0xAD75,0xAD74,0xAD54,
    0xAD54,0xA533,0xA533,0xA513,0xA513,0xA513,0xA513,0xA513,0xA513,0xA513,0xA513,0x9CF2,
    0xA4F3,0xAD75,0xAD54,0xA533,0xAD54,0xAD74,0xB595,0xBDD6,0xAD75,0xA513,0x9CD2,0xA513,
    0xA513,0xAD54,0xAD54,0xA534,0xA533,0xA513,0x9CD2,0x94B1,0x9491,0x94B1,0xA513,0xAD54,
    0xA533,0x9CD2,0x94B1,0xA513,0xA513,0xA533,0xA513,0x9CF2,0xA513,0xAD54,0xA534,0xAD75,
    0xAD75,0xB595,0xAD75,0xAD74,0xB595,0xB595,0xAD74,0xB595,0xAD54,0xAD74,0xAD75,0xAD54,
    0xA533,0xA513,0xA513,0xA534,0xAD74,0xA533,0xAD95,0xA533,0xA513,0xAD74,0x9CF2,0x9CB2,
    0x9CD2,0xA533,0xA513,0x9CD2,0xA513,0xA533,0xB595,0xB595,0xA533,0xA513,0xA533,0xA533,
    0xAD54,0xA513,0x9CF2,0xA4F2,0xA513,0xA4F2,0xA513,0xA4F2,0x9CD2,0x9CD2,0xAD34,0xAD34,
    0xA513,0xAD74,0xB5B6,0xA513,0xA4F2,0xA533,0xA513,0xA513,0xA513,0xA533,0x9CD2,0x94B1,
    0x9CD2,0x9CD2,0xA513,0xA513,0xA513,0xA513,0xAD54,0xB595,0xB575,0xAD54,0xAD75,0xB595,
    0xAD75,0xB595,0xB575,0xB595,0xAD74,0xAD74,0xB595,0xB595,0xB5B5,0xBDB5,0xBDD6,0xBDD6,
    0xBDD6,0xBDD6,0xBDD6,0xCE79,0xD6BA,0xDEFA,0xDEDA,0xCE79,0xCE99,0xD6B9,0xD6BA,0xD6BA,
    0xD6BA,0xCE99,0xCE78,0xD6BA,0xD699,0xD699,0xD6BA,0xD6BA,0xD699,0xCE99,0xC637,0xC617,
    0xC637,0xCE58,0xCE79,0xD699,0xD6DA,0xD6BA,0xD6BA,0xD6DA,0xD6BA,0xDEDA,0xD6DA,0xD699,
    0xD6B9,0xD6B9,0xD6B9,0xDEFA,0xDEDA,0xD699,0xCE79,0xCE79,0xCE58,0xC638,0xD699,0xDF1B,
    0xD699,0xD699,0xD6BA,0xDEFA,0xDEFA,0xDEDA,0xD699,0xCE78,0xCE99,0xD6BA,0xD6BA,0xD699,
    0xD6B9,0xD6BA,0xD6BA,0xD6B9,0xD699,0xD699,0xCE78,0xCE58,0xCE58,0xCE78,0xCE58,0xC617,
    0xC617,0xC617,0xC617,0xC617,0xC617,0xC617,0xC617,0xBDF7,0xC637,0xC617,0xBDF7,0xC638,
    0xBDD6,0xBDF6,0xBDD6,0xB595,0xB595,0xB595,0xB595,0xBDD6,0xB595,0xBDB6,0xB595,0xAD74,
    0xB595,0xBDD6,0xB5B5,0xBDD6,0xBDD6,0xAD74,0xAD54,0xAD54,0xB595,0xB595,0xAD54,0xB595,
    0xB5B5,0xB595,0xB595,0xB595,0xB575,0xB575,0xAD54,0xAD74,0xAD54,0xB575,0xAD74,0xA513,
    0xA533,0xAD33,0xAD54,0xAD74,0xAD54,0xAD54,0xAD54,0xAD34,0xB575,0xC617,0xC638,0xC617,
    0xC617,0xC617,0xBDD6,0xBDD6,0xAD74,0xB595,0xB574,0xB595,0xB595,0xBDD6,0xBDF7,0xB575,
    0xAD54,0xAD74,0xB575,0xAD54,0xAD54,0xAD54,0xAD54,0xAD54,0xAD54,0xB575,0xAD74,0xAD74,
    0xAD34,0xA513,0xAD54,0xA513,0xA4F2,0xA4F2,0xAD54,0xAD74,0xAD54,0xAD54,0xAD34,0xAD34,
    0xAD33,0xB574,0xAD54,0xAD74,0xB595,0xB595,0xB5B5,0xBDB6,0xB5B5,0xBDB5,0xBDD6,0xB595,
    0xBDD6,0xB5B5,0xAD74,0xB575,0xAD74,0xAD54,0xAD74,0xBDB6,0xBDD6,0xBDF6,0xBDD6,0xB595,
    0xBDB6,0xBDD6,0xC617,0xB595,0xB595,0xB595,0xB575,0xB595,0xAD74,0xAD54,0xAD74,0xB575,
    0xAD74,0xAD74,0xAD54,0xAD33,0xAD54,0xB595,0xB575,0xB595,0xBDB5,0xB5B5,0xAD34,0xA513,
    0xA4F2,0xA513,0xA513,0xA513,0xA533,0xA513,0xA4F2,0xAD34,0xB595,0xB595,0xAD54,0xAD33,
    0xA513,0xA513,0xA513,0xAD33,0xB595,0xB595,0xB575,0xAD33,0xA513,0xA513,0x9CD2,0xA533,
    0xA4F2,0x9CB2,0x9CD2,0xA4F2,0xA4F2,0xA533,0xA4F2,0x94B1,0x9CB1,0x9CD2,0xAD34,0xAD54,
    0xA533,0xA513,0xA4F2,0xA4F2,0xA513,0xAD33,0xAD74,0xAD54,0x9CB2,0x9491,0x9490,0x94B1,
    0x9CD2,0x94B1,0x9CB1,0x9CF2,0xAD54,0xAD33,0xAD34,0xA513,0x9CD2,0xA4F2,0x9CF2,0x9CB1,
    0x9491,0x9CB1,0x9CB1,0x9491,0x9491,0x9CB1,0xA513,0xA513,0xA4F2,0x9CF2,0xA513,0xA513,
    0xA4F2,0xA513,0xAD74,0xA533,0xA513,0xA533,0xAD34,0xAD33,0xAD54,0xAD34,0xA533,0xA533,
    0xB574,0xC5F7,0xBDD6,0xBDD6,0xBDB5,0xAD74,0xB575,0xB595,0xB5B5,0xB574,0xAD54,0xAD74,
    0xBDD6,0xAD54,0xAD54,0xB595,0xB595,0xA533,0xA513,0xB574,0xB595,0xBDD6,0xBDB6,0xB575,
    0xB5B5,0xBDD6,0xB595,0xB574,0xB574,0xB574,0xAD74,0xB595,0xB595,0xB5B5,0xBDD6,0xB5B5,
    0xBDB5,0xB595,0xB595,0xB595,0xC617,0xCE38,0xCE38,0xC617,0xC617,0xC5F6,0xBDD6,0xBDD6,
    0xB595,0xBDB5,0xBDD6,0xBDD6,0xBDD6,0xBDF7,0xBDF6,0xBDF6,0xB595,0xB5B5,0xB5B5,0xB575,
    0xB5B5,0xBDD6,0xC617,0xC617,0xC617,0xBDF6,0xBDD6,0xB5B5,0xAD54,0xA513,0xA513,0xA513,
    0xA513,0xAD54,0xAD54,0xA533,0xAD54,0xAD54,0xAD54,0xA534,0xA4F3,0xA4F2,0xA4F2,0x9CD2,
    0x94B1,0x9CD2,0x9CD2,0x9CF2,0xA513,0xA513,0x9CD2,0x9CF3,0xA533,0xA533,0x9CF2,0xA533,
    0xAD74,0xAD54,0xAD75,0xAD75,0xA533,0xA533,0xA533,0xA533,0xAD54,0xA533,0xA513,0xA533,
    0xA534,0xA4F3,0x9470,0x8C70,0x8C50,0x9470,0x9491,0x9CF2,0x9CF2,0x9CF2,0x9CD2,0x9CD2,
    0x9CB2,0x9CD2,0x9CD2,0x9CD2,0x9CF3,0xA533,0x9CF2,0xA533,0xB595,0xAD54,0xA533,0xAD34,
    0xA534,0xB595,0xB595,0xAD74,0xA534,0xAD54,0xAD54,0xAD75,0xAD54,0x9CD2,0x9CD2,0x9CD2,
    0x9CD2,0xA533,0xA513,0xA513,0xA533,0xB595,0xAD54,0xA513,0xA4F2,0x9CD2,0xAD74,0xAD74,
    0x9CD2,0x9CB1,0xAD74,0xBDF7,0xAD54,0x9CD2,0xA513,0xA533,0xA513,0xA4F2,0x9CB1,0x9491,
    0x9CB1,0x9CB2,0x9CD2,0xA513,0xA533,0x9CD2,0xA533,0xAD34,0x9CD2,0xA513,0xA513,0x9CD2,
    0xA513,0xAD33,0xA513,0xA4F2,0xA4F2,0x9CD2,0x9CD2,0x9CD2,0x9CD2,0x9CD2,0xA513,0xA533,
    0xAD33,0xAD54,0xA533,0xAD33,0xAD74,0xAD74,0xAD74,0xAD54,0xAD74,0xAD74,0xAD54,0xAD74,
    0xAD34,0xAD54,0xAD54,0xB595,0xB595,0xB5B5,0xC638,0xD6B9,0xD6DA,0xD6DA,0xD6BA,0xDEFB,
    0xDEDA,0xD699,0xCE79,0xCE58,0xCE58,0xCE58,0xC638,0xC638,0xC637,0xBDD6,0xB5B5,0xB5B5,
    0xBDD6,0xCE58,0xC658,0xCE58,0xCE79,0xCE79,0xCE58,0xCE58,0xD699,0xD6BA,0xCE99,0xCE99,
    0xCE79,0xCE99,0xD699,0xD6DA,0xD6DA,0xDEFB,0xDEDA,0xD6BA,0xDEDA,0xD6BA,0xD6BA,0xDF1B,
    0xDEFA,0xD699,0xDEFB,0xE73C,0xDF1B,0xD6BA,0xD6B9,0xDF1B,0xD6BA,0xD699,0xD6BA,0xDEFB,
    0xDEFB,0xDEDA,0xDEDA,0xD6BA,0xCE99,0xD6DA,0xDEFB,0xDEFB,0xD6B9,0xCE58,0xCE79,0xD6B9,
    0xD6BA,0xD699,0xD6BA,0xCE99,0xCE78,0xC638,0xC617,0xC638,0xCE58,0xCE58,0xC617,0xC617,
    0xC617,0xC617,0xC617,0xBDD6,0xBDF6,0xBDD6,0xB5B6,0xBDD6,0xBDF6,0xC617,0xBDD6,0xB5B5,
    0xB5B5,0xBDD6,0xBDD6,0xBDD6,0xC5F7,0xC617,0xBDD6,0xBDD6,0xBDD6,0xBDD6,0xB5B5,0xB595,
    0xBDB5,0xBDD6,0xB5B5,0xB575,0xAD54,0xA533,0xAD54,0xAD74,0xAD74,0xBDD6,0xB575,0xB595,
    0xAD74,0xB575,0xB595,0xB574,0xAD54,0xA533,0xA513,0xAD33,0xAD34,0xA533,0xAD54,0xAD75,
    0xAD54,0xB575,0xBDD6,0xBDB5,0xB5B5,0xBDD6,0xC617,0xC638,0xC617,0xBDF7,0xC5F7,0xBDD6,
    0xB5B5,0xB595,0xB595,0xB575,0xB575,0xAD74,0xAD74,0xB595,0xB595,0xAD54,0xAD54,0xAD34,
    0xAD54,0xAD54,0xB595,0xB575,0xAD34,0xAD54,0xAD33,0xA533,0x9CF2,0xA513,0xA4F2,0x9CD2,
    0x9CD2,0x94B1,0x9CD2,0xA4F3,0xA513,0xAD54,0xB575,0xB574,0xB5B5,0xBDD6,0xAD74,0xAD74,
    0xBDD6,0xB595,0xB595,0xB595,0xAD54,0xAD74,0xB595,0xB595,0xB595,0xAD74,0xAD33,0xAD34,
    0xAD34,0xAD54,0xB595,0xBDB6,0xBDD6,0xC637,0xCE78,0xCE79,0xCE58,0xCE78,0xC637,0xBDB6,
    0xB595,0xAD74,0xB595,0xBDD6,0xBDD6,0xB5B5,0xAD74,0xB595,0xB595,0xAD34,0xAD54,0xAD54,
    0xB575,0xB595,0xAD74,0xAD54,0xB595,0xAD74,0xB595,0xB595,0xA533,0xA533,0xA513,0xA4F2,
    0xA513,0xAD33,0xA513,0x9CD2,0xA513,0x9CD2,0xA513,0xA513,0xAD33,0xA533,0xA533,0xA533,
    0xA513,0xAD34,0xAD54,0xA513,0xA533,0xAD34,0xB574,0xAD54,0xA513,0x9CD2,0x9CD2,0xA4D2,
    0xA4F2,0xA513,0xAD54,0xA513,0xA4F2,0xA513,0xA513,0xA513,0x9CD2,0x9CB1,0xA4F2,0xA513,
    0xA4F2,0xAD54,0xB575,0xAD54,0xA513,0xA4F2,0x9CD2,0xA513,0xA513,0xA533,0x9CB1,0x9CB1,
    0xA513,0xAD33,0xAD74,0xAD54,0xA513,0xA4F2,0x9CF2,0x9CD2,0x9CB1,0x9CD2,0x9CB1,0x9CD2,
    0xA512,0xA513,0xA513,0xA513,0xA513,0xA513,0x9CD2,0xA513,0xA513,0xA4F2,0xA4F2,0xA513,
    0xAD34,0xA513,0xA533,0xAD74,0xA513,0xA4F2,0xA4F3,0xA513,0xAD33,0xA513,0xA533,0xAD54,
    0xAD74,0xAD74,0xAD54,0xB575,0xB5B5,0xBDD6,0xB595,0xB575,0xAD74,0xB595,0xB574,0xB575,
    0xB595,0xAD54,0xBDB6,0xBDD6,0xAD54,0xB574,0xB595,0xBDB5,0xBDD6,0xB5B5,0xB595,0xBDD6,
    0xBDF7,0xBDB5,0xB595,0xB574,0xB595,0xBDB5,0xB595,0xB595,0xBDB5,0xB595,0xB575,0xB595,
    0xBDF6,0xBDD6,0xBDD6,0xBDD6,0xBDD6,0xD699,0xCE78,0xCE58,0xC617,0xBDB5,0xBDF6,0xC5F6,
    0xBDD6,0xBDB5,0xBDD6,0xB575,0xAD54,0xB5B5,0xB574,0xAD74,0xAD54,0xAD54,0xB595,0xBDB5,
    0xB595,0xB5B5,0xB595,0xAD54,0xAD54,0xAD54,0xA513,0xA513,0xA513,0xA533,0xA533,0xA533,
    0xA533,0xAD54,0xAD54,0xA534,0xA533,0xA513,0x9CD2,0x9CB2,0x9CD2,0x9CD2,0x9CD2,0x9CB2,
    0x9CD2,0x9CD2,0x9CD2,0xA513,0x9CD2,0x9CD2,0x9CF2,0x9CB2,0x9CB2,0xA513,0xAD75,0xA533,
    0xA513,0xAD54,0xA533,0xA513,0xAD33,0xA513,0xA533,0xAD54,0xA4F3,0x94B1,0x94B1,0x8C30,
    0x840F,0x9491,0x9491,0x9470,0x9470,0x94B1,0x9CD2,0xAD75,0xAD54,0x9CD2,0x9491,0x94B1,
    0x9CD2,0xA533,0xA513,0xA533,0xA533,0xA4F3,0x9CD2,0x9CD2,0x9CD2,0xA533,0xA533,0xA533,
    0xB595,0xA533,0xA4F2,0xA513,0xAD54,0xAD74,0x9CB2,0x9CD2,0x9CB2,0x9CF2,0xA533,0xA533,
    0xA513,0xB595,0xAD74,0xA513,0x9CD2,0x9CD2,0xAD54,0xAD75,0xAD54,0xAD54,0xBDD6,0xC617,
    0xB575,0xA4F2,0xAD34,0xA513,0x9CD2,0xA4F2,0xA4F2,0x9CB1,0x9CB2,0x9CD2,0xA4F2,0x9CD2,
    0x9CB2,0x9CD2,0xAD34,0xAD74,0xA4F3,0x9CB2,0x94B1,0x94B1,0x9CD2,0xA4F2,0xA513,0xA513,
    0xA513,0xA513,0xA533,0xA4F2,0xA513,0xA513,0xA513,0xA513,0xA4F2,0xA4F2,0xA513,0xA513,
    0xA533,0xAD54,0xAD54,0xA513,0xA513,0xA4F3,0xA4F2,0x9CD2,0xA4F2,0xAD34,0xAD74,0xBDD6,
    0xC637,0xD699,0xD699,0xD6B9,0xD6BA,0xD699,0xCE78,0xCE58,0xCE58,0xC638,0xC638,0xCE58,
    0xC638,0xBDF6,0xBDD6,0xBDD6,0xBDF7,0xC617,0xBDD6,0xBDF7,0xCE58,0xCE58,0xC617,0xCE79,
    0xCE58,0xCE79,0xCE99,0xCE58,0xC617,0xC637,0xC637,0xC617,0xC638,0xC658,0xC658,0xCE79,
    0xD699,0xD699,0xCE99,0xD6BA,0xD6BA,0xD699,0xCE79,0xDEDA,0xE73C,0xEF7D,0xEF5C,0xE73C,
    0xE75C,0xEF7C,0xE71B,0xDEFA,0xD6B9,0xD699,0xDEDA,0xE73B,0xE71B,0xE71B,0xE73C,0xDEDA,
    0xDEDA,0xD6BA,0xD6DA,0xD6BA,0xC658,0xCE58,0xCE58,0xCE79,0xCE78,0xCE78,0xD6BA,0xD699,
    0xD699,0xD699,0xD6BA,0xD6DA,0xD699,0xCE78,0xC658,0xC658,0xCE58,0xC637,0xCE58,0xC637,
    0xC638,0xC617,0xBDF6,0xBDF7,0xC617,0xC617,0xC617,0xBDD6,0xBDD6,0xBDD6,0xB595,0xB595,
    0xBDD6,0xB595,0xBDD6,0xBDF7,0xB595,0xB595,0xB595,0xAD74,0xAD74,0xB575,0xAD74,0xAD54,
    0xAD54,0xB575,0xB595,0xB595,0xB595,0xBDD6,0xBDD6,0xBDB5,0xB595,0xB595,0xAD54,0xAD54,
    0xAD54,0xAD54,0xAD54,0xAD54,0xA533,0xAD54,0xB595,0xB595,0xB595,0xAD74,0xB595,0xAD74,
    0xB575,0xB595,0xBDB6,0xBDD6,0xB595,0xB595,0xBDD6,0xB575,0xB575,0xB575,0xB575,0xAD75,
    0xA533,0xAD34,0xB575,0xB575,0xAD54,0xAD54,0xAD54,0xAD54,0xB595,0xAD74,0xB595,0xAD74,
    0xAD54,0xA513,0xA513,0xA513,0xAD33,0xAD54,0xAD54,0xAD33,0xA4F2,0x9CD2,0x9CD2,0xA513,
    0xAD33,0xB595,0xB595,0xB595,0xAD74,0xAD33,0xAD54,0xAD74,0xAD74,0xAD74,0xB575,0xBDD6,
    0xC5F7,0xC617,0xC5F7,0xC637,0xB5B5,0xB5B5,0xB5B5,0xAD74,0xAD74,0xB5B6,0xBDB6,0xB5B5,
    0xBDF6,0xCE58,0xCE38,0xD699,0xDEDA,0xCE79,0xBDF6,0xC658,0xBDD6,0xBDB6,0xB5B5,0xB595,
    0xBDD6,0xB5B5,0xB595,0xBDB6,0xBDD6,0xB5B5,0xB5B5,0xBDF6,0xC637,0xC617,0xBDB5,0xB595,
    0xAD34,0xAD54,0xB595,0xB595,0xAD54,0xA533,0xAD33,0xAD34,0xA4F3,0xA513,0xA513,0xA513,
    0xA533,0xA513,0xA533,0xAD34,0xAD74,0xAD74,0xAD33,0xA533,0xAD33,0xAD34,0xAD54,0xAD54,
    0xAD54,0xAD54,0xAD33,0x9CD2,0x9CD2,0x9CB1,0x9CB1,0x94B1,0x94B1,0x9CB1,0xA513,0x9CD2,
    0x9CD2,0xAD34,0xAD34,0xA533,0xAD34,0xA513,0x9CD2,0x9CD2,0x9CD2,0x9CD2,0x9CD2,0xA513,
    0xA513,0xA533,0xB575,0xB595,0xA513,0xA513,0xAD54,0xA533,0xA4F2,0xAD34,0xA513,0xA4F2,
    0xAD54,0xA4F2,0x9CD2,0xA4F2,0x9CD2,0xA4F2,0xA4F2,0xAD54,0xAD74,0xA513,0xAD34,0xB595,
    0xB5B5,0xB595,0xB595,0xB595,0xAD54,0x9CD2,0xA4F2,0xA4F2,0xA513,0xB575,0xB595,0xAD54,
    0xA513,0xA513,0xAD54,0xA533,0xA4F2,0xA513,0xA533,0xAD33,0xAD74,0xAD74,0xAD54,0xAD74,
    0xAD54,0xBDD6,0xC617,0xBDB5,0xB5B5,0xB595,0xB575,0xBDD6,0xBDB6,0xB595,0xB595,0xC5F7,
    0xC617,0xBDD6,0xBDB5,0xB574,0xB595,0xB595,0xB595,0xBDB5,0xBDB5,0xBDD6,0xBDB5,0xB5B5,
    0xBDB5,0xBDD5,0xB595,0xB5B5,0xBDD6,0xBDB5,0xB595,0xAD54,0xB595,0xB574,0xBDB5,0xBDB5,
    0xBDB5,0xC5F6,0xC5F6,0xC5F6,0xBDB6,0xBDB5,0xBDD6,0xBDB5,0xB574,0xAD54,0xB574,0xB574,
    0xAD54,0xB574,0xAD74,0xB595,0xBDB5,0xB575,0xB595,0xB595,0xB595,0xB595,0xB595,0xAD54,
    0xAD54,0xA533,0xA4F3,0xA513,0xA533,0xA513,0xA513,0xA513,0xA513,0xA513,0xA513,0xA513,
    0x9CD2,0x94B1,0x9CD2,0xA513,0x9CB2,0x9CF2,0x9CD2,0x9CD2,0x9CB2,0x9CB2,0x9CD2,0x94B2,
    0x9CB2,0x9CB2,0x9CD2,0x9CD2,0x9491,0x9CF2,0x9CF2,0x9CB2,0xA513,0xAD54,0xAD54,0x94B1,
    0x840F,0x9CB2,0xA513,0xA533,0xA4F3,0x9CB1,0x9491,0x8C2F,0x8C2F,0x8C70,0x8C2F,0x8C50,
    0x842F,0x840F,0x9470,0xA534,0xAD95,0x9CD2,0x94B1,0x9491,0x9CD2,0x9CF2,0x9CF2,0x9CF3,
    0x9CD2,0x9CD2,0x9CD2,0x9CD2,0xA513,0xAD54,0xAD74,0xA513,0xAD54,0xA533,0x9CD2,0xA513,
    0xA513,0xAD54,0xA534,0x9CD2,0xAD54,0xA513,0x9CF2,0xA513,0xAD54,0xB5B5,0xAD54,0xA513,
    0xA513,0xA513,0xA513,0x9CD2,0xA513,0xAD54,0xB595,0xB5B5,0xBDD6,0xBDB5,0xA533,0x9CD2,
    0xA4F2,0xA4F2,0x9CD2,0x9CB1,0x9CD2,0x9CD2,0x94B1,0x8C70,0x9491,0x94B1,0x9491,0x9CF2,
    0xA4F2,0xA4F2,0x9CD2,0x9CD2,0xA513,0xA513,0xAD54,0xAD54,0xAD74,0xAD74,0xB595,0xAD54,
    0xA4F2,0xA533,0xAD34,0xAD54,0xAD54,0xAD74,0xB595,0xAD74,0xB595,0xBDF7,0xBDF7,0xBDD6,
    0xB5B6,0xBDD6,0xBDD6,0xB595,0xB595,0xB595,0xCE58,0xD699,0xD699,0xD699,0xCE79,0xCE78,
    0xC617,0xC617,0xC638,0xC638,0xCE58,0xCE58,0xC617,0xC637,0xBDD6,0xBDB6,0xB595,0xBDD6,
    0xC638,0xC638,0xBDF7,0xBDF7,0xBDF7,0xC617,0xBDF7,0xBDD6,0xBDF7,0xC637,0xC617,0xC617,
    0xBDF7,0xC617,0xCE58,0xD6BA,0xCE58,0xC638,0xC637,0xCE58,0xCE78,0xCE58,0xCE79,0xD6BA,
    0xDEDA,0xD6DA,0xD6BA,0xDEDA,0xDEDA,0xDEFB,0xD6BA,0xCE79,0xD6B9,0xDEFB,0xE71B,0xD6B9,
    0xD6BA,0xDEDA,0xD6BA,0xCE79,0xCE78,0xD6BA,0xDEDA,0xDEFB,0xD6DA,0xD6BA,0xD699,0xCE58,
    0xCE99,0xCE79,0xD699,0xD6BA,0xCE58,0xCE78,0xCE99,0xCE79,0xCE78,0xCE79,0xCE79,0xCE78,
    0xD6BA,0xD699,0xD6BA,0xD6B9,0xD6DA,0xD6B9,0xD699,0xCE79,0xCE79,0xD699,0xC638,0xC637,
    0xC617,0xBDD6,0xBDD6,0xBDB5,0xBDD6,0xBDD6,0xBDD6,0xBDD6,0xBDD6,0xB5B5,0xBDD6,0xBDD6,
    0xB5B5,0xBDD6,0xB5B6,0xBDD6,0xB5B5,0xB575,0xB595,0xBDD6,0xC637,0xBDD6,0xAD74,0xB575,
    0xBDD6,0xBDD6,0xBDB6,0xBDD6,0xB575,0xAD34,0xAD34,0xAD54,0xAD54,0xAD74,0xAD33,0xA513,
    0xAD54,0xB595,0xB5B5,0xB574,0xAD54,0xAD74,0xAD54,0xAD54,0xAD33,0xA533,0xAD74,0xB595,
    0xAD54,0xAD54,0xA4F2,0xA513,0xAD34,0xA513,0xA513,0xAD75,0xB575,0xB595,0xBDD6,0xAD34,
    0xAD34,0xA533,0xAD54,0xAD54,0xB595,0xB595,0xAD75,0xAD33,0xA533,0xA533,0xA533,0xAD33,
    0xA513,0xA533,0xAD74,0xAD54,0xA513,0xA4F2,0xA513,0xAD54,0xBDD6,0xBDF6,0xB595,0xAD74,
    0xAD54,0xAD54,0xAD54,0xAD74,0xB595,0xB595,0xB5B5,0xC637,0xCE79,0xC637,0xB595,0xBDD6,
    0xAD74,0xAD74,0xB595,0xAD74,0xAD74,0xAD74,0xB575,0xB595,0xBDB5,0xB595,0xB595,0xAD54,
    0xAD34,0xAD33,0xAD74,0xAD74,0xAD34,0xB575,0xB575,0xAD54,0xAD34,0xAD34,0xB595,0xC637,
    0xC617,0xBDD6,0xBDF6,0xB5B5,0xBDD6,0xBDD6,0xB595,0xB575,0xAD54,0xAD74,0xAD54,0xB575,
    0xB575,0xA533,0xAD74,0xAD54,0xAD34,0xAD54,0xA513,0xA533,0xA513,0xAD54,0xAD34,0xAD54,
    0xAD54,0xB595,0xB595,0xAD54,0xB595,0xB595,0xB595,0xB575,0xA533,0x9CD2,0x9CD2,0xA4F2,
    0x9CB1,0xA4F2,0xA513,0x9CD2,0x9CD2,0x9CB2,0x9CB1,0x9CD2,0x9CD2,0xA533,0xA513,0x9CF2,
    0xAD34,0xAD54,0xA513,0xA513,0xA513,0x9CB1,0x9CD2,0xA4F2,0xA533,0xAD54,0xB595,0xAD34,
    0x9CD2,0x9491,0x9CB1,0x9CD2,0x94B1,0x9CB2,0x9CF2,0xA4F2,0x9CD2,0xA4F2,0xA4D2,0x9CD2,
    0x9CB1,0x9CB1,0xA4F2,0xA513,0xA4F2,0xA4F3,0xAD54,0xB5B5,0xC5F7,0xBDD6,0xB595,0xB575,
    0xAD54,0xA533,0xA4F2,0xA533,0xAD54,0xB595,0xBDD6,0xB595,0xAD33,0xA513,0xAD33,0xAD74,
    0xAD33,0xAD54,0xB595,0xB575,0xB595,0xB595,0xAD54,0xA533,0xAD54,0xAD74,0xB595,0xB595,
    0xAD74,0xB595,0xAD74,0xAD74,0xAD54,0xB5B5,0xBDD6,0xBDD6,0xBDD6,0xB574,0xAD74,0xAD74,
    0xAD54,0xAD54,0xAD54,0xB574,0xAD74,0xB5B5,0xB595,0xB5B5,0xB595,0xB595,0xB595,0xBDB5,
    0xB595,0xB574,0xB595,0xB595,0xAD54,0xAD54,0xB574,0xB5B5,0xBDD6,0xBDD6,0xBDB5,0xB595,
    0xBDB5,0xC5F6,0xBDB5,0xB595,0xAD33,0xAD33,0xB574,0xB595,0xB574,0xB595,0xBDB5,0xB595,
    0xB575,0xB595,0xB595,0xAD74,0xAD54,0xAD74,0xAD54,0xA533,0xA513,0xA513,0xA4F2,0xA513,
    0x9CF2,0x9CD2,0x94B1,0x9CB1,0xA4F2,0xA533,0xAD75,0xA513,0x9CD2,0x8C70,0x8C50,0x9470,
    0x9491,0x94B1,0x94B1,0x94B1,0x94B1,0xA533,0x9CD2,0x8C70,0x94B1,0x9470,0x9491,0x9470,
    0x9CD2,0x9CD2,0x8C50,0x8C50,0xA4F2,0x9CF2,0xA4F3,0x9CD2,0x840F,0x83EF,0x840F,0x8C70,
    0x8C30,0x840F,0x840F,0x83EF,0x840F,0x8C50,0x840F,0x840F,0x7BCE,0x83CE,0x83EE,0x8C50,
    0x94B1,0x9CB2,0x9CB2,0x9491,0x9CD2,0x9CD2,0x9CD2,0x94B2,0x9CD2,0x9CD2,0x94B1,0x9CD2,
    0x94B1,0x9CD2,0x9CF2,0x8C50,0x8C50,0x9491,0xA4F3,0x9CD2,0x94B1,0x9CB2,0xA554,0xAD54,
    0xA513,0x9CD2,0x9CD2,0x9CD2,0x9CD2,0x9CF2,0xA513,0x9CF2,0x9CD2,0x9CB2,0x9CB1,0x94B1,
    0x9CB2,0x9CF2,0xA4F3,0xA513,0xA513,0xA4F2,0x94B1,0x9CB2,0x9CB1,0x9CD2,0x9491,0x9491,
    0x9491,0x94B1,0x9CD2,0x94B1,0x9CB2,0xA513,0xA513,0x9CD2,0xA513,0xA4F2,0xA513,0xA513,
    0xA4F2,0xAD54,0xB575,0xB575,0xBDD6,0xBDD6,0xBDB6,0xBDD6,0xAD54,0xAD54,0xAD54,0xAD74,
    0xB595,0xB595,0xB5B5,0xBDD6,0xBDD6,0xC637,0xC638,0xCE58,0xCE99,0xCE99,0xD699,0xD699,
    0xCE79,0xD699,0xDEFB,0xDEDA,0xCE79,0xB595,0xBDD6,0xBDD6,0xB595,0xBDB6,0xBDF7,0xCE58,
    0xC638,0xCE79,0xC638,0xC617,0xBDD6,0xB5B5,0xC617,0xBDD6,0xB5B5,0xBDD6,0xAD54,0xAD33,
    0xAD54,0xB595,0xC617,0xBDD6,0xB5B5,0xBDD6,0xBDF6,0xCE58,0xC617,0xC637,0xCE58,0xC617,
    0xBDF6,0xBDF7,0xC638,0xCE58,0xC658,0xCE79,0xCE58,0xCE99,0xD6B9,0xD6BA,0xDF1B,0xE71B,
    0xE71B,0xDEFB,0xD699,0xC638,0xC638,0xC637,0xCE58,0xD6B9,0xD6BA,0xDEDA,0xD6BA,0xD6BA,
    0xD699,0xCE79,0xD6BA,0xD6DA,0xD6BA,0xCE79,0xCE58,0xCE58,0xD699,0xD6BA,0xD6B9,0xD6BA,
    0xCE79,0xD699,0xD699,0xD6BA,0xD6BA,0xCE79,0xCE79,0xD699,0xDEFA,0xDEDA,0xDEFB,0xDEFB,
    0xDF1B,0xDEDA,0xD6DA,0xD6BA,0xD699,0xCE79,0xC638,0xC638,0xC617,0xBDF7,0xC617,0xC617,
    0xC617,0xC617,0xBDF6,0xC617,0xC617,0xC5F7,0xBDF6,0xBDD6,0xB5B5,0xB595,0xB5B5,0xB595,
    0xB595,0xB595,0xB574,0xB595,0xB5B5,0xAD74,0xAD54,0xAD34,0xAD74,0xAD74,0xAD54,0xBDD6,
    0xAD54,0xA513,0xA4F2,0xA4F2,0xA4F2,0xA513,0x9CD2,0x9CB1,0x9CD2,0xAD54,0xB595,0xAD34,
    0xA533,0xB575,0xBDD6,0xBDD6,0xAD54,0xAD33,0xAD74,0xAD54,0xAD74,0xAD74,0xA513,0xA513,
    0xAD74,0xA533,0xA513,0xAD54,0xAD74,0xB595,0xBDD6,0xB5B5,0xB595,0xAD74,0xB595,0xAD75,
    0xAD54,0xAD34,0xAD34,0xA533,0xA533,0xAD54,0xAD54,0xAD34,0xA513,0xA533,0xA513,0xA4F2,
    0xA4F2,0xA4F2,0xA513,0xAD54,0xAD54,0xAD74,0xAD34,0x9CD2,0xA533,0xAD54,0xA533,0xA513,
    0xAD54,0xB595,0xBDB6,0xC637,0xC5F7,0xBDF6,0xB595,0xAD54,0xAD74,0xB595,0xB5B5,0xBDD6,
    0xBDD6,0xB595,0xAD74,0xBDB5,0xAD74,0xA513,0xA513,0xA4F2,0xA513,0xA4F2,0x9CD2,0xA4F2,
    0x9CD2,0xA4F2,0xA4F2,0xA513,0xA513,0xA513,0xA4F2,0xA533,0xB595,0xB5B5,0xBDB6,0xAD54,
    0xAD33,0xAD34,0xAD54,0xAD54,0xAD74,0xB595,0xB595,0xB575,0xB595,0xBDD6,0xB595,0xAD54,
    0xAD54,0xB575,0xAD54,0xB575,0xAD74,0xB595,0xB5B5,0xB5B5,0xBDD6,0xBDD6,0xBDD6,0xB595,
    0xB595,0xB575,0xB595,0xAD74,0xA533,0x9CD2,0x9CF2,0xAD34,0xAD54,0xA533,0xA4F2,0xA4F2,
    0x9CD2,0x9CB1,0x9CB2,0xA4F2,0x9CB2,0x9CB2,0x9CD2,0xA513,0xAD33,0xB574,0xA533,0x9CD2,
    0x9CB2,0xA4F2,0x9CD2,0x94B1,0xA513,0x9CD2,0x9CB2,0x9CB2,0x9CB2,0xA4F2,0xA4F2,0xA533,
    0xA4F2,0x9CB1,0x9CD2,0xA4F2,0x9CB1,0x9CB2,0x9CB2,0x9CB1,0xA4F2,0x9CD2,0xA4F3,0xA4F2,
    0xA4F2,0xA513,0xAD33,0xA4D2,0xA513,0xAD54,0xA513,0xA513,0xA513,0xAD54,0xAD74,0xB595,
    0xB595,0xA513,0xA513,0xAD54,0xAD75,0xAD54,0xAD34,0xB595,0xB5B5,0xB595,0xBDD6,0xB575,
    0xAD74,0xBDB6,0xB5B5,0xAD74,0xAD74,0xAD54,0xB595,0xBDD6,0xB595,0xAD74,0xAD54,0xAD54,
    0xC638,0xD699,0xBDD6,0xC617,0xBDF6,0xB595,0xAD34,0xA533,0xAD54,0xA533,0xA513,0xAD34,
    0xB595,0xB574,0xAD54,0xAD74,0xB575,0xBDB6,0xBDD6,0xB595,0xB575,0xB574,0xB574,0xAD54,
    0xAD34,0xAD54,0xB575,0xAD74,0xAD54,0xAD54,0xB575,0xB5B5,0xB595,0xB5B5,0xB574,0xAD54,
    0xAD54,0xAD54,0xB575,0xB595,0xAD54,0xAD74,0xB575,0xAD54,0xAD54,0xAD74,0xB595,0xAD54,
    0xAD33,0xA513,0xAD54,0xAD75,0xAD54,0xA513,0xA533,0xA513,0x9CD2,0x9CD2,0x9CB1,0x9491,
    0x9CB2,0xA513,0xA513,0x9CD2,0x9CF2,0x9CB2,0x840F,0x83EE,0x9CD2,0x9491,0x9491,0x94B1,
    0x9CB2,0x9CB2,0x9491,0x8C30,0x8C2F,0x8C2F,0x8C30,0x9470,0x9CD2,0x9CB1,0x8C2F,0x7BCE,
    0x842F,0x7BCE,0x83EE,0x9491,0x8C50,0x83EF,0x7BCE,0x7BAD,0x7BCE,0x7BCE,0x7BAD,0x7BCE,
    0x83EE,0x840F,0x840F,0x840F,0x7BCE,0x83EE,0x8C2F,0x8C2F,0x9471,0x840F,0x83EF,0x9491,
    0x9CD2,0x9CD2,0x94B2,0x94B1,0x94B1,0x9491,0x840F,0x8C30,0x840F,0x8C2F,0x9491,0x8C2F,
    0x9470,0x9491,0x94B1,0x8C50,0x9470,0x8C50,0x94B1,0xAD54,0xA513,0x9CB1,0x9CD2,0x94B1,
    0x94B1,0x94B1,0x94B1,0x94B1,0x94B1,0x9491,0x8C50,0x9470,0x94B1,0xA513,0xAD34,0xA513,
    0xA513,0x9CD2,0x9491,0x94B1,0x9491,0x9491,0x9CB1,0x9491,0x9491,0x9491,0x94B1,0x9CB1,
    0x94B1,0x9CB2,0xA4F2,0xA4F2,0xA4F2,0xA4F2,0xA513,0xA513,0xAD33,0xB595,0xBDD6,0xAD33,
    0xAD54,0xB575,0xB575,0xAD33,0xAD34,0xA533,0xAD54,0xAD74,0xB595,0xB595,0xBDD6,0xBDD6,
    0xB5B5,0xBDD6,0xC617,0xC617,0xCE58,0xC638,0xC617,0xC617,0xBDF7,0xCE38,0xE73C,0xDF1B,
    0xD699,0xB575,0xB5B5,0xBDF6,0xC617,0xCE38,0xD699,0xD6DA,0xCE78,0xCE58,0xC637,0xBDD6,
    0xBDF7,0xBDD6,0xC638,0xBDF7,0xBDD6,0xC638,0xB595,0xAD33,0xAD54,0xB575,0xBDD6,0xBDD6,
    0xBDB6,0xBDD6,0xBDD6,0xBDD6,0xBDF7,0xBDD6,0xB5B5,0xB595,0xB595,0xBDD6,0xC617,0xBDD6,
    0xB575,0xB5B6,0xBDD6,0xCE78,0xD6DA,0xDEDA,0xE73C,0xDEFB,0xD699,0xD6DA,0xD6DA,0xCE79,
    0xCE79,0xD699,0xD699,0xD699,0xD6BA,0xD699,0xD699,0xD6BA,0xD6B9,0xD699,0xD6BA,0xDEDA,
    0xD6DA,0xD6BA,0xCE99,0xCE79,0xD699,0xCE79,0xCE79,0xCE58,0xD699,0xE75C,0xE73C,0xDEFB,
    0xDEDA,0xD6B9,0xD6BA,0xD6DA,0xD6DA,0xDF1B,0xE73B,0xE73C,0xDEFB,0xE71C,0xDEDA,0xDEDA,
    0xD699,0xCE79,0xCE58,0xC637,0xC637,0xBDF7,0xC5F7,0xC5F7,0xC638,0xC617,0xBDF7,0xBDF6,
    0xBDF6,0xC617,0xCE58,0xBDD6,0xB595,0xB595,0xB595,0xB595,0xB595,0xB595,0xB595,0xB595,
    0xB595,0xAD34,0xA533,0xAD54,0xB595,0xAD54,0xAD54,0xAD54,0xA533,0xA513,0xA513,0xA533,
    0xAD54,0xA533,0xAD34,0xA533,0xAD54,0xAD54,0xAD54,0xAD34,0xAD54,0xAD54,0xAD75,0xAD54,
    0xA513,0xA533,0xAD34,0xAD74,0xB595,0xA513,0xA4F2,0xA513,0xAD74,0xB595,0xBDD6,0xB595,
    0xB5B6,0xB5B5,0xAD54,0xAD54,0xAD75,0xAD74,0xC638,0xD6B9,0xBDD6,0xAD75,0xB575,0xB595,
    0xA513,0xAD54,0xAD54,0xAD54,0xB595,0xB575,0xB595,0xAD74,0xAD54,0xAD34,0xA513,0xA513,
    0xA513,0xA533,0xA4F2,0xA513,0xA513,0xAD54,0xB595,0xBDD6,0xBDD6,0xBDD6,0xBDB6,0xB595,
    0xB595,0xAD74,0xAD54,0xAD54,0xB575,0xAD54,0xAD33,0xB595,0xB575,0xBDF7,0xAD54,0xAD34,
    0xAD54,0xA513,0xA533,0xA533,0xA513,0x9CD2,0xA4F2,0xA4F2,0x9CD2,0xA4F2,0xA4F2,0xA4F2,
    0xA533,0xAD74,0xA513,0xA4F2,0xAD33,0xA513,0xA4F2,0xA513,0xA513,0xAD34,0xB595,0xB595,
    0xB595,0xB595,0xAD74,0xB575,0xB575,0xB595,0xB575,0xB5B5,0xBDB6,0xBDD6,0xC617,0xC637,
    0xC638,0xBDF7,0xB595,0xBDD6,0xC637,0xC617,0xBDF7,0xBDD6,0xB595,0xB595,0xAD74,0xAD54,
    0xAD54,0xA4F2,0xA4F3,0xAD74,0xAD34,0xA4F3,0xA4F3,0xA4F2,0xAD54,0xA533,0xA4F2,0x9CD2,
    0xA513,0xA513,0xAD34,0xB575,0xA513,0xB595,0xB595,0xA4F2,0xA4F2,0xAD34,0xA513,0xA4F2,
    0xA513,0x9CD2,0x9CB1,0x9CB2,0xA4F2,0xAD34,0xB595,0xAD74,0xA4F2,0x9CB1,0x8C50,0x8C70,
    0x9CD2,0x9CD2,0x9CD2,0x9CD2,0x9CD2,0x9CD2,0xA513,0xAD54,0xAD74,0xBDD6,0xB575,0xA513,
    0xAD33,0xA513,0xA513,0xA513,0xAD54,0xB575,0xAD33,0x9CD2,0x9CD2,0x9CD2,0xA4F2,0xA4F2,
    0x9CD2,0xA513,0xA533,0xAD74,0xB595,0xBDD6,0xC617,0xBDD6,0xB5B5,0xB575,0xAD75,0xB595,
    0xB595,0xB595,0xB595,0xAD54,0xA533,0xA533,0xAD54,0xB595,0xB595,0xB575,0xB575,0xBDD6,
    0xBDD6,0xBDD6,0xB574,0xA513,0x9CD2,0x9CF2,0xA4F2,0xA4F2,0xA513,0xAD74,0xAD34,0xAD54,
    0xB595,0xB595,0xB595,0xB595,0xB575,0xAD74,0xB595,0xB575,0xB595,0xB575,0xAD74,0xAD54,
    0xA533,0xA4F2,0xA513,0xAD54,0xAD54,0xA513,0xAD54,0xB575,0xB575,0xAD74,0xB595,0xB595,
    0xAD54,0xAD54,0xAD74,0xAD54,0xAD34,0xAD34,0xAD33,0xAD34,0xA513,0xA513,0xAD54,0xA513,
    0xA533,0xAD54,0xAD54,0xA513,0x9CF2,0x9CD2,0x9CD2,0x9CB2,0x9CB2,0x9CD2,0x9CD2,0x9CD2,
    0x9CB2,0x9CD2,0xA4F3,0x94B1,0x94B1,0x94B1,0x94B1,0x9CF2,0x8C50,0x8C50,0x9471,0x840F,
    0x8C30,0x8C2F,0x840F,0x94B1,0x9CB2,0x840F,0x840F,0x83CE,0x7BCE,0x7BAD,0x7BAD,0x738D,
    0x738D,0x7BCE,0x7BCE,0x738D,0x7BCE,0x840F,0x83EF,0x7BEE,0x83EF,0x83EE,0x8C2F,0x83EE,
    0x83EE,0x7BCE,0x842F,0x83EF,0x840F,0x7BAD,0x7BCE,0x8C70,0x94B1,0x9491,0x8C30,0x840F,
    0x7BEE,0x7BCE,0x7BCE,0x7BCE,0x7BCE,0x83EE,0x840F,0x842F,0x8C2F,0x8C50,0x9470,0x94B1,
    0x9471,0x8C70,0x9491,0x9491,0x9CD2,0x9CF2,0x94B2,0x8C50,0x8C50,0x9470,0x9CB2,0x9471,
    0x8C70,0x9491,0x8C70,0x8C2F,0x8C70,0x9491,0x9491,0x9491,0x9CB1,0x9CF2,0x9CB2,0x94B1,
    0x9470,0x9491,0x9470,0x94B1,0x9CB1,0x9CB2,0x9CB1,0x9CD2,0x9CB1,0x9491,0x9491,0x9491,
    0x9CD2,0x9CB1,0x9CD2,0xAD34,0xAD34,0xA533,0xAD33,0xAD54,0xAD33,0xA533,0xA513,0xA513,
    0xAD54,0xAD74,0xAD54,0xAD54,0xAD54,0xAD54,0xB595,0xB5B5,0xB595,0xBDD6,0xBDD6,0xC5F7,
    0xC617,0xC617,0xC617,0xC638,0xCE58,0xC638,0xCE58,0xC617,0xBDF6,0xB595,0xB595,0xB5B5,
    0xBDD6,0xC617,0xC617,0xB595,0xB5B5,0xBDB6,0xBDB6,0xB5B5,0xB575,0xB575,0xAD74,0xB595,
    0xBDD6,0xBDB5,0xC617,0xB575,0xAD54,0xBDD6,0xBDD6,0xBDB6,0xB575,0xB595,0xBDD6,0xB5B5,
    0xB5B5,0xB5B5,0xBDB6,0xBDF7,0xBDD6,0xB5B5,0xBDB6,0xAD54,0xA513,0xAD54,0xB5B5,0xBDF7,
    0xC638,0xC638,0xCE58,0xC638,0xC638,0xCE58,0xCE79,0xD6BA,0xDEDA,0xCE99,0xCE78,0xCE58,
    0xC638,0xCE99,0xCE79,0xCE79,0xD6BA,0xD6BA,0xD6BA,0xD6BA,0xD699,0xD699,0xD699,0xD6BA,
    0xD6BA,0xD6B9,0xD699,0xD699,0xDEFA,0xE75C,0xE71B,0xD699,0xD699,0xD699,0xCE78,0xCE79,
    0xDEDA,0xE71B,0xDF1B,0xDF1B,0xDEDA,0xD6BA,0xDEDA,0xD6DA,0xD6BA,0xCE79,0xC638,0xCE58,
    0xCE38,0xC617,0xBDD6,0xBDD6,0xBDF7,0xBDD6,0xBDB6,0xB5B5,0xBDB5,0xB595,0xB595,0xAD54,
    0xAD54,0xAD54,0xAD74,0xB575,0xB595,0xBDD6,0xBDD6,0xC638,0xD699,0xBDF7,0xB575,0xAD54,
    0xAD54,0xAD74,0xA533,0xA4F2,0x9CD2,0xA4F2,0xAD54,0xA513,0xAD54,0xAD54,0xAD54,0xAD54,
    0xA533,0xA513,0xA513,0xAD54,0xAD74,0xB595,0xAD34,0xA513,0xB575,0xB5B5,0xA4F2,0x9CD2,
    0xA4F2,0xA513,0xA533,0xB5B5,0xBDD6,0xAD74,0xAD74,0xB595,0xBDB6,0xAD54,0xA4F2,0x9CD2,
    0xA4F2,0xA513,0xAD74,0xB5D6,0xBDF7,0xB595,0xAD54,0xAD54,0xA533,0x9CD2,0x9CD2,0x9CD2,
    0xA513,0xA4F3,0xA533,0xB595,0xAD74,0xA513,0xA533,0xAD34,0xA533,0xAD33,0xAD74,0xAD54,
    0xB575,0xB5B5,0xBDD6,0xCE58,0xC638,0xBDF7,0xBDD6,0xB5B5,0xAD34,0xAD54,0xAD33,0xA513,
    0xAD74,0xAD74,0xAD33,0xAD33,0xAD34,0xAD34,0xA513,0xA513,0xAD34,0xA533,0xAD34,0xA513,
    0xA513,0xA4F2,0x9CD2,0xA4F2,0xA4F3,0xA4F2,0xA4F2,0xA4F3,0xA513,0xAD74,0xAD54,0xA533,
    0xA513,0x9CD2,0xA533,0xAD34,0xA533,0xA513,0xAD33,0xAD34,0xAD74,0xAD54,0xAD34,0xAD54,
    0xAD54,0xAD54,0xAD74,0xB575,0xB595,0xBDB5,0xBDD6,0xBDF7,0xBDD6,0xBDD6,0xC637,0xCE58,
    0xC5F7,0xB595,0xB595,0xB575,0xB575,0xB575,0xAD34,0xA513,0xA4F2,0x9CD2,0xA4F2,0xA513,
    0xA4F2,0xAD34,0xAD74,0x9CD2,0xA533,0xA513,0xA513,0xAD33,0xAD54,0xA4F2,0x9CD2,0x9CD2,
    0x9CD2,0xA513,0xA4F3,0xA4F2,0xA4F2,0x9CD2,0xA4F2,0xA513,0xB575,0xAD74,0xA533,0xA513,
    0xAD54,0xB575,0xAD54,0xAD54,0xA4F2,0x9CD2,0x9CB1,0x9CD2,0x9CB1,0x9CB1,0xA513,0x9CB1,
    0x9491,0x94B1,0xA4F3,0xA533,0xA533,0xAD74,0xB575,0xB595,0xB595,0xA4F3,0x9CF2,0xA513,
    0xA533,0xA513,0xA513,0xA4F3,0x9CD2,0xA513,0xAD74,0xAD34,0xA4F3,0xA513,0xA533,0xB575,
    0xBDD6,0xBDB5,0xBDB6,0xB5B6,0xBDF7,0xC617,0xAD74,0xB575,0xB5B5,0xB595,0xAD54,0xAD34,
    0xA513,0xB595,0xB595,0xAD54,0xB595,0xB575,0xAD33,0xAD33,0xA4F2,0xA533,0xA533,0xAD54,
    0xAD33,0xA513,0xA533,0xA533,0xA512,0xAD33,0xA533,0xAD34,0xAD54,0xAD33,0xAD34,0xAD54,
    0xAD54,0xAD74,0xAD54,0xAD74,0xB595,0xBDD6,0xB595,0xAD54,0xA513,0xAD33,0xA513,0xA513,
    0xAD33,0xAD34,0xA513,0xAD34,0xAD54,0xB595,0xB595,0xAD34,0xA533,0xAD34,0xAD74,0xAD54,
    0xAD33,0xAD54,0xAD54,0xA513,0xAD33,0xA533,0xA4F2,0xA4F2,0xA513,0xA513,0xA513,0xA533,
    0xA533,0xA4F3,0x9CB2,0x9491,0x9CD2,0x9CB1,0x9CB1,0xA513,0xA4F2,0x9CD2,0x9CB2,0x9491,
    0x8C30,0x8C50,0x8C50,0x8C30,0x840F,0x840F,0x8C2F,0x840F,0x840F,0x83EF,0x83EF,0x8C50,
    0x840F,0x7BAD,0x7BCE,0x7BCE,0x7BCE,0x7BCE,0x7BCE,0x738D,0x738D,0x738D,0x7BCE,0x7BCE,
    0x840F,0x94B1,0x842F,0x7BCE,0x7BAD,0x840F,0x8C2F,0x840E,0x83CE,0x83CE,0x7BAD,0x7BAD,
    0x7BAD,0x7BAD,0x83EF,0x7BCE,0x83EF,0x840F,0x7BAD,0x736D,0x6B2B,0x6B4C,0x736C,0x7BAD,
    0x7BCE,0x83EE,0x840F,0x7BCE,0x840F,0x8C30,0x8C30,0x9491,0x94B1,0x9CD2,0x9CB2,0x9470,
    0x9491,0xA533,0xA513,0x9491,0x8C50,0x840F,0x8C30,0x8C50,0x840F,0x8C50,0x9471,0x8C50,
    0x9491,0x94B1,0x9491,0x9491,0x9491,0x94B1,0x9CB2,0x9471,0x9491,0x9CD2,0x94B1,0x9470,
    0x9CD2,0xA513,0x9CB2,0x9CB1,0x9CB1,0x9CB1,0x9CD2,0xA513,0xB595,0xA533,0x9CD2,0xA513,
    0xAD33,0xAD33,0xA513,0xA4F2,0xA4F2,0xA513,0xA513,0x9CF2,0xA4F3,0xAD34,0xAD34,0x9CD2,
    0xAD54,0xBDD6,0xBDD6,0xBDD6,0xBDB6,0xB595,0xB595,0xBDD6,0xC5F7,0xC617,0xC638,0xCE58,
    0xCE99,0xD699,0xCE79,0xC638,0xC637,0xBDF7,0xB595,0xB5B5,0xBDF7,0xB595,0xB575,0xBDD6,
    0xBDD6,0xC5F7,0xBDD6,0xBDB5,0xB575,0xAD33,0xA513,0xAD54,0xAD74,0xAD54,0xA533,0x9CD2,
    0xA513,0xBDD6,0xBDB6,0xAD34,0xAD34,0xB595,0xBDD6,0xBDB5,0xB595,0xBDD6,0xBDD6,0xB5B5,
    0xBDD6,0xBDD6,0xAD75,0xB595,0xC617,0xBDD6,0xBDB6,0xB5B5,0xC617,0xBDF6,0xB595,0xB595,
    0xB595,0xBDF7,0xC617,0xC637,0xC637,0xC617,0xC637,0xCE58,0xC637,0xC638,0xCE78,0xCE78,
    0xCE78,0xCE79,0xD699,0xCE99,0xCE99,0xCE79,0xD6B9,0xDEFB,0xDEFB,0xDEDA,0xDEDA,0xD6DA,
    0xDEDA,0xD699,0xD699,0xDEDA,0xD6BA,0xD6B9,0xD699,0xCE79,0xD6BA,0xD6DA,0xD6BA,0xD6BA,
    0xD699,0xCE99,0xD699,0xCE58,0xC658,0xC617,0xBDF7,0xC617,0xC617,0xCE58,0xC617,0xC637,
    0xC637,0xBDD6,0xBDF7,0xBDD6,0xBDB6,0xB595,0xB595,0xB5B5,0xB5B5,0xBDD6,0xBDF7,0xBDD6,
    0xBDD6,0xBDF6,0xBDD6,0xBDD6,0xB595,0xB575,0xAD54,0xAD34,0xAD54,0xAD34,0xA4F2,0x9CD2,
    0x9CD2,0xA533,0xAD33,0xA513,0xA4F2,0xA513,0xA533,0xA4F2,0xA4F2,0xAD54,0xB575,0xB595,
    0xAD74,0xAD74,0xAD54,0xAD33,0xC617,0xC617,0xAD54,0xA4F2,0xAD54,0xAD74,0xAD54,0xB595,
    0xAD54,0xAD54,0xAD54,0xAD54,0xBDD6,0xAD74,0xA513,0xA513,0xA513,0xA513,0xA513,0xA513,
    0xA513,0xA513,0x9CD2,0xA534,0xA4F3,0x9CB2,0xA4F2,0xA4F2,0x9CF2,0x9CD2,0x9CD2,0xA4F2,
    0x9CF2,0xA4F3,0xA513,0xA513,0xA513,0xA513,0xA4F2,0xAD33,0xAD54,0xB575,0xB595,0xBDD6,
    0xBDD6,0xB575,0xB575,0xB595,0xAD54,0xAD34,0xAD54,0xAD54,0xB575,0xAD34,0xB575,0xB595,
    0xAD33,0x9CD2,0xA513,0xAD34,0xA513,0xA513,0xA513,0xA513,0xAD33,0xA533,0xA513,0xA513,
    0xA513,0xA513,0xA513,0xA4F3,0xA513,0xA533,0xA513,0xAD54,0xAD74,0xA4F2,0x9CD2,0x9CD2,
    0xA513,0x94B1,0xA513,0xA513,0xA513,0xAD34,0xA513,0xAD34,0xAD74,0xAD54,0xB575,0xBDD6,
    0xBDD6,0xBDB6,0xBDB6,0xBDD6,0xBDD6,0xC638,0xD6BA,0xCE79,0xBDF7,0xB595,0xB595,0xB595,
    0xAD74,0xAD34,0xA513,0xAD54,0xA4F3,0x9CD2,0x9CD2,0xA533,0xAD54,0xA513,0xA513,0xA4F2,
    0x9491,0x9CB1,0xA513,0xA4F2,0xAD34,0xA513,0x9CB2,0x9CB1,0x9CD2,0x9CB2,0x9491,0x9CB2,
    0xA4F2,0xA513,0x9CB2,0x9CD2,0xA513,0xA513,0xA4F2,0x9CF2,0x9CB2,0x94B1,0x9CD2,0xB574,
    0xA533,0x9CD2,0xA533,0xA513,0x9CD2,0x9CD2,0xA513,0x9CB1,0x9491,0x9491,0x94B1,0x9CD2,
    0xA513,0xA533,0xB5B5,0xCE58,0xB595,0xA513,0xA513,0xA4F3,0xAD34,0xA513,0x9CD2,0x9CD2,
    0xA513,0xA4F3,0xA513,0xAD34,0xAD54,0xAD54,0xAD54,0xB575,0xB595,0xB595,0xBDD6,0xC617,
    0xC638,0xCE79,0xBDD6,0xBDD6,0xAD54,0xAD34,0xA513,0xA513,0xA533,0x9CD2,0xA533,0xAD33,
    0xAD54,0x9CB1,0x9CB1,0xA513,0xA4F2,0xA513,0xA4F2,0xAD34,0xB595,0xAD74,0xAD54,0xAD54,
    0xA513,0xA513,0xA512,0xA533,0xAD33,0xAD33,0xAD33,0xAD33,0xAD54,0xAD54,0xAD74,0xAD54,
    0xB574,0xB595,0xBDD6,0xBDD6,0xB574,0xAD54,0xAD74,0xAD54,0xA533,0xA533,0xA513,0xA513,
    0xAD54,0xB595,0xAD54,0xA533,0xA533,0xA513,0xAD54,0xAD54,0xAD54,0xA533,0xA533,0x9CD2,
    0xA4F2,0x9CD2,0x9CD2,0xA513,0xAD54,0xAD54,0xAD54,0xAD34,0x9CB1,0x94B1,0x9CF2,0x9CD2,
    0x9CD2,0xA513,0x9CB2,0xA4F2,0x9CB2,0x8C30,0x840F,0x840F,0x8C50,0x9470,0x8C2F,0x83EE,
    0x8C2F,0x8C50,0x9CB2,0x9CB1,0x8C50,0x83EE,0x840F,0x840F,0x7BCE,0x7BAD,0x7BCE,0x7BCE,
    0x7BAD,0x83EE,0x83EE,0x7BCE,0x738D,0x738D,0x7BCE,0x83EE,0x7BCE,0x83CE,0x83EE,0x738D,
    0x7BCE,0x83EE,0x840F,0x8C2F,0x83CE,0x83CE,0x7BAD,0x7BCD,0x7BAD,0x7BCE,0x7BCE,0x738D,
    0x7BAD,0x7BCE,0x7BAD,0x736D,0x6B4C,0x6B4C,0x6B4C,0x736C,0x736C,0x736D,0x73AD,0x7BAD,
    0x7BCE,0x842F,0x840F,0x840F,0x8C50,0x9491,0x8C71,0xA513,0x9CF3,0x9491,0x9491,0x9491,
    0x9471,0x8C30,0x8C70,0x9491,0x8C30,0x8C2F,0x9470,0x9491,0x8C50,0x9470,0x8C70,0xA4F3,
    0xA533,0x9491,0x9470,0x9491,0x9491,0x9470,0x9491,0x94B1,0xA533,0xA4F2,0x8C50,0x9CD2,
    0xA533,0x9CD2,0x94B1,0x9CB1,0x9CD2,0xA513,0xA4F2,0x9CD2,0xA513,0xAD54,0xA4F2,0xA4F2,
    0x9CB2,0x9CD2,0x9CD2,0x94B1,0x9CD2,0x9CB2,0xAD54,0xA533,0xA533,0xB595,0xA533,0xA4F2,
    0xA513,0xBDD6,0xBDB6,0xB5B5,0xB5B5,0xBDF7,0xCE58,0xCE58,0xC638,0xCE58,0xCE58,0xCE78,
    0xC637,0xC617,0xC638,0xCE99,0xC637,0xBDD6,0xBDB6,0xBDF7,0xBDF7,0xBDF7,0xB5B5,0xBDF7,
    0xB595,0xB595,0xB5B5,0xAD34,0xAD54,0xAD54,0x9CB2,0x9470,0x9470,0xA513,0xAD54,0xAD34,
    0xAD54,0xBDD6,0xC637,0xBDF7,0xBDD6,0xBDD6,0xBDD6,0xBDF7,0xBDD6,0xAD74,0xB5B6,0xBE17,
    0xB595,0xAD75,0xB595,0xBDD6,0xAD54,0x94B1,0x94B1,0xA533,0xAD34,0xB595,0xB595,0xAD74,
    0xB5B5,0xBDD6,0xBDD6,0xBDD6,0xBDF7,0xBDD6,0xC5F7,0xC637,0xC617,0xC637,0xCE58,0xCE58,
    0xCE78,0xCE99,0xD6DA,0xDEDA,0xDEDA,0xD6DA,0xDEDA,0xDEFA,0xDEFB,0xD6BA,0xD6B9,0xE71B,
    0xDF1B,0xDEFA,0xD6BA,0xD699,0xD6BA,0xDEDA,0xCE99,0xCE79,0xCE58,0xC638,0xC638,0xCE58,
    0xC637,0xBDD6,0xBDF7,0xC617,0xBDD6,0xC617,0xC5F7,0xC617,0xBDF7,0xBDD6,0xBDD6,0xC637,
    0xC617,0xBDF7,0xB5B5,0xB5B5,0xBDB6,0xBDF6,0xBDB6,0xBDD6,0xB5B5,0xB5B5,0xB575,0xB5B5,
    0xB595,0xAD54,0xA533,0xA533,0xA533,0xA533,0x9CD2,0xA513,0xAD74,0xBDD6,0xB595,0xAD33,
    0xA4F2,0x9CD2,0x9CD2,0x9CB1,0xA533,0xA513,0xA4F2,0xAD33,0xAD54,0xAD33,0xAD54,0xB575,
    0xB575,0xA513,0xA533,0xAD33,0xAD54,0xB575,0xAD54,0xA513,0xA533,0xAD33,0xA513,0xA513,
    0x9CD2,0x94B1,0x9CF2,0xA533,0xA513,0xA513,0xAD74,0xAD33,0x9CD2,0x94B1,0x9CD2,0xA4F2,
    0xA4F3,0xA513,0xA4F2,0xAD54,0xB595,0xA4F2,0x9CD2,0xA513,0xA4F2,0xA4F3,0xA4F2,0x9CD2,
    0xA513,0xA513,0xAD74,0xB5B5,0xA513,0xA4F2,0xAD33,0xA513,0xA513,0xA533,0xAD54,0xB595,
    0xAD54,0xA513,0xAD54,0xAD54,0xA513,0xA4F2,0xAD33,0xAD33,0xA513,0xA513,0xA513,0xA4F2,
    0xA513,0xAD54,0xAD34,0xA513,0xA533,0xA513,0xAD74,0xB595,0xA4F3,0xA513,0xA513,0xA533,
    0x9CD2,0xA4F3,0xA4F2,0x9CD2,0xAD34,0xA513,0x9CB2,0x9CD2,0x9CB2,0x9CB1,0x9CD2,0xA513,
    0xA513,0xA513,0xA4F2,0xA513,0xA513,0xAD34,0xAD74,0xB5B5,0xB595,0xBDD6,0xBDD6,0xC617,
    0xC637,0xC617,0xBDD6,0xBDD6,0xBDD6,0xBDF7,0xBDD6,0xB595,0xAD54,0xAD34,0xAD33,0xAD74,
    0xA513,0x9CD2,0x9CD2,0xA533,0xAD54,0xAD33,0xAD54,0xA533,0x9CD2,0x9CB2,0xA513,0xA513,
    0xA4F2,0x9CD2,0xA4D2,0xA4F2,0x9CB2,0x9CF2,0x9CD2,0x9CD2,0xA4F2,0x9CD2,0xAD54,0xAD54,
    0xAD34,0xA533,0xA513,0x9CB2,0x9CB1,0x94B1,0x9CD2,0xAD54,0xA513,0x9CD2,0xA513,0x9CD2,
    0x9CD2,0x94B1,0x8C50,0x9491,0x9CD2,0x9491,0x9491,0x94B1,0xA513,0xB5B5,0xB575,0xA513,
    0xAD54,0xB575,0xB574,0xAD74,0xA4F2,0xA4F2,0x9CD2,0xA4F2,0xA513,0xAD33,0x9CD2,0xA4F3,
    0xA513,0xA533,0xAD54,0xAD74,0xAD54,0xA513,0xAD74,0xBDF7,0xBDD6,0xB595,0xB575,0xB595,
    0xAD74,0xA533,0xA4F2,0xA4F3,0xA513,0xA4F2,0xA513,0x9CF2,0x9CD2,0x8C30,0x8C50,0x9470,
    0x9CB1,0x9CD2,0x9CD2,0xA4F2,0xAD33,0xAD54,0xA512,0xA513,0xA513,0x9CD2,0x9CB2,0xA4F2,
    0xAD34,0xA533,0xA533,0xAD54,0xAD54,0xA533,0xAD33,0xAD54,0xAD74,0xAD74,0xAD54,0xB5B5,
    0xC617,0xBDD6,0xBDD6,0xAD54,0xAD34,0xAD33,0xA533,0xA533,0xAD75,0xAD54,0x9CD2,0xA513,
    0xAD34,0xA513,0xA513,0xA513,0x9CF2,0xA4F2,0xA4F2,0xA513,0x9CD2,0x94B1,0x94B1,0x9CD2,
    0xA4F2,0xA513,0x9CD2,0x9CB2,0x9CB1,0x9CB1,0x9CD2,0x9CD2,0xA513,0xAD75,0xA534,0x94B1,
    0x9491,0x8C50,0x8C2F,0x8C2F,0x9CB2,0xA4F3,0x9471,0x8C2F,0x9470,0x8C70,0x9CF2,0x9CF3,
    0x840F,0x8C2F,0x840F,0x83EE,0x83EE,0x7BCE,0x83EE,0x840F,0x83EE,0x83EE,0x83EE,0x83EE,
    0x738D,0x7BAD,0x83CE,0x7BCE,0x7BCE,0x7BCE,0x7BCE,0x7BAD,0x7BCD,0x7BCE,0x83CE,0x8C0F,
    0x83CE,0x7BAD,0x7BCE,0x7BCE,0x7BAD,0x7BAD,0x738D,0x7BAD,0x840F,0x7BCE,0x738D,0x738D,
    0x736C,0x6B4C,0x736D,0x738D,0x738D,0x7BCE,0x738D,0x7BAD,0x7BCE,0x83EF,0x840F,0x7BCE,
    0x7BEE,0x83EF,0x8C50,0x94B2,0x94B2,0x840F,0x8C2F,0x8C70,0x8C50,0x9491,0x9471,0x9491,
    0x842F,0x83EF,0x840F,0x8C30,0x8C70,0x8C2F,0x8C2F,0x8C70,0x9470,0x8C30,0x8C2F,0x8C50,
    0x9491,0x8C50,0x9491,0x9CD2,0x9CD2,0x94B1,0x8C50,0x8C50,0x8C50,0x842F,0x8C50,0x842F,
    0x8C70,0x9470,0x94B1,0x9491,0x9491,0x94B1,0x94B1,0x9CF3,0xA513,0x9CB2,0x9491,0x9491,
    0x9CD2,0x9CD2,0xA513,0x9CD2,0xA4F2,0xB595,0xB5B5,0xAD54,0xB595,0xBDD6,0xB595,0xB595,
    0xBDD6,0xB595,0xC617,0xC617,0xCE58,0xCE79,0xCE79,0xC617,0xB5B5,0xB5B5,0xC637,0xCE79,
    0xBDD6,0xBDD6,0xC617,0xBDD6,0xBDF6,0xB595,0xAD74,0xB595,0xBDD6,0xBDB6,0xB595,0xB575,
    0xA533,0xAD74,0xAD74,0xA533,0x9CB2,0xA513,0xA513,0x9CD2,0xA513,0xAD54,0xAD74,0xBDB6,
    0xB595,0xB595,0xC617,0xD699,0xBDD6,0xB5B6,0xB5B6,0xAD54,0xA533,0xAD74,0xAD54,0x94B1,
    0x9471,0x8C50,0x8C50,0x9491,0x9CB2,0xA513,0x9CD2,0xA533,0xAD75,0xBDD6,0xB595,0xA513,
    0xAD74,0xAD74,0xB5B6,0xBDF7,0xBDF7,0xC638,0xCE58,0xC638,0xD699,0xD699,0xDEDA,0xD699,
    0xD699,0xDF1B,0xD699,0xD6DA,0xD6BA,0xD699,0xD699,0xCE79,0xCE79,0xD6B9,0xDEDA,0xDEDA,
    0xDEFB,0xDEFB,0xD6BA,0xD699,0xD699,0xCE79,0xCE58,0xC637,0xC617,0xC617,0xBDF7,0xBDF7,
    0xBDD6,0xB595,0xBDB6,0xC5F7,0xBDD6,0xB595,0xB595,0xBDD6,0xBDD6,0xB595,0xB595,0xBDD6,
    0xBDF7,0xAD54,0xAD54,0xB595,0xB5B5,0xCE58,0xAD74,0xAD54,0xB595,0xB595,0xB575,0xAD75,
    0xAD54,0xAD54,0xAD74,0xB575,0xAD34,0xA513,0xA513,0xA4F2,0xA513,0xA513,0x9CD2,0x9CB2,
    0x9CB1,0x9CB2,0x9CB1,0xA513,0xA533,0xA513,0xA513,0xAD33,0xAD54,0xA533,0xA513,0xAD34,
    0xAD54,0xA533,0xA513,0xA4F2,0x9CD2,0x9CD2,0x9CD2,0xA513,0xA513,0x9CD2,0x9CD2,0xA4F2,
    0x9CD2,0x9CD2,0xA513,0xA513,0xAD33,0xA513,0xA533,0xA513,0xA4F2,0x9CD2,0x9CD2,0xA534,
    0xAD74,0xAD33,0xA513,0xAD54,0xB595,0xAD54,0xA513,0xA513,0xA513,0xA4F2,0xA513,0xAD54,
    0xA513,0xA4F2,0xA4F2,0xAD54,0xB575,0xAD54,0xAD34,0xA513,0xA513,0xA533,0xA513,0xA513,
    0x9CD2,0x9CD2,0x9CD2,0x9CD2,0xA513,0xA533,0xA533,0xA4F2,0xA513,0xB595,0xAD54,0xA533,
    0xA533,0xA4F2,0xA533,0xAD54,0xA513,0xAD54,0xB595,0xAD34,0x9CD2,0xA4F2,0xA513,0xA533,
    0xAD33,0xA513,0x9CD2,0x9CD2,0x9CD2,0xA4F2,0x9CD2,0xA513,0xA4F3,0x9CD2,0xA4F2,0xA533,
    0xA513,0xAD54,0xAD74,0xAD54,0xAD54,0xB595,0xD6BA,0xD6BA,0xBDD6,0xBDD6,0xB5B5,0xBDB6,
    0xB595,0xB595,0xBDB6,0xB5B5,0xB595,0xAD74,0xAD74,0xAD54,0xA513,0xA4F2,0xA4F2,0xA513,
    0xA513,0xB575,0xBDF7,0xAD34,0xA513,0xAD75,0xAD34,0x9CD2,0x9CD2,0x9CD2,0x9CD2,0x9CB2,
    0x9CD2,0xA4F2,0xA513,0xA533,0xAD34,0xAD34,0xAD54,0xAD33,0xA513,0xA513,0xA513,0x9CD2,
    0xA4F2,0x94B1,0x9CD2,0xA533,0xB575,0xB595,0xA513,0x9CD2,0x9CD2,0x9491,0x9491,0x9CB2,
    0xA513,0x9CB1,0x9CB1,0x9491,0x94B1,0xA513,0xAD74,0x9CD2,0x9CD2,0xA513,0x9CD2,0x9CB1,
    0x9CD2,0xA4F2,0x9CB1,0x9CD2,0xAD54,0xA513,0x9CB1,0x9CB1,0x9CD2,0x9CD2,0x9CD2,0xA513,
    0xA513,0xA513,0xA4F2,0xA513,0xAD54,0xB574,0xB575,0xB575,0xAD74,0xAD34,0xA533,0xA533,
    0x9CD2,0xA4F2,0xAD33,0xA533,0x9CD2,0x9470,0x9CB2,0x9CB2,0x9CB2,0x9491,0x94B1,0x9491,
    0x94B1,0x9CB1,0xA4F2,0xA513,0xA4F2,0x9CD2,0x9CD2,0xA4F2,0xA4F2,0x9CD2,0xA513,0xA513,
    0xA513,0xAD33,0xA513,0xA513,0xAD54,0xAD74,0xAD74,0xAD54,0xAD54,0xB595,0xBDB6,0xB595,
    0xAD74,0xB595,0xAD54,0xAD54,0xAD54,0xA4F2,0x9CD2,0x9CD2,0x9CB2,0x9CD2,0xA513,0xA513,
    0x9CF2,0x9CD2,0x9CD2,0xA513,0x9CD2,0x94B1,0x9CB2,0x9491,0x9491,0x9470,0x9470,0x9CD2,
    0x9CF2,0x94B1,0x94B1,0x9CB2,0x8C70,0x8C50,0x8C70,0x9470,0x9470,0x8C50,0x8C2F,0x9470,
    0x94B1,0x9491,0x9CB2,0x9470,0x840F,0x840F,0x8C50,0x9491,0x8C2F,0x8C30,0x840F,0x83EF,
    0x83EE,0x83EE,0x83EE,0x8C2F,0x840F,0x7BCE,0x83EE,0x83EE,0x7B8D,0x736D,0x83EE,0x7BCE,
    0x7BCE,0x73AD,0x738D,0x738D,0x736C,0x738D,0x7BAD,0x83CE,0x7BCE,0x7BAD,0x7BAD,0x7BAD,
    0x7BCE,0x83CE,0x7BAD,0x7BAD,0x83CE,0x7BAD,0x736C,0x736C,0x736C,0x738D,0x738D,0x738D,
    0x7BAD,0x7BCE,0x83EE,0x840F,0x83EE,0x840F,0x840F,0x7BCE,0x7BCE,0x7BCE,0x83EF,0x7BCE,
    0x83EE,0x840F,0x8C30,0x9491,0x8C50,0x842F,0x8C30,0x8C70,0x8C30,0x83EF,0x83CE,0x7BCE,
    0x7BCE,0x840F,0x8C50,0x840F,0x83CE,0x83EE,0x8C30,0x9470,0x8C30,0x840F,0x840F,0x8C2F,
    0x8C50,0x8C2F,0x9491,0x9470,0x840F,0x83EF,0x840F,0x8C70,0x842F,0x83EF,0x9491,0x9491,
    0x8C50,0x9470,0x8C50,0x9470,0x94B2,0x9491,0x9470,0x9470,0x8C50,0x9470,0x8C50,0x9CB1,
    0x9CD2,0xA4F2,0xAD74,0xBDB6,0xBDD6,0xB595,0xBDD6,0xB595,0xB595,0xC617,0xC617,0xC617,
    0xC637,0xD699,0xCE58,0xC617,0xAD74,0xAD54,0xAD74,0xB595,0xB595,0xBDD6,0xBDD6,0xBDD6,
    0xA533,0xAD34,0xBDD6,0xBDD6,0xB595,0xBDB6,0xC617,0xBDD6,0xB595,0xA533,0xAD33,0xAD54,
    0xAD54,0xA513,0x9CD2,0x9CB2,0xA513,0xAD34,0xA513,0xA513,0xA513,0xAD74,0xB5B5,0xB5B6,
    0xC617,0xBDD6,0xAD75,0xAD54,0x9CD2,0x8C30,0x83EF,0x7BCE,0x83CE,0x7BCE,0x7BCE,0x840F,
    0x8C50,0xA4F2,0x9CD2,0xAD54,0xAD74,0xAD34,0xAD54,0xAD54,0xAD54,0xBDD6,0xBDF7,0xC617,
    0xC617,0xC617,0xC617,0xC638,0xC617,0xC5F7,0xC638,0xCE58,0xCE58,0xCE78,0xD699,0xD6DA,
    0xDEDA,0xD699,0xCE79,0xD699,0xD6B9,0xD699,0xD699,0xCE58,0xC637,0xCE58,0xD699,0xD6BA,
    0xDEDA,0xD699,0xD699,0xCE79,0xC5F7,0xBDD6,0xB5B5,0xB5B5,0xB595,0xBDD6,0xCE78,0xCE58,
    0xBDF7,0xBDD6,0xBDF7,0xB595,0xB575,0xB595,0xBDD6,0xBDB6,0xB595,0xB595,0xAD74,0xAD54,
    0xB575,0xB595,0xAD54,0xB575,0xAD54,0xA533,0xAD34,0xA513,0xA4F2,0xA4F2,0xA4F3,0xA4F2,
    0x9CD2,0xA4F2,0x9CD2,0x9CB2,0xA533,0xAD54,0xAD54,0xAD34,0xA533,0xA513,0xAD34,0xAD34,
    0xA513,0x9CD2,0xA4F2,0xA4F2,0xAD34,0xAD54,0xAD74,0xB595,0xAD54,0xA533,0xAD34,0xA513,
    0xA513,0x9CD2,0x9CD2,0xA533,0xAD33,0xA4F3,0x9CD2,0xA513,0xAD34,0xA513,0xA4F2,0xA533,
    0xA513,0xA513,0xAD33,0xAD54,0xA513,0xA513,0xA4F3,0xA4F2,0xA533,0xB5B5,0xAD74,0xAD54,
    0xB574,0xAD74,0xAD34,0xA513,0xA533,0x9CD2,0x9491,0x94B1,0x9CB2,0x9CD2,0xA4F2,0xB595,
    0xBDF7,0xBDD6,0xB5B5,0xA533,0xA513,0xA4F3,0xA513,0xA4F2,0x9CD2,0x9CD2,0x9CB2,0x9CB1,
    0xA4F2,0x9CD2,0xA4F2,0xA533,0xAD34,0xB595,0xBDD6,0xBDD6,0xB595,0xA533,0x9CF2,0xA4F2,
    0xA533,0xB575,0xBDD6,0xAD54,0xA513,0xA513,0xA4F2,0xA513,0xAD54,0xAD54,0xAD34,0xBDD6,
    0xAD74,0xAD33,0xA513,0xA513,0xAD54,0xA513,0xA513,0xA4F2,0xAD34,0xB595,0xBDD6,0xB595,
    0xAD54,0xAD54,0xBDD6,0xC637,0xBDD6,0xBDF7,0xC617,0xC617,0xC638,0xCE58,0xC637,0xD699,
    0xCE79,0xAD54,0xA513,0xA513,0xA513,0x9CD2,0xA4F2,0xAD33,0xA513,0xAD34,0xA533,0xA533,
    0xA533,0xAD74,0xAD54,0xA513,0xA4F2,0x9CF2,0xA533,0x9CD2,0x9CD2,0xA513,0xA4F2,0xA513,
    0xA513,0xAD33,0xAD33,0xAD54,0xA513,0xA4F3,0xA513,0xA533,0xA513,0x9CD2,0x9CD2,0xA4F2,
    0xA513,0xA4F2,0x9CB1,0x9CD2,0x9CD2,0xA4F3,0x9CD2,0x9CD2,0xA513,0x9CB1,0xA4F3,0x9CD2,
    0x9470,0x9CB1,0xA4F2,0x9CB1,0x9CB1,0x9CD2,0x9CB2,0x9470,0x9CB1,0xA4F2,0xA513,0xA513,
    0xA513,0x9CB1,0x94B1,0x9491,0x9491,0x9CB1,0x9CB2,0x9CD2,0xA4F2,0x9CD2,0x9CD2,0xA4F2,
    0xA533,0xB575,0xAD54,0xAD34,0xAD34,0xA513,0x9CB2,0x94B1,0x9491,0x9491,0x9CD2,0x9CB2,
    0x94B1,0xA4F2,0xA4F2,0x9CD2,0x94B1,0x9470,0x9470,0x9CD2,0x9CB2,0x9CB1,0x94B1,0x9CD2,
    0x9CD2,0x9CD2,0xA513,0x9CB1,0x9CD2,0xA4F2,0xA513,0x9CD2,0xA4F2,0xA4F2,0xA513,0xA533,
    0xAD34,0xA513,0xA533,0xA513,0xA4F2,0xA513,0xA4F2,0xAD54,0xAD74,0xAD34,0xAD54,0xAD74,
    0xAD34,0xA513,0xA4F2,0xA513,0xA513,0xA4F2,0x9CD2,0x9CB2,0x9CB2,0x9CB2,0x9CB2,0x9CB2,
    0xA4F2,0xA4F2,0x9CB2,0x8C70,0x8C50,0x8C50,0x9491,0x9CD2,0x9CD2,0x8C2F,0x8C50,0x840F,
    0x83EE,0x7BCE,0x840F,0x840F,0x840F,0x7BCE,0x840F,0x8C50,0x8430,0x8C70,0x9CB2,0x8C30,
    0x9471,0x8C70,0x9470,0xA513,0x9CD2,0x9470,0x840F,0x83EF,0x840F,0x8C2F,0x840F,0x9CD2,
    0xA533,0x8C2F,0x7BCD,0x736D,0x7B8D,0x738D,0x7BAD,0x7BCE,0x7BAD,0x7BAD,0x840F,0x7BCE,
    0x738D,0x736C,0x738D,0x7BCE,0x7BCE,0x7BCE,0x7BAD,0x7B8D,0x738D,0x7BCE,0x7BCE,0x83EF,
    0x7BCE,0x7BCE,0x736D,0x734C,0x736C,0x738D,0x736D,0x738D,0x738D,0x7BAD,0x840F,0x840F,
    0x83CE,0x83EE,0x83CE,0x83CE,0x7BCE,0x83EE,0x840F,0x83EE,0x840F,0x8C2F,0x840F,0x8C70,
    0x8C50,0x8C2F,0x842F,0x8C50,0x8C50,0x840F,0x7BCE,0x7BAD,0x7BCE,0x7BCE,0x840F,0x8C30,
    0x8C70,0x9491,0x8C30,0x83EF,0x7BAE,0x7BAD,0x7BCE,0x7BCE,0x7BCE,0x83EF,0x840F,0x842F,
    0x840F,0x7BCE,0x7BAE,0x840F,0x7BCE,0x7BAD,0x8C50,0x9470,0x83EE,0x83EE,0x840F,0x8C50,
    0x9470,0x9491,0x94B1,0x9491,0x9470,0x9470,0x9491,0x9491,0x94B1,0x9CB2,0xAD54,0xBDB6,
    0xB595,0xBDB6,0xBDB6,0xAD75,0xC5F7,0xC617,0xBDB6,0xBDF6,0xC638,0xC638,0xBDF7,0xBDD6,
    0xBDB6,0xAD54,0xB575,0xB595,0xB595,0xBDD6,0xB595,0xA513,0xA4F2,0xA533,0xA4F2,0xB595,
    0xB575,0xAD34,0xAD54,0xB595,0xB595,0xAD54,0xAD34,0xB575,0xA533,0x9CD2,0x9CD2,0xA4F2,
    0xA513,0xA533,0x9CD2,0x9CD2,0xAD54,0xB595,0xB595,0xB595,0xBDD6,0xB5B6,0xAD75,0x94B1,
    0x7BCE,0x7BCE,0x7BCE,0x7BCE,0x7BAD,0x738D,0x840F,0x8C50,0x8C70,0x9CD2,0x94B1,0xA4F2,
    0xAD34,0xA534,0xA4F2,0x9CB1,0xA513,0xB595,0xBDD6,0xBDD6,0xB5B6,0xBDF6,0xBDF7,0xBDD6,
    0xC617,0xC617,0xC617,0xC617,0xCE38,0xCE79,0xCE79,0xCE79,0xD6B9,0xD699,0xCE78,0xCE58,
    0xC637,0xCE58,0xC638,0xC617,0xAD75,0xAD75,0xB5B5,0xBDF7,0xD699,0xCE79,0xCE78,0xCE38,
    0xC638,0xC617,0xBDD6,0xBDB5,0xB5B6,0xB5B5,0xBDD6,0xB5B6,0xAD75,0xAD75,0xB595,0xB595,
    0xB595,0xBDB6,0xBDD6,0xB5B6,0xB5B5,0xB595,0xB595,0xB595,0xAD34,0xAD54,0xAD74,0xA533,
    0xA513,0xA513,0xA533,0xA513,0xAD74,0xAD34,0xA513,0x9CD2,0x9CD2,0x9CD2,0x9CD2,0xA513,
    0xA4F2,0x9CD2,0x9CD2,0xA513,0xA533,0xAD54,0xAD74,0xAD54,0xA4F2,0xA513,0xAD54,0xA513,
    0xA513,0xAD34,0xAD54,0xA513,0xA513,0x9CB2,0xA4F2,0xB595,0xA513,0xA513,0xA513,0xAD54,
    0xAD74,0xA533,0xA513,0xA513,0xAD34,0xA533,0xA4F2,0xAD34,0xA513,0x9CD2,0xA513,0xBDD6,
    0xAD54,0xAD54,0xB595,0xAD74,0xAD74,0xAD54,0xB575,0xA4F2,0xA4F2,0xA513,0xA533,0x9CD2,
    0x9CD2,0x9CB1,0x94B1,0x9491,0x94B1,0x9CD2,0xA4F2,0xAD74,0xB5B5,0xB5B6,0xBDB6,0xA533,
    0x9CD2,0xA4F2,0xA4F3,0x9CD2,0x9CB2,0x9CB2,0xA513,0x9CD2,0x9CD2,0xA533,0xA513,0xA4F2,
    0xA533,0xB595,0xCE79,0xDEFB,0xBDF6,0xAD74,0xB575,0xAD34,0x9CD2,0xA513,0xA513,0xA4F2,
    0xA4F2,0xA513,0xA513,0xB595,0xBDD6,0xAD54,0xB575,0xBDD6,0xB575,0xAD54,0xA533,0xAD54,
    0xA533,0xA513,0xAD34,0xA533,0xA533,0xAD54,0xAD74,0xAD74,0xA513,0xA513,0xAD54,0xB575,
    0xB575,0xBDB6,0xB5B5,0xC637,0xE73C,0xDEFB,0xCE79,0xCE58,0xBDB6,0xAD34,0xA513,0xA533,
    0xA533,0xAD54,0xAD34,0xAD34,0xA4F2,0xA4F2,0x9CD2,0xA513,0xAD33,0xAD54,0xAD54,0xA4F2,
    0xA4F2,0xA513,0xA513,0xA4F2,0xA513,0xA533,0xA533,0xAD33,0xAD54,0xA4F2,0x9CD2,0xA513,
    0x9CD2,0xA4F2,0xA533,0xA513,0xA513,0xAD54,0x9CB2,0x9CD2,0x9CB1,0x9491,0xA4D2,0xA4F2,
    0xA513,0xAD34,0xA513,0x9491,0xA513,0xA4F2,0x9CD2,0x9CB1,0x94B1,0x9CD2,0x9CD2,0x9491,
    0x9491,0x9CB1,0x9CB2,0x94B1,0x9CB1,0x94B1,0x9CD2,0xA4F2,0xA4F3,0xA533,0x9CB2,0x9CB1,
    0x9CD2,0xAD34,0xAD33,0x9CD2,0x9CB1,0x9CB2,0xA513,0xAD33,0xAD34,0xAD34,0xA513,0xA4F2,
    0x9CD2,0x9CF2,0x9CD2,0xA4D2,0x9CD2,0x9CD2,0x9CD2,0xAD54,0x9CD2,0xA4F2,0x9CD2,0x9491,
    0x9CD2,0x9491,0x9491,0x9491,0x9CB1,0x9470,0x8C0F,0x9470,0x9CB1,0x9CD2,0x94B1,0x840F,
    0x9471,0x9CB2,0x94B1,0x9491,0x9491,0x9CB1,0x9491,0x9491,0x94B1,0xA513,0xA533,0xA4F2,
    0xA513,0xA513,0xA4F3,0xA513,0xAD54,0xAD33,0xA513,0xA533,0xA4F3,0x9CB1,0x9CD2,0x9CD2,
    0xA4F3,0xA513,0x9CD2,0x94B1,0x9CD2,0x9CD2,0x94B1,0x9491,0x9CB2,0x9CB2,0x94B1,0x9470,
    0x8C30,0x8C2F,0x8C2F,0x840F,0x840F,0x8C2F,0x7BCE,0x7BAD,0x738D,0x6B6C,0x7BCE,0x7BCE,
    0x738D,0x738D,0x840F,0x7BEF,0x738D,0x7BCE,0x842F,0x7BCE,0x840F,0x8C30,0x8C50,0x9470,
    0x94B1,0x8C70,0x8C2F,0x8C2F,0x8C30,0x8C70,0x840F,0x840F,0x8C50,0x8C2F,0x7BCE,0x7BAD,
    0x736C,0x7B8D,0x7BCE,0x83EE,0x83CE,0x7BCE,0x7BAD,0x7BAD,0x738D,0x736D,0x738D,0x7BCE,
    0x7BCE,0x7BAD,0x7BAD,0x738D,0x83EF,0x9470,0x8C50,0x9471,0x8C50,0x8C70,0x8C2F,0x83EF,
    0x83EE,0x7BCE,0x7BAD,0x7B8D,0x738D,0x738D,0x83EE,0x83EE,0x840F,0x840F,0x83EE,0x83CE,
    0x7BCE,0x83CE,0x83CE,0x840F,0x8C50,0x840F,0x7BCE,0x7BCE,0x8C2F,0x8C2F,0x8C50,0x9491,
    0x94B1,0x8C50,0x840F,0x7BCE,0x840F,0x840F,0x7BCE,0x840F,0x840F,0x840F,0x83CE,0x7BAD,
    0x7BAD,0x7BAD,0x7BAD,0x7BCE,0x7BCE,0x7BAD,0x7BCE,0x83EE,0x7BCE,0x7BAE,0x7BAD,0x7BAD,
    0x7BCE,0x7BAD,0x736D,0x7B8D,0x7BAD,0x738D,0x7BAD,0x7BCE,0x83EE,0x8C30,0x8C50,0x9491,
    0x9CB2,0x9470,0x9CD2,0x9470,0x94B1,0x9CD2,0xA533,0xB595,0xAD74,0xAD54,0xBDD6,0xC5F7,
    0xBDF6,0xBDD6,0xB5B5,0xBDD6,0xC617,0xB5B6,0xC617,0xBDD6,0xB595,0xB595,0xB575,0xB5B5,
    0xBDD6,0xB595,0xC638,0xC638,0xA533,0xAD54,0xAD54,0xAD34,0xA513,0xA4F2,0xAD54,0xB595,
    0xBDD6,0xB5B5,0xBDB6,0xAD34,0xA513,0xA513,0x9CD2,0xA513,0x9CD2,0x9491,0x9CD2,0xAD54,
    0xAD54,0xA4F2,0xAD74,0xAD75,0xA533,0x9CB2,0x840F,0x738D,0x738D,0x738D,0x7BAE,0x736D,
    0x7BAD,0x7BCE,0x840F,0x8C50,0x842F,0x840F,0x7BCE,0x840F,0x8C70,0x8C50,0x8C50,0x9CD2,
    0xA513,0xAD54,0xBDD6,0xBDD6,0xB595,0xC617,0xCE58,0xCE78,0xCE58,0xCE58,0xC638,0xBDF7,
    0xC5F7,0xC637,0xCE58,0xCE99,0xCE99,0xCE79,0xD6BA,0xBDF7,0xAD75,0xC617,0xD699,0xD6B9,
    0xCE58,0xB5B5,0xAD54,0xA534,0xB5B5,0xCE58,0xCE38,0xC637,0xCE58,0xC638,0xC617,0xBDD6,
    0xB5B5,0xB595,0xAD54,0xB595,0xAD74,0xAD74,0xAD74,0xAD74,0xB595,0xBDD6,0xC617,0xB5B5,
    0xAD54,0xAD34,0xB575,0xB5B5,0xBDD6,0xB5B5,0xAD54,0xAD34,0xAD54,0xA513,0xA4F3,0xA513,
    0xAD54,0xA4F2,0x9CB2,0x94B1,0x94B1,0x9CB1,0x94B1,0x9CD2,0xA4F3,0xA513,0xA4F2,0x9CD2,
    0xA4F2,0xA513,0xA513,0xA513,0xAD34,0xAD74,0xAD33,0xA513,0x9CD2,0xA4D2,0xAD34,0xAD54,
    0xAD54,0xAD54,0xAD54,0xAD33,0x9CD2,0xA4F2,0xA513,0xA533,0xC617,0xA533,0xA513,0x9CB2,
    0x9CB2,0xA513,0xA4F3,0x9CF2,0xA513,0xA513,0xA4F2,0xA533,0xA513,0xA533,0xAD54,0xAD34,
    0xAD54,0xA4F2,0xA513,0xA513,0x9CD2,0xA4F2,0xA513,0xA533,0xA513,0x9CB1,0x9CD2,0x9CB2,
    0x9CB1,0x9CB2,0x9CD2,0xA513,0x9CD2,0x9CD2,0x9CB2,0x9CB1,0x9CB1,0x9491,0x9491,0x9CB1,
    0xA4F2,0x9CB2,0x9CD2,0xA4F2,0xA4F2,0xA4F2,0x9CF2,0x9CB2,0x9CD2,0xAD74,0xAD54,0xAD54,
    0xB595,0xA513,0xB575,0xAD54,0xAD33,0xAD54,0xB595,0xA533,0xA4F2,0xA513,0xAD54,0xAD54,
    0xA533,0xAD33,0xAD54,0xAD54,0xB575,0xB595,0xAD74,0xAD34,0xAD34,0xA513,0xAD34,0xAD74,
    0xA513,0xAD54,0xAD74,0xAD54,0xAD54,0xAD54,0xB575,0xAD54,0xAD33,0xA513,0xAD34,0xB5B5,
    0xBDD6,0xAD75,0xAD74,0xAD34,0xA533,0xA513,0xA513,0xA513,0xAD54,0xB595,0xB5B5,0xAD33,
    0xA513,0xA513,0xAD54,0xAD33,0xA513,0xAD54,0xB575,0xBDD6,0xB595,0xA513,0xA513,0xA513,
    0xA513,0xAD34,0xAD54,0xAD34,0xAD54,0xAD54,0xA533,0xA513,0xA4F2,0x9CD2,0xA513,0xA513,
    0xA4F2,0xA4F2,0xA4F2,0x9CD2,0x9CD2,0x9CD2,0xAD33,0xA513,0xA513,0xA513,0xAD33,0x9CD2,
    0x9CB1,0xA513,0xAD34,0xA4F2,0x9CD2,0x9CD2,0x9CD2,0x9491,0x9CB1,0xA513,0xA513,0x94B1,
    0x94B1,0xA4F2,0x9491,0x9CD2,0xA4F2,0x9CB1,0x94B1,0x9CD2,0x9CB2,0xA513,0xA533,0x9CB2,
    0x9CD2,0xA4F2,0xAD54,0xB5B5,0xB595,0xAD34,0xA513,0xAD34,0xA513,0x9CB2,0xA4F2,0xAD54,
    0xB595,0xA4F2,0x9491,0x94B1,0x9CD2,0x9CD2,0x9CD2,0xA4F2,0x9CD2,0x9CD2,0x9491,0x9470,
    0x9CB2,0x8C70,0x8C2F,0x9470,0x9491,0x9491,0x9470,0x840F,0x7BCE,0x8430,0x840F,0x7BCE,
    0x8C70,0x8C50,0x7BCE,0x7BCE,0x840F,0x94B1,0x9491,0x94B1,0x9CB1,0x9CD2,0xA513,0xA4F2,
    0xA4F3,0xA533,0xA4F2,0x9CD2,0x9CB1,0x9CB1,0x9CB2,0x9CD2,0x9CB2,0x94B1,0x94B1,0x9491,
    0x94B1,0x9CD2,0x9CD2,0x9491,0x9491,0x94B1,0x9470,0x8C30,0x840F,0x8C2F,0x840F,0x840F,
    0x7BCE,0x7BAD,0x738D,0x738D,0x736D,0x736D,0x738D,0x73AD,0x73AD,0x736D,0x7BAE,0x738D,
    0x6B6C,0x632C,0x736D,0x7BCE,0x73AD,0x738D,0x7BCE,0x9470,0x94B1,0x8C70,0x8C50,0x8C50,
    0x8C50,0x8C2F,0x8C50,0x842F,0x83EE,0x83EF,0x8C2F,0x83EE,0x83CE,0x8C30,0x9471,0x94B1,
    0x8C50,0x738D,0x736C,0x736D,0x736D,0x7BAD,0x7BAD,0x7BCE,0x7BCE,0x83EE,0x8C50,0x9491,
    0x94B1,0x9CD2,0x9470,0x9470,0x9491,0xA513,0x9CB1,0x9491,0x8C50,0x9470,0x9CB2,0x842F,
    0x83EE,0x83EE,0x83EE,0x83EE,0x8C2F,0x8C2F,0x83EF,0x840F,0x840F,0x83EF,0x83CE,0x7BCE,
    0x83EF,0x83EF,0x8C50,0x83EF,0x840F,0x8C50,0x8C50,0x8C50,0x8C70,0x840F,0x83CE,0x7BCE,
    0x83EF,0x83CE,0x7BAD,0x7BCE,0x840F,0x840F,0x83EF,0x7BCE,0x83EE,0x738D,0x7BAD,0x9491,
    0x9470,0x83CE,0x7BCE,0x83EE,0x7BAD,0x7BAD,0x7BCE,0x738D,0x7BCE,0x7BAD,0x7BAD,0x7B8D,
    0x738D,0x738D,0x736C,0x736C,0x738D,0x738D,0x7BAD,0x840F,0x9CD2,0x9CD2,0x9491,0x9470,
    0x8C30,0x840F,0xA513,0xAD34,0xA4F3,0xAD34,0xB595,0xB5B5,0xAD54,0xB575,0xBDD6,0xC658,
    0xBDF7,0xB595,0xC617,0xBDF7,0xAD74,0xB595,0xB595,0xB575,0xB595,0xB5B5,0xC5F7,0xBDD6,
    0xAD54,0xB595,0xBDF7,0xAD74,0xAD54,0xA513,0xAD54,0xB595,0xBDD6,0xAD74,0xAD74,0xAD54,
    0x9CB1,0x94B1,0x9CB1,0x9CD2,0xA4F2,0x9491,0xA513,0xA533,0x9CD2,0xAD54,0xBDD6,0xAD54,
    0xA533,0x9CD2,0x8C50,0x736C,0x738D,0x736D,0x736C,0x736D,0x7BAD,0x7BCE,0x840F,0x8C30,
    0x8C30,0x840F,0x840F,0x8C50,0x9470,0x840F,0x840F,0x9CB1,0xAD74,0xB575,0xAD74,0xB595,
    0xBDD6,0xC617,0xC638,0xCE58,0xC617,0xBDF7,0xC617,0xC637,0xCE58,0xC638,0xC637,0xCE58,
    0xD6B9,0xD6B9,0xD6B9,0xBDF7,0xC617,0xDEDA,0xCE79,0xD6BA,0xE73C,0xCE79,0xB595,0xAD54,
    0xAD54,0xBDD6,0xC637,0xCE58,0xC637,0xC617,0xCE58,0xC637,0xBDF7,0xBDF7,0xB5B5,0xB595,
    0xAD74,0xC617,0xC617,0xBDD6,0xBDD6,0xB595,0xBDD6,0xBDD6,0xAD74,0xAD34,0xAD54,0xAD74,
    0xB595,0xAD75,0xA513,0xAD74,0xAD34,0xA513,0xA4F2,0x9CB1,0x9CB2,0x9CB2,0xA513,0xA533,
    0x9CB1,0x9491,0x9CD2,0x9CD2,0xAD34,0xA513,0xA513,0xAD54,0xAD54,0xAD54,0xAD34,0xAD34,
    0xA4F2,0xA533,0xA513,0xA4F2,0x9CB2,0x9CB2,0xA513,0xAD33,0xAD34,0xAD54,0xA4F2,0xA4F2,
    0xA4F2,0xA4F2,0xA513,0x9CD2,0x9CD2,0xA513,0xA513,0xA513,0x9CD2,0xA4F2,0xAD34,0xAD74,
    0xAD34,0xA4F2,0x9CD2,0x9CB1,0xA4F2,0xA513,0xAD34,0xA533,0xAD33,0xA513,0xAD34,0xA513,
    0xA513,0xA513,0xA513,0xA4F2,0xA4F2,0xA513,0x9CD2,0x9CB2,0x9CB2,0x9CB1,0x9CD2,0x9CB1,
    0xA513,0xA513,0x9CB1,0x9491,0x9470,0x9470,0x9470,0x9CD2,0xA513,0xA4F2,0xA4F2,0x94B1,
    0x9CB2,0x9CB2,0x9CD2,0xA4F2,0x9CB2,0xAD74,0xA533,0xAD54,0xB595,0xA4F2,0xA513,0xA4F2,
    0xB595,0xAD74,0xB574,0xB595,0xA533,0xAD54,0xB575,0xAD34,0xA513,0xA513,0xA513,0xA4F3,
    0xA513,0xAD54,0xB575,0xAD54,0xAD54,0xAD54,0xAD34,0xBDD6,0xB5B5,0xA533,0xAD54,0xAD74,
    0xB575,0xB575,0xAD54,0xA4F3,0xAD34,0xAD54,0xA533,0xAD54,0xB5B5,0xB595,0xA513,0xA533,
    0xAD74,0xAD54,0xAD54,0xAD54,0xC617,0xB595,0xAD34,0xAD34,0xAD74,0xAD33,0xB5B5,0xB595,
    0xB595,0xB595,0xAD54,0xAD34,0xAD34,0xA513,0xA4F2,0xA513,0xA513,0xAD54,0xBDB5,0xBDD6,
    0xAD74,0xA533,0xAD74,0xA513,0xA4F2,0xA4F2,0xA4D2,0xA513,0xA4F3,0xAD74,0xB575,0xA4F2,
    0xAD54,0xAD54,0x9CD2,0x9491,0x9491,0x94B1,0x9CB1,0x9CD2,0x9CB1,0xA513,0xAD54,0x9CB1,
    0x9CB1,0xA4F2,0x94B1,0x9CD2,0x9CB1,0x9CF2,0xA4F2,0x9CD2,0xA4F2,0xA513,0x9CD2,0x9CD2,
    0xA4F2,0x9491,0x9470,0x9470,0x9CD2,0x9CB1,0x9CD2,0xA4F2,0x9CD2,0x9CB1,0x9CD2,0xA513,
    0xA513,0xA4F2,0xA513,0xA4F3,0xAD34,0xAD34,0xA4D2,0xA513,0xA4F2,0x94B1,0x9470,0x8C30,
    0x9450,0x94B1,0xA4F2,0x9CB2,0x9CB1,0x9491,0x9CD2,0x9CD2,0x9CB1,0x9491,0x9491,0x9CB1,
    0x8C50,0x8C2F,0x842F,0x738D,0x73AD,0x7BEF,0x73AD,0x7BCE,0x8C30,0x840F,0x73AD,0x7BCE,
    0x7BAE,0x8C50,0x8C70,0x94B1,0x94B1,0x9470,0x9CD2,0xA4F2,0xA4F2,0xA4F2,0xA533,0xA513,
    0x9CB2,0x94B1,0x9CB2,0x94B1,0x94B1,0x9471,0x9491,0x9470,0x8C50,0x8C50,0x9471,0x8C70,
    0x8C2F,0x8C50,0x840F,0x7BCE,0x7BAD,0x7BCE,0x840F,0x840F,0x7BCE,0x738D,0x73AD,0x73AD,
    0x738D,0x73AD,0x7BCE,0x738D,0x7BCE,0x73AD,0x83EF,0x7BCE,0x738D,0x736D,0x736D,0x7BCE,
    0x7BCE,0x7BCE,0x8C50,0x9CB2,0xA4F2,0x9CD2,0x9470,0x9491,0x8C50,0x83EE,0x840F,0x8C30,
    0x840F,0x840F,0x840F,0x8C2F,0x8C50,0x8C30,0x840F,0x7BCE,0x7BCE,0x738D,0x736C,0x7BAD,
    0x736D,0x7BAD,0x7BCE,0x7BCE,0x840F,0x9CD2,0xA4F3,0x9CD2,0x94B1,0x9471,0x94B1,0x9470,
    0x9491,0x9CD2,0x9491,0x9CB1,0x9491,0x9491,0x9491,0x9470,0x94B1,0x9CB2,0x9470,0x9470,
    0x8C2F,0x83EE,0x7BCE,0x840F,0x840F,0x7BCE,0x7BAD,0x7BCE,0x7BCE,0x83EE,0x840F,0x7BCE,
    0x840F,0x8C2F,0x840F,0x840F,0x840F,0x8C50,0x840F,0x7BCE,0x83EF,0x83EF,0x840F,0x8C2F,
    0x8C30,0x840F,0x7BCE,0x7BAD,0x7BCE,0x7BCE,0x7BAD,0x7BCE,0x7BCE,0x83EF,0x7BCE,0x7BAD,
    0x738D,0x7BAD,0x7BAD,0x736C,0x736C,0x7BAD,0x7BAD,0x738D,0x7B8D,0x738D,0x736C,0x7BAD,
    0x7BAD,0x7BAD,0x7BAD,0x7BAD,0x8C70,0x9CD2,0xA4F2,0x8C50,0x840F,0x94B1,0xA513,0xA513,
    0xA513,0xAD34,0xAD54,0xAD54,0xAD54,0xB5B5,0xBDD6,0xBDD6,0xB5B5,0xB5B5,0xBDB6,0xC617,
    0xBDD6,0xAD54,0xBDD6,0xBDB6,0xB5B5,0xB595,0xAD34,0xA513,0x9CD2,0xA513,0xAD75,0xAD54,
    0xBDB6,0xAD34,0xA4F2,0xA513,0xB575,0xAD74,0xAD34,0xAD54,0xB595,0xA513,0xA513,0xAD74,
    0x9CD2,0xA513,0xA4F2,0x94B1,0xA533,0xB5B6,0xA513,0x9CD2,0xA513,0xA513,0xA513,0x840F,
    0x738D,0x738D,0x736D,0x738D,0x736C,0x738D,0x83CE,0x9491,0x94B1,0x9491,0x94B1,0xA513,
    0xA533,0xA513,0xA513,0xA533,0xAD54,0xAD34,0xB5B5,0xBDD6,0xBDD6,0xBDF6,0xBDF7,0xBDD6,
    0xBDF7,0xC617,0xBDF6,0xC617,0xCE58,0xCE58,0xCE58,0xC637,0xC638,0xCE79,0xCE79,0xCE58,
    0xC617,0xCE58,0xD6BA,0xD6BA,0xD6B9,0xCE58,0xBDD6,0xA513,0xA533,0xBDD6,0xCE58,0xCE38,
    0xC638,0xBDF6,0xC637,0xC5F7,0xCE79,0xCE58,0xB595,0xAD74,0xC617,0xCE78,0xBDF6,0xBDD6,
    0xBDB6,0xB595,0xB575,0xC617,0xB595,0xAD54,0xB595,0xA513,0x9CB2,0x9CD2,0xA513,0xA513,
    0x9CD2,0xA533,0xA513,0x9CD2,0x9CB2,0x9CB1,0x9CD2,0xAD34,0xA513,0xA533,0x9CD2,0x9CB2,
    0xA513,0xAD34,0xAD54,0xA533,0xA4F3,0xA513,0xA533,0xA533,0xA4F3,0xAD33,0xA513,0xA513,
    0x9CD2,0xA4F2,0xA513,0x9CD2,0xA513,0xA513,0x9CF2,0xAD33,0xAD54,0xA533,0x9CD2,0x9CB2,
    0x9CD2,0xA533,0xA4F2,0xA4F2,0xA533,0xA513,0xAD33,0xA513,0xA533,0xA513,0xA513,0xAD34,
    0xA513,0xAD54,0xB575,0xAD54,0xAD54,0xB575,0xAD74,0xA533,0xA533,0xAD54,0xA4F2,0xA4F2,
    0xA513,0xA4F2,0x9CD2,0x94B1,0x9491,0xA4F2,0xA513,0xAD74,0xB575,0x9CB2,0x9470,0x94B1,
    0x9491,0xA513,0x9CB1,0xA4F2,0x9CB1,0xA513,0xA513,0x9491,0x9CB1,0x9CB2,0xA4F2,0xA513,
    0xA513,0xAD34,0xA513,0xAD33,0xAD34,0xAD54,0x9CD2,0x9CD2,0xA4F2,0xA4F2,0xA513,0xAD74,
    0xAD54,0xAD54,0xBDF6,0xB575,0xAD54,0xAD74,0xAD54,0xAD54,0xAD54,0xA4F2,0x9CD2,0xA513,
    0xA533,0xA513,0xA513,0xAD54,0xAD54,0xAD74,0xAD74,0xB575,0xAD34,0xAD54,0xA533,0xA513,
    0xA533,0xAD54,0xB595,0xB595,0xAD54,0xBDD6,0xB595,0xAD54,0xA513,0xAD54,0xAD74,0xBDB6,
    0xB5B5,0xA533,0xA513,0xAD54,0xB5B5,0xAD54,0xA513,0xAD54,0xB595,0xB575,0xA533,0xA513,
    0xA533,0xA513,0xA513,0xA4F2,0xA513,0xB595,0xBDB5,0xB595,0xAD74,0xA513,0xA513,0xAD34,
    0xA4F2,0x9CD2,0x9CD2,0x9CD2,0x9CB1,0xA533,0xA513,0xA533,0xAD74,0xB574,0x9CB2,0x9491,
    0x9491,0x9470,0x8C50,0x9CB2,0x9CD2,0x94B1,0x9491,0x9470,0x9CD2,0xA4F2,0x9CB1,0x9CD2,
    0xAD33,0x9CD2,0x94B1,0xAD33,0xA533,0xA513,0xA4F2,0xA533,0xAD54,0xA4F2,0x9CD2,0x9CD2,
    0x9CB1,0x9CD2,0x9CB1,0x9CB1,0x9470,0x9491,0x9CB2,0x9CB2,0x9CB2,0x9CD2,0xA533,0x94B1,
    0x9CB1,0xA513,0x9CD2,0x9CD2,0x9CD2,0x9CB1,0x9CB1,0x9470,0x9CD2,0xA4D2,0x9470,0x94B1,
    0x9491,0x8C50,0x9CB1,0x9CB2,0x9491,0x9CB1,0x9CD2,0x9CB1,0x9CB1,0x8C2F,0x6B4C,0x738D,
    0x73AD,0x6B6C,0x6B4C,0x738D,0x7BCE,0x738D,0x738D,0x73AE,0x7BCE,0x7BCE,0x840F,0x9CB2,
    0xA4F2,0x9CB2,0xA4F3,0xA513,0x9CD2,0x94B1,0x9CD2,0xA513,0x9CD2,0x9CD2,0x94B1,0x9470,
    0x8C50,0x9470,0x8C30,0x9470,0x8C30,0x840F,0x7BCE,0x7BAD,0x7BCE,0x7BAD,0x7B8D,0x7BAD,
    0x7BCE,0x7BCE,0x83CE,0x83CE,0x7BCE,0x7BCE,0x7BCE,0x7BCE,0x7BCE,0x7BCE,0x7BEF,0x83EF,
    0x7BAE,0x7BCE,0x7BEF,0x83EF,0x840F,0x7BCE,0x7BCE,0x7BCE,0x8C70,0x9CD2,0x9CD2,0x9491,
    0xB595,0xBDD6,0x94B1,0x94B1,0x8C70,0x8C2F,0x8C50,0x840F,0x83EE,0x9491,0x9491,0x9CF2,
    0x9471,0x7BEE,0x7BAD,0x840F,0x94B2,0x9CD2,0x8C50,0x8C50,0x8C30,0x83EF,0x840F,0x9491,
    0x9CF2,0xA513,0x9491,0x9CB2,0x9491,0x8C70,0x9491,0x9470,0x9470,0x8C50,0x8C50,0x94B1,
    0x9491,0x9491,0x94B1,0x94B1,0x9470,0x9470,0x94B1,0x9CD2,0x94B1,0x8C50,0x840F,0x840F,
    0x83EE,0x83CE,0x7BCD,0x840F,0x840F,0x83EF,0x8C2F,0x840F,0x840F,0x840F,0x83EE,0x83EE,
    0x7BCE,0x8C30,0x8C50,0x7BCE,0x7BCE,0x83CE,0x83EE,0x83EE,0x7BCE,0x7BCE,0x83EE,0x83CE,
    0x738D,0x7BCE,0x7BCE,0x736D,0x7BAD,0x7BCE,0x7BCE,0x7BAD,0x7BAD,0x7BAD,0x7BAD,0x738D,
    0x7BAD,0x7BAD,0x738D,0x736C,0x736C,0x7BAD,0x7BCE,0x7BAD,0x738D,0x736D,0x738D,0x7BAD,
    0x7BAD,0x840F,0x8C50,0x8C50,0x94B1,0x94B2,0x9471,0x9CB2,0xA513,0xAD54,0xA513,0x9CD2,
    0xAD33,0xB595,0xAD74,0xAD74,0xB595,0xBDF6,0xBDD6,0xBDD6,0xB5B6,0xB5B5,0xB5B6,0xBDF7,
    0xBDD6,0xA533,0x8C50,0x8C50,0x9470,0x9470,0x9CB2,0x9CB2,0xAD75,0xAD34,0xA513,0xAD54,
    0xBDF6,0xBDD6,0xAD34,0xA513,0xAD74,0xB5B5,0xA513,0xA513,0xAD54,0xA533,0x9CD2,0xA513,
    0xA533,0xA513,0x9CD2,0x9CD2,0x9CB1,0x9CD2,0xAD34,0xA513,0x9CD2,0x9CD2,0x9491,0x8C50,
    0x8C50,0x8C50,0x83EE,0x840F,0x9CD2,0xA4F2,0xA4F3,0xA513,0xAD74,0xAD54,0xAD54,0xB595,
    0xB575,0xB595,0xBDD6,0xBDF7,0xBDD6,0xB575,0xB595,0xC617,0xC5F7,0xC617,0xC638,0xC637,
    0xC617,0xBDF7,0xC617,0xCE38,0xC617,0xCE58,0xD679,0xD699,0xD679,0xCE78,0xC617,0xC638,
    0xC617,0xBDF6,0xBDB5,0xB595,0xC617,0xCE58,0xC638,0xC617,0xCE58,0xC617,0xC617,0xCE58,
    0xC617,0xBDD6,0xBDD6,0xAD74,0xBDD6,0xCE78,0xBDD6,0xB575,0xAD74,0xAD74,0xAD74,0xAD54,
    0xAD74,0xB5B5,0xB595,0xAD54,0xA533,0xA4F2,0xA513,0xA513,0xAD33,0xA513,0xA513,0xA513,
    0x9CD2,0xA513,0x9CD2,0x9CD2,0xA513,0xA533,0xA513,0xAD33,0xBDB6,0xB595,0xAD54,0xA513,
    0xAD54,0xAD74,0xAD54,0xA513,0xA513,0xA513,0xA4F3,0xA4F2,0x9CD2,0x9CB2,0x94B1,0xA4F2,
    0xAD54,0xAD74,0xA513,0xAD54,0xAD34,0x9CD2,0xA513,0xAD74,0x9CD2,0x9CB1,0x9CB2,0xA513,
    0x9CD2,0x9CB2,0xA513,0xA513,0xA4F2,0x9CD2,0x9CD2,0xAD54,0xAD34,0xAD34,0xAD34,0xA513,
    0x9CD2,0xA513,0xA4F3,0xA4F2,0xA533,0xA513,0xA4F2,0xA513,0xA513,0x9491,0x9CD2,0xA513,
    0x9CD2,0xA513,0xA533,0xAD54,0x9CD2,0x9491,0x9470,0x8C70,0x9470,0x9CD2,0x9CD2,0x9CD2,
    0x9CD2,0xB575,0xB5B5,0xAD33,0xA4F2,0xA533,0xBDD6,0xCE79,0xB5B5,0xA513,0xA4F2,0xA533,
    0xAD54,0xAD54,0xB575,0xB574,0xA513,0xA513,0xAD54,0xAD54,0xB595,0xB5B5,0xB575,0xB5B5,
    0xAD74,0xA533,0xAD54,0xA513,0xA513,0xA4F2,0x9CB2,0x9CB1,0xA4F2,0xA513,0x9CD2,0x9CD2,
    0xA4F2,0xA533,0xB575,0xB595,0xAD74,0xA513,0xA513,0xAD74,0xAD34,0xA513,0xB575,0xAD54,
    0xAD54,0xAD54,0xA533,0xA513,0xA4F2,0xAD34,0xB595,0xAD74,0xA533,0xA513,0xAD54,0xAD34,
    0xB595,0xAD75,0xA513,0xA513,0xA513,0xAD75,0xAD54,0xAD74,0xAD54,0xAD34,0xB595,0xB575,
    0xA513,0xA513,0xAD34,0xAD54,0xAD54,0xAD54,0xAD33,0x9CD2,0x9CD2,0x9CD2,0x9CB2,0x9CB1,
    0x94B1,0x9491,0x9CB2,0x9CB2,0x9CD2,0xA513,0xA513,0xA513,0xA513,0x9CD2,0x9CD2,0xA513,
    0xAD34,0xA4F2,0x9CB1,0x9CD2,0xA4F2,0x9CB2,0x9491,0x94B1,0xA4F2,0x9CB1,0x9CB1,0x9CD2,
    0x9CB2,0x9CD2,0x9CB1,0x94B1,0x9CD2,0x9CD2,0x9CD2,0x9CD2,0x9491,0xA4F2,0xA513,0x9491,
    0x9CB1,0x9CB2,0x9CD2,0x9CD2,0x9CD2,0xA513,0xA513,0xA513,0xA533,0xA533,0xA513,0xA513,
    0xA4F2,0x9491,0x94B1,0x9CD2,0x9491,0x9470,0x9470,0x9491,0x9491,0x8C50,0x9CB2,0xA533,
    0x9CB1,0x9470,0x94B1,0x9470,0x9470,0x94B1,0x840F,0x738D,0x6B2C,0x630B,0x6B4C,0x6B6C,
    0x6B4C,0x6B4C,0x6B4C,0x6B6C,0x73AD,0x6B6D,0x7BCE,0x9471,0x9CD2,0x9CD2,0x94B1,0xA4F3,
    0x9CD2,0x94B1,0x94B1,0x9CD2,0xA533,0x9CD2,0x94B1,0x8C70,0x840F,0x840F,0x840F,0x8C2F,
    0x8C70,0x8C2F,0x7BAD,0x736C,0x738D,0x738D,0x7BAD,0x7BCE,0x840F,0x842F,0x83EE,0x7BCE,
    0x83EF,0x8C2F,0x9491,0x8C30,0x840F,0x842F,0x840F,0x840F,0x7BCE,0x83EF,0x7BCE,0x7BCE,
    0x8C30,0x8C50,0x9CB2,0x94B1,0x9CD2,0x9CD2,0x94B2,0x9CF2,0xA513,0x9CD2,0x9CB2,0x8C70,
    0x8C30,0x9491,0x8C50,0x8C30,0x9470,0x9491,0x94B1,0x9471,0x840F,0x738D,0x83EF,0x9491,
    0xA533,0xA534,0xA513,0xA513,0xAD54,0xA513,0xA534,0xAD75,0xA513,0x9491,0x8C50,0x8C50,
    0x8C2F,0x9470,0x9491,0x9491,0x94B1,0x8C70,0x8C50,0x8C70,0x8C30,0x8C2F,0x9491,0x9491,
    0x9470,0x9491,0xA533,0xA533,0x9471,0x9471,0x8C30,0x840F,0x83EE,0x7BAD,0x7BCE,0x83EE,
    0x83EF,0x840F,0x840F,0x840F,0x840F,0x83EF,0x7BCE,0x7BCE,0x83CE,0x83EE,0x83EE,0x7BCE,
    0x7BCE,0x7BCE,0x7BCE,0x7BAD,0x7BCE,0x83EF,0x7BCE,0x7BAD,0x7BCE,0x840F,0x7BCE,0x7BCE,
    0x7BCE,0x7BAD,0x7BAD,0x7BCE,0x7BAD,0x7BAD,0x7BAD,0x7BAD,0x7BAD,0x7BCE,0x738D,0x7BAD,
    0x7BAD,0x7BAD,0x7BAD,0x7B8D,0x736D,0x738D,0x738D,0x7BAD,0x7BCE,0x7BCE,0x840F,0x8C50,
    0x9471,0x8C30,0x9491,0x9CD2,0xAD54,0xAD54,0x9491,0x9491,0xA513,0xAD34,0xA513,0xAD54,
    0xB595,0xB595,0x9CF2,0x9CD2,0xA533,0xBDF7,0xC617,0xC617,0xA534,0x8C70,0x8C50,0x83EF,
    0x840F,0x8C50,0x9491,0x9CD2,0xB595,0xA533,0xB595,0xB595,0xAD34,0x9CD2,0x9CD2,0xA533,
    0xA4F3,0xBDD6,0xC638,0xAD54,0xAD54,0xAD54,0xB5B6,0xAD75,0x9CD2,0xA513,0x9CB2,0x8C70,
    0x9471,0x9CB1,0x9CD2,0xA4F2,0xB595,0xB595,0xB595,0xAD74,0xB5B5,0xAD74,0x9CB2,0x9CF2,
    0xAD74,0xA513,0xA513,0xAD34,0xAD74,0xB595,0xBDB6,0xBDF7,0xC5F7,0xBDF6,0xBDD6,0xBDD6,
    0xBDD6,0xB595,0xB595,0xBDD6,0xC617,0xBDD6,0xBDF6,0xBDF6,0xC5F7,0xC617,0xC5F7,0xBDF7,
    0xC617,0xC637,0xCE58,0xCE78,0xD6BA,0xE71B,0xE71B,0xD6BA,0xD6BA,0xD6BA,0xD699,0xDEDA,
    0xD699,0xCE58,0xC617,0xBDF7,0xC617,0xBDF6,0xC617,0xCE58,0xBDD6,0xBDB5,0xC617,0xBDF7,
    0xCE99,0xCE58,0xB595,0xAD74,0xB595,0xB5B5,0xAD54,0xAD74,0xAD74,0xAD54,0xA533,0xAD74,
    0xAD54,0xA533,0x9CD2,0xA513,0xA4D2,0x9CD2,0xA4F2,0xA4F3,0xA4F3,0x9CF2,0xA4F2,0x9CD2,
    0x9CB2,0x9CD2,0xA4F3,0xAD34,0xAD54,0xAD54,0xAD54,0xB575,0xB595,0xA513,0xAD34,0xB575,
    0xA513,0x94B1,0x9CB2,0x94B1,0x9CD2,0x9CB1,0x9CD2,0xA4F2,0xA4F2,0x9CB2,0x9CB2,0x9CD2,
    0x9CD2,0xA513,0xAD34,0xAD54,0x9CB2,0x9CB2,0x9491,0x9CB2,0xAD54,0xAD34,0xB595,0xA513,
    0xAD54,0xA533,0x9CD2,0xAD54,0xA533,0xA513,0xA4F2,0x9CF2,0x9CF2,0x9CD2,0xA513,0xB595,
    0xB575,0xA4F3,0x9CB2,0x9CB2,0xA4F3,0x9CD2,0xAD54,0xA533,0x9CD2,0xA513,0xA4F3,0xAD34,
    0xA513,0x9491,0x94B1,0x9CB1,0x94B1,0x9470,0x9CD2,0x9CD2,0xAD54,0xBDD6,0xB595,0xA513,
    0xA513,0xA533,0xB595,0xC638,0xBDB5,0xAD54,0xAD54,0xB574,0xB595,0xAD54,0xBDD6,0xBDF7,
    0xB575,0xAD54,0xB595,0xB575,0xAD74,0xB595,0xAD74,0xAD54,0xAD54,0xAD54,0xA513,0xA4F2,
    0x9CD2,0x9CF2,0xA513,0xAD34,0xAD54,0xAD54,0xA4F2,0xA513,0x9CD2,0x9CB2,0xB595,0xAD54,
    0x9CD2,0x9CB2,0xA4F2,0xAD34,0xA513,0xA4F3,0xA4F2,0xAD54,0xAD54,0x9CD2,0x9CB1,0x9CB1,
    0x9CD2,0xA513,0xAD34,0xAD54,0xAD34,0xAD54,0xAD54,0xA513,0xA4F2,0x9CB2,0xA513,0xA533,
    0xAD74,0xBDD6,0xB5B5,0xAD54,0xAD54,0xAD33,0xA513,0xAD54,0xAD34,0xAD33,0xA513,0xA533,
    0xAD33,0xA513,0xA4F2,0x9CD2,0xA4D2,0xA4F2,0xA4F2,0x9CB1,0x9CD2,0x9CD2,0xA4F2,0xA4F2,
    0xAD54,0xA513,0xA513,0xAD54,0xAD54,0xAD34,0xAD54,0xB574,0xA4F2,0xAD54,0xA4F2,0x9CB2,
    0x9CD2,0x9CD2,0x9CD2,0x9491,0x9470,0x9470,0x9CD2,0x9CD2,0x9CB2,0x9CB1,0xA4F2,0x9CB1,
    0x94B1,0x9491,0x9491,0x94B1,0x9CD2,0xA4F2,0xA4F2,0xA513,0xA4F3,0xA4F2,0x9CD2,0xB595,
    0xAD34,0x9CD2,0xA513,0xA533,0xB595,0xA4F2,0xA4F2,0xA533,0xA513,0xA4F3,0x9CD2,0x9CD2,
    0xA4F2,0x9CD2,0xA4F2,0xA513,0x9491,0x9491,0x8C50,0x8C2F,0x94B1,0xA4F2,0x9470,0x840F,
    0x8C2F,0x94B1,0x8C50,0x6B4C,0x630B,0x5AEB,0x6B4C,0x632C,0x632C,0x632C,0x632C,0x736D,
    0x6B4C,0x6B6C,0x83EF,0x9470,0x840F,0x8C50,0x9CD2,0x9CF2,0x9CB1,0x9470,0x9470,0x9470,
    0x9470,0x840F,0x840F,0x8C50,0x8C2F,0x7BCE,0x7BCE,0x7BCE,0x83EE,0x840F,0x8C2F,0x8C70,
    0x738D,0x738D,0x7BAD,0x7BAD,0x73AD,0x7BCE,0x7BCE,0x7BCE,0x9491,0x9CD2,0x9CF2,0x9CD2,
    0x8C50,0x8C30,0x8C30,0x8C30,0x8C50,0x8430,0x9471,0x9470,0x9471,0x9CF2,0x9CD2,0x9CD2,
    0x9CD2,0xA4F3,0x9CD2,0x9CD2,0x9CB2,0x9491,0x94B2,0x94B1,0x8C70,0x8C70,0x842F,0x9471,
    0x9CB2,0x94B2,0x9471,0x7BCE,0x7BAD,0x736C,0x840F,0x8C70,0x94B2,0x8C70,0x9CF3,0xA534,
    0xAD95,0xCE79,0xC638,0xBDD6,0xAD75,0x94B2,0x8C50,0x9470,0x9490,0x94B1,0x8C50,0x840F,
    0x8C50,0x9470,0x840F,0x840F,0x842F,0x8C50,0x842F,0x9470,0x9491,0x9CD2,0xB595,0xB575,
    0x9CD2,0x9CB2,0x7BAD,0x6B6C,0x736D,0x738D,0x7BCE,0x8C50,0x8C30,0x8C50,0x83EF,0x83EE,
    0x840F,0x840F,0x83EF,0x7BCE,0x840F,0x840F,0x83EE,0x840F,0x840F,0x7BCE,0x7BAD,0x7BAD,
    0x7BCE,0x7BCE,0x7BCE,0x7BCE,0x83EF,0x7BAD,0x7BAD,0x7BCE,0x7BCE,0x7BCE,0x7BCE,0x7BCE,
    0x7BCE,0x7BAD,0x7BAD,0x738D,0x736C,0x738D,0x7BCE,0x7BCE,0x7BCE,0x7B8D,0x7B8D,0x7BCE,
    0x7BAD,0x7BAD,0x7BCE,0x7BCE,0x83EF,0x840F,0x9491,0x94B2,0x8C50,0x94B1,0x9CB2,0xA513,
    0xB595,0xAD54,0x9CB1,0xA513,0xA513,0xA4F3,0xAD54,0xB575,0xB575,0xA513,0x8C50,0x9CD2,
    0x9CD2,0xBDD6,0xC617,0xB5B5,0xBDD6,0x9470,0x7BCE,0x7BAD,0x7BCE,0x8C50,0x8C70,0xA513,
    0xBDB5,0xB595,0xB5B5,0xBDD6,0xA533,0x9CD2,0x9CD2,0xA513,0xA513,0xB595,0xC617,0xBDD6,
    0xB575,0xB595,0xB5B5,0xA533,0x9CD2,0xA4F2,0x9CB1,0x9CD2,0x9491,0x9CB1,0x9CD2,0xA513,
    0xAD74,0xB575,0xAD54,0xAD54,0xB575,0xB575,0xB595,0xB575,0xBDB6,0xAD74,0xBDB5,0xC617,
    0xD699,0xCE58,0xC617,0xBDD6,0xBDD6,0xAD34,0xAD54,0xB595,0xB595,0xB595,0xBDD6,0xB575,
    0xBDD6,0xBDB6,0xC5F7,0xCE58,0xCE79,0xCE38,0xC617,0xC5F7,0xBDD6,0xC637,0xCE58,0xCE58,
    0xCE58,0xDEDA,0xE73B,0xDEDA,0xD699,0xD6B9,0xD679,0xC617,0xC617,0xC617,0xC617,0xCE78,
    0xCE58,0xC617,0xC637,0xBDF7,0xCE58,0xD6BA,0xD699,0xCE79,0xBDD6,0xB575,0xB595,0xAD74,
    0xB575,0xAD74,0xAD54,0xB595,0xAD74,0xAD54,0xA513,0xAD34,0xAD34,0xAD33,0xA4F2,0xA4F3,
    0xAD74,0xAD74,0xA513,0xA513,0xA513,0xA513,0xAD33,0xA4F2,0x9CB2,0xA4F2,0xA4F3,0xAD34,
    0xB595,0xAD74,0xD699,0xCE58,0xAD54,0xAD33,0xA513,0xA513,0xA513,0xA533,0xA533,0x9CD2,
    0x9491,0x94B1,0x9CD2,0x9CD2,0x94B1,0x9CB1,0x9CB1,0x9491,0x94B1,0xA513,0xA4F3,0x9CD2,
    0x9CD2,0x9CD2,0x9CB2,0x9491,0xAD34,0xAD74,0xAD54,0xA4F3,0xA513,0xA513,0xA513,0xA513,
    0xAD34,0xA513,0xA513,0xA513,0xA513,0xAD34,0xA533,0xAD74,0xAD54,0xA513,0xA4F2,0x9CD2,
    0x9CB2,0xA513,0xAD34,0xA4F2,0x9CB1,0x9CD2,0x94B1,0x9CB2,0xA513,0x9CB2,0x9CB1,0x9CD2,
    0xA4F2,0x94B1,0x9491,0x9CB1,0xAD34,0xAD34,0xAD34,0xAD34,0xA513,0x9CD2,0xA4F3,0xAD34,
    0xAD74,0xBDD6,0xB595,0xAD34,0xAD74,0xAD74,0xBDD6,0xD6BA,0xB595,0xAD74,0xB575,0xAD54,
    0xAD54,0xAD74,0xAD34,0xA533,0xA513,0xA4F2,0xA4F3,0xA4F2,0x9CB1,0x9CB1,0xA4F3,0xA513,
    0xAD33,0xA513,0xA533,0xAD33,0x9CD2,0xA4F2,0xA513,0xA4F2,0x9CD2,0xA4F2,0xA4F3,0xAD34,
    0xA513,0xA4F2,0xA513,0xAD54,0xA513,0xA513,0xA4F2,0xA513,0xA4F3,0xA4F2,0xA513,0xA533,
    0xB595,0xB595,0xAD54,0xA513,0x9CD2,0xA513,0xA533,0xAD34,0xAD54,0xAD54,0xB575,0xB575,
    0xAD54,0xA513,0xAD34,0xAD33,0xAD54,0xAD54,0xAD74,0xB595,0xA513,0xA513,0xA513,0xA4F2,
    0xA513,0xA513,0xA4F2,0x9CD2,0x9CD2,0x9CD2,0x9CD2,0x9CB2,0x9CB2,0x9CD2,0x9CD2,0xA4D2,
    0xA4F3,0xAD74,0xAD54,0xAD54,0xB575,0xA513,0xA4F2,0x9CB2,0x9CD2,0x9CB2,0x9CB2,0x9491,
    0x9CD2,0xA4F2,0x9CB1,0xA533,0xA4F2,0x9CD2,0x9CB2,0x9491,0x9470,0x94B1,0xA4F3,0x9CB1,
    0x9CD2,0x9CB1,0xA4F2,0x9CD2,0x94B1,0xA513,0x9CD2,0xAD74,0xB575,0xA4F2,0xA533,0xA4F2,
    0xAD33,0x9CD2,0x9CB2,0x9CD2,0xAD34,0xB5B5,0xB595,0xAD54,0xAD74,0xB575,0xAD34,0x9CB1,
    0x9491,0x9CB1,0x8C70,0x8C2F,0x8C30,0x9491,0x8C30,0x8C50,0x94B1,0x9491,0x83EF,0x6B4C,
    0x630B,0x632B,0x6B6D,0x6B4C,0x630B,0x6B2C,0x6B6C,0x6B6D,0x6B4C,0x738D,0x7BAD,0x7BCE,
    0x83EE,0x7BCE,0x83EE,0x840F,0x842F,0x842F,0x8C50,0x8C2F,0x83EF,0x83EE,0x7BCE,0x83EE,
    0x83EF,0x7BAD,0x736C,0x736C,0x736C,0x73AD,0x7BCE,0x8C2F,0x738D,0x6B6C,0x6B4C,0x6B4C,
    0x736D,0x7BAD,0x7BCE,0x7BCE,0x9470,0xAD54,0xAD34,0x9CB2,0x8C50,0x840F,0x8C70,0x840F,
    0x8C50,0x9491,0x9CB2,0x9491,0xAD75,0xB595,0xA4F3,0xA4F3,0x94B1,0x94B2,0x9CB2,0x9470,
    0x9CD2,0x94B2,0x8C70,0x8C70,0x9491,0x9471,0x8C70,0x9491,0x8C70,0x8C70,0x8C50,0x840F,
    0x8C50,0x8C30,0x9491,0x9471,0x840F,0x83EF,0x842F,0x840F,0x94B1,0xA534,0xAD54,0x9CF3,
    0x9CD2,0x8C50,0x9470,0x9491,0x738D,0x6B0B,0x62CA,0x5ACA,0x630B,0x83CE,0x9CB1,0x9470,
    0x8C2F,0x8C70,0x8C50,0x840F,0x9CD2,0xAD74,0xAD54,0xBDD6,0xBDD6,0xA513,0x842F,0x7BCE,
    0x7BCE,0x7BCE,0x8C50,0x9491,0x8C50,0x842F,0x83EF,0x7BCE,0x7BCE,0x83EF,0x8C2F,0x8C30,
    0x842F,0x840F,0x7BCE,0x83EE,0x83EE,0x7BCE,0x73AD,0x7BCE,0x83EF,0x8C2F,0x83EF,0x83EF,
    0x83EE,0x7BCE,0x83CE,0x83CE,0x83EE,0x8C30,0x840F,0x840F,0x7BCE,0x7BAD,0x7BAD,0x7B8D,
    0x738D,0x738D,0x7BAD,0x7BAD,0x7BAD,0x738D,0x738D,0x7BAD,0x83CE,0x7BCD,0x7BCD,0x83EF,
    0x8C50,0x94B1,0x9491,0x94B1,0x9CB2,0xA513,0xA4F2,0xA513,0xAD74,0xAD54,0x9CD2,0xA4F2,
    0xA513,0xAD54,0xAD54,0xA4F3,0xA513,0xA513,0xA533,0xA533,0xA513,0xBDD6,0xBDD6,0xAD54,
    0xB575,0xB595,0x9CD2,0x9CD2,0xA513,0xAD34,0xAD54,0xC5F7,0xB575,0xAD54,0xA513,0xAD54,
    0xB5B5,0xA533,0xA513,0xA4F2,0xA4F2,0xA513,0xB575,0xBDB6,0xBDF7,0xB595,0xA513,0xA4F2,
    0x9CB2,0xA4F2,0x9491,0x94B1,0x9CD2,0xA513,0xA513,0xAD54,0xBDD6,0xBDD6,0xBDD6,0xB5B5,
    0xB574,0xC5F7,0xBDD6,0xBDB6,0xB595,0xB595,0xCE58,0xCE58,0xBDD6,0xAD74,0xB595,0xB575,
    0xB5B5,0xBDD6,0xB575,0xB595,0xC617,0xC5F7,0xC638,0xC617,0xCE58,0xCE58,0xCE79,0xD699,
    0xCE79,0xCE58,0xC617,0xC617,0xC5F7,0xC617,0xC638,0xCE58,0xCE78,0xDEDA,0xDF1B,0xD6BA,
    0xCE38,0xCE58,0xCE99,0xC637,0xC617,0xC638,0xC617,0xC617,0xCE58,0xC637,0xC637,0xBDB6,
    0xBDF7,0xC638,0xCE58,0xC617,0xBDD6,0xB595,0xAD75,0xAD54,0xAD54,0xB575,0xAD74,0xB575,
    0xAD34,0xAD54,0xB595,0xAD54,0xAD54,0xAD34,0xA4F2,0xA4F2,0xAD74,0xAD74,0xAD74,0xAD74,
    0xA513,0xA513,0xA4F2,0x9CD2,0x9CD2,0xA513,0xAD54,0xA533,0xA533,0xAD74,0xCE58,0xBDF7,
    0xA513,0xAD54,0xA533,0xA513,0xA533,0x9CD2,0x9CD2,0x9CD2,0x9CD2,0x9491,0x9491,0x94B1,
    0x9491,0x9CD2,0x94B1,0x94B1,0x9CD2,0x9CB2,0x94B1,0x9CD2,0x9CD2,0x9CD2,0xA513,0xA513,
    0xA4F2,0xA513,0xA4F3,0xA513,0xA4F3,0xA513,0xA533,0xA534,0xA533,0x9CD2,0x9CD2,0xA513,
    0xA4F2,0xA513,0xAD34,0x9CD2,0xA4F2,0xA513,0xAD33,0xAD34,0xA4F2,0x9CB1,0xA4F2,0xA4F3,
    0x9CB2,0x9CD2,0x9CD2,0xA4F2,0xA533,0xA513,0xA513,0xAD33,0xA513,0xAD34,0xAD34,0x9CD2,
    0xA513,0xAD54,0xAD54,0xB575,0xAD74,0xB595,0xAD74,0xB574,0xB575,0xB595,0xBDB6,0xAD54,
    0xAD54,0xB595,0xAD75,0xB5B5,0xA513,0xA513,0xAD54,0xA513,0xA513,0xA513,0xB595,0xB595,
    0xA4F3,0xA4F2,0xA4F3,0xAD34,0x9CD2,0xA513,0xA513,0x9CD2,0x9CD2,0x9491,0x9CB1,0xA4D2,
    0xA513,0x9CD2,0xA513,0xA513,0xA4F2,0xA4F2,0x9CD2,0xA513,0xA4F2,0x94B1,0xA513,0xB595,
    0xB595,0xAD54,0xA533,0xAD34,0x9CD2,0x9CD2,0x9CD2,0xA4F3,0xAD54,0xB575,0xB575,0xAD74,
    0xA4F3,0x9CF2,0x9CD2,0x94B1,0x9CD2,0xA533,0xA513,0xA513,0xA513,0xAD34,0xA4F2,0xA533,
    0xA533,0xAD54,0xAD34,0xAD34,0xA513,0xA4F2,0x9CD2,0xA513,0xAD33,0xBDD6,0xBDF6,0xAD54,
    0xA513,0xA4F2,0x9CD2,0xA4F2,0xA4D2,0x9CB2,0x9CD2,0x9CD2,0xA4D2,0xA513,0xA513,0xA513,
    0xA4F2,0x9CB2,0x9CD2,0x9CD2,0x94B1,0x9491,0x9470,0x9491,0xA4F2,0x9CD2,0x9470,0xA4F2,
    0x9CB2,0x94B1,0x9CB2,0xA4F2,0x9CB2,0xA513,0x9CB1,0x9491,0x9CB1,0xA4F3,0xA513,0x9CB1,
    0x94B1,0x94B1,0x9CD2,0x9CD2,0x9CB2,0x9CB1,0x9CD2,0xA513,0xA513,0xA533,0xAD54,0xAD54,
    0xAD34,0xAD54,0xC617,0xC638,0xAD33,0xA513,0x9CB1,0xA513,0xAD54,0x8C50,0x9470,0x8C50,
    0x8C50,0x9491,0x9491,0x8C50,0x94B1,0x9470,0x8C30,0x7BCE,0x6B4C,0x6B2C,0x736D,0x736D,
    0x6B4C,0x6B4C,0x736D,0x6B6C,0x736C,0x7BAD,0x7BAD,0x83EE,0x83EF,0x7BAD,0x6B4C,0x736C,
    0x7BCE,0x7BAD,0x7B8D,0x7BCE,0x83CE,0x83CE,0x7BAD,0x7BAD,0x7BAD,0x736C,0x5ACA,0x5AAA,
    0x62EB,0x630B,0x630B,0x6B4C,0x6B4C,0x6B2C,0x6B2C,0x6B2C,0x736D,0x7BAD,0x7BCE,0x7BCE,
    0x83CE,0x8C50,0x9470,0x9470,0x8C50,0x840F,0x8C50,0x8C50,0x840F,0x9491,0xA513,0x9CF2,
    0xA533,0xAD74,0xAD54,0x9CD2,0x94B2,0x94B1,0x9491,0x9471,0x9471,0x94B1,0x9CD2,0x94B1,
    0x8C70,0x9471,0x94B2,0x9491,0x8C50,0x83EF,0x7BCE,0x842F,0x8C70,0x9491,0x94B1,0x8C70,
    0x840F,0x840F,0x83EF,0x7BCE,0x83EF,0x842F,0x9CD2,0x94B1,0x9491,0x94B1,0xA513,0x9470,
    0x62EA,0x62EB,0x5ACA,0x5289,0x5289,0x630B,0x9491,0x8C50,0x8C30,0x9CB2,0x94B1,0x94B1,
    0x94B1,0xA513,0xA533,0xB595,0xAD54,0xA513,0x94B1,0x9470,0x9471,0x842F,0x94B2,0x9491,
    0x840F,0x840F,0x83EF,0x83EF,0x8C30,0x8C50,0xA534,0xA513,0x8C2F,0x840F,0x7BCE,0x83EE,
    0x7BCE,0x7BCE,0x840F,0x9470,0x9491,0x8C70,0x94B1,0x8C50,0x83EF,0x8C2F,0x9470,0x840F,
    0x840F,0x840F,0x83EE,0x83CE,0x7BAE,0x7BAD,0x7BCE,0x7BCE,0x7BCE,0x7BCE,0x7BAD,0x83EE,
    0x7B8D,0x738D,0x738D,0x738D,0x7BAD,0x7BAD,0x840F,0x9491,0x9471,0x94B1,0x8C2F,0x9471,
    0x9CD2,0x9CF2,0xA4F2,0xA513,0xA513,0xA513,0xA4F3,0x9CD2,0x9CD2,0xAD54,0xA513,0x9CB2,
    0xA513,0xB595,0xAD33,0x8C50,0x9CB1,0xA513,0xB595,0xB5B5,0xAD54,0xAD54,0xAD74,0xC637,
    0xBDD6,0xBDD6,0xB575,0xAD54,0xA513,0xA4F3,0xAD34,0x9CD2,0xA4F2,0xA4F2,0xA4F2,0xA513,
    0xAD34,0xAD54,0xAD34,0xAD74,0xBDF7,0xB595,0x9CB1,0xA513,0xA513,0x9CB1,0x9CB1,0xA4F3,
    0xA513,0xA513,0xAD34,0xAD34,0xAD74,0xAD54,0xB575,0xBDD6,0xB5B5,0xBDD6,0xBDD6,0xAD74,
    0xB575,0xB575,0xC5F7,0xC617,0xAD54,0xB575,0xB595,0xAD33,0xBDB6,0xB575,0xB575,0xBDD6,
    0xBDF6,0xC617,0xC617,0xC617,0xCE58,0xCE58,0xC617,0xBDF6,0xC638,0xCE58,0xCE58,0xCE58,
    0xCE78,0xC617,0xC5F7,0xCE58,0xD699,0xD6BA,0xDEDA,0xDEFB,0xDEFB,0xDEDA,0xDEFA,0xD699,
    0xC617,0xC5F7,0xBDF6,0xBDD6,0xBDD6,0xC5F7,0xC638,0xBDF7,0xB595,0xB5B6,0xBDD6,0xBDD6,
    0xB595,0xB595,0xB595,0xAD74,0xAD75,0xAD74,0xAD74,0xAD54,0xB595,0xB5B5,0xB595,0xB595,
    0xB595,0xAD34,0xA4F2,0xA513,0xA4F2,0x9CB2,0x9CD2,0xAD54,0xAD34,0xA533,0xA513,0xAD54,
    0xAD34,0xAD54,0xAD54,0xAD34,0xA513,0xAD54,0xAD54,0xAD54,0xA513,0xA513,0xA533,0xA513,
    0x9CD2,0x9CB2,0x94B1,0x9CD2,0x9CD2,0x9CD2,0x94B1,0xA513,0xA4F2,0x9CD2,0x94B1,0x9CB2,
    0x9CB2,0x9CD2,0x9CB1,0x9CB1,0x9CD2,0xA4F3,0x9CD2,0xAD74,0xA533,0xA4F2,0xA4F3,0xA4F3,
    0xA513,0xA513,0xA513,0xA534,0x9CD2,0xA4F2,0xA4F2,0x9CD2,0x9CD2,0xA4F3,0xA4F3,0x9CD2,
    0xAD33,0xA4F2,0x9CD2,0xA4F2,0xA513,0xA513,0xA533,0xA533,0xA4F3,0xA513,0xA513,0xA513,
    0xA4F2,0xAD34,0xAD54,0xB574,0xA4F2,0xA4F2,0xA4F2,0xA4F2,0xA513,0xAD34,0xAD54,0xB595,
    0xB575,0xAD74,0xAD54,0xB575,0xBDB6,0xCE58,0xBDD6,0xB575,0xB575,0xAD54,0xA513,0xA513,
    0xAD54,0xB574,0xAD54,0xAD34,0xAD33,0xA513,0xA513,0xA533,0xA513,0xAD54,0xA533,0xAD54,
    0xAD54,0xA4F2,0xA513,0xAD54,0xAD54,0x9CD2,0x94B1,0x9CB1,0x9CD2,0x9CD2,0x9CD2,0xA533,
    0x9CD2,0x94B1,0x9CD2,0x9CD2,0x9CD2,0xA4F3,0xAD54,0xBDF7,0xB595,0xAD74,0xA533,0xA4F2,
    0xA4F2,0xA513,0xA513,0x9CD2,0xA4F2,0xA533,0xAD33,0xA513,0xA513,0xA513,0x9CD2,0x9491,
    0x9491,0x9CD2,0xA4F2,0xA513,0xAD54,0xAD34,0xA513,0xAD33,0xA513,0xAD33,0xAD34,0xA4F2,
    0xA513,0xA4D2,0xA513,0xA513,0xA4F2,0xAD33,0xB595,0xB5B5,0xA513,0xA513,0xA4F2,0xA513,
    0xA513,0xA4F2,0xA533,0xA513,0xA4D2,0xA4F2,0xA533,0xAD54,0xAD54,0x9CB2,0x9CB1,0xA4F2,
    0x9CB1,0x9CB2,0x94B1,0x9491,0x9CD2,0x9CB1,0x9CD2,0xBDF7,0xAD54,0xA4F2,0x9CB1,0xA4F2,
    0x9470,0x8C70,0x9CB1,0xA4F2,0x9CB2,0xA513,0x9CD2,0x94B1,0xAD74,0xA4F2,0x9CD2,0x94B1,
    0xAD74,0xAD74,0x9CB2,0x9CD2,0x9CF2,0x9CB2,0xA533,0xA533,0xA513,0xA513,0xB575,0xB575,
    0xAD54,0xA513,0x9CD2,0x9CB2,0xA513,0x94B1,0x94B1,0x8C50,0x840F,0x840F,0x840F,0x8C2F,
    0x94B1,0x9491,0x8C50,0x8C50,0x83EE,0x73AD,0x736D,0x6B4C,0x6B6C,0x736D,0x73AD,0x736C,
    0x736C,0x7BAD,0x7BAD,0x83EE,0x83EE,0x7B8D,0x736C,0x736C,0x734C,0x736D,0x7BCE,0x6B2C,
    0x7BAD,0x7BCE,0x7BAD,0x6B2C,0x5AEA,0x5AEA,0x5ACA,0x5ACA,0x5ACA,0x5ACA,0x5ACA,0x5ACA,
    0x630B,0x630B,0x630B,0x630B,0x6B2B,0x736D,0x7BAD,0x7BCE,0x840F,0x840F,0x840F,0x9491,
    0x9471,0x8C50,0x94B1,0xA513,0x94B1,0x9491,0x9CF2,0xA4F2,0xA4F3,0xA513,0xA4F3,0x9CD2,
    0x9CB2,0x94B1,0x9491,0x8C70,0x8C50,0x9491,0x9CD2,0x9491,0x8C50,0x8C70,0x8C70,0x8C50,
    0x9D13,0x94B2,0x840F,0x840F,0x840F,0x8C30,0x840F,0x83EF,0x83EE,0x736C,0x630B,0x62EA,
    0x62EB,0x6B6C,0x7BCE,0x7BCE,0x840F,0x8C2F,0x9491,0x9CB1,0x736C,0x630B,0x5AA9,0x5289,
    0x5AAA,0x83EE,0x9470,0x83EE,0x840F,0x9491,0x9CD2,0x9491,0x8C50,0x9CD2,0x9CB2,0xA513,
    0x9CD2,0xA513,0xAD34,0x9CD2,0x9CD2,0x9CB1,0x9491,0x94B1,0x94B1,0x8C50,0x7BAD,0x7BCE,
    0x9491,0x9471,0x9CB2,0x9491,0x83EF,0x83EF,0x83EF,0x842F,0x842F,0x8C70,0x94B1,0x9491,
    0x94B2,0x9491,0x94B1,0x9CD2,0x8C50,0x9471,0x9491,0x840F,0x7BCE,0x7BCE,0x83CE,0x83EE,
    0x7BAD,0x738D,0x7BCE,0x83EE,0x7BCE,0x7BAD,0x7BCE,0x83EE,0x83EF,0x8C30,0x83EF,0x738D,
    0x736D,0x8C2F,0x9491,0x9CD2,0x9491,0x8C50,0x9CD2,0xA513,0x9491,0x9CD2,0xA533,0xAD33,
    0xA513,0xAD34,0xA534,0xA4F2,0xA4F2,0xA533,0xA4F2,0x9CF2,0xA513,0xAD54,0x9470,0x8C50,
    0x9470,0x9CB1,0xA533,0xA513,0xA513,0xA4F2,0x9491,0xAD54,0xB595,0xAD54,0xB595,0xAD34,
    0xAD33,0xA4F3,0xB575,0x9CB2,0x9491,0xA4F2,0xA4F2,0xAD74,0xB595,0xB5B5,0xAD54,0xB595,
    0xAD54,0xAD54,0xAD34,0x9CB1,0x9CD2,0x9CD2,0x9491,0xA4F3,0xA533,0x9CB2,0xA513,0xA513,
    0xA4F2,0xA513,0xA513,0xAD34,0xB595,0xAD54,0xAD34,0xAD74,0xBDB6,0xB595,0xB5B5,0xB575,
    0xB595,0xAD74,0xAD54,0xAD33,0xAD54,0xAD54,0xAD54,0xB595,0xAD54,0xAD74,0xAD54,0xAD74,
    0xBDD6,0xBDF7,0xC617,0xC638,0xC617,0xC637,0xCE58,0xCE58,0xD699,0xD6BA,0xD699,0xCE79,
    0xD699,0xD6BA,0xD6B9,0xD6B9,0xDF1B,0xD699,0xC5F7,0xC617,0xC617,0xC617,0xBDD6,0xBDB6,
    0xB595,0xCE38,0xDEFB,0xC638,0xB595,0xBDB6,0xB5B5,0xBDD6,0xBDD6,0xB595,0xB595,0xB595,
    0xB595,0xB595,0xAD54,0xAD54,0xB595,0xB595,0xB595,0xB575,0xB595,0xB595,0xA513,0xAD33,
    0xA513,0xAD33,0xA533,0xA513,0xA513,0xAD74,0xAD33,0xB575,0xAD54,0xAD54,0xAD54,0xB5B6,
    0xB595,0xAD54,0xAD54,0xA513,0x9CD2,0x9CF2,0x9CD2,0xA4F2,0xA4F3,0xA513,0x9CD2,0x9CB1,
    0x9CB2,0x9CD2,0xA4F2,0x9CB2,0x9CD2,0xA513,0x9491,0x94B1,0x9CD2,0xAD75,0xA513,0x9CD2,
    0xA533,0xAD54,0xA513,0x9CB2,0x9CD2,0x9CD2,0xA513,0xA533,0xAD33,0xA4F3,0xA533,0xAD34,
    0xA513,0xA533,0xA4F3,0xA4F2,0x9CD2,0xA4F3,0xA513,0xA513,0xA513,0xB575,0xB595,0xA513,
    0x9CD2,0xA4F2,0xAD34,0xAD34,0xA513,0xA4F2,0xA4F2,0xA533,0xA4F2,0xA513,0xA533,0xA513,
    0x9CD2,0x94B1,0xA513,0xAD34,0xAD34,0xAD54,0xB595,0xB5B5,0xB575,0xB575,0xB575,0xBDD6,
    0xBDF7,0xCE58,0xC5F7,0xBDB6,0xAD54,0xAD34,0xB595,0xAD34,0xAD54,0xAD54,0xAD74,0xAD74,
    0xA4F2,0xA533,0xB595,0xAD74,0xA513,0x9CD2,0x9CD2,0xAD54,0xA513,0xA4F2,0xA4F2,0x9CD2,
    0xAD74,0xA513,0x9CD2,0x9CD2,0x9CD2,0x9CD2,0xA4F2,0x9CF2,0x9CD2,0x9CD2,0xB595,0xB574,
    0xA4F2,0xA4F2,0x9CF2,0xA513,0xA533,0xA533,0xA4F2,0xA4F2,0xA513,0xA533,0xA4F2,0xA4F2,
    0x9CB2,0x9CD2,0x9CD2,0xA533,0xAD54,0xAD74,0xAD54,0xA513,0xA513,0xAD54,0xA533,0xAD54,
    0xBDB6,0xCE79,0xBDD6,0xAD54,0xAD54,0xAD33,0x9CD2,0x9CD2,0x9CD2,0x9CD2,0xA513,0x94B1,
    0x9491,0x9CD2,0x9CD2,0xA513,0x9CD2,0x9CD2,0xA4F2,0xA513,0x9CD2,0xAD54,0xBDD6,0xB575,
    0xAD33,0xA4F2,0xAD54,0xCE78,0xC617,0xA4F2,0x9CD2,0x9CD2,0x9470,0x9CB1,0x9491,0x9491,
    0x9CD2,0x9CD2,0xA513,0xA513,0xAD34,0xA533,0x9CD2,0x8C70,0x8C50,0x8C50,0x94B1,0xA513,
    0x9CB2,0x9470,0x9CB1,0x9471,0x8C50,0x9470,0x9CB2,0x94B1,0x9CB2,0xA4F3,0x9491,0x9CF2,
    0xAD54,0xAD54,0xA513,0x9CD2,0xA513,0xAD54,0xA513,0xA513,0x9CB2,0x9491,0x9CB1,0x9CD2,
    0xA513,0x9CD2,0xA4F2,0x8C50,0x840F,0x8C30,0x8C50,0x9470,0x8C50,0x7BCE,0x83EF,0x7BCE,
    0x738D,0x736D,0x7BCE,0x7BAE,0x6B6C,0x7BAE,0x7BCE,0x736C,0x736C,0x738D,0x7BAD,0x7BCE,
    0x7BAD,0x7BCE,0x738D,0x738D,0x736C,0x738D,0x7BCE,0x6B0B,0x736C,0x7BAD,0x7BAD,0x738D,
    0x6B4C,0x5ACA,0x5AAA,0x5AEB,0x5ACA,0x5ACA,0x5ACA,0x5ACA,0x5ACA,0x62EB,0x5ACA,0x62EB,
    0x6B2C,0x6B6C,0x7BAE,0x7BAE,0x7BCE,0x7BCE,0x7BAE,0x8C70,0xA533,0x9CB2,0xAD34,0xAD75,
    0x9CD2,0x94B1,0x9CB2,0x94B1,0x9CB1,0x9CD2,0xA513,0x9CF3,0x9CB2,0x9470,0x8C70,0x8C50,
    0x840F,0x8C30,0x840F,0x8C2F,0x8C30,0x842F,0x8C30,0x8C70,0x9CF3,0x94B2,0x8C50,0x8C50,
    0x840F,0x83EF,0x7BCE,0x738D,0x630B,0x5AA9,0x62CA,0x5ACA,0x5ACA,0x630B,0x736C,0x7BAD,
    0x7BCE,0x83EE,0x83CE,0x8C0F,0x9491,0x83EE,0x738D,0x7BAD,0x8C50,0x9CB1,0x840F,0x7BCE,
    0x7BAD,0x840F,0x8C2F,0x8C50,0x8C50,0x9CD2,0xA513,0x9CB2,0xAD34,0xBDB5,0xBDB6,0xA4F2,
    0x9CB1,0x9CD2,0x94B1,0x9491,0x9491,0x9CB2,0x8C2F,0x7BCE,0x8C30,0x840F,0x8C50,0x9491,
    0x840F,0x842F,0x8C50,0x840F,0x840F,0x9CD2,0xAD34,0x9CD2,0x9CD2,0x9CD2,0x94B2,0xA4F3,
    0x9471,0x8C30,0x842F,0x840F,0x840F,0x7BCE,0x83EF,0x842F,0x7BCE,0x7BAD,0x7BCE,0x83EE,
    0x8C50,0x8C30,0x9491,0x9471,0x8C50,0x8C50,0x8C2F,0x7BCE,0x738D,0x7BCE,0x9470,0x94B1,
    0x9CF2,0x9CD2,0xA4F3,0xA513,0xA4F2,0xA4F3,0xAD54,0xB595,0xA4F2,0xA4F2,0xA513,0xA513,
    0xA4F3,0xA513,0x9CD2,0xA513,0xA513,0xA513,0x9CB1,0xA513,0x9CD2,0xA513,0xA4F2,0x9CD2,
    0x9CD2,0x94B1,0x9491,0x9471,0xA513,0xAD74,0xBDB6,0xA4F2,0x9491,0x8C30,0x94B1,0x9471,
    0x9491,0xA513,0xA513,0xAD54,0xB595,0xAD74,0xB595,0xAD74,0x9CD2,0x9CD2,0xAD54,0xA4F3,
    0x9491,0x9CB1,0x94B1,0x9CD2,0x9CD2,0xA513,0xA533,0xA4F2,0xA4F2,0xA4D2,0x9CD2,0xA513,
    0xAD34,0xB575,0xAD74,0xB575,0xB575,0xB575,0xAD74,0xB575,0xB595,0xB595,0xAD74,0xAD54,
    0xAD54,0xAD74,0xAD74,0xB595,0xB595,0xAD33,0xAD54,0xAD54,0xB574,0xBDD6,0xC5F7,0xC637,
    0xC617,0xC617,0xCE58,0xD679,0xDEDA,0xEF5C,0xEF7D,0xE71B,0xD6DA,0xDEDA,0xCE58,0xC617,
    0xC637,0xBDF7,0xBDD6,0xBDD6,0xC637,0xCE58,0xC617,0xBDD6,0xBDD6,0xCE58,0xCE78,0xCE58,
    0xBDD6,0xB595,0xB595,0xBDB6,0xBDD6,0xB595,0xBDD6,0xC5F7,0xBDD6,0xAD74,0xAD54,0xB595,
    0xB595,0xAD75,0xBDB6,0xC617,0xBDF7,0xBDB5,0xAD34,0xAD34,0xAD34,0xAD74,0xB595,0xAD74,
    0xAD54,0xAD54,0xAD34,0xA513,0xAD54,0xAD75,0xAD74,0xB595,0xB595,0xAD54,0xA513,0x94B1,
    0x9491,0x9CB2,0x9CD2,0xA4F2,0xAD34,0xAD74,0xA513,0x9CD2,0x94B1,0x9491,0x94B1,0x9CF2,
    0x9CB2,0x9491,0x9491,0x94B1,0x9CB2,0x9CB2,0xA4F2,0xAD54,0xB595,0xA4F3,0x9CB2,0x9CB1,
    0x9CB2,0xA4F2,0xA513,0xA513,0xAD54,0xB575,0xB595,0xB595,0xAD74,0xAD75,0xAD54,0xAD34,
    0xA513,0xA513,0xAD74,0xAD34,0xA513,0xB575,0xAD74,0x9CD2,0x9CB1,0x9CD2,0xA513,0xA513,
    0x9CF2,0xA533,0xA513,0xAD54,0xA533,0xA513,0xAD54,0xAD34,0xA513,0xA533,0xAD54,0xA4F3,
    0xA533,0xAD74,0xB595,0xC617,0xC617,0xC637,0xC617,0xBDF7,0xBDD6,0xCE58,0xC5F7,0xB595,
    0xAD54,0xAD54,0xB595,0xB575,0xAD33,0xAD54,0xA513,0xA533,0xA533,0xA4F2,0xB595,0xB595,
    0xAD34,0xAD34,0xA513,0xA513,0xAD33,0xA513,0xA513,0xA513,0xAD34,0xB575,0xAD75,0xAD54,
    0xA513,0xA513,0xA533,0xA533,0x9CD2,0x9CD2,0xAD54,0xA513,0x9CD2,0x9470,0x9491,0x9CB1,
    0x9CD2,0x9CD2,0x9CB2,0x9CD2,0x9CB1,0xA513,0xA4F3,0x9CD2,0x9CB1,0x9CD2,0x9CD2,0xA4F2,
    0xAD34,0xAD34,0xA513,0xAD54,0xAD54,0xA533,0xAD54,0xAD74,0xBDD6,0xC617,0xC617,0xAD74,
    0xAD54,0xB575,0xA4F2,0x9CD2,0x9CD2,0x9CB1,0x9CD2,0x9CD2,0xA513,0xA513,0xA4F2,0xA533,
    0x9CD2,0x9CD2,0xA513,0xA513,0xAD54,0xAD54,0xB575,0xBDB5,0xAD54,0xAD33,0xAD34,0xB575,
    0xAD54,0xA4F2,0x9CD2,0x9CB2,0x9470,0x9491,0x9CD2,0x9CB1,0x9CD2,0xAD54,0xA533,0x9CD2,
    0x9CD2,0x9491,0x9CB2,0x9491,0x9CD2,0x9CD2,0x9CB2,0xA513,0x9CB2,0x9470,0x9491,0x94B1,
    0x9491,0x9470,0xA533,0xAD34,0x9470,0xA4F2,0x9CB1,0xA513,0xAD54,0xDEFB,0xC638,0xBDB6,
    0xA513,0xA513,0x9491,0x9470,0x8C30,0x8C30,0x9470,0x9470,0x8C2F,0x8C70,0x9491,0x9491,
    0x9491,0x9471,0x9471,0x8C50,0x736D,0x736D,0x73AD,0x6B4C,0x738D,0x738D,0x6B6C,0x738D,
    0x738D,0x7BAD,0x738D,0x6B4C,0x736C,0x736D,0x738D,0x736D,0x736C,0x7BAD,0x7BCE,0x6B4C,
    0x736C,0x7BAD,0x7B8D,0x736C,0x738D,0x7BAD,0x7BAD,0x7BCE,0x7BCE,0x6B4C,0x5AEA,0x630B,
    0x6B4C,0x630B,0x630B,0x5ACA,0x5ACA,0x62EB,0x5ACA,0x630B,0x6B4C,0x6B4C,0x738D,0x73AD,
    0x73AD,0x7BCE,0x7BCE,0x840F,0x9470,0x9CD2,0x9CF2,0x9CF2,0x9CF2,0x9CD2,0x9CB2,0x94B1,
    0x9CB2,0x9CF2,0x9CD2,0xAD34,0x9CB1,0x8C50,0x8C50,0x8C30,0x8C2F,0x8C2F,0x840F,0x840F,
    0x840F,0x840F,0x8C70,0x94B2,0x94B1,0x9470,0x840F,0x83CE,0x7BCE,0x6B4C,0x6B0B,0x6B4C,
    0x6B2B,0x630B,0x630B,0x5ACA,0x62EB,0x62EB,0x7BAD,0x840F,0x6B4C,0x736D,0x738D,0x738D,
    0x7BAD,0x83EE,0x840F,0x83EE,0x840F,0x9491,0x9470,0x8C50,0x8C30,0x8C70,0x842F,0x840F,
    0x8C50,0x8C30,0xA4F2,0xA534,0xA4F2,0x9CD2,0xA533,0x94B1,0x9491,0x9CD2,0x9491,0x94B1,
    0x94B2,0x9471,0x8C70,0x840F,0x7BCE,0x83EE,0x840F,0x840F,0x83EF,0x8C2F,0x842F,0x83EF,
    0x8C30,0x9491,0x9CF2,0xAD95,0xAD54,0x9CD2,0x9CD2,0x94B1,0x8C30,0x8C50,0x8C70,0x842F,
    0x83EE,0x7BCE,0x840F,0x840F,0x8C30,0x8C30,0x7BAD,0x7BCE,0x8C50,0x9491,0x94B1,0x840F,
    0x7BCE,0x7BCE,0x7BCE,0x83EE,0x840F,0x8C50,0x9CB2,0x9CD2,0x9CD2,0x9CB2,0xA513,0xA4F2,
    0x9CD2,0xA4F2,0xA513,0xA4F2,0x9CD2,0xA533,0xA4F2,0x9CB2,0xA4F2,0xA513,0x9CD2,0xA513,
    0xA513,0xA513,0xA513,0x9491,0x9491,0x9CD2,0x9CB1,0xA4F2,0xAD74,0x9CB1,0x94B1,0x94B1,
    0xA513,0xAD34,0xAD74,0xA4F2,0x9470,0x9450,0x9CD2,0x9491,0x9470,0xAD33,0xBDB6,0xB575,
    0xAD54,0xAD34,0xAD54,0xA513,0x9CD2,0x9CB1,0x9CB1,0xA513,0xA4F2,0x9CB2,0x9CB1,0x9CD2,
    0x9CB1,0x9CD2,0x9CB2,0x9CD2,0xA513,0x9CD2,0x9CD2,0x9CD2,0xA513,0xAD74,0xB595,0xB5B5,
    0xAD54,0xAD54,0xB575,0xAD74,0xAD54,0xB595,0xAD54,0xA513,0xA4F2,0xA533,0xAD74,0xAD54,
    0xAD54,0xAD54,0xAD74,0xAD74,0xB595,0xB595,0xBDB6,0xC5F7,0xBDF6,0xCE58,0xC638,0xCE79,
    0xD6B9,0xDEDA,0xDEDA,0xD6B9,0xD699,0xCE79,0xCE79,0xCE58,0xC637,0xCE58,0xCE58,0xC5F7,
    0xBDD6,0xC638,0xCE58,0xBDD6,0xBDD6,0xC5F7,0xB5B5,0xC617,0xC5F7,0xBDD6,0xC5F7,0xBDF6,
    0xB5B5,0xBDF6,0xC638,0xC617,0xCE58,0xC617,0xCE79,0xBDD6,0xBDD6,0xB595,0xB595,0xC637,
    0xC5F7,0xBDD6,0xB595,0xAD74,0xB595,0xAD54,0xAD54,0xB595,0xB595,0xAD34,0xAD33,0xAD54,
    0xB575,0xAD75,0xAD74,0xAD54,0xB595,0xB595,0xA534,0xA4F2,0x9CB1,0x9491,0x94B1,0xA4F2,
    0xA534,0xB595,0x9CD2,0x94B1,0x9CB1,0x9CB2,0x9CB2,0x9CD2,0x9491,0x8C70,0x9CD2,0x9CD2,
    0x9491,0x9CB2,0xA513,0x9CF2,0xA513,0x9CD2,0x9CD2,0x9CD2,0xA513,0xB5B5,0xB5B5,0xA513,
    0xAD74,0xC617,0xB595,0xAD54,0xB575,0xAD34,0xB595,0xAD34,0xA533,0xAD74,0xB595,0xA513,
    0xA513,0xA4F2,0xA4F2,0x9CD2,0x9CD2,0xA4F2,0xA513,0xA513,0xA513,0xB574,0xAD54,0xAD54,
    0xAD54,0xAD54,0xBDB6,0xB595,0xA513,0xA533,0xAD74,0xA4F2,0xB575,0xBDD6,0xBDF7,0xCE78,
    0xE73C,0xD699,0xD6BA,0xBDD6,0xBDD6,0xCE58,0xBDB6,0xB5B5,0xAD54,0xAD34,0xB575,0xB595,
    0xB595,0xAD34,0x9CD2,0x9CD2,0xAD34,0x9CD2,0xAD54,0xAD33,0xA4F2,0xA513,0xAD34,0xA513,
    0xA533,0xA533,0xAD33,0xAD34,0xB595,0xBDD6,0xC617,0xC617,0xB595,0xBDD6,0xB595,0xAD54,
    0xAD34,0xAD54,0xA513,0x9CD2,0xA513,0xA513,0x9CD2,0xA4F2,0x9CD2,0x9CD2,0x9CB2,0x9CB2,
    0x9CD2,0x9CD2,0x9CB1,0x9CD2,0x9CB2,0x9CB2,0xA513,0x9CD2,0xA533,0xAD54,0xAD74,0xAD74,
    0xAD54,0xB595,0xAD54,0xAD54,0xAD54,0xAD54,0xAD54,0xAD74,0xAD34,0xA513,0xA4F2,0xA4F2,
    0x9CD2,0x9CD2,0x9CB1,0x9CD2,0x9CD2,0x9CD2,0xA4F2,0xA513,0x9CB2,0x9CD2,0xA4F2,0xA4F2,
    0xA513,0xAD54,0xBDD6,0xCE58,0xAD54,0xAD34,0xAD33,0xB595,0xB595,0xA513,0x9CD2,0x9CB2,
    0x9470,0x9CB1,0xA4F2,0x9CD2,0x9CD2,0xA4F2,0x9CB1,0xA4F3,0x9CD2,0x9CB1,0x9491,0xA513,
    0x94B1,0x9491,0xA4D2,0x94B1,0x9CD2,0xAD34,0x9491,0x9491,0x9491,0x9CB2,0x94B1,0xA513,
    0x9CD2,0x9CD2,0xA533,0xB575,0xCE58,0xC617,0xB595,0xAD34,0x9CD2,0xA4F3,0x9CD2,0x9CB2,
    0x9491,0x9491,0x9470,0x8C2F,0x842F,0x9470,0x9491,0x9CB1,0x9491,0x8C30,0x9470,0x736C,
    0x5ACA,0x6B4C,0x736D,0x6B2B,0x6B4C,0x6B4C,0x6B2B,0x6B4C,0x736D,0x736D,0x6B4C,0x736C,
    0x7BAD,0x6B4C,0x6B2B,0x6B2B,0x734C,0x736C,0x7BAD,0x736C,0x736C,0x736C,0x7BAD,0x7BAD,
    0x7BAD,0x736C,0x736C,0x7BAD,0x7BCE,0x7BAD,0x6B4C,0x734C,0x6B2C,0x5AEB,0x62EB,0x5ACA,
    0x5AEA,0x62EB,0x630B,0x632B,0x6B4C,0x6B4C,0x738D,0x6B6C,0x6B6D,0x738D,0x83EF,0x8C50,
    0x8C70,0x94B1,0x9CF2,0xA4F3,0xA4F3,0x9CD2,0x9CD2,0x9CB2,0x94B1,0xA4F2,0xAD34,0xA513,
    0xA4F2,0x94B1,0x8C70,0x8C70,0x8C2F,0x8C50,0x8C30,0x840F,0x8C50,0x8C70,0x840F,0x9471,
    0x94B1,0x842F,0x738D,0x6B4C,0x6B4C,0x736C,0x7BAD,0x738D,0x738D,0x7BCE,0x7BAD,0x630B,
    0x5ACA,0x62EA,0x9491,0x9491,0x6B2C,0x6B4C,0x736C,0x6B2B,0x6B4C,0x83CE,0x738D,0x6B4C,
    0x6B4C,0x7BCE,0x840F,0x842F,0x9491,0xA534,0x94B1,0xAD54,0xA513,0x8C50,0x8C2F,0x94B1,
    0xA513,0x9CF2,0x9CD2,0x9491,0x9CD2,0xA534,0x9CD2,0x9491,0x9471,0x8C30,0x8C50,0x8C50,
    0x7BCE,0x7BAD,0x7BCE,0x7BCE,0x7BCE,0x840F,0x840F,0x842F,0x840F,0x8C70,0x9491,0x9CF2,
    0x9CD2,0x8C70,0x8C50,0x8C50,0x8C70,0x840F,0x840F,0x83EF,0x83EE,0x840F,0x8C30,0x8C50,
    0x9470,0x8C30,0x840F,0x840F,0x9470,0x8C50,0x83EF,0x7BCE,0x840F,0x840F,0x7BAD,0x840F,
    0x8C50,0x94B1,0x9CF2,0xA4F2,0x94B1,0x9470,0x9CD2,0xA4F2,0xA513,0x9CD2,0xA513,0x9CD2,
    0x9CD2,0xAD34,0xA513,0x9CB1,0x9CB2,0x9CD2,0x9CD2,0x9CD2,0xA513,0xAD74,0xAD54,0x9CD2,
    0x9CB2,0x9CD2,0x9CB2,0x9CB1,0x9CB2,0x9470,0x840F,0x8C50,0x8C30,0x9491,0xAD54,0xAD33,
    0xA4F2,0x9CD2,0x9491,0x9491,0xAD34,0xA513,0xAD54,0xA533,0xA533,0xAD54,0xA513,0xA4F2,
    0x9CB1,0x94B1,0x9CD2,0xA4F3,0x9CD2,0x9CB2,0x9CB1,0x9CB1,0xA4F2,0xA4F2,0xA4F2,0x9CB2,
    0x9CD2,0xA4F2,0x9CD2,0xA4F2,0xA513,0xAD33,0xAD54,0xB595,0xAD34,0xB575,0xB575,0xBDB6,
    0xBDD6,0xB575,0xB575,0xA533,0xA4F3,0xA4F3,0xA513,0xA513,0xA534,0xAD74,0xB575,0xB595,
    0xB595,0xAD54,0xBDB6,0xC637,0xCE79,0xCE79,0xC637,0xCE58,0xD6BA,0xBDF7,0xBDF7,0xC638,
    0xC638,0xCE58,0xCE38,0xD6BA,0xC617,0xC637,0xD699,0xC638,0xC617,0xBDF7,0xCE58,0xC617,
    0xBDB6,0xBDF7,0xBDF7,0xBDD6,0xC5F7,0xC658,0xCE58,0xC617,0xBDD6,0xB5B5,0xBDD6,0xC638,
    0xC617,0xBDF7,0xCE58,0xC617,0xBDF7,0xBDD6,0xBDF7,0xBDD6,0xBDD6,0xBDD6,0xB575,0xB595,
    0xB595,0xB595,0xB595,0xBDD6,0xB5B5,0xB595,0xAD74,0xB575,0xAD74,0xAD34,0xAD54,0xAD33,
    0xA513,0xAD54,0xAD54,0xA513,0xA533,0xA513,0xA4F2,0x9CB1,0xA4F3,0xAD34,0x9CD2,0xA513,
    0x9CD2,0x94B1,0xA4F2,0x9CD2,0x9470,0x9470,0x94B1,0x9CD2,0xA4F3,0x9CD2,0x9CD2,0x9CB2,
    0xA513,0xA513,0xA533,0xA533,0xA534,0xAD54,0xAD54,0xAD54,0xB5B6,0xCE79,0xBDD6,0xB595,
    0xB595,0xB575,0xB595,0x9CD2,0x9CB2,0x9CD2,0x9CB1,0x9CB2,0xA4F2,0x9CD2,0xA533,0xA4F3,
    0xA4F2,0xAD34,0xAD54,0xAD34,0xBDD6,0xC637,0xAD74,0xAD54,0xB5B5,0xCE58,0xCE58,0xB575,
    0xAD34,0xAD54,0xAD34,0xAD54,0xAD74,0xB5B5,0xC638,0xCE58,0xCE58,0xC5F7,0xBDD6,0xBDD6,
    0xBDD6,0xBDF6,0xBDF6,0xC617,0xBDD6,0xB5B5,0xBDB6,0xBDB6,0xBDB6,0xB595,0xAD54,0xAD54,
    0xA513,0xA533,0xA513,0xA533,0xA4F2,0xA513,0xAD74,0xAD74,0xAD34,0xB595,0xAD74,0xAD54,
    0xB595,0xB5B5,0xC617,0xCE58,0xDEDA,0xD699,0xC617,0xAD54,0xAD74,0xA533,0xA513,0x9CD2,
    0xA533,0xAD34,0x9CD2,0xA513,0xA513,0xA4F2,0xA513,0x9CD2,0x9CB2,0x9CD2,0x9CB2,0x9CD2,
    0xA513,0xA4F2,0x9CD2,0x9CD2,0x9CD2,0xAD34,0xB595,0xB5B5,0xAD74,0xB595,0xAD54,0xAD54,
    0xA533,0xA513,0xA513,0xA513,0xA4D2,0xA4F2,0xA4D2,0xA4F3,0xA4F3,0x9CB1,0x9CB1,0x9CD2,
    0x9CB2,0x9CD2,0x9CD2,0xA4D2,0xA513,0xA513,0x9CB2,0x9CD2,0xA513,0xAD54,0xB595,0xB595,
    0xB595,0xA533,0xA4F3,0xA513,0xA513,0xA4F2,0xA4F3,0x9CD2,0x94B1,0x9CD2,0xA4F2,0xA4F2,
    0x9CD2,0x9CB1,0xAD34,0xA513,0xA513,0x9CD2,0x9491,0x9CD2,0xA4F2,0xA4D2,0x9CD2,0x9CB1,
    0xA4F3,0xA513,0x9CB2,0x9CB2,0x9CD2,0x9CD2,0x9CD2,0x9CD2,0x94B1,0x9470,0x9491,0x9CD2,
    0xA4F2,0xA4F3,0x9CD2,0x9CD2,0x9CD2,0x94B1,0x9CD2,0xB575,0xAD74,0x9CB1,0x9470,0x840F,
    0x840F,0x9470,0x8C50,0x8C30,0x9CB2,0x9CD2,0x9470,0x7BCE,0x738D,0x6B2C,0x6B2B,0x6B6C,
    0x6B4C,0x6B4C,0x6B2B,0x6B2C,0x6B4C,0x736C,0x6B4C,0x736C,0x738D,0x6B2B,0x6B2B,0x6B2B,
    0x6B4C,0x7B8D,0x7B8D,0x738D,0x736C,0x6B4C,0x736C,0x736C,0x738D,0x6B4C,0x6B4B,0x734C,
    0x736C,0x736D,0x7BAD,0x736D,0x6B2C,0x630B,0x630B,0x5AEB,0x632C,0x6B6D,0x738D,0x6B2C,
    0x6B4C,0x6B6C,0x738D,0x7BCE,0x7BCE,0x83CE,0x9491,0xA4F2,0x9CB2,0x9CB2,0x9CD2,0x9CD2,
    0x9CB2,0x9CD2,0x9CD2,0xA4F2,0x9471,0x9471,0xA513,0xA533,0x9CF2,0x9CD2,0x9470,0x842F,
    0x840F,0x83CE,0x83CE,0x840F,0x8C50,0x8C2F,0x7BAD,0x7BCE,0x840F,0x738D,0x6B4C,0x6B0B,
    0x630B,0x736C,0x7BCE,0x7BCE,0x7BCE,0x7BCE,0x7BAE,0x630B,0x62EA,0x630B,0x6B2B,0x738D,
    0x73AD,0x840F,0x840F,0x736D,0x8C30,0x738D,0x736C,0x738D,0x6B2B,0x62EB,0x6B0B,0x6B4C,
    0x738D,0x73AD,0x7BCE,0x9491,0xA513,0x9CB2,0x9CD2,0x9CB1,0x9CB2,0x9491,0x9CD2,0x9491,
    0x94B1,0xA513,0xA4F3,0x9CD2,0x9CB2,0x9491,0x8C50,0x840F,0x842F,0x83EF,0x842F,0x840F,
    0x840F,0x8C50,0x8C30,0x8C50,0x8C50,0x8C30,0x8C30,0x840F,0x840F,0x8C30,0x840F,0x8C50,
    0x9470,0x8C30,0x8C30,0x8C50,0x9491,0x8C50,0x840F,0x9470,0x9491,0x9471,0x8C50,0x94B1,
    0x8C50,0x83EE,0x83EF,0x7BCE,0x840F,0x840F,0x840F,0x8C30,0x9470,0x9CD2,0x9CD2,0x94B1,
    0x9CB2,0x9470,0x9CF2,0xA533,0xA533,0x9CD2,0xA4F2,0x9CD2,0xA513,0xAD54,0xAD34,0xA4F2,
    0xAD33,0xA513,0x9CD2,0xA533,0xAD54,0xA533,0xA4F2,0x9CB2,0x9CD2,0xA513,0xA513,0x9470,
    0x8C2F,0x842F,0x8C2F,0x8C2F,0x8C30,0x9491,0xA4D2,0xA4F2,0x9CB2,0x9CB2,0x9CB1,0x9CD2,
    0xA513,0xA4F2,0x9CD2,0xA4F2,0xAD54,0xAD54,0x9CD2,0xA4F2,0x9CD2,0x9CD2,0xA513,0xA4F2,
    0x9CD2,0xA513,0x9CB1,0xA4F2,0xAD34,0xAD54,0xBDD6,0xB575,0x9CD2,0x9CD2,0xA513,0xAD33,
    0xAD33,0xAD33,0xAD54,0xB575,0xAD54,0xB595,0xAD54,0xB595,0xBDF7,0xBDD6,0xB595,0xAD74,
    0xAD74,0xAD34,0xA4F3,0xA513,0xA513,0xA513,0xAD34,0xB595,0xBDD6,0xBDD6,0xC5F7,0xC637,
    0xCE78,0xC638,0xBDD6,0xC5F7,0xC638,0xC617,0xBDD6,0xC638,0xD699,0xC617,0xC617,0xCE58,
    0xB575,0xB595,0xCE79,0xD699,0xC638,0xC617,0xBDF6,0xBDF7,0xBDF7,0xBDD6,0xC638,0xCE99,
    0xCE38,0xD699,0xCE79,0xC638,0xC638,0xBDF7,0xBDD6,0xC617,0xC638,0xC617,0xBDF7,0xC617,
    0xBDD6,0xC617,0xCE58,0xC5F7,0xB595,0xB575,0xB575,0xB595,0xB5B5,0xBDD6,0xC617,0xBDB6,
    0xBDD6,0xBDD6,0xBDD6,0xBDD6,0xC617,0xB595,0xAD54,0xAD54,0xA513,0xAD54,0xA533,0xAD34,
    0xA533,0xA533,0xAD34,0xA533,0xAD33,0x9CF2,0xA513,0xA513,0x9CD2,0xA4F3,0x9CB2,0x9CB1,
    0x9CB2,0x9CD2,0x9CD2,0x9CD2,0x9CB2,0x94B1,0x9CB2,0x9CD2,0x9CF2,0xA513,0x9CD2,0x9CB2,
    0x9CD2,0x9CD2,0xA4F3,0xA533,0xAD54,0xB595,0xB595,0xBDD6,0xBDD6,0xB575,0xA4F2,0x9CB2,
    0x9CB1,0xA4F2,0x9CD2,0x9CD2,0xA513,0xA533,0xAD54,0xA513,0xA4F2,0xA513,0xA533,0xAD34,
    0xB595,0xB595,0xB595,0xBDB5,0xCE58,0xCE58,0xBDF7,0xB595,0xB595,0xAD54,0xB575,0xA513,
    0xAD34,0xAD54,0xBDD6,0xC617,0xC617,0xAD54,0xAD54,0xBDD6,0xBDD6,0xBDB6,0xC617,0xCE79,
    0xBDD6,0xC5F7,0xC617,0xD6BA,0xC638,0xBDF7,0xBDD6,0xAD33,0xA513,0xAD34,0xA533,0xAD54,
    0xAD54,0xAD34,0xA4F3,0xAD54,0xB595,0xBDD6,0xAD54,0xAD34,0xB575,0xBDD6,0xC617,0xCE58,
    0xDEFB,0xCE58,0xBDF6,0xB595,0xAD34,0xA533,0xA4F2,0x9CF2,0xAD54,0xA513,0xA513,0xA533,
    0xAD33,0xA4F3,0xA513,0xAD33,0xA533,0xA4F2,0xA513,0xA4F2,0x9CD2,0xA4F2,0xA4F2,0xA4F2,
    0xA4F2,0xA533,0xAD54,0xB5B6,0xB575,0xAD34,0xA533,0xAD54,0xA513,0xA533,0xA513,0x9CD2,
    0x9CD2,0xA513,0xA4F2,0x9CB1,0x9491,0x94B1,0x9491,0x9CD2,0x9CB2,0x9CB2,0x9CD2,0xA513,
    0xA513,0xAD34,0xA513,0x9CD2,0xA4F2,0xAD54,0xC637,0xBDD6,0xAD54,0xA533,0xA533,0x9CD2,
    0x9CD2,0xA513,0xAD34,0x9CF2,0x9CD2,0x9CD2,0xA4F3,0xAD34,0xAD34,0xA513,0xA4F3,0x9CF2,
    0x9CB2,0x94B1,0xA4F2,0x9CB2,0xA4F2,0xA513,0xA4F3,0x9CD2,0xA4F2,0xA513,0xAD74,0xA513,
    0xAD54,0xB5B5,0x9CD2,0x9491,0x9470,0xA513,0x9CD2,0x9491,0x9CB1,0x9CD2,0xA4F2,0xA513,
    0x9CB2,0x94B1,0x9CB1,0xA513,0xA4F2,0x9470,0x8C2F,0x83EF,0x840F,0x9491,0xA513,0x9470,
    0x9491,0x9471,0x7BAD,0x8C50,0x8C50,0x6B4C,0x62EA,0x6B2B,0x6B2B,0x630B,0x6B0B,0x6B0B,
    0x6B2B,0x6B4C,0x6B4C,0x6B2C,0x734C,0x6B2B,0x630B,0x6B0B,0x6B2B,0x736D,0x734C,0x736C,
    0x6B2B,0x6B0B,0x6B4C,0x736C,0x738D,0x6B2B,0x6B2B,0x6B4C,0x6B4C,0x6B4C,0x738D,0x738D,
    0x736D,0x6B4C,0x630B,0x630B,0x6B4C,0x842F,0x9471,0x83EF,0x7BCE,0x83EF,0x8C50,0x9491,
    0x8C50,0x9491,0xAD34,0xB5B5,0x9CD2,0xA513,0x9CB2,0x9CD2,0xA513,0xA513,0xA513,0x94B1,
    0x9CD2,0x9CD2,0x8C70,0x840F,0x7BCE,0x738D,0x736D,0x736C,0x736C,0x6B2B,0x6B2B,0x736C,
    0x842F,0x94B1,0x842F,0x9CD2,0x840F,0x6B2B,0x6B2B,0x6B2C,0x6B0B,0x62EA,0x62EA,0x62EA,
    0x630B,0x62CA,0x5ACA,0x630B,0x62EA,0x62CA,0x5AA9,0x6B0B,0x7BCE,0x9CD2,0x8C70,0x738D,
    0x736C,0x6B4C,0x6B2B,0x6B2B,0x6B2B,0x6B2B,0x6B2C,0x6B2C,0x6B6C,0x738D,0x73AD,0x7BAD,
    0x9491,0xAD54,0x94B1,0xAD54,0xAD54,0x94B1,0x9CB2,0x94B1,0x8C70,0xA4F3,0xA513,0x94B2,
    0x94B2,0x94B1,0x8C50,0x83EE,0x83EF,0x840F,0x8C2F,0x8C2F,0x9470,0x8C70,0x842F,0x83EF,
    0x8C30,0x842F,0x842F,0x842F,0x8C30,0x9470,0x9470,0x8C2F,0x8C50,0x8C70,0x8C70,0x9CB2,
    0x9491,0x8C50,0x9491,0x9491,0x8C50,0x9470,0x8C70,0x8C30,0x840F,0x8C2F,0x840F,0x7BCE,
    0x7BCE,0x83EF,0x9470,0x94B1,0x9CF2,0xA513,0x9CB1,0x9491,0x94B1,0x9CD2,0xAD54,0x8C70,
    0x9471,0xA513,0x94B1,0x9CD2,0xA4F3,0xA4F2,0xB595,0x9CB1,0x94B1,0xAD54,0xA513,0xA513,
    0xA4F3,0xB5B5,0xB5B5,0xAD54,0x9CD2,0x9CB2,0x9491,0x8C30,0x840F,0x83EF,0x83EE,0x83EE,
    0x8C2F,0x9491,0x9CD2,0xA513,0x9491,0x9471,0x9CD2,0x9491,0x9491,0xAD54,0xAD34,0xAD34,
    0xB595,0xA533,0xA513,0xA513,0x9CD2,0x94B1,0x9CD2,0xAD54,0xA4D2,0xA513,0x9CD2,0x9CD2,
    0x9CD2,0x9CD2,0xA513,0xA533,0xAD34,0x9CD2,0x9CD2,0xA513,0xA4F3,0xA513,0xAD74,0xAD54,
    0xA533,0xAD54,0xB575,0xB595,0xB575,0xAD54,0xAD54,0xA513,0xA533,0xA533,0xA533,0xA533,
    0xAD34,0xAD34,0xB575,0xBDF7,0xC638,0xC637,0xBDF7,0xBDF7,0xCE58,0xCE58,0xB595,0xBDD6,
    0xBDF7,0xBDF7,0xC617,0xC638,0xCE79,0xBDF7,0xC617,0xC638,0xB595,0xB575,0xC5F7,0xCE78,
    0xCE58,0xCE58,0xBDD6,0xBDB6,0xBDF7,0xB5B5,0xCE79,0xDEFB,0xF79D,0xE73C,0xDF1B,0xD699,
    0xD699,0xCE58,0xB595,0xB5B5,0xB5B5,0xBDD6,0xBDD6,0xB595,0xB5B5,0xB595,0xB5B5,0xBDD6,
    0xBDD6,0xBDF7,0xBDD6,0xB595,0xC617,0xD699,0xCE79,0xBDF7,0xBDF6,0xC5F7,0xC617,0xC617,
    0xBDF7,0xB595,0xAD54,0xAD54,0xAD74,0xB575,0xAD34,0xAD34,0xAD54,0xAD54,0xAD74,0xAD34,
    0xA533,0x9CD2,0x9CD2,0xA4F2,0x9CD2,0xA513,0x9491,0x9491,0x9CD2,0x9CD2,0x9CD2,0x9CD2,
    0x9CD2,0x9CD2,0x9CD2,0x9CD2,0x9CD2,0x9CB1,0x9CB2,0x9CF2,0x9CB2,0x9491,0x94B1,0xA4F2,
    0xA513,0xA513,0xB595,0xAD54,0xAD54,0xA533,0xA513,0xA513,0xA4F3,0x9CD2,0xA534,0x9CD2,
    0xAD54,0xBDF7,0xAD74,0xAD34,0xA4F3,0xAD54,0xAD74,0xAD54,0xAD74,0xAD74,0xB595,0xAD74,
    0xAD54,0xB595,0xAD74,0xAD54,0xAD74,0xAD34,0xA513,0xA4F2,0xAD33,0xB575,0xB574,0xB575,
    0xAD74,0xAD74,0xB595,0xB575,0xBDD6,0xBDF6,0xC5F7,0xC638,0xC617,0xC617,0xBDD6,0xC617,
    0xBDD6,0xB5B5,0xB595,0xAD54,0xAD54,0xAD74,0xAD54,0xAD54,0xAD34,0xAD74,0xAD54,0xAD54,
    0xAD75,0xB5B5,0xAD34,0xAD74,0xB595,0xBDD6,0xB595,0xBDD6,0xBDD6,0xB5B5,0xAD75,0xAD54,
    0xB575,0xAD54,0xA4F3,0x9CD2,0xA4F2,0xA513,0xA4F2,0xA4F2,0xA4F3,0xA513,0xA513,0xAD54,
    0xB575,0xAD34,0xA533,0xA513,0xA513,0xA4F2,0x9CD2,0xA4F2,0xA513,0xAD54,0xAD54,0xAD34,
    0xAD34,0xAD54,0xAD33,0xB595,0xBDD6,0xAD54,0xAD34,0xA533,0xB595,0xA533,0xAD34,0xAD74,
    0x9CD2,0x9CD2,0x9CB1,0x9CB2,0x9CD2,0xA4F2,0xA4F2,0xAD54,0xA4F2,0x9CD2,0xA513,0xA533,
    0xAD54,0xAD54,0xB575,0xBDB5,0xA513,0xA533,0xAD54,0xAD54,0xAD33,0xA4F3,0xAD34,0x9CD2,
    0xA513,0xA533,0xA513,0xA4F2,0xAD34,0xAD34,0xA533,0xA513,0x9CB2,0x9491,0xA4F2,0xAD34,
    0xA513,0x9CD2,0xA4F3,0xA4F2,0x9CB2,0xAD74,0xAD74,0x9CD2,0xA4F2,0x9CD2,0x9491,0x9471,
    0x94B1,0xA4F2,0x9CD2,0x9470,0x9491,0x9CD2,0xA533,0xA513,0x94B1,0x9491,0x9CB1,0xA4F3,
    0x9CB2,0x9CD2,0x7BCE,0x6B6C,0x9471,0x840F,0x8C50,0x9470,0x840F,0x738D,0x5AAA,0x736D,
    0x738D,0x6B2C,0x62EA,0x630B,0x630B,0x630B,0x630B,0x630B,0x62EA,0x5ACA,0x6B0B,0x6B4C,
    0x6B4C,0x6B0B,0x62CA,0x62EA,0x6B2B,0x736C,0x6B4C,0x6B4C,0x734C,0x6B2B,0x734C,0x6B4C,
    0x734C,0x734C,0x6B4C,0x6B4C,0x6B4C,0x736C,0x736D,0x7BCE,0x7BAE,0x8C70,0x83EF,0x630B,
    0x6B4C,0x73AD,0x8C70,0x94B2,0x8C50,0x8C50,0x94B1,0xA533,0x9491,0x9491,0x9CD2,0x9CB2,
    0x94B1,0x94B2,0x94B1,0x9CD2,0x9CF2,0xA534,0xA513,0x9CD2,0x9491,0x7BAD,0x736D,0x6B2B,
    0x6B0B,0x6B0B,0x6B2C,0x6B4C,0x6B2C,0x6B4C,0x630B,0x6B0B,0x6B2B,0x736C,0x8C2F,0x8C50,
    0x738D,0x630B,0x62CA,0x62CA,0x62EA,0x630B,0x62EA,0x62EA,0x630B,0x630B,0x62EB,0x62EA,
    0x5ACA,0x62EB,0x6B2B,0x62EA,0x6B2B,0x738D,0x7BAD,0x7BAD,0x6B0B,0x6B2B,0x6B4C,0x6B4C,
    0x6B4C,0x6B2B,0x6B2C,0x6B4C,0x6B6C,0x736C,0x73AD,0x83EF,0x736D,0x736D,0x73AD,0x9491,
    0x94B1,0x9470,0x8C50,0x9491,0x9491,0x94B2,0x9470,0x9CD2,0x94B1,0x9491,0x9470,0x8C50,
    0x83EF,0x840F,0x840F,0x8C2F,0x9CD2,0x94B1,0x8C2F,0x83EF,0x840F,0x840F,0x840F,0x840F,
    0x842F,0x840F,0x9491,0x9CB2,0x9470,0x9CB2,0x9470,0x9491,0x9470,0x8C50,0x8C50,0x8C30,
    0x7BCE,0x840F,0x840F,0x7BAE,0x7BCE,0x83CE,0x7BCE,0x7BCE,0x83EE,0x8C30,0x9CD2,0xA513,
    0x94B1,0x9491,0x8C50,0x8C2F,0x9471,0xA533,0x9491,0xA513,0x9CD2,0xAD34,0x9CD2,0x94B1,
    0xA4F2,0x9491,0xA533,0xAD54,0x9CB1,0xAD34,0xA513,0x9CB1,0xA4F3,0xBDD6,0xDF1B,0xCE58,
    0xA4F2,0x9CB2,0x9491,0x9CB1,0x9470,0x8C2F,0x8C50,0x840F,0x9470,0x8C2F,0x83EF,0x94B1,
    0xA4F3,0xA4F2,0x9CD2,0x9CD2,0x9CD2,0xA513,0xB575,0xB595,0xAD33,0x9470,0x9CB1,0xAD34,
    0xAD54,0x9CD2,0xA513,0xA533,0xA533,0xA513,0xA533,0xA513,0xA4F2,0x9CD2,0x9CB1,0xA4F3,
    0xA513,0x9CD2,0x9CB1,0x9CD2,0xA513,0xA513,0xA533,0xA513,0xA533,0xAD54,0xA533,0xAD34,
    0xAD74,0xB575,0xB5B5,0xAD54,0xAD74,0xAD34,0xAD33,0xAD54,0xBDD6,0xC617,0xBDF7,0xB575,
    0xB595,0xBDD6,0xBDB6,0xBDD6,0xBDD6,0xBDB6,0xB5B5,0xB5B5,0xBDD6,0xC5F7,0xC637,0xC637,
    0xCE58,0xC5F7,0xBDD6,0xBDD6,0xB595,0xB575,0xBDD6,0xC638,0xCE58,0xC637,0xBDD6,0xB595,
    0xB595,0xC637,0xD6BA,0xDEDA,0xEF5C,0xE75C,0xDEFB,0xCE58,0xBDF7,0xBDF7,0xBDD6,0xB595,
    0xB595,0xB595,0xB595,0xBDB5,0xBDD6,0xB595,0xB595,0xBDB6,0xC617,0xCE79,0xC637,0xC617,
    0xCE79,0xD6BA,0xDEDA,0xDEBA,0xC617,0xB595,0xBDD6,0xBDB6,0xB575,0xAD74,0xAD74,0xB595,
    0xA533,0xA4F2,0xA513,0xA533,0xAD54,0xAD74,0xB575,0xAD34,0xAD54,0xA533,0xAD54,0xA513,
    0xA4F3,0xA4F2,0x9CD2,0x94B1,0x9CB2,0x9CF2,0xA4F2,0x9CD2,0x9CB2,0xA513,0xAD34,0x9CB2,
    0xA4F3,0x9CF2,0x9CB2,0x9CD2,0x9CD2,0x9CD2,0x9CB2,0x9491,0xA513,0xAD54,0xA533,0xAD34,
    0xAD54,0x9CF2,0x9CD2,0x9CD2,0x9CD2,0x9CD2,0x9CB2,0x9CF3,0x9CF3,0xBDD6,0xB595,0xA513,
    0x9CF2,0xA513,0xB575,0xAD33,0xAD34,0xAD54,0xB575,0xAD34,0xAD54,0xB595,0xB595,0xAD54,
    0xA533,0xA533,0xAD54,0xA4F2,0xAD54,0xBDD6,0xB575,0xB575,0xB595,0xBDD6,0xC5F7,0xBDB6,
    0xB595,0xB5B5,0xC638,0xCE79,0xCE58,0xBDF7,0xBDD6,0xB595,0xB5B5,0xBDD6,0xB575,0xB575,
    0xAD54,0xA513,0xA513,0xAD34,0xAD34,0xAD74,0xA534,0xAD34,0xAD34,0xAD33,0xB575,0xB595,
    0xAD54,0xB575,0xAD74,0xAD74,0xB575,0xAD34,0xAD74,0xAD34,0xAD34,0xA513,0xA4F3,0xA513,
    0xA4F3,0xA4F2,0xA513,0xA4F2,0x9CB2,0x9CB2,0xA4F2,0xA533,0xAD54,0xB575,0xB575,0xAD54,
    0xAD33,0xAD54,0xB595,0xAD74,0xAD34,0xA513,0xA513,0xA533,0xA513,0xA513,0xAD34,0xAD34,
    0xAD54,0xAD34,0xA513,0xA513,0xAD54,0xA4F3,0xA513,0xAD54,0xA533,0xA513,0x9CD2,0x9CB1,
    0x9CD2,0xAD33,0xA533,0xA513,0xB595,0xBDD6,0xAD54,0xA513,0xA533,0xA533,0x9CD2,0xAD54,
    0xAD34,0xA513,0xA4F3,0xA513,0xAD34,0xAD34,0xA533,0xA4F3,0xAD34,0xB595,0xAD54,0xAD34,
    0xAD54,0xAD54,0xAD34,0xA513,0xA513,0xA513,0xAD34,0xAD34,0x9CD2,0x9CD2,0xA4F2,0xA4F2,
    0x9CB1,0x9CB2,0x9CB2,0x94B1,0x9CD2,0xA533,0x9CD2,0x9491,0x9CB1,0x94B1,0x9CB1,0x9491,
    0x9CB2,0xA4F3,0xB595,0xAD33,0x9CB1,0x9491,0x9491,0x9491,0x94B1,0x8C50,0x5ACA,0x6B4C,
    0x8C50,0x83EF,0x840F,0x736C,0x83EE,0x6B4C,0x5ACA,0x62EA,0x5ACA,0x62CA,0x630B,0x62EA,
    0x630B,0x62EB,0x62EA,0x62EA,0x5ACA,0x5A89,0x630B,0x736C,0x6B2B,0x62EA,0x62EA,0x62EA,
    0x6B0B,0x6B4C,0x6B4C,0x6B2B,0x6B0B,0x6B0B,0x6B2B,0x630B,0x6B4B,0x738D,0x6B4C,0x6B2B,
    0x6B2B,0x6B4C,0x738D,0x7BAD,0x7BCE,0x8C2F,0x83EF,0x6B2C,0x736D,0x8C30,0x8C50,0x94B1,
    0x94B1,0x8C50,0x8C70,0x8C50,0x94B1,0x9491,0x94B1,0x9471,0x8C50,0x9491,0x94B1,0x8C70,
    0x8C70,0x9CB2,0x9CD2,0xA4F3,0x840F,0x6B2B,0x6B0B,0x630B,0x630B,0x630B,0x630B,0x6B2B,
    0x6B4C,0x6B2C,0x630B,0x62CA,0x62EA,0x62EA,0x6B4C,0x6B2B,0x5ACA,0x52A9,0x5289,0x52A9,
    0x5AAA,0x5ACA,0x5ACA,0x62CA,0x62EB,0x62EB,0x630B,0x62EA,0x5ACA,0x62EB,0x6B4C,0x6B4C,
    0x6B2B,0x6B4C,0x736C,0x6B4C,0x6B4C,0x6B2B,0x840F,0x9CD2,0x6B4C,0x6B4C,0x6B4C,0x6B4C,
    0x6B4C,0x6B4C,0x6B4C,0x736D,0x6B4C,0x6B2B,0x7BCE,0x8C30,0x9471,0x8C30,0x8C2F,0x9470,
    0x8C70,0x9491,0x9CB2,0x9CD2,0x9491,0x8C70,0x9491,0x9CB2,0x9471,0x840F,0x83EF,0x8C50,
    0x9491,0x94B1,0x94B1,0x840F,0x840F,0x842F,0x8C30,0x9470,0x8C50,0x8C30,0x9491,0x9CD2,
    0xB595,0x9CB2,0x9491,0x9470,0x8C50,0x8C50,0x7BCE,0x83CE,0x83EF,0x83EF,0x83EF,0x840F,
    0x842F,0x840F,0x7BCE,0x7BCE,0x83EF,0x8C50,0x94B1,0x9CB1,0x8C50,0x8C30,0x8C30,0x94B1,
    0x94B1,0x9CD2,0xAD74,0xB595,0xB595,0xAD54,0x9491,0x9CD2,0xA4F2,0x9CD2,0xA4F3,0x8C70,
    0xA533,0xB595,0x94B1,0x9CB2,0xAD54,0xB5B5,0xBDD6,0x9CD2,0xA4F2,0x9CD2,0x94B1,0x9CB2,
    0x94B1,0x9470,0x9491,0x8C50,0x9CB2,0x840F,0x7BCE,0x840F,0x94B1,0x9CB2,0x9CB2,0xA4F2,
    0xA513,0xA4F2,0xB575,0xB5B5,0xA513,0x9CD2,0xA513,0xAD54,0xB595,0xA513,0x9CB1,0x9CD2,
    0xA4F2,0xA513,0xAD33,0xB575,0xB595,0xA513,0x9CD2,0x9CD2,0x9CB1,0x9491,0x94B1,0x9CB1,
    0xA4F2,0xA513,0xA4F2,0xA513,0xB575,0xA513,0xA4D2,0xAD54,0xB595,0xB575,0xB5B5,0xB5B5,
    0xB595,0xAD54,0xAD54,0xB595,0xBDD6,0xB575,0xAD74,0xAD33,0xAD34,0xBDB6,0xAD74,0xB595,
    0xC5F7,0xC617,0xC617,0xAD74,0xBDB6,0xBDF7,0xCE58,0xC638,0xBDF7,0xBDF7,0xBDD6,0xBDD6,
    0xB575,0xBDD6,0xBDD6,0xBDD6,0xCE58,0xBDF7,0xC617,0xBDF7,0xC638,0xCE79,0xD699,0xCE79,
    0xD699,0xD699,0xC638,0xC5F7,0xBDB6,0xBDD6,0xBDF7,0xC617,0xBDD6,0xBDD6,0xB595,0xB5B5,
    0xBDB6,0xBDD6,0xBDD6,0xC617,0xC637,0xBDF7,0xC617,0xC617,0xC638,0xC617,0xC617,0xCE58,
    0xBDB5,0xAD74,0xB574,0xB574,0xB575,0xB595,0xB5B5,0xAD74,0xAD34,0xA513,0xAD34,0xAD34,
    0xAD33,0xAD54,0xAD54,0xB595,0xB575,0xAD54,0xAD75,0xAD34,0xA513,0xA533,0xA4F2,0x9CD2,
    0xA4F2,0x9CD2,0x9CD2,0xA4F2,0x9471,0xA513,0xBDD6,0x7BCE,0x9CD2,0xAD54,0x9CB1,0x9CD2,
    0x9CD2,0xA513,0xA513,0x9CD2,0xA513,0xB575,0xB595,0xAD54,0xA513,0x9CD2,0xA4F3,0x9CB2,
    0x94B1,0x94B1,0x94B1,0xA513,0x94B1,0x94B2,0x9CF2,0xA513,0x9CD2,0xA513,0xA513,0xAD34,
    0xAD34,0xAD74,0xB5B5,0xBDD6,0xC617,0xC617,0xBDF7,0xB5B5,0xAD54,0xAD34,0xAD54,0xAD34,
    0xB574,0xB595,0xB575,0xB595,0xBDB6,0xAD74,0xAD74,0xBDB6,0xB595,0xBDD6,0xCE58,0xCE79,
    0xC617,0xB595,0xB595,0xB575,0xB595,0xBDD6,0xB595,0xBDB5,0xBDD6,0xB575,0xAD34,0xAD54,
    0xAD74,0xB595,0xAD54,0xAD74,0xAD54,0xAD54,0xAD34,0xAD34,0xAD54,0xAD54,0xAD74,0xA533,
    0xBDB6,0xBDB6,0xAD54,0xAD54,0xAD54,0x9CF2,0xA513,0xAD74,0xAD54,0xAD33,0xAD54,0xAD74,
    0xAD54,0xAD34,0xB574,0xAD54,0xAD54,0xAD54,0xAD54,0xAD34,0xAD74,0xB595,0xAD34,0xAD54,
    0xAD54,0xA4F3,0xAD34,0xBDD6,0xAD54,0xA4F2,0xA4F2,0xAD34,0xAD34,0xAD34,0xAD33,0x9CF2,
    0xAD34,0xA533,0x9CD2,0xA4F2,0x9CD2,0x9CD2,0x9CB2,0x9CD2,0x9CD2,0xA513,0xAD54,0xA533,
    0xAD54,0xB595,0xAD74,0x9CD2,0x9CD2,0xA513,0xA533,0xAD54,0xA513,0xA4F2,0x9CB2,0x94B1,
    0xAD54,0xAD75,0xAD54,0xAD54,0xB574,0xB595,0xB595,0xB595,0xBDD6,0xB5B5,0xA533,0xAD34,
    0xB5B5,0xAD54,0xAD34,0xA513,0xA4F2,0xA513,0x9CB1,0x9CB2,0xA533,0x9CD2,0x9CB2,0xA4F2,
    0x9CD2,0xAD34,0x9CB2,0x9471,0x9491,0x9491,0xAD33,0x9CB2,0x9CB2,0xA533,0xA513,0x9CD2,
    0x9471,0x8C2F,0x8C50,0x8C2F,0x8C2F,0x7BCE,0x7BCE,0x8C2F,0x842F,0x8C2F,0x8C30,0x840F,
    0x83CE,0x6B4C,0x6B2B,0x630B,0x62EB,0x5AAA,0x5ACA,0x62EB,0x62CA,0x62CA,0x5ACA,0x62CA,
    0x5AA9,0x5ACA,0x5ACA,0x62EA,0x6B2B,0x630B,0x62EA,0x62CA,0x62CA,0x6B0B,0x6B4C,0x630B,
    0x62CA,0x62CA,0x62CA,0x62EA,0x6B4B,0x736C,0x736C,0x6B0B,0x6B4C,0x736C,0x6B2C,0x736C,
    0x736D,0x7BCE,0x736D,0x630B,0x630B,0x632C,0x6B6D,0x840F,0x842F,0x8C30,0x8C50,0x9471,
    0x9491,0x9471,0x94B1,0x9491,0x9470,0x8C50,0x94B1,0x9491,0x8C30,0x8C50,0x9CB2,0xA4F2,
    0x83EE,0x6B4C,0x630B,0x62CA,0x62EA,0x62EA,0x62EA,0x630B,0x6B4C,0x6B2B,0x6B0B,0x630B,
    0x5ACA,0x62EA,0x5ACA,0x5ACA,0x52A9,0x5289,0x4A69,0x5289,0x4A69,0x5269,0x52A9,0x62EA,
    0x62EA,0x62EA,0x62EB,0x630B,0x62EB,0x62EA,0x6B0B,0x6B4C,0x6B2B,0x6B0B,0x6B4C,0x6B4C,
    0x630B,0x630B,0x736D,0x83EE,0x6B2B,0x6B4C,0x6B4C,0x6B2B,0x6B4C,0x736C,0x6B4C,0x738D,
    0x736C,0x6B0B,0x7BCE,0x8C50,0x9CF2,0x8C50,0x840F,0x8C70,0x8C50,0xAD54,0xB595,0xA513,
    0x9CD2,0x94B1,0x9CD2,0x94B1,0x9471,0x9470,0x9491,0x8C70,0x9491,0x9CF2,0x9CB2,0x9491,
    0x9491,0x9CB2,0xAD34,0xAD34,0xA4F2,0x8C2F,0x94B2,0x9CD2,0xA534,0x9CD2,0x94B1,0x9470,
    0x8C70,0x8C50,0x83CE,0x83EE,0x83EF,0x7BCE,0x9470,0x9CD2,0x94B1,0x9470,0x83CE,0x840F,
    0x8C50,0x9471,0x9470,0x9470,0x840F,0x840F,0x9470,0x9470,0x9470,0x9CB2,0xA4F2,0x9491,
    0x9470,0x9470,0x9CB2,0x9CB2,0x9491,0x9CB2,0xA513,0xA534,0xAD54,0x9CB2,0x9491,0xA513,
    0xAD54,0xB5B6,0xCE58,0xAD54,0x9491,0x9CB1,0x9CD2,0x8C50,0x840F,0x8C2F,0x9CD2,0x9CB2,
    0x840F,0x7BCE,0x7BCE,0x83CE,0x83CE,0x8C30,0x9491,0x9CD2,0xA513,0xB595,0xAD74,0xB575,
    0x9CD2,0xA4F2,0xA4F2,0xA4F2,0xAD54,0xA4F2,0xA513,0xA513,0xA513,0xB575,0xA533,0xAD54,
    0xAD34,0xA513,0x9CB2,0x9CD2,0x9CB2,0x9CB1,0x9CB1,0x9CB1,0xA513,0xAD54,0xA533,0xB575,
    0xAD33,0xA533,0xA4F2,0xA533,0xAD54,0xAD34,0xAD54,0xB5B5,0xBDB6,0xB595,0xB5B5,0xB595,
    0xB574,0xAD54,0xA533,0xA533,0xAD74,0xBDD6,0xB595,0xB5B5,0xBDB6,0xC617,0xBDD6,0xAD74,
    0xB595,0xC617,0xC617,0xC637,0xBDD6,0xBDD6,0xC617,0xC637,0xBDD6,0xB595,0xB595,0xCE58,
    0xC638,0xBDF7,0xCE58,0xC638,0xCE58,0xBDD6,0xC617,0xC617,0xC617,0xC5F7,0xB595,0xC617,
    0xC617,0xC617,0xC617,0xBDF7,0xBDD6,0xB575,0xB575,0xBDD6,0xC617,0xC638,0xC617,0xC617,
    0xC638,0xC617,0xC617,0xCE58,0xCE58,0xC637,0xC5F7,0xBDD6,0xB595,0xB595,0xBDD6,0xC617,
    0xBDD6,0xB595,0xB595,0xB5B6,0xB595,0xB575,0xAD74,0xAD74,0xAD34,0xAD54,0xB595,0xB575,
    0xAD74,0xAD74,0xB595,0xB595,0xAD34,0xAD54,0xA513,0xB595,0xAD34,0x9CD2,0xA513,0x9CD2,
    0x9491,0x738D,0x736D,0x6B4C,0x7BCE,0x94B1,0x9CD2,0x9CD2,0xA4F3,0xA513,0xAD54,0xAD74,
    0xAD74,0xA533,0xA513,0xA534,0xAD54,0xA513,0xAD54,0xA513,0xA513,0x9CF3,0x9CD2,0x8C71,
    0x9CD2,0xA513,0x94B2,0xA513,0xA513,0xA534,0xAD54,0xBDD6,0xBDD6,0xBDF7,0xBDB6,0xB595,
    0xBDD6,0xB595,0xB595,0xBDD6,0xBDB6,0xBDB6,0xB575,0xAD33,0xAD74,0xB595,0xB595,0xB5B5,
    0xB575,0xB595,0xB595,0xBDD6,0xC638,0xC617,0xC637,0xC637,0xDEFB,0xCE58,0xBDD6,0xB5B5,
    0xB595,0xAD74,0xAD54,0xAD54,0xAD74,0xB595,0xAD54,0xAD54,0xA513,0xB595,0xB575,0xB595,
    0xB575,0xAD74,0xA533,0xAD54,0xAD74,0xAD54,0xA513,0xA513,0xAD54,0xB595,0xAD74,0xB595,
    0xB5B5,0xA533,0xA4F3,0xA533,0xA513,0xA513,0xAD33,0xAD54,0xAD34,0xAD34,0xAD54,0xAD54,
    0xB595,0xB595,0xAD54,0xA513,0xA533,0xB595,0xAD33,0xAD34,0xAD74,0xA513,0xAD54,0xBDB6,
    0xAD54,0xA513,0xA4F3,0x9CD2,0xA533,0xB5B5,0xBDD6,0xAD54,0xAD75,0xAD74,0xA513,0xA513,
    0xA4D2,0xA513,0xB5B5,0xB5B5,0xB595,0xAD34,0xAD54,0xA513,0xA513,0xA533,0x9CD2,0x9491,
    0xA4F3,0xAD74,0xA513,0xAD54,0xAD54,0xA4F3,0xA4F3,0xA4F2,0xAD54,0xB575,0xAD74,0xB575,
    0xB5B5,0xC637,0xCE78,0xBDD6,0xBDD6,0xBDD6,0xB595,0xB595,0xAD74,0xAD34,0xA533,0xA513,
    0xA4F2,0x9CD2,0x9CD2,0xA513,0xAD54,0xA513,0x9CB2,0x9CD2,0xA513,0x9CD2,0x9491,0x9491,
    0x9470,0xA4F2,0xA533,0xAD34,0xB575,0xA4F3,0xA533,0xA4F2,0x94B1,0x8C2F,0x840F,0x840F,
    0x8C30,0x83EF,0x842F,0x840F,0x840F,0x840F,0x83EE,0x83EE,0x83EE,0x6B4C,0x5AAA,0x630B,
    0x5ACA,0x5ACA,0x5ACA,0x5ACA,0x62EA,0x5ACA,0x5AAA,0x5AA9,0x5A89,0x5AAA,0x5AA9,0x5ACA,
    0x630B,0x62EA,0x5ACA,0x5ACA,0x62CA,0x630A,0x6B0B,0x630B,0x62CA,0x62CA,0x62EA,0x62EA,
    0x630B,0x6B4C,0x736C,0x6B4C,0x630B,0x736D,0x632B,0x62EB,0x632C,0x630B,0x5ACA,0x5ACA,
    0x5ACA,0x5ACA,0x6B2C,0x7BEE,0x840F,0x840F,0x840F,0x9CD2,0x8C70,0x8C30,0x8C50,0x94B1,
    0x9CF2,0x9491,0x8C30,0x840F,0x8C2F,0x8C50,0x9CD2,0xA513,0x8C50,0x6B4C,0x630B,0x5ACA,
    0x5ACA,0x630B,0x62EB,0x62CA,0x6B2B,0x736C,0x6B2B,0x6B2B,0x62EB,0x62EB,0x62EA,0x5ACA,
    0x5AAA,0x52AA,0x4A69,0x5269,0x5289,0x4A69,0x52A9,0x5ACA,0x62CA,0x630B,0x630B,0x630B,
    0x6B2B,0x6B2B,0x630B,0x62EA,0x62EB,0x62EA,0x630B,0x6B2B,0x630B,0x62CA,0x6B2B,0x62EA,
    0x62EA,0x630B,0x6B2B,0x6B0B,0x630B,0x6B4C,0x736C,0x736D,0x736C,0x6B4C,0x736C,0x9470,
    0x9CF2,0x8C30,0x83CE,0x840F,0x9470,0xA4F3,0x9CD2,0x94B1,0x9CF2,0x9CD2,0x8C50,0x9471,
    0x94B1,0x9491,0x9491,0x8C50,0x842F,0x9470,0x9491,0x9491,0x9CD2,0xAD54,0xAD34,0xA4F2,
    0xA4F2,0x9CD2,0x9491,0x9CB2,0x9491,0x94B1,0x94B1,0x9491,0x8C70,0x842F,0x7BCE,0x840F,
    0x83EE,0x83EF,0x8C50,0x9CD2,0x9CB2,0x8C50,0x83CE,0x8C50,0x9CD2,0x9470,0x8C30,0x8C2F,
    0x8C2F,0x83CE,0x83EF,0x8C30,0x8C50,0x9491,0x8C70,0x8C2F,0x9491,0x9470,0x9CB2,0x9470,
    0x9470,0x9470,0x9491,0xA4F2,0x94B1,0x9CB1,0x94B1,0xAD74,0xBDB6,0xAD54,0xA513,0xA4F3,
    0x94B1,0x9491,0x9470,0x8C2F,0x840F,0x8C2F,0x9470,0x8C50,0x9491,0x8C2F,0x738D,0x7BAD,
    0x7BCE,0x9470,0x9491,0x94B1,0x9CD2,0xA533,0xA513,0xA4F2,0x9CB2,0x8C70,0x8C50,0x9CD2,
    0x9491,0x9CB2,0xA533,0xA4F3,0xAD34,0xAD54,0xAD34,0xA513,0xA513,0xA4F2,0x9CB2,0xA4F2,
    0xA513,0x9CD2,0xA4F2,0xA513,0xA533,0x9CD2,0xA513,0xAD54,0xAD75,0xA533,0xA513,0xAD54,
    0xAD54,0xA513,0xAD54,0xB595,0xB5B5,0xAD34,0xA513,0xA533,0xB575,0xBDD6,0xB575,0xAD54,
    0xB595,0xAD74,0xB595,0xB595,0xAD54,0xBDD6,0xBDB6,0xB575,0xAD54,0xB575,0xBDB5,0xC617,
    0xCE79,0xC617,0xC617,0xC637,0xBDD6,0xB575,0xBDB6,0xC5F7,0xB5B5,0xBDD6,0xC5F7,0xBDB6,
    0xBDD6,0xBDD6,0xBDB6,0xBDF7,0xBDF7,0xBDD6,0xBDF7,0xBDB5,0xBDD6,0xC637,0xBDF6,0xBDD6,
    0xBDD6,0xBDD6,0xBDD6,0xBDB6,0xBDD6,0xC617,0xCE79,0xBDD6,0xB595,0xBDF7,0xBDF7,0xCE58,
    0xC638,0xBDD6,0xBDD6,0xBDB6,0xB595,0xAD74,0xB595,0xBDD6,0xBDD6,0xBDD6,0xB595,0xBDD6,
    0xB575,0xAD74,0xAD75,0xB595,0xB595,0xC617,0xC617,0xB595,0xB5B5,0xB5B5,0xB5B6,0xB575,
    0xB5B5,0xB595,0xA513,0xAD34,0xAD74,0xAD54,0xAD34,0xAD54,0xAD34,0x9471,0x9471,0x8C50,
    0x94B1,0xA513,0xA4F3,0x9CD2,0xA513,0x9CD2,0x9CD2,0xA4F2,0xA4F3,0xA4F3,0xA513,0xA513,
    0xA4F3,0xA533,0xA514,0x9CD2,0xA513,0xA513,0x9CF3,0xA4F3,0x9CF3,0x9CF3,0xA513,0x9D13,
    0xA513,0xAD54,0xAD54,0xAD75,0xB5B5,0xAD54,0xAD54,0xAD74,0xAD54,0xAD34,0xAD74,0xB595,
    0xB575,0xAD74,0xAD75,0xB595,0xB575,0xBDD6,0xBDD6,0xB595,0xAD74,0xB595,0xBDD6,0xB595,
    0xC637,0xCE58,0xC617,0xC637,0xDEDA,0xD679,0xCE58,0xC638,0xBDD6,0xAD33,0xA513,0xA513,
    0xA4F3,0xA513,0xA513,0xA513,0xA533,0xAD54,0xAD54,0xA513,0xAD54,0xAD54,0xA513,0xA513,
    0xAD74,0xAD74,0xAD54,0xA533,0xAD54,0xB5B5,0xBDD6,0xB575,0xB595,0xAD74,0xAD34,0xAD54,
    0xB595,0xAD54,0xB595,0xAD54,0xA513,0xAD54,0xB575,0xBDD6,0xD6BA,0xC617,0xAD74,0xAD34,
    0xAD54,0xAD34,0xAD34,0xAD34,0xA513,0xA533,0xB575,0xB595,0xA513,0xA4F3,0xA4F3,0xA513,
    0xA4F3,0xB575,0xBDD6,0xBDB6,0xB595,0xAD54,0xB575,0xAD74,0xB575,0xBDB6,0xD699,0xDEDA,
    0xC617,0xB595,0xAD54,0xAD34,0x9CD2,0x9CD2,0x9CD2,0x9CD2,0x9CD2,0xA513,0xA513,0xAD54,
    0xAD74,0xAD54,0xAD34,0xB575,0xB595,0xB575,0xB595,0xBDD6,0xB595,0xC617,0xC638,0xBDD6,
    0xB5B5,0xB595,0xBDD6,0xBDD6,0xB595,0xA513,0xA4F3,0x9CB1,0x9CD2,0x9470,0x9491,0xA513,
    0xA513,0xBDB6,0xA513,0x9CD2,0x9CD2,0x9CD2,0x9491,0x9470,0x8C50,0x9CD2,0x9CD2,0xAD54,
    0xBDF6,0x9CD2,0xA533,0xAD34,0x94B1,0x8C70,0x840F,0x840F,0x840F,0x83EF,0x8C2F,0x8C2F,
    0x83CE,0x83EE,0x7BCE,0x83EE,0x7BAD,0x630B,0x5AEB,0x52A9,0x5ACA,0x5AAA,0x5ACA,0x5ACA,
    0x5ACA,0x738D,0x6B6D,0x5AA9,0x5AA9,0x5289,0x5289,0x5AA9,0x62EA,0x630B,0x5AA9,0x5AAA,
    0x62EA,0x62EA,0x62CA,0x630B,0x62EA,0x5AA9,0x5ACA,0x62CA,0x630B,0x6B2B,0x6B4C,0x736C,
    0x6B4C,0x630B,0x5ACA,0x52AA,0x52AA,0x5ACA,0x5ACA,0x52AA,0x52AA,0x630B,0x5AEB,0x630B,
    0x7BAE,0x840F,0x83EF,0x842F,0x840F,0x840F,0x8C30,0x8C2F,0x9470,0x9470,0x8C2F,0x840F,
    0x840F,0x8C2F,0x94B1,0x9CB2,0x9470,0x6B2C,0x6B2B,0x630B,0x5ACA,0x5AAA,0x5ACA,0x62CA,
    0x62EB,0x736C,0x734C,0x6B4C,0x630B,0x6B2C,0x630B,0x52AA,0x5289,0x5289,0x5269,0x5289,
    0x4A69,0x4A69,0x4A69,0x5289,0x5269,0x5AAA,0x62EB,0x630B,0x6B4C,0x6B2C,0x62EB,0x5ACA,
    0x62EA,0x62EA,0x630B,0x6B4C,0x6B4C,0x62EA,0x6B2B,0x6B2B,0x6B0B,0x62EA,0x6B0B,0x6B4C,
    0x630B,0x6B2B,0x6B4C,0x736C,0x736C,0x736C,0x736C,0x6B4C,0x840F,0xA533,0x9470,0x840F,
    0x9471,0x9491,0x94B1,0x8C70,0x9491,0x9CB2,0x94B1,0x9CD2,0x9471,0x8C70,0x8C2F,0x8C2F,
    0x8C50,0x9491,0x9CB2,0x9CB2,0x9CD2,0xB5B5,0xA533,0xA4F2,0xAD54,0xA4F2,0x8C50,0x8C50,
    0x9491,0x94B1,0x8C50,0x8C30,0x840F,0x83EE,0x7BCE,0x7BCE,0x7BCE,0x83EE,0x7BAD,0x7BAD,
    0x7BCE,0x83EF,0x83EE,0x9470,0x9CF2,0x8C30,0x840F,0x842F,0x8C50,0x8C2F,0x83CE,0x840F,
    0x840F,0x8C50,0x8C30,0x8C30,0x8C50,0x9470,0x9491,0x8C50,0x9470,0x9CB1,0x9CD2,0x9CB1,
    0x9CD2,0xA533,0xA513,0xB575,0xA513,0x9CB2,0x94B1,0x94B1,0x94B1,0x8C50,0x9CB1,0x94B1,
    0x9470,0x9491,0x9470,0x8C2F,0x9470,0x94B1,0x8C30,0x840F,0x9470,0x9491,0x9491,0x9CD2,
    0xA513,0xA513,0x9470,0x7BCE,0x7BCE,0x73AD,0x7BCE,0x8C50,0x9491,0x94B1,0xA513,0xA513,
    0xAD54,0xAD34,0xA513,0xAD34,0xAD54,0xA4F3,0x9CB2,0x9CB2,0xA533,0xA513,0xA513,0xA513,
    0xA513,0xA513,0xA4F3,0xA513,0xAD74,0xAD74,0xA513,0xA513,0xAD54,0xAD74,0xAD34,0xAD34,
    0xAD54,0xA533,0xA4F2,0xB575,0xAD54,0xAD33,0xB595,0xB5B5,0xB595,0xB5B5,0xAD74,0xB575,
    0xB595,0xBDD6,0xB5B5,0xAD75,0xAD54,0xAD74,0xBDD6,0xC617,0xCE58,0xBDB6,0xC617,0xC638,
    0xBDD6,0xAD54,0xBDF7,0xBDB5,0xAD75,0xBDF7,0xB595,0xAD75,0xB5B5,0xBDD6,0xBDD6,0xC637,
    0xC638,0xBDD6,0xC617,0xAD54,0xBDD6,0xC617,0xBDF7,0xB595,0xAD75,0xC617,0xC617,0xBDB6,
    0xBDF7,0xC638,0xCE79,0xC5F7,0xB5B5,0xBDD6,0xC617,0xBDF7,0xC638,0xC637,0xB5B5,0xB595,
    0xB595,0xAD54,0xAD54,0xB575,0xBDB5,0xC638,0xB595,0xAD54,0xAD54,0xAD34,0xAD34,0xA533,
    0xB595,0xBDD6,0xBDB6,0xB595,0xBDD6,0xC617,0xBDD6,0xB595,0xB575,0xAD75,0xA533,0xA534,
    0xAD74,0xAD54,0xB595,0xB5B6,0xA533,0x9CF2,0x9CD2,0x9CF2,0xA4F3,0xA513,0x9CF2,0x94B1,
    0x94B1,0x9CB2,0x94B1,0x94B2,0x9CB2,0x9CF2,0xA513,0x9CF2,0x9CD2,0xA534,0xAD55,0x9CD2,
    0x9CD2,0x9CD2,0x94B2,0x9CD2,0xA534,0xA534,0xA513,0x9D13,0xA534,0xAD75,0xAD75,0xB595,
    0xB595,0xB595,0xB595,0xAD74,0xAD74,0xB595,0xAD74,0xAD34,0xAD74,0xB575,0xAD54,0xB575,
    0xB595,0xB595,0xB595,0xBDB6,0xB595,0xB595,0xB595,0xBDF7,0xC617,0xC637,0xC617,0xCE78,
    0xC638,0xD699,0xCE78,0xC638,0xC637,0xBDD6,0xB5B5,0xAD74,0xAD34,0xAD34,0xAD54,0xAD34,
    0xAD54,0xAD54,0x9CB1,0xA513,0xAD34,0xAD34,0xA513,0xA513,0xA533,0xAD33,0xAD54,0xAD74,
    0xAD34,0xAD54,0xAD74,0xAD74,0xAD74,0xB595,0xAD74,0xB595,0xBDD6,0xB575,0xB595,0xAD54,
    0xAD34,0xB575,0xBDB6,0xBDD6,0xBDD6,0xB5B6,0xAD75,0xB595,0xB595,0xAD54,0xAD54,0xAD75,
    0xAD54,0xAD33,0xAD54,0xAD54,0xA513,0xA533,0xA513,0xA533,0xA534,0xA513,0xAD74,0xB595,
    0xB595,0xB575,0xAD74,0xAD54,0xAD54,0xAD74,0xB5B6,0xCE58,0xC617,0xB595,0xAD34,0xA513,
    0x9CD2,0x9CD2,0x9CD2,0x9CF2,0xA4F2,0xAD54,0xA533,0xAD74,0xBDF7,0xBDD6,0xB595,0xB575,
    0xB575,0xB595,0xBDB6,0xBDD6,0xBDD6,0xC617,0xBDD6,0xB595,0xBDD6,0xB595,0xB595,0xB5B5,
    0xAD54,0xAD54,0xAD34,0x9CD2,0x9CD2,0xAD34,0x9CD2,0x9CB1,0x9CB1,0xAD75,0x9CD2,0x9471,
    0xA533,0x9CD2,0x8C70,0x9491,0x8C2F,0x9470,0x9CD2,0x9491,0x9CB2,0x9CD2,0x9CB2,0x94B1,
    0x9491,0x9491,0x9470,0x9CB2,0x9471,0x8C2F,0x840F,0x840F,0x8C2F,0x840F,0x7BCE,0x83CE,
    0x738D,0x5AAA,0x5AAA,0x5ACA,0x5289,0x5AAA,0x62EA,0x62EA,0x5AAA,0x7BAE,0x840F,0x62EB,
    0x5AAA,0x5289,0x5289,0x5ACA,0x62EA,0x630B,0x5AA9,0x5AA9,0x5ACA,0x62EA,0x62EA,0x6B2B,
    0x62EA,0x5ACA,0x62CA,0x62EA,0x630B,0x6B2B,0x6B4C,0x6B2B,0x6B4C,0x5ACA,0x5AAA,0x52AA,
    0x52AA,0x5ACA,0x52AA,0x5AAA,0x5ACA,0x5AAA,0x52AA,0x5ACA,0x5AEB,0x6B2C,0x83EE,0x840F,
    0x83EE,0x83EE,0x840F,0x83EF,0x840F,0x840F,0x83EE,0x840F,0x83CE,0x840F,0x8C50,0x9491,
    0x9470,0x6B4C,0x630B,0x630B,0x5ACA,0x5AA9,0x5AA9,0x62EA,0x5ACA,0x62EB,0x6B2B,0x6B2B,
    0x6B0B,0x6B0B,0x62EB,0x5289,0x4A69,0x4A69,0x4A69,0x4A69,0x5269,0x5269,0x5289,0x5289,
    0x5289,0x52AA,0x62EB,0x62EB,0x62EA,0x630B,0x62EA,0x62EA,0x62EA,0x62CA,0x630B,0x736D,
    0x736D,0x736C,0x630B,0x736C,0x83EE,0x6B0B,0x6B0B,0x6B2B,0x6B4C,0x6B2B,0x6B2C,0x736C,
    0x6B4C,0x6B4C,0x736C,0x736C,0x736C,0xA4F3,0x9491,0x94B1,0x9491,0x8C2F,0x9491,0xA513,
    0x94B1,0x9CD2,0x9CF2,0x9491,0x94B1,0x9491,0x8C50,0xA4F3,0x9CD2,0xA4F2,0x9CD2,0x9CD2,
    0x9CD2,0x9CF2,0xB595,0xB595,0xA4F3,0x8C50,0x9491,0x9491,0x9491,0x9471,0x8C50,0x9470,
    0x8C50,0x9491,0x842F,0x83CE,0x7BCE,0x7BCE,0x840F,0x7BCE,0x840F,0x9491,0x9CB2,0x8C70,
    0x9CD2,0x9491,0x8C2F,0x94B1,0x94B1,0x8C30,0x8C50,0x83CE,0x840F,0x8C50,0x8C2F,0x8C30,
    0x8C50,0x8C30,0x840F,0x8C2F,0x8C30,0x9490,0x9491,0x9491,0x9CB1,0x9CD2,0x9CD2,0x9CD2,
    0xA4F2,0x9CD2,0x9CD2,0x9CB2,0x9470,0x9470,0xA4D2,0xA513,0x9CD2,0x94B1,0xA513,0xA513,
    0x9491,0x9CB1,0x8C30,0x8C2F,0x9470,0x9470,0x8C70,0x9CB2,0xA513,0x9CB2,0x83EF,0x62EB,
    0x5289,0x840F,0xA534,0x9CD2,0xA4F2,0x9CD2,0xAD34,0xA513,0x9CD2,0x9CB2,0x9CB1,0x9CD2,
    0xA513,0x9CD2,0xA4F3,0xAD54,0xAD54,0xB595,0xB575,0xAD74,0xAD54,0xAD33,0xAD34,0xAD54,
    0xAD34,0xAD75,0xAD74,0xAD54,0xAD34,0xAD33,0xA513,0xA513,0xA4F2,0xA513,0xA513,0xA533,
    0xAD54,0xA513,0xA533,0xB575,0xB595,0xBDD6,0xBDB6,0xBDD6,0xBDB6,0xAD74,0xB595,0xB595,
    0xB595,0xAD54,0xBDB6,0xCE58,0xC617,0xBDD6,0xBDF6,0xBDF7,0xC617,0xBDD6,0xBDD6,0xB595,
    0xB5B6,0xB595,0xB595,0xB595,0xB595,0xC638,0xC638,0xBDD6,0xC638,0xCE79,0xBDF7,0xBDB6,
    0xB5B5,0xBDB6,0xBDB5,0xB575,0xAD74,0xB575,0xBDB6,0xBDB6,0xBDD6,0xBDD6,0xC5F7,0xC617,
    0xBDF7,0xCE58,0xCE99,0xCE58,0xC637,0xC617,0xB595,0xB575,0xB595,0xB575,0xAD54,0xAD34,
    0xAD74,0xAD54,0xB575,0xB575,0xAD74,0xAD34,0xAD34,0xAD34,0xAD54,0xB595,0xAD54,0xAD54,
    0xAD74,0xBDB5,0xB575,0xAD54,0xAD34,0xA533,0xAD34,0xB595,0xB5B5,0xAD74,0xB595,0xAD75,
    0xA513,0xA513,0xA534,0xA4F3,0x9CF3,0x9CD2,0x9CD2,0x94B1,0x9491,0x9CD2,0x9491,0x94B2,
    0x9CD2,0x9491,0x9491,0x9CD2,0xA533,0xAD54,0xAD75,0xA534,0x9CF2,0x9CD2,0x9CD2,0x9CF3,
    0xA534,0x9CF3,0xA513,0xAD54,0xA513,0xAD54,0xAD34,0xAD34,0xA513,0xA533,0xAD54,0xB595,
    0xAD33,0xA513,0xAD54,0xAD54,0xAD54,0xAD74,0xB575,0xAD54,0xBDD6,0xBDD6,0xBDF7,0xCE99,
    0xC617,0xB575,0xB595,0xBDD6,0xC617,0xCE58,0xCE58,0xC637,0xC617,0xC617,0xBDD6,0xB5B5,
    0xBDD6,0xC617,0xAD54,0xB595,0xB595,0xAD34,0xAD74,0xAD34,0xAD54,0xA513,0xA4F2,0xAD33,
    0xAD34,0xAD54,0xA513,0xA513,0xAD34,0xAD33,0xB595,0xB575,0xA513,0xA533,0xAD34,0xA533,
    0xAD34,0xAD54,0xAD54,0xAD74,0xB595,0xA533,0xAD34,0xB595,0xC617,0xC5F7,0xB595,0xB595,
    0xAD74,0xAD74,0xBDF6,0xB595,0xBDD6,0xB595,0xBDD6,0xB575,0xAD74,0xAD74,0xAD54,0xA533,
    0x9CD2,0xA513,0xA533,0xAD54,0xA533,0xA513,0xAD54,0xB595,0xAD54,0xB595,0xB595,0xAD34,
    0xA533,0xAD34,0xA533,0xB575,0xAD54,0xAD54,0xA533,0x9CD2,0xA513,0x9CD2,0x9CB2,0xA4F2,
    0xA513,0x9CD2,0xA513,0xB595,0xD6DA,0xBDB6,0xBDD6,0xBDD6,0xB595,0xBDD6,0xB595,0xB595,
    0xB5B5,0xBDF7,0xBDD6,0xB595,0xBDB6,0xBDD6,0xB595,0xAD34,0xAD34,0xAD34,0xAD34,0xAD34,
    0xA4F3,0xA513,0x9CD2,0x9CB1,0x9CB2,0xA4F2,0x94B1,0x94B1,0xA4F2,0x9CB1,0x9470,0x9470,
    0x9470,0x9471,0x9470,0x8C50,0x9470,0x9491,0x8C50,0x8C2F,0x8C30,0x9470,0x9491,0x94B1,
    0x9491,0x8C2F,0x840F,0x840F,0x8C2F,0x7BAD,0x7BAD,0x7BAD,0x7BAD,0x6B4C,0x62EB,0x5ACA,
    0x5ACA,0x736D,0x6B2B,0x5ACA,0x5AAA,0x5ACA,0x630B,0x5AAA,0x5ACA,0x5ACA,0x5AA9,0x5AAA,
    0x5ACA,0x62CA,0x5AA9,0x5A89,0x5AA9,0x5ACA,0x5AA9,0x6B0B,0x6B2B,0x62CA,0x630B,0x62EA,
    0x5ACA,0x62EB,0x632B,0x630B,0x62EB,0x52AA,0x5AEB,0x5AEB,0x5ACA,0x5ACA,0x5ACA,0x5ACA,
    0x5ACA,0x52AA,0x52A9,0x5289,0x738D,0x83EF,0x7BCE,0x7BCE,0x7BCE,0x83EF,0x83CE,0x7BCE,
    0x7BCE,0x83EF,0x83EE,0x83EF,0x7BCE,0x840F,0x94B1,0x94B1,0x9491,0x736D,0x62CA,0x62EA,
    0x62EA,0x62CA,0x5AAA,0x52A9,0x5AAA,0x5AAA,0x5ACA,0x62EA,0x62CA,0x5ACA,0x52AA,0x5289,
    0x4A69,0x5269,0x5289,0x5289,0x4A69,0x4A69,0x5269,0x5ACA,0x5ACA,0x5289,0x5ACA,0x6B0B,
    0x62EA,0x62CA,0x62EA,0x630B,0x6B0B,0x62EA,0x6B0B,0x6B2B,0x6B2B,0x6B4C,0x6B0B,0x6B0B,
    0x62CA,0x62EA,0x6B0B,0x630B,0x6B2C,0x6B4C,0x6B2C,0x736C,0x736C,0x6B4C,0x738D,0x7BAD,
    0x736D,0x840F,0xA533,0x9CF3,0x9491,0x83EF,0x8C30,0x9CF2,0x8C70,0x9CB2,0x9CD2,0x94B1,
    0x9CB1,0x8C50,0x8C50,0xA4F2,0xA513,0x9470,0x9CD2,0x9CD2,0x9491,0x9491,0x9491,0x94B1,
    0x8C50,0x8C50,0x9491,0x94B1,0x8C50,0x8C30,0x8C50,0x8C30,0x8C2F,0x94B1,0x8C70,0x840F,
    0x83CE,0x840F,0x9CD2,0x840F,0x840F,0xA513,0x9CB2,0x840F,0x94B1,0x94B1,0x8C30,0x9491,
    0x9491,0x9470,0x9CB2,0x9470,0x8C70,0x9491,0x8C50,0x8C50,0x8C50,0x8C50,0x840F,0x8C50,
    0x8C50,0x8C30,0x9491,0x9491,0x9491,0x9CB1,0x9CB1,0x9CD2,0xA4F2,0x9CD2,0x9CD2,0x9CB1,
    0x8C30,0x9CB1,0x9CB2,0x9CB1,0x9CB2,0x9470,0x9CB1,0x9CD2,0xA4F2,0x9CD2,0x840F,0x83EF,
    0x8C50,0x840F,0x840F,0x9CD2,0x9CF2,0x8C70,0x8C50,0x83EF,0x736D,0x83EF,0x9CF2,0xA533,
    0x9CB1,0xA4F3,0xBDD6,0xAD33,0xA513,0xA513,0xA513,0xA513,0xA513,0xA513,0xAD54,0xC617,
    0xAD74,0xA533,0xBDB6,0xBDD6,0xAD74,0xBDD6,0xB5B5,0xAD74,0xAD75,0xAD75,0xB595,0xB575,
    0xAD54,0xAD54,0xA533,0xA513,0xA513,0xA533,0xAD54,0xAD54,0xAD34,0xA513,0xAD34,0xAD34,
    0xB595,0xC617,0xC638,0xB5B6,0xB595,0xB5B5,0xBDB6,0xB575,0xAD74,0xA533,0xAD54,0xD699,
    0xCE78,0xBDB6,0xBDD6,0xC617,0xC637,0xC5F7,0xBDF7,0xB5B5,0xB575,0xB595,0xC5F7,0xB5B5,
    0xBDB6,0xC638,0xC637,0xBDD6,0xBDD6,0xBDB6,0xBDD6,0xB5B6,0xAD54,0xAD75,0xAD74,0xA533,
    0xB575,0xB575,0xB5B5,0xB5B5,0xB5B5,0xB5B5,0xBDD6,0xB5B6,0xCE58,0xCE79,0xC617,0xBDD6,
    0xAD54,0xB575,0xBDF7,0xB595,0xAD74,0xAD74,0xB595,0xAD54,0xA513,0xA513,0xA513,0xA513,
    0xAD34,0xAD54,0xAD34,0xB595,0xBDD6,0xB595,0xA513,0xA513,0xA533,0xAD74,0xAD54,0xAD54,
    0xAD74,0xAD75,0xAD74,0xA513,0xAD54,0xAD95,0xAD75,0xB5D6,0xB595,0xAD54,0xA534,0xA533,
    0xAD54,0xAD54,0xA513,0x9CF2,0x9CB2,0x94B1,0x9491,0x9491,0x9CD2,0x9CD2,0x9CF2,0xA513,
    0xA4F3,0xB575,0xB5D6,0xA513,0xA533,0xAD54,0xA534,0xA513,0x9D13,0xA513,0xB595,0xAD54,
    0xA534,0xA534,0xA533,0xA533,0xAD34,0xA513,0xA513,0xAD54,0xB595,0xAD54,0xAD74,0xB595,
    0xAD54,0xAD54,0xAD74,0xAD54,0xB575,0xBDB6,0xBDD6,0xCE58,0xC617,0xB595,0xB5B5,0xBDD6,
    0xC617,0xCE58,0xD6BA,0xC617,0xB575,0xAD74,0xAD54,0xAD54,0xAD54,0xA533,0xAD54,0xAD74,
    0xA513,0xAD33,0xA533,0xA513,0xAD54,0xAD54,0xA513,0xA513,0xAD33,0xAD54,0xAD54,0xA513,
    0xAD34,0xB575,0xAD34,0xA4F3,0x9CD2,0xA533,0xAD54,0xA513,0xA533,0xAD74,0xB575,0xA513,
    0xAD34,0xB5B5,0xB595,0xC5F7,0xBDD6,0xBDB6,0xBDD6,0xBDD6,0xBDD6,0xB595,0xB5B5,0xBDD6,
    0xCE58,0xCE58,0xCE58,0xCE78,0xBDD6,0xB595,0xB595,0xAD54,0xB595,0xAD34,0xA534,0xAD54,
    0xA513,0xAD54,0xB595,0xAD54,0xAD54,0xAD75,0xB595,0xAD54,0xAD54,0xAD34,0xA513,0xAD54,
    0xB595,0x9CD2,0xAD54,0xB5B5,0xA513,0x9CD2,0x9CD2,0xA513,0xA513,0x9CD2,0xA533,0xAD75,
    0xAD54,0xAD34,0xAD54,0xAD34,0xA533,0xAD74,0xAD54,0xAD54,0xBDB5,0xBDD6,0xBDF7,0xC5F7,
    0xBDB6,0xBDF7,0xC617,0xB575,0xAD34,0xA4F3,0xAD54,0xAD34,0xA4F3,0x9CB2,0x9CB1,0x94B1,
    0x9CD2,0x9CD2,0x9CB2,0x9CD2,0x9CD2,0x9470,0x9491,0x9CB2,0x94B1,0x8C50,0x8C50,0x8C50,
    0x9470,0x9491,0x83EF,0x840F,0x8C50,0x840F,0x8C2F,0x840F,0x9470,0x8C50,0x842F,0x83EE,
    0x842F,0x83CE,0x7BCE,0x7BAD,0x840F,0x8C50,0x840F,0x7BCE,0x8C2F,0x7BAD,0x62EA,0x5AA9,
    0x5ACA,0x5AAA,0x5AA9,0x5289,0x5289,0x5ACA,0x5289,0x5289,0x5AA9,0x5ACA,0x5ACA,0x5A89,
    0x5289,0x5ACA,0x5AA9,0x62CA,0x62EA,0x5ACA,0x5289,0x5289,0x630B,0x630B,0x630B,0x630B,
    0x5ACA,0x5AAA,0x5ACA,0x5ACA,0x5AEB,0x5AEB,0x5AEB,0x5ACA,0x5AEB,0x52AA,0x5ACA,0x62EB,
    0x736D,0x83EF,0x83EF,0x7BAD,0x7BAD,0x8C70,0x83EF,0x840F,0x7BCE,0x840F,0x83EF,0x7BAD,
    0x7BCE,0x8C2F,0x9471,0x8C50,0x8C50,0x840F,0x6B0B,0x62EA,0x62EA,0x5ACA,0x5AA9,0x5269,
    0x5289,0x5289,0x5289,0x5289,0x5269,0x5289,0x52A9,0x5289,0x5AAA,0x52AA,0x52AA,0x52A9,
    0x4A69,0x4A69,0x4A69,0x5289,0x5ACA,0x52AA,0x52A9,0x5AAA,0x62CA,0x62EA,0x62EA,0x62EA,
    0x6B2B,0x6B2B,0x6B2B,0x6B0B,0x62EA,0x62EA,0x630B,0x62EA,0x62CA,0x62EA,0x62EA,0x6B2B,
    0x6B2B,0x736C,0x738D,0x7BCE,0x736C,0x7BAD,0x7BAD,0x7BAD,0x7BAD,0x7BAD,0x842F,0x842F,
    0x8430,0x8C50,0x842F,0x9491,0x8C50,0x9491,0xAD74,0xB595,0x9CD2,0x9470,0x842F,0x94B1,
    0x9CD2,0x9470,0x94B1,0x9CB1,0x9491,0x9470,0x9471,0x9470,0x9470,0x9470,0x8C50,0x9491,
    0x8C50,0x8C30,0x73AD,0x83EF,0x840F,0x7BAD,0x83EF,0x7BAE,0x7BCE,0x8C30,0x83EE,0x83EF,
    0x9491,0x9CD2,0xA534,0x94B1,0x8C50,0x8C50,0x8C2F,0x83EF,0x8C2F,0x8C70,0x8C50,0x9491,
    0x9491,0x9470,0x9471,0x8C30,0x840F,0x8C50,0x8C30,0x8C50,0x9491,0x9470,0x9491,0x94B1,
    0x94B1,0x9CB2,0x9CD2,0xAD54,0xA513,0xA513,0x9CD2,0x9491,0x9470,0x9CB1,0x94B1,0x9CB1,
    0xA4F2,0xB595,0x9CD2,0x9CD2,0xAD74,0xA4F3,0x9491,0x8C50,0x9470,0x9470,0xA513,0xA533,
    0x9CD2,0x9491,0x9CB1,0x9491,0x8C50,0x94B1,0x9CB2,0x9491,0x9CD2,0xAD54,0xB5B6,0xAD54,
    0xB5B5,0xB595,0xAD54,0xAD54,0xAD54,0xBDB6,0xB595,0xAD54,0xA4F3,0xA513,0xA513,0xAD34,
    0xAD54,0xBDD6,0xC617,0xB595,0xAD74,0xAD74,0xB595,0xB5B5,0xBDD6,0xB5B5,0xAD54,0xAD54,
    0xAD54,0xAD34,0xAD54,0xAD74,0xA4F2,0xA513,0xA533,0xA533,0xAD54,0xAD74,0xBDF7,0xC617,
    0xB575,0xAD74,0xBDF7,0xB595,0xA533,0xAD54,0xAD54,0xC617,0xCE58,0xBDD6,0xB595,0xC617,
    0xC617,0xC5F7,0xBDB6,0xA533,0xB595,0xB595,0xC617,0xC638,0xB5B5,0xBDF7,0xC617,0xBDF7,
    0xBDD6,0xB5B5,0xBDD6,0xAD74,0xAD54,0xB575,0xAD54,0xAD54,0xB575,0xB595,0xB5B5,0xB595,
    0xAD34,0xB595,0xAD74,0xAD54,0xBDD6,0xB5B5,0xB5B5,0xB595,0xAD33,0xAD34,0xAD74,0xAD74,
    0xA513,0xA4D2,0xA513,0xA533,0xA4F2,0x9CD2,0xA513,0xA513,0xA4F3,0xA533,0xA513,0xAD54,
    0xB575,0xA513,0xA4F2,0xA513,0xA513,0xA513,0xAD34,0xAD54,0xB575,0xB575,0xA513,0xA513,
    0x9CF3,0xA533,0xB595,0xBDD6,0xBDD7,0xAD75,0xAD54,0xAD75,0xBDD6,0xB5B5,0xAD54,0xAD74,
    0xA513,0x9CF2,0xA513,0x9CF2,0xA4F3,0xA513,0xA513,0xA513,0xA513,0xA513,0xAD54,0xA513,
    0xA534,0xAD54,0xA513,0xA513,0xA533,0xA4F3,0xAD95,0xAD95,0xA534,0xA513,0x9CD2,0x9CD2,
    0xA533,0xA513,0xAD54,0xAD34,0xB575,0xAD74,0xAD74,0xAD54,0xAD33,0xAD33,0xAD54,0xAD34,
    0xAD54,0xB575,0xB595,0xBDF7,0xBDD6,0xB5B5,0xB5B5,0xBDF7,0xC617,0xC638,0xC617,0xB5B5,
    0xB595,0xB595,0xB575,0xA513,0xA513,0xA533,0xB595,0xAD75,0xB595,0xB595,0xAD34,0xAD34,
    0xB575,0xB595,0xA533,0xAD34,0xAD54,0xAD33,0xAD54,0xAD54,0xAD54,0xAD74,0xB595,0xB595,
    0xAD74,0xAD54,0xAD33,0xA513,0xAD54,0xAD74,0xAD54,0xAD34,0xAD54,0xB5B5,0xBDB6,0xBDD6,
    0xBDB6,0xB595,0xB595,0xBDF7,0xC637,0xCE79,0xC617,0xC617,0xCE79,0xD6DA,0xC638,0xC617,
    0xBDD6,0xB595,0xB575,0xAD54,0xAD75,0xA513,0xA533,0xA513,0xA513,0xAD34,0xAD54,0xAD74,
    0xAD75,0xBDB6,0xAD54,0xAD34,0xA533,0xA513,0xA4F2,0xA533,0xA513,0x9CD2,0xAD74,0xBDD6,
    0xA533,0x9CD2,0x9CD2,0xA4F2,0xA533,0xB595,0xAD54,0xAD54,0x9CD2,0xA4F2,0xA513,0xA513,
    0xA513,0xA513,0xA4F2,0xAD33,0xB5B5,0xBDD6,0xC5F7,0xC617,0xB595,0xCE58,0xC617,0xB595,
    0xB595,0xAD33,0xAD33,0xA4F2,0xA4F2,0xA4F2,0xA4D2,0x9CB1,0x9CD2,0x9CB1,0x9CD2,0xA513,
    0xA513,0x9491,0x9CB1,0x9CD2,0x9470,0x9470,0x9470,0x9470,0x9491,0x9470,0x8C30,0x83EF,
    0x9470,0x8C50,0x840F,0x83EF,0x8C70,0x9471,0x83EE,0x83CE,0x840F,0x738D,0x7BAD,0x842F,
    0x83EF,0x83EF,0x8C50,0x8C50,0x842F,0x738D,0x5ACA,0x5AAA,0x62EA,0x5ACA,0x5AAA,0x5AAA,
    0x5AA9,0x5AA9,0x5269,0x5269,0x5AA9,0x5ACA,0x5AAA,0x5AA9,0x5AA9,0x62CA,0x5AAA,0x5AAA,
    0x5AAA,0x5AA9,0x5269,0x5289,0x62EA,0x630B,0x630B,0x62EB,0x5ACA,0x5ACA,0x5AEB,0x5AEB,
    0x5ACA,0x5AEB,0x5AEB,0x632C,0x62EB,0x52AA,0x5289,0x5ACA,0x6B2C,0x7BAE,0x8C50,0x840F,
    0x7BCE,0x8C2F,0x8C30,0x7BCE,0x7BCE,0x842F,0x7BCE,0x736C,0x7BCE,0x8C50,0x840F,0x840F,
    0x8C50,0x7BAD,0x7BAD,0x83CE,0x6B0B,0x5ACA,0x5AA9,0x5269,0x5289,0x4A69,0x4A48,0x4A48,
    0x4A69,0x4A69,0x4A49,0x5289,0x5AAA,0x52A9,0x5AAA,0x52A9,0x5269,0x4A69,0x5289,0x5289,
    0x5289,0x5ACA,0x5AAA,0x4A69,0x5AAA,0x62EA,0x62CA,0x62CA,0x62EA,0x62EB,0x6B4C,0x6B0B,
    0x5ACA,0x5AAA,0x62EA,0x6B0B,0x62EA,0x630B,0x6B0B,0x6B0B,0x630B,0x6B4C,0x738D,0x736D,
    0x736D,0x736C,0x8C30,0x840F,0x7BAD,0x7BAD,0x7BCE,0x83EF,0x8C30,0x94B1,0x94B2,0x9CB2,
    0x9470,0x8C30,0x9CD2,0xA513,0x94B1,0x9CD2,0xA513,0x9CD2,0x9CD2,0x9CD2,0x9CD2,0x9470,
    0x9470,0x8C50,0x94B1,0x94B1,0x9491,0x9471,0x8C50,0x8C50,0x94B1,0x840F,0x6B2C,0x738D,
    0x7BCE,0x7BAD,0x736D,0x738D,0x738D,0x7BCE,0x840F,0x8C50,0x9470,0x840F,0x8C30,0x8C30,
    0x8C30,0x8C2F,0x8C50,0x8C30,0x840F,0x840F,0x840F,0x840F,0x840F,0x83EF,0x8C2F,0x8C50,
    0x9491,0x9491,0x9CB2,0xA513,0x9CB2,0x9470,0x9470,0x9CD2,0xA513,0xA534,0xAD74,0xA4F2,
    0xA513,0x9CD2,0x9CB2,0x8C70,0x83EF,0x8C50,0x8C30,0x9470,0xA513,0xAD34,0xAD54,0xB5B5,
    0xA533,0x9CD2,0xA513,0x94B1,0x8C50,0x94B1,0xAD54,0xA513,0x94B1,0x9491,0x8C50,0x9491,
    0x94B1,0xA513,0xA4F2,0x9CB2,0xA513,0xA513,0x9CD2,0xA513,0xAD75,0xB5B6,0xB5B6,0xBDF6,
    0xBDD6,0xC617,0xB5B5,0xAD54,0xA513,0xA513,0xA513,0xA513,0xAD54,0xAD54,0xB575,0xB595,
    0xAD54,0xA513,0xAD54,0xB595,0xB595,0xB595,0xAD54,0xAD54,0xAD74,0xAD34,0xB575,0xB575,
    0xA4F3,0xA513,0xA533,0xAD54,0xB595,0xAD54,0xAD54,0xB575,0xBDF6,0xC617,0xC617,0xC617,
    0xB595,0xAD74,0xAD75,0xBDD6,0xCE58,0xBDB6,0xB5B5,0xC637,0xBDF7,0xBDB6,0xBDD6,0xB595,
    0xBDD6,0xB5B6,0xBDD6,0xBDB6,0xBDD6,0xBDF7,0xBDD6,0xBDD6,0xBDD6,0xAD74,0xB575,0xB595,
    0xB595,0xB595,0xAD54,0xAD54,0xB575,0xBDB5,0xB575,0xAD54,0xAD54,0xAD54,0xAD74,0xAD74,
    0xB595,0xC617,0xBDD6,0xBDD6,0xC617,0xB595,0xA533,0xA4F2,0xA4F2,0xA513,0x9CD2,0xA513,
    0xAD33,0xA513,0xA513,0xA4F2,0xA513,0xA533,0xAD54,0xAD54,0xA533,0xA513,0xAD75,0xBDF7,
    0xA513,0x9CD2,0x9CD2,0xA513,0xAD74,0xAD54,0xAD54,0xB595,0xB595,0xB5B5,0xBDF7,0xBDF7,
    0xC638,0xBDF7,0xBDD6,0xB5B6,0xBDF7,0xBDD6,0xB5B6,0xB595,0xAD74,0xAD54,0xAD75,0xAD54,
    0xA513,0xA513,0xA533,0xA534,0xA513,0xA513,0xA513,0xA513,0xAD34,0xAD54,0xA534,0xA4F3,
    0x9CD2,0xA513,0xA554,0xAD75,0xAD95,0xAD74,0xA513,0xAD74,0xB595,0xAD33,0xA513,0xA513,
    0xAD54,0xAD54,0xAD54,0xA513,0x9CB2,0x9CD2,0xA4F2,0xAD33,0xAD34,0xB575,0xBDD6,0xBDD6,
    0xBDF7,0xBDD6,0xBDF7,0xBDF7,0xC617,0xBDD6,0xBDD6,0xBDB6,0xC617,0xC617,0xB5B5,0xAD74,
    0xAD54,0xB575,0xB595,0xB575,0xBDD6,0xB5B5,0xB595,0xAD74,0xAD54,0xAD34,0xAD34,0xB595,
    0xB595,0xAD54,0xA533,0xAD34,0xAD54,0xA513,0xA533,0xB574,0xB595,0xAD54,0xAD74,0xAD34,
    0xA513,0xA533,0xAD34,0xAD74,0xB5B5,0xB5B5,0xBDD6,0xBDD6,0xC617,0xBDD6,0xB5B5,0xBDD6,
    0xBDF7,0xC5F7,0xC617,0xC617,0xBDF7,0xBDD6,0xC617,0xB5B5,0xBDB6,0xAD74,0xAD74,0xBDD6,
    0xB595,0xAD54,0xA513,0xA513,0xA4F3,0xA4F2,0xA513,0xAD34,0xAD75,0xAD54,0xAD75,0xAD74,
    0xA533,0xA513,0xA513,0xA513,0xA4F2,0x9CD2,0x9CD2,0xA4F2,0x9CB2,0x9CB1,0x9CD2,0x9CD2,
    0xAD54,0xAD74,0x9CB2,0xA4F2,0x9CD2,0x9CB2,0xA534,0xAD34,0xA4F2,0xA513,0xA4F2,0xAD33,
    0xAD54,0xBDD6,0xC617,0xBDD6,0xB595,0xBDB6,0xB595,0xAD74,0xAD54,0xA513,0xA513,0xAD74,
    0xA513,0x9CB1,0x9CD2,0x9CF2,0x94B1,0x94B1,0x9CD2,0xBDD6,0xAD74,0x94B1,0x94B1,0x94B1,
    0x9491,0x9491,0x9491,0x8C30,0x8C2F,0x8C50,0x8C50,0x840F,0x8C30,0x8C50,0x94B1,0x9491,
    0x9470,0x9471,0x840F,0x840F,0x83EE,0x7BAE,0x840F,0x8C30,0x842F,0x840F,0x9491,0x94B1,
    0xA513,0x840F,0x736C,0x62EB,0x5289,0x5AA9,0x5ACA,0x5AA9,0x5ACA,0x5AA9,0x5269,0x5289,
    0x5289,0x5AAA,0x5AAA,0x5AA9,0x5ACA,0x5AAA,0x5ACA,0x52A9,0x5289,0x5A89,0x5269,0x5289,
    0x5ACA,0x5ACA,0x5AAA,0x5ACA,0x5ACA,0x5ACA,0x5ACA,0x5ACA,0x630B,0x630B,0x5AEB,0x630B,
    0x5ACA,0x52AA,0x52A9,0x5289,0x62EB,0x738D,0x7BAD,0x842F,0x842F,0x7BCE,0x840F,0x7BCE,
    0x83EF,0x83EF,0x83EF,0x73AD,0x7BAD,0x8C2F,0x840F,0x7BAD,0x7BCE,0x6B4B,0x62EA,0x734C,
    0x6B2B,0x62EA,0x5289,0x5269,0x4A69,0x4A69,0x4A48,0x4A49,0x4A69,0x4A69,0x5289,0x5289,
    0x4A69,0x52AA,0x5ACA,0x5ACA,0x52A9,0x5289,0x62EA,0x5AAA,0x5AA9,0x5AAA,0x5ACA,0x52A9,
    0x5ACA,0x5ACA,0x5ACA,0x62EA,0x62EB,0x62EA,0x6B2B,0x6B0B,0x62EA,0x5ACA,0x62CA,0x630B,
    0x62EA,0x62EA,0x6B2B,0x630B,0x630B,0x630B,0x6B4C,0x736D,0x738D,0x6B4C,0x840F,0x840F,
    0x7BCE,0x7BCE,0x7BCE,0x83EF,0x840F,0x840F,0xAD34,0xA533,0x9CB1,0x83EF,0x840F,0x8C50,
    0x9471,0xA4F2,0x94B1,0x9470,0xA4F2,0xAD34,0x842F,0x840F,0x8C50,0x9CD2,0x9CB1,0x9CB1,
    0x94B1,0x9491,0x840F,0x8C50,0x94B1,0x840F,0x83EE,0x7BCE,0x738D,0x7BCE,0x738D,0x7BAD,
    0x736D,0x738D,0x83EF,0x8C2F,0x7BCE,0x7BCE,0x7BCE,0x83CE,0x840F,0x83EF,0x9470,0x9491,
    0x840F,0x83EF,0x83EE,0x9471,0x9470,0x83EE,0x840F,0x9491,0x9CD2,0xA4F2,0xA533,0x9CD2,
    0x9CD2,0x9CB2,0x9470,0x9CD2,0xAD54,0xAD33,0x9CD2,0xA4F2,0xA533,0xA4F3,0x9491,0x9470,
    0x8C2F,0x83EF,0x8C2F,0x8C2F,0x94B1,0xA533,0xAD34,0xBDD6,0x9CD2,0x9CB1,0xAD33,0x9491,
    0x83EF,0x9470,0x9CD2,0x9CD2,0x9CB2,0x9CB1,0x9CD2,0x9CB2,0x94B1,0x9CB1,0x9CD2,0xA513,
    0xA513,0x9CB2,0x9CB1,0xA4F3,0xAD34,0xB595,0xBDD6,0xCE58,0xB595,0xAD54,0xB595,0xAD54,
    0xA533,0xA533,0xA533,0xAD54,0xAD34,0xA533,0xA513,0xA533,0xAD74,0xAD54,0xA513,0xAD54,
    0xAD54,0xA513,0xA513,0xA513,0xAD34,0xAD74,0xB5B5,0xB595,0xB595,0xAD74,0xAD54,0xAD34,
    0xB575,0xB595,0xAD74,0xBDB6,0xC617,0xD699,0xC617,0xBDD6,0xC637,0xBDD6,0xC617,0xCE58,
    0xD699,0xC617,0xC617,0xD699,0xC5F7,0xB595,0xCE58,0xC617,0xB5B6,0xB595,0xB595,0xB595,
    0xB595,0xBDD6,0xC638,0xC638,0xBDB6,0xB575,0xB595,0xB5B5,0xB595,0xAD54,0xAD34,0xA533,
    0xB595,0xBDD6,0xB595,0xAD74,0xB595,0xB575,0xAD74,0xAD54,0xB595,0xBDD6,0xBDD6,0xB5B6,
    0xBDD7,0xB595,0xAD54,0xA4F3,0x9CD2,0xA4F3,0x9CD2,0xA4D2,0xA513,0xA533,0x9CD2,0x9CB1,
    0x9CD2,0xA513,0xAD74,0xAD34,0xA4F3,0xA513,0xB595,0xAD54,0xAD54,0xA513,0xAD34,0xAD54,
    0xB595,0xBDD6,0xBDD6,0xBDD6,0xB5B6,0xB595,0xB5B6,0xBDD6,0xC658,0xCE58,0xBDD6,0xBDF7,
    0xBDD7,0xBDF7,0xB5B6,0xBDF7,0xBDD6,0xAD54,0xAD75,0xAD75,0xAD75,0xB595,0xAD54,0xA533,
    0xA513,0x9CF2,0xA4F2,0xA534,0xB595,0xAD54,0xA513,0xA4F3,0x9CF2,0xA513,0xAD54,0xAD75,
    0xB595,0xB595,0xAD74,0xB575,0xAD54,0xAD54,0xA513,0xAD33,0xAD74,0xAD54,0xB595,0xB575,
    0xAD54,0xA513,0xAD33,0xA513,0xB595,0xBDB6,0xBDD6,0xBDF7,0xC617,0xCE58,0xCE58,0xC638,
    0xC637,0xC638,0xBDD6,0xBDD6,0xBDF7,0xC617,0xC617,0xBDB6,0xAD74,0xAD74,0xBDD6,0xBDD6,
    0xB575,0xAD54,0xAD74,0xAD74,0xAD74,0xAD54,0xAD34,0xA4F2,0xA4F3,0xAD33,0xAD54,0xAD54,
    0xA513,0xAD54,0xA513,0xA513,0xAD33,0xAD54,0xAD33,0xAD74,0xBDD6,0xAD54,0xAD54,0xBDB6,
    0xBDD6,0xB5B5,0xBDD6,0xB5B5,0xC617,0xC637,0xCE58,0xCE58,0xC638,0xBDD6,0xBDF7,0xBDD6,
    0xBDD6,0xC617,0xBDD6,0xB595,0xB575,0xAD54,0xAD54,0xB5B5,0xB595,0xA533,0xA513,0xA513,
    0x9CF2,0x9CF2,0xA4F3,0xAD34,0xAD54,0xA533,0xAD34,0xAD74,0xAD34,0xA533,0xA4F3,0x9CD2,
    0xA4F3,0x9CD2,0xA4F2,0x9CD2,0x9CD2,0x94B1,0x9491,0x9CD2,0x9CB1,0x9470,0x9491,0xA513,
    0x9CB2,0x9491,0x9CB2,0x9CD2,0x9CD2,0x9CB2,0xA4F3,0xA533,0xAD34,0xAD54,0xAD54,0xAD54,
    0xB595,0xB595,0xAD74,0xAD75,0xAD54,0xA513,0xA4F3,0xA513,0x9CD2,0x9491,0x9491,0xA4F3,
    0x94B1,0x9CB1,0xA513,0xB575,0xA533,0x9CB1,0x9491,0x9470,0x9470,0x9CB2,0x9CD2,0x9470,
    0x8C50,0x8C50,0x9470,0x8C2F,0x8C2F,0x8C30,0x8C2F,0x8C70,0x9470,0x9491,0x8C50,0x840F,
    0x840F,0x8C2F,0x9491,0x738D,0x630B,0x738D,0x840F,0x840F,0x840F,0x8430,0x7BCE,0x5AAA,
    0x5269,0x5289,0x5AAA,0x5AA9,0x5289,0x5269,0x5289,0x5289,0x5AAA,0x62EA,0x5AAA,0x5AA9,
    0x52A9,0x5ACA,0x5AAA,0x5289,0x5AA9,0x5A89,0x5268,0x5AA9,0x5AAA,0x5ACA,0x62EA,0x5ACA,
    0x52AA,0x52A9,0x52AA,0x52AA,0x5ACA,0x5ACA,0x5ACA,0x52AA,0x52AA,0x52AA,0x5289,0x5289,
    0x52AA,0x6B2C,0x7BAD,0x7BCE,0x83EE,0x840F,0x8C2F,0x7BCE,0x7BCE,0x840F,0x8C50,0x7BCE,
    0x6B2B,0x7BAD,0x7BCE,0x734C,0x630B,0x62EA,0x5AAA,0x5AA9,0x5ACA,0x52A9,0x52AA,0x5289,
    0x4A69,0x4A48,0x4A69,0x5269,0x4A49,0x4A49,0x5289,0x4A69,0x4A49,0x4A69,0x5289,0x5289,
    0x5289,0x5289,0x5ACA,0x5AAA,0x5ACA,0x5AAA,0x52AA,0x5269,0x5289,0x5ACA,0x5ACA,0x62CA,
    0x630B,0x62EA,0x736C,0x630B,0x630B,0x630B,0x62EA,0x62EA,0x62CA,0x62CA,0x6B0B,0x6B4C,
    0x738D,0x736D,0x736C,0x738D,0x7BAE,0x7BCE,0x83EF,0x840F,0x840F,0x7BEE,0x83EF,0x83EF,
    0x7BEF,0x840F,0x8C30,0x94B1,0x94B1,0x840F,0x8C30,0x83EF,0x9470,0xA513,0x9CD2,0xA4F2,
    0xAD34,0xAD54,0x840F,0x7BCE,0x83EE,0x8C30,0x94B1,0x9CB2,0x94B1,0x9491,0x9470,0x8C70,
    0x8C30,0x840F,0x840F,0x736C,0x6B4C,0x736D,0x7BAD,0x736C,0x738D,0x736C,0x83CE,0x7BCE,
    0x7BAD,0x738D,0x7BCE,0x840F,0x840F,0x83EE,0x8C2F,0x83EF,0x7BAD,0x7BCE,0x7BAD,0x840F,
    0x9CB1,0x9470,0x840F,0x8C2F,0x9CB1,0x9CD2,0x9CD2,0x9CB1,0x9CD2,0xA4F2,0x94B1,0x9CB2,
    0x9CD2,0xA533,0x9CD2,0xAD34,0xAD74,0xA513,0x9491,0x840F,0x9470,0x9491,0x9CB2,0x9491,
    0x9CD2,0x9CD2,0xA4F2,0xA513,0xA4F2,0x9CB2,0xA513,0x9CB1,0x8C50,0x9491,0xA513,0xAD54,
    0xAD33,0xAD34,0xA4F2,0x9CD2,0x9470,0x9CB2,0xA4F2,0x9491,0x9CD2,0x9CB2,0x9CB1,0x9CD2,
    0xA513,0xB595,0xC617,0xB595,0xB595,0xB5B5,0xB575,0xAD74,0xAD54,0xB595,0xAD54,0xAD34,
    0xA4F3,0xAD34,0xB575,0xA4F2,0xAD54,0xAD54,0xAD54,0xAD34,0xAD34,0xAD54,0xA533,0xA4F2,
    0xA513,0xAD54,0xAD54,0xAD74,0xA513,0xAD54,0xB595,0xA533,0xAD54,0xAD75,0xBDD6,0xCE58,
    0xC5F7,0xBDF7,0xC638,0xC617,0xCE78,0xC638,0xC637,0xBDF7,0xCE99,0xCE58,0xC638,0xCE79,
    0xCE78,0xC638,0xD6BA,0xCE58,0xBDD6,0xB595,0xB595,0xB5B5,0xBDD6,0xC617,0xC617,0xC5F7,
    0xB5B5,0xBDF7,0xBDD6,0xAD74,0xAD34,0xA513,0xA513,0xAD54,0xBDB5,0xBDD6,0xAD54,0xAD74,
    0xB595,0xB574,0xB575,0xB575,0xBDD6,0xB595,0xB595,0xB595,0xAD54,0xAD54,0xB595,0xAD34,
    0xA533,0xA4F3,0xA513,0xA4F2,0x9CD2,0xA513,0xA4F3,0x9CD2,0x9CB2,0x9CD2,0xA4F2,0x9CD2,
    0x9CF2,0xA513,0xAD54,0xAD34,0xA534,0xB575,0xAD75,0xAD34,0xA533,0xAD74,0xB575,0xB595,
    0xAD75,0xAD75,0xAD75,0xAD75,0xBDF7,0xCE79,0xB595,0xB5B5,0xB595,0xB595,0xB5B5,0xBDF7,
    0xBDB6,0xAD54,0xB5B6,0xB595,0xAD75,0xB5B5,0xB5B5,0xB595,0xAD74,0xA513,0xAD54,0xA513,
    0xAD34,0xAD54,0xA513,0xA513,0xAD54,0xAD54,0xAD74,0xAD34,0x9CD2,0xA4F2,0xAD34,0xAD54,
    0xA513,0xA4F2,0xA4F3,0xA513,0xA533,0xAD33,0xAD54,0xAD34,0xAD54,0xAD74,0xB595,0xAD54,
    0xB575,0xBDD6,0xBDF7,0xCE58,0xD699,0xCE58,0xD699,0xD6DA,0xCE79,0xBDF7,0xC637,0xBDB6,
    0xB595,0xBDD6,0xC617,0xC5F7,0xBDD6,0xBDD6,0xB595,0xB595,0xAD54,0xAD75,0xAD54,0xAD74,
    0xAD74,0xAD34,0xAD74,0xAD74,0xB595,0xAD54,0xAD74,0xB595,0xB575,0xAD74,0xAD54,0xAD34,
    0xAD33,0xA513,0xA533,0xAD34,0xAD74,0xB595,0xAD54,0xAD54,0xB575,0xBDF7,0xC617,0xC617,
    0xBDF7,0xC637,0xCE58,0xCE58,0xC638,0xD699,0xC638,0xC617,0xBDD6,0xB5B6,0xBDD6,0xB595,
    0xBDB6,0xAD74,0xAD34,0xAD34,0xAD74,0xAD54,0xAD54,0xA513,0x9491,0x9CD2,0xA4F2,0xAD34,
    0xA533,0xA513,0xA513,0xAD34,0xAD75,0xAD54,0xA513,0x9CD2,0xA4F2,0x9CB2,0x9CD2,0x9CD2,
    0xA4F2,0xA4D2,0xA513,0x9CB2,0x9470,0x9470,0x9CD2,0xA534,0x94B1,0x8C50,0x9491,0xA513,
    0x9CD2,0x9CD2,0x9CD2,0xA4F2,0xA513,0xA533,0xAD54,0xA533,0xAD54,0xAD54,0xAD34,0xA513,
    0xAD54,0x9CD2,0x9CD2,0x94B1,0x9CB1,0xA513,0x9491,0x9470,0x9471,0x9491,0x9CD2,0xA513,
    0x9CD2,0xA4F2,0x9CD2,0x9470,0x9CB1,0x9CD2,0x94B1,0x9491,0x9491,0x9471,0x9470,0x9471,
    0x8C70,0x8C30,0x8C30,0x8C50,0x840F,0x8C50,0x8C70,0x840F,0x7BCE,0x73AD,0x7BCE,0x630B,
    0x5269,0x5ACA,0x6B4C,0x630B,0x62EB,0x62EB,0x630B,0x5AAA,0x52A9,0x5AAA,0x5AA9,0x5289,
    0x5289,0x5289,0x5269,0x5289,0x5AA9,0x5AA9,0x5AA9,0x52A9,0x5289,0x52A9,0x5AA9,0x5269,
    0x5289,0x5AA9,0x52A9,0x5ACA,0x5AA9,0x630B,0x736D,0x6B4C,0x5ACA,0x52A9,0x52AA,0x5ACA,
    0x5AAA,0x5ACA,0x5ACA,0x5AEB,0x5AEB,0x5ACA,0x5ACB,0x5ACA,0x52A9,0x6B4C,0x7BCE,0x7BCE,
    0x83EF,0x83EF,0x7BCE,0x738D,0x7BCE,0x7BCE,0x7BCE,0x7BCE,0x8C50,0x8C50,0x736C,0x62EA,
    0x62EB,0x5AA9,0x4A69,0x5289,0x52A9,0x5AAA,0x5ACA,0x5ACA,0x52A9,0x5289,0x52A9,0x52AA,
    0x4A69,0x4A48,0x4A48,0x4A48,0x4A48,0x4A69,0x4A69,0x4A69,0x4A69,0x4A49,0x5289,0x5289,
    0x5269,0x5289,0x5289,0x52AA,0x5289,0x52AA,0x62EA,0x62EA,0x630B,0x62CA,0x6B2B,0x6B4C,
    0x630B,0x5AEA,0x5ACA,0x5ACA,0x62EA,0x630B,0x6B4C,0x6B4C,0x736D,0x736D,0x738D,0x738D,
    0x7BCE,0x83EF,0x840F,0x8C70,0x8C2F,0x840F,0x7BCE,0x842F,0x83EF,0x7BCE,0x83EF,0x840F,
    0x83EF,0x8C30,0x840F,0x8C70,0xB5B6,0xAD54,0xA4F3,0xAD54,0x9CF2,0x94B1,0x9CD2,0x94B1,
    0x9470,0x8C70,0x9CB1,0x9491,0x9471,0x9470,0x9491,0x8C50,0x9470,0x8C70,0x840F,0x83CE,
    0x7BCE,0x736C,0x736C,0x738D,0x7BAD,0x736D,0x738D,0x7BAD,0x7BAD,0x736D,0x7BCE,0x8C30,
    0x9491,0x8C2F,0x83EF,0x7BCE,0x7BAD,0x736D,0x6B2B,0x736D,0x7BCE,0x736C,0x736C,0x8C2F,
    0xA4F2,0x9CB1,0x9470,0x8C30,0x8C50,0x9CB1,0x9CB2,0x9CB2,0x9CB1,0x9CD2,0xA4F2,0x94B1,
    0x840F,0x9CD2,0x9CD2,0x8C50,0x9491,0x9CD2,0x94B1,0x9470,0x94B1,0x9CD2,0xA513,0xA4F2,
    0x9CD2,0xA4F2,0xA4F2,0x9CB2,0x9471,0xA513,0xAD34,0x9CD2,0xA533,0xA4F2,0x9CD2,0xA4F2,
    0x9CD2,0x94B1,0x9491,0x9470,0x94B1,0xA513,0x9CB2,0x9CD2,0xA513,0xAD34,0xB595,0xAD54,
    0xAD74,0xBDB5,0xAD74,0xAD74,0xB595,0xBDD6,0xAD54,0xAD54,0xAD74,0xAD54,0xA533,0xA513,
    0xA513,0xA533,0xAD54,0xAD54,0xAD74,0xA533,0xA4F3,0x9CD2,0xA513,0xA513,0xA513,0xA4F2,
    0xA513,0xA534,0xAD74,0xB575,0xB5B5,0xB5B5,0xB595,0xAD75,0xAD74,0xC617,0xBDB6,0xC638,
    0xCE99,0xCE58,0xBDD6,0xBDB6,0xCE99,0xDEFB,0xD699,0xDF1B,0xE73C,0xD6B9,0xDEDA,0xCE79,
    0xC658,0xBDD6,0xBDF7,0xBDF7,0xC617,0xBDD6,0xB595,0xB5B5,0xB595,0xBDD6,0xB595,0xAD54,
    0xAD74,0xAD34,0xAD34,0xB595,0xB575,0xB5B5,0xB595,0xB5B5,0xBDB6,0xB595,0xAD54,0xAD74,
    0xBDB5,0xB575,0xAD74,0xB595,0xB595,0xC617,0xBDD6,0xAD74,0xAD54,0xA513,0xA4F2,0x9CD2,
    0xA4F2,0xA4F3,0xA4F2,0xAD34,0xAD54,0xAD34,0xA513,0xA4F3,0xA513,0xA513,0xAD54,0xB595,
    0xCE58,0xB595,0xAD34,0xA4F3,0xAD54,0xAD54,0xAD74,0xAD74,0xB575,0xB595,0xB595,0xAD75,
    0xAD74,0xB5B5,0xB595,0xA534,0xAD54,0xB595,0xB5B6,0xAD75,0xAD54,0xB595,0xAD54,0xB595,
    0xB595,0xB595,0xB595,0xAD74,0xAD54,0xAD54,0xAD75,0xA513,0xAD75,0xAD34,0xAD54,0xB595,
    0xAD74,0xA534,0xA513,0x9CF2,0x9CB2,0x9CD2,0xA513,0xA513,0xA513,0xA513,0xA513,0xA513,
    0xAD54,0xAD33,0xAD34,0xB595,0xB575,0xAD54,0xAD74,0xAD54,0xAD54,0xBDD6,0xC617,0xCE79,
    0xCE79,0xCE58,0xD699,0xD699,0xCE58,0xCE58,0xBDD6,0xAD54,0xB595,0xBDB6,0xBDD6,0xBDD6,
    0xBDD6,0xC637,0xC617,0xBDD6,0xB575,0xB575,0xAD74,0xBDD6,0xBDB6,0xB575,0xBDD6,0xB5B5,
    0xB595,0xAD74,0xAD74,0xB595,0xB5B5,0xAD34,0xAD74,0xB595,0xAD33,0xA513,0xAD54,0xB595,
    0xAD75,0xB575,0xAD54,0xAD74,0xB595,0xBDB6,0xC617,0xC638,0xC638,0xCE58,0xC638,0xD699,
    0xD6BA,0xD699,0xCE58,0xC638,0xC617,0xBDF7,0xC637,0xBDD6,0xB595,0xAD75,0xB5B5,0xB595,
    0xB595,0xB5B6,0xB5B5,0xA533,0x9CD2,0x9CB1,0x9CB1,0x9CD2,0xA4F3,0xA4F3,0xA513,0xB595,
    0xC617,0xB595,0xAD75,0xA534,0x9CD2,0x9491,0x9471,0x9491,0x9CB1,0x9CD2,0x94B1,0x94B1,
    0x9491,0x9491,0x9CD2,0xA513,0x9CD2,0x9491,0x9CB1,0xA4F2,0xA513,0xA513,0x9CD2,0xA513,
    0xA513,0xA513,0xB5B5,0xB595,0xA513,0xA4F2,0xA513,0xA4F3,0xA513,0x9CD2,0x9CD2,0x94B1,
    0x9CB1,0x9CB2,0x8C70,0x9470,0x9CB2,0xA513,0x9CD2,0x9CD2,0xA4F2,0x9CD2,0x9CB1,0x9CB1,
    0xA513,0x9CB2,0x94B1,0x94B1,0x9491,0x9491,0x9491,0x9491,0x9491,0x8C30,0x8C50,0x8C50,
    0x8C30,0x8C50,0x840F,0x73AD,0x840F,0x73AD,0x840F,0x7BCE,0x6B2C,0x62EB,0x630B,0x5ACA,
    0x5289,0x5289,0x52A9,0x52A9,0x52A9,0x52A9,0x5289,0x5289,0x5269,0x5289,0x5268,0x5269,
    0x5289,0x5289,0x5AAA,0x52A9,0x5289,0x5AA9,0x5289,0x5289,0x5AA9,0x62EA,0x62EB,0x5ACA,
    0x5ACA,0x630B,0x738D,0x6B4C,0x5AEA,0x5AAA,0x52AA,0x52A9,0x52AA,0x5ACA,0x5ACA,0x62EB,
    0x632B,0x630B,0x630B,0x62EB,0x5ACA,0x6B4C,0x7BCE,0x73AD,0x7BCE,0x738D,0x6B4C,0x6B6C,
    0x630B,0x738D,0x6B4C,0x738D,0x94B1,0x94B1,0x7BAD,0x6B2B,0x5ACA,0x5289,0x5289,0x5ACA,
    0x5ACA,0x62CA,0x5ACA,0x62CA,0x5ACA,0x62EB,0x62EA,0x5AAA,0x5289,0x5289,0x4A69,0x4A69,
    0x4A48,0x4A69,0x4A48,0x4A69,0x5269,0x5AAA,0x52AA,0x5269,0x5269,0x4A69,0x5AAA,0x62EB,
    0x5289,0x5289,0x5ACA,0x630B,0x630B,0x62EB,0x6B2B,0x6B2B,0x62EB,0x62EB,0x62EB,0x62EB,
    0x630B,0x630B,0x6B4C,0x736C,0x6B4C,0x736C,0x7BAD,0x7BAD,0x7BCE,0x8C30,0x842F,0x842F,
    0x83EF,0x840F,0x83EF,0x840F,0x7BAE,0x7BAE,0x83EE,0x840F,0x83EE,0x840F,0x840F,0x94B1,
    0xAD54,0x9470,0x9491,0x9CF2,0x9491,0x9CB2,0x9491,0x9471,0x8C70,0x8C50,0x9CB2,0x9CB1,
    0x9470,0x8C30,0x8C50,0x8C50,0x8C50,0x94B1,0x9470,0x840F,0x736C,0x736C,0x6B4C,0x736C,
    0x736D,0x738D,0x738D,0x7BAD,0x7BAD,0x83EE,0x840F,0x8C30,0x8C50,0x840F,0x8C30,0x8C50,
    0x7BCE,0x6B4C,0x6B4C,0x6B4C,0x6B2C,0x7BAD,0x7BCE,0x9491,0x9CD2,0x94B1,0x94B1,0x9CD2,
    0x9CB1,0x94B1,0x9CB1,0x94B1,0x9CB1,0x9470,0x9CD2,0x9491,0x840F,0x9491,0x9491,0x94B1,
    0x94B1,0x9491,0x94B1,0x9CD2,0xA513,0xA4F3,0xA513,0xA4F2,0x9CB2,0xA513,0xA533,0xA533,
    0xA513,0xB575,0xA4F3,0x9CB1,0xA4F2,0x9491,0x9491,0x9CD2,0x9CD2,0x9491,0x9CB2,0x9491,
    0x9491,0xA4F3,0xA4F2,0x9CD2,0xA4F2,0xAD34,0xA513,0xA4F3,0xA4F2,0xA513,0xAD34,0xAD34,
    0xA4F3,0xAD54,0xAD54,0xAD34,0xAD34,0xAD54,0xAD74,0xAD75,0xAD54,0xAD74,0xAD54,0xAD34,
    0xAD34,0xA533,0xAD34,0xA513,0xAD54,0xAD54,0xAD54,0xAD54,0xB575,0xAD74,0xAD75,0xAD75,
    0xAD54,0xA513,0xA513,0xA4F2,0xA513,0xAD75,0xB595,0xC617,0xCE99,0xC617,0xBDF7,0xBDF7,
    0xD699,0xD699,0xD6BA,0xE73C,0xD6BA,0xCE99,0xCE99,0xCE79,0xBE17,0xC617,0xCE58,0xC638,
    0xC617,0xBDF7,0xBDF7,0xBDF6,0xBDD6,0xB5B5,0xB595,0xAD75,0xB575,0xAD34,0xAD74,0xB575,
    0xAD74,0xAD54,0xB575,0xAD74,0xAD54,0xAD74,0xAD54,0xB595,0xAD34,0xA513,0xAD54,0xAD74,
    0xB5B5,0xC637,0xB595,0xB595,0xAD54,0xA533,0xA533,0xA513,0xAD33,0xA513,0xA4F2,0xA513,
    0xA513,0xA513,0xAD54,0xA533,0xA4F2,0xA513,0xA513,0xAD34,0xB5B5,0xB575,0xA533,0xAD34,
    0xB575,0xAD34,0xA513,0xAD34,0xAD54,0xAD54,0xB575,0xAD54,0xAD75,0xBDD6,0xB5B6,0xAD34,
    0xAD34,0xAD74,0xB595,0xA534,0xB595,0xB595,0xB595,0xB595,0xAD54,0xAD75,0xAD75,0xB595,
    0xBDD6,0xB595,0xA513,0xA533,0xAD54,0xAD75,0xB595,0xAD54,0xA513,0xA513,0x9CF2,0xA513,
    0x9CB2,0xA4F3,0xA513,0xA513,0xA533,0xA4F3,0xAD34,0xB595,0xAD74,0xB575,0xAD74,0xBDF7,
    0xB595,0xA513,0xAD54,0xAD54,0xAD74,0xB595,0xC617,0xCE79,0xCE79,0xCE79,0xE73C,0xEF9D,
    0xD6BA,0xD6BA,0xB5D6,0xB595,0xB5B6,0xBDD6,0xBDD6,0xC617,0xC617,0xD699,0xC637,0xC617,
    0xC637,0xBDF6,0xBDD6,0xBDD6,0xBDD6,0xB575,0xB5B5,0xB595,0xB595,0xB595,0xB575,0xAD75,
    0xA533,0xAD34,0xB595,0xAD54,0xB575,0xB595,0xBDB6,0xBDD6,0xB595,0xB575,0xB575,0xB595,
    0xB595,0xBDD6,0xC638,0xCE79,0xD699,0xD6B9,0xCE78,0xD6BA,0xD699,0xC638,0xCE58,0xC637,
    0xC637,0xC617,0xBDF7,0xB595,0xB595,0xB595,0xB575,0xB5B5,0xB5B5,0xAD75,0xAD75,0xA513,
    0x9CD2,0x94B1,0x9CB2,0xA513,0xAD34,0xB595,0xA533,0xB575,0xBDD6,0xAD54,0xAD34,0xA533,
    0x9CD2,0x9CD2,0x94B1,0x94B1,0x9CD2,0x9471,0x9470,0x9491,0x94B1,0xAD75,0xAD54,0x9CD2,
    0x9491,0x9CB2,0xA4D2,0x9CD2,0x9CB2,0x9CD2,0x9CF2,0xAD54,0xA513,0x9CD2,0xB595,0xB5B5,
    0x9CB2,0x9491,0xA4F3,0xAD34,0x9CB1,0x94B1,0x94B1,0x9CB2,0xA513,0x9CB2,0x9CD2,0x9CD2,
    0xA4F2,0xA513,0xAD54,0xAD34,0xA533,0xAD54,0xA4F2,0x9CD2,0xA513,0xA4F2,0x9CB2,0x9491,
    0x9470,0x9471,0x9491,0x9470,0x9CB1,0x9491,0x9471,0x840F,0x8C30,0x8C50,0x8C2F,0x7BCE,
    0x83EF,0x7BCE,0x840F,0x736D,0x6B2B,0x5289,0x62EA,0x5ACA,0x5289,0x5269,0x52A9,0x630B,
    0x630B,0x5269,0x5268,0x5268,0x5269,0x5289,0x5AA9,0x5269,0x5289,0x52A9,0x5AAA,0x5AAA,
    0x5AA9,0x5AA9,0x5289,0x5289,0x5289,0x6B2B,0x5ACA,0x5ACA,0x5ACA,0x5ACA,0x630B,0x630B,
    0x5ACA,0x52AA,0x52AA,0x5289,0x52AA,0x5AAA,0x5AEA,0x630B,0x630B,0x630B,0x5AEB,0x62EB,
    0x5ACA,0x5ACA,0x7BAE,0x7BCE,0x7BAD,0x6B2B,0x6B4C,0x6B4C,0x6B2B,0x6B6C,0x6B4C,0x6B4C,
    0x73AD,0x738D,0x7BCE,0x6B4C,0x5289,0x5ACA,0x52A9,0x5AA9,0x5ACA,0x62EA,0x5ACA,0x5AAA,
    0x5ACA,0x5ACA,0x5AAA,0x5289,0x5269,0x5289,0x4A69,0x4A69,0x4A69,0x4A69,0x4A48,0x4A69,
    0x4A69,0x5AAA,0x5289,0x4A69,0x5269,0x5289,0x5AEB,0x5AAA,0x5289,0x5289,0x52AA,0x630B,
    0x630B,0x630B,0x630B,0x630B,0x6B2B,0x630B,0x62CA,0x62EB,0x6B2C,0x630B,0x632B,0x736D,
    0x6B6C,0x6B6C,0x738D,0x83EF,0x7BCE,0x83EF,0x83EF,0x83EF,0x7BCE,0x7BCE,0x840F,0x7BCE,
    0x738D,0x7BCE,0x840F,0x8C50,0x94B1,0x840F,0x8C50,0xA513,0x9CD2,0x94B1,0x8C50,0x9CB2,
    0xA4F3,0x8C2F,0x7BAD,0x7BCE,0x6B6C,0x6B2C,0x83EF,0x8C30,0x8C70,0x9470,0x8C70,0x8C50,
    0x8C2F,0x842F,0x8C2F,0x7BCE,0x6B2C,0x6B2B,0x6B2B,0x6B2B,0x7B8D,0x7BCE,0x7BCE,0x7BAD,
    0x738D,0x738D,0x7BAD,0x7BCE,0x738D,0x840F,0x83EE,0x83EE,0x738D,0x6B4C,0x736C,0x736C,
    0x736C,0x738D,0x8C2F,0x9491,0xA533,0x9CB1,0x9CB1,0xA513,0xA533,0x94B1,0x9470,0x8C50,
    0x94B1,0x9491,0x9470,0x9CD2,0x9CD2,0x9491,0x9491,0x9CD2,0x9CD2,0x9CD2,0xA4F2,0xA513,
    0xA513,0xA513,0xA4F2,0xA4F2,0x9CD2,0xA4F3,0xA513,0xAD74,0xBDF6,0xB595,0xA4F2,0x9CD2,
    0x9CB1,0x9471,0x94B1,0x9CB1,0xA4F2,0x9CD2,0x9CB1,0x9470,0x9471,0x9CB2,0xA4F2,0x9CD2,
    0x9CD2,0x9CD2,0x94B1,0x9470,0x9CB1,0x9CB2,0xA4F2,0xA533,0xA4F2,0x9CD2,0x9CD2,0xA4F2,
    0xA533,0xAD33,0xAD54,0xAD54,0xAD74,0xAD75,0xAD74,0xAD54,0xA533,0xAD54,0xAD74,0xAD54,
    0xB575,0xAD54,0xAD54,0xA533,0xAD54,0xAD54,0xBDD6,0xC617,0xAD75,0xAD54,0xA4F2,0x9CF2,
    0xAD54,0xAD74,0xAD54,0xB595,0xC617,0xD6BA,0xD6BA,0xD699,0xD6BA,0xDEFB,0xDEFB,0xE75C,
    0xD6DA,0xCE79,0xC637,0xC617,0xC617,0xBDD6,0xC617,0xC617,0xCE58,0xCE79,0xC638,0xC638,
    0xC617,0xBDD6,0xB595,0xB5B5,0xB575,0xA533,0xAD54,0xAD54,0xAD54,0xAD75,0xBDB6,0xB574,
    0xAD74,0xB595,0xB5B5,0xBDD6,0xBDB6,0xB575,0xA533,0xAD54,0xB595,0xAD54,0xB595,0xB595,
    0xAD54,0xAD33,0xB575,0xAD74,0xA4F2,0xA513,0xA513,0xAD33,0xA533,0xB575,0xAD74,0xAD54,
    0xA4F3,0xAD34,0xAD34,0xA513,0xA513,0x9CF2,0x9CD2,0x9CD2,0xA513,0xA533,0xA533,0xAD33,
    0xAD34,0xAD74,0xB595,0xAD74,0xB595,0xB595,0xBDD6,0xAD75,0xAD74,0xB595,0xB595,0xA533,
    0xAD54,0xAD75,0xAD74,0xB595,0xAD75,0xA534,0xAD54,0xB595,0xAD75,0xBDD6,0xAD54,0xAD54,
    0xAD74,0xBDF7,0xBDD6,0xBDD6,0xAD54,0xAD54,0xA513,0x9CD2,0x9CF2,0xA4F3,0xAD54,0xB575,
    0xA533,0xAD34,0xAD33,0xAD74,0xAD34,0xA533,0xAD54,0xAD33,0xAD54,0xB595,0xAD34,0xA533,
    0xAD54,0xB595,0xC638,0xD6BA,0xC658,0xCE79,0xD6DA,0xE73C,0xD6BA,0xCE79,0xCE58,0xC638,
    0xBDB6,0xC5F7,0xC637,0xCE58,0xCE58,0xCE58,0xC617,0xC617,0xC617,0xC617,0xAD34,0xA533,
    0xAD33,0xA4F3,0xA513,0xAD54,0xAD74,0xBDB6,0xB575,0xB575,0xB574,0xAD34,0xA533,0xAD34,
    0xB575,0xB595,0xB595,0xB575,0xB575,0xAD54,0xAD74,0xB575,0xB595,0xBDF7,0xC638,0xCE58,
    0xCE58,0xCE58,0xD679,0xCE79,0xC617,0xCE58,0xCE58,0xC617,0xC617,0xBDB6,0xBDD6,0xBDF6,
    0xB5B5,0xB595,0xA534,0xAD54,0xAD74,0xAD34,0xA533,0xAD54,0x9CD2,0x9491,0x9CD2,0xA533,
    0xA4F3,0xA513,0x9CD2,0xA513,0xA513,0xA513,0xA513,0xA533,0xA4F3,0x9CB2,0x94B1,0x9CD2,
    0x94B1,0x9470,0x9470,0x9471,0x94B1,0xAD34,0x9CD2,0x9470,0x8C50,0x9491,0xA533,0xAD54,
    0x94B1,0x9CB2,0x9CD2,0x9CD2,0x9CD2,0xA4F3,0xA513,0xA513,0x9CD2,0x8C50,0x8C50,0x9CB1,
    0x9491,0x9470,0x9470,0x9471,0x9CD2,0x9CB2,0xA4F3,0xA513,0xAD33,0x9CD2,0xAD34,0xB575,
    0xA513,0xB595,0xA4F2,0x9CD2,0xAD34,0xBDD6,0x9CF2,0x9CD2,0x9CB2,0x9491,0x9CB2,0x9470,
    0x9470,0x9CD2,0x9491,0x8C30,0x840F,0x840F,0x842F,0x8C50,0x6B4C,0x736D,0x738D,0x630B,
    0x5AA9,0x5269,0x62EA,0x5ACA,0x5269,0x5269,0x5ACA,0x840F,0x840F,0x5289,0x4A48,0x5268,
    0x5268,0x5269,0x5289,0x5289,0x5269,0x5289,0x5AAA,0x5AAA,0x5ACA,0x5ACA,0x5AAA,0x5AAA,
    0x5AAA,0x5ACA,0x5AAA,0x5ACA,0x5AAA,0x5ACA,0x5ACA,0x62EA,0x5ACA,0x52A9,0x5289,0x5269,
    0x5269,0x5AAA,0x630B,0x630B,0x630B,0x630B,0x5ACA,0x5AEB,0x5ACA,0x5AAA,0x630B,0x7BAD,
    0x738D,0x6B4C,0x738D,0x736D,0x736C,0x840F,0x7BCE,0x62EA,0x630B,0x62EB,0x6B4C,0x5ACA,
    0x5ACA,0x5AAA,0x52AA,0x5AA9,0x5AA9,0x62CA,0x5AAA,0x52A9,0x5AAA,0x5ACA,0x5289,0x5269,
    0x4A69,0x4A69,0x4A69,0x52AA,0x5289,0x5269,0x4A49,0x4A49,0x4A69,0x4A49,0x5289,0x5289,
    0x52AA,0x630B,0x5AEB,0x52AA,0x5289,0x5289,0x52A9,0x5AAA,0x630B,0x6B0B,0x630B,0x6B2B,
    0x6B2C,0x6B0B,0x62EA,0x62EB,0x630B,0x630B,0x6B2C,0x6B4C,0x736D,0x6B4C,0x6B6D,0x7BAE,
    0x7BCE,0x7BAE,0x7BAE,0x73AE,0x73AD,0x73AD,0x7BCE,0x73AD,0x630B,0x7BCE,0x8430,0x8C30,
    0x9CF3,0x8C50,0x8C70,0x9CD2,0x9491,0x9CD2,0x9471,0x94B2,0x94B1,0x7BAD,0x6B4C,0x630B,
    0x5ACA,0x5ACA,0x630B,0x62EB,0x738D,0x7BCE,0x840F,0x8C70,0x8C30,0x83EF,0x840F,0x83EF,
    0x7BCE,0x738D,0x6B2B,0x6B2B,0x83EF,0x83EE,0x83CE,0x7BAD,0x6B6C,0x736C,0x83CE,0x83EE,
    0x738D,0x736D,0x6B4C,0x6B4C,0x6B6C,0x6B4C,0x6B2B,0x6B2B,0x738D,0x7BCE,0x8C50,0x9CD2,
    0xB595,0x9CB2,0x9CB1,0x9491,0x9CB1,0x8C50,0x8C2F,0x8C2F,0x9491,0x8C50,0x9CD2,0x9CB2,
    0x9CD2,0xA533,0x9CD2,0x9CB1,0x9470,0xA4D2,0xA513,0xA4F2,0xA533,0xA4F2,0xA513,0xA4F2,
    0x9CD2,0xA513,0xAD54,0xB595,0xC5F7,0xAD74,0xA4F2,0x9CD2,0x94B1,0x9470,0x9491,0x9CD2,
    0xA4F2,0xA513,0x9491,0x9470,0x9471,0x9491,0x8C50,0x9491,0x9470,0x8C70,0x94B1,0x9471,
    0x9471,0x94B1,0x9CB2,0xA4F2,0xA4F2,0x9CD2,0xA4F2,0xA513,0xA513,0xA513,0xA533,0xAD75,
    0xB5B6,0xBDF6,0xB5B5,0xB575,0xAD34,0xB595,0xB575,0xAD54,0xB595,0xAD75,0xB595,0xAD75,
    0xAD74,0xAD54,0xB595,0xBDD7,0xAD54,0xAD34,0xA513,0xBDD6,0xC617,0xAD75,0xBDF7,0xC637,
    0xCE79,0xDEFB,0xDF1B,0xE73C,0xE75C,0xEF7D,0xE75C,0xE75C,0xCE99,0xCE79,0xC617,0xC617,
    0xBDF7,0xB5B5,0xBDB6,0xBDD6,0xC617,0xC617,0xC617,0xBDF7,0xBDD6,0xBDD6,0xBDD6,0xBDF7,
    0xBDD6,0xB595,0xAD75,0xB595,0xB595,0xB595,0xBDD6,0xC5F7,0xCE58,0xBDF7,0xBDD6,0xC5F7,
    0xB595,0xB575,0xAD54,0xAD74,0xAD74,0xAD74,0xBDD6,0xBDF7,0xBDD6,0xAD74,0xB595,0xB5B5,
    0xAD33,0xA513,0xA4F3,0xB575,0xBDF6,0xBDD6,0xAD54,0xB595,0xAD74,0xA513,0xA533,0xAD54,
    0xA4F2,0x9CD2,0xA4F3,0x9CD2,0xA513,0xA513,0xA533,0xAD54,0xAD54,0xAD74,0xAD54,0xB595,
    0xB595,0xA534,0xAD75,0xB595,0xAD54,0xAD54,0xAD54,0xA534,0xA513,0xAD54,0xAD75,0xB595,
    0xAD75,0xA533,0xAD54,0xB595,0xB595,0xB5B5,0xAD75,0xAD75,0xAD75,0xB595,0xB595,0xB595,
    0xB595,0xAD54,0xAD34,0x9CB2,0x9CD2,0x9CD2,0xA4F2,0xA533,0xA533,0xA4F3,0xA513,0xA4F2,
    0x9CD2,0xA4F3,0xAD74,0xAD54,0xBDB5,0xB5B5,0xAD54,0xAD54,0xC5F7,0xBDD6,0xC617,0xCE99,
    0xCE79,0xCE79,0xCE79,0xCE58,0xC638,0xD699,0xCE79,0xCE79,0xCE79,0xD699,0xC617,0xCE79,
    0xD699,0xCE58,0xC637,0xBDD6,0xB595,0xBDB6,0xB5B5,0xBDD6,0xB575,0xA533,0xA513,0xAD54,
    0xAD54,0xBDD6,0xB595,0xB595,0xB595,0xAD74,0xAD75,0xB595,0xB595,0xBDB6,0xAD74,0xAD74,
    0xAD54,0xAD54,0xB595,0xBDD6,0xBDD6,0xBDF7,0xC617,0xC637,0xC638,0xC617,0xC617,0xC617,
    0xCE58,0xC638,0xC637,0xC637,0xBDF7,0xBDD6,0xB595,0xBDD6,0xB575,0xAD54,0xAD54,0xAD34,
    0xA4F2,0xA534,0xA4F2,0xA513,0xA513,0xA513,0xA513,0xA4F3,0xA4F2,0x9CD2,0x9CD2,0xA513,
    0xAD54,0xA533,0x9CF2,0x9CD2,0xA513,0x9CD2,0xA533,0x9CD2,0x94B1,0x9491,0x9CD2,0x9CB1,
    0x9CB2,0x9471,0x9471,0x9491,0x9491,0x9CD2,0x94B1,0x9491,0x94B1,0x9CD2,0x9CB1,0x9CD2,
    0x9491,0xA4F3,0x9CD2,0x9CB1,0x9CB2,0x8C30,0x9471,0x9491,0x9470,0x9491,0x8C50,0x9470,
    0x94B1,0xAD54,0xA4F3,0x9CD2,0xA513,0xAD34,0xAD54,0x9CD2,0x9CD2,0x94B1,0x9491,0x94B1,
    0x9CD2,0x9CB1,0x9491,0x9CD2,0x9CD2,0x9CB1,0x9CD2,0x9CB1,0x9CD2,0x94B1,0x8C30,0x9471,
    0x9470,0x9470,0x840F,0x840F,0x7BCE,0x7BAE,0x736C,0x5AA9,0x5269,0x62EB,0x6B4C,0x62EA,
    0x5269,0x5289,0x5289,0x62EA,0x630B,0x5AA9,0x5269,0x5268,0x5268,0x5269,0x5289,0x5289,
    0x5289,0x5289,0x5AA9,0x52A9,0x5AA9,0x5ACA,0x630B,0x62EA,0x62EA,0x630B,0x630B,0x62EA,
    0x5ACA,0x5289,0x5AAA,0x5AAA,0x52AA,0x5ACA,0x5AAA,0x5289,0x5289,0x5AAA,0x630B,0x5AEA,
    0x5AEA,0x630B,0x5ACA,0x5ACA,0x5ACA,0x5ACA,0x5ACA,0x6B4C,0x6B4C,0x6B4C,0x736C,0x736D,
    0x736D,0x736C,0x7BAD,0x83CE,0x6B4C,0x738D,0x736D,0x5AEA,0x5AAA,0x5289,0x52A9,0x5289,
    0x5AA9,0x52A9,0x5289,0x5AA9,0x5AAA,0x5AAA,0x5ACA,0x5289,0x52A9,0x5269,0x5269,0x52AA,
    0x52AA,0x5289,0x4A69,0x4A48,0x4A48,0x4A69,0x52AA,0x5ACA,0x5289,0x630B,0x5ACA,0x52AA,
    0x5AAA,0x5ACA,0x5ACA,0x5AAA,0x62EA,0x62EA,0x62EB,0x630B,0x630B,0x62EA,0x62EA,0x62EA,
    0x5ACA,0x62EB,0x6B4C,0x6B4C,0x6B6D,0x6B4C,0x6B4C,0x6B4C,0x73AD,0x73AE,0x73AD,0x738D,
    0x738D,0x738D,0x7BAE,0x6B4C,0x6B2C,0x7BCE,0x7BCE,0x7BAE,0x840F,0x8C30,0x8C50,0x9491,
    0x9CB2,0x9471,0x8C70,0x840F,0x7BCE,0x6B4C,0x6B2B,0x5AAA,0x5289,0x5AA9,0x5ACA,0x5AA9,
    0x62EA,0x630B,0x6B4C,0x736D,0x83CE,0x738D,0x7BCE,0x840F,0x8C2F,0x8C2F,0x8C50,0x736C,
    0x738D,0x736D,0x630B,0x6B2C,0x6B2C,0x6B4C,0x7BAD,0x7BAD,0x7BCE,0x738D,0x736C,0x736D,
    0x736C,0x6B4C,0x6B4C,0x6B4C,0x738D,0x738D,0x8C30,0x9CD2,0x9470,0x9CB2,0xA4F2,0xA513,
    0x9CB1,0x9470,0x9CB2,0xAD54,0xA533,0x9CB2,0x9CB2,0x9CD2,0xA513,0xA513,0x9CD2,0x9CD2,
    0x9471,0x9CD2,0x9CB2,0xA513,0xAD74,0x9CD2,0x9CB2,0xA4F2,0xAD33,0xAD54,0xAD54,0xB595,
    0xB595,0xA513,0xA513,0x9CB2,0x9491,0x9CD2,0xA513,0x9CD2,0x9CB1,0x9CB2,0x9CB2,0x8C50,
    0x8C50,0x8C2F,0x840F,0x9470,0xA513,0x9CD2,0x9491,0x9491,0x94B1,0x9491,0x9CB1,0xA4F2,
    0xA4F2,0x9CD2,0xA4F3,0xA533,0xA4F3,0x9CD2,0xAD34,0xA533,0xAD54,0xC638,0xBDD6,0xB595,
    0xBDB6,0xBDB6,0xB5B5,0xB595,0xAD54,0xB595,0xBDD6,0xB595,0xA513,0xA513,0xA4F2,0xA513,
    0xA513,0xAD54,0xC617,0xBDD6,0xC617,0xBDB6,0xC638,0xCE79,0xD6BA,0xDEFB,0xE73C,0xEF7D,
    0xF79E,0xF7DE,0xFFFF,0xEF7D,0xD6BA,0xCE99,0xC617,0xB5B6,0xBDF7,0xBDD6,0xB595,0xB595,
    0xB5B6,0xBDF7,0xCE58,0xC617,0xBDF7,0xC5F7,0xBDD6,0xB5B6,0xC5F7,0xBDB6,0xB5B5,0xB595,
    0xAD75,0xB575,0xB595,0xB595,0xCE58,0xCE79,0xB575,0xA533,0xAD74,0xA513,0xAD33,0xAD74,
    0xB575,0xB595,0xAD74,0xBDB6,0xB595,0xAD34,0xAD54,0xB575,0xB574,0xA533,0xAD54,0xBDF6,
    0xB5B5,0xAD54,0xAD54,0xAD75,0xBDD6,0xAD34,0xAD54,0xAD54,0xA4F2,0xA4F2,0xA513,0xAD34,
    0xA533,0xA513,0xA513,0xA513,0xA533,0xAD33,0xAD54,0xAD54,0xA513,0xA533,0xA534,0xAD54,
    0xA513,0xA513,0xA513,0xA533,0xAD54,0xAD75,0xAD75,0xAD75,0xB575,0xAD74,0xAD54,0xAD54,
    0xAD75,0xAD75,0xB595,0xB595,0xB595,0xAD75,0xB595,0xB5B6,0xBDF7,0xBDF7,0xB5B5,0xAD34,
    0xA513,0xA513,0x9CD2,0xAD54,0xB595,0xA4F2,0xA513,0x9CD2,0xA4F3,0xA513,0xB595,0xB595,
    0xAD54,0xAD74,0xAD54,0xAD54,0xBDD6,0xBDD6,0xC617,0xBDF7,0xC617,0xCE58,0xD699,0xCE79,
    0xCE79,0xD6BA,0xCE79,0xCE58,0xC658,0xCE79,0xCE58,0xC617,0xC638,0xCE58,0xC617,0xB595,
    0xB595,0xB595,0xB575,0xB595,0xAD74,0xA533,0xA513,0xAD54,0xAD54,0xB595,0xB595,0xB595,
    0xBDD6,0xBDD6,0xB595,0xB595,0xB595,0xB5B5,0xC638,0xC617,0xB5B5,0xB595,0xB595,0xB595,
    0xBDD6,0xBDF7,0xC617,0xC617,0xC617,0xBDF7,0xC617,0xBDB6,0xC617,0xCE58,0xCE58,0xC638,
    0xBDD6,0xBDD6,0xBDD6,0xB595,0xAD34,0xA513,0xAD74,0xA533,0xA533,0xAD34,0xA513,0x9CD2,
    0xA513,0xA4F2,0xA513,0xAD34,0xA513,0x9CD2,0x9CB1,0x9CD2,0xAD54,0xAD34,0xAD54,0xA4F2,
    0xAD54,0xA513,0xAD75,0xAD54,0x9CD2,0x9CD2,0x9CD2,0x9CD2,0x9491,0x9491,0x9471,0x9470,
    0x9CB2,0x9CD2,0x94B1,0x9470,0x9CD2,0x9CB1,0x9CB2,0x9491,0x94B1,0xA4F2,0xA4F3,0x9CD2,
    0x9491,0x840F,0x8C50,0x9CB1,0x9491,0x9470,0x94B1,0x9470,0x9CB2,0xB575,0xAD54,0x9CD2,
    0xA533,0xAD54,0xAD34,0xA513,0x9CD2,0xA4F2,0x9491,0x9470,0x9491,0x94B1,0x9491,0x9471,
    0x9491,0x9470,0x9491,0x9CB2,0xAD54,0xAD54,0x94B1,0x9470,0x9CD2,0x9CD2,0x83EF,0x7BCE,
    0x7BCE,0x7BCE,0x83EE,0x7BAD,0x62CA,0x6B4C,0x6B4C,0x5AAA,0x5AAA,0x5289,0x4A69,0x5269,
    0x52A9,0x52A9,0x5289,0x5269,0x5268,0x5269,0x5289,0x5289,0x5289,0x5289,0x5289,0x5289,
    0x5AA9,0x52A9,0x5ACA,0x6B2C,0x6B2C,0x630B,0x62EB,0x5ACA,0x5ACA,0x5289,0x52AA,0x52AA,
    0x5289,0x5AAA,0x52A9,0x52AA,0x52AA,0x5AAA,0x5ACA,0x5ACA,0x5ACA,0x5AEA,0x5ACA,0x5ACA,
    0x5ACA,0x5ACA,0x5ACA,0x6B0B,0x6B2B,0x62CA,0x6B0B,0x6B4C,0x5ACA,0x5AA9,0x5ACA,0x734C,
    0x7BCE,0x6B4C,0x5AA9,0x5AAA,0x5289,0x52A9,0x5AAA,0x52A9,0x5289,0x5ACA,0x62EA,0x5ACA,
    0x630B,0x6B2C,0x5ACA,0x5ACA,0x5ACA,0x5AAA,0x5ACA,0x52AA,0x5ACA,0x52AA,0x5269,0x5269,
    0x4A69,0x5269,0x4A69,0x5289,0x52AA,0x52AA,0x5AAA,0x5AAA,0x5AAA,0x62EA,0x5ACA,0x5ACA,
    0x62EB,0x62EA,0x62EA,0x62EB,0x62EA,0x62EA,0x5ACA,0x5ACA,0x5ACA,0x52AA,0x5ACA,0x630B,
    0x738D,0x738D,0x6B2C,0x736D,0x73AE,0x7BAE,0x7BCE,0x738D,0x7BAE,0x8C30,0x83EF,0x6B4C,
    0x73AE,0x7BCE,0x736D,0x7BAE,0x7BEF,0x840F,0x8C50,0xA513,0xB5B6,0xA513,0x840F,0x6B2B,
    0x62CA,0x5AA9,0x62EA,0x5ACA,0x5AAA,0x62CA,0x5AAA,0x5ACA,0x62EB,0x62EA,0x6B2B,0x6B4C,
    0x7BAD,0x736D,0x7BAD,0x83CE,0x83EF,0x840F,0x83EF,0x6B4C,0x630B,0x5ACA,0x5ACA,0x630B,
    0x6B4C,0x7BAD,0x738D,0x840F,0x8C50,0x83EE,0x738D,0x736C,0x738D,0x6B2B,0x6B2B,0x736C,
    0x7BAD,0x736C,0x738D,0x8C30,0x8C30,0x9470,0xA4F2,0xAD74,0xA513,0x9CD2,0xB575,0xC617,
    0xAD54,0x9CD2,0xA4F2,0xA513,0x9CB2,0x9CD2,0x9CB1,0x9470,0x9491,0x9CD2,0xA513,0xA533,
    0xA4F3,0x9CB2,0x9CD2,0xAD54,0xB574,0xB574,0xB595,0xB595,0xAD54,0xA4F3,0x9CB2,0x9CB1,
    0x9491,0x9CB2,0xA513,0x9CB2,0x94B1,0x9491,0x9CD2,0x9CD2,0x8C50,0x8C2F,0x9491,0x9CB1,
    0x9CB2,0x9CB2,0x94B1,0x9CD2,0x9CB2,0x9CB2,0xA4F2,0xA533,0x9CB2,0x9CD2,0xB595,0xB575,
    0xAD34,0x9CD2,0x9CB2,0xAD34,0xB5B5,0xB575,0xB575,0xB5B5,0xAD54,0xB575,0xAD54,0xA533,
    0xA533,0xAD54,0xAD54,0xA513,0xA513,0xA513,0xA513,0xA533,0xAD54,0xB5B5,0xC638,0xBDD6,
    0xAD75,0xB5B5,0xBDD6,0xBDF7,0xD6BA,0xE73C,0xEF7C,0xEF7D,0xEF7D,0xEF9E,0xF7DE,0xE73C,
    0xD699,0xC638,0xCE58,0xBDF7,0xC617,0xC638,0xC617,0xC5F7,0xC637,0xD699,0xD6BA,0xD699,
    0xD699,0xCE58,0xBDD6,0xB5B5,0xC617,0xBDD6,0xB5B5,0xBDD6,0xB595,0xAD74,0xB575,0xB595,
    0xBDB6,0xBDF7,0xB5B6,0xAD54,0xB595,0xAD33,0xB575,0xB595,0xB5B5,0xB595,0xAD54,0xA513,
    0xA533,0xA4F2,0xA513,0xAD54,0xAD54,0xAD74,0xB595,0xB575,0xAD74,0xAD54,0xAD54,0xA533,
    0xA533,0xAD54,0xAD33,0xB5B5,0xB595,0xAD54,0xAD34,0xAD54,0xA4F2,0xA4F3,0xAD34,0x9CD2,
    0xA513,0xA4F2,0xA513,0xA4F3,0x9CD2,0xA533,0xAD54,0xAD54,0xA534,0xA4F3,0xA513,0xA533,
    0xAD74,0xB595,0xAD75,0xA534,0xA533,0xAD75,0xAD54,0xAD75,0xB595,0xAD54,0xB575,0xB5B6,
    0xB595,0xBDD6,0xBE17,0xC617,0xD6BA,0xBDF7,0xAD54,0xAD54,0xAD34,0xA533,0xA513,0xB575,
    0xBDD6,0xAD33,0xAD34,0xAD74,0xAD34,0xA513,0xAD34,0xB595,0xBDD6,0xB5B5,0xB595,0xB595,
    0xB595,0xBDD6,0xB5B5,0xB595,0xC617,0xCE79,0xC658,0xC617,0xC617,0xCE78,0xDEDA,0xCE58,
    0xBDD6,0xC617,0xC638,0xBDD6,0xB575,0xBDB6,0xBDD6,0xB5B5,0xBDD6,0xBDD6,0xAD54,0xAD54,
    0xA533,0xAD34,0xAD54,0xAD54,0xA513,0xAD34,0xB5B5,0xCE78,0xC617,0xB595,0xBDD6,0xAD54,
    0xAD74,0xB5B5,0xCE79,0xD699,0xB595,0xBDD6,0xBDF7,0xBDD6,0xBDB5,0xBDD6,0xBDF7,0xBDD6,
    0xBDF7,0xBDD6,0xBDD6,0xC617,0xBDD6,0xBDF7,0xCE58,0xBDF7,0xAD74,0xB5B5,0xAD75,0xAD54,
    0xAD54,0xA513,0xAD54,0xB595,0xAD54,0xA513,0xAD54,0xAD75,0xAD54,0xA533,0xAD34,0xAD34,
    0xA513,0xA4F3,0x9491,0x9CD2,0x9CD2,0x9CD2,0x9CD2,0xA513,0xA533,0xAD75,0xAD34,0xAD54,
    0xB575,0xBDB6,0xAD34,0x9CF2,0x9CD2,0x9491,0x9491,0x9491,0x9CB2,0x9CD2,0x9491,0x8C50,
    0xA4F2,0x9CD2,0x9CD2,0xA4F2,0x9CB1,0x9CD2,0x9CB1,0xA4F3,0x9491,0x8C2F,0x9491,0x9CB2,
    0x9491,0x8C50,0x9470,0x9491,0xA4F2,0xA513,0xA4F2,0x9CD2,0x94B1,0x9CD2,0xA4D2,0x9CD2,
    0x9CD2,0x9CD2,0x9CB1,0xA4F2,0xA4F3,0x9CD2,0x9CD2,0x9CB2,0x9491,0x94B1,0x9CB2,0x9CD2,
    0x9491,0x9CF2,0x9CB2,0x9470,0xA4F2,0x8C70,0x840F,0x83EF,0x7BCE,0x840F,0x7BCE,0x83EF,
    0x738D,0x630B,0x6B2B,0x5269,0x4A68,0x4A69,0x4A48,0x4A68,0x5289,0x5289,0x5289,0x5AAA,
    0x5AAA,0x5AA9,0x5289,0x5289,0x5289,0x5289,0x5289,0x5289,0x52A9,0x5AAA,0x62EA,0x62EB,
    0x630B,0x5ACA,0x52AA,0x5AAA,0x5289,0x52A9,0x52AA,0x52AA,0x5ACA,0x52AA,0x5289,0x5289,
    0x5289,0x52AA,0x5AAA,0x5ACA,0x5AEA,0x630B,0x5ACA,0x5AEA,0x62EB,0x5ACA,0x5ACA,0x62EB,
    0x630B,0x5ACA,0x5ACA,0x62CA,0x5AAA,0x5AA9,0x630B,0x7BAD,0x62EB,0x5ACA,0x52AA,0x5289,
    0x5269,0x5269,0x5289,0x5AAA,0x52AA,0x5ACA,0x630B,0x630B,0x630B,0x62EB,0x5AAA,0x5ACA,
    0x5ACA,0x5ACA,0x5ACA,0x52AA,0x52AA,0x5289,0x5289,0x52AA,0x5289,0x5289,0x5289,0x4A69,
    0x5269,0x52AA,0x5ACA,0x5AAA,0x5AAA,0x5ACA,0x5ACA,0x5ACA,0x5ACA,0x5ACA,0x62EB,0x630B,
    0x630B,0x62EB,0x5ACA,0x5289,0x4A69,0x52AA,0x5ACA,0x630B,0x840F,0x6B4C,0x630B,0x6B6D,
    0x738D,0x7BCE,0x7BCE,0x73AD,0x8430,0x94B2,0x8C71,0x73AE,0x738D,0x6B6C,0x73AD,0x7BCE,
    0x7BCE,0x73AD,0x8C70,0x9CB2,0x94B2,0xA4F3,0x9491,0x6B2B,0x5AAA,0x52A9,0x630B,0x630B,
    0x62EA,0x62EA,0x5ACA,0x5AAA,0x5ACA,0x6B0B,0x630B,0x6B2B,0x6B4C,0x7BCE,0x7BCE,0x7BCE,
    0x736C,0x6B4C,0x736D,0x630B,0x5ACA,0x5ACA,0x6B2C,0x630B,0x630B,0x736C,0x840F,0x840F,
    0x7BCE,0x736D,0x7BAD,0x736D,0x6B2C,0x736C,0x738D,0x7BCE,0x840F,0x840F,0x7BCE,0x83EF,
    0x7BCE,0x840F,0x9CD2,0xA533,0xA513,0x9CD2,0xA513,0xA533,0xA513,0x9CB2,0x9CB1,0x9CD2,
    0xA513,0x9CB2,0x9470,0x8C2F,0x8C50,0x9CB2,0xA513,0x9CB2,0x9CD2,0x9CD2,0xA513,0xB574,
    0xBDB5,0xBDD6,0xBDD6,0xB574,0xB595,0xA513,0x9CD2,0x9CD2,0x94B1,0x9CB2,0x9491,0x9CB1,
    0x9CD2,0x94B1,0x9470,0x9491,0x8C50,0x9470,0xA513,0x9CD2,0x9CB1,0x9470,0x9CD2,0xA4F3,
    0x9CD2,0x94B1,0x9CD2,0xA513,0xA513,0xA513,0xA533,0xAD34,0x9CB2,0xA513,0xAD54,0xB595,
    0xBDD6,0xAD54,0xAD54,0xAD34,0xA513,0xA533,0xA533,0xA513,0xA533,0xA513,0xA533,0xB595,
    0xA533,0xAD54,0xAD54,0xB575,0xAD75,0xB595,0xAD54,0xAD54,0xAD54,0xA513,0xA533,0xBDD6,
    0xC617,0xD699,0xDEFB,0xE73C,0xE73C,0xE73C,0xDF1B,0xCE79,0xC658,0xC638,0xBDD6,0xB5B6,
    0xBDF7,0xC617,0xC638,0xBDF7,0xBDB6,0xC5F7,0xCE58,0xCE79,0xD6BA,0xD6BA,0xCE58,0xC617,
    0xC5F7,0xC617,0xBDD6,0xBDD6,0xB5B5,0xB574,0xAD74,0xBDB6,0xB595,0xB595,0xBDD6,0xBDB6,
    0xB595,0xBDB5,0xB595,0xB575,0xB575,0xAD74,0xAD54,0xA513,0xA4F3,0xA513,0xA513,0xA513,
    0xB595,0xAD75,0xAD54,0xAD54,0xAD74,0xAD74,0xAD54,0xAD33,0xAD74,0xAD54,0xA513,0xA513,
    0xA513,0xAD34,0xAD33,0xAD34,0xA513,0xAD34,0xA513,0xAD54,0xA533,0x9CF2,0xAD54,0xAD54,
    0xA533,0xAD54,0xAD54,0xAD54,0xAD74,0xA534,0xA534,0xAD54,0xAD54,0xA533,0xA533,0xA533,
    0x9CB2,0x9CD2,0xA513,0xAD54,0xB595,0xAD75,0xB595,0xB5D6,0xC617,0xBDF7,0xC637,0xC638,
    0xC617,0xB595,0xB595,0xB595,0xB5B5,0xCE58,0xB595,0xAD34,0xAD54,0xB575,0xA513,0xAD34,
    0xA513,0xA513,0xAD54,0xBDD6,0xBDD6,0xCE79,0xC638,0xB575,0xB595,0xB595,0xB575,0xB5B5,
    0xBE17,0xC638,0xC617,0xB5B5,0xBDD6,0xAD54,0xCE58,0xCE79,0xC617,0xB575,0xB5B6,0xBDD6,
    0xB595,0xB595,0xB595,0xB595,0xBDD6,0xBDF7,0xB5B5,0xAD54,0xAD34,0xB575,0xB575,0xAD54,
    0xA533,0xA513,0xAD34,0xBDD6,0xBDD6,0xAD74,0xAD74,0xB595,0xB5B5,0xB5B6,0xB5B5,0xB595,
    0xAD75,0xAD75,0xBDD6,0xC638,0xBDD6,0xC617,0xC617,0xC5F7,0xBDD6,0xC5F7,0xB595,0xBDD6,
    0xBDD6,0xBDF7,0xBDF7,0xB5B6,0xAD34,0xAD34,0xA513,0xAD54,0xBDD6,0xA513,0xA513,0xB595,
    0xAD54,0xA513,0xAD54,0xBDD6,0xB595,0xAD75,0xB575,0xA533,0xA533,0xA513,0x9CD2,0x9CF2,
    0x9CB2,0x9CD2,0xA4F3,0xA4F2,0xAD34,0xA534,0xA533,0xAD34,0xBDD6,0xC638,0xAD34,0x9CD2,
    0x9CF2,0x9491,0x9491,0x9CD2,0xA4F2,0xA4F2,0x9491,0x9470,0x9CB2,0x9CB2,0x94B1,0x9CD2,
    0x9CD2,0x9CD2,0x94B1,0x9471,0x9470,0x9470,0x9491,0x8C70,0x9470,0x9491,0x94B1,0x9470,
    0x94B1,0x9CD2,0x9CD2,0xA4F3,0x9CD2,0x9CD2,0xA533,0xAD33,0xA513,0xA513,0xA4F3,0xA533,
    0xB595,0xA513,0x94B1,0x9471,0x9CB2,0x9CD2,0x9491,0x9491,0x9CB2,0x9491,0x9CD2,0x9CD2,
    0x94B1,0x8C2F,0x83EF,0x8C2F,0x7BAD,0x7BCE,0x5AAA,0x4A48,0x738D,0x6B4C,0x52A9,0x4A48,
    0x4A48,0x4A48,0x5269,0x4A48,0x5269,0x5269,0x5289,0x62CA,0x62EB,0x62EA,0x5ACA,0x5ACA,
    0x5ACA,0x5AA9,0x5AA9,0x5AA9,0x5289,0x5ACA,0x5ACA,0x630B,0x62EB,0x5ACA,0x52AA,0x5289,
    0x5289,0x5289,0x5289,0x5289,0x5289,0x5289,0x5269,0x5269,0x5269,0x5289,0x52A9,0x5AAA,
    0x5AEA,0x630B,0x630B,0x5AEA,0x5ACA,0x5ACA,0x5AAA,0x5ACA,0x62EB,0x5ACA,0x5ACA,0x5ACA,
    0x5AA9,0x5ACA,0x6B2B,0x630B,0x62EA,0x62EA,0x5289,0x5269,0x4A69,0x5289,0x5ACA,0x5AAA,
    0x5AAA,0x630B,0x6B2B,0x630B,0x62EB,0x5ACA,0x5ACA,0x5ACA,0x52A9,0x52AA,0x52A9,0x5289,
    0x52A9,0x5ACA,0x5289,0x4A69,0x4A69,0x52AA,0x5289,0x5289,0x5269,0x5289,0x5ACA,0x5ACA,
    0x5ACA,0x5AAA,0x52AA,0x5ACA,0x5ACA,0x52AA,0x52A9,0x5ACA,0x5ACA,0x5ACA,0x62EA,0x5ACA,
    0x5289,0x5289,0x5289,0x62EB,0x840F,0x6B4C,0x62EB,0x6B4C,0x73AE,0x73AD,0x83EF,0x840F,
    0x8C71,0x8C50,0x8C71,0x8C50,0x73AE,0x73AD,0x738D,0x73AD,0x6B6D,0x73AD,0x83EF,0x840F,
    0x9CB2,0x94B1,0x73AD,0x62EA,0x5ACA,0x6B2C,0x6B4C,0x6B2C,0x630B,0x630B,0x62CA,0x62EA,
    0x630B,0x630B,0x630B,0x6B2B,0x6B4C,0x6B0B,0x630B,0x630B,0x62EA,0x6B2B,0x6B4C,0x6B2C,
    0x5ACA,0x5ACA,0x630B,0x630B,0x630B,0x736D,0x8C2F,0x9470,0x7BCE,0x736C,0x7BCE,0x738D,
    0x736C,0x736C,0x6B4C,0x8C30,0x7BCE,0x9491,0x840F,0x738D,0x738D,0x7BCE,0x9470,0xA513,
    0xA513,0xAD54,0xA4F2,0xAD33,0xA513,0x9CD2,0xA533,0xAD34,0xA513,0x94B1,0x9CD2,0xA4D2,
    0x9CF2,0x9CD2,0x9CD2,0x9CB1,0x9CB2,0x9491,0xA513,0xB595,0xBDD6,0xBDD6,0xBDD6,0xC637,
    0xB575,0xB575,0xAD54,0xA513,0x9CD2,0x9CD2,0x94B1,0x94B1,0x9491,0x9CD2,0x9CD2,0x9CD2,
    0x94B1,0x9CD2,0xA4F2,0x8C50,0x9470,0x9CB2,0x9CB1,0x9CD2,0x9CB2,0x9CB1,0x9CB1,0x9CF2,
    0x9CD2,0x9CD2,0x9CD2,0x94B1,0x9CB2,0xAD34,0xB595,0xB595,0xB575,0xAD34,0xAD54,0xAD54,
    0xAD54,0xA534,0xAD74,0xAD54,0xA4F2,0xA513,0xAD54,0xB595,0xAD54,0xAD54,0xAD75,0xAD54,
    0xAD54,0xA534,0xA534,0xAD75,0xB5B5,0xAD54,0xB595,0xBDD6,0xBDD6,0xC617,0xDEDA,0xDEDA,
    0xD6BA,0xDF1B,0xE73C,0xDEDA,0xB595,0xB5D6,0xBDD6,0xB5B5,0xB5B6,0xBDD6,0xC638,0xC658,
    0xBDD6,0xC617,0xCE58,0xCE78,0xC637,0xCE78,0xD699,0xCE78,0xC5F7,0xBDD6,0xBDF7,0xBDD6,
    0xB595,0xB575,0xAD74,0xBDB6,0xB595,0xAD74,0xBDD6,0xBDF6,0xBDB6,0xB595,0xAD74,0xAD54,
    0xB595,0xAD54,0xAD34,0xAD54,0xA513,0xA513,0xAD75,0xAD54,0xAD54,0xAD54,0xAD54,0xA513,
    0xA533,0xAD74,0xAD54,0xB5B5,0xB5B5,0xBDF7,0xAD74,0xAD54,0xAD74,0xAD54,0xAD54,0xA533,
    0xAD54,0xB575,0xAD54,0xAD34,0xA513,0xA4F3,0xA513,0xA533,0xAD54,0xAD54,0xB575,0xAD54,
    0xA533,0xAD54,0xA533,0xAD34,0xAD75,0xAD54,0x9CD2,0xA513,0x9CF2,0x9CD2,0xA513,0xAD75,
    0xB595,0xAD54,0xB5B5,0xBDD6,0xB575,0xB5B5,0xC617,0xC637,0xBDD6,0xB595,0xBDF7,0xBDD6,
    0xBDB6,0xCE58,0xB575,0xB595,0xB595,0xB595,0xAD34,0xA533,0xA513,0xA533,0xB575,0xB595,
    0xBDB6,0xCE58,0xC617,0xBDD6,0xAD54,0xB595,0xB5B6,0xB575,0xB5B5,0xC617,0xCE58,0xBDD6,
    0xB5B6,0xB595,0xB595,0xC617,0xC637,0xBDD6,0xAD75,0xAD34,0xAD75,0xBDD6,0xB595,0xB575,
    0xAD54,0xAD74,0xAD75,0xAD75,0xB595,0xAD54,0xAD74,0xC637,0xBDD6,0xAD54,0xAD74,0xB595,
    0xAD54,0xA533,0xAD34,0xAD54,0xAD75,0xB575,0xAD54,0xAD34,0xAD75,0xB595,0xB5B5,0xC638,
    0xBDF7,0xBDF7,0xBDD6,0xBDD6,0xBDD6,0xBDF7,0xB5B5,0xB5B6,0xAD75,0xBDF6,0xBDD6,0xB595,
    0xAD75,0xAD74,0xAD54,0xAD54,0xB595,0xAD54,0xB595,0xB595,0xB595,0xB5B6,0xB595,0xB575,
    0xB595,0xB595,0xAD54,0xAD54,0xAD34,0xA534,0xA4F3,0xA513,0xA513,0xA4F2,0xAD34,0xAD75,
    0xA533,0xAD54,0xAD54,0xAD54,0xAD34,0xA513,0x9CF2,0x9CD2,0x9491,0x94B1,0xA513,0x9491,
    0x9CB2,0xA513,0x94B1,0x9CB2,0x94B1,0x9CD2,0xA513,0x9CF2,0xA513,0x9CD2,0x94B1,0x9491,
    0x94B1,0x9CD2,0x9491,0x9491,0x9491,0x9470,0x94B1,0x94B1,0x8C50,0x9CB1,0x9CF2,0xAD54,
    0x9CB1,0x9CD2,0xA513,0xA533,0x9CB2,0x9CD2,0xB575,0xA4F2,0x9CD2,0x9CD2,0x9471,0x9470,
    0xA4F3,0xA513,0x9CD2,0x9491,0x9470,0x94B2,0xA513,0x9CB1,0x8C2F,0x8C30,0x840F,0x7BCE,
    0x7BAD,0x630B,0x5ACA,0x5ACA,0x5AAA,0x4A69,0x4227,0x4227,0x4A48,0x4A48,0x4A48,0x5269,
    0x5269,0x5289,0x5AAA,0x5AAA,0x62EB,0x630B,0x6B2C,0x6B4C,0x630B,0x630B,0x5ACA,0x5ACA,
    0x5AA9,0x5289,0x5AAA,0x630B,0x7BCE,0x630B,0x5289,0x52AA,0x52AA,0x52A9,0x5AAA,0x5289,
    0x5269,0x5269,0x52AA,0x5289,0x4A69,0x52AA,0x52A9,0x52A9,0x5ACA,0x630B,0x6B2C,0x5AEB,
    0x5AAA,0x5ACA,0x5ACA,0x5AEA,0x5ACA,0x5AAA,0x5AA9,0x5ACA,0x5ACA,0x62EA,0x62EB,0x5ACA,
    0x5AEA,0x6B2C,0x5289,0x5269,0x5269,0x5289,0x62EB,0x5ACA,0x62EA,0x62EB,0x630B,0x62EA,
    0x630B,0x62EB,0x5ACA,0x5AAA,0x52A9,0x52A9,0x52AA,0x52A9,0x52A9,0x5ACA,0x5289,0x4A69,
    0x5269,0x52AA,0x5289,0x52AA,0x5289,0x4A69,0x52AA,0x5AAA,0x62EA,0x630B,0x52AA,0x5289,
    0x52A9,0x5289,0x52AA,0x52CA,0x5ACA,0x62CA,0x5ACA,0x62CA,0x5289,0x5269,0x52A9,0x52A9,
    0x5ACA,0x630B,0x632B,0x6B4C,0x738D,0x738D,0x73AD,0x7BCF,0x8430,0x8430,0x8C71,0x8430,
    0x738D,0x6B4C,0x6B2C,0x6B4C,0x736D,0x7BCE,0x7BCE,0x7BCE,0x9471,0x7BCE,0x630B,0x5ACA,
    0x5AAA,0x5AAA,0x62EB,0x630B,0x62EB,0x630B,0x6B2B,0x62EA,0x62EA,0x62CA,0x62EA,0x62EB,
    0x6B0B,0x62EB,0x5ACA,0x62EB,0x630B,0x6B4C,0x738D,0x630B,0x5ACA,0x62EB,0x6B4C,0x736D,
    0x6B4C,0x7BCE,0x840F,0x9CB1,0x94B1,0x840F,0x83EF,0x7BAD,0x738D,0x736C,0x7BAD,0x7BCE,
    0x83CE,0x9CB1,0x840F,0x8C70,0x840F,0x8C50,0x9491,0x9CD2,0xAD54,0xB575,0xA4F2,0xA4F2,
    0xA513,0xA513,0xAD33,0x9CD2,0xA4F2,0xA4F2,0xA4F3,0x9CD2,0x9CD2,0x9CB2,0xA4F2,0xA513,
    0xA513,0x9CD2,0xA4F2,0xAD54,0xB595,0xBDB5,0xB595,0xAD74,0xA533,0xA533,0xA4F2,0xA513,
    0x9CB2,0x9CB1,0x9CB2,0x9470,0x9491,0x9470,0x9CD2,0xA513,0xA513,0xA533,0x9491,0x9470,
    0x8C50,0x9CF2,0x9CD2,0x9CF2,0x9CD2,0x9CD2,0x9CD2,0x9CB2,0x9CD2,0xA513,0xA513,0xAD34,
    0xB575,0xB5B5,0xB595,0xAD34,0xA533,0xA513,0xA513,0xA513,0xA533,0xA513,0xAD34,0xAD54,
    0xAD54,0xB595,0xB595,0xB575,0xAD75,0xAD74,0xB5B6,0xBDD6,0xA534,0x9CD2,0xA4F3,0xA513,
    0xAD54,0xAD54,0xBDF7,0xCE79,0xBDF7,0xAD75,0xBDD6,0xC617,0xC638,0xD6BA,0xD699,0xDEFB,
    0xC617,0xB5B5,0xC638,0xAD54,0xA534,0xB595,0xB595,0xBDD6,0xC617,0xC617,0xCE58,0xC638,
    0xC617,0xBDF6,0xBE17,0xCE79,0xC638,0xC638,0xCE78,0xCE58,0xBDD6,0xBDD6,0xB595,0xBDD6,
    0xB595,0xAD54,0xC5F7,0xCE58,0xB5B5,0xB595,0xAD54,0xAD75,0xB5B5,0xAD54,0xBDB5,0xBDB5,
    0xAD54,0xA513,0xA513,0xA4F3,0xAD54,0xB575,0xA513,0xAD54,0xAD54,0xAD54,0xAD54,0xBDD6,
    0xCE58,0xC638,0xBDB6,0xAD74,0xAD74,0xBDF7,0xBDB6,0xCE58,0xBDD6,0xBDD6,0xB595,0xAD74,
    0xAD54,0xAD75,0xB595,0xB595,0xAD54,0xA534,0xA513,0xA513,0xA513,0xA533,0xA533,0xA513,
    0xAD54,0xA513,0xA513,0xA534,0xA533,0xAD54,0xAD75,0xAD75,0xAD54,0xA513,0xAD75,0xAD54,
    0xB5B5,0xBDF7,0xBDF7,0xBDF6,0xBDF7,0xC638,0xC638,0xBDD6,0xBDB6,0xB595,0xB5B5,0xB595,
    0xAD54,0xAD74,0xB595,0xB575,0xAD34,0xAD75,0xBDD6,0xC637,0xBDD6,0xBDF7,0xBDF6,0xBDF7,
    0xAD54,0xAD75,0xBDB6,0xB5B5,0xC638,0xCE38,0xBDF7,0xBDF7,0xAD74,0xB595,0xB595,0xB5B5,
    0xB595,0xBDD6,0xB595,0xAD34,0xAD75,0xB595,0xCE58,0xBDD6,0xAD54,0xB595,0xAD54,0xAD54,
    0xB595,0xB595,0xAD74,0xBDD6,0xBDD6,0xB5B5,0xC617,0xB595,0xB595,0xBDD6,0xBDD6,0xAD34,
    0xA513,0xAD54,0xB575,0xB575,0xBDB6,0xC5F7,0xBDD6,0xBDD6,0xB5B6,0xB595,0xB595,0xBDB6,
    0xBDD6,0xBDD6,0xC5F7,0xBDD6,0xBDD6,0xB5B5,0xBDD6,0xB595,0xBDD6,0xAD54,0xAD54,0xB575,
    0xAD54,0xB595,0xAD75,0xAD54,0xB595,0xB595,0xB595,0xAD54,0xB595,0xB595,0xB595,0xA534,
    0xAD75,0xAD54,0xA513,0xA4F3,0xA4F2,0xA513,0xA513,0xAD54,0xA533,0xAD74,0xA513,0xAD54,
    0xB595,0xA534,0xA513,0xA533,0xAD34,0xA513,0xA513,0x9491,0x9CB2,0xAD34,0x9CB2,0xA513,
    0xAD54,0x9CD2,0xA4F3,0xA4F2,0xB595,0xAD74,0x94B1,0xA4F2,0xA4F2,0xA4F2,0x9CF2,0x9CB1,
    0x9CB2,0x9491,0x8C50,0x8C50,0x9470,0x9CD2,0x9CF2,0xA513,0x94B1,0x9CD2,0xA4F2,0x9CB2,
    0x9491,0x94B1,0x9CD2,0x9CB2,0x9CB2,0x9491,0x9CD2,0x9CB2,0x8C50,0x9470,0x8C70,0x840F,
    0x9491,0x9491,0x9491,0x840F,0x83EF,0x7BAD,0x4A69,0x5289,0x6B6C,0x62EB,0x5269,0x5AEA,
    0x4207,0x4A28,0x4207,0x4207,0x4228,0x5269,0x5269,0x4A68,0x5269,0x5289,0x5AAA,0x62EB,
    0x6B0B,0x6B4C,0x736D,0x738D,0x736D,0x630B,0x5ACA,0x5AAA,0x5289,0x5289,0x5289,0x52AA,
    0x630C,0x52AA,0x4A69,0x52AA,0x52AA,0x5269,0x5AAA,0x5AAA,0x5289,0x5289,0x5289,0x52AA,
    0x5269,0x52AA,0x5ACA,0x5AEA,0x630B,0x630B,0x630B,0x5ACA,0x5ACA,0x5ACA,0x5AAA,0x62EB,
    0x62EB,0x52A9,0x5AAA,0x5AAA,0x5AAA,0x5ACA,0x5ACA,0x630B,0x62EB,0x62CA,0x5289,0x5269,
    0x5289,0x5289,0x5ACA,0x62EA,0x62EA,0x630B,0x736C,0x62EB,0x5ACA,0x5AAA,0x52AA,0x5289,
    0x5289,0x5289,0x5269,0x5AAA,0x630B,0x52AA,0x4A69,0x5289,0x4A69,0x5289,0x52A9,0x5289,
    0x4A69,0x4A69,0x5269,0x5ACA,0x630B,0x630B,0x52AA,0x5289,0x528A,0x5289,0x52AA,0x5ACA,
    0x62EB,0x5ACA,0x5AA9,0x5ACA,0x5AAA,0x5ACA,0x5AAA,0x52AA,0x5AAA,0x5AAA,0x630B,0x6B4C,
    0x738D,0x736D,0x736D,0x73AE,0x7BCE,0x8430,0x8430,0x7BCE,0x736D,0x6B6D,0x738D,0x73AD,
    0x7BCE,0x7BCE,0x8C30,0x840F,0x83EF,0x7BCE,0x630B,0x5ACA,0x52A9,0x5289,0x52A9,0x62EA,
    0x5ACA,0x5ACA,0x62EB,0x62EA,0x62EA,0x62EA,0x630B,0x5ACA,0x5ACA,0x5ACA,0x5ACA,0x62EA,
    0x630B,0x6B4C,0x6B2C,0x62EB,0x5ACA,0x5ACA,0x62EB,0x630B,0x7BAE,0x7BCE,0x8C50,0x9491,
    0x9CB2,0x9491,0x83CE,0x7BAD,0x7BCE,0x8C50,0x94B1,0xA513,0x94B1,0x9CB2,0x94B1,0xA4F2,
    0xA513,0x9CD2,0x9CD2,0xA4F2,0xAD54,0xA513,0x9CD2,0x9CB1,0x9CD2,0xAD54,0xAD34,0xA533,
    0x9CD2,0x9CB1,0x9CB1,0x9CD2,0xA4F2,0x9CD2,0xA513,0xA513,0xAD33,0xAD74,0xA513,0xA4F2,
    0xAD54,0xAD54,0xAD54,0xAD34,0xA513,0x9CD2,0xA4F2,0x9CD2,0x9471,0x9471,0x9491,0x9471,
    0x94B1,0x8C2F,0x8C50,0x9CB2,0x9CF2,0xA513,0x9CD2,0x9CD2,0xAD54,0xAD54,0x9CD2,0xA4F3,
    0xA513,0xAD54,0xA513,0x9CB2,0xA513,0xA513,0xAD54,0xAD75,0xB575,0xAD54,0xAD34,0xAD34,
    0xA513,0xA533,0xA513,0x9CD2,0x9CF2,0xA4F2,0xAD54,0xAD54,0xAD54,0xAD54,0xB575,0xB595,
    0xB5B5,0xBDF7,0xB595,0xA533,0xA4F3,0x9CF2,0x9CB2,0x9CD2,0xB595,0xAD74,0xAD54,0xAD74,
    0xB5B6,0x9CF3,0x9CF2,0xA533,0xA534,0xB595,0xBDF7,0xCE79,0xC637,0xA533,0xAD54,0xBDF7,
    0xB595,0xAD34,0xAD34,0xAD75,0xB575,0xBDF7,0xBDF7,0xBDD6,0xBDD6,0xBDD6,0xB595,0xBDD6,
    0xC617,0xC617,0xCE58,0xCE58,0xBDF7,0xBDF6,0xC617,0xC617,0xBDF7,0xBDD6,0xBDD6,0xB595,
    0xB575,0xB595,0xAD54,0xAD54,0xAD74,0xAD34,0xAD74,0xB5B5,0xAD54,0xAD74,0xA513,0x9CD2,
    0xAD34,0xAD54,0xAD34,0xAD54,0xAD54,0xB595,0xB575,0xB595,0xD6BA,0xD6BA,0xBDD6,0xAD54,
    0xB574,0xB595,0xB5B6,0xDEFB,0xFFDE,0xCE79,0xB595,0xBDB6,0xB595,0xAD74,0xBDB6,0xB5B6,
    0xA513,0xA513,0x9CF2,0xA4F3,0xAD34,0xAD54,0xAD54,0xA534,0xAD54,0xA513,0xA513,0xAD54,
    0xA513,0xA513,0xA513,0xAD34,0xAD54,0x9CF2,0xA513,0xB575,0xB5B6,0xB5B5,0xBDD6,0xBDD6,
    0xBDD6,0xC617,0xC638,0xC617,0xBDB6,0xB5B5,0xBDD6,0xAD75,0xBDB6,0xBDD6,0xB595,0xB5B5,
    0xBDD6,0xBDD6,0xC638,0xC617,0xAD54,0xB595,0xB5B5,0xB575,0xB595,0xB595,0xB595,0xB595,
    0xBDD6,0xBDD6,0xBDD6,0xBDD6,0xAD74,0xAD54,0xAD54,0xAD54,0xAD54,0xBDD6,0xAD54,0xAD54,
    0xBDD6,0xC5F7,0xCE58,0xBDD6,0xAD54,0xB575,0xA533,0xA534,0xAD75,0xAD75,0xB595,0xB595,
    0xAD54,0xBDD6,0xBDD6,0xB5B6,0xC617,0xB5B5,0xB595,0xAD74,0xB595,0xB5B6,0xB595,0xB595,
    0xBDD6,0xBDF7,0xBDD6,0xB595,0xB5B6,0xBDF7,0xBDD6,0xBDD6,0xBDD6,0xBDD6,0xB5B5,0xB595,
    0xBDB6,0xB5B6,0xBDD6,0xB5B5,0xB595,0xAD74,0xB5B5,0xBDD6,0xB575,0xAD54,0xA513,0xAD74,
    0xAD75,0xAD75,0xBDD6,0xC617,0xB5B5,0xBDD6,0xB595,0xA533,0xAD54,0xAD54,0xA534,0x9CD2,
    0x9CF2,0xA513,0xAD34,0xAD54,0xA533,0xA513,0xA513,0xA513,0xAD74,0xAD54,0xA513,0xA513,
    0xAD54,0xA513,0x9CD2,0x9CB2,0xA4F3,0xA513,0x9CD2,0xA513,0xBDD6,0xAD74,0xA513,0xA533,
    0xA513,0xA513,0x9CB1,0x9CD2,0xA4F2,0x8C2F,0x94B1,0x94B1,0x9470,0x9491,0x8C30,0x9CB1,
    0xA533,0x9491,0x9CB2,0x9CD2,0xA4F3,0x9491,0x9491,0xAD34,0x9CF2,0x9491,0x94B1,0x94B1,
    0x9491,0x9491,0x9470,0x9491,0x9491,0x8C50,0x9491,0x9470,0x9CD2,0x9491,0x8C50,0x8C30,
    0x8C2F,0x8C30,0x738D,0x630B,0x7BCE,0x630B,0x5289,0x4A69,0x4A48,0x4207,0x4207,0x4207,
    0x4A48,0x5269,0x5269,0x4A68,0x5289,0x5289,0x52A9,0x5ACA,0x6B4C,0x736D,0x7BAE,0x8C70,
    0x6B4C,0x4A69,0x4A69,0x4A69,0x4A48,0x4A49,0x4A49,0x4A49,0x4A49,0x4A49,0x4A69,0x5289,
    0x52AA,0x5ACA,0x5ACA,0x5ACA,0x52AA,0x5AAA,0x52AA,0x5289,0x528A,0x62EB,0x736D,0x630B,
    0x5AEB,0x5ACA,0x62EB,0x62EB,0x5AEA,0x62EB,0x62EB,0x5ACA,0x5ACA,0x5ACA,0x5ACA,0x5ACA,
    0x62EB,0x5ACA,0x62EB,0x62EB,0x630B,0x62EB,0x5ACA,0x5AAA,0x5AAA,0x5AAA,0x5ACA,0x62EB,
    0x5ACA,0x630B,0x6B6C,0x630B,0x5ACA,0x52A9,0x5289,0x5289,0x52AA,0x52AA,0x4A69,0x4A69,
    0x5289,0x5289,0x5269,0x4A69,0x4A69,0x5269,0x5289,0x5289,0x4A69,0x5289,0x5289,0x52AA,
    0x52AA,0x5AAA,0x5ACA,0x5ACA,0x5ACA,0x5ACA,0x5ACA,0x630B,0x62EB,0x5ACA,0x5ACA,0x5AAA,
    0x5ACA,0x5AAA,0x5AA9,0x5ACA,0x5AAA,0x5AAA,0x632C,0x6B6D,0x6B2C,0x736D,0x738D,0x7BCE,
    0x7BCE,0x83EF,0x83EF,0x7BEE,0x7BCE,0x73AD,0x7BAE,0x7BAE,0x738D,0x7BCE,0x94B2,0x7BEF,
    0x738D,0x7BCE,0x62EB,0x5AAA,0x5289,0x5289,0x5269,0x52A9,0x52A9,0x5ACA,0x5ACA,0x5ACA,
    0x5ACA,0x5AAA,0x5AAA,0x5AA9,0x5AA9,0x5289,0x5AAA,0x630B,0x6B2C,0x6B4C,0x5ACA,0x5AAA,
    0x5ACA,0x5ACA,0x52AA,0x6B4C,0x83EF,0x94B1,0x9CD2,0x9470,0x9CD2,0x9CB2,0x840F,0x83EE,
    0x7BCE,0x7BCE,0x8C2F,0x9CB2,0x9CD2,0x9CD2,0xA4F2,0x9CB1,0x9CB1,0xAD34,0xA4F2,0xA513,
    0xAD54,0x9CD2,0x9CD2,0x9CD2,0xA513,0xAD74,0xB595,0xAD54,0xA513,0xA513,0xA4F2,0x9CD2,
    0xA4F2,0xA513,0x9CD2,0xA513,0xAD34,0xA513,0xA4F3,0xAD74,0xB575,0xAD54,0xA513,0x9CD2,
    0x9CB2,0x9CB1,0x9CD2,0x9CB1,0x9491,0x94B1,0x8C2F,0x8C2F,0x9470,0x8C50,0x8C50,0x9CD2,
    0xA4F3,0xA513,0xA4F2,0xA533,0xBDD6,0xB5B6,0xA533,0xAD54,0x94B2,0x9CF3,0xB595,0xA4F2,
    0x9CF2,0xA513,0xB595,0xB595,0xA533,0xA513,0xA513,0xAD34,0xAD54,0xA513,0xA4F3,0xA513,
    0xA4F3,0xA513,0xB575,0xA513,0xA533,0xA533,0xAD74,0xBDD6,0xB595,0xB595,0xAD34,0xB575,
    0xB575,0xAD34,0x9CD2,0xA513,0xAD54,0xA513,0xA513,0xB595,0xC617,0xB595,0xA513,0x8430,
    0x9491,0x94B2,0xBDD6,0xCE58,0xC617,0xAD74,0xA534,0xCE58,0xCE79,0xB5B5,0xB595,0xAD54,
    0xB5B6,0xC617,0xC638,0xBDD6,0xBDD6,0xBDD6,0xB595,0xB5B6,0xBDD6,0xBDD6,0xCE58,0xCE58,
    0xBDF7,0xBDD6,0xBDF7,0xBDD6,0xBDD6,0xC617,0xBDD6,0xB575,0xB575,0xAD54,0xA513,0xAD54,
    0xAD54,0xAD54,0xAD34,0xA533,0xA513,0xAD54,0xA513,0xAD54,0xAD34,0xA513,0xB575,0xAD54,
    0xA513,0xAD54,0xB595,0xB595,0xBDD6,0xBDD6,0xB595,0xB595,0xB595,0xB595,0xBDF7,0xCE58,
    0xE71B,0xCE58,0xBDD6,0xAD54,0xA513,0xA534,0xB595,0xA533,0x94B1,0x94B1,0x94B1,0x9CD2,
    0x9CD2,0x9CD2,0x9CF2,0x9CD2,0xB595,0xB595,0xA534,0xB595,0xAD54,0xA513,0xAD54,0xAD54,
    0x9CD2,0x9CF2,0xA534,0xAD74,0xB595,0xB595,0xAD54,0xAD75,0xB5B6,0xBDD6,0xBDF7,0xC617,
    0xBDF7,0xB595,0xB595,0xAD75,0xAD74,0xBDB6,0xAD74,0xC5F7,0xC617,0xBDD6,0xC637,0xBDD6,
    0xB595,0xB595,0xB595,0xAD34,0xB595,0xBDD6,0xBDD6,0xB595,0xB595,0xBDB5,0xB595,0xB5B5,
    0xB595,0xAD54,0xAD34,0xA533,0xB5B5,0xB595,0xA533,0xB595,0xAD74,0xBDD6,0xC617,0xBDD6,
    0xAD75,0xAD54,0xA533,0xA534,0xAD54,0xAD74,0xB5B6,0xB595,0xBDF7,0xBDD6,0xBDD6,0xBDD6,
    0xAD54,0xAD54,0xAD54,0xAD54,0xB595,0xBDD6,0xB595,0xB595,0xBDD6,0xC617,0xC638,0xC617,
    0xBDF7,0xBDD6,0xC617,0xBDD6,0xB5B6,0xBDD6,0xB595,0xBDD6,0xBDD6,0xBDD6,0xAD74,0xB595,
    0xB575,0xBDB6,0xBDD6,0xB595,0xB5B5,0xAD74,0xAD33,0xAD34,0xB575,0xB595,0xC617,0xCE78,
    0xC617,0xBDD6,0xB575,0xB595,0xAD34,0x9CD2,0xA534,0xA534,0xAD74,0xAD34,0x9CF2,0xA513,
    0xA533,0xA513,0xAD54,0xAD34,0xAD75,0xB595,0xAD74,0xA4F3,0xA513,0xA513,0x9CB2,0x9CD2,
    0xA513,0xA513,0x9CB2,0xA4F3,0xA4F3,0xA513,0xA534,0xA533,0xAD74,0xAD54,0xA513,0x9CD2,
    0x9CD2,0x94B1,0x9491,0x9491,0x9470,0x9491,0x9470,0x9CB2,0x8C30,0x8C30,0x9491,0x8C50,
    0x9CB2,0x8C70,0x9CD2,0x8C70,0x9CB2,0x9471,0x8C50,0x94B1,0x9CB2,0x94B1,0x8C30,0x8C30,
    0x9471,0x9470,0x8C50,0x840F,0x840F,0x8C50,0x8C2F,0x9470,0x8C30,0x83EF,0x840F,0x842F,
    0x83EF,0x7BAD,0x6B2C,0x4A69,0x4A69,0x4207,0x4A48,0x4A69,0x52A9,0x5269,0x52A9,0x5289,
    0x5269,0x5269,0x5269,0x5269,0x52A9,0x62EA,0x6B2B,0x6B2C,0x5269,0x4A49,0x4A69,0x4A48,
    0x4A48,0x4A69,0x4A69,0x4A69,0x4A69,0x4A69,0x528A,0x52AA,0x5ACA,0x5AEB,0x62EB,0x5ACB,
    0x5ACA,0x62EB,0x5ACB,0x5ACA,0x5ACB,0x630B,0x6B2C,0x5ACA,0x5ACA,0x5AAA,0x5ACA,0x5AEB,
    0x630B,0x630B,0x630B,0x6B2C,0x62EB,0x5ACA,0x62EB,0x62EB,0x630B,0x630B,0x6B2C,0x6B2C,
    0x630B,0x6B2B,0x630B,0x5ACA,0x5AAA,0x5ACA,0x5AAA,0x5ACA,0x5ACA,0x5ACA,0x5ACA,0x6B2B,
    0x62EB,0x52AA,0x52AA,0x52AA,0x4A69,0x5289,0x5289,0x4A48,0x4A69,0x4A69,0x5269,0x4A69,
    0x4A69,0x52AA,0x52AA,0x5AAA,0x5AAA,0x5AAA,0x5AAA,0x5AAA,0x5ACA,0x5AAA,0x5ACA,0x5ACA,
    0x5AAA,0x5ACA,0x62EB,0x5AEB,0x630B,0x5ACA,0x5AAA,0x5AAA,0x5ACA,0x5AAA,0x52A9,0x5ACA,
    0x630B,0x736C,0x73AD,0x738D,0x736D,0x738D,0x7BCE,0x840F,0x842F,0x8430,0x840F,0x8430,
    0x840F,0x7BCE,0x7BAE,0x738D,0x6B4C,0x840F,0x840F,0x62EB,0x630B,0x62EB,0x5ACA,0x5ACA,
    0x5289,0x4A48,0x4A48,0x4A48,0x5ACA,0x5ACA,0x5ACA,0x5AAA,0x5AAA,0x5289,0x5289,0x5AA9,
    0x5ACA,0x5AA9,0x5ACA,0x6B2C,0x6B4C,0x630B,0x5AAA,0x52A9,0x5ACA,0x52A9,0x5289,0x632B,
    0x840F,0x94B1,0x9CF2,0x9470,0xA513,0x94B1,0x8C50,0x8C2F,0x9471,0x8C30,0x840F,0x9491,
    0xA4F2,0xA513,0x9CF2,0xA4F2,0x9CB1,0xA4F2,0xA513,0xA533,0xA513,0xA4F2,0x9CD2,0xA533,
    0xA533,0xAD34,0xB595,0xB595,0xA533,0xA533,0x9CB2,0x9CB1,0x9CB2,0x9CD2,0xAD34,0xA533,
    0xA513,0xA513,0xAD34,0xAD34,0xAD54,0xAD54,0x9CD2,0x9CD2,0x9CD2,0x94B1,0x9CB1,0x9CB2,
    0x8C30,0x9470,0x9470,0x8C30,0x8C30,0x8C50,0x9470,0x8C50,0x9CB2,0x9CD2,0xA513,0xA513,
    0xA513,0xB595,0xB575,0xA513,0x94B2,0x8C50,0x9CF2,0x9CB2,0x9CD2,0xAD74,0x9CF2,0xA533,
    0xAD54,0xAD54,0xAD34,0xA533,0xA533,0xA533,0xAD54,0xB5B5,0xAD75,0xB595,0xB595,0xAD54,
    0xBDD6,0xBDD6,0xB5B5,0xB595,0xB595,0xA513,0xA533,0xA533,0xA513,0xA513,0xAD54,0xA534,
    0x9CF2,0xA513,0xA534,0xA533,0x9CF2,0xAD54,0xAD54,0x9471,0x8C70,0x94B2,0x9CD2,0xAD75,
    0xC638,0xCE58,0xAD74,0xBDD6,0xC638,0xC617,0xB5B6,0xB595,0xB5B6,0xBDD6,0xC637,0xBDD6,
    0xB5B6,0xC617,0xBDD6,0xB595,0xBDD6,0xB5B5,0xBDF7,0xCE58,0xC638,0xC637,0xC617,0xB5B5,
    0xBDF7,0xBDF6,0xBDD6,0xB5B5,0xB5B5,0xB595,0xAD54,0xA513,0xAD54,0xB595,0xA513,0xA533,
    0xA513,0xA513,0xA4F2,0xAD34,0xA513,0xAD54,0xB595,0xAD54,0xAD54,0xAD74,0xB575,0xAD74,
    0xB575,0xB595,0xBDD6,0xBDB6,0xB595,0xBDD6,0xCE58,0xC638,0xBDF7,0xB5B6,0xAD74,0x9CD2,
    0x94B1,0x94B1,0x9CB2,0x7BEF,0x7BCE,0x8C50,0x9491,0x94B1,0x94B1,0x94B1,0xA513,0xAD54,
    0xBDD7,0xBDD6,0xA513,0xAD75,0xB595,0xAD75,0xAD74,0xA513,0x94B1,0xAD54,0xAD54,0xAD54,
    0xAD75,0xA533,0xAD54,0xB575,0xAD74,0xBDD6,0xC617,0xC617,0xC5F7,0xBDD6,0xB575,0xBDD6,
    0xBDD6,0xAD75,0xB5B5,0xBDD6,0xBDF7,0xBDD6,0xBDF6,0xBDF6,0xBDB6,0xBDF7,0xAD74,0xAD74,
    0xB5B6,0xC5F7,0xBDD6,0xBDF7,0xC638,0xC637,0xB575,0xB5B5,0xAD75,0xA4F2,0xA513,0xA4F2,
    0xAD74,0xB5B5,0xAD34,0xA533,0xAD54,0xB5B5,0xBDF7,0xBDB6,0xB5B5,0xB5B6,0xB595,0xAD54,
    0xAD54,0xB595,0xB595,0xBDF7,0xC637,0xB5B5,0xC617,0xBDD6,0xB595,0xB575,0xAD75,0xB595,
    0xBDD6,0xBDD6,0xBDB6,0xBDB6,0xBDF7,0xC617,0xC638,0xCE58,0xC617,0xBDD6,0xBDD6,0xB5B5,
    0xBDB6,0xB595,0xAD54,0xB575,0xB5B5,0xB575,0xB575,0xB595,0xB595,0xB595,0xAD54,0xAD74,
    0xAD54,0xAD54,0xB595,0xAD54,0xAD75,0xB595,0xBDD6,0xBDD6,0xBDF7,0xBDD6,0xB595,0xB595,
    0xAD74,0xA513,0xAD54,0xA513,0xB595,0xAD54,0xA513,0xA533,0xA533,0xAD54,0xAD54,0xAD74,
    0xAD54,0xAD75,0xB595,0xAD54,0xAD34,0xAD54,0xA513,0x9CD2,0xA4F3,0xAD34,0x9CD2,0x9CB2,
    0x9CB2,0x9471,0x94B1,0x9CF2,0xAD75,0xAD54,0xA533,0x9CD2,0xA513,0x9CB2,0x9CD2,0x94B1,
    0x9491,0x94B1,0x9CB1,0x9CB2,0x9471,0x8C50,0x94B1,0x8C70,0x8C70,0x9470,0x9470,0x8C50,
    0x9CD2,0x9470,0x94B1,0x9CD2,0x9CB2,0x94B1,0x9470,0x94B1,0x9CB1,0x8C50,0x9470,0x8C50,
    0x8C50,0x9CB1,0x9470,0x8C50,0x8C30,0x83EF,0x7BCE,0x738D,0x7BCE,0x7BEE,0x630B,0x62EB,
    0x4A48,0x4A48,0x4A48,0x5289,0x5289,0x5289,0x5289,0x5AAA,0x52A9,0x5269,0x5269,0x4A48,
    0x4A48,0x4A48,0x5269,0x4A48,0x4A69,0x4A69,0x5289,0x4A69,0x4A69,0x4A69,0x4A49,0x4A69,
    0x5289,0x52AA,0x4A89,0x4A69,0x4A69,0x4A69,0x5ACA,0x5ACA,0x62EB,0x5ACA,0x5ACB,0x5AEB,
    0x52AA,0x62EB,0x5ACA,0x5AAA,0x630B,0x5AEA,0x5ACA,0x5ACA,0x632B,0x6B6D,0x632C,0x630B,
    0x62EB,0x5ACA,0x62EB,0x5ACA,0x5ACA,0x630B,0x630B,0x630B,0x62EB,0x6B4C,0x6B6C,0x630B,
    0x5AAA,0x5ACA,0x632B,0x62EA,0x62EB,0x5ACA,0x5ACA,0x5ACA,0x5AAA,0x5ACA,0x5AEB,0x5ACA,
    0x5ACA,0x5ACA,0x5ACA,0x52AA,0x5289,0x5289,0x52AA,0x52AA,0x52AA,0x5ACA,0x5ACA,0x5289,
    0x5289,0x52A9,0x5ACA,0x62EB,0x52AA,0x52AA,0x52A9,0x5AAA,0x5ACA,0x5ACA,0x5AEB,0x5ACA,
    0x62EA,0x5ACA,0x5AAA,0x5ACA,0x5ACA,0x6B2C,0x5ACA,0x630B,0x7BCE,0x736D,0x6B6C,0x7BAD,
    0x7BAE,0x7BCE,0x83EF,0x83EF,0x840F,0x8C50,0x840F,0x8C50,0x840F,0x83EF,0x73AD,0x6B6D,
    0x6B4C,0x7BCE,0x738D,0x6B6D,0x6B4C,0x62EA,0x6B2C,0x62EA,0x5289,0x5269,0x4A69,0x5ACA,
    0x6B2C,0x5ACA,0x5ACA,0x5AAA,0x5AA9,0x5289,0x5268,0x5AA9,0x5AA9,0x5AA9,0x62CA,0x6B2C,
    0x6B2C,0x62EA,0x62EB,0x62EB,0x52AA,0x5289,0x52A9,0x5ACA,0x736D,0x840F,0x94B1,0xAD54,
    0x94B1,0x8C50,0x9CB2,0x840F,0x8C50,0x9CB1,0x9CD2,0x9CB1,0x94B1,0xA4F3,0xA4F2,0xA513,
    0xA4F2,0xA513,0xA513,0xAD34,0xA533,0xAD34,0xAD54,0xA513,0xA513,0xAD33,0xBDF6,0xC617,
    0xA513,0xA4F2,0x9470,0x9CF2,0x9CD2,0xA4F2,0xAD33,0xA513,0x9CD2,0xA4F2,0xA513,0xAD34,
    0xB575,0xAD54,0x9CD2,0xA513,0xA513,0x9491,0x9491,0x9CB2,0x840F,0x9491,0xAD54,0x9491,
    0x9470,0x8C30,0x840F,0x8C50,0x9CD2,0x9CD2,0xA513,0xA513,0xA533,0xAD54,0xAD54,0xAD34,
    0xA513,0xA513,0xA513,0x9CD2,0xA513,0xA513,0xAD54,0xA513,0xAD74,0xAD74,0xAD54,0xAD54,
    0xA513,0xB595,0xB5B6,0xCE79,0xC617,0xB5B5,0xB5B5,0xB595,0xB595,0xBDD6,0xBDD6,0xB5B6,
    0xAD34,0xAD54,0xAD54,0xA513,0xA513,0xAD74,0xAD54,0xA533,0xA533,0xA513,0x9CB2,0x8C50,
    0x8C50,0x8C70,0xA533,0xAD54,0x9CD2,0x94B2,0x8C50,0x94B2,0xAD75,0xC638,0xA513,0x9CD2,
    0xAD75,0xBDF7,0xBDD6,0xBDD6,0xB595,0xB575,0xB5B6,0xBDF7,0xAD75,0xB595,0xCE58,0xBDF7,
    0xBDD6,0xBDF7,0xBDF7,0xCE79,0xCE58,0xCE58,0xCE79,0xC638,0xC617,0xBDF7,0xB595,0xAD74,
    0xB595,0xAD54,0xA533,0xAD34,0xAD54,0xAD54,0xA513,0xA4F2,0xA4F2,0xA513,0x9CD2,0x9CD2,
    0xA513,0xAD34,0xA513,0xAD54,0xAD54,0xB595,0xAD74,0xAD74,0xAD74,0xAD74,0xAD54,0xB5B5,
    0xBDF7,0xBDD6,0xD699,0xD6BA,0xB595,0xAD54,0xAD34,0xA513,0x94B1,0x94B1,0x9491,0x6B6D,
    0x6B6C,0x7BCE,0x738D,0x8C70,0xA513,0xA4F2,0xAD54,0xAD75,0xA534,0xAD54,0xA513,0xB595,
    0xBDB6,0xB595,0xAD54,0x9CF3,0x9CF3,0xA534,0xA513,0xAD34,0xAD75,0xB595,0xB595,0xBDD6,
    0xB5B5,0xB575,0xBDD6,0xBDF7,0xBDD6,0xB595,0xB595,0xB595,0xC617,0xBDB5,0xB575,0xAD54,
    0xBDD6,0xC617,0xC617,0xBDF7,0xBDD6,0xBDD6,0xBDD6,0xBDD6,0xBDB6,0xC658,0xB595,0xAD74,
    0xC617,0xC637,0xB595,0xB595,0xB595,0xA4F3,0xA513,0xA4F2,0xA4F3,0xB5B6,0xB595,0xA534,
    0xAD54,0xB595,0xAD74,0xBDD6,0xBDB6,0xB575,0xB595,0xB575,0xB5B6,0xBDD6,0xBDD6,0xC638,
    0xC637,0xC637,0xBDF7,0xBDD6,0xBDD6,0xB5B6,0xBDD6,0xBDD6,0xC617,0xBDD6,0xBDD6,0xBDB6,
    0xBDF7,0xBDD6,0xB575,0xBDD6,0xC617,0xB595,0xAD75,0xAD74,0xB5B6,0xBDD6,0xB595,0xAD75,
    0xBDD6,0xBDF7,0xB595,0xAD75,0xBDD6,0xB595,0xB595,0xAD74,0xAD74,0xB595,0xAD75,0xAD54,
    0xAD75,0xB595,0xB595,0xB5B6,0xBDF7,0xC638,0xBDF7,0xBDB6,0xBDB6,0xBDD6,0xBDB6,0xAD74,
    0xB5B5,0xBDF7,0xB595,0xAD75,0xB595,0xB595,0xB595,0xB595,0xA513,0xA513,0xAD74,0xBDD6,
    0xB595,0xAD54,0x9CF2,0x9CF2,0xA513,0xA534,0xA513,0x9CD2,0xA4F3,0x94B1,0x94B1,0x9CD2,
    0x9CB2,0xA4F3,0xAD54,0xAD54,0xA513,0x9CD2,0xA4F3,0xA4F3,0xA534,0xA513,0x9CD2,0x9CB2,
    0x9CD2,0x94B1,0x9491,0x9491,0x9470,0x9470,0x8C70,0xA4F3,0x94B1,0x94B1,0x9CD2,0xA4F3,
    0x9491,0x94B1,0x9CD2,0x94B1,0x8C30,0x8C50,0x8C50,0x8C50,0x8C50,0x8C50,0x8C30,0x9471,
    0x840F,0x7BCE,0x83EF,0x73AD,0x630B,0x5269,0x5269,0x5AAA,0x5ACA,0x5ACA,0x630B,0x62EA,
    0x62EB,0x6B2C,0x52A9,0x5ACA,0x5AAA,0x630B,0x62EB,0x5AAA,0x52A9,0x5289,0x52A9,0x5ACA,
    0x5ACA,0x5289,0x5269,0x4A89,0x4A69,0x4A69,0x5289,0x5289,0x4A69,0x5289,0x4A69,0x4A69,
    0x4A69,0x4A69,0x4A89,0x4A69,0x5289,0x52AA,0x630B,0x62EB,0x630B,0x6B2C,0x5289,0x5ACA,
    0x630B,0x6B2B,0x6B2C,0x6B2B,0x6B4C,0x630B,0x630B,0x62EA,0x5AEA,0x5ACA,0x5ACA,0x62EA,
    0x62EB,0x62EB,0x62EB,0x5ACA,0x5AAA,0x5AEB,0x62EB,0x62EB,0x5AAA,0x62EB,0x736D,0x630B,
    0x5ACA,0x62EB,0x5ACA,0x5ACA,0x5ACA,0x5ACA,0x5ACA,0x5AEB,0x5AEB,0x5ACA,0x5ACA,0x5ACA,
    0x52AA,0x5AAA,0x52AA,0x5AAA,0x5ACA,0x630B,0x5289,0x5269,0x5289,0x4A69,0x5289,0x632B,
    0x5ACA,0x5289,0x5289,0x5ACA,0x5ACA,0x5ACA,0x5AEB,0x5AEA,0x5AAA,0x5ACA,0x5AAA,0x52A9,
    0x5AAA,0x630B,0x62EB,0x736D,0x7BCE,0x6B4C,0x6B6C,0x736D,0x83EF,0x83EF,0x840F,0x840F,
    0x7BCE,0x840F,0x840F,0x7BEF,0x840F,0x7BCE,0x736D,0x736C,0x736D,0x630B,0x630B,0x632B,
    0x62EA,0x62EB,0x6B2C,0x5ACA,0x52A9,0x5AAA,0x5AAA,0x62EB,0x5ACA,0x5AAA,0x52A9,0x5AAA,
    0x5AAA,0x5AA9,0x5AA9,0x5289,0x5AA9,0x5ACA,0x630B,0x6B4C,0x630B,0x62EB,0x62EB,0x6B2C,
    0x5289,0x5269,0x5289,0x5289,0x5AA9,0x6B4C,0x738D,0x840F,0x8C50,0x8C50,0x8C50,0x9491,
    0x94B1,0x9CB2,0x9CD2,0x9CF2,0x9491,0x9CD2,0xA513,0xA4F3,0xA513,0xA513,0xA4F3,0xAD34,
    0xAD54,0xB595,0xB5B5,0xAD34,0xA533,0xAD74,0xB595,0xAD54,0xA4F2,0xA4F2,0xA513,0xA513,
    0xA533,0xA513,0x9CD2,0xA4F2,0xA513,0xA533,0xA513,0xAD34,0xAD54,0xA513,0x9CD2,0x9CB2,
    0x9CD2,0xA4F2,0x94B1,0x9CB2,0x840F,0x840F,0x94B1,0x9CB2,0x9CB2,0x9CB2,0x9491,0x9CF2,
    0xA513,0x9CD2,0xAD74,0xB575,0xA533,0xAD54,0xAD34,0xA533,0xAD54,0xAD54,0xAD34,0xA513,
    0xA513,0xAD74,0xAD75,0xA4F2,0xA534,0xB595,0xAD34,0x9CD2,0x94B2,0xA513,0xBDD6,0xC638,
    0xBDD6,0xB595,0xAD75,0xB575,0xB595,0xB5B5,0xB595,0xBDB6,0xAD54,0xAD54,0xB595,0xB595,
    0xA533,0xA513,0xA513,0xA534,0xA513,0x9CD2,0x8C50,0x9491,0x8C70,0x8C50,0xA513,0xA513,
    0x8C71,0x94B1,0x9491,0xAD54,0x9CD2,0x9CF3,0xAD75,0x8C70,0x94B2,0xAD54,0xBDD6,0xB5B6,
    0xA533,0xAD54,0xBDD6,0xB5B6,0xB5B6,0xB5B5,0xCE58,0xCE58,0xC638,0xBDD6,0xBDD6,0xC638,
    0xCE58,0xC637,0xBDD6,0xC638,0xCE58,0xBDD6,0xBDD6,0xB595,0xAD74,0xAD34,0xA4F2,0xA4F2,
    0x9CD2,0xA513,0xAD34,0xAD34,0xAD33,0xA533,0xA4F2,0xA513,0xAD34,0xA513,0xAD34,0xB595,
    0xB575,0xAD54,0xAD34,0xAD54,0xB575,0xAD54,0xAD33,0xAD54,0xB595,0xAD54,0xC617,0xC637,
    0xAD54,0xAD54,0xA533,0xA513,0x9CB2,0x9CB2,0x840F,0x630B,0x6B4C,0x5ACA,0x52AA,0x738D,
    0x9491,0x9CB2,0xA513,0xA534,0xA513,0xAD75,0xB595,0xBDD6,0xCE58,0xC617,0xA534,0x9CD2,
    0xA534,0xA534,0x9CD2,0xA513,0xAD54,0xAD75,0xB5B5,0xB595,0xB5B5,0xB595,0xBDD6,0xBDD6,
    0xBDD6,0xB5B5,0xB575,0xAD75,0xB595,0xB595,0xAD74,0xB595,0xBDF7,0xCE58,0xC638,0xCE58,
    0xCE78,0xBDD6,0xB575,0xAD74,0xAD54,0xBDD6,0xB595,0xAD54,0xB595,0xB595,0xB595,0xB595,
    0xBDD6,0xAD74,0x9CD2,0xA513,0xA513,0xBDD6,0xB5B6,0xA533,0xAD54,0xB575,0xBDB6,0xBDB6,
    0xB5B5,0xB595,0xB595,0xAD75,0xBDD6,0xCE79,0xC638,0xCE58,0xC637,0xC658,0xBDD6,0xB595,
    0xBDF7,0xC617,0xBDF6,0xB595,0xBDD6,0xAD75,0xB595,0xBDD6,0xB5B6,0xB575,0xAD74,0xBDD6,
    0xCE58,0xBDD6,0xB5B6,0xBDD6,0xBDD6,0xBDF7,0xC638,0xBDF7,0xBDD6,0xBDB6,0xB595,0xB595,
    0xB595,0xB5B6,0xBDD6,0xB5B6,0xAD54,0xAD54,0xA513,0xAD34,0xAD75,0xAD74,0xB595,0xB595,
    0xBDB6,0xBDD6,0xBDF7,0xC637,0xCE58,0xC617,0xB595,0xAD54,0xAD75,0xBDD6,0xB5B6,0xBDD6,
    0xB595,0xC5F7,0xAD54,0xAD74,0xAD54,0x9CD2,0xA533,0xBDF7,0xB595,0xA513,0xA4F3,0xA4F3,
    0xA513,0xA4F2,0xA513,0xA513,0xA513,0x9491,0x9CD2,0xA4F3,0xAD54,0xAD54,0xB5B5,0xAD34,
    0x9CD2,0xA513,0x9CD2,0xA4F3,0xA4F2,0x9491,0x8C50,0x9471,0x9491,0x9491,0x9491,0x9CD2,
    0x9CD2,0x9491,0x9491,0xAD74,0xA513,0x9CD2,0xA534,0xAD54,0x9CF2,0xA513,0xA513,0x9491,
    0x9CB1,0x94B1,0x8C70,0x83EE,0x840F,0x9471,0x8C50,0x9491,0x842F,0x73AD,0x630B,0x52A9,
    0x4207,0x4227,0x5289,0x630B,0x738D,0x62EB,0x630B,0x7BCE,0x738D,0x7BCE,0x6B4C,0x630B,
    0x630B,0x738D,0x7BAE,0x738D,0x62EB,0x5ACA,0x5AAA,0x5AAA,0x5ACA,0x5ACA,0x52A9,0x5269,
    0x5289,0x5ACA,0x52AA,0x4A69,0x4A49,0x4A49,0x5289,0x4A49,0x4A69,0x4A49,0x4A69,0x5289,
    0x52AA,0x62EB,0x630B,0x6B2B,0x6B4C,0x5289,0x4A27,0x5289,0x5A89,0x5ACA,0x736D,0x736D,
    0x736C,0x630B,0x6B4C,0x738D,0x6B2B,0x630B,0x62EA,0x630B,0x62EA,0x5AAA,0x5AA9,0x5AA9,
    0x5AAA,0x52AA,0x52A9,0x5ACA,0x5AEB,0x5ACA,0x630B,0x6B2B,0x630B,0x6B6C,0x6B2C,0x62EB,
    0x5AAA,0x5AAA,0x5ACA,0x5ACA,0x5AAA,0x52A9,0x5289,0x52AA,0x62EB,0x5ACA,0x52AA,0x5289,
    0x5ACA,0x5AEB,0x52AA,0x52A9,0x5ACA,0x5289,0x5289,0x738D,0x630B,0x52AA,0x52A9,0x52A9,
    0x5ACA,0x5ACA,0x5ACA,0x5AEB,0x5ACA,0x5AAA,0x5289,0x5AA9,0x5ACA,0x5AEA,0x5AEA,0x736D,
    0x7BCE,0x736D,0x736D,0x738D,0x7BAE,0x738D,0x7BAE,0x7BCE,0x7BEE,0x842F,0x842F,0x7BEE,
    0x842F,0x7BCE,0x738D,0x736D,0x738D,0x632B,0x632B,0x5ACA,0x5ACA,0x630B,0x630B,0x5ACA,
    0x5AAA,0x5AAA,0x5ACA,0x5ACA,0x5AA9,0x5289,0x5289,0x5AAA,0x5AAA,0x5ACA,0x5ACA,0x5289,
    0x5AA9,0x62CA,0x630B,0x6B2B,0x62EA,0x5ACA,0x5ACA,0x5ACA,0x52AA,0x4A69,0x5289,0x5289,
    0x5269,0x5ACA,0x630B,0x738D,0x83EE,0x8C30,0x8C2F,0x8C30,0x9491,0x9CD2,0xA513,0xA4F3,
    0xA513,0xA513,0x9CD2,0xA4F3,0xA513,0xA513,0x9CD2,0xAD34,0xB575,0xAD75,0xB595,0xA513,
    0xA513,0xAD34,0xAD74,0xAD54,0xA513,0xAD54,0xAD74,0xAD34,0xA513,0x94B1,0x9CD2,0xA513,
    0x9CF2,0xBDB6,0xC617,0xA533,0x9CD2,0xA4F3,0x9CB1,0x9491,0x9CD2,0xA4F2,0xA533,0x9CD2,
    0x94B1,0x9CD2,0x94B1,0xA4F2,0x9CB2,0x9CD2,0xAD54,0xA513,0xA4F2,0xA513,0xAD54,0xAD34,
    0xA513,0xA533,0xAD54,0xA534,0xAD54,0xBDB6,0xBDF7,0xB575,0xAD34,0xB595,0xA534,0x9CD2,
    0xA533,0xB595,0xA533,0x9CD2,0x9CD2,0xAD54,0xB5B5,0xAD74,0xB575,0xBDD6,0xBDB6,0xB595,
    0xB595,0xCE79,0xC617,0xBDD6,0xB5B5,0xB595,0xB5B6,0xAD75,0xAD54,0xAD54,0xA534,0xA533,
    0x9CF2,0xA533,0xA533,0xA513,0x9CB2,0x9491,0x9CD2,0x9CB2,0x9471,0x9491,0x9CB2,0x9CD2,
    0x8C91,0x9CD2,0xB595,0xA513,0x9CD2,0xAD54,0xBDD6,0xB5B5,0xAD54,0xA513,0xB595,0xBDB6,
    0xB575,0xB5B6,0xC617,0xBDF7,0xC638,0xC658,0xB5B6,0xBDD6,0xBDF7,0xBDD6,0xB5B5,0xBDD6,
    0xCE58,0xC637,0xBDF7,0xBDF7,0xAD54,0xAD33,0xA513,0xA513,0xA513,0x9CD2,0xA4F2,0xA513,
    0xA4F3,0xA4F2,0xA4F2,0xA513,0xAD54,0xAD33,0xA533,0xAD75,0xB595,0xAD54,0xB575,0xA533,
    0xA533,0xB575,0xB575,0xAD54,0xAD54,0xAD54,0xAD54,0xAD75,0xAD54,0xA4F2,0x9CD2,0x94B1,
    0x7BCE,0x738D,0x6B6C,0x6B4C,0x736D,0x6B4C,0x630C,0x5ACA,0x73AE,0x94B2,0xAD54,0xA534,
    0xA4F3,0xAD54,0xBDD6,0xD699,0xCE58,0xBDD6,0x9CF2,0x9CD2,0x9CD2,0x9CD2,0x9CF2,0xA4F3,
    0xAD54,0xB575,0xBDD6,0xBDD6,0xBDB6,0xB5B5,0xB595,0xB595,0xAD34,0xAD54,0xAD34,0xAD54,
    0xB5B5,0xB5B5,0xB595,0xB595,0xC637,0xD699,0xDEDA,0xDEDA,0xC638,0xAD54,0xAD74,0xAD54,
    0xBDD6,0xB5B5,0xB5B5,0xC617,0xBDD6,0xB5B5,0xB595,0xAD74,0xB595,0xBDB6,0xA513,0xA533,
    0xAD54,0xAD34,0xB575,0xAD54,0xAD75,0xB595,0xB595,0xB575,0xB595,0xB5B6,0xB595,0xB595,
    0xBDF7,0xCE79,0xCE79,0xCE58,0xC638,0xBDF7,0xB5B5,0xC617,0xB5B5,0xB595,0xAD54,0xAD54,
    0xB595,0xAD74,0xAD75,0xAD75,0xAD54,0xB5B6,0xBDF7,0xCE58,0xDEFB,0xD6BA,0xC638,0xBDD6,
    0xBDD6,0xBDD6,0xB5B6,0xBDF7,0xBDF7,0xBDD6,0xB595,0xAD75,0xB595,0xB595,0xB575,0xBDD6,
    0xBDD6,0xB575,0xA533,0xAD54,0xB575,0xAD75,0xB595,0xAD74,0xAD54,0xAD33,0xAD54,0xB5B5,
    0xAD75,0xAD34,0xA533,0xAD54,0xA513,0xA533,0xAD54,0xAD75,0xB5B6,0xB595,0xA4F3,0x9CF2,
    0x94B1,0x9CD2,0xAD54,0xAD75,0xAD74,0xAD54,0xA533,0x9CD2,0x9471,0x9CD2,0x9CD2,0x9470,
    0x9CD2,0xA513,0x9CF2,0x9CD2,0xA533,0xA534,0xAD34,0xA513,0xA513,0x94B1,0x8C50,0x9CD2,
    0x94B1,0x8C50,0x8C70,0x8C30,0x9470,0x9491,0x94B1,0xAD34,0x9CD2,0x9491,0x9491,0x9CB2,
    0x9CD2,0xA513,0xB575,0xBDB6,0xB595,0xB575,0xA533,0xA4F3,0xA4F3,0xA513,0x8C50,0x8C30,
    0x8C50,0x9471,0x94B1,0x9491,0x7BCE,0x6B6D,0x62EB,0x5289,0x4207,0x4A48,0x52A9,0x6B4C,
    0x630B,0x62EB,0x7BCE,0x9491,0x842F,0x840F,0x7BCE,0x630B,0x630B,0x6B2C,0x7BCE,0x8C50,
    0x736D,0x5ACA,0x5AA9,0x5ACA,0x5AEA,0x5AEA,0x5ACA,0x5289,0x5289,0x5289,0x5269,0x4A69,
    0x4A49,0x4A69,0x4A49,0x4A49,0x4A69,0x4A49,0x4A49,0x5269,0x52AA,0x5ACA,0x5ACA,0x5289,
    0x62CA,0x5ACA,0x5289,0x5A89,0x5AA9,0x5A89,0x5ACA,0x7BAD,0x738D,0x6B4C,0x7BAD,0x7BAD,
    0x6B4C,0x630B,0x62EB,0x630B,0x5AA9,0x630B,0x52A9,0x5ACA,0x5ACA,0x52A9,0x5AAA,0x5ACA,
    0x62EB,0x62EB,0x736D,0x7BAD,0x630B,0x632B,0x6B4C,0x5ACA,0x52AA,0x5289,0x52AA,0x5AEB,
    0x5AEB,0x62EB,0x52AA,0x52AA,0x5ACA,0x5ACA,0x62EB,0x5AAA,0x5289,0x5ACA,0x5ACA,0x52A9,
    0x52A9,0x52AA,0x52AA,0x630B,0x630B,0x5ACA,0x5AAA,0x52AA,0x5AAA,0x5ACA,0x630B,0x630B,
    0x5AEA,0x62EB,0x5AAA,0x5AAA,0x630B,0x6B6D,0x7BCE,0x7BAE,0x736D,0x736C,0x7BCE,0x7BCE,
    0x736D,0x6B6C,0x7BAD,0x7BCE,0x8430,0x8C30,0x8C50,0x8C50,0x840F,0x736D,0x6B4C,0x840F,
    0x7BAD,0x6B4C,0x6B4C,0x62EA,0x5AAA,0x5ACA,0x6B4C,0x630B,0x5AEA,0x62EB,0x5ACA,0x52A9,
    0x5AAA,0x52A9,0x5AA9,0x5ACA,0x5ACA,0x5ACA,0x5289,0x5289,0x5ACA,0x62EA,0x5ACA,0x62EB,
    0x62EB,0x5AAA,0x5AAA,0x5ACA,0x5269,0x4A48,0x4A69,0x5269,0x4A69,0x5289,0x630B,0x73AD,
    0x7BCE,0x8C30,0x8C50,0x8C50,0x9491,0x9CD2,0xA513,0xA513,0x9CB2,0xA4F2,0x9CF2,0x9CD2,
    0xA4F2,0x9CF2,0xA4F2,0xA513,0xA533,0xA533,0xAD74,0xAD54,0xAD34,0xAD74,0xAD33,0xB575,
    0xBDD6,0xB5B6,0xB575,0xA513,0x9CB1,0x9CB2,0x9CD2,0x9CD2,0x9CD2,0xB595,0xBDF7,0x9CD2,
    0x8C30,0x9CB2,0xA513,0xA4F2,0x9CD2,0x9CB2,0xA4F3,0xAD54,0xA513,0x9CF2,0x9CD2,0x9CB2,
    0x9491,0x9CD2,0xA533,0x9CB2,0x94B1,0x9CB2,0x9CF2,0x9CB1,0x9CD2,0xA533,0xA533,0xA513,
    0xAD54,0xC617,0xBDD6,0xAD34,0xA513,0xA513,0xA513,0xA4F2,0xA533,0xAD75,0xAD75,0xAD54,
    0xAD54,0xAD74,0xA534,0xAD74,0xAD75,0xAD54,0xAD54,0xB595,0xBDD6,0xC5F7,0xB595,0xBDB6,
    0xAD74,0xB595,0xB5B5,0xAD75,0xAD74,0xAD75,0xA513,0x9CB2,0x9CD2,0xAD54,0xAD74,0x9CB2,
    0x8C30,0x9CD2,0x9491,0xA533,0x9CD2,0x9471,0x8C30,0x9CF3,0xA534,0xAD54,0xAD54,0xC638,
    0xB5B5,0xA533,0xB5B6,0xAD74,0xAD54,0xAD54,0xAD54,0xB5B6,0xAD74,0xA534,0xB595,0xBDB6,
    0xC617,0xBDD6,0xBDD6,0xC617,0xAD74,0xB595,0xBDF7,0xB5B5,0xC5F7,0xCE79,0xC638,0xBDD6,
    0xAD74,0xAD54,0xA533,0xB595,0xB595,0xA513,0xA4F3,0x9CD2,0xA513,0xA513,0xA533,0xA513,
    0xA533,0xB5B6,0xA513,0xA533,0xAD54,0xAD54,0xAD74,0xAD74,0xA513,0xAD34,0xAD74,0xB575,
    0xAD54,0xAD54,0xAD34,0xAD54,0xA513,0xA4D2,0x94B1,0x7BCE,0x6B2C,0x630B,0x6B2C,0x630B,
    0x632C,0x738D,0x632C,0x5289,0x6B4C,0x8C30,0xA513,0x9CF2,0x9CD2,0xA534,0xB5B6,0xC617,
    0xC617,0xB5B6,0xA513,0xA513,0xA513,0x94B1,0x94B2,0x9CD2,0xA533,0xAD74,0xAD75,0xB595,
    0xBDD6,0xB575,0xAD54,0xB595,0xA533,0xA533,0xAD74,0xAD34,0xAD74,0xBDD6,0xC617,0xBDB6,
    0xB595,0xC5F7,0xEF5C,0xDEFB,0xBDF7,0xB5B5,0xC617,0xBDF6,0xBDD6,0xBDB6,0xB595,0xB595,
    0xB595,0xB595,0xB595,0xBDD6,0xC638,0xC638,0xAD54,0xA513,0xAD54,0xA533,0xA513,0xAD34,
    0xA513,0xAD75,0xB595,0xAD54,0xB595,0xB595,0xBDF7,0xBDD6,0xBDF7,0xC658,0xD6BA,0xD6BA,
    0xD699,0xC637,0xBDF7,0xB5B5,0xB595,0xB595,0xAD75,0xB595,0xB595,0xBDD6,0xBDF7,0xBDD7,
    0xBDF7,0xBDD6,0xC617,0xCE79,0xE73C,0xDEFB,0xD699,0xBDD6,0xB595,0xB595,0xAD75,0xBDD6,
    0xBDD6,0xC617,0xB595,0xBDD6,0xBDD6,0xAD54,0xAD75,0xB575,0xBDD6,0xC617,0xC637,0xBDD6,
    0xBDB6,0xB5B6,0xB595,0xB575,0xB595,0xAD54,0xAD54,0xB595,0xAD54,0xA513,0x9CD2,0x9CD2,
    0xA513,0xA533,0xA513,0xA4F3,0xA513,0xB575,0xAD54,0xA513,0x9CB2,0xA4F2,0xAD54,0xA534,
    0xAD74,0xAD75,0xA513,0xA4F2,0x9491,0x94B1,0x94B1,0x8C70,0x8C70,0x9CF2,0x9CB2,0x9491,
    0x9CD2,0xA513,0x9CD2,0x9CD2,0x9CD2,0x94B1,0x9491,0x9491,0x94B1,0x9470,0x8C70,0x8C50,
    0x9CB2,0x9491,0x94B1,0xB595,0xA513,0x8C70,0x8C50,0x9491,0x8C70,0x9CB2,0xB575,0xBDF6,
    0xB595,0xAD34,0xA513,0xA513,0xA513,0xA4F3,0x73AD,0x8C30,0x9CD2,0x8C50,0x8C50,0x8C50,
    0x7BAE,0x62EB,0x62EB,0x52A9,0x62EB,0x52A9,0x5ACA,0x630B,0x5AEB,0x6B4C,0x8C30,0x7BAE,
    0x6B4C,0x6B4C,0x7BAD,0x738D,0x6B2C,0x6B4C,0x6B4C,0x73AD,0x6B4C,0x62EB,0x5ACA,0x5ACA,
    0x5AAA,0x5289,0x5289,0x4A48,0x4A69,0x5289,0x5289,0x5289,0x5269,0x4A48,0x4A49,0x4A49,
    0x4A69,0x5289,0x52AA,0x52AA,0x5ACA,0x5ACA,0x62EA,0x5ACA,0x62EA,0x5268,0x5268,0x62EA,
    0x6B2B,0x6B2B,0x630B,0x736C,0x7BAD,0x630B,0x6B2B,0x6B2B,0x5ACA,0x630B,0x630B,0x5ACA,
    0x5ACA,0x6B4C,0x5ACA,0x5ACA,0x5ACA,0x52A9,0x5ACA,0x630B,0x630B,0x6B4C,0x7BAD,0x7BCE,
    0x62EB,0x630B,0x6B2C,0x5AEB,0x52AA,0x5289,0x4A69,0x52AA,0x62EB,0x5AEB,0x5AAA,0x738D,
    0x6B2B,0x5ACA,0x630B,0x5ACA,0x5289,0x5ACB,0x5AAA,0x5269,0x4A69,0x4A69,0x4A69,0x5AAA,
    0x630B,0x5ACA,0x5ACA,0x5ACA,0x5AEB,0x632C,0x6B4C,0x6B4C,0x6B2C,0x62EB,0x5AEB,0x630B,
    0x736D,0x7BAE,0x8430,0x840F,0x7BCE,0x738D,0x738D,0x7BCE,0x736D,0x6B6C,0x736D,0x6B6C,
    0x738D,0x7BCE,0x83EF,0x8C50,0x840F,0x7BAE,0x840F,0x8C50,0x738D,0x7BCE,0x6B4C,0x62EB,
    0x5ACA,0x5AAA,0x632B,0x630B,0x6B6D,0x632C,0x5ACA,0x5289,0x5289,0x52A9,0x5AAA,0x5ACA,
    0x630B,0x5ACA,0x5289,0x5AAA,0x62EB,0x5ACA,0x5AAA,0x6B2B,0x6B2C,0x5AA9,0x5289,0x5289,
    0x5269,0x4A48,0x4A48,0x4A48,0x4A48,0x4A48,0x5ACA,0x738D,0x83EF,0x8C70,0x9470,0x9471,
    0xA513,0xAD34,0xAD34,0xA513,0xA513,0xA513,0xA513,0xA513,0xA513,0xA4F2,0x9CD2,0xA513,
    0xA513,0x9CD2,0xA4F2,0xA534,0xA4F2,0xAD34,0xBDF7,0xCE79,0xC5F7,0xAD75,0xAD34,0xA4F3,
    0xA513,0x9CD2,0xA533,0xAD54,0x9CD2,0x94B1,0x9CD2,0x9CB2,0x8C30,0x9470,0x9CD2,0xA513,
    0xA4F2,0xAD54,0xA513,0xAD54,0xA534,0x9CD2,0x9CD2,0x9CF2,0xAD54,0xA513,0xA513,0x94B1,
    0x94B1,0xA513,0xA4F2,0xA513,0xA4F2,0xA533,0x9CF2,0xA4F2,0xA4F3,0xA513,0xAD54,0xA513,
    0xA533,0xA513,0xAD74,0xAD74,0xBDD6,0xBDD6,0xAD75,0xAD75,0xAD75,0xB595,0xB575,0xB5B6,
    0xAD74,0xB595,0xBDD6,0xB5B5,0xB595,0xBDD6,0xC638,0xAD75,0xA533,0xA533,0xA4F3,0x9CF2,
    0xA533,0xA534,0xA513,0x9CF2,0x9CD2,0xAD74,0x840F,0x630B,0x630B,0x9491,0x9CD2,0x9CD2,
    0x9CD2,0x94B1,0x8C50,0xA513,0x9CD2,0xA513,0xB595,0xBDD6,0xBDD6,0xA513,0xA513,0xAD75,
    0xAD75,0xAD75,0xAD54,0xB595,0xAD75,0xAD74,0xAD54,0xBDD6,0xCE58,0xC617,0xB5B5,0xC617,
    0xBDB6,0xB5B6,0xC637,0xBDF7,0xBDD6,0xC638,0xCE79,0xBDF7,0xB5B5,0xB575,0xAD54,0xAD74,
    0xB595,0xA513,0xA533,0xAD54,0xAD34,0xA513,0xAD54,0xA533,0xA533,0xAD54,0xA513,0xBDB6,
    0xB595,0xA513,0xA533,0xAD74,0xA513,0xAD54,0xB595,0xAD54,0xB595,0xAD54,0xA4F2,0xA4F2,
    0xA4F2,0x840F,0x738D,0x6B4C,0x6B4C,0x630B,0x5AEA,0x5ACA,0x6B6D,0x6B4C,0x5AEB,0x4A69,
    0x5AEB,0x7BCE,0x9471,0x9471,0x9CB2,0xAD54,0xB595,0xB5B6,0xBDB6,0xB595,0xAD34,0xAD34,
    0xAD34,0x9CD2,0x9CB2,0x9CD2,0x9CF2,0xA513,0xA513,0xAD34,0xAD54,0xAD33,0xAD54,0xAD54,
    0xA513,0xA513,0xA4F3,0xA513,0xAD34,0xB575,0xC617,0xBDD6,0xAD34,0xB595,0xDEFA,0xD699,
    0xC638,0xC638,0xC617,0xB595,0xAD74,0xB575,0xB595,0xB595,0xBDD6,0xAD54,0xAD74,0xBDF7,
    0xD6DA,0xCE58,0xB595,0xAD34,0xA4F3,0xA513,0x9CB2,0xA534,0xA513,0xA513,0xA534,0xA533,
    0xAD54,0xB595,0xBDD6,0xC617,0xC638,0xBDF7,0xC658,0xD6DA,0xC617,0xBDF7,0xBDD6,0xB595,
    0xBDF7,0xC658,0xC637,0xBDF7,0xC617,0xBDD6,0xBDF7,0xC617,0xBDD6,0xB5B6,0xC617,0xC617,
    0xD699,0xD6B9,0xD699,0xC617,0xB5B5,0xAD54,0xB5B5,0xAD74,0xAD75,0xBDD6,0xB595,0xB5B6,
    0xB595,0xAD75,0xBDD6,0xB5B6,0xB595,0xBDD6,0xB5B6,0xBDD6,0xBDB6,0xB5B6,0xB595,0xAD74,
    0xAD74,0xAD34,0xAD74,0xBDB6,0xB595,0xA513,0x9CB2,0x9CD2,0x9CD2,0xA4F3,0xA4F3,0xA533,
    0x94B1,0x9CF2,0xA513,0x9CF2,0x9CB2,0xA513,0xA533,0xAD34,0xAD54,0xB5B5,0xA534,0xA513,
    0x9CB2,0x9491,0x8C50,0x8C30,0x8C50,0x9CD2,0x9491,0x9CD2,0x9CB2,0xA534,0xA513,0x9CF2,
    0x9CF2,0x94B1,0x9491,0x94B1,0x9CF2,0x8C50,0x8C30,0x9470,0xA4F3,0x9471,0x9491,0x94B1,
    0x9CB1,0x9CD2,0x9CD2,0x9CB2,0x94B1,0xA513,0xAD34,0xAD54,0xAD54,0xA533,0xA4F2,0x94B2,
    0x9CF2,0xA513,0x9CB2,0xA533,0x9CD2,0x9491,0x842F,0x7BEF,0x7BCE,0x7BAE,0x6B6C,0x62EB,
    0x630B,0x52A9,0x52A9,0x5ACA,0x630B,0x7BCE,0x6B2C,0x5269,0x5ACA,0x5AAA,0x5ACA,0x6B2B,
    0x630B,0x630B,0x6B4C,0x6B4C,0x738D,0x7BAD,0x6B2C,0x52AA,0x52A9,0x52A9,0x5289,0x4A69,
    0x4A69,0x4A49,0x5289,0x5AEB,0x5ACA,0x4A69,0x4A48,0x4A49,0x5289,0x52AA,0x4A69,0x52AA,
    0x5AA9,0x630B,0x5289,0x5269,0x5289,0x5268,0x5AA9,0x5ACA,0x630B,0x7BCE,0x840F,0x738D,
    0x630B,0x6B4C,0x6B6C,0x6B2B,0x5AA9,0x62EA,0x6B2B,0x630B,0x6B4C,0x6B4C,0x630B,0x62EA,
    0x5ACA,0x5ACA,0x5ACA,0x62EA,0x630B,0x630B,0x6B4C,0x6B4C,0x62EA,0x630B,0x630B,0x5ACA,
    0x52AA,0x5ACA,0x52AA,0x5289,0x5289,0x52AA,0x62EB,0x5AEB,0x5ACA,0x5ACA,0x62EB,0x5AEB,
    0x5ACA,0x5AAA,0x52AA,0x52AA,0x4A69,0x5289,0x5269,0x5AAA,0x62EB,0x5AAA,0x5AAA,0x5ACA,
    0x73AD,0x840F,0x7BEF,0x73AE,0x6B4C,0x5ACA,0x6B6D,0x7BCE,0x736D,0x7BAE,0x7BAD,0x7BCE,
    0x840F,0x840F,0x7BAE,0x7BCE,0x738D,0x6B6C,0x6B4C,0x6B4C,0x6B4C,0x6B2B,0x6B4C,0x736D,
    0x7BCE,0x840F,0x9CD2,0x8C50,0x83EF,0x7BCE,0x738D,0x62EB,0x5289,0x5289,0x5ACA,0x5ACA,
    0x62EB,0x5ACA,0x5ACA,0x5AAA,0x5289,0x5289,0x5ACA,0x62EB,0x630B,0x62EA,0x5289,0x62EB,
    0x6B2B,0x5ACA,0x5ACA,0x6B2C,0x630B,0x5AA9,0x5289,0x5289,0x5289,0x5289,0x4A28,0x4A48,
    0x4A48,0x4A48,0x5289,0x52A9,0x6B4C,0x8C30,0x9491,0x94B1,0xA513,0xAD54,0xA513,0xAD54,
    0xAD54,0xAD34,0xA513,0xA513,0x9CD2,0x9CD2,0x9CD2,0xA513,0xA4F3,0x9CF2,0x9CD2,0x94B1,
    0x9CD2,0xA513,0xBDF7,0xC617,0xAD74,0x9CD2,0x9491,0xA533,0xAD74,0x9CD2,0xA4F2,0xA533,
    0x94B1,0x840F,0x8C30,0xA4F3,0x8C50,0x9470,0x9CD2,0xA4F2,0xA513,0xB595,0xAD54,0xAD54,
    0xAD54,0x9CD2,0x9471,0x94B1,0xA513,0xAD75,0xAD54,0x9CF2,0xA513,0xA513,0xA4F3,0xAD54,
    0x9471,0x94B1,0xA513,0xA513,0xA4F2,0xAD34,0xAD54,0xA513,0xAD34,0xAD54,0xB595,0xB595,
    0xB595,0xB575,0xB595,0xBDF7,0xBDF7,0xB5B6,0xB5B5,0xB5B6,0xCE58,0xCE58,0xBDD6,0xAD74,
    0xAD75,0xB595,0xBDD6,0xAD54,0xAD34,0x9CF2,0x94B1,0x8C50,0x8C30,0x94B1,0xA513,0x9CD2,
    0xA513,0xA533,0x7BCE,0x5AAA,0x630B,0x8C50,0xA513,0x9CF2,0x9471,0x9CB2,0x9CD2,0x94B2,
    0x9491,0xA513,0xAD74,0xB575,0xB5B6,0xA513,0xA533,0xB5B5,0xB595,0xAD74,0xAD74,0xB595,
    0xB595,0xAD74,0xAD34,0xB5B5,0xBDD6,0xC637,0xCE79,0xBDB6,0xB5B5,0xBDD6,0xBDF7,0xC5F7,
    0xC617,0xCE78,0xDF1B,0xD6BA,0xC617,0xB595,0xAD54,0xAD34,0xA533,0xAD33,0xAD33,0xA513,
    0xA513,0xA513,0xB575,0xBDD6,0xA4F3,0xA4F2,0xAD54,0xA513,0xAD33,0xA513,0xA4F2,0xA533,
    0xA513,0xBDD6,0xB5B6,0xAD34,0xAD54,0xAD54,0xA533,0xAD34,0xAD34,0x7BCE,0x6B4C,0x630B,
    0x6B2C,0x5AEB,0x5AEB,0x5AEB,0x632C,0x632C,0x630B,0x632C,0x73AD,0x840F,0x9470,0x9CB2,
    0xA513,0xAD54,0xAD34,0xB595,0xAD75,0xAD74,0xAD54,0xAD74,0xBDB6,0xA513,0xA513,0x9CD2,
    0x94B1,0xA4F2,0xA533,0xAD33,0xA533,0xAD34,0xAD34,0xAD33,0x9CD2,0x9CD2,0x9CD2,0xA513,
    0xA533,0xA513,0xA533,0xA513,0xAD33,0xC617,0xCE79,0xCE58,0xC617,0xC617,0xBDD6,0xAD74,
    0xBDD6,0xBDD6,0xBDD6,0xBDD6,0xB5B5,0xAD54,0xAD54,0xBDD6,0xC638,0xC617,0xB5B5,0xAD34,
    0x9CD2,0xA513,0x9CF2,0xA513,0xA534,0xA513,0xAD54,0x9CF2,0xA513,0xB595,0xBDD6,0xC658,
    0xC658,0xBDF7,0xB5B6,0xBDD7,0xB5B6,0xB5D6,0xC638,0xCE58,0xBDF7,0xC617,0xC637,0xBDD6,
    0xB595,0xA533,0xA513,0xAD54,0xBDD6,0xCE58,0xC617,0xC617,0xC638,0xCE78,0xCE58,0xC638,
    0xBDD6,0xB575,0xAD74,0xAD54,0xBDD6,0xC5F7,0xBDD6,0xB595,0xBDD6,0xBDD6,0xBDD6,0xBDD6,
    0xBDF7,0xBDD6,0xB595,0xB595,0xAD54,0xAD54,0xB5B5,0xAD75,0xAD54,0xAD54,0xAD75,0xB595,
    0xAD74,0xAD54,0xA533,0xA533,0xA4F2,0xA4F2,0xAD34,0xAD34,0xA534,0xA4F3,0x9CB2,0x9CD2,
    0x9491,0x9CD2,0xA513,0xA513,0xA513,0xB595,0xB5B6,0xA513,0xA4F3,0x94B1,0x8C30,0x8C70,
    0x8C50,0x8C70,0x8C70,0x9470,0x94B2,0xAD54,0xAD54,0xA513,0xA513,0x9CD2,0x9CD2,0x9CD2,
    0x9CD2,0x9CB2,0x9470,0x9470,0x9491,0x9491,0x9470,0x9CB2,0x9CB2,0x94B1,0x94B1,0x94B1,
    0x9CB2,0xA4F3,0xA533,0xA513,0xA4F3,0xA513,0xA513,0x9471,0x9CB2,0xA4F3,0xA513,0xAD54,
    0x9CD2,0x9CD2,0x9491,0x738D,0x7BCE,0x7BCE,0x6B2C,0x630B,0x5AAA,0x5269,0x5269,0x630B,
    0x7BCE,0x8C50,0x736D,0x4A68,0x52A9,0x5ACA,0x5ACA,0x630B,0x5AAA,0x62EA,0x62EB,0x630B,
    0x73AD,0x83EF,0x736D,0x5289,0x5269,0x52A9,0x52AA,0x5289,0x4A69,0x4A69,0x4A69,0x52AA,
    0x52AA,0x5289,0x5289,0x5289,0x5289,0x4A69,0x4A69,0x4A49,0x4A69,0x5269,0x5268,0x5268,
    0x5268,0x5AA9,0x5AA9,0x62EA,0x6B4C,0x738D,0x7BCE,0x9CD2,0x842F,0x7BCE,0x736D,0x6B2B,
    0x630B,0x6B2C,0x6B4C,0x6B4C,0x738D,0x738D,0x6B2C,0x62EA,0x5ACA,0x5ACA,0x62EB,0x5AEA,
    0x62EA,0x5ACA,0x62EB,0x5ACA,0x5ACA,0x52AA,0x5ACA,0x5AEB,0x5AAA,0x52AA,0x5289,0x4A69,
    0x5289,0x52AA,0x630B,0x632C,0x5ACA,0x52AA,0x5ACA,0x5ACA,0x52A9,0x52AA,0x52AA,0x5289,
    0x4A69,0x52AA,0x5289,0x5ACA,0x630B,0x5ACA,0x5AAA,0x5ACA,0x7BCE,0x840F,0x7BEF,0x7BAE,
    0x6B6D,0x630B,0x630B,0x738D,0x7BEF,0x7BCE,0x83EE,0x83EF,0x7BCE,0x842F,0x83EF,0x7BCE,
    0x7BCE,0x7BCE,0x73AD,0x738D,0x6B4C,0x5AAA,0x5ACA,0x62CA,0x6B2B,0x7BAE,0x94B1,0x840F,
    0x738D,0x6B4C,0x6B2C,0x630B,0x5289,0x5289,0x5289,0x5ACA,0x5ACA,0x5AAA,0x5289,0x52AA,
    0x5289,0x5289,0x5ACA,0x630B,0x5ACA,0x5289,0x5AAA,0x62EA,0x5ACA,0x5AAA,0x5ACA,0x5ACA,
    0x52A9,0x5AAA,0x5289,0x5289,0x5ACA,0x52A9,0x4A28,0x4A28,0x4A48,0x4A69,0x5289,0x4A69,
    0x62EB,0x7BEE,0x9470,0x94B1,0xA4F3,0xA533,0xAD54,0xB595,0xAD75,0xB575,0xA513,0x9CD2,
    0x9CB2,0x9CD2,0xA4F3,0xA513,0x9CD2,0x9491,0x9CD2,0x9CD2,0x9CD2,0xA513,0xA513,0xA513,
    0xA4F3,0x9CB2,0x9CD2,0xA4F2,0x9CD2,0x9CD2,0xAD34,0xA4F3,0x94B1,0x83EF,0x7BCE,0x840F,
    0x9470,0x9CB2,0x9491,0x8C50,0x9491,0xA4F2,0x9CD2,0x9CD2,0x9491,0x8C50,0x9491,0x8C50,
    0x8C70,0xAD54,0xA534,0xA533,0xAD34,0x94B1,0x9CD2,0x94B1,0x8C30,0xA534,0xAD54,0x9CF2,
    0xA513,0xA533,0xAD54,0xAD54,0xA513,0xA513,0xAD54,0xAD74,0xAD54,0xAD34,0xAD75,0xBDD6,
    0xBDD6,0xBDD6,0xB5B6,0xC617,0xCE79,0xC638,0xBDF7,0xAD75,0xA513,0xA533,0xA533,0xA513,
    0xAD34,0x9CF2,0x9CB2,0x94B1,0x94B1,0x840F,0x8C50,0x9CF2,0xA534,0xAD54,0xA513,0x8C50,
    0x9491,0xAD34,0xA534,0xA513,0x9CD2,0x94B1,0x94B2,0x9491,0x94B1,0x9CB2,0xA4F3,0xB5B6,
    0xB5B5,0xB5B6,0xA4F3,0xAD34,0xB5B6,0xB595,0xAD54,0xB595,0xB595,0xAD74,0xAD34,0xB595,
    0xBDD6,0xBDB6,0xBDD6,0xBDD6,0xBDD6,0xB5B5,0xC617,0xC617,0xC617,0xC638,0xD699,0xD699,
    0xBDD6,0xB595,0xB595,0xA533,0xA513,0xA513,0x9CF2,0xA513,0xAD34,0xA533,0xAD74,0xA533,
    0xA513,0xA533,0xA533,0xA513,0xA513,0xAD34,0xA513,0xA513,0xA4F2,0xA4F2,0xA534,0xBDF7,
    0xC617,0xAD74,0xAD54,0x9CF2,0x8C30,0x6B6C,0x630B,0x630B,0x6B2C,0x6B4C,0x630B,0x5ACA,
    0x5ACB,0x632C,0x7BCE,0x736D,0x738D,0x9471,0x94B1,0x9CD2,0xAD54,0xA513,0xAD54,0xB595,
    0xAD34,0xAD54,0xB5B5,0xB595,0xAD54,0xA4F2,0xAD34,0x9CD2,0x94B1,0x9CD2,0xA513,0xAD54,
    0xA513,0xAD34,0xA513,0xA513,0xA4F2,0x9CD2,0xA533,0xAD54,0xAD54,0xA513,0xAD34,0xB575,
    0xB595,0xC638,0xBDF7,0xBDD6,0xBDF7,0xC637,0xC617,0xBDF7,0xC638,0xCE79,0xC638,0xC617,
    0xBDD6,0xBDD6,0xBDF7,0xC617,0xBDF7,0xBDF7,0xB595,0xAD74,0xA534,0xA513,0x9CD2,0xA513,
    0xA533,0xA534,0xAD74,0xA513,0xAD54,0xBE17,0xBE17,0xC658,0xD699,0xC658,0xBDD6,0xBDD6,
    0xC617,0xCE79,0xCE79,0xCE79,0xC637,0xBDD6,0xB595,0xB595,0xB5B5,0xB595,0xBDD6,0xB5B6,
    0xBDF7,0xB595,0xBDD6,0xC617,0xC617,0xC638,0xC638,0xBDD6,0xB595,0xB5B6,0xB595,0xB595,
    0xB595,0xB5B6,0xC617,0xAD75,0xBDD6,0xB5B5,0xB595,0xBDF7,0xC617,0xBDD6,0xBDD6,0xB595,
    0xAD54,0xAD54,0xB595,0xB595,0xBDD6,0xBDF6,0xCE58,0xB595,0xAD54,0xA4F3,0x9CF2,0xA513,
    0xA4F3,0xA4F3,0xAD34,0xA4F2,0xA513,0xA533,0x9CD2,0x9CD2,0x9CB2,0x9CD2,0xA533,0xA4F3,
    0xA4F3,0xAD54,0xB595,0xAD75,0x9CF2,0x9CD2,0x94B1,0x94B2,0x8C71,0x9491,0x9CB2,0x9471,
    0x9CB2,0xA533,0xBDD6,0xAD54,0xA534,0x9CD2,0x9CB2,0x9CB2,0xA513,0xA4F3,0x9491,0x94B1,
    0x9CD2,0x9491,0x9CB2,0x9491,0x9491,0x9470,0x9491,0x94B1,0x9CD2,0x9CD2,0xAD54,0xAD54,
    0x9CD2,0xA513,0xA513,0xA533,0xBDD6,0xB575,0xA513,0xA513,0x9491,0x842F,0x8C50,0x738D,
    0x840F,0x9CD2,0x7BEF,0x630B,0x5AAA,0x5269,0x5289,0x6B6C,0x6B2C,0x630B,0x630B,0x5269,
    0x5289,0x62EB,0x7BCE,0x7BCE,0x62EA,0x5AAA,0x62EB,0x5ACA,0x5AAA,0x5ACA,0x5AA9,0x5269,
    0x4A69,0x4A49,0x4A69,0x5289,0x4A89,0x4A69,0x4A69,0x5ACA,0x4A69,0x5289,0x52AA,0x4A48,
    0x4A48,0x4A49,0x4A69,0x5289,0x5289,0x52A9,0x5289,0x5AA9,0x62EA,0x5ACA,0x5ACA,0x630B,
    0x630B,0x6B6C,0x7BCE,0x9D13,0x94B2,0x7BCE,0x73AD,0x6B4C,0x630B,0x6B6D,0x736D,0x738D,
    0x738D,0x6B4C,0x630B,0x5ACA,0x5AAA,0x5ACA,0x62EB,0x5ACA,0x5ACA,0x5AAA,0x52AA,0x5289,
    0x5269,0x4A69,0x4A69,0x5ACA,0x5AEB,0x5ACA,0x52AA,0x4A69,0x5289,0x52AA,0x52AA,0x6B4C,
    0x630B,0x5ACA,0x4A69,0x5289,0x5289,0x5ACA,0x630B,0x5ACA,0x52A9,0x4A69,0x4A69,0x630B,
    0x6B2C,0x5AAA,0x5AAA,0x52AA,0x630B,0x6B4C,0x6B4C,0x6B4C,0x6B6C,0x5AEA,0x5ACA,0x6B2C,
    0x7BCE,0x840F,0x7BCE,0x7BAE,0x73AD,0x840F,0x842F,0x840F,0x7BEF,0x840F,0x73AE,0x6B2C,
    0x736D,0x5ACA,0x5AA9,0x5AA9,0x6B2C,0x840F,0x7BCE,0x738D,0x738D,0x73AD,0x630B,0x5289,
    0x5289,0x5269,0x5269,0x52AA,0x52AA,0x52AA,0x5AAA,0x52A9,0x52A9,0x5AAA,0x5ACA,0x5AA9,
    0x5ACA,0x5AAA,0x5AA9,0x630B,0x630B,0x5ACA,0x5ACA,0x5ACA,0x5AA9,0x52A9,0x5AA9,0x52A9,
    0x62EB,0x5AA9,0x5269,0x4A48,0x4A48,0x5289,0x5ACA,0x6B4C,0x7BCE,0x7BCE,0x8C50,0x9CD2,
    0x9CF2,0xA513,0xAD54,0xC617,0xBDD6,0xAD54,0xA513,0xA513,0xA513,0xA513,0xA513,0xA513,
    0x94B1,0x8C70,0x9CD2,0xA513,0xAD34,0x94B1,0x8C30,0x9CD2,0x9CD2,0x94B1,0xA513,0xA513,
    0xA4F2,0xA4F2,0xA513,0x9CB1,0x9CB2,0x9CD2,0x9CB2,0x9470,0x9471,0x9491,0x842F,0x9491,
    0x94B1,0x94B1,0x94B1,0x8C30,0x9491,0x8C70,0x8C30,0x94B1,0xA533,0x8C70,0x9491,0x9CB2,
    0x9471,0x9470,0x8C2F,0x8C50,0x9CD2,0xB5B5,0xB5B5,0x9CF2,0x9CD2,0x9CD2,0xA4F3,0x9CD2,
    0x9CD2,0xA513,0xAD34,0xB575,0xB595,0xAD34,0xA513,0xAD74,0xC617,0xCE78,0xC5F7,0xBDD6,
    0xBDD6,0xB5B5,0xAD75,0xAD34,0xA4F3,0xA533,0xA513,0xA533,0xBDB6,0x9470,0x73AD,0x840F,
    0xA513,0x9471,0x83EF,0x9CB2,0xAD54,0xAD74,0xAD54,0xA513,0x9CD2,0xA4F2,0xAD54,0x9CD2,
    0xA513,0xA4F3,0x9CD2,0x8C30,0x840F,0x842F,0xA533,0xB5B6,0xB595,0xB5B5,0xB595,0xAD54,
    0xB595,0xBDD6,0xAD75,0xAD74,0xB595,0xAD74,0xA513,0xA513,0xB5B6,0xB595,0xAD54,0xB5B5,
    0xBDD6,0xBDF7,0xC617,0xBDF6,0xBDD6,0xBDD6,0xC617,0xC617,0xBDB6,0xAD74,0xB575,0xAD34,
    0xA4F2,0xAD34,0xA513,0xA4F3,0xB575,0xAD74,0x9CD2,0x9CD2,0xAD54,0xA533,0xAD54,0xAD34,
    0xAD54,0xAD34,0x9CD2,0xA4F2,0xA4F2,0xA513,0xAD54,0xBDF7,0xCE79,0xB595,0xAD54,0xAD34,
    0x8C30,0x6B4C,0x6B2C,0x6B4C,0x738D,0x7BAE,0x62EB,0x4A69,0x52AA,0x632C,0x7BAD,0x5ACA,
    0x840F,0x9491,0xA513,0xAD34,0xAD34,0xB595,0xBDD6,0xB595,0xAD75,0xAD74,0xBE17,0xBE17,
    0xA513,0xA4F2,0xA4F2,0x9CD2,0x9CD2,0xA4F2,0xA513,0xA533,0xA533,0xAD34,0xA533,0x9CD2,
    0xA513,0xAD54,0xB5B6,0xB595,0xB5B5,0xBDD6,0xC638,0xC617,0xC617,0xC638,0xC617,0xBDB6,
    0xC638,0xC638,0xC617,0xC617,0xBDF7,0xD6BA,0xD699,0xC638,0xC617,0xBDD6,0xBDF7,0xC658,
    0xC637,0xC658,0xCE79,0xCE58,0xC638,0xBDF7,0xB595,0xBDD6,0xAD54,0xA513,0xA534,0xB5B5,
    0xAD95,0xC658,0xC638,0xCE79,0xCE58,0xC658,0xC638,0xCE99,0xD6BA,0xD699,0xC658,0xBDF7,
    0xB595,0xB5B6,0xBDD6,0xB595,0xB5B5,0xB595,0xBDD6,0xC617,0xC617,0xBDF7,0xC638,0xC658,
    0xC617,0xCE58,0xD699,0xC638,0xBDF7,0xBDD6,0xBDF7,0xC617,0xBDD6,0xBDD6,0xB595,0xAD54,
    0xAD54,0xB595,0xAD75,0xBDD6,0xBDD6,0xB595,0xBDF7,0xBDF7,0xB575,0xAD54,0xAD75,0xAD54,
    0xAD75,0xB5B6,0xBDD7,0xB595,0xA533,0x9CD2,0x9CD2,0x9CD2,0x9CD2,0xA513,0xA4F3,0x9CF2,
    0x9CD2,0x9CD2,0xAD54,0xAD54,0xA534,0xA513,0xA4F3,0xA534,0xAD74,0xAD54,0xA513,0xB5B6,
    0xB575,0xA4F2,0x94B1,0x94B1,0x94B1,0xA534,0x9CD2,0x94B1,0x9CD2,0x9CF3,0xAD54,0xAD54,
    0x9CD2,0x94B2,0x94B1,0x94B1,0x9CB2,0x9491,0x94B2,0x9CD2,0xA513,0x9CB2,0x9CB2,0x9CF2,
    0x9470,0x94B1,0xB595,0xA513,0xA513,0xA513,0xB595,0xAD34,0xA513,0xAD34,0xA4F3,0xA4F2,
    0xAD54,0xB595,0x9CF2,0x9CD2,0x9491,0x9491,0x94B1,0x83EF,0x7BCE,0xA513,0x9470,0x6B4C,
    0x62EA,0x5ACA,0x736C,0x7BAE,0x5ACA,0x5ACA,0x52A9,0x5ACA,0x5AEA,0x630B,0x83EE,0x7BCE,
    0x6B2C,0x6B4C,0x736D,0x62EA,0x5289,0x4A48,0x4A69,0x5269,0x52A9,0x5289,0x4A49,0x4A49,
    0x4A49,0x4A69,0x4A48,0x4A48,0x5289,0x52AA,0x4A69,0x4A48,0x4A28,0x4A69,0x4A69,0x5269,
    0x52AA,0x5AAA,0x5289,0x5AA9,0x62EA,0x5AA9,0x62CA,0x6B4C,0x6B2C,0x7BCE,0x8430,0x73AE,
    0x738D,0x6B6D,0x73AD,0x7BAE,0x6B4C,0x6B2B,0x6B2B,0x6B4C,0x6B4C,0x6B6C,0x6B4C,0x62EB,
    0x5AAA,0x52AA,0x5AEB,0x5AEA,0x5ACA,0x5289,0x5289,0x5AAA,0x5289,0x5289,0x4A69,0x5ACA,
    0x5AEB,0x5ACB,0x5ACA,0x5269,0x5289,0x5289,0x52AA,0x630B,0x5ACA,0x5AEB,0x52AA,0x5ACA,
    0x5ACA,0x5ACA,0x5ACA,0x630B,0x5289,0x4A48,0x4A48,0x5AEB,0x6B4C,0x52AA,0x5289,0x5ACA,
    0x5ACA,0x5ACA,0x5ACA,0x62EB,0x630B,0x5ACA,0x5AAA,0x62EB,0x736D,0x7BEF,0x7BEE,0x7BCE,
    0x7BCE,0x83EF,0x840F,0x8C30,0x840F,0x7BCE,0x738D,0x736D,0x630B,0x6B4C,0x6B4C,0x6B4C,
    0x840F,0x83EF,0x83EF,0x738D,0x83EF,0x8C70,0x6B2C,0x5269,0x4A48,0x4A69,0x5269,0x4A69,
    0x4A48,0x4A48,0x52A9,0x5289,0x5289,0x52A9,0x5AAA,0x5AA9,0x5AA9,0x5AA9,0x62EA,0x630B,
    0x5ACA,0x630B,0x630B,0x5ACA,0x5289,0x5289,0x5AAA,0x5ACA,0x62EB,0x5AA9,0x5AA9,0x4A69,
    0x4A48,0x5289,0x6B2C,0x738D,0x840F,0x842F,0x840F,0x9CD2,0xAD75,0x9CD2,0xA533,0xBDB6,
    0xAD54,0xA513,0xAD34,0xA513,0xA4F2,0xA513,0xA513,0xA513,0xA513,0x9CB2,0x9CB2,0x94B1,
    0x9CB2,0x9CB1,0x8C50,0x9491,0x94B1,0x842F,0x8C50,0x9CD2,0x9CD2,0x9491,0x9470,0x8C50,
    0x9CB1,0x9471,0x9CD2,0x9CF2,0x9CD2,0x840F,0x8C50,0x94B1,0x9470,0x9470,0x94B1,0x9471,
    0x9491,0x8C50,0x840F,0x9471,0x9CB2,0x83EE,0x9471,0x94B1,0x9CD2,0x9CB1,0xA4F3,0xAD54,
    0xA534,0xAD34,0xAD54,0xA4F3,0x9CD2,0x9CB2,0x9CD2,0x9CB2,0xAD54,0xAD54,0xAD54,0xBDB6,
    0xBDD6,0xB595,0xAD54,0xAD75,0xBDD6,0xBDF7,0xBE17,0xB595,0xB595,0xB595,0xAD54,0xAD54,
    0xA513,0xA4F3,0xAD74,0xB5B6,0xB595,0x9491,0x6B4C,0x7BCE,0x94B1,0x8C30,0x7BCE,0x8C70,
    0xA513,0xAD74,0x9CF2,0x9CD2,0x8C30,0x7BCE,0x9471,0xA513,0x94B1,0x9CF2,0x9CD2,0x83EF,
    0x8C70,0x9CD2,0x94B1,0xA534,0xA534,0xA533,0xBDF7,0xBDD6,0xBDD6,0xAD74,0xAD95,0xAD75,
    0xAD54,0xAD75,0xAD74,0xA513,0xB595,0xBDB6,0xAD54,0xB595,0xB575,0xB595,0xBDD6,0xBDD6,
    0xB595,0xBDD6,0xBDD6,0xBDD6,0xB595,0xAD34,0xAD34,0xA533,0xA513,0xA4F2,0xA513,0xAD34,
    0xB595,0xB595,0xA4F2,0x9CB2,0xAD54,0xA513,0xAD54,0xAD75,0xAD34,0xA533,0xAD34,0xAD34,
    0xB575,0xB575,0xB5B5,0xBDD6,0xBDF6,0xAD54,0xA513,0xA4F3,0x9471,0x83EF,0x736D,0x6B4C,
    0x6B4C,0x630B,0x52A9,0x5289,0x630B,0x7BCE,0x6B2C,0x630B,0x8C50,0x9471,0x9CB2,0xAD34,
    0xAD54,0xA533,0xAD54,0xAD75,0xAD54,0xAD74,0xAD34,0xAD34,0xAD54,0xA533,0x9CD2,0xA4F3,
    0x9CD2,0xA513,0xA513,0xA513,0xAD34,0xA513,0x9CD2,0xA4F2,0xBDD6,0xB5B5,0xB595,0xAD54,
    0xAD54,0xBDD6,0xC617,0xC617,0xC637,0xC617,0xBDD6,0xBDB6,0xCE79,0xC638,0xC638,0xBDF7,
    0xBDD6,0xCE79,0xD6DA,0xBE17,0xC5F7,0xC617,0xC637,0xC638,0xBDF7,0xBDD6,0xC617,0xC638,
    0xC638,0xC638,0xC638,0xC658,0xBDF7,0xB5B6,0xA534,0xB595,0xBDD6,0xCE58,0xC638,0xC638,
    0xC617,0xBDF7,0xC638,0xCE99,0xD699,0xCE58,0xBE17,0xAD54,0xAD54,0xB5B5,0xB5B6,0xBDD6,
    0xBE17,0xBDF7,0xC638,0xCE58,0xC638,0xC638,0xD6DA,0xCE58,0xC638,0xCE58,0xD699,0xC638,
    0xBDD6,0xB595,0xB575,0xBDD6,0xAD75,0xB5B6,0xAD75,0xA513,0xA513,0xAD54,0xAD54,0xB595,
    0xB595,0xB595,0xBDD6,0xC617,0xBDD6,0xB595,0xAD34,0xA534,0xAD54,0xAD54,0xB595,0xAD75,
    0xAD75,0xAD54,0xAD74,0xA513,0x9CD2,0xA513,0xA534,0xA533,0xAD34,0x9CB2,0x9CD2,0xA4F3,
    0x9CF3,0xA513,0xA533,0xA533,0xAD54,0xAD54,0xA513,0xAD74,0xBDD6,0xA533,0x9CB2,0xA4F3,
    0xA513,0xA534,0xA513,0x94B1,0x9CF2,0x9CF2,0x9CD2,0xA513,0x94B2,0x9491,0x8C70,0x9470,
    0x9471,0x9CD2,0x9471,0x9CD2,0x9491,0x9CB2,0x94B1,0xA4F3,0xA4F2,0xA513,0xAD54,0xA4F3,
    0xA513,0xA534,0xA513,0xA513,0xA513,0xA4F3,0xAD34,0xAD34,0xA513,0xA533,0x9CD2,0x9CB2,
    0x9CB2,0x9CD2,0x9CF2,0x8C70,0x83EF,0x7BCE,0x7BCE,0x738D,0x6B2B,0x6B4C,0x840F,0x62EB,
    0x5289,0x5ACA,0x62EA,0x632B,0x630B,0x5ACA,0x738D,0x738D,0x73AD,0x840F,0x83EF,0x6B6C,
    0x52A9,0x4A48,0x4A68,0x5269,0x52A9,0x5ACA,0x5269,0x4A48,0x4A48,0x4A69,0x4A69,0x52AA,
    0x5ACA,0x4A49,0x4A48,0x4A48,0x4228,0x4A69,0x4A48,0x4A49,0x52AA,0x52AA,0x5AA9,0x5ACA,
    0x5A89,0x5AA9,0x6B0B,0x6B2C,0x738D,0x8C71,0x8430,0x9D14,0xAD96,0x738E,0x6B4C,0x73AD,
    0x738D,0x736D,0x6B4C,0x6B2C,0x6B6C,0x736D,0x6B2C,0x630B,0x5ACA,0x52A9,0x5ACA,0x630B,
    0x5ACA,0x5289,0x4A69,0x5AAA,0x52AA,0x52AA,0x5289,0x52AA,0x52AA,0x52AA,0x5AEB,0x52AA,
    0x52AA,0x52A9,0x52AA,0x5ACA,0x5ACA,0x5ACA,0x5ACA,0x6B2C,0x62EA,0x630B,0x5AEB,0x630B,
    0x5AAA,0x5269,0x5289,0x630B,0x632C,0x52AA,0x52AA,0x5AAA,0x52AA,0x5AAA,0x62EB,0x5ACA,
    0x5ACA,0x62EB,0x5AEA,0x52A9,0x632C,0x738D,0x73AE,0x7BCE,0x7BEE,0x840F,0x7BCE,0x7BAE,
    0x7BCE,0x7BAE,0x7BCE,0x840F,0x6B2C,0x6B4C,0x7BCE,0x840F,0x94B1,0x8C30,0x94B1,0x842F,
    0x736D,0x738D,0x630B,0x4A48,0x5289,0x5269,0x4A48,0x4A48,0x4227,0x4207,0x4A69,0x5269,
    0x5289,0x5AA9,0x5289,0x52A9,0x5AAA,0x5AA9,0x6B0B,0x62EB,0x5ACA,0x5ACA,0x5AEA,0x5AA9,
    0x5268,0x4A68,0x52A9,0x5ACA,0x5ACA,0x5ACA,0x5289,0x4A28,0x4A69,0x4A69,0x6B4C,0x736D,
    0x7BCE,0x7BCE,0x7BAE,0x94B1,0xA534,0x8C50,0xA513,0xAD34,0x9CF2,0x9CD2,0xA513,0xA4F3,
    0x9CD2,0x9CD2,0xA4F2,0x94B1,0xA4F2,0x9CB2,0x8430,0x840F,0x73AD,0x840F,0x9CB1,0x9470,
    0x8C30,0x840F,0x8C50,0x840F,0x9CF2,0xAD34,0x83EF,0x8430,0x9CF2,0x9CD2,0x9CB2,0x94B1,
    0x8C50,0x8C50,0x9CB2,0x7BCE,0x840F,0x9491,0x7BCE,0x7BCE,0x73AD,0x7BCE,0x8C30,0xA513,
    0xC617,0xBDD6,0x7BCE,0x9491,0xAD74,0x9CD2,0x9CD2,0x9CD2,0x9CB2,0x9CD2,0xAD75,0xAD74,
    0xA4F3,0xA4F2,0xA4F2,0xAD54,0xAD74,0xAD34,0xB575,0xB575,0xB595,0xB5B5,0xB595,0xB575,
    0xAD75,0xAD74,0xB595,0xB595,0xB595,0xAD54,0xA534,0xAD54,0xA513,0xAD74,0xB595,0xB595,
    0xAD54,0xAD54,0x94B1,0x840F,0x840F,0x840F,0x8C50,0x9491,0xA513,0xA513,0x9CB2,0xAD34,
    0x9491,0x8C50,0x8C70,0x9CB2,0x9CD2,0xA534,0x9CD2,0x9CB2,0x9CD2,0x9CD2,0x9CB2,0x94B2,
    0x9CF2,0x94B1,0xB5B6,0xC658,0xB595,0x9CB2,0xAD54,0xB595,0xAD54,0xAD54,0xAD54,0xAD75,
    0xB575,0xB595,0xB5B5,0xBDB6,0xAD75,0xAD54,0xAD34,0xB5B5,0xAD54,0xAD74,0xAD54,0xAD74,
    0xB595,0xAD54,0xB5B5,0xB5B5,0xA513,0xA513,0xA513,0xAD75,0xAD54,0xA4F2,0xA513,0xA513,
    0xAD34,0xA513,0xAD54,0xBDD6,0xAD75,0xBDD6,0xBDB6,0xBDD6,0xB595,0xB5B6,0xB595,0xB5B6,
    0xC617,0xAD54,0xAD54,0xAD34,0xA4F3,0x94B2,0x73AD,0x6B6C,0x630B,0x6B6C,0x736D,0x7BCE,
    0x73AD,0x7BCE,0x736D,0x6B4C,0x8C50,0x9491,0x94B1,0xAD54,0xB5B6,0xAD34,0xB595,0xAD75,
    0xAD75,0xBDD6,0xAD34,0xA533,0xAD54,0xA513,0x9CD2,0x9CD2,0x9CD2,0xA4F3,0xA513,0xAD34,
    0xAD54,0xAD54,0xB575,0xB595,0xBDF7,0xB595,0xAD54,0xAD75,0xBDD6,0xBDD6,0xC617,0xC638,
    0xCE58,0xC638,0xC617,0xBDD6,0xBDB6,0xBDD6,0xBDF7,0xBDD6,0xBDF6,0xC617,0xD6DA,0xCE58,
    0xBDF7,0xBDF7,0xC617,0xBDD6,0xBDF7,0xC617,0xCE79,0xCE99,0xC638,0xC638,0xC617,0xC638,
    0xCE79,0xD699,0xCE79,0xC658,0xCE79,0xCE79,0xC617,0xBDF7,0xBDD7,0xBDD6,0xBDF7,0xCE79,
    0xCE79,0xC638,0xC637,0xC617,0xBDF7,0xC638,0xC638,0xBDF7,0xBDF7,0xBDD6,0xBDF7,0xC638,
    0xC617,0xC617,0xCE79,0xCE58,0xBDF7,0xB5B6,0xC617,0xBDD6,0xB5B6,0xB595,0xAD54,0xAD74,
    0xAD54,0xAD54,0xAD54,0xB595,0xB595,0xAD75,0xAD54,0xB575,0xB595,0xC617,0xC637,0xBDF7,
    0xBDD6,0xB595,0xAD54,0xAD54,0xA533,0xAD54,0xA513,0xA534,0xAD54,0xA513,0xAD54,0xA513,
    0xA513,0x9CD2,0xA513,0xA513,0xAD54,0xAD54,0xA534,0xAD54,0xAD54,0xA4F3,0xA534,0x9CB2,
    0x94B1,0xB595,0xA534,0xA513,0xBDD7,0xBDD6,0x9CD2,0x9CF2,0xA534,0xA513,0x94B1,0x9CB2,
    0x9CD2,0x9CB2,0x94B1,0x94B1,0x94B1,0x94B1,0x94B1,0x9471,0x9471,0x9CD2,0x9CB2,0x9CD2,
    0x9CB2,0xA513,0xAD34,0xA513,0xA513,0xA534,0xA513,0xA513,0xA534,0xAD54,0xAD54,0xAD54,
    0xAD34,0xA533,0xB595,0xAD74,0xAD54,0xA513,0xA4F3,0xAD54,0xA4F3,0xA513,0x9CD2,0x9CB2,
    0x8C30,0x8C50,0x840F,0x6B4C,0x736D,0x7BAE,0x6B2B,0x62EB,0x5289,0x6B4C,0x83EF,0x7BCE,
    0x738D,0x7BAD,0x7BAE,0x840F,0x83EE,0x6B6C,0x7BCE,0x8C30,0x630B,0x4A48,0x4A69,0x5289,
    0x5ACA,0x5289,0x5269,0x5269,0x5269,0x5289,0x5ACA,0x5ACA,0x4A69,0x4A49,0x4A48,0x4A69,
    0x52AA,0x4A69,0x5289,0x5289,0x5289,0x5289,0x5289,0x5289,0x5269,0x62CA,0x6B0B,0x630B,
    0x7BAE,0x7BCE,0x8450,0xCE99,0xF7FF,0xAD95,0x736D,0x73AD,0x738D,0x6B2C,0x6B4C,0x6B4C,
    0x6B4C,0x6B4C,0x6B4C,0x630B,0x5ACA,0x52A9,0x5289,0x52AA,0x52AA,0x5ACA,0x5289,0x5269,
    0x5289,0x5ACA,0x5ACA,0x5AAA,0x52AA,0x62EB,0x7BCF,0x6B4C,0x52AA,0x5289,0x4A48,0x52AA,
    0x630B,0x5AAA,0x630B,0x632C,0x5ACA,0x5ACA,0x5ACA,0x5AEB,0x630B,0x5ACA,0x5AAA,0x5AEB,
    0x632C,0x5AAA,0x52A9,0x52A9,0x5ACA,0x630B,0x632C,0x5AEA,0x62EB,0x62EB,0x5AAA,0x5289,
    0x5289,0x5AAA,0x6B4C,0x7BCE,0x8430,0x840F,0x83EF,0x83EF,0x83EF,0x840F,0x8C30,0x7BCE,
    0x7BCE,0x8C70,0x94B2,0x840F,0x83EF,0x8C50,0xA513,0x9470,0x736D,0x6B4C,0x5AAA,0x4A27,
    0x5289,0x5269,0x4A49,0x5269,0x4A48,0x4A28,0x4A48,0x5289,0x5AAA,0x5AAA,0x5269,0x5289,
    0x5AA9,0x62EB,0x6B4C,0x62EA,0x5AAA,0x5AAA,0x5AAA,0x5269,0x4A68,0x5269,0x5269,0x5289,
    0x5AAA,0x5AAA,0x5289,0x4228,0x4A69,0x4A69,0x62EB,0x73AD,0x738D,0x7BCE,0x842F,0x8C30,
    0x8C30,0x94B2,0x9491,0x94B1,0x94B1,0x94B1,0x9CD2,0xA533,0xA513,0x94B1,0x9CB2,0xA513,
    0x9CD2,0x9CD2,0x8C50,0x7BAD,0x8C50,0x9470,0x9491,0x9491,0x8C30,0x8C30,0x8C70,0x94B1,
    0x8C50,0x7BCE,0x83EF,0x9470,0xA513,0xA533,0x9CD2,0x9CB2,0x842F,0x8C2F,0x9CB2,0x6B4C,
    0x630B,0x840F,0x840F,0x736D,0x736D,0x7BCE,0x840F,0xA534,0xBDB6,0xAD54,0x7BAD,0x9CD2,
    0x9CB2,0x840F,0x8C30,0x842F,0x94B1,0x9CB2,0xA4F2,0x9CD2,0xA4F3,0x9CD2,0xA513,0xAD54,
    0xAD34,0xAD34,0xB595,0xB595,0xBDD6,0xC617,0xB575,0xAD54,0xAD54,0xA513,0xAD54,0xB5B6,
    0xA534,0xA513,0xA513,0xA4F3,0xAD34,0xB5B6,0xA534,0xA4F3,0xAD54,0xAD54,0xAD75,0xA4F3,
    0x9CB2,0xA534,0xAD54,0xAD54,0xA513,0x9CB2,0x9CB2,0xA513,0xAD54,0xA513,0x9491,0x94B1,
    0x9CD2,0xAD54,0xA4F3,0x94B1,0x9CB2,0x9CF2,0x9CD2,0x94B1,0x9CD2,0x9CF2,0xAD54,0xBDD6,
    0xAD75,0xA534,0xAD54,0xBDD6,0xB575,0xB5B5,0xAD54,0xAD74,0xAD75,0xBDD6,0xB595,0xB5B6,
    0xAD74,0xAD74,0xA513,0xA534,0xAD75,0xAD74,0xB595,0xB575,0xB575,0xAD74,0xB595,0xBDF7,
    0xB595,0xA533,0xAD33,0xB595,0xAD74,0xA513,0xA513,0xA513,0xAD34,0xAD54,0xAD54,0xB595,
    0xB5B5,0xB595,0xB5B5,0xCE99,0xCE58,0xBDF7,0xB575,0xAD54,0xAD54,0xB5B6,0xBDB6,0xA533,
    0xA533,0xA4F3,0x840F,0x738D,0x738D,0x7BCE,0x8C30,0x8C50,0x83CE,0x83EF,0x8C30,0x9491,
    0x94B1,0x9CB2,0x9CD2,0xA513,0xAD74,0xB575,0xAD54,0xA513,0xAD54,0xAD54,0xA533,0xA533,
    0xA513,0x9CD2,0xA4F3,0xA534,0xA513,0xAD34,0xAD75,0xBDD6,0xB595,0xBDB6,0xC617,0xC617,
    0xB575,0xC617,0xBDF7,0xBDB6,0xB5B6,0xBDD6,0xC637,0xC637,0xC617,0xBDF7,0xBDD6,0xBDB5,
    0xB595,0xB595,0xBDF6,0xBDD6,0xD699,0xC638,0xC638,0xCE78,0xCE58,0xCE58,0xC637,0xC638,
    0xC638,0xC658,0xD6BA,0xE73C,0xC638,0xC638,0xC617,0xC638,0xCE78,0xCE79,0xCE79,0xD6BA,
    0xD699,0xC658,0xD699,0xD6DA,0xD6BA,0xC638,0xBDF7,0xBE17,0xCE58,0xCE58,0xCE78,0xCE58,
    0xBDD6,0xB595,0xAD75,0xBDD6,0xBDD6,0xBDD6,0xBDD6,0xB5B6,0xBE17,0xC637,0xC617,0xBDF7,
    0xBDD6,0xBDD6,0xC617,0xB5B6,0xBDD6,0xB5B6,0xB595,0xAD74,0xB595,0xB575,0xB5B6,0xBDD6,
    0xB5B6,0xB5B6,0xAD75,0xAD75,0xB575,0xC617,0xBDF7,0xB595,0xAD54,0xA533,0xAD54,0xA513,
    0xA513,0xAD75,0xA534,0xA4F3,0x9CD2,0x9CF2,0x9CD2,0xA513,0xA513,0x9CF2,0xA533,0xA534,
    0xAD54,0xB5B6,0xBDF7,0xAD75,0xAD75,0xA4F3,0xA513,0xB595,0x9CF2,0xA513,0xA513,0x8C70,
    0xBDB6,0xC638,0xBDF7,0xAD54,0xA513,0x9CD2,0x9CD2,0x94B2,0x94B1,0x9470,0x94B1,0x8C70,
    0x9491,0x94B1,0x94B2,0x9CD2,0x94B1,0x9CD2,0xA533,0xAD75,0xAD54,0xAD74,0xAD75,0xAD54,
    0xA534,0xAD74,0xA534,0xA513,0xAD54,0xB595,0xB5B6,0xB5B6,0xB575,0xAD34,0xA513,0xA533,
    0xA513,0xA4F2,0xAD34,0xB595,0xA513,0x94B1,0x9471,0x840F,0x83EF,0x840F,0x840F,0x8430,
    0x7BAD,0x7BCE,0x83EE,0x5AAA,0x62EA,0x7BAE,0x738D,0x738D,0x840F,0x840F,0x83EF,0x83EF,
    0x630B,0x5289,0x52A9,0x6B4C,0x738D,0x5269,0x5269,0x5289,0x4A69,0x4A69,0x5269,0x5289,
    0x5ACA,0x630B,0x52AA,0x5ACA,0x4A69,0x4A69,0x4A49,0x4A69,0x52AA,0x4A69,0x4A69,0x4A69,
    0x5AAA,0x5AEB,0x5289,0x52AA,0x5AAA,0x62EB,0x6B4C,0x6B0B,0x7BCE,0x94B2,0x9CF3,0x9CD2,
    0xA534,0x83EF,0x736D,0x7BAE,0x7BCE,0x6B6C,0x630B,0x630B,0x630B,0x630B,0x5AEB,0x52AA,
    0x4A69,0x4A69,0x4A69,0x5269,0x5289,0x5ACA,0x52A9,0x5289,0x5289,0x5ACA,0x5ACA,0x52AA,
    0x52AA,0x6B6C,0x9471,0x73AE,0x5ACA,0x5ACB,0x5289,0x5289,0x630B,0x6B4C,0x6B4C,0x632C,
    0x5AEB,0x5AAA,0x5ACA,0x52A9,0x6B6C,0x630B,0x5ACA,0x630B,0x630B,0x5ACA,0x5ACA,0x5289,
    0x5AAA,0x5ACA,0x5AAA,0x5AEA,0x630B,0x5ACA,0x5289,0x5269,0x52AA,0x52AA,0x630B,0x6B2C,
    0x6B4C,0x73AD,0x6B4C,0x738D,0x840F,0x7BEE,0x840F,0x8C30,0x8C30,0xA534,0x94B1,0x94B1,
    0x840F,0x840F,0x840F,0x840F,0x738D,0x630B,0x4A48,0x4A27,0x4A49,0x4A48,0x4A48,0x4A48,
    0x4A48,0x4A28,0x5269,0x5289,0x5AA9,0x5289,0x5269,0x5269,0x5AAA,0x6B4C,0x6B4C,0x5ACA,
    0x5AA9,0x52A9,0x5269,0x5269,0x4A48,0x4A68,0x5269,0x5289,0x5AAA,0x5AAA,0x5289,0x4A48,
    0x4A49,0x52AA,0x5ACA,0x6B4C,0x7BEF,0x8C30,0x7BCE,0x842F,0x8C70,0x8C70,0x94B1,0x9491,
    0x840F,0x8C50,0x9CD2,0x94B1,0x9CD2,0x94B1,0x9CD2,0xA513,0x8C50,0x7BAE,0x7BCE,0x842F,
    0x9491,0x9471,0x9471,0x8C50,0x8C50,0x8C50,0x9471,0xAD54,0x842F,0x840F,0xA513,0x8C50,
    0x9491,0xAD75,0x9491,0x738D,0x6B6C,0x6B4C,0x6B4C,0x6B0B,0x630B,0x630B,0x6B4C,0x738D,
    0x6B4C,0x83EF,0x94B1,0x9491,0x94B1,0x842F,0x7BCE,0x630B,0x736D,0x8C30,0x9491,0x8C2F,
    0x94B1,0x94B1,0x9CD2,0x9CD2,0x9CB2,0xA4F2,0xA513,0xA513,0xAD54,0xAD54,0xAD54,0xB595,
    0xBDF7,0xC617,0xB575,0xAD34,0xA513,0xA533,0xB595,0xB595,0xAD54,0xAD54,0xA4F2,0x8C30,
    0x8C50,0xAD74,0xA513,0xAD34,0xAD54,0xAD74,0xA513,0x9CF2,0xA533,0xA533,0xA4F3,0xA534,
    0x9CB2,0x8C50,0x8C70,0x9470,0xA513,0xAD54,0x9CB2,0x94B1,0x94B1,0xA513,0xA4F3,0xA513,
    0xA513,0xA534,0xA534,0x94B2,0x94B1,0x94B2,0xA533,0xB5B6,0xBDD6,0xB595,0xAD75,0xB5B6,
    0xBDD6,0xBDD6,0xBDD6,0xA533,0xAD74,0xBDD6,0xB595,0xB595,0xAD54,0xA533,0xAD54,0xAD54,
    0xAD74,0xA513,0xA513,0xAD54,0xAD74,0xAD34,0xA533,0xB575,0xC617,0xAD75,0xAD54,0xBDD6,
    0xAD75,0xA534,0xA533,0xAD34,0xB575,0xBDD6,0xAD54,0xA4F3,0xA513,0xAD74,0xBDF7,0xC637,
    0xC617,0xBDB6,0xB595,0xAD54,0xA513,0xAD34,0xB575,0xA534,0xAD34,0xA513,0xA4F2,0x9CB1,
    0x8C2F,0x9470,0xA4F3,0x9491,0x9470,0x9470,0x9CB1,0x9471,0x9CB2,0x9CD2,0x9CB2,0xA4F2,
    0xA513,0xAD54,0xA513,0xA513,0xAD75,0xA513,0xA534,0xA4F3,0x9CB2,0x9CD2,0xA4F3,0xA4F3,
    0x9CD2,0xA533,0xAD75,0xB595,0xB575,0xB595,0xBDD6,0xB5B6,0xB575,0xB595,0xBDB6,0xB575,
    0xB5B5,0xB595,0xBDD6,0xC617,0xC617,0xBDF7,0xBDD6,0xBDB5,0xB5B5,0xB5B5,0xBDD6,0xC638,
    0xC617,0xCE58,0xCE78,0xC638,0xC638,0xC638,0xC617,0xC637,0xCE58,0xC617,0xD6BA,0xD699,
    0xC617,0xBDD6,0xC617,0xBDF7,0xBE17,0xCE79,0xCE79,0xCE99,0xC658,0xCE79,0xEF9D,0xF7DE,
    0xE71B,0xD699,0xBDF7,0xC617,0xC617,0xCE58,0xC638,0xBDD7,0xBDD6,0xB595,0xB595,0xB595,
    0xB5B6,0xB595,0xBDD6,0xBDD6,0xBDF7,0xBDF7,0xBDD6,0xBDF7,0xC617,0xBDD6,0xB5B6,0xB595,
    0xB595,0xB595,0xB595,0xAD74,0xB575,0xBDD6,0xB5B6,0xB595,0xBDD6,0xBDD6,0xB5B5,0xB5B6,
    0xBDD6,0xC617,0xC617,0xB595,0xAD75,0xAD75,0xB595,0xAD74,0xAD54,0xA533,0xA513,0xAD54,
    0xAD54,0xA513,0xA533,0xA534,0xAD34,0xAD54,0xA4F3,0xA513,0xAD54,0xAD54,0xB595,0xAD75,
    0xAD75,0xB595,0xAD54,0xB595,0xB595,0x9CD2,0xA513,0xAD54,0xB595,0xBDF7,0xC638,0xAD54,
    0x9491,0x9CF3,0xA513,0x94B1,0x9491,0x9491,0x8C70,0x8C50,0x9491,0x9CF2,0xAD75,0xB595,
    0xAD54,0xA513,0xAD54,0xAD75,0xBDD6,0xB595,0xAD34,0xA513,0xA533,0xA4F3,0x9CF2,0xA4F3,
    0xAD74,0xBDD6,0xC638,0xC638,0xAD74,0xAD54,0xAD54,0xA533,0xAD54,0xAD74,0xAD34,0xA4F3,
    0x9CD2,0x840F,0x9CD2,0x94B1,0x8C50,0x8C50,0x8C50,0x8C50,0x7BCE,0x6B4C,0x7BAE,0x6B4C,
    0x7BAD,0x736D,0x6B2C,0x7BAD,0x7BEF,0x7BCE,0x8C30,0x6B4C,0x5289,0x5AAA,0x52A9,0x4A48,
    0x630B,0x52A9,0x4A69,0x4A48,0x5ACA,0x6B2C,0x5289,0x5AEA,0x6B2C,0x5ACA,0x4A69,0x4A48,
    0x4228,0x5289,0x52AA,0x4A49,0x4228,0x4228,0x4228,0x4228,0x5289,0x5ACA,0x52AA,0x5AAA,
    0x5ACA,0x630B,0x6B2B,0x6B6C,0x840F,0x7BCF,0x6B4C,0x6B4C,0x630B,0x6B4C,0x6B6C,0x736D,
    0x73AD,0x73AD,0x736D,0x630B,0x5ACA,0x5ACA,0x5ACB,0x5ACA,0x5ACA,0x52AA,0x4A69,0x4A69,
    0x52AA,0x5AAA,0x5289,0x5289,0x5AAA,0x630B,0x5ACA,0x5AAA,0x5AEB,0x630B,0x7BCE,0x7BCF,
    0x6B4C,0x5ACA,0x5AAA,0x52AA,0x5ACA,0x6B4C,0x632C,0x6B4C,0x5AEB,0x630B,0x5ACA,0x5289,
    0x6B6D,0x6B4C,0x5ACA,0x630B,0x6B2C,0x5AEA,0x5ACA,0x5AAA,0x62EB,0x62EB,0x5ACA,0x62EB,
    0x62EB,0x5289,0x5269,0x5289,0x5289,0x5ACA,0x5ACA,0x5269,0x5289,0x5AAA,0x5AEB,0x736D,
    0x840F,0x8C30,0x9470,0x9471,0x9CD2,0xA513,0x9CD2,0x9471,0x840F,0x83EF,0x840F,0x7BCE,
    0x736D,0x630B,0x5289,0x4A07,0x4A07,0x4207,0x4A48,0x4A49,0x4A28,0x4A48,0x4A69,0x5269,
    0x5289,0x5269,0x5269,0x5269,0x630B,0x738D,0x632C,0x5AEA,0x5ACA,0x5289,0x4A48,0x4A48,
    0x4A68,0x4A68,0x5269,0x5AAA,0x5AAA,0x5ACA,0x52A9,0x4A69,0x4228,0x62EB,0x73AD,0x630B,
    0x94B2,0x840F,0x83EF,0x8C50,0x9491,0x83EF,0x8C50,0x840F,0x73AD,0x7BCE,0x842F,0x8C30,
    0x9CB2,0xA4F3,0x9CD2,0x9491,0x9491,0x83EF,0x73AD,0x9491,0x94B1,0x94B1,0x94B1,0x8C50,
    0x9491,0x9CB2,0x9CF2,0x9491,0x7BCE,0x9471,0x94B1,0x7BCE,0x738D,0x8430,0x736D,0x6B2C,
    0x630B,0x6B2C,0x6B4C,0x6B4C,0x62EB,0x62EA,0x6B2B,0x6B2B,0x630B,0x6B6C,0x840F,0x8C70,
    0x7BAE,0x7BAD,0x840F,0x62EB,0x5ACA,0x9CB2,0x9491,0x840F,0x94B1,0x9CF2,0x9CD2,0x9CF2,
    0x9CD2,0xA4F3,0x9CD2,0xA513,0xB595,0xAD54,0xAD75,0xB5B6,0xB595,0xB595,0xB595,0xA533,
    0xA4F2,0xA534,0xA513,0xA4F3,0xAD75,0xB595,0x9470,0x8C30,0x9491,0xAD54,0xA534,0xA513,
    0xAD54,0xA533,0x9CF2,0xA4F3,0x9CD2,0x8C71,0xA513,0xA534,0x9CB2,0x94B1,0x9471,0x8C70,
    0x94B1,0x9CD2,0xA4F3,0x9CD2,0x94B1,0xA4F3,0xA513,0x9CD2,0x9491,0xA513,0xB5B6,0xBDD6,
    0xB595,0xA534,0xAD54,0xB5B6,0xBDD6,0xA513,0xA534,0xB595,0xAD75,0xAD74,0xAD54,0xA513,
    0xA513,0xAD74,0xBDD6,0xB595,0xAD74,0xA513,0xAD54,0xAD54,0xAD74,0xA533,0xA513,0xA4F3,
    0xA513,0xA533,0xA513,0xAD34,0xAD74,0xAD34,0xAD74,0xBDF7,0xB595,0xA513,0xA533,0xA513,
    0xA513,0xA533,0xAD34,0xA533,0xAD34,0xB595,0xB595,0xB5B5,0xAD54,0xB595,0xAD75,0xAD34,
    0xA513,0xA513,0xB575,0xAD54,0xAD75,0xB575,0xAD34,0xAD33,0x9CD2,0xA533,0xA513,0x8C50,
    0x9470,0x9491,0x9CD2,0x94B1,0x9CD2,0x9CB2,0x94B1,0xA513,0xB595,0xA533,0x9CB2,0x9CF2,
    0xA533,0xA513,0xA513,0xA4F2,0x9CD2,0x9CF2,0xA4F2,0x9CD2,0xA513,0xA513,0xAD54,0xAD75,
    0xA533,0xBDD6,0xB5B5,0xAD54,0xB595,0xAD54,0xAD74,0xB595,0xC617,0xB595,0xBDD6,0xC617,
    0xCE78,0xC617,0xC638,0xBDD6,0xB575,0xB595,0xB595,0xBDD6,0xBDD6,0xCE58,0xC638,0xC617,
    0xC617,0xC617,0xBDF7,0xBDF7,0xBDF7,0xB5B5,0xC637,0xBDD6,0xB5B6,0xB5D6,0xBE17,0xBDF7,
    0xB5B6,0xBDD6,0xC637,0xCE58,0xC638,0xC638,0xDF1B,0xE73C,0xD6BA,0xBE17,0xC617,0xC658,
    0xC638,0xC658,0xCE79,0xC638,0xC638,0xC617,0xC617,0xC638,0xBDF7,0xB595,0xB595,0xB595,
    0xB595,0xBDF7,0xBDD6,0xB595,0xB5B5,0xB5B6,0xAD75,0xB595,0xAD75,0xAD74,0xB575,0xAD54,
    0xAD54,0xBDF7,0xBDF7,0xB595,0xAD75,0xB595,0xB5B5,0xB595,0xB5B6,0xBDF7,0xBDD6,0xB5B5,
    0xB5B6,0xB595,0xAD75,0xAD74,0xAD54,0xAD74,0xAD34,0xA533,0xAD54,0xA533,0xA534,0xA534,
    0xA513,0xA534,0xA513,0xA513,0xAD54,0xB575,0xAD75,0xB595,0xB595,0xB5B6,0xB5B6,0xAD54,
    0xB575,0xBDF7,0xB595,0xB595,0xB5B6,0xB595,0xBDD6,0xAD74,0x9CF2,0xAD75,0xA534,0xA513,
    0xA513,0xA534,0xA534,0xAD54,0xAD75,0xAD54,0xAD54,0xAD54,0xA534,0xA513,0xAD54,0xAD75,
    0xAD75,0xAD54,0xA513,0xA513,0xA513,0x9CD2,0x94B1,0x9CD2,0xB595,0xB575,0xB5B6,0xB5B6,
    0xB575,0xA533,0xA534,0xA533,0xA533,0xAD54,0xA513,0x9CB2,0x9CD2,0x9471,0x9491,0x8C70,
    0x94B1,0x9CB2,0x9491,0x8C30,0x842F,0x83EF,0x840F,0x83EF,0x6B4C,0x630B,0x7BCE,0x7BAE,
    0x738D,0x7BCE,0x83EF,0x5AAA,0x5289,0x5289,0x52A9,0x5289,0x5ACA,0x5AAA,0x4A48,0x52A9,
    0x7BCE,0x83EF,0x73AD,0x6B4C,0x5ACA,0x4A69,0x4228,0x4A49,0x4A49,0x4A49,0x4208,0x4207,
    0x4228,0x4A48,0x4A49,0x4A48,0x4A48,0x4A69,0x5289,0x52AA,0x5ACA,0x6B4C,0x6B4C,0x6B2C,
    0x6B6C,0x632C,0x6B4C,0x632C,0x6B4C,0x6B4C,0x632C,0x632C,0x6B4C,0x6B2C,0x6B2C,0x6B4C,
    0x630B,0x5AEB,0x5ACA,0x632C,0x5ACB,0x5AEB,0x5AEB,0x630B,0x5ACA,0x5AEA,0x5ACA,0x62EB,
    0x5AEB,0x5ACA,0x5AEB,0x632C,0x6B4C,0x6B6D,0x6B6C,0x7BAE,0x738D,0x6B4C,0x6B4C,0x6B4C,
    0x62EB,0x5ACA,0x5ACA,0x5AAA,0x5289,0x630B,0x630B,0x5ACA,0x630B,0x6B4C,0x5ACA,0x5289,
    0x6B4C,0x632B,0x5AAA,0x52A9,0x5AEA,0x5ACA,0x5ACA,0x630B,0x62EB,0x5ACA,0x5ACA,0x5ACA,
    0x5AAA,0x5ACA,0x52A9,0x52A9,0x5AAA,0x52A9,0x5ACA,0x6B6D,0x7BCE,0x83EF,0x83EF,0x9CB2,
    0x94B1,0x9CB2,0xAD34,0x94B1,0x840F,0x7BCE,0x7BAD,0x738D,0x630B,0x630B,0x5AAA,0x4A28,
    0x41E7,0x41E7,0x4A28,0x4A69,0x4A69,0x5289,0x5289,0x52A9,0x52A9,0x5289,0x5269,0x5289,
    0x6B2C,0x6B6D,0x62EB,0x62EA,0x5ACA,0x52A9,0x5269,0x4A68,0x5269,0x5289,0x5289,0x5ACA,
    0x52A9,0x52A9,0x52A9,0x5289,0x5289,0x4207,0x4A69,0x630C,0x73AD,0x7BCE,0x840F,0x8C50,
    0x8C50,0x8C50,0x840F,0x7BEE,0x736D,0x6B2C,0x738D,0x840F,0x9CD2,0xB595,0xA534,0x8C30,
    0x94B1,0x9471,0x840F,0xA513,0x9CB1,0x8C50,0x9CB2,0x8C50,0x8C2F,0x9CB2,0x9CD2,0x9491,
    0x94B1,0x8430,0x83EF,0x6B4C,0x6B2C,0x73AD,0x6B6C,0x6B2C,0x630B,0x6B2C,0x738D,0x738D,
    0x6B4C,0x6B2C,0x6B4C,0x62EA,0x5ACA,0x5ACA,0x630B,0x736D,0x630B,0x73AD,0x9CB2,0x738D,
    0x630B,0x7BAD,0x73AD,0x7BCE,0x8C30,0x8C70,0x9CB2,0x9CB2,0x9CB2,0x9CD2,0xA4F2,0xA533,
    0xA533,0xAD54,0xB575,0xAD34,0xAD74,0xAD74,0xAD54,0xA4F3,0x9CD2,0xAD34,0xA513,0xA513,
    0xA534,0xA534,0xA4F3,0x840F,0x9CF2,0xA533,0x9CF2,0xA513,0xAD34,0xA513,0xA513,0xA4F3,
    0xA513,0x9CD2,0xA4F3,0xA533,0x94B1,0x9CB2,0x8C70,0x9470,0x9CB2,0x8C70,0x9491,0xA513,
    0xA513,0x9CD2,0x9491,0x94B2,0x94B1,0x9CB2,0xA513,0xBDD6,0xB595,0xAD54,0xC617,0xB595,
    0xB5B5,0xA533,0xA513,0xAD74,0xAD54,0xB5B5,0xAD54,0xA513,0xAD34,0xB575,0xBDD6,0xB595,
    0xB595,0xB575,0xAD54,0xA533,0xAD74,0xB5B5,0xAD33,0xA513,0xA4F3,0xAD34,0xA533,0xAD34,
    0xA533,0xAD54,0xAD54,0xB595,0xB595,0xA513,0xA533,0xA533,0xA513,0xA533,0xAD54,0xAD74,
    0xAD74,0xB5B5,0xAD74,0xBDF7,0xBDD6,0xAD75,0xA533,0xAD54,0xA533,0xA4F2,0xA513,0xAD54,
    0xB575,0xB575,0xA513,0x9CD2,0x94B1,0x94B1,0x9CB1,0x9491,0xA513,0xA533,0xA513,0xA513,
    0xA4F3,0xA4F3,0xA4F3,0xA533,0xA4F3,0x9CB2,0x9491,0x9CB2,0xA533,0xAD54,0xA533,0xA513,
    0xA4F3,0xA533,0xA513,0xA513,0xB574,0xBDD6,0xA533,0xAD54,0xAD54,0xAD54,0xB595,0xB5B6,
    0xB5B5,0xAD74,0xAD54,0xB595,0xBDD6,0xBDD6,0xC617,0xC637,0xAD54,0xC637,0xCE58,0xC5F7,
    0xBDD6,0xBDD6,0xBDB6,0xBDD6,0xBDD6,0xC638,0xC617,0xC638,0xCE58,0xBDF7,0xBDD6,0xB5B5,
    0xAD54,0xAD34,0xB595,0xBDF7,0xC658,0xCE58,0xB595,0xBDD6,0xBDD6,0xBDF7,0xC637,0xC617,
    0xC638,0xC617,0xC638,0xC658,0xC617,0xBDD6,0xC638,0xC638,0xC638,0xC638,0xC617,0xC617,
    0xC617,0xC638,0xC658,0xC638,0xBDF7,0xBDD6,0xB5B5,0xB5B6,0xB5B6,0xB595,0xAD75,0xB5B5,
    0xBDD6,0xBDD6,0xB5B5,0xB595,0xAD54,0xA534,0xAD34,0xA533,0xA4F3,0xA513,0xB595,0xB595,
    0xB595,0xB5B6,0xB595,0xB595,0xB595,0xB5B5,0xBDF7,0xBDD6,0xAD54,0xAD54,0xAD54,0xA534,
    0xAD54,0xA534,0xAD34,0xA4F3,0xA513,0xAD54,0xA533,0xAD54,0xAD54,0xB575,0xB595,0xAD54,
    0xAD75,0xBDD7,0xB595,0xBDD6,0xBDF7,0xBDD6,0xC638,0xBDD6,0xB595,0xB595,0xB5B6,0xBDF7,
    0xBDF7,0xB5B6,0xB5B5,0xB5B5,0xBDD6,0xC638,0xC617,0xBDD6,0xBDD6,0xBDD6,0xB5B5,0xAD54,
    0xA533,0xA534,0xB595,0xAD75,0xA4F3,0xA4F3,0xAD54,0xA4F3,0x9CD2,0xA4F3,0x9CD2,0x9CD2,
    0x9CB2,0x9CD2,0x9CB2,0x9CB2,0xA513,0xA534,0xAD54,0xAD54,0xAD34,0xA534,0xA533,0xA513,
    0xA513,0xAD34,0xAD54,0xA534,0xA513,0x9CD2,0x9491,0x9471,0x9491,0x94B1,0x94B1,0x94B1,
    0x9470,0x8C30,0x73AD,0x736D,0x630B,0x62EB,0x6B4C,0x6B4C,0x6B2C,0x738D,0x738D,0x5269,
    0x4A69,0x4A68,0x4A68,0x5269,0x5AEA,0x5269,0x4A48,0x5289,0x6B6C,0x7BCE,0x840F,0x630B,
    0x5269,0x4A69,0x4A69,0x4A49,0x4A49,0x4228,0x4228,0x4208,0x4A48,0x4A69,0x4A49,0x4A49,
    0x4A69,0x4A69,0x4A69,0x52A9,0x528A,0x52AA,0x52AA,0x5ACA,0x5ACA,0x630B,0x630B,0x630B,
    0x630B,0x632C,0x630B,0x5AEB,0x6B4C,0x6B4C,0x632C,0x6B6D,0x6B4C,0x630B,0x5ACA,0x5AAA,
    0x5289,0x5ACA,0x630B,0x7BEF,0x52A9,0x5269,0x632C,0x6B6D,0x5ACA,0x5AEB,0x6B4C,0x5AEB,
    0x6B2C,0x7BCE,0x6B4C,0x6B4C,0x736D,0x6B4C,0x6B4C,0x62EB,0x62EB,0x630B,0x52AA,0x52AA,
    0x5289,0x630B,0x9CD2,0x6B6C,0x5ACA,0x630B,0x5ACA,0x52AA,0x5AEA,0x6B4C,0x5ACA,0x5ACA,
    0x62EB,0x62EA,0x62EB,0x632B,0x5AEB,0x5ACA,0x630B,0x630B,0x630B,0x5ACA,0x5289,0x52A9,
    0x5289,0x52AA,0x5ACA,0x630B,0x83EF,0x8C70,0x8C70,0x9491,0x9491,0x8C70,0x9491,0x9491,
    0x83EF,0x83EE,0x736D,0x738D,0x6B4C,0x62EA,0x5ACA,0x5269,0x5AAA,0x39E6,0x41E7,0x52A9,
    0x5AAA,0x5269,0x52A9,0x5289,0x5269,0x5269,0x5269,0x5AAA,0x6B4C,0x630B,0x62EB,0x5ACA,
    0x5289,0x5289,0x5289,0x5289,0x5269,0x5269,0x5289,0x5289,0x52A9,0x5289,0x4A69,0x5289,
    0x4228,0x4228,0x4228,0x73AE,0x7BCE,0x7BCE,0x8C30,0x840F,0x83EF,0x8C30,0x840F,0x7BAE,
    0x6B4C,0x6B4C,0x736D,0x7BEF,0x9CF2,0xBDD6,0xB595,0x8C30,0x8C50,0x9470,0x94B1,0xA513,
    0xA513,0x9491,0x9491,0x8C70,0x94B1,0x9CD2,0xA513,0x9471,0x8C70,0x738D,0x630B,0x6B4C,
    0x6B6C,0x738D,0x630B,0x630B,0x6B6C,0x738D,0x736D,0x736D,0x6B4C,0x630B,0x62EB,0x630B,
    0x62EB,0x62EB,0x5ACA,0x5ACA,0x62EA,0x736D,0x9CD2,0x7BAD,0x7BAE,0x83EF,0x842F,0x9470,
    0x9CD2,0x8C50,0x94B1,0x9CD2,0xA4F2,0x94B1,0x9CB2,0x9CD2,0xA513,0xAD54,0xA4F3,0xA4F2,
    0xAD54,0xA4F3,0xAD34,0x9CD2,0x9CD2,0xA513,0xA513,0xAD54,0xAD74,0xAD34,0xBDF7,0xBDF7,
    0xA534,0xA513,0xA513,0xA513,0xAD74,0xB575,0xA534,0xA4F2,0x9CF2,0x94B1,0x9CD2,0x9CB2,
    0x94B1,0x9491,0xA513,0x9CB2,0x9CD2,0x9CD2,0x94B1,0x9471,0xAD54,0x9CD2,0x9471,0x94B1,
    0x94B2,0x8430,0x9471,0xA513,0xA513,0x9CF2,0xAD54,0x9CD2,0xA533,0xAD75,0xA533,0xAD54,
    0xAD74,0xB595,0xAD54,0xA513,0xAD75,0xBDD6,0xAD75,0xB595,0xAD74,0xB595,0xA533,0xAD34,
    0xAD54,0xAD54,0xAD34,0xA533,0xA513,0xA513,0xA4F3,0xA533,0xA533,0xB575,0xAD74,0xB595,
    0xB595,0xAD34,0xAD54,0xA513,0xB575,0xB595,0xB595,0xBDD6,0xB5B5,0xB5B5,0xAD74,0xBDD6,
    0xB595,0xB595,0xA513,0xAD54,0xAD54,0xAD54,0xAD54,0xA533,0xA533,0xAD54,0xAD74,0xAD54,
    0xA4F2,0x9470,0x9491,0xAD54,0xBDB6,0xBDD6,0xB595,0xAD54,0xA513,0xAD54,0xA513,0x9CD2,
    0x9CD2,0x9CD2,0x94B1,0x9CD2,0xAD54,0xB595,0xAD54,0xA513,0xA513,0xAD54,0xAD54,0xA513,
    0xB575,0xB595,0xB595,0xB595,0xA533,0xA533,0xB575,0xB595,0xB595,0xB595,0xB595,0xB595,
    0xBDB6,0xBDF7,0xC617,0xC637,0xAD54,0xBDD6,0xC617,0xC617,0xBDD6,0xB5B5,0xB595,0xB595,
    0xC638,0xC638,0xBDD6,0xBDD6,0xBDF7,0xBDD6,0xBDD6,0xAD54,0xAD54,0xAD34,0xB5B6,0xCE99,
    0xD6BA,0xBDD6,0xBDD6,0xBDF7,0xBE17,0xC638,0xC658,0xC617,0xC617,0xC617,0xC617,0xBDD6,
    0xC617,0xC638,0xC658,0xB5B6,0xAD54,0xB5B6,0xC637,0xBE17,0xBDD6,0xC617,0xC638,0xC617,
    0xBDF7,0xBDD6,0xBDD6,0xBDD6,0xB5D6,0xB5B6,0xB595,0xAD74,0xA533,0xA533,0xAD34,0xB595,
    0xB5B5,0xAD34,0xA533,0xAD34,0xA513,0xAD34,0xAD34,0xAD74,0xB595,0xBDD6,0xBDD6,0xB575,
    0xAD54,0xBDD6,0xC638,0xB5B6,0xAD74,0xAD34,0xA533,0xA513,0xA534,0xA513,0xAD54,0xA4F2,
    0xAD54,0xB5B5,0xAD75,0xAD54,0xA533,0xAD54,0xB5B5,0xAD54,0xB5B6,0xBDD6,0xBDD6,0xBDF7,
    0xBDF7,0xBDD6,0xBDF7,0xBDD6,0xBDD6,0xB5B5,0xB575,0xB5B6,0xB595,0xAD54,0xAD54,0xAD74,
    0xBDD6,0xBDD6,0xBDF7,0xBDD6,0xB595,0xB5B6,0xAD75,0xAD54,0xAD75,0xA534,0xA534,0x9CF3,
    0x9CF3,0xA513,0xA4F3,0x9CF2,0xA513,0xA513,0xA513,0x9CD2,0x9CD2,0x9CB2,0xA4F3,0xAD54,
    0xA513,0xAD54,0xB595,0xA513,0xA533,0xAD34,0xA534,0xA513,0xA513,0xA534,0xAD54,0xB595,
    0xAD75,0xA513,0x9CD2,0x9CD2,0x94B2,0x9CD2,0x9CD2,0x9CF2,0x9CD2,0x8C70,0x7BAD,0x7BCE,
    0x738D,0x630B,0x5ACA,0x6B4C,0x7BAE,0x6B6C,0x630B,0x5289,0x5269,0x5269,0x5269,0x4A48,
    0x4A69,0x4A49,0x4A48,0x4A28,0x52A9,0x6B6D,0x6B2C,0x52A9,0x5289,0x4A69,0x4A69,0x4A49,
    0x4A48,0x4A49,0x4A69,0x4A49,0x4228,0x4A69,0x4A69,0x4A69,0x5289,0x52AA,0x52AA,0x52AA,
    0x5289,0x52AA,0x52AA,0x52AA,0x5ACA,0x5ACA,0x630B,0x62EB,0x62EB,0x630B,0x62EB,0x5AEB,
    0x62EB,0x6B2C,0x632C,0x6B2C,0x738D,0x6B4C,0x630B,0x52AA,0x52AA,0x5ACA,0x5ACA,0x5ACA,
    0x630B,0x5AAA,0x52A9,0x5ACA,0x5ACA,0x5ACA,0x5ACA,0x6B2B,0x736D,0x7BAE,0x6B4C,0x736D,
    0x6B4C,0x630B,0x62EB,0x5ACA,0x5ACA,0x738D,0x6B4C,0x5AEB,0x5AAA,0x5ACA,0x6B4C,0x5ACA,
    0x630B,0x630B,0x5AAA,0x5ACA,0x62EB,0x6B4C,0x5ACA,0x630B,0x630B,0x630B,0x6B2B,0x5AEB,
    0x5ACA,0x5AAA,0x5AEB,0x630B,0x632B,0x4A69,0x5AAA,0x52A9,0x5AAA,0x5ACA,0x5ACA,0x7BEE,
    0x9491,0x842F,0x8430,0x8C30,0x8C30,0x842F,0x8C50,0x8C2F,0x7BAE,0x7BCE,0x7BCE,0x736C,
    0x630B,0x630B,0x630B,0x5AAA,0x6B4C,0x4207,0x41E7,0x5289,0x630B,0x4A49,0x4A48,0x4A69,
    0x4A69,0x5269,0x5289,0x5ACA,0x630B,0x5ACA,0x62EA,0x5ACA,0x5289,0x5289,0x5289,0x52A9,
    0x5269,0x5289,0x5ACA,0x5AAA,0x52AA,0x4A69,0x4A49,0x4A48,0x4A69,0x5269,0x6B2C,0x73AE,
    0x842F,0x840F,0x840F,0x840F,0x7BCE,0x7BCE,0x840F,0x7BCE,0x6B4C,0x6B6C,0x840F,0x9491,
    0x9CD2,0xB595,0xA513,0x9CB2,0x94B1,0x9CB2,0x9CB1,0x9CB2,0xA513,0x94B1,0x9491,0x9CB2,
    0x9CD2,0x9CF2,0x9CD2,0x9CD2,0x738D,0x6B2C,0x6B2C,0x6B4C,0x6B4C,0x6B2C,0x6B2C,0x6B6C,
    0x6B4C,0x6B4C,0x6B2C,0x6B4C,0x630B,0x62EB,0x630B,0x630B,0x5ACA,0x5289,0x5ACA,0x5ACA,
    0x5ACA,0x5289,0x5ACA,0x6B4C,0x7BCE,0x8C50,0x8C50,0x9CB2,0x9470,0x840F,0x9491,0x9491,
    0xA4F3,0x9CB2,0x9CD2,0xA4F3,0xA513,0xA534,0xA4F2,0xA513,0xB595,0xAD54,0xA533,0x9491,
    0x9491,0xA4F2,0xA4F2,0xA534,0xB595,0xA513,0xB5D6,0xBDD6,0x9CD2,0x94B2,0x9CB1,0xA533,
    0xAD74,0x9CF2,0x9CB2,0x9CD2,0x9CD2,0x94B1,0x94B2,0x9CD2,0xA513,0xAD34,0xA513,0xAD74,
    0xA513,0x9491,0x94B2,0x8C50,0x9491,0x9CD2,0x9491,0x8C70,0x9491,0x840F,0x94B1,0xA533,
    0xAD54,0x9491,0x9CD2,0x9CF2,0x9CD2,0xB595,0xAD75,0x9CF2,0xAD54,0xAD75,0xB5B5,0xAD54,
    0xA533,0xAD54,0xA4F2,0xA4F3,0x9CD2,0xA4F3,0xA513,0xB575,0xAD54,0xAD54,0xAD34,0xA533,
    0xAD34,0xA533,0xA533,0xAD74,0xAD34,0xB595,0xB595,0xAD75,0xAD54,0xAD54,0xB595,0xBDD6,
    0xC617,0xC638,0xBDB6,0xBDD6,0xB5B6,0xB5B6,0xC617,0xB595,0xB575,0xB5B5,0xB575,0xBDF7,
    0xC617,0xBDD6,0xAD34,0xAD54,0xAD54,0xAD54,0xAD54,0xB5B5,0xB595,0xAD54,0xAD54,0xB5B5,
    0xAD54,0xAD34,0xAD54,0xAD74,0xAD54,0xAD54,0xA513,0x9CD2,0x9CD2,0x9CD2,0x9CD2,0xA4F2,
    0xB575,0xC638,0xB595,0xAD54,0xA4F2,0xA513,0xA533,0xAD34,0xB5B5,0xAD54,0xAD74,0xAD74,
    0xB595,0xBDF7,0xB595,0xB595,0xB595,0xBDD6,0xBDD6,0xB5B5,0xB5B5,0xB595,0xBDD6,0xB5B6,
    0xAD75,0x9CD2,0xA4F3,0xB595,0xBDD6,0xBDD6,0xBDB6,0xC5F7,0xBDF7,0xC617,0xC637,0xBDD6,
    0xB5B5,0xC617,0xB5B6,0xB5B6,0xAD75,0xAD75,0xBDD6,0xC638,0xBDD6,0xBDD6,0xBDD6,0xBDF7,
    0xC658,0xC638,0xC638,0xCE58,0xCE58,0xC617,0xBDF7,0xBDF7,0xC638,0xC638,0xC617,0xB5B5,
    0xA534,0xA513,0xAD54,0xBDD6,0xAD54,0xAD75,0xB5B6,0xB5B6,0xBE17,0xBDF7,0xC638,0xCE79,
    0xCE58,0xC638,0xBDD6,0xB595,0xA534,0xAD54,0xB595,0xAD75,0xA533,0xAD54,0xA533,0xAD75,
    0xAD54,0xB575,0xB575,0xB595,0xAD75,0xAD54,0xAD54,0xA533,0xAD34,0xAD74,0xB595,0xAD75,
    0xB595,0xAD54,0xA513,0xA513,0xA513,0xA513,0xA534,0xA513,0xAD34,0xAD54,0xA534,0xA513,
    0xA513,0xA4F2,0xAD54,0xAD75,0xAD75,0xC617,0xCE58,0xC617,0xBDD6,0xBDD6,0xC617,0xBDF7,
    0xC617,0xBDF7,0xB595,0xB595,0xAD54,0xBDB6,0xBDD6,0xAD54,0xAD54,0xB5B5,0xBE17,0xBDD6,
    0xB595,0xB5B6,0xAD74,0xB595,0xAD75,0xA533,0xA513,0xA534,0xA533,0xA513,0x9CD2,0x9CD2,
    0xA513,0xA513,0x9CF2,0x9CF3,0x9CD2,0x9CD2,0xA513,0xA513,0x9CD2,0xA513,0xA533,0xA4F3,
    0xA513,0xA513,0xA533,0xA533,0xA533,0xB595,0xB595,0xBDD6,0xCE79,0xC617,0xA513,0xA513,
    0xA513,0xA4F3,0xA513,0xA513,0xA513,0x9CD2,0x9491,0x8C50,0x7BAE,0x6B4C,0x736D,0x630B,
    0x5AAA,0x5AAA,0x52A9,0x5ACA,0x5ACA,0x5ACA,0x52AA,0x4A28,0x4A28,0x4A48,0x4A48,0x4228,
    0x52AA,0x5AEB,0x5289,0x52A9,0x5289,0x4228,0x4A69,0x4A48,0x4228,0x4248,0x4228,0x4228,
    0x4A48,0x4228,0x4A69,0x4A48,0x4A49,0x5289,0x5289,0x528A,0x52AA,0x5269,0x52AA,0x5ACA,
    0x52AA,0x52AA,0x5AEB,0x630B,0x5AEB,0x5AEB,0x630B,0x5AEB,0x5AEB,0x5ACA,0x5AEB,0x5AEB,
    0x632C,0x6B6D,0x738D,0x632C,0x5ACA,0x5ACA,0x52AA,0x5269,0x5289,0x5AAA,0x62EB,0x5ACA,
    0x52AA,0x52AA,0x5289,0x5ACA,0x630B,0x6B2B,0x630B,0x736D,0x630B,0x630B,0x630B,0x630B,
    0x630B,0x6B2C,0x6B6D,0x6B2C,0x630B,0x5ACA,0x5269,0x52A9,0x6B6C,0x632B,0x5ACA,0x630B,
    0x6B2C,0x6B4C,0x630B,0x62EB,0x62EB,0x630B,0x630B,0x5AEA,0x630B,0x6B4C,0x738D,0x6B4C,
    0x5289,0x4A69,0x52A9,0x630B,0x630B,0x630B,0x738D,0x842F,0x840F,0x7BCE,0x840F,0x8430,
    0x840F,0x7BCE,0x7BCE,0x840F,0x83EE,0x6B2C,0x738D,0x7BAD,0x6B4C,0x5269,0x4A48,0x4A69,
    0x5ACA,0x52A9,0x4A48,0x5AAA,0x632C,0x4A48,0x4228,0x4A48,0x4A48,0x5289,0x5AAA,0x5AAA,
    0x5ACA,0x5AAA,0x5ACA,0x5AEA,0x5289,0x5269,0x5289,0x52A9,0x5289,0x52A9,0x630B,0x5ACA,
    0x5289,0x4A49,0x4A48,0x4248,0x5ACA,0x630B,0x6B4C,0x6B4C,0x7BCE,0x842F,0x7BCE,0x7BCE,
    0x73AE,0x5ACA,0x736D,0x7BAE,0x6B4C,0x6B6C,0x7BCE,0x842F,0x8C50,0xA534,0x9491,0x9CF2,
    0xA513,0xA4F3,0x9CB2,0x9CF2,0xA513,0x9CD2,0xA4F3,0xA4F3,0x9CB2,0x9CD2,0x9CB2,0x9471,
    0x738D,0x6B4C,0x6B6C,0x6B4C,0x6B4C,0x6B2C,0x6B2C,0x630B,0x62EB,0x5AEA,0x630B,0x630B,
    0x62EB,0x5ACA,0x5ACA,0x52A9,0x5289,0x4A69,0x5289,0x5289,0x5289,0x4A69,0x4A48,0x5AAA,
    0x6B2C,0x736D,0x7BCE,0x8C50,0x7BCE,0x8C2F,0x83EE,0x9491,0xA4F2,0xA4F2,0xAD34,0xA513,
    0x9CD2,0x9CD2,0x9CD2,0xAD34,0xB595,0xB595,0x9CD2,0x9491,0x9CB2,0xA513,0xA4F2,0xA533,
    0xAD54,0x8430,0x9491,0x94B2,0x9471,0xA513,0x9CD2,0x94B1,0x9CF2,0x9CB2,0xA513,0xA4F3,
    0x9CD2,0x9491,0x9491,0x9471,0x9491,0xA513,0xA4F3,0xAD54,0xA513,0x8C50,0x9CD2,0x9CB2,
    0x8C50,0x94B1,0x9CB2,0x9CF2,0x9CB2,0x9491,0xA533,0xA513,0xA534,0x94B1,0x94B1,0x9CF2,
    0x9CB2,0xA513,0xB595,0xAD54,0xAD54,0xB595,0xB5B6,0xBDD6,0xAD54,0xAD34,0xA533,0x9CD2,
    0x8C70,0x94B1,0xA533,0xB595,0xAD54,0xAD54,0xAD54,0xA513,0xAD34,0xA513,0xA533,0xAD75,
    0xAD54,0xB595,0xAD54,0xAD75,0xB575,0xB575,0xAD74,0xAD54,0xAD74,0xBDD6,0xAD75,0xAD74,
    0xBDD6,0xB575,0xAD75,0xAD74,0xAD54,0xAD75,0xBDD6,0xCE79,0xE71B,0xCE38,0xBDB6,0xB595,
    0xAD74,0xAD34,0xB575,0xB595,0xB595,0xB595,0xAD54,0xB575,0xB595,0xAD54,0x9CD2,0xA513,
    0xA4F2,0xA513,0x9491,0x9491,0x9CD2,0x9CB2,0x9CD2,0xA533,0xAD54,0xB595,0xAD75,0xAD54,
    0xAD54,0xAD34,0xAD34,0xAD34,0xAD54,0xAD54,0xAD54,0xA513,0xCE58,0xD6BA,0xB5B5,0xBDD6,
    0xB5B5,0xBDD6,0xC638,0xBDF7,0xBDB6,0xAD54,0xB5B6,0xBDD6,0xA513,0x7BEF,0x8C71,0xA534,
    0xBE17,0xC658,0xCE58,0xCE58,0xB595,0xBDD6,0xBDD6,0xBDD6,0xC617,0xB595,0xB595,0xBDD6,
    0xBDD6,0xBDD6,0xB5B6,0xB595,0xBDB6,0xBDF7,0xBE17,0xCE58,0xCE79,0xCE58,0xC638,0xCE58,
    0xCE99,0xC637,0xB5D6,0xBDF7,0xCE58,0xC658,0xBDD6,0xBDD6,0xAD75,0xA513,0x9CF2,0xBDD6,
    0xBDD6,0xA513,0xA533,0x9CF2,0xA513,0xA534,0xAD54,0xAD75,0xB595,0xB575,0xB595,0xB595,
    0xAD54,0xA534,0xA534,0xAD75,0xA513,0x9CD2,0xA513,0xB575,0xB575,0xAD75,0xC617,0xC637,
    0xAD74,0xA533,0xAD54,0xA533,0xA533,0xAD54,0xAD74,0xAD54,0xA534,0xA4F3,0xA4F3,0xA4F3,
    0xAD34,0xB5B5,0xB595,0xAD54,0xA513,0xAD34,0xA533,0xAD34,0xA533,0xA4F2,0xAD54,0xB595,
    0xB5B5,0xBDF7,0xCE79,0xCE58,0xB5B6,0xB5B5,0xB5B6,0xBDF7,0xC617,0xBDD6,0xBDD6,0xB575,
    0xAD75,0xC617,0xC617,0xC617,0xAD75,0xB5B6,0xBDD6,0xAD75,0xAD54,0xAD54,0xA534,0xAD34,
    0xAD75,0xAD54,0xA533,0xA513,0xA513,0xA533,0x9CD2,0xA4F3,0xA4F3,0xA513,0xA4F3,0xAD34,
    0xAD75,0xA4F3,0x9CD2,0xA4F2,0xAD54,0xA533,0xA4F3,0xB5B6,0xB595,0xAD54,0xAD54,0xAD54,
    0xAD54,0xAD75,0xAD54,0xBDF7,0xDEFB,0xCE79,0xA4F2,0x9CF2,0xA513,0x9CD2,0x9CB2,0xA4F3,
    0x9CF3,0x9CB2,0x9491,0x9471,0x8C30,0x738D,0x6B2C,0x62EB,0x5AAA,0x5289,0x5AAA,0x5ACA,
    0x5ACA,0x52AA,0x5269,0x5269,0x4A69,0x4A69,0x4A69,0x4A48,0x5ACA,0x5ACA,0x52AA,0x5289,
    0x4A69,0x4A48,0x4228,0x4228,0x4228,0x4208,0x4228,0x4208,0x4228,0x4248,0x4248,0x4228,
    0x4248,0x4A69,0x5289,0x4A69,0x4A69,0x4A69,0x52AA,0x52AA,0x52AA,0x5269,0x52A9,0x5AEB,
    0x5ACA,0x52AA,0x5AAA,0x52AA,0x52AA,0x5AAA,0x5289,0x5ACB,0x630B,0x73AD,0x6B4C,0x632C,
    0x630B,0x630B,0x630B,0x630B,0x5ACA,0x5269,0x4A69,0x5289,0x5289,0x5ACA,0x5ACA,0x62EB,
    0x6B4C,0x630B,0x5AA9,0x5ACA,0x6B2C,0x62EA,0x630B,0x736D,0x6B4C,0x6B2C,0x6B2C,0x6B2C,
    0x6B2C,0x630B,0x5AEB,0x62EB,0x6B6D,0x6B2C,0x6B4C,0x6B2C,0x6B4C,0x738D,0x630B,0x5ACA,
    0x632B,0x632C,0x62EB,0x630B,0x630B,0x73AD,0x738D,0x5ACA,0x5289,0x5ACA,0x5ACA,0x5AAA,
    0x5AEB,0x7BCF,0x840F,0x83EF,0x73AD,0x840F,0x8430,0x842F,0x8C30,0x7BCE,0x6B4C,0x738D,
    0x83EE,0x6B4C,0x52A9,0x5AAA,0x5ACA,0x52A9,0x630B,0x6B2C,0x62EA,0x5AAA,0x62EB,0x5ACA,
    0x6B2C,0x630B,0x4A69,0x4A48,0x4A49,0x4A69,0x52A9,0x5ACA,0x52A9,0x5AAA,0x5AAA,0x5AA9,
    0x5289,0x5269,0x5269,0x5269,0x5289,0x5269,0x5269,0x4A69,0x4A48,0x4A49,0x4A49,0x4248,
    0x4A69,0x738D,0x6B4C,0x632C,0x7BCE,0x7BEF,0x73AD,0x7BAE,0x6B6D,0x630B,0x6B2C,0x736D,
    0x6B2C,0x6B2C,0x6B4C,0x6B4C,0x6B6D,0x736D,0x738D,0x9491,0xA534,0xAD54,0xA533,0xAD34,
    0xAD33,0xA533,0xB595,0xA513,0xAD54,0xAD54,0x9CD2,0x9CB2,0x840F,0x73AE,0x738D,0x6B6D,
    0x630B,0x5ACA,0x62EB,0x62EB,0x5ACA,0x5ACA,0x5ACA,0x5ACA,0x5AAA,0x5AAA,0x5ACA,0x5289,
    0x5AAA,0x5269,0x4A68,0x5269,0x5289,0x4A28,0x5269,0x6B2C,0x630B,0x630B,0x9491,0x9CD2,
    0x7BCE,0x9CD2,0x7BCE,0x8C70,0xA513,0xAD54,0xA513,0x9CD2,0x9CB2,0x94B1,0x9CB2,0x9CB2,
    0x9CD2,0x9CD2,0x9CB2,0x9CD2,0xA513,0x9491,0x9471,0x94B1,0xA513,0x9CD2,0x9CD2,0x9491,
    0x9470,0x9CD2,0xA4F3,0x9491,0xA513,0xA534,0x9CD2,0x9CF2,0xA534,0x9471,0x8C70,0x9CB2,
    0x9470,0x9491,0xA513,0xA534,0x94B1,0x94B1,0xAD54,0x9491,0x8C50,0x8C50,0x8C50,0x9CD2,
    0xA513,0x9CD2,0xA4F3,0xA513,0xA513,0x9CB1,0xA4F3,0xA4F3,0x9CD2,0xA4F2,0xAD75,0xAD54,
    0xA533,0xB595,0xBDF7,0xBDF7,0xBDD6,0xB595,0xAD74,0xAD75,0xA513,0xAD54,0xAD75,0xBDF7,
    0xCE79,0xBDD6,0xB575,0xAD34,0xB575,0xAD54,0xAD54,0xAD75,0xB575,0xAD74,0xAD54,0xAD75,
    0xAD54,0xAD54,0xA513,0xA513,0xA533,0xAD75,0xBDD6,0xAD75,0xAD54,0xA533,0xAD74,0xAD54,
    0xAD54,0xAD75,0xC617,0xDEFB,0xD6B9,0xC658,0xBDF7,0xBDD6,0xB595,0xAD54,0xAD34,0xA513,
    0xAD34,0xAD54,0xAD54,0xB5B5,0xAD54,0xA513,0xA4F3,0xA513,0x9CD2,0xA4F2,0x9CD2,0x9CD2,
    0xA513,0xA513,0x9CD2,0xA513,0xAD54,0xAD54,0xAD75,0xAD54,0xAD54,0xB595,0xAD54,0xAD34,
    0xAD75,0xAD54,0xAD74,0xAD74,0xB595,0xC617,0xBDF6,0xAD74,0xB5B5,0xC637,0xCE58,0xC617,
    0xBDF7,0xC638,0xC617,0xC617,0xBDD6,0xAD54,0xBDD6,0xAD54,0xB595,0xC638,0xC637,0xBDB6,
    0xBDD6,0xBDF7,0xD6BA,0xCE78,0xB5B5,0xAD54,0xAD75,0xB5B6,0xBDD6,0xB5B6,0xAD54,0xB5B5,
    0xAD95,0xB595,0xC617,0xCE79,0xC638,0xCE79,0xC638,0xC638,0xC658,0xC638,0xB595,0xB5B6,
    0xC638,0xCE99,0xC637,0xBDF7,0xBDD6,0xAD75,0xAD54,0xB5D6,0xBDF7,0xAD75,0xA513,0xA533,
    0x9CF3,0x9CF3,0xA533,0xA513,0x9CF3,0x9CD2,0xA533,0xAD75,0xA513,0xAD54,0xA513,0xAD74,
    0xAD54,0xA533,0xA534,0xAD54,0xB595,0xAD54,0xBDD6,0xBDD6,0xAD74,0xB595,0xAD75,0xAD54,
    0xAD54,0xA533,0xAD74,0xA534,0xA513,0xA534,0xAD54,0xAD34,0xB595,0xB575,0xA513,0xA513,
    0xAD34,0xAD54,0xA533,0xB575,0xAD74,0xAD54,0xAD54,0xB575,0xB595,0xAD75,0xB595,0xC638,
    0xC617,0xBDD6,0xC617,0xBDF7,0xBDF7,0xBDD6,0xB5B6,0xAD75,0xAD75,0xBDD6,0xBDD6,0xBDF7,
    0xB595,0xB5B6,0xBDD6,0xB5B6,0xAD54,0xAD75,0xAD34,0xA513,0xA513,0xAD54,0xA534,0xA513,
    0xA513,0xA513,0x9CD2,0x9CD2,0x9CD2,0xA4F3,0xA513,0xA533,0xAD54,0xA513,0xAD34,0xA513,
    0xB595,0xAD54,0xAD34,0xB595,0xB595,0xAD34,0xAD74,0xA513,0x9CD2,0x9CD2,0xAD54,0xBDD6,
    0xBDD7,0xB595,0xA513,0x9CB2,0x94B1,0x9491,0x9CD2,0xA533,0x94B2,0x9491,0x9CB2,0x9CB2,
    0x9491,0x7BCE,0x6B2C,0x62EB,0x5ACA,0x5ACA,0x5AEB,0x52AA,0x6B2C,0x5AAA,0x4A48,0x4A48,
    0x5269,0x4A69,0x4A48,0x5289,0x632C,0x630B,0x5ACA,0x4A49,0x4248,0x4228,0x39E7,0x39E7,
    0x4207,0x4A49,0x4A48,0x4228,0x4228,0x4228,0x4A48,0x4A48,0x4A49,0x52AA,0x5289,0x4A69,
    0x4A69,0x4A69,0x5289,0x4A69,0x4A69,0x5289,0x52AA,0x4A69,0x5289,0x52AA,0x5289,0x5289,
    0x528A,0x52AA,0x5289,0x5289,0x630B,0x6B4C,0x6B4C,0x630B,0x5ACA,0x5AAA,0x5AEB,0x5AEB,
    0x630B,0x5ACA,0x5AEB,0x5269,0x5289,0x52AA,0x62EB,0x6B2C,0x6B4C,0x632B,0x5AAA,0x5AAA,
    0x62EB,0x630B,0x6B4C,0x7BCE,0x73AD,0x7BCE,0x738D,0x6B2C,0x62EB,0x6B4C,0x5AEB,0x632C,
    0x6B4C,0x630B,0x632B,0x632C,0x6B6D,0x6B6C,0x630B,0x736D,0x738D,0x6B2C,0x6B2C,0x630B,
    0x632C,0x738D,0x6B2C,0x5ACA,0x5ACA,0x630B,0x7BEF,0x7BCE,0x7BCE,0x8C50,0x7BCE,0x7BEF,
    0x840F,0x8C30,0x840F,0x83EF,0x8430,0x83EF,0x6B4C,0x630B,0x738D,0x83EF,0x6B4C,0x6B4C,
    0x6B4C,0x6B2C,0x736D,0x5269,0x5AAA,0x6B2B,0x630B,0x5ACA,0x630B,0x7BAD,0x738D,0x62EB,
    0x4A69,0x4A69,0x5289,0x5ACA,0x5289,0x5ACA,0x5AA9,0x5289,0x5289,0x52A9,0x4A69,0x4A48,
    0x4A49,0x4228,0x4228,0x4A69,0x52AA,0x4A69,0x4A8A,0x4A69,0x4A69,0x52AA,0x5289,0x5AEB,
    0x7BEF,0x738D,0x6B4C,0x840F,0x736D,0x5ACA,0x62EB,0x6B6C,0x6B4C,0x5AAA,0x52AA,0x632C,
    0x630B,0x630B,0x73AD,0x83EF,0x9491,0xAD54,0xB595,0xB595,0xB595,0xBDD6,0xB595,0xAD34,
    0xB595,0xA534,0x9CB2,0x8C70,0x8C30,0x73AE,0x630B,0x630B,0x5AEB,0x5AEB,0x630B,0x630B,
    0x62EB,0x5ACA,0x5ACA,0x5AAA,0x52A9,0x5AAA,0x5ACA,0x5289,0x5289,0x5289,0x4A69,0x5269,
    0x5269,0x4228,0x5ACA,0x62EB,0x4A69,0x630B,0x9491,0x9CB2,0x94B1,0x9471,0x8C30,0x9470,
    0xAD75,0xAD34,0x9CB1,0x9491,0x9470,0x9471,0x9491,0x8C70,0x94B1,0x94B1,0x9CB2,0x9CB2,
    0x8C50,0x736D,0x6B6D,0x630B,0x7BCE,0x9CD2,0x83EF,0x840F,0x94B2,0x9CD2,0xAD54,0xBDF7,
    0xBE17,0xAD75,0xA513,0x8C70,0x94B1,0x9CD2,0x9471,0x8C50,0x8C70,0x94B1,0x9CD2,0x9CB2,
    0x8C50,0x94B2,0x94B1,0x8C50,0x83EF,0x9491,0x9491,0x8C70,0x9CF2,0xA513,0x9CD2,0x9491,
    0xA4F2,0xA533,0xA513,0x9CD2,0x94B1,0x9CD2,0xAD54,0xAD54,0xAD54,0xAD74,0xB5B5,0xBDD6,
    0xBDF7,0xBDD6,0xB595,0xB595,0xB595,0xBDB6,0xBDD6,0xBDF7,0xBE17,0xBDD6,0xB5B6,0xAD74,
    0xB5B5,0xBDF6,0xAD54,0xAD74,0xAD54,0xAD74,0xA533,0xA533,0xAD54,0xAD54,0xA513,0xA533,
    0xA513,0xAD54,0xB595,0xB575,0xA513,0xAD54,0xAD34,0xAD54,0xB595,0xB595,0xB595,0xC617,
    0xBDD6,0xBDD6,0xC617,0xC617,0xB595,0xA534,0xA513,0xA4F2,0xA4F3,0xA4F3,0xB575,0xB595,
    0xA4F2,0x9CD2,0xA4F3,0xAD34,0xAD34,0xA513,0xA4F2,0x9CB2,0xA513,0xA4F3,0x9CD2,0xA513,
    0xAD54,0xB595,0xB595,0xAD75,0xB5B5,0xB595,0xB595,0xB595,0xAD54,0xAD54,0xB595,0xB5B6,
    0xB575,0xBDD6,0xBDD6,0xB595,0xBDB6,0xC637,0xCE58,0xCE79,0xD6BA,0xD699,0xCE79,0xCE58,
    0xCE99,0xC638,0xC638,0xC658,0xC617,0xCE58,0xBDD6,0xB595,0xC617,0xC637,0xEF7D,0xDEFB,
    0xAD75,0xAD75,0xB5B5,0xB595,0xBDD6,0xAD75,0xAD74,0xA534,0xAD54,0xB595,0xCE58,0xD699,
    0xC617,0xBDD6,0xBE17,0xC617,0xBE17,0xB595,0xB5D6,0xAD75,0xBDD6,0xCE99,0xCE79,0xC617,
    0xC638,0xC617,0xB5D6,0xB5B6,0xAD75,0xAD54,0xA513,0x9D13,0xAD54,0xA513,0xA533,0xA533,
    0x9CF2,0x9491,0x94B1,0xA533,0x9CF3,0xA533,0xAD75,0xB5B5,0xAD54,0xB575,0xAD74,0xAD75,
    0xAD74,0xB575,0xB595,0xAD75,0xAD54,0xB595,0xAD75,0xAD74,0xB5B5,0xAD74,0xBDD6,0xAD75,
    0xAD34,0xA513,0xA513,0xA513,0xAD34,0xAD34,0xA513,0xAD54,0xB595,0xAD54,0xA513,0xB595,
    0xAD54,0xB575,0xB575,0xAD75,0xAD75,0xB5B6,0xBDF7,0xB5B6,0xBDF7,0xBDD6,0xBDD7,0xB595,
    0xB595,0xB5B6,0xB595,0xB595,0xAD75,0xAD75,0xB5B6,0xAD54,0xAD54,0xBDD6,0xBDD6,0xBDD6,
    0xBDD6,0xB5B6,0xAD75,0xA513,0x9CD2,0xA533,0xAD54,0xAD54,0xA513,0xA4F3,0x9CB2,0x9491,
    0x9CB2,0x9CF2,0x9CD2,0x9491,0x94B1,0x94B2,0x9491,0xA513,0xA4F3,0x9CD2,0xAD34,0xA4F3,
    0xA513,0xA513,0xA533,0x9CF2,0x9CD2,0xA533,0xAD75,0xAD74,0xAD54,0xA513,0x9CD2,0x9471,
    0x9491,0x9CD2,0xA513,0xA513,0x9491,0x8C70,0x9491,0x9491,0x9CD2,0x9491,0x6B6C,0x6B4C,
    0x630B,0x6B4C,0x62EB,0x6B4C,0x7BAE,0x6B4C,0x5269,0x4A48,0x4A28,0x4A48,0x52AA,0x5ACA,
    0x630B,0x52AA,0x4A69,0x4A48,0x4228,0x4207,0x4207,0x4207,0x39E7,0x4228,0x4228,0x3A07,
    0x4207,0x4228,0x4A48,0x4A49,0x4A69,0x5ACA,0x52AA,0x4A48,0x4A48,0x4A69,0x52AA,0x4A69,
    0x4A69,0x4A49,0x5289,0x5289,0x4A69,0x4A69,0x52AA,0x52AA,0x52AA,0x5289,0x5ACA,0x62EB,
    0x6B2C,0x630B,0x6B2C,0x73AD,0x6B6D,0x630B,0x630B,0x630B,0x52AA,0x4A69,0x5ACA,0x6B2C,
    0x6B2C,0x5ACA,0x5AAA,0x62EA,0x6B2C,0x738D,0x738D,0x736C,0x6B6C,0x6B2C,0x73AD,0x7BAD,
    0x738D,0x7BCE,0x7BAE,0x6B6D,0x62EB,0x5AEB,0x5ACA,0x5ACA,0x73AD,0x6B2C,0x630B,0x630B,
    0x736D,0x738D,0x736D,0x7BCE,0x738D,0x6B2C,0x6B2C,0x6B6D,0x6B4C,0x6B6D,0x6B2C,0x630B,
    0x5ACB,0x632C,0x8C50,0x9491,0x8C50,0x7BEF,0x7BCE,0x7BCE,0x8C50,0x94B2,0x840F,0x73AD,
    0x7BCE,0x7BCE,0x736D,0x630B,0x73AD,0x7BCE,0x738D,0x6B4C,0x6B4C,0x6B2B,0x52AA,0x4A48,
    0x4A49,0x52AA,0x62EA,0x630B,0x632B,0x62EB,0x5ACB,0x630B,0x630B,0x5289,0x52AA,0x52AA,
    0x4A28,0x4A69,0x5269,0x5AAA,0x5289,0x4A48,0x4227,0x4228,0x39E7,0x3A07,0x4228,0x5289,
    0x5AEB,0x6B4D,0x52AA,0x52AA,0x4A49,0x4A48,0x4A49,0x52AA,0x6B6D,0x630B,0x6B6C,0x736D,
    0x6B4C,0x630B,0x630B,0x630B,0x630B,0x5289,0x4A49,0x5ACA,0x630B,0x7BAE,0x8C70,0x8C30,
    0x8C30,0x8C70,0xA4F3,0xB595,0xC5F7,0xC617,0xB575,0xB595,0xBDD6,0xB595,0xAD54,0x9491,
    0x83EF,0x738D,0x630B,0x62EB,0x630B,0x6B2C,0x62EB,0x5AEA,0x62EB,0x5ACA,0x52AA,0x5AAA,
    0x5ACA,0x5ACA,0x52AA,0x4A69,0x4A48,0x4A48,0x4A69,0x52A9,0x5289,0x4A69,0x4A28,0x5269,
    0x4A48,0x6B4C,0x83EF,0x9491,0x8C30,0x9CB1,0x9491,0x9CD2,0xAD54,0x9CD2,0x94B1,0x9491,
    0x9491,0x8C50,0x8C30,0x9491,0x9491,0x9CB2,0x9CD2,0x8C70,0x6B4C,0x5ACA,0x630B,0x6B4C,
    0x6B4C,0x738D,0x7BEF,0x83EF,0x8C70,0xA533,0xBDD6,0xCE58,0xBDF7,0xB5B6,0xB5B6,0x9CD2,
    0xA513,0xA513,0x9470,0x9470,0x9470,0x9491,0x94B1,0x9CB2,0x9471,0x94B2,0x8C70,0x8C70,
    0x9491,0x9CD2,0x9CD2,0x9491,0x9CD2,0x9CD2,0xA513,0xA533,0xA4F2,0xA533,0xA533,0x9CD2,
    0xA4F3,0x9CD2,0xA513,0xAD54,0xB5B5,0xB595,0xAD54,0xB5B6,0xB5B5,0xBDD6,0xBDD6,0xBDD6,
    0xC617,0xBDD6,0xC617,0xBDD7,0xBDD6,0xB595,0xAD74,0xAD74,0xB595,0xB595,0xAD54,0xAD54,
    0xAD54,0xA533,0xA533,0xB575,0xB595,0xAD74,0xA513,0xA513,0xAD34,0xAD34,0xB595,0xB595,
    0xAD54,0xA513,0xAD54,0xAD74,0xBDD6,0xB595,0xB575,0xAD54,0xAD74,0xBDD6,0xBDD6,0xB5B5,
    0xAD75,0xA533,0xA4F2,0x9CD2,0x9CD2,0xA533,0xAD74,0xA533,0x9CD2,0xA533,0xAD74,0xAD74,
    0xAD54,0xA513,0xA513,0xAD34,0xA4F2,0x9CB2,0xA513,0xBDD6,0xB595,0xAD75,0xBDB6,0xBDD6,
    0xBDD6,0xC5F7,0xBDF7,0xC617,0xBDD6,0xBDD6,0xBDD6,0xB595,0xB5B5,0xB595,0xBDF7,0xC617,
    0xC5F7,0xCE58,0xCE99,0xD6DA,0xE73C,0xDEDA,0xCE58,0xC617,0xD6BA,0xD699,0xCE79,0xDEDA,
    0xD699,0xCE58,0xBDD6,0xBDB6,0xBDD6,0xBDF7,0xC638,0xBE17,0xBDD6,0xB595,0xAD75,0xBDD6,
    0xB575,0xB595,0xAD75,0xAD75,0xB595,0xCE58,0xD6BA,0xCE79,0xC638,0xC617,0xC617,0xC617,
    0xC638,0xA533,0xAD54,0xAD54,0xBDD6,0xCE58,0xD6DA,0xCE58,0xB595,0xC658,0xB5B6,0xAD74,
    0x9CF3,0xA513,0xAD54,0xA513,0xA533,0xA513,0x9CD2,0xA513,0xA534,0xA4F3,0xA4F3,0xA534,
    0xA533,0xA513,0x9CF3,0xB595,0xB595,0xB595,0xAD54,0xAD34,0xAD74,0xAD34,0xB595,0xAD75,
    0xAD54,0xA533,0xAD75,0xAD75,0xAD34,0xAD75,0xB5B5,0xAD54,0xA533,0xAD34,0xAD54,0xAD54,
    0xB575,0xAD75,0xAD54,0xA534,0xA513,0xA513,0xA534,0xAD54,0xA534,0xAD54,0xAD54,0xAD75,
    0xBDD6,0xC638,0xBDD6,0xB5B6,0xB595,0xBDD6,0xB5B6,0xAD75,0xB595,0xB5B6,0xC617,0xBDF7,
    0xBDD6,0xBDF7,0xBDD6,0xBDF7,0xBDF7,0xBDD6,0xBE17,0xBDF7,0xC617,0xCE58,0xBDD7,0xB595,
    0xAD54,0xBDD6,0xAD75,0xAD75,0xAD54,0xA513,0x9CD2,0x9CB2,0x9CB2,0x9CD2,0x9CF2,0x9CB2,
    0x94B2,0x9471,0x73AD,0x9CD2,0xAD34,0x9CD2,0x94B2,0x9CB2,0xA4F2,0xA513,0xA534,0xA4F2,
    0xA4F3,0xAD74,0xAD54,0xAD54,0xA513,0x9CD2,0xA4F2,0x94B1,0x94B2,0x94B1,0x94B2,0x94B1,
    0x9471,0x9471,0x9471,0x94B2,0x9491,0x840F,0x736D,0x7BCE,0x738D,0x6B4C,0x630B,0x738D,
    0x6B6D,0x738D,0x52A9,0x4A28,0x4A49,0x5269,0x5ACA,0x5AEB,0x4A69,0x4207,0x39E7,0x4A28,
    0x4A48,0x4228,0x4228,0x4208,0x4228,0x4248,0x4228,0x3A07,0x4207,0x4228,0x4248,0x4A49,
    0x4A69,0x4A48,0x4A49,0x4A48,0x4A48,0x4A69,0x4A69,0x5269,0x5289,0x5289,0x5289,0x5289,
    0x5AEB,0x52AA,0x5AAA,0x5ACA,0x52AA,0x5289,0x5AAA,0x6B4C,0x6B4C,0x630B,0x6B2C,0x738D,
    0x738D,0x73AD,0x738D,0x632C,0x52AA,0x4A69,0x4A48,0x4A69,0x52A9,0x62EB,0x630B,0x62EA,
    0x630B,0x6B4C,0x6B6C,0x736D,0x7BAE,0x738D,0x83EF,0x83EF,0x7BCE,0x7BAE,0x83EF,0x738D,
    0x6B4C,0x6B2C,0x738D,0x6B4C,0x73AE,0x6B6D,0x736D,0x738D,0x7BEF,0x7BEF,0x73AD,0x738D,
    0x6B6D,0x6B4C,0x738D,0x738D,0x6B6D,0x73AE,0x73AD,0x7BCE,0x7BCE,0x7BCE,0x8430,0x7BCE,
    0x7BCE,0x7BAE,0x73AD,0x73AE,0x7BEF,0x840F,0x83EF,0x736D,0x736D,0x6B4C,0x6B4C,0x62EB,
    0x5ACA,0x6B2C,0x630B,0x5ACA,0x6B2B,0x6B2B,0x630B,0x52AA,0x630B,0x4A69,0x5AEB,0x630B,
    0x5289,0x5269,0x630B,0x5ACA,0x7BCE,0x8C71,0x94B2,0x8C70,0x5ACA,0x5289,0x5AAA,0x6B4C,
    0x5289,0x5289,0x52AA,0x4228,0x4207,0x4228,0x3A07,0x4249,0x5289,0x52AA,0x52AA,0x52AA,
    0x4248,0x4248,0x4228,0x5289,0x5ACA,0x5AAA,0x6B6C,0x6B4C,0x62EB,0x630B,0x5AEB,0x5ACA,
    0x5ACA,0x4A69,0x4A48,0x5289,0x7BCE,0x8C30,0x8C50,0x8C30,0x8C50,0x8C50,0x8C50,0x9491,
    0xB575,0xCE58,0xDEFB,0xCE58,0xCE58,0xC617,0xA533,0xA513,0x9CD2,0x840F,0x736D,0x6B4C,
    0x632C,0x630B,0x62EB,0x5AEA,0x5ACA,0x52AA,0x5ACA,0x52AA,0x5ACA,0x5AAA,0x5289,0x4A69,
    0x4A69,0x4A28,0x4227,0x5269,0x5ACA,0x5ACA,0x5289,0x4A69,0x4A28,0x6B2C,0x8C50,0x9491,
    0x9491,0x9CD2,0xA513,0xA4F3,0x94B1,0xAD74,0x9CD2,0x8C30,0x9491,0x94B1,0x7BCE,0x8C50,
    0x94B1,0x9CD2,0x94B1,0x9491,0x7BCE,0x5AAA,0x5AEA,0x6B2C,0x6B6C,0x6B4C,0x8430,0x8C71,
    0xA513,0xB595,0xAD54,0xC617,0xCE79,0xAD75,0xAD54,0xA513,0x9CD2,0xA4F3,0x9470,0x8C70,
    0x9471,0x9470,0x9491,0x9CD2,0x9491,0x94B1,0x9CB2,0x9CD2,0x9CD2,0x9471,0x9470,0x9491,
    0x9491,0x9CD2,0x94B1,0xA4F3,0xA513,0x9CD2,0xAD34,0x9CD2,0x94B1,0xA533,0xA533,0xA533,
    0xB595,0xB5B6,0xB595,0xB595,0xB5B6,0xBDF7,0xBDD6,0xBDD6,0xBDF6,0xBDF7,0xBDF7,0xBDD6,
    0xB5B5,0xB595,0xAD74,0xAD54,0xAD54,0xAD74,0xAD54,0xAD34,0xA534,0xA513,0xAD34,0xAD75,
    0xB5B6,0xAD54,0xA533,0xA513,0xA513,0xAD34,0xB595,0xB595,0xAD75,0xB575,0xAD34,0x9CF2,
    0xA513,0xA533,0xAD54,0xAD75,0xAD54,0xAD34,0xA4F3,0xA4F3,0xAD34,0xA513,0xA533,0xA533,
    0xA513,0xAD54,0xAD34,0xA533,0xB595,0xAD54,0xBDD6,0xBDD6,0xB5B5,0xAD54,0xA513,0xAD54,
    0x9CD2,0x9CD2,0xA513,0xAD74,0xAD74,0xBDD6,0xC638,0xC638,0xBDF7,0xBDF7,0xBDF7,0xBDF6,
    0xC617,0xBDD6,0xB595,0xBDD6,0xBDD6,0xBDD6,0xC617,0xBDD6,0xCE58,0xCE79,0xCE79,0xC638,
    0xCE79,0xD6BA,0xCE79,0xBDF7,0xD6DA,0xDEFA,0xEF5C,0xF7BE,0xF7BE,0xD6BA,0xBDD6,0xB595,
    0xBDF7,0xBDD6,0xB5B6,0xBDD6,0xC617,0xB595,0xBE17,0xBDD6,0xAD74,0xBDD7,0xAD74,0xBDD6,
    0xCE79,0xCE79,0xC617,0xBDF7,0xBDF7,0xC638,0xC638,0xBE17,0xCE99,0xAD54,0x9CD2,0xAD54,
    0xC658,0xC638,0xCE58,0xD6DA,0xC637,0xCE79,0xC637,0xAD74,0xA513,0xAD54,0xAD54,0xBDF7,
    0xAD74,0xA533,0xA4F3,0x9CD2,0xA513,0xAD54,0xA513,0xA4F3,0xA533,0xA534,0xA513,0xAD54,
    0xA534,0xAD34,0xB595,0xB595,0xB5B5,0xAD74,0xAD54,0xAD34,0xA513,0xA513,0xAD34,0xAD54,
    0xA513,0xAD34,0xA513,0xA513,0xA513,0xAD54,0xAD75,0xB595,0xB595,0xB595,0xB595,0xAD75,
    0xB5B5,0xAD54,0xB595,0xB595,0xB595,0xBDD6,0xB5B6,0xB595,0xB5B5,0xBDF7,0xB5B5,0xB5B6,
    0xB595,0xB595,0xB5B6,0xB595,0xB595,0xBDD6,0xBDD6,0xBDF7,0xBDF7,0xC5F7,0xBDF7,0xC617,
    0xC617,0xC617,0xC638,0xC638,0xCE79,0xCE79,0xC638,0xBDD6,0xAD75,0xB595,0xAD75,0xB595,
    0xB595,0xA513,0xA533,0xAD75,0xA513,0xA533,0xAD74,0x9CD2,0x9491,0x9CD2,0x7BCE,0x8C71,
    0xA513,0xA513,0x9CB2,0xA513,0xA533,0xAD34,0xA513,0xA513,0xA4F2,0xA513,0xAD54,0xAD54,
    0x9CD2,0x9CF2,0x9CD2,0x9CF2,0xAD54,0xB595,0xA4F3,0x9491,0x94B1,0x9CB2,0x94B1,0x9491,
    0x8C70,0x83EF,0x7BCE,0x7BAE,0x6B4C,0x5ACA,0x632C,0x6B4C,0x6B2C,0x5ACA,0x4A69,0x5269,
    0x5269,0x4A69,0x5ACA,0x52AA,0x4A28,0x4A48,0x4228,0x4228,0x4A48,0x5269,0x5269,0x5269,
    0x5289,0x4248,0x3A07,0x4A49,0x4A69,0x4228,0x4207,0x39E7,0x4228,0x4A48,0x4228,0x4A69,
    0x4A69,0x5269,0x5289,0x4A48,0x4A28,0x4A48,0x5289,0x5289,0x52AA,0x52A9,0x52AA,0x52AA,
    0x5289,0x52AA,0x5AEB,0x632B,0x630C,0x630B,0x6B2B,0x6B4C,0x738D,0x73AD,0x738D,0x6B4C,
    0x5AEB,0x5AEB,0x5289,0x4A69,0x5269,0x5289,0x52A9,0x62EB,0x73AE,0x7BAE,0x840F,0x94B1,
    0x8C71,0x840F,0x8C30,0x83EF,0x83EF,0x83EF,0x8430,0x840F,0x7BCE,0x7BCE,0x7BEF,0x7BCF,
    0x7BCE,0x73AD,0x7BCE,0x7BCE,0x7BEF,0x840F,0x7BAE,0x738D,0x7BEE,0x8430,0x7BAE,0x6B6D,
    0x73AE,0x7BCE,0x7BCE,0x7BCE,0x73AE,0x736D,0x6B6D,0x738D,0x7BAE,0x8C50,0x73AE,0x738D,
    0x7BCE,0x7BCE,0x7BCE,0x6B6C,0x5ACA,0x5ACA,0x62EB,0x5AAA,0x5289,0x5ACA,0x52AA,0x5289,
    0x5ACA,0x62EA,0x632B,0x630B,0x736D,0x6B6D,0x6B4C,0x6B6D,0x73AD,0x62EB,0x52AA,0x62EB,
    0x630B,0x9491,0xBDD6,0xA513,0x83EF,0x738D,0x6B4C,0x6B6D,0x7BCE,0x73AE,0x5AEB,0x4A49,
    0x630B,0x6B6D,0x5289,0x4208,0x4A49,0x52AA,0x52AA,0x4A69,0x4A49,0x4228,0x3A07,0x4228,
    0x5289,0x52AA,0x5ACA,0x6B2C,0x630B,0x5AAA,0x5AAA,0x5ACA,0x52A9,0x4A69,0x4A69,0x4A69,
    0x630B,0x840F,0x8C30,0x8C50,0x8430,0x8C50,0x8C70,0x9491,0x9471,0xAD54,0xDEDA,0xCE38,
    0xC617,0xAD54,0x8C30,0xA513,0xA534,0x7BCE,0x6B4C,0x62EB,0x5ACA,0x5ACA,0x5ACA,0x5AAA,
    0x52AA,0x5289,0x52A9,0x5ACA,0x52AA,0x5269,0x4A69,0x4A48,0x4A48,0x5269,0x5269,0x4A48,
    0x5AA9,0x5ACA,0x5AEA,0x5ACA,0x5269,0x62EB,0x83EF,0x8C50,0x94B1,0x9CF2,0xA513,0xA4F2,
    0x9CD2,0xAD34,0x9491,0x630B,0x7BCE,0x8C70,0x8C30,0x840F,0x9CF2,0x9CD2,0x9471,0x8C50,
    0x9471,0x6B4C,0x62EB,0x62EB,0x738D,0x8C50,0x73AD,0x8C70,0xA534,0x8430,0x6B4C,0x840F,
    0xAD74,0xAD54,0x9491,0x8C30,0x9CF2,0x94B2,0x8C70,0x9491,0x9471,0x9CB2,0xA513,0xA513,
    0xA513,0x94B2,0x9CB2,0x9CD2,0x9491,0x9491,0x9470,0x9CB1,0x9491,0x9470,0x9471,0x94B1,
    0xA4F2,0x9CF2,0xA4F2,0x9CD2,0xA4F3,0x94B1,0xA533,0xA4F3,0xAD75,0xB5B6,0xB5B6,0xBDD6,
    0xBDD6,0xBDF7,0xBDD6,0xBDB6,0xBDD6,0xBDF7,0xBDF7,0xBDD6,0xB595,0xB595,0xB595,0xB595,
    0xAD54,0xAD54,0xAD54,0xA533,0xA513,0xB575,0xAD74,0xA513,0xB595,0xA533,0xA513,0xA513,
    0xAD54,0xAD75,0xAD75,0xB5B6,0xAD54,0xAD75,0xB5B5,0x9CD2,0xA4F3,0xAD54,0xA513,0xA534,
    0xAD54,0x9CD2,0x9CD2,0xA513,0xA513,0xA534,0xAD75,0xAD54,0xAD34,0xAD54,0xA533,0xAD54,
    0xA533,0xB595,0xC617,0xD699,0xC637,0xBDD6,0xB575,0xAD54,0xAD54,0xAD54,0xA513,0xA534,
    0xAD54,0xBDF7,0xC637,0xC5F7,0xBDD6,0xC638,0xC617,0xBDF7,0xBDD6,0xBDD6,0xC617,0xC617,
    0xBDF7,0xC617,0xCE58,0xCE58,0xCE78,0xC617,0xBDF7,0xCE58,0xC638,0xCE38,0xCE79,0xD699,
    0xDEDA,0xE73C,0xFFFF,0xFFFF,0xFFFF,0xDEFA,0xBDD6,0xC617,0xCE58,0xCE58,0xC617,0xBDF7,
    0xBDD6,0xBDD6,0xBDD6,0xB595,0xB575,0xB595,0xA513,0xB5D6,0xCE99,0xBDF7,0xBDD6,0xB5B6,
    0xBDD6,0xC638,0xBDF7,0xBDD6,0xC638,0xB5B5,0xA4F3,0xA534,0xBDF7,0xCE58,0xB5B6,0xD6BA,
    0xCE58,0xC658,0xC638,0xA534,0xA513,0x9CF3,0xA533,0xB595,0xAD54,0xA513,0xA513,0xA4F3,
    0x9CD2,0xA4F3,0xA533,0xA533,0xA513,0xAD54,0xAD54,0xAD54,0x9CF2,0xA513,0xAD34,0xAD54,
    0xB595,0xB575,0xA533,0xAD34,0xB575,0xAD74,0xAD34,0xA534,0xAD75,0xAD74,0xAD74,0xB595,
    0xA533,0xA534,0xAD74,0xB5B5,0xAD75,0xAD74,0xAD54,0xB595,0xC617,0xB5B6,0xAD75,0xB595,
    0xBDF7,0xC617,0xB5B5,0xB5B5,0xB595,0xB5B5,0xBDD6,0xAD75,0xAD54,0xAD54,0xB5B6,0xBDD6,
    0xBDD6,0xBDD6,0xBDB6,0xBDD6,0xBDD6,0xBDF7,0xC638,0xC638,0xC638,0xC638,0xC617,0xC637,
    0xD6B9,0xD699,0xC617,0xBDD7,0xBDD6,0xAD75,0xAD54,0xAD54,0xA534,0xAD54,0xA533,0xA533,
    0xAD75,0xB595,0xA4F3,0x9CB2,0x9491,0x9CB2,0x8C70,0x94B2,0x9CD2,0x9CD2,0x94B1,0xA513,
    0xA4F3,0xAD34,0xA513,0xA533,0xA513,0x9CB2,0x9CD2,0xA534,0xA513,0xA4F3,0x9CF2,0x9CD2,
    0xA534,0xBDF7,0xA513,0x9491,0x9491,0x9CD2,0x9CD2,0x94B1,0x94B1,0x842F,0x840F,0x738D,
    0x6B4C,0x5AEB,0x6B6D,0x632B,0x52A9,0x4A48,0x5ACA,0x5289,0x5289,0x5ACA,0x4A69,0x4228,
    0x4A48,0x5289,0x5269,0x4A69,0x52AA,0x52AA,0x5269,0x5269,0x4A69,0x4A28,0x4228,0x4A49,
    0x4A48,0x4228,0x39E7,0x39C7,0x39E7,0x4228,0x4208,0x4228,0x4A48,0x4A69,0x4A69,0x4248,
    0x4228,0x4A28,0x5289,0x5AAA,0x52AA,0x5269,0x52AA,0x5289,0x52CA,0x52AA,0x52AA,0x52AA,
    0x630B,0x632C,0x630B,0x6B2C,0x6B4C,0x630B,0x8C50,0x840F,0x5ACA,0x5ACA,0x5ACA,0x5AAA,
    0x62EB,0x6B4C,0x6B2C,0x6B2C,0x736D,0x7BCE,0x8C50,0xA513,0x9491,0x7BEF,0x840F,0x7BCE,
    0x83EF,0x7BCE,0x840F,0x94B1,0x83EF,0x840F,0x7BCE,0x7BCF,0x8430,0x7BAE,0x7BCF,0x7BCE,
    0x7BCE,0x840F,0x840F,0x7BEF,0x840F,0x8430,0x7BCE,0x840F,0x738D,0x630B,0x62EB,0x62EB,
    0x5AEB,0x5AEB,0x5ACA,0x6B6D,0x738D,0x7BCE,0x7BEF,0x738D,0x73AE,0x7BCE,0x6B6D,0x630B,
    0x52A9,0x5ACA,0x5ACA,0x5AAA,0x5ACA,0x5ACA,0x52AA,0x52AA,0x5269,0x52A9,0x630B,0x7BCE,
    0x94B2,0x94B1,0x840F,0x73AD,0x62EB,0x5ACA,0x62EB,0x4A69,0x52A9,0x83EF,0x8C50,0x8C50,
    0x840F,0x7BAE,0x6B2C,0x6B4C,0x736D,0x6B4C,0x4A49,0x4A49,0x630C,0x7BEF,0x5AEB,0x4228,
    0x4228,0x4248,0x4228,0x4248,0x4A48,0x4228,0x4228,0x4208,0x4A48,0x4A69,0x5269,0x5ACA,
    0x5ACA,0x5289,0x4A69,0x5269,0x4A69,0x5289,0x5269,0x5269,0x5289,0x738D,0x7BCE,0x840F,
    0x8C70,0x9470,0x8C50,0x8C30,0x8C50,0x9491,0xB575,0xB5B5,0xB5B5,0xAD54,0x8C50,0x8C30,
    0x9471,0x738D,0x630B,0x630B,0x5AEB,0x5AEB,0x52AA,0x52A9,0x5ACA,0x5AAA,0x52A9,0x5AAA,
    0x52A9,0x5289,0x4A69,0x4A69,0x5269,0x5289,0x4A69,0x5269,0x52A9,0x62EB,0x5AEA,0x5AAA,
    0x6B2C,0x6B4C,0x738D,0x8C70,0x9CD2,0x9CF2,0xA513,0x9CF2,0x9CB1,0x9470,0x9491,0x6B4C,
    0x6B4C,0x8C50,0x7BCE,0x94B1,0x8C30,0x840F,0x9471,0x83EF,0x840F,0x6B6C,0x6B6C,0x630B,
    0x630B,0x6B4C,0x6B4C,0x73AD,0x9CD2,0x6B4C,0x5ACA,0x5ACA,0x840F,0x8C70,0x8C50,0x9491,
    0x9471,0x8C70,0x9491,0x9CD2,0x8C70,0x9CB2,0xA513,0xAD34,0xB5B5,0x9CD2,0x9491,0xA534,
    0x94B1,0x9470,0x9470,0x94B1,0x9491,0x8C50,0x8C50,0x9491,0x9CD2,0x94B1,0xA513,0xA533,
    0xAD54,0xAD34,0xA534,0xAD74,0xAD74,0xBDD6,0xBDD6,0xBDF7,0xB5B6,0xBDF6,0xC638,0xBDD6,
    0xBDD6,0xBDD6,0xBDF7,0xBDF6,0xB5B5,0xB595,0xBDD6,0xBDD6,0xB595,0xBDB6,0xAD54,0xAD74,
    0xAD54,0xBDB6,0xBDD6,0xB5B6,0xAD75,0xA513,0xB595,0xAD75,0xA533,0xAD75,0xBDD6,0xB5B6,
    0xA533,0xA513,0xAD54,0xB575,0xB575,0xA533,0x9CD2,0xAD54,0xBDD6,0xB5B5,0xAD54,0xA513,
    0xA513,0xA513,0xAD74,0xAD54,0xA513,0xA4F2,0xA533,0xA4F3,0x9CD2,0xB575,0xBDD6,0xD6BA,
    0xCE58,0xBDF7,0xB595,0xAD54,0xB575,0xAD74,0xA513,0xAD74,0xB595,0xBDD6,0xBDF7,0xBDF7,
    0xBDF7,0xD699,0xCE79,0xC617,0xB595,0xBDD6,0xBDF7,0xC617,0xBDD6,0xC638,0xCE78,0xCE78,
    0xCE58,0xC617,0xC638,0xCE78,0xC637,0xCE38,0xCE58,0xD679,0xD6BA,0xE71B,0xF7BE,0xFFDE,
    0xEF7D,0xD699,0xC638,0xC638,0xCE58,0xC617,0xC638,0xBDD6,0xB595,0xB595,0xAD75,0xB5B6,
    0xB595,0xAD54,0xB595,0xC617,0xBDD6,0xBDF7,0xC638,0xBDD6,0xC637,0xC617,0xB5B6,0xBDF7,
    0xBDF7,0xB595,0xA534,0xB595,0xC617,0xCE79,0xBDF7,0xCE58,0xD6B9,0xC617,0xC617,0xAD74,
    0xAD54,0xA534,0xA513,0xAD54,0xAD34,0x9CD2,0x9CD2,0x9CF2,0x9CB2,0x9CB2,0xA513,0xAD54,
    0xAD74,0xAD54,0xAD34,0xAD74,0xAD34,0x9CD2,0xA513,0xA513,0xA533,0xAD74,0xB595,0xA533,
    0xB575,0xAD74,0xB595,0xAD75,0xAD75,0xAD74,0xA513,0xAD54,0xAD75,0xB595,0xAD54,0xA533,
    0x9CD2,0xA513,0xAD54,0xB595,0xB595,0xCE58,0xBDD6,0xB5B5,0xC617,0xCE58,0xC617,0xBE17,
    0xAD75,0xB595,0xB5B6,0xAD75,0xA534,0xAD75,0xB5B6,0xB595,0xBDB6,0xBDF7,0xC617,0xBDD6,
    0xBDF7,0xC617,0xBDD6,0xC617,0xBDF7,0xBDD6,0xBDF7,0xBDF7,0xC617,0xC638,0xC638,0xBDF7,
    0xC5F7,0xBDD6,0xB595,0xAD54,0xAD54,0xAD54,0xAD75,0xA513,0xA513,0xA513,0x9CD2,0x9CD2,
    0x9CD2,0x9491,0x9CB2,0x94B1,0x9CD2,0x9CD2,0x94B2,0xA4F3,0x9CD2,0x9CD2,0xA513,0xAD75,
    0xA513,0x9CD2,0xAD54,0xAD34,0xAD74,0xA4F3,0x9CF2,0x94B1,0x94B1,0x9CF2,0x9CB2,0x94B1,
    0x94B1,0x9CB2,0x9CD2,0x94B2,0x94B1,0x8C30,0x8C30,0x73AE,0x6B4C,0x6B4C,0x6B2C,0x630B,
    0x630B,0x62EB,0x52AA,0x4A28,0x52AA,0x4A48,0x4A28,0x4A48,0x4A69,0x4A48,0x4A68,0x5289,
    0x52A9,0x4A69,0x4A28,0x4A69,0x4A69,0x4A69,0x4228,0x4228,0x4228,0x4228,0x4207,0x39E7,
    0x39E7,0x39E7,0x39C7,0x39E7,0x4228,0x4A48,0x4228,0x4228,0x4228,0x4A48,0x4A69,0x5289,
    0x52AA,0x5289,0x52AA,0x5289,0x5ACA,0x52AA,0x528A,0x5ACA,0x5ACA,0x630B,0x6B2C,0x630B,
    0x632B,0x6B2C,0x8C50,0x7BCE,0x5ACA,0x52AA,0x5289,0x4A49,0x5AEB,0x7BCF,0x7BCE,0x6B4C,
    0x5AAA,0x630B,0x73AD,0x842F,0x8430,0x73AD,0x83EF,0x7BEF,0x736D,0x7BAE,0x8C30,0x8C70,
    0x8C71,0x8430,0x83EF,0x840F,0x8C70,0x8430,0x83EF,0x83EF,0x7BCF,0x7BCE,0x7BAE,0x7BEF,
    0x840F,0x840F,0x73AE,0x7BCE,0x840F,0x6B4C,0x5AEA,0x630B,0x630B,0x5AEB,0x5ACA,0x632C,
    0x7BCE,0x6B4C,0x6B2C,0x6B4C,0x6B2C,0x736D,0x6B2C,0x632C,0x5ACA,0x52AA,0x62EB,0x5ACA,
    0x62EB,0x5ACA,0x52AA,0x52AA,0x5ACA,0x5AAA,0x5ACB,0x7BEF,0xA534,0x9CF3,0x8C50,0x6B6D,
    0x4248,0x3A07,0x4A69,0x5ACA,0x630B,0x632C,0x630B,0x6B6D,0x7BAE,0x738D,0x736D,0x5AEB,
    0x5AEB,0x4A89,0x39C7,0x3A07,0x4248,0x4A69,0x4228,0x39E7,0x4208,0x3A07,0x4228,0x5289,
    0x4A48,0x4A48,0x4A49,0x4A49,0x4248,0x4248,0x4A48,0x4A48,0x52A9,0x5289,0x4A28,0x4A69,
    0x52AA,0x4A48,0x4A48,0x4207,0x5269,0x840F,0x7BCE,0x7BCE,0x8C70,0x9491,0x8C30,0x8C50,
    0x8C30,0x9491,0xAD34,0xBDF7,0xAD54,0xA533,0xA533,0x8C30,0x7BEE,0x736C,0x630B,0x630B,
    0x5ACA,0x6B6D,0x5ACA,0x5289,0x630B,0x5AEB,0x5AAA,0x52AA,0x52A9,0x52A9,0x5289,0x5289,
    0x5289,0x5269,0x52A9,0x5AAA,0x738D,0x840F,0x7BCE,0x7BAD,0x83EF,0x73AD,0x840F,0x94B1,
    0xA4F3,0x9CF2,0xA513,0xA513,0x9CD2,0x9471,0x8C50,0x8C50,0x7BCE,0x736D,0x736D,0x8C30,
    0x736D,0x62EA,0x9491,0x7BEE,0x6B2C,0x630B,0x62EB,0x5269,0x52A9,0x5ACA,0x5AEA,0x630B,
    0x8C50,0x8430,0x5ACA,0x5AEB,0x7BCE,0x6B4C,0x6B4C,0x9491,0x840F,0x83EF,0x8C50,0x8C70,
    0x9491,0xA4F3,0x9491,0x94B1,0x9CF2,0x9CF2,0x9CD2,0x9CD2,0x9CD2,0x9CB2,0x9CB2,0x9CD2,
    0x9491,0x9CB2,0x9491,0x9470,0x94B1,0x8C70,0x9CD2,0xAD75,0xA534,0xA513,0xAD54,0xAD34,
    0xAD54,0xB5B5,0xBDD6,0xC658,0xBDD6,0xB5B5,0xBDD6,0xBDD6,0xAD54,0xB595,0xBDD6,0xBDD6,
    0xB5B5,0xB595,0xB5B5,0xBDD6,0xB5B5,0xBDF6,0xB5B5,0xAD75,0xAD54,0xAD75,0xC617,0xBDD6,
    0xB595,0xBDF7,0xB595,0xAD34,0xAD54,0xAD75,0xB595,0xAD54,0xA4F2,0xA4F3,0xAD34,0xB595,
    0xA4F2,0xA513,0xA533,0xA533,0xBDF7,0xC617,0xAD54,0x9CD2,0xA4F2,0xA534,0xB595,0xA513,
    0x9CB2,0x9CB2,0x9CD2,0x9491,0x9CD2,0xA534,0xB595,0xB5B5,0xBDD6,0xB5B5,0x8C70,0x83EF,
    0x9CD2,0xA513,0xAD75,0xB595,0xB595,0xBDD6,0xC617,0xC638,0xBDF7,0xC617,0xC617,0xB5B6,
    0xB595,0xBDD6,0xC637,0xC637,0xC637,0xC638,0xC637,0xC617,0xCE58,0xCE58,0xC638,0xC617,
    0xC617,0xCE58,0xC637,0xC617,0xCE58,0xD699,0xD6BA,0xD6BA,0xDEDA,0xD699,0xCE38,0xD699,
    0xCE79,0xBDD6,0xBDD6,0xC617,0xB5B5,0xAD74,0xAD54,0xAD54,0xA533,0xAD75,0xCE58,0xC638,
    0xC617,0xCE99,0xCE58,0xCE79,0xBE17,0xBDD6,0xBDD6,0xC638,0xBDF7,0xAD75,0xB595,0xB5B5,
    0xBDD6,0xCE58,0xCE79,0xBDF7,0xCE79,0xC658,0xBDD6,0xAD54,0xAD75,0xAD75,0xB595,0xC638,
    0xB595,0x9CD2,0x9CD2,0x94B1,0xA513,0xA513,0x9CD2,0xA513,0xA534,0xAD54,0xAD54,0xAD54,
    0xAD54,0xA513,0xA533,0xA513,0xA513,0xA513,0xAD74,0xAD74,0xB595,0xB575,0xB575,0xAD75,
    0xAD75,0xAD54,0xA533,0xAD74,0xAD54,0xA513,0xA4F3,0xA513,0xA4F3,0xA533,0xAD75,0xAD34,
    0xA513,0xAD54,0xB575,0xB5B5,0xD699,0xE73C,0xCE59,0xB5B6,0xAD75,0xAD54,0xB595,0xB595,
    0xBDD6,0xB595,0xB595,0xB595,0xBDD6,0xBDD6,0xBDD6,0xBDD6,0xBDB6,0xBDF6,0xB595,0xBDD6,
    0xC617,0xBDD6,0xBDD6,0xC617,0xBDD6,0xB5B6,0xBDD6,0xBDD6,0xBDD6,0xBDD6,0xB5B6,0xAD54,
    0xAD74,0xA533,0xA513,0xA534,0xA513,0xA513,0x9CD2,0x9CD2,0x9CD2,0x9CD2,0x9491,0x9491,
    0x9CF2,0xA513,0xA513,0xA533,0xA513,0xAD54,0xA533,0xA533,0x9CF2,0xA4F3,0xAD75,0xAD54,
    0xA534,0x9CD2,0x9CD2,0x94B1,0x94B1,0xA513,0x94B1,0x9CD2,0x9491,0x8C50,0x94B1,0x9491,
    0x8C50,0x842F,0x840F,0x83EF,0x6B2C,0x6B6D,0x5ACA,0x73AD,0x9491,0x83EF,0x5AEA,0x5ACA,
    0x5ACA,0x5269,0x4A69,0x5289,0x4A69,0x4A69,0x4A69,0x4A69,0x4A69,0x4A69,0x4A69,0x5289,
    0x5289,0x4A48,0x4228,0x4207,0x4207,0x4207,0x4207,0x4207,0x4207,0x39E7,0x39E7,0x39E7,
    0x4228,0x4228,0x4A48,0x39E7,0x39E7,0x4208,0x4A49,0x52AA,0x5AEB,0x52AA,0x52AA,0x52AA,
    0x52AA,0x4A69,0x4A69,0x52AA,0x5AAA,0x630B,0x6B4C,0x6B2C,0x6B2C,0x736D,0x6B6C,0x6B4C,
    0x630B,0x5ACA,0x5289,0x4A69,0x5ACA,0x6B4C,0x632C,0x5ACA,0x630B,0x736D,0x7BCE,0x7BCE,
    0x8C50,0x8430,0x7BCE,0x8C30,0x7BCE,0x7BCE,0x7BAE,0x840F,0x9491,0x94B2,0x94B2,0x8C71,
    0x8C71,0x8C70,0x8430,0x840F,0x840F,0x7BEF,0x7BCE,0x8430,0x8430,0x840F,0x738D,0x738D,
    0x7BEF,0x6B6D,0x6B4C,0x6B4C,0x632C,0x632C,0x630B,0x52AA,0x630B,0x5ACA,0x5289,0x5AEB,
    0x5ACA,0x6B4C,0x6B4C,0x62EB,0x62EB,0x62EB,0x630B,0x630B,0x630B,0x5AAA,0x5289,0x5289,
    0x52AA,0x52AA,0x5289,0x5AAA,0x7BCE,0x7BCF,0x7BCE,0x7BCE,0x632C,0x4A69,0x630B,0x6B6D,
    0x7BAE,0x6B2C,0x630B,0x6B4D,0x6B6D,0x6B4C,0x738D,0x4A69,0x4228,0x3A07,0x39E7,0x39E7,
    0x3A07,0x39E7,0x3A07,0x4228,0x3A07,0x3A07,0x4228,0x4A49,0x4A48,0x4A49,0x4248,0x4228,
    0x4A48,0x4207,0x4207,0x39E7,0x4A48,0x4A69,0x4228,0x4A69,0x5269,0x4207,0x39C7,0x39C7,
    0x52AA,0x73AE,0x83EF,0x83EF,0x840F,0x8C30,0x8C70,0x9471,0x8C50,0x8C50,0xA513,0xC617,
    0xB575,0xAD54,0xB575,0x9CF2,0x8C50,0x736D,0x6B2C,0x630B,0x5ACA,0x52A9,0x5289,0x5ACA,
    0x5ACA,0x5ACA,0x52A9,0x5289,0x5AAA,0x5ACA,0x5269,0x4A69,0x4A69,0x4A49,0x4A69,0x5289,
    0x840F,0x9491,0x9470,0x94B1,0x840F,0x7BCE,0x8C30,0x8C50,0xA513,0xA513,0xA4F2,0xA533,
    0xA4F2,0x9CD2,0x9CD2,0x9470,0x8C50,0x6B4C,0x8C30,0x8C30,0x840F,0x6B2C,0x8430,0x840F,
    0x6B4C,0x6B4C,0x5289,0x52A9,0x5ACA,0x5AAA,0x630B,0x62EB,0x6B2C,0x83EF,0x73AD,0x738D,
    0x73AD,0x62EB,0x6B2C,0x8C50,0x7BEF,0x738D,0x840F,0x8C70,0x8C70,0x9CD2,0x94B1,0x9471,
    0x9491,0x9CF2,0x9CB2,0x9CD2,0xA513,0xA513,0x9CB2,0x9470,0x8C50,0x94B1,0x9CD2,0x9491,
    0xA4F3,0x9CB2,0xA4F2,0x9CD2,0xA534,0xAD54,0xA4F3,0xA513,0xB595,0xB5B5,0xB5B5,0xBDF7,
    0xC617,0xB5B5,0xBDD6,0xC617,0xB595,0xB595,0xBDD6,0xBDD6,0xB595,0xAD54,0xB575,0xB595,
    0xB5B5,0xB5B6,0xB5B6,0xBDF7,0xBDF7,0xCE79,0xCE58,0xBDF7,0xBDD6,0xB595,0xB595,0xB595,
    0xAD74,0xAD74,0xB595,0xAD54,0xA513,0xAD54,0xAD75,0xAD34,0xA4F3,0x9CF2,0xA513,0xA513,
    0xAD74,0xAD34,0xAD54,0xAD54,0xA513,0xAD54,0xA534,0x9CD2,0xA513,0xA4F2,0x9CD2,0x9CD2,
    0xA533,0xB595,0xAD75,0xA513,0xAD54,0xAD74,0x9471,0x840F,0x9CB2,0x9CD2,0xAD54,0xBDD6,
    0xB595,0xB5B5,0xC5F7,0xC617,0xBDD6,0xBDD6,0xBDB6,0xB575,0xB5B5,0xBDF7,0xC637,0xBDF7,
    0xBDD6,0xC638,0xC638,0xC638,0xC638,0xCE58,0xC638,0xC617,0xCE38,0xCE38,0xCE58,0xCE58,
    0xCE58,0xC637,0xCE58,0xCE58,0xD699,0xD699,0xC638,0xC638,0xC5F7,0xBDB6,0xBDD6,0xBDB6,
    0xC617,0xC5F7,0xAD33,0xA533,0xAD54,0xC617,0xBDF7,0xBDD6,0xCE79,0xCE99,0xCE79,0xD699,
    0xC638,0xC617,0xBDD6,0xB5B6,0xBDD6,0xA534,0xAD75,0xB595,0xB5B6,0xC617,0xCE58,0xBDD7,
    0xB5B6,0xC638,0xC617,0xAD54,0xA533,0xAD54,0xAD75,0xB5B5,0xAD74,0xA513,0xA533,0x9CB2,
    0xA533,0xA513,0xA513,0xA534,0xA534,0xAD54,0xAD34,0xAD54,0xA513,0xA513,0xA533,0xA513,
    0xAD54,0xA513,0xA534,0xA533,0xAD75,0xB595,0xBDD6,0xBDD6,0xB5B6,0xA533,0xA513,0xAD54,
    0xAD54,0xA513,0xA513,0xA533,0xA513,0xA513,0xAD74,0xB595,0xB595,0xA513,0xAD34,0xBDD6,
    0xD6DA,0xEF9D,0xCE99,0xB575,0xB595,0xBDD6,0xBDD6,0xBDD6,0xBDD6,0xB5B5,0xB575,0xB5B6,
    0xBDD6,0xB595,0xB595,0xBDD6,0xB595,0xB595,0xB5B6,0xBDF7,0xC617,0xBDF7,0xBDD6,0xBDF7,
    0xB595,0xB595,0xB5B6,0xBDD6,0xB595,0xB595,0xB595,0xB575,0xAD34,0xA534,0xAD54,0xAD54,
    0xAD34,0xAD54,0xA4F3,0x9CD2,0x94B1,0x9CD2,0x94B1,0x94B1,0xA4F3,0xA534,0xAD54,0xB595,
    0xAD54,0xA534,0xAD34,0xA4F3,0xA513,0x9CF2,0xA513,0xAD34,0x9CB2,0x94B1,0x9CD2,0x94B1,
    0x9CD2,0xB595,0xA533,0xA513,0x9CB2,0x9CB2,0xA534,0x9CD2,0x9CB2,0x8C50,0x8C50,0x840F,
    0x736D,0x630B,0x5AAA,0x738D,0x8C50,0x8C30,0x738D,0x5ACA,0x5289,0x5289,0x52AA,0x5AAA,
    0x5289,0x4A48,0x4A69,0x5269,0x5289,0x5289,0x5269,0x5289,0x4A69,0x4A48,0x4228,0x4207,
    0x4207,0x39E7,0x39E7,0x4207,0x39E7,0x4228,0x3A07,0x4207,0x4208,0x4228,0x4228,0x4228,
    0x4207,0x4228,0x4A69,0x4A89,0x4A69,0x5ACA,0x630B,0x5AEB,0x5ACA,0x4A69,0x52AA,0x5AEA,
    0x5ACA,0x62EB,0x6B4C,0x6B2C,0x6B2C,0x6B4C,0x630B,0x6B2C,0x73AD,0x738D,0x5ACA,0x62EB,
    0x632C,0x630B,0x52AA,0x5AEB,0x73AD,0x83EF,0x8C71,0x8C30,0x7BEF,0x8C71,0x8C70,0x8C50,
    0x8430,0x7BEF,0x840F,0x840F,0x9471,0x8C71,0x9CD2,0x94D2,0x8C50,0x8C71,0x8430,0x8430,
    0x840F,0x840F,0x840F,0x8430,0x840F,0x7BCF,0x7BCE,0x7BCE,0x7BCE,0x738D,0x738D,0x6B6D,
    0x6B4C,0x630B,0x5ACA,0x5ACA,0x52AA,0x4A28,0x4227,0x4A48,0x4A49,0x5289,0x6B4C,0x630B,
    0x5ACA,0x5AEB,0x5ACA,0x5AAA,0x52AA,0x52AA,0x5289,0x4A69,0x4A49,0x5289,0x52AA,0x5289,
    0x5ACA,0x632C,0x6B4C,0x738D,0x6B4C,0x5ACA,0x6B6D,0x738D,0x7BAE,0x73AD,0x8430,0x8C30,
    0x6B4C,0x4A69,0x630B,0x4A69,0x39E7,0x39E7,0x39E7,0x31C6,0x39E7,0x4208,0x4228,0x4248,
    0x4228,0x4208,0x4228,0x4A48,0x4A48,0x5289,0x4A69,0x4A69,0x5289,0x39E7,0x39E7,0x39E7,
    0x39E7,0x39E7,0x4228,0x4A69,0x4A69,0x4227,0x4207,0x39E7,0x39E7,0x6B4C,0x7BCE,0x8C50,
    0x8C70,0x8C50,0x9470,0x840F,0x840F,0x9470,0xA4F2,0xBDD6,0xB575,0xB595,0xBDD6,0xA4F2,
    0x9CB2,0x7BCE,0x6B4C,0x6B4C,0x630B,0x5ACA,0x5AAA,0x5AEB,0x62EB,0x5ACA,0x52A9,0x5289,
    0x52AA,0x52AA,0x4A69,0x5289,0x5289,0x4A48,0x4A69,0x52AA,0x840F,0x9CB2,0x8C50,0x9471,
    0x83EE,0x8C50,0x8C50,0x94B1,0xA513,0xA513,0xA4F3,0x9CD2,0x9CB2,0x9CB2,0xA513,0x9491,
    0x9491,0x7BAE,0x632B,0x736D,0x7BCE,0x8C30,0x840F,0x8C30,0x73AD,0x632C,0x52AA,0x630B,
    0x62EB,0x5AAA,0x5AAA,0x5AEB,0x62EB,0x630B,0x6B2C,0x630B,0x630B,0x632B,0x7BCE,0x738D,
    0x7BCE,0x7BCE,0x7BCE,0x842F,0x9491,0x94B2,0x94B1,0x9491,0x9491,0xA4F2,0xA513,0xA4F3,
    0xA4F3,0xA4F3,0x94B1,0x9470,0x8C30,0x8C70,0x9CB1,0x9471,0x9CB2,0xAD54,0xA513,0x9CD2,
    0xA513,0xA513,0xAD54,0xA513,0xAD74,0xB5B5,0xBDD6,0xBDD6,0xCE99,0xC617,0xBDD6,0xC617,
    0xBDF7,0xB5B5,0xBDD6,0xBDF7,0xB595,0xAD74,0xAD74,0xAD54,0xBDD6,0xBDD6,0xAD75,0xBDF7,
    0xCE99,0xDEFB,0xC617,0xB595,0xAD54,0xAD54,0xAD75,0xB595,0xB595,0xAD54,0xB595,0xAD74,
    0xAD54,0xAD54,0xAD74,0xB595,0xAD54,0xA533,0xA4F2,0xA4F3,0xA513,0xAD34,0xAD54,0xAD54,
    0xA513,0x9CF2,0x9491,0x9491,0x9CB1,0x9CD2,0x94B1,0x9CF2,0xAD34,0xAD54,0xAD34,0x9CD2,
    0xAD54,0xAD74,0x9CD2,0x9CF2,0x9CD2,0x9CF2,0xAD54,0xB595,0xB575,0xBDD6,0xB5B5,0xBDD6,
    0xBDD6,0xBDB6,0xC617,0xBDF7,0xBDD6,0xC5F7,0xC617,0xBDD6,0xC638,0xCE58,0xCE58,0xC638,
    0xC638,0xC637,0xC637,0xBDD6,0xC637,0xCE58,0xCE58,0xD699,0xC638,0xC617,0xCE58,0xC638,
    0xD699,0xCE78,0xC617,0xBDF6,0xB595,0xB595,0xB5B5,0xB575,0xBDD6,0xC617,0xBDF7,0xAD74,
    0xBDF7,0xCE58,0xAD75,0xBDD6,0xC617,0xCE58,0xD6BA,0xCE99,0xD699,0xC638,0xB595,0xBDD6,
    0xBDD6,0xAD95,0xA534,0xAD75,0xB5B6,0xBDF7,0xC638,0xAD75,0xAD54,0xC637,0xC617,0xB595,
    0xA534,0xAD54,0xAD54,0xAD75,0xAD74,0xAD54,0xAD54,0xA513,0x9CF2,0xA533,0xA534,0xAD34,
    0xAD75,0xAD54,0xA534,0xAD54,0xA513,0xA533,0xAD54,0x9CD2,0xA534,0x9CF2,0xA513,0xA4F3,
    0xAD54,0xB595,0xBDF7,0xCE78,0xBDD6,0xAD54,0xAD34,0xB575,0xAD34,0xAD54,0xAD54,0xB595,
    0xA533,0xAD34,0xAD74,0xB595,0xB595,0xAD54,0xAD74,0xB595,0xC617,0xCE58,0xBDD6,0xB595,
    0xB575,0xB5B6,0xB5B5,0xB5B6,0xBDF7,0xC617,0xBDD6,0xB595,0xAD75,0xAD54,0xB595,0xB595,
    0xB595,0xB595,0xAD95,0xBDD6,0xB5B5,0xB5B5,0xBDD6,0xB595,0xB595,0xAD75,0xB5B5,0xB595,
    0xB5B6,0xAD54,0xAD54,0xAD54,0xAD54,0xAD54,0xAD34,0xA533,0xA4F3,0xA4F2,0xA513,0x94B1,
    0x9CD2,0x9CB2,0x9CD2,0xA4F3,0xA513,0xAD74,0xCE78,0xC617,0xAD74,0xAD74,0xAD74,0xAD34,
    0xA513,0xA513,0x9CF3,0x9CD2,0x94B1,0x9491,0x9CB2,0x9491,0x94B2,0xA513,0xA534,0xAD54,
    0x94B1,0x9CB2,0x9CD2,0x8C70,0x9491,0x9CB2,0x94B1,0x8C70,0x840F,0x738D,0x738D,0x738D,
    0x7BCE,0x7BCE,0x630B,0x5ACA,0x5ACA,0x52AA,0x52AA,0x52AA,0x52AA,0x5289,0x4A69,0x4A69,
    0x4A48,0x4A49,0x4A69,0x4A69,0x4A48,0x4A48,0x4A48,0x4A48,0x4228,0x4207,0x4208,0x4228,
    0x4207,0x39E7,0x3A07,0x4228,0x4A49,0x4A69,0x4A49,0x4A69,0x4A49,0x4A48,0x4A48,0x4A48,
    0x4A69,0x52AA,0x630B,0x5AEB,0x5ACA,0x5289,0x52AA,0x62EB,0x5ACA,0x62EB,0x632C,0x6B6D,
    0x630B,0x6B4C,0x6B4C,0x6B6C,0x73AE,0x7BCE,0x6B4C,0x5AEA,0x5ACA,0x52AA,0x5289,0x5AEB,
    0x6B2C,0x73AD,0x840F,0x840F,0x83EF,0x8C71,0x9CD2,0x9CF2,0x9471,0x8430,0x8C50,0x840F,
    0x83EF,0x8C50,0x94B1,0x9491,0x9491,0x9491,0x8C70,0x8C70,0x840F,0x7BEF,0x7BEF,0x7BEF,
    0x7BCE,0x840F,0x7BEF,0x7BCF,0x73AE,0x6B6D,0x6B4C,0x6B6D,0x6B4C,0x5AEB,0x5AAA,0x5AAA,
    0x5ACA,0x4A69,0x39A6,0x31A6,0x41E7,0x5289,0x62EB,0x5ACA,0x4A69,0x52AA,0x52A9,0x5289,
    0x5289,0x52A9,0x52AA,0x4A69,0x4A48,0x4207,0x4A69,0x5AAA,0x630B,0x6B4C,0x632C,0x5ACA,
    0x5ACA,0x630B,0x6B4C,0x738D,0x7BCE,0x8C30,0x7BCE,0x5ACA,0x52AA,0x4228,0x4A69,0x4228,
    0x39E7,0x39E7,0x3A07,0x3A07,0x3A07,0x4208,0x3A07,0x4208,0x4228,0x4248,0x4A49,0x4228,
    0x4228,0x52AA,0x4A69,0x528A,0x4A89,0x4208,0x3A07,0x39E7,0x39E7,0x39E7,0x39E7,0x4207,
    0x39E7,0x4228,0x4207,0x39C6,0x39E7,0x4228,0x52AA,0x738D,0x73AD,0x7BCE,0x840F,0x8C30,
    0x842F,0x94B1,0x94B1,0xA513,0xAD54,0xA513,0xB595,0xAD54,0x9CD2,0x8C50,0x7BCE,0x7BCE,
    0x6B6C,0x5AAA,0x5ACA,0x5ACA,0x5AAA,0x5ACA,0x5AAA,0x5289,0x52A9,0x5289,0x5AAA,0x5ACB,
    0x52AA,0x5289,0x5ACA,0x738D,0x8C50,0xB575,0x9CF2,0x8C50,0x94B1,0x840F,0x630B,0x840F,
    0xA513,0x9CD2,0x94B1,0xA4F3,0xA533,0x9491,0x94B1,0x9CD2,0x9CB2,0x9CD2,0x840F,0x73AD,
    0x7BAE,0x9CD2,0x8C50,0x7BCE,0x738D,0x5AEB,0x4A69,0x52AA,0x62EB,0x5ACA,0x5289,0x5289,
    0x5ACA,0x5AAA,0x630B,0x5AAA,0x5269,0x5AEB,0x73AD,0x62EB,0x6B4C,0x7BCE,0x7BAD,0x8C30,
    0x8C70,0x8C2F,0x9470,0x9491,0x9470,0xA513,0xC617,0xAD75,0x9CD2,0x9CF2,0x9CB2,0x9CB2,
    0x9471,0x9491,0x9CB2,0xA4F3,0xA4F3,0xA533,0x94B1,0xA533,0x9CF2,0xA513,0xAD75,0xA534,
    0xB575,0xB5B5,0xBDD6,0xC617,0xC638,0xCE79,0xB595,0xAD74,0xBDF7,0xBDD6,0xBDD6,0xBDD6,
    0xB5B6,0xBDB6,0xB575,0xB575,0xBDB6,0xAD54,0xAD34,0xB595,0xC617,0xC638,0xB595,0xAD54,
    0xAD54,0xAD75,0xAD75,0xAD74,0xBE17,0xB595,0xAD75,0xAD34,0xA513,0xA513,0xA513,0xAD54,
    0xAD54,0xA513,0xA513,0xAD54,0xAD34,0xA4F2,0x9CD2,0x9CD2,0x9CB2,0x9CB1,0x9CD2,0x9CB2,
    0xA513,0xAD34,0x9CD2,0xA533,0xA513,0xAD54,0xAD54,0xA513,0xA4F2,0xA4F3,0xA513,0x9CF2,
    0xA513,0xAD34,0xAD34,0xAD54,0xAD54,0xB575,0xB5B6,0xC617,0xBDF7,0xBDF7,0xC617,0xC638,
    0xC617,0xBDF7,0xC617,0xC617,0xC617,0xC637,0xD679,0xDEDA,0xCE58,0xC617,0xC5F7,0xBDF6,
    0xC638,0xC617,0xC617,0xCE78,0xD699,0xCE58,0xCE58,0xCE58,0xCE78,0xCE58,0xC617,0xC617,
    0xAD54,0xB595,0xB595,0xB595,0xB595,0xBDD6,0xBDD6,0xB5B5,0xC617,0xBDD6,0xBDF7,0xCE78,
    0xC617,0xCE78,0xCE79,0xD699,0xDEFB,0xD6BA,0xBDD6,0xC617,0xBDF7,0xBDD6,0xAD54,0xAD54,
    0xB595,0xCE58,0xC638,0xAD54,0xAD54,0xB5B6,0xBDF7,0xB5D6,0xAD75,0xAD34,0xAD54,0xAD34,
    0xA534,0xAD54,0xA513,0xA534,0xAD54,0xAD54,0xAD54,0xB595,0xC658,0xBDD6,0xAD34,0xAD54,
    0xAD34,0xAD34,0xB595,0xA533,0xAD54,0xA4F2,0xA4F3,0xAD54,0xAD34,0xAD74,0xB5B6,0xBDF7,
    0xBDD6,0xAD75,0xAD75,0xAD74,0xAD54,0xAD34,0xAD54,0xC637,0xC5F7,0xA533,0x9CD2,0xAD34,
    0xAD54,0xA513,0xAD74,0xAD54,0xAD54,0xB595,0xAD54,0xBDB6,0xBDD6,0xAD34,0xA513,0xAD74,
    0xC617,0xC617,0xBDD6,0xB595,0xAD75,0xAD54,0xAD54,0xAD74,0xA513,0xAD54,0xB575,0xB595,
    0xBDD6,0xB5B6,0xBDD6,0xAD75,0xAD74,0xAD54,0xAD54,0xAD75,0xAD54,0xAD74,0xAD34,0xA513,
    0xA533,0xA513,0xA513,0xA533,0xAD54,0xAD34,0x9CD2,0x9CD2,0x9CD2,0x9CF2,0xA4F3,0x9CF2,
    0xA533,0xAD34,0xC617,0xC617,0xAD34,0xA533,0xA4F2,0xA4F3,0x9CB2,0xA4F3,0xA513,0x9CD2,
    0x9CF2,0x94B1,0x94B1,0x9471,0x9CB2,0x9CD2,0xA4F3,0xAD54,0x9491,0x94B2,0x9471,0x9491,
    0x9491,0x9CF3,0xA513,0xA534,0x9491,0x9491,0x840F,0x6B4C,0x6B6D,0x73AD,0x630B,0x630B,
    0x6B4C,0x6B4C,0x630B,0x73AE,0x630B,0x5289,0x4A69,0x4A48,0x4A48,0x4A69,0x52A9,0x4A69,
    0x5269,0x5289,0x4A48,0x4A28,0x4228,0x4228,0x4228,0x4207,0x4207,0x4228,0x4228,0x4228,
    0x4A69,0x4A89,0x4A69,0x4A69,0x4A69,0x4A48,0x4A48,0x4A49,0x4A69,0x5ACA,0x4A69,0x5289,
    0x4A69,0x5289,0x5AEB,0x5AEB,0x5ACA,0x5ACA,0x630B,0x738D,0x7BCE,0x73AE,0x736D,0x738D,
    0x7BAE,0x7BCE,0x736D,0x6B4C,0x5289,0x52AA,0x52AA,0x62EB,0x5AEB,0x73AE,0x7BEF,0x8C50,
    0x840F,0x8430,0x9CB2,0xA534,0x9CB2,0x8C30,0x8C70,0x842F,0x840F,0x9491,0x9CB2,0xA513,
    0xA534,0x8C50,0x8430,0x8C50,0x840F,0x840F,0x840F,0x7BCE,0x7BEF,0x842F,0x7BEF,0x73AE,
    0x6B6D,0x6B2C,0x632C,0x6B4C,0x6B2C,0x632C,0x5ACA,0x5AAA,0x5ACA,0x4A69,0x31A6,0x39C6,
    0x4A28,0x62EB,0x630B,0x630B,0x5AAA,0x5AAA,0x5289,0x4A69,0x4A48,0x4A69,0x5289,0x4A28,
    0x4A48,0x4207,0x39C6,0x5269,0x630B,0x5AEB,0x4A69,0x5289,0x5ACA,0x630B,0x632C,0x630B,
    0x73AE,0x8430,0x840F,0x52AA,0x4A49,0x52AA,0x4A49,0x39E7,0x39E7,0x39E7,0x52AA,0x4A69,
    0x39E7,0x39E7,0x39E7,0x4228,0x4A49,0x5289,0x52AA,0x4A69,0x4A69,0x5289,0x4A69,0x4228,
    0x39E7,0x4207,0x4207,0x4207,0x39E7,0x39E7,0x39E7,0x39E7,0x39E7,0x39E7,0x39E7,0x39E7,
    0x39E7,0x4207,0x4A69,0x4207,0x4208,0x4A69,0x738D,0x8C70,0x8C30,0x8C30,0x8C30,0x8C70,
    0xA513,0xA4F2,0xA533,0xAD74,0x94B1,0x8C50,0x8C50,0x8C30,0x840F,0x5ACA,0x5ACA,0x5AAA,
    0x5289,0x5AAA,0x52AA,0x5289,0x5ACA,0x5ACA,0x5ACA,0x5289,0x4A69,0x5AEB,0x738D,0x840F,
    0x9491,0xBDF7,0xAD74,0xAD54,0x9CB2,0x840F,0x736C,0x842F,0x9CD2,0x94B1,0x9491,0x9CB2,
    0x840F,0x8C30,0x8C70,0x842F,0xA513,0xAD54,0xA513,0x9CD2,0xA4F3,0x9CD2,0x9491,0x736D,
    0x5AEB,0x630B,0x6B4C,0x6B4C,0x630B,0x630B,0x5ACA,0x52AA,0x5AAA,0x5ACA,0x6B6C,0x632B,
    0x5AAA,0x5AEA,0x6B4C,0x6B4C,0x736D,0x73AE,0x840F,0x9471,0x9491,0x9470,0x9491,0x94B1,
    0x8C50,0x9CF2,0xB5B5,0xA513,0xA4F3,0x9CD2,0x94B1,0x9CF2,0x9CB2,0x9CB2,0x9CB2,0xAD54,
    0xA533,0x94B1,0x9CF2,0xA533,0x94B1,0xA513,0xAD54,0x9CD2,0xBDD6,0xCE58,0xBDF7,0xBDF7,
    0xBDF7,0xCE58,0xC617,0xAD54,0xC617,0xBDF7,0xBDF6,0xC617,0xB5B5,0xB595,0xB595,0xB595,
    0xB595,0xA513,0xA534,0xB595,0xB5B6,0xB595,0xAD34,0xAD54,0xB595,0xB575,0xB575,0xAD75,
    0xB595,0xAD54,0xA513,0xA513,0xA513,0xA513,0x9CF2,0xA513,0xA534,0xAD34,0xA513,0xA513,
    0xAD34,0xA513,0xA533,0x9CD2,0x9CD2,0xA513,0x9CD2,0x9CB2,0xA513,0xA533,0xA4F3,0xA513,
    0xA513,0xB575,0xB575,0x9CF2,0x9CF2,0xAD54,0xAD75,0xA513,0xAD75,0xAD75,0xA533,0xA533,
    0xA534,0xAD34,0xC617,0xC617,0xC5F7,0xC617,0xC638,0xC617,0xBDD6,0xBDF6,0xC617,0xC5F7,
    0xC5F7,0xCE58,0xD699,0xD6B9,0xC617,0xC617,0xC5F7,0xC617,0xBDF7,0xBDD6,0xC617,0xCE79,
    0xCE78,0xD699,0xCE58,0xC638,0xC638,0xC617,0xBDD6,0xBDD6,0xB575,0xB5B5,0xBDF6,0xBDD6,
    0xBDB6,0xCE58,0xC617,0xBDD6,0xBDD6,0xBDF7,0xCE58,0xCE58,0xC658,0xCE79,0xCE79,0xCE79,
    0xCE78,0xCE99,0xCE58,0xC638,0xC617,0xBDF7,0xBDD6,0xAD54,0xAD54,0xBE17,0xBDD6,0xAD75,
    0xB595,0xAD75,0xB595,0xB5B6,0xB5B6,0xA533,0xA513,0xAD54,0xA513,0xA534,0xAD54,0xAD54,
    0xB575,0xAD54,0xAD54,0xBDD6,0xCE99,0xBDD6,0xAD54,0xAD54,0xA4F3,0xA4F2,0x9CD2,0xA534,
    0xAD54,0xA513,0xA4F3,0xA513,0xA533,0xAD74,0xAD75,0xAD74,0xB595,0xAD54,0xBDD6,0xBDD6,
    0xB575,0xBDB6,0xB595,0xBDD6,0xBDD6,0xAD75,0xA533,0xAD54,0xAD54,0xAD74,0xAD54,0xA533,
    0xB575,0xB5B6,0xB595,0xAD74,0xB595,0xB595,0xAD54,0xAD75,0xB5B5,0xBDD6,0xB595,0xAD34,
    0xAD74,0xAD54,0xA513,0xAD34,0xA513,0x9CD2,0xAD75,0xAD54,0xBDD6,0xB595,0xB595,0xBDD6,
    0xAD54,0xAD34,0xA533,0xAD75,0xAD54,0xAD54,0xA533,0xAD34,0xA513,0xA4F3,0xA513,0xA513,
    0xA513,0xA533,0x9CF2,0x94B1,0x9CF2,0xA533,0xA513,0xA513,0xA534,0xB575,0xAD54,0xAD54,
    0xA513,0xA513,0xA4F2,0x9CD2,0xA4F2,0xA4F3,0x94B1,0x9CF2,0x9CD2,0x94B1,0x9CF2,0xA513,
    0xA513,0x9CD2,0x9CD2,0x9CB2,0x9CB2,0x94B2,0x9CF2,0xA4F3,0x9CB2,0xA4F3,0xAD75,0xAD75,
    0x9CF3,0x7BEF,0x6B6D,0x6B6D,0x7BCE,0x8430,0x83EF,0x738D,0x6B6D,0x6B2C,0x630B,0x632C,
    0x5ACA,0x52A9,0x4A69,0x4A49,0x4A48,0x4A48,0x4A69,0x4A48,0x4A49,0x5289,0x4A48,0x4207,
    0x4A48,0x4A28,0x4207,0x39E7,0x4207,0x52AA,0x4207,0x39E7,0x4208,0x4A49,0x4A48,0x4248,
    0x4A48,0x4228,0x4A48,0x4A69,0x5289,0x4A69,0x4A48,0x4A69,0x4228,0x4228,0x52AA,0x630B,
    0x5ACA,0x5ACA,0x5AEB,0x632C,0x7BCF,0x840F,0x7BCE,0x73AD,0x7BAE,0x7BCF,0x73AD,0x6B4C,
    0x5AAA,0x5289,0x5289,0x52AA,0x5ACA,0x632C,0x73AE,0x9491,0x8C71,0x8430,0x8C71,0x8C71,
    0x8C30,0x840F,0x8430,0x8C30,0x8C71,0xA533,0xA533,0xB595,0xBDF7,0x9CF3,0x840F,0x7BEF,
    0x840F,0x8430,0x840F,0x7BEF,0x7BCE,0x7BEF,0x8410,0x7BCF,0x73AD,0x6B6D,0x6B6D,0x6B4C,
    0x632C,0x630B,0x5AEB,0x5ACA,0x5289,0x41E7,0x39E7,0x4207,0x4A48,0x5AAA,0x630B,0x6B2C,
    0x630B,0x62EB,0x5ACA,0x5289,0x4227,0x4A48,0x5289,0x4A28,0x39E7,0x39C6,0x31A6,0x4208,
    0x5289,0x5ACA,0x5289,0x5ACA,0x73AD,0x738D,0x736D,0x73AD,0x7BEF,0x9491,0x83EF,0x73AE,
    0x52AA,0x4A48,0x39E7,0x3A07,0x4228,0x4207,0x4A48,0x4228,0x3A07,0x39E7,0x39E7,0x4249,
    0x5289,0x632C,0x630B,0x4A49,0x52AA,0x4A69,0x3A07,0x39E7,0x39E7,0x39E7,0x4208,0x39E7,
    0x39E7,0x3A07,0x39E7,0x39E7,0x39E7,0x4228,0x3A07,0x39E7,0x4228,0x52AA,0x4A69,0x4207,
    0x39E7,0x4A48,0x4A69,0x5AEB,0x6B4C,0x83EF,0x83EF,0x8C2F,0x9CD2,0xA513,0xA4F3,0x9CD2,
    0x9CD2,0x94B1,0x94B1,0x9491,0x840F,0x738D,0x62EB,0x5AAA,0x5289,0x52AA,0x5AAA,0x5ACA,
    0x5AEB,0x52A9,0x5ACA,0x6B2C,0x738D,0x8C70,0x840F,0x842F,0x9470,0xA513,0x94B1,0x8C50,
    0x9471,0x9491,0x9CD2,0x9CB2,0x9CB1,0x9CD2,0x9CB2,0x9CB2,0x840F,0x9CD2,0x94B1,0x8C70,
    0x9CD2,0xA513,0xA4F3,0xA513,0x9CD2,0x8C50,0x8C30,0x7BCE,0x738D,0x7BCE,0x8C70,0x8C30,
    0x7BCE,0x83EF,0x6B4C,0x62EB,0x5ACA,0x630B,0x6B4C,0x6B2C,0x6B2C,0x6B4C,0x630B,0x736D,
    0x73AD,0x7BCE,0x842F,0x8C30,0x8C50,0x8C70,0x8C50,0x9491,0x9491,0x94B1,0x9CB2,0x9CB2,
    0x9CD2,0x9CD2,0x94B1,0x94B1,0x9CF2,0xA4F2,0xA513,0xA4F3,0x9CD2,0xA513,0xA513,0x94B2,
    0x9CD2,0x9491,0x9491,0xA4F3,0xB595,0xCE58,0xCE79,0xCE78,0xC637,0xC658,0xCE58,0xAD74,
    0xBDB6,0xBDD6,0xBDD6,0xC638,0xBDD6,0xB595,0xAD75,0xAD75,0xB595,0xB595,0xB575,0xB595,
    0xBDD6,0xBE17,0xAD74,0xAD54,0xBDD6,0xBDD6,0xB595,0xB5B5,0xAD54,0xAD34,0xA513,0xA533,
    0xA533,0xA533,0xA513,0xA513,0xAD54,0xAD54,0xA513,0xA4F2,0xA4F2,0x9CD2,0xAD54,0x9CD2,
    0x9CB2,0x9CD2,0x9CD2,0xA4F2,0xA4F3,0xA4F3,0x9CB2,0xAD74,0xB595,0x9CB2,0xA4F2,0x94B1,
    0x9CD2,0xA513,0xA533,0xAD34,0xAD54,0xBDD6,0xB595,0xA513,0xAD34,0xB5B5,0xC617,0xBDB6,
    0xBDD6,0xC638,0xDEDA,0xC638,0xBDD6,0xB5B5,0xBDD6,0xC617,0xBDF6,0xC637,0xC617,0xBDD6,
    0xBDD6,0xC617,0xC637,0xC617,0xBDD6,0xBDD6,0xC637,0xC617,0xC638,0xC638,0xC617,0xCE58,
    0xC638,0xC617,0xBDF7,0xBDD6,0xBDD6,0xC617,0xBDD6,0xB5B5,0xBDD6,0xC5F7,0xC617,0xC617,
    0xC617,0xBDF7,0xCE58,0xC638,0xCE99,0xCE58,0xCE58,0xCE79,0xC638,0xCE79,0xD6BA,0xC617,
    0xC638,0xC638,0xB595,0xAD54,0xAD54,0xC638,0xBDD6,0xAD75,0xB595,0xAD74,0xAD75,0xB595,
    0xB5B6,0xB595,0xA4F3,0xA513,0xA513,0xA4F3,0xB595,0xB595,0xB595,0xA534,0xA534,0xB595,
    0xBDD6,0xAD74,0xAD54,0xAD74,0xA4F2,0x9CD2,0x9CF2,0xA533,0xAD54,0xAD74,0xA533,0xA513,
    0xAD34,0xAD54,0xAD54,0xAD54,0xAD54,0xAD54,0xB5B6,0xB595,0xAD74,0xB595,0xBDD6,0xC617,
    0xB595,0xAD54,0xAD34,0xA513,0xA534,0xAD54,0xA533,0xA513,0xAD74,0xAD75,0xAD75,0xB575,
    0xBDB6,0xBDD6,0xB595,0xB595,0xB595,0xBDD6,0xAD74,0xA513,0xA513,0xAD75,0xAD54,0xA533,
    0xA513,0xAD54,0xAD54,0xAD34,0xB595,0xB575,0xB575,0xB5B6,0xB595,0xAD75,0xA533,0xA534,
    0xAD54,0xAD34,0xA513,0xA4F3,0xA534,0xA534,0xAD54,0xA533,0xA4F2,0xA4F3,0x9CF2,0x9491,
    0x9CB2,0xA513,0xA513,0xA533,0xAD54,0xBDD7,0xB595,0xA4F3,0xA513,0xAD34,0xA534,0x94B2,
    0x9CF2,0x9CF2,0x94B1,0xA513,0x94B1,0x94B1,0x9CD2,0x9CF2,0xA534,0xA513,0x9CF2,0xA513,
    0xA533,0x9CB2,0x9CD2,0x94B2,0x94B2,0xAD54,0xAD75,0xA534,0xA513,0x9491,0x840F,0x840F,
    0x8C50,0x8430,0x83EF,0x7BAE,0x6B4C,0x6B4C,0x7BCE,0x7BAE,0x5ACA,0x4A69,0x4A69,0x5269,
    0x4A48,0x4A48,0x5289,0x4A69,0x4A48,0x4A48,0x4A48,0x4A48,0x4A48,0x4A48,0x4228,0x4207,
    0x4A49,0x4A48,0x39C7,0x4207,0x4207,0x4228,0x4A48,0x4207,0x4207,0x4A48,0x4A69,0x4A69,
    0x4A48,0x4A48,0x4A69,0x4A48,0x4228,0x4A49,0x4A69,0x5289,0x6B4C,0x6B2C,0x630B,0x6B4C,
    0x842F,0x8430,0x7BEF,0x83EF,0x7BCE,0x7BCF,0x7BCE,0x6B4C,0x5ACB,0x52AA,0x52AA,0x630B,
    0x7BEF,0x7BCF,0x738D,0x840F,0x8C50,0x8C50,0x8C71,0x840F,0x840F,0x8C70,0x8C50,0x9471,
    0xA513,0xB5B5,0xB595,0xB575,0xBDD6,0xB5B6,0x9491,0x83EF,0x83EF,0x7BCE,0x7BCE,0x7C0F,
    0x7BEF,0x7BAE,0x7BCE,0x7BCE,0x7BAE,0x73AE,0x738D,0x6B4C,0x5ACA,0x5AAA,0x5ACA,0x52AA,
    0x4A69,0x4228,0x52AA,0x5ACA,0x5ACA,0x630B,0x6B2C,0x738D,0x7BCE,0x7BCE,0x738D,0x6B6C,
    0x5AAA,0x4A69,0x5AAA,0x4A69,0x41E7,0x31A6,0x39E7,0x4207,0x5289,0x5AAA,0x630B,0x52AA,
    0x738D,0x83EF,0x7BAD,0x842F,0x840F,0x6B4C,0x7BCE,0x7BAE,0x630B,0x4A69,0x4228,0x3A07,
    0x4228,0x3A07,0x39E7,0x39E7,0x39E7,0x39E7,0x39E7,0x4249,0x4A69,0x5ACA,0x5ACA,0x52AA,
    0x4A69,0x4207,0x39E7,0x39E7,0x4207,0x4228,0x4228,0x4228,0x4208,0x4208,0x4207,0x39E7,
    0x4207,0x4228,0x4A69,0x4A48,0x4A69,0x5ACA,0x4228,0x4A49,0x5289,0x5289,0x52AA,0x5ACA,
    0x738D,0x736D,0x7BEE,0x9491,0xA513,0xA534,0xA513,0x9CF2,0xA4F2,0x9CD2,0x9CD2,0x94B1,
    0x94B1,0x9CD2,0x842F,0x630B,0x62EB,0x5AEB,0x630B,0x7BCE,0x7BCE,0x738D,0x7BCE,0x9471,
    0x8C70,0x83EF,0x8C50,0x9471,0x840F,0x9470,0x8C30,0x94B1,0x9CB2,0x9CB2,0xA4F3,0xA4F2,
    0x7BCE,0x8C50,0x9CB2,0x9CB2,0xA4F3,0x9CD2,0x9CB2,0x9CD2,0x9CB2,0x9CF2,0xA513,0xA513,
    0x94B1,0x9491,0x8C30,0x83EF,0x8C30,0x9471,0x9CB2,0x9491,0x73AD,0x73AD,0x7BCE,0x7BAE,
    0x6B6C,0x6B4C,0x6B6C,0x736D,0x73AD,0x7BCE,0x73AD,0x7BCE,0x7BCE,0x7BAE,0x842F,0x8C30,
    0x842F,0x8C50,0x8C30,0x9470,0x9470,0x9470,0x9470,0xA513,0xA513,0x9491,0x9CB1,0x94B1,
    0x9CB2,0x9CD2,0xA4F2,0xA513,0xA533,0xA533,0x94B2,0x94B1,0x9491,0x842F,0x9CD2,0xAD54,
    0xAD74,0xCE58,0xC638,0xCE58,0xC638,0xCE58,0xD6BA,0xBDF7,0xAD75,0xBDD6,0xC637,0xC638,
    0xBDF6,0xB5B6,0xB595,0xBDD6,0xC638,0xBDD6,0xB595,0xBDD6,0xBDD6,0xBDD6,0xB5B5,0xB5B6,
    0xBDD6,0xAD54,0xB595,0xB575,0xAD54,0xAD34,0xA533,0xAD33,0xA4F3,0xA513,0xA533,0xA513,
    0xA533,0xA513,0x9CF2,0xA4F2,0xA4F3,0xA513,0xAD54,0xA513,0xA4F2,0xA4F2,0xAD34,0xAD34,
    0xAD33,0x9CF2,0xA533,0xA533,0x9CD2,0xA4F3,0x9CD2,0x9CB2,0x9CD2,0xA4F2,0xAD34,0xAD54,
    0xA4F2,0x9CD2,0xB595,0xB595,0xAD54,0xB5B5,0xBDD6,0xAD54,0xAD74,0xBDF7,0xD699,0xCE79,
    0xC617,0xB595,0xB595,0xBDF7,0xBDF6,0xC617,0xBDF7,0xBDF7,0xC5F7,0xCE58,0xC637,0xCE58,
    0xC638,0xC5F7,0xC617,0xC617,0xC617,0xCE79,0xC617,0xC617,0xC638,0xC617,0xC617,0xBDD6,
    0xC637,0xC638,0xC617,0xB5B6,0xBDD6,0xB5B5,0xBDD6,0xC617,0xBDD6,0xC638,0xC617,0xC638,
    0xC617,0xCE79,0xCE99,0xC637,0xBDF7,0xC638,0xCE78,0xC638,0xCE99,0xCE58,0xC638,0xB595,
    0xB5B6,0xCE58,0xBDF7,0xB595,0xAD75,0xB595,0xAD75,0xA534,0xA513,0xB5B6,0xB595,0x9CF3,
    0xA513,0xA534,0xBDD6,0xCE79,0xBDD6,0xAD54,0xAD34,0xB595,0xB595,0xB575,0xA534,0xB595,
    0xAD54,0xAD34,0xAD54,0x9CD2,0xA534,0xB595,0xAD54,0xAD54,0xB595,0xB5B6,0xC5F7,0xBDD6,
    0xAD54,0xAD74,0xAD54,0xAD54,0xAD54,0xB595,0xBDD6,0xBDD6,0xB5B6,0xAD75,0xAD74,0xA533,
    0xAD54,0xA533,0xAD75,0xBDD6,0xAD34,0xA534,0xA513,0xA533,0xA533,0x9CD2,0xAD54,0xB575,
    0xA513,0xAD34,0xAD54,0xA513,0xA533,0xAD74,0xAD75,0xAD54,0xA534,0xAD75,0xAD75,0xAD54,
    0xAD74,0xB5B6,0xBDD6,0xD699,0xBDD7,0xB575,0xAD54,0xAD54,0xAD75,0xA534,0xA533,0x9CF2,
    0xA513,0xAD54,0xAD54,0xA534,0xA534,0xA513,0xA4F3,0x94B1,0x9CB2,0x9CD2,0x9CB2,0x9CF2,
    0xA513,0xA533,0xAD54,0x9CF2,0x9CD2,0xA513,0x9CF2,0x9491,0x9CD2,0xA513,0x9CD2,0x9471,
    0x9470,0x94B1,0xA513,0xA513,0x9CF2,0x9CD2,0x9CD2,0x9CF2,0xA513,0xA513,0xA513,0x9CD2,
    0x9CD2,0x94B2,0x9CF3,0xAD34,0xAD54,0xA533,0x9CF2,0x9471,0x9471,0x8C50,0x8C30,0x9471,
    0x840F,0x7BEF,0x7BCE,0x7BCE,0x632C,0x5269,0x4A69,0x4A48,0x4A28,0x4A28,0x4A48,0x4A69,
    0x4A69,0x4A28,0x4A28,0x4A28,0x4A69,0x4A69,0x4A48,0x4A49,0x4A48,0x4228,0x4A69,0x4228,
    0x4228,0x4A28,0x4228,0x4228,0x4A48,0x4A69,0x4A69,0x4A49,0x4A48,0x4228,0x4A48,0x4A69,
    0x4A69,0x5289,0x5ACA,0x5ACB,0x630B,0x6B2C,0x73AE,0x7BCE,0x8C50,0x8C70,0x840F,0x8C70,
    0x7BCE,0x7BAE,0x840F,0x738D,0x630B,0x632C,0x738D,0x630B,0x73AE,0x738D,0x6B4C,0x6B6D,
    0x73AE,0x7BCE,0x8430,0x8C50,0x8430,0x8C70,0x8C70,0x9CD2,0xAD75,0xB5B6,0xBDD6,0xBDD6,
    0xAD95,0xAD75,0x9CD2,0x8430,0x840F,0x840F,0x7BCE,0x7BCF,0x8430,0x840F,0x83EF,0x73AD,
    0x736D,0x738D,0x6B4C,0x630B,0x5ACA,0x5289,0x5ACA,0x5AEB,0x5289,0x4A69,0x630C,0x6B4C,
    0x736D,0x73AD,0x840F,0x7BCE,0x840F,0x7BEE,0x73AD,0x738D,0x6B6D,0x5ACA,0x4A69,0x5AAA,
    0x5289,0x4A48,0x4A48,0x4A69,0x5ACA,0x630B,0x6B2C,0x632C,0x73AE,0x9471,0x840F,0x8C50,
    0x738D,0x5ACA,0x73AD,0x7BCE,0x630B,0x52AA,0x4A49,0x39C7,0x31A6,0x39E7,0x39E7,0x39E7,
    0x39E7,0x39E7,0x3A07,0x39E7,0x39E7,0x4248,0x4A48,0x4A48,0x4248,0x3A07,0x39E7,0x4208,
    0x4A48,0x4A48,0x4228,0x3A07,0x4228,0x4A48,0x4228,0x4207,0x4228,0x39E7,0x5AEB,0x5AEB,
    0x4228,0x4A49,0x4228,0x4A69,0x840F,0x73AD,0x6B4C,0x7BEF,0x83EF,0x6B4C,0x840F,0x9CB2,
    0x9CF2,0xA513,0x9CF2,0xA4F2,0x9CD2,0x94B1,0x9CB2,0x94B1,0x9471,0x9491,0x9471,0x9491,
    0x840F,0x842F,0x8C30,0x840F,0x9491,0x9CD2,0x94B1,0x9471,0x8C30,0x7BAE,0x8C50,0x9CB2,
    0x9470,0x94B1,0x8C50,0x9CD2,0x8C70,0x842F,0x9471,0x9491,0x7BCE,0x630B,0x842F,0x9CD2,
    0x9CD2,0x9491,0x94B1,0x9CB2,0x94B1,0xA513,0x9CF2,0x94B2,0x9CB2,0x9491,0x8C50,0x840F,
    0x9491,0x9CD2,0x8C50,0x7BCE,0x630B,0x62EB,0x840F,0x8C70,0x83EF,0x736D,0x7BAD,0x83EE,
    0x840F,0x8C50,0x8C50,0x8C2F,0x8C30,0x840F,0x840F,0x83EF,0x840F,0x8C30,0x8C50,0x9491,
    0x8C70,0x9470,0x94B1,0xAD54,0xAD54,0x9CD2,0xA533,0xAD54,0xA513,0x94B1,0x9CB2,0xA513,
    0xA513,0x94B1,0x9CD2,0x9CD2,0x8C70,0x9470,0xAD54,0xB575,0xAD54,0xBDD6,0xBDD6,0xBDF6,
    0xCE58,0xCE79,0xD6BA,0xD6BA,0xBDF7,0xB595,0xC637,0xC617,0xBDF6,0xBDD6,0xAD75,0xC638,
    0xCE79,0xBDD6,0xB5B6,0xBDD6,0xBDD6,0xBDB6,0xB5B5,0xBDD6,0xBDD6,0xBE17,0xBDF7,0xAD54,
    0xB595,0xAD54,0xAD54,0xA533,0x9CF2,0xA4F2,0xA513,0xA533,0xB595,0xA533,0xA513,0xAD34,
    0xA513,0xA513,0xAD54,0xA534,0xAD34,0xA533,0xA513,0xAD34,0xAD54,0xBDB6,0xAD74,0xA513,
    0xA4F3,0xAD34,0xA4F3,0x9CD2,0xA4F3,0xA4F2,0xAD34,0xAD54,0xA513,0xA513,0xAD34,0xB595,
    0xA513,0xBDD6,0xBDB6,0xAD34,0xB595,0xC617,0xD6DA,0xDEFB,0xBDF7,0xB595,0xB595,0xBDD6,
    0xBDF7,0xBDF7,0xC637,0xCE58,0xC637,0xC638,0xCE99,0xCE58,0xC617,0xCE58,0xC637,0xC617,
    0xC617,0xBDF7,0xC617,0xCE58,0xC638,0xCE79,0xC617,0xBDD6,0xBDD6,0xBDD6,0xCE58,0xBDF7,
    0xBDF7,0xBDD6,0xBDF7,0xBDD6,0xBDD6,0xC617,0xC638,0xBDF7,0xBDD6,0xBDF7,0xC638,0xBDF7,
    0xBDD6,0xC5F7,0xBDF7,0xCE78,0xCE99,0xB5B6,0xBDB6,0xB5B6,0xB595,0xC617,0xBDD6,0xB575,
    0xAD54,0xAD74,0xA534,0xA513,0xA513,0xAD75,0xCE79,0xAD54,0xAD75,0xB575,0xB5B6,0xCE58,
    0xB595,0xAD54,0xAD34,0xAD54,0xB575,0xAD74,0xB595,0xBDB6,0xB595,0xBDD6,0xBDD6,0xB595,
    0xB595,0xBDD6,0xB595,0xBDD6,0xC637,0xBDB6,0xCE58,0xBDF7,0xAD54,0xAD54,0xAD75,0xAD54,
    0xAD34,0xB595,0xB595,0xB595,0xB595,0xB595,0xAD34,0xAD34,0xA513,0xA533,0xAD34,0xBDD6,
    0xB5B6,0xA4F3,0xA4F3,0x9CD2,0xA513,0xA534,0xA513,0xA534,0xA534,0xA513,0xAD34,0xA513,
    0xAD54,0xAD75,0xB5B5,0xB575,0xAD54,0xAD75,0xAD54,0xA533,0xAD54,0xB595,0xBDD6,0xBDD6,
    0xB575,0xB595,0xB595,0xAD75,0xAD54,0xAD54,0xAD54,0xA513,0xA4F3,0xA513,0xAD54,0xAD34,
    0xAD34,0x9CD2,0xA533,0xA513,0x9CB2,0x9CD2,0x9CB2,0xA513,0xA513,0x9CF2,0x9CD2,0xA513,
    0x9CB2,0x9CF2,0x9CD2,0x840F,0x8C50,0x9CD2,0x9CF3,0xA513,0x94B1,0x9CD2,0xA513,0xA534,
    0x9CD2,0x9CD2,0x9CD2,0x9CD2,0xAD54,0xAD75,0xB595,0xAD54,0xAD55,0xB5D6,0xA513,0xA513,
    0xAD54,0xAD34,0x9CF3,0x94B2,0x9CD2,0x9CD2,0x94B1,0x8C70,0x8C70,0x8C30,0x7BCE,0x7BCE,
    0x6B2C,0x632C,0x5AEB,0x5ACA,0x4A48,0x4A28,0x52A9,0x52AA,0x4A69,0x4A48,0x4A68,0x4A28,
    0x4A48,0x4A69,0x4A69,0x4A69,0x4A69,0x4A69,0x52AA,0x4A48,0x4228,0x4228,0x4A48,0x4A69,
    0x4A69,0x4A49,0x4A69,0x4A49,0x4A49,0x4A48,0x4207,0x4A48,0x4248,0x5289,0x5ACB,0x630B,
    0x6B4C,0x6B6D,0x7BEF,0x8430,0x840F,0x8C70,0x8C71,0x8C50,0x8C50,0x8C30,0x8C50,0x738D,
    0x630C,0x632C,0x6B4C,0x632C,0x632C,0x6B4C,0x6B6D,0x73AE,0x738D,0x7BCE,0x7BCE,0x8430,
    0x8C30,0x8C50,0x9471,0x8C70,0x94B1,0xA513,0xA554,0xAD75,0xAD54,0x9491,0x840F,0x840F,
    0x8430,0x840F,0x7BEF,0x7BCE,0x7BCE,0x7BCF,0x83EF,0x7BCE,0x6B6D,0x6B4C,0x632C,0x630B,
    0x52AA,0x5289,0x5AEB,0x6B6D,0x630B,0x630B,0x6B4C,0x83EF,0x7BAE,0x7BCE,0x8C50,0x7BCE,
    0x840F,0x842F,0x7BCE,0x736D,0x738D,0x6B2C,0x62EB,0x6B6C,0x6B2C,0x5ACA,0x5ACA,0x5AEB,
    0x630B,0x630B,0x6B4C,0x7BCE,0x9491,0x9471,0x840F,0x8C30,0x83EF,0x7BCE,0x738D,0x738D,
    0x630B,0x4A89,0x4207,0x31C6,0x39E7,0x39C7,0x31C7,0x39E7,0x4228,0x4A48,0x4A69,0x4228,
    0x39E7,0x39E7,0x39E7,0x4228,0x4228,0x4208,0x4228,0x4207,0x4A69,0x4A49,0x4228,0x4228,
    0x4207,0x4208,0x39E7,0x39E7,0x3A07,0x4228,0x4A49,0x4A69,0x4A69,0x4A69,0x52AA,0x5289,
    0x8C30,0x842F,0x6B4C,0x738D,0x73AD,0x738D,0x7BAD,0x7BCE,0x8C50,0xA4F3,0xA513,0x9CB2,
    0x9CD2,0xA513,0x9CD2,0x9CD2,0x9CB2,0x9470,0x8C70,0x8C50,0x9470,0x9470,0x9491,0x8C50,
    0x9491,0x9491,0x94B1,0x8C50,0x8C30,0x8C70,0x8C30,0x8C70,0x9471,0x840F,0x840F,0x842F,
    0x736D,0x5ACA,0x7BAE,0x7BEE,0x8C50,0x7BCE,0x7BCE,0x94B1,0x94B1,0x9CB2,0x9CD2,0x9CD2,
    0x9CB1,0x94B1,0x9CB2,0x94B1,0x9491,0x840F,0x840F,0x8C50,0xA4F2,0x94B1,0x6B6C,0x630B,
    0x7BCE,0x630B,0x7BCE,0x840F,0x7BCE,0x83EF,0x7BCE,0x7BAE,0x8C50,0x842F,0x842F,0x8C30,
    0x9470,0x8C30,0x7BCE,0x738D,0x840F,0x8C30,0x9CD2,0xA513,0x9CB2,0x94B1,0x9CD2,0xA513,
    0x9CF2,0x9CD2,0xAD54,0xAD54,0xA513,0xA513,0xA4F2,0xAD34,0x9CD2,0xA4F3,0xA533,0xA513,
    0x94B1,0x9CB2,0xAD54,0xB575,0xB575,0xAD74,0xB575,0xAD75,0xBDD6,0xCE58,0xD6BA,0xDEFB,
    0xD6BA,0xBDF7,0xC617,0xC638,0xC638,0xBDF7,0xB595,0xBDD6,0xBDD6,0xBDD6,0xBDD6,0xBDF6,
    0xBDF7,0xB595,0xB5B5,0xC617,0xBDF7,0xBDF7,0xC638,0xB575,0xB595,0xAD54,0xB595,0xAD54,
    0xA534,0xAD54,0xAD54,0xB595,0xAD54,0xA513,0xA533,0xA513,0x9CD2,0x9CD2,0xAD34,0xA513,
    0xA4F2,0xAD74,0xAD54,0xA513,0xA533,0xBDD6,0xAD54,0xA513,0xA4F2,0xA534,0xAD54,0xA513,
    0xAD74,0xAD54,0x9CF2,0xA533,0xAD74,0xA533,0xAD34,0xAD54,0xAD54,0xA4F3,0xA513,0xAD54,
    0xAD54,0xB5B5,0xCE58,0xDEFB,0xC638,0xB575,0xB595,0xBDD6,0xC617,0xBDF6,0xBDF7,0xBDD6,
    0xC617,0xD699,0xD6B9,0xDEDA,0xCE79,0xD699,0xC637,0xC617,0xC617,0xBDF7,0xBDD6,0xC5F7,
    0xCE58,0xC637,0xBDD6,0xBDD6,0xB595,0xBDF7,0xBDF7,0xD699,0xD699,0xB5B5,0xC638,0xBDD6,
    0xBDF7,0xCE58,0xC638,0xBDD6,0xB5B6,0xBDB6,0xBE17,0xBDD6,0xBDD6,0xBDD6,0xBDD6,0xC638,
    0xC638,0xB575,0xA534,0xAD54,0xAD75,0xC638,0xBDD6,0xB575,0xB595,0xB575,0xA533,0xA533,
    0xA513,0xAD75,0xC638,0xC617,0xBDD6,0xB595,0xAD54,0xBDD6,0xB575,0xA513,0xA513,0xA513,
    0xAD54,0xB575,0xB595,0xAD54,0xB595,0xBDD6,0xC617,0xC617,0xB5B5,0xB5B6,0xB5B6,0xC617,
    0xCE99,0xBDF7,0xB595,0xB595,0xB595,0xAD74,0xAD74,0xAD54,0xAD74,0xB595,0xAD75,0xAD54,
    0xBDB6,0xAD54,0xAD34,0xA513,0xAD54,0xAD54,0xAD54,0xBDD6,0xA534,0xA513,0xAD54,0x9CD2,
    0xA513,0xA533,0xA4F3,0x9CB2,0xA513,0xAD34,0xA533,0xAD74,0xAD75,0xB5B5,0xBDF7,0xBDF7,
    0xAD54,0xAD54,0xAD54,0xA513,0xAD54,0xB575,0xB595,0xB595,0xAD54,0xB595,0xB595,0xAD75,
    0xAD54,0xA534,0xA513,0xAD34,0xA534,0xA513,0x9CF2,0xA513,0xA513,0xA513,0xA533,0xAD54,
    0xAD75,0xA534,0x9CD2,0xA513,0xA513,0x9CD2,0xA4F3,0xAD34,0xA4F3,0x9CF2,0x9CB2,0x94B1,
    0x9491,0x9CD2,0xA534,0xB595,0x9CD2,0xA513,0xAD34,0x9CF2,0x94B1,0x9CD2,0x9CD2,0xA513,
    0xAD74,0xB595,0xB5B5,0xAD75,0xC658,0xD6DA,0xC638,0xAD75,0xAD74,0xAD34,0x9CF2,0x9CD2,
    0x9CD2,0x9CD2,0x9CD2,0x94B1,0x94B1,0x842F,0x840F,0x7BCE,0x736D,0x6B6C,0x6B6D,0x6B4C,
    0x4A48,0x4A48,0x4A48,0x4A48,0x5269,0x5289,0x4A69,0x52A9,0x5ACA,0x6B4C,0x5ACA,0x5289,
    0x4A48,0x4A28,0x52AA,0x5AAA,0x4A69,0x4A48,0x4A49,0x4A49,0x4A48,0x4A48,0x4A69,0x4228,
    0x4208,0x4208,0x4228,0x4228,0x4228,0x52A9,0x5ACA,0x5AAA,0x5ACA,0x6B4C,0x7BCF,0x8C50,
    0x842F,0x9CF3,0xA513,0x8C71,0x8C50,0x8430,0x8C50,0x73AE,0x6B6D,0x6B4C,0x632C,0x630B,
    0x632C,0x6B8D,0x6B6D,0x632C,0x6B4C,0x6B6D,0x73AE,0x7BCF,0x7BEF,0x8430,0x840F,0x83EF,
    0x842F,0x842F,0x8C70,0x9491,0x9491,0x83EF,0x73AD,0x7BCF,0x7BEF,0x73AE,0x738D,0x6B4C,
    0x630B,0x6B4C,0x7BAE,0x7BCE,0x738D,0x738D,0x632C,0x5289,0x4A49,0x4A49,0x52AA,0x5AEB,
    0x630B,0x630B,0x6B6D,0x7BCE,0x7BCF,0x73AD,0x73AD,0x7BCE,0x83EF,0x9491,0x8C50,0x7BCE,
    0x73AD,0x6B4C,0x738D,0x7BCE,0x738D,0x6B4C,0x6B4C,0x6B4C,0x6B4C,0x630B,0x6B4C,0x6B6D,
    0x8C70,0x8C50,0x840F,0x8C50,0x8C70,0x8430,0x7BCE,0x738D,0x5AEB,0x4A69,0x4228,0x39E7,
    0x4208,0x4208,0x39E7,0x3A07,0x4228,0x4A69,0x52AA,0x52AA,0x4228,0x39E7,0x3A07,0x4228,
    0x4208,0x4208,0x4228,0x4228,0x4228,0x4228,0x4228,0x4228,0x4228,0x3A07,0x4207,0x4207,
    0x4A48,0x4208,0x4A48,0x4A69,0x4A49,0x5ACA,0x6B2C,0x73AE,0x83EF,0x840F,0x6B4C,0x6B4C,
    0x6B2C,0x630B,0x62EB,0x6B2B,0x736D,0x83EF,0x8C50,0x9491,0x94B1,0x9CD2,0x9CD2,0x94B1,
    0x9CB2,0x94B1,0x9471,0x9491,0x8C50,0x8C50,0x9471,0x9470,0x9491,0x9491,0x8C50,0x83EF,
    0x6B4C,0x83EF,0x842F,0x8C50,0x8C50,0x9491,0x9471,0x6B6C,0x736D,0x6B4C,0x62EB,0x842F,
    0xAD54,0x8C30,0x738D,0x842F,0x8C30,0x9CD2,0xA513,0x94B1,0x9491,0x94B1,0x9CD2,0x94B1,
    0x8C70,0x8C50,0x8C50,0x9491,0x9491,0x94B1,0x83EE,0x630B,0x6B6D,0x62EB,0x7BCE,0x840F,
    0x7BCE,0x840F,0x83CE,0x9470,0x94B1,0x9471,0x9CD2,0x9CB2,0x8C50,0x8C70,0x8C70,0x83EF,
    0x7BCE,0x8C70,0x9CD2,0x9CD2,0x94B1,0x94B1,0xA513,0x9CD2,0x9CB2,0x94B1,0x9CF2,0x9CF2,
    0xA4F2,0xA4F2,0xA534,0xA513,0xA513,0xAD54,0x9CF2,0xA534,0xA513,0x9491,0x94B1,0xA4F2,
    0xAD54,0xAD75,0xAD54,0xA513,0xAD75,0xBDF7,0xD6BA,0xDEFB,0xD6DA,0xC638,0xBDD6,0xC638,
    0xCE38,0xC638,0xBDD6,0xC617,0xBDF6,0xBDD6,0xBDD6,0xBDD6,0xB5B6,0xAD54,0xB5B5,0xBDD6,
    0xBDD6,0xB595,0xB595,0xB595,0xBDD6,0xC5F7,0xC617,0xAD74,0xAD54,0xAD34,0xB595,0xA513,
    0x9CF2,0xA513,0xAD54,0xB5B5,0xAD34,0xAD54,0xAD74,0xA4F3,0x9CD2,0xA513,0xAD74,0xAD54,
    0xA513,0xA513,0xA513,0xA513,0xA4F3,0xA533,0xA4F3,0xA513,0xAD75,0xBDD6,0xAD34,0xAD74,
    0xB5B5,0xA513,0xA513,0xC638,0xAD54,0xA533,0xA533,0xAD54,0xAD54,0xB595,0xBDF7,0xBDF7,
    0xC638,0xB5B5,0xB575,0xBDD6,0xC617,0xBDF7,0xBDD6,0xBDD6,0xC617,0xDEDA,0xEF7D,0xE71B,
    0xD6B9,0xC617,0xC637,0xC617,0xC617,0xC5F7,0xBDD6,0xCE58,0xC617,0xBDD6,0xBDD6,0xB595,
    0xB5B5,0xBDD6,0xBDF7,0xC617,0xBDD6,0xB5B6,0xC617,0xB595,0xC617,0xBE17,0xB575,0xB595,
    0xBDB6,0xAD74,0xC638,0xCE99,0xBDD6,0xBDD6,0xB5B5,0xBDD6,0xBDB6,0xAD54,0xAD54,0xA533,
    0xAD74,0xBDD6,0xB5B6,0xAD75,0xB5B5,0xBDD6,0xAD54,0xAD54,0xAD54,0xAD75,0xAD75,0xC658,
    0xBDD6,0xB5B6,0xB595,0xB5B6,0xAD74,0xAD34,0xA513,0xA513,0xA513,0xAD54,0xAD54,0xA534,
    0xAD75,0xC5F7,0xCE58,0xBDF7,0xB595,0xB575,0xAD74,0xB595,0xBDD6,0xB5B6,0xBDF7,0xB5B6,
    0xBDD6,0xAD74,0xAD54,0xB575,0xAD74,0xB5B5,0xBDD6,0xBDD6,0xAD54,0xB595,0xAD74,0xAD34,
    0xA513,0xAD34,0xB595,0xB575,0xA4F3,0xAD34,0xA533,0xA533,0xA534,0x9CB2,0x9CD2,0x94B1,
    0x9CF3,0xAD34,0xAD54,0xAD75,0xAD75,0xBDB6,0xC617,0xBDB6,0xB5B6,0xAD75,0xB595,0xA534,
    0xA513,0xAD74,0xB595,0xB595,0xAD54,0xAD54,0xAD54,0xAD74,0xA533,0xAD34,0xAD74,0xA534,
    0xA513,0xA533,0xA513,0xA4F3,0xA513,0xB595,0xB595,0xAD75,0xB5B6,0xAD34,0xA513,0xAD34,
    0xA4F3,0x9CB2,0x9CB2,0x9CD2,0x9CD2,0x9CB2,0x9CD2,0xA533,0xA4F3,0x9CD2,0xA513,0xA533,
    0xAD54,0x9CB2,0x9CD2,0x9CB2,0x94B1,0x9471,0x9CD2,0xAD54,0xB5B5,0xBDD6,0xBDD6,0xBDD6,
    0xB5B5,0xBDD6,0xBDD6,0xB595,0xB595,0xA513,0xA513,0xA513,0x9CB2,0x9CD2,0x94B1,0x9471,
    0x8C50,0x7BEE,0x8C30,0x7BEF,0x630B,0x62EB,0x62EB,0x5AEB,0x5289,0x4A48,0x4A69,0x4A48,
    0x4A69,0x4A69,0x5289,0x738D,0x840F,0x6B6D,0x5AEA,0x4A69,0x4228,0x52AA,0x5289,0x4A49,
    0x5269,0x52AA,0x52AA,0x5269,0x5269,0x5289,0x52AA,0x4A69,0x4A48,0x4228,0x5289,0x52AA,
    0x5289,0x5ACA,0x6B4C,0x736D,0x738D,0x73AE,0x840F,0x8C50,0x8C50,0x8C71,0x94B2,0x94B1,
    0x9CF3,0x94B1,0x8C50,0x7BCF,0x7BAE,0x632C,0x62EB,0x5ACA,0x5ACA,0x630B,0x5ACA,0x630B,
    0x6B4C,0x632C,0x6B6D,0x73AE,0x7BEF,0x8430,0x8430,0x840F,0x73AE,0x7BCE,0x7BCE,0x73AE,
    0x7BCE,0x73AE,0x73AE,0x7BCF,0x7BCF,0x73AE,0x6B6D,0x630B,0x5AEB,0x6B2C,0x73AD,0x6B6D,
    0x73AD,0x6B6D,0x630B,0x52AA,0x52AA,0x4A69,0x4A69,0x4A49,0x5ACA,0x6B4C,0x736D,0x83EF,
    0x8C30,0x840F,0x83EF,0x7BCE,0x8430,0x9491,0x8C70,0x83EF,0x840F,0x840F,0x7BEF,0x7BCE,
    0x6B4C,0x6B6D,0x7BCE,0x83EF,0x7BCE,0x7BCE,0x738D,0x73AE,0x840F,0x8C30,0x8430,0x8C70,
    0x94B2,0x8C30,0x7BAE,0x73AE,0x6B6D,0x5289,0x4228,0x4228,0x4228,0x4228,0x4A48,0x4A49,
    0x4A49,0x4A69,0x5289,0x52AA,0x4A69,0x4228,0x39E7,0x4207,0x39E7,0x4228,0x4A49,0x4A48,
    0x4207,0x4207,0x4228,0x4A48,0x4A49,0x4207,0x4228,0x4A48,0x4228,0x39E7,0x4228,0x4228,
    0x4207,0x5AEB,0x738D,0x6B6D,0x5ACA,0x736D,0x736D,0x73AD,0x6B4C,0x630B,0x5ACA,0x62EB,
    0x6B4C,0x6B2C,0x7BCE,0x9491,0x8C50,0x9491,0x94B1,0x9CB2,0x9CD2,0xA4F3,0x9471,0x8C30,
    0x8C50,0x8C50,0x8C30,0x8C2F,0x9470,0x9471,0x840F,0x7BCE,0x840F,0x630B,0x4A69,0x840F,
    0x94B1,0xA534,0x840F,0x5AAA,0x5ACA,0x5AAA,0x840F,0x630B,0x6B4C,0x7BEE,0x9471,0x842F,
    0x8C50,0x94B2,0xA513,0xA513,0x9CD2,0x8C2F,0x94B1,0x9CD2,0xA533,0xA513,0x9CB2,0x9491,
    0x9470,0x94B1,0x8C50,0x7BCE,0x6B4C,0x73AD,0x840F,0x840F,0x7BCE,0x840F,0x8C30,0x9CB2,
    0x9470,0x9CF2,0xAD54,0x9471,0x94B1,0x9CB2,0x94B1,0x9471,0x840F,0x8C30,0x9491,0x94B1,
    0x9491,0x8C70,0x9CD2,0xA4F2,0x9CB2,0x9CD2,0xA4F2,0x9CD2,0xA513,0xA4F3,0xA513,0x9CD2,
    0x9CF2,0xA513,0x9CD2,0xA533,0x9CD2,0x9471,0x9CF2,0x9CD2,0x9CB2,0x9CF3,0xA534,0xAD54,
    0xBDD6,0xBE17,0xCE99,0xE71B,0xD6BA,0xBE17,0xBDD6,0xBDD6,0xC617,0xC638,0xC617,0xBDF7,
    0xBDD6,0xBDF6,0xB575,0xAD74,0xB575,0xB595,0xB595,0xB575,0xB575,0xB5B6,0xAD75,0xB595,
    0xC637,0xC638,0xBDB6,0xAD54,0xAD54,0xB5B5,0xB595,0xAD74,0xAD34,0xA4F3,0xB595,0xB595,
    0xA533,0xAD54,0xAD54,0xAD34,0xAD34,0xA4F3,0xAD54,0xB595,0xAD54,0xAD75,0xA513,0xA513,
    0xA534,0xAD54,0xA4F3,0xA513,0xA533,0xAD54,0xA533,0xA4F2,0x9CD2,0xA533,0xA4F2,0xAD54,
    0xAD34,0xA513,0xAD34,0xB595,0xB575,0xAD54,0xB575,0xAD75,0xBDD6,0xC617,0xBDF7,0xC637,
    0xC638,0xBDD6,0xB595,0xBDD6,0xC637,0xD699,0xF7BE,0xC637,0xC637,0xC617,0xC617,0xBDD6,
    0xC617,0xC617,0xC617,0xBDF7,0xCE58,0xC5F7,0xBDD6,0xBDD6,0xC617,0xBDF7,0xBDD6,0xB5B6,
    0xBDD6,0xC617,0xBDD6,0xBDF7,0xCE79,0xAD75,0xAD54,0xAD54,0xB575,0xAD74,0xBDD6,0xCE79,
    0xC638,0xC638,0xB575,0xBDD6,0xB5B5,0xB5B5,0xBDD6,0xAD74,0xAD54,0xB5B5,0xBDF7,0xB595,
    0xB5B5,0xAD75,0xAD54,0xA534,0xA534,0xAD74,0xA513,0xB595,0xBE17,0xBDD6,0xB595,0xAD54,
    0xB595,0xAD74,0xA513,0xA513,0xAD34,0xA513,0xA534,0xAD54,0xBDD6,0xC638,0xBDD6,0xBDD6,
    0xB595,0xAD54,0xB5B5,0xB5B5,0xB595,0xAD75,0xBDF7,0xCE58,0xC637,0xBDD6,0xB5B5,0xBDD6,
    0xB5B5,0xBDD6,0xBDF7,0xBDD6,0xAD34,0xAD34,0xA533,0xAD54,0xAD54,0xAD75,0xB595,0xAD54,
    0xAD54,0x94B1,0x9CD2,0xB595,0xAD74,0xA513,0x9CD2,0x9CF2,0xA533,0xA513,0xA533,0xA534,
    0xAD75,0xB5B5,0xC617,0xC617,0xBDD6,0xB595,0xB595,0xB595,0xAD54,0xAD75,0xB575,0xAD75,
    0xAD74,0xAD75,0xAD74,0xB595,0xA534,0xAD74,0xAD54,0xAD54,0xAD54,0xA534,0xA533,0xA513,
    0xA533,0xAD75,0xBDD6,0xB5B6,0xAD74,0xAD75,0xB595,0xBDD6,0xA513,0xA513,0xA533,0x9CD2,
    0x94B1,0x9491,0x9CD2,0xA513,0xA4F3,0x9CB2,0x94B2,0x9CD2,0xA513,0xA533,0xA533,0xA533,
    0xA513,0xA513,0xAD34,0xAD54,0xB595,0xB5B6,0xBDF7,0xBDD6,0xBDD6,0xBDD6,0xAD75,0xAD54,
    0xAD75,0xB575,0xB5B6,0x9CD2,0x9CB2,0x9491,0x9471,0x842F,0x840F,0x94B1,0x9CF2,0x9470,
    0x738D,0x630B,0x630B,0x6B4C,0x630B,0x5289,0x4A69,0x4A48,0x4A49,0x4A69,0x5289,0x5AEB,
    0x5AEB,0x4A69,0x5269,0x4A48,0x4A69,0x5ACB,0x4A69,0x4A48,0x4A69,0x5269,0x5269,0x4A48,
    0x4A69,0x5289,0x5289,0x5289,0x4A69,0x4A49,0x5289,0x52AA,0x5AAA,0x52AA,0x632C,0x630C,
    0x630B,0x6B4C,0x73AE,0x8430,0x8430,0x8430,0x9491,0x9491,0x94D2,0x9491,0x840F,0x7BCE,
    0x7BCE,0x738D,0x6B6D,0x6B4C,0x73CE,0x73AD,0x632C,0x8430,0x8C71,0x738D,0x7BCE,0x840F,
    0x8430,0x8C71,0x8C71,0x7BEF,0x7BEF,0x8430,0x7BCF,0x73AE,0x73AE,0x738D,0x73AE,0x73AE,
    0x73AD,0x6B4C,0x630B,0x6B6D,0x6B6D,0x738D,0x6B4C,0x6B4C,0x6B4C,0x52AA,0x4A49,0x4208,
    0x39C7,0x4208,0x4A48,0x4A69,0x5ACA,0x6B2C,0x7BEF,0x8C71,0xA534,0x94B1,0x840F,0x7BEE,
    0x8C50,0x8C30,0x840F,0x840F,0x840F,0x8430,0x842F,0x7BCE,0x73AD,0x738D,0x6B4C,0x6B4C,
    0x83EF,0x840F,0x840F,0x83EF,0x8430,0x9CD2,0x9491,0x94B2,0x8C71,0x83EF,0x7BCE,0x738D,
    0x6B6D,0x5ACA,0x4248,0x4248,0x4248,0x4A8A,0x5AEB,0x4A89,0x4A89,0x5269,0x52AA,0x4A69,
    0x4228,0x4208,0x39E7,0x39E7,0x41E7,0x4A28,0x4A69,0x4A69,0x4A28,0x4228,0x4248,0x4A48,
    0x4207,0x39E7,0x4A48,0x4A48,0x4228,0x4228,0x4228,0x4228,0x4A69,0x6B6D,0x62EB,0x5289,
    0x5AAA,0x630B,0x6B2B,0x6B2B,0x6B4C,0x73AD,0x738D,0x6B4C,0x6B4C,0x630B,0x736D,0x7BCE,
    0x8C50,0x9471,0x8C70,0x9491,0x9491,0xA4F2,0x9470,0x9491,0x9491,0x94B1,0x9CB1,0x94B1,
    0x94B2,0x8C70,0x9491,0xA533,0x9CD2,0x7BCE,0x736D,0x8C30,0x8C50,0x6B4C,0x5269,0x5269,
    0x5ACA,0x5AAA,0x840F,0x7BAD,0x5ACA,0x6B2C,0x83EF,0x7BCE,0x7BCE,0x7BAE,0x9CF2,0xA513,
    0xA513,0xA4F3,0xA4F3,0xAD34,0xAD54,0xA4F3,0x9CD2,0xA513,0x8C70,0x8C70,0x9471,0x9471,
    0x9491,0x840F,0x7BCE,0x7BCE,0x7BCE,0x83EF,0x842F,0x8C30,0x8C70,0x9491,0x9CB2,0x9491,
    0x94B1,0x9470,0x840F,0x8C30,0x840F,0x840F,0x8C30,0x9470,0x9471,0x9CD2,0x9CD2,0xA513,
    0xAD54,0xB595,0xA4F3,0xA4F3,0xAD54,0xA4F2,0xA533,0xA4F3,0x9CD2,0xA513,0xAD75,0xA513,
    0x9CD2,0x9CD2,0x9CD2,0x94B1,0x9CD2,0xA534,0xA513,0xA513,0xBE17,0xCE58,0xCE58,0xE75C,
    0xDEFB,0xBDF7,0xBDD6,0xB595,0xBDD6,0xC617,0xBDD6,0xC617,0xBDD6,0xBDF7,0xBDD6,0xB575,
    0xA513,0xAD54,0xB595,0xB595,0xAD75,0xB595,0xB595,0xB5B6,0xB5B5,0xB595,0xAD54,0xB595,
    0xBDB6,0xAD74,0xA533,0xAD54,0xAD54,0xA513,0xA533,0xA513,0xA4F3,0xAD54,0xB595,0xBDF7,
    0xB595,0xAD34,0xAD54,0xAD75,0xAD54,0xAD74,0xA533,0xA533,0xA534,0xAD74,0xAD54,0xAD54,
    0xAD54,0xA533,0xA513,0x9CB1,0x9CB2,0xA533,0xA513,0xA533,0xA513,0xA513,0xAD54,0xAD54,
    0xAD54,0xAD74,0xAD54,0xAD54,0xB575,0xBDD6,0xBDD6,0xC617,0xCE79,0xBDD6,0xB575,0xBDF7,
    0xC638,0xC617,0xCE38,0xBDF7,0xBDF6,0xC637,0xBDF7,0xB5B5,0xC617,0xCE79,0xC617,0xBDB6,
    0xC638,0xC617,0xC617,0xC617,0xC637,0xBDD6,0xB595,0xBDD6,0xCE79,0xC617,0xBDF7,0xC617,
    0xBDD6,0xBDD6,0xB595,0xB595,0xAD75,0xB595,0xAD75,0xBDD6,0xC638,0xCE79,0xB595,0xBDD6,
    0xB575,0xB595,0xB595,0xAD75,0xAD54,0xB595,0xBDF7,0xB595,0xB575,0xB595,0xB595,0xB595,
    0xB595,0xAD74,0xA534,0xB575,0xBDF7,0xBDD6,0xB595,0xAD54,0xAD34,0xAD54,0xBDD6,0xA513,
    0xA513,0xA533,0xA513,0xAD54,0xBDB6,0xD699,0xBDF7,0xBDD6,0xB595,0xAD74,0xB575,0xBDD6,
    0xBDD6,0xB595,0xB5B5,0xBDB6,0xC617,0xC617,0xB5B5,0xC617,0xBDD6,0xBDF7,0xCE78,0xB595,
    0xAD54,0xB575,0xAD75,0xAD74,0xB595,0xB595,0xB575,0xB595,0xBDF7,0xA513,0x9CF2,0xAD74,
    0xAD54,0xB5B5,0xAD74,0xBDF7,0xB5B5,0xAD34,0xAD54,0xAD34,0xAD34,0xAD54,0xBDF7,0xBDF7,
    0xC617,0xBDD6,0xAD75,0xAD75,0xAD54,0xAD74,0xBDD6,0xBDD6,0xBDD6,0xBDD6,0xB595,0xB595,
    0xB595,0xA513,0xA534,0xA534,0xA533,0xAD54,0xAD54,0xAD54,0xAD75,0xB595,0xBDD7,0xBDD6,
    0xAD54,0xAD75,0xAD74,0xAD75,0xA534,0xA533,0xA534,0xA513,0x9CB2,0x9CD2,0xA513,0x9CD2,
    0x9CD2,0x9CD2,0x9CD2,0x9CD2,0xA4F2,0xA533,0xA513,0xA513,0xA4F3,0xA513,0xA4F2,0xAD34,
    0xAD54,0xB595,0xBDF7,0xB5B6,0xBDF7,0xAD54,0xA513,0x9CD2,0xA513,0xAD34,0xA4F3,0xA4F3,
    0x9CD2,0x9CD2,0x8C70,0x9491,0x94B1,0x9CF2,0x9CB2,0x9CB2,0x9CB2,0x8430,0x73AD,0x630B,
    0x5ACA,0x52AA,0x5289,0x4A69,0x5289,0x4A69,0x4A48,0x4A48,0x4A49,0x5269,0x4A69,0x4228,
    0x4A48,0x4A69,0x4A49,0x4A69,0x4A69,0x4A48,0x5269,0x4A69,0x4A48,0x4A48,0x4A48,0x4A49,
    0x5289,0x4A69,0x4A69,0x4A69,0x5289,0x4A69,0x5289,0x5ACA,0x630B,0x630B,0x6B2C,0x7BCE,
    0x7BCF,0x840F,0x8430,0x8C50,0x8C70,0x840F,0x73AE,0x6B4C,0x6B4C,0x6B6D,0x738D,0x738D,
    0x73AE,0x7BCF,0x7BEF,0x8430,0x8430,0x73AE,0x7BCE,0x7BEF,0x7BEF,0x840F,0x7BCE,0x738D,
    0x840F,0x7BEF,0x7BCF,0x7BEF,0x738D,0x6B6D,0x738D,0x738D,0x630B,0x5289,0x4207,0x5AAA,
    0x630B,0x62EB,0x632C,0x630B,0x6B4C,0x5ACA,0x39C7,0x31C7,0x31A6,0x39C7,0x4A48,0x5289,
    0x62EB,0x630B,0x7BCE,0x8430,0x8C71,0x8C50,0x83EF,0x7BCE,0x842F,0x8C30,0x7BCE,0x7BEF,
    0x842F,0x9471,0x94B1,0x8C50,0x840F,0x738D,0x738D,0x840F,0x8C30,0x8C70,0x8C70,0x9471,
    0x8C70,0xA513,0x8C50,0x8C71,0x8C71,0x8430,0x7BEF,0x738D,0x6B4C,0x632C,0x5289,0x4248,
    0x4A69,0x52CA,0x632C,0x5289,0x5289,0x52AA,0x5289,0x4228,0x4A48,0x4A69,0x4207,0x39E7,
    0x39E7,0x4207,0x4A48,0x5289,0x4A69,0x4A48,0x4248,0x4248,0x4208,0x4228,0x52AA,0x5289,
    0x5AAA,0x5289,0x4A69,0x4A48,0x52A9,0x5ACA,0x4A69,0x52AA,0x5AAA,0x630B,0x6B4C,0x73AD,
    0x840F,0x7BAE,0x840F,0x8430,0x630B,0x6B2C,0x6B4C,0x6B4C,0x73AD,0x842F,0x8C50,0x9491,
    0x9CB2,0x9CB2,0x9CD2,0x9CB2,0x9491,0x8C50,0x9CB2,0x9491,0x94B1,0x94B1,0x9491,0x9CF2,
    0x94B1,0x8C70,0x9491,0x840F,0x842F,0x5ACA,0x5269,0x6B2C,0x632B,0x5ACA,0x738D,0x83EF,
    0x6B2B,0x5ACA,0x7BCE,0x9CD2,0x9CD2,0x8C50,0x9471,0x9CB2,0xA533,0xAD54,0xA513,0xAD54,
    0xAD74,0xA513,0xA4F3,0x9CD2,0x9491,0x9CD2,0x94B1,0x9CD2,0x9491,0x840F,0x840F,0x7BCE,
    0x7BCE,0x840F,0x840F,0x8C30,0x8C50,0x8C30,0x8C70,0x94B1,0x94B1,0x8C50,0x840F,0x840F,
    0x7BCE,0x8C30,0x8C50,0x8C2F,0x8C30,0x9CD2,0x9CF2,0x9CF2,0xB595,0xB595,0x9CD2,0x9CD2,
    0xA533,0x94B1,0x9CD2,0x9CF3,0xA513,0xA534,0xAD54,0xA534,0xAD74,0xB575,0xAD74,0xA513,
    0x9CD2,0xAD54,0xAD75,0xA513,0xAD54,0xC617,0xCE58,0xDEFB,0xE71B,0xC638,0xCE99,0xCE58,
    0xC617,0xC637,0xC638,0xCE58,0xBDF7,0xBDD6,0xBDB6,0xB595,0xAD54,0xA534,0xAD54,0xB595,
    0xAD54,0xB595,0xB595,0xB595,0xB595,0xB595,0xAD74,0xB595,0xB595,0xAD54,0xA533,0xA513,
    0xA533,0xB595,0xB575,0xAD54,0xA533,0xA533,0xAD34,0xB595,0xAD54,0xA533,0xAD54,0xAD74,
    0xA534,0xAD34,0xAD54,0xAD74,0xAD54,0xAD75,0xB595,0xB575,0xAD74,0xA533,0xAD34,0xA513,
    0xA513,0xAD54,0xAD74,0xAD54,0xAD54,0xB595,0xB595,0xB575,0xB595,0xB595,0xAD54,0xAD54,
    0xAD74,0xAD54,0xBDD6,0xD699,0xD699,0xBDF7,0xBDD6,0xB5B5,0xB595,0xB595,0xB595,0xBDB6,
    0xBDF7,0xBDB5,0xB595,0xBDB5,0xBDF7,0xC617,0xBDB6,0xBDD6,0xBDD6,0xC617,0xC637,0xCE38,
    0xCE58,0xBDF7,0xB5B6,0xBDF7,0xC638,0xBDF7,0xB595,0xBDD6,0xAD54,0xB595,0xBDF7,0xB595,
    0xAD54,0xAD54,0xAD54,0xAD54,0xB595,0xBDD6,0xAD74,0xBDD6,0xB5B6,0xAD74,0xA533,0xA533,
    0xA513,0xAD54,0xC638,0xB5B5,0xB595,0xB595,0xCE58,0xD6BA,0xBDD6,0xAD75,0xB575,0xB595,
    0xBDB6,0xAD54,0xAD54,0xB5B5,0xAD54,0xAD54,0xAD75,0xAD54,0x9CD2,0xA513,0xAD34,0xAD34,
    0xB5B6,0xC5F7,0xBDD6,0xB595,0xB595,0xAD74,0xAD54,0xB595,0xBDD6,0xBDF7,0xB5B5,0xB595,
    0xBDD6,0xBDF6,0xB5B5,0xB595,0xBDD6,0xBDF7,0xC617,0xC617,0xC617,0xBDD6,0xAD75,0xB575,
    0xAD54,0xAD54,0xA533,0xB575,0xB595,0xA534,0x9CD2,0xA4F3,0xAD54,0xAD54,0xAD54,0xBDD6,
    0xBDF7,0xBDD6,0xB5B5,0xAD34,0xA513,0xAD34,0xB595,0xAD74,0xBDD6,0xC637,0xB575,0xAD74,
    0xAD34,0xAD75,0xB5B6,0xC617,0xC638,0xBDF7,0xBDD6,0xB595,0xB5B6,0xAD54,0xAD54,0xAD54,
    0xAD74,0xAD74,0xAD75,0xAD75,0xBDD6,0xBDF7,0xBDD6,0xAD75,0xB595,0xAD75,0xB595,0xB5B6,
    0xB595,0xA513,0xA4F3,0xA513,0xA4F3,0xA4F3,0xA533,0xA4F3,0x9CD2,0xA4F3,0x9CD2,0xA4F3,
    0xAD54,0xA4F3,0x9CD2,0xA513,0x9CD2,0x9CB2,0xA513,0xA4F3,0xA533,0xBDD6,0xBDD6,0xB5B5,
    0xB5B6,0xBDD7,0xA4F3,0x9CD2,0xA4F3,0x9CF2,0x9CD2,0x94B2,0x9CB2,0x9CD2,0xAD75,0x9CD2,
    0x9CD2,0x9CF2,0x9CD2,0xA4F3,0x9CD2,0x9CD2,0x8C30,0x73AD,0x738D,0x630B,0x5ACA,0x5289,
    0x5ACA,0x5289,0x4207,0x39E7,0x4A48,0x4A69,0x4A69,0x4A28,0x4228,0x4A28,0x4A69,0x4A69,
    0x5269,0x4A69,0x52AA,0x4A69,0x4A69,0x4A48,0x4A48,0x4A48,0x5269,0x4A69,0x4A48,0x4A69,
    0x4A69,0x528A,0x52AA,0x630B,0x630B,0x6B4C,0x632C,0x6B4C,0x7BCE,0x7BCF,0x73AE,0x8C50,
    0x8C50,0x83EF,0x738D,0x630C,0x632C,0x632C,0x6B4C,0x6B4C,0x6B4C,0x738D,0x7BCE,0x7BCE,
    0x7BCE,0x840F,0x840F,0x7BEF,0x840F,0x8C91,0x7BCF,0x840F,0x8430,0x73AD,0x73AE,0x7BCE,
    0x6B6D,0x738D,0x6B6D,0x73AE,0x73AE,0x528A,0x4A49,0x4A48,0x5ACA,0x52AA,0x5ACA,0x6B4C,
    0x6B6D,0x5AEB,0x39E7,0x31A6,0x31A6,0x39E7,0x528A,0x52AA,0x5AEB,0x632C,0x6B6D,0x7BCE,
    0x840F,0x83EF,0x7BEF,0x738D,0x840F,0x840F,0x6B4C,0x7BCE,0x8C50,0x9CD2,0xA513,0x9CD2,
    0x8C70,0x840F,0x8C50,0x94B1,0x9CD2,0x9491,0x94B1,0x9CF2,0x9CB2,0x9471,0x8C50,0x8C71,
    0x8430,0x8430,0x7BCF,0x7BCE,0x6B6D,0x5AEB,0x4A89,0x4A89,0x52AA,0x52AA,0x5289,0x5289,
    0x4A89,0x4A69,0x4228,0x39E7,0x4228,0x4A69,0x4228,0x39E7,0x4207,0x4A48,0x4A49,0x4A69,
    0x4228,0x4A69,0x4A69,0x5289,0x4A48,0x4A89,0x5289,0x52AA,0x5ACA,0x5AAA,0x5289,0x4A49,
    0x5289,0x52AA,0x5289,0x5AAA,0x5ACA,0x736D,0x7BCE,0x738D,0x842F,0x840F,0x7BCE,0x8C70,
    0x6B2B,0x630B,0x6B4C,0x630B,0x5ACA,0x5ACA,0x736D,0x9491,0x9471,0x9491,0x94B2,0x9491,
    0x8C70,0x9471,0x94B1,0x8C70,0x9471,0x9CD2,0x9491,0x8C70,0x94B1,0x94B1,0x8C70,0x840F,
    0x8C50,0x630B,0x6B4C,0x9471,0x7BCE,0x6B4C,0x6B4C,0x8C50,0x73AD,0x736D,0xA534,0xAD54,
    0x9CD2,0x9CB2,0x9491,0x9491,0x9CD2,0xA513,0xA513,0xAD75,0xC617,0xAD75,0xAD54,0x9CD2,
    0x9491,0x8C50,0x9CD2,0xA4F3,0x8C30,0x8C30,0x8C50,0x83EF,0x7BCE,0x8C50,0x8C50,0x842F,
    0x840F,0x842F,0x8C30,0x9491,0x9470,0x9470,0x83EF,0x842F,0x840F,0x840F,0x8C30,0x842F,
    0x9470,0x9CD2,0x9CD2,0xB5B6,0xBDD6,0xAD54,0xA4F2,0x9CD2,0x9491,0x9CB2,0xAD54,0xAD54,
    0xBDD6,0xB5B5,0xAD34,0xAD54,0xB595,0xA513,0xA513,0xAD54,0x9CF2,0xA513,0xB5B6,0xBDF7,
    0xB5B6,0xBDF7,0xBDD6,0xCE79,0xE73C,0xDEDA,0xDEFB,0xDEFB,0xCE78,0xC637,0xC617,0xCE58,
    0xC637,0xC5F7,0xB5B6,0xB595,0xAD34,0xAD74,0xB595,0xAD75,0xA513,0xAD54,0xAD75,0xAD54,
    0xAD34,0xAD74,0xB595,0xB5B5,0xB595,0xAD54,0xAD54,0xB595,0xB595,0xBDD6,0xBDD6,0xB5B5,
    0xAD74,0xBDB6,0xAD74,0xAD54,0xB575,0xAD34,0xAD54,0xAD54,0xA533,0xAD34,0xAD74,0xAD74,
    0xBDD6,0xB5B5,0xB575,0xB595,0xAD34,0xA513,0xA513,0xAD54,0xAD54,0xAD74,0xAD54,0xAD54,
    0xAD54,0xAD74,0xB5B5,0xB595,0xB595,0xB575,0xAD75,0xB595,0xBDD6,0xB595,0xBDD6,0xE73C,
    0xEF7D,0xBE17,0xB575,0xAD54,0xB595,0xAD74,0xB595,0xBDD6,0xBDB6,0xB595,0xB575,0xB5B6,
    0xC617,0xBDD6,0xB595,0xB595,0xBDD6,0xC638,0xC638,0xD699,0xD6BA,0xC637,0xBDB6,0xBDB6,
    0xB5B6,0xB595,0xAD74,0xBDD6,0xAD54,0x9CD2,0xAD74,0xB595,0xB595,0xB575,0xAD54,0xAD54,
    0xAD54,0xB595,0xAD54,0xBDF7,0xBDF7,0xA534,0xA533,0xAD34,0xA513,0xB5B6,0xBDD6,0xBDB6,
    0xB5B6,0xBDD6,0xC658,0xD6BA,0xBDD6,0xBDB6,0xB595,0xB575,0xB595,0xAD54,0xA533,0xA533,
    0xAD74,0xAD34,0xA513,0xA513,0xA513,0xA513,0xAD34,0xAD54,0xAD34,0xB595,0xAD75,0xB575,
    0xB595,0xB595,0xBDD6,0xBDD6,0xBDD6,0xBDF7,0xC617,0xBDD6,0xB5B6,0xC617,0xC617,0xB5B5,
    0xC617,0xC617,0xB595,0xC638,0xDEDA,0xC637,0xB5B5,0xAD74,0xA4F2,0x9CD2,0xAD54,0xA4F3,
    0xB595,0xBDD6,0xA534,0xA513,0xA4F2,0xA4F3,0xA513,0xAD54,0xC617,0xC637,0xAD75,0xAD54,
    0xA4F3,0xA4F3,0xA513,0xA513,0xAD54,0xAD75,0xAD75,0xAD75,0xAD54,0xB595,0xBDD6,0xBDD6,
    0xBDD6,0xBDD7,0xBDD7,0xB5B6,0xB595,0xB5B5,0xAD75,0xB595,0xBDD6,0xBDD6,0xBDF7,0xC638,
    0xCE58,0xCE99,0xBDD6,0xAD54,0xB595,0xBDD6,0xBDF7,0xB5B6,0xAD54,0xA534,0xAD75,0xAD75,
    0xA513,0xAD54,0xBDF7,0xB5B6,0xAD54,0xA513,0x9CF2,0xA4F3,0xA513,0xA513,0xA513,0xAD34,
    0xAD54,0xA4F3,0x9CD2,0xA513,0xB595,0xBDD7,0xAD74,0xAD74,0xA554,0xAD74,0x94B2,0x9491,
    0x9CF2,0xAD75,0xA534,0x9CD2,0xA533,0xA4F3,0xA513,0x94B1,0xA4F3,0xA513,0x9CD2,0x9CB2,
    0x9CD2,0x94B1,0x7BCE,0x840F,0x7BCE,0x6B2C,0x62EB,0x5289,0x4A49,0x5269,0x4A48,0x39E7,
    0x4207,0x4207,0x4207,0x4228,0x4A28,0x4A48,0x4A28,0x4A28,0x4A48,0x4A69,0x5289,0x4A49,
    0x4A69,0x4A48,0x4A48,0x52AA,0x5ACA,0x5289,0x4A69,0x4A49,0x5289,0x4A69,0x4A49,0x5289,
    0x632C,0x6B4C,0x6B6D,0x632C,0x6B4C,0x736D,0x6B4C,0x9CD2,0x9491,0x7BCF,0x632C,0x5AEB,
    0x630B,0x6B4C,0x630C,0x738D,0x7BCE,0x6B2C,0x738D,0x738D,0x73AE,0x7BCF,0x7BEF,0x7BEF,
    0x8430,0x94B2,0x8410,0x8430,0x8430,0x73AE,0x73AE,0x6B6D,0x6B6D,0x73AE,0x6B6D,0x632C,
    0x6B6D,0x5B0B,0x4A49,0x52AA,0x5ACB,0x5ACA,0x52AA,0x6B4C,0x6B4C,0x5AAA,0x4A69,0x31A6,
    0x39E7,0x4A69,0x52AA,0x5AEB,0x630B,0x630B,0x6B2C,0x73AE,0x7BCE,0x840F,0x8C30,0x7BEF,
    0x842F,0x9491,0x840F,0x83EF,0x94B1,0xAD54,0xA513,0x9CB2,0x9471,0x8C50,0x9CB2,0x9CD2,
    0xA513,0xA513,0xA534,0xAD54,0x9CB2,0x9471,0x9491,0x9491,0x8430,0x842F,0x7BEF,0x73AE,
    0x8410,0x6B4C,0x52CA,0x52AA,0x5AEB,0x4A69,0x4A69,0x52AA,0x4A69,0x4A49,0x4A48,0x4208,
    0x4207,0x5269,0x4A48,0x4207,0x4A48,0x4A69,0x4A69,0x4A69,0x4A49,0x52AA,0x52AA,0x4A69,
    0x4A69,0x5AEB,0x52AA,0x4A69,0x52AA,0x52A9,0x5289,0x5289,0x5ACA,0x5AAA,0x52A9,0x52A9,
    0x5ACA,0x6B4C,0x738D,0x738D,0x7BAD,0x840F,0x842F,0x7BAE,0x6B2C,0x5ACA,0x5ACA,0x5ACA,
    0x52A9,0x4A69,0x4A69,0x7BAE,0x8C50,0x8C50,0x8C30,0x8C50,0x8C50,0x94B1,0x9CD2,0x9471,
    0x9471,0x9491,0x6B6D,0x8C50,0x94B1,0x9470,0x9CB2,0x8C30,0x8C50,0x6B2C,0x5269,0x83EE,
    0x8C50,0x7BCE,0x83EF,0x6B2C,0x9CD2,0xA513,0x9CD2,0xA4F3,0x9CB2,0x9491,0x8C50,0x8C50,
    0x9CD2,0x9CB2,0x9CF3,0xA513,0xA534,0xAD54,0x9CD2,0x9CB2,0x9471,0x8C50,0x9491,0x9CD2,
    0x8C70,0x842F,0x8430,0x6B6C,0x6B4C,0x736D,0x8C70,0x9470,0x842F,0x83EF,0x8C50,0x9491,
    0x840F,0x840F,0x7BAD,0x840F,0x8C30,0x8C2F,0x842F,0x8C30,0x94B1,0xA533,0xAD34,0xCE79,
    0xC617,0xA513,0x9CF2,0xA513,0xA513,0xA4F3,0xAD54,0xB5B5,0xBDD6,0xDEDA,0xC638,0xAD75,
    0xAD74,0xA513,0xA513,0x9CF2,0x94B2,0xA533,0xB595,0xC658,0xBDD6,0xB5B6,0xC617,0xD6DA,
    0xE71B,0xDEFB,0xD6B9,0xDEFB,0xD699,0xC617,0xC5F7,0xCE79,0xCE58,0xBDD6,0xBDD6,0xB5B5,
    0xB595,0xB5B6,0xB595,0xB595,0xAD34,0xA533,0xAD54,0xAD54,0xAD34,0xA533,0xAD54,0xB595,
    0xB575,0xA533,0xA533,0xAD54,0xAD54,0xAD54,0xAD75,0xB575,0xBDF7,0xCE78,0xB5B5,0xAD74,
    0xAD54,0xAD74,0xA513,0xA533,0xAD34,0xA513,0xAD74,0xAD54,0xAD75,0xAD75,0xAD54,0xAD54,
    0xAD34,0xA513,0x9CD2,0xA533,0xAD75,0xB595,0xAD54,0xB595,0xBDF7,0xB595,0xB595,0xB595,
    0xBDD6,0xAD33,0xB575,0xBDD6,0xB5B6,0xBDD6,0xC638,0xE73C,0xF79E,0xC658,0xAD75,0xAD74,
    0xAD74,0xAD54,0xB595,0xBDF6,0xBDF7,0xBDD6,0xBDD6,0xBDD6,0xC617,0xC617,0xB595,0xBDD6,
    0xCE58,0xCE99,0xCE79,0xD699,0xCE58,0xC638,0xC617,0xBDD6,0xB595,0xAD54,0xB595,0xBDD6,
    0xAD34,0xA513,0xBDD6,0xBDB6,0xB595,0xAD34,0xA533,0xA513,0xAD74,0xB595,0xAD54,0xC617,
    0xBDD6,0xA513,0xA513,0xAD54,0xAD54,0xBDD6,0xB5B6,0xBE17,0xBDD6,0xBDF7,0xC617,0xBDD6,
    0xB595,0xC617,0xB595,0xAD54,0xAD54,0xAD54,0xA513,0xA4F3,0xA533,0xA513,0xA533,0xA513,
    0xA533,0xA513,0xAD54,0xAD74,0xAD54,0xAD74,0xAD75,0xBDD6,0xB5B5,0xB5B5,0xBDD6,0xB595,
    0xB5B6,0xBDD6,0xB595,0xBDD6,0xBDF7,0xC638,0xC638,0xC617,0xBDF7,0xBDB6,0xB5B6,0xC617,
    0xC638,0xC617,0xB595,0xAD34,0xA4F3,0x9CD2,0xA4F2,0xAD34,0xB575,0xBDF7,0xAD75,0xA534,
    0xB595,0xB575,0xAD34,0xA534,0xAD74,0xAD34,0xAD34,0xA533,0xA513,0x9CB2,0x9CD2,0xA4F3,
    0xA534,0xAD54,0xAD74,0xAD54,0xAD75,0xBDD6,0xBDB6,0xBDD6,0xBDF7,0xC638,0xBDD6,0xB5B6,
    0xB5B6,0xB595,0xB5B6,0xB5B5,0xBDD6,0xC617,0xC658,0xCE79,0xE73C,0xF7BE,0xD6BA,0xC617,
    0xB595,0xAD54,0xAD54,0xAD54,0xB5B6,0xB595,0xAD74,0xAD75,0xA513,0xB595,0xCE79,0xBDD6,
    0xAD54,0xA513,0xA513,0x9CD2,0x9CD2,0x9CD2,0xA534,0xAD34,0x9CF2,0x9CF2,0xA533,0xAD54,
    0xAD54,0xAD54,0xAD54,0xA534,0xA513,0x840F,0x840F,0x9471,0x9CD2,0xB5B6,0xB595,0xA4F3,
    0x9CD2,0x9CF2,0x9CB2,0x9CD2,0xA4F3,0xA534,0xAD54,0xA513,0x9CD2,0x94B1,0x8C30,0x7BEE,
    0x73AD,0x6B4C,0x630B,0x52AA,0x4A69,0x4A69,0x4207,0x39C6,0x4207,0x4A48,0x4228,0x4207,
    0x4207,0x4A69,0x4A48,0x4A28,0x4227,0x4A69,0x5289,0x4A69,0x4A48,0x4A48,0x4A69,0x630B,
    0x5ACB,0x4A69,0x4A49,0x4A49,0x4A49,0x4A69,0x4A48,0x4A69,0x52AA,0x630B,0x738D,0x6B6D,
    0x52AA,0x5ACA,0x630B,0x73AE,0x840F,0x6B4C,0x630B,0x5AEB,0x5B0B,0x6B4C,0x6B4C,0x73AD,
    0x6B6D,0x630B,0x630B,0x630B,0x632C,0x6B6D,0x6B6D,0x738D,0x840F,0x840F,0x738D,0x840F,
    0x8430,0x840F,0x840F,0x738D,0x6B6D,0x73AD,0x6B6D,0x6B6D,0x52AA,0x52AA,0x5AEB,0x630C,
    0x632C,0x630C,0x6B4D,0x6B4C,0x6B4C,0x62EB,0x52AA,0x4A48,0x4A48,0x4A28,0x5269,0x5ACB,
    0x5ACA,0x5ACA,0x630B,0x736D,0x738D,0x6B6D,0x7BCE,0x83EF,0x840F,0x9D13,0x8C70,0x840F,
    0x9491,0xA4F3,0x94B1,0x8C50,0x8C50,0x842F,0x9491,0x9CD2,0x9CF3,0xAD54,0xAD75,0xAD54,
    0x9CD2,0x9CD2,0x94B2,0x8C50,0x840F,0x8C70,0x73AE,0x7BCE,0x634C,0x5B0B,0x5B0B,0x52AA,
    0x4A89,0x4A49,0x4A69,0x4A69,0x4248,0x4248,0x4A49,0x4A48,0x4228,0x4A69,0x5289,0x4A48,
    0x4228,0x4A48,0x4228,0x5289,0x52AA,0x4A69,0x5289,0x4A48,0x5269,0x5ACA,0x630B,0x5289,
    0x5ACA,0x5289,0x4A48,0x5289,0x5ACA,0x6B2C,0x5ACA,0x62EB,0x6B4C,0x6B6C,0x736D,0x6B2C,
    0x62EA,0x6B2C,0x738D,0x632C,0x630B,0x5ACA,0x5AAA,0x5289,0x4A69,0x4A69,0x4A69,0x5289,
    0x7BAE,0x7BEE,0x7BCE,0x9491,0x9491,0x8C50,0x8C70,0x94B1,0x9491,0x8C50,0x8C30,0x9471,
    0x840F,0x9470,0x9491,0x9470,0x7BCE,0x7BCE,0x738D,0x736D,0x8C50,0x7BAE,0x83EF,0x8C50,
    0xA513,0x9CF2,0x9491,0x9491,0x8C70,0x94B1,0x9491,0x9CB2,0xAD74,0x94B1,0x9471,0x9471,
    0xAD54,0xAD34,0x9CB2,0x94B1,0x842F,0x9470,0x8C70,0x94B2,0x8C50,0x632C,0x52AA,0x5289,
    0x5289,0x5289,0x738D,0x736D,0x62EA,0x62EB,0x7BCE,0x9470,0x840F,0x840F,0x840F,0x8C50,
    0x9CB2,0x94B1,0x8C50,0x7BCE,0x8C70,0xA513,0xB595,0xBDD6,0xBDD6,0xB575,0x9CD2,0xA513,
    0xA4F2,0xAD34,0xBDD6,0xBDD6,0xB575,0xBDF7,0xC617,0xB5B6,0xAD54,0xA534,0xA513,0x94B1,
    0x9491,0xA513,0xAD54,0xBDF7,0xB595,0xBDD6,0xC638,0xD6BA,0xDEFB,0xDEDA,0xD6BA,0xD6BA,
    0xCE58,0xCE58,0xCE58,0xCE79,0xCE58,0xBDF7,0xBDD6,0xBDD6,0xBDD6,0xB5B6,0xB5B5,0xB5B5,
    0xAD75,0xAD54,0xA533,0xB575,0xAD54,0xA533,0xB595,0xB595,0xA513,0xA4F2,0xB575,0xA513,
    0xA533,0xA533,0xAD34,0xB595,0xBDF6,0xC637,0xC5F7,0xBDD6,0xBDD6,0xBDD6,0xAD74,0xAD54,
    0xA513,0xA533,0xAD74,0xA533,0xA513,0xA513,0xA534,0xAD34,0xAD34,0xA513,0x9CD2,0xA513,
    0xB595,0xB595,0xAD54,0xAD34,0xBDF6,0xB575,0xBDD6,0xBDF7,0xBDD6,0xB595,0xB5B5,0xB595,
    0xB5B6,0xC617,0xC638,0xCE58,0xCE58,0xC617,0xC638,0xBDD6,0xBDD6,0xB595,0xBDF7,0xC617,
    0xBDF6,0xB595,0xB595,0xB5B5,0xBDB6,0xB5B6,0xB595,0xB5B6,0xBDF7,0xCE99,0xD699,0xCE79,
    0xC617,0xCE78,0xCE99,0xB5B6,0xAD54,0xBDD6,0xBDD6,0xAD74,0xAD54,0xAD54,0xB595,0xAD34,
    0xB575,0xAD54,0xA533,0xA513,0xB595,0xB595,0xAD54,0xC617,0xB595,0xA513,0xA513,0xAD54,
    0xAD54,0xBDD6,0xB5B6,0xBDF7,0xBDF7,0xC617,0xC637,0xBDD6,0xBDD6,0xBDD6,0xB595,0xAD54,
    0xA533,0xAD54,0xA533,0xA513,0xA533,0xA533,0xAD34,0xA533,0xA513,0xA533,0xAD54,0xAD54,
    0xAD74,0xB595,0xBDD6,0xBDF7,0xBDD6,0xB595,0xB5B5,0xAD54,0xAD54,0xBDD6,0xB5B5,0xB5B6,
    0xCE58,0xBDF7,0xBDF7,0xC617,0xBDF7,0xBDD6,0xC617,0xCE58,0xC638,0xB595,0xA533,0xA513,
    0xA513,0xA533,0xA513,0xB575,0xAD34,0xAD54,0xAD74,0xAD54,0xAD54,0xAD54,0xA533,0xA513,
    0xAD34,0xA533,0xA4F3,0xA513,0x9CD2,0x9CD2,0xA513,0xA4F3,0xA513,0xAD75,0xB5B6,0xAD54,
    0xB595,0xBDD7,0xBDD6,0xBDD6,0xBDF7,0xBDF7,0xC617,0xBDD6,0xC617,0xC638,0xBDD7,0xB5B6,
    0xB5D6,0xC617,0xCE58,0xDEDA,0xEF9E,0xFFFF,0xDEFB,0xCE58,0xB5D6,0xAD54,0xAD54,0xAD74,
    0xAD74,0xB595,0xA533,0xA534,0xAD54,0xAD54,0xAD74,0xA534,0xA513,0xA513,0xA534,0xA4F3,
    0x9CD2,0x94B1,0x9CF2,0xA513,0x9CD2,0x9CD2,0xA4F3,0x9CB2,0xA4F3,0xA513,0x9CF2,0xBDF7,
    0xAD54,0x8C30,0xA4F3,0x9CD2,0x9CD2,0xA513,0xAD34,0xA534,0x9CD2,0x9CB2,0x9CD2,0xA4F3,
    0xA4F3,0xA513,0xB5B6,0xB595,0x9CB2,0x94B1,0x9CF2,0x7BCE,0x62EB,0x632C,0x6B4C,0x5AEB,
    0x5ACA,0x5ACA,0x4207,0x39E7,0x4207,0x4A28,0x4207,0x4207,0x4207,0x4228,0x4A48,0x4228,
    0x4207,0x4A48,0x5289,0x5289,0x4A48,0x4A69,0x4A69,0x5289,0x4A69,0x4228,0x4207,0x4A48,
    0x4A69,0x4A49,0x4A49,0x4A49,0x4A48,0x6B6D,0x736D,0x6B2C,0x5ACA,0x5ACA,0x632C,0x6B4C,
    0x840F,0x632C,0x52CA,0x5ACB,0x5AEB,0x73AD,0x73AD,0x6B4C,0x6B4C,0x6B4C,0x630B,0x5ACA,
    0x630B,0x6B4D,0x6B4C,0x7BAE,0x840F,0x7BCE,0x73AD,0x7BCE,0x83EF,0x8430,0x8430,0x7BEF,
    0x738D,0x6B6D,0x7BCE,0x73AE,0x5AEB,0x5ACA,0x5AEB,0x6B4C,0x632C,0x630B,0x738D,0x630C,
    0x5AEB,0x632C,0x630B,0x5ACB,0x4A69,0x5269,0x5289,0x5ACA,0x4A69,0x4A69,0x52AA,0x630B,
    0x6B6D,0x632C,0x738D,0x73AD,0x7BCE,0x7BCE,0x83EF,0x8C50,0x8C50,0x9491,0x94B1,0x9471,
    0x9491,0x9491,0x8C70,0x9CF2,0xA513,0xAD74,0xB595,0xAD54,0xA534,0xA534,0x94B2,0x8C50,
    0x8430,0x840F,0x7BCE,0x7BEF,0xA514,0x738E,0x6B6D,0x630C,0x4A69,0x4249,0x4A49,0x4A69,
    0x4228,0x4228,0x4A69,0x4A69,0x4A69,0x4A48,0x4A69,0x4A48,0x4248,0x4A48,0x4A69,0x5289,
    0x5ACA,0x52AA,0x5ACA,0x5269,0x5289,0x5AAA,0x5AAA,0x52AA,0x52A9,0x4A69,0x4228,0x4A48,
    0x5289,0x5ACA,0x62EB,0x630B,0x6B4C,0x738D,0x738D,0x6B2C,0x5ACA,0x6B4C,0x632B,0x52AA,
    0x52A9,0x5AAA,0x5289,0x4A69,0x4A48,0x4A48,0x4A69,0x4A48,0x4A49,0x5ACA,0x6B6D,0x8C50,
    0x8C70,0x8C50,0x83EF,0x842F,0x8C30,0x842F,0x83EF,0x83EF,0x840F,0x9491,0x8C70,0x840F,
    0x7BCE,0x736D,0x8C30,0x8430,0x8C30,0x7BAE,0x840F,0x8C70,0x840F,0x94B1,0xA513,0x83EF,
    0x7BAE,0x842F,0x8C70,0xA513,0xA534,0x9CD2,0x7BCE,0x840F,0x94B1,0xA513,0x94B1,0x9491,
    0x94B1,0x842F,0x840F,0x7BEF,0x738D,0x5AEB,0x5ACA,0x6B6C,0x630B,0x52AA,0x62EB,0x62EB,
    0x5289,0x630B,0x7BCE,0x842F,0x8C50,0x840F,0x8C2F,0x9CB2,0x9471,0x94B1,0x9CD2,0x94B1,
    0xAD74,0xA533,0xAD74,0xBDF7,0xBDB5,0xB575,0xA4F2,0x9CB2,0xA513,0xAD75,0xB5B5,0xAD74,
    0xBDD6,0xBDF6,0xBDD6,0xB595,0xA513,0x9CB2,0x9CB1,0x9CB2,0x9CD2,0xA513,0xA533,0xBDD6,
    0xB5B6,0xBDD6,0xC638,0xCE79,0xD6DA,0xE71B,0xDEDA,0xCE79,0xCE79,0xD6BA,0xD6BA,0xCE79,
    0xC617,0xBDF6,0xBDD6,0xBDD6,0xBDD6,0xC617,0xBDF7,0xB595,0xB575,0xBDD6,0xAD54,0xAD74,
    0xAD34,0xAD34,0xB595,0xAD75,0x9CF2,0xA4F2,0xA513,0x9CF2,0xA513,0xA533,0xA533,0xAD54,
    0xB595,0xAD54,0xB595,0xB595,0xBDB5,0xBDB5,0xB595,0xAD74,0xAD34,0xAD54,0xB575,0xAD54,
    0xB595,0xA513,0x9CF2,0xAD54,0xA533,0xA533,0xA513,0xA4F2,0xB5B5,0xAD54,0xA533,0xAD74,
    0xB595,0xAD54,0xAD54,0xAD74,0xB595,0xBDD6,0xBDD6,0xB595,0xBDD6,0xBDD6,0xB5B6,0xBDD6,
    0xC637,0xBDD6,0xCE58,0xCE79,0xC617,0xBDD6,0xBDD6,0xBDF7,0xBDD6,0xBDD6,0xB5B5,0xBDB6,
    0xB595,0xB575,0xB575,0xB575,0xBDB6,0xBDD6,0xC658,0xCE78,0xC617,0xCE78,0xD699,0xBDD6,
    0xB595,0xBDD6,0xBDD6,0xAD54,0xAD54,0xAD54,0xAD34,0xA513,0xB575,0xB595,0xAD54,0xB595,
    0xB595,0xBDD6,0xB5B6,0xBDD6,0xAD34,0xA513,0xAD34,0xAD74,0xB575,0xBDD6,0xC617,0xC638,
    0xCE79,0xCE58,0xC638,0xC617,0xBDD6,0xBDD6,0xB5B6,0xB575,0xB595,0xBDD6,0xB5B6,0xBDB6,
    0xB595,0xA533,0xAD74,0xAD54,0xAD54,0xAD54,0xAD54,0xAD74,0xB575,0xBDD6,0xBDD6,0xBDF7,
    0xBDD6,0xBDB6,0xB5B5,0xBDB6,0xB575,0xBDD6,0xBDD6,0xB5B5,0xD699,0xCE58,0xBDF7,0xBDD6,
    0xBDF7,0xCE58,0xDEFB,0xC617,0xB5B5,0xBDB6,0xAD54,0xA513,0xA513,0xA533,0xA533,0xB595,
    0xBDD6,0xB595,0xAD34,0xAD54,0xAD75,0xA513,0x9CD2,0x9CF2,0x9CF2,0xAD54,0xA513,0x9CD2,
    0x9CD2,0x9CD2,0xA513,0xA513,0x9CD2,0xA533,0xAD54,0xAD54,0xB595,0xB595,0xB5B5,0xB575,
    0xBDD6,0xBDF7,0xC617,0xC617,0xCE58,0xC638,0xBDD7,0xBDF7,0xBE17,0xCE58,0xCE79,0xD6BA,
    0xDEFB,0xDF1B,0xCE99,0xBDF7,0xBDD6,0xB5B5,0xAD74,0xAD54,0xA533,0xA513,0xAD54,0xAD54,
    0xAD54,0xA534,0xA513,0xA4F3,0xA534,0xA513,0x9CF2,0x9CD2,0x94B1,0x94B1,0x9CF2,0x9CF2,
    0xA513,0x9CD2,0x9491,0x9CB2,0x94B1,0x9491,0x94B1,0xA513,0xA513,0x9CD2,0xA4F2,0xAD34,
    0xA533,0xA533,0xA534,0xAD54,0xA513,0x9CD2,0x9CF2,0xA533,0x9CD2,0xA513,0xAD54,0xAD75,
    0xA533,0x9491,0x94B2,0x8C50,0x6B4C,0x5AEB,0x5ACA,0x5ACA,0x5AAA,0x52AA,0x4A69,0x4207,
    0x4207,0x4207,0x41E7,0x4207,0x41E7,0x41E7,0x4207,0x4207,0x4207,0x4A48,0x4A69,0x5289,
    0x4A69,0x4A48,0x4A48,0x4A48,0x4A69,0x4A48,0x4228,0x4228,0x4A48,0x4A48,0x4A49,0x4248,
    0x4228,0x632C,0x630B,0x6B6C,0x6B2C,0x52AA,0x630B,0x8C71,0x7BCE,0x5ACA,0x52AA,0x5ACB,
    0x632C,0x6B4C,0x6B4C,0x6B6D,0x6B4C,0x632C,0x630B,0x5ACA,0x6B2C,0x6B6D,0x738D,0x7BCE,
    0x83EF,0x840F,0x73AD,0x6B6D,0x7BCF,0x9491,0x8C50,0x840F,0x738D,0x6B4C,0x736D,0x73AE,
    0x632C,0x5AEB,0x5289,0x5ACA,0x630C,0x5ACA,0x6B4C,0x6B6D,0x5ACA,0x5AEB,0x5AEB,0x5ACA,
    0x4A69,0x630C,0x630C,0x5AEB,0x52AA,0x52AA,0x4A69,0x6B2C,0x736D,0x632C,0x6B6D,0x6B4C,
    0x736D,0x6B6D,0x7BCE,0x8C30,0x9471,0x9471,0x9491,0x9491,0x94B1,0x94B2,0x94B1,0x9CF2,
    0xAD54,0xB595,0xB5B6,0xB595,0xAD75,0xA534,0x9CF3,0x94B2,0x8C70,0x8430,0x7BEF,0x8430,
    0xB595,0x7BEF,0x6B6D,0x6B6D,0x52AA,0x4248,0x4228,0x4A69,0x4A49,0x4A49,0x5289,0x5ACA,
    0x52A9,0x4A69,0x4A48,0x4A48,0x4A48,0x5289,0x6B2C,0x62EB,0x52AA,0x52AA,0x630B,0x630B,
    0x4A69,0x5269,0x4A69,0x4A48,0x5269,0x4A69,0x4A69,0x4A48,0x5289,0x5ACA,0x630B,0x6B2C,
    0x738D,0x840F,0x7BCE,0x630B,0x62EB,0x6B6D,0x5AEB,0x5289,0x5289,0x5289,0x5289,0x4A48,
    0x4A48,0x4207,0x4A48,0x4A48,0x4A49,0x4A49,0x4228,0x5AEB,0x7BCE,0x5AEB,0x5ACA,0x630B,
    0x7BCE,0x7BCE,0x840F,0x738D,0x6B4C,0x94B1,0xB595,0x6B4C,0x6B4C,0x632B,0x840F,0x7BCE,
    0x7BCE,0x8C70,0x9491,0x83EF,0x8C30,0x8C30,0x7BCE,0x6B6D,0x7BCE,0x73AD,0x840F,0x9491,
    0x9471,0x8C70,0x8C50,0x8430,0x9CD2,0xA4F3,0x9491,0x8C30,0x8C50,0x7BAE,0x6B4C,0x7BCE,
    0x8C30,0x630B,0x5ACA,0x73AD,0x5ACA,0x52AA,0x5289,0x5289,0x5289,0x632B,0x7BCE,0x7BCE,
    0x8C70,0x8C50,0x8C30,0x9491,0x9491,0x9CD2,0xAD54,0xA513,0xBDD6,0xAD54,0xA513,0xAD54,
    0xAD34,0xA513,0xA4F2,0x9CD2,0xA513,0xAD54,0xA533,0xA513,0xAD34,0xB575,0xBDF7,0xB595,
    0xAD54,0x9CD2,0xA4F2,0x9CD2,0x9CD2,0x9CF2,0xA533,0xBDD6,0xC617,0xC638,0xCE58,0xD699,
    0xD699,0xDEFB,0xE71B,0xDEDA,0xD6DA,0xD699,0xD699,0xCE79,0xC617,0xBDF7,0xBDD6,0xB5B6,
    0xBDB6,0xCE58,0xBDF7,0xB5B5,0xB5B6,0xBDD6,0xB595,0xBDF7,0xBDD6,0xB5B5,0xB595,0x9CF2,
    0x9CD2,0xA513,0xA4F3,0xA4F2,0xA513,0xA513,0xA533,0xAD54,0xAD54,0xAD75,0xAD74,0xB595,
    0xB595,0xB595,0xB595,0xAD54,0xAD54,0xAD34,0xB575,0xB595,0xAD74,0xA513,0xA4F3,0xA4F2,
    0xA4F2,0xAD54,0xAD34,0xA513,0xBDF6,0xAD74,0xAD54,0xB595,0xBDD6,0xBDD6,0xAD54,0xA533,
    0xB575,0xBDB6,0xBDB5,0xAD74,0xB575,0xB595,0xB5B5,0xC617,0xC637,0xBDF7,0xC638,0xDEDA,
    0xBDF7,0xB595,0xB595,0xBDD6,0xBDB6,0xBDD6,0xB5B5,0xAD54,0xAD54,0xAD54,0xAD54,0xB595,
    0xB595,0xBDD6,0xCE58,0xBDF7,0xBDD6,0xC5F7,0xBDF7,0xBDD6,0xBDD6,0xBDB6,0xB5B5,0xA534,
    0xB575,0xAD75,0xB595,0xAD74,0xAD75,0xB575,0xB5B6,0xB595,0xB595,0xAD54,0xBDD6,0xBDD6,
    0xAD75,0xAD54,0xB595,0xBDD6,0xBDD6,0xC617,0xC658,0xD6BA,0xD6BA,0xDEDA,0xCE58,0xC638,
    0xBDD6,0xB595,0xB5B5,0xBDF7,0xBDD6,0xBDD6,0xB595,0xB5B5,0xAD75,0xAD54,0xB575,0xB5B6,
    0xAD54,0xAD74,0xAD54,0xAD54,0xAD54,0xAD75,0xB595,0xB5B5,0xBDD6,0xC5F7,0xC617,0xBDD6,
    0xB5B6,0xBDB6,0xB595,0xBDD6,0xD699,0xDEFB,0xCE58,0xC617,0xCE79,0xCE79,0xD699,0xBDD6,
    0xB5B5,0xBDD6,0xB595,0xAD74,0xAD54,0xAD54,0xA513,0xAD54,0xC5F7,0xBDD6,0xBDD6,0xB595,
    0xAD54,0xA533,0xAD34,0x9CB2,0x9CB2,0xAD34,0xA513,0x9CB2,0x9CB2,0x9491,0x9CD2,0xA534,
    0xA513,0xA533,0xAD54,0xAD75,0xAD75,0xB595,0xBDD6,0xB575,0xB595,0xBDD6,0xBDB6,0xBDD6,
    0xBDD6,0xBDD6,0xBDD6,0xB5B6,0xBDD7,0xBDF7,0xBDD6,0xC638,0xC617,0xC617,0xBE17,0xC617,
    0xBDD6,0xB5B6,0xAD74,0xA534,0xA534,0x9CF2,0xA533,0xAD54,0xAD74,0xA534,0xA513,0xA533,
    0xA4F3,0x9CD2,0xA513,0x9CD2,0x9CB2,0xA513,0xA513,0xA513,0xA4F3,0x9CD2,0xA4F3,0x9CB2,
    0x9CB2,0x9491,0x9CB2,0xA513,0x9CF2,0x9CD2,0xA4F3,0xA513,0xAD54,0xB5B5,0xAD34,0x9CD2,
    0x9CD2,0xA4F2,0xA4F2,0x9CD2,0x9CB2,0x9CF2,0x9CD2,0x9CF2,0xAD34,0x9491,0x9471,0x840F,
    0x736D,0x62EB,0x52A9,0x52AA,0x52AA,0x5289,0x5289,0x4207,0x4207,0x4207,0x4228,0x4A28,
    0x4228,0x4A28,0x4207,0x4207,0x4207,0x4228,0x4A69,0x5289,0x5269,0x4A69,0x4A48,0x4A49,
    0x4A28,0x4228,0x4A69,0x4A69,0x4A48,0x4A48,0x4A48,0x4207,0x4A49,0x52AA,0x6B6D,0x6B4C,
    0x630B,0x6B4C,0x6B4C,0x6B4C,0x5ACB,0x632C,0x630B,0x630B,0x630C,0x630C,0x5AEB,0x5AEB,
    0x6B4C,0x6B4C,0x6B6D,0x632C,0x6B4C,0x6B6D,0x6B6D,0x738D,0x7BCE,0x73AE,0x738D,0x7BCE,
    0x840F,0x8C71,0x83EF,0x7BEF,0x8430,0x8C50,0x7BCE,0x73AD,0x6B6D,0x5AEB,0x5ACB,0x5289,
    0x5ACA,0x5ACA,0x632C,0x73AE,0x5AEB,0x5ACA,0x5AEB,0x630B,0x5ACA,0x630C,0x630B,0x6B4C,
    0x62EB,0x5289,0x630B,0x6B6D,0x630B,0x630B,0x632C,0x6B2C,0x73AD,0x736D,0x738D,0x840F,
    0x94B1,0x9CB2,0x9CB2,0x94B2,0x9CB2,0xAD75,0x9CF3,0x9CF2,0xAD54,0xB595,0xB595,0xB5B5,
    0xAD54,0xA534,0xA513,0x9CD2,0x94B2,0x8C50,0x8430,0x8430,0x8410,0x7C0F,0x6B8D,0x738D,
    0x6B4C,0x5B0B,0x4A69,0x4A69,0x4A69,0x4A69,0x52AA,0x5ACB,0x5289,0x4A69,0x4A49,0x4A69,
    0x4A89,0x4A69,0x5ACA,0x5AAA,0x5289,0x5289,0x840F,0x8430,0x6B2C,0x738D,0x632C,0x5289,
    0x4A49,0x4A48,0x4A49,0x4A69,0x5ACA,0x52AA,0x630B,0x736D,0x6B4C,0x7BAD,0x6B4C,0x5289,
    0x52AA,0x632C,0x62EB,0x5ACA,0x52AA,0x5289,0x5ACA,0x4A69,0x4A69,0x4228,0x4A48,0x4A28,
    0x4207,0x4A69,0x4248,0x4A48,0x5ACA,0x4A48,0x5269,0x5269,0x5ACA,0x6B4C,0x7BCE,0x736D,
    0x6B4C,0x9CB2,0x9CD2,0x62EB,0x52AA,0x630B,0x7BEF,0x7BAE,0x736D,0x9CD2,0x94B2,0x9491,
    0x8C50,0x9470,0x73AD,0x630B,0x738D,0x738D,0x840F,0x8C50,0x8430,0x8C50,0x8C50,0x8C70,
    0xA513,0x9CF2,0x9CB2,0x8C30,0x7BEF,0x738D,0x6B4C,0x7BCE,0x840F,0x630B,0x4A69,0x5269,
    0x5AAA,0x5289,0x4A48,0x5269,0x52A9,0x52A9,0x736D,0x840F,0x94B1,0x9470,0x840F,0x8C30,
    0x94B1,0xA4F2,0x9CB2,0xA513,0xA4F3,0x9CD2,0xA513,0xAD34,0xA4F3,0x9CD2,0x9CD2,0xA513,
    0xAD74,0xAD34,0xA533,0xA533,0xAD54,0xB595,0xB5B5,0xB595,0xAD74,0xA513,0x9CD2,0xA513,
    0x9CF2,0x9CD2,0xA4F3,0xAD75,0xBDF7,0xC638,0xD699,0xD6BA,0xCE58,0xD699,0xE73C,0xE71B,
    0xE73C,0xD6BA,0xCE79,0xCE58,0xBDF7,0xC617,0xC617,0xBDD6,0xB595,0xC617,0xC617,0xB5B5,
    0xB595,0xB595,0xBDD6,0xBDD6,0xB5B6,0xB595,0xBDD6,0xAD54,0xA533,0xAD74,0xAD54,0xB575,
    0xB5B5,0xAD74,0xA513,0xA533,0xAD33,0xAD34,0xAD54,0xBDB6,0xBDD6,0xB595,0xAD54,0xAD33,
    0xAD54,0xB575,0xBDD6,0xAD54,0xAD54,0xA513,0xA513,0xA513,0xA513,0xA533,0xA513,0xA513,
    0xAD54,0xAD54,0xAD74,0xAD74,0xAD74,0xB595,0xB575,0xB595,0xB595,0xB5B5,0xB595,0xB595,
    0xBDD6,0xB595,0xAD34,0xAD75,0xAD74,0xC617,0xBDD6,0xBDF7,0xBDD6,0xB5B5,0xB595,0xB5B5,
    0xBDD6,0xC617,0xB595,0xAD34,0xAD54,0xAD54,0xAD74,0xB595,0xAD54,0xBDD6,0xBDF7,0xB5B5,
    0xC5F7,0xBDD6,0xBDB6,0xB595,0xB595,0xAD74,0xAD34,0xA533,0xAD34,0xAD54,0xB595,0xAD54,
    0xA533,0xA533,0xB595,0xBDD6,0xB5B6,0xB5B5,0xB595,0xBDD6,0xB595,0xAD34,0xAD74,0xB5B5,
    0xB595,0xC5F7,0xCE78,0xD6BA,0xDEFB,0xDEFB,0xCE78,0xC637,0xB5B6,0xBDB6,0xAD75,0xAD54,
    0xB595,0xB595,0xB5B5,0xBDD6,0xAD54,0xAD74,0xAD74,0xBDD6,0xAD74,0xAD74,0xAD54,0xAD54,
    0xAD74,0xAD74,0xB595,0xB5B6,0xB595,0xBDD6,0xBDF7,0xBDF7,0xBDF7,0xBDF7,0xC5F7,0xBDB6,
    0xB595,0xCE58,0xCE79,0xCE58,0xD6BA,0xC637,0xCE58,0xC638,0xC617,0xBDD6,0xB595,0xBDB6,
    0xC637,0xC617,0xB595,0xAD54,0xB5B6,0xB595,0xCE79,0xDEDA,0xAD54,0xAD74,0xB575,0x9CF2,
    0x9CD2,0xA533,0x9CD2,0x9CB2,0x9491,0x9CD2,0x9CD2,0xA513,0xAD34,0xA513,0xA513,0xA534,
    0xAD54,0xB5B6,0xBDD6,0xB575,0xB595,0xBDD6,0xB595,0xBDD6,0xB5B5,0xB5B6,0xB595,0xB5B6,
    0xB595,0xB575,0xB595,0xBDD6,0xB5B6,0xBDD6,0xB595,0xB5B5,0xB595,0xB595,0xAD54,0xAD54,
    0xA534,0xA513,0xA513,0xA534,0xB595,0xAD54,0xA513,0xAD54,0x9CD2,0x9CB2,0x9CF2,0x9CF2,
    0xAD34,0xA513,0x9CD2,0x9CD2,0xA513,0xA513,0xA4F3,0x9CB2,0x9491,0x9491,0x94B1,0x9CB2,
    0x94B1,0x9491,0x9CD2,0xA4F3,0xB5B6,0xCE79,0xAD54,0xAD74,0x9CD2,0x9CB2,0x94B1,0x9CB2,
    0x9CF2,0xA513,0xA4F2,0xA513,0x9CD2,0x94B1,0x94B1,0x6B4C,0x6B2C,0x5AAA,0x5269,0x5289,
    0x5289,0x5289,0x4A69,0x4228,0x4228,0x4228,0x4207,0x4228,0x4A69,0x4A48,0x4228,0x4228,
    0x4228,0x4A48,0x5269,0x5289,0x5269,0x4A48,0x4A48,0x4A69,0x4A48,0x4A48,0x4A69,0x5289,
    0x4A69,0x5289,0x4A69,0x4228,0x4A49,0x5289,0x632C,0x52AA,0x5289,0x62EB,0x62EB,0x630B,
    0x630B,0x630C,0x632C,0x5AEB,0x632C,0x5AEB,0x5ACA,0x5AAA,0x6B4C,0x738D,0x7BCE,0x6B6D,
    0x738D,0x6B4C,0x632C,0x630B,0x73AD,0x736D,0x738D,0x7BCE,0x840F,0x840F,0x738D,0x73AE,
    0x94B2,0xA554,0x7BEF,0x7BCE,0x73AE,0x630B,0x630B,0x5AEB,0x5AAA,0x5ACA,0x630B,0x5ACB,
    0x630B,0x5ACA,0x5AAA,0x5AEB,0x5AEB,0x630B,0x632C,0x7BAE,0x73AE,0x630B,0x738D,0x736D,
    0x5ACA,0x5AEB,0x630B,0x6B2C,0x7BCE,0x73AD,0x7BAE,0x7BCE,0x8C30,0x94B2,0x9CD2,0x9CB2,
    0x9CD2,0xAD74,0xA513,0xA513,0xA513,0xAD54,0xB575,0xAD75,0xAD75,0xA534,0x9CD2,0x9CD2,
    0x94B2,0x9491,0x8C70,0x840F,0x8430,0x8430,0x840F,0x6B6D,0x6B6D,0x630C,0x4A89,0x4A49,
    0x4A89,0x4A69,0x52AA,0x5AEB,0x5289,0x5289,0x5289,0x4A89,0x5289,0x4A69,0x4A69,0x4A69,
    0x52AA,0x5AAA,0x842F,0x94B1,0x8C70,0x94B1,0x73AD,0x52A9,0x5ACA,0x52AA,0x5ACA,0x4A69,
    0x630B,0x6B4C,0x6B6D,0x6B6D,0x630B,0x6B6D,0x5AAA,0x4228,0x52A9,0x62EA,0x5AEB,0x5ACA,
    0x5289,0x5269,0x5289,0x5289,0x52AA,0x5ACA,0x5289,0x4A48,0x4228,0x4A69,0x4A49,0x4208,
    0x4A48,0x4A48,0x52AA,0x6B2C,0x5AEB,0x6B4C,0x7BCE,0x630B,0x738D,0x7BCE,0x738D,0x5ACA,
    0x52AA,0x5AAA,0x6B2C,0x840F,0x738D,0x8C30,0x8C50,0x9470,0x94B1,0x8C50,0x8C50,0x83EF,
    0x7BCE,0x83EF,0x842F,0x8C50,0x842F,0x842F,0x9CB2,0x94B2,0x840F,0x8C70,0x9CD2,0x8C50,
    0x840F,0x7BCE,0x630B,0x7BAE,0x6B4C,0x630B,0x630B,0x5269,0x52A9,0x5289,0x4A69,0x5269,
    0x5AAA,0x5289,0x5ACA,0x7BAE,0x94B1,0x8C30,0x8C50,0x9491,0x9491,0x94B1,0x94B1,0x9CD2,
    0x9491,0x9CD2,0xA513,0xB595,0xA513,0x9CB2,0x9CF2,0xA4F2,0xBDD6,0xAD75,0xAD54,0xB595,
    0xBDD6,0xBDD6,0xBDD6,0xB595,0xAD34,0x9CF2,0xA4F3,0xA513,0x9CB2,0xA533,0xB595,0xB595,
    0xBDD6,0xC638,0xD6DA,0xDEFB,0xCE58,0xCE78,0xD699,0xDEDA,0xDF1B,0xDEDA,0xCE79,0xCE79,
    0xC638,0xC5F7,0xB5B5,0xB595,0xB5B5,0xBDF7,0xBDB6,0xB5B6,0xB595,0xAD74,0xB595,0xBDD6,
    0xBDD6,0xC617,0xB595,0xA513,0xA534,0xAD75,0xA4F3,0xA513,0xAD54,0xAD75,0xAD34,0xAD33,
    0xAD54,0xAD54,0xB595,0xCE38,0xBDB6,0xB5B5,0xAD33,0xA533,0xB575,0xB595,0xB595,0xA4F2,
    0xAD54,0xBDD6,0xAD74,0xAD54,0xAD54,0xAD54,0xA513,0xAD34,0xAD33,0xAD74,0xAD54,0xAD54,
    0xAD54,0xAD54,0xAD54,0xAD54,0xAD54,0xB5B5,0xBDD6,0xCE58,0xC617,0xAD74,0xB575,0xB595,
    0xAD74,0xB595,0xB575,0xBDB6,0xBDF7,0xBDD6,0xB595,0xAD74,0xAD34,0xAD54,0xAD54,0xAD54,
    0xAD34,0xAD34,0xB595,0xBDD6,0xB595,0xB595,0xBDF7,0xB595,0xBDD6,0xBDD6,0xC637,0xB595,
    0xA533,0xAD74,0xAD34,0xAD54,0xAD54,0xB5B6,0xAD54,0xA513,0x9CD2,0x9CB1,0xAD34,0xAD54,
    0xAD54,0xB575,0xB575,0xB595,0xB575,0xA533,0xA4F3,0xAD54,0xAD54,0xB595,0xCE58,0xD699,
    0xD699,0xD699,0xCE79,0xC638,0xC5F7,0xC638,0xB5B5,0xB595,0xB575,0xBDD6,0xB5B5,0xBDF7,
    0xB5B5,0xB575,0xB595,0xAD54,0xAD54,0xAD54,0xB575,0xB595,0xB595,0xB595,0xB5B5,0xBDD6,
    0xB595,0xBDB6,0xC617,0xBDD6,0xB595,0xC637,0xD699,0xCE79,0xBDF7,0xB5B5,0xD699,0xD6DA,
    0xCE99,0xC638,0xC637,0xCE79,0xC638,0xBDD6,0xBDD6,0xC617,0xC617,0xC638,0xBDD6,0xAD75,
    0xAD54,0xAD74,0xB595,0xC638,0xC637,0xB575,0xAD34,0xA513,0x9CD2,0x9CF2,0x9CD2,0x9CB2,
    0x94B1,0x9CD2,0xA4F3,0x9CF2,0xA534,0xAD54,0xAD54,0xAD54,0xAD75,0xB595,0xB575,0xB5B5,
    0xBDD6,0xBDB6,0xB595,0xB575,0xB595,0xB5B6,0xBDD6,0xB5B5,0xB595,0xB595,0xAD75,0xAD75,
    0xB595,0xB595,0xAD75,0xB595,0xAD54,0xAD75,0xAD54,0xAD34,0xAD54,0xAD54,0xAD34,0xA533,
    0xAD54,0xAD74,0xA513,0xA513,0x9CF2,0x9CD2,0x9CD2,0xAD54,0xAD54,0xA4F2,0xB595,0xA533,
    0xA4F2,0xA533,0xAD34,0x9CB2,0x9CD2,0x94B1,0x94B1,0x9CD2,0x9491,0x8C70,0x9491,0xA4F2,
    0xAD54,0xAD54,0xA533,0xB595,0xA513,0x94B1,0x9CB2,0x9CB2,0x9CD2,0xA4F3,0x9CD2,0x9CD2,
    0x9CD2,0x9CD2,0x9491,0x6B2C,0x6B4C,0x6B4C,0x5269,0x5289,0x4A69,0x4A69,0x4A69,0x4A48,
    0x4A48,0x4A49,0x4228,0x4A28,0x4A48,0x4A49,0x4A49,0x4A48,0x4228,0x4A28,0x4A48,0x4A69,
    0x4A69,0x4A69,0x4A48,0x4A69,0x4A69,0x4A69,0x4A69,0x4A69,0x4228,0x4A69,0x4A69,0x4A69,
    0x4208,0x4A49,0x630C,0x52AA,0x4A69,0x5289,0x52AA,0x5ACA,0x630B,0x5ACA,0x5AEB,0x5AEB,
    0x632C,0x5ACA,0x52AA,0x7BCE,0x630B,0x5AEB,0x630B,0x632C,0x736D,0x73AD,0x738D,0x630B,
    0x6B4C,0x6B4C,0x6B6D,0x73AE,0x840F,0x7BCE,0x6B6D,0x6B6D,0x83EF,0x8C71,0x7BEF,0x7BCE,
    0x73AE,0x630C,0x5AEB,0x630B,0x630B,0x5AEB,0x5AEB,0x5AEB,0x630B,0x632C,0x5AEB,0x632C,
    0x632C,0x73AE,0x7BCF,0x73AD,0x7BAE,0x738D,0x7BCE,0x738D,0x630B,0x62EB,0x62EB,0x630B,
    0x6B4C,0x738D,0x842F,0x8C50,0x8C50,0x94B2,0x9CD2,0x9CF3,0xA4F3,0x9CD2,0xA534,0xA513,
    0x9CF3,0xAD54,0xAD75,0xAD54,0xA513,0x94B2,0x94B1,0x9CD2,0x9CF3,0x9CD2,0x9CD2,0x8C70,
    0x8430,0x8C50,0x6B4D,0x630C,0x6B4C,0x52CA,0x5289,0x52AA,0x5ACB,0x4A89,0x4A69,0x52AA,
    0x5289,0x4A89,0x5289,0x5289,0x5289,0x52AA,0x5289,0x5289,0x5ACA,0x738D,0x9491,0x94B1,
    0x9CF2,0x94B1,0x736D,0x7BCE,0x840F,0x632C,0x73AE,0x6B4C,0x52AA,0x5AEB,0x738D,0x7BAE,
    0x5AEB,0x5289,0x5289,0x5289,0x5289,0x5ACA,0x5AEB,0x5ACA,0x4A69,0x4A69,0x5ACA,0x5ACA,
    0x5ACA,0x632C,0x5289,0x4A48,0x4228,0x4228,0x4A48,0x4A28,0x4208,0x4A69,0x5289,0x5AEB,
    0x632B,0x736D,0x7BCE,0x630B,0x736D,0x7BAE,0x5ACA,0x630B,0x62EB,0x5AAA,0x83EF,0x9CD2,
    0x7BAD,0x83EF,0x8C50,0x840F,0x8C70,0x8C50,0x8C50,0x9471,0x8C50,0x840F,0x8C30,0x7BCE,
    0x738D,0x840F,0x9491,0x8430,0x9491,0x7BCE,0x8C30,0x840F,0x7BCE,0x738D,0x5AAA,0x6B4C,
    0x7BAE,0x6B4C,0x62EB,0x52AA,0x5269,0x4A69,0x5269,0x5289,0x5AAA,0x5ACA,0x630B,0x7BEF,
    0x83EF,0x8C30,0x9491,0x9CB2,0x9CB1,0x94B1,0x9491,0x9CD2,0x9CB1,0x9CB2,0xA4F3,0x9CD2,
    0x9CB1,0x9491,0x9CD2,0x9CD2,0xAD34,0xAD74,0xB595,0xB595,0xC617,0xCE58,0xC617,0xAD54,
    0xAD74,0xAD34,0xA4F2,0xA513,0xA4F3,0xAD75,0xB595,0xB5B6,0xB595,0xBDF7,0xCE58,0xD699,
    0xD6BA,0xC638,0xC638,0xD6DA,0xD699,0xD699,0xCE79,0xCE58,0xC658,0xBDD6,0xAD54,0xB5B5,
    0xBDD6,0xB5B5,0xB5B5,0xB5B6,0xB595,0xAD75,0xAD75,0xC617,0xCE58,0xC638,0xB595,0xA533,
    0xAD54,0xAD75,0xAD34,0xA513,0xA513,0xA533,0xAD54,0xAD54,0xAD54,0xAD74,0xB595,0xBDB6,
    0xB595,0xA513,0xA513,0xA533,0xAD34,0xAD34,0xA513,0xA533,0xAD74,0xB595,0xB575,0xB595,
    0xBDD6,0xB575,0xAD54,0xAD34,0xA513,0xAD54,0xA533,0xAD54,0xB575,0xAD54,0xAD54,0xAD54,
    0xAD54,0xB575,0xB575,0xBDB6,0xB595,0xB575,0xAD34,0xAD75,0xB575,0xB595,0xB595,0xB5B5,
    0xC617,0xCE58,0xBDD6,0xB575,0xAD33,0xAD54,0xAD74,0xB595,0xB595,0xAD54,0xB595,0xCE78,
    0xBDD6,0xBDD6,0xC617,0xBDD6,0xC617,0xC617,0xBDD6,0xBDB6,0xAD54,0xB5B5,0xB595,0x9CF2,
    0xA533,0xB5B5,0xAD54,0xA533,0xAD54,0xA533,0xAD34,0xA513,0xA513,0xAD54,0xB595,0xBDF7,
    0xBDF7,0xB595,0xAD75,0xB575,0xBDD6,0xBDF7,0xC638,0xCE58,0xC638,0xCE58,0xD699,0xCE58,
    0xC617,0xC5F7,0xBDF7,0xBDD6,0xBDD6,0xBDF7,0xBDD6,0xC617,0xC617,0xB5B5,0xB595,0xB595,
    0xBDD6,0xAD54,0xAD74,0xB595,0xB5B5,0xB595,0xB595,0xB595,0xB5B6,0xBDD6,0xB595,0xAD74,
    0xBDD6,0xBDD6,0xCE58,0xCE78,0xCE79,0xBDD6,0xBDF7,0xCE79,0xCE78,0xCE58,0xC638,0xC638,
    0xC5F7,0xBDF7,0xBDF7,0xBDD6,0xC617,0xC637,0xBDF7,0xB5B6,0xAD74,0xB575,0xAD54,0xAD54,
    0xBDD6,0xB595,0xAD54,0xAD54,0x9CD2,0x9CB2,0x9CB2,0x9CB2,0x9491,0x9470,0x94B1,0xA513,
    0xA513,0xB595,0xB595,0xAD75,0xB595,0xAD74,0xB595,0xB5B6,0xB5B5,0xB5B6,0xB5B5,0xB595,
    0xAD54,0xB5B6,0xBDD6,0xAD75,0xB595,0xB595,0xAD54,0xAD54,0xAD54,0xAD75,0xAD54,0xB575,
    0xAD74,0xAD54,0xB595,0xAD54,0xAD54,0xAD75,0xAD74,0xAD54,0xAD54,0xAD34,0xAD74,0xAD54,
    0xA4F3,0xA4F3,0xA513,0xB595,0xAD75,0xAD34,0xB595,0xA513,0x9CD2,0x9CD2,0x9CD2,0x9CD2,
    0xA4F3,0x9CB2,0x9CB2,0x9491,0x9470,0x9491,0x9CD2,0x9CD2,0xA4F2,0xA533,0xA533,0xA513,
    0x9CD2,0x9CD2,0x9CF2,0xAD34,0xB595,0xAD34,0x9CD2,0xA4F3,0x9CD2,0x9471,0x840F,0x6B2C,
    0x6B2C,0x62EB,0x7BAE,0x62EB,0x4A69,0x5289,0x5269,0x5269,0x4228,0x4A49,0x52AA,0x4A48,
    0x4A69,0x4228,0x4207,0x4227,0x4207,0x4A48,0x4A48,0x4A69,0x5289,0x4A69,0x4A28,0x4A48,
    0x4A69,0x4A48,0x4A49,0x4A49,0x4228,0x4228,0x4A69,0x4228,0x39E7,0x4A48,0x5289,0x4A69,
    0x4A48,0x4A69,0x52AA,0x5289,0x5289,0x52AA,0x5ACA,0x5ACA,0x5ACB,0x5AEB,0x52A9,0x62EB,
    0x5ACA,0x5ACA,0x5AAA,0x5ACA,0x6B6D,0x7BCE,0x73AD,0x738D,0x630B,0x630B,0x6B6D,0x738D,
    0x73AE,0x83EF,0x738D,0x630B,0x738D,0x840F,0x83EF,0x7BEF,0x73AE,0x73AE,0x6B4C,0x630B,
    0x5ACB,0x630B,0x62EB,0x632C,0x6B4C,0x6B4C,0x630B,0x6B4C,0x738D,0x840F,0x9491,0x8C70,
    0x840F,0x7BEF,0x7BEF,0x6B6C,0x630B,0x62EB,0x5AEB,0x62EB,0x736D,0x7BEE,0x8C50,0x9471,
    0x9CF3,0x9CD2,0x94B1,0x94B2,0x9CD2,0x9CB2,0xA513,0xA513,0xA4F3,0xA4F3,0xAD54,0xAD54,
    0xA513,0x94B1,0x9491,0x9CD2,0x9CB2,0xA513,0xA534,0x9491,0x8C50,0x9491,0x7BCE,0x7BCF,
    0x8430,0x8430,0x738D,0x5AEB,0x5AEB,0x5ACA,0x5B0C,0x528A,0x4A89,0x528A,0x4A49,0x4A69,
    0x5AEB,0x52AA,0x4A69,0x5AAA,0x5AEB,0x8C50,0xD699,0xAD75,0x94B2,0x94B2,0x9CB2,0x8C50,
    0x842F,0x842F,0x8C70,0x8C70,0x73AD,0x738D,0x8C30,0x73AE,0x52AA,0x5289,0x52A9,0x5ACA,
    0x52AA,0x5289,0x5ACA,0x5AEB,0x5289,0x4A49,0x4A69,0x5289,0x52AA,0x52AA,0x4A49,0x4248,
    0x4228,0x4A48,0x4A69,0x4A48,0x4A49,0x5289,0x5ACA,0x5289,0x630B,0x83EF,0x6B4C,0x6B2C,
    0x7BCE,0x83EF,0x73AD,0x840F,0x6B2C,0x5ACA,0x7BCE,0x736D,0x5ACA,0x83EF,0x8C50,0x6B6C,
    0x8C50,0x8C30,0x842F,0x9491,0x8430,0x7BCE,0x8C30,0x8430,0x840F,0x9471,0x8C50,0x8C50,
    0x83EF,0x7BCE,0x7BCE,0x736D,0x6B6C,0x62EB,0x52A9,0x5ACA,0x6B6C,0x5AEA,0x4A68,0x4A48,
    0x4A48,0x4A69,0x5289,0x632B,0x632B,0x5AEB,0x6B2C,0x7BCE,0x8C30,0x9491,0xA513,0xA534,
    0xAD34,0x9CD2,0x8C30,0x8C70,0x9470,0x9491,0x9491,0x9491,0x9CB2,0x9CB1,0x9CB1,0xA533,
    0xA513,0xAD54,0xB575,0xAD33,0xAD74,0xC638,0xB595,0xA534,0x9CF2,0xAD54,0xA513,0x9CD2,
    0x9CD2,0xA513,0xB595,0xB575,0xAD74,0xB5B6,0xC617,0xC638,0xCE79,0xD699,0xCE58,0xD6DA,
    0xDEDA,0xD6BA,0xD6DA,0xC637,0xC638,0xC617,0xBDD6,0xBDD6,0xC617,0xBDD6,0xC617,0xBDD6,
    0xAD74,0xAD74,0xAD34,0xB595,0xBDD6,0xBDD6,0xBDD6,0xAD74,0xAD34,0xB595,0xB575,0xAD54,
    0xAD54,0xAD74,0xAD54,0xAD54,0xAD75,0xB575,0xAD74,0xAD54,0xB575,0xAD34,0xA4F2,0xA4F2,
    0xA513,0xAD34,0xA513,0xAD34,0xAD54,0xAD54,0xB595,0xB595,0xAD74,0xB575,0xAD54,0xAD54,
    0xB575,0xAD74,0xAD74,0xAD74,0xAD74,0xAD54,0xB575,0xAD74,0xB574,0xB575,0xAD54,0xAD54,
    0xAD54,0xAD34,0xA4F2,0x9491,0x9471,0xA4F2,0xAD34,0xA533,0xB575,0xBDF7,0xBDF7,0xB5B6,
    0xB575,0xB575,0xAD34,0xBDD6,0xC617,0xC617,0xB5B5,0xB5B5,0xBDB6,0xB575,0xB595,0xBDD6,
    0xB5B6,0xBDD6,0xC617,0xB595,0xAD54,0xB595,0xB595,0xA513,0xAD54,0xAD75,0xA513,0xAD54,
    0xA534,0xAD34,0xA513,0xA533,0xAD34,0xAD54,0xB595,0xBDD6,0xB5B6,0xB595,0xB595,0xBDB6,
    0xB595,0xCE58,0xC617,0xBDF7,0xB5B5,0xBDD6,0xBDD6,0xB5B5,0xBDB6,0xBDD6,0xC617,0xCE38,
    0xD699,0xC617,0xBDF7,0xBDF6,0xBDD6,0xBDD6,0xBDD6,0xB595,0xBDD6,0xAD74,0xAD75,0xAD54,
    0xB575,0xB595,0xB5B5,0xAD74,0xB595,0xBDD6,0xB595,0xAD54,0xBDD6,0xBDB6,0xCE58,0xCE78,
    0xCE58,0xBDB6,0xC617,0xC617,0xC637,0xCE58,0xC638,0xBDF7,0xBDF7,0xC617,0xBDD6,0xBDD6,
    0xC617,0xC638,0xC617,0xBDD6,0xB595,0xBDF7,0xBDF7,0xBDD6,0xB5B6,0xAD54,0xAD54,0xAD54,
    0xA513,0xAD54,0x9CD2,0x9CD2,0x94B1,0x9CB2,0x9CD2,0xA4F3,0xA4F3,0xA513,0xA513,0xA534,
    0xA513,0xAD34,0xB5B6,0xBDD6,0xC617,0xBDF7,0xBDD6,0xBDD6,0xB595,0xB595,0xAD54,0xB595,
    0xB575,0xAD54,0xAD54,0xAD54,0xAD74,0xB595,0xAD54,0xAD54,0xAD54,0xB595,0xAD54,0xAD75,
    0xAD74,0xAD54,0xBE17,0xB595,0xAD34,0xAD74,0xAD34,0xA513,0x9CF2,0xA534,0xB575,0xB595,
    0xAD34,0xA534,0xA513,0xA513,0xA4F3,0x9491,0x9471,0x9CD2,0x9CD2,0x94B1,0x8C50,0x8C50,
    0x9470,0x94B1,0x9CD2,0x94B1,0x9CB2,0xAD54,0xAD54,0xA513,0x9CF2,0x9CD2,0xAD54,0xB595,
    0xAD75,0xB575,0xA4F3,0xA4F2,0x9491,0x840F,0x736D,0x62EB,0x6B2B,0x62EB,0x83EF,0x62EB,
    0x4A69,0x4A49,0x4A69,0x52A9,0x4A48,0x4A69,0x5289,0x4A28,0x4228,0x39E7,0x39E7,0x4207,
    0x4A28,0x4228,0x4228,0x4A69,0x4A69,0x4A48,0x4A69,0x4A69,0x4A48,0x4228,0x4A48,0x4A48,
    0x4248,0x4228,0x4228,0x39E7,0x39E7,0x4228,0x5289,0x5289,0x4A69,0x5289,0x4A69,0x4A69,
    0x5289,0x52AA,0x52AA,0x5AEB,0x630B,0x5AEB,0x5269,0x4A69,0x5AAA,0x5ACA,0x62EB,0x5AEB,
    0x62EB,0x6B4C,0x736D,0x6B6D,0x6B4C,0x630B,0x6B4C,0x6B4C,0x630B,0x736D,0x736D,0x5ACA,
    0x6B2C,0x7BCE,0x7BEF,0x7BAE,0x7BAE,0x73AD,0x6B4C,0x6B6D,0x6B8D,0x6B4C,0x630B,0x630B,
    0x630B,0x6B2C,0x6B4C,0x73AD,0x7BEF,0x840F,0x8C50,0x8C70,0x8430,0x83EF,0x840F,0x840F,
    0x738D,0x630B,0x630B,0x6B6D,0x83EF,0x840F,0x840F,0x8C30,0x9491,0xA4F3,0x9CB2,0x9CB2,
    0x9CD2,0x9CF2,0x9CF3,0xA513,0xA513,0x9CD2,0x9CF2,0xA513,0x9CF2,0xA513,0x9CD2,0x9CD2,
    0xA4F3,0xA554,0x9CF3,0x9491,0x9471,0x94B1,0x94B1,0x94B1,0x94B1,0x94B2,0x8C70,0x6B8D,
    0x7BCE,0x73CE,0x632C,0x6B4C,0x5ACA,0x632C,0x4A69,0x5289,0x5ACA,0x5289,0x5AAA,0x6B4C,
    0x7BEF,0x94B2,0xAD54,0x9CF2,0x8C50,0x8C70,0x9CD2,0x9471,0x8C50,0x8430,0x83EF,0x840F,
    0x83EF,0x9471,0x8430,0x6B2C,0x5AAA,0x5AAA,0x5ACA,0x5ACA,0x52AA,0x4A69,0x5289,0x62EB,
    0x52A9,0x4A48,0x4A69,0x4A69,0x52A9,0x5289,0x4228,0x4228,0x4A48,0x5289,0x5269,0x5289,
    0x4A69,0x5289,0x62EB,0x5ACA,0x62EB,0x738D,0x5AEA,0x6B4C,0x8430,0x7BAE,0x630B,0x738D,
    0x7BCE,0x7BCE,0x83EF,0x738D,0x840F,0x8430,0x7BAE,0x7BCE,0x8C30,0x8C30,0x9470,0x8C50,
    0x8C50,0x83EF,0x840F,0x9CD2,0x8C30,0x9471,0x8C30,0x94B1,0x8C70,0x840F,0x8C70,0x83EF,
    0x738D,0x62EB,0x5289,0x630B,0x630B,0x5AEA,0x5ACA,0x5289,0x5ACA,0x5269,0x5ACA,0x6B2C,
    0x6B4C,0x8C50,0x7BCE,0x738D,0xA533,0x9CD2,0x9491,0xA533,0xB5B6,0x94B1,0x8C2F,0x8C50,
    0x8C50,0x94B1,0x94B1,0x9491,0x9CD2,0x9470,0x9CB2,0xA4F2,0xAD34,0xA513,0xA533,0xA533,
    0xAD54,0xB575,0xB5B5,0xAD54,0x9CD2,0xA533,0xA534,0x9CB2,0x9491,0x9CD2,0xAD34,0xAD34,
    0xAD75,0xBDF7,0xBE17,0xC617,0xBDF7,0xD6DA,0xDEDA,0xDEDA,0xDEFB,0xD6BA,0xD6DA,0xCE99,
    0xD699,0xD6B9,0xD699,0xC638,0xBDF6,0xBDD6,0xBDD6,0xB5B5,0xAD75,0xAD54,0xAD54,0xAD75,
    0xBDD6,0xBDF7,0xBDD6,0xAD54,0xAD54,0xAD75,0xB5B5,0xBDB6,0xB5B5,0xB5B6,0xBDD6,0xBDD6,
    0xBDD6,0xB595,0xAD54,0xAD34,0xAD75,0xAD54,0xA513,0xA513,0xA533,0xB5B5,0xB575,0xAD34,
    0xAD75,0xAD75,0xB5B5,0xB595,0xB595,0xB5B5,0xB595,0xB595,0xAD34,0xB575,0xB595,0xAD74,
    0xB575,0xB595,0xB595,0xAD54,0xAD75,0xB5B5,0xAD74,0xAD54,0xB595,0xAD33,0x9CD2,0x8C71,
    0x8C30,0x9471,0x9CD2,0xA4F3,0x9CB2,0xA533,0xB575,0xB595,0xBDD6,0xAD54,0xAD34,0xB595,
    0xAD54,0xB575,0xAD34,0xA533,0xAD75,0xAD75,0xBDB6,0xBDD6,0xBDD6,0xBDB6,0xBDD6,0xB575,
    0xAD34,0xA533,0xAD34,0xAD54,0xAD54,0xAD54,0xA533,0xA513,0xA533,0xA533,0xA513,0xAD34,
    0xA513,0xA533,0xAD74,0xBDB6,0xB595,0xB595,0xBDD7,0xB575,0xAD54,0xBDD6,0xB5B6,0xBDD6,
    0xAD74,0xAD54,0xAD74,0xAD75,0xAD74,0xAD75,0xBDB6,0xC638,0xCE79,0xBDF7,0xBDF7,0xBDF7,
    0xB5B5,0xB595,0xB595,0xB575,0xAD74,0xAD54,0xAD75,0xB575,0xB595,0xB595,0xB595,0xB595,
    0xB5B5,0xBDB6,0xB595,0xAD34,0xAD75,0xBDD6,0xBDD6,0xC617,0xBDD6,0xBDD6,0xC617,0xCE79,
    0xCE79,0xCE78,0xC638,0xC617,0xC638,0xBDF7,0xBDD6,0xBDD6,0xBDD6,0xB595,0xB595,0xB595,
    0xAD75,0xAD75,0xB5B6,0xBDD6,0xBDB6,0xAD74,0x9CD2,0xA4F2,0xA513,0xA534,0xA534,0xA513,
    0x9CB2,0x9CD2,0x9CD2,0x9CD2,0x9CB2,0x94B1,0x9CD2,0x9CD2,0x9CD2,0xA534,0xAD54,0xBDD7,
    0xBDD6,0xB595,0xBDD6,0xB595,0xB5B6,0xB595,0xAD54,0xB595,0xB595,0xAD54,0xB595,0xAD54,
    0xAD54,0xAD75,0xAD75,0xAD75,0xAD54,0xB595,0xAD54,0xB595,0xAD75,0xB595,0xBDD6,0xAD54,
    0xAD75,0xAD74,0xAD54,0xAD34,0xA513,0xA534,0xB595,0xAD54,0xA513,0xA534,0xA513,0xA4F3,
    0x9CD2,0x94B1,0x9CD2,0x9CD2,0x9471,0x9470,0x9491,0x9470,0x9491,0x9471,0x9491,0x94B1,
    0x8C50,0x840F,0x738D,0x7BAE,0x9CD2,0x9CD2,0xA513,0xA533,0xA4F3,0xAD54,0xA534,0x94B1,
    0x9471,0x8C50,0x840F,0x738D,0x736D,0x736D,0x5AEB,0x52A9,0x5289,0x4A48,0x4A48,0x4A69,
    0x4A69,0x4A48,0x4228,0x4A28,0x4207,0x41E7,0x4207,0x4228,0x4228,0x4228,0x4227,0x4A28,
    0x4A69,0x4A48,0x4A49,0x4A48,0x4A48,0x4228,0x4A49,0x52AA,0x4A49,0x4248,0x4A69,0x39E7,
    0x39E7,0x4A48,0x5ACA,0x52AA,0x5269,0x4A69,0x4A49,0x4A49,0x4A69,0x52A9,0x52AA,0x5ACA,
    0x632C,0x630B,0x5ACA,0x52AA,0x738D,0x630C,0x630B,0x5ACA,0x62EB,0x5ACA,0x630B,0x738D,
    0x6B6D,0x630B,0x630B,0x62EB,0x5AEB,0x630B,0x630C,0x5ACA,0x632B,0x6B4C,0x7BAE,0x73AD,
    0x7BCE,0x73AE,0x6B4C,0x7BCF,0x7BCE,0x73AD,0x6B6D,0x6B6D,0x630B,0x6B4C,0x7BAE,0x7BCE,
    0x840F,0x73AE,0x7BAE,0x840F,0x8430,0x840F,0x840F,0x9491,0x94B2,0x7BCE,0x738D,0x73AE,
    0x840F,0x83EF,0x840F,0x8C50,0x8C70,0x9CB2,0x9CD2,0x9CB2,0x9CD2,0xA4F3,0xA533,0x9CF2,
    0x9CD2,0x9CD2,0x94B1,0x9CD2,0x94B2,0x9CD2,0x9CD2,0x9CD2,0xA533,0x9CF3,0x9CD2,0x9CD2,
    0x9CD2,0xA513,0x9CF3,0x94B2,0x94B1,0x9491,0x94B2,0x8430,0x8C71,0x9471,0x8C30,0x840F,
    0x5AEB,0x630C,0x52AA,0x52AA,0x5ACA,0x52AA,0x5ACA,0x73AE,0x8C50,0x8C70,0x94B1,0x9471,
    0x840F,0x8C30,0x94B1,0x8C70,0x8C70,0x94B1,0x840F,0x7BEE,0x8C30,0x9471,0x738D,0x52AA,
    0x5289,0x5289,0x5ACA,0x5ACA,0x5ACA,0x52AA,0x5ACA,0x6B4C,0x5ACA,0x4A48,0x4A49,0x4A48,
    0x4A69,0x4A69,0x4A48,0x4A69,0x5269,0x5269,0x5289,0x52AA,0x52A9,0x5ACA,0x5AEB,0x5ACA,
    0x630B,0x5AEB,0x5ACA,0x6B6C,0x73AD,0x7BCE,0x73AD,0x736D,0x6B6D,0x842F,0x9CB2,0x8C50,
    0x7BCE,0x8430,0x842F,0x83EF,0x842F,0x842F,0x8C30,0x8C50,0x840F,0x840F,0x8C30,0x8C70,
    0x840F,0x9471,0x9491,0x94B1,0x8430,0x8C30,0x9491,0x83EF,0x6B2C,0x6B2C,0x6B2C,0x736D,
    0x7BCE,0x6B2C,0x630B,0x630B,0x6B6C,0x62EB,0x630B,0x6B4C,0x6B4C,0x7BCE,0x6B4C,0x7BCE,
    0x9CD2,0x9CD2,0x8C50,0x9CB2,0xA533,0x9CB1,0x8C30,0x8C50,0x8C70,0x9491,0x9471,0x9470,
    0x9470,0x9491,0xA4F2,0x9CD2,0xA513,0xA4F2,0xA513,0xAD54,0xB575,0xAD74,0xAD75,0xA533,
    0x9CD2,0x9CB2,0x9CD2,0x9CD2,0x94B1,0xA4F2,0xA513,0xA533,0xAD34,0xAD74,0xBDD6,0xBDD6,
    0xC617,0xCE58,0xD699,0xD6BA,0xD6BA,0xCE58,0xD6BA,0xD6BA,0xCE79,0xD699,0xD6BA,0xD6BA,
    0xBDF7,0xC617,0xC5F7,0xAD75,0xB595,0xB5B5,0xAD54,0xB595,0xB5B5,0xB5B6,0xBDB6,0xB595,
    0xB595,0xAD54,0xAD54,0xB575,0xB5B5,0xC617,0xCE79,0xC638,0xBDB6,0xB595,0xAD74,0xB595,
    0xB575,0xAD54,0xA513,0xAD54,0xA513,0xAD54,0xAD54,0xAD34,0xAD54,0xB595,0xB595,0xAD74,
    0xB5B5,0xB595,0xAD54,0xAD34,0xAD74,0xAD54,0xB5B5,0xBDD6,0xBDF7,0xBDF7,0xBDD6,0xBDD6,
    0xB5B5,0xBDD6,0xB595,0xAD74,0xB595,0xA4F2,0x9471,0x8C30,0x8430,0x9491,0xA4F3,0xA513,
    0xA4F3,0xA533,0xAD54,0xAD54,0xB575,0xB595,0xB575,0xA513,0xA533,0xB575,0xAD34,0xAD54,
    0xAD34,0xBDD6,0xC637,0xBDF7,0xBDF7,0xBDD6,0xAD74,0xB5B5,0xAD74,0xA513,0xA4F2,0xA533,
    0xA4F2,0xAD54,0xB595,0xA534,0xA533,0xAD74,0xB595,0xAD54,0xAD54,0xAD54,0xAD74,0xBDD6,
    0xB595,0xBDB6,0xC617,0xB575,0xAD74,0xBDD6,0xB595,0xBDD6,0xAD74,0xAD34,0xAD54,0xB595,
    0xAD75,0xAD54,0xC617,0xBDD6,0xBDF6,0xC617,0xBDD6,0xC638,0xC617,0xB595,0xAD74,0xB575,
    0xAD54,0xAD54,0xAD54,0xBDD6,0xC617,0xBDF6,0xB595,0xB595,0xBDD6,0xB5B6,0xB5B5,0xAD74,
    0xAD54,0xAD54,0xAD75,0xB575,0xAD74,0xBDD6,0xBDD6,0xCE58,0xC638,0xC638,0xCE58,0xC637,
    0xC617,0xBDD6,0xB595,0xB5B5,0xBDB6,0xB595,0xB5B6,0xB5B5,0xAD74,0xAD34,0xAD75,0xB595,
    0xB5B6,0xAD75,0xA513,0xA4F3,0x9CF3,0xA513,0xAD75,0xAD34,0x9CF3,0x9CF2,0xA4F3,0xA533,
    0x9CF3,0x9CD2,0xA513,0xA513,0xA4F3,0xA534,0xAD54,0xAD75,0xB595,0xB5B5,0xB595,0xAD75,
    0xAD54,0xB595,0xAD75,0xAD74,0xBDD6,0xAD74,0xAD54,0xAD75,0xB595,0xAD54,0xAD54,0xBDD6,
    0xBDB6,0xB595,0xAD75,0xBDD6,0xC638,0xB5B6,0xAD74,0xAD74,0xBDF7,0xAD54,0xA533,0xAD34,
    0xAD75,0xB595,0xAD54,0xA534,0xAD54,0xA513,0xAD34,0xA533,0xA513,0x9CF2,0x9CD2,0x9471,
    0x8C30,0x9471,0x9CB2,0x9CB2,0x94B1,0x8C50,0x8C70,0x8C70,0x83EF,0x6B6D,0x5269,0x632C,
    0x94B1,0xA4F2,0xAD34,0xA513,0xA513,0xAD54,0x9CB2,0x9470,0x840F,0xA513,0xAD54,0x840F,
    0x7BCE,0x7BAE,0x73AD,0x7BCE,0x9491,0x5AEA,0x4A48,0x4A48,0x4A48,0x4A48,0x4A28,0x4228,
    0x4A49,0x4207,0x4207,0x4228,0x4A48,0x4A48,0x4A48,0x5AEB,0x52A9,0x4A69,0x4A49,0x4A48,
    0x4A48,0x4A48,0x5289,0x4A69,0x4248,0x39E7,0x39E7,0x4A49,0x4A48,0x5AAA,0x630B,0x5289,
    0x4A69,0x4A48,0x4A48,0x4A49,0x4A69,0x4A69,0x52AA,0x52AA,0x630B,0x5AEB,0x62EB,0x6B4C,
    0x7BEF,0x5AEB,0x5289,0x73AE,0x7BCF,0x630B,0x630B,0x6B4C,0x6B4C,0x62EB,0x5ACA,0x5ACA,
    0x5AAA,0x632C,0x630B,0x5ACA,0x6B4C,0x736D,0x73AE,0x73AD,0x7BEF,0x7BCE,0x6B4C,0x738D,
    0x6B6D,0x738D,0x7BEF,0x73AE,0x6B4C,0x738D,0x7BEF,0x8430,0x7BCE,0x7BEF,0x7BCE,0x8C50,
    0x94B2,0x9491,0x8C30,0x8430,0x8C70,0x8430,0x8C30,0x8C30,0x840F,0x840F,0x842F,0x9470,
    0x9491,0x9471,0x9CD2,0x9CF2,0x9CD2,0xAD75,0xB5B5,0xA4F3,0x94B1,0x9491,0x9CB2,0x9CD2,
    0x9CB2,0x9CB2,0x9CF2,0x9CD2,0x94B2,0x9CF2,0xAD75,0x9CD2,0x9CF3,0x9CD2,0x9CD2,0x9CF3,
    0xB595,0xA513,0x9CF2,0x94B2,0x94B2,0x94B1,0x9CD2,0x7BCF,0x6B4C,0x632C,0x52AA,0x5ACA,
    0x5AEB,0x52AA,0x52AA,0x842F,0x94B2,0x94B2,0x94B2,0x7BEF,0x8C50,0x83EF,0x840F,0x842F,
    0x94B2,0x94B2,0x840F,0x7BCE,0x840F,0x7BCE,0x6B4C,0x630B,0x52AA,0x5AAA,0x630B,0x5AEB,
    0x5ACA,0x5AAA,0x5AAA,0x632C,0x5ACA,0x4A48,0x4A49,0x4A69,0x4A69,0x4A69,0x5289,0x52AA,
    0x5289,0x5289,0x5289,0x5AAA,0x630B,0x6B4C,0x632B,0x630B,0x6B4C,0x62EB,0x630B,0x73AD,
    0x73AD,0x83EF,0x8C70,0x8C50,0x83EF,0x8C70,0x8C70,0x94B1,0x8C50,0x842F,0x9491,0x9491,
    0x8C50,0x8C50,0x8C50,0x8C70,0x8C50,0x8C30,0x8C50,0x9471,0xA533,0xA4F3,0x9471,0x94B1,
    0x8C30,0x8C30,0x8C70,0x7BCE,0x6B4C,0x73AD,0x7BCE,0x6B4C,0x6B2C,0x62EB,0x5AEA,0x5ACA,
    0x738D,0x7BCE,0x6B6C,0x736D,0x7BCE,0x73AD,0x6B2C,0x6B2C,0x8C2F,0x8C30,0x9491,0x9CB1,
    0x9CB2,0x9CD2,0x9CB2,0x9491,0x9491,0x9CD2,0x8C50,0x9470,0x94B1,0x94B1,0x94B1,0x9CD2,
    0xA513,0x9CB2,0x94B1,0x9CD2,0xA533,0xAD54,0xA513,0x94B2,0x9491,0x9CB2,0x9470,0x9491,
    0x9CD2,0x9491,0x9CD2,0xA513,0xA513,0xA534,0xAD74,0xB595,0xB5B6,0xBDF7,0xD699,0xCE99,
    0xD6DA,0xCE58,0xD6BA,0xDEFB,0xD6BA,0xCE99,0xD6B9,0xDEFB,0xC638,0xC617,0xBDD6,0xAD54,
    0xB595,0xB575,0xBDD6,0xB5B5,0xB595,0xAD75,0xB595,0xBDF7,0xBDD6,0xB595,0xA513,0xAD34,
    0xB575,0xBDD6,0xBDF7,0xBDF7,0xC617,0xAD75,0xBDB6,0xBDD6,0xB5B6,0xAD74,0xAD54,0xAD75,
    0xAD54,0xAD54,0xAD34,0xAD54,0xB595,0xB5B5,0xAD75,0xB595,0xAD54,0xA513,0xA4F2,0xA513,
    0xAD54,0xAD74,0xBDD6,0xB595,0xC638,0xC638,0xBDD6,0xB595,0xB5B5,0xB575,0xB575,0xB595,
    0xAD54,0xAD34,0x9CD2,0x8C50,0x9491,0x9491,0x9CD2,0x9CD2,0xAD34,0xA4F3,0xA513,0xAD34,
    0xAD54,0xB595,0xB595,0xA4F2,0xA4F3,0xB5B6,0xAD75,0xAD54,0xA533,0xBDD6,0xBDD6,0xBDF7,
    0xC638,0xBDD6,0xB5B5,0xB595,0xAD54,0xAD54,0xA534,0xA533,0x9CB2,0x9CF2,0xAD74,0xA533,
    0xA513,0xA513,0xA513,0xAD75,0xAD54,0xAD34,0xB5B6,0xB595,0xB595,0xBDD6,0xB5B6,0xB595,
    0xAD54,0xB595,0xB595,0xB595,0xAD74,0xAD54,0xA4F3,0xA513,0xAD74,0xB595,0xB5B5,0xBDB6,
    0xBDD6,0xBDD6,0xBDD6,0xBDF7,0xBDD6,0xBDD6,0xBDD6,0xAD75,0xAD34,0xAD54,0xB575,0xBDD6,
    0xBDD6,0xB5B5,0xB5B5,0xB5B5,0xB5B6,0xB595,0xBDD6,0xB5B5,0xB595,0xA534,0xA513,0xAD54,
    0xBDD6,0xB595,0xBDD6,0xC617,0xC617,0xBDF7,0xCE58,0xC637,0xBDB6,0xAD75,0xAD34,0xAD54,
    0xB575,0xB595,0xB595,0xBDD6,0xB5B6,0xAD74,0xAD74,0xBDF7,0xB595,0xA4F3,0xA513,0xA513,
    0xA513,0xA513,0xA534,0xA4F3,0x9CD2,0x9CD2,0xA534,0xA513,0xA4F3,0x9CD2,0xA513,0xAD75,
    0xA533,0xA534,0xAD54,0xAD75,0xAD75,0xAD74,0xAD75,0xB595,0xAD75,0xAD74,0xB595,0xB5B5,
    0xB595,0xB595,0xB595,0xAD75,0xAD75,0xB595,0xB595,0xB5B6,0xC638,0xCE58,0xBDB6,0xB5B5,
    0xC638,0xB595,0xAD54,0xAD54,0xAD75,0xAD54,0xB595,0xC637,0xB5B6,0xB595,0xAD75,0xAD34,
    0xAD54,0xA534,0xA533,0xA4F2,0xA533,0xA4F3,0x9491,0x9471,0x8C50,0x9471,0x9CB2,0xA513,
    0x9491,0x9470,0x9CD2,0x8C30,0x9471,0x8C50,0x7BCF,0x8C70,0x9491,0xB595,0xBDB6,0xA4F3,
    0xAD34,0xA4F3,0x8C30,0x840F,0x7BAE,0xA534,0xB595,0x9491,0x8C30,0x7BCE,0x7BEF,0x7BCE,
    0x840F,0x5ACA,0x4228,0x4228,0x39E7,0x4228,0x4228,0x4228,0x4228,0x4208,0x4207,0x41E7,
    0x4A28,0x632C,0x5ACA,0x6B2C,0x5ACA,0x5289,0x4A69,0x4A48,0x4228,0x4228,0x4248,0x4A48,
    0x4228,0x39E7,0x39E7,0x4A69,0x4A69,0x5ACA,0x52AA,0x52AA,0x4A69,0x4A48,0x4A48,0x4A48,
    0x4A48,0x4A49,0x52AA,0x52AA,0x5ACA,0x52CA,0x5AEB,0x6B4C,0x8410,0x52AA,0x5289,0x6B4C,
    0x73AD,0x736D,0x6B4C,0x5ACA,0x6B2C,0x5AAA,0x5289,0x52AA,0x5ACA,0x5ACA,0x5AEB,0x5ACA,
    0x630B,0x6B6C,0x7BCE,0x7BCE,0x7BCE,0x7BAE,0x73AD,0x738D,0x738D,0x6B6D,0x7BEF,0x7BEF,
    0x7BEF,0x8C50,0x94B2,0x9CD2,0x94B1,0x9491,0x8C50,0x9CB2,0xBDD6,0xA513,0x8C50,0x840F,
    0x8C50,0x8C30,0x8C50,0x9471,0x8C50,0x840F,0x8C50,0x9471,0x9471,0x9491,0x9CF3,0x9CF2,
    0x9CF2,0xB595,0xAD54,0x9CD2,0x94B1,0x9491,0x94B1,0x9CD2,0x9CF3,0xA513,0xA4F3,0x9CD2,
    0x9CD2,0x9CD2,0x94B1,0xA513,0xA533,0x9CD2,0xA513,0xAD75,0xBE17,0xBDD6,0xA534,0xA513,
    0xA513,0xA513,0xA513,0x9491,0x73AE,0x738D,0x630B,0x52AA,0x5ACB,0x5ACA,0x5ACA,0x840F,
    0x8C50,0x8C71,0x8C70,0x8C50,0x9471,0x8C70,0x8C50,0x8C50,0x9471,0x8C30,0x840F,0x8C30,
    0x842F,0x73AD,0x7BCE,0x736D,0x5289,0x5ACA,0x5ACA,0x52AA,0x5ACA,0x5ACA,0x5289,0x62EB,
    0x5AAA,0x4A69,0x4A69,0x52AA,0x52A9,0x5289,0x52A9,0x5289,0x5289,0x52AA,0x5AAA,0x5AAA,
    0x62EB,0x6B4C,0x6B4C,0x6B2C,0x6B6C,0x630B,0x630B,0x630B,0x738D,0x7BAD,0x7BCE,0x9471,
    0xAD75,0x9491,0x842F,0x842F,0x840F,0x8430,0x9491,0x8C70,0x840F,0x8C30,0x8C70,0x8C30,
    0x842F,0x8C50,0x840F,0x9471,0xA534,0x9CD2,0x9491,0x8C50,0x840F,0x840F,0x842F,0x7BCE,
    0x736D,0x738D,0x736D,0x6B6C,0x630B,0x5AEA,0x5AEA,0x736D,0x7BCE,0x7BCE,0x83EF,0x8C30,
    0x94B2,0x8C71,0x7BCE,0x73AD,0x8C50,0x8C50,0x94B1,0x94B1,0x9491,0x94B1,0x9491,0x9491,
    0x9491,0x9CB2,0x94B1,0x9CB2,0x9CD2,0x9CD2,0x94B1,0xA513,0x9491,0x9491,0x9CD2,0xA513,
    0xA533,0xA534,0xA4F2,0x94B1,0x9491,0x9491,0x94B1,0x9491,0x9471,0x9491,0x9491,0x9CD2,
    0x9CF2,0x9CD2,0xAD34,0xAD54,0xB595,0xBDD6,0xD699,0xCE99,0xDEDA,0xCE79,0xD6DA,0xDEFB,
    0xDEFB,0xD699,0xD6BA,0xD6DA,0xCE99,0xC617,0xB5B6,0xAD54,0xB595,0xAD54,0xAD74,0xAD75,
    0xAD74,0xB5B6,0xAD54,0xB595,0xAD75,0xAD54,0xA533,0xAD34,0xB575,0xB595,0xB595,0xB595,
    0xBDD6,0xBDD6,0xAD75,0xAD75,0xB595,0xAD54,0xAD74,0xAD34,0xAD34,0xB595,0xBDB6,0xAD74,
    0xB595,0xAD34,0xA533,0xAD74,0xAD54,0xA4F2,0xA513,0xA513,0xA513,0xAD54,0xAD54,0xB595,
    0xAD74,0xB595,0xBDF7,0xC658,0xBDD6,0xAD34,0xBDD6,0xBDD6,0xA534,0xA513,0xA513,0x9CB2,
    0x94B1,0x94B2,0x8C70,0x8C70,0xA4F3,0x9CB2,0xA4F3,0xAD74,0xB595,0xB595,0xB5B5,0xAD34,
    0xA533,0xAD74,0xB5B5,0xAD34,0xAD54,0xBDD6,0xC617,0xBDD6,0xD699,0xBDB6,0xBDB6,0xB595,
    0xB595,0xAD54,0xAD54,0xAD54,0xA533,0xA4F3,0xA513,0xA4F3,0xA513,0xAD54,0xA534,0xAD54,
    0xB5B5,0xBDD6,0xC617,0xBDD6,0xB595,0xB5B5,0xC637,0xB595,0xAD54,0xB5B5,0xAD54,0xAD54,
    0xA513,0xA533,0xA533,0xAD54,0xAD75,0xB595,0xBDD6,0xBDF7,0xBDD6,0xBDD6,0xBDD6,0xBDD6,
    0xBDF7,0xBDF7,0xB595,0xB595,0xAD74,0xAD34,0xB575,0xB595,0xAD74,0xAD75,0xB575,0xB5B5,
    0xBDB6,0xB5B5,0xB575,0xB5B5,0xB575,0xAD54,0xAD54,0xB575,0xBDD6,0xB595,0xB595,0xBDD6,
    0xBDF7,0xBDF7,0xCE58,0xDEDA,0xC637,0xAD74,0xAD54,0xA534,0xAD74,0xAD54,0xAD54,0xB595,
    0xB5B6,0xB595,0xAD75,0xAD74,0xA513,0x9CD2,0xA513,0xA533,0xA534,0xA4F3,0x9CD2,0x9CD2,
    0x94B1,0x94B1,0x9CF2,0x9CD2,0xA513,0xA513,0xA513,0x9CF3,0xA513,0xA4F3,0xA513,0xAD54,
    0xAD75,0xAD75,0xAD54,0xAD54,0xAD54,0xB595,0xBDD6,0xAD74,0xAD75,0xB5B6,0xB595,0xB575,
    0xB595,0xB5B5,0xAD54,0xAD75,0xBDF7,0xD6BA,0xBDF7,0xAD54,0xAD54,0xAD34,0xAD75,0xAD54,
    0xAD34,0xB595,0xB575,0xB5B6,0xB595,0xAD54,0xAD54,0xB575,0xAD75,0xA534,0xA513,0x9CF2,
    0xA4F3,0x9CD2,0x9CB2,0x94B1,0x94B1,0x9CB2,0x9CB2,0x9CB2,0x8C70,0x9491,0xA513,0x94B1,
    0x9491,0x9491,0x94B1,0x94B1,0x94B1,0xA533,0xA513,0xA4F2,0x8C30,0x736D,0x738D,0x6B6D,
    0x632B,0x9491,0xB595,0xA513,0x9CD2,0x7BEE,0x7BCE,0x73AD,0x7BAD,0x6B4C,0x4207,0x39E7,
    0x39E7,0x4228,0x4228,0x4228,0x4228,0x4228,0x4207,0x41E7,0x4A48,0x5AEB,0x5289,0x52AA,
    0x630B,0x5289,0x5289,0x4A48,0x4A48,0x4A28,0x4A49,0x4248,0x4A49,0x4228,0x3A07,0x4A69,
    0x4A49,0x5269,0x4A69,0x5289,0x4A69,0x4A48,0x4228,0x4A48,0x4A49,0x4A69,0x5289,0x52AA,
    0x5ACA,0x5ACA,0x5AEB,0x5AEB,0x5AEB,0x52AA,0x52AA,0x630B,0x6B2C,0x630B,0x5AEA,0x5AAA,
    0x632C,0x5AEB,0x5289,0x52A9,0x62EB,0x738D,0x73AE,0x630B,0x632B,0x7BAE,0x7BCE,0x7BCE,
    0x7BCE,0x840F,0x8C50,0x73AE,0x632C,0x738D,0x73AE,0x7BEF,0x8C71,0x9D13,0xA513,0xAD54,
    0x9CD2,0x94B1,0x8C50,0x94B2,0xA533,0xA4F3,0x8C50,0x8C30,0x94B1,0x9471,0x8C70,0x8C50,
    0x9491,0x8C70,0x8C70,0x94B1,0x9491,0x9491,0x9CD2,0xA534,0xA513,0x9CB2,0xA4F3,0x9CD2,
    0x9491,0x9CD2,0xAD54,0x9CD2,0x9CD2,0xA534,0x9CB2,0x9CB2,0xA533,0x9CB2,0x9CB2,0xA533,
    0xA533,0xA534,0xAD75,0xB595,0xB595,0xB595,0xAD54,0xA513,0xAD34,0xAD54,0x8C50,0x9CB2,
    0x7BCF,0x6B4C,0x632C,0x630B,0x632C,0x6B4C,0x738D,0x7BCE,0x9471,0x8C70,0x8C70,0x8C70,
    0x94B2,0x8C50,0x8C50,0x8C50,0x840F,0x8C30,0x840F,0x9470,0x842F,0x7BCE,0x9471,0x7BCE,
    0x5ACA,0x5289,0x5ACA,0x5ACA,0x5ACA,0x5AEB,0x5ACA,0x5ACB,0x5AAA,0x5269,0x5289,0x5ACA,
    0x5ACA,0x5289,0x4A69,0x5289,0x5289,0x5ACA,0x5ACA,0x62EB,0x630B,0x6B4C,0x6B4C,0x6B6C,
    0x736D,0x6B6C,0x630B,0x630B,0x7BAD,0x73AD,0x7BCE,0x840F,0x9471,0x8C50,0x8C70,0x7BCE,
    0x7BEF,0x840F,0x9471,0x8C30,0x8C30,0x9471,0x94B1,0x8C70,0x94B1,0x94B1,0x8C50,0x9471,
    0x8C70,0x9471,0x9CD2,0x8C70,0x8C30,0x8C30,0x840F,0x6B4C,0x738D,0x7BCE,0x7BCE,0x738D,
    0x6B4C,0x736D,0x73AD,0x6B6C,0x736D,0x738D,0x840F,0x9471,0xA534,0x9471,0x8C50,0x9491,
    0x94B1,0xA513,0x94B1,0x94B1,0x94B1,0x9491,0x9491,0x8C50,0x9471,0xB595,0xAD34,0xA533,
    0x94B1,0x9CD2,0xA533,0xA4F2,0x9470,0x94B1,0x9CD2,0xAD34,0x9CD2,0xA513,0x9CB2,0x9491,
    0x94B1,0x9CB2,0x9CB2,0x94B1,0x9491,0x9CD2,0x9CD2,0x94B1,0x9491,0x9491,0x9CD2,0xAD34,
    0xB575,0xBDD6,0xCE79,0xCE79,0xD6BA,0xDEDA,0xDEDA,0xD699,0xD6BA,0xD699,0xD699,0xCE79,
    0xCE99,0xC638,0xB595,0xB595,0xAD75,0xAD54,0xAD74,0xA534,0xAD75,0xB5B5,0xAD54,0xAD54,
    0xAD54,0xAD34,0xAD54,0xAD75,0xB595,0xB5B5,0xB595,0xAD74,0xAD75,0xB595,0xA513,0xA513,
    0xAD54,0xB595,0xB575,0xA533,0x9CF2,0xAD54,0xAD74,0xA533,0xA513,0xA513,0xAD75,0xC617,
    0xB595,0xAD34,0xAD34,0xA4F3,0xA533,0xA513,0xAD54,0xB5B5,0xC617,0xC5F7,0xBDD6,0xCE58,
    0xBDD6,0xAD54,0xBDF7,0xBDD6,0xA4F3,0xAD34,0xAD34,0xA4F3,0x9CD2,0xA4F3,0x9491,0x9491,
    0x9CB2,0x9491,0x9CD2,0xA513,0xAD54,0xAD74,0xAD75,0xAD34,0xAD34,0xAD34,0xAD54,0xB595,
    0xB595,0xB595,0xC617,0xCE58,0xC638,0xBDB6,0xBDF7,0xAD75,0xAD34,0xAD54,0xAD34,0xAD74,
    0xB595,0xA513,0xA4F3,0xA534,0xA4F3,0xB575,0xB5B6,0xAD74,0xB595,0xC638,0xBDD6,0xBDD6,
    0xAD75,0xB595,0xBDD6,0xAD75,0xBDB6,0xBDD6,0xB595,0xB595,0xB575,0xAD54,0xAD54,0xAD54,
    0xAD54,0xAD75,0xBDD6,0xBDD6,0xB595,0xBDD6,0xC617,0xBDD6,0xBDD6,0xBDD6,0xBDD6,0xBDD6,
    0xB595,0xB575,0xAD54,0xAD74,0xB595,0xAD74,0xB595,0xB5B6,0xB595,0xB595,0xB595,0xB595,
    0xAD74,0xAD74,0xB575,0xBDB6,0xBDD6,0xBDD6,0xB595,0xB595,0xBDD6,0xBDD6,0xBDD6,0xCE79,
    0xD699,0xB5B5,0xB595,0xB595,0xB595,0xAD54,0xA533,0xA534,0xA513,0xAD54,0xB595,0xAD54,
    0xA513,0xAD54,0xAD34,0xA513,0xA533,0x9CF2,0x9CB2,0xA4F3,0xA513,0x9CD2,0x9491,0x94B1,
    0x9CD2,0x9CD2,0x9CD2,0x9CD2,0xA513,0x9CD2,0xA533,0xAD75,0xAD54,0xB595,0xAD54,0xA533,
    0xAD54,0xAD75,0xB595,0xBDF7,0xBDD6,0xBDD6,0xAD54,0xAD75,0xB575,0xB595,0xAD74,0xAD74,
    0xB595,0xBDD6,0xBDD6,0xB595,0xB575,0xB595,0xAD74,0xAD75,0xBDF7,0xAD75,0xB575,0xAD75,
    0xAD75,0xAD54,0xA534,0xB595,0xBDD6,0xA513,0x9CD2,0xA513,0xAD74,0xAD54,0xAD34,0x9CF2,
    0xA4F3,0xA513,0x9471,0x9491,0x9471,0x9491,0x9491,0x94B1,0x9CB2,0x9471,0x8C50,0x9CB2,
    0xA4F3,0x9CD2,0xA513,0x8C70,0x6B2C,0x5AEB,0x630B,0x6B2C,0x630B,0x6B4C,0x8C70,0x9CB2,
    0x8430,0x7BCE,0x7BEE,0x7BCE,0x840F,0x7BCE,0x632C,0x52AA,0x4A49,0x4A48,0x4228,0x4228,
    0x4227,0x4228,0x4207,0x4228,0x4A48,0x4A28,0x4A48,0x4A48,0x5ACA,0x5ACA,0x52A9,0x4A28,
    0x4228,0x4A48,0x4A48,0x4A48,0x5ACA,0x5AAA,0x4A69,0x4A48,0x5269,0x52AA,0x4A48,0x4A49,
    0x4A49,0x4A69,0x4A49,0x4A48,0x5289,0x52AA,0x52AA,0x5ACA,0x5AEB,0x5ACA,0x5ACA,0x5ACA,
    0x5AEB,0x5ACA,0x6B2C,0x6B4C,0x5289,0x5ACA,0x5ACA,0x5289,0x5AEB,0x632C,0x52AA,0x52AA,
    0x5289,0x6B6D,0x840F,0x738D,0x73AD,0x7BEF,0x840F,0x840F,0x7BAE,0x840F,0x842F,0x7BCE,
    0x6B4C,0x6B6D,0x5AEB,0x736D,0x840F,0x9CD2,0xAD54,0xAD95,0x9D13,0x9CD2,0x9491,0x8C70,
    0x9491,0x9491,0x94B1,0x9CD2,0x94B1,0x94B1,0x9471,0x9491,0x94B2,0x9491,0x94B1,0x9CD2,
    0x8C70,0x9491,0xA4F3,0xA513,0x9CD2,0x94B2,0xA534,0x94B2,0x9491,0x9CD2,0x9CD2,0x9CD2,
    0x94B1,0x9CD2,0x9CB2,0x9CD2,0xA513,0xA533,0x9CD2,0x9CF2,0xA513,0xB5B6,0xBDD6,0xAD95,
    0xB595,0xBDD6,0xAD54,0xA534,0xA513,0x94B1,0x7BCE,0x73AE,0x738D,0x6B2C,0x6B4C,0x6B4C,
    0x7BCE,0x73AE,0x842F,0x83EF,0x94B1,0x9471,0x8C70,0x8C50,0x94B1,0x8C50,0x840F,0x840F,
    0x8430,0x8C30,0x840F,0x8C70,0x840F,0x83EF,0x8C70,0x9471,0x83EF,0x6B4C,0x5AEB,0x5AEA,
    0x52AA,0x52AA,0x5AEB,0x5ACA,0x5ACA,0x5AAA,0x5ACA,0x52AA,0x4A69,0x5289,0x5289,0x52AA,
    0x62EB,0x5ACA,0x62EB,0x632B,0x6B4C,0x738D,0x6B2C,0x6B2C,0x6B6D,0x630B,0x630B,0x6B4C,
    0x738D,0x738D,0x7BEE,0x8C30,0x7BCE,0x8C30,0x83EF,0x7BAE,0x840F,0x840F,0x7BCE,0x840F,
    0x840F,0x8C30,0x8C50,0x8C70,0x94B1,0x94B1,0xA513,0x94B1,0x8C50,0x94B1,0x94B1,0x8C70,
    0x9471,0x9CD2,0x8C30,0x736D,0x6B4C,0x7BCE,0x7BCE,0x6B6C,0x6B4C,0x7BCE,0x7BCE,0x6B4C,
    0x7BAD,0x8C50,0x8C70,0x8C50,0x83EF,0x8430,0x9491,0x94B1,0x9491,0x9CD2,0x9470,0x9491,
    0xA4F3,0x9491,0x9491,0x9470,0x9470,0xAD34,0xB575,0x9CF2,0x9CD2,0x9CD2,0x9CD2,0x94B1,
    0x9470,0x9CD2,0xA4F2,0x94B1,0x9CD2,0xA4F2,0xA4F2,0x9CB2,0x9471,0xA513,0xA513,0x9491,
    0x9CD2,0x9491,0x8C50,0x94B1,0x9470,0x8C70,0x94B2,0xAD34,0xB5B6,0xC617,0xCE79,0xCE79,
    0xD6DA,0xDEFB,0xDEFB,0xDEDA,0xCE58,0xD699,0xCE78,0xCE99,0xD699,0xCE58,0xBDD6,0xB595,
    0xB595,0xBDD6,0xB595,0xAD54,0xB575,0xAD54,0xAD75,0xAD74,0xAD54,0x9CD2,0xA534,0xB595,
    0xB5B5,0xAD74,0xAD54,0xAD75,0xA533,0xAD54,0xA4F3,0x9CD2,0xA513,0xBDD6,0xB595,0xA513,
    0x9CD2,0xA4F2,0xA533,0xA533,0x9CB2,0xA4F3,0xAD54,0xBDD6,0xB575,0xA513,0xA4F3,0x9CD2,
    0xA513,0xAD54,0xB575,0xBDB6,0xCE38,0xC638,0xBDF7,0xB5B6,0xAD54,0xB5B5,0xB595,0xB575,
    0xAD34,0xB575,0xB575,0xAD54,0xA534,0x9CD2,0xA534,0xA534,0x9CD2,0x9CD2,0x9CB2,0xA513,
    0xAD33,0xAD34,0xA533,0xAD34,0xAD54,0xAD34,0xA533,0xB595,0xB5B5,0xBDF6,0xB595,0xC617,
    0xBDF7,0xBDF7,0xB595,0xB595,0xAD54,0xAD34,0xB575,0xC617,0xB595,0xA533,0x9CF2,0xA4F3,
    0xA513,0xBDD6,0xB595,0xBDB6,0xAD54,0xB5B5,0xB595,0xBDF7,0xB595,0xAD54,0xB595,0xAD74,
    0xC617,0xC637,0xBDD6,0xB5B6,0xB595,0xAD54,0xAD34,0xAD34,0xAD74,0xB595,0xAD75,0xBDD6,
    0xBDD6,0xC5F7,0xC617,0xB5B6,0xB595,0xBDD6,0xBDF7,0xB595,0xBDD6,0xB575,0xAD34,0xAD54,
    0xB595,0xB595,0xB595,0xBDD6,0xB595,0xB595,0xBDD6,0xAD54,0xAD54,0xB575,0xBDB6,0xC617,
    0xBDD6,0xBDD6,0xB5B6,0xB575,0xB5B5,0xB595,0xB595,0xBDD6,0xBDD6,0xB595,0xB575,0xB5B6,
    0xB5B5,0xAD54,0xA513,0xA513,0xAD54,0xAD54,0xAD34,0xAD74,0xAD54,0xA534,0xA534,0xA513,
    0x9CF2,0x9CD2,0x9CF3,0x9CF2,0xA513,0x94B2,0x94B2,0x9CD2,0x9CD2,0x9CD2,0xA4F3,0xA513,
    0xA513,0x9CD2,0xA513,0xA513,0xA534,0xAD54,0xAD75,0xAD54,0xAD54,0xAD54,0xBDD6,0xCE79,
    0xBDD6,0xBDD6,0xB5B5,0xB5B5,0xB595,0xB595,0xB595,0xAD74,0xB595,0xBDF7,0xB5B6,0xBDB6,
    0xBDD6,0xB5B6,0xB595,0xAD74,0xBDD6,0xB595,0xB595,0xB595,0xB5B6,0xA533,0xA513,0xB5B6,
    0xB595,0xAD54,0xA4F3,0xAD54,0xAD34,0x8C50,0x9CB2,0xAD74,0xAD34,0xA513,0xA513,0x9CD2,
    0x94B1,0x9491,0x9CD2,0xA4F3,0x9CD2,0x9470,0x9491,0x9CD2,0xA513,0xA4F3,0x94B2,0x6B6D,
    0x5AAA,0x5ACA,0x52AA,0x5ACA,0x5AAA,0x5ACA,0x840F,0x94B1,0x8C50,0x8C30,0x840F,0x7BCE,
    0x7BCE,0x738D,0x6B6C,0x5289,0x6B6D,0x630B,0x4207,0x4228,0x4228,0x4207,0x4207,0x4228,
    0x4A28,0x4A48,0x4A28,0x4A69,0x632B,0x52AA,0x4228,0x4A48,0x4A49,0x5AEB,0x5AEB,0x4207,
    0x4228,0x5269,0x4A69,0x4A69,0x4A48,0x4A48,0x4207,0x4A69,0x52AA,0x5AEB,0x4A48,0x4A48,
    0x4A69,0x5289,0x52AA,0x62EB,0x6B2C,0x5ACA,0x52A9,0x52AA,0x62EB,0x630B,0x7BCE,0x840F,
    0x62EB,0x738D,0x7BAE,0x630B,0x5ACA,0x6B4C,0x5ACA,0x5ACA,0x5ACA,0x6B4C,0x840F,0x6B6D,
    0x6B6D,0x7BCE,0x840F,0x83EF,0x738D,0x7BCE,0x7BCE,0x632C,0x630B,0x6B4C,0x5ACB,0x630B,
    0x7BCE,0x8430,0x9CD2,0x9D13,0xA513,0xA513,0x94B1,0x9491,0x8C50,0x8C70,0x94B1,0xA4F3,
    0xA513,0xA4F2,0x9CB2,0x9CB2,0x9471,0x9491,0x9491,0x94B1,0x8C50,0x9491,0xA513,0x9CB2,
    0x94B1,0x9CD2,0xAD54,0x9CF2,0x9CD2,0x9CB2,0x9CB2,0x9CF2,0x94B1,0x9CF2,0x9CD2,0x9491,
    0x9CD2,0xA513,0xAD54,0xA513,0xA534,0xB595,0xCE79,0xC617,0xBDD6,0xBDD6,0xA513,0xA513,
    0x8C71,0x7BCE,0x7BAE,0x6B4C,0x6B4C,0x6B4C,0x630B,0x6B4C,0x7BCE,0x7BAE,0x73AD,0x840F,
    0x9491,0x9491,0x9CF2,0x8C70,0x840F,0x9491,0x94B1,0x8C50,0x8430,0x8C30,0x842F,0x840F,
    0x7BCE,0x7BCE,0x738D,0x736D,0x7BCE,0x7BCE,0x5AEA,0x5ACA,0x52AA,0x5289,0x5AAA,0x5AEB,
    0x52AA,0x52AA,0x52AA,0x5289,0x4A69,0x5269,0x5AAA,0x5ACA,0x5AAA,0x630B,0x5ACA,0x630B,
    0x7BAE,0x738D,0x6B2C,0x630B,0x5ACA,0x630B,0x62EB,0x6B4C,0x73AD,0x7BAD,0x8C50,0x8C50,
    0x83EF,0x840F,0x7BCE,0x7BCE,0x840F,0x840F,0x83EF,0x83EF,0x7BCE,0x8C50,0x8C50,0x840F,
    0x8C30,0x9491,0x94B1,0x8C50,0x8C50,0x9491,0x94B1,0x8C50,0x842F,0x9491,0x9471,0x8C30,
    0x736D,0x738D,0x738D,0x738D,0x6B6C,0x6B6C,0x736D,0x73AD,0x842F,0xA4F3,0x9471,0x7BAE,
    0x8430,0x9491,0x842F,0x8C50,0x9491,0x9491,0x8C50,0x9491,0xA513,0x94B1,0x9471,0x94B1,
    0x94B1,0xA513,0xA513,0x9471,0x94B1,0x9CD2,0x9491,0x9491,0x9CD2,0xA4F2,0x9CB2,0x9491,
    0x9CD2,0x9CD2,0xA513,0xA513,0x9CD2,0x9491,0x9CD2,0x9CF2,0x9CB2,0x9470,0x9471,0x9CD2,
    0x840F,0x9471,0x9CD2,0xA4F3,0xAD75,0xBE17,0xCE79,0xD6DA,0xDF1B,0xDEFA,0xDEFB,0xE73C,
    0xCE79,0xD6BA,0xD699,0xCE79,0xBDF7,0xBDD6,0xB595,0xA513,0xAD54,0xB575,0xAD75,0xB595,
    0xAD54,0xA534,0xA534,0xA534,0xAD54,0x9CD2,0xA513,0xAD54,0xAD34,0xA513,0xAD74,0xAD74,
    0xA533,0x9CD2,0xAD34,0xA4F2,0xA513,0xA513,0xAD33,0xA513,0xA513,0x9CD2,0xAD54,0xA533,
    0x9491,0x9CD2,0xA513,0xA513,0xAD34,0xA513,0xA513,0x9CD2,0x9CD2,0xA4F3,0xB575,0xC617,
    0xD6BA,0xD699,0xC638,0xB595,0xAD54,0xAD34,0xAD74,0xB5B5,0xAD34,0xA513,0xA513,0xAD54,
    0xAD75,0xB5B5,0xAD74,0xAD75,0xAD54,0xA534,0xA4F3,0xAD54,0xA513,0xAD54,0xAD34,0xAD54,
    0xAD54,0xA533,0xAD75,0xAD75,0xB5B5,0xB595,0xAD54,0xBDF7,0xBDF7,0xC617,0xB575,0xAD54,
    0xAD75,0xA533,0xA533,0xBDB6,0xBDB6,0xB575,0xAD54,0xA533,0xB575,0xB5B6,0xAD34,0xAD54,
    0xB5B6,0xBDD6,0xBDD6,0xBDF7,0xB5B6,0xAD54,0xB5B6,0xAD75,0xCE58,0xBDF7,0xB575,0xB5B6,
    0xAD75,0xA533,0xAD54,0xAD75,0xB595,0xB595,0xB595,0xC5F7,0xC617,0xC638,0xC5F7,0xBDB6,
    0xBDD6,0xB5B5,0xBDD6,0xBDD6,0xB5B6,0xAD75,0xAD54,0xA533,0xAD74,0xB595,0xBDD6,0xBDD6,
    0xAD54,0xB595,0xAD74,0xAD75,0xB595,0xB595,0xBDD6,0xC5F7,0xBDB6,0xBDD6,0xB595,0xB5B6,
    0xB595,0xB595,0xBDD6,0xB595,0xAD54,0xAD74,0xAD75,0xAD74,0xAD54,0xAD54,0xAD54,0xAD54,
    0xB575,0xB595,0xAD75,0xAD74,0xAD54,0xA533,0xA4F3,0xA4F3,0x9CD2,0xA513,0xA513,0xA533,
    0x9CF3,0x94B2,0x9CD2,0x9CF2,0x9CD2,0xA4F3,0x9CD2,0x9CD2,0xAD54,0xA534,0xA513,0x9CD2,
    0x9CD2,0xA534,0xAD75,0xAD54,0xB595,0xAD74,0xB595,0xB595,0xBDB6,0xBDD6,0xBDD6,0xBDD6,
    0xBDD6,0xB5B5,0xAD75,0xB595,0xB595,0xB5B6,0xBDD6,0xBDB6,0xBDB6,0xAD74,0xAD75,0xAD75,
    0xAD74,0xB575,0xAD54,0xAD34,0xB5B5,0xAD75,0xAD54,0xB595,0xAD54,0xA533,0xA533,0xAD74,
    0xA513,0xA513,0x94B1,0xA513,0x9CD2,0x9CF2,0xA513,0x9CB1,0x9491,0x9CB2,0x9CD2,0x94B1,
    0x9CB2,0x94B1,0x9CB1,0x9CF2,0xA513,0x9CD2,0x9CD2,0x738D,0x4A69,0x4A48,0x4A69,0x4A69,
    0x52AA,0x630B,0x9CF2,0xBDD6,0xAD54,0x9CD2,0x94B1,0x840F,0x7BCE,0x736D,0x6B2B,0x630B,
    0x62EB,0x5289,0x4A48,0x4207,0x4227,0x4A48,0x4228,0x41E7,0x4207,0x4A48,0x4228,0x4A69,
    0x5ACA,0x630B,0x5269,0x4A48,0x5289,0x5ACA,0x5ACA,0x4A48,0x4227,0x52AA,0x4A69,0x5289,
    0x4207,0x4207,0x4A28,0x5AEB,0x5ACA,0x5AEB,0x52A9,0x4A69,0x5289,0x5289,0x5AAA,0x62EB,
    0x6B2C,0x5ACA,0x5289,0x52AA,0x6B2C,0x6B6D,0x738D,0x736D,0x738D,0x7BAE,0x6B4C,0x630B,
    0x62EB,0x62EB,0x5ACA,0x5ACA,0x5ACA,0x6B4C,0x738D,0x6B2C,0x736D,0x7BCE,0x7BEF,0x7BEE,
    0x7BCE,0x7BCE,0x7BCE,0x6B4C,0x630B,0x6B6D,0x630C,0x5AEB,0x6B4C,0x840F,0x8C70,0x8C71,
    0x9CD2,0x9CD2,0x94B1,0x9471,0x9491,0x94B1,0x9CD2,0x9471,0xA533,0xA513,0x9CB2,0x94B1,
    0x9491,0x94B2,0x9491,0x9491,0x8C70,0x94B1,0xA513,0xA4F3,0x9CB2,0x9CD2,0xAD54,0xA534,
    0xA513,0xA513,0xA513,0x9CF2,0x9CF3,0xA513,0x9CD2,0x9CD2,0x9CD2,0x9491,0xA513,0xA513,
    0xB595,0xCE59,0xCE99,0xC638,0xB595,0xAD75,0xA513,0x9CB2,0x8C50,0x8C50,0x7BCE,0x632C,
    0x630B,0x738D,0x73AE,0x73AD,0x6B4C,0x736D,0x738D,0x840F,0x8C50,0x8C70,0x9491,0x8C50,
    0x8C50,0x9471,0x9CF3,0xA533,0x94B1,0x9491,0x840F,0x840F,0x7BCE,0x7BCE,0x630B,0x630B,
    0x736D,0x6B6D,0x5AAA,0x630B,0x5AEB,0x5289,0x52AA,0x630B,0x52AA,0x52AA,0x5ACA,0x5289,
    0x4A49,0x5269,0x5ACA,0x5289,0x52A9,0x5ACA,0x5ACA,0x5AEB,0x6B2C,0x736D,0x6B4C,0x62EB,
    0x5ACA,0x6B4C,0x6B6C,0x736D,0x7BAE,0x83EE,0x840F,0x7BCE,0x83EF,0x7BCE,0x8C30,0x8C50,
    0x83EF,0x8C30,0x842F,0x7BCE,0x7BCE,0x8C30,0x8C50,0x8C50,0x8C50,0x9471,0x8C70,0x842F,
    0x842F,0x8C70,0x8C70,0x840F,0x840F,0x8C30,0x9470,0x94B1,0x8C70,0x738D,0x5ACA,0x62EB,
    0x630B,0x5ACA,0x6B2C,0x738D,0x7BCE,0x9491,0x8C50,0x7BEF,0x8C50,0x9491,0x94B1,0x94B1,
    0x9CB2,0x9470,0x8C50,0x9470,0x9491,0x94B1,0x9CF2,0x9CD2,0x9CB2,0xAD34,0x9CB2,0x9470,
    0x8C50,0x9470,0x9491,0x9491,0x9CF2,0xA4F2,0x94B1,0x9491,0xA513,0xA4F3,0x9CD2,0xA534,
    0xA533,0xA513,0x9CD2,0xA513,0x9CF2,0x9CD2,0xA513,0xAD54,0x9CD2,0x94B1,0x9CD2,0xA513,
    0xB595,0xB595,0xCE79,0xE73C,0xD6BA,0xD6B9,0xD6BA,0xD6DA,0xD6BA,0xD6B9,0xC617,0xC617,
    0xB5B6,0xB595,0xB5B6,0xAD54,0xA4F3,0xAD54,0xA513,0xA534,0xAD74,0xAD54,0xA533,0xA513,
    0xA513,0xA513,0xA533,0xAD34,0xA534,0xAD54,0xB595,0xAD54,0x9CD2,0xA513,0xA4F3,0xA4F3,
    0xA513,0xAD54,0xA533,0x9CD2,0xA513,0xA4F3,0xA533,0xA513,0x9470,0x9CD2,0xA4F3,0xA513,
    0xA533,0xA513,0xA513,0x9CD2,0xA513,0xA513,0xBDD6,0xCE58,0xDF1B,0xD699,0xBDF6,0xAD74,
    0xAD34,0xAD34,0xAD54,0xAD75,0xAD75,0xAD74,0xA513,0xAD54,0xAD54,0xA534,0xB5B6,0xB595,
    0xAD54,0xAD74,0xAD54,0xAD74,0xA533,0xAD34,0xB595,0xAD54,0xAD54,0xAD54,0xB575,0xAD54,
    0xBDD6,0xBDD6,0xAD74,0xBDF7,0xC617,0xBDD6,0xB5B5,0xBDB6,0xB575,0xA534,0xAD54,0xB5B5,
    0xB595,0xB5B6,0xB5B6,0xB595,0xB595,0xAD75,0xB595,0xAD54,0xB595,0xCE58,0xC638,0xBE17,
    0xBDD6,0xB595,0xB5B6,0xB595,0xC638,0xB5B5,0xAD75,0xB595,0xBDD6,0xB595,0xAD34,0xB5B5,
    0xB5B5,0xAD34,0xAD75,0xBDD6,0xC5F7,0xC617,0xBDD6,0xAD54,0xB595,0xB575,0xB595,0xBDD6,
    0xB595,0xAD54,0xAD54,0xAD74,0xB595,0xB595,0xB5B5,0xB575,0xA533,0xAD54,0xB595,0xB5B5,
    0xB595,0xAD75,0xAD75,0xB5B5,0xAD74,0xB575,0xAD74,0xAD54,0xA513,0xAD54,0xAD74,0xAD75,
    0xAD74,0xA513,0xAD54,0xAD74,0xAD34,0xA534,0xAD54,0xAD54,0xAD74,0xB5B5,0xB5B6,0xAD34,
    0xB595,0xAD54,0x9CD2,0x9CB2,0x9CD2,0xA4F3,0xA513,0x9CF2,0xA513,0xA534,0xA513,0x9CF2,
    0x94B2,0x9CD2,0x9CD2,0xA513,0xA534,0xA533,0xA513,0xAD54,0xA513,0xA533,0xAD34,0xAD75,
    0xB595,0xAD74,0xB595,0xB5B5,0xB5B6,0xB595,0xBDF7,0xC617,0xBDD6,0xB5B6,0xB5B6,0xB5B6,
    0xB595,0xB5B5,0xB5B6,0xB595,0xB595,0xB595,0xB5B5,0xAD75,0xB575,0xAD75,0xAD75,0xB5B5,
    0xAD54,0xAD75,0xAD75,0xAD54,0xAD34,0xA534,0xA4F2,0xAD34,0xAD54,0xAD75,0xAD75,0x9CF2,
    0x9471,0x9CD2,0x9CD2,0x9CB2,0x9CB2,0xA513,0xA4F3,0x9CD2,0x9CD2,0xA513,0xA513,0xA513,
    0xA4F2,0xA513,0x9CB2,0x7BCE,0x4A49,0x39E7,0x4228,0x4A48,0x4A69,0x73AD,0xC637,0xCE78,
    0xB595,0xAD34,0xA4F2,0x8C50,0x840F,0x738D,0x630B,0x630B,0x62EB,0x5289,0x52A9,0x4A28,
    0x4A48,0x4A69,0x4227,0x4A28,0x41E7,0x4207,0x4228,0x4227,0x4A48,0x6B4C,0x52AA,0x4A48,
    0x4A69,0x4207,0x4A28,0x4A48,0x4A48,0x4A69,0x4228,0x4A48,0x4A48,0x4A69,0x5269,0x5269,
    0x5289,0x5AAA,0x52A9,0x4A68,0x5269,0x5269,0x5ACA,0x5ACA,0x5AEA,0x5AEA,0x5AAA,0x52A9,
    0x6B6D,0x840F,0x840F,0x840F,0x7BEF,0x83EF,0x6B6D,0x62EB,0x5AAA,0x5289,0x52AA,0x5ACA,
    0x5ACA,0x738D,0x632B,0x5AEA,0x738D,0x7BCE,0x7BCE,0x7BCE,0x7BCE,0x7BCE,0x83EF,0x7BCE,
    0x6B6C,0x630B,0x5ACB,0x62EB,0x736D,0x8C30,0x8C50,0x840F,0x8C71,0x9491,0x8C50,0x8C50,
    0x9491,0x9CB2,0x9CD2,0x9491,0x9CB2,0x9CD2,0x9CD2,0x94B1,0x9470,0x9470,0x9CB2,0x94B1,
    0x9491,0x9CD2,0x9CB2,0xA4F3,0xA4F3,0xA513,0xB595,0xB595,0xB5B5,0xAD75,0xA513,0xA4F2,
    0x9CF2,0xA513,0x9CF2,0xA533,0x9CF2,0x9CB2,0x9CF3,0xAD75,0xB5D6,0xBDD7,0xC638,0xC617,
    0xB595,0xB595,0xAD54,0x94B2,0x8C50,0x8C50,0x842F,0x73AE,0x6B6D,0x738D,0x7BEF,0x7BAE,
    0x736D,0x6B6D,0x738D,0x842F,0x9471,0x9470,0x8C70,0x9470,0x9471,0x94B1,0x9CD2,0xA4F3,
    0xA534,0xAD74,0x8C50,0x8C30,0x8C50,0x8C30,0x738D,0x6B4C,0x6B6D,0x630B,0x5ACA,0x5AAA,
    0x52AA,0x52AA,0x52AA,0x5ACA,0x5ACA,0x5ACA,0x5ACA,0x5289,0x5269,0x5289,0x5ACA,0x5ACA,
    0x630B,0x630B,0x5ACA,0x5AEB,0x630B,0x736D,0x6B6C,0x632B,0x738D,0x840F,0x9CD2,0x9491,
    0x8C50,0x840F,0x83EE,0x840F,0x83EF,0x7BCE,0x8C70,0x9491,0x840F,0x8C50,0x8C50,0x842F,
    0x842F,0x8C30,0x8C50,0x8C70,0x9471,0x8C50,0x8C50,0x8C50,0x842F,0x8C70,0x9470,0x8C50,
    0x8C50,0x8430,0x9CD2,0x9CF2,0x94B1,0x8C70,0x62EA,0x5ACA,0x62EB,0x6B4C,0x736D,0x630B,
    0x630B,0x6B6C,0x8C70,0x842F,0x9470,0x9491,0x9CD2,0x94B1,0x9CB2,0x9CB2,0x9491,0x9491,
    0x9CB2,0x94B1,0xAD74,0xAD74,0x9CD2,0x9CF2,0x9491,0x8C70,0x9471,0x9470,0x9491,0x9491,
    0x9CD2,0x94B1,0x9CD2,0x9CD2,0xA513,0x9CF2,0x9CD2,0xAD34,0xAD54,0x9CD2,0x9491,0x9CB1,
    0x94B1,0x9491,0x9491,0x9CD2,0xA513,0x9CD2,0x94B1,0xA513,0xA534,0xAD74,0xBDF7,0xD699,
    0xD6BA,0xDEFB,0xDEFB,0xDEFB,0xD6BA,0xC617,0xB595,0xBDD6,0xB595,0xB575,0xB5B6,0xAD54,
    0xAD34,0xAD74,0xA513,0x9CD2,0xA533,0xAD54,0xA513,0xA513,0xA513,0xA513,0xA513,0xA533,
    0xAD54,0xAD54,0xAD34,0xA513,0x9CF2,0x9CD2,0x9CB2,0xA513,0xA513,0x9CD2,0xA513,0x9CF2,
    0x9CD2,0x9CF2,0xA4F2,0xA513,0x9CD2,0xA513,0xA513,0xAD54,0xA513,0xA513,0xA513,0x9CD2,
    0xA513,0xAD54,0xBDB6,0xBDF7,0xC637,0xC5F7,0xB595,0xAD34,0xAD54,0xAD74,0xB575,0xB5B5,
    0xBDD6,0xB595,0xAD74,0xB575,0xAD54,0xAD34,0xAD74,0xAD54,0xA533,0xAD34,0xAD34,0xAD75,
    0xB595,0xBDD6,0xBDF7,0xB5B5,0xAD54,0xAD75,0xB595,0xAD74,0xAD54,0xBDB6,0xBDD6,0xBDD6,
    0xC617,0xB595,0xAD54,0xB595,0xAD54,0xAD75,0xB5B5,0xB575,0xAD74,0xAD75,0xB595,0xBDB6,
    0xBDB6,0xAD75,0xAD75,0xBDD6,0xBDF7,0xC638,0xCE99,0xCE58,0xC617,0xBDD6,0xBDD6,0xBDF7,
    0xC617,0xB595,0xB595,0xB5B5,0xC617,0xBDD6,0xB595,0xBDB6,0xB5B5,0xB575,0xB595,0xB575,
    0xB595,0xBDF7,0xB595,0xAD54,0xAD54,0xAD54,0xB595,0xB595,0xAD74,0xB595,0xAD75,0xB595,
    0xB595,0xB595,0xB5B5,0xAD75,0xAD54,0xB595,0xB595,0xAD75,0xB575,0xAD54,0xAD54,0xB595,
    0xAD74,0xAD34,0xAD54,0xAD74,0xAD74,0xA513,0xA513,0xAD75,0xAD75,0xAD74,0xAD54,0xAD54,
    0xAD54,0xA533,0xA513,0xA513,0xA513,0xA513,0xB595,0xB595,0xAD74,0xAD54,0xA513,0x9CF2,
    0xA4F3,0x9CD2,0x9CF2,0x9CD2,0x9CD2,0xA513,0xA513,0xA4F3,0x9CB2,0x94B2,0x9CD2,0xA513,
    0xAD54,0xAD54,0xA513,0xAD74,0xA534,0xA513,0xA533,0xAD75,0xBDB6,0xAD74,0xB595,0xB595,
    0xB595,0xBDD6,0xBDD6,0xBDF7,0xBDD6,0xB595,0xBDD6,0xBDB6,0xB595,0xBDD6,0xBDD6,0xB595,
    0xBDD6,0xB5B6,0xBDD6,0xB5B6,0xB5B6,0xBDD6,0xBDD6,0xBDD6,0xB595,0xAD75,0xAD54,0xA513,
    0x9CD2,0xA4F3,0xA4F3,0x9CD2,0xA513,0xAD75,0xAD54,0xA4F3,0x9CD2,0x9CF2,0xA513,0xA513,
    0xA513,0xA533,0xAD34,0xAD54,0xA534,0xA4F3,0x9CD2,0x94B1,0x9CB2,0x9CB2,0xA513,0x9491,
    0x62EB,0x4A69,0x5289,0x52AA,0x6B4C,0x8C50,0xB595,0xBDD6,0xA533,0x9CD2,0x9CB2,0x8C30,
    0x83EF,0x73AD,0x6B4C,0x630B,0x736D,0x630B,0x5ACA,0x5269,0x4A28,0x4A28,0x4A48,0x4A48,
    0x4207,0x41E7,0x4207,0x4228,0x4A28,0x4A69,0x4A69,0x5269,0x4A69,0x4A28,0x4228,0x4A48,
    0x5269,0x4A48,0x4A48,0x4A69,0x4A49,0x4A69,0x4A69,0x4A69,0x52A9,0x736D,0x5ACA,0x4A69,
    0x4A48,0x4A69,0x52A9,0x52A9,0x5AAA,0x6B4C,0x62EB,0x62EB,0x6B6D,0x9CD3,0xA534,0x8C30,
    0x8C50,0x8430,0x630B,0x5ACA,0x5289,0x5289,0x5289,0x5ACA,0x5ACA,0x73AD,0x6B4C,0x6B2C,
    0x73AD,0x7BCE,0x7BCE,0x7BCE,0x8430,0x840F,0x8430,0x7BEF,0x6B6D,0x5ACA,0x4A69,0x5ACA,
    0x6B4C,0x7BCE,0x7BCE,0x7BEF,0x8430,0x8C50,0x8C70,0x8C70,0x9491,0x9471,0x9CB2,0x94B2,
    0x94B2,0x9491,0x9491,0x94B1,0x94B1,0x8C70,0x9CD2,0x9CD2,0x94B1,0x94B1,0x9491,0xA4F3,
    0xA513,0xA534,0xB595,0xCE79,0xBDF7,0xB575,0xAD54,0xA513,0x9CD2,0xA513,0xA533,0xA513,
    0x9CF3,0x9CB2,0x9CF3,0xA534,0xAD75,0xAD75,0xB595,0xB5B5,0xAD75,0xA533,0xA4F3,0x8C50,
    0x8C50,0x8C70,0x840F,0x83EF,0x7BCE,0x7BCE,0x7BCE,0x73AE,0x6B6D,0x73AE,0x7BCE,0x840F,
    0x8C50,0x8C50,0x9491,0x9491,0x8C30,0x9491,0xA4F3,0xA533,0xBDD6,0xBDB6,0x9CD2,0x94B1,
    0x9471,0x9CB2,0x94B1,0x840F,0x738D,0x62EB,0x632B,0x6B6D,0x5AEB,0x62EB,0x5289,0x5289,
    0x630B,0x5ACA,0x52A9,0x5269,0x5289,0x5ACA,0x5ACA,0x5ACA,0x6B4C,0x738D,0x6B4C,0x6B2C,
    0x6B6D,0x7BAE,0x6B6C,0x738D,0x9CB2,0xAD34,0xAD54,0xAD54,0xA533,0xA4F3,0x9CF2,0x9491,
    0x8C2F,0x9470,0x94B1,0x9CB2,0x8C70,0x8C70,0x8C50,0x8C50,0x9471,0x9CD2,0x94B1,0x840F,
    0x8C30,0x8C70,0x9470,0x9470,0x8C50,0x9471,0x9491,0x94B1,0x9CB2,0x8C50,0xA4F3,0x9CF2,
    0x9470,0x9CB2,0x8C50,0x6B6C,0x736D,0x83EF,0x7BEE,0x736C,0x62EB,0x6B4C,0x8C70,0x94B1,
    0x9491,0x8C70,0x94B1,0x9CD2,0xA4F3,0x9CB2,0x9470,0x9CB2,0x9CD2,0x94B1,0xA513,0xAD34,
    0x9CF2,0x94B1,0x9491,0x9491,0x8C50,0x8C50,0x9491,0x9491,0xA513,0xA513,0xA533,0xA513,
    0xA4F2,0xA4F3,0xA533,0xAD54,0xAD34,0x9CD2,0xA513,0xA513,0x9CB2,0x94B1,0x9CD2,0x9CB2,
    0xA513,0x9CD2,0x9CD2,0xA4F3,0x9CD2,0xA533,0xB595,0xC658,0xD6DA,0xD6BA,0xDEFB,0xD6BA,
    0xC637,0xBDD6,0xB5B6,0xBDF7,0xB595,0xB595,0xB575,0xBDD6,0xB5B5,0xB575,0xAD34,0x9CF2,
    0xA4F2,0xA4F3,0x9CF2,0xAD34,0xAD54,0xAD54,0xA513,0xA4F3,0xA4F3,0xA513,0xA513,0x9CD2,
    0x9CD2,0xA4F2,0x94B1,0x9CB2,0x9CD2,0xA4F3,0xA513,0x9CB2,0xA513,0xAD54,0xA533,0x9CB2,
    0xA4F2,0xA513,0xB575,0xBDF7,0xAD75,0xA513,0xA4F3,0xA4F3,0xA533,0xA534,0xBDD6,0xB5B6,
    0xB595,0xAD54,0xA533,0xA513,0xAD75,0xB5B6,0xB5B5,0xBDD6,0xC5F7,0xBDB6,0xBDD6,0xAD74,
    0xB575,0xB595,0xAD34,0xA513,0xAD54,0xA513,0xA4F3,0xAD54,0xAD54,0xBDD6,0xC617,0xCE58,
    0xAD75,0xAD54,0xB5B5,0xB595,0xB595,0xA533,0xC638,0xD699,0xBDD6,0xBDD6,0xB5B5,0xA533,
    0xAD54,0xAD54,0xAD75,0xB595,0xAD74,0xAD54,0xB575,0xB595,0xB595,0xBDF7,0xBDD6,0xBDD6,
    0xC617,0xC638,0xCE79,0xCE78,0xCE58,0xC617,0xC617,0xCE79,0xC638,0xBDD6,0xB5B6,0xC617,
    0xC617,0xAD74,0xB595,0xB595,0xA533,0xB575,0xAD54,0xAD74,0xBDF6,0xBDF7,0xB5B6,0xAD54,
    0xAD54,0xA513,0xAD54,0xAD74,0xAD75,0xB595,0xAD54,0xB595,0xB595,0xB595,0xB595,0xB595,
    0xAD54,0xB595,0xB575,0xAD34,0xAD54,0xAD74,0xAD74,0xB595,0xAD54,0xAD34,0xA513,0xA513,
    0xA533,0xAD34,0xA533,0xAD54,0x9CF3,0xAD54,0xAD75,0xAD75,0xA513,0xA4F3,0xA534,0xA4F3,
    0x9CD2,0x9CF2,0xAD54,0xC617,0xAD54,0xA513,0xAD74,0xA513,0xA513,0xA513,0xA4F3,0x9CD2,
    0x94B2,0x94B1,0x9CD2,0x9CF2,0x9CD2,0xA513,0x9CF2,0x9CF2,0xA513,0xAD74,0xAD75,0xB575,
    0xB595,0xAD74,0xAD54,0xAD54,0xBDD6,0xBDD6,0xB5B5,0xBDF7,0xB5B5,0xBDF7,0xBDD6,0xBDD6,
    0xBDD6,0xBDD6,0xBDD6,0xBDF7,0xBDF7,0xB5B5,0xBDD6,0xB5B6,0xBDD6,0xBDF7,0xBDD6,0xBDD6,
    0xB5B5,0xB5B5,0xCE58,0xBDD6,0xBDD6,0xB5B6,0xAD54,0xA533,0xAD34,0xA513,0xA4F3,0x9CB2,
    0x9CD2,0xA4F3,0xA513,0xA533,0xAD54,0xA513,0x9CF2,0xAD34,0xA534,0xB5B6,0xAD75,0xA513,
    0xA513,0x9491,0x8C50,0x8C50,0x9491,0x94B1,0xA4F2,0x9CF2,0x9491,0x842F,0x8430,0x8C50,
    0x9CD2,0x9CF2,0xA4F2,0xB595,0xAD74,0x9491,0x9470,0x8C50,0x8C30,0x7BCE,0x736D,0x738D,
    0x7BAE,0x6B2C,0x5289,0x5289,0x5289,0x5269,0x4A48,0x4A69,0x4227,0x4207,0x4228,0x4A28,
    0x4228,0x4A28,0x4A69,0x5269,0x5269,0x52AA,0x4A48,0x4A48,0x4A69,0x4A48,0x5289,0x4A69,
    0x4228,0x4A48,0x4A48,0x4A69,0x4A69,0x52AA,0x5289,0x4A48,0x4A69,0x52A9,0x52AA,0x5289,
    0x62EB,0x738D,0x6B6C,0x630B,0x6B6D,0x840F,0x8450,0x83EF,0x842F,0x6B4C,0x52A9,0x5269,
    0x4A48,0x5269,0x52AA,0x5ACA,0x5AEB,0x630B,0x62EA,0x630B,0x6B2C,0x73AD,0x73AD,0x7BCE,
    0x9491,0x9491,0x840F,0x6B6D,0x5ACA,0x5AAA,0x4228,0x5ACA,0x5AEB,0x632C,0x6B4C,0x73AE,
    0x8C30,0x8C50,0x8C50,0x8C70,0x9470,0x9491,0x9471,0x840F,0x8C30,0x8C30,0x9491,0x8C50,
    0x8430,0x9491,0xA4F3,0x9CB2,0x9CB2,0x9491,0x9491,0xAD54,0xA4F3,0xA534,0xBDF7,0xBDD6,
    0xB5B5,0xA534,0xA4F3,0xA513,0xA513,0xA534,0xA534,0xA513,0x9CD2,0x94B1,0x9CF2,0xA513,
    0xA534,0xAD54,0xA534,0xAD75,0xB595,0xAD54,0x94B1,0x9491,0x9471,0x8C70,0x842F,0x7BCE,
    0x7BCE,0x840F,0x7BCE,0x73AD,0x738D,0x7BCE,0x83EF,0x8430,0x8C50,0x8C50,0x9CD2,0x94B1,
    0x8C30,0x8C70,0x9CB2,0xA4F3,0xBDD6,0xBDB6,0x9CF2,0x9CB2,0xA4F3,0x9CD2,0x7BCE,0x7BAE,
    0x738D,0x630B,0x632C,0x6B4C,0x5AEB,0x5ACA,0x5269,0x52A9,0x630B,0x5269,0x4A48,0x4A49,
    0x5289,0x4A69,0x5ACA,0x5ACA,0x5ACA,0x6B2C,0x6B2C,0x6B4C,0x6B6C,0x7BCE,0x7BCE,0x840F,
    0x9CB2,0xA533,0xB595,0xB595,0xAD54,0xB595,0xAD34,0x94B1,0x9491,0x9470,0x9CD2,0x9CD2,
    0x9491,0x840F,0x8C30,0x840F,0x8C30,0x94B1,0x94B1,0x9491,0x9470,0x9491,0x94B1,0x8C50,
    0x8C30,0x9471,0x9491,0x8C70,0x8C50,0x9470,0xA4F2,0x94B1,0x8C50,0xA513,0xA513,0x840F,
    0x7BEE,0x8C70,0x840F,0x840F,0x7BCE,0x83EF,0x94B2,0x9491,0x9491,0x9491,0xA4F3,0xAD75,
    0xA513,0x9CB1,0x94B1,0xA4F2,0x9CD2,0x9CD2,0x9CD2,0x9CB1,0x9CB1,0x9491,0x9470,0x8C50,
    0x8C50,0x9491,0x94B1,0x8C50,0x9491,0x94B1,0x9CD2,0xA4F3,0xA513,0xA513,0xA513,0xAD54,
    0xA534,0xAD75,0xAD75,0xA534,0xA513,0xAD34,0xA513,0x9CB2,0xA4F3,0x9CF2,0x9CD2,0x8C50,
    0xA513,0xB575,0xAD34,0xC617,0xCE58,0xC638,0xCE58,0xCE79,0xC638,0xC617,0xBDF7,0xBDD6,
    0xB595,0xAD54,0xAD54,0xBDD6,0xB5D6,0xAD54,0xA4F2,0xA4F2,0xA513,0x9CD2,0xA4F2,0x9CD2,
    0xA4F3,0xB595,0xB595,0xA4F2,0xA4F3,0xA4F2,0xA4F2,0xA4F3,0xA513,0x9CD2,0xA533,0x9CB2,
    0x9CD2,0xA513,0xA533,0x9CF2,0xBDD6,0xB595,0xAD54,0xA533,0x94B1,0x9CB1,0xAD54,0xBDD6,
    0xA513,0xA513,0xA513,0xA4F3,0x9CD2,0xA513,0xAD54,0xA513,0xA513,0x9CD2,0x9CB2,0xA534,
    0xAD54,0xAD54,0xB595,0xBDD6,0xC617,0xBDF7,0xC638,0xBDD6,0xB575,0xAD74,0xAD74,0xA533,
    0xA513,0xA533,0x9CD2,0xA533,0xAD34,0xB575,0xB595,0xBDD6,0xBDF6,0xB5B6,0xB575,0xB595,
    0xAD74,0xA513,0xCE58,0xDEDA,0xAD75,0xB595,0xB575,0xAD54,0xB595,0xAD75,0xAD74,0xA513,
    0xAD74,0xB575,0xB575,0xAD34,0xAD54,0xB5B6,0xBDD6,0xB595,0xBDD6,0xC658,0xCE79,0xCE79,
    0xC638,0xC617,0xC638,0xD6BA,0xCE79,0xC638,0xBDD6,0xC617,0xBDD6,0xAD74,0xB5B5,0xB595,
    0xA533,0xB575,0xAD74,0xAD54,0xBDD6,0xC638,0xC617,0xAD74,0xAD54,0xAD54,0xAD54,0xAD54,
    0xAD75,0xAD74,0xAD74,0xBDD6,0xB595,0xAD75,0xB595,0xB5B5,0xAD75,0xB595,0xAD54,0xA534,
    0xAD54,0xAD34,0xAD54,0xAD74,0xAD54,0xAD34,0xA533,0x9CD2,0x9CB2,0xA513,0xA534,0xAD34,
    0x9CF2,0x9CD2,0xA534,0xAD74,0xAD54,0xAD75,0xA513,0xA4F3,0xA513,0xA4F3,0xA4F3,0xA513,
    0xA534,0xA533,0xAD75,0xAD54,0xA534,0xA513,0xAD54,0x9CD2,0x94B1,0x9491,0x9471,0x9491,
    0x9491,0x9CD2,0xA513,0xA513,0xAD54,0xAD75,0xBDD6,0xCE58,0xC638,0xB5B6,0xB595,0xBDB6,
    0xBDD6,0xC5F7,0xBDD6,0xC617,0xC617,0xBDF7,0xBDD6,0xBDF7,0xBDF6,0xBDF7,0xBDD6,0xC617,
    0xBDD6,0xBDD6,0xBDF7,0xBDD6,0xC617,0xC617,0xBDD6,0xB5B6,0xB595,0xB5B5,0xBDD6,0x9CB2,
    0xB595,0xBDD6,0xB595,0xAD54,0xB5B6,0xB595,0xA513,0xA4F2,0x9CD2,0xA513,0xA513,0xAD54,
    0xA533,0x9CD2,0xA4F3,0xA513,0xA513,0xAD54,0xAD54,0x9CD2,0x94B1,0x9491,0x94B1,0x9471,
    0x9491,0x94B1,0x9471,0x9CD2,0x9CB2,0x9491,0x9CD2,0x9CD2,0x9CB2,0x9CD2,0xA513,0xA4F3,
    0x94B1,0x8C70,0x9CB2,0x9CD2,0x9470,0x83EF,0x7BAE,0x7BCE,0x738D,0x736D,0x62EB,0x52A9,
    0x52A9,0x52A9,0x5ACA,0x5ACA,0x5269,0x4A28,0x41E7,0x4228,0x4A48,0x4A69,0x4A69,0x5289,
    0x5289,0x5ACA,0x5AEB,0x4A69,0x4A69,0x4A49,0x4228,0x4A48,0x4A69,0x4A69,0x5289,0x52AA,
    0x52AA,0x5ACA,0x4A69,0x4A68,0x5AAA,0x5289,0x4A69,0x5289,0x5ACA,0x5ACA,0x62EB,0x6B4C,
    0x7BAE,0x73AD,0x738D,0x840F,0x842F,0x630B,0x5AAA,0x5289,0x4A69,0x5269,0x5ACA,0x5ACA,
    0x5AAA,0x5AEA,0x5AAA,0x62EA,0x52AA,0x6B2B,0x73AE,0x83EF,0x8C50,0x9CF3,0x83EF,0x6B4C,
    0x5AEB,0x5269,0x4A69,0x5ACA,0x5AEB,0x5AEB,0x630B,0x6B4C,0x7BCE,0x8C50,0x8C70,0x9471,
    0x94B2,0x9491,0x840F,0x83EF,0x842F,0x840F,0x9471,0x8C30,0x842F,0x9CB2,0x94B1,0x8C50,
    0x9CB2,0x9CB2,0x9491,0x9CD2,0xA4F3,0xA513,0xB595,0xA534,0xA534,0x9CD2,0x9CD2,0x94B2,
    0x9491,0x94B2,0xA4F3,0x9CD2,0x94B2,0xA513,0xA513,0x9CF3,0xA534,0xA513,0xA534,0xAD34,
    0xB595,0xB5B6,0xAD54,0xA4F3,0x9CF2,0x9471,0x8C30,0x8C30,0x8C70,0x9471,0x840F,0x7BCE,
    0x7BCE,0x7BCE,0x840F,0x8C50,0x83EF,0x8430,0x9CD2,0x9CD2,0x9491,0x9491,0x9CB2,0x9CF2,
    0xA513,0xA513,0x9CF2,0x9CD2,0xC617,0xA513,0x738D,0x7BAE,0x8C30,0x7BAE,0x738D,0x840F,
    0x6B6D,0x6B2C,0x5ACA,0x5289,0x5AAA,0x52AA,0x5289,0x52AA,0x52AA,0x5289,0x5AAA,0x630B,
    0x632B,0x6B4C,0x736D,0x736D,0x738D,0x840F,0x8C30,0x9491,0xA513,0xA4F2,0xB595,0xBDD6,
    0xAD54,0xBDD6,0xA533,0x94B1,0x8C50,0x9470,0x9CB2,0x9CB2,0x8C50,0x8C50,0x8C50,0x8C70,
    0x8C50,0x8C70,0x9491,0x9491,0x8C50,0xA513,0xAD54,0x9471,0x9470,0x8C50,0x8C50,0x9471,
    0x9491,0x9CB1,0xA513,0x94B1,0x9491,0x94B1,0x9CD2,0x9471,0x842F,0x9470,0x840F,0x8C30,
    0x9470,0x9471,0xA513,0xA4F2,0x9CB2,0xA513,0xA4F2,0xAD34,0xAD54,0xB595,0xAD34,0x9CD2,
    0x9CD2,0x9CB2,0x9CD2,0x9CD2,0x9CD2,0x9470,0x9CB1,0x9CD2,0x9491,0x9CB1,0x9491,0x9470,
    0x94B1,0x9471,0x94B1,0x9CD2,0xA513,0xA533,0xB595,0xB595,0xA534,0xAD54,0xA534,0xAD34,
    0xA533,0x9CF2,0x9CB2,0x9491,0x9470,0x9491,0x8C70,0x8C50,0xA534,0xBDD6,0xA534,0xB5B5,
    0xC617,0xBDF7,0xBDF7,0xC617,0xC617,0xC617,0xCE58,0xBDD6,0xAD34,0xAD54,0xAD54,0xAD34,
    0xB5B5,0xAD75,0xA4F2,0xA4F3,0xA533,0x9CD2,0x9CD2,0x9CD2,0x9CF2,0xA533,0xAD54,0xAD34,
    0xA533,0xA4F3,0xA513,0xA4F3,0x9CB2,0x9CB2,0xA4F3,0x9CB1,0xA4F3,0xA4F2,0x9CB1,0xA513,
    0xBDD6,0xA513,0x9CD2,0xAD34,0x9CD2,0x9CB1,0xA513,0xAD54,0xA4F3,0xAD54,0xA534,0xA513,
    0xAD74,0xA534,0x9CD2,0x9CD2,0x94B2,0x9CD2,0xA513,0xA4F3,0xAD75,0xB595,0xBDD6,0xB595,
    0xBDD6,0xCE78,0xDEDA,0xBDB6,0xB575,0xB595,0xA534,0xAD54,0xA533,0xA533,0x9CB2,0x9CD2,
    0xA513,0xA533,0xAD54,0xB595,0xBDD6,0xB595,0xB5B5,0xB575,0xAD54,0xB595,0xC617,0xBDD6,
    0xAD54,0xAD54,0xA533,0xA513,0xAD54,0xAD34,0xA513,0xAD54,0xAD54,0xB575,0xAD34,0xAD54,
    0xB5B6,0xAD54,0xAD75,0xB595,0xBDF7,0xC638,0xCE79,0xC658,0xD699,0xD699,0xC658,0xCE79,
    0xCE58,0xC617,0xB5B6,0xBDD6,0xBDD6,0xBDD7,0xAD54,0xAD75,0xAD54,0xAD75,0xB595,0xAD74,
    0xAD75,0xD699,0xCE58,0xAD74,0xAD54,0xBDD6,0xB5B5,0xAD54,0xAD75,0xAD74,0xAD75,0xB595,
    0xAD75,0xAD54,0xAD54,0xAD74,0xAD54,0xAD54,0xAD54,0xAD54,0xAD54,0xA533,0xA513,0xA533,
    0xA513,0xAD74,0xA513,0xA4F3,0xA4F3,0xA4F2,0xA4F3,0xAD54,0xA513,0x9CD2,0x9CD2,0xA513,
    0xA513,0xA534,0xAD54,0xA534,0xA513,0xA4F3,0x9CF2,0xA4F3,0xA513,0xA513,0xAD34,0xA534,
    0xA513,0xA513,0x9CD2,0x9CB2,0x9CD2,0x94B1,0x9491,0x9491,0x94B1,0x94B2,0xA4F3,0xA513,
    0xA533,0xAD54,0xB575,0xCE58,0xCE58,0xBDD6,0xBDF7,0xBDF7,0xBDD7,0xC638,0xCE79,0xC658,
    0xC637,0xBDF7,0xC617,0xBDF7,0xBDF7,0xBDF7,0xC617,0xC617,0xCE58,0xC638,0xB5B6,0xB595,
    0xBDD6,0xBDD6,0xB5B6,0xB595,0xB595,0xC617,0xAD75,0xA4F3,0x94B2,0xB5B6,0xBDB6,0xB575,
    0xB5B5,0xBDF7,0xAD34,0xA513,0xAD34,0xA513,0x9CD2,0xA4F2,0x9CD2,0x9CB2,0x9CD2,0x9CD2,
    0xA513,0x9CF2,0xA4F3,0xA533,0x94B1,0x94B1,0x9CF2,0x94B1,0x9CD2,0x94B1,0x9CD2,0xA513,
    0x9CD2,0x9491,0x94B1,0x9491,0x9491,0x9471,0x9CB2,0x9CB2,0x9CD2,0x94B1,0x9CD2,0x9491,
    0x8C50,0x8C50,0x840F,0x7BCE,0x7BAE,0x736D,0x6B4C,0x62EB,0x4A48,0x4A48,0x5269,0x5ACA,
    0x5289,0x4A48,0x4A69,0x5289,0x5289,0x4A69,0x4A69,0x52A9,0x4A69,0x5289,0x632C,0x5289,
    0x5289,0x4A69,0x4228,0x4A48,0x4A69,0x5289,0x4A69,0x4A48,0x52A9,0x5AEB,0x4A69,0x5269,
    0x5289,0x4A28,0x4A28,0x52A9,0x5ACA,0x5AAA,0x5AEA,0x62EB,0x738D,0x7BAD,0x7BAE,0x9490,
    0x738D,0x52AA,0x5ACA,0x5ACB,0x5269,0x4A69,0x5AAA,0x5AEB,0x5AAA,0x5ACA,0x630B,0x5ACA,
    0x52A9,0x5ACA,0x6B4C,0x7BEF,0x7BCE,0x7BCE,0x83EF,0x7BAE,0x6B4C,0x5289,0x52AA,0x5ACA,
    0x52AA,0x5AEB,0x5ACA,0x6B4C,0x7BCE,0x8C50,0x8C70,0x8C50,0x9CD2,0x94B1,0x8C30,0x83EF,
    0x840F,0x840F,0x840F,0x83EF,0x842F,0x9CB2,0x9491,0x9470,0x9CB2,0x94B1,0x9491,0x9CB2,
    0x9CB2,0xA533,0xA513,0x9491,0x94B2,0x9CD2,0x9CD2,0x9CD2,0x9491,0x9CF2,0xA533,0x94B1,
    0x9491,0xA513,0xAD54,0xA513,0xAD54,0x9CD2,0x9CF3,0xAD54,0xB595,0xB5B6,0xBE17,0xAD75,
    0xA4F3,0x9CD2,0x94B2,0x9CD2,0x9CD2,0x94B1,0x9491,0x842F,0x7BEF,0x7BCE,0x7BEF,0x7BEF,
    0x840F,0x8C30,0x9491,0x9491,0x9491,0x9471,0xA513,0xAD75,0x94B1,0x9491,0x9CB2,0xA513,
    0xB5B6,0xAD54,0x8C70,0x9CB2,0x9CD2,0x8430,0x8C50,0x8C50,0x840F,0x738D,0x5289,0x52AA,
    0x5ACA,0x6B2C,0x5AEB,0x5AAA,0x5AAA,0x62EB,0x630B,0x6B4C,0x738D,0x738D,0x73AD,0x738D,
    0x7BCE,0x83EF,0x840F,0x9CD2,0xA534,0xA513,0xA533,0xA513,0xAD54,0xB5B5,0xA513,0x9470,
    0x8C50,0x94B1,0xB5B6,0x9CD2,0x9491,0x9470,0x9471,0x9491,0x94B1,0x8C50,0x8C30,0x9471,
    0x9491,0xAD54,0xBDF7,0xA4F2,0x9CD2,0x94B1,0x9470,0x94B1,0x9CB2,0x9CB2,0xA533,0x9CD2,
    0x94B1,0x94B1,0x9CD2,0x94B1,0x94B1,0x94B1,0x9491,0x9470,0x9491,0x9CB2,0xAD54,0xA513,
    0x94B1,0xA513,0xAD54,0xA513,0xB595,0xBDD6,0xA533,0x9CB2,0x9CD2,0x9CB1,0x9CD2,0xA4F3,
    0xB575,0x9CD2,0x9491,0x9CD2,0x94B1,0x8C30,0x842F,0x9470,0x9491,0x9491,0x94B1,0x9CD2,
    0x9CD2,0xA513,0xB575,0xB595,0xAD54,0xA533,0xA4F2,0xA533,0x9CF2,0x9CD2,0xA4F2,0x8C70,
    0x8C50,0x9491,0x8C70,0x9491,0x9CD2,0xA534,0xA534,0xB595,0xC638,0xB575,0xAD54,0xB5B5,
    0xBDD6,0xB5B6,0xB595,0xAD75,0xAD54,0x9CF2,0xA513,0xA533,0xAD74,0xBDB6,0xAD54,0xA4F3,
    0x9CD2,0xAD34,0x9CB2,0x94B1,0xAD34,0xA533,0xA513,0x9CD2,0xA533,0xA533,0xA513,0xA513,
    0x9CD2,0x9CB2,0x9491,0x94B1,0x9CD2,0x9CD2,0xA533,0xA513,0xA513,0xA513,0xAD34,0x9CF2,
    0x9CB2,0x9CB1,0xA4F2,0xAD34,0xA4F2,0xAD34,0xA4F2,0xA513,0xB5B6,0xA513,0x9CD2,0x9CD2,
    0x9CD2,0x9CD2,0xA534,0x9CF3,0xA534,0xBDD6,0xC617,0xBDF7,0xC658,0xCE58,0xC5F7,0xB595,
    0xB595,0xA513,0xA4F2,0xAD54,0xB595,0xAD34,0x9CD2,0xA513,0xAD34,0xA4F3,0xAD74,0xBDD6,
    0xB595,0xAD74,0xB595,0xAD74,0xB575,0xB595,0xBDD6,0xBDD6,0xB575,0xBDD6,0xBDD6,0xAD54,
    0xA533,0xA513,0xAD54,0xB5B5,0xB5B5,0xBDD6,0xAD54,0xA533,0xBDD6,0xBDD6,0xBDF7,0xC617,
    0xC638,0xCE58,0xC638,0xC637,0xDEFB,0xDEDA,0xCE58,0xCE58,0xCE58,0xCE79,0xC638,0xBDD6,
    0xB595,0xB595,0xAD75,0xB595,0xAD34,0xAD54,0xAD54,0xAD75,0xB595,0xCE58,0xBDD6,0xB595,
    0xAD54,0xAD54,0xBDD6,0xAD74,0xAD54,0xB5B6,0xB595,0xAD54,0xAD54,0xAD54,0xAD54,0xAD54,
    0xB575,0xAD54,0xAD54,0xB595,0xAD54,0xAD74,0xAD54,0xAD54,0xA533,0x9CF2,0xA533,0xB5B6,
    0xAD54,0x9CF2,0x9CF2,0xAD54,0xA513,0x9CD2,0x9CD2,0xA513,0xA513,0xA513,0xAD54,0xAD54,
    0xA513,0x9CD2,0xA513,0xA513,0xAD34,0xA533,0xAD54,0xAD54,0xAD34,0xA534,0x9CD2,0x9CD2,
    0x9CF2,0x9CD2,0x9CD2,0x9CD2,0x9CB2,0x9CF3,0xA513,0xA513,0xA534,0xA534,0xAD54,0xB5B5,
    0xBDD6,0xB595,0xBDF7,0xDF1B,0xD6BA,0xCE79,0xC658,0xBDF7,0xBDD6,0xBDF7,0xBDD6,0xC617,
    0xBDF7,0xC617,0xC638,0xC5F7,0xCE58,0xAD75,0x9CD3,0xC617,0xCE58,0xB5B5,0xB595,0xB595,
    0xA534,0xA513,0xA513,0xAD74,0x9CD2,0xBDD6,0xBDD6,0xB595,0xBDD6,0xAD54,0xA513,0xA513,
    0x94B1,0x840F,0x94B1,0x94B1,0xA534,0xAD54,0x9CB2,0x9CB2,0xA4F3,0xA513,0xA513,0x9CD2,
    0x94B1,0x9CB2,0x9CD2,0x94B1,0x94B1,0x9CD2,0x9CF2,0x9CB1,0x9CB2,0x94B1,0x94B1,0x9491,
    0x9491,0x9491,0x94B1,0x9CB2,0x9CF2,0x9471,0x842F,0x8C50,0x9471,0x9471,0x8C50,0x7BEF,
    0x738D,0x73AD,0x6B2C,0x5289,0x5269,0x4A48,0x4A48,0x5289,0x5AEA,0x52A9,0x6B4C,0x738D,
    0x632B,0x4A69,0x4A48,0x52AA,0x5ACA,0x4A48,0x4A48,0x4A69,0x5AEB,0x4A28,0x4228,0x4A69,
    0x4A69,0x5289,0x52AA,0x5289,0x5AAA,0x5ACA,0x4A69,0x5269,0x5289,0x4A48,0x5269,0x5289,
    0x5AAA,0x5AAA,0x5ACA,0x5ACA,0x5ACA,0x6B2C,0x736D,0x8C50,0x6B4C,0x5289,0x5269,0x5289,
    0x5289,0x4A69,0x52A9,0x5ACB,0x5ACA,0x5ACA,0x5ACA,0x5ACA,0x5ACA,0x5ACA,0x6B4C,0x6B4C,
    0x736D,0x7BCE,0x7BCE,0x840F,0x738D,0x52AA,0x5AEB,0x52AA,0x5269,0x5ACA,0x630B,0x73AE,
    0x840F,0x83EF,0x8C50,0x8C70,0xA554,0xA513,0x9471,0x83EF,0x83EF,0x842F,0x840F,0x83EF,
    0x840F,0x8C50,0x9470,0x8C70,0x8C50,0x8C50,0x8C30,0x9471,0x9CD2,0xA513,0x94B1,0x9CD2,
    0x9CF2,0xA513,0x9CB2,0xA4F3,0xA4F3,0xA513,0xAD34,0xA513,0xA513,0xA534,0xCE99,0xAD95,
    0xB595,0xAD54,0xA534,0xB595,0xCE58,0xBDD6,0xAD54,0xB575,0xAD74,0xA533,0xA513,0xBDB6,
    0xB595,0x9CF2,0xA513,0x9471,0x7BEF,0x7BCE,0x8430,0x8C50,0x7BAE,0x7BCE,0x7BCE,0x7BCE,
    0x7BCE,0x83EF,0x8C50,0x9CD2,0x8C50,0x9471,0x9471,0x9CD2,0x9CF2,0x9CF2,0x9CF2,0xAD34,
    0x9CD2,0x73AE,0x7BCE,0x7BCE,0x736D,0x83EF,0x6B4C,0x630B,0x5ACA,0x6B4C,0x630B,0x62EB,
    0x5AEA,0x62EB,0x630B,0x6B4C,0x738D,0x738D,0x736D,0x7BAE,0x83EF,0x83EF,0x8C30,0x94B1,
    0xA513,0xAD54,0xAD34,0xAD54,0xB595,0xAD54,0x94B1,0x8C50,0x9470,0x94B1,0xAD34,0x9CB1,
    0x9CD2,0x9491,0x9470,0x8C70,0x8C70,0x94B1,0x8C50,0x9491,0x9491,0x9491,0x9CB1,0xA533,
    0x9CB2,0x94B1,0x94B1,0x8C70,0x9CD2,0x9CD2,0x9CD2,0x9CD2,0x9CD2,0xA4F2,0x9CF2,0xA513,
    0x9CD2,0x9491,0x9CD2,0x9CB2,0x94B1,0x94B1,0xA513,0x9CB1,0x9CB1,0x9CF2,0xA513,0xA533,
    0xB595,0xAD34,0x9CD2,0x9CD2,0x94B1,0xAD54,0xAD54,0x9CD2,0x9CF2,0xA4F3,0x9471,0x9491,
    0x9470,0x840F,0x8C50,0x9470,0x8C70,0x8C70,0x9491,0x94B1,0x9CD2,0xA513,0xAD34,0xA513,
    0xAD54,0xAD75,0xAD54,0xA4F3,0x94B1,0x9491,0x9CD2,0x9471,0x9491,0x9CB2,0x8C50,0x8C30,
    0x9CB2,0x842F,0xA513,0xB595,0xC617,0xAD34,0xAD54,0xB575,0xB595,0xB5B5,0xAD34,0xAD54,
    0xAD54,0xA4F3,0xAD54,0xA513,0xAD54,0xB5B5,0xB575,0xA533,0xAD34,0xA513,0x9CB2,0x9CD2,
    0xA533,0xA513,0x94B1,0xA4F2,0x9CD2,0x9CF2,0x9CD2,0x9CB2,0x9CB2,0xA513,0x94B1,0x9CD2,
    0x9CF2,0xA4F2,0xA4F3,0xA513,0xA4F3,0xA4F2,0xA4F3,0xA4F2,0x9CD2,0x9CF2,0x9CD2,0x9CD2,
    0xA513,0xA513,0x9CD2,0x9CF2,0x9CD2,0x9491,0x9CD2,0x9CD2,0x9CF3,0x9CF2,0xA533,0x9CF2,
    0xAD54,0xC637,0xCE79,0xCE79,0xD699,0xCE38,0xB5B5,0xB575,0xAD75,0xAD34,0xAD34,0xAD74,
    0xBDD6,0xAD54,0xA4F3,0xA513,0xA4F2,0xAD54,0xAD54,0xB595,0xAD74,0xB575,0xAD74,0xA533,
    0xAD34,0xAD54,0xBDD6,0xBDD6,0xAD54,0xB595,0xBDB6,0xB595,0xAD54,0xAD54,0xAD75,0xAD74,
    0xAD75,0xB595,0xB5B6,0xC617,0xBDD6,0xBDD6,0xBDD6,0xBDD6,0xBDD6,0xBDF7,0xC5F7,0xC638,
    0xDEFB,0xD6BA,0xCE79,0xCE79,0xCE78,0xD699,0xCE79,0xBDF7,0xB595,0xBDD6,0xB595,0xB595,
    0xAD54,0xAD74,0xA513,0xA534,0xAD54,0xB575,0xAD54,0xBDD6,0xD6B9,0xC617,0xBDD6,0xBDD6,
    0xAD54,0xBDD6,0xBDD6,0xB595,0xAD75,0xB575,0xAD74,0xAD34,0xAD74,0xAD34,0xAD34,0xAD54,
    0xAD54,0xAD54,0xA533,0xA513,0xA513,0x9CD2,0xA513,0xB595,0xAD54,0xA533,0x9CD2,0xA513,
    0xA513,0x94B1,0x94B1,0x94B2,0x9CD2,0x9CD2,0xA513,0xA513,0xA534,0x9CF2,0xA4F3,0x9CF2,
    0xA4F3,0xA513,0xA534,0xB595,0xA513,0xA513,0xA513,0xA4F3,0x9CD2,0xA4F3,0xAD75,0xA513,
    0x9CD2,0xA533,0xAD74,0xAD34,0xAD34,0xAD34,0xAD54,0xB575,0xBDB6,0xB595,0xC617,0xE75C,
    0xD6BA,0xCE79,0xCE58,0xBDF7,0xBDF7,0xBDF7,0xBDD6,0xBDF7,0xC617,0xC617,0xC638,0xC658,
    0xC638,0xC617,0xCE79,0xD699,0xCE58,0xC638,0xC638,0xBDD6,0xC617,0xC638,0xC638,0xB575,
    0x94B2,0xA554,0xBDD6,0xB575,0x9CD2,0xB575,0xAD54,0x9CB2,0x632C,0x83EF,0x9CF2,0xA513,
    0xA513,0xAD54,0x9CD2,0xA4F3,0xA4F2,0x9CD2,0xA4F2,0x94B1,0x9470,0x9491,0x94B1,0x9CD2,
    0x9CD2,0x94B1,0x9CB2,0xA4F2,0xA513,0x9CB2,0x9CB2,0x9CD2,0x9CB2,0x9CB1,0x9CD2,0xA4F3,
    0x9CD2,0xA4F3,0x8C70,0x8C50,0x94B1,0x9491,0x8C70,0x840F,0x840F,0x7BCE,0x6B4C,0x5ACA,
    0x5AAA,0x5269,0x5289,0x52A9,0x62EA,0x736D,0x73AD,0x736D,0x5AEB,0x5289,0x4A48,0x5ACA,
    0x630B,0x5AEB,0x4A69,0x4228,0x5289,0x4A48,0x4A48,0x5289,0x5AAA,0x630B,0x73AD,0x6B6D,
    0x52A9,0x5AAA,0x4A48,0x4A69,0x5289,0x4A48,0x4A69,0x630B,0x632C,0x5ACA,0x5289,0x52AA,
    0x5ACA,0x62EB,0x630B,0x736D,0x5AEB,0x4A69,0x52AA,0x5289,0x5269,0x5269,0x52AA,0x52AA,
    0x52AA,0x5ACA,0x5ACA,0x5ACA,0x5AAA,0x52A9,0x630B,0x630B,0x6B2C,0x7BEF,0x8C50,0x842F,
    0x83EF,0x632C,0x630B,0x630B,0x52AA,0x5ACA,0x6B4C,0x8C50,0x840F,0x7BCE,0x8C70,0x9471,
    0x94B2,0x94B2,0x9491,0x8C30,0x840F,0x842F,0x8C30,0x8C30,0x9471,0x8C50,0x9491,0x8C70,
    0x8C50,0x8C30,0x840F,0x8C50,0x9CB2,0x9CF2,0x9CD2,0x9CD2,0x9CF2,0x9CB2,0x9491,0x9CB2,
    0xA4F3,0x9CF2,0x9CD2,0xA4F3,0xAD54,0xAD54,0xD6DA,0xC638,0xBDD6,0xAD75,0xAD75,0xB595,
    0xC637,0xBDD6,0xA513,0xAD34,0xB595,0xB595,0xAD54,0xBDD6,0xBDD6,0xAD33,0x94B2,0x94B1,
    0x7BCE,0x840F,0xAD75,0xA534,0x842F,0x736D,0x736D,0x736D,0x6B2C,0x736D,0x7BAE,0x7BCE,
    0x83EF,0x9470,0x9491,0x9CB2,0x9CD2,0xA513,0xAD34,0xAD75,0xB595,0x8C50,0x6B4C,0x7BCE,
    0x7BCE,0x7BAE,0x7BCE,0x6B2C,0x5ACA,0x6B4C,0x738D,0x630B,0x5ACA,0x62EB,0x630B,0x6B2C,
    0x736D,0x736D,0x6B6D,0x736D,0x738D,0x7BCE,0x7BCE,0x8C30,0x9CB2,0x9CD2,0xA533,0xA513,
    0x9CD2,0x94B1,0x8C70,0x8C50,0x94B1,0x9470,0x9491,0x9491,0x94B1,0x94B1,0x8C70,0x8C50,
    0x9491,0x94B1,0x94B1,0x9CD2,0x94B1,0x8C70,0x9491,0x9CB2,0x9CB2,0x9491,0x9471,0xA4F2,
    0xAD54,0x9CB2,0x9491,0x9CD2,0xA513,0xA513,0xA513,0x9CD2,0x9CD2,0x9CD2,0x94B1,0x94B1,
    0x9CD2,0x9491,0x9CB2,0x9CD2,0xA4F3,0xAD34,0xA4F3,0xA513,0xA533,0xA513,0xA4F2,0x9CB2,
    0x9CD2,0xAD54,0xAD34,0x9CD2,0x9491,0x94B1,0x94B1,0x9491,0x840F,0x840F,0x8C30,0x9491,
    0x9470,0x9491,0x8C50,0x9491,0xA534,0xA513,0xA513,0xA4F3,0x9CD2,0xA513,0xA513,0x94B1,
    0x9491,0x9471,0x8C70,0x94B1,0x8C70,0x9470,0x8C30,0x94B1,0x9CF3,0x842F,0x9CD2,0xB595,
    0xAD34,0xAD54,0xB575,0xA513,0xA534,0xB595,0xA533,0xA513,0xAD54,0xAD75,0xAD74,0xA513,
    0xAD34,0xAD54,0xAD54,0xA4F2,0xA513,0xA4F2,0xA4F3,0x9CF2,0xA4F3,0xA4F2,0x9CB1,0x9CF2,
    0xA533,0x9CD2,0x94B1,0xA513,0x94B2,0x9CB2,0x94B1,0x9CD2,0x94B1,0xA513,0xA533,0xA4F2,
    0xA4F2,0x9CB2,0xA513,0xA513,0xA4F3,0x9CD2,0xA4F3,0x9CD2,0xA513,0xA513,0xA4F3,0xA513,
    0xA4F3,0xA4F3,0xA513,0x9CD2,0xA534,0xA4F3,0xA513,0xA533,0xAD54,0xB595,0xB5B6,0xBDF7,
    0xBDF7,0xC637,0xBDD6,0xAD74,0xAD34,0xAD74,0xB575,0xB595,0xAD54,0xAD54,0xAD54,0xA4F2,
    0x9CF2,0xB5B5,0xAD54,0xAD75,0xAD74,0xAD54,0xAD54,0xAD54,0xAD54,0xAD54,0xB5B6,0xB595,
    0xAD54,0xAD54,0xA513,0xAD34,0xAD54,0xB595,0xB5B5,0xBDF7,0xB5B5,0xB5B5,0xBDD6,0xCE58,
    0xBDD6,0xB5B5,0xAD75,0xAD75,0xB595,0xC637,0xCE58,0xCE78,0xCE99,0xD6DA,0xCE58,0xCE58,
    0xC638,0xCE58,0xCE58,0xBDF7,0xB575,0xBDF7,0xBDD6,0xAD54,0xAD54,0xB595,0xAD54,0xAD74,
    0xAD54,0xA513,0xAD54,0xBDD6,0xD6BA,0xCE58,0xC617,0xC638,0xB595,0xB5B6,0xAD75,0xAD75,
    0xAD34,0xAD54,0xAD54,0xAD74,0xAD74,0xAD54,0xAD54,0xAD54,0xAD75,0xA533,0xA513,0x9CD2,
    0x9CD2,0x9CD2,0xA4F2,0xA513,0xA513,0xA513,0x9CD2,0xA513,0xB595,0xA513,0x94B1,0x9CD2,
    0x94B1,0x9CB2,0x9CB2,0x94B1,0x9CD2,0xAD54,0xA534,0x9CD2,0x9CF2,0x9CD2,0xA534,0xB595,
    0xA513,0x9CF2,0x9CD2,0x94B1,0x94B1,0x9CD2,0x9CD2,0x9CF3,0xA513,0xAD34,0xBDD6,0xB595,
    0xAD54,0xA534,0xAD75,0xB595,0xBDB6,0xBDD6,0xC617,0xC638,0xCE58,0xCE58,0xC637,0xB5B6,
    0xBDD6,0xBDD6,0xB5B5,0xBDF7,0xC637,0xC637,0xCE58,0xD699,0xD699,0xCE79,0xD699,0xD6BA,
    0xD6BA,0xD6BA,0xCE79,0xC638,0xCE58,0xD699,0xC658,0xC617,0xB575,0x8430,0x94B1,0xA534,
    0x8C71,0xBDD6,0xAD54,0x9CF2,0x9470,0x8C70,0x840F,0xA513,0x9CD2,0xA4F2,0xA533,0xA533,
    0xA4F3,0x9CD2,0x9CD2,0x94B1,0x94B1,0x94B1,0x9491,0xA4F2,0x9CB2,0x9CB2,0x9CD2,0x9CF2,
    0xA4F2,0x9CD2,0x9CD2,0xA533,0xA533,0x9CD2,0x9CD2,0x9CF2,0x9CF2,0xA4F2,0xA4F3,0x9CD2,
    0x9CF2,0x9CD2,0x94B1,0x8C30,0x8C50,0x83EF,0x738D,0x632B,0x5ACA,0x52A9,0x52AA,0x52A9,
    0x736D,0x842F,0x840F,0x738D,0x6B4C,0x52AA,0x5289,0x5269,0x62EB,0x632B,0x62EB,0x52AA,
    0x630B,0x630B,0x4A69,0x4A48,0x5ACA,0x7BAE,0x7BCE,0x7BCE,0x6B4C,0x5289,0x4A48,0x5289,
    0x5289,0x4A48,0x4A28,0x4A69,0x52AA,0x5289,0x4A69,0x5289,0x6B4C,0x632C,0x632B,0x5ACA,
    0x4A69,0x4A69,0x6B4C,0x5ACA,0x4A49,0x4A69,0x5269,0x5289,0x52AA,0x52AA,0x5AEB,0x52AA,
    0x52AA,0x5ACA,0x5ACB,0x630B,0x6B4C,0x7BCE,0x8C70,0x8C50,0x7BCE,0x6B4C,0x630B,0x7C0F,
    0x630B,0x5AEB,0x5AEB,0x7BCF,0x8430,0x840F,0x8C50,0x8C70,0x8C50,0x8C70,0x9471,0x9CD2,
    0x9CD2,0x9491,0x8C70,0x9470,0x8C50,0x8C30,0x94B1,0x8C50,0x9471,0x9491,0x8C2F,0x8C50,
    0x9CD2,0xA534,0x9CD2,0x9491,0x9491,0x9CB2,0x9CB2,0x94B1,0x94B2,0x9CB2,0x9491,0x9CD2,
    0xA534,0xB5B6,0xBDF7,0xAD75,0xA534,0xAD54,0xAD75,0xB575,0xA534,0xAD54,0xA534,0xA513,
    0xAD75,0xAD75,0xB595,0xAD54,0xB575,0xCE58,0xA4F3,0x9491,0x8430,0x94B2,0xAD54,0x94B1,
    0x94B2,0x8C70,0x840F,0x738D,0x632B,0x6B2C,0x6B6C,0x736D,0x7BCE,0x9491,0x9491,0x9CB2,
    0x9CD2,0xA513,0xAD54,0xA513,0x9CD2,0x9491,0x7BCE,0x736D,0x5ACA,0x5AEB,0x736D,0x6B4C,
    0x630B,0x630B,0x736D,0x62EB,0x62EA,0x6B2C,0x6B4C,0x736D,0x738D,0x6B6C,0x6B4C,0x6B6C,
    0x736C,0x7BAD,0x7BAE,0x7BCE,0x840F,0x8C30,0x9CB2,0x9491,0x8C70,0x8C50,0x8C30,0x8C50,
    0x9CB2,0x9491,0x8C50,0x8C70,0x9470,0x9470,0x9491,0x9491,0x9491,0x9491,0x94B1,0x9491,
    0x9470,0x8C50,0x8C70,0x9CD2,0x9CB1,0x9491,0x8C70,0xA533,0xAD54,0x9CD2,0xA513,0xAD75,
    0x9CD2,0x9CF2,0x9CD2,0x94B1,0xA4F3,0xA534,0x9CD2,0x9CD2,0xA4F2,0x9CD2,0xA4F2,0x9CD2,
    0xAD54,0xAD54,0xA513,0xA513,0xA4F3,0xA513,0x9CD2,0x94B1,0x9CD2,0xA4F2,0xA513,0xA4F2,
    0x9491,0x9470,0x8C70,0x8C50,0x8C50,0x8C50,0x9471,0x9491,0x9491,0x9CB2,0x9491,0x9CB2,
    0x9CF2,0x9CD2,0x9CB2,0x9CF2,0x9CF2,0x9CD2,0x9CD2,0x9CD2,0x9470,0x9491,0x9CB2,0x9470,
    0x9491,0x9491,0x8C30,0x8C70,0x94B1,0x8C50,0x9470,0x9CB2,0x9CD2,0xAD34,0xA4F3,0x9CD2,
    0xA513,0xAD75,0xAD54,0xA533,0xA533,0xB595,0xAD54,0xAD54,0x9CD2,0x9CD2,0xA533,0xA4F3,
    0xA4F2,0xA4F2,0xAD54,0xAD34,0xA4F3,0x9CF2,0x9CB2,0x9CB2,0x9CD2,0xA4F2,0x9491,0x9470,
    0x9491,0x94B1,0x94B1,0x94B1,0x94B2,0xA513,0xB595,0xAD54,0xA513,0xA513,0xA533,0xA4F2,
    0x9CD2,0x9CF2,0x9CD2,0xA513,0x9CF2,0xAD34,0xA4F3,0x9CD2,0x9CF2,0xA533,0xA533,0x9CB2,
    0xA513,0xA513,0xA513,0xB595,0xB575,0xB595,0xBDD6,0xBDD6,0xBDD6,0xC617,0xBDD6,0xAD54,
    0xAD54,0xAD54,0xAD34,0xAD75,0xAD75,0xAD34,0xAD34,0xA533,0xAD54,0xB595,0xB595,0xAD54,
    0xAD54,0xAD54,0xB575,0xB595,0xA533,0xA513,0xAD54,0xA533,0xAD54,0xAD74,0xAD54,0xAD34,
    0xB595,0xB5B6,0xBDF7,0xCE99,0xDEFA,0xCE78,0xBDF7,0xBDF7,0xBDD6,0xBDF7,0xBDD6,0xB595,
    0xBDF7,0xCE79,0xCE79,0xCE79,0xD6B9,0xD6BA,0xCE99,0xCE78,0xBDD6,0xBDD6,0xC638,0xBDD6,
    0xBDD6,0xBDD6,0xBDB6,0xB5B5,0xBDD6,0xB5B6,0xAD74,0xAD54,0xA513,0x9CD2,0xAD75,0xB5B5,
    0xB5B6,0xC617,0xCE79,0xDEFB,0xC617,0xB595,0xB595,0xAD54,0xAD34,0xAD54,0xAD75,0xB575,
    0xAD54,0xAD75,0xA533,0xAD74,0xA534,0xAD54,0xA533,0xA534,0xA4F3,0x9CD2,0xA4F3,0xA513,
    0xA4F2,0xA4F3,0x9CF2,0xA4F3,0xB595,0xAD74,0x94B2,0x9491,0x9CD2,0x9CD2,0x9491,0x9491,
    0x94B1,0xA513,0xA534,0x9CF2,0x9CD2,0x9CD2,0xAD54,0xB595,0xA513,0x9CD2,0x9CD2,0x9CD2,
    0x9491,0x94B1,0x94B1,0x9CD2,0x9CD2,0xBDD6,0xCE79,0xB595,0xAD75,0xAD74,0xB575,0xB595,
    0xBDD6,0xC617,0xC638,0xC637,0xC638,0xCE58,0xCE78,0xBDF7,0xBDD6,0xCE58,0xC617,0xBE17,
    0xC617,0xC637,0xCE99,0xD699,0xD6BA,0xD699,0xCE58,0xCE58,0xD6BA,0xD699,0xC617,0xB595,
    0xAD74,0xC617,0xC617,0xBDD6,0xBDD6,0xB595,0xB595,0x9491,0xAD75,0xB595,0xA513,0xA533,
    0x9471,0x83EF,0x840F,0x840F,0x94B2,0x9CD2,0x9CD2,0xA513,0xA513,0x9CD2,0xA4F2,0x9CD2,
    0x9CD2,0x9CB2,0x9CB2,0x94B1,0x9CF2,0xA513,0x9CD2,0x9CF2,0xA4F2,0xA513,0xA534,0x9CD2,
    0xA4F2,0x9CD2,0x9491,0x9CB2,0x94B1,0x9CD2,0x9CD2,0xA4F2,0xA513,0xB595,0xA513,0x9471,
    0x8C70,0x94B1,0x840F,0x6B6C,0x62EB,0x5AEA,0x5ACA,0x5AAA,0x73AD,0x8C70,0x7BCE,0x632B,
    0x9CB1,0x630B,0x5ACA,0x632B,0x5AEA,0x6B4C,0x6B4C,0x6B4C,0x6B4C,0x73AE,0x6B6D,0x62EB,
    0x630B,0x6B4C,0x7BAE,0x94B2,0x8C71,0x5ACA,0x5269,0x5ACA,0x630B,0x5AA9,0x5269,0x4A48,
    0x4A69,0x5269,0x4A69,0x4A69,0x5ACA,0x62EB,0x632B,0x632C,0x52AA,0x4A69,0x5AAA,0x5ACA,
    0x5289,0x4A69,0x4A69,0x52AA,0x5AAA,0x5ACA,0x5AEB,0x5AAA,0x5AAA,0x5ACA,0x5ACA,0x630B,
    0x6B4C,0x6B4C,0x83EF,0x94B2,0x8430,0x630B,0x52AA,0x52AA,0x52AA,0x630B,0x632C,0x73AE,
    0x8430,0x9471,0x8C50,0x7BCE,0x842F,0x94B2,0x9470,0x9CB2,0x94B1,0x9471,0x9CD2,0x9491,
    0x8C30,0x8C30,0x94B1,0x8C70,0x8C50,0x8C50,0x8C70,0x9491,0xA513,0x9CF2,0x8C70,0x8C50,
    0x94B1,0x9CD2,0xA4F3,0x9CB2,0x9CD2,0xA513,0xA4F3,0x9CD2,0xA533,0xBDF7,0xB595,0x9CF3,
    0xA4F3,0xA513,0x9CF2,0xA534,0xA513,0xAD54,0xB595,0xAD54,0xBDD6,0xB595,0xAD34,0xB595,
    0xB575,0xAD34,0xA513,0x9CF2,0xA4F3,0x9CD2,0x9491,0x8C71,0x8C50,0x8C70,0x8C50,0x7BAE,
    0x6B6D,0x6B4C,0x6B4C,0x738D,0x738D,0x7BCE,0x7BCE,0x7BAE,0x94B1,0xA513,0xAD34,0xA534,
    0x94B1,0x94B1,0x840F,0x9491,0x8C30,0x6B4C,0x83EF,0x8430,0x8C71,0x632B,0x738D,0x6B6C,
    0x6B4C,0x6B6C,0x7BCE,0x73AD,0x736D,0x738D,0x736D,0x6B4C,0x736D,0x83EF,0x83EF,0x738D,
    0x6B6C,0x83EE,0x8C30,0x8C70,0x8C30,0x8C30,0x840F,0x9491,0xA533,0x9CD2,0x9491,0x8C50,
    0x9491,0x8C70,0x9491,0x9470,0x9491,0x9CB2,0x9491,0x8C30,0x8C30,0x8C30,0x8C30,0x8C50,
    0x8C50,0x8C50,0x8C70,0x9CB2,0x9491,0x9491,0x9CD2,0xAD54,0x9CD2,0x9CD2,0x94B2,0x9471,
    0x9CD2,0xAD34,0xA533,0xA4F3,0xA513,0xA4F2,0xA513,0xAD34,0xAD54,0xA4F2,0xA4F3,0xAD54,
    0xAD54,0xA4F3,0xA513,0xA513,0x9CB2,0xA4F3,0x9CD2,0x94B1,0x9491,0x8C70,0x9CD2,0x9CB2,
    0x8C70,0x9470,0x9491,0x9470,0x9491,0x9CD2,0x9491,0x9CF2,0x9CD2,0x94B1,0x9CF2,0xA4F3,
    0xA513,0x9470,0x9470,0x9491,0x9CB2,0x94B1,0x9471,0x8C50,0x9CD2,0x9471,0x9470,0x9471,
    0x9CB2,0xA513,0x9CD2,0x9491,0xA4F3,0xA533,0x9CD2,0xA513,0xAD54,0xB575,0xAD54,0xA533,
    0xA533,0xAD74,0xB595,0xB595,0xA513,0x9CD2,0x9CD2,0xA533,0xA513,0xA4F3,0xA513,0xA513,
    0xA513,0xA513,0xA513,0xA513,0x9CB2,0x94B1,0x9491,0x9470,0x9491,0x94B1,0x9CD2,0xA4F3,
    0x9491,0x9CB2,0xAD34,0xAD54,0xA513,0xA513,0x9CD2,0x9CF2,0x9CF2,0x9470,0x9CD2,0x9CF2,
    0xA4F3,0xAD54,0xAD54,0xA513,0x9CD2,0xAD75,0xB575,0xA513,0x9CD2,0x9CD2,0xA513,0xAD34,
    0xAD75,0xBDD6,0xC637,0xBDD6,0xBDD6,0xBDD6,0xB595,0xAD54,0xAD74,0xAD54,0xAD75,0xB595,
    0xAD54,0xA513,0xA513,0xAD34,0xBDB6,0xBDD6,0xB5B6,0xB595,0xB595,0xB595,0xB595,0xAD74,
    0xA513,0xA533,0xA513,0xAD74,0xAD34,0xA513,0xA513,0xA513,0xA513,0xB575,0xBDD6,0xC5F7,
    0xC638,0xBE17,0xAD54,0xAD75,0xBDD6,0xC617,0xCE58,0xCE58,0xC638,0xCE79,0xCE79,0xCE78,
    0xCE79,0xCE79,0xCE79,0xD699,0xC5F7,0xBDD6,0xC617,0xB5B6,0xAD74,0xB595,0xBDB6,0xB575,
    0xAD74,0xB595,0xB5B5,0xA4F3,0xA4F3,0xA513,0xAD54,0xAD74,0xBDD6,0xBDD6,0xBDD6,0xD699,
    0xBDD6,0xAD34,0xB5B5,0xBDD6,0xAD75,0xAD75,0xB595,0xB575,0xAD54,0xAD54,0xAD54,0xAD54,
    0xA513,0xA533,0xA533,0xB575,0xA513,0xAD34,0xA534,0xAD34,0xA4F3,0xA4F3,0xA513,0xA513,
    0xA513,0xA513,0x9CD2,0x9CD2,0xA513,0xA534,0x9491,0x94B1,0x9491,0x94B2,0x9CD2,0x9CB2,
    0x9CD2,0x9CD2,0xA4F3,0xAD54,0xA513,0x9CB2,0x9CD2,0x9CF2,0x9CD2,0x9CB2,0x9CD2,0x9CB2,
    0xA513,0xC617,0xBDF7,0xAD75,0xAD54,0xAD75,0xAD54,0xBDB6,0xD6DA,0xC658,0xC638,0xCE58,
    0xCE79,0xCE79,0xCE58,0xCE79,0xCE58,0xD699,0xDEFB,0xCE58,0xC638,0xD6BA,0xCE79,0xC617,
    0xC638,0xC638,0xC617,0xBDD6,0xCE58,0xE75C,0xBDD6,0xA534,0xAD54,0xBDD6,0xBDD6,0xBDD6,
    0xB595,0xB5B6,0x9CD2,0x630B,0xA534,0xB595,0xA513,0x9CF2,0xA4F2,0x9471,0x9CD2,0x8C70,
    0x738D,0x9CB2,0xA4F3,0xA533,0xA513,0xA4F3,0xA4F3,0x9CB2,0x94B1,0x9491,0x9CD2,0x94B1,
    0xA513,0xA4F3,0x9CB2,0x9491,0x9491,0xAD54,0xAD54,0x94B1,0x94B1,0xA4F2,0x9491,0x94B1,
    0x9491,0x9491,0x9CB2,0xA4F2,0x9CD2,0xB595,0xC617,0xAD54,0x9CD2,0x9491,0x8C50,0x840F,
    0x738D,0x6B4C,0x5ACA,0x62EB,0x6B6C,0x8430,0x738D,0x6B6D,0x736D,0x630B,0x5AEB,0x5AEA,
    0x52A9,0x6B2C,0x738D,0x6B6C,0x6B4C,0x6B4C,0x6B6D,0x6B4C,0x6B4C,0x6B4C,0x7BCE,0x8430,
    0x73AD,0x6B2C,0x5289,0x52AA,0x5AEB,0x52A9,0x5269,0x5ACA,0x52AA,0x5289,0x5289,0x4A69,
    0x52AA,0x632C,0x5AEB,0x5ACA,0x632C,0x5ACA,0x4A28,0x52AA,0x5ACA,0x5ACA,0x62EB,0x6B2C,
    0x5ACA,0x5ACA,0x62EB,0x5ACA,0x5AAA,0x630B,0x738D,0x6B6D,0x62EB,0x630B,0x7BAE,0x9491,
    0x840F,0x6B4C,0x5ACB,0x52AA,0x52AA,0x62EB,0x630B,0x630B,0x736D,0x7BCE,0x736D,0x632C,
    0x8430,0x9491,0x8C2F,0x9470,0x8C70,0x840F,0x9CD2,0x9491,0x840F,0x842F,0x94B1,0x9CD2,
    0x9491,0x8C70,0x9CD2,0x9CB2,0x9CB2,0x94B1,0x8C70,0x8C70,0x94B1,0x9CF2,0xA4F3,0x9CD2,
    0x9CD2,0xAD54,0xA534,0x9CB2,0xA4F3,0xAD54,0xA513,0x9CF3,0xAD54,0xA513,0x9CF2,0x9CD2,
    0xA534,0xAD54,0xB595,0xB5B6,0xC658,0xC638,0xB575,0xAD54,0xB595,0xAD54,0xA4F2,0xA4F3,
    0xA533,0x94B2,0x94B2,0x8C71,0x840F,0x840F,0x73AD,0x6B4C,0x6B2C,0x6B4C,0x6B6D,0x736D,
    0x738D,0x6B4C,0x736D,0x7BAE,0x8C70,0xA513,0x9CD2,0x9CB2,0x9471,0x83EF,0x9CD2,0x9CD2,
    0x9491,0x73AD,0x8C50,0x9CD2,0x9CF3,0x7BCE,0x738D,0x840F,0x7BCE,0x6B6D,0x7BAE,0x83EF,
    0x738D,0x6B2C,0x6B2B,0x6B4C,0x736D,0x83EF,0x83EF,0x738D,0x7BAE,0x8C30,0x8C50,0x9470,
    0x840F,0x842F,0x8C30,0x9471,0x94B1,0x94B1,0x9CD2,0x9CD2,0x8C70,0x8C50,0x8C50,0x8C70,
    0x9491,0x9CB2,0x8C50,0x8C50,0x8C30,0x842F,0x8C2F,0x8C50,0x9470,0x9CD2,0x9CD2,0x9491,
    0x8C50,0x8C70,0x9491,0x9CD2,0x9CD2,0x9CD2,0x9CD2,0x9491,0x9CD2,0xB595,0xBDD6,0xA4F3,
    0x9CD2,0xAD34,0xA513,0xA513,0xA533,0xA513,0xA513,0xAD34,0xA533,0xAD54,0xAD54,0xA513,
    0x9CD2,0x94B1,0x9CB1,0x9491,0x9470,0x9470,0x94B1,0xA513,0x9491,0x8C70,0x94B1,0x9491,
    0x9471,0x9470,0x9491,0x94B1,0x94B1,0x9CD2,0xA4F2,0x94B1,0x9491,0x9470,0x9470,0x9470,
    0x94B1,0x9491,0x8C50,0x8C70,0x9470,0x9491,0x94B1,0x9CD2,0x9CD2,0x9CB2,0x9CD2,0x9CD2,
    0xA513,0xA513,0x9CF2,0x9CD2,0xAD54,0xAD74,0xAD74,0xA534,0x9CF2,0xA4F3,0xA533,0xB595,
    0xAD74,0xA533,0x9CB2,0xAD54,0xAD74,0xA533,0xA4F3,0x9CD2,0x9CD2,0x9CD2,0xAD54,0xBDD6,
    0xAD75,0x9CB2,0x9471,0x9470,0x94B1,0x9491,0x9CD2,0x9CD2,0x94B1,0x9CB2,0xA513,0xA513,
    0xA4F3,0xA513,0xA513,0x9CD2,0x9CD2,0x94B1,0x9491,0x9491,0x9CD2,0xA4F3,0xA533,0xAD74,
    0xA513,0xAD75,0xAD54,0xA4F2,0x9CB2,0xA513,0xAD54,0xA513,0xA533,0xAD75,0xB595,0xAD34,
    0xAD54,0xB595,0xAD54,0xB5B6,0xAD75,0xAD74,0xC638,0xB595,0x9CF2,0x9CD2,0xA513,0xAD54,
    0xBDB6,0xB5B6,0xC617,0xC617,0xBDF7,0xAD74,0xAD74,0xAD75,0xAD34,0x9CF2,0xA513,0xAD34,
    0xAD34,0xA533,0xA513,0xA534,0xA533,0xA533,0xAD54,0xAD74,0xBDD6,0xB5B6,0xB575,0xAD54,
    0xB595,0xBE17,0xBDF7,0xBDF7,0xBDF7,0xC617,0xC617,0xC638,0xC638,0xC617,0xC617,0xC638,
    0xCE79,0xBDF7,0xBDF7,0xBDD6,0xB595,0xBDD6,0xB595,0xAD54,0xAD74,0xB595,0xA533,0xA534,
    0xA533,0xA533,0xAD34,0xA513,0xBDD6,0xAD54,0xA513,0xB595,0xAD54,0xAD74,0xAD54,0xB5B5,
    0xB595,0xAD75,0xB595,0xAD75,0xAD75,0xAD54,0xAD54,0xAD54,0xAD34,0xA513,0xA513,0xAD54,
    0xA513,0xA534,0xAD54,0xAD34,0xA4F3,0xA513,0xA533,0xA513,0xA533,0xA513,0xAD54,0xA534,
    0x9CB2,0x9CF2,0x9491,0x94B1,0x9CD2,0x9CF2,0x9CB2,0x94B1,0x9CF2,0x9CD2,0x9CB2,0xA513,
    0xA513,0x9CF3,0x9CD2,0x9CD2,0x9CD2,0x9CD2,0x9CD2,0x9CF2,0xA533,0xAD34,0xAD34,0xA533,
    0xAD74,0xA534,0xA534,0xB5B6,0xBDF7,0xBDF7,0xBDF7,0xC617,0xC617,0xCE78,0xC658,0xC617,
    0xC638,0xD699,0xD6DA,0xCE99,0xCE79,0xCE58,0xC617,0xC617,0xC617,0xC617,0xC617,0xBDF7,
    0xC617,0xDEDA,0xB5B6,0x8C71,0xA534,0xB595,0xBDD6,0xB5B5,0xB595,0xB595,0xA513,0x6B6D,
    0x7BAE,0xAD54,0xB595,0x9CF2,0x9CD2,0x9CD2,0xA4F3,0x94B1,0x736D,0xA4F3,0xA513,0xA513,
    0xA513,0x9CD2,0x9CD2,0x9CD2,0x9491,0x9CD2,0xA533,0xA513,0xB575,0xA4F3,0x9CD2,0x83EF,
    0x738D,0xA513,0x9CD2,0x94B2,0x9491,0xA4F2,0x94B1,0x842F,0x842F,0x8C70,0x94B1,0x9CD2,
    0xAD54,0xB5B5,0xD699,0xBDD6,0x9CD2,0x9471,0x842F,0x8C30,0x840F,0x7BCE,0x7BEF,0x840F,
    0x83EF,0x73AD,0x7BCE,0x73AD,0x4207,0x630B,0x6B4C,0x630B,0x6B2C,0x6B4C,0x73AD,0x736D,
    0x6B4C,0x6B4C,0x736D,0x6B4C,0x7BAE,0x73AD,0x83EF,0x840F,0x840F,0x7BAE,0x630B,0x5289,
    0x4A69,0x52AA,0x5289,0x5ACA,0x52AA,0x5269,0x5289,0x4A69,0x5289,0x5ACA,0x5AAA,0x5ACA,
    0x630B,0x5289,0x5AEB,0x738D,0x6B6D,0x6B4C,0x840F,0x840F,0x630B,0x630B,0x6B6C,0x5AEB,
    0x6B4C,0x7BAE,0x7BCE,0x7BAE,0x5ACA,0x5ACA,0x73AE,0x840F,0x6B2C,0x6B2C,0x5AEB,0x5289,
    0x52AA,0x5ACA,0x6B4C,0x6B4C,0x632B,0x630B,0x5AEB,0x630B,0x7BCE,0x8C50,0x83EF,0x8C70,
    0x8C50,0x8C50,0x9491,0x94B1,0x8C30,0x9470,0x9491,0x9CB2,0x9CD2,0xA513,0xA513,0x94B1,
    0x8C30,0x8C50,0x9CB2,0x9491,0x9CB2,0xA4F3,0x94B1,0x9491,0x9CB2,0x94B1,0x94B1,0x9491,
    0x9CD2,0xA513,0xA513,0xA534,0x9CF2,0x9CF2,0x9CD2,0x9CD2,0xAD54,0xAD74,0xAD54,0xBDD6,
    0xDEFB,0xD6B9,0xB5D6,0xAD54,0xAD54,0xB595,0xA513,0xA4F3,0x94B2,0x9491,0x8C50,0x8C50,
    0x840F,0x7BCE,0x6B6D,0x632C,0x630B,0x632C,0x6B6C,0x73AD,0x738D,0x7BAE,0x7BCE,0x7BEF,
    0x8C70,0x9CF2,0xA513,0x9CB2,0x8C50,0x8C30,0x9CB2,0x94B1,0x9491,0x9471,0x8C50,0x9CB2,
    0x94B1,0x8C50,0x8C70,0x94B1,0x840F,0x7BCE,0x840F,0x83EF,0x738D,0x6B2C,0x6B4C,0x736D,
    0x6B6D,0x7BCE,0x73AD,0x7BCE,0x842F,0x9471,0x9491,0x8C2F,0x842F,0x8C50,0x9471,0x8C30,
    0x8C50,0x9491,0x9CB2,0x9471,0x8C30,0x8C50,0x8C30,0x8C70,0x9471,0x8C50,0x8C70,0x8C30,
    0x8C50,0x8C50,0x8C30,0x9471,0x9CB2,0xA4F2,0x9CB2,0x9470,0x9491,0x9491,0x9CD2,0x9CF2,
    0x9CD2,0x9CD2,0x9CB2,0x9CD2,0x9CD2,0xA534,0xAD54,0xA534,0xA534,0xAD54,0x9CF2,0x9CD2,
    0xA4F2,0x9CF2,0x9CF2,0xA513,0xA533,0xAD34,0xA513,0xA513,0x9CF2,0x94B1,0xA4F2,0x9CD2,
    0x9491,0x9CD2,0x94B1,0x9CD2,0x9491,0x8C50,0x9470,0x9491,0x9CB1,0x94B1,0x9CB1,0x9491,
    0x94B1,0xA4F2,0x9CD2,0x9CD2,0x9491,0x9CB2,0x9470,0x8C30,0x8C50,0x9470,0x94B1,0x9491,
    0x94B1,0x9CD2,0x9CD2,0x9CD2,0x9CB2,0x9CB2,0xA4F3,0xA513,0xA513,0xA4F3,0xA513,0xA4F3,
    0xAD34,0xB595,0xAD74,0xA534,0xA4F2,0xA534,0xA513,0xA534,0xB595,0xAD54,0x9CF2,0x9CD2,
    0xA534,0xA513,0x9CF2,0x9CD2,0x9CD2,0x9CD2,0xA4F3,0xB5B5,0xB5B5,0x9CD2,0x8C50,0x94B1,
    0x94B1,0x9CB2,0x94B2,0x9CB2,0xA513,0x9CD2,0x9CF2,0xA513,0xA513,0xAD54,0xA534,0x9CD2,
    0x9CB2,0x9CD2,0x94B1,0x94B1,0x94B1,0x9CB2,0xA513,0xA513,0x9CD2,0x9CD2,0x9CF2,0xA513,
    0xA513,0xAD54,0xA533,0xAD54,0xAD54,0xAD74,0xAD75,0xAD34,0xA533,0xAD54,0xB575,0xBDD6,
    0xB575,0xAD54,0xB575,0xA513,0x9CD2,0xA513,0xAD33,0xB595,0xB595,0xBDF6,0xDF1B,0xD6BA,
    0xBDF7,0xAD54,0xA533,0xA513,0xA513,0xA533,0xA513,0x9CD2,0x9CD2,0xA4F2,0x9CD2,0xAD54,
    0xA533,0x9CD2,0xA513,0xAD54,0xBDB6,0xB5B5,0xB5B5,0xB595,0xBDF7,0xBDD6,0xB5B6,0xB595,
    0xBDD6,0xBDD6,0xB5B6,0xC617,0xBDD6,0xB595,0xBDD6,0xAD75,0xCE78,0xC617,0xBDF6,0xB595,
    0xAD74,0xA533,0xA533,0xAD54,0xAD54,0xB595,0xAD54,0xAD54,0xAD54,0xAD75,0xB595,0xB575,
    0xA513,0xAD34,0xA534,0xA534,0xAD75,0xAD74,0xA513,0xAD74,0xAD74,0xAD75,0xB595,0xB5B5,
    0xAD74,0xAD74,0xAD54,0xAD34,0xB575,0xAD75,0xAD54,0xAD34,0xAD34,0xAD34,0xAD54,0xAD54,
    0x9CD2,0xA513,0xA533,0xA513,0xA533,0xA513,0xAD54,0x9CF2,0x9491,0x9CB2,0x9CF2,0x9CB2,
    0x9CF2,0xA4F3,0x94B2,0x94B2,0x9CD2,0x94B1,0x9CD2,0xA4F3,0xA513,0xA4F3,0x9CF2,0xA513,
    0xA4F3,0x9CB2,0x9CD2,0xA513,0xA533,0xAD54,0xAD74,0xAD54,0xB595,0xAD34,0xA534,0xAD54,
    0xB575,0xBDD6,0xBDD6,0xBDD6,0xC617,0xC617,0xC638,0xC638,0xC638,0xC638,0xD6B9,0xCE79,
    0xCE58,0xC617,0xBDF7,0xC637,0xC617,0xCE58,0xBDF7,0xBDD6,0xAD75,0xAD54,0xA513,0x9CD2,
    0xA4F3,0xB595,0xBDD6,0xC617,0xB5B5,0xB595,0xB575,0x8C70,0x6B6D,0x94B1,0xAD75,0xAD54,
    0xAD54,0x9CD2,0xA4F2,0x94B1,0x8C30,0x9CD2,0x9CD2,0xA513,0xA4F3,0x9CD2,0xA513,0x9CD2,
    0x9CB2,0xA4F2,0xAD54,0xA534,0xB575,0xA513,0xA513,0x9CB2,0x9CB2,0x9CB2,0x8C30,0xA4F3,
    0xAD75,0x9CD2,0x8C50,0x83EF,0x8C30,0x8C70,0x9CB2,0x94B1,0xA4F2,0xA534,0xA513,0xA534,
    0x9471,0x8C30,0x840F,0x840F,0x8C50,0x7BCE,0x7BCE,0x8C50,0x8C50,0x6B4C,0x62EA,0x6B4C,
    0x630B,0x738D,0x7BEE,0x840F,0x7BAE,0x7BCE,0x7BAD,0x73AD,0x840F,0x7BCE,0x7BCE,0x738D,
    0x83EF,0x842F,0x842F,0x840F,0x840F,0x7BCE,0x840F,0x738D,0x5AEB,0x630B,0x630B,0x52A9,
    0x52AA,0x4A69,0x4A48,0x4228,0x4228,0x4A48,0x5289,0x5AEA,0x6B4C,0x5ACA,0x73AD,0x8C71,
    0x73AE,0x8430,0x9D13,0x73AD,0x5ACA,0x630B,0x738D,0x6B6D,0x6B4C,0x736D,0x6B6D,0x630B,
    0x5ACA,0x630B,0x7BCE,0x6B4C,0x630B,0x630B,0x528A,0x5289,0x632C,0x6B4C,0x7BCE,0x8C30,
    0x738D,0x738D,0x6B4C,0x630B,0x7BCE,0x8C50,0x9470,0x9CB2,0x8C50,0x840F,0x94B1,0x9491,
    0x8C50,0x8C70,0x8C50,0x8C70,0x9470,0x9CB2,0x9CB2,0x9470,0x94B1,0x94B1,0x94B1,0x9491,
    0x9CD2,0xA4F3,0xA513,0x9CD2,0x9491,0x9491,0x9CB2,0xA4F3,0xA4F3,0xA4F3,0xAD75,0xAD54,
    0x9CD2,0x94B2,0x9CB2,0xA513,0xA513,0xA534,0xAD34,0xBDF7,0xCE79,0xC638,0xBDD6,0xBDD6,
    0xB595,0xB595,0xB595,0xAD54,0x9CD2,0x8C71,0x7BCE,0x7BCE,0x7BCE,0x738D,0x736D,0x6B4C,
    0x630B,0x6B2C,0x6B6D,0x73AD,0x738D,0x7BCE,0x840F,0x8C70,0xAD74,0x94B2,0xA533,0xAD54,
    0x9CD2,0x9CD2,0x94B1,0x9CD2,0x8C50,0x738D,0x8430,0x9491,0x9491,0x7BEE,0x8C30,0x9CD2,
    0x9471,0x8C70,0x94B1,0x842F,0x6B6C,0x6B2C,0x6B4C,0x6B4C,0x6B4C,0x73AD,0x7BCE,0x840F,
    0x9470,0x9CB2,0x9491,0x7BEE,0x7BEE,0x842F,0x8C50,0x8C50,0x840F,0x8C50,0x94B1,0x8C30,
    0x840F,0x8C30,0x8C50,0x9470,0x9491,0x8C50,0x8C30,0x8C30,0x9470,0x9491,0x9CD2,0x9CB1,
    0x9CB2,0x9CD2,0x94B1,0x8C50,0x94B1,0x9CB2,0x9CB1,0x9CB2,0x9CD2,0xA4F2,0x9CD2,0x9CB2,
    0x9CB2,0xA513,0xA513,0xAD34,0xA534,0xA513,0xA513,0xA513,0xAD34,0xAD34,0xA533,0xA533,
    0xA534,0xA533,0xA513,0x9CD2,0x9CB1,0x9470,0x9CB2,0x9491,0x9470,0x9CB1,0x9CF2,0x9491,
    0x9491,0x9CD2,0x9491,0x9491,0x94B1,0x9491,0x9491,0x9491,0x94B1,0xA4F2,0x9CB2,0x9CB2,
    0x94B1,0x9CB2,0x9470,0x8C50,0x9471,0x9470,0x9491,0x9491,0x9470,0x94B1,0x9CD2,0x9CD2,
    0xA513,0x9CD2,0xA4F2,0xA513,0x9CD2,0x9CB2,0x94B1,0xA4F3,0xAD34,0xAD34,0xAD34,0xAD54,
    0xA513,0xAD54,0xA513,0x9CD2,0x9CF2,0xA533,0xA513,0xA513,0xA513,0xA533,0xA513,0xA513,
    0x9CF2,0xA513,0x9CD2,0x9CD2,0xA513,0xA4F3,0x9CF3,0xA4F3,0x9CD2,0x9CD2,0x94B2,0x9CD2,
    0x94B1,0x94B1,0x9CD2,0xA513,0xA4F3,0xA533,0xA513,0x9CB2,0x9CD2,0x9CF2,0x9CB1,0x9CB2,
    0x9CD2,0xA513,0x9CD2,0x9CD2,0x9CD2,0x9CB2,0xA4F3,0xA513,0xAD34,0xAD54,0xA533,0xA533,
    0xB575,0xAD54,0xA513,0xAD34,0xAD54,0xAD54,0xAD74,0xBDF7,0xAD74,0xA513,0xA533,0x9CD2,
    0xA513,0xA513,0xAD74,0xAD74,0xB595,0xC637,0xD699,0xD699,0xB595,0xAD34,0xA513,0xA513,
    0xA513,0x9CB2,0x9CB2,0xA513,0x9CD2,0x9CB2,0x94B1,0xA4F3,0x9CD2,0xA4F3,0xA513,0xA513,
    0xA534,0xAD54,0xAD75,0xBDD6,0xBDD7,0xAD54,0xB595,0xBDD6,0xB595,0xB595,0xB5B5,0xC638,
    0xBDD6,0xA513,0xB5B5,0xAD75,0xBDD6,0xCE78,0xBDD6,0xAD54,0xAD54,0xA513,0xA513,0x9CD2,
    0xA4F3,0xAD54,0xA4F3,0xA4F2,0xA534,0xBDD6,0xBDD6,0xB595,0xA513,0xAD54,0xAD34,0xB595,
    0xB575,0x9CF2,0xA4F3,0xAD54,0xAD54,0xAD75,0xAD75,0xAD75,0xAD75,0xB595,0xAD54,0xB595,
    0xB575,0xB5B5,0xAD54,0xAD34,0xA4F3,0xAD54,0xAD34,0xA513,0x9CF2,0xA513,0xAD54,0xA513,
    0xA513,0x9CD2,0xA513,0xA513,0x94B1,0x94B1,0x9CB2,0x94B2,0x9CD2,0x9CD2,0x94B2,0xA4F3,
    0xA4F3,0x9491,0x9491,0x9CD2,0xA513,0x9CD2,0x9CB2,0xA513,0xAD54,0xB575,0xA533,0xA513,
    0x9CF2,0xA513,0xA534,0xAD34,0xAD74,0xAD54,0xAD54,0xAD54,0xB5B6,0xB595,0xB5B6,0xBDD6,
    0xBDF7,0xBDF7,0xC617,0xC638,0xC617,0xC638,0xCE58,0xCE79,0xC638,0xC617,0xC5F7,0xBDD6,
    0xC638,0xC638,0xBDD6,0xB595,0x9CD2,0x8430,0x9CD2,0xA534,0xAD54,0xAD54,0xC638,0xC617,
    0xB5B6,0xB595,0xAD54,0xAD74,0xA513,0x8C30,0xAD54,0xB575,0xA534,0x9CD2,0xA4F3,0xA4F2,
    0xA4F3,0x9CF2,0x9CD2,0x9CD2,0x9CD2,0x9CD2,0x9CB1,0x9CF2,0x9CD2,0xA513,0xAD34,0xA513,
    0x9CB2,0xA513,0x9CF2,0xA513,0xA4F2,0x9CD2,0x840F,0x94B1,0xA513,0x9CD2,0x8C70,0x9491,
    0x8C30,0x9491,0x9471,0x9491,0x842F,0x8C50,0x9471,0x9CF3,0x9491,0x8430,0x9491,0x8C50,
    0x8C70,0x7BCE,0x840F,0x842F,0x8C70,0x840F,0x630B,0x5AA9,0x6B2B,0x738D,0x7BAE,0x8430,
    0x7BCE,0x738D,0x736D,0x7BCE,0x83EF,0x7BCE,0x7BCE,0x7BCE,0x7BEF,0x7BEF,0x8C30,0x94B1,
    0x840F,0x7BCE,0x6B2C,0x62EB,0x73AD,0x7BCE,0x840F,0x62EB,0x5289,0x5289,0x4A48,0x4A48,
    0x4228,0x4A48,0x4A69,0x5269,0x630B,0x738D,0x6B2C,0x738D,0x7BCE,0x8C50,0x94B2,0x7BCE,
    0x5AAA,0x5289,0x5AEB,0x6B2C,0x632C,0x6B6D,0x6B2C,0x62EA,0x630B,0x62EB,0x6B2C,0x632B,
    0x6B2C,0x630B,0x52AA,0x5289,0x630B,0x6B2C,0x7BCE,0x83EE,0x6B4C,0x840F,0x8430,0x6B2C,
    0x840F,0x8C50,0x9CB2,0xA513,0x8C30,0x9471,0x9CB2,0x9491,0x8C50,0x9471,0x9491,0x8C50,
    0x842F,0x9491,0x9491,0x8C50,0x94B1,0x94B2,0x9491,0x9CB2,0xA4F3,0x9CF2,0x9CD2,0x9CF2,
    0xA513,0x9CB2,0x94B2,0xA513,0xA534,0x9CD2,0x94B2,0x9CD2,0x9CD2,0x9491,0x9CB2,0xA534,
    0xA533,0xAD54,0xAD75,0xAD75,0xBDD6,0xBDD6,0xBDD6,0xB575,0xB595,0xCE58,0xBDF7,0xAD54,
    0x9CF3,0x8C71,0x840F,0x7BAE,0x738D,0x736D,0x6B2C,0x6B4C,0x738D,0x738D,0x738D,0x738D,
    0x7BCE,0x840F,0x7BCE,0x8C50,0xA533,0x94B1,0x9CD2,0xA534,0xA534,0xAD74,0xA513,0x9CD2,
    0x840F,0x73AD,0x842F,0x9CD2,0x94B2,0x840F,0x8C70,0xA533,0x9CF2,0xA513,0x94B1,0x840F,
    0x7BAD,0x6B2C,0x6B2C,0x6B4C,0x6B6C,0x738D,0x7BAE,0x8C50,0x8C70,0x8C70,0x8C50,0x840F,
    0x83EF,0x83EF,0x7BEE,0x83EF,0x7BEF,0x8C70,0x9471,0x8C50,0x8C50,0x8C30,0x840F,0x840F,
    0x840F,0x8C30,0x94B1,0x8C50,0x9471,0x9CD2,0xAD34,0x94B2,0x9491,0x9491,0x9491,0x9470,
    0x9491,0x9491,0x9471,0x94B1,0xA533,0x9CD2,0x94B1,0x9CF2,0x9CD2,0x9CD2,0xAD54,0xAD54,
    0xA533,0xA513,0xA513,0xAD54,0xBDD6,0xBDD6,0xAD34,0x9CD2,0xA513,0xB595,0xA513,0x9491,
    0x94B1,0x8C50,0x9491,0x9470,0x94B1,0x9CD2,0x9491,0x9CB2,0x9CB2,0x9CD2,0x94B1,0x94B1,
    0x9CD2,0x9470,0x94B1,0x9CD2,0x9CD2,0x9CD2,0xA513,0x9CD2,0x9CD2,0x9CB1,0x94B1,0x9491,
    0x9491,0x8C70,0x9471,0x8C50,0x9491,0x8C50,0x9491,0x94B1,0x9CD2,0x9CF2,0x9CF2,0x9CB2,
    0x9CD2,0x9CB2,0x9CD2,0x9CF2,0xAD34,0xA533,0xAD34,0xAD54,0xA4F3,0xA533,0xA513,0x9CD2,
    0x94B1,0xA4F2,0xA513,0xA513,0xA533,0xA513,0xA513,0xA513,0xA513,0x9CB2,0x9CD2,0x9CB2,
    0xA4F2,0xBDD6,0xAD54,0xA513,0x9CF2,0x9CD2,0xA4F3,0xA4F3,0x9CD2,0x9CD2,0x94B1,0xA4F2,
    0xA513,0xB575,0xAD54,0x9CF2,0x9CF2,0x9CD2,0x9CD2,0x9CB2,0x9CD2,0xA513,0x94B1,0x9CF2,
    0x9CD2,0xA513,0x9CD2,0xAD54,0xB595,0xA513,0x9CD2,0x9CD2,0xAD54,0xAD74,0xA513,0xA513,
    0xA513,0xA533,0xAD54,0xAD54,0xAD34,0x9CF2,0xB575,0xA513,0x9CF2,0xA533,0xB595,0xBDD6,
    0xBDD6,0xB595,0xBDD6,0xBDD6,0xBDF7,0xAD34,0xA513,0xA513,0xA4F2,0x94B1,0x9470,0x9491,
    0xA4F3,0x9CB2,0x9CD2,0xA4F3,0xA513,0x9CD2,0xA513,0xA513,0xA513,0xAD74,0xB5B5,0xB595,
    0xB595,0xBDD6,0xBDF7,0xBDF7,0xB595,0xAD74,0xB5B5,0xC617,0xBDD6,0xB5B5,0xBDD6,0xBE17,
    0xA534,0xC658,0xC617,0xAD75,0xAD54,0xA513,0xA533,0x9CF2,0xA513,0xB595,0xA513,0xA513,
    0x9CB2,0x9CD2,0xAD54,0xAD54,0xA513,0xA4F3,0xAD54,0xAD75,0xA4F3,0xA513,0xA534,0xB595,
    0xB575,0xA534,0xAD75,0xBDD6,0xB595,0xAD75,0xB595,0xB575,0xB5B5,0xC617,0xAD75,0xA533,
    0xA513,0xAD74,0xB595,0xAD54,0xA513,0x9CF2,0xA534,0xAD54,0xA513,0xA4F3,0x94B1,0x9CF2,
    0x9CB2,0x94B1,0x9CD2,0x9CB2,0x94B1,0x9CB2,0x94B1,0x94B2,0x94B1,0x9CB2,0x94B1,0x9CD2,
    0x9CD2,0x9CD2,0x9CF2,0xA533,0xA513,0xA534,0xA4F3,0xA513,0xA513,0x9CF2,0xA513,0xA534,
    0xAD74,0xAD54,0xAD75,0xAD54,0xBDB6,0xB5B6,0xB595,0xBDD6,0xBDD6,0xB5B6,0xC617,0xC617,
    0xBDD7,0xC617,0xC638,0xCE58,0xBDF7,0xBDF7,0xBDF7,0xAD75,0xB595,0xAD54,0xAD75,0xAD75,
    0xA513,0x8C71,0x9CF3,0xAD54,0xAD75,0xA534,0xA534,0xBDF7,0xC617,0xAD75,0xAD54,0xAD54,
    0xA513,0x83EF,0x94B2,0xB595,0xB595,0xA513,0xA513,0xA513,0x9CD2,0x9CD2,0xA513,0x9CD2,
    0x9CB2,0x94B1,0x9491,0x9CB2,0x94B1,0xA513,0x9CD2,0x9CB2,0x9CD2,0x9CD2,0x94B1,0x9CD2,
    0xA4F3,0x9491,0x7BCE,0x9471,0x8C50,0x94B1,0x94B1,0x8C50,0x842F,0x9CD2,0x9CD2,0x8C50,
    0x9471,0x9491,0x9491,0x94B2,0x9491,0x8C70,0x8C50,0x8C30,0x840F,0x83EF,0x8C30,0x8C50,
    0x8430,0x73AD,0x62EB,0x5ACA,0x630B,0x736C,0x73AD,0x6B4C,0x6B2C,0x736D,0x7BCE,0x7BAE,
    0x7BAE,0x7BCE,0x7BCE,0x7BCE,0x7BCE,0x7BEF,0x83EF,0x9CD2,0x9471,0x738D,0x5ACA,0x5289,
    0x5ACA,0x840F,0x8C71,0x5AAA,0x4A48,0x5AAA,0x5289,0x630B,0x5ACA,0x4A69,0x5289,0x5289,
    0x630B,0x7BCE,0x7BAD,0x7BAE,0x8C50,0x9471,0x8C50,0x738D,0x5ACA,0x52AA,0x630B,0x630B,
    0x62EB,0x6B6D,0x6B2C,0x62EA,0x5AEB,0x5289,0x5ACA,0x630B,0x630B,0x630B,0x52AA,0x52AA,
    0x5AAA,0x5ACA,0x630B,0x630B,0x73AD,0x7BCE,0x6B4C,0x738D,0x8C50,0x8C50,0x94B1,0x9491,
    0x8C50,0x8C50,0x9CB2,0x9CF2,0x9491,0x9471,0x9491,0x8430,0x8C70,0x9CD2,0x94B1,0x9491,
    0x94B1,0x9CD2,0x9CB2,0x9CF2,0xA513,0xA513,0xA513,0xA513,0xA513,0xA513,0xAD54,0x9CD2,
    0xA4F3,0x94B2,0x9CD2,0x94B1,0x9CB2,0x9CB2,0xA513,0xA534,0xA513,0xAD54,0xA534,0xAD54,
    0xB595,0xB595,0xAD75,0xBDD6,0xC637,0xD6B9,0xC617,0xA513,0x9CD2,0x9491,0x840F,0x7BCE,
    0x73AD,0x738D,0x736D,0x6B6D,0x6B4C,0x6B4C,0x6B6C,0x736D,0x7BCE,0x7BAE,0x738D,0x842F,
    0xA534,0xA534,0x9CD2,0xA4F3,0xA4F3,0x9CD2,0x9491,0x8C70,0x8C70,0x9491,0x9CB2,0x9CD2,
    0x9491,0x8C30,0x8C50,0x9491,0x8C70,0x9491,0x8C30,0x7BCE,0x73AD,0x6B4C,0x736D,0x738D,
    0x73AD,0x738D,0x7BCE,0x8C50,0x8C50,0x7BEF,0x83EF,0x7BAE,0x738D,0x7BCE,0x7BCE,0x7BCE,
    0x842F,0x8C50,0x9CF2,0x94B1,0x9470,0x842F,0x840F,0x840F,0x7BAE,0x8C30,0x8C2F,0x840F,
    0xAD75,0xAD34,0x9CD2,0x9491,0x9491,0x9CF2,0x94B1,0x9470,0x9491,0x9CD2,0x9CD2,0x9CB2,
    0x9CD2,0x9CB2,0x9491,0x9CB2,0xAD34,0xA534,0xBDD6,0xAD54,0x9CF2,0xAD34,0xAD54,0xAD54,
    0xB595,0xB5B5,0xAD54,0xA4F2,0xAD54,0xB5B5,0xA533,0x9CB2,0x9CD2,0x9CD2,0x9CD2,0x9491,
    0x9491,0x9CD2,0x9CB2,0x9CB2,0x9471,0x94B1,0x9491,0x9491,0x9CD2,0x9CD2,0xA534,0xA533,
    0xA513,0xA534,0xBDF7,0xB595,0xA513,0x9CF2,0x94B1,0x9491,0x9471,0x9471,0x8C50,0x8C70,
    0x9470,0x9470,0x9CD2,0xA513,0x9CD2,0xA513,0x9CF2,0x9CD2,0x9CD2,0x94B1,0x9CD2,0x9CD2,
    0xA513,0xAD54,0xA534,0xA4F3,0xA4F3,0xAD34,0xA513,0x9CF2,0x9CB1,0x9CF2,0xA513,0x9CD2,
    0xA513,0xA533,0xA513,0xA533,0xA4F2,0xA513,0x9CD2,0xA4F3,0xA513,0xAD54,0xA513,0x9CF2,
    0x9CD2,0xA513,0xA4F3,0x9CD2,0xAD54,0xAD34,0x9CD2,0xA513,0xAD54,0xAD34,0xA513,0x9CB2,
    0x9CD2,0xA513,0xAD54,0xA513,0x94B1,0x94B1,0x9491,0x94B1,0xA513,0xAD54,0xA4F3,0xAD34,
    0xB575,0xAD54,0xA513,0xAD75,0xA533,0xAD74,0xB595,0xB575,0xAD34,0xA513,0xAD34,0xAD34,
    0xA513,0xA513,0xA533,0xAD54,0xA4F2,0xAD54,0xBDD6,0xC5F7,0xAD54,0x840F,0xB575,0xA513,
    0xB595,0xBDD6,0xAD74,0xA513,0x94B1,0x8C70,0x9CB2,0xA513,0x9CB2,0x94B1,0xA4F3,0x9CD2,
    0xA513,0x94B2,0xA4F3,0xA513,0xAD54,0xB595,0xAD34,0xA513,0xAD54,0xD6BA,0xDF1B,0xBDD6,
    0xA513,0xA534,0xAD54,0xAD74,0xB575,0xAD54,0xAD54,0xAD75,0xA534,0xBDF7,0xCE58,0xC617,
    0xB5B6,0xA513,0xAD54,0xAD75,0xA533,0xA513,0xA534,0x9CD2,0x9CF2,0xAD34,0xA513,0x9CD2,
    0x9CD2,0xA534,0xAD74,0xAD74,0xA513,0xA513,0xA534,0xAD75,0xB595,0xB595,0xBDD6,0xC617,
    0xB595,0xAD74,0xAD54,0xA534,0xAD54,0xB595,0xAD54,0xA513,0xAD54,0xB575,0xB595,0xAD54,
    0xAD54,0xAD54,0xAD54,0xAD54,0xAD34,0xA534,0x9CD2,0x9471,0x94B1,0x9491,0x9CD2,0x9CD2,
    0x9CD2,0x9CD2,0x94B1,0x94B2,0x9491,0x94B1,0x9CF2,0xAD54,0xA513,0x9CF2,0xA533,0xA534,
    0xA533,0xA513,0x9CF2,0x9CD2,0xA534,0xB575,0xAD34,0xA534,0xA534,0xAD74,0xB575,0xAD75,
    0xB595,0xB575,0xB575,0xBDD6,0xB595,0xB5B6,0xBDF7,0xAD75,0xB595,0xB5D6,0xBDF7,0xC617,
    0xBDD6,0xBDB6,0xAD74,0xAD54,0x9491,0x8430,0x8C50,0x9CF3,0x9CD2,0x94B2,0x9CF3,0xA513,
    0x9CD2,0x94B2,0xA513,0xB595,0xB595,0xA534,0xAD34,0xA4F3,0x840F,0x6B6D,0x94B2,0xB595,
    0xAD54,0xAD54,0xA513,0xA513,0xA4F3,0x9CD2,0xA513,0x9CD2,0x9CD2,0x9CB2,0x9491,0x9CB2,
    0x9471,0x9CB2,0x94B2,0x9CB2,0x9CD2,0x9CD2,0x94B1,0x9491,0x94B2,0x9491,0x9491,0x8C70,
    0x5AEB,0x6B4C,0x9CB1,0x9CD2,0x94B2,0xA513,0x9CD2,0x9CB2,0x9CB2,0x9470,0x94B1,0x8C50,
    0x9491,0x8C70,0x840F,0x840F,0x83EF,0x842F,0x8C70,0x8C50,0x8C50,0x6B6C,0x6B4C,0x736D,
    0x736D,0x736D,0x7BCE,0x738D,0x630B,0x7BAD,0x7BEE,0x7BCE,0x7BEF,0x7BCE,0x8C50,0x8C50,
    0x7BCE,0x83EF,0x736D,0x73AD,0x7BEF,0x7BCE,0x5ACA,0x4A69,0x5AEB,0x736D,0x62EB,0x4A48,
    0x4A69,0x62EB,0x7BCE,0x83EF,0x630B,0x4A48,0x5269,0x5AEB,0x632C,0x738D,0x840F,0x736D,
    0x7BCE,0x8C71,0x8C50,0x630B,0x5ACA,0x632C,0x6B2C,0x630B,0x5ACA,0x5AEB,0x632C,0x630B,
    0x630B,0x5AEB,0x6B2C,0x6B2C,0x630B,0x6B2C,0x6B2C,0x5AEB,0x4A69,0x5289,0x52AA,0x5289,
    0x62EB,0x6B6D,0x6B2C,0x7BCE,0x8C50,0x8C50,0x9491,0x94B1,0x94B1,0x94B1,0x9CD2,0x94B1,
    0x8C70,0x9491,0x9CD2,0x8C71,0x9CB2,0xA533,0x9471,0x9491,0x9CD2,0xA513,0xA513,0xA534,
    0x9CD2,0xAD74,0xCE79,0xBDD6,0xA4F3,0xA513,0xAD54,0x9CB2,0x94B1,0x8C50,0x94B1,0x9CB2,
    0x94B1,0x94B2,0xA513,0xA534,0xA4F3,0xA513,0xA533,0xAD54,0xB595,0xAD74,0xB595,0xC637,
    0xC638,0xCE78,0xBDF7,0xAD54,0x9CF3,0x9491,0x840F,0x7BEF,0x73AE,0x738D,0x73AE,0x73AE,
    0x6B4C,0x6B4C,0x6B6C,0x738D,0x6B4C,0x6B4C,0x6B4C,0x7BCE,0xAD34,0xAD54,0xA513,0x9CD2,
    0x8430,0x73AD,0x6B4C,0x840F,0xA4F3,0x9CD2,0x9CD2,0x9470,0x9471,0x840F,0x736D,0x7BCE,
    0x840F,0x840F,0x73AD,0x6B4C,0x7BAE,0x738D,0x6B4C,0x73AD,0x738D,0x7BAE,0x8C30,0x8C50,
    0x9471,0x7BEF,0x7BAE,0x6B4C,0x6B4C,0x738D,0x73AD,0x7BAE,0x840F,0x8C30,0x8C50,0x8C70,
    0x8C50,0x8430,0x842F,0x840F,0x83EF,0x842F,0x83EF,0x9471,0xB5B5,0xA534,0x8C70,0x94B1,
    0x9491,0x9CB2,0x9CD2,0x94B1,0x94B1,0x9CD2,0xA513,0x9CB2,0x9CD2,0xA4F2,0x94B1,0xA513,
    0xB595,0xBDF7,0xBDD7,0xA534,0x9CD2,0xAD74,0xAD54,0xA513,0xAD54,0xAD74,0xAD34,0xB575,
    0xBDD6,0xC617,0xA513,0xA533,0xA4F2,0xA513,0xAD34,0x9CF2,0x9491,0x94B1,0xA533,0xA533,
    0x9CD2,0x94B1,0x8C50,0x8C70,0x9CD2,0x9CD2,0x9CD2,0xA4F2,0x9CD2,0xA533,0xBDD6,0xB5B6,
    0xA513,0x9CB2,0x9470,0x842F,0x8C50,0x8C30,0x8C50,0x8C50,0x9470,0x9CB2,0xA534,0xAD54,
    0xAD75,0xA533,0xA513,0xA4F2,0x9CB2,0xA4F2,0x94B1,0x9CB2,0xA4F3,0x9CF2,0xAD54,0xAD54,
    0xA513,0xA513,0xA533,0xA513,0xB595,0xAD34,0x9CD2,0x9CD2,0xA513,0x9CF2,0x9CD2,0xAD54,
    0xA513,0x9CF2,0xA4F2,0x9CD2,0xA533,0xA513,0xAD54,0x9CF3,0x94B1,0x9CD2,0x9CD2,0x9CD2,
    0xA513,0x9CF2,0x9CD2,0xA534,0x9CF2,0x94B1,0x94B1,0x9CD2,0x9CD2,0xA513,0xAD34,0xA513,
    0x9CF2,0x9CB2,0x9491,0x94B1,0x9CD2,0xA513,0xA513,0x9CD2,0xA4F2,0xA4F3,0x9CD2,0xA4F2,
    0x94B1,0xA513,0xB595,0xAD75,0xAD54,0xB595,0xA513,0xA533,0x9CF2,0x9CF2,0x9CB2,0x9CB2,
    0xA4F2,0xB595,0xB595,0xBDB5,0x842F,0x6B4C,0x94B2,0x9471,0xA533,0xB595,0xB575,0x9CD2,
    0x8C30,0x9491,0xA534,0xAD54,0x9491,0x9491,0x9CD2,0xA4F3,0x9CB2,0x9CB2,0x9CD2,0xAD54,
    0xAD54,0xA513,0xBDD6,0xB5B5,0xA533,0xCE58,0xCE79,0xAD54,0x9CD2,0xA513,0xA513,0xAD34,
    0xA513,0x9CD2,0xA513,0xAD54,0xAD54,0xAD75,0xC658,0xC617,0xB595,0xA513,0xA4F2,0xA513,
    0xAD34,0x9CD2,0x9CD2,0x9CD2,0xA513,0xA513,0xA513,0xAD54,0xB5B5,0xAD34,0xAD75,0xB595,
    0x9CF2,0xA534,0xAD34,0x9CF2,0xA513,0xAD74,0xCE79,0xC617,0xAD54,0xAD54,0xAD54,0xAD34,
    0xA533,0xA533,0xAD34,0xAD54,0xAD54,0xAD54,0xAD54,0xBDD6,0xB5B5,0xAD54,0xA513,0xAD74,
    0xAD34,0xA513,0xA4F3,0x9491,0x9491,0x94B1,0x9CD2,0x9CD2,0x9491,0x9CD2,0x9CB2,0xA534,
    0x9CB2,0xA4F3,0xA513,0x9CF2,0xA4F3,0x9CD2,0xA533,0xA533,0xA513,0xA513,0xA534,0xA534,
    0xA513,0xAD54,0xAD75,0xA513,0xA513,0xB595,0xAD75,0xAD74,0xAD54,0xAD34,0xAD54,0xB5B5,
    0xB595,0xBDD6,0xC617,0xA513,0xAD75,0xB595,0xB595,0xB5B6,0xB5B6,0xB595,0xA534,0x840F,
    0x6B6D,0x738D,0x7BCE,0x8C71,0x9CF3,0x9CD2,0x9CF3,0x94B2,0x8430,0x8C70,0xA534,0xA4F3,
    0x8430,0xA513,0x9CF3,0xAD54,0xB595,0x9CD2,0x73AE,0xAD75,0xAD74,0xA4F3,0xA513,0xA513,
    0xAD34,0x9491,0x9CF2,0xA4F2,0x9CD2,0x9CD2,0x94B1,0x9CD2,0x9CD2,0x94B1,0x9CB2,0xA513,
    0x9CD2,0x9CD2,0xA4F2,0x9491,0x9491,0x9491,0x9470,0x840F,0x6B4C,0x7BCE,0x9CB2,0xBDF7,
    0xAD74,0x9CD2,0x9CD2,0x9CB2,0x9CB2,0x9471,0x8C50,0x8C50,0x9491,0x9470,0x840F,0x840F,
    0x840F,0x8C50,0x9491,0x9491,0x7BCE,0x52AA,0x840F,0x7BCE,0x7BAD,0x7BEE,0x7BCE,0x83EF,
    0x738D,0x8430,0x8C50,0x7BCE,0x7BCE,0x7BCE,0x7BCE,0x7BEF,0x9CD2,0x8C50,0x83EF,0x8C50,
    0x7BCE,0x840F,0x736D,0x4A69,0x52A9,0x7BAD,0x73AD,0x6B2C,0x5AAA,0x5AAA,0x738D,0x73AD,
    0x5289,0x4A49,0x4A69,0x4A48,0x5ACA,0x7BEF,0x8C70,0x842F,0x840F,0x840F,0x7BCE,0x630B,
    0x5ACA,0x6B4C,0x632C,0x5AEB,0x5AEA,0x632C,0x7BEF,0x6B4C,0x632C,0x630B,0x6B2C,0x632B,
    0x630B,0x6B4C,0x6B4C,0x630B,0x4A89,0x4A69,0x5289,0x4A69,0x5AAA,0x632C,0x840F,0x8C50,
    0x8430,0x8C50,0x94B1,0xA4F2,0x9CD2,0x9CD2,0xA513,0x9470,0x8C50,0x9491,0xA4F3,0xAD75,
    0xAD74,0xA513,0xAD34,0x9CD2,0x9CD2,0x9491,0xA513,0xA534,0xA4F2,0xA513,0xBDD6,0xAD34,
    0x9CD2,0x9491,0x9CB2,0x9CD2,0x94B2,0x94B2,0x9491,0x9491,0x9CB2,0xA513,0xA534,0xB595,
    0x9CF2,0xA513,0xA513,0xA513,0xA534,0xB595,0xB5B5,0xBDD6,0xCE79,0xDEFB,0xC617,0xB5B6,
    0xA534,0x9CD2,0x8430,0x840F,0x840F,0x7BAE,0x736D,0x6B4C,0x738D,0x736D,0x736D,0x6B4C,
    0x630B,0x630B,0x6B2B,0x73AD,0xA513,0xB595,0xA533,0xAD54,0x94B2,0x6B6D,0x736D,0x83EF,
    0x9470,0x94B1,0x9CD2,0x840F,0x842F,0x7BAE,0x83EF,0x840F,0x73AD,0x8C50,0x840F,0x736C,
    0x736D,0x7BCE,0x7BCE,0x7BEF,0x736D,0x736D,0x83EF,0x9491,0x9491,0x842F,0x73AD,0x7BAE,
    0x738D,0x736D,0x73AD,0x7BCE,0x83EF,0x8C30,0x8C71,0x8C30,0x840F,0x840F,0x83EF,0x83EF,
    0x840F,0x840F,0x7BEE,0x9491,0x9CB2,0x9CB2,0x9CD2,0x8C70,0x9471,0x9CD2,0x9CD2,0x9CB2,
    0x9CD2,0x9CD2,0x9CB2,0x9CB2,0xA513,0x9CF2,0xAD54,0xBDD6,0xCE79,0xE75C,0xBDF7,0xAD54,
    0xA4F3,0xAD34,0xA513,0xA533,0xAD34,0xAD54,0xA513,0xAD54,0xB5B5,0xC638,0xAD74,0xA4F2,
    0xA4F3,0xA4F2,0x9CD2,0xA534,0x94B1,0x9CD2,0xAD54,0xA4F3,0x9CD2,0x9CD2,0x9CB2,0x9CB2,
    0x94B1,0x94B1,0x94B1,0x94B1,0xA4F3,0xBDD6,0xAD54,0x9CB2,0x9491,0x9491,0x9491,0x8C50,
    0x9471,0x94B1,0x9470,0x8C70,0x9491,0x9CF2,0xAD34,0xBDF7,0xAD74,0xA513,0xAD54,0xA513,
    0xA4F2,0x9CD2,0xA4F2,0x9CD2,0xA513,0x9CF2,0xA534,0xAD54,0xA513,0xA533,0xA534,0xAD54,
    0xB595,0xA513,0x9CB2,0xA4F3,0x9CD2,0x9CD2,0xA4F3,0xA513,0x9CB2,0x9CB2,0x9CD2,0xA513,
    0x9491,0x9CD2,0x9CD2,0x9CF2,0x94B1,0x9470,0xA513,0xA4F3,0xA534,0xCE58,0xB595,0xA534,
    0x94B1,0x83EF,0x7BEF,0xA513,0xA534,0xAD54,0xAD75,0xA513,0x9CD2,0xA4F2,0x9491,0x9CB2,
    0x94B1,0x9CB2,0x9CB2,0x94B1,0x94B1,0x9CD2,0xA533,0xA513,0x94B1,0x94B1,0xA4F3,0xA4F3,
    0x9CD2,0xA513,0xAD54,0xA533,0x9CF2,0x9CD2,0xA513,0xAD34,0xAD74,0xB595,0xBDD6,0xB5B5,
    0x7BCE,0x738D,0x6B2C,0x83EF,0xB575,0xAD34,0xAD54,0x9491,0x9CB1,0x94B1,0x8C70,0x94B1,
    0x94B1,0x9CB2,0xA513,0x9CD2,0x8C70,0x9470,0xA533,0xAD54,0xA534,0xAD34,0xAD54,0xAD54,
    0xAD54,0xAD75,0xAD54,0xAD54,0xA534,0xA513,0x9CB2,0xA4F3,0xA4F3,0xA4F3,0xAD74,0xAD74,
    0xB595,0xB5B6,0xBDF7,0xC638,0xAD34,0xA4F3,0xA4F2,0x9CB2,0x9CD2,0xA513,0x9CD2,0x94B1,
    0x9CB2,0xA513,0xB595,0xB595,0xAD34,0xA4F3,0xA534,0x9CF2,0x9CD2,0xA533,0xAD54,0xA4F3,
    0xA4F3,0xA513,0xAD54,0xAD75,0xA513,0xA513,0xA513,0xA533,0xA533,0x9CF2,0xA513,0xB595,
    0xAD54,0xA513,0xA533,0xB595,0xB595,0xA513,0xA513,0xAD75,0x9CF2,0xA513,0xA534,0x9CD2,
    0x9CD2,0xA4F3,0x9CD2,0x94B1,0x9CB2,0x9CD2,0x9CD2,0x9CD2,0x9CD2,0xA534,0xA513,0x9CD2,
    0xA4F3,0xA513,0x9CD2,0xA513,0xA534,0xA513,0xAD54,0xA533,0xA533,0xA533,0xAD75,0xAD54,
    0xAD34,0xAD54,0xAD34,0xAD54,0xAD54,0xAD54,0xB595,0xB5B5,0xB5B5,0xB595,0xBDF7,0xAD75,
    0xAD54,0xB595,0xB575,0xB575,0xB595,0xAD54,0x9491,0x6B6D,0x6B4C,0x73AE,0x73AE,0x8430,
    0x8C71,0xA513,0x9CD2,0x8C50,0x7BEF,0x8C70,0x9CF2,0x94B1,0x7BCE,0x840F,0x94B2,0xB595,
    0xBDD6,0xAD74,0x73AD,0x738D,0xB595,0xA533,0xA4F3,0xA513,0x9CD2,0x8C30,0x840F,0xA534,
    0xAD54,0xA4F2,0x9CF2,0x9CF2,0x94B1,0x9491,0x9CB2,0x94B1,0x9491,0x9491,0x9CB1,0x9CB2,
    0x9CB2,0x94B1,0x94B1,0x94B1,0x840F,0x9491,0x9CD2,0xA513,0x9CD2,0x9CD2,0xAD34,0xA4F3,
    0xAD54,0xA513,0x9470,0x9471,0x9CB2,0x8C70,0x840F,0x840F,0x842F,0x840F,0x8C30,0x840F,
    0x7BCE,0x7BCE,0x738D,0x83EF,0x840F,0x840F,0x7BAE,0x738D,0x83EF,0x8C50,0x8C70,0x8C30,
    0x7BCE,0x8C50,0x9491,0x840F,0x9491,0x840F,0x7BCE,0x9CB2,0x8C70,0x840F,0x736D,0x4A48,
    0x5269,0x630B,0x840F,0x738D,0x52AA,0x52A9,0x4A48,0x5289,0x630B,0x6B6C,0x6B4C,0x5AAA,
    0x5AEB,0x6B6D,0x7BEF,0x840F,0x738D,0x738D,0x6B4C,0x632C,0x62EB,0x5AEB,0x5ACA,0x5AEB,
    0x630B,0x6B6D,0x6B4C,0x5AAA,0x5ACA,0x630B,0x62EB,0x5ACA,0x5ACA,0x62EB,0x630B,0x632B,
    0x62EB,0x5ACA,0x5289,0x52AA,0x6B4C,0x842F,0x94B2,0x94B1,0x8C50,0x8C50,0x94B1,0xA4F2,
    0x94B1,0xA513,0xA513,0x9CD2,0x8C70,0x9491,0x9491,0x9CD2,0xBDD6,0xB5B5,0xB5B5,0xA533,
    0x9CB2,0x94B1,0x8C70,0x94B1,0x9CD2,0x9471,0x9491,0x9CF2,0x9491,0x94B1,0x9CF2,0x9CB2,
    0x9491,0x9CD2,0x94B1,0x8C70,0x94B1,0x9CF3,0xA534,0xAD75,0x9CD2,0xA513,0xA4F2,0x9CD2,
    0xA513,0xB595,0xAD54,0xB575,0xC637,0xC638,0xB5B5,0xAD75,0xA4F3,0x9CB2,0x842F,0x7BEF,
    0x840F,0x73AE,0x6B6D,0x6B6D,0x736D,0x842F,0x738D,0x6B2C,0x630B,0x6B2C,0x630B,0x6B4C,
    0x9471,0xA513,0x9CD2,0xA4F2,0x9CB2,0x7BCE,0x6B6D,0x8C70,0x9491,0x9491,0x8C70,0x840F,
    0x83EF,0x7BEE,0x840F,0x738D,0x736D,0x7BCE,0x7BEE,0x73AD,0x736D,0x7BCE,0x9471,0x8C50,
    0x73AD,0x6B2C,0x73AD,0x7BCE,0x8C30,0x9471,0x8C50,0x840F,0x7BCE,0x7BAE,0x83EF,0x7BAE,
    0x842F,0x840F,0x840F,0x840F,0x842F,0x840F,0x83EF,0x7BCE,0x7BCE,0x840F,0x83EF,0x8C30,
    0x94B1,0xA4F3,0xA533,0x9491,0x9491,0x9CD2,0xA513,0xAD75,0xAD54,0x9CF2,0x9CD2,0x9CD2,
    0xA513,0xAD54,0xBDD6,0xB5B6,0xD6DA,0xD6DA,0xB575,0xAD54,0xA513,0xA533,0xA513,0x9CD2,
    0xA513,0xAD34,0xA513,0xAD75,0xAD75,0xBDD6,0xC617,0xA534,0xB575,0xAD33,0x9CD2,0xAD54,
    0xA4F3,0xAD54,0xA533,0x94B1,0x9CB2,0x9CD2,0xA4F3,0x9491,0x9491,0x9491,0x9CB2,0x9471,
    0x94B1,0xA4F2,0x9CD2,0x94B1,0x9471,0x8C30,0x8C50,0x8C2F,0x9491,0x94B1,0x9471,0x94B1,
    0x9CB2,0xA513,0xAD54,0xB595,0xAD75,0xAD54,0xA513,0x9CB2,0xA533,0xA534,0x9CD2,0xA533,
    0xAD34,0xAD34,0xA513,0xA513,0xAD54,0xB5B6,0xB595,0xAD54,0xAD74,0xB595,0xAD75,0xA533,
    0x94B1,0xA513,0xAD54,0xA513,0x9CF2,0x9CD2,0x9CB2,0x9CD2,0x9CB2,0x8C50,0x94B1,0x94B1,
    0x9491,0x94B1,0xA4F3,0x9CB2,0xA534,0xD6BA,0xAD75,0xA533,0x8C70,0x6B4C,0x7BAE,0xA513,
    0xAD54,0xBDB6,0xC617,0xAD75,0x9CD2,0xA4F2,0x9CF2,0x94B1,0x9CB2,0x9CD2,0x9CB2,0x9CF2,
    0xAD54,0xAD75,0xAD54,0xA534,0x9CD2,0x9CB2,0x9CD2,0x9CD2,0x9CD2,0x9CD2,0x9CD2,0xA4F3,
    0x9CF2,0x94B1,0xA513,0xB595,0xB595,0xBDD6,0xBDF7,0xB575,0xAD75,0x9491,0x94B2,0xAD74,
    0xAD54,0xBE17,0xB575,0x9CB2,0xA4F2,0x9CF2,0x94B1,0x9470,0x9470,0x9491,0x9CD2,0xA513,
    0x9491,0x9CD2,0x9CD2,0xAD54,0xB5B6,0xAD75,0x9CD2,0x9491,0x9CF2,0xA513,0xAD54,0xA4F3,
    0x9CD2,0x9CF2,0x94B2,0x9CD2,0xA533,0x9CD2,0xAD54,0xCE79,0xC617,0xBDD6,0xB5B6,0xAD54,
    0xB595,0xA513,0x9CB2,0x9491,0x8C50,0x9CD2,0xA513,0x9CB2,0x94B1,0xAD74,0xB5B5,0xAD54,
    0xA4F3,0xA534,0xB595,0x9CB2,0x94B1,0x9CD2,0x9CF2,0x9CD2,0xA513,0xAD54,0xAD34,0xA533,
    0xA513,0x9CB2,0x9CD2,0xA4F3,0x94B1,0x9CF2,0xB595,0xB595,0xA4F3,0x9CD2,0x9CD2,0xA513,
    0x9CF2,0xA4F2,0xA513,0xAD34,0xA534,0xA4F3,0x9CF2,0x9CD2,0x9CB2,0x9CD2,0x9CD2,0x9CD2,
    0xA513,0xB595,0xAD34,0xA513,0xA534,0xA513,0x9CD2,0x9CD2,0xA513,0x9CF2,0x9CD2,0xA513,
    0xAD54,0xA533,0xAD34,0xA513,0xAD54,0xA513,0xAD54,0xB575,0xAD34,0xAD54,0xAD54,0xAD34,
    0xAD54,0xB595,0xBDD6,0xBDB6,0xB5B5,0xB595,0xBDD6,0xC617,0xBDD6,0xAD75,0xAD54,0xAD54,
    0xAD54,0xA513,0x7BCE,0x632C,0x632C,0x632C,0x738D,0x73AE,0x8C71,0x8C70,0x7BCE,0x7BCE,
    0x738D,0x738D,0x840F,0x8C30,0x9CB2,0x9CD2,0xA4F3,0xAD54,0xB575,0xB595,0xA513,0x736D,
    0x8C71,0xAD54,0xA513,0xA513,0x94B2,0xAD34,0x8C70,0x9CD2,0xAD34,0xA513,0xAD54,0xA513,
    0x9CB2,0x94B1,0x9470,0x8C70,0x9491,0x9CD2,0xA4F2,0x9CF2,0x9CD2,0x9CD2,0xAD34,0xA513,
    0x9CB2,0xA513,0xB575,0xA513,0xAD54,0x9CD2,0xAD54,0x9CD2,0xA4F3,0x9CD2,0x9471,0x9471,
    0x94B1,0x9491,0x8C70,0x840F,0x83EF,0x9470,0x8C70,0x840F,0x840F,0x8C2F,0x7BCE,0x840F,
    0x8C50,0x7BCE,0x83EF,0x842F,0x9491,0x94B1,0x8C50,0x8C50,0x8C30,0xA534,0xA513,0x7BAE,
    0x7BCE,0x840F,0x7BCE,0x7BCE,0x8C50,0x738D,0x5ACA,0x4A69,0x4A69,0x5269,0x5289,0x4A48,
    0x52AA,0x52A9,0x52A9,0x738D,0x7BCE,0x6B4C,0x7BCE,0x83EF,0x840F,0x73AE,0x73AE,0x8C71,
    0x73AE,0x6B2C,0x6B2C,0x5AEB,0x632C,0x630B,0x5AEB,0x62EB,0x6B4C,0x630B,0x632C,0x5ACA,
    0x630B,0x630B,0x5ACA,0x52AA,0x4228,0x4A48,0x52AA,0x630B,0x630B,0x632C,0x52A9,0x5ACA,
    0x7BEF,0x94B1,0x94B2,0x9CF2,0x9471,0x8C50,0x94B1,0x9CD2,0x9CD2,0xAD34,0xA513,0xA4F2,
    0x9491,0x9491,0x9471,0x8C70,0x9CF2,0xA533,0x9CB2,0x9CF2,0xA513,0xA4F3,0x8C70,0x8C30,
    0x9470,0x9470,0x94B1,0x9CD2,0x94B1,0x9CB2,0xA513,0x94B1,0x9471,0x9CF3,0xA513,0x94B1,
    0xA513,0xA513,0xA513,0x9CD2,0x9CB2,0x9CD2,0x9CD2,0x9CD2,0xA533,0xAD54,0xA513,0xAD74,
    0xAD54,0xBDD6,0xBDD6,0xAD54,0xA513,0x9CD2,0x9491,0x8C50,0x7BCE,0x7BEF,0x7BEF,0x736D,
    0x6B2C,0x630B,0x6B4C,0x6B4C,0x6B2B,0x5AEA,0x5ACA,0x630B,0x842F,0x94B1,0x9CD2,0x8C50,
    0x9CB2,0x8C30,0x7BAE,0x94B1,0x9491,0x8C70,0x8C70,0x94B1,0x8C30,0x840F,0x630B,0x6B2C,
    0x738D,0x738D,0x736D,0x736D,0x73AD,0x7BCE,0x840F,0x9CD2,0x840F,0x736D,0x8C50,0x94B1,
    0x9CB2,0x9471,0x8C50,0x8C50,0x8C50,0x840F,0x840F,0x8C30,0x8C50,0x840F,0x8C30,0x8C50,
    0x8C30,0x8C50,0x8C50,0x7BCE,0x83EF,0x842F,0x9471,0x9CD2,0x9CD2,0x8C70,0x9491,0x9491,
    0x94B1,0x94B1,0xA513,0xB575,0xBDD6,0xAD34,0xA533,0xAD54,0xAD54,0xAD34,0xB5B5,0xA4F3,
    0xA513,0xAD54,0xA513,0xA4F2,0xA4F2,0xA533,0xAD54,0x9CD2,0xAD34,0xA513,0xA513,0xA513,
    0xA513,0xAD75,0xBDD6,0xB595,0xAD54,0xAD34,0xAD54,0xAD54,0xA513,0xAD54,0x9CF2,0x9CD2,
    0xA4F3,0x9CD2,0x9CD2,0x9491,0x9491,0x9CB1,0x9CB2,0x9491,0x9491,0x9470,0x9471,0x94B1,
    0x9470,0x842F,0x9470,0x842F,0x8C30,0x9471,0x842F,0x9491,0x9CF2,0xAD75,0xC617,0xBDD6,
    0xB595,0xA533,0x9CD2,0x9CD2,0xA513,0xAD54,0xA533,0xAD75,0xB575,0xAD34,0xAD54,0xAD75,
    0xA534,0xB575,0xB5B5,0x9CF3,0x9491,0xA534,0xB595,0xB595,0xAD74,0x9CD2,0x9CD2,0x9CD2,
    0xA4F3,0x9CB2,0x9CD2,0xA533,0x9CD2,0x9CB2,0x9491,0x9491,0x9CB2,0x9CD2,0x9CD2,0xA4F3,
    0xA4F3,0x9CF2,0xA513,0xA534,0x9CB2,0x9CD2,0x9CB2,0xA4F3,0xAD34,0xB595,0xB5B5,0xB595,
    0xAD54,0xAD54,0xA513,0x9471,0x9CB2,0x9471,0x94B1,0xAD54,0xB575,0xA533,0x9CB2,0x9CD2,
    0xA513,0xA513,0xA513,0x9CD2,0xA4F3,0x94B1,0x94B1,0x94B1,0x9CB2,0x9CB1,0xB595,0xBDD6,
    0xAD54,0xBDF7,0xC617,0xBDF7,0xB595,0xB595,0xB595,0xAD33,0xB575,0xB595,0x9470,0x9491,
    0x9CB2,0x9CB1,0x8C50,0x8C70,0x8C50,0x8C50,0x9CD2,0xAD74,0x9CB2,0x94B1,0x8C70,0xA534,
    0xB5B6,0xAD54,0x9CD2,0x8C70,0x8C50,0x94B1,0x9491,0x9491,0x9CF2,0x9CD2,0x9491,0x9CD2,
    0x9CD2,0xA513,0xAD74,0xB595,0xBDD6,0xBDF7,0xA534,0xA513,0xB595,0xAD74,0x9CD2,0x9CB2,
    0x94B1,0x94B1,0x9470,0x9491,0x9491,0x9CB1,0xA513,0xAD74,0xA513,0xAD54,0xA513,0x94B1,
    0x94B1,0x9CD2,0xA4F3,0xA533,0xA4F2,0xA4F3,0xAD34,0x9CD2,0x9CB2,0x9CB2,0xA513,0x9CD2,
    0x8C70,0x9CD2,0xA513,0xA4F3,0xA4F3,0x9CB2,0x8C50,0x94B1,0x9CB2,0xA513,0xA4F3,0xA4F3,
    0xAD75,0xA534,0x9CD2,0x9CD2,0x9CD2,0x9CD2,0xA4F3,0xA4F3,0xA513,0xB595,0xB5B6,0xAD54,
    0xA534,0xAD54,0xA513,0xA513,0xAD54,0xA513,0x9CF2,0xA4F3,0xA513,0xA513,0xA533,0xA533,
    0xAD54,0xAD75,0xAD54,0xA533,0xAD54,0xC5F7,0xBDD6,0xAD54,0xAD54,0xBDD6,0xBDD6,0xB5B6,
    0xB595,0xBDD6,0xCE58,0xC638,0xC617,0xB595,0xAD74,0xAD54,0xAD54,0xAD54,0x8430,0x73AE,
    0x6B6D,0x73AE,0x738D,0x7BEF,0x8C71,0x7BEF,0x6B6D,0x738D,0x738D,0x6B4C,0x7BCE,0x8C71,
    0x9CD2,0xA533,0xAD54,0xAD54,0xBDF7,0xC617,0xB595,0xA513,0x73AD,0x9CD2,0xAD75,0xA533,
    0xA4F3,0xAD54,0xAD54,0x9CF2,0xAD54,0xA513,0xAD34,0xA513,0xA513,0x9CD2,0x94B1,0x94B1,
    0x94B1,0x9CD2,0xA513,0x9CB2,0xA513,0xA513,0x9CF2,0x9CB2,0xA533,0xBDD6,0xAD54,0xA513,
    0xAD54,0x9CF2,0xAD34,0xA533,0xA513,0xA513,0xA513,0x9CD2,0x9CD2,0x9491,0x9CD2,0x8C70,
    0x8C70,0x8C70,0x8C30,0x8C30,0x83EF,0x840F,0x8C30,0x8C50,0x8C30,0x842F,0x8C2F,0x9470,
    0xAD33,0xB575,0xB5B6,0x9CD2,0x8C50,0x840F,0x7BAE,0x5ACA,0x5289,0x5ACA,0x5AAA,0x5ACA,
    0x5ACA,0x4A48,0x4A69,0x4228,0x4A28,0x5ACA,0x5ACA,0x4A69,0x5AAA,0x7BCE,0x83EF,0x7BCE,
    0x7BCE,0x73AD,0x7BAE,0x7BAE,0x7BAE,0x7BEF,0x840F,0x7BCE,0x6B4C,0x630B,0x632C,0x6B6D,
    0x6B4C,0x5AEB,0x62EB,0x630B,0x630B,0x630B,0x6B6D,0x5AEB,0x630B,0x5ACA,0x5ACA,0x5289,
    0x4228,0x4A69,0x5ACA,0x630B,0x6B2C,0x630B,0x5289,0x632C,0x840F,0x9491,0x94B2,0xA4F3,
    0x9CF2,0x94B1,0x9CB2,0x9CD2,0x9CD2,0x9CF2,0x9CD2,0x9491,0x8C70,0x9491,0x9491,0x9CB1,
    0x9CD2,0x94B1,0x9470,0x9CD2,0xAD74,0x9CB2,0x8C70,0x8C30,0x8C70,0x9471,0x9CB2,0x94B1,
    0x9CB2,0x94B1,0xA513,0x9471,0x9491,0x9CB2,0x94B2,0x9CF2,0xA513,0xA4F3,0x9CF2,0x9CF2,
    0x9CD2,0x9CD2,0x9CD2,0xA513,0xBDD6,0xAD54,0xA513,0xA513,0xA534,0xAD75,0xAD74,0xA534,
    0xA533,0xAD54,0xA513,0x94B1,0x8C70,0x94B1,0x9491,0x7BEF,0x738D,0x6B2C,0x6B2C,0x6B2C,
    0x6B4C,0x62EB,0x5AAA,0x6B4C,0x840F,0x8C30,0x9471,0x8C50,0x8C50,0x8C50,0x9470,0x83EF,
    0x7BAE,0x7BAE,0x8C70,0x94B2,0x9CD2,0x840F,0x736D,0x6B2C,0x736D,0x7BAE,0x6B4C,0x6B4C,
    0x7BAE,0x7BAD,0x7BEF,0xA533,0xB5B6,0xB595,0xAD34,0xA513,0xAD34,0xA513,0x8C50,0x8C70,
    0x840F,0x7BEE,0x842F,0x8C50,0x842F,0x8C50,0x9471,0x94B2,0x8C30,0x840F,0x9491,0x8C70,
    0x8C50,0x83EF,0x8C30,0x9470,0x94B1,0x94B1,0x9470,0x9491,0x94B1,0x9CD2,0xA533,0xBDD6,
    0xBDD6,0xA513,0xAD54,0xB595,0xAD54,0x9CD2,0x94B1,0x9470,0x9CD2,0xA4F3,0x9CF2,0xA4F3,
    0xA513,0xAD34,0xAD54,0xAD54,0xB575,0xA4F3,0x9CD2,0x94B1,0x9CB2,0xA533,0xAD74,0xB575,
    0xA4F3,0xA513,0xAD75,0xBDD6,0xA513,0xA513,0xA4F3,0xA513,0xA534,0xA513,0x94B1,0x9CB2,
    0x9CB2,0x9491,0x9491,0x9470,0x9CB2,0x9CD2,0x9470,0x9471,0x8C30,0x9470,0x9491,0x8C50,
    0x8C70,0x94B1,0x94B1,0x94B1,0x9CD2,0xAD75,0xC617,0xC638,0xB595,0xAD34,0x9CD2,0xA4F3,
    0xA513,0xB595,0xBDF7,0xAD74,0xAD75,0xAD54,0xAD54,0xA513,0x842F,0x7BCE,0x8430,0x7BAE,
    0x5AAA,0x6B2C,0xB595,0xC617,0xAD74,0xA513,0x9CD2,0x9CB2,0x9CD2,0x94B1,0x9CB2,0xA533,
    0x9CD2,0x9CD2,0xA513,0xA4F3,0x94B1,0xA4F2,0x9CF2,0x9CD2,0xA4F3,0xA534,0x9CD2,0x9CF2,
    0x9CD2,0x9CD2,0x9CB2,0xA533,0xAD74,0xBDD6,0xB5B6,0xAD54,0xA513,0x9CB1,0x9CD2,0x9CF2,
    0x9CD2,0x9491,0x9CB2,0x94B1,0x9CB2,0x9CB2,0x8C50,0x9470,0x9CF3,0x9CF2,0x9CD2,0x9CB2,
    0x9CD2,0x9471,0x9491,0x9CD2,0x94B1,0x9CB2,0xB575,0xB595,0xAD34,0xC617,0xC617,0xB595,
    0xB5B6,0xAD54,0xA4F3,0xA513,0xA513,0x9CD2,0x94B1,0x9491,0x9CB2,0x9CD2,0x9491,0x8C70,
    0x9491,0x9CD2,0xAD75,0xA513,0x8C70,0x8C30,0x9470,0x9CD2,0xA513,0x94B1,0x9491,0x840F,
    0x840F,0x8C30,0x9491,0x8C70,0x9471,0x9CD2,0x94B1,0x9CD2,0x94B1,0x9CB2,0xA513,0xA4F2,
    0xAD74,0xAD34,0x9CD2,0x9CB2,0xA513,0xAD54,0x9CF2,0xA513,0x9CF2,0x94B1,0x9471,0x9CD2,
    0xAD34,0x9CD2,0x9CB2,0xA513,0x9CB2,0xA513,0xA4F3,0x94B1,0x9CB2,0xA513,0xA513,0x9CB2,
    0xA4F3,0xAD54,0xA513,0x9CD2,0x94B1,0x9CB2,0xAD54,0x9CD2,0x9491,0x9CD2,0x9CD2,0x9491,
    0x9491,0x8C70,0x8C50,0x9CD2,0x94B1,0x9CB2,0x9CB1,0x9CD2,0xA513,0xA513,0xAD54,0xA534,
    0xA534,0xA513,0x94B2,0x9CD2,0xA4F3,0xAD54,0xB595,0xB595,0xAD54,0xB5B5,0xA534,0xA513,
    0xA513,0xA513,0x9CD2,0x9CD2,0xA513,0xA513,0xAD54,0xAD54,0xB595,0xAD54,0xAD54,0xAD34,
    0xAD54,0xC617,0xBDD6,0xAD75,0xAD75,0xBDF7,0xB5B6,0xB595,0xB595,0xC617,0xBDD6,0xB5B6,
    0xC617,0xB595,0xAD74,0xAD54,0xAD54,0xAD34,0x94B2,0x94B1,0x7BCE,0x73AE,0x73AE,0x7BEF,
    0x94B1,0x840F,0x6B6D,0x6B6D,0x738D,0x738D,0x8430,0xA513,0x9471,0x9CD2,0xA534,0xB5B6,
    0xD6BA,0xC638,0xBDD6,0xC638,0xA513,0xB595,0xAD34,0xA533,0xA534,0xAD54,0xA533,0xAD74,
    0xAD54,0xA4F2,0x9CD2,0xA4F3,0xAD34,0xAD34,0xA534,0xA513,0x9CF2,0xA513,0xBDD7,0xB5B5,
    0xA513,0xA513,0xAD34,0xA533,0xA534,0xB575,0xAD54,0xAD54,0xAD34,0xA533,0x9CD2,0xAD34,
    0xA513,0xA513,0xA534,0x9CB2,0x94B2,0x94B2,0x9CB2,0x94B2,0x8C50,0x83EF,0x83EE,0x840F,
    0x840F,0x8C2F,0x842F,0x94B1,0x8C50,0x8C30,0x8C30,0x9470,0x9CB2,0xA4F3,0xBDF7,0x94B2,
    0x7BCE,0x73AD,0x630B,0x5ACA,0x5ACA,0x4A48,0x4208,0x4207,0x39E7,0x4228,0x4A48,0x4207,
    0x4207,0x4228,0x4A69,0x632B,0x6B2C,0x7BCE,0x94B1,0x7BCE,0x7BCE,0x840F,0x632B,0x5AEB,
    0x7BAE,0x840F,0x7BEF,0x73AE,0x6B6D,0x6B4C,0x7BCF,0x9471,0x8430,0x73AE,0x630B,0x62EB,
    0x6B4C,0x632C,0x630B,0x5ACA,0x52AA,0x5AAA,0x52A9,0x4A69,0x630B,0x6B6C,0x630B,0x6B2C,
    0x6B4C,0x5ACA,0x52A9,0x6B4C,0x7BCE,0x9491,0x94B2,0x94B1,0x94B1,0x9CD2,0xA4F3,0x94B1,
    0xA4F3,0x9CD2,0x8C50,0x8C50,0x8C30,0x8C30,0x9491,0x9491,0xA4F2,0x94B1,0x94B1,0x9CD2,
    0xA513,0x8C50,0x8C30,0x8C30,0x8C70,0x9491,0x9491,0x9471,0x9CD2,0x9CB2,0x94B1,0x94B1,
    0x9CD2,0x94B1,0x9CB2,0xA513,0xA513,0x94B1,0x9CB2,0xA513,0xA513,0x9CD2,0x94B1,0xAD34,
    0xAD54,0xA534,0xA513,0xA513,0xA533,0xAD54,0xA513,0xA533,0xAD54,0xAD54,0xA4F3,0xAD54,
    0xB5B5,0x8C70,0x840F,0x840F,0x9471,0x840F,0x6B6D,0x6B2C,0x7BCE,0x83EF,0x6B4C,0x738D,
    0x7BAE,0x83EF,0x840F,0x8C30,0x8C50,0x8C70,0x9CD2,0x94B1,0x7BCE,0x738D,0x840F,0x94B1,
    0x9471,0x8C30,0x8C50,0x7BCE,0x6B4C,0x736D,0x6B4C,0x6B4C,0x738D,0x7BCE,0x8C50,0x9CD2,
    0xBDF7,0xC617,0xA534,0xA513,0xA534,0xA4F3,0x9CF2,0x9CB2,0x8C50,0x840F,0x842F,0x840F,
    0x840F,0x8C50,0x8C50,0x9471,0x8C50,0x83EE,0x8C50,0x9491,0x8C70,0x8C50,0x9491,0x9470,
    0x8C70,0x9CD2,0xA4F2,0x94B1,0x94B1,0x9CD2,0xA533,0xAD75,0xAD54,0xA533,0xA513,0xA513,
    0x9CF2,0x8C50,0x8C30,0x9470,0x9470,0x9CD2,0xA533,0xAD34,0x9CD2,0x9CB2,0xA513,0xB595,
    0xA533,0x9CB2,0x9CB1,0x9491,0x9CB1,0xA513,0xAD33,0xAD74,0xAD54,0xAD74,0xAD54,0xAD75,
    0xA4F2,0xAD54,0xAD54,0xA534,0xAD54,0xA513,0x9CD2,0x9491,0x9491,0x9470,0x9470,0x94B1,
    0x9491,0x9470,0x8C50,0x9470,0x9491,0x8C30,0x9470,0x9470,0x94B1,0x9CD2,0x9CD2,0xA534,
    0xA4F3,0xAD54,0xC638,0xCE79,0xB5B6,0xAD75,0xA534,0xA534,0xAD75,0xB595,0xB595,0xA533,
    0xA513,0xAD34,0xAD34,0x9491,0x5ACA,0x52A9,0xAD54,0xBDD6,0x630B,0x5289,0x7BCE,0xBDD6,
    0xAD54,0xA513,0xA4F3,0x9CF2,0xA513,0x9CF2,0x9CD2,0xA533,0xA513,0x9CF2,0x9CB2,0xA4F3,
    0x9CD2,0x9491,0x9CB2,0x9471,0x9CD2,0xA513,0xAD54,0x9CD2,0x9CD2,0x9CB2,0x9491,0x9CD2,
    0xAD75,0xC617,0xC638,0xAD54,0x9CB2,0x9471,0x9CD2,0x9CF2,0x9491,0x9491,0x9470,0x8C50,
    0x8C50,0x9471,0x9491,0x8C70,0x9CD2,0xA4F3,0x8C70,0x8C50,0x8C70,0x9491,0x8C50,0x9CF2,
    0x9CB2,0x9CD2,0xA533,0xAD34,0xAD34,0xAD74,0xA4F2,0xA533,0xCE78,0xB595,0xA513,0x9CD2,
    0x9CF2,0x9CD2,0x9CD2,0x9CD2,0x94B1,0x9491,0x9CD2,0x9491,0x9CB2,0xAD54,0xB5B6,0x9CD2,
    0x94B1,0x8C50,0x8C50,0x9CD2,0x9491,0x8C50,0x94B1,0x8C70,0x8C50,0x8C50,0x9491,0x8C30,
    0x840F,0x9470,0x9CD2,0xA513,0xA4F3,0x9CD2,0x9CD2,0x9CB2,0x94B2,0xAD34,0xAD74,0xA513,
    0xA533,0xA533,0x9CF2,0xA534,0xA513,0x94B1,0x94B1,0x9CF2,0x9CF3,0x9CF2,0x9CB2,0x9CD2,
    0x9470,0x94B1,0x9CF2,0x9491,0xA4F3,0xA513,0x94B1,0x9CD2,0x9CB2,0xA513,0xAD34,0xA513,
    0x9CD2,0x9CD2,0x94B1,0x9CB2,0x94B1,0x9491,0x94B1,0x94B1,0x9491,0x9471,0x9491,0x94B1,
    0x9471,0x9470,0x9491,0x94B1,0x9CD2,0x9CD2,0xA513,0xA513,0xB595,0xA513,0x9CB2,0x9CD2,
    0x9CD2,0x9CD2,0xA513,0xA4F3,0xAD54,0xAD75,0xAD54,0xA4F3,0x9CF2,0x94B1,0x9CF2,0xA534,
    0xA513,0xA534,0xB595,0xB5B6,0xB5B6,0xB595,0xAD54,0xAD75,0xAD74,0xAD74,0xAD54,0xAD54,
    0xB595,0xB595,0xAD54,0xAD75,0xB595,0xCE58,0xBDD6,0xB595,0xC638,0xB595,0xAD34,0xAD75,
    0xA534,0xAD54,0xAD34,0xA533,0x7BCE,0x6B6D,0x73AE,0x6B6D,0x738D,0x736D,0x630B,0x632C,
    0x630B,0x738D,0x8C50,0xA534,0xA513,0xA513,0xAD34,0xBDB6,0xE71B,0xCE78,0x9CF3,0x8430,
    0xA513,0xB595,0xA533,0xA513,0xAD54,0xAD54,0xA533,0xAD54,0xAD34,0x9CF2,0x9CD2,0x9CD2,
    0xA513,0xA4F3,0xA533,0xA513,0xB575,0xA513,0xCE79,0xCE79,0xAD74,0xA534,0xA534,0xAD54,
    0xA533,0xAD54,0xAD54,0xAD54,0xB5B6,0xA513,0xA513,0xB595,0xAD75,0xAD34,0xA533,0x9CD2,
    0x9471,0x9491,0x9491,0x8C30,0x842F,0x8C50,0x8C50,0x83EE,0x840F,0x8C70,0x9491,0x8C50,
    0x842F,0x83EF,0x8C70,0x9CB2,0x9471,0x9491,0x9491,0x842F,0x840F,0x6B2C,0x5ACA,0x5ACA,
    0x630B,0x52AA,0x4A48,0x4207,0x4A48,0x5289,0x4A48,0x4A48,0x4A69,0x4A49,0x4A69,0x5ACA,
    0x630B,0x7BCE,0x842F,0x840F,0x8C30,0x8C30,0x632B,0x630B,0x83EF,0x8C30,0x840F,0x73AE,
    0x7BCE,0x6B6D,0x7BCE,0x9CD2,0x9CB2,0x8430,0x6B4C,0x632C,0x632B,0x630B,0x630B,0x5AEA,
    0x5AAA,0x52A9,0x52A9,0x5289,0x5AEB,0x630B,0x5ACA,0x5AEB,0x5AEB,0x4A69,0x5AA9,0x632C,
    0x738D,0x8C50,0x9491,0x9491,0x9471,0xA4F3,0xA4F3,0x9CD2,0xA4F3,0x94B1,0x8C50,0x8C70,
    0x8C50,0x9470,0x9470,0x9470,0x9470,0x9491,0x9491,0xA513,0x9CF2,0x8C50,0x8C30,0x8C50,
    0x8C50,0x9CD2,0xA533,0x9CD2,0xA513,0xA4F3,0x9CD2,0x9CD2,0x9CF2,0x9CD2,0xA4F3,0xA534,
    0x9CF2,0x9CB2,0xA513,0xA513,0x9CB2,0x94B1,0x9491,0xA533,0xA533,0xA513,0x9CD2,0xA513,
    0xA513,0xA513,0xA513,0xA534,0xAD54,0xAD34,0xAD54,0xAD54,0x9CF3,0x7BCE,0x73AE,0x73AE,
    0x7BEF,0x94B1,0x8C30,0x736D,0x8C50,0x9CB2,0x9CB2,0x8C30,0x8C30,0x7BAE,0x7BEF,0x8C50,
    0x9491,0x8C50,0x840F,0xA533,0x9CD2,0x7BCE,0x7BCE,0x7BCE,0x83EF,0x9491,0x8C50,0x8C50,
    0x736D,0x738D,0x6B6D,0x6B2C,0x736D,0x840F,0x8C70,0xA513,0xB5B5,0xA533,0xA513,0xA513,
    0xA534,0x9CD2,0x94B2,0x9CD2,0x8C50,0x840F,0x7BCE,0x83EF,0x8C50,0x9471,0x8C50,0x8C2F,
    0x8C50,0x8C30,0x83EF,0x840F,0x8C30,0x8C50,0x8C70,0x9491,0x9470,0x9CD2,0xB595,0x9CF2,
    0x94B1,0x9CD2,0xA513,0xAD54,0xAD75,0x9CD2,0xAD54,0xAD54,0x9491,0x9471,0x8C50,0x9491,
    0x94B1,0x94B1,0xA513,0xA534,0xA4F2,0xA4F3,0xA513,0xA4F2,0x9CD2,0x9CD2,0x9CD2,0x9470,
    0x9491,0x9CD2,0x9CD2,0x9CD2,0xA533,0xAD34,0xAD34,0xAD34,0xAD54,0xBDF7,0xD6BA,0xB595,
    0xAD54,0xA4F2,0x9CB2,0x9470,0x9470,0x94B1,0x9491,0x9470,0x9470,0x8C30,0x9470,0x9CB2,
    0x9470,0x840F,0x9470,0x9491,0xA533,0xA4F2,0x9CD2,0xA513,0xA513,0xAD75,0xB5B5,0xBDD6,
    0xB5B5,0xAD75,0xAD74,0xAD34,0xAD74,0xB595,0xAD54,0xAD54,0xAD74,0xAD54,0xB575,0x9471,
    0x5ACA,0x5ACA,0x738D,0x736D,0x5ACA,0x5ACA,0x73AE,0xBE17,0xBDD6,0xAD54,0xA513,0xA533,
    0xA533,0xA513,0x9CD2,0x9CF2,0x9CD2,0xA513,0x9CF2,0x9CD2,0x9CD2,0x9CD2,0x9CD2,0x9CB2,
    0x9CD2,0x9CD2,0x9CD2,0x9CD2,0x9CD2,0xA4F3,0xA513,0xA533,0xAD74,0xC638,0xC637,0xA4F3,
    0x94B1,0x9CB2,0x9CB2,0x94B1,0x9471,0x9CB2,0x94B1,0x9471,0x8C50,0x9491,0x94B1,0x9491,
    0x9CB2,0x94B1,0x9491,0x9CB2,0x94B1,0x9471,0x9491,0x94B1,0x94B1,0xAD54,0xA533,0xA513,
    0xAD34,0x9CF2,0xA4F2,0x9CF2,0xA513,0xA513,0x9CF2,0xA513,0xA534,0x9CB2,0x9CD2,0x94B1,
    0x9491,0x8C50,0x9491,0x9491,0x9471,0x9CD2,0xA4F3,0x9CD2,0x9CB2,0x8C50,0x8C30,0x9CB2,
    0x94B1,0x94B1,0x8C30,0x8C70,0x8430,0x8C50,0x9491,0x8C50,0x9CB2,0x94B1,0x9CB2,0xA513,
    0xAD34,0xAD75,0xA513,0x9CD2,0x9CD2,0xAD75,0xB5B6,0xA513,0xA513,0xA513,0xA4F3,0x9CD2,
    0xAD54,0xA513,0x9491,0x94B1,0x9CF2,0x94B2,0x9491,0x94B2,0x8C50,0x8C50,0x8C50,0x9471,
    0x94B1,0x9491,0x9471,0x9491,0x9CD2,0x9CB2,0xA513,0x9CF2,0xA513,0x9CD2,0x94B1,0x9CB2,
    0x9CB2,0x9CB2,0x9491,0x9491,0x9CD2,0x94B1,0x9491,0x9CB2,0x9470,0x9CB2,0x9CF2,0x94B1,
    0x9491,0x9CF3,0xA4F3,0xA533,0xAD54,0xA534,0xAD34,0xA513,0xA513,0xA534,0xA513,0xA513,
    0xAD75,0xAD74,0xAD75,0xA513,0x94B2,0x9CB2,0xA513,0xAD54,0xA4F3,0xAD54,0xB595,0xBDD6,
    0xBDD7,0xBDD6,0xB595,0xAD75,0xAD54,0xA513,0xAD34,0xAD74,0xB595,0xAD54,0xAD54,0xBDB6,
    0xBDD6,0xBDF7,0xCE58,0xC617,0xBDD6,0xAD75,0xAD75,0xC617,0xB575,0xB595,0xAD74,0xBDD6,
    0xA534,0x7BEF,0x7BCE,0x83EF,0x73AE,0x6B2C,0x5ACB,0x5AEB,0x5ACA,0x7BEF,0x94B1,0xAD54,
    0xAD54,0xAD34,0xAD54,0xB595,0xBDD6,0xA513,0x9CD2,0x94B2,0x9CF2,0xBDD6,0xAD54,0xAD54,
    0xAD54,0xB595,0xAD34,0xA513,0x9CF2,0x9CD2,0xA4F3,0xA4F3,0xA513,0x9CD2,0x9CD2,0x9CD2,
    0xAD34,0xA513,0xB595,0xB5B6,0xAD74,0xAD34,0xA533,0xA533,0xB595,0xB595,0xBDD6,0xB5B6,
    0xBDD6,0xA533,0xAD54,0xB5B5,0xBDD6,0xA513,0xA4F3,0xA4F3,0x9CD2,0x9CD2,0x9491,0x8C50,
    0x8C30,0x8C70,0x842F,0x8C30,0x8C50,0x8C50,0x9471,0x8C70,0x8C2F,0x8C30,0x9491,0x9CD2,
    0x8C70,0x8C50,0x840F,0x7BCE,0x7BCE,0x632B,0x52A9,0x5289,0x5289,0x5289,0x4A48,0x4A48,
    0x4A69,0x4A69,0x5289,0x52AA,0x4228,0x4A48,0x5ACA,0x5289,0x5AA9,0x73AD,0x9491,0x8C50,
    0x7BCE,0x7BAE,0x7BAE,0x6B4C,0x7BAE,0x73AD,0x738D,0x73AE,0x7BCE,0x73AD,0x630B,0x840F,
    0x8C71,0x83EF,0x6B6D,0x6B4C,0x630B,0x5AEB,0x6B2C,0x630B,0x5AAA,0x5289,0x5289,0x52AA,
    0x5289,0x5ACA,0x630B,0x5ACA,0x5289,0x5289,0x632C,0x6B6D,0x7BAE,0x7BCE,0x9471,0x9491,
    0xA533,0xB595,0xA4F3,0x9CD2,0x94B2,0x9491,0x9470,0x8C50,0x8C30,0x9491,0x9CB2,0x9CB2,
    0x9491,0x8C70,0x9CD2,0xA4F2,0x9491,0x9470,0x9470,0x9470,0x9491,0x9CD2,0x9CD2,0x9CD2,
    0x9CD2,0xAD54,0xA513,0x9CB2,0xA513,0xAD54,0x9CD2,0x9CF2,0x94B2,0x9CD2,0xA513,0x9491,
    0x9470,0x9491,0x9CB2,0xA513,0xAD34,0xA533,0xA4F3,0xA533,0xAD54,0xA513,0xA534,0xA513,
    0xA513,0xAD54,0xB595,0xAD74,0x9CB2,0x8C50,0x840F,0x7BEF,0x7BCE,0x9CB2,0xA513,0x9471,
    0x9CD2,0xAD34,0xAD34,0x9CF2,0x9491,0x8430,0x840F,0x840F,0x94B2,0x9491,0x8C50,0x9CD2,
    0x9491,0x83EF,0x7BCE,0x840F,0x83EF,0x8C70,0x9CD2,0x83EF,0x738D,0x7BAE,0x7BCE,0x7BCE,
    0x7BCE,0x8C30,0x94B1,0x9CD2,0xA513,0xA513,0xA534,0xA534,0xA513,0xA513,0x9CD2,0x9491,
    0x8C70,0x842F,0x8C30,0x8C70,0x9491,0x94B1,0x9491,0x8C70,0x9491,0x9491,0x9471,0x8C70,
    0x9470,0x842F,0x9471,0x9CF2,0x94B1,0x9CB2,0x9CD2,0x9CD2,0x9CB2,0xA4F2,0xA513,0xA513,
    0x9CD2,0x9CB1,0xB575,0xAD74,0x9CD2,0x9470,0x8C50,0x9491,0x9CB2,0x9CB1,0x9CB2,0x9CD2,
    0xA4F2,0x9CB2,0xA4F2,0x9CF2,0x9CD2,0x9CD2,0x9CB2,0x9470,0x9CD2,0x9CD2,0x94B1,0x9CF2,
    0xAD54,0xA513,0xA513,0xAD34,0xAD75,0xBDF7,0xD6BA,0xC617,0xAD75,0xA513,0xA513,0x9CD2,
    0x9491,0x9470,0x8C50,0x8C30,0x8C50,0x840F,0x842F,0x8C50,0x842F,0x8C2F,0x9491,0x9471,
    0x9470,0x9491,0x94B1,0x9CD2,0xA534,0xAD54,0xAD75,0xAD75,0xAD54,0xAD34,0xAD34,0xAD34,
    0xAD54,0xAD34,0xA513,0xAD34,0xAD54,0xAD75,0xAD34,0xAD74,0x9CD2,0x738D,0x4A48,0x5289,
    0x52A9,0x5AAA,0xAD54,0xD699,0xC637,0xAD54,0xA533,0xA533,0xA513,0xA513,0xA4F2,0xA513,
    0xA4F3,0xB595,0xAD75,0xAD54,0x9CD2,0xA4F3,0xA513,0x9CF2,0x9CD2,0x9CD2,0xA513,0x9CB2,
    0x94B1,0x9CD2,0xA513,0xAD54,0xBDD6,0xB595,0xAD54,0xAD34,0x9CB2,0x9491,0x94B1,0x9CD2,
    0x9CB2,0x9491,0xA513,0x94B1,0x9CB2,0x9CB2,0x94B1,0x94B1,0x9471,0x8C50,0x8C50,0x9CF2,
    0x9CD2,0x9491,0x94B1,0xA513,0x9CD2,0xAD75,0xA533,0x9CB2,0x9CD2,0xA513,0xAD54,0x9CD2,
    0xAD74,0xA4F3,0x94B1,0xAD54,0x9CF3,0x9470,0x9491,0xA513,0x9CD2,0x8C50,0x9491,0x9491,
    0x8C70,0x9CD2,0x9CB2,0x9471,0x9491,0x8C50,0x8C30,0x9491,0x94B1,0x9491,0x8C70,0x9491,
    0x8C50,0x8C30,0x94B1,0x94B1,0x9471,0x9491,0xA513,0xA513,0x9491,0xB595,0xB595,0x9CD2,
    0x94B1,0xA513,0xA513,0x9CB2,0x9491,0x9CD2,0x9CD2,0xA513,0xA513,0xA513,0xA513,0xA513,
    0xA534,0x94B1,0x9491,0x9491,0x9491,0x9491,0x8C50,0x840F,0x842F,0x9471,0x9CB2,0x9470,
    0x9CD2,0x9CF2,0x9CD2,0xA513,0xA513,0xA4F2,0xA4F2,0xAD54,0xA533,0x9CD2,0x9CB2,0x8C50,
    0x9491,0x94B1,0x8C50,0x94B1,0x8C70,0x9470,0x94B1,0x9491,0x9470,0xA4F2,0x9CD2,0x9CF2,
    0x9CF2,0xA513,0x9CD2,0x9CD2,0xA534,0xA534,0x9CB2,0x9CF2,0xAD54,0xAD75,0xBDD6,0xAD75,
    0xA513,0x9CD2,0x9CD2,0x9CF3,0xA513,0xA533,0xB595,0xCE58,0xBDD6,0xB5B5,0xB595,0xB595,
    0xB595,0xA534,0xAD54,0xB595,0xB595,0xAD74,0xAD75,0xBDD6,0xB5B6,0xB5B6,0xB5B5,0xAD74,
    0xB5B5,0xAD74,0xB5B6,0xBDD6,0xB595,0xB5B5,0xAD34,0xB595,0xB5B5,0x94B1,0x7BEF,0x7BCE,
    0x7BCE,0x738D,0x632C,0x5289,0x5ACA,0x5ACA,0x7BCE,0xA533,0xA534,0xAD34,0xAD74,0xBDF7,
    0xBDD6,0xB595,0x9CB2,0xA513,0xB575,0xAD54,0xB575,0xBDD6,0xC617,0xC638,0xAD54,0xAD54,
    0x9CF2,0xA4F3,0x9CD2,0xA513,0xA513,0xA533,0xA4F3,0x9CF2,0x94B1,0x9CF2,0xA513,0xA513,
    0xAD75,0xB595,0xAD75,0xB595,0xC617,0xBDF7,0xBDD6,0xBDD6,0xBDD6,0xB595,0xB595,0xBDD6,
    0xBDD6,0xB595,0xAD54,0xA4F3,0xA4F3,0xA513,0xA534,0xA513,0x94B1,0x8C30,0x842F,0x842F,
    0x842F,0x8C70,0x8C2F,0x8C70,0x9470,0x9CB2,0x9491,0x9471,0x8C50,0x840F,0x7BAE,0x630B,
    0x62EA,0x5ACA,0x52A9,0x5289,0x5289,0x5289,0x4A48,0x4A49,0x4A49,0x4A69,0x4A69,0x4A69,
    0x4228,0x5289,0x5AAA,0x4227,0x5289,0x8430,0x8C30,0x7BCE,0x738D,0x736D,0x6B4C,0x630B,
    0x736D,0x6B2C,0x630B,0x6B4D,0x7BCE,0x738D,0x630B,0x6B4D,0x7BCE,0x6B6D,0x6B4C,0x6B4C,
    0x630B,0x5ACB,0x630B,0x6B2C,0x6B6D,0x630B,0x5ACA,0x52A9,0x5289,0x5AEB,0x6B4C,0x5ACA,
    0x5289,0x5ACA,0x632C,0x8C71,0x8C70,0x7BEF,0x9471,0x9491,0x94B1,0xA513,0x9CB2,0xA534,
    0xA4F3,0x94B1,0x94B1,0x9491,0x9491,0x9CB2,0xA513,0x9CD2,0x9491,0x9491,0x94B1,0x9491,
    0x9491,0x9491,0x94B1,0x94B1,0x9CB2,0x9CB1,0xA513,0xA4F2,0x9CD2,0x9CF2,0x9CF2,0x9CF2,
    0xA513,0xAD34,0xA513,0x9CD2,0x9CD2,0x9CD2,0x9CD2,0x94B1,0x94B1,0x9491,0x9CB2,0x9491,
    0x9CF2,0xA513,0xA513,0xA513,0xA534,0xAD54,0xAD34,0xAD54,0xBDD6,0xB595,0xA513,0xA513,
    0x9CD2,0x8C50,0x842F,0x8C30,0x9471,0x94B1,0xA513,0x9CD2,0xA533,0xAD75,0x94B2,0x9491,
    0x840F,0x7BAE,0x7BAE,0x83EF,0x94B2,0x9CF2,0x9CF2,0xA4F3,0x83EF,0x8430,0x9491,0x9470,
    0x9491,0x9CD2,0x94B1,0x8C70,0x94B1,0x840F,0x8C30,0x8C70,0x8C50,0x8C70,0x94B1,0x9491,
    0x94B2,0xA513,0xAD54,0xAD54,0xAD74,0xAD75,0xA513,0x94B2,0x9491,0x8430,0x8C70,0x9491,
    0x9471,0x94B1,0x94B1,0x9491,0x8C50,0x8C50,0x9471,0x94B1,0x9491,0x8C70,0x94B1,0x9491,
    0x9470,0x9491,0x9CD2,0x9CB2,0x9491,0xA513,0x9CD2,0x9470,0x94B1,0x9CB2,0x9CD2,0xA513,
    0xA513,0x8C50,0x8C50,0x8C50,0x9CB1,0x9CD2,0x9CB2,0x9491,0x9CB2,0x9CB2,0x9CB1,0x9CD2,
    0x94B1,0x94B1,0x9CB1,0x94B1,0x9CD2,0x9CF2,0xA513,0xA513,0x9CD2,0xA513,0xA533,0xA513,
    0xA533,0xAD74,0xBDF7,0xC617,0xAD75,0xA533,0xA513,0x9CB2,0x8C30,0x8C2F,0x842F,0x8C2F,
    0x8C50,0x840F,0x7BCE,0x840F,0x9470,0x9491,0x8C70,0x8C70,0x8C50,0x9491,0xA4F3,0x9CF2,
    0x9CF2,0xA533,0xAD54,0xAD34,0xAD34,0xA534,0x9CD2,0x9CD2,0xA4F2,0xA533,0xA533,0xAD34,
    0xA533,0xAD34,0xA513,0xA534,0xB595,0xA534,0x632C,0x4A28,0x4A28,0x8C71,0xCE99,0xC638,
    0xBDF6,0xA533,0xA513,0x9CF2,0x9CF2,0xA513,0xAD34,0xA513,0x9CD2,0xAD54,0xAD54,0xA513,
    0x9CD2,0x9CD2,0x9CD2,0x9491,0x9491,0x9CB2,0x9CD2,0x9CD2,0x9CB2,0x9491,0x9CD2,0xAD54,
    0xBDD6,0xAD54,0xA533,0xA513,0x94B1,0x9491,0xA4F2,0xA533,0xA4F3,0x9CD2,0x94B1,0x9471,
    0x9471,0x9CB2,0x9CD2,0x9CB2,0x9470,0x8C2F,0x8C2F,0x94B1,0x8C50,0x8C30,0x8C50,0x9CD2,
    0xA513,0x9CD2,0x9CB2,0x9CB2,0x94B1,0xA513,0x9CD2,0x9CB2,0xA513,0xA4F3,0x9CF2,0xAD54,
    0x9470,0x8C2F,0x9491,0x9491,0x8C70,0x840F,0x840F,0x8C50,0x9491,0xA513,0x94B2,0x9471,
    0x8C30,0x8C30,0x8C70,0x9491,0x8C70,0x94B1,0x9CB2,0x8C50,0x840F,0x8430,0x94B1,0x9491,
    0x9491,0x9CD2,0xA4F3,0x9CB2,0x9491,0xAD34,0xA513,0x8C70,0x8C70,0x9CD2,0xA513,0x9470,
    0x9491,0x9491,0x9471,0x9491,0x9470,0xA4F3,0x9CD2,0x94B1,0x9CD2,0x94B1,0x9CB2,0x94B1,
    0x8C70,0x9491,0x8C50,0x83EF,0x8C50,0x8C50,0x9491,0x9470,0xA513,0xA513,0xA513,0xA534,
    0x9491,0xA513,0xB595,0xAD75,0xA513,0x9CD2,0x9CD2,0x9491,0x8C70,0x9491,0x8C2F,0x9471,
    0x8C70,0x8C50,0x8C70,0x9CD2,0x9491,0x8C70,0x9491,0x9CD2,0x9CF2,0xAD54,0xA513,0x9CD2,
    0x9CD2,0x9CD2,0x9CB2,0xAD74,0xC617,0xB595,0xBDF7,0xB5B6,0xAD75,0x9CF2,0x9CB2,0x9CD2,
    0xA513,0xAD74,0xB5B5,0xB5B6,0xB595,0xAD75,0xAD74,0xAD54,0xAD54,0xA533,0xAD54,0xAD54,
    0xB595,0xAD75,0xAD74,0xAD75,0xBDD6,0xBDB6,0xB5B6,0xB575,0xBDB6,0xB595,0xB595,0xBDF6,
    0xB575,0xAD54,0xAD34,0xA4F2,0x8C70,0x9CF2,0x9CF2,0x7BEF,0x6B2C,0x5AEB,0x73AE,0x5289,
    0x4A69,0x630B,0x8C50,0xA534,0xAD34,0xA533,0xB575,0xC5F7,0xB595,0xB5B5,0xAD75,0xAD75,
    0xB5B6,0xBDD6,0xC617,0xC617,0xBDF7,0xC617,0xAD54,0xA533,0xA513,0xA513,0x9CD2,0xA513,
    0xA513,0xA533,0xA4F2,0xA513,0xA513,0xA513,0x9CD2,0x9CD2,0xA513,0xA513,0xAD54,0xBDD6,
    0xC617,0xC638,0xCE58,0xCE58,0xC638,0xC638,0xC638,0xC617,0xC638,0xC637,0xBDD6,0xAD34,
    0xAD74,0xA513,0xA513,0xA534,0xA534,0xA4F3,0x9491,0x9491,0x9491,0x8C30,0x8C30,0x8C50,
    0x9CB2,0x9CD2,0x94B1,0x8C30,0x8C30,0x840F,0x7BCE,0x630B,0x62EB,0x5ACA,0x5289,0x5269,
    0x5289,0x5289,0x4A69,0x4A48,0x5289,0x5269,0x4A48,0x4A48,0x4A48,0x4A48,0x4A48,0x4228,
    0x5ACA,0x7BCE,0x7BAD,0x6B4C,0x6B4C,0x6B2C,0x630B,0x7BCE,0x6B6D,0x5AEB,0x5AEB,0x6B4C,
    0x73AE,0x73AE,0x6B2C,0x6B4C,0x7BCF,0x6B4C,0x6B4C,0x632C,0x5ACB,0x5ACA,0x5AAA,0x630B,
    0x7BCE,0x7BCE,0x5AEA,0x5AEB,0x5289,0x5289,0x5ACB,0x5ACA,0x5289,0x52A9,0x6B4D,0x840F,
    0x7BCE,0x6B6D,0x8C50,0x9471,0x8C70,0x9CB2,0x9CD2,0xA513,0xA4F3,0x9CD2,0x9491,0x9CB2,
    0xA513,0x9CD2,0x9CF2,0x94B1,0x9CD2,0x94B1,0x9CB2,0x9491,0x9491,0x9470,0x94B1,0x94B1,
    0x94B1,0x9CB1,0xAD54,0x9CD2,0xA4F2,0xA534,0xA533,0xAD75,0xAD54,0xA534,0xB5B5,0xA513,
    0x94B1,0x9491,0x9CB2,0x9491,0x9491,0x94B1,0x94B1,0x9471,0x9CB2,0xA4F3,0xA513,0xAD34,
    0xAD54,0xAD54,0xAD74,0xD6B9,0xD699,0xAD54,0x9CD2,0x9CD2,0x9CB2,0x9491,0x8C70,0x94B1,
    0x9CD2,0x9CF2,0x94B1,0x94B1,0xAD54,0xAD54,0x9CD2,0x9CD2,0x8C50,0x738D,0x7BCE,0x8C50,
    0x9CB2,0x9CD2,0x94B1,0x94B2,0x8C50,0x9491,0x9CF2,0x9CD2,0x9CD2,0x9CB2,0x94B1,0xA513,
    0xAD75,0x8C30,0x8C70,0x8C70,0x9471,0x94B1,0x9CD2,0x9CD2,0xA4F3,0x9CD2,0xA513,0xA513,
    0xA533,0xA534,0xA533,0xA513,0x9CD2,0x8C50,0x8C50,0x8C70,0x9491,0x8C70,0x8C30,0x94B1,
    0x8C50,0x8C30,0x8C30,0x9491,0x9470,0x8C50,0x9470,0x8C70,0x9491,0x94B1,0x9CD2,0x9CD2,
    0x9491,0x9CB2,0x94B1,0x8C50,0x94B1,0x9491,0x9CD2,0xA533,0x9491,0x8C2F,0x8C50,0x9471,
    0x9471,0x94B1,0x8C50,0x8C50,0x9CB1,0xA4F2,0x9CD2,0x9CD2,0x9470,0x94B1,0x9CB2,0x9CB1,
    0x94B1,0x9CF2,0xA513,0x9CD2,0x9CD2,0xA4F2,0xA513,0xA4F3,0xA4F3,0xAD54,0xB575,0xBDB6,
    0xA513,0xA4F3,0xA513,0x9CB2,0x8C70,0x8C2F,0x8C30,0x8C70,0x9471,0x83EF,0x840F,0x8C50,
    0x8C70,0x9CB2,0x8C50,0x8C70,0x9CB2,0x9CB2,0x9CD2,0x9CD2,0x94B1,0xA4F3,0xB575,0xB595,
    0xAD54,0xA513,0x9CF2,0x9CD2,0x9CD2,0xA513,0xA513,0xB575,0xA513,0xB575,0xA533,0x9CB1,
    0xAD34,0xB595,0xA534,0x8C71,0xA534,0xC638,0xCE78,0xBDD6,0xB575,0xA513,0xA4F3,0xA534,
    0xAD34,0xAD54,0xAD54,0xAD54,0xAD34,0xA513,0xA533,0xAD34,0xAD54,0xAD54,0x9CF2,0x9CD2,
    0x9CD2,0xA534,0xA533,0xAD54,0xA533,0x9CF2,0x9CD2,0xA513,0xA513,0xA513,0x9CF2,0xA513,
    0x9CF2,0x9CB1,0x94B1,0xA4F3,0x9CB2,0x9CD2,0x9CB2,0x9CB2,0x9470,0x94B1,0x9CD2,0x94B1,
    0x8C70,0x8C30,0x9471,0x8C50,0x840F,0x83EF,0x9471,0xA513,0xA4F3,0x9491,0x8C70,0x94B1,
    0xA4F3,0x9CD2,0x94B1,0x94B1,0x9471,0x9CB2,0x9CF2,0x94B1,0x94B1,0x8C30,0x8C50,0x840F,
    0x8430,0x840F,0x7BCE,0x9491,0x8C50,0x94B2,0x9CB2,0x8C50,0x8C30,0x8C30,0x9491,0x8C50,
    0x9CD2,0xA513,0x9CF3,0x842F,0x842F,0x842F,0x8C70,0x842F,0x9491,0x9491,0xA4F3,0xA513,
    0xA534,0xAD34,0xA513,0x9CD2,0x94B1,0xA513,0x9CF3,0x94B1,0xA513,0x8C50,0x9CD2,0x9491,
    0x8C30,0x8C30,0x8C2F,0x8C30,0x9471,0x9CB2,0x9CD2,0x9471,0x8C50,0x9491,0x94B1,0x9CB2,
    0x9491,0x8C70,0x8C30,0x9491,0xA513,0x9CF2,0xA513,0x9CF2,0x9CD2,0x9CD2,0xA513,0x9CD2,
    0xA4F3,0xA513,0xA513,0xA513,0xAD54,0x9CD2,0x9CF3,0x94B1,0x8C50,0x9CD2,0xA513,0x9491,
    0x9491,0x94B1,0x9CB2,0x9CD2,0xA513,0xA534,0xAD34,0xBDF7,0xB5D6,0xA513,0xA513,0xAD54,
    0xBDD6,0xB595,0xB595,0xB595,0xBDF7,0xA513,0xA4F3,0xAD54,0xAD54,0xAD75,0xAD54,0xAD54,
    0xAD54,0xA534,0xA513,0xA4F3,0xA513,0x9CD2,0xAD54,0xA513,0xAD54,0xA534,0xAD54,0xB595,
    0xBDD6,0xBDD6,0xBDD6,0xBDD6,0xC638,0xBDD6,0xB5B5,0xC638,0xC617,0xB595,0xAD75,0xA533,
    0x8C50,0x8C50,0xA513,0x8C70,0x630B,0x5ACA,0x6B6D,0x5AAA,0x5289,0x7BCE,0x9CF2,0xAD54,
    0xAD54,0xAD34,0xB595,0xBDB6,0xAD75,0xB595,0xB595,0xAD75,0xB595,0xBDD6,0xB595,0xAD74,
    0xAD75,0xAD75,0xAD74,0xAD54,0xAD34,0x94B1,0x9CB2,0xAD75,0xAD54,0x9CD2,0x9CD2,0x9CF2,
    0x9CD2,0x9CF2,0xA513,0xA513,0xA533,0xA513,0xA513,0xAD75,0xBDD6,0xCE58,0xC638,0xC638,
    0xCE79,0xD6BA,0xD6BA,0xC638,0xBDD6,0xB595,0xB5B6,0xC617,0xBDF7,0xAD54,0xAD54,0xAD74,
    0xAD54,0xAD75,0xAD74,0xAD54,0x9CD2,0x9471,0x9471,0x8C50,0x9471,0x9491,0x9CD2,0x9CD2,
    0x9491,0x8C50,0x7BCE,0x6B4C,0x630B,0x62EB,0x5ACA,0x5289,0x5289,0x62EB,0x5AEB,0x4A69,
    0x5ACA,0x4A69,0x4A48,0x4A69,0x4A69,0x4A49,0x4228,0x4207,0x5ACA,0x738D,0x6B4C,0x7BCE,
    0x7BAE,0x738D,0x630B,0x8C30,0x6B4C,0x5ACA,0x5AEB,0x634C,0x7BCF,0x840F,0x6B4C,0x632C,
    0x7BAE,0x6B6D,0x6B4C,0x632C,0x5ACA,0x5289,0x5269,0x632B,0x736D,0x632B,0x5AEB,0x5ACA,
    0x4A69,0x5289,0x52AA,0x5ACA,0x52AA,0x5AAA,0x6B4C,0x6B6D,0x6B4C,0x6B6D,0x7BCE,0x8430,
    0x9471,0x9CB2,0x9CB2,0x9CD2,0x9CD2,0x94B1,0x9470,0x9CB2,0x94B1,0x9CD2,0xA4F2,0xA534,
    0xA513,0x9CD2,0x9470,0x9470,0x9470,0x8C70,0x9CD2,0x94B1,0x9CD2,0xA513,0x9CF2,0x9CF2,
    0xA513,0x9CD2,0xAD54,0xB5B5,0xA513,0xA534,0xAD54,0xAD75,0x9491,0x94B1,0x9CF2,0x9470,
    0x94B1,0x9CD2,0x9CD2,0x9CD2,0x9CB2,0x9CD2,0xBDD6,0xB595,0xB595,0xB595,0xBDF7,0xC638,
    0xB595,0xAD54,0xA513,0x9CD2,0x9CB2,0x94B1,0x94B1,0xA4F3,0xAD34,0x9CF2,0x9491,0x9491,
    0x9CB2,0xA4F3,0x9CD2,0xA4F2,0x8C50,0x842F,0x94B1,0x9491,0x9491,0xA513,0x9CD2,0x94B1,
    0x9491,0x9CD2,0xA4F3,0xA513,0xA513,0xA513,0x9471,0x94B2,0xA4F3,0x9470,0x94B2,0x94B1,
    0x94B1,0x94B2,0x9CF3,0x9CF2,0x94B1,0x9CD2,0x94B2,0x9CF2,0xA534,0x9CD2,0x9491,0x8C70,
    0xA534,0x9CD2,0x94B1,0x9491,0x9491,0x8C50,0x9470,0x9491,0x8C70,0x8C30,0x842F,0x94B1,
    0x94B1,0x9471,0x9491,0x9CB2,0x9CD2,0xA513,0x9CD2,0x9491,0x9470,0x9491,0x9491,0x94B1,
    0x9CB2,0x9CD2,0xA4F2,0xA513,0xA4F2,0x94B1,0x9470,0x9491,0x94B1,0x9CB2,0x9491,0x9CB2,
    0xAD54,0xBDD6,0xAD54,0x9CD2,0x9491,0x9CB2,0x9CD2,0x9491,0x9CD2,0xA513,0xAD54,0x9CD2,
    0xA513,0xA4F3,0x94B1,0x9CD2,0xAD34,0xAD54,0xAD34,0xB5B5,0xA513,0x94B1,0x9CB2,0x9491,
    0x9470,0x8C50,0x842F,0x8C30,0x8C50,0x83EE,0x840F,0x8C2F,0x8C30,0x8C70,0x9470,0x9CB2,
    0xA534,0x9CD2,0x9CF2,0xA513,0x9CD2,0xA513,0xAD74,0xB595,0xA533,0xA4F3,0xA513,0xA4F3,
    0x9CB2,0xA533,0xA513,0xB595,0xA533,0x9CF2,0x9CB2,0x9CB2,0x9CD2,0xA513,0xAD54,0xB5B6,
    0xCE58,0xBDF7,0xBDD6,0xB575,0xA533,0xA534,0xA513,0xAD54,0xAD54,0xAD54,0xAD54,0xB595,
    0xAD54,0xA534,0xA513,0xA533,0xAD75,0xB575,0xA534,0xAD54,0x9CF2,0xA4F3,0xAD54,0xAD54,
    0xA513,0xAD34,0xAD74,0xA533,0xAD54,0xA534,0xAD54,0xA513,0xA513,0xAD54,0xA513,0x9CB2,
    0x9CF2,0x9CF2,0x9CD2,0x94B1,0x8C70,0x9491,0x94B1,0xA513,0x9491,0x9471,0x9CB2,0x8C70,
    0x9471,0x94B1,0x9CD2,0x9CD2,0x9CD2,0x94B1,0x94B1,0x9471,0x9CB2,0x94B1,0x8C50,0x9471,
    0x9491,0x94B1,0xA513,0x9491,0x8C30,0x842F,0x9471,0x8C50,0x842F,0x840F,0x8C30,0x94B1,
    0x8C50,0x842F,0x8C2F,0x842F,0x8C50,0x8C70,0x8C30,0x8C50,0x9CF2,0xAD54,0xAD75,0x8C50,
    0x842F,0x8C30,0x840F,0x8C70,0x8C50,0x842F,0x9CF2,0x9CD2,0x9470,0x9CD2,0x9CD2,0x9CD2,
    0x94B2,0xA513,0x9CF2,0x9491,0x8C70,0x94B1,0x9CD2,0x9CD2,0x842F,0x8C30,0x840F,0x840F,
    0x8C50,0x9CF3,0x94B2,0x9470,0x9CD2,0x9CF2,0x9471,0x8C50,0x840F,0x9491,0x9CD2,0x9CB2,
    0x9CD2,0x9CF2,0x9CB1,0x9CD2,0x9CD2,0x9CD2,0xA4F2,0xA533,0xA534,0xA533,0xA534,0xAD54,
    0xAD54,0x94B2,0x9CD2,0x94B1,0x9491,0x9CD2,0xA513,0x9CB2,0x94B1,0x9CD2,0x9CD2,0x9CF2,
    0xA534,0xAD34,0xAD75,0xB595,0xAD75,0xAD75,0xA513,0xA513,0xAD54,0xA534,0xB5B6,0xB595,
    0xBDF7,0xA513,0x9CF2,0xB5B6,0xBDD6,0xA533,0xA513,0x9CF2,0xA513,0xA533,0x9CD2,0x9CD2,
    0xA513,0x9CD2,0xA513,0xA513,0xA513,0xAD34,0xAD54,0xB595,0xB5B5,0xBDF7,0xBE17,0xBDD6,
    0xBDF7,0xBDD6,0xBDD6,0xC658,0xD699,0xBDD6,0xB5B5,0xAD74,0xA533,0x9CD2,0xA534,0xAD75,
    0x8C50,0x9CB2,0x8C71,0x8C70,0x840F,0x9491,0xAD54,0xAD75,0xAD75,0xB595,0xBDF7,0xBDD6,
    0xB595,0xB595,0xB595,0xB5B5,0xB575,0xB595,0xB575,0xAD54,0xAD34,0xAD54,0xB575,0xB595,
    0xAD34,0x94B1,0x9CD2,0x9CF2,0xA533,0xA513,0xA513,0x9CD2,0x94B1,0xA4F2,0xA513,0xA513,
    0xAD34,0xAD74,0xAD54,0xC617,0xCE58,0xCE79,0xCE99,0xCE99,0xDF1B,0xEF7D,0xD6BA,0xCE79,
    0xBDF7,0xAD75,0xA513,0xAD74,0xB595,0xA533,0xAD54,0xA4F3,0x9CD2,0x9CF2,0xA534,0xAD54,
    0xA533,0x9CB2,0x94B1,0x8C70,0x9471,0x9470,0xA4F2,0xAD74,0xAD75,0x9CB2,0x8C30,0x7BCE,
    0x6B2C,0x5ACA,0x62EB,0x5AEA,0x52A9,0x6B6C,0x632B,0x4A69,0x4A69,0x4A69,0x4A69,0x4A49,
    0x4A48,0x4A49,0x4A49,0x4228,0x4A69,0x62EB,0x5AAA,0x6B2C,0x736D,0x7BAE,0x6B4C,0x62EB,
    0x630B,0x5AEB,0x5ACA,0x6B4C,0x7BEF,0x8C71,0x7BCF,0x6B4C,0x6B4C,0x6B4C,0x630B,0x62EB,
    0x5AEB,0x5ACA,0x5289,0x52AA,0x52A9,0x4A69,0x52A9,0x5ACA,0x5289,0x5289,0x5289,0x5AAA,
    0x5289,0x5ACA,0x632C,0x632C,0x6B4C,0x6B6D,0x7BAE,0x73AD,0x9491,0x9CB2,0x9CD2,0xA4F3,
    0x9471,0x8C50,0x9491,0xA513,0xA4F3,0xA513,0xAD54,0xAD74,0xAD74,0x9CD2,0x9491,0x9CB2,
    0x9CD2,0x9491,0x9CD2,0xAD34,0xB5B6,0xA513,0xA513,0xA513,0xA513,0xA513,0xAD54,0xAD75,
    0x9CF2,0xA534,0xA513,0xA513,0x9CB2,0x9CB2,0x94B1,0x8C50,0x8C50,0x94B1,0x9CD2,0x9CF2,
    0xA4F3,0xA4F2,0xB5B6,0xB595,0xBDD6,0xBDF7,0xB5B6,0xB5B6,0xA513,0xA513,0x9CD2,0x9CB2,
    0x9CB1,0x9491,0x94B1,0xA4F3,0xA513,0xA4F3,0x9491,0xA533,0x9CB2,0x9491,0x9CB2,0x94B1,
    0x840F,0x9491,0xAD54,0xAD54,0xA513,0xA513,0xAD34,0x94B1,0x94B1,0x9CD2,0xA513,0xAD54,
    0xAD74,0xA533,0x94B1,0x9CD2,0xAD74,0xAD54,0x9CD2,0x9CD2,0x94B1,0x9CB2,0x94B2,0x9CF3,
    0x9CD2,0x9CF2,0xA4F3,0x9CD2,0x9CF3,0xA513,0xA513,0x9CF2,0xA513,0xA513,0xA513,0x9CD2,
    0x9CF2,0x94B2,0x8C70,0x9491,0x9491,0x94B1,0x9CD2,0xA4F3,0xA513,0x9CB2,0x8C70,0x94B1,
    0xA533,0x9CD2,0x9491,0x9491,0x9470,0x9470,0x9470,0x94B1,0xA513,0x9CD2,0x9CF2,0xAD54,
    0xAD34,0xA4F3,0x9491,0x9470,0x9CD2,0x94B1,0x9CB2,0x9CD2,0x9CD2,0xA513,0xA513,0xA513,
    0xA513,0x9CB2,0x9471,0x8C50,0x94B1,0xA4F2,0x9CF2,0x9CD2,0x9CD2,0x94B1,0x9CB2,0x9CB2,
    0x9CD2,0x9CD2,0xAD34,0xB595,0x9CD2,0x9491,0x9491,0x9470,0x9491,0x8C70,0x7BCE,0x7BCE,
    0x8C50,0x7BCE,0x7BCE,0x840F,0x8C2F,0x8C2F,0x8C30,0x9491,0x9CD2,0x9CD2,0x94B1,0x9470,
    0x94B1,0xA513,0x9CF2,0x9CD2,0x94B1,0x9CB2,0x9CD2,0x9CD2,0xA513,0x9CD2,0x9CB2,0x9CF2,
    0xA4F3,0xA4F3,0x9CD2,0x9CB2,0x9CF2,0x9CF2,0xA513,0xAD54,0xB595,0xAD54,0xAD75,0xB595,
    0xA513,0xA513,0x9CD2,0xA513,0xA534,0xA513,0xAD74,0xAD75,0xA534,0x8C30,0x9CB2,0xA4F2,
    0xA513,0xAD54,0xA534,0xAD54,0x9CF2,0xA533,0xA534,0xA533,0x9CD2,0x94B1,0xA513,0xA513,
    0xA513,0xA4F2,0xAD34,0xAD54,0xA513,0xB5B5,0xAD34,0xA533,0xA513,0x9CD2,0x9CB2,0x9CB2,
    0x94B1,0x94B1,0x9CD2,0xA533,0x94B2,0x8C70,0x8C30,0x9471,0xA4F3,0xA534,0xA4F3,0x9CD2,
    0x9CF3,0x9CF2,0x8C30,0x8C50,0x9491,0x9471,0x842F,0x9470,0x8C2F,0x9CB2,0x9CF2,0x8C50,
    0x94B1,0x94B1,0x8C30,0x83EE,0x8C30,0x8C50,0x842F,0x83EF,0x8C50,0x83EF,0x83EF,0x840F,
    0x9471,0x9491,0x8C50,0x8C50,0x8C70,0xA4F3,0x9CD2,0x8C30,0x8C50,0x8C30,0x9471,0x8C70,
    0x842F,0x840F,0x9491,0x9CB2,0x8C50,0x8C70,0x8C30,0x8C30,0x9CB2,0xA513,0x9CD2,0x8C70,
    0x8C50,0x9CD2,0x9471,0x8C50,0x842F,0x840F,0x8C30,0x8C30,0x8C30,0x9CB2,0x94B1,0x9491,
    0x9CB1,0x94B1,0x8C70,0x842F,0x840F,0x9491,0xA513,0x9CD2,0xAD54,0xAD34,0x9CB2,0x94B1,
    0x94B1,0x9CD2,0x9CD2,0xAD34,0xAD74,0xAD54,0xB595,0xB575,0xAD54,0xA4F3,0x9CD2,0xAD54,
    0xA513,0xA513,0x9CD2,0x94B1,0x9CF2,0x9CD2,0x9CD2,0xA513,0x9CF3,0xA534,0xAD54,0xA533,
    0xA534,0xA534,0xA4F2,0xA513,0xAD75,0xA534,0xA513,0xA513,0xA533,0xA513,0x94B2,0xA4F3,
    0xA513,0xA4F3,0x9CF2,0x9CF2,0xA513,0xA513,0xA4F3,0xA4F3,0xA513,0xA4F3,0xA513,0xAD54,
    0xA533,0xAD75,0xAD75,0xBDD6,0xB595,0xB5B6,0xBDF7,0xB5B6,0xAD75,0xB595,0xB595,0xB5B6,
    0xBDD6,0xCE58,0xC637,0xB595,0xAD54,0xAD74,0xAD54,0xAD54,0xAD54,0xBDD6,0xAD75,0xAD54,
    0xAD75,0xAD75,0xB5B5,0xB595,0xB5B6,0xC617,0xBDD6,0xBDD6,0xBDF7,0xBDD6,0xBDD6,0xBDD6,
    0xB5B5,0xB595,0xAD75,0xAD54,0xAD34,0xAD34,0xAD54,0xAD34,0x9CD2,0x9CD2,0x9CB2,0x9CD2,
    0x9CB2,0x9CD2,0x9CB2,0x9491,0x9CB2,0x9CD2,0x9CD2,0x9CB2,0xA4F3,0xAD54,0xB575,0xBDF7,
    0xC637,0xCE58,0xCE79,0xDEDA,0xE73C,0xE71C,0xCE99,0xCE79,0xBE17,0xAD75,0xAD74,0xAD34,
    0xA513,0xA534,0xAD74,0xA513,0x9CD2,0x9CD2,0xA533,0x9CB2,0xA513,0x9CD2,0x94B1,0x9CD2,
    0x8C30,0x738D,0x840F,0xA513,0xB595,0x9CD2,0x840F,0x840F,0x7BCE,0x6B2C,0x630B,0x630B,
    0x5ACA,0x5AEB,0x5AAA,0x4A69,0x5269,0x52AA,0x52A9,0x4A69,0x5289,0x4A49,0x4A69,0x4A69,
    0x5269,0x5ACA,0x630B,0x5AEA,0x6B6D,0x7BCE,0x736D,0x630B,0x6B4C,0x630B,0x5ACA,0x5AEB,
    0x632C,0x7BCE,0x840F,0x738D,0x6B4C,0x738D,0x630C,0x62EB,0x5ACA,0x5ACA,0x5AAA,0x52A9,
    0x5269,0x4A69,0x5289,0x5ACA,0x52AA,0x52AA,0x5289,0x5AEB,0x5ACA,0x5AAA,0x5AEB,0x632C,
    0x634C,0x738D,0x83EF,0x8C50,0x9CD2,0xA513,0x9CD2,0x94B1,0x9471,0x8C50,0x9CB2,0x9CF2,
    0xAD54,0xAD74,0xBDD6,0xB575,0xA513,0x9CD2,0x94B1,0x94B1,0x9CB2,0x9CD2,0x9CF2,0xAD75,
    0xAD54,0xA513,0xAD34,0xA533,0xAD54,0xA534,0xA533,0xA513,0xA533,0xA534,0x9CD2,0x94B1,
    0x9CD2,0x94B1,0x9491,0x9491,0x9491,0x9CD2,0xA513,0xA513,0xA513,0xA513,0xBDD6,0xC617,
    0xC617,0xBDD6,0xB5B6,0xA533,0xA513,0xA534,0xA4F3,0x9CD2,0x9CF2,0x9CD2,0x9CF2,0xA513,
    0xA513,0xAD34,0x9491,0x9CD2,0xA4F3,0xA4F2,0x9491,0x8C50,0x8C30,0x9491,0xA533,0xB595,
    0xAD34,0xA513,0xA513,0xA513,0x9CB2,0xA4F3,0xAD75,0xB595,0xA513,0xA533,0xA513,0xA4F3,
    0xAD54,0xBDD6,0xAD34,0x94B2,0x94B1,0x9CF3,0x9491,0xA513,0xA533,0x9CD2,0x9CD2,0x9CD2,
    0x9CF3,0xAD75,0xBDD6,0xAD54,0xA4F3,0xA534,0xA513,0xA513,0xA4F3,0x94B2,0x9491,0x9CB2,
    0x9CF2,0xA513,0xAD54,0xA533,0x8C50,0x840F,0x840F,0x8C50,0x94B1,0x94B1,0x94B1,0x9470,
    0x94B1,0x9491,0x94B1,0x9CB1,0x9491,0x9491,0x9CB2,0xA513,0xA513,0xA513,0xA533,0x9CD2,
    0x9491,0x9CB1,0x9470,0x8C50,0x94B1,0x9CD2,0x9CD2,0xA513,0x9CD2,0x9CD2,0x9CD2,0x9491,
    0x9CD2,0x9CD2,0x9491,0x9CB2,0x9CB1,0x9491,0x9CD2,0x9CB2,0x94B1,0x9470,0x9CB2,0x9491,
    0x9CB2,0x8C30,0x6B4C,0x8C50,0x8C30,0x8C30,0x840F,0x7BCE,0x83EF,0x7BCE,0x83EF,0x840F,
    0x8C50,0x9491,0x9491,0x9CD2,0xA4F2,0x9CB2,0x9470,0x9491,0x8C50,0x94B2,0x9CD2,0x9491,
    0x9471,0x8C50,0x9CD2,0x9CD2,0x94B1,0x94B1,0x9CB2,0xA4F3,0x9491,0x9CB2,0xA513,0xAD54,
    0xB5B5,0xA4F2,0x9CD2,0xA513,0xAD54,0xAD34,0xB595,0xBDD6,0xAD54,0xA4F3,0x9CD2,0x9CB2,
    0xA533,0xA513,0xA4F2,0xAD74,0xAD54,0xA513,0xA513,0xA533,0xA4F2,0xA513,0x9CF2,0xA513,
    0xA513,0xA513,0x9CD2,0x94B1,0x94B1,0x94B1,0x9CB2,0x9CF2,0x9CF2,0x9491,0x9CD2,0xA534,
    0xA513,0xA513,0x9CD2,0xA513,0xA4F3,0x9CD2,0x9CD2,0x9CD2,0xA513,0x9491,0x94B1,0x9491,
    0x94B1,0x94B2,0x9CF2,0x9CB2,0xA4F3,0xA513,0xA513,0xA513,0x9CB2,0x9470,0x8C2F,0x840F,
    0x9470,0x9491,0x8C70,0x94B1,0x8C70,0x8C70,0x7BCE,0x738D,0x7BCE,0x8C50,0x8C50,0x842F,
    0x9471,0x842F,0x8C70,0x9471,0x8C30,0x840F,0x8C50,0x9CD2,0x9491,0x9470,0x8C70,0x8C30,
    0x8C50,0x9491,0x8C70,0x8C30,0x9491,0x9CD2,0x9491,0x8C30,0x83EF,0x7BEE,0x840F,0x840F,
    0x8C50,0xA513,0x8C70,0x840F,0x9CD2,0x9CD2,0x8C50,0x8C2F,0x8C50,0x8C70,0x83EF,0x840F,
    0x8C70,0x8C50,0x8C70,0x8C50,0x9471,0x8C50,0x9470,0x9470,0x8C50,0x8C70,0x840F,0x840F,
    0x840F,0x840F,0x840F,0x8C70,0xA534,0x9CF2,0x9CD2,0x9CD2,0x9CB1,0x9CD2,0xA513,0xAD34,
    0xAD34,0xAD54,0xB595,0xB595,0xB595,0xB575,0xAD54,0xAD54,0xAD54,0xAD75,0xA513,0xA513,
    0xAD75,0xAD54,0xAD34,0xAD34,0xAD54,0xA533,0xA513,0xA4F3,0xA513,0xA533,0xA513,0xA513,
    0xAD75,0xA534,0xA513,0xA533,0xA513,0xA513,0x94B1,0xA4F3,0xA4F3,0x9CF2,0x9CD2,0x9CD2,
    0xA513,0xA513,0x9CD2,0xA513,0xA533,0xA513,0xAD34,0xB575,0xAD75,0xB595,0xB595,0xBDD6,
    0xB5B5,0xB595,0xB5B6,0xB5B6,0xBDD6,0xB595,0xB5B5,0xB595,0xBDB6,0xC5F7,0xCE38,0xBDD6,
    0xBDD6,0xBDD6,0xAD74,0xAD75,0xA513,0xAD54,0xAD54,0xA534,0xAD75,0xB575,0xB5B5,0xB5B6,
    0xB5B5,0xB595,0xBDB6,0xBDF7,0xBDF7,0xCE79,0xCE58,0xB595,0xAD54,0xAD74,0xAD75,0xAD34,
    0xAD54,0xAD34,0xA4F3,0x9CD2,0x9CD2,0x9CD2,0x9CF2,0x9CD2,0x9CD2,0x9CB2,0x94B1,0x9491,
    0xA4F3,0xA513,0xA513,0xA513,0xAD34,0xAD75,0xAD75,0xAD54,0xAD75,0xC617,0xCE79,0xD6BA,
    0xD6BA,0xD6BA,0xCE79,0xC617,0xBDF7,0xAD74,0xAD75,0xAD75,0xA533,0xAD74,0xB595,0x9CD2,
    0x9CD2,0x9CD2,0xAD74,0xAD54,0x9CF2,0x9CD2,0xA513,0xA513,0x9CD2,0x7BCE,0x738D,0x8430,
    0x9CD2,0x8C70,0x738D,0x5ACA,0x630B,0x736D,0x6B6C,0x6B4C,0x6B6C,0x62EB,0x52A9,0x5289,
    0x5ACA,0x5289,0x4A48,0x5269,0x632C,0x5269,0x5289,0x5ACA,0x5AAA,0x5AEA,0x62EB,0x5ACA,
    0x6B4D,0x7BCF,0x8C70,0x94B1,0x73AE,0x6B4C,0x630B,0x5ACB,0x630B,0x6B4C,0x7BCE,0x73AE,
    0x632C,0x736D,0x738D,0x630C,0x5AEB,0x52AA,0x52AA,0x5AAA,0x5289,0x4A69,0x5289,0x5AAA,
    0x5AAA,0x52A9,0x5AAA,0x630B,0x630B,0x52AA,0x5ACA,0x6B4C,0x6B4C,0x738D,0x840F,0x9CD2,
    0x9CF2,0xA513,0x9CD2,0x94B1,0x9491,0x9470,0x9CB2,0xA4F2,0xB595,0xBDD6,0xBDF7,0xAD74,
    0x9CB1,0x9470,0x9491,0x9CB1,0x9CB2,0xA533,0xAD75,0xB595,0xBDD6,0xB595,0xB595,0xB5B6,
    0xB595,0xAD54,0xB5B5,0xAD34,0xA4F2,0xAD54,0x9CB2,0xA4F3,0x9CF2,0x9491,0x9491,0x9470,
    0x94B1,0xA513,0x9CD2,0x9CF2,0xAD54,0xB5B6,0xBE17,0xC617,0xCE79,0xB595,0xAD75,0xBDD6,
    0xAD54,0xAD54,0xB595,0xA513,0xAD34,0xA533,0xA534,0xB595,0xB575,0xA513,0x9CD2,0xA513,
    0xA513,0xA513,0x9CB2,0x8C50,0x8C70,0x9471,0x9CF2,0xAD74,0xA513,0xA513,0x9CF2,0xA513,
    0xAD54,0xAD54,0xA533,0xAD54,0xA513,0xA534,0xAD54,0xA513,0xA513,0xBDD6,0xBDF6,0x9CD2,
    0x9CD2,0x9CF2,0x9CB2,0x9CF3,0x94B1,0x9CD2,0xA533,0xA513,0xAD54,0xB595,0xB5B5,0xB575,
    0xAD54,0xA534,0xA534,0xAD54,0x9CF2,0x9491,0x9CB2,0x9CD2,0xA533,0xAD54,0xB575,0xA513,
    0x840F,0x8C50,0x8C70,0x8C30,0x9CB1,0x9491,0x8C50,0x9470,0x9471,0x9470,0x9CB2,0x9CB2,
    0x94B1,0xA4F2,0xAD54,0xAD34,0xAD54,0x9491,0x8430,0xA533,0x9CB1,0x94B1,0x9491,0x9CB1,
    0xAD74,0xA513,0x9CD2,0x9CB2,0x9CD2,0xA4F2,0x9CD2,0x94B1,0x9491,0x9470,0x9CB2,0x9CD2,
    0x9471,0x9CB2,0x9CF2,0x9CB1,0x8C70,0x9CD2,0x94B1,0x9471,0x94B1,0x8C30,0x736D,0x7BAD,
    0x83EF,0x7BAD,0x83EF,0x8C2F,0x840F,0x840F,0x8C70,0x9CB2,0x9CD2,0x9CB2,0x94B1,0x94B1,
    0x9CD2,0x9CB2,0x94B1,0x8C70,0x8C30,0x9491,0x9471,0x840F,0x8C30,0x9470,0x9491,0x9470,
    0x8C50,0x8C50,0x94B1,0x9CD2,0x94B1,0x94B1,0xAD34,0xAD54,0xA513,0x840F,0x8C30,0x9471,
    0xA513,0xAD54,0xAD74,0xAD54,0xAD74,0xA533,0xA513,0xA513,0xA513,0xA534,0xA513,0xA513,
    0x9CF2,0x94B1,0x9CB2,0xA533,0xA513,0x9CF2,0x9CB2,0x9CF2,0xAD34,0xA513,0xA4F2,0x9CD2,
    0x8C50,0x9CF2,0xA4F3,0x9CB2,0x94B2,0xA513,0xA534,0xB575,0xAD54,0x9CD2,0x9471,0xA513,
    0xA513,0xAD34,0xA534,0x94B1,0x9491,0x9471,0x9471,0x8C50,0x9491,0x9CB2,0xB5B6,0xAD74,
    0x9CD2,0x9CB2,0x9CD2,0xA534,0xA513,0x94B1,0x9470,0x8C70,0x9491,0x9CD2,0xA533,0xA513,
    0x9491,0x8C50,0x9471,0x9CB2,0x8C50,0xA513,0xA513,0x8C70,0x8C30,0x9CD2,0x9CB2,0x8C50,
    0x7BCE,0x7BEE,0x8C50,0x9471,0x8C30,0x8C70,0x8C70,0x8C30,0x8C70,0x9470,0x8C70,0x83EF,
    0x8C30,0x8C30,0x83EF,0x840F,0x8C50,0x840F,0x842F,0x842F,0x9470,0x94B1,0x9491,0x9471,
    0x8C50,0x94B2,0x94B2,0x8C50,0x9471,0x8C50,0x9CD2,0x9471,0x842F,0x9470,0x9470,0x8C50,
    0x8C50,0x8C50,0x840F,0x8C30,0x840F,0x840F,0x7BCE,0x8430,0x8C70,0x8C30,0x8C50,0x8C50,
    0x9CD2,0x9CD2,0x94B1,0x9CD2,0x94B2,0x9CD2,0xA4F3,0xA513,0xA534,0xB5B5,0xB5B5,0xB5B5,
    0xC637,0xBDF7,0xA513,0xA513,0xA533,0xA534,0xAD75,0xA534,0xA534,0xAD54,0xAD54,0xAD54,
    0xA513,0xA4F3,0x9CD2,0x94B1,0x9CD2,0xA533,0xA4F3,0xA4F3,0x9CD2,0xA4F3,0xA4F2,0x9CB2,
    0x9CD2,0x9CB2,0x9491,0x9CF2,0xA4F3,0x9CB2,0x9CD2,0x9CD2,0x9CD2,0x9CD2,0xA4F2,0x9CF2,
    0xA513,0xA513,0xAD54,0xAD74,0xAD74,0xAD75,0xBDD6,0xB5B5,0xB5B5,0xB595,0xBDD6,0xBDD6,
    0xBDD6,0xBDB6,0xBDD6,0xB595,0xB595,0xBDD6,0xB5B5,0xB595,0xBDD6,0xB595,0xAD34,0xAD74,
    0xA513,0xAD34,0xA533,0xAD34,0xAD74,0xB595,0xB575,0xAD54,0xB595,0xBDD6,0xB595,0xBDD6,
    0xC617,0xBE17,0xC658,0xB595,0xAD54,0xB595,0xAD75,0xB575,0xB595,0xA533,0xAD34,0xA513,
    0xA513,0x9CB2,0x9CD2,0xA533,0xA4F2,0x9CF2,0xA533,0xA513,0xAD34,0xAD54,0xAD34,0xA534,
    0xA4F3,0xA513,0xA534,0xAD54,0xAD75,0xB5B5,0xBE17,0xC638,0xC617,0xCE79,0xC638,0xB5B6,
    0xB5B6,0xB595,0xAD54,0xAD74,0xAD34,0xAD34,0xA533,0x9CD2,0x94B1,0x9CB2,0x9CD2,0xA513,
    0xA513,0xAD74,0xB595,0xA513,0xA534,0xA513,0x8C50,0x738D,0x9491,0x9491,0x8C30,0x6B4C,
    0x5289,0x630B,0x6B6C,0x6B2C,0x6B2C,0x5ACA,0x5AAA,0x5AEB,0x5ACA,0x52AA,0x5269,0x5269,
    0x5289,0x5289,0x5ACA,0x630B,0x738D,0x632B,0x6B4C,0x6B4C,0x630B,0x6B6D,0x9491,0x9CF3,
    0x7BCE,0x630B,0x5AEB,0x5AEB,0x62EB,0x632C,0x7BEF,0x7BCE,0x6B4C,0x6B4C,0x73AE,0x632C,
    0x5ACA,0x5289,0x5289,0x5ACA,0x5289,0x5289,0x52AA,0x5ACA,0x5ACB,0x5269,0x52AA,0x5AEB,
    0x5289,0x5ACA,0x5AEB,0x632C,0x6B4C,0x738D,0x840F,0x94B1,0x9491,0xA4F3,0xAD54,0xAD34,
    0x94B2,0x9CB2,0xA513,0xAD75,0xBDD6,0xB595,0xBDD6,0xA533,0x9CF2,0x9CB2,0x9CD2,0x9CB1,
    0x9CB2,0xB595,0xAD54,0xBDD6,0xC617,0xB575,0xB5B5,0xB5B6,0xB595,0xA513,0xAD75,0x9CD2,
    0x94B1,0x9491,0x94B1,0xA513,0x9CB2,0x94B1,0x9CB2,0x9CB2,0x9CD2,0xA513,0x9CD2,0x9CD2,
    0xAD74,0xBDF7,0xAD74,0xBDD6,0xB5B5,0xA513,0xAD34,0xB595,0xAD34,0xAD54,0xAD54,0xAD54,
    0xAD34,0xB595,0xB575,0xB5B5,0xAD75,0x9CD2,0xA513,0xA513,0x9CB2,0x94B1,0x9491,0x9491,
    0xA4F3,0x9471,0x94B2,0xA533,0xAD54,0xA4F3,0x9CF2,0xA513,0xAD75,0xAD54,0x9CF3,0x9CD2,
    0xAD34,0xAD54,0xAD54,0xAD74,0xAD54,0xAD75,0xBDD6,0xAD74,0xA533,0xA533,0xAD54,0xA4F3,
    0xA513,0xAD54,0xAD75,0xB595,0xAD54,0xA513,0xAD54,0xB595,0xAD74,0xAD75,0xB575,0xA534,
    0x9CD2,0x9CF2,0xA513,0xA513,0xAD54,0xAD74,0xAD75,0x9CD2,0x9CD2,0x9CD2,0x9471,0x9491,
    0x9491,0x840F,0x8C30,0x8C30,0x8C70,0x9CB1,0x9CB2,0x9491,0x94B1,0xA4F2,0xBDD6,0xB595,
    0xA533,0xA513,0xA513,0xB5B5,0xA4F3,0x9CD2,0x9471,0x9CB1,0xA513,0x9CF2,0x9491,0x9491,
    0x9CD2,0x9CD2,0x9491,0x9CF2,0x94B1,0x9491,0x8C70,0x9470,0x9470,0x9470,0x9CD2,0x9CD2,
    0x9491,0xA513,0x9471,0x8C30,0x8C30,0x8C50,0x840F,0x630B,0x6B2C,0x7BCE,0x83EF,0x8C50,
    0x8C50,0x94B1,0x9CB2,0x9CB2,0xA513,0xA4F3,0x9470,0x8C30,0x9471,0x94B1,0xAD34,0x9CD2,
    0x8C50,0x8C50,0x840F,0x7BAD,0x7BCE,0x8C70,0x94B1,0x8C30,0x8C50,0x8C30,0x8C50,0x9491,
    0x9470,0x9491,0xA513,0xA513,0xA533,0x9CB2,0x9491,0x94B1,0x9CD2,0xA513,0xAD75,0xAD54,
    0xAD54,0x9CF2,0xA533,0xAD75,0xA533,0xA534,0xA513,0xA534,0x9CD2,0x9CB2,0x9CD2,0x9CD2,
    0x9CB2,0x9CD2,0x9CD2,0xA513,0xB5B5,0xA4F3,0x9CD2,0xAD34,0x9CF2,0x9CD2,0xA513,0x9CB2,
    0x9CD2,0xA533,0xCE58,0xC617,0xAD34,0xA533,0xA4F3,0x9CD2,0x9CD2,0xA533,0x9CD2,0x9CD2,
    0x94B1,0x9491,0xA533,0x8C2F,0x8C50,0x9CD2,0x94B1,0xA534,0xA513,0x9CD2,0x94B2,0xA4F3,
    0xA533,0xA513,0x9CB2,0x9491,0x9CD2,0x9491,0x9CB2,0x9CD2,0x94B1,0xA534,0x9CD2,0x8C70,
    0xA513,0x9491,0xAD34,0xC638,0xAD75,0xA513,0x9CD2,0x7BCE,0x8C30,0x9491,0x8C70,0x8C30,
    0x840F,0x840F,0x8C50,0x8C50,0x8C50,0x8C70,0x8C50,0x94B2,0x8C50,0x840F,0x8C50,0x83EF,
    0x7BCE,0x7BCE,0x8C50,0x9470,0x8C70,0x842F,0x8C2F,0x842F,0x9471,0x9CD2,0xA4F3,0x9491,
    0x8C70,0x8C50,0x8C50,0x840F,0x8C50,0x840F,0x8C30,0x9470,0x8C50,0x840F,0x7BCE,0x8C30,
    0x8C50,0x840F,0x83EF,0x83EF,0x7BCE,0x840F,0x8C70,0x8C70,0x9CB2,0x9CD2,0x94B1,0x9CD2,
    0x9CF2,0x94B1,0x94B1,0x9CB2,0x9491,0xA534,0xBDD6,0xB595,0xAD75,0xB595,0xA533,0xAD54,
    0xAD54,0xAD54,0xB5B5,0xAD54,0xA533,0xA513,0x9CF2,0xA513,0xAD34,0xB595,0xAD54,0x94B1,
    0x9CF2,0xA4F3,0xA513,0x9CF2,0x9CF3,0xA4F3,0x9CF2,0x9CD2,0x94B1,0x9491,0x94B1,0x9491,
    0x94B1,0x9CD2,0x94B1,0x9CB2,0x9CD2,0x9CD2,0xA4F3,0xA4F2,0x9CF2,0xA513,0xAD54,0xAD75,
    0xAD34,0xAD75,0xB575,0xAD75,0xAD74,0xBDD6,0xBDD6,0xBDD6,0xBDD6,0xC617,0xBDD6,0xBDD6,
    0xAD75,0xB5B5,0xA533,0x7BEF,0x73AD,0x9CD2,0xA513,0x94B1,0xA4F3,0xA533,0xA533,0xAD34,
    0xB5B5,0xAD75,0xB595,0xAD54,0xAD74,0xB5B6,0xB5B6,0xC638,0xC617,0xB595,0xBDD6,0xB595,
    0xB575,0xBDB6,0xAD75,0xB595,0xAD34,0xA4F3,0xA513,0xA513,0xAD34,0xA533,0xAD54,0xAD54,
    0xA533,0xA513,0xAD34,0xA513,0xA513,0xA513,0x9CD2,0x9CD2,0xA4F3,0xA4F2,0xAD34,0xA4F3,
    0xA534,0xB595,0xB575,0xBDF7,0xA554,0xB595,0xBDD6,0xAD54,0xAD34,0xAD54,0xA533,0x9CD2,
    0x9491,0x9CD2,0x9CD2,0xA4F3,0xA4F2,0x9CD2,0x9CD2,0xA533,0xBDD6,0xC637,0xA534,0x9CD2,
    0xA513,0xAD54,0x9491,0x7BEF,0x9471,0x8C30,0x8C50,0x738D,0x5268,0x5ACA,0x630B,0x6B2C,
    0x62EA,0x5AAA,0x5ACA,0x5AAA,0x52AA,0x5AAA,0x5ACA,0x52A9,0x5289,0x5ACA,0x62EB,0x6B4C,
    0x840F,0x73AD,0x83EE,0x7BCE,0x6B6D,0x6B6D,0x73AE,0x9470,0x840F,0x5AEB,0x6B2C,0x6B2C,
    0x632C,0x630B,0x6B8D,0x8430,0x73AD,0x630B,0x6B6D,0x6B6D,0x5ACB,0x5289,0x52CA,0x5ACB,
    0x5AAA,0x5ACA,0x5ACA,0x5ACA,0x52AA,0x5289,0x5ACA,0x62EB,0x52AA,0x5AEB,0x73AD,0x738D,
    0x6B4C,0x7BCE,0x8C70,0x94B2,0x8C71,0xA513,0xAD95,0xA513,0x9CF2,0xAD74,0xAD75,0xAD75,
    0xAD54,0xB5B6,0xB5B5,0xB595,0xC617,0xB595,0xAD34,0x9CD2,0xA513,0xAD54,0xA513,0xAD54,
    0xBDF7,0xBDD6,0xBDD6,0xB5B6,0xA4F3,0x94B1,0x9CD2,0x9CD2,0x9491,0x8C50,0x94B1,0xA4F3,
    0x94B1,0x94B1,0xA513,0xB595,0xB595,0xA513,0x9CD2,0xAD54,0xAD34,0xA534,0xB595,0xAD75,
    0xAD54,0xA533,0xA4F3,0xA533,0xA533,0xA533,0xAD54,0xB595,0xA513,0xB5B6,0xBDD6,0xA513,
    0xA4F3,0xA513,0xA533,0xA4F3,0x9CD2,0x94B1,0xA4F3,0x9CB2,0x9CB2,0x9491,0x94B1,0xA513,
    0xA513,0xA513,0xA534,0xAD54,0xAD34,0xAD34,0xAD75,0xAD54,0xA534,0xAD54,0xAD54,0xB5B5,
    0xAD75,0xA534,0xBDF7,0xC617,0xAD75,0xBDD6,0xB595,0xA534,0xAD74,0xAD75,0xBDF7,0xBDD6,
    0xAD75,0xAD75,0xAD74,0xAD54,0xAD75,0xB5B6,0xB595,0xA513,0xA513,0xA513,0xAD54,0xA533,
    0xAD34,0xA513,0xA534,0xA513,0xA4F3,0x9491,0x8C70,0x8C50,0xA533,0x94B1,0x8C30,0x8C50,
    0x9491,0x9CB2,0x9CF2,0x9471,0x9CD2,0xAD74,0xBDB6,0xC617,0xB575,0xAD33,0xAD74,0xB575,
    0xAD54,0xA4F2,0x9491,0x8C50,0x9471,0x9470,0x8C30,0x8C50,0x94B1,0x9491,0x9470,0x9491,
    0x9CB1,0x9CD2,0x9491,0x8C70,0x8C70,0x9491,0x9491,0x9491,0x9491,0x94B1,0x9491,0x8C30,
    0x9471,0x9471,0x840F,0x62EB,0x52A9,0x738D,0x7BCE,0x842F,0x9491,0x9CD2,0x94B1,0x94B1,
    0xA513,0xA4F3,0x8C70,0x840F,0x8C2F,0x9491,0x9CB2,0x9491,0x9471,0x8C70,0x9471,0x8C30,
    0x840F,0x9491,0x8C70,0x8C70,0x8C30,0x8C50,0x9491,0x9CD2,0x8C50,0x9CB2,0xA513,0x9CD2,
    0xA513,0x9CF2,0xA4F3,0xA513,0xA4F2,0xA513,0xAD54,0xAD54,0xA4F2,0xA513,0x94B1,0x9CD2,
    0xA533,0x9CD2,0x9CD2,0xA513,0xA534,0xA533,0xA4F3,0x9CB2,0x9CB2,0xA513,0x9CB2,0x94B1,
    0xAD34,0xAD54,0x9CB1,0x9CF2,0x9CB2,0x94B1,0x9CD2,0x9CD2,0x94B1,0x9CB2,0xB595,0xAD74,
    0xA513,0xA513,0xA513,0x9491,0x9CB2,0x9CD2,0xAD75,0xA513,0x9491,0x8C70,0x9491,0x8C70,
    0x9491,0x8C70,0x94B1,0xA533,0xA513,0xA4F3,0x9CF2,0x9CD2,0x9CD2,0x9CB2,0x9CB2,0xA513,
    0x8C70,0x840F,0x8C50,0x9CD2,0xAD54,0x9CD2,0x8C71,0x8C70,0x9491,0x840F,0x9CD2,0xAD54,
    0xA513,0x9CD2,0x9491,0x8C50,0x94B1,0x8C50,0x842F,0x8C50,0x8C70,0x8C30,0x7BCE,0x840F,
    0x8C70,0x8C30,0x842F,0x9491,0x840F,0x8C50,0x840F,0x7BCE,0x7BCE,0x840F,0x7BAE,0x840F,
    0x94B1,0x9491,0x9491,0x9471,0x9491,0x94B1,0x94B1,0x94B1,0x8C50,0x842F,0x83EE,0x840F,
    0x8C50,0x840F,0x9CF2,0x9CF2,0x8C30,0x840F,0x7BCE,0x83EF,0x840F,0x7BCE,0x7BAD,0x840F,
    0x83EF,0x840F,0x8C70,0x8C50,0x8C2F,0x8C50,0x94B1,0xA513,0xA513,0xA513,0x94B2,0x9491,
    0xA513,0xB595,0xB595,0xBDD6,0xAD54,0xAD54,0xB595,0xB595,0xAD75,0xB5B5,0xBDD6,0xB5B6,
    0xB575,0xA513,0xAD74,0xA4F2,0xA513,0xAD75,0xA534,0xA4F3,0xA513,0xA4F3,0x9CD2,0x9CD2,
    0x9CD2,0xA4F3,0x9CD2,0x9CF2,0x9CD2,0x9491,0x94B1,0x9CB2,0x94B1,0x9CB2,0x9CD2,0x9CD2,
    0x9CD2,0x9CB2,0xA513,0xA4F2,0x9CD2,0xA4F2,0xA4F2,0xA513,0xAD54,0xAD74,0xAD34,0xAD54,
    0xB595,0xB595,0xAD74,0xB5B6,0xCE79,0xD699,0xBDD6,0xC617,0xAD54,0xB595,0x94B2,0x7BEF,
    0x738D,0x73AD,0x7BCE,0x7BCE,0x8C70,0x9CD2,0xB595,0xB575,0xAD54,0xB5B6,0xC5F7,0xAD75,
    0xBDD6,0xBDD6,0xBDD6,0xBDD6,0xBDD6,0xBDD6,0xB5B6,0xB5B6,0xB5B6,0xBDB6,0xB575,0xB595,
    0xAD54,0xAD54,0xAD54,0xAD54,0xAD75,0xAD75,0xAD54,0xA4F3,0xA4F2,0xA533,0xA4F2,0x9CD2,
    0x9CB2,0x9CD2,0x9CB1,0x9491,0x9CF2,0x9CB2,0x8C70,0x8C30,0x9CD2,0x9CB2,0x9CF2,0xA534,
    0xAD75,0xBDD6,0xAD75,0xA4F3,0x9CF2,0x9CD2,0x9CF2,0xA513,0xA4F3,0x9CD2,0x9CF2,0x9CF2,
    0xA513,0xAD75,0xAD54,0xAD54,0xB595,0xBDD6,0xAD75,0x9491,0x9CD2,0xA513,0x9CD2,0x840F,
    0x8C50,0x8C50,0x840F,0x840F,0x62EB,0x62EB,0x7BAD,0x7BCE,0x6B2B,0x5269,0x4A48,0x5269,
    0x5ACA,0x630B,0x630B,0x5ACA,0x5AAA,0x5AEA,0x62EB,0x630B,0x738D,0x8C30,0x8C50,0x7BAE,
    0x8430,0x7BCE,0x7BAE,0x7BCE,0x6B6D,0x7BCE,0x62EB,0x630B,0x62EB,0x630B,0x630B,0x8C50,
    0x840F,0x6B4C,0x6B4C,0x73AE,0x632C,0x5AEB,0x5ACA,0x5ACA,0x630B,0x6B2C,0x738D,0x6B4C,
    0x632C,0x62EB,0x6B4C,0x7BCF,0x6B6D,0x6B6D,0x8C50,0x7BCE,0x6B6D,0x8C50,0xA4F3,0xA513,
    0x9CD2,0xB595,0xB595,0xAD34,0xAD34,0xBDD6,0xBDD6,0xB595,0xAD74,0xB5B5,0xAD54,0xBDB6,
    0xB5B5,0xBDD6,0xBDD6,0xA4F2,0xA4F2,0xA533,0xA533,0xAD54,0xBDD6,0xAD74,0xB595,0xAD34,
    0x9CF2,0xA513,0xB595,0x9CD2,0x94B1,0xA513,0x9491,0x9491,0x9CF2,0x9CB2,0xA513,0xA513,
    0xA534,0xB595,0xB5B6,0xBDD6,0xB5B5,0xA513,0xA533,0x9CD2,0xA513,0xA533,0xA533,0xA513,
    0x9CD2,0xA513,0xAD54,0xAD34,0xAD75,0xBDD6,0xAD34,0xA513,0xA513,0xA513,0x9CB2,0x94B1,
    0x9CB2,0x94B1,0x9CB2,0x9CD2,0xA513,0x9CD2,0x9491,0x9CD2,0x9CD2,0x9CD2,0x9CF2,0xA4F3,
    0xA533,0xAD54,0xAD54,0xB595,0xBDD6,0xB595,0xB5B5,0xB5B6,0xAD75,0xAD75,0xB5B6,0xC617,
    0xB595,0xBDD6,0xB5B6,0xBDD6,0xB595,0xB5B6,0xAD75,0xA534,0xB595,0xBDD6,0xB5B6,0xB595,
    0xB575,0xBDD6,0xAD54,0xA4F2,0xA533,0xA533,0xAD34,0xA513,0xA4F2,0xAD54,0xB595,0xAD54,
    0xAD54,0x9CB2,0x9470,0x8C50,0x9470,0x9470,0x8C30,0x9CD2,0x9471,0x94B1,0xA533,0x9CB2,
    0x9CD2,0xAD54,0xB574,0xC617,0xBDD6,0xAD54,0xAD54,0xAD33,0xA513,0x94B1,0x9CB2,0x9470,
    0x9470,0x9491,0x9471,0x9491,0x9CB2,0x9491,0x9491,0x94B1,0x9CD2,0x9CD2,0x94B1,0x9491,
    0x9491,0x9CD2,0xA4F2,0x9491,0x8C30,0x9491,0x94B1,0x840F,0x8C70,0x7BCE,0x736D,0x5AAA,
    0x630B,0x7BAD,0x7BAE,0x840F,0x94B1,0xA534,0xAD34,0xA4F2,0xA513,0x9CD2,0x8C30,0x840F,
    0x8C2F,0x840F,0x8C30,0x9491,0x94B1,0x9CB2,0x9CD2,0x9CB2,0x9CD2,0x94B1,0x9491,0x9491,
    0x9491,0x9491,0x9CD2,0x9CB2,0x9491,0x9CD2,0x9CD2,0xA513,0xA4F3,0x94B1,0x94B1,0xA513,
    0x9CD2,0x9CD2,0xA4F3,0xAD54,0xA513,0x9CD2,0x9CD2,0xA513,0xAD54,0xA513,0x9CF2,0xAD54,
    0xB595,0xA534,0xA513,0x9CD2,0x9CD2,0x9CF2,0xA513,0xA513,0x9CD2,0xA513,0x9CB2,0x9CB2,
    0x9CB2,0x9CD2,0x9CD2,0x9CD2,0x9CD2,0x9CD2,0x9CD2,0x9CF2,0x94B1,0xA513,0xA534,0x9CD2,
    0x9CD2,0xA533,0xAD54,0xAD34,0x9CB2,0x9471,0x8C50,0x9491,0x9CB2,0x94B1,0x9491,0x9471,
    0x9CD2,0xAD54,0xAD54,0x94B2,0x94B1,0x9491,0x9470,0x9491,0x8C50,0x842F,0x9491,0xA533,
    0x8C70,0x7BCE,0x840F,0x83EF,0x840F,0x8C50,0x8C30,0x8C70,0x9491,0x8C50,0x842F,0x8C50,
    0x7BCE,0x5ACA,0x62EB,0x7BCE,0x8C30,0x7BCE,0x7BCE,0x8C50,0x94B1,0x9471,0x8C30,0x83EF,
    0x73AD,0x6B6C,0x5ACA,0x73AD,0x7BCE,0x840F,0x736D,0x736D,0x9471,0x94B1,0x8C70,0x9471,
    0x8C30,0x9491,0x9CD2,0x9CD2,0x8C2F,0x840F,0x840F,0x83EE,0x842F,0x8C2F,0x9CB1,0x94B1,
    0x9471,0x83EE,0x83EE,0x8C50,0x840F,0x7BCE,0x7BCE,0x8C30,0x840F,0x840F,0x840F,0x8C2F,
    0x842F,0x9470,0x8C70,0x9CD2,0xA533,0xA534,0x9CD2,0xA4F3,0xAD54,0xAD54,0xAD54,0xB595,
    0xB5B5,0xB575,0xB595,0xBDD6,0xB595,0xBDD6,0xC658,0xCE79,0xBDD6,0xAD54,0xAD34,0xAD54,
    0xB575,0xAD54,0xA513,0xA4F3,0x9CF2,0xA513,0x9CD2,0x9CF2,0x9CD2,0xA513,0x9CB2,0x9CD2,
    0x9CD2,0x94B1,0x9491,0x9CB2,0x9CB2,0x94B1,0x94B1,0x94B1,0x9CF2,0x9CD2,0xA4F2,0xA4F2,
    0xA513,0xA4F2,0xA513,0xA513,0xAD54,0xA513,0xA533,0xAD74,0xB5B6,0xB595,0xBDD6,0xC637,
    0xC617,0xBDD6,0xBDD6,0xAD54,0xAD54,0xB595,0x8C50,0x9CF3,0xAD54,0x8430,0x840F,0x83EF,
    0x738D,0x9491,0xA533,0xA533,0xAD34,0xB595,0xC658,0xC617,0xBDD6,0xB575,0xB5B5,0xB595,
    0xB595,0xB5B5,0xBDF7,0xC638,0xB5B6,0xB575,0xAD74,0xAD54,0xBDD6,0xB595,0xB595,0xAD34,
    0xA534,0xA533,0xA513,0x9CD2,0x9CB2,0x9CD2,0xA513,0x9CB2,0x9CD2,0xA4F2,0x9CD2,0x9CF2,
    0x9CF2,0xA534,0x9491,0x842F,0x9491,0x9471,0x9CB2,0xA4F3,0xA534,0xAD75,0xAD54,0xAD54,
    0x9CD2,0xA4F3,0xA513,0x9CD2,0xA533,0xAD54,0x9CD2,0x94B1,0xAD54,0xC637,0xAD54,0x9CF2,
    0xAD74,0xD6BA,0xC617,0xA4F2,0xA533,0x9CD2,0xAD54,0x8C50,0x840F,0x9CD2,0x9491,0x9491,
    0x840F,0x736D,0x83EF,0x8C30,0x7BAD,0x5289,0x4A48,0x5269,0x62EA,0x6B2C,0x6B4C,0x62EB,
    0x62EB,0x6B2B,0x62EB,0x630B,0x738D,0x83EF,0x83EF,0x840F,0x8C50,0x840F,0x7BCE,0x7BCE,
    0x738D,0x7BAE,0x632B,0x738D,0x6B4C,0x630B,0x738D,0xAD75,0x94B2,0x7BCF,0x6B4C,0x73AE,
    0x73AE,0x630C,0x630B,0x738D,0x7BCE,0x6B6D,0x7BCE,0x7BEF,0x738D,0x7BAE,0x8430,0x840F,
    0x7BEF,0x7BCF,0x9471,0x840F,0x8C30,0x94B1,0xAD54,0xB595,0xB595,0xB595,0xAD54,0xB575,
    0xAD34,0xAD74,0xBDF7,0xBDF6,0xB595,0xB595,0xBDD6,0xBDD6,0xBDD6,0xBDB6,0xB595,0xA513,
    0xA4D2,0xAD74,0xB575,0xAD54,0xA513,0xA533,0xAD54,0xAD34,0xA513,0xA513,0xA4F3,0x9491,
    0x94B2,0x9CD2,0x9CB2,0x94B1,0xA4F2,0x9CB2,0x9CB2,0xA534,0xBDD6,0xCE58,0xBDD6,0xA534,
    0xAD54,0x9CD2,0x9CF2,0xAD54,0xA533,0x9CD2,0xA513,0xA513,0x9CD2,0xA513,0xA533,0xA534,
    0xAD54,0xAD54,0xA533,0xA513,0xA4F2,0x9CD2,0x9CD2,0x9CD2,0x9CB2,0x9CD2,0xA513,0x9CB2,
    0x9CB2,0x9CF2,0x9CD2,0xA513,0xAD54,0x9CF2,0x94B1,0x94B1,0x9CD2,0xA534,0xB5B6,0xB575,
    0xB595,0xC638,0xC638,0xB595,0xAD75,0xBDD7,0xBDD6,0xC617,0xBDF7,0xC638,0xBDD6,0xBDD6,
    0xBE17,0xB5B5,0xA513,0xA513,0xAD54,0xBDD6,0xB595,0xB575,0xBDD6,0xAD75,0xA513,0x9CD2,
    0xA4F3,0xA513,0xA533,0x9CF2,0xA513,0xB5B6,0xAD75,0xAD54,0xA4F3,0xA513,0x94B1,0x94B1,
    0x8C70,0x9491,0x9470,0x8C50,0x8C50,0x9CB2,0xA533,0xA4F2,0x738D,0x9CD2,0xAD54,0xAD74,
    0xB595,0xAD74,0xAD74,0xAD74,0xA4D2,0x9CD2,0x94B1,0x9491,0x9CB1,0x9CB1,0x9491,0x9CB1,
    0x9CB1,0xA4F2,0x9CB1,0x8C50,0x9CD2,0x9491,0x9CB2,0x9491,0x8C70,0x9470,0x94B1,0x9470,
    0x8C50,0x9491,0x9471,0x8C30,0x83EF,0x736D,0x7BAE,0x7BAD,0x738D,0x7BCE,0x840F,0x9491,
    0x8C70,0x9CD2,0xA533,0xA513,0x9CB2,0x94B1,0x840F,0x840F,0x840F,0x840F,0x840F,0x840F,
    0x94B2,0xA4F2,0x9CB2,0x9CD2,0x94B1,0x94B1,0x94B1,0x9CB2,0x94B1,0x9CB2,0x9CD2,0x9CF2,
    0x9491,0x9CB2,0x9CD2,0xA513,0xA513,0xA4F2,0x9CD2,0x9CD2,0x94B1,0x9470,0x94B1,0xA4F2,
    0xA513,0xA513,0xA533,0xA533,0xA513,0xAD54,0xB595,0xB595,0xAD54,0x9CF2,0xA533,0xA4F2,
    0x9491,0x9491,0x9CD2,0xA533,0xAD34,0x9CF2,0x9CF2,0xAD54,0xAD34,0x94B1,0x9491,0xA513,
    0xA533,0x9CB1,0x94B1,0x9CD2,0x94B1,0x9CD2,0xAD54,0xAD34,0xA4F3,0xA4F2,0x9CF2,0x9CF2,
    0x9CB2,0x94B1,0x94B1,0x9491,0x8C50,0x8C50,0x8C2F,0x840F,0x9491,0x9CD2,0x94B1,0x8C50,
    0x8C50,0x8C70,0x8C30,0x8430,0x840F,0x8C50,0x8C70,0x842F,0x7BAE,0x736D,0x7BCE,0x8C30,
    0x842F,0x840F,0x7BAD,0x8C50,0x8C30,0x840F,0x8C50,0x842F,0x83EF,0x7BCE,0x5ACA,0x630B,
    0x7BCE,0x7BCE,0x83EF,0x8C70,0x8C30,0x840F,0x840F,0x738D,0x73AD,0x6B6D,0x5ACA,0x7BAE,
    0x7BAD,0x73AD,0x738D,0x7BCE,0x8C70,0x842F,0x840F,0x9491,0x8C50,0x8C50,0x9491,0x94B1,
    0x8C30,0x83EF,0x7BCE,0x7BCE,0x8C30,0x8C50,0x9491,0x8C70,0x9470,0x8C30,0x842F,0x8C2F,
    0x7BCE,0x7BCE,0x840F,0x840F,0x840F,0x8C50,0x840F,0x8C2F,0x8C50,0x8C50,0x9471,0x9CD2,
    0xAD54,0xAD75,0xAD75,0xAD54,0x9CF2,0xAD54,0xA534,0xA533,0xB595,0xAD75,0xB595,0xAD75,
    0xAD75,0xB5B6,0xC617,0xCE58,0xB5B6,0xAD75,0xA534,0xB575,0xBDF6,0xAD54,0xA534,0x9CF2,
    0x94B1,0x9CB2,0x9CB2,0x9CD2,0x9CB2,0x9CD2,0x9CD2,0x9CB2,0x9CB2,0x9CD2,0x9CB2,0x9CD2,
    0x9CD2,0x94B1,0x94B1,0x9CD2,0xA4F2,0x9CB2,0xA513,0xA513,0x9CF2,0xA513,0xA513,0xA513,
    0xAD34,0xA533,0xAD75,0xB595,0xB595,0xBDD6,0xC617,0xBDD6,0xB575,0xAD74,0xB575,0xAD34,
    0xAD34,0xA534,0xA513,0xB595,0xB595,0xA513,0xA4F3,0x94B1,0x840F,0x9491,0xAD54,0xAD54,
    0xBDB6,0xBDD6,0xB595,0xB595,0xB595,0xB595,0xB595,0xB595,0xB595,0xB595,0xB595,0xBDD6,
    0xB595,0xAD34,0xA513,0xA513,0xAD34,0xAD75,0xAD74,0xA513,0x9CD2,0x9CF2,0x9CB2,0x9CD2,
    0xA4F2,0x9CD2,0xAD34,0xA533,0x9CD2,0x9CD2,0x9CD2,0x9CD2,0xA513,0xA534,0x9CF2,0x9CD2,
    0xA513,0xB595,0xA513,0x9491,0x9CD2,0xAD54,0xA513,0xA533,0xA513,0xA534,0xA513,0x94B1,
    0x9470,0x9CD2,0x9491,0x9471,0x9CD2,0x9CD2,0x9CD2,0x94B1,0xA513,0xBDF7,0xBDF7,0xAD54,
    0xA533,0x9CF2,0xBDD6,0xAD34,0x9491,0x94B1,0x9CD2,0xA513,0xAD75,0x7BCE,0x7BAD,0x83EE,
    0x8C30,0x736D,0x5ACA,0x630B,0x630B,0x7BAD,0x62EB,0x630B,0x738D,0x736D,0x736D,0x83EF,
    0x7BCE,0x8C70,0x9471,0x8C50,0x842F,0x6B6D,0x630B,0x630B,0x630B,0x738D,0x630B,0x7BAE,
    0x8C30,0x738D,0x73AE,0x8C91,0x9CD2,0x8C71,0x73AE,0x6B6D,0x7BCE,0x6B6D,0x6B6D,0x7BCE,
    0x73AE,0x7BAE,0x7BAE,0x73AE,0x6B6C,0x6B4C,0x7BEF,0x9471,0x9491,0x94B1,0x94B1,0xA513,
    0x9CF2,0xA513,0xB5B5,0xAD75,0xBE17,0xB5B6,0xB595,0xBDD6,0xAD74,0xAD54,0xB595,0xBDB6,
    0xB595,0xB5B5,0xC5F7,0xBDD6,0xBDB6,0xBDB6,0xB595,0xAD74,0xB595,0xBDD6,0xAD74,0xA533,
    0xAD74,0xA513,0xA4F2,0xAD74,0xA4F3,0x9CB2,0x9471,0x94B1,0x9491,0xA4F3,0xAD34,0x9CD2,
    0x9CD2,0x9CD2,0xA534,0xB5B6,0xB5B6,0xBDD6,0xA4F2,0xAD34,0xA533,0x94B1,0x9CD2,0xAD75,
    0xB5B6,0xA513,0x9CD2,0x9CF2,0xA4F3,0xA533,0xA513,0xA533,0xAD34,0xAD54,0xA4F2,0xA513,
    0x9CD2,0x94B1,0x9CD2,0x9CD2,0x9CB1,0xA513,0xAD74,0xA4F2,0x94B1,0x9CB2,0x9CD2,0xAD54,
    0xAD54,0x9CD2,0xA513,0xA513,0x9CD2,0x9CD2,0xA513,0xAD75,0xBDD6,0xBDF7,0xC617,0xBDD6,
    0xB5B6,0xBDD6,0xBDD6,0xC617,0xC638,0xCE58,0xBDD6,0xBDD6,0xBDD6,0xB595,0xAD54,0xAD54,
    0xAD74,0xB5B6,0xBDD6,0xBDD6,0xAD54,0xAD54,0x9CD2,0x9CD2,0x9CF2,0x9CF2,0xAD54,0xAD75,
    0xBDF6,0xBDD6,0xAD54,0x9CD2,0x9CB1,0xA4F3,0x9491,0x8C30,0x9471,0x8C50,0x8C70,0x8C70,
    0x8C30,0x9470,0xA513,0xAD34,0x840F,0x73AD,0xA4F2,0xAD34,0xAD34,0xAD54,0xBDD6,0xAD54,
    0xA513,0xB595,0xA513,0x9470,0x94B1,0x9491,0x8C50,0x9470,0x9CD2,0x9CD2,0x9491,0x8C50,
    0x9471,0x9471,0x9CB2,0x9491,0x9491,0x9491,0x8C50,0x9491,0x94B1,0x8C50,0x9471,0x8C50,
    0x840F,0x840F,0x83CE,0x8C50,0x8C50,0x8C2F,0x840F,0x840F,0x83EF,0x83EF,0x83EF,0x840F,
    0x8C50,0x8C30,0x7BCE,0x83EF,0x840F,0x8C2F,0x8C70,0x9CB2,0x9CB2,0x9491,0x9CD2,0x9CD2,
    0x9491,0x9CD2,0xAD75,0xA513,0x9CF2,0x9CD2,0xA513,0x9CB2,0x9CD2,0x9CD2,0x9CF2,0xA4F3,
    0x9CD2,0x9CD2,0xA513,0x94B1,0x9CD2,0x9CB2,0x9CB2,0x9CD2,0x9CD2,0xA513,0xA533,0x9CD2,
    0xA513,0xA513,0xAD75,0xBDD6,0xBDD6,0xAD34,0xA513,0xA513,0x9CD2,0x9CD2,0x94B1,0x94B1,
    0xA513,0xAD54,0xB595,0xB595,0xA534,0x94B1,0x9CD2,0xAD54,0xA533,0x9CB2,0x9491,0x9491,
    0x94B1,0x9CB2,0xA513,0xA4F3,0xA4F2,0xA4F2,0x9CD2,0xA533,0xA534,0x9471,0x9CD2,0x8C50,
    0x83EF,0x840F,0x8C70,0x840F,0x9471,0x9491,0x8C30,0x842F,0x83EF,0x738D,0x840F,0x9471,
    0x9491,0x94B1,0x840F,0x83EF,0x73AD,0x7BCF,0x8C50,0x8C70,0x8430,0x83EF,0x7BCE,0x840F,
    0x840F,0x8C70,0x8C70,0x842F,0x83EF,0x840F,0x736D,0x738D,0x7BAE,0x7BCE,0x83EF,0x83EF,
    0x840F,0x840F,0x83EF,0x7BAE,0x73AD,0x7BCE,0x738D,0x7BCE,0x7BAE,0x738D,0x7BAD,0x83EE,
    0x83EF,0x83EE,0x8C50,0x9491,0x9491,0x9491,0x8C30,0x9491,0x8C50,0x8C30,0x7BCE,0x7BCE,
    0x842F,0x840F,0x842F,0x842F,0x83EF,0x8C30,0x8C30,0x8C2F,0x83EF,0x83CE,0x83EE,0x7BCE,
    0x83EF,0x83EF,0x842F,0x840F,0x94B1,0x9491,0x9CF2,0xAD54,0xAD74,0xAD54,0xA534,0xAD54,
    0xAD34,0xA513,0xA4F3,0x9CF2,0xAD34,0xB575,0xAD74,0xA533,0xAD54,0xB575,0xC617,0xBDF7,
    0xAD75,0xAD75,0xAD34,0xAD74,0xAD74,0xAD54,0xAD54,0x9CD2,0x9CD2,0x9CB2,0x9491,0x9491,
    0x9CD2,0xA4F2,0x9CD2,0x9CB2,0x94B1,0x9CD2,0x9CB2,0xA4F2,0x9CD2,0x94B1,0x9CD2,0x9CD2,
    0x9CD2,0x9CB2,0x9CD2,0x9CD2,0xA4F3,0xA513,0xA4F2,0x9CD2,0xA513,0xAD54,0xB595,0xB5B5,
    0xB575,0xB595,0xB595,0xAD34,0xA533,0xA533,0xAD54,0xB5B5,0xAD54,0xA513,0xAD75,0xAD75,
    0xB5B6,0xBDD6,0xAD54,0xA533,0xAD54,0xA513,0xBDF7,0xBDD6,0xB595,0xAD74,0xAD75,0xAD75,
    0xB5B6,0xB595,0xAD75,0xAD54,0xB595,0xB575,0xAD54,0xB595,0xBDD6,0xAD74,0xAD75,0xAD34,
    0xA533,0xBDD6,0xA534,0xA533,0x9CD2,0x9CD2,0x9CD2,0x9CB2,0xA513,0xA4F3,0x9CD2,0x9CF2,
    0x9CD2,0x9CD2,0x94B1,0x9CD2,0x9CD2,0x94B1,0x9CD2,0x9CF2,0x9CF2,0xB575,0xAD54,0x9491,
    0x8C70,0xA513,0xA533,0x9CF2,0xA513,0xAD75,0xA513,0x9CB2,0x9471,0x94B1,0x94B1,0x94B1,
    0x94B1,0x94B1,0xAD74,0xA533,0xA4F3,0xAD74,0xBDD6,0xAD34,0x9CD2,0x8C30,0xA533,0xA533,
    0xA533,0x9491,0x9CD2,0x9CD2,0x9471,0x738D,0x736D,0x738D,0x840F,0x7BCE,0x630B,0x6B2C,
    0x630B,0x7BCE,0x8C50,0x840F,0x736C,0x6B6C,0x8C50,0x9471,0x840F,0x9491,0xAD54,0x9CD2,
    0x6B4C,0x5ACA,0x5ACB,0x632C,0x6B6D,0x840F,0x840F,0x83EF,0x840F,0x840F,0x7BCE,0x8430,
    0x9CD2,0xA534,0x8C71,0x73AE,0x840F,0x8430,0x7BCE,0x9491,0x9491,0x8C50,0x7BAE,0x6B6D,
    0x7BCE,0x6B4C,0x73AE,0x9CB2,0x94B1,0xA4F2,0x9CD2,0x9CF2,0xAD54,0xAD54,0xB595,0xBDD6,
    0xB595,0xBDD6,0xAD54,0x9CB2,0xA513,0xA534,0xAD74,0xBDF7,0xC617,0xBDD6,0xAD54,0xB575,
    0xAD74,0xB575,0xC617,0xBDD6,0xBDD6,0xAD74,0xA513,0xA533,0xAD34,0xA533,0x9CF2,0x9CD2,
    0x94B1,0x9CB2,0x9CD2,0x94B1,0x94B1,0xA513,0xAD34,0x9CB1,0x9CD2,0xAD75,0xB5B6,0xAD54,
    0xAD54,0xA533,0xA533,0xB575,0x9491,0x94B1,0x9CD2,0xA513,0xA533,0xAD54,0xA513,0xA533,
    0xA4F3,0xA513,0xA513,0xA513,0x9CD2,0xAD34,0xA513,0xA513,0x9CD2,0x9CB2,0x9CF2,0x9CF2,
    0x9CD2,0xA513,0xAD54,0xA513,0x9CB2,0x9CF3,0xA513,0xA513,0xA513,0x9CD2,0xA513,0xA4F3,
    0x9CF2,0x9CD2,0xA513,0xAD54,0xAD75,0xBDD6,0xBDD6,0xBDD6,0xBDF7,0xC617,0xC638,0xD699,
    0xCE79,0xC617,0xC637,0xC637,0xAD75,0xB595,0xBDD6,0xBDD6,0xAD54,0xB5B5,0xBDF7,0xAD75,
    0xAD34,0x9CB2,0x9CD2,0xAD54,0xA4F3,0xAD54,0xBDF7,0xC617,0xBDF7,0xAD75,0xA513,0x9CD2,
    0x9CD2,0x9CF2,0x9CB2,0x8C70,0x8C50,0x8C30,0x8C50,0x8C30,0x8C50,0x94B1,0x9CD2,0x9CD2,
    0xAD34,0x9CD2,0x9CB2,0xAD34,0xAD54,0xB575,0xAD54,0x9CB2,0xA533,0xC617,0xB595,0x9CB1,
    0x9CD2,0x9CB2,0x9491,0x9CD2,0x9CD2,0x9470,0x9470,0x9470,0x9470,0x9470,0x8C2F,0x9470,
    0x9470,0x9491,0x8C2F,0x94B1,0x9491,0x9470,0x94B1,0x9470,0x8C70,0x83EF,0x83EF,0x8C30,
    0x8C50,0x8C30,0x83EF,0x7BCE,0x83EF,0x83EF,0x7BAD,0x840F,0x83EF,0x83EE,0x83EF,0x83EE,
    0x83EF,0x8C50,0x9491,0x9CD2,0x94B1,0x9CB2,0x9CD2,0xB5B6,0xBDD6,0xA4F2,0xAD75,0xA513,
    0xAD54,0xBDF7,0xAD34,0x9CB2,0x94B1,0xA513,0xA4F3,0x9CB2,0x9CD2,0xA513,0xA513,0x9491,
    0x9CD2,0x9CD2,0x9CB1,0xA513,0x9CD2,0xA4F3,0xA4F3,0xA513,0x94B1,0xA513,0xA534,0xAD34,
    0xBDD6,0xAD54,0xAD54,0xAD74,0xAD54,0xA513,0xA513,0xA534,0xA534,0xB595,0xC617,0xC617,
    0xBDF7,0xAD54,0xA534,0xA533,0xA534,0x94B1,0x9471,0x94B1,0x94B1,0x94B1,0x9CD2,0x9CD2,
    0x9CD2,0xB575,0xBDB5,0xB595,0xAD74,0x9CD2,0x8C70,0x8C30,0x8C30,0x9491,0x8C70,0x9491,
    0xAD34,0xA4F2,0x9CB2,0x9CB2,0x8C70,0x83EE,0x83EF,0x9470,0x94B2,0x8C50,0x8C30,0x9491,
    0x840F,0x9491,0x840F,0x840F,0x7BEF,0x842F,0x7BCE,0x83EF,0x9471,0x8C70,0x8C50,0x842F,
    0x7BCE,0x7BCE,0x83EF,0x83EE,0x83EE,0x8C30,0x9471,0x840F,0x842F,0x9471,0x840F,0x7BCE,
    0x7BCE,0x840F,0x736C,0x7BCE,0x83EF,0x73AD,0x7BCE,0x83EE,0x7BCE,0x83EF,0x8C30,0x8C70,
    0x8C70,0x9CD2,0x9471,0x8C30,0x8C50,0x8C50,0x83EF,0x840F,0x83EE,0x83EF,0x840F,0x83EF,
    0x840F,0x840F,0x8C50,0x8C30,0x840F,0x83EF,0x840F,0x83EF,0x840F,0x840F,0x842F,0x8C30,
    0x94B1,0x94B1,0x9CB2,0xA533,0xAD54,0xA534,0xA513,0xAD54,0xA533,0xA4F3,0xA513,0xA4F3,
    0x9CD2,0xAD54,0xAD54,0xA534,0xA533,0xAD54,0xAD74,0xAD54,0xAD54,0xAD74,0xB575,0xAD74,
    0xA513,0xA4F2,0x9CF2,0xA4F3,0x9CD2,0x9491,0x9CD2,0x9CB2,0x9CB2,0xAD75,0xA513,0x9CD2,
    0x9CB2,0x9CB2,0x9CB1,0x9CD2,0x9CB2,0x94B1,0xA4F3,0x9CD2,0x94B1,0x9CD2,0x9CD2,0xA513,
    0xA513,0x9CD2,0xA4F2,0xA513,0xAD34,0xA533,0xAD54,0xAD75,0xBDD6,0xB595,0xAD74,0xAD34,
    0xAD74,0xB5B5,0xB595,0xAD75,0xB575,0x94B2,0x9CF2,0xAD54,0xAD75,0xAD74,0xAD54,0xB595,
    0xAD75,0xA513,0xAD54,0xAD54,0xAD54,0xAD74,0xAD74,0xB575,0xAD75,0xAD54,0xAD54,0xAD54,
    0xAD54,0xAD54,0xAD54,0xAD54,0xB5B5,0xB575,0xAD74,0xAD54,0xA513,0xAD34,0xAD34,0x9CD2,
    0x9CD2,0x9CF2,0x9CD2,0x9CB2,0x9CB2,0x9CD2,0x9CD2,0x9491,0x9CD2,0x9CB2,0x9471,0x9CB2,
    0x9CB2,0x9CB2,0x9CF3,0xA513,0xA4F3,0x9CD2,0xA4F3,0x9491,0x9471,0x9CD2,0xA513,0xA4F3,
    0xA533,0xA533,0xAD75,0xAD54,0xA513,0x9471,0x94B1,0x9CB2,0xA534,0xA513,0xA4F3,0xAD34,
    0xA4F2,0xB595,0xAD75,0xAD54,0xBDD6,0xB595,0xAD54,0xAD34,0xA534,0x9CF2,0x9CD2,0x9CD2,
    0x8C50,0x6B6C,0x738D,0x7BCE,0x840F,0x7BCE,0x630B,0x738D,0x6B4C,0x738D,0x8C50,0x8C70,
    0x738D,0x7BCE,0x840F,0x8C30,0x8C50,0x9491,0xA513,0x840F,0x5ACB,0x5ACB,0x5AEB,0x7BEF,
    0xA513,0x9CD2,0x9471,0x8C50,0x8C70,0x8430,0x8430,0x8C70,0x9CD2,0xB595,0xB595,0xA513,
    0x9CD2,0xAD54,0x8430,0x840F,0x8C70,0x9CB2,0x9CD2,0x73AE,0x6B4C,0x738D,0x8C50,0x9CD2,
    0x9CD2,0xAD54,0xA4F3,0xA534,0xB595,0xAD75,0xB5B5,0xBDF7,0xBDD6,0xBDD6,0xB575,0xA513,
    0x9CD2,0xB595,0xBDF7,0xAD74,0xBDD6,0xB595,0xBDB6,0xB595,0xBDD6,0xBDB6,0xAD74,0xB575,
    0xB575,0xB595,0xAD34,0xAD34,0xAD34,0xA4F2,0x9CB2,0x94B1,0x9CD2,0x9CD2,0xA4F3,0x9CF2,
    0x94B1,0x9CB2,0xA513,0x94B1,0x94B1,0xAD74,0xBDD6,0xAD74,0xAD54,0xA533,0xAD54,0xA513,
    0x9CB2,0x9CB2,0xA513,0xA513,0x9CD2,0xA534,0xAD74,0xAD54,0x9CF2,0x9CB2,0xA513,0x9CD2,
    0x9CD2,0x9CD2,0x9CD2,0xA513,0x94B1,0x9491,0xAD34,0xAD54,0xA4F3,0xB595,0xB595,0xA533,
    0xAD74,0xAD34,0xAD34,0xA513,0xA534,0x9CB2,0xA533,0xBDD6,0xAD54,0xA533,0xAD54,0xA513,
    0xA513,0xB595,0xB595,0xB5B6,0xCE58,0xCE79,0xD6DA,0xD6BA,0xBDF7,0xBDD6,0xBDD6,0xBE17,
    0xC617,0xC617,0xC617,0xC617,0xBDF7,0xC638,0xBDF7,0xAD54,0xA4F3,0x9CD2,0x9CD2,0xAD54,
    0xAD75,0xBDF7,0xBDD6,0xBDD6,0xB595,0xA513,0xA533,0xAD54,0xAD54,0x9CB2,0x94B1,0x9CB2,
    0x9CB2,0x9491,0x9470,0x9491,0x9470,0x9491,0x9CD2,0x9491,0x94B1,0x9CB1,0x9CB2,0xAD34,
    0xB595,0xA513,0xA513,0xA533,0x9CB2,0xAD54,0xB5B5,0x9CD2,0x9CD2,0x9CD2,0xA533,0xA4F2,
    0x8C50,0x8C30,0x9471,0x9471,0x9470,0x8C50,0x83CE,0x8C30,0x9491,0x9470,0x9491,0x9470,
    0x8C30,0x9470,0x9491,0x9491,0x8C50,0x8C70,0x9CB1,0x840F,0x840F,0x83EF,0x8C2F,0x8C50,
    0x842F,0x840F,0x840F,0x83CE,0x840F,0x840F,0x842F,0x8C30,0x840F,0x83EF,0x8C2F,0x94B1,
    0x9471,0x94B1,0x9CF2,0xAD54,0xA513,0xA513,0xA513,0xAD54,0xB595,0xAD75,0xA513,0x94B1,
    0x9491,0xA4F2,0x9CB2,0x94B1,0x9CD2,0x9CD2,0x9CB2,0x9CD2,0x94B1,0x9CD2,0x9CB2,0x9CF2,
    0x9CB2,0x9CF2,0x9491,0x9491,0x94B1,0xA513,0xA513,0x9CB2,0xA4F2,0xA513,0xAD54,0xA533,
    0xAD34,0xA534,0xAD54,0xAD74,0xB575,0xAD75,0xCE58,0xD6BA,0xB5B6,0xA4F2,0x9491,0x8C2F,
    0x9491,0x9CD2,0x8C30,0x8C70,0x9491,0x9470,0x94B1,0x8C70,0x9470,0xA4F2,0xB595,0xBDD6,
    0xB5B5,0xA4F3,0x8C50,0x840F,0x8C70,0x9491,0x9CD2,0xA513,0xAD54,0x9CD2,0xA513,0xAD33,
    0x7BCE,0x7BAE,0x840F,0x842F,0x9CF2,0x94B2,0xA513,0xAD75,0x9491,0x8C50,0x7BCE,0x7BAD,
    0x83EF,0x840F,0x840F,0x8C50,0x8C50,0x94B1,0x94B1,0x840F,0x8C30,0x8C50,0x83EE,0x7BCE,
    0x842F,0x842F,0x842F,0x83EF,0x83CE,0x83EF,0x7BCE,0x7BAD,0x738D,0x738D,0x7BAD,0x7BCE,
    0x7BCE,0x7BAD,0x7BAD,0x83EE,0x7BCE,0x840F,0x8C30,0x9471,0x9471,0x9CD2,0x9CD2,0x9470,
    0x9491,0x8C2F,0x840F,0x83EE,0x7BCE,0x7BCE,0x7BAD,0x7BCE,0x840F,0x842F,0x840F,0x9470,
    0x8C70,0x8C30,0x842F,0x83EE,0x83EF,0x840F,0x9470,0x9CB2,0x9471,0x9491,0x9CB2,0xA4F3,
    0xA533,0xBDB6,0xBE17,0xB595,0x9CD2,0xA513,0xAD34,0xA533,0xA4F2,0xA534,0xAD34,0xAD34,
    0xA4F2,0xA513,0xA513,0xA513,0xAD54,0xAD74,0xAD75,0xAD74,0xAD75,0xA513,0x9CD2,0x9CD2,
    0x94B1,0x9470,0x9CB2,0x9CD2,0x9491,0x9CB1,0x9CD2,0x9CB2,0x94B1,0x94B1,0x9CB2,0x9CD2,
    0x9CF2,0xA513,0x9CD2,0x9CF2,0x9CB2,0x94B1,0x9CD2,0xA513,0x9CD2,0x9CD2,0xA4F3,0xA513,
    0xAD34,0xA513,0xA513,0xAD54,0xAD34,0xAD54,0xB575,0xB595,0xBDD6,0xB574,0xB595,0xAD54,
    0xAD54,0x8C70,0x8C50,0xA4F3,0xA513,0x9CD2,0xA4F3,0xA534,0xA534,0xAD54,0xA534,0xA534,
    0xA533,0xAD34,0xAD34,0xAD34,0xA534,0xAD54,0xAD74,0xAD75,0xB5B6,0xAD75,0xAD54,0xAD54,
    0xA533,0xAD54,0xA533,0xA513,0xA513,0x9CF2,0xA4F3,0xA513,0xA4F3,0xA4F3,0xA513,0x9CD2,
    0x94B1,0x9CD2,0xA534,0x9CF2,0x9CD2,0x94B1,0x9470,0x9471,0x9CB2,0x9CD2,0xA513,0xA4F3,
    0xA513,0x9CD2,0xA4F3,0x9CB2,0x9CF2,0x9CB2,0x9491,0x94B1,0xA534,0xA533,0xA534,0xAD34,
    0xA513,0x9491,0x94B1,0x9CB2,0x9CD2,0xA513,0xAD54,0xA4F3,0xAD34,0xAD75,0xBDD6,0xBDD6,
    0xCE79,0xC638,0xB595,0xB595,0xAD54,0xA533,0xA533,0x9CD2,0x9CD2,0x8C50,0x8C70,0x8C70,
    0x8C30,0x8C50,0x83EF,0x7BCE,0x738D,0x7BAE,0x7BCE,0x7BAD,0x736D,0x94B1,0x8C70,0x8C70,
    0x8430,0x73AD,0x8C70,0x6B4C,0x632C,0x5AEB,0x6B4C,0x6B4C,0x73AE,0x7BCE,0x8430,0x842F,
    0x840F,0x7BCE,0x842F,0x8C50,0x9CF2,0xB595,0xBDD6,0xAD54,0x9CD2,0xA513,0xA534,0x8C70,
    0x8C50,0x9491,0x9CD2,0x9491,0x8C70,0x9CD2,0xA533,0xA513,0xA534,0xAD54,0xAD75,0xBDD6,
    0xB5B6,0xBDD6,0xBDD6,0xBDD6,0xBDF7,0xB5B5,0xBDD6,0xB5B5,0xBDF7,0xC638,0xC638,0xB595,
    0xBDD6,0xBDB6,0xBDD6,0xB595,0xBDF7,0xBDD6,0xB575,0xAD54,0xAD54,0xAD54,0xAD74,0xB5B5,
    0xAD54,0x9CF2,0x9CD2,0xA513,0x9CF3,0x9CD2,0xA4F2,0x94B2,0x9491,0xA513,0xA513,0x9CD2,
    0xAD74,0xA533,0xAD54,0xBDD6,0xB595,0xAD74,0x9CF2,0x9CF2,0xA533,0xA533,0xAD34,0xAD54,
    0xAD54,0xB575,0xAD54,0xA534,0xA4F2,0x9CD2,0xA4F2,0x94B1,0x9CD2,0x9CD2,0x9491,0x94B1,
    0x9CB1,0x94B1,0x9CB2,0xA4F3,0xAD74,0xC638,0xCE79,0xAD74,0xA533,0x9CF2,0xAD34,0xA513,
    0x9CF2,0xA513,0xAD54,0xAD74,0xA534,0xA4F3,0xA4F3,0x9CF2,0xA534,0xBDD6,0xC617,0xBDF7,
    0xD6DA,0xEF7D,0xDEFB,0xCE99,0xCE58,0xBDF7,0xC617,0xC658,0xCE58,0xCE79,0xC638,0xCE79,
    0xCE79,0xBDF7,0xB595,0xA534,0xA534,0xA4F3,0x94B1,0xAD54,0xC617,0xCE58,0xB5B5,0xB595,
    0xB595,0xAD54,0x9CD2,0x9CF2,0xA513,0xA513,0xA513,0xA513,0x9491,0x8C50,0x840F,0x9470,
    0x9CB1,0x9491,0x9CD2,0x9CB1,0x9491,0x9491,0x9470,0x9491,0xA4F2,0x9CD2,0x9CB2,0x9491,
    0x9CD2,0x94B1,0xA513,0xAD54,0xA513,0x9CB2,0x7BCE,0x6B2C,0x83EF,0x6B4C,0x73AD,0x8C2F,
    0x8C50,0x8C30,0x840F,0x8C2F,0x8C50,0x94B1,0x9491,0x8C50,0x8C50,0x8C50,0x8C70,0x9471,
    0x94B2,0x9CF2,0x9491,0x83EF,0x83EE,0x840F,0x8C50,0x8C50,0x8C50,0x94B1,0x9470,0x840F,
    0x9471,0x8C50,0x9491,0x8C50,0x8C30,0x8C70,0x8C70,0x8C70,0x8C30,0x8C70,0x9CD2,0xAD54,
    0x9CD2,0xA533,0xB595,0xA513,0x9CF2,0xAD74,0xA513,0x94B1,0x9CB1,0x9CB1,0x94B1,0xA513,
    0x9CD2,0xA513,0xA4F2,0xA4F2,0x9CB1,0x9CD2,0x9CD2,0x8C70,0x9491,0x94B1,0x9471,0x840F,
    0x9470,0x9CB2,0x9CD2,0x9CB2,0x9CB1,0x9CB2,0x9CD2,0x9CD2,0xA513,0xA533,0xA513,0xA4F2,
    0x9CD2,0xBDB6,0xC617,0xA533,0x9491,0x83EF,0x8C30,0x842F,0x840F,0x9470,0x8C50,0x8C30,
    0x840F,0x8C30,0x9471,0x94B1,0x9471,0x9470,0xB5B5,0xBDD6,0xB595,0xA533,0x9CB2,0x8C50,
    0x8C30,0x83EE,0x840F,0x842F,0x8C30,0x8C50,0x840F,0x7BCE,0x736C,0x630B,0x630B,0x6B2C,
    0x8C50,0x9CD2,0xA513,0xA4F3,0x8430,0x738D,0x7BCE,0x8C50,0x8C50,0x7BCE,0x8C50,0x8C70,
    0x840F,0x8C70,0x8C50,0x8C30,0x83EE,0x8C70,0x83EF,0x7BCE,0x83CE,0x83EF,0x7BCE,0x83EE,
    0x7BCE,0x83EF,0x7BCE,0x7BAE,0x73AD,0x7BAD,0x7BAD,0x7BAD,0x7BAE,0x840F,0x7BCE,0x83CE,
    0x840F,0x840F,0x840F,0x9491,0xA513,0x94B2,0x94B1,0x9471,0x8C50,0x83CE,0x83CE,0x7BCE,
    0x7B8D,0x7BAD,0x83CE,0x83EF,0x9470,0x8C50,0x83EE,0x8C70,0x9470,0x9470,0x9491,0x8C50,
    0x9CB2,0x9491,0x9470,0x9491,0x9470,0x9491,0x9491,0x9491,0xA4F3,0xB575,0xB5B6,0xAD54,
    0x9CD2,0x9CD2,0xA4F3,0xB595,0xAD34,0xAD34,0xA534,0xAD34,0xA513,0x9CD2,0xA513,0xA4F2,
    0xA4F3,0xAD54,0xB5B5,0xAD75,0xAD75,0xAD75,0xAD34,0xA4F3,0x9CD2,0x9471,0x9491,0x9470,
    0x9470,0x9470,0x8C70,0x9CB2,0x9CD2,0x9CB2,0x9CD2,0xAD54,0xAD34,0x9CD2,0xA513,0xA533,
    0x9CB2,0x9491,0x9CB2,0x94B1,0x9491,0x9CD2,0x9CF2,0x9CB1,0x9CD2,0xA4F3,0xA513,0xAD54,
    0xA534,0xA533,0xA513,0xAD54,0xAD54,0xAD54,0xA513,0xA513,0xA513,0x94B1,0x8C50,0x94B1,
    0x9CB2,0x9471,0x9471,0x8C50,0x94B2,0xA534,0xAD54,0xAD34,0xA513,0xA533,0xA513,0xA513,
    0xA513,0xAD54,0xAD74,0xAD75,0xB575,0xAD54,0xAD54,0xB5B6,0xAD54,0xAD74,0xAD54,0xAD54,
    0xA534,0xA513,0x9CD2,0xA4F3,0x9CD2,0xA513,0xAD54,0xA4F3,0x9CB2,0x9CD2,0xA533,0xA4F3,
    0x9CD2,0x94B1,0x9491,0x9471,0x9CB2,0xAD54,0x9CD2,0x9CB2,0x9CF2,0x9CF2,0xA4F3,0x9CB2,
    0xA4F2,0xA534,0x8C70,0x8C30,0x9491,0x9CB2,0xAD54,0xB575,0xA513,0x9CB2,0x9491,0x9CD2,
    0xA513,0x9CD2,0xAD54,0x9CD2,0x94B1,0xA513,0xC617,0xB5B6,0xAD54,0xB575,0xCE58,0xC658,
    0xAD54,0xA533,0x9CF3,0x94B1,0x94B1,0x9491,0x840F,0x8C70,0x8C2F,0x842F,0x842F,0x83EF,
    0x840F,0x7BCE,0x83EF,0x7BAE,0x8C50,0x9491,0x94B2,0x8C70,0x8C70,0x6B6D,0x632C,0x632C,
    0x5AEB,0x5ACA,0x5ACA,0x632C,0x6B4C,0x6B4C,0x6B4C,0x738D,0x73AE,0x6B6D,0x73AE,0x7BEF,
    0x94B2,0xA533,0xB5B6,0xAD75,0x9CF3,0x9CF3,0xAD75,0xA533,0xA513,0x9CB2,0xA513,0x9CF2,
    0x94B1,0xA513,0xA513,0xA513,0xB575,0xBDD6,0xC617,0xC617,0xC637,0xC617,0xC617,0xBDD6,
    0xBDD6,0xBDD6,0xCE58,0xCE79,0xCE79,0xC5F7,0xC637,0xBDF7,0xAD75,0xA513,0xAD74,0xBDD6,
    0xC617,0xBDD6,0xBDD6,0xC617,0xBDD6,0xAD54,0xB595,0xAD54,0xA513,0xAD74,0xAD54,0xAD54,
    0xAD34,0x94B1,0x9CD2,0xA4F2,0xA513,0xA4F2,0x9CF2,0xAD54,0xBDF7,0xBDD6,0xC638,0xC617,
    0xB595,0xA4F3,0xA513,0xA533,0xA513,0xB5B6,0xB5B5,0xBDD6,0xAD74,0xB595,0xAD54,0xA513,
    0xAD34,0x9CD2,0x9CD2,0x94B1,0x9CD2,0x9CB2,0x94B1,0x9CD2,0x9CD2,0x9491,0x94B1,0x9CD2,
    0xAD54,0xAD54,0xAD75,0xAD34,0xA533,0xA533,0x9CD2,0xA513,0x94B1,0x9CB2,0x9CD2,0x9CD2,
    0x9CD2,0xA4F3,0x9CF2,0xA533,0xAD74,0xBDB6,0xC637,0xC617,0xD6DA,0xF7DF,0xDF1B,0xD6BA,
    0xDEFB,0xC5F7,0xC5F7,0xC617,0xCE58,0xCE58,0xD699,0xCE99,0xC638,0xB5B6,0xAD74,0xAD54,
    0xA534,0xAD54,0xB5B5,0xBDD6,0xB595,0xC617,0xB595,0xAD54,0xAD54,0xAD54,0xAD54,0xA533,
    0x9CF2,0x9CD2,0x9CD2,0x9CD2,0x9CD2,0x9CD2,0x94B1,0x94B1,0x9CD2,0x9CD2,0xB595,0xBDD6,
    0xA4F2,0x9CB2,0x9491,0x9491,0xA513,0x9CB1,0x9491,0x9470,0xA513,0xA513,0x94B1,0x9CD2,
    0x9CD2,0x9CF2,0x7BCE,0x8C50,0x8C50,0x6B4C,0x5289,0x73AD,0x8C30,0x9470,0x8C50,0x8C2F,
    0x8C70,0x9491,0x9491,0x8C70,0x8C50,0x8C2F,0x8C50,0x8C70,0x9491,0x9491,0x9470,0x8C50,
    0x8C50,0x9491,0x94B1,0x94B1,0x8C50,0x9CB2,0x9491,0x9491,0x94B1,0xA533,0x94B2,0xA4F3,
    0xA513,0x94B1,0xA513,0x9CF2,0x8C30,0x9491,0x9CD2,0xA4F2,0x9CD2,0xA4F2,0xA4F2,0x9CD2,
    0x9CD2,0xA533,0xA4F2,0x9CB2,0xA513,0x9CD2,0xA4F2,0xA513,0xA4F2,0xA4F3,0xAD74,0xA513,
    0x9CF2,0xAD33,0x9CF2,0x9CB2,0x9CB2,0x94B1,0x94B1,0x9470,0x9471,0x9491,0x94B1,0x94B1,
    0xA513,0xAD34,0x94B1,0xA513,0xA4F2,0x9CF2,0x9CD2,0x9CD2,0xAD74,0xAD54,0x9491,0x8C50,
    0x842F,0x8C30,0x842F,0x8C30,0x840F,0x840F,0x8C50,0x9470,0x8C2F,0x8C30,0x9CD2,0x9CB2,
    0x94B1,0x94B1,0xAD74,0xBDD6,0xAD33,0x9CF2,0x9CD2,0x8C70,0x83EF,0x738D,0x6B2C,0x7BCE,
    0x9471,0x73AD,0x630B,0x630B,0x630B,0x6B4C,0x62EB,0x630B,0x6B2C,0x94B1,0x94B1,0x8C50,
    0x8430,0x7BAE,0x7BCE,0x8C70,0x8C30,0x8C70,0x842F,0x842F,0x83EF,0x7BCE,0x83EF,0x7BEE,
    0x83EF,0x83EF,0x7BCE,0x7BAD,0x7BCE,0x83EF,0x83EE,0x7BAD,0x73AD,0x840F,0x83EE,0x738D,
    0x7BAD,0x7BCE,0x738D,0x73AD,0x7BAD,0x842F,0x840F,0x840F,0x83EF,0x7BCE,0x8C30,0x9491,
    0x94B1,0x94B1,0x9470,0x9471,0x738D,0x6B4C,0x7BCE,0x7BCE,0x7BCE,0x8C0F,0x9470,0x9470,
    0x8C30,0x83EE,0x83CE,0x83EE,0x840F,0x8C50,0x9491,0x94B1,0x94B1,0x94B1,0x9470,0x8C50,
    0x9470,0x9470,0x8C50,0x8C30,0x94B1,0x9CD2,0xA513,0xA513,0x9CB2,0x9CF2,0xA4F3,0xAD54,
    0xB595,0xB595,0xA533,0xA4F3,0xA533,0xA513,0x9CD2,0xA513,0xA4F3,0xAD54,0xD699,0xBDF7,
    0xAD34,0xA533,0xA533,0xB595,0xA513,0x9CB1,0x9CD2,0x94B1,0x9491,0x9471,0x9471,0x9491,
    0xA4F3,0x9CD2,0xA4F3,0xAD54,0xAD54,0x9CD2,0xA4F3,0xA513,0x94B1,0xA4F3,0x9CD2,0x94B1,
    0x9CB2,0x9CD2,0xA513,0x9CB2,0x9CD2,0x9CD2,0xA4F2,0xA513,0xA513,0x9CD2,0x9CD2,0xAD34,
    0xAD34,0xAD54,0xA4F3,0xA513,0xA513,0xA513,0x9CB2,0xAD34,0x94B1,0x8430,0x9491,0x9CB2,
    0xA513,0xA533,0xA534,0xAD54,0xAD34,0xA534,0xAD34,0xA513,0xA534,0xAD34,0xAD54,0xB595,
    0xAD74,0xAD34,0xAD54,0xB5B6,0xB5B5,0xAD54,0xAD74,0xB575,0xAD54,0xA533,0xA4F3,0xA533,
    0xA4F3,0x9CF2,0x9CD2,0x9CB2,0x94B1,0x9CB2,0x9CD2,0x9CD2,0x9CB2,0x94B1,0x9470,0x8C70,
    0x9CB2,0xAD54,0xA533,0x9CF2,0x9CD2,0xA4F3,0x9CD2,0x9CF3,0xA513,0x9CF3,0x9CD2,0x9CD2,
    0x8C50,0x9471,0xA513,0xAD54,0x9CD2,0x9491,0xA513,0x9CD2,0x9CD2,0x9CB2,0x9CD2,0x9CD2,
    0x9CD2,0xA513,0xA4F3,0xA513,0xA534,0xA513,0xBDF7,0xBDF7,0x9CF2,0x9CF2,0xA513,0x83EF,
    0x7BCE,0x83EF,0x94B2,0x9CF2,0x8C50,0x8C70,0x83EF,0x83EF,0x840F,0x840F,0x738D,0x7BAE,
    0x9491,0x8C50,0x8C50,0x94B1,0x7BEF,0x6B4C,0x8C50,0x73AE,0x630B,0x5ACA,0x6B6D,0x7BEF,
    0x7BCE,0x7BEF,0x738D,0x6B4C,0x6B6D,0x7BCE,0x83EF,0x94B2,0x9CD2,0xA513,0xB595,0xC617,
    0xC638,0xB595,0xAD54,0xAD54,0x9CF3,0x9CD2,0xB575,0xA533,0xA4F3,0xA513,0xAD54,0xAD54,
    0xB5B6,0xBDD6,0xBDD6,0xBDD6,0xBDD6,0xBDD6,0xC637,0xC617,0xC658,0xEF7C,0xEF7D,0xD6DA,
    0xC638,0xCE58,0xCE58,0xBDD6,0xAD54,0xAD74,0xBDD6,0xBDD6,0xBDD6,0xB595,0xAD34,0xB595,
    0xBDD6,0xB5B5,0xAD74,0xA513,0xA534,0xB5B5,0xA513,0xA534,0xA533,0x9CF2,0xB5B5,0xB5B6,
    0xA513,0xA513,0xA513,0xAD54,0xB5B5,0xC617,0xBDD6,0xAD54,0xAD34,0xA533,0x9CD2,0x9CD2,
    0xAD54,0xB575,0xAD34,0xAD74,0xB595,0xAD34,0xA513,0xA513,0xA513,0x9CB2,0x9CB2,0x9CD2,
    0x9CF2,0x9CB2,0x9CD2,0x9CD2,0x9CD2,0x9CD2,0xA4F3,0x9CD2,0xA513,0xA533,0x9CD2,0xA513,
    0xA533,0xAD54,0xA534,0xA513,0xA513,0x9CD2,0x9CB2,0x94B1,0x9CB2,0x9CD2,0xA513,0xA513,
    0xAD54,0xAD54,0xAD75,0xBDB6,0xCE99,0xDEFB,0xCE79,0xCE58,0xCE58,0xC617,0xBDF7,0xBDD6,
    0xCE78,0xCE58,0xD699,0xD6BA,0xD699,0xC617,0xB595,0xB595,0xB595,0xB595,0xAD75,0xB595,
    0xB595,0xAD54,0xA513,0xAD33,0xAD54,0xA513,0xA533,0xA4F2,0xA4F2,0x94B1,0x9CD2,0xA513,
    0xA4F2,0xA4F2,0x9CB2,0x9CB1,0x9CD2,0xA513,0xBDD6,0xC617,0xAD54,0xA533,0x9491,0x8C30,
    0x9491,0x9491,0x9470,0x9470,0x9CB1,0x9CB2,0x8C70,0x9470,0x9491,0xA4F3,0xAD34,0x7BCE,
    0x6B2B,0x630B,0x5AAA,0x5AAA,0x6B2C,0x738D,0x7BCE,0x842F,0x9470,0xA4F2,0xA513,0x9470,
    0x8C30,0x9470,0x8C70,0x8C50,0x9491,0x8C70,0x840F,0x840F,0x8C30,0x94B1,0x9491,0x8C50,
    0x9491,0x9491,0x9491,0x8C70,0x94B1,0xBDD6,0xA513,0xB595,0xA513,0x94B1,0xAD54,0xAD54,
    0x9CB1,0x9CD2,0xA533,0x9CD2,0x9CD2,0x9CD2,0xA4F2,0x9CD2,0xA4F2,0xA4F3,0x9CD2,0x9CB1,
    0x9CD2,0xA513,0x8C30,0x83EF,0x9CB2,0xA4F2,0x9CD2,0xA513,0xAD74,0xAD34,0xAD54,0xA4F2,
    0x9470,0x9471,0x94B1,0x9CB2,0x9471,0x9471,0x9491,0x9491,0x9491,0x9CD2,0x94B1,0xA513,
    0x94B1,0x94B1,0xA513,0xB595,0xA4F2,0x8C2F,0x842F,0x840F,0x840F,0x8C50,0x840F,0x8C30,
    0x8C50,0x7BEE,0x8C2F,0x8C50,0x7BCE,0x7BCE,0x9491,0x9CD2,0x9CD2,0x9CD2,0xA533,0xAD54,
    0xA513,0xA4F2,0x9491,0x94B2,0x9491,0x840F,0x630B,0x62EB,0x6B4C,0x6B2B,0x5289,0x5ACA,
    0x630B,0x5AAA,0x5AAA,0x840F,0x8C30,0x9491,0x8C50,0x8C50,0x8C70,0x8C50,0x7BCE,0x8C30,
    0x8C50,0x8C50,0x8C30,0x8C50,0x7BCE,0x7BCE,0x83EF,0x840F,0x7BAE,0x738D,0x7BAE,0x7BCE,
    0x8C2F,0x83EE,0x7BCE,0x738D,0x738D,0x7BAD,0x7BCE,0x736D,0x7BCE,0x7BAE,0x738D,0x736D,
    0x6B2B,0x7BAE,0x7BAD,0x83EF,0x7BCE,0x83EE,0x842F,0x8C50,0x9CB2,0x8C50,0x8C30,0x8C50,
    0x7BAD,0x6B4C,0x7BAD,0x7BAD,0x840F,0x83EF,0x8C30,0x8C50,0x83EE,0x7BCE,0x83EE,0x83CE,
    0x8C50,0x9471,0x8C30,0x8C30,0x840F,0x840F,0x8C50,0x9470,0x8C50,0x8C70,0x9470,0x9470,
    0x8C50,0x8C30,0x94B1,0xA513,0xA534,0xA513,0xA513,0xAD54,0xBDD6,0xB595,0xAD54,0xA533,
    0xAD54,0xC617,0xA533,0xA4F2,0x9CF2,0xAD54,0xC617,0xBDD6,0xAD54,0xB575,0xA533,0xA533,
    0x9CD2,0x9CD2,0x9CB2,0x9491,0x9CB1,0xA4F2,0xA4F2,0x9470,0x94B1,0x94B1,0x9CD2,0x9CD2,
    0x9CD2,0x9CD2,0x94B1,0x9CD2,0x9CD2,0xA513,0x9CD2,0x9CD2,0x9CD2,0x9CD2,0xA513,0x9CB2,
    0x9CB2,0x9CB2,0x9CB2,0x9CD2,0xA4F2,0xA513,0x9CD2,0xA513,0xA533,0xA533,0xA4F3,0xA513,
    0xA513,0xA4F3,0x9CD2,0xA513,0x9CD2,0x9CB2,0xA513,0xAD54,0xB5B6,0xB595,0xC638,0xAD54,
    0xAD34,0xA534,0xAD54,0xAD34,0xAD54,0xAD54,0xAD34,0xB595,0xAD54,0xAD54,0xAD54,0xB595,
    0xAD54,0xA513,0xAD54,0xAD54,0xAD54,0xA534,0xA533,0xA513,0xA513,0xA4F3,0x9CD2,0x9CB2,
    0x94B2,0x9CB2,0x9CD2,0x9491,0x9CD2,0x9CD2,0x94B1,0x9CF3,0x9CD2,0x9CF3,0xA513,0x9CD2,
    0x9CD2,0xA513,0xAD54,0xA513,0x94B2,0xA4F3,0xA513,0x9CD2,0x9491,0x94B1,0xA513,0xA533,
    0x6B2C,0x6B4C,0x73AE,0x9470,0x94B1,0x9CF2,0x94B1,0x9470,0x94B1,0x9CD2,0x94B1,0x9CB1,
    0x9CB2,0xA513,0x94B2,0x9491,0x9491,0x94B1,0xA4F3,0x94B1,0x7BCE,0x7BCE,0x840F,0x83EF,
    0x8C50,0x94B1,0x8C30,0x9491,0x8C50,0x9491,0x8C70,0x738D,0x8C70,0x94B1,0x9491,0x9CD2,
    0x9471,0x5AEB,0x7BCE,0x738D,0x6B4C,0x632C,0x7BAE,0x840F,0x840F,0x73AD,0x738D,0x6B6D,
    0x736D,0x7BEF,0x8C71,0x9CD2,0xB595,0xB595,0xAD34,0xBDF7,0xD6BA,0xBDD7,0xAD75,0xAD75,
    0x94B2,0x9491,0x94B2,0xB595,0xB575,0xA4F3,0xA533,0xAD34,0xBDD6,0xBDD6,0xAD74,0xB595,
    0xC638,0xC617,0xC638,0xD699,0xDEDA,0xEF9D,0xEF7D,0xDEFB,0xD6BA,0xCE99,0xC617,0xB5B5,
    0xAD75,0xBDD6,0xC617,0xB5B5,0xC637,0xC638,0xBDD6,0xAD75,0xB575,0xBDD6,0xAD34,0xA534,
    0xAD54,0xA513,0xA533,0xAD34,0xA513,0xAD75,0xB5B6,0xB5B6,0xB595,0xAD75,0xB595,0xBDD6,
    0xBDF7,0xAD54,0xA4F2,0xA513,0xAD34,0xAD54,0x9CF2,0xA513,0xA513,0x9CB1,0xA4F3,0xAD34,
    0xA4F2,0x9CD2,0xAD54,0x9CD2,0x9CD2,0x9CF2,0x94B1,0xA513,0x9CD2,0xA4F2,0xA4F2,0x9CD2,
    0x9CD2,0x9CD2,0x9CB2,0x9CD2,0xA4F3,0xA513,0xA513,0xA513,0xA534,0xA513,0xAD34,0xAD54,
    0xAD75,0xA533,0xA533,0x9CD2,0xA4F2,0xAD34,0xAD74,0xAD54,0xB575,0xB5B6,0xB5B5,0xB5B6,
    0xD699,0xC637,0xBDD6,0xBDF7,0xBDD6,0xBDF6,0xBDD6,0xC638,0xD699,0xCE99,0xD6DA,0xEF7D,
    0xE73C,0xCE99,0xBDF7,0xB595,0xAD75,0xAD34,0xB595,0xC637,0xC637,0xB5B5,0xAD75,0xAD54,
    0xAD74,0xA513,0x9CB1,0x9CD2,0x9CD2,0x9CD2,0x9CD2,0x9CD2,0x9CD2,0x9CB2,0x94B1,0x94B1,
    0x9CF2,0xA533,0xA513,0xA513,0xA533,0x9CD2,0x94B1,0x8C50,0x94B1,0x9491,0x8C70,0x8C2F,
    0x840F,0x83EF,0x83EE,0x7BAD,0x9491,0x9491,0x83CE,0x840F,0x7BCE,0x73AD,0x6B6C,0x6B2C,
    0x6B2C,0x630B,0x7BAD,0x8C70,0x8C2F,0x94B1,0xA513,0x8C2F,0x8C2F,0x8C30,0x8C30,0x8C2F,
    0x8C50,0x840F,0x83EF,0x83EE,0x8C2F,0x8C50,0x8C30,0x840F,0x8C30,0x8C70,0x9CD2,0x94B1,
    0x9491,0x9CF2,0xA534,0xAD34,0xBDD6,0xAD34,0xAD54,0xA533,0xA513,0xAD54,0xA513,0xAD54,
    0xB575,0xA513,0xA4F2,0x9CD2,0xA513,0xA4F2,0x94B1,0x9CB1,0x9470,0x9471,0x7BAD,0x738D,
    0x8C2F,0x9CB2,0x9CD2,0xA513,0x9CF2,0x9CD2,0x9CD2,0x9CB1,0x8C50,0x8C50,0x9470,0xA533,
    0x94B1,0x8C2F,0x8C50,0x8C50,0x8C50,0x9470,0x9470,0xA513,0xAD34,0xA513,0xAD74,0x9491,
    0x842F,0x8C50,0x83EE,0x736D,0x6B4C,0x736C,0x6B6C,0x7BAD,0x842F,0x8C2F,0x8C30,0x94B1,
    0x9491,0xA4F3,0x94B1,0x9CD2,0x94B1,0x9CD2,0xA513,0xAD75,0xA533,0x94B1,0x9491,0x9491,
    0x9491,0x9CB2,0x7BCE,0x5ACA,0x7BCE,0x842F,0x5AAA,0x5AA9,0x5AAA,0x5289,0x62EB,0x5ACA,
    0x738D,0x9CD2,0x840F,0x840F,0x8C30,0x8C30,0x840F,0x8C50,0x8C30,0x8C70,0x9471,0x9491,
    0x7BCE,0x7BCE,0x83EF,0x83EF,0x7BCE,0x7BAD,0x7BAD,0x840F,0x8C30,0x840F,0x7BCE,0x7BCE,
    0x7BAD,0x7BCE,0x840F,0x7BCE,0x7BAD,0x736D,0x738D,0x6B0B,0x4207,0x5289,0x6B4C,0x736C,
    0x738D,0x83EE,0x840F,0x8C2F,0x9CB2,0x8C70,0x7BCE,0x7BCE,0x738D,0x734C,0x736C,0x83CE,
    0x83EF,0x840F,0x8C2F,0x840F,0x7BAD,0x83CE,0x840F,0x6B4C,0x9491,0xA513,0x8C70,0x8C2F,
    0x840F,0x840F,0x8C2F,0x8C50,0x94B1,0x9491,0x9470,0x9470,0x8C50,0x8C70,0x94B1,0xAD54,
    0xB595,0xA513,0x9CB2,0xA4F3,0xBDD6,0xC617,0xAD54,0xA4F3,0xA4F2,0xAD34,0x9CD2,0x9CD2,
    0xA4F3,0xAD54,0xB5B5,0xC637,0xB575,0xA533,0xA513,0x94B1,0x94B1,0x9CF2,0x9CB1,0x9CB1,
    0x9CB1,0x9CD2,0x9CB2,0x9CD2,0x9491,0x9471,0x94B1,0x9CB2,0x94B1,0x9491,0x9CB1,0x9CD2,
    0x9CD2,0xA533,0x9CD2,0x9491,0x9CB1,0x94B1,0x94B1,0x94B1,0x94B1,0x9CD2,0x9CD2,0x9CD2,
    0xA4F3,0x9CD2,0x9CD2,0x9CD2,0x9CF2,0xA513,0xA513,0x9CD2,0xA4F2,0xA513,0xA534,0x9CF2,
    0x9CD2,0x9CD2,0xAD34,0xAD54,0xB5B5,0xBDD6,0xC637,0xAD75,0xAD54,0xAD34,0xAD75,0xAD75,
    0xAD74,0xA4F3,0x9CD2,0xAD34,0xAD54,0xAD74,0xAD54,0xAD34,0xA534,0x9CD2,0xA513,0xA513,
    0xA513,0xAD54,0xA513,0x9CB2,0x9CD2,0x9CD2,0x9CD2,0x94B1,0x9CB2,0x9CB2,0xA513,0xA513,
    0xA513,0x9CB2,0x9CD2,0xA513,0x94B1,0xA533,0xA534,0x9CF2,0x9491,0x94B1,0x9CF3,0x94B1,
    0x9CB2,0xAD54,0x9CD2,0x9491,0x9491,0x9471,0x94B2,0x9CD2,0x840F,0x840F,0x83EF,0x94B1,
    0x94B1,0x9CB2,0x9CD2,0x9CB2,0x9CB1,0x8C50,0x9491,0x9471,0x8C50,0x8C70,0x8C30,0x8C50,
    0x8C70,0x9CB2,0x9CD2,0x8C70,0x7BAD,0x83EF,0x840F,0x842F,0xA533,0x9491,0x94B2,0x9CD2,
    0x9470,0x9491,0x9491,0x8C70,0x94B1,0x9CB2,0x9491,0x9471,0x9471,0x7BEF,0x630B,0x5ACB,
    0x632C,0x6B6D,0x8430,0x94B1,0x94B1,0x630B,0x630C,0x840F,0x7BCE,0x8C50,0x8C71,0x8C71,
    0xA513,0xA534,0x9CB2,0xAD54,0xB5B6,0xB595,0xBDD6,0xB595,0xAD75,0x9CF3,0x9CD2,0xAD75,
    0xAD75,0xAD54,0xAD54,0xA513,0xBDF7,0xC638,0xBDD6,0xC617,0xCE58,0xC617,0xCE58,0xD699,
    0xD6BA,0xD699,0xCE79,0xE71B,0xCE79,0xC617,0xBDB6,0xAD74,0xB575,0xBDD6,0xC617,0xBDD6,
    0xC617,0xCE58,0xCE38,0xB595,0xAD54,0xAD54,0xAD75,0xAD74,0xA534,0xA513,0xAD34,0xBDB6,
    0xB575,0xB575,0xAD54,0xA513,0xAD54,0xB5B5,0xAD75,0xC617,0xBDF7,0xA513,0x9CF2,0xAD54,
    0x9CD2,0xA4F2,0xA533,0xA513,0xA4F2,0x9CB2,0x9CD2,0x9CD2,0x9CB2,0x9CB2,0x9CD2,0xAD75,
    0xA533,0xA513,0xA4F3,0x9491,0x9CD2,0xAD34,0xA513,0x9CB2,0x9CD2,0x9CD2,0x9491,0x9CF2,
    0x9CD2,0xA513,0xA533,0xA513,0xA533,0xA513,0xA4F3,0xA533,0xA513,0xAD54,0xAD54,0xA513,
    0xA513,0xA533,0xAD54,0xAD74,0xBDD6,0xBDD6,0xBDD6,0xBDD6,0xC637,0xB5B6,0xB5B5,0xAD54,
    0xB575,0xC617,0xC617,0xC638,0xCE58,0xDEDB,0xE71B,0xDEFB,0xD6BA,0xBDD6,0xAD74,0xA534,
    0xA4F3,0x9CD2,0xAD54,0xAD75,0xB575,0xAD74,0xAD54,0xA534,0xA513,0xA533,0xA4F3,0xA513,
    0x9CB2,0x9CB2,0x9CD2,0x94B1,0x9CB2,0x9CD2,0xA513,0x9CF2,0x9CD2,0xA513,0x9CD2,0x94B1,
    0x9CD2,0x9491,0x8C50,0x9491,0x9491,0x8C2F,0x840F,0x83EF,0x7BCE,0x6B4C,0x62EA,0x5AEA,
    0x73AD,0x9491,0x7BCE,0x8C50,0x9491,0x7BCE,0x9470,0x9491,0x736C,0x73AD,0x7BAD,0x9470,
    0x9470,0x840F,0x8C30,0x8C2F,0x840F,0x83EF,0x840F,0x83EF,0x840F,0x840F,0x840F,0x840F,
    0x94B1,0x9491,0x842F,0x840F,0x8C50,0x9491,0x94B1,0xA4F3,0xA4F2,0xAD33,0xAD34,0xA513,
    0xBDD6,0xBDD6,0xA513,0xA513,0xB595,0xB595,0xA4F2,0xAD74,0xBDF7,0xA4F2,0x9CD2,0x9CB2,
    0x9CF2,0x9CD2,0xAD34,0xA4F2,0x9CD2,0x94B1,0x9470,0x9491,0x9CD2,0x9CB2,0xA513,0x9CB2,
    0x94B1,0x9491,0x9470,0x9CB2,0x9491,0x9471,0x94B1,0x9491,0x94B1,0x8C50,0x8C30,0x840F,
    0x9470,0x9491,0x9491,0xA533,0xB575,0xA513,0x9491,0x83EE,0x94B1,0x9491,0x7BAD,0x630B,
    0x5289,0x738D,0x7BCE,0x62EA,0x840F,0x94B1,0x83EF,0x8C50,0x9CB2,0xAD75,0x9471,0x840F,
    0x8C50,0x94B1,0xA4F3,0xAD54,0xA513,0x9491,0x94B1,0x9CD2,0x9CB2,0x9491,0x8C30,0x736C,
    0x73AD,0x7BCE,0x9470,0x7BCE,0x83EF,0x840F,0x83EF,0x6B4C,0x73AD,0x840F,0x83EF,0x7BCE,
    0x7BCE,0x7BCE,0x8C30,0x8C50,0x8C30,0x8C70,0x840F,0x8C30,0x83EF,0x842F,0x840F,0x7BCE,
    0x7BCE,0x83EE,0x83EE,0x7BCE,0x7BCE,0x840F,0x7BCE,0x7BCE,0x7BCE,0x83EE,0x8C50,0x83EF,
    0x738D,0x738D,0x6B4C,0x52A9,0x4A27,0x5289,0x62EA,0x736C,0x738D,0x83EF,0x8C30,0x8C50,
    0x9470,0x8C30,0x7BAD,0x738D,0x7BAE,0x736C,0x738D,0x840F,0x840F,0x7BAD,0x840F,0x8C2F,
    0x738D,0x5ACA,0x5ACA,0x5AAA,0x736D,0x83EE,0x7BAE,0x7BCE,0x9491,0x8C50,0x8C2F,0x8C30,
    0x9470,0x9470,0x9470,0x9470,0x9491,0x94B1,0x9CD2,0xA513,0xA534,0xA513,0x9491,0x94B1,
    0xB595,0xCE58,0xBDF7,0xA533,0x9CD2,0x9CD2,0xA4F3,0xAD34,0xA513,0xAD54,0xB575,0xBDD6,
    0xAD54,0xA534,0xAD54,0x9CD2,0x94B1,0xA4F3,0x94B1,0x9491,0x9CB2,0xA513,0x9491,0x94B1,
    0x94B1,0x9491,0x9491,0x9CD2,0x9CD2,0x9CD2,0x9CB1,0x9CD2,0x9CD2,0xA513,0x9CD2,0x9491,
    0x94B1,0x9CB1,0x9CB2,0x9CB2,0xA4F3,0x9CD2,0x9CD2,0x9CD2,0xA4F2,0x9CF2,0x9CB2,0x9CD2,
    0x9CD2,0x9CD2,0xA513,0xA4F2,0x9CB2,0x9CF2,0xAD34,0x9CD2,0x8C30,0x9CF2,0xA533,0xAD75,
    0xAD54,0xB595,0xAD54,0xBDB6,0xBDD6,0xAD54,0xAD54,0xA533,0xA533,0xA534,0xA513,0xAD54,
    0xB5B5,0xBDD6,0xB595,0xAD54,0xAD34,0x9CF2,0xA4F3,0xA534,0xA513,0x9CD2,0x9CB2,0x9CD2,
    0x9CD2,0x9491,0x9CD2,0x9491,0x94B1,0x94B2,0xA513,0xAD54,0xBDF7,0xAD75,0xA513,0xA513,
    0x9CB2,0x9CD2,0x9CF2,0x94B1,0x9470,0x94B2,0x9CD2,0x94B1,0x94B1,0xA4F2,0x9CD2,0x9CD2,
    0x94B1,0x94B1,0x9CD2,0xA513,0xA4F2,0x9CB1,0x9CB1,0xA4F2,0x9CD2,0xA533,0x9CD2,0x9CF2,
    0x9CB2,0x9491,0x9CB2,0x9491,0x9470,0x842F,0x9471,0x9471,0x8C50,0x9CD2,0x9491,0x7BAD,
    0x7BAE,0x73AD,0x738D,0x7BAE,0x8C50,0x8430,0x7BEF,0x842F,0x83EF,0x8C50,0x9491,0x8C70,
    0x8C70,0x94B1,0x9471,0x9491,0x94B1,0x840F,0x738D,0x73AD,0x7BCE,0x7BCE,0x738D,0x7BEF,
    0xA4F3,0x9471,0x8C30,0xA513,0x8C50,0x8C50,0x9491,0x9CF3,0x9CF2,0x9CF2,0x9491,0x9CB2,
    0xAD75,0xBDD6,0xBDD6,0xB595,0xB5B5,0xB595,0xBDD6,0xB5B6,0xAD54,0xAD75,0xBDD6,0xC617,
    0xC638,0xC638,0xC617,0xC658,0xBE17,0xC617,0xBDF7,0xCE78,0xCE99,0xCE99,0xD6BA,0xCE79,
    0xBDD7,0xB5B5,0xB595,0xBDD6,0xBDB6,0xAD54,0xAD54,0xB5B5,0xB595,0xBDD6,0xC5F7,0xBDD6,
    0xB595,0xA513,0xAD75,0xA513,0xA513,0xAD75,0xB595,0xB575,0xA534,0xA513,0xAD54,0xA534,
    0xB595,0xB595,0xA513,0xAD54,0x9CD2,0xA4F2,0xA534,0xAD34,0xA513,0x9CF2,0x9CD2,0x9CB2,
    0xAD54,0x9CD2,0xA513,0xAD75,0xA4F3,0x9CD2,0x9CD2,0xA533,0x9CF2,0x9CB2,0x9CD2,0x9470,
    0xA533,0xA513,0x9CD2,0x9491,0x94B1,0x9491,0x9491,0x9CD2,0x9CD2,0xA513,0xAD74,0xA534,
    0xAD34,0xA513,0xA4F3,0xA513,0xA513,0xA533,0xA534,0xA533,0xAD34,0xAD34,0xB595,0xB5B5,
    0xB5B6,0xB5B6,0xB5B5,0xC617,0xC617,0xB5B5,0xBDF7,0xBDB6,0xC617,0xC638,0xBDD6,0xBDD7,
    0xBDF7,0xCE78,0xCE58,0xBDF7,0xC638,0xB575,0xA513,0x9CF2,0x9CD2,0x9CD2,0xA513,0xA513,
    0x9CB2,0xA4F2,0x9CD2,0x9CB2,0x9CD2,0xA4F2,0x9CD2,0x9CD2,0xA4F3,0xA533,0x9CD2,0x9CD2,
    0x9CD2,0x9CD2,0x9CF2,0xA513,0xA513,0xA513,0x9CD2,0x9CB2,0x94B1,0x94B1,0x8C50,0x9471,
    0x8C2F,0x7BCE,0x83EE,0x7BAD,0x738D,0x62EA,0x5AA9,0x62CA,0x73AD,0x83EF,0x840F,0x840F,
    0x8C2F,0x8C50,0x840F,0x8C50,0x7BCE,0x7BCE,0x7BCE,0x840F,0x83EF,0x7BCE,0x7BAE,0x83EF,
    0x840F,0x83EF,0x840F,0x83EE,0x840F,0x7BCE,0x7BCE,0x842F,0x8C50,0x9491,0x8C50,0x8C50,
    0x8C70,0x94B1,0x9CD2,0xA4F3,0xA513,0xA513,0xA513,0xAD34,0xAD74,0xA533,0xA533,0xAD54,
    0xAD74,0xB595,0xA533,0xA4F2,0x9CD2,0x94B1,0x9CD2,0xA4F3,0x9CD2,0x9CD2,0xA534,0x9CD2,
    0x9491,0x9CB2,0xA4F2,0x9491,0xA4F2,0x9CF2,0x9CD2,0x94B1,0x9491,0x8C2F,0x9470,0x9CB2,
    0x9CD2,0x8C70,0x840F,0x840F,0x94B1,0x9CF2,0x8C70,0x842F,0x9470,0xA513,0xA513,0xA533,
    0x9CF2,0xA4F2,0x9CD2,0x8C30,0x9470,0x9470,0x73AD,0x5ACA,0x5ACA,0x7BAD,0x83EE,0x738D,
    0x9491,0xA513,0x840F,0x9491,0x94B1,0x8C2F,0x9470,0x7BCE,0x8C70,0xA513,0x9491,0x9CD2,
    0xAD54,0xA513,0x9CB2,0xAD54,0x9CD2,0x9CD2,0x9CD2,0x83EF,0x7BCE,0x9CB1,0x7BCE,0x6B6C,
    0x8C30,0x840F,0x6B2C,0x9470,0x8C70,0x9491,0x842F,0x7BCE,0x7BCE,0x840F,0x8C2F,0x840F,
    0x840F,0x83EF,0x83EE,0x840F,0x840F,0x840F,0x8C30,0x83EF,0x630B,0x630B,0x7BCE,0x840F,
    0x7BCE,0x83EE,0x7BCE,0x83EF,0x83EF,0x7BCE,0x7BCE,0x7BAE,0x736D,0x7BCE,0x6B4C,0x630B,
    0x6B2B,0x6B2B,0x630B,0x736D,0x7BAD,0x8C30,0x840F,0x8C50,0x94B1,0x8C50,0x7BCE,0x7BCE,
    0x738D,0x5AEA,0x738D,0x9CD2,0xA513,0x8C30,0x9491,0x840F,0x7BAD,0x4A69,0x5269,0x5289,
    0x5269,0x52AA,0x630B,0x83EF,0x8C70,0x840F,0x840F,0x8C2F,0x840F,0x8C50,0x8C50,0x8C30,
    0x8C70,0x9491,0x9470,0x9491,0xA513,0xAD75,0x9491,0x9491,0xA513,0xB595,0xB5B5,0xAD54,
    0xA513,0xA4F2,0xA4F2,0xB595,0xAD34,0xAD54,0xB5B5,0xA533,0xA513,0xA513,0xA4F2,0xA513,
    0x9CB2,0x94B1,0x9CD2,0xA513,0x94B1,0x9CD2,0x94B1,0x94B1,0x9491,0x9470,0x9491,0x9CD2,
    0xA533,0x9CD2,0x9CB1,0x94B1,0x9CB2,0x9CD2,0x9CD2,0x9491,0x9470,0x94B1,0x9491,0x94B1,
    0xAD34,0xA4F3,0x94B1,0x9CD2,0x9CB2,0x9CB2,0x9CB2,0x94B1,0x9CD2,0x9CB1,0x9CB2,0x9CF2,
    0x9CD2,0x9CB2,0xA4F3,0x9CD2,0x94B1,0xA513,0xA513,0xAD54,0xAD74,0xAD54,0xAD54,0xAD54,
    0xAD54,0xA513,0xA4F2,0xA513,0x9CD2,0xA4F3,0xAD54,0xAD54,0xAD74,0xAD54,0xB575,0xB575,
    0xA513,0xA533,0xA4F3,0xA513,0xB595,0xB595,0xA513,0xA534,0xA513,0x9CD2,0x94B1,0x9491,
    0x9471,0x94B2,0x94B1,0x9CB2,0xA534,0xB595,0xA513,0x9CF3,0x9CF2,0x94B1,0x9491,0x8C71,
    0x8C50,0x9CB2,0x94B1,0x94B1,0x94B1,0x9CD2,0x8C50,0x9491,0xAD54,0xB575,0xA513,0xAD54,
    0xAD34,0x9CD2,0x9CB1,0xA4F3,0x9CF2,0xA513,0x94B1,0xA4F3,0x9CB2,0x9CD2,0x94B1,0x9491,
    0xBDD6,0xAD34,0x9CD2,0x9CF2,0x9CD2,0x9CB2,0x7BCE,0x738D,0x7BCE,0x736D,0x6B6C,0x6B6C,
    0x738D,0x738D,0x8C50,0x8C50,0x840F,0x8C30,0x840F,0x8C30,0x7BEF,0x8C70,0x83EF,0x8C50,
    0x9CD2,0x9CD2,0x9CF3,0x9CD2,0x9491,0x9491,0x840F,0x632C,0x840F,0x9CD2,0xA513,0xA4F3,
    0x9CF2,0xA4F3,0xA513,0x9CF3,0x9CF2,0x94B2,0x94B2,0x94B1,0x9CD2,0xB5B6,0xBDF7,0xAD75,
    0xAD54,0xC638,0xC638,0xB595,0xAD75,0xAD54,0xBDD6,0xCE58,0xC638,0xCE58,0xC638,0xCE79,
    0xCE99,0xBDD6,0xAD75,0xCE58,0xCE99,0xCE79,0xD6B9,0xCE58,0xC638,0xBDD6,0xBDD6,0xBDF7,
    0xC617,0xB5B5,0xB5B5,0xAD74,0xA513,0xB575,0xB595,0xC5F7,0xB595,0xAD54,0xAD54,0xAD75,
    0xB595,0xB5B5,0xB595,0xAD54,0xAD54,0xB595,0xBDB6,0xB5B5,0xAD34,0x94B1,0x9CB1,0x9CD2,
    0x9CB2,0xA4F2,0x9CB2,0x9CD2,0x9CD2,0x94B1,0x9CB2,0xA513,0xA513,0xA4F3,0x9CD2,0xB575,
    0xAD34,0xA4F2,0x9CD2,0x9CD2,0x94B2,0x9CD2,0x9CD2,0x9CB2,0x9CD2,0x9CD2,0x94B1,0x9491,
    0x9CD2,0x9CF2,0x9CB1,0x9CD2,0xA4F3,0xA534,0xAD54,0xAD54,0xA513,0x9CD2,0xA513,0xA513,
    0xAD34,0xA513,0xA513,0xA513,0xA533,0xAD74,0xAD74,0xA513,0xA533,0xA513,0xAD54,0xBDD6,
    0xB595,0xB5B5,0xBDD6,0xC617,0xC638,0xC637,0xBDD6,0xBDF6,0xBDD6,0xBDD6,0xB5B6,0xB575,
    0xAD75,0xB595,0x9CD2,0xA513,0xAD34,0xAD74,0xAD34,0xA533,0x9CD2,0x94B1,0x9CB1,0x9CB1,
    0x94B1,0x9CB2,0x9CD2,0x9491,0xA4F2,0xA513,0x9CD2,0x9CD2,0x9CB2,0x9CB1,0x9CD2,0xAD54,
    0xAD75,0xAD54,0xA513,0x9CB2,0x94B1,0x8C50,0x8C70,0x842F,0x94B1,0x9470,0x8C2F,0x840F,
    0x738D,0x62EB,0x62EA,0x7BCE,0x8C2F,0x62EB,0x736D,0x83EF,0x8C50,0x7BAD,0x6B4C,0x736C,
    0x6B6C,0x6B6C,0x736C,0x7BAE,0x736D,0x6B4C,0x6B4C,0x7BCE,0x840F,0x83CE,0x7BCE,0x7BCE,
    0x7BCE,0x7BAE,0x7BAE,0x7BAD,0x738D,0x7BCE,0x840F,0x8C30,0x9470,0x9CD2,0xA4F3,0x9CD2,
    0x9CB1,0xAD54,0xBDF7,0xAD74,0xA513,0xAD74,0xAD54,0xAD34,0xAD54,0xAD54,0xA533,0xA513,
    0x9CB2,0x9491,0xA4F2,0xA513,0xA513,0x9470,0x94B1,0x9CD2,0x94B1,0x9CB2,0xA513,0x94B1,
    0x94B1,0x9CD2,0x9CD2,0x9CB2,0x9471,0x840F,0x9CD2,0xA533,0x94B1,0x8C30,0x840F,0x840F,
    0x840F,0x9491,0x9470,0x9CB2,0x9CB1,0xA4F3,0xAD54,0xA513,0x9491,0x9CB1,0x9CD2,0xA4F2,
    0x9491,0x9470,0x736D,0x5AAA,0x5AA9,0x6B4C,0x7BAD,0x83EE,0x8C50,0x9CB1,0x8C50,0x8C2F,
    0x9CB1,0x9CB2,0x8C50,0x840F,0x9CD2,0xAD34,0x9CD2,0x9491,0xA533,0xAD54,0x9CB2,0x8C50,
    0x9491,0x94B1,0x83EF,0x83EF,0x736D,0x83EF,0x7BAE,0x630B,0x62EA,0x7BCE,0x62EB,0x83EF,
    0x94B2,0x9491,0x842F,0x83EF,0x842F,0x8C50,0x842F,0x83EE,0x7BAD,0x840F,0x840F,0x83EF,
    0x738D,0x632B,0x630B,0x630B,0x5AA9,0x5ACA,0x6B2B,0x7BEE,0x83EF,0x7BCE,0x83EF,0x83EF,
    0x8C50,0x7BCE,0x840F,0x83EF,0x738D,0x7BCE,0x7BAE,0x6B2C,0x62CA,0x736D,0x736C,0x738D,
    0x736C,0x9470,0x8C50,0x8C30,0x94B1,0x8C30,0x73AD,0x7BAE,0x6B4C,0x630B,0x7BCE,0x840F,
    0x8C30,0x8C2F,0x9470,0x8C50,0x9470,0x630B,0x4228,0x4228,0x4228,0x4A69,0x7BCE,0x8C30,
    0x8C50,0x840F,0x8C50,0x9470,0x840F,0x8C30,0x842F,0x7BCE,0x840F,0x8C30,0x842F,0x8C50,
    0x9471,0x9CB2,0xA513,0x94B1,0xA534,0xB5B5,0xAD54,0xAD34,0xAD34,0xAD34,0xA533,0xAD54,
    0xAD54,0xAD34,0xBDD6,0xAD34,0xA513,0xA533,0xA533,0xA513,0xA4F3,0x9CB1,0xA513,0xA533,
    0x9491,0x9CD2,0x9CF2,0x94B1,0xA4F3,0x9CB2,0x9491,0x9CF2,0xA513,0x9CB1,0x9CB2,0x9491,
    0x9470,0x94B1,0x9CB1,0x94B1,0x9470,0x9470,0x9491,0x94B1,0x9CB2,0x9471,0x9491,0xA4F2,
    0xA4F2,0x9CD2,0xA513,0x9CD2,0x94B1,0x9CB1,0x9CD2,0x9CF2,0xA4F2,0x9CF2,0xA4F2,0x9CB2,
    0x9CB2,0xA513,0xA513,0xAD34,0xA534,0xA533,0xA513,0xA533,0xAD34,0xA513,0xA513,0xA513,
    0xA513,0xAD34,0xAD34,0xA533,0xAD34,0xA534,0xA533,0xB575,0xA513,0xA4F3,0xA513,0xA4F3,
    0xAD54,0xA533,0xAD54,0xAD54,0xA513,0xA513,0x94B1,0x94B2,0x9491,0x9491,0x9CB2,0x9491,
    0x9CD2,0x9CF3,0x9CB2,0x9491,0x9CD2,0x94B1,0x9491,0x9491,0x8C50,0x9491,0x8C70,0x9471,
    0x9470,0x840F,0x840F,0x9470,0x9CD2,0xB595,0xAD75,0xA533,0x9CD2,0x9CB2,0x9CD2,0x9CB2,
    0x9CB2,0x9CD2,0x9CD2,0x9CD2,0x94B1,0x9CB1,0x9491,0xA533,0xBDD6,0xA513,0x9CD2,0x9CF2,
    0x9CF2,0x9491,0x8C30,0x8C70,0x83EF,0x7BCE,0x738D,0x6B4C,0x736D,0x7BCE,0x94B1,0x94B1,
    0x8C70,0x8C70,0x9471,0x9CD2,0x840F,0x7BAE,0x7BCE,0x8C70,0x8C70,0x9CD2,0x9CD2,0x9CD2,
    0x94B2,0x94B2,0x9CD2,0x83EF,0x7BCE,0x9491,0x9CD2,0xA513,0x9CF2,0x9CD2,0xAD54,0xAD74,
    0xA533,0x9471,0x9CD2,0xA534,0x9CB2,0xAD54,0xBDF7,0xB595,0xA513,0xB595,0xC638,0xB5B5,
    0xB595,0xAD74,0xBDD6,0xC637,0xC617,0xCE58,0xC638,0xC658,0xCE58,0xCE58,0xC638,0xCE79,
    0xCE99,0xCE38,0xCE58,0xCE79,0xCE58,0xCE58,0xC617,0xC617,0xBDD6,0xBDD6,0xC617,0xBDB6,
    0xAD74,0xAD75,0xAD54,0xBDD6,0xBDD6,0xB5B6,0xB595,0xB575,0xB595,0xCE58,0xBDF7,0xB595,
    0xAD75,0xB595,0xAD54,0xA513,0x94B1,0x9CB2,0x9CB2,0xA513,0x9CD2,0xA4F3,0xA513,0x9CB2,
    0x9CF2,0x9CD2,0x94B1,0xA513,0x9CD2,0xA513,0x9CD2,0x9CD2,0x9CB2,0x94B1,0x9CD2,0xA4F3,
    0x9CD2,0x9CD2,0x94B1,0x9CB2,0x9CD2,0x94B1,0x9CB2,0x9CB2,0x9CD2,0x9CD2,0xAD34,0xAD54,
    0xA534,0xA513,0xA534,0xA534,0xA513,0xA513,0xA533,0xA513,0xA513,0xA513,0xA4F2,0xA4F2,
    0x9CD2,0x9CB2,0x9CB1,0xA513,0xA513,0x9CF2,0xA513,0xB5B5,0xB595,0xAD75,0xBDD6,0xC617,
    0xB595,0xB595,0xB595,0xB5B5,0xB595,0xB595,0xAD54,0xA513,0x9CF2,0x9CD2,0x9491,0xA513,
    0xA513,0xAD54,0xAD54,0xA513,0x9CF2,0x9CB2,0x94B1,0x9CD2,0x9CB2,0x9CB2,0xA513,0x9CD2,
    0x9CF2,0x9CD2,0x9CB1,0x9CD2,0x9CD2,0x94B1,0x9CD2,0xA513,0xBDD6,0xCE78,0xA513,0xA4F2,
    0x9CD2,0x9491,0x9CB2,0x83EF,0x8C50,0x9470,0x9491,0x9470,0x8C2F,0x83CE,0x83CE,0x8C30,
    0x7BAD,0x6B2B,0x6B2C,0x738D,0x7BCE,0x7BAD,0x630B,0x630B,0x738D,0x73AD,0x6B4C,0x6B4C,
    0x738D,0x630B,0x736D,0x842F,0x7BAD,0x62EB,0x6B4C,0x840F,0x7BCE,0x738D,0x736C,0x6B6C,
    0x736D,0x7BCE,0x83CE,0x8C50,0x8C2F,0x9470,0x9CB2,0x9CD2,0x9CD2,0xAD54,0xC617,0xAD34,
    0xA513,0xAD74,0xB595,0xA513,0xA513,0x9CD2,0xA4F2,0xA4F2,0x9CD2,0xA4F3,0x9CD2,0x9CD2,
    0xAD54,0x9CD2,0x9CD2,0x9CB1,0x94B1,0x9CD2,0x9491,0x9470,0x9491,0x9CD2,0xA534,0x9491,
    0x8C30,0x8C2F,0x9CB2,0x9CF2,0x9491,0x8C50,0x8C2F,0x842F,0x840F,0x8C50,0x9470,0x9491,
    0x9491,0x9CD2,0x9CD2,0x9CB2,0x9470,0x9CB1,0xA4F2,0x9CD2,0x94B1,0x9CF2,0x8C50,0x6B4C,
    0x5ACA,0x5289,0x62EB,0x8C2F,0x8C2F,0x94B1,0x8C50,0x840F,0x9470,0x9CF2,0x9CB2,0x94B1,
    0xA4F2,0x9CD2,0x9471,0x840F,0xA4F3,0xAD74,0xA4F3,0x9CD2,0x8C50,0x7BAE,0x7BAD,0x8C30,
    0x8C70,0x840F,0x840F,0x7BAD,0x630B,0x73AD,0x6B2B,0x840F,0x9CD2,0x7BCE,0x840F,0x8C30,
    0x94B1,0x842F,0x83EF,0x83EF,0x840F,0x8C70,0x7BCE,0x6B4C,0x6B6C,0x6B6C,0x5ACA,0x5289,
    0x5AAA,0x630B,0x62EB,0x6B4C,0x83EF,0x8C30,0x7BCE,0x7BAD,0x7BCE,0x83EF,0x7BCE,0x7BCE,
    0x7BCE,0x840F,0x840F,0x7BAD,0x62CA,0x6B4C,0x62EA,0x62EB,0x7BAD,0x83EF,0x8C30,0x840F,
    0x94B1,0x8C70,0x738D,0x736C,0x62EA,0x6B2C,0x7BAE,0x7BCE,0x7BCE,0x840F,0x8C50,0x9471,
    0x9491,0x630B,0x4A28,0x4A48,0x5ACA,0x630B,0x738D,0x7BCE,0x840F,0x8C2F,0x840F,0x9470,
    0x94B1,0x8C50,0x8C30,0x840F,0x8C30,0x8C70,0x8C50,0x8C50,0x9471,0x9491,0x9CD2,0x9491,
    0x9CD2,0xB5B6,0xAD54,0xA513,0xAD54,0xA513,0xAD74,0xAD33,0xA513,0x9CD2,0xB575,0xAD54,
    0xAD54,0xAD54,0xA513,0xA4F2,0xA533,0xA534,0xA4F3,0xA4F3,0xAD54,0xA534,0xA513,0x94B1,
    0xAD75,0xA513,0x9CD2,0xA4F3,0x9491,0x9491,0x9491,0x9CB2,0x94B1,0x9491,0x9491,0x94B1,
    0x9470,0x9491,0x9491,0x9470,0x9491,0x9491,0x94B1,0x9491,0x94B1,0x9CD2,0xA4F3,0x9CD2,
    0x9491,0x9491,0x94B1,0x9CB2,0x9CD2,0xA4F2,0xA4F2,0x9CD2,0x9CD2,0xA534,0xA513,0xA513,
    0xA513,0xA513,0x9CD2,0xA4F3,0xA513,0xA513,0xA4F3,0xA4F3,0xA4F3,0xA513,0xA513,0xA513,
    0xAD34,0xA533,0x9CD2,0xAD54,0xA513,0x9CB2,0xA513,0xA4F3,0xA4F3,0x9CD2,0xA513,0xA533,
    0x9CF2,0xB5B6,0xA534,0x94B1,0x94B1,0x94B1,0xA513,0x94B1,0x9491,0x9CD2,0xA513,0x9CD2,
    0x9CD2,0xA4F3,0xA534,0xA4F3,0x9CB1,0x9CB2,0x94B1,0x8C70,0x842F,0x8C30,0xA513,0xA513,
    0xA534,0xCE99,0xC637,0xA4F3,0x9CF2,0xA513,0x9CF2,0x94B1,0x9471,0x9CD2,0x9491,0x9CD2,
    0x9CB1,0x9CD2,0x9CB2,0xA513,0xAD34,0x9491,0x9471,0x8C50,0x840F,0x7BCE,0x8C70,0x9491,
    0x7BCE,0x7BEF,0x73AD,0x6B6C,0x6B6C,0x7BCE,0x8C50,0x9CB2,0x94B1,0x9471,0x8C70,0x9CD2,
    0x94B2,0x7BCE,0x83EF,0x9CD2,0x94B2,0x8C70,0x8C70,0x94B1,0x9CF2,0xA534,0x9CD2,0x94B2,
    0x9CD2,0x9CB2,0x9CB2,0x9CD2,0xA4F3,0x9CD2,0x9CD2,0xB595,0xB5B5,0xA4F3,0xB595,0xB575,
    0xA533,0xA513,0xB5B6,0xCE58,0xAD54,0x9CD2,0xB5B6,0xC638,0xBDD6,0xB5B5,0xBDD6,0xCE58,
    0xCE58,0xCE79,0xCE78,0xCE79,0xCE58,0xC638,0xCE58,0xCE58,0xCE79,0xCE58,0xCE58,0xD699,
    0xBDF7,0xBDF7,0xC617,0xBDD6,0xB5B6,0xBDB6,0xBDD6,0xBDD6,0xB575,0xB595,0xBDB6,0xB595,
    0xAD75,0xA533,0xA513,0xA513,0xB595,0xC638,0xC617,0xAD54,0xA533,0xB595,0xB595,0xA513,
    0x9CD2,0xA4F3,0xA513,0xA513,0xA4F3,0xB595,0xBDD6,0xA513,0xA513,0xA513,0x9CB2,0x9CB2,
    0x94B1,0x9CD2,0xA4F3,0x9CB2,0x9491,0x94B1,0x94B1,0x9CB2,0x9491,0x9491,0x9491,0x9CD2,
    0xA513,0xA513,0xAD34,0xAD54,0xAD74,0xAD34,0xA533,0xA4F3,0x9CB2,0x9CD2,0xA513,0x9CF2,
    0xA4F3,0xA513,0x9CD2,0xA513,0xA4F3,0x9CD2,0x9CD2,0x9CB2,0x94B1,0x9491,0x9491,0x9CD2,
    0x9CF2,0x9CD2,0xAD34,0xB5B6,0xB595,0xB575,0xC617,0xC617,0xB5B5,0xBDD6,0xBDD6,0xBDF7,
    0xB5B5,0xAD54,0xAD74,0xA513,0xA513,0xA513,0x8C30,0x9CD2,0x9CD2,0x9CF2,0x9CF2,0x9CB2,
    0x9CB2,0x9CF2,0x9CB2,0xA533,0xB595,0xA513,0xA533,0xAD54,0x9CD2,0x94B1,0x9CB2,0x94B1,
    0x9CB2,0x94B1,0x94B1,0x9CD2,0xAD34,0xAD34,0x9CD2,0x9CF2,0xA513,0x9CD2,0x9491,0xA4F2,
    0x9CB2,0x7BCE,0x840F,0x8C2F,0x8C70,0x8C50,0x8C50,0x738D,0x6B2B,0x736C,0x83CE,0x7BAE,
    0x736C,0x83EF,0x83EE,0x736D,0x9491,0x9CF2,0x73AD,0x83EF,0x842F,0x6B6C,0x7BCE,0x8C50,
    0x7BAD,0x6B2C,0x6B2C,0x840F,0x840F,0x7BCE,0x83EF,0x7BAD,0x738D,0x83EE,0x8C70,0x83EE,
    0x83EE,0x9470,0x9CB2,0xA4F2,0xA513,0xA4F2,0xA4F2,0xA533,0xAD34,0xAD54,0xA533,0xB575,
    0xAD34,0xA4F2,0xA4F2,0xA513,0xA513,0x9CD2,0x9CD2,0xA4F3,0xA4F2,0x9CD2,0x9491,0x9491,
    0x9491,0x9491,0x9CB2,0x94B1,0x94B1,0x9CD2,0x9CF2,0x9CB2,0x9470,0x9491,0xA4F3,0xA534,
    0x9CB2,0x9491,0x8C30,0x8C70,0x840F,0x8C50,0x8C2F,0x840F,0x94B1,0x9491,0x9470,0x9491,
    0x8C2F,0x94B1,0x9CD2,0xA513,0x9CB1,0xA4F2,0xA513,0x8C50,0x840F,0x842F,0x7BCE,0x8C30,
    0x8C30,0x9470,0x9491,0x9470,0x94B1,0x9CD2,0xA513,0xA513,0x9CB1,0x8C70,0x8C50,0x9470,
    0x9CD2,0x9CD2,0x9CD2,0x94B1,0x9470,0x840F,0x840F,0x7BCE,0x7BAE,0x840F,0x7BAE,0x62EA,
    0x62EA,0x736D,0x7BAE,0x9CD2,0x94B1,0x840F,0x7BEE,0x8430,0x840F,0x840F,0x840F,0x7BCE,
    0x8C70,0x840F,0x6B2B,0x736D,0x73AD,0x62EB,0x62EB,0x5ACA,0x6B6C,0x6B4C,0x630B,0x6B6C,
    0x8430,0x83EF,0x736D,0x6B4C,0x6B2C,0x8C30,0x83EF,0x840F,0x8C30,0x7BCE,0x840F,0x83EE,
    0x738D,0x62EB,0x5269,0x5AA9,0x736C,0x840F,0x8C30,0x9491,0x9CF2,0x94B1,0x7BCE,0x6B4C,
    0x5ACA,0x736C,0x7BCE,0x83EF,0x8C2F,0x8C30,0x840F,0x8C30,0x840F,0x83EF,0x630B,0x736D,
    0x8C50,0x842F,0x738D,0x7BCE,0x83EF,0x7BCE,0x840F,0x9491,0x9CB1,0x8C50,0x840F,0x8C2F,
    0x8C2F,0x8C30,0x8C50,0x840F,0x8C70,0x9470,0x9491,0x94B1,0xA513,0xAD34,0xA533,0xB5B5,
    0xAD75,0x9CB1,0xA4F3,0xA513,0xA513,0xA533,0x9CD2,0xA4F3,0x9CD2,0x9CD2,0x9CD2,0x9491,
    0x94B1,0xAD54,0xA513,0x9CF2,0xA513,0xA513,0x9CB1,0x9CD2,0x9CD2,0x94B1,0xA4F2,0xA4F2,
    0x9CD2,0x9CB2,0x9491,0x94B1,0x9CB1,0x8C70,0x9CB2,0xA4F2,0x9CD2,0x9CB2,0x9491,0x9491,
    0x9470,0x9491,0x9CB2,0x9CD2,0x9CB1,0x9491,0x9CB1,0x9491,0x94B1,0x9CB2,0x9CB2,0x9491,
    0x9CB1,0x94B1,0x9CB2,0xA513,0xA4F3,0xA513,0xA4F2,0xA513,0x9CD2,0x9CF2,0x9CD2,0xA513,
    0x9CF2,0x9CF2,0xA534,0xA513,0x9CB2,0x9CB2,0x9CD2,0x9CD2,0x9CD2,0xA4F3,0xA513,0xA513,
    0xA4F3,0x9CB1,0x9CF2,0x9CD2,0x9CD2,0x9CD2,0x9CD2,0x9CF2,0xA4F2,0xA513,0xA4F3,0x9CD2,
    0x9CD2,0x9CB2,0x9CB2,0x9CD2,0x9CB2,0x9CD2,0xA513,0xAD54,0xA4F3,0x9CB2,0x9CF2,0x9CF2,
    0x9CB1,0x9CD2,0x9470,0x9470,0x8C30,0x8C30,0x9CD2,0xC617,0xBDF7,0xBDF7,0xBDD7,0xA513,
    0x9CD2,0x9CD2,0x94B1,0x8C50,0x9471,0x7BCE,0x840F,0x9CB2,0x9491,0x9CB2,0x83EF,0x736D,
    0x8C50,0xA533,0x94B1,0x7BCE,0x8C50,0x8C50,0x9491,0x9470,0x8C50,0x840F,0x83EF,0x73AD,
    0x73AD,0x83EF,0x83EE,0x8C70,0x9471,0x9CF2,0xA533,0x9491,0x9CF2,0x9CD2,0x9CD2,0x9CB2,
    0x9CD2,0xA533,0x9CF2,0x9CB1,0x9CD2,0x9CF2,0x9CD2,0x9CB2,0xA513,0x9CD2,0xA4F3,0x94B2,
    0xA513,0xAD75,0x9CF3,0x9CF3,0xAD74,0xA513,0xA533,0xAD34,0xAD75,0xA534,0xA533,0xC637,
    0xBDF7,0xA534,0xAD75,0xC617,0xC638,0xBDF7,0xC617,0xC638,0xCE79,0xCE99,0xCE79,0xCE78,
    0xCE58,0xCE78,0xC638,0xCE79,0xCE79,0xC638,0xCE79,0xCE78,0xC638,0xBDD6,0xBDF7,0xBDF7,
    0xC638,0xC638,0xBDD6,0xBDB6,0xBDD6,0xBDD6,0xAD75,0xAD75,0xAD74,0xAD54,0xA533,0xAD75,
    0xB575,0xAD75,0xAD54,0xB5B6,0xB5B5,0xAD54,0x9CF2,0x9CF2,0xA4F3,0xA513,0xAD54,0xAD75,
    0xBDD6,0xBDD6,0xAD74,0xA4F3,0x9CD2,0xA513,0x9CD2,0x9CB2,0xA4F2,0xA4F3,0xA513,0x9CB2,
    0x94B1,0xA513,0xA4F3,0xA513,0x9CD2,0x9CD2,0xAD54,0xB595,0xAD54,0xAD54,0xAD74,0xB595,
    0xA513,0x9CD2,0xA4F3,0x9CD2,0xA4F2,0xA4F3,0xA533,0xA534,0xA534,0xA513,0x9CD2,0xA513,
    0x94B1,0x9CD2,0xA533,0xB595,0xA4F3,0x94B1,0x94B1,0xA4F3,0xA4F3,0x9CD2,0xB595,0xBDD6,
    0xB5B5,0xBDD6,0xC617,0xC617,0xBDD6,0xB595,0xAD54,0xA533,0xAD54,0xAD54,0xB595,0xB595,
    0xAD54,0xA533,0x9CB2,0x94B1,0xA4F3,0xA513,0xA513,0x9CD2,0x9CD2,0x9CF2,0xA513,0xAD74,
    0xAD54,0xAD54,0x94B1,0xA513,0x9CD2,0x9491,0x9CD2,0x9CB2,0x94B1,0x9CD2,0x9470,0x8C50,
    0x9CD2,0x9CB2,0x9CF2,0x94B1,0x8C70,0x8C50,0x840F,0x9491,0x8C50,0x8C2F,0x83CE,0x83EF,
    0x83EF,0x83EE,0x7BCE,0x7BCE,0x7BAD,0x73AD,0x73AD,0x840F,0x738D,0x736D,0x7BAD,0x7BAD,
    0x8C50,0x9471,0x840F,0x8C2F,0x840F,0x7BAD,0x7BCE,0x7BCE,0x7BAD,0x83EE,0x7BAD,0x840F,
    0xA4F3,0x9470,0x8C70,0x9471,0x9471,0x9491,0x8C70,0x7BCE,0x7BCE,0x9491,0x94B1,0x9CD2,
    0xA513,0xA513,0xA4F3,0xA513,0xA513,0xA533,0xAD54,0xB595,0xAD33,0xA534,0xA513,0xAD34,
    0xA533,0xA513,0xA4F2,0x9CB1,0x9CD2,0x9CB1,0x9491,0x9470,0x9491,0x9471,0x94B1,0x9491,
    0x8C50,0xA533,0xAD34,0xA4F2,0x9CB2,0x94B1,0xA533,0xB5B6,0xA513,0x94B1,0x9491,0xA513,
    0x9491,0x8C50,0x83CE,0x840F,0x9470,0x8C50,0x9CB2,0x9491,0x94B1,0x9471,0xA4F2,0x9CB2,
    0x9CB2,0x9491,0x842F,0x83EF,0x8C50,0x9CD2,0x8C50,0x8C50,0x8C2F,0x9470,0x9CD2,0x9CB1,
    0x9CD2,0xB5B5,0xA533,0xAD54,0xAD34,0x9CD2,0x9471,0xA4F2,0x9CD2,0x8C50,0x9491,0x9470,
    0x9491,0x94B1,0x9491,0x9491,0x9470,0x8C30,0x8C50,0x840F,0x7BCE,0x7BEF,0x7BEE,0x8C70,
    0x840F,0x840F,0x842F,0x842F,0x842F,0x8C30,0x83EF,0x7BCE,0x840F,0x738D,0x630B,0x6B4C,
    0x73AD,0x7BCE,0x7BCE,0x7BAD,0x7BCE,0x7BAE,0x736D,0x738D,0x840F,0x840F,0x738D,0x73AD,
    0x7BCE,0x8C50,0x840F,0x83EF,0x83EE,0x83EE,0x7BCE,0x7BAD,0x738D,0x736C,0x6B2C,0x738D,
    0x7BAE,0x83EF,0x840F,0x9CD2,0xA513,0x9471,0x7BAD,0x7BCE,0x7BCE,0x738D,0x83CE,0x83EE,
    0x840F,0x8C2F,0x83EF,0x8C2F,0x840F,0x83EE,0x7BAD,0x7BCE,0x840F,0x7BCE,0x83EF,0x840F,
    0x840F,0x7BCE,0x8C2F,0x8C30,0x840F,0x8C2F,0x8C2F,0x83EE,0x83CE,0x8C50,0x8C50,0x840F,
    0x840F,0x8C50,0x9491,0x9491,0xA533,0xA513,0x9CF2,0xA533,0xAD34,0xAD34,0xA4F3,0xA513,
    0xA533,0xA513,0x94B1,0x9CB1,0x9491,0x9CD2,0xA513,0x9CD2,0x9CD2,0xAD54,0xAD54,0x9CD2,
    0x9CD2,0x94B1,0x9CB2,0x9CB2,0xA4F2,0x9CB2,0x9CB2,0x9CD2,0xA513,0x9CD2,0x9491,0x94B1,
    0x94B1,0x9CB2,0x9CB1,0x9CB1,0x9CB2,0x9CB2,0x9CD2,0x94B1,0x9491,0x9470,0x9471,0x94B1,
    0x94B1,0x94B1,0x9491,0x9CD2,0x9CB2,0x9471,0x9CB2,0x9CB1,0x94B1,0x9CB1,0x9CF2,0xA4F2,
    0x9CD2,0xA513,0xA4F3,0xA513,0x9CB2,0xA513,0xA4F3,0xAD34,0xAD34,0xAD75,0x9CD2,0xA4F3,
    0x9CD2,0x9CB2,0x9CB2,0x9CD2,0xA4F3,0x9CF2,0xA513,0xA513,0xAD34,0x9CD2,0xA4F2,0xA4F2,
    0x9CD2,0x9CD2,0xA4F3,0x9CD2,0x9CD2,0xA513,0x9CD2,0x9CD2,0xAD34,0xA513,0x9CD2,0x9CD2,
    0x9CD2,0x9CB2,0x9CD2,0xA533,0xA533,0x9CF2,0xA4F2,0xA513,0x9CD2,0x9470,0x8C30,0x9471,
    0x840F,0x7BEE,0x8C70,0xA4F3,0xA533,0xAD54,0xB595,0xB5B6,0xA4F2,0x9CD2,0x94B1,0x8C2F,
    0x8C50,0x9491,0x8C50,0x8C30,0x8C50,0x8C2F,0x73AD,0x738D,0x840F,0x94B1,0x8C30,0x8C2F,
    0x94B1,0x8C70,0x8C50,0x9491,0x9CD2,0x8C50,0x8C70,0x840F,0x83EF,0x9CF2,0x94B1,0x842F,
    0x9491,0xA4F3,0x9CD2,0xA4F3,0xAD34,0x9CD2,0xA513,0x94B1,0x9CD2,0x9471,0x9CB2,0x9CB2,
    0x9471,0x8430,0x94B1,0x9CD2,0x94B1,0xA513,0xAD54,0x9CF3,0xAD75,0xB5B6,0xAD54,0xA534,
    0x9CD2,0x9491,0x9CD2,0x9CF3,0xA4F3,0xA533,0xAD54,0xB595,0xC638,0xB595,0xBDD6,0xB5B6,
    0xC617,0xCE58,0xC617,0xCE58,0xCE79,0xCE58,0xC617,0xC637,0xC617,0xCE58,0xCE79,0xCE78,
    0xC617,0xC617,0xCE58,0xC638,0xC658,0xC617,0xC617,0xC617,0xCE58,0xBDF7,0xB5B5,0xC5F7,
    0xBDD6,0xBDD6,0xB595,0xBDD6,0xBDF7,0xBDD6,0xAD75,0xAD54,0xAD75,0xB575,0xA534,0xA513,
    0xA4F3,0x94B1,0x9CB2,0xAD54,0xAD54,0x9CF3,0xAD54,0xBDD6,0xBDD6,0xAD54,0xAD74,0xA513,
    0xA513,0xAD54,0xA513,0xA4F2,0x9CD2,0x9CD2,0x9CD2,0x9CD2,0x9CD2,0xAD34,0xA534,0xA534,
    0xAD34,0xA533,0xAD54,0xAD74,0xAD54,0xAD34,0x9CD2,0xA4F3,0x9CB2,0xA4F2,0x9CF2,0xA4F3,
    0xAD54,0xA513,0x9CF2,0xA534,0xA533,0x9CD2,0x9CD2,0x9CD2,0x9CB2,0xA513,0xA533,0xB595,
    0xA513,0xA4F3,0xAD54,0xA533,0x9CD2,0xA533,0xBDD6,0xBDF7,0xBDD6,0xBDD6,0xB5B6,0xAD54,
    0x9CF2,0x9CD2,0x9CD2,0xA513,0xA513,0xB595,0xCE58,0xC638,0xBDD6,0xAD54,0xA533,0xA513,
    0xA4F3,0xA533,0xA513,0xA4F3,0x9CF2,0x9CD2,0xA513,0xA533,0x9CD2,0x9CD2,0xAD34,0xAD54,
    0x9CD2,0x9CB2,0xA4F3,0xA4F2,0x9CB1,0x9CD2,0x9491,0x8C30,0x9CB1,0x9491,0x8C50,0x9470,
    0x632B,0x5AAA,0x6B2B,0x9470,0x7BCE,0x840F,0x7BCE,0x7BCE,0x7BAD,0x840F,0x8C30,0x840F,
    0x7BCE,0x738D,0x7BAD,0x738D,0x736C,0x6B4C,0x6B4C,0x738D,0x738D,0x7BCE,0x7BAD,0x7BCE,
    0x7BCE,0x840F,0x8C30,0x7BCE,0x738D,0x736C,0x738D,0x840F,0x9491,0x9491,0x840F,0x9471,
    0x9491,0x8C2F,0x840F,0x840F,0x7BAE,0x83EF,0x9491,0x9CD2,0xA4F2,0x9CD2,0xA4F2,0xA513,
    0xAD34,0x9CD2,0xB575,0xA533,0xA4F2,0xA533,0xA513,0xA533,0x9CD2,0x9CB2,0x9CD2,0xA4F2,
    0x9CB1,0x94B1,0x9CB2,0x9471,0x8C70,0x9470,0x94B1,0x9470,0x8C50,0xA4F3,0xC638,0xAD54,
    0x9CD2,0x9491,0x9491,0x94B1,0x94B1,0x9CD2,0x9470,0x9470,0x8C50,0x840F,0x8C2F,0x8C70,
    0x8C50,0x9470,0x94B1,0x9CD2,0x9CF2,0x9CB2,0xA533,0x9CD2,0x9CD2,0x9491,0x8C2F,0x9470,
    0x94B1,0x9470,0x9470,0x9491,0x8C50,0x9491,0x9CB1,0x9CB1,0x9CF2,0xA513,0xAD54,0xAD54,
    0xB575,0xAD34,0x9471,0x8C50,0x8C70,0x9491,0x8C70,0x8C50,0xA513,0x9491,0x7BCE,0x7BAD,
    0x840F,0x8C30,0x842F,0x8C30,0x842F,0x8C30,0x7BCE,0x7BCE,0x7BCE,0x7BAD,0x840F,0x9470,
    0x9470,0x8C50,0x840F,0x8C50,0x8C50,0x738D,0x6B4C,0x738D,0x738D,0x8C70,0x9471,0x842F,
    0x83EE,0x7BCE,0x840F,0x83EE,0x840F,0x8C50,0x8430,0x8C30,0x9491,0x9470,0x8C30,0x840F,
    0x83EE,0x7BCE,0x7BAD,0x7BAD,0x738D,0x6B6C,0x738D,0x842F,0x83EF,0x842F,0x83CE,0x9CB2,
    0xA534,0x9491,0x7BCE,0x7BCE,0x7BCE,0x7BAD,0x7BCE,0x83CE,0x83EE,0x840F,0x8C2F,0x83EE,
    0x83EE,0x7BCE,0x7BAD,0x83EE,0x83EE,0x83CE,0x7B8D,0x83EF,0x83EE,0x83CE,0x83EF,0x83EE,
    0x83EE,0x73AD,0x842F,0x840F,0x83EE,0x8C2F,0x8C2F,0x8C2F,0x94B1,0x9491,0x8C50,0x94B1,
    0x9471,0xA4F2,0xA513,0xB575,0xAD34,0xB595,0xB595,0x9CF2,0x9CB1,0x9CB1,0x9CD2,0x9470,
    0x8C50,0x9470,0x9491,0x9CB1,0xA4F2,0xAD34,0xAD54,0xA4F3,0xAD34,0xA513,0xA513,0x9CD2,
    0xA4F3,0xA4F2,0x9CB1,0x94B1,0xAD54,0x9CF2,0x9CB2,0x94B1,0x9CD2,0x94B1,0x9CB1,0x94B1,
    0x9CD2,0x9CB2,0x94B1,0x9471,0x9471,0x9491,0x9470,0x8C50,0x9CB2,0x9491,0x94B1,0x9CB1,
    0x9491,0x9470,0x9491,0x94B1,0x94B1,0x9CD2,0x9CD2,0xA4F3,0xA4F2,0xA513,0x9CD2,0xA513,
    0xAD34,0x9CD2,0xA4F3,0x9CB2,0xA513,0xAD54,0x94B1,0xA4F3,0xA4F3,0x9CF2,0x9CD2,0xA4F2,
    0xA513,0x9CD2,0x9CD2,0xA533,0xAD54,0xA513,0xA533,0xA4F3,0x9CB1,0x9CD2,0xA513,0xA513,
    0x9CD2,0xA513,0xA513,0x9CF3,0xA533,0xAD54,0x9CD2,0x9CD2,0x9CD2,0xA4F2,0xA513,0xAD54,
    0xA533,0xA4F2,0xA513,0xA533,0xAD34,0xAD34,0xA533,0x9CD2,0x8C50,0x7BCE,0x94B1,0x94B1,
    0x9CD2,0xA533,0xAD54,0xAD34,0xA4F2,0x9CD2,0x9CB2,0x94B1,0x9470,0x8C50,0x8C50,0x9491,
    0x9470,0x8C2F,0x9470,0xA4F3,0x9470,0x9470,0x9491,0x8C70,0x8C70,0x8C70,0x8C70,0xA513,
    0xA513,0x9491,0x8C50,0x842F,0x8C70,0x9CB2,0x9CB1,0x8C70,0x94B1,0x9CF2,0x9471,0x9CD2,
    0xA513,0x94B1,0x9CB1,0x9CB2,0x9471,0x8C70,0x9491,0x9471,0x840F,0x738D,0x7BCE,0x8C71,
    0x840F,0x8C70,0x94B1,0xAD75,0xBDB6,0xAD54,0x9CD2,0xA513,0xAD54,0xAD34,0xB5B6,0xAD54,
    0xA513,0xAD54,0xB5D6,0xBDD6,0xBE17,0xC617,0xBDD6,0xBDD6,0xBDD6,0xC638,0xC638,0xCE78,
    0xCE79,0xC637,0xBDF7,0xBDF7,0xC5F7,0xCE58,0xD6B9,0xD6BA,0xCE58,0xC638,0xBDF7,0xC658,
    0xD699,0xC638,0xC638,0xC637,0xC617,0xC617,0xC638,0xBDF7,0xC617,0xC638,0xC617,0xBDD6,
    0xC617,0xB5B5,0xBDD6,0xBDD6,0xAD54,0xAD54,0xA4F3,0x9491,0x9CF2,0xA533,0xA533,0xA534,
    0x9CD2,0x9491,0x9CD2,0xAD34,0xA513,0xA4F3,0xAD54,0xAD74,0xAD54,0xAD74,0xAD34,0xAD54,
    0xAD75,0xAD34,0xAD54,0xAD54,0xAD54,0xAD54,0xB595,0xAD75,0xAD34,0xA533,0xA534,0xA533,
    0xA513,0xA513,0xA513,0xA513,0xA513,0xA4F3,0xA513,0xA513,0xA533,0xA4F2,0x9CD2,0x9CB1,
    0x9CD2,0xAD54,0xA513,0xA513,0xA4F2,0xA4F3,0xA4F3,0x9CD2,0xAD75,0xBDD6,0xA513,0xA513,
    0xAD34,0xB595,0xB595,0xB595,0xB595,0xB595,0xBDD6,0xAD74,0x9CB1,0x9CD2,0x9CF2,0x9CD2,
    0x9CD2,0xAD54,0xBDD6,0xB595,0xAD74,0xAD34,0xA513,0x9CD2,0x9CD2,0x9CB2,0x9CB2,0x9CD2,
    0xA533,0x9CD2,0x94B1,0x9CB1,0xAD54,0x9CD2,0xAD54,0x9CD2,0x9CB1,0x9CD2,0x94B1,0x9CD2,
    0x9CD2,0x94B1,0x9CB1,0x8C50,0x840F,0x842F,0x8C50,0x8C50,0x7BCE,0x736C,0x7BCE,0x8C50,
    0x7BCE,0x83EF,0x840F,0x8C50,0x9470,0x9470,0x840F,0x83EF,0x7BCE,0x7BCE,0x7BCE,0x738D,
    0x738D,0x736C,0x6B2B,0x6B4C,0x738D,0x7BCE,0x736D,0x7BCE,0x8C2F,0x7BAE,0x7BCE,0x7BCE,
    0x7BCE,0x73AD,0x736D,0x738D,0x840F,0x8C50,0x840F,0x9471,0x8C50,0x6B4C,0x738D,0x840F,
    0x840F,0x8C50,0x9CB2,0x9CB1,0x9CB2,0x9CD2,0x9CF2,0x9CD2,0xAD34,0xAD54,0xA533,0xA513,
    0xAD34,0xA4F2,0x9CD2,0x9CD2,0x9CD2,0x9CD2,0x9CD2,0x9CD2,0x94B1,0x9491,0x9470,0x9CD2,
    0x9491,0x8C70,0x9491,0x9470,0x840F,0x9CD2,0xB5B5,0xA4F3,0x9CD2,0x9CD2,0x9CD2,0x8C50,
    0x9471,0x9CB2,0x842F,0x9470,0x94B1,0x8C70,0x94B1,0x8C50,0x9491,0x9CB2,0x94B1,0x9CD2,
    0x94B1,0x9CB2,0x9CD2,0xA4F3,0xA4F2,0xA513,0xA4F2,0x9CD2,0x9CD2,0x9491,0x8C30,0x9491,
    0x8C30,0x8C50,0x9CB2,0x9CD2,0x9CD2,0x9CB2,0x94B1,0xA4F2,0xA513,0xA513,0x8C50,0x94B1,
    0x8C71,0x8C50,0x9CB1,0x9CD2,0x94B2,0x842F,0x83EF,0x73AD,0x842F,0x8C70,0x7BCE,0x7BCE,
    0x840F,0x8C70,0x8C2F,0x840F,0x7BCE,0x7BCE,0x83EE,0x842F,0x8C70,0x94B2,0x9CF3,0x9491,
    0x9491,0x840F,0x840F,0x7BCE,0x736C,0x840F,0x840F,0x7BCE,0x840F,0x83EF,0x840F,0x840F,
    0x8C30,0x8C50,0x9491,0x94B1,0x94B1,0x9470,0x840F,0x8C30,0x8C30,0x7BCE,0x840F,0x7BCE,
    0x6B4C,0x7BCE,0x736D,0x6B2B,0x736C,0x8C50,0x83EE,0x9470,0x9CD2,0x8C50,0x83EF,0x7BCE,
    0x83CE,0x738D,0x7BAD,0x9491,0x9CB1,0x83EF,0x8C30,0x7BCE,0x7BCE,0x83EF,0x83CE,0x83EE,
    0x83CE,0x83EF,0x840F,0x83EF,0x83EF,0x840F,0x840F,0x83EF,0x6B6C,0x5AEB,0x842F,0x8C50,
    0x9491,0x840F,0x7BCE,0x8C2F,0x9CB1,0x8C2F,0x840F,0x9471,0x9491,0xA513,0xAD54,0xB595,
    0xA4F2,0x9CD2,0xA534,0xAD54,0xA4F2,0x9491,0xA4F2,0x9CF2,0x9471,0x8C50,0x8C50,0xAD54,
    0xAD33,0x94B1,0x9CD2,0xA4F2,0x9CD2,0xA533,0xA513,0xAD75,0xAD34,0xA4F2,0x9CB2,0x9491,
    0xAD54,0xAD54,0xAD34,0x94B1,0x9CB2,0x9CD2,0x9CD2,0x9CD2,0x9CD2,0x9CB1,0x9491,0xAD34,
    0xAD74,0x9CD2,0x9CD2,0x9491,0x94B1,0x9CB2,0x9CD2,0x94B1,0x9491,0x9491,0x94B1,0x9CD2,
    0x9CB2,0x9491,0x9491,0x9CD2,0x9CD2,0x94B1,0x94B1,0x9CD2,0xB595,0x9491,0x94B1,0x9CD2,
    0xA534,0x9CD2,0x9CD2,0x9CD2,0x9CD2,0x9CD2,0x9CD2,0xA513,0x9CD2,0x9CB2,0x9CD2,0x9CD2,
    0xA533,0xB5B5,0xA513,0x9CB2,0x9CB2,0x9CB2,0xA513,0xA513,0xA533,0xA4F3,0xA513,0xAD34,
    0xA4F2,0xA513,0x9CD2,0x9CB1,0x9CB2,0xA4F2,0x9CB1,0x9CB1,0x9CD2,0x9CD2,0x9CD2,0x9CD2,
    0xA533,0xAD75,0xBDD7,0xB595,0xAD34,0x9CD2,0x9CD2,0x9CD2,0x9CB2,0xA4F3,0xA4F3,0x94B1,
    0x9CB2,0x9CD2,0xA513,0x9491,0x8C30,0x8C2F,0x9470,0x9471,0x9491,0x94B1,0x94B1,0x9471,
    0x9491,0x9491,0x94B1,0x8C70,0x94B2,0x9CD2,0x9491,0x9CD2,0x9CB2,0x94B1,0x9CD2,0x94B1,
    0x94B1,0x94B1,0x9491,0x9491,0x94B1,0x9CD2,0x9CB2,0x94B1,0x9CB1,0x9CB2,0xA4F2,0xAD34,
    0xA513,0x94B1,0x94B1,0x9CD2,0x9471,0x8430,0x9CF2,0x94B2,0x840F,0x73AD,0x8C30,0x9CD2,
    0x94B1,0x8C30,0x9CB2,0xA513,0xA533,0xAD54,0xBDD6,0xBDD7,0xB595,0xAD75,0xC638,0xC658,
    0xBDB6,0xC617,0xC638,0xBDD6,0xBDD6,0xC638,0xC658,0xC617,0xBDD6,0xBDF7,0xBDD6,0xBDD6,
    0xC617,0xC617,0xCE58,0xCE79,0xC637,0xC617,0xC617,0xCE58,0xCE79,0xC617,0xC637,0xBDF7,
    0xBDD6,0xC617,0xCE99,0xC637,0xC617,0xC617,0xC637,0xBDD6,0xB5B5,0xB595,0xB5B5,0xBDD6,
    0xAD54,0xA513,0xA534,0xAD54,0xAD54,0xAD54,0xAD54,0xAD34,0xA513,0xA533,0xA533,0xAD54,
    0xAD54,0xAD75,0xAD54,0xAD54,0xB595,0xAD74,0xAD34,0xAD54,0xAD54,0xAD54,0xBDB6,0xBDB6,
    0xB5B5,0xCE58,0xB5B5,0xAD54,0xAD54,0xAD54,0xA4F3,0xA513,0x9CF2,0xA513,0xAD54,0xA513,
    0xA4F3,0xA4F3,0xAD54,0xAD74,0xA534,0xA513,0xA4F2,0x9CF2,0x9CF2,0xA4F3,0xA513,0xAD34,
    0xA533,0xA533,0xA513,0xBDB6,0xC637,0xB595,0xA534,0xAD54,0xB595,0xAD75,0xAD75,0xAD75,
    0xB595,0xBDB6,0xAD34,0x9CD2,0x9CB2,0x94B1,0x9CB2,0x9491,0x9491,0x9CD2,0xA4F3,0x9491,
    0x8C70,0xAD34,0xAD54,0x9CD2,0x9CD2,0x9CD2,0x94B1,0x9491,0x94B1,0x9491,0x9CB1,0x9CB2,
    0xA4F2,0xA4F2,0x9CB1,0x9491,0x9CF2,0x9CD2,0x94B1,0xA513,0xB595,0x9CD2,0x9491,0x8C50,
    0x840F,0x8C50,0x94B1,0x8C70,0x7BCE,0x7BAD,0x738D,0x7BAD,0x738D,0x738D,0x7BCE,0x8C70,
    0x8C50,0x9470,0x83EF,0x840F,0x83EE,0x7BAD,0x736D,0x738D,0x6B2B,0x6B2B,0x6B2B,0x6B2C,
    0x736D,0x736C,0x736D,0x7BCE,0x840F,0x738D,0x7BCE,0x7BCE,0x7BCE,0x7BCE,0x7BAE,0x7BCE,
    0x8C30,0x840F,0x7BAD,0x83CE,0x8C50,0x7BCE,0x7BAD,0x7BAD,0x8C50,0x94B1,0x9491,0x9CD2,
    0x9491,0x9471,0x9470,0x9CB1,0x9CD2,0x9CD2,0x9CB2,0x9CB1,0xA513,0xA513,0xA4F2,0xA4F3,
    0xA4F2,0xAD54,0xA533,0xA513,0xA513,0x9491,0x9CB2,0xA513,0x9491,0x83EE,0x9491,0x94B1,
    0x9470,0x8C50,0xA513,0x9CD2,0x9CB1,0x9CB2,0xA513,0x9491,0x9CD2,0x9491,0x840F,0x8C50,
    0x9491,0x9491,0x9CB1,0x94B1,0x94B1,0x94B1,0x9491,0x94B1,0xA4F2,0x9CB2,0xA4F2,0xAD54,
    0x9CD2,0x9CB2,0xA4F2,0x94B1,0x9491,0x9CB1,0x9491,0x8C2F,0x8C2F,0x8C70,0xA513,0x94B1,
    0x9CD2,0xA513,0xA534,0xA533,0xA4F3,0xAD54,0x9CF2,0x9470,0x8C70,0x8C50,0x9491,0x94B1,
    0x9470,0x8C50,0x8C50,0x842F,0x8C50,0x840F,0x840F,0x7BCE,0x7BEF,0x840F,0x840F,0x840F,
    0x8C50,0x83EF,0x840F,0x9470,0x9491,0xAD75,0xC638,0x94B1,0x8C70,0x840F,0x9491,0x8C2F,
    0x7BCE,0x738D,0x7BCE,0x840F,0x7BCE,0x7BCE,0x7BEF,0x83EF,0x8C2F,0x9491,0x9471,0x8430,
    0x9471,0x94B1,0x9470,0x8C50,0x8C70,0x840F,0x736D,0x62EA,0x52A9,0x5ACA,0x7BCE,0x736C,
    0x738D,0x8C50,0x83EE,0x8C50,0x9CD2,0x8C50,0x8C50,0x840F,0x83EE,0x7BAD,0x6B4C,0x7BAD,
    0x83CE,0x7BAD,0x736D,0x738D,0x7BCE,0x7BCE,0x738D,0x83EF,0x840F,0x7BCE,0x83EF,0x83EE,
    0x83EF,0x83EF,0x83EE,0x840F,0x7BAD,0x7BCE,0x7BCE,0x840F,0x9491,0x8C2F,0x83EF,0x8C2F,
    0x8C50,0x8C70,0x9491,0x9471,0x8C50,0x9470,0xA4F3,0x9CD2,0x9CB2,0xA513,0xAD34,0xB575,
    0xAD54,0x94B1,0x9491,0x94B1,0x9470,0x8C50,0x9470,0x9CB1,0xA533,0xA4F2,0x9CD2,0xA533,
    0x9CB2,0x9CD2,0xA513,0x9CD2,0x9CD2,0xA4F3,0x9CB2,0x9470,0xA534,0xAD34,0xA513,0x9CD2,
    0x9CD2,0xA513,0x9CD2,0x9CB2,0x9CB1,0x94B1,0x94B1,0xA513,0xAD34,0xA4F2,0x94B1,0x94B1,
    0x94B1,0x9CD2,0x9CD2,0x9CB2,0x9CB1,0x94B1,0x9CD2,0x9CD2,0xA4F2,0x9CB1,0x9491,0x94B1,
    0x9CB2,0x9CB2,0x9491,0x94B1,0x9CB1,0x9CB2,0x9CF2,0xA513,0xAD54,0x9CD2,0x9CD2,0xA534,
    0xA513,0x9CD2,0x9CB2,0x9CF2,0x94B1,0x9CD2,0xA4F2,0x9CD2,0xA4F2,0xAD54,0xA4F3,0x9CB2,
    0x9491,0x9CB2,0x9CD2,0x9CD2,0xA4F3,0x9CD2,0xA4F3,0xA513,0xA513,0x9CD2,0xA4F2,0x9CD2,
    0x9CB2,0x9CF2,0x9CD2,0x9CB1,0xA513,0xA513,0x9CD2,0xA4F2,0xA534,0xBDD6,0xCE58,0xBDF7,
    0xAD34,0xA513,0xA4F3,0xAD34,0xA513,0xB5B6,0xB595,0x9CB2,0x94B1,0x9491,0x9470,0x9470,
    0x8C70,0x8C50,0x8C30,0x8C30,0x8C70,0x9CD2,0x9471,0x9CF2,0x94B1,0xA513,0xA533,0x9CD2,
    0x9CB2,0xA533,0xA4F3,0xAD54,0xA513,0x9CB2,0x9CD2,0x9CD2,0x94B1,0x9CD2,0x9CD2,0x94B1,
    0x9CD2,0x9CB2,0xAD54,0xAD54,0x9CD2,0xA4F2,0xAD54,0xA533,0xA533,0xA533,0xA4F3,0x9CD2,
    0x9CF2,0x9CD2,0x9CF3,0xAD54,0x9CD2,0x8430,0x8410,0x8430,0x94B1,0x9491,0x9CF3,0xA513,
    0xB595,0xB5B5,0xAD75,0xB595,0xB595,0xB5B6,0xBDD6,0xBDD6,0xBDD7,0xC617,0xCE79,0xBDD7,
    0xBDD6,0xBDD6,0xBDD6,0xB595,0xB595,0xBDD6,0xBDD6,0xC5F7,0xC617,0xC617,0xC617,0xC638,
    0xC638,0xCE58,0xCE58,0xCE58,0xCE79,0xC638,0xBDF7,0xC637,0xCE78,0xC638,0xC637,0xC637,
    0xC5F7,0xB575,0xB575,0xBDD6,0xB595,0xAD54,0xB5B5,0xBDD6,0xAD74,0xAD54,0xB575,0xAD54,
    0xA513,0xA513,0xAD75,0xAD74,0xB595,0xC617,0xBDD6,0xB595,0xAD74,0xAD54,0xA534,0xA513,
    0xAD54,0xAD54,0xA533,0xAD54,0xAD54,0xB575,0xB595,0xAD74,0xAD34,0xB595,0xAD54,0xA513,
    0xA534,0xA513,0x9491,0x8C50,0x9470,0x9CB2,0xA513,0xA513,0xA513,0xA534,0xB575,0xB595,
    0xB595,0xB575,0xAD54,0xAD54,0xAD54,0xAD54,0xAD54,0xB575,0xA513,0xAD54,0xB595,0xBDD6,
    0xBDB6,0xA513,0xA533,0xAD54,0xAD54,0xAD54,0xAD75,0xB595,0xBDD6,0xAD74,0x9CD2,0x9470,
    0x9CB2,0x9CD2,0x94B1,0x9471,0x9471,0xA4F3,0xA4F3,0x9470,0x94B1,0x9CD2,0x9471,0x9470,
    0x9CD2,0x9CB2,0x9491,0xA4F2,0x9CD2,0x9491,0x9470,0x9CB1,0x9491,0x9491,0x8C50,0x8C50,
    0x94B1,0x94B1,0x9CB1,0x9CD2,0xA513,0x9CD2,0x9470,0x9491,0xA4F2,0x94B1,0x8C50,0x94B1,
    0x83EF,0x6B4C,0x6B2C,0x736C,0x6B6C,0x6B4C,0x7BEE,0x7BCE,0x83EF,0x842F,0x7BCE,0x7BAE,
    0x7BAD,0x736C,0x630B,0x6B2B,0x736D,0x6B4C,0x6B4C,0x736C,0x6B4C,0x736D,0x840F,0x8C2F,
    0x9470,0x9470,0x840F,0x7BAD,0x738D,0x7BCE,0x83EE,0x840F,0x840F,0x83EF,0x840F,0x7BCE,
    0x840F,0x8C70,0x8C30,0x83CE,0x8C2F,0x9CD2,0x94B1,0x9491,0x9470,0x8C2F,0x8C50,0x94B1,
    0x9CD2,0x9CB1,0xA4F3,0xAD54,0xA533,0xA533,0x9CD2,0xA513,0x9CD2,0x9CF2,0xA4F2,0x9CD2,
    0x94B1,0x9491,0x9491,0x94B1,0x9CD2,0x840F,0xA513,0x9CD2,0x94B1,0x9CD2,0x9CD2,0x9CD2,
    0x8C50,0x8C30,0x8C2F,0x94B1,0xA513,0x9471,0x8C2F,0x9470,0x840F,0x8C50,0x9491,0x9CD2,
    0x9CB1,0x9CD2,0x9CD2,0x94B1,0x9CD2,0x94B1,0x9CB2,0xA513,0x9CD2,0x9471,0x9CB2,0xA4F3,
    0x9CD2,0x94B1,0x9CB1,0x9CD2,0xA513,0xAD54,0xB595,0xAD54,0xA534,0xB595,0xA4F2,0x94B1,
    0x94B1,0x9CD2,0x9CB2,0xA513,0xA513,0x9470,0x8C50,0x8C50,0x8C50,0x8C50,0x7BCE,0x842F,
    0x83EF,0x7BCE,0x8430,0x840F,0x83EF,0x7BAE,0x7BCE,0x7BAD,0x840F,0x840F,0x840F,0x8C30,
    0x9491,0x9470,0x8C70,0x8C50,0x8C50,0x8C30,0x83EF,0x7BAD,0x7BCE,0x7BCE,0x7BCE,0x83EF,
    0x7BCE,0x840F,0x8C50,0x8C50,0x842F,0x8C70,0x9491,0x8C50,0x9471,0x94B1,0xA4F3,0xB595,
    0x9CB2,0x8C50,0x7BAE,0x630B,0x62EB,0x5ACA,0x7BCE,0x83EF,0x7BCE,0x840F,0x842F,0x840F,
    0x94B1,0x8C50,0x840F,0x840F,0x738D,0x736D,0x630B,0x5ACA,0x62EA,0x62EB,0x52A9,0x5289,
    0x5AAA,0x630B,0x5ACA,0x62EA,0x738D,0x7BCE,0x736D,0x7BCE,0x7BCE,0x840F,0x83EE,0x8C2F,
    0x840F,0x8C30,0x83EF,0x842F,0x840F,0x9491,0x840F,0x840F,0x8C50,0x8C30,0x9471,0x9491,
    0x9491,0x9470,0x9CD2,0xA513,0xAD74,0xB595,0xA513,0xA513,0xAD34,0x9CB2,0x9CD2,0x9470,
    0x9470,0x9CB2,0x9CB2,0x9CD2,0x9CD2,0xA4F2,0x9CD2,0xAD34,0x9CB2,0x9CD2,0x9CB2,0x9491,
    0x9CB1,0x94B1,0x9470,0x94B1,0x9CD2,0x9CB2,0x9CB2,0xA513,0xA534,0xA4F3,0x94B1,0x9CD2,
    0x9CF2,0x9491,0x9CD2,0x9CB1,0x9CB2,0x94B1,0x94B1,0x9491,0x9491,0x9CB2,0x9CD2,0x9491,
    0x94B1,0x9CD2,0x9CD2,0x9CD2,0x9CD2,0x9CB2,0x9CB2,0x94B1,0x9491,0xA4F3,0x94B1,0x94B1,
    0x9CD2,0x9CD2,0x9CF2,0xAD54,0x9CF2,0xA4F3,0x9CB2,0x9CB2,0x9CD2,0x94B1,0x9CB2,0x9CD2,
    0xA513,0xAD75,0xA513,0x9CD2,0x9CF2,0xA4F3,0xA513,0xA513,0x9CB2,0x9CD2,0xA533,0xA513,
    0xA4F3,0x9CD2,0xA4F3,0xA534,0xA513,0xA513,0xA533,0x9CD2,0x9CB2,0x9CF2,0xA513,0x9CD2,
    0x9CD2,0xA4F2,0xA513,0x9CB1,0x9CD2,0xAD54,0xB575,0xAD74,0xA533,0xA4F3,0xA513,0xAD34,
    0xA513,0xA513,0xA4F3,0x9CD2,0xA513,0x8C50,0x9491,0x8C50,0x840F,0x840F,0x9470,0x9470,
    0x8C70,0x9470,0x8C70,0x9471,0x9CB1,0xA513,0xA513,0x9CD2,0x9CD2,0xA513,0x9CF2,0xAD34,
    0xA513,0x9CB2,0x9CD2,0x9CB2,0x9CF2,0xA513,0xA513,0xA513,0x9CD2,0x9CB2,0xAD54,0xAD54,
    0xAD75,0xA533,0xA533,0xA513,0xA533,0xA513,0xAD74,0xA513,0xA513,0xA534,0xAD75,0xAD54,
    0xA513,0xA513,0x9CD2,0x9CF3,0xAD75,0xAD75,0xAD54,0xAD75,0xB5B5,0xAD75,0xAD75,0xB595,
    0xB595,0xB595,0xBDD6,0xBDD6,0xBDF7,0xC617,0xC617,0xC617,0xBDD6,0xB5B5,0xB5B5,0xB5B6,
    0xBDB6,0xB575,0xB5B5,0xBDD6,0xBDD6,0xC617,0xCE58,0xC638,0xC658,0xCE99,0xCE58,0xCE58,
    0xC638,0xCE58,0xC638,0xC637,0xC617,0xBDD6,0xAD54,0xB5B6,0xBDD6,0xB595,0xAD54,0xAD54,
    0xAD54,0xAD54,0xB595,0xBDF7,0xBDD6,0xBDD6,0xB595,0xAD34,0xB5B5,0xB595,0xAD54,0xAD75,
    0xAD75,0xBDD6,0xCE58,0xC637,0xB595,0xAD54,0xA513,0xA513,0xA513,0xAD75,0xAD75,0xB595,
    0xB595,0xAD54,0xA533,0xA4F3,0xA533,0x9CD2,0x9CD2,0xA513,0x9CD2,0x9CB1,0x94B1,0x9CF2,
    0x94B1,0xA4F2,0xAD54,0xAD54,0xAD54,0xA534,0xA533,0xAD34,0xAD74,0xAD34,0xAD54,0xAD75,
    0xB595,0xAD74,0xAD54,0xAD75,0xA533,0xA534,0xAD74,0xAD54,0xAD54,0xAD34,0xA513,0xAD34,
    0xAD54,0xB595,0xAD54,0xB595,0xB595,0x9CF2,0x9CB2,0x9CD2,0x94B1,0x9491,0x94B1,0x94B1,
    0x9491,0x94B1,0x9491,0x9491,0x94B1,0x9491,0x9471,0x840F,0x9491,0x9471,0x9491,0x9CB2,
    0x94B1,0x9470,0x8C70,0x9491,0x9491,0x8C30,0x840F,0x8C30,0x840F,0x8C2F,0x8C50,0x8C50,
    0x9CB1,0xA513,0x94B1,0x9470,0x9470,0x840F,0x83EF,0x840F,0x8C70,0x8C50,0x83EF,0x73AD,
    0x6B4C,0x6B4C,0x736C,0x6B4C,0x6B0B,0x7BAD,0x7BAD,0x73AD,0x7BAD,0x7BCE,0x738D,0x7BAD,
    0x7BCE,0x6B2B,0x6B2B,0x6B4C,0x736C,0x7BCE,0x9450,0x840F,0x7BCE,0x9470,0x94B1,0x7BCE,
    0x738D,0x7BAE,0x7BCE,0x7BAE,0x7BCE,0x83CE,0x9491,0x9470,0x738D,0x7BCE,0x840F,0x83EF,
    0x840F,0x7BCE,0x9470,0x94B1,0x8C50,0x8C30,0x94B1,0x9CD2,0xA4F2,0x9CD2,0xA513,0xB574,
    0xA533,0x9CD2,0x9CB2,0x9CB2,0x9CD2,0xA4F2,0x9CD2,0xA513,0x94B1,0x9CB1,0x9CB2,0x9491,
    0x9CD2,0x9CB2,0x9CB2,0x9CD2,0xA513,0xA513,0x9CD2,0x9CB1,0x9470,0x7BCE,0x840F,0x9471,
    0x9CD2,0x9CD2,0x94B1,0x840F,0x7BCE,0x8C30,0x8C70,0x8C50,0x9470,0x9CD2,0xA513,0x9CD2,
    0x94B1,0x94B1,0x94B1,0xA4F3,0xAD54,0xA513,0xAD34,0xAD54,0xA513,0xB575,0xB595,0xBDD6,
    0xC617,0xB595,0xAD54,0xB5B5,0xAD54,0xAD54,0x9CD2,0x9470,0x9491,0x8C70,0x8C50,0x9CB2,
    0x9CD2,0x94B1,0x840F,0x9470,0x840F,0x840F,0x8C50,0x8C30,0x840F,0x738D,0x7BAE,0x7BCE,
    0x7BCE,0x7BCE,0x83EE,0x8C70,0x94B2,0x9491,0x8C50,0x842F,0x8C50,0x9CD2,0x842F,0x840F,
    0x8C70,0x8C30,0x8C70,0x8C50,0x840F,0x83EF,0x83CE,0x7BCE,0x840F,0x9471,0x9471,0x9491,
    0x9470,0x9471,0x8C30,0x9471,0x9470,0x9491,0x9CD2,0xAD74,0x9CB2,0x9470,0x840F,0x7BCE,
    0x73AD,0x7BCE,0x7BCE,0x7BAE,0x7BCE,0x7BCE,0x83EF,0x840F,0x8C70,0x8C30,0x738D,0x738D,
    0x7BAE,0x7BAD,0x6B4C,0x5ACA,0x4A69,0x4A48,0x4A69,0x4A69,0x4A28,0x5269,0x5ACA,0x5ACA,
    0x5ACA,0x6B4C,0x736D,0x7BCE,0x7BCE,0x738D,0x7BCE,0x7BCE,0x840F,0x9491,0x8C30,0x840F,
    0x7BCE,0x8C50,0x8C2F,0x8C2F,0x8C2F,0x8C0F,0x9470,0x9491,0x9CB1,0x9470,0x9471,0xA4F3,
    0xB5B6,0xAD54,0xA4F2,0xA533,0xA513,0xA513,0xA513,0x9491,0x94B1,0x9CB1,0x94B1,0xA513,
    0x9491,0x9491,0x9491,0xA513,0xAD54,0xA4F3,0x9CD2,0x9470,0x9CB2,0x9CD2,0x9491,0x9CD2,
    0xA513,0x9CD2,0x9CD2,0xA513,0x9CD2,0x9CB1,0x94B1,0x9CD2,0x9CB1,0x9CD2,0x9CD2,0x94B1,
    0x9470,0x9491,0x9CB2,0x9491,0x9491,0x94B1,0x9CB2,0x9CB2,0x9CB1,0x9CD2,0x9CD2,0x94B1,
    0x9491,0x9CB2,0x94B1,0x9470,0x9491,0xA513,0x9CD2,0x9CF2,0x9CD2,0x9CD2,0x9CD2,0x9CD2,
    0x9CD2,0x9CD2,0xBDD6,0xA513,0x9CF2,0xB575,0xAD54,0xA4F2,0xA513,0xA513,0x9CD2,0xA4F2,
    0xA513,0xA4F3,0xA513,0xA513,0x9CD2,0xA4F2,0xBDD6,0xAD34,0xA4F2,0xB595,0xAD34,0xA4F2,
    0x9CD2,0xBDD6,0xAD54,0xA533,0xA533,0x9CF2,0xA4F3,0x9CD2,0x9CD2,0x9491,0x9CD2,0x9CD2,
    0x9CB2,0xAD34,0xA513,0x9CD2,0xA513,0x9CD2,0x9CD2,0x9CD2,0x9CD2,0x9CB1,0x94B1,0x9491,
    0x8C50,0x9470,0x7BAE,0x6B2C,0x6B2C,0x736C,0x840F,0x8C70,0x9491,0x9491,0x9CB2,0x94B1,
    0x9491,0x9470,0x9491,0x9470,0x9491,0x94B1,0x9491,0x9CB2,0x9491,0x9491,0x94B1,0x9CB2,
    0x94B1,0x9CD2,0xA513,0xA513,0xA4F3,0xA4F3,0xA513,0xAD74,0xB595,0xA533,0xA513,0x9CD2,
    0x9CD2,0xA513,0xA513,0x9CD2,0xA513,0xB5B5,0xBDD6,0xAD54,0xA513,0x9CF2,0xA534,0xA513,
    0xA534,0xA533,0xA533,0xAD54,0xAD34,0xA513,0xAD34,0xB595,0xBDD6,0xBDD6,0xBDD6,0xBDD6,
    0xBDD6,0xC617,0xBDD6,0xBDB6,0xB5B5,0xB595,0xCE58,0xDEFB,0xD6BA,0xCE79,0xBDF7,0xBDB6,
    0xB5B6,0xBDF7,0xC617,0xC617,0xC638,0xC638,0xCE58,0xCE78,0xCE58,0xBDF7,0xC638,0xBDD6,
    0xB5B5,0xBDD6,0xB595,0xBDD6,0xBDF6,0xB5B6,0xB595,0xAD75,0xB5B6,0xB5B6,0xC617,0xC617,
    0xBDD6,0xBDF6,0xAD74,0xAD34,0xAD54,0xAD75,0xB595,0xB595,0xB595,0xAD54,0xBDF7,0xBDF7,
    0xAD54,0xA534,0xA4F3,0xA513,0xA533,0xAD74,0xAD54,0xA513,0xAD54,0xB595,0xAD74,0xA513,
    0xAD54,0x9CD2,0x9CD2,0x94B1,0x9CB1,0x94B1,0x9CD2,0xA533,0x9CD2,0x9CF2,0x9CD2,0xA534,
    0xA513,0xA4F3,0xAD54,0xA4F2,0xA513,0xA533,0xA533,0xAD54,0xB574,0xBDD6,0xB595,0xB595,
    0xBDB6,0xAD54,0xAD34,0xAD54,0xAD54,0xB575,0xB575,0xAD75,0xAD74,0xB5B5,0xB595,0xAD34,
    0xA4F3,0x9CD2,0x9CF2,0x9CD2,0x94B1,0x8C50,0x94B1,0x9CB1,0x9CD2,0x9CD2,0x9491,0x9CD2,
    0xA4F2,0x9CD2,0x94B1,0x9CD2,0x9CB1,0x9470,0x9471,0x9491,0x9470,0x9470,0x9471,0x9491,
    0x9491,0x94B1,0x8C50,0x840F,0x840F,0x8C2F,0x840F,0x8C30,0x8C30,0x9CB2,0x9CB1,0x9CD2,
    0x9471,0x840F,0x7BCE,0x736D,0x8C2F,0x8C50,0x8C2F,0x7BCE,0x738D,0x6B4C,0x7BCE,0x7BCE,
    0x7BCE,0x7BAD,0x736C,0x738D,0x738D,0x738D,0x83EF,0x736C,0x736C,0x6B4C,0x630B,0x6B2B,
    0x736C,0x840F,0x8C2F,0x5ACA,0x630B,0x62EA,0x94B1,0x8C2F,0x7BAD,0x73AD,0x7BCE,0x736D,
    0x6B4C,0x736C,0x8C2F,0x8C70,0x83EF,0x840F,0x842F,0x8C50,0x8C30,0x7BCE,0x8C30,0x94B1,
    0x8C30,0x8C50,0x94B1,0x9CD2,0xA4F2,0xA513,0xAD33,0xBDB5,0xBDD6,0xAD34,0xA4F2,0x94B1,
    0x9CD2,0xA513,0x9CD2,0x9CD2,0x9CB1,0x9CD2,0x9CD2,0x94B1,0x9470,0x9491,0x9CB1,0x9CB2,
    0xAD54,0xA533,0xA4F2,0x9CB2,0x9CB1,0x9470,0x9491,0x9491,0x9470,0xA513,0x9CD2,0x8C2F,
    0x8C50,0x9CB2,0xAD75,0x9491,0x8C50,0x9CB2,0xA513,0xA513,0xB595,0xAD74,0xA4F3,0xA4F2,
    0xAD54,0xAD54,0xB575,0xB5B5,0xB575,0xB575,0xAD74,0xA513,0xA513,0xAD54,0x94B1,0xAD54,
    0xBDD6,0x9CD2,0x94B1,0x8C50,0x94B1,0x8C70,0x9491,0x8C50,0x8C30,0x8C70,0x842F,0x9491,
    0x83EE,0x83EF,0x840F,0x83EF,0x83EF,0x6B4C,0x738D,0x738D,0x7BCE,0x840F,0x8C50,0x840F,
    0x840F,0x83EF,0x840F,0x840F,0x8C30,0x9CB2,0x8C70,0x8C70,0x8C50,0x8C2F,0x8C2F,0x8C50,
    0x9470,0x8C30,0x8C30,0x840F,0x8C70,0x9491,0x8C50,0x9470,0x8C50,0x94B1,0x8C50,0x8C50,
    0x8C50,0x9470,0x9470,0x9491,0x8C50,0x840F,0x83EE,0x83EE,0x83EF,0x83EE,0x7BCE,0x738D,
    0x738D,0x7BCE,0x738D,0x7BCE,0x8C70,0x842F,0x7BCE,0x7BCE,0x7BCE,0x7BCE,0x6B4C,0x738D,
    0x630B,0x62EB,0x4A69,0x630B,0x62EB,0x6B2C,0x6B4C,0x736D,0x738D,0x7BCE,0x8C50,0x842F,
    0x738D,0x7BCE,0x83EF,0x7BAE,0x8C50,0x8C30,0x83CE,0x83EE,0x8C2F,0x8C50,0x840F,0x8C30,
    0x83EF,0x840F,0x842F,0x9CD2,0x9470,0x9CB1,0x8C50,0x9470,0x9CB2,0x9470,0xA4F2,0x9CB1,
    0x9CD2,0xA513,0xA513,0x9CD2,0x9CB1,0x9CB2,0x9470,0x8C50,0x8C50,0x9470,0x9491,0x9CB1,
    0xA4F3,0x9CB2,0x9CD2,0x9470,0x94B1,0x9CB1,0x9CB2,0x9CD2,0x9CD2,0xA513,0x94B1,0x9491,
    0xA4F3,0x94B1,0x9470,0x9CD2,0x9CB1,0x9CB2,0x9CB1,0x9471,0x9470,0x9491,0x94B1,0x94B1,
    0x9491,0x9470,0x9491,0x9491,0x94B1,0x94B1,0x9491,0x9470,0x9470,0x9491,0x9491,0x9491,
    0x9491,0x9CD2,0x9491,0x9CB2,0x9CD2,0x94B1,0x9CF2,0xA4F3,0x9CF2,0x9CD2,0xAD75,0xA533,
    0xA533,0xB5B6,0xB595,0xA533,0xAD34,0xA513,0xAD34,0xAD54,0xAD34,0xA513,0xAD54,0xA4F3,
    0xAD54,0xA513,0xA4F2,0x9CD2,0xA4F2,0x9CD2,0xAD34,0xA534,0xA4F2,0xAD75,0xA4F3,0x9CD2,
    0xA513,0xA4F2,0x9CD2,0x9CB2,0x9CF2,0xA4F2,0x9CD2,0x9CD2,0x9CD2,0xA533,0xA533,0x9CD2,
    0xA513,0xB595,0xA513,0x9CD2,0x9CB2,0xA4F3,0x9CD2,0x9CB1,0x9CB2,0x9470,0x6B6C,0x630B,
    0x6B2C,0x630B,0x736C,0x738D,0x840F,0x8C70,0x9CD2,0x9CD2,0x9CB2,0x8C50,0x8C30,0x8C30,
    0x8C50,0x8C70,0x8C30,0x842F,0x840F,0x7BCE,0x8C30,0x9471,0x94B1,0x9CD2,0x9CD2,0x9CD2,
    0x9CF2,0xAD54,0xAD54,0xA513,0x9CD2,0x9CD2,0xA513,0xA513,0x9CD2,0x9CD2,0x9CB2,0xA4F3,
    0xA513,0xA513,0xA534,0xA513,0x9CF3,0x9CF3,0x9CD2,0xAD75,0xB595,0x9CF2,0xAD54,0xAD75,
    0x9CD2,0xA513,0xAD54,0xB595,0xB595,0xBDD6,0xBDF7,0xBDF7,0xC5F7,0xBDF7,0xB5B6,0xB595,
    0xAD74,0xCE58,0xDF1B,0xD6BA,0xD6BA,0xDF1B,0xD6BA,0xB5B6,0xB5B5,0xC617,0xC617,0xC617,
    0xC617,0xC637,0xC638,0xBE17,0xBDD6,0xBDF7,0xBDD6,0xB5B5,0xC617,0xC617,0xBDD6,0xC5F7,
    0xBDD6,0xBDF6,0xBDF7,0xBDD6,0xB595,0xC637,0xC637,0xBDF7,0xB595,0xAD54,0xAD75,0xAD34,
    0xAD34,0xA513,0xAD54,0xB595,0xB595,0xAD54,0xBDD6,0xBDF7,0xBDD6,0xAD75,0xA4F3,0xAD74,
    0xAD54,0xA513,0xB595,0xB575,0xB595,0xD699,0xBDB6,0xA534,0x9CD2,0x9CF2,0x9CD2,0x9CD2,
    0xAD54,0xAD54,0x9CD2,0x9CD2,0xA4F2,0x9CF2,0x9CD2,0xAD54,0xAD54,0xA513,0xA513,0xA513,
    0xAD74,0xB5B5,0xBDD6,0xC617,0xB595,0xAD54,0xAD34,0xB575,0xAD54,0xB5B5,0xA534,0xB575,
    0xB5B5,0xAD75,0xB595,0xAD54,0xB595,0xAD75,0xAD74,0xA533,0x9CD2,0x9CD2,0x9CB1,0x8C70,
    0x9491,0x9470,0x94B1,0x9CD2,0x9CB2,0x94B1,0x9491,0x94B1,0xA4F3,0x9CD2,0x94B1,0x9CD2,
    0x9CD2,0x8C50,0x8C50,0x8C50,0x94B1,0x9CB2,0x9CD2,0x9471,0x9491,0x9491,0x8C70,0x8C30,
    0x9471,0x9CD2,0x8C30,0x8C30,0x9491,0x9491,0x8C50,0x9470,0x8C50,0x8C70,0x840F,0x7BCE,
    0x83CE,0x840F,0x840F,0x83EF,0x7BAD,0x8C2F,0x9CB2,0xA4F2,0x9CB1,0x94B1,0x7BAE,0x736D,
    0x738D,0x83EF,0x840F,0x6B4C,0x630B,0x6B2C,0x6B4C,0x736C,0x736C,0x7BCE,0x8C2F,0x73AD,
    0x6B6C,0x7BCE,0x9491,0x8C50,0x840F,0x7BCE,0x7BAD,0x736C,0x6B4C,0x6B2B,0x7BCE,0x8C50,
    0x8C30,0x7BAE,0x738D,0x7BCE,0x9471,0x8C30,0x840F,0x842F,0x9470,0x8C50,0x8C30,0xA4F2,
    0x94B1,0x9CD2,0xAD54,0xB575,0xAD54,0xAD34,0xA513,0xA513,0x9CB2,0x9491,0x9CB1,0x94B1,
    0x94B1,0x9CD2,0x9CD2,0x9491,0x8C50,0x9CB1,0x9470,0x9CB1,0xA4D2,0xA513,0xA513,0x9CD2,
    0x9CF2,0x9CD2,0x9CD2,0x9491,0x9CB1,0xA4F2,0xA4F2,0x8C50,0x9470,0x9CB1,0xA533,0x9CD2,
    0x9470,0x9491,0x94B1,0x9CD2,0xB595,0xBDD6,0xC617,0xAD75,0xAD75,0xAD74,0xB575,0xB595,
    0xB575,0xA533,0xAD34,0x9CF2,0x9CD2,0xAD34,0x94B1,0x9CF2,0xB595,0xC638,0xBDD6,0x9491,
    0x9470,0x8C50,0x8C2F,0x840F,0x840F,0x840F,0x840F,0x8C50,0x840F,0x9491,0x840F,0x83EF,
    0x840F,0x7BCE,0x7BCE,0x738D,0x7BAD,0x8C50,0x840F,0x736C,0x7BAD,0x7BAD,0x7BCE,0x8C50,
    0x840F,0x840F,0x94B1,0x9CB2,0x94B1,0x9470,0x8C70,0x9470,0x8C50,0x8C30,0x9470,0x8C50,
    0x8C50,0x8C71,0x8C50,0x8C50,0x8C71,0x8C30,0x842F,0x840F,0x8C2F,0x840F,0x8C50,0x9491,
    0x8C70,0x840F,0x83CE,0x7BCE,0x7BAD,0x7BCE,0x7BCE,0x736D,0x736C,0x736D,0x7BAE,0x8C2F,
    0x8C30,0x7BCE,0x83EF,0x83EF,0x7BCE,0x738D,0x738D,0x7BAD,0x7BAD,0x6B6C,0x6B2B,0x7BCE,
    0x83EE,0x840F,0x7BAD,0x736D,0x7BAD,0x8C50,0x8C70,0x8C2F,0x83EE,0x7BCE,0x7BAD,0x7BCE,
    0x842F,0x840F,0x83EE,0x83CE,0x840F,0x94B1,0x840F,0x840F,0x840F,0x8C50,0x9CB2,0x9470,
    0x94B1,0x9CB1,0x8C30,0x840F,0x9470,0x9491,0x8C2F,0x8C30,0x9CB1,0x9CB1,0x94B1,0x9CD2,
    0xA4F2,0x9CB1,0x9491,0x9491,0x8C70,0x9470,0x8C70,0x9491,0x94B1,0xA513,0x9CB2,0x8C50,
    0xA513,0x9CD2,0x94B1,0x9CB2,0xA513,0x9CD2,0xA513,0xA4F3,0xA513,0x9CD2,0x9491,0x9471,
    0x8C70,0x9470,0x9CB2,0x9CB1,0x9491,0x9491,0x9491,0x94B1,0x9CD2,0x9491,0x9491,0x94B1,
    0x8C50,0x9491,0x9471,0x8C50,0x9491,0x9491,0x94B1,0x9CD2,0x9CD2,0x9470,0x8C50,0x9470,
    0x9491,0x94B1,0x9CF2,0x9CF2,0x9CD2,0x9CF2,0x9CD2,0x9CD2,0x9CD2,0xA533,0xA513,0xA513,
    0xAD54,0xA4F3,0xA533,0xA513,0xA513,0xA4F3,0xA513,0x9CD2,0xA513,0xA513,0xA513,0xA4F2,
    0x9CD2,0xA4F2,0x9CD2,0xA4F2,0xAD34,0xA513,0xA513,0x9CD2,0x9CD2,0xA513,0xA513,0x9CD2,
    0x9CD2,0xAD54,0xA513,0x94B1,0x9CD2,0x9CD2,0x9CD2,0xA513,0xA4F2,0xA534,0xAD34,0xBDD6,
    0xA4F2,0x9CD2,0x9CB2,0xA4F2,0xA513,0x7BCE,0x6B4C,0x6B6C,0x738D,0x6B6C,0x7BAD,0x840F,
    0x8C50,0x9470,0x9CD2,0xB5B5,0x9CD2,0x94B1,0x8C50,0x8C50,0x9470,0x9470,0x8C30,0x840F,
    0x83EE,0x7BCE,0x83EF,0x8C30,0x9471,0x9CD2,0x9CD2,0x9CD2,0xA4F3,0x9CF3,0x9CF3,0xAD54,
    0xA513,0xA513,0xA513,0xB5B6,0xAD54,0x9CD2,0x9CD2,0x9491,0xA534,0xAD74,0x9CD2,0x9CD2,
    0x9CB2,0x9CD2,0x9CD2,0xA533,0xAD75,0xA534,0xA533,0xAD75,0xA513,0xA513,0xAD54,0xB595,
    0xAD54,0xBDB6,0xC617,0xCE79,0xC617,0xBDD6,0xB595,0xAD74,0xB575,0xDEFB,0xD6DA,0xD6DA,
    0xDEFB,0xD6DA,0xD6BA,0xB5B5,0xB595,0xBDD6,0xBDF7,0xC617,0xBDF7,0xC617,0xC617,0xBDF7,
    0xB5B5,0xC617,0xC617,0xC617,0xBDD6,0xBDD6,0xC617,0xBDF7,0xC5F7,0xBDF6,0xC617,0xC638,
    0xBDF7,0xC617,0xC617,0xCE58,0xC617,0xBDD6,0xB575,0xAD34,0xAD34,0xA513,0x9CF2,0xA4F2,
    0xAD34,0xA534,0xC617,0xCE58,0xBDD6,0xAD54,0xA513,0x9CD2,0xA513,0x9CD2,0xAD54,0xB575,
    0xAD75,0xAD74,0xAD74,0xAD34,0xA4F2,0x9CB2,0x9CB2,0x94B1,0x9CD2,0x9CD2,0x94B1,0x9CB1,
    0x9CB1,0x9CB1,0x9CD2,0xA513,0xB575,0xAD74,0xA513,0xA4F3,0xAD54,0xAD34,0xAD54,0xB575,
    0xB575,0xBDB6,0xAD74,0xAD75,0xB595,0xB5B6,0xAD75,0xBDD6,0xB575,0xB5B6,0xB5B5,0xAD54,
    0xAD54,0xB595,0xAD54,0xA4F2,0xAD34,0xA4F2,0xA4F3,0x94B1,0x94B1,0x9491,0x9491,0x94B1,
    0x94B1,0x9CB2,0x9470,0x9470,0x94B1,0x9CD2,0x9491,0x9CB2,0xA534,0x8C70,0x9470,0x9470,
    0x9CB2,0xA4F2,0x9CB2,0x9491,0x9470,0x9471,0x9470,0x9470,0x9CD2,0x8C30,0x9491,0x9491,
    0x9491,0x94B1,0x7BCE,0x630B,0x630B,0x73AD,0x9471,0x7BCE,0x7BAD,0x7BAD,0x7BAD,0x9470,
    0x83EE,0x83EE,0xA4F2,0x9CD2,0x94B1,0x9CB2,0x7BCE,0x738D,0x7BAE,0x7BCE,0x840F,0x630B,
    0x630B,0x6B0B,0x6B2B,0x6B2B,0x630B,0x6B2B,0x738D,0x8C2F,0x9491,0x8C50,0x840F,0x8C2F,
    0x8C50,0x840F,0x83EE,0x7BAD,0x738D,0x736D,0x840F,0x8C2F,0x7BAD,0x736C,0x6B4C,0x6B4C,
    0x8C30,0x7BCE,0x7BCE,0x840F,0x8C30,0x8C70,0x9CB1,0xA4F2,0x94B1,0x9CB2,0xA4F3,0xA513,
    0xA4F3,0xA4F3,0xB575,0xAD54,0x9491,0x9471,0x94B1,0x9491,0x9470,0x8C50,0x9CD2,0x9CD2,
    0x8C50,0x9470,0x9470,0x94B1,0x9CD2,0x9CD2,0x9CF2,0xA533,0x9CD2,0xA4F3,0x9CD2,0x9CB1,
    0x9CB2,0xA513,0xA513,0x9CD2,0x9CB1,0xB595,0xA4D2,0x9491,0x9491,0x8C70,0x9491,0x9CD2,
    0xA513,0xB595,0xDEFB,0xE71B,0xCE79,0xBDD6,0xBDF7,0xBDD6,0xAD34,0xA513,0xA4F2,0x9CD2,
    0x9CB2,0x9CD2,0x9CD2,0xA513,0xAD34,0xB575,0xAD75,0x94B2,0x9491,0x8C70,0x9470,0x840F,
    0x8C2F,0x8C2F,0x8C30,0x7BCE,0x7BCE,0x83EF,0x6B6C,0x7BCE,0x842F,0x840F,0x8C30,0x8C30,
    0x7BCE,0x8C50,0x840F,0x7BAD,0x7BCE,0x7BCE,0x840F,0x94B1,0x8C70,0x9491,0x9491,0x8C50,
    0x9470,0x8C2F,0x8C50,0x9470,0x8C30,0x8C50,0x8C50,0x9470,0x8C50,0x842F,0x840F,0x840F,
    0x8C30,0x8C50,0x8C50,0x8C30,0x8C50,0x842F,0x8C2F,0x840F,0x83EF,0x7BCE,0x7BCE,0x7BAD,
    0x7BAD,0x7BAD,0x7BCE,0x7BAD,0x73AD,0x83EF,0x840F,0x8C70,0x840F,0x7BAE,0x840F,0x840F,
    0x840F,0x7BAD,0x6B4C,0x6B2B,0x736D,0x736D,0x6B4C,0x738D,0x7BAD,0x7BCE,0x83EE,0x7BCE,
    0x7BAE,0x8C30,0x8C50,0x8C2F,0x842F,0x7BCE,0x83EE,0x7BCE,0x83CE,0x83EF,0x7BCE,0x83EF,
    0x83CE,0x83EE,0x840F,0x83EF,0x8C2F,0x8C50,0x8C70,0x8C50,0x8C50,0x8C50,0x9491,0x840F,
    0x8C30,0x94B1,0x9470,0x9491,0x8C50,0x9CB1,0xA513,0xA513,0x9CD2,0x9CD2,0x9CD2,0x9CD2,
    0x9471,0x9470,0x8C30,0x8C50,0x9491,0x9CD2,0x9CB2,0x9491,0x9470,0x9CF2,0x94B1,0x9470,
    0x9CD2,0xA513,0xB595,0xA513,0x9470,0x9491,0xA4F2,0x9CD2,0x94B1,0x9470,0x9CB2,0x9491,
    0x9491,0x9CB1,0x9CB2,0x9CB1,0x9491,0x9491,0x9CB2,0x94B1,0x9491,0x94B1,0x8C70,0x8C50,
    0x9491,0x9CB2,0xA513,0x9CB2,0x9CD2,0x9471,0x8C30,0x8C70,0x94B1,0x9491,0x9CF2,0x9CD2,
    0x9CD2,0xA4F3,0xA4F3,0x9CD2,0xA4F3,0xA513,0xA4F3,0x9CF2,0x9CD2,0xA513,0xA4F3,0xA4F2,
    0xA513,0xA513,0xAD33,0xAD54,0xAD34,0x9CB2,0x9CF2,0xA513,0xA534,0xA4F2,0x9CF2,0xA4F3,
    0xA4F3,0xC638,0xCE58,0xA533,0xA513,0xA4F2,0x9CD2,0xA4F2,0x9CB2,0x9491,0x9CB2,0x9491,
    0x94B1,0xA4F2,0xA4F2,0xA4F2,0xA533,0xA513,0xA534,0xAD75,0xA513,0x9CD2,0x9CD2,0x9CD2,
    0x94B1,0x83EF,0x738D,0x83EF,0x840F,0x8C30,0x8C50,0x8C30,0x8C50,0x9491,0x9CD2,0xA534,
    0xA513,0x9CD2,0x9471,0x8C50,0x8C50,0x94B1,0x8C70,0x9470,0x840F,0x840F,0x8C70,0x8C30,
    0x9491,0x9CD2,0x94B1,0x9CD2,0x9CD2,0x9CD2,0x9CD2,0xA4F3,0x9CF3,0xA534,0xAD54,0xB5D6,
    0xAD75,0xA4F3,0x9CD2,0x9CB1,0x9CD2,0x9CD2,0xA4F3,0xA513,0x9CD2,0x94B2,0x9CD2,0xA513,
    0xAD34,0xAD74,0xA513,0xAD75,0xB595,0xB595,0xAD54,0xAD54,0xAD54,0xB5B5,0xC617,0xB595,
    0xBDD6,0xBDF7,0xBDD6,0xB5B5,0xB595,0xD699,0xD6DA,0xCE99,0xDEFB,0xD6BA,0xC658,0xBDD6,
    0xAD75,0xB595,0xBDB6,0xBDF7,0xBDD6,0xC617,0xC638,0xC617,0xBDF7,0xCE58,0xC617,0xC638,
    0xC617,0xBDF7,0xC617,0xB595,0xB595,0xB5B5,0xBDD6,0xC638,0xC638,0xB5B5,0xBDD6,0xC5F7,
    0xBDD6,0xC638,0xB575,0xA513,0xA513,0xAD75,0xAD54,0xA534,0xA513,0xA513,0xB575,0xAD54,
    0xA533,0xA513,0xB595,0x94B1,0x8C50,0x9CD2,0xAD54,0xAD54,0xAD34,0xA513,0xA513,0xA4F2,
    0x9CB2,0x9CB1,0x94B1,0x9CD2,0x9CD2,0x9CD2,0x9CD2,0x9CD2,0xA4F3,0xA513,0xA513,0xA534,
    0xAD34,0xAD34,0xA533,0xA4F2,0xA513,0xAD34,0xAD34,0xA513,0xA513,0xAD74,0xB595,0xAD75,
    0xBDF7,0xC5F7,0xB5B5,0xBDB6,0xB575,0xB5B5,0xB595,0xAD34,0xAD54,0xB575,0xA534,0xA533,
    0xA533,0x9CD2,0xA533,0x9CD2,0x9CB2,0x94B1,0x9CB2,0x94B1,0x9CD2,0x9CD2,0x8C50,0x9491,
    0x9470,0x9491,0x94B1,0x94B1,0xA513,0x9CB2,0x94B1,0x9CF2,0x9491,0x9CB1,0x9CD2,0x9CD2,
    0x9491,0x9470,0x9491,0x9CD2,0x9CD2,0x9CB1,0x9491,0x840F,0x840F,0x8C70,0x630B,0x5289,
    0x5ACA,0x5ACA,0x840F,0x8C50,0x83CE,0x7BCE,0x7BCE,0x9470,0x738D,0x736D,0x840F,0x9470,
    0x8C50,0x840F,0x736D,0x738D,0x840F,0x738D,0x7BAD,0x736C,0x6B4C,0x6B4C,0x6B2C,0x62EB,
    0x630B,0x630B,0x630B,0x736C,0x83EF,0x7BCE,0x83CE,0x8C50,0x9470,0x9470,0x8C70,0x8C2F,
    0x842F,0x94B1,0x8C50,0x840F,0x7BCE,0x83CE,0x83EF,0x840F,0x840F,0x7BAD,0x7BAD,0x83EE,
    0x9491,0x8C30,0x9470,0x9CB1,0x94B1,0x9CD2,0xA513,0x9CD2,0xA513,0xA533,0xAD74,0xAD54,
    0x9CB1,0x9491,0x94B1,0x9470,0x8C30,0x94B1,0xA4F2,0x9CB1,0x9491,0x9CB1,0x9491,0x9491,
    0x9491,0xA513,0xA533,0xB575,0x9470,0x9491,0x9CB1,0x9CD2,0x9CD2,0x9CD2,0x9CD2,0x94B1,
    0x9CD2,0x94B1,0x73AD,0x6B4C,0x83EF,0x9CD2,0xA4F3,0xAD54,0xB575,0xCE58,0xEF7D,0xFFFF,
    0xE71B,0xC638,0xC617,0xBDD6,0xAD54,0xA513,0x9CB2,0xA4F2,0x9CD2,0x9CB2,0xA4F2,0xA513,
    0x9CD2,0x9CB2,0xA4F3,0xAD34,0x9491,0x8C50,0x9CB2,0xAD74,0x9471,0x8C2F,0x8C2F,0x8C30,
    0x9471,0x842F,0x62EB,0x5289,0x8C70,0x9491,0x7BEE,0x840F,0x94B1,0x9491,0x9491,0x83EE,
    0x7BAD,0x8C30,0x94B1,0x8C50,0x8C30,0x8C70,0x83EF,0x738D,0x73AD,0x738D,0x83EE,0x8C50,
    0x8C70,0x8C70,0x8C30,0x8430,0x8C70,0x8C70,0x8C30,0x840F,0x9470,0x9470,0x9471,0x9491,
    0x9491,0x8C50,0x8C50,0x840F,0x7BAD,0x630B,0x738D,0x7BCE,0x7BCE,0x7BAD,0x738D,0x7BAE,
    0x7BAD,0x7BAE,0x7BCE,0x9471,0x9470,0x840F,0x83EE,0x9470,0x9CD2,0x840F,0x7BAD,0x6B6C,
    0x736C,0x736C,0x6B4C,0x736D,0x738D,0x736C,0x6B4C,0x738D,0x7BCE,0x8C2F,0x9491,0x7BCE,
    0x738D,0x83EE,0x8C50,0x7BCE,0x7BAD,0x840F,0x83CE,0x83EF,0x840F,0x83EF,0x840F,0x840F,
    0x83EF,0x9470,0x9CB2,0x9CD2,0x9470,0x8C50,0x9CD2,0x9491,0x94B1,0x8C50,0x8C50,0x8C30,
    0x8C50,0x9CD2,0xAD54,0xAD54,0x9CD2,0x94B1,0x9491,0x8C50,0x8C50,0x9470,0x9470,0x8C70,
    0x9470,0x94B1,0x94B1,0x9CB2,0x94B1,0x9470,0x9491,0x9CB1,0x9CB2,0x9CD2,0x9CB2,0x94B1,
    0x94B1,0x9491,0x94B1,0x9491,0x9470,0x9491,0x9491,0x9CB2,0x9CB1,0x9491,0x9CB1,0x9CB1,
    0x9491,0x9491,0x9491,0x9CD2,0x9CB2,0x9CD2,0x9CD2,0x9470,0x94B1,0x9CD2,0x9CB1,0x94B1,
    0x94B1,0x9CB1,0x840F,0x9471,0x9471,0x94B1,0x9CF2,0x9CB2,0x9CD2,0x9CD2,0xB595,0xBDD6,
    0xA513,0xA4F3,0xA513,0xA513,0xA513,0x9CF2,0xA4F3,0xA4F3,0x94B1,0xAD34,0xAD54,0xA513,
    0xAD54,0xAD34,0xA4F2,0x9CD2,0xA533,0xA533,0xA513,0xAD54,0xA513,0xAD75,0xB595,0xA513,
    0xA513,0xA4F3,0x9CD2,0x9CD2,0x9CB2,0x9CB2,0x9CB2,0x8C70,0x8C70,0xA4F2,0x9CD2,0xA4F2,
    0xA513,0xA513,0xA533,0x9CD2,0xA4F2,0x9CF2,0xA4F2,0x9CD2,0x9491,0x8C50,0x842F,0x9470,
    0x8C50,0x8C50,0x94B1,0x9491,0x9CD2,0x9470,0x7BAE,0x8C50,0x9CD2,0x9CB2,0x9491,0x8C50,
    0x8C70,0x8C70,0x8C50,0x840F,0x83EF,0x840F,0x8C50,0x9491,0x94B1,0x9CD2,0x9CD2,0xA513,
    0x9CF2,0x9CD2,0xA4F3,0xA513,0x94B1,0x9CD2,0xA4F3,0xA513,0x9CF2,0xA4F3,0x9CD2,0x9CD2,
    0x9CD2,0x9CF2,0xA513,0xAD54,0xA534,0x94B2,0x9CF2,0xAD54,0xAD54,0xAD54,0x9CF2,0xAD54,
    0xC638,0xB5B5,0xB5B6,0xAD75,0xAD75,0xBDD6,0xC617,0xB5B6,0xC617,0xC638,0xBDD6,0xBDD6,
    0xB595,0xB595,0xCE58,0xC658,0xCE79,0xD6BA,0xBDF7,0xB595,0xBDD6,0xBDF7,0xBDD6,0xC617,
    0xBDF6,0xBDF7,0xBDF7,0xBDD6,0xC617,0xBDF7,0xB595,0xAD54,0xAD54,0xB5B5,0xC617,0xBDD6,
    0xB5B5,0xBDF7,0xBDD6,0xBDD6,0xBDF6,0xB595,0xAD54,0xB575,0xB595,0xB575,0xAD54,0x9CD2,
    0xA513,0xAD54,0x9CD2,0x94B2,0x94B2,0xA4F3,0x9CD2,0x9CB1,0x9CB1,0x9491,0x9CB1,0x9CB1,
    0x9CD2,0xA4F2,0xA534,0xAD54,0xAD34,0xA533,0xAD54,0xA513,0xA513,0xAD54,0xA533,0xA4F3,
    0x9CD2,0xA513,0xA513,0xAD34,0xAD54,0xB5B5,0xB595,0xA533,0xA513,0xA533,0xA533,0xA513,
    0xA513,0xA4F3,0xA513,0xB575,0xAD54,0xAD74,0xAD74,0xBDD6,0xBDF7,0xC638,0xBDD6,0xAD54,
    0xB595,0xAD75,0xAD34,0xAD74,0xAD54,0xA533,0x9CF2,0xA533,0xAD54,0xB5B6,0xA4F3,0x9CD2,
    0x9491,0xA4F2,0x9CB2,0x9CB2,0x9CD2,0x9491,0x8C50,0x9471,0x9471,0x9470,0x9470,0x9470,
    0x94B1,0xA4F3,0x9CB2,0xA513,0x94B1,0x94B1,0x9CD2,0xA534,0x9CD2,0x94B1,0x94B1,0x9CD2,
    0xA513,0xA533,0x8C30,0x7BAD,0x83EF,0x8C50,0x83EE,0x736D,0x6B6C,0x7BAD,0x8C2F,0x8C2F,
    0x8C50,0x9470,0x8C50,0xA4F3,0x9CB2,0x7BCE,0x7BCE,0x83EF,0x7BCE,0x840F,0x840F,0x840F,
    0x840F,0x7BCE,0x7BCE,0x738D,0x736C,0x6B4C,0x736C,0x736D,0x6B2B,0x6B4C,0x6B2B,0x736D,
    0x83CE,0x7BCE,0x7BAD,0x840F,0x83EF,0x83EF,0x9491,0x9470,0x8C50,0x9470,0x73AD,0x7BCE,
    0x8C2F,0x8C50,0x9CB1,0x9CB2,0x8C30,0x8C2F,0x8C50,0x8C2F,0x8C30,0x9491,0x94B1,0x9491,
    0x9CD2,0x9CD2,0x9CD2,0x9CD2,0x9CD2,0xA513,0x9CF2,0x9CD2,0x9CD2,0x94B1,0x9491,0x94B1,
    0x94B1,0x9CF2,0x9CD2,0x9491,0x8C50,0x9491,0x9470,0x8C50,0x9491,0x9CD2,0x9CD2,0xA4F2,
    0x94B1,0x9470,0x9491,0x9491,0xA4F2,0x9CD2,0x9491,0x9491,0x9CD2,0x7BCE,0x6B6D,0x7BCE,
    0x73AD,0x9CD2,0xAD34,0xAD74,0xB595,0xAD74,0xB575,0xBDF6,0xC637,0xC617,0xB5B6,0xB595,
    0xAD54,0xA4F2,0x9CB2,0x9491,0x9471,0x9CD2,0xAD34,0xA513,0x94B1,0x9CD2,0x9470,0x9470,
    0x9470,0x9CD2,0x9CD2,0x9CF2,0x9491,0x8C30,0x8C70,0x94B1,0x840F,0x8C2F,0x842F,0x630B,
    0x94B1,0x7BEF,0x5AAA,0x5ACA,0x736C,0x8C30,0x8C30,0x842F,0x842F,0x840F,0x840F,0x842F,
    0x8C50,0x840F,0x6B4C,0x6B6C,0x6B4C,0x7BCE,0x840F,0x83EF,0x83EF,0x7BCE,0x840F,0x8C50,
    0x8C50,0x9491,0x9491,0x9491,0x9470,0x9470,0x9470,0x8C50,0x8C50,0x842F,0x842F,0x8C30,
    0x842F,0x7BAD,0x7BAD,0x840F,0x840F,0x7BCE,0x6B4C,0x630B,0x736D,0x7BCE,0x7BCE,0x7BCE,
    0x842F,0x83EF,0x7BCE,0x840F,0x7BCE,0x6B4C,0x6B6C,0x734C,0x736C,0x6B4C,0x6B4C,0x736D,
    0x6B4C,0x6B2C,0x736D,0x840F,0x7BAD,0x83EF,0x7BCE,0x738D,0x738D,0x7BAD,0x738D,0x7BAD,
    0x840F,0x83EE,0x7BCE,0x8C2F,0x840F,0x83EE,0x840F,0x840F,0x83CE,0x840F,0xA513,0xAD54,
    0x9491,0x8C50,0x840F,0x8C50,0x9470,0x8C2F,0x8C30,0x8C50,0x9470,0xA513,0x9CD2,0x9CD2,
    0x9CD2,0x9CB2,0x9470,0x8C2F,0x8C2F,0x8C50,0x8C50,0x9471,0x94B1,0x9CB2,0x9CB2,0x9471,
    0x9470,0x8C50,0x9491,0xA4F3,0x9470,0x9491,0x9491,0x9CD2,0xA4F2,0xA513,0xA513,0x9CD2,
    0x9491,0x9CB1,0x94B1,0x9CD2,0x9CB2,0xA4F2,0x9CB1,0x9491,0x94B1,0x9491,0x8C70,0x9470,
    0x94B1,0x9491,0x9471,0x9471,0x9491,0x9CB1,0x9CD2,0x9491,0x9470,0x8C2F,0x9471,0x94B1,
    0x8C30,0x9471,0x9CB2,0x94B2,0x9CD2,0x9CD2,0xB595,0xBDD6,0xB575,0xBE17,0xC617,0xBDD6,
    0xAD75,0xAD74,0xA533,0xA534,0x94B1,0xA513,0xAD75,0xAD54,0xAD34,0xAD34,0x9CB2,0x9491,
    0x9CB1,0xA513,0xA513,0xA513,0xA513,0xA513,0xA4F3,0x9CD2,0x9CB2,0x9CD2,0x9CD2,0x9CB2,
    0xA513,0xA513,0xA4F2,0x9CD2,0x9CB1,0x9491,0x94B1,0x9CD2,0x9CB2,0x9CD2,0xA513,0x9CD2,
    0xA4F2,0xB595,0xAD54,0x9CD2,0x9CD2,0x9491,0x9470,0x8C50,0x9491,0x8C70,0x9491,0x9491,
    0x9470,0x73AD,0x6B2B,0x8C70,0xA4F2,0x9491,0x9491,0x8C30,0x8C30,0x840F,0x840F,0x840F,
    0x840F,0x840F,0x840F,0x9CB2,0x94B1,0x9491,0x9491,0x9CD2,0x94B1,0x9471,0x9CD2,0x9CF2,
    0x94B1,0x9CB2,0x9CF2,0xA513,0xAD34,0xA513,0x9CD2,0x9CD2,0xA513,0x9CD2,0xA513,0xA533,
    0x94B1,0x9491,0x9CD2,0x9CD2,0xA513,0xAD54,0xA513,0xAD75,0xB5B6,0xAD74,0xAD54,0xAD54,
    0xB5B5,0xBDD6,0xBDD6,0xC617,0xCE58,0xC638,0xBDD6,0xBDF7,0xBDF7,0xBDD6,0xB595,0xB5B6,
    0xBDD6,0xBDF7,0xBDD6,0xBDD6,0xBDD6,0xC617,0xBDD6,0xBDF7,0xC617,0xC617,0xC617,0xC637,
    0xC617,0xBDD6,0xB5B5,0xB595,0xB595,0xBDD6,0xC638,0xCE58,0xBDD6,0xB595,0xB595,0xB595,
    0xB595,0xB5B5,0xB595,0xB595,0xAD54,0xAD34,0xAD74,0xA4F2,0x9CD2,0x9CD2,0x94B1,0x9CD2,
    0x9CD2,0x94B1,0x94B1,0xA513,0x9CD2,0xA4F2,0xA513,0x9CD2,0x9CF2,0xA4F2,0xA513,0xAD34,
    0xA533,0xA513,0xA513,0x9CF2,0x9CB2,0xA4F2,0xA513,0xA513,0xAD54,0xAD33,0xAD54,0xAD75,
    0xB575,0xBDB6,0xC617,0xBDF7,0xAD54,0xAD33,0xA513,0xA4F3,0xA4F2,0x9CF2,0xA513,0xAD54,
    0xAD75,0xBDB6,0xB595,0xBDB6,0xBDF6,0xC617,0xBDD6,0xBDD6,0xBDD6,0xB575,0xB595,0xB595,
    0xAD54,0xA534,0xB575,0xAD74,0xA513,0xAD34,0x9CD2,0x9470,0x9CB2,0x9CD2,0x9491,0x9CD2,
    0x9491,0x9470,0x9491,0x94B1,0x9CD2,0xA4F3,0x9CB2,0x9470,0x9491,0x9CF2,0x9491,0x9491,
    0xA513,0x9CD2,0xA533,0xA533,0xA513,0xA513,0x9491,0x9CB1,0xAD34,0xC617,0x94B1,0x9470,
    0x840F,0x83EE,0x7BCE,0x8C30,0x8C70,0x840F,0x83EF,0x7BAE,0x8C30,0x9491,0x9470,0xA513,
    0x9CF2,0x83EE,0x83EF,0x840F,0x8C30,0x9491,0x8C50,0x842F,0x840F,0x7BCE,0x7BCE,0x7BAD,
    0x6B4C,0x6B4C,0x7BAD,0x840F,0x840F,0x738D,0x736C,0x83CE,0x83EE,0x738D,0x7BAD,0x9491,
    0x840F,0x7BCE,0x8C50,0x8C2F,0x7BCE,0x736C,0x736C,0x840F,0x8C2F,0x8C50,0x94B1,0x9CD2,
    0x9CB2,0x8C30,0x8C50,0x9470,0x8C50,0x94B1,0x94B1,0x9CB2,0x9491,0x9491,0x9CB2,0x9CD2,
    0x9CB2,0x9CB2,0x9491,0x9CB1,0x9470,0x8C50,0x9491,0x9491,0x9CB1,0x9CD2,0x9CB2,0x9CD2,
    0x9471,0x9491,0x9491,0x8C50,0x9CB1,0x94B1,0x94B1,0xA513,0xAD54,0x9CD2,0x9470,0x9470,
    0x9CD2,0xA513,0x94B1,0x9470,0xA513,0x9491,0x83EF,0x8C50,0x9491,0xA533,0xAD54,0x9CD2,
    0x9CB2,0x94B1,0xA4F3,0xAD54,0xAD75,0xC617,0xA534,0x9CB2,0xA4F3,0x9CB2,0x94B1,0x9491,
    0x9491,0xA513,0xB575,0xA4F2,0x9470,0x8C50,0x9470,0x9470,0x8C70,0x842F,0x842F,0x9491,
    0x9470,0x8C50,0x9491,0x8C70,0x8C50,0x840F,0x6B2B,0x5AA9,0x630B,0x7BCE,0x6B4C,0x6B2C,
    0x738D,0x9CF2,0x8C70,0x8C2F,0x9CD2,0x9491,0x8C30,0x840F,0x842F,0x83EF,0x736C,0x736C,
    0x6B4C,0x738D,0x738D,0x738D,0x7BCE,0x7BCE,0x7BEE,0x8C30,0x8C30,0x8C30,0x9CB1,0x9CB2,
    0x94B1,0x94B1,0x9470,0x8C2F,0x840F,0x842F,0x840F,0x83EF,0x840F,0x840F,0x83EE,0x7BCE,
    0x7BCE,0x738D,0x7BAE,0x7BAD,0x7BCE,0x7BAD,0x738D,0x736D,0x6B6C,0x738D,0x83EE,0x840F,
    0x736D,0x6B4C,0x6B2B,0x6B0B,0x6B2B,0x6B2B,0x6B2C,0x630B,0x630B,0x6B2C,0x738D,0x7BCE,
    0x6B4C,0x7BCE,0x7BAD,0x738D,0x7BCE,0x83CE,0x83EE,0x7BCE,0x7BCE,0x7BCE,0x7BCE,0x7BCE,
    0x7BCE,0x7BAD,0x7BCE,0x83EE,0x83EF,0x840F,0x840F,0x83EF,0x83EF,0x840F,0x8C2F,0x9470,
    0x8C2F,0x9470,0x8C50,0x8C50,0x9CB1,0x8C50,0x9471,0x9CD2,0x9491,0xAD34,0xA4F2,0x9CB2,
    0x8C70,0x9491,0x9CB2,0x9CB1,0x94B1,0x9491,0x9CB1,0x9491,0x9CD2,0x8C30,0x8C50,0x9CF2,
    0x9491,0x8C50,0x8C50,0x9CB2,0x9CD2,0xAD54,0xAD54,0x9CD2,0x94B1,0x9CB2,0x9CD2,0x9CB1,
    0x9CD2,0x9CB1,0xA4F2,0x9CD2,0x94B1,0x9CB2,0x9CD2,0x9CB2,0x9CD2,0x9CB2,0x9CD2,0x94B1,
    0x9491,0x9471,0x9471,0x9CB2,0x9491,0xB595,0xAD54,0xA533,0x9CB2,0x8C70,0x94B2,0x9CF3,
    0x9CF2,0x9CD2,0x9CD2,0x9CD2,0xB595,0xBDD6,0xB5B6,0xB595,0xAD74,0xAD54,0xA533,0xA513,
    0xA4F2,0xA4F2,0xA4F3,0x9CD2,0xA513,0xA513,0x9CB2,0x9CB2,0x9CB2,0xA4F3,0xA513,0x9CD2,
    0xA4F3,0xA513,0xA513,0xA513,0x9CB1,0x9CD2,0x9CD2,0xA4F3,0xA533,0xAD34,0xA513,0xA513,
    0xA4F2,0xA4F2,0x9CB2,0x9491,0x9471,0x9491,0x9CB2,0x9CB1,0xA4F2,0xAD75,0xA4F2,0x94B1,
    0x9CD2,0x9CB2,0x9491,0x8C50,0x9CD2,0x9CB1,0x9470,0x8C70,0x840F,0x6B2C,0x7BCE,0xA513,
    0x9CD2,0x94B1,0x8C70,0x8C2F,0x9491,0x8C30,0x840F,0x842F,0x840F,0x840F,0x8C50,0x9491,
    0x9471,0x9CF2,0x8C70,0x842F,0x840F,0x8C70,0x8C50,0x9471,0x9CD2,0x9CF2,0xA513,0xA533,
    0xA533,0xA4F3,0x9CF2,0x9CD2,0xAD54,0xB595,0xAD34,0x9CD2,0x9CD2,0x9CB2,0x9CB2,0xA513,
    0xA513,0xA513,0xAD34,0xB5B6,0xB5B5,0xAD75,0xAD75,0xB595,0xB595,0xBDF6,0xBDD6,0xC617,
    0xC638,0xC638,0xBDB6,0xBDF7,0xBDF7,0xC617,0xB5B6,0xB5B6,0xBDD6,0xB5B5,0xBDD6,0xB5B6,
    0xB5B6,0xC617,0xC617,0xC5F7,0xBDF7,0xC617,0xC617,0xC638,0xC617,0xC617,0xC5F7,0xBDF7,
    0xC638,0xC5F7,0xBDF7,0xC637,0xD699,0xC617,0xBDD6,0xBDD6,0xBDB6,0xB5B5,0xC617,0xB595,
    0xAD74,0xB575,0xAD74,0xAD34,0x9CD2,0x9CB1,0x94B1,0x9491,0x94B1,0x9CB2,0x9CB2,0x9CF2,
    0xA4F3,0xA4F3,0xA513,0xAD54,0xA513,0x9CD2,0xA4F3,0x9CD2,0xA513,0xA513,0xA4F2,0xA513,
    0xA533,0x9CD2,0x9CD2,0xAD34,0xB575,0xB575,0xB595,0xAD75,0xBDD6,0xB595,0xBDD6,0xBDD6,
    0xB5B5,0xBDB6,0xBDB6,0xB575,0xB595,0xAD54,0xAD74,0xB575,0xAD75,0xB595,0xB595,0xC617,
    0xDEDA,0xCE58,0xC637,0xC638,0xBDB6,0xB595,0xC617,0xBDD6,0xAD54,0xA533,0xB595,0xAD54,
    0x9CB1,0x9CD2,0x9CD2,0x9491,0x94B1,0x9CB2,0x9491,0x9CB1,0x8C70,0x8C70,0x9491,0x9491,
    0x9CD2,0xA513,0x9491,0x9470,0x9491,0x9CD2,0x94B1,0x94B1,0x9470,0x9471,0x9CD2,0xA4F2,
    0xA4F2,0x9CD2,0xA513,0x9CB1,0xA4F2,0x9CD2,0x9CD2,0xA533,0x8C30,0x7BCE,0x736C,0x738D,
    0x8C30,0x736D,0x738D,0x840F,0x8C30,0x840F,0x83EF,0x83EF,0x840F,0x7BCE,0x83CE,0x840F,
    0x9470,0xA4F3,0x9CD2,0x840F,0x8C50,0x8C30,0x840F,0x8C50,0x840F,0x83EF,0x840F,0x7BCE,
    0x7BCE,0x83EE,0x83EF,0x840F,0x7BAD,0x6B4C,0x7BAD,0x9491,0x94B1,0x840F,0x7BCE,0x7BCE,
    0x7BAD,0x738D,0x8C30,0x9CD2,0x9CB1,0x9470,0x9470,0x8C50,0x8C30,0x83CE,0x840F,0x842F,
    0x9470,0x9470,0x8C70,0x9470,0x8C50,0xA4F2,0x9CB1,0x9470,0x94B1,0x9CD2,0x9491,0x9491,
    0x9470,0x8C50,0x8C50,0x8C2F,0x9470,0x9471,0x9470,0x9CB1,0x9CD2,0x9470,0x9CB2,0x94B1,
    0xA4F2,0xA4F3,0xAD54,0xB595,0xBDB6,0xAD74,0xA513,0x9CB1,0x9491,0x9CD2,0x9CD2,0x9470,
    0x94B1,0xA513,0xA513,0x9CD2,0xA4F3,0xA4F3,0x9CD2,0x9CD2,0x9471,0x9491,0xA534,0xA533,
    0x9CD2,0x9CF2,0xA513,0x9CB2,0x94B1,0x9CB2,0x9CB1,0x9CD2,0xA513,0x9CD2,0xB5B5,0xAD54,
    0x9CD2,0x8C30,0x9470,0x8C50,0x8C50,0x7BCE,0x7BCE,0x9491,0x9CD2,0x9CD2,0x9470,0x8C70,
    0x8C30,0x7BCE,0x5ACA,0x4A68,0x5289,0x630B,0x842F,0x9CD2,0x9471,0x9471,0x842F,0x8C2F,
    0x8C30,0x94B1,0x9491,0x9470,0x83EF,0x8C2F,0x7BCE,0x736D,0x6B4C,0x6B4C,0x736D,0x7BCE,
    0x7BCE,0x7BCE,0x83EF,0x840F,0x840F,0x9470,0x9491,0x9470,0x9470,0x8C50,0x840F,0x8C30,
    0x840F,0x840F,0x840F,0x7BEE,0x7BCE,0x7BCE,0x7BCE,0x7BCE,0x7BCE,0x73AD,0x7BAD,0x8C30,
    0x842F,0x83EF,0x73AD,0x736D,0x7BAD,0x7BCE,0x7BCE,0x7BAD,0x7BCE,0x738D,0x736D,0x738D,
    0x736D,0x6B4C,0x736C,0x6B4C,0x6B2B,0x6B2C,0x6B2C,0x6B2B,0x6B4C,0x6B4C,0x6B4C,0x7BAD,
    0x738D,0x7BAD,0x7BAD,0x7BCE,0x736C,0x7BAD,0x840F,0x7BAD,0x7BCE,0x840F,0x7BCE,0x7BCE,
    0x840F,0x83CE,0x7BAD,0x83CE,0x840F,0x83EF,0x842F,0x8C50,0x94B1,0xA4F3,0x9CB2,0x94B1,
    0xA4F3,0x9470,0x8C50,0x8C30,0x8C2F,0x9CB1,0xA513,0x9491,0x94B1,0x9470,0x9471,0x9491,
    0x9471,0x9470,0x9CB1,0xAD54,0xA534,0x9471,0x840F,0x94B1,0xA513,0x8C50,0x8C70,0x94B1,
    0x94B1,0xA513,0xAD34,0xA513,0x9CB2,0xA533,0xAD54,0x9CD2,0xA533,0xA4F2,0xA533,0xA4F3,
    0x9CB2,0x9CF2,0x9CB2,0x9CB2,0x9CB2,0x9CD2,0x9CD2,0xA513,0xAD74,0xA513,0x9CB2,0xA4F2,
    0x9CD2,0xAD54,0x9CD2,0x94B2,0x9CF2,0x9471,0x9491,0x9CB2,0x9CD2,0x9CD2,0x9CD2,0x9CD2,
    0x9CD2,0xA513,0xA513,0xA513,0x9CB1,0x9CF2,0x9CD2,0x9CD2,0xA4F3,0xA4F2,0xAD34,0xA4F3,
    0xA4F3,0xA513,0x9CD2,0x9CB2,0x94B1,0x9CD2,0xA533,0xA4F2,0xA513,0x9CD2,0xA513,0xA513,
    0xAD74,0xAD54,0xAD34,0xAD34,0xA533,0xA513,0xA4F2,0xA513,0xAD34,0xA4F2,0x9CB2,0x94B1,
    0x9CB1,0x9CB1,0x9CB1,0x9CB1,0xA4F3,0xA4F2,0x9CB2,0xA513,0x9CB2,0x94B1,0x9CD2,0xAD74,
    0xAD74,0x94B1,0x9470,0x9CB2,0x8C30,0x840F,0x9CD2,0xA513,0x9491,0x9470,0x9470,0x8C50,
    0x9470,0x8C30,0x8C30,0x842F,0x840F,0x8C30,0x8C70,0x8C50,0x9CB2,0x9CD2,0x8C70,0x8430,
    0x9491,0x9CD2,0xA513,0x94B1,0x9CD2,0x9CF2,0xAD34,0xAD74,0xA534,0xA533,0xAD54,0xAD74,
    0xB595,0xA533,0x9CF2,0x9CB2,0x9CB2,0x9CF2,0x9CF2,0xA513,0xA534,0xAD34,0xAD54,0xAD54,
    0xAD54,0xAD34,0xAD54,0xAD75,0xB5B5,0xBDD6,0xB5B6,0xC617,0xCE79,0xC638,0xBDF7,0xBDD6,
    0xBDF7,0xC617,0xC617,0xBDD7,0xBDD6,0xBDD6,0xC617,0xC637,0xBDD6,0xBDD6,0xC638,0xC638,
    0xC617,0xC617,0xC617,0xBDF7,0xC617,0xBDD6,0xBDD6,0xBDD6,0xBDD6,0xC617,0xC617,0xBDF7,
    0xBDF7,0xC617,0xC617,0xC617,0xB575,0xA534,0xB5B5,0xBDD6,0xAD54,0xA513,0xA4F2,0x9CB2,
    0x9CB2,0x9CD2,0x9CD2,0x9CD2,0x9CF2,0x9CF2,0x9CD2,0xA4F2,0x9CD2,0x9CB2,0x9CB1,0x9CD2,
    0x9CD2,0x9CD2,0xA513,0xA513,0x9CD2,0x9CD2,0x9CB2,0x9CB2,0xA513,0xA4F3,0xA513,0xAD54,
    0xAD54,0xAD54,0xAD34,0xB575,0xB5B5,0xB595,0xAD74,0xBDD6,0xB595,0xBDD6,0xBDD6,0xB595,
    0xAD34,0xB595,0xBDB6,0xB595,0xBDD6,0xBDF7,0xC5F7,0xC638,0xCE79,0xC617,0xBDD6,0xB595,
    0xB5B6,0xB575,0xAD74,0xAD54,0x9CF2,0x9CB2,0x9CF2,0x9CD2,0x9CD2,0x94B1,0x9CD2,0x94B1,
    0x9470,0x9491,0x9491,0x9470,0x9491,0x9CB1,0x9491,0x9CB1,0x9CB1,0x94B1,0x9CB2,0x9491,
    0x9491,0x9CD2,0x9CF2,0x9CB2,0xA4F2,0xA4F2,0x9CB2,0x9471,0x9CB1,0x9CB1,0x9CF2,0x94B1,
    0xA4F2,0x8C30,0x9470,0xA513,0x8C2F,0x7BAD,0x6B4C,0x630B,0x6B2C,0x6B4C,0x840F,0x9471,
    0x9470,0x840F,0x840F,0x8C2F,0x8C30,0x7BCE,0x7BAD,0x7BAD,0x7BCE,0x7BCE,0x7BCE,0x8C50,
    0x8C50,0x9470,0x83EF,0x8C50,0x8C50,0x842F,0x8C30,0x840F,0x83EE,0x840F,0x83EF,0x738D,
    0x736D,0x7BCE,0x8C30,0x840F,0x8C50,0x83CE,0x736C,0x738D,0x7BAD,0x7BAD,0x9491,0x9491,
    0x9471,0x8C50,0x8C2F,0x83EF,0x736D,0x736D,0x736C,0x7BAD,0x8C30,0x9471,0x9470,0x8C30,
    0x8C50,0x9471,0x8C70,0x8C2F,0x9491,0x9CB2,0x9CF2,0x9491,0x9470,0x94B1,0xA4F3,0x9491,
    0x9470,0x9491,0x9491,0x9CD2,0xA513,0x9CB1,0xAD54,0xAD54,0xA4F3,0xA4F2,0xAD33,0xA513,
    0xAD54,0xAD75,0xA513,0x9CB2,0x9491,0x94B1,0x9CD2,0x9CB2,0x8C70,0x8C50,0x9CB1,0x9CB1,
    0x9491,0xB575,0xAD75,0x9CF2,0x9491,0x9491,0x94B1,0x9CD2,0x9CD2,0x9CF2,0x9CB2,0x9CB2,
    0x9491,0x9CB2,0x9CB2,0x9CD2,0x8C70,0x7BAE,0x83EF,0x8C30,0x9CF2,0x9470,0x9470,0x840F,
    0x8C30,0x8C50,0x8C2F,0x840F,0x9470,0x94B1,0x9491,0x8C50,0x7BCE,0x7BEE,0x62EA,0x5AAA,
    0x6B2B,0x736C,0x7BCE,0x8C30,0x840F,0xA513,0x9491,0x840F,0x8C2F,0x8C30,0x8C70,0x840F,
    0x840F,0x9470,0x83EF,0x7BCE,0x7BCE,0x7BAD,0x736C,0x7BCE,0x7BCE,0x840F,0x8C50,0x840F,
    0x842F,0x9CB2,0xA513,0xA513,0x9CF2,0x8C30,0x8C50,0x8C2F,0x83EE,0x840F,0x7BCE,0x840F,
    0x840F,0x7BCE,0x83EF,0x7BAE,0x7BCE,0x7BCE,0x7BCE,0x9470,0x83EE,0x6B4C,0x630B,0x738D,
    0x840F,0x842F,0x7BCE,0x736D,0x738D,0x6B4C,0x736C,0x7BAD,0x6B4C,0x6B2C,0x6B4C,0x6B4C,
    0x6B4C,0x6B2B,0x6B2B,0x6B4C,0x6B4C,0x6B4C,0x6B4C,0x738D,0x736D,0x73AD,0x7BAD,0x7BAD,
    0x738D,0x83CE,0x7BCE,0x7BCE,0x83EE,0x840F,0x840F,0x7BCE,0x7BCE,0x83EF,0x7BCE,0x7BCE,
    0x83EF,0x840F,0x83EF,0x842F,0x94B1,0x9CB1,0x94B1,0x9CB1,0x94B1,0x94B1,0x9470,0x8C50,
    0x9470,0x9CB1,0x94B1,0x9470,0x9471,0x9491,0x9491,0x9CB1,0xA513,0x9CD2,0x9CB2,0xA533,
    0x9CD2,0x9491,0x9CB1,0x94B1,0xA4F3,0x9CB2,0x9CD2,0x9CB1,0x9470,0xA513,0xAD34,0xA513,
    0xA4F2,0x9CD2,0x9CB1,0x9491,0x9491,0x9CB1,0x9CB1,0xA4F2,0xA513,0xA4F2,0xA4F2,0x9CD2,
    0xA4F2,0x9CD2,0x9CF2,0xA513,0xA513,0xA4F3,0xA4F3,0xA4F2,0x9CF2,0x9CD2,0x9CD2,0xA513,
    0x94B2,0xA513,0xAD54,0xAD54,0x9CF3,0x9CD2,0x9CD2,0x9CD2,0x94B1,0x9CF2,0xA4F3,0x9CD2,
    0x9CD2,0xA4F3,0x9CD2,0x9CF2,0xA4F3,0xA513,0xA4F3,0x9CF2,0x9CD2,0xA513,0xA513,0xA533,
    0xA513,0x9CD2,0xA4F2,0xA513,0xAD34,0x9CB2,0xA513,0xA533,0xB595,0xAD54,0xAD54,0xAD34,
    0x9CD2,0xA4F3,0xA513,0xA4F2,0xA4F2,0x9CD2,0x9CB2,0x9CD2,0xA513,0xA4F2,0x9CD2,0x9CB2,
    0xAD34,0xA533,0x9CB2,0xA513,0x9CB2,0x9CD2,0xAD34,0xA533,0x9CD2,0x9CB2,0x94B1,0x9CB2,
    0x9491,0x9CD2,0xA513,0x9CD2,0x8C50,0x8C2F,0x8C2F,0x840F,0x8C50,0x840F,0x842F,0x840F,
    0x840F,0x9471,0x9491,0x94B1,0x9CF2,0x8C70,0x9471,0x94B1,0x94B1,0x9CD2,0xAD54,0x9CD2,
    0x9491,0x9CD2,0xA4F3,0xB595,0xBDD6,0xAD54,0xAD74,0xAD34,0x9CD2,0x9CD2,0x94B1,0x94B1,
    0x9CD2,0xAD74,0xAD75,0x9CF2,0xA513,0xA4F3,0xAD75,0xAD54,0xA534,0xB595,0xAD74,0xA513,
    0xA533,0xA513,0xB5B6,0xD699,0xBDF7,0xB595,0xC617,0xBDF7,0xC617,0xBDF7,0xC638,0xCE58,
    0xC617,0xC637,0xC637,0xC638,0xC637,0xC617,0xC617,0xC638,0xCE58,0xCE58,0xC638,0xBDF7,
    0xC617,0xC617,0xBDF7,0xC638,0xBDD6,0xBDF7,0xC617,0xBDB6,0xB595,0xB595,0xBDD6,0xB5B5,
    0xAD34,0xAD54,0xB5B5,0xBDD6,0xB575,0xAD75,0xAD54,0xB575,0xB595,0xAD54,0xA513,0xAD34,
    0xAD34,0xA513,0xA4F2,0x9CB2,0x9CD2,0xA513,0xA4F2,0x9CB1,0x9491,0x9491,0x94B1,0x9CB1,
    0x9CF2,0xA4F2,0x9CD2,0xA513,0x9CD2,0x9CB1,0x9CD2,0xAD34,0xA513,0xA4F3,0xA513,0xAD54,
    0xAD54,0xA533,0xAD54,0xAD54,0xAD34,0xAD54,0xAD54,0xB595,0xB5B5,0xBDD6,0xB5B5,0xAD54,
    0xB5B6,0xBDD6,0xBDD6,0xBDF7,0xC617,0xBDB6,0xB575,0xAD54,0xAD75,0xAD54,0xA534,0x9CD2,
    0x9CB2,0x9CD2,0x9CD2,0x9491,0x9491,0x8C70,0x9CD2,0x9491,0x9471,0x9491,0x9CB1,0x94B1,
    0x9470,0x94B1,0xA4F3,0x9CD2,0x9CD2,0xA513,0x9CD2,0x9CD2,0x9CB1,0xA513,0x9CD2,0xA4F2,
    0xB575,0x9CD2,0xA4F3,0xA513,0x9CD2,0x9CB1,0x9CD2,0x9491,0x9491,0x9CB2,0x9471,0xA4F2,
    0x8C30,0x62EB,0x62EB,0x62EB,0x6B2C,0x7BAE,0x8C2F,0x94B1,0x9CB2,0x8C70,0xA4F2,0x94B1,
    0x83EF,0x7BCE,0x7BCE,0x7BCE,0x83CE,0x9CB1,0x9CD2,0x8C2F,0x7BAD,0x7BCE,0x7BCE,0x9471,
    0x9CB2,0x8C30,0x842F,0x9491,0x8C50,0x840F,0x7BAD,0x7BAD,0x738D,0x7BCE,0x83EF,0x840F,
    0x840F,0x9491,0x8C50,0x83EE,0x842F,0x83CE,0x83EF,0x8C30,0x8C30,0x9470,0x8C70,0x83CE,
    0x7BAD,0x83EF,0x7BCE,0x7BAE,0x8C30,0x94B1,0x8C70,0x840F,0x83EF,0x8C50,0xA533,0x94B1,
    0x8C50,0x9470,0x9CB1,0xA513,0xA533,0x9CB2,0xA513,0x94B1,0x9CB2,0x94B1,0x9CB1,0x9CB1,
    0x94B1,0x94B1,0x9CD2,0xA513,0x9CD2,0x9491,0x9CD2,0xA4F3,0xA513,0xA4F2,0x9470,0x8C50,
    0x94B1,0xA4F2,0x9491,0x9491,0x9491,0x9491,0x94B1,0x9CB1,0x94B1,0xB595,0xB595,0xA513,
    0x9491,0x9471,0x9CD2,0xA513,0x94B1,0x9CD2,0x9491,0x9470,0x9491,0x8C2F,0x94B1,0x9CF2,
    0x9471,0x840F,0x7BCE,0x842F,0x83CE,0x7BCE,0x8C30,0x94B1,0x9470,0x840F,0x83CE,0x7BCE,
    0x83EE,0x9CB2,0xAD75,0x9CF2,0xA513,0xA513,0x83EF,0x7BCE,0x840F,0x840F,0x840F,0x8C50,
    0x8C70,0x9491,0x840F,0x7BAD,0x83EF,0x8C30,0x840F,0x736C,0x736C,0x83EE,0x840F,0x840F,
    0x8C50,0x9470,0x840F,0x8C2F,0x9CB1,0x9CD2,0x9CD2,0x8C50,0x9CD2,0x9470,0x8C70,0x9CD2,
    0xAD54,0xA513,0x9491,0x8C50,0x840F,0x83EF,0x736D,0x7BAD,0x7BAD,0x7BAD,0x840F,0x7BCE,
    0x7BAD,0x738D,0x83EE,0x8C50,0x7BCE,0x7BAE,0x738D,0x7BCE,0x840F,0x738D,0x736D,0x738D,
    0x736D,0x7BAE,0x7BAD,0x7BCE,0x83CE,0x7BAE,0x6B4C,0x6B4C,0x738D,0x7BAD,0x736C,0x6B4C,
    0x736C,0x738D,0x738D,0x736C,0x738D,0x7BAE,0x8C50,0x7BCE,0x738D,0x83EE,0x738D,0x83EE,
    0x840F,0x9470,0x8C50,0x83EE,0x7BCE,0x8C2F,0x840F,0x7BAD,0x840F,0x7BCE,0x7BAD,0x83EE,
    0x842F,0x9491,0x9CD2,0xAD74,0xA4F3,0xA4F2,0xA4F3,0xAD74,0x9CF2,0x9CD2,0x9491,0xA4F2,
    0x9491,0x9491,0x9CD2,0x9CD2,0xA513,0xA534,0x9CB1,0x9CD2,0xA513,0x9CD2,0x9CB2,0x9CD2,
    0xA4F2,0x9CB2,0x9CB1,0x9471,0x9491,0xA513,0xAD54,0xAD34,0x9CB2,0x9491,0x9CD2,0x9CB2,
    0x94B1,0x9491,0x9CB1,0x9CD2,0xA4F2,0x9CD2,0x9CD2,0x9CD2,0x9CF2,0x9CD2,0x9CD2,0xA4F3,
    0xAD34,0xA513,0xA513,0x9CF2,0xA4F3,0xA513,0xA534,0xB595,0xAD75,0xA513,0xAD54,0xAD54,
    0x9CD2,0x9CD2,0x9CB2,0x94B2,0x9CD2,0x9CD2,0xA513,0x9CD2,0x9CB2,0x9CD2,0x9CB2,0x9491,
    0x9CD2,0xA4F3,0x9CB2,0x9CB1,0x9CD2,0x9CF2,0xA513,0xA513,0x9CF2,0xA4F2,0x9CD2,0xA4F2,
    0xA513,0xA4F3,0xA513,0xA513,0x9CF2,0xA533,0xAD54,0xA533,0xA4F2,0x9CD2,0x9CD2,0xA513,
    0xA513,0xA4F2,0x9CD2,0x94B1,0x9CB1,0xA4F2,0xA4F2,0x9491,0x94B1,0x9CB2,0x9CB2,0x9CD2,
    0xA534,0xA533,0xA513,0xA4F3,0x9471,0x9470,0x94B1,0xA513,0x9CD2,0xA513,0xA4F2,0x9491,
    0x8C50,0x840F,0x840F,0x9491,0x842F,0x7BCE,0x7BCE,0x7BCE,0x83EF,0x8C50,0x94B1,0x9470,
    0x8C50,0x8C50,0x8C50,0x8C50,0x8C50,0x94B1,0x94B1,0x9491,0x9471,0x9CD2,0x9CF2,0xAD54,
    0xAD75,0xA513,0x9CD2,0x9CB2,0x9CD2,0xAD34,0xA533,0xA4F2,0xA513,0xA534,0xA513,0xA534,
    0xA513,0xA513,0xA513,0xA533,0xA533,0xA533,0xA533,0xA513,0xA533,0xAD75,0xCE58,0xCE58,
    0xB595,0xBDD6,0xBDF7,0xBDD6,0xBDD6,0xC638,0xC638,0xC638,0xC617,0xC617,0xCE58,0xCE58,
    0xC638,0xCE58,0xC637,0xC617,0xC638,0xCE79,0xD699,0xCE99,0xC638,0xCE99,0xD6BA,0xC638,
    0xC637,0xC617,0xC617,0xBDF7,0xBDD6,0xAD54,0xB595,0xC617,0xBDB6,0xBDD6,0xBDD6,0xBDD6,
    0xAD54,0xA513,0xA513,0xA513,0xB595,0xAD54,0xAD74,0xAD54,0xA4F3,0xAD34,0xA513,0x9CB2,
    0x9CD2,0x9CD2,0xA513,0xA513,0x9CD2,0x9491,0x9CD2,0xA533,0xA513,0x9CD2,0x9CB2,0xA513,
    0x9CD2,0x9CD2,0x9CD2,0xA4F2,0xA533,0x9CD2,0xAD54,0xAD54,0xA533,0xAD34,0xAD54,0xAD54,
    0xAD34,0xB595,0xAD74,0xB595,0xB575,0xAD54,0xA513,0xAD54,0xBDD6,0xAD74,0xAD34,0xAD75,
    0xB595,0xB595,0xAD75,0xAD54,0xAD74,0xAD34,0xA513,0xAD34,0xA4F2,0x94B1,0x94B1,0x9491,
    0x9471,0x8C50,0x9491,0x94B1,0x9470,0x94B1,0x9CD2,0x94B1,0x9471,0x9491,0x9CB2,0x9CD2,
    0xA513,0xAD54,0xA534,0xAD34,0xAD54,0xAD75,0xA533,0x9CD2,0x9CB2,0x9CB2,0x9CD2,0xA513,
    0xA513,0x9CD2,0x9470,0x8C50,0x9470,0x842F,0x62EB,0x7BCE,0x736D,0x62EA,0x6B2C,0x630B,
    0x736C,0x83EF,0x840F,0x8C30,0x9491,0x9CB2,0x94B1,0x9470,0x8C2F,0x842F,0x840F,0x83EF,
    0x840F,0x9491,0x9CD2,0x8C2F,0x7BCE,0x7BAD,0x7BAE,0xA4F3,0xAD54,0x94B1,0x94B1,0x8C50,
    0x8C2F,0x8C30,0x8C50,0x83EE,0x7BCE,0x736D,0x736C,0x83EE,0x8C2F,0x9491,0x9CF2,0x9491,
    0x94B1,0x9CF2,0x9471,0x8C30,0x8C50,0x8C50,0x9491,0x9470,0x8C30,0x8C50,0x8C50,0x8C50,
    0x9CB1,0x9CB1,0x9470,0x840F,0x83EE,0x9CD2,0xA4F2,0x9471,0x8C50,0x8C50,0x94B1,0x9CD2,
    0xA513,0xA513,0x94B1,0xA4F3,0xAD54,0xAD54,0xA4F2,0x9CB2,0x9CB2,0xA4F2,0xA4F3,0x94B1,
    0x9491,0x9CB1,0xA4F2,0x9CD2,0x9470,0x9491,0x94B1,0x9470,0x9471,0x94B1,0x8C50,0x9470,
    0x9491,0x9CD2,0x94B1,0x94B1,0xA4F2,0x94B1,0xA4F3,0xA534,0xA513,0x9CB2,0x9491,0x9491,
    0x9CD2,0x9470,0x8C70,0x8C50,0x94B1,0x9CD2,0x8C50,0x94B1,0x94B1,0x9470,0x8C70,0x840F,
    0x840F,0x840F,0x8C70,0x8C70,0x94B1,0x9CF2,0x8C50,0x83EF,0x9491,0x9CB2,0x9CF2,0xA513,
    0xA513,0x9CD2,0x8C70,0x9CB2,0x9491,0x840F,0x842F,0x8C70,0x8C50,0xAD74,0x9CD2,0x7BCE,
    0x7BAE,0x9491,0x8C50,0x7BAE,0x6B4C,0x736D,0x7BAE,0x840F,0x840F,0x840F,0x83EE,0x8C2F,
    0x9491,0x9CB2,0x9CB1,0x9CB2,0x9471,0x842F,0x840F,0x94B2,0xA533,0xAD54,0x94B1,0x9470,
    0x83EE,0x7BAD,0x736D,0x7BCE,0x7BAD,0x7BAD,0x7BCE,0x7BCE,0x7BCE,0x7BCE,0x840F,0x83EF,
    0x83EF,0x83EF,0x7BAD,0x8C50,0x9491,0x842F,0x738D,0x7BAD,0x738D,0x7BCE,0x738D,0x738D,
    0x7BAD,0x7BCE,0x7BAD,0x7BAD,0x7BAD,0x738D,0x736D,0x6B4C,0x736D,0x7BAD,0x7BAD,0x7BAD,
    0x840F,0x83EE,0x7BCE,0x7BCE,0x7BAD,0x738D,0x7BAE,0x7BCE,0x7BCE,0x83CE,0x83EE,0x840F,
    0x7BCE,0x7BAD,0x7BAD,0x7BCE,0x8C2F,0x83EF,0x83EF,0x7BCE,0x8C2F,0x9491,0x9CD2,0x94B1,
    0xA4F2,0xAD34,0x9CB2,0x9CB2,0x9CB1,0x9491,0x8C70,0xA4F2,0x9CF2,0x9CD2,0x94B1,0x94B1,
    0x9CF2,0x9CB2,0x94B1,0x9491,0x9CD2,0x9CD2,0x94B1,0xA513,0xAD54,0xA513,0xA4F3,0xA4F2,
    0x9CB2,0x9491,0xA4F3,0x9CF2,0x94B1,0x9CB1,0x9CB2,0xA4F2,0xA513,0xA513,0xA4F2,0x9CD2,
    0xA513,0xA513,0xA4F2,0xA4F2,0x9CD2,0x9CB2,0xA513,0xA513,0xA513,0x9CD2,0x9CD2,0xA4F3,
    0x9CD2,0x9CD2,0xA513,0xB5B5,0xB5B6,0xA534,0xA4F3,0x9CF2,0xA4F3,0x9CD2,0x9CD2,0x9CD2,
    0xA513,0xA513,0xAD54,0xAD54,0xA4F3,0x9CB2,0x9CB1,0x9CB2,0xA4F3,0xA513,0x9491,0x9CB2,
    0x9CD2,0x9CD2,0x9CD2,0xA4F2,0xA513,0x9CD2,0x9CB1,0xA513,0xA513,0xAD54,0xB575,0xAD34,
    0xA4F2,0xA4F2,0xA513,0xAD54,0xAD34,0xA533,0xAD54,0xA513,0xAD54,0xA513,0x9CB2,0x9CB1,
    0x9490,0x94B1,0x9CB2,0x9CB1,0x9CD2,0x94B1,0x9491,0x94B1,0x9491,0x9491,0x9CB2,0xA4F2,
    0xA4F2,0x9CD2,0x8C70,0x8C70,0x8C70,0x9491,0x9470,0x840F,0x8C50,0x8C50,0x8C30,0x9470,
    0x842F,0x83EE,0x7BCE,0x7BCE,0x840F,0x8C2F,0x8C30,0x8C50,0x8C30,0x840F,0x842F,0x8C50,
    0x9491,0x9491,0x9491,0x94B1,0x9CB2,0x9CF3,0x9CD2,0xA513,0xA533,0xA513,0x9CD2,0xA4F3,
    0xA4F3,0x9CD2,0xA513,0xAD54,0xA513,0xA4F3,0xA4F3,0xA534,0xAD54,0xA533,0xAD75,0x9CD2,
    0xA513,0xA513,0xA513,0xA513,0xAD75,0xCE58,0xCE79,0xB595,0xB595,0xBDD6,0xC638,0xC617,
    0xC638,0xC638,0xC617,0xC638,0xC638,0xC637,0xCE38,0xCE78,0xCE58,0xC617,0xC617,0xC617,
    0xC638,0xCE99,0xD6BA,0xCE79,0xCE58,0xCE79,0xD6BA,0xCE78,0xC638,0xC617,0xBDF7,0xBDD6,
    0xBDD6,0xC638,0xCE79,0xC637,0xBDD6,0xBDB6,0xBDD6,0xBDF7,0xB595,0xB595,0xB595,0xAD54,
    0xB575,0xAD74,0xAD54,0xB595,0xAD34,0xAD54,0xAD54,0xB575,0xAD34,0xB575,0xB595,0xAD54,
    0xA4F3,0xA513,0xA533,0xA533,0xB595,0xAD54,0xA513,0xAD34,0xAD34,0xA513,0xA513,0xA513,
    0xAD54,0xA513,0xA533,0xAD33,0xA513,0xA4F2,0xA4F2,0xA533,0xAD34,0xAD54,0xAD54,0xA533,
    0xAD54,0xAD34,0xAD54,0xB575,0xBDD6,0xB595,0xAD34,0xAD34,0xB575,0xAD74,0xA533,0xAD54,
    0xAD74,0x9CF2,0x9491,0xA4F2,0xAD54,0x9CB1,0x9CD2,0x9CB2,0x9470,0x9470,0x9470,0x9491,
    0x94B1,0x9CD2,0xA4F2,0x9491,0x9CB2,0xAD34,0x9CD2,0x9CD2,0xA513,0xAD54,0xAD54,0xBDB6,
    0xCE79,0xBDF6,0xAD54,0x9CB2,0x94B1,0x9CF2,0x9CD2,0x9491,0x9470,0x8C30,0x9470,0x8C70,
    0x83EF,0x840F,0x840F,0x840F,0x6B2B,0x62EA,0x7BAD,0x736D,0x6B0B,0x7BCE,0x8C2F,0x840F,
    0x8C50,0x840F,0x8C70,0x8C50,0x8C2F,0x840F,0x6B4C,0x630B,0x630B,0x6B4C,0x6B2C,0x738D,
    0x83EF,0x83EF,0x7BCE,0x83EE,0x840F,0x9491,0x8C50,0x840F,0x8C50,0x94B1,0x8C50,0x7BCE,
    0x94B1,0x83EF,0x6B4C,0x736D,0x7BAE,0x8C50,0x9CB2,0x9491,0x9CB2,0x94B1,0x9CD2,0x9491,
    0x9491,0x8C70,0x8C50,0x9470,0x9CB2,0x9CB1,0xA513,0x9CD2,0xA4F2,0x9CB1,0x9491,0x8C50,
    0x8C70,0x9CD2,0x9CB1,0x8C50,0x840F,0x8C2F,0x9491,0x9CB2,0x9CD2,0xA4F2,0xB575,0xB595,
    0xDEDA,0xDEFB,0xAD34,0xA533,0xA4F3,0x9CD2,0xA513,0xA513,0x9491,0x94B1,0xA513,0xA513,
    0x9470,0x8C50,0x94B1,0x9491,0x8C50,0x8C50,0x9491,0x9491,0x9470,0x9491,0x9491,0xA4F2,
    0xA513,0xA4F2,0xAD54,0xA533,0xA513,0x9471,0x840F,0x8C70,0x9470,0x8C50,0x8C2F,0x94B1,
    0xAD74,0xAD54,0x9CB2,0x94B1,0x8C50,0x840F,0x8C2F,0x840F,0x840F,0x9491,0x9470,0x8C30,
    0x9CB2,0xA533,0x9CD2,0x94B1,0x9491,0x842F,0x840F,0x8C70,0x8C70,0x8C50,0x9470,0x9491,
    0x8C70,0x8C50,0x8C50,0x9491,0x7BAD,0x840F,0x94B1,0x8C50,0x840F,0x9471,0x9470,0x840F,
    0x738D,0x6B4C,0x6B4C,0x738D,0x83CE,0x83EE,0x840F,0x8C50,0x8C50,0x8C30,0x8C2F,0x8C2F,
    0x8C50,0x9471,0x94B1,0xA4F3,0xA4F3,0x9CD2,0x94B1,0x9470,0x8C50,0x8C2F,0x83EE,0x83EE,
    0x8C2F,0x840F,0x7BCE,0x840F,0x8C50,0x738D,0x7BCE,0x8C50,0x840F,0x738D,0x736C,0x83EF,
    0x8C70,0x9491,0x7BAD,0x7BAD,0x738D,0x738D,0x6B4C,0x734C,0x734C,0x7BAD,0x7BCE,0x7BCE,
    0x736D,0x7BAD,0x7BAD,0x7BAD,0x738D,0x840F,0x8C50,0x7BAD,0x738D,0x7BAD,0x7BAD,0x7BCE,
    0x83CE,0x736D,0x83EE,0x7BCE,0x7BAE,0x8C2F,0x8C30,0x840F,0x83CE,0x840F,0x7BCE,0x83CE,
    0x8C2F,0x840F,0x8C50,0x83EF,0x7BCE,0x8C2F,0x8C30,0x9470,0x9CB2,0x94B1,0x9CD2,0xA513,
    0x9491,0x8C2F,0x9470,0x94B1,0xA513,0x9CD2,0x9491,0x9CD2,0x9CF2,0x94B1,0x9470,0x9491,
    0x9470,0x94B1,0xA4F2,0x9CD2,0x94B1,0x94B1,0xA4F2,0xAD54,0xAD34,0xA513,0xAD34,0xAD34,
    0x9CD2,0x9491,0x9CB2,0x9CD2,0x9CD2,0xA4F2,0x9CB2,0x9CB2,0xA513,0xA4F2,0xA513,0xA4F3,
    0xA513,0x9CD2,0x9CB2,0x9CD2,0x9CD2,0x9CB2,0x9CD2,0x9CB1,0x8C30,0x9491,0x9CB2,0x9CF3,
    0xA533,0x9CD2,0xA534,0x94B2,0x9491,0x9CB2,0x9CD2,0xA513,0xA4F3,0xA533,0xAD34,0xAD34,
    0xA533,0x9CD2,0x9CB2,0x9CD2,0xA513,0x9CD2,0x9CD2,0xA4F3,0x9CD2,0x9CB1,0x9CD2,0xA513,
    0x9CD2,0x9CB2,0x9CB1,0xAD54,0xB5B5,0xAD54,0xC638,0xBDD6,0xAD54,0xBDF7,0xCE79,0xAD34,
    0xA533,0xA533,0xA533,0xA533,0xA4F2,0x9CD2,0x9CB2,0x9CB1,0x9CB1,0x9491,0x9491,0x9CB2,
    0x9CD2,0x94B1,0x94B1,0x9470,0x9470,0x94B1,0x9470,0x9491,0x94B1,0x9470,0x9491,0x94B1,
    0x8C50,0x9CB1,0x9470,0x840F,0x840F,0x840F,0x8C2F,0x8C50,0x9470,0x842F,0x842F,0x8C30,
    0x8C70,0x8C50,0x8C30,0x9471,0x9470,0x9CD2,0x9CD2,0x94B1,0x9491,0x9CD2,0x9491,0x9CD2,
    0x9CD2,0x9CD2,0xA513,0xA513,0xA534,0xAD54,0xA534,0xA533,0xAD34,0xA4F3,0x9CD2,0x9CB2,
    0x9CD2,0x9CD2,0x9CD2,0xA533,0xAD54,0xA513,0xA513,0xA4F3,0xA533,0xA513,0xAD54,0xAD75,
    0xBDD6,0xC617,0xBDD6,0xAD75,0xAD75,0xBDD6,0xCE58,0xC638,0xC637,0xC617,0xBDF7,0xCE58,
    0xCE79,0xC637,0xC5F7,0xC638,0xC637,0xC638,0xC617,0xC638,0xCE99,0xD6BA,0xE73C,0xD6BA,
    0xCE99,0xCE58,0xC617,0xC638,0xCE79,0xC638,0xBDD6,0xBDD6,0xC617,0xDEFB,0xDEFB,0xC638,
    0xC617,0xBDD6,0xBDD6,0xB5B6,0xBDB6,0xBDD6,0xBDF6,0xC617,0xC637,0xC617,0xB5B5,0xB595,
    0xAD74,0xAD74,0xAD74,0xAD54,0xB575,0xBDD6,0xBDD6,0xAD54,0xAD34,0xAD54,0xA533,0x9CD2,
    0xA513,0xA513,0xAD34,0xA533,0xA513,0xA513,0xA4F2,0x9CD2,0xA513,0xAD54,0xB575,0xB575,
    0xB595,0xAD54,0x9CD2,0xA4F2,0xA4F2,0xA513,0xAD34,0xA513,0xA4F3,0xA513,0xAD34,0xAD34,
    0xAD34,0xA513,0xAD33,0xAD54,0xB575,0xAD54,0xA513,0xA533,0xAD34,0x9CD2,0xA513,0xA4F2,
    0x9CF2,0x94B1,0xA513,0x9CD2,0x94B1,0x9CB1,0x9491,0x9491,0x9CB2,0xB595,0xC638,0xAD75,
    0xA533,0xA513,0xA4F2,0xAD33,0xAD54,0xAD54,0xAD54,0xBDD6,0xCE79,0xBDF7,0xA533,0x94B1,
    0x94B1,0x9CD2,0x8C50,0x840F,0x83CE,0x7BCE,0x842F,0x9491,0x83EF,0x630B,0x83EF,0xA513,
    0x83EF,0x62EA,0x736D,0x736D,0x7BCE,0x842F,0x840F,0x83EE,0x842F,0x8C2F,0x8C70,0x8C2F,
    0x736D,0x5AAA,0x5AAA,0x5AA9,0x5AA9,0x62EA,0x62EB,0x630B,0x83EF,0x9470,0x9470,0x8C2F,
    0x7BCE,0x7BCE,0x7BCE,0x736C,0x83EF,0xA4F3,0x9CF2,0x8C70,0x9470,0x7BAD,0x6B4C,0x7BAD,
    0x840F,0x9491,0x9CB2,0x9CD2,0xB595,0xB575,0x9CD2,0x94B1,0x9491,0x9CB1,0x9CB1,0x8C50,
    0x9471,0x9CB2,0xB575,0x9CD2,0x9CD2,0x9CB1,0x840F,0x9470,0x8C2F,0x8C2F,0x840F,0x83CE,
    0x8C50,0x9470,0x9491,0x9491,0x9470,0x9CB1,0xAD34,0x9CD2,0xA533,0xA513,0x9CD2,0x9CD2,
    0xA513,0xA513,0xA513,0xA533,0x9CB2,0x94B1,0xA4F2,0x9CD2,0x9470,0x8C50,0x8C50,0x8C50,
    0x9470,0x9470,0x9491,0x9CB2,0x9491,0x94B1,0x9CB1,0x9470,0xA513,0xA513,0x94B1,0x9491,
    0x9CB1,0x9491,0x8C70,0x9470,0x9471,0x9CB2,0x9CD2,0x94B1,0x94B1,0x9470,0x8C50,0x9470,
    0x8C50,0x8C70,0x8C50,0x94B1,0x94B1,0x9491,0x840F,0x840F,0x9CD2,0xAD34,0xA533,0x9470,
    0x9CD2,0x94B1,0x9CD2,0xAD54,0x9CD2,0x8C2F,0x840F,0x83EF,0x8C50,0x83CE,0x7BCE,0x840F,
    0x9470,0x738D,0x83EE,0x9470,0x8C50,0x8C2F,0x840F,0x7BCE,0x7BCE,0x6B4C,0x630B,0x5ACA,
    0x630B,0x736C,0x7BAD,0x7BCE,0x83EE,0x840F,0x83EE,0x840F,0x83EE,0x8C2F,0x9491,0x9CD2,
    0x9CB1,0x9491,0x8C50,0x8C70,0x8C70,0x8C50,0x8C50,0x840F,0x83CE,0x8C2F,0x840F,0x7BAE,
    0x840F,0x738D,0x736C,0x83CE,0x840F,0x7BAD,0x7BCE,0x840F,0x8C30,0x8C30,0x6B2B,0x736D,
    0x840F,0x7BCE,0x738D,0x738D,0x736D,0x7BCE,0x7BCE,0x7BCE,0x7BCE,0x738D,0x736C,0x738D,
    0x7BCE,0x8C2F,0x8C2F,0x83CE,0x7BAD,0x7BAD,0x7BCE,0x7BCE,0x73AD,0x738D,0x7BCE,0x7BAE,
    0x7BAD,0x7BCE,0x840F,0x83EE,0x83CE,0x842F,0x842F,0x83CE,0x7BCE,0x7BAD,0x83EE,0x7BCE,
    0x7BCE,0x840F,0x8C50,0x94B1,0x9491,0x94B1,0xA513,0xAD75,0x94B1,0x8C50,0x8C30,0x9470,
    0x9CB2,0x9CD2,0x9CD2,0xA4F3,0xB5B5,0xA513,0xAD54,0x9491,0x9470,0x9491,0x9491,0x9CB1,
    0x9CB2,0x94B1,0x9471,0xA513,0xB5B6,0xAD74,0xA513,0xAD34,0xAD34,0x9CB1,0x94B1,0x9CD2,
    0xA513,0xA513,0xAD34,0xAD54,0xA4F2,0xA4F2,0xA4F2,0x9CB2,0x9CF2,0xA4F3,0x9CD2,0xA4F2,
    0xA4F3,0x9CF2,0xAD54,0xAD54,0x8C50,0x94B1,0x9491,0x9CB2,0xA534,0x94B2,0xA4F3,0x8C30,
    0x840F,0x9CB2,0x9CF2,0x9CD2,0xA4F3,0xAD34,0xA513,0xA513,0xAD54,0x9CB2,0x9CB2,0xA4F2,
    0xA4F2,0xA4F3,0xA513,0xA513,0x9CD2,0x9CB1,0x9CB2,0xA4F2,0x9CD2,0xA513,0xA533,0xA533,
    0xA533,0xA513,0xAD34,0xB595,0xBDD6,0xB5B5,0xC617,0xAD54,0xA513,0x9CD2,0x9CB1,0x9CD2,
    0x9491,0x9CB1,0x9CD2,0x9CD2,0x9CB2,0x9CB1,0x9470,0x9491,0x9491,0x8C50,0x8C50,0x9491,
    0x9CD2,0x9CB2,0x8C50,0x8C70,0x8C50,0x8C50,0x94B1,0x9CD2,0x9471,0x9CB2,0x9CB2,0x9CB2,
    0x8C50,0x840F,0x8C50,0x9CB1,0x9470,0x9471,0x9CB2,0x8C70,0x842F,0x8C70,0x8C50,0x94B1,
    0x8C50,0x9470,0xA4F3,0xA513,0x9491,0x9CB2,0x9471,0x94B1,0x9CB2,0x9491,0x9CD2,0xAD54,
    0xA533,0x9CD2,0x9CD2,0xAD34,0x9CD2,0x94B2,0x9CB2,0x94B2,0x9CD2,0xA4F3,0xA513,0xA533,
    0xAD34,0xA533,0xA513,0xAD34,0xA533,0xA513,0xAD75,0xBDD6,0xBDD6,0xB595,0xAD75,0xAD54,
    0xB595,0xBDF7,0xC658,0xC637,0xC617,0xC638,0xC617,0xCE58,0xCE79,0xCE58,0xC617,0xBDD6,
    0xB5B5,0xBDD6,0xBDF7,0xC638,0xCE58,0xCE58,0xCE58,0xCE58,0xC617,0xBDD6,0xB595,0xA534,
    0xB595,0xC638,0xCE58,0xC638,0xC617,0xC617,0xBDF7,0xBDB6,0xBDB6,0xBDD6,0xAD54,0xA513,
    0xAD54,0xAD74,0xB575,0xB5B5,0xC637,0xBDF6,0xAD74,0xA513,0xA533,0xA533,0xAD54,0xAD54,
    0xA534,0xA513,0xA513,0xA533,0xA533,0xA513,0xA533,0xAD75,0xAD34,0xA4F2,0xA513,0xA4F2,
    0xA4F2,0xA533,0xA4F3,0xA513,0xAD54,0xAD34,0xA513,0xAD74,0xAD34,0xA533,0xA513,0x9CD2,
    0xA4F3,0xA533,0xA533,0x9CD2,0x9CD2,0xA513,0xA513,0xA513,0xA513,0xA513,0xAD54,0xB5B5,
    0xB575,0xA533,0xA4F2,0xA513,0xAD34,0xAD54,0xAD75,0xA513,0xAD74,0xAD75,0xA533,0xA4F2,
    0x9CD2,0xA4F2,0xA513,0xA4F2,0xAD54,0xB5B5,0xBDD6,0xAD75,0xAD34,0xA513,0xA4F2,0xA513,
    0xAD74,0xA513,0xA513,0xAD54,0x9CD2,0xA4F2,0xA513,0x94B1,0x840F,0xA4F2,0x9CB2,0x94B1,
    0x8C50,0x8C30,0x9491,0xA513,0x7BAD,0x5ACA,0x630B,0x9CD2,0x8C50,0x7BEE,0x738D,0x630B,
    0x7BAD,0x7BCE,0x7BAE,0x7BCE,0x840F,0x9491,0x8C50,0x7BAD,0x6B2C,0x5ACA,0x5ACA,0x5AA9,
    0x5AA9,0x6B0B,0x6B0B,0x6B0B,0x7BCE,0x9470,0x8C50,0x8C2F,0x8C70,0x9CB2,0x840F,0x7BAD,
    0x7BCE,0x7BAD,0x83EF,0x8C50,0x9470,0x94B1,0x9CD2,0x840F,0x83CE,0x9491,0x9491,0x9471,
    0xAD74,0xAD74,0x9CD2,0x9CB1,0x9491,0x9491,0x8C50,0x9CB2,0x8C50,0x9470,0x9491,0x9491,
    0x9470,0x83EF,0x7BCE,0x840F,0x840F,0x8C70,0x9470,0x9491,0x9470,0x9470,0x9471,0x9CB2,
    0x9CB2,0x9470,0x94B1,0x9470,0x9491,0x9CB2,0x9CB2,0xA4F2,0x94B1,0x9CD2,0xA513,0x94B1,
    0x9470,0x8C2F,0x94B1,0x9471,0x8C50,0x9470,0x9491,0x8C2F,0x9470,0xA513,0x9491,0x9470,
    0x9491,0x9CB1,0x94B1,0x9470,0x9CD2,0xA4F2,0x9CB1,0x9491,0x94B1,0x9CD2,0x9CD2,0x9470,
    0x9470,0x9CD2,0x9470,0x9CB1,0x8C50,0x83EE,0x840F,0x8C50,0x8C50,0x8C50,0x8C50,0x9491,
    0x8C30,0x9470,0x9470,0x8C50,0x94B1,0x9491,0x9CB2,0xA513,0x9470,0x8C30,0x9491,0x83EF,
    0x8C70,0x9491,0x840F,0x840F,0x9470,0x840F,0x842F,0x840F,0x9CD2,0x94B1,0x83EF,0x840F,
    0x9491,0x9470,0x840F,0x7BCE,0x840F,0x7BCE,0x7BCE,0x7BAE,0x738D,0x7BCE,0x840F,0x840F,
    0x7BCE,0x8C2F,0x840F,0x8C2F,0x7BAD,0x840F,0x8C30,0x8C50,0x8C50,0x9470,0x9470,0x9491,
    0x8C2F,0x83EE,0x83EE,0x8C2F,0x9CB1,0x94B1,0x83EE,0x5ACA,0x5AEA,0x6B2C,0x630B,0x630B,
    0x736C,0x738D,0x83CE,0x9CD2,0x842F,0x738D,0x840F,0x840F,0x83EE,0x7BAD,0x7BAD,0x738D,
    0x7BAD,0x7BCE,0x7BCE,0x7BCE,0x7BCE,0x6B4C,0x6B4C,0x736C,0x738D,0x7BAD,0x7BAD,0x7B8D,
    0x7BAD,0x9471,0x8C2F,0x7BCE,0x83CE,0x840F,0x840F,0x7B8D,0x7BCE,0x83EE,0x840F,0x83CE,
    0x83EF,0x83EE,0x840F,0x7BCE,0x7BCE,0x7BCE,0x7BCE,0x7BCE,0x7BAD,0x840F,0x8C70,0x842F,
    0x8C70,0x9CD2,0x8C50,0x9470,0x8C50,0x8C50,0x8C2F,0x9470,0x9CB2,0x9491,0xA513,0x9CB1,
    0xA4F2,0xA513,0x9CD2,0x9CD2,0x9CD2,0x94B1,0x9CB2,0x9CD2,0x9CB2,0x9CB2,0x9CD2,0x94B1,
    0xA513,0xAD54,0xA533,0x9CD2,0xA4F2,0xA513,0xA4F3,0xAD34,0xAD34,0xAD74,0xB595,0xAD54,
    0xA4F3,0x9CF2,0x9CD2,0xA4F2,0x9CD2,0xA4F3,0x9CD2,0x9CD2,0x9CB2,0x9CD2,0xAD74,0xBDD6,
    0x9CD2,0x94B1,0x9CB2,0x94B1,0x9CD2,0x8C30,0x8C30,0x7BAD,0x8C30,0x9471,0x9CB2,0x9CD2,
    0xA4F2,0xA513,0xA513,0xAD54,0xB5B5,0xA533,0x9CB1,0x9CB2,0x9CD2,0xA533,0xAD34,0xA513,
    0x9CD2,0x9CD2,0x9CD2,0x9CD2,0xA513,0xAD74,0xA533,0xA513,0x9CD2,0xB575,0xB575,0xAD74,
    0xAD74,0xAD54,0xAD34,0xAD54,0xA513,0x9CD2,0x9CD2,0x9CD2,0x9CB2,0x9491,0xAD34,0xAD54,
    0xA513,0x9CD2,0x9491,0x9CB1,0x94B1,0x9CB1,0x9CB2,0xA533,0xAD34,0xA513,0xA533,0xBDD6,
    0xB5B5,0x9CD2,0x9491,0x9CB1,0x9471,0x8C50,0x94B1,0xA4F3,0x8C50,0x8C70,0x840F,0x9470,
    0x9491,0x8C50,0x8C30,0x840F,0x7BCE,0x8C70,0x94B1,0xA4F3,0x9CB2,0x8C70,0x8C70,0x9CB2,
    0xA513,0x9CB2,0x9491,0x9CD2,0x9CD2,0x9CB2,0x9CD2,0xA513,0xA4F3,0x9CD2,0x9CF2,0x9CF2,
    0xA533,0x9CD2,0x9491,0x9CF2,0xA513,0xA4F3,0xA4F3,0xA533,0xB5B6,0xAD54,0xAD54,0xAD54,
    0xAD34,0xB595,0xBDD6,0xC617,0xBDD6,0xBDD6,0xAD54,0xAD34,0xB5B6,0xB5B6,0xC638,0xC638,
    0xC637,0xCE99,0xC638,0xCE58,0xC617,0xCE78,0xCE79,0xBDD6,0xB5B5,0xB595,0xAD75,0xBDD6,
    0xC637,0xBDD6,0xBDF7,0xBDF7,0xC617,0xBDD6,0xB595,0xAD54,0xA534,0xAD75,0xB5B5,0xC638,
    0xBDD6,0xBDD6,0xBDD6,0xB595,0xB575,0xB5B5,0xBDD6,0xB575,0xA513,0xA513,0xA534,0xAD74,
    0xAD54,0xAD34,0xA533,0xA513,0xAD34,0xAD74,0xAD54,0xAD54,0xA533,0xA4F2,0x9CD2,0x9CD2,
    0x9CD2,0xAD33,0xAD34,0xAD54,0xAD54,0xA4F2,0xA513,0xA4F2,0xA4F3,0xA513,0xA513,0xA4F3,
    0xA533,0xAD34,0xA4F2,0xA533,0xAD34,0xA533,0xA513,0xA513,0xA533,0xA533,0xA533,0xAD74,
    0xAD54,0xA513,0xA513,0xB595,0xAD54,0xAD54,0xB575,0xB595,0xAD54,0xA513,0xA4F2,0xA533,
    0xA513,0xA513,0xA513,0xA513,0x9CD2,0xA533,0xAD34,0xA4F2,0x9CB1,0x9CB1,0x9CB2,0x9CF2,
    0xA513,0xBDB5,0xC617,0xB595,0xAD54,0xA533,0xA513,0xAD54,0xAD75,0xA4F2,0xA4F2,0xA513,
    0x9471,0x842F,0x8C30,0x8C50,0x8C50,0x842F,0x7BCE,0x8C2F,0x9470,0x9470,0x94B1,0xB595,
    0x8C50,0x840F,0x8C50,0x8C70,0x9471,0x9CB2,0x83EF,0x738D,0x736D,0x6B4C,0x62EB,0x630B,
    0x7BAD,0x8C2F,0x83EF,0x738D,0x736C,0x62EA,0x5ACA,0x6B0B,0x6B2C,0x6B4C,0x6B4C,0x630B,
    0x7BCE,0x840F,0x8C30,0x9470,0x94B2,0x94B1,0x840F,0x840F,0x83EF,0x83CE,0x8C50,0x8C50,
    0x8C30,0x9491,0xA4F2,0x83EF,0x83CE,0x8C70,0x94B1,0x9471,0x9491,0x9470,0x9470,0x94B1,
    0x8C70,0x9471,0x8C70,0x8C70,0x7BAD,0x83EF,0x9470,0x9CF2,0xA533,0x9491,0x9CB2,0x9CD2,
    0x9CB1,0x9CD2,0x94B1,0x8C70,0x8C70,0x8C50,0x9491,0xA513,0x9CD2,0x9491,0x9491,0x9470,
    0x9491,0x94B1,0x9491,0x9CD2,0x9CB2,0x9491,0x9470,0x94B1,0x842F,0x840F,0x8C30,0x8C2F,
    0x840F,0x8C2F,0x8C50,0x9470,0x9470,0x94B1,0x9470,0x9491,0x94B1,0x94B1,0x9CB2,0x9491,
    0x9491,0xAD54,0x9CD2,0xA533,0xA4F2,0x9CB2,0x9CD2,0x9470,0x9491,0x8C30,0x9470,0x9CB1,
    0x8C50,0x842F,0x8C50,0x8C30,0x83EE,0x840F,0x8C2F,0x9491,0x8C50,0x9491,0x9491,0x8C30,
    0x9491,0x9491,0x9491,0x94B1,0x83EF,0x7BAD,0x94B1,0x7BCE,0x6B4C,0x9CB1,0x9491,0x9470,
    0x8C30,0x94B1,0x9491,0x842F,0x9470,0x9CD2,0x9491,0x8C50,0x840F,0x8C30,0x8C50,0x7BCE,
    0x736D,0x9491,0x8C50,0x8C2F,0x8C2F,0x83EE,0x8C50,0x9470,0x8C70,0xA4F2,0x8C30,0x83CE,
    0x8C30,0x8C50,0x840F,0x83EF,0x8C2F,0x94B1,0x8C50,0x8C2F,0x83EF,0x7BCE,0x7BCE,0x840F,
    0x840F,0x840F,0x8C2F,0x840F,0x6B4C,0x632C,0x630B,0x62EB,0x736D,0x83EF,0x73AD,0x7BCE,
    0x7BAE,0x736D,0x8C2F,0x840F,0x736C,0x7B8D,0x736C,0x736D,0x738D,0x738D,0x7BAD,0x7BAD,
    0x738D,0x738D,0x7BAD,0x7BCE,0x7BAD,0x738D,0x738D,0x7BAD,0x7BAD,0x7BAD,0x83EF,0x83EE,
    0x7BCE,0x7BCE,0x7BCE,0x840F,0x738D,0x6B2B,0x736D,0x8C2F,0x840F,0x7BCE,0x7BCE,0x7BCE,
    0x840F,0x8C50,0x8C2F,0x7BCE,0x7BCE,0x7BCE,0x7BCE,0x840F,0x8C30,0x9470,0x8C50,0x9470,
    0x9470,0x842F,0x8C2F,0x9470,0x9470,0x842F,0x94B1,0x9470,0x8C70,0x9CD2,0x9CB1,0x9CD2,
    0x9CD2,0x9CD2,0x94B1,0x94B1,0xA4F2,0x9CD2,0x9CD2,0xA513,0x9CD2,0xA4F3,0xA513,0xA513,
    0xA513,0x9CD2,0x9CD2,0xA4F3,0xA4D2,0xAD34,0xA533,0xA4F3,0x9CB1,0xA533,0xA533,0xAD34,
    0xA533,0xA4F3,0x9CD2,0x9CD2,0xA4F3,0xA533,0xA513,0xA4F2,0x9CF2,0xA513,0x9CD2,0x94B1,
    0x9CD2,0x9470,0x7BCE,0x840F,0x94B1,0x94B1,0x9CD2,0x9CD2,0x9CD2,0x9CD2,0xAD54,0xA533,
    0xA513,0xA513,0xA4F2,0x9CB2,0x9CB2,0xA4F2,0xA513,0xA4F3,0x9CD2,0xA4F2,0x9CB2,0x9CD2,
    0xA4F2,0xA4F2,0xA513,0xA4F2,0xA4F2,0xA513,0xAD74,0xAD54,0xAD74,0xB595,0xAD54,0xA513,
    0xA4F2,0xA4F2,0x9CD2,0x9CB2,0x9470,0x9CB2,0x9CD2,0x9CB1,0x94B1,0x9CB1,0x9CB2,0xA4F2,
    0x9CD2,0x9CB1,0x9CD2,0xA513,0xA513,0xAD54,0xAD74,0xBDD6,0xBDD6,0xA534,0xAD54,0xA513,
    0x9CD2,0x9CD2,0xA4F2,0xA513,0x94B1,0x9470,0x9470,0x94B1,0x8C70,0x840F,0x840F,0x738D,
    0x738D,0x8C30,0x9491,0x9CB2,0xA513,0x9470,0x8C50,0x9CB2,0x9CB2,0x9CB2,0xA513,0x9CD2,
    0x9CF2,0x9CD2,0x9CD2,0xA533,0xA513,0x9CF2,0x9CD2,0x9CB2,0xA513,0xA4F3,0x94B1,0x9CD2,
    0xA513,0xA513,0xA4F2,0xAD54,0xAD75,0xAD34,0xAD74,0xB595,0xB595,0xBDD6,0xC638,0xC617,
    0xBDD6,0xAD74,0xAD34,0xB5B6,0xBDB6,0xBDD6,0xBDF7,0xC638,0xCE78,0xD699,0xD699,0xC617,
    0xC617,0xBDD6,0xBDD6,0xC617,0xBDD6,0xB595,0xAD74,0xAD74,0xB5B6,0xB595,0xBDD7,0xC638,
    0xBDD6,0xB595,0xAD74,0xAD75,0xAD74,0xAD54,0xBDF7,0xCE79,0xC617,0xBDD6,0xC5F7,0xC638,
    0xBDD6,0xBDD6,0xC617,0xBDD6,0xAD54,0xAD54,0xAD75,0xAD74,0xAD54,0xA513,0xA513,0xAD54,
    0xA513,0xA513,0xAD34,0xAD34,0xA513,0xA513,0x9CF2,0xA513,0xA533,0x9CD2,0x9CD2,0xA4F2,
    0xAD54,0xA533,0xAD34,0xAD54,0xAD34,0xAD34,0xAD54,0xAD54,0xA513,0xAD54,0xAD34,0xB595,
    0xAD54,0xA513,0xA4F2,0xAD74,0xB595,0xAD54,0xAD54,0xBDB6,0xB595,0xAD34,0xB595,0xB575,
    0xAD54,0xB595,0xB595,0xAD54,0xAD54,0xAD34,0xAD54,0xA533,0xA533,0xAD75,0x9CF2,0x8C50,
    0x8C70,0x94B1,0x9470,0x9491,0x9CB1,0x9CB1,0x9491,0x9CB2,0xA513,0xAD54,0xAD54,0xBDD6,
    0xAD74,0xA513,0xA513,0xAD75,0xA533,0x9CD2,0x9CB2,0x94B1,0x9470,0x94B1,0x83EF,0x7BCE,
    0x7BAE,0x7BAD,0x7BAE,0x7BCE,0x840F,0x9491,0x9CD2,0x9CB2,0x9491,0x8C50,0x8C30,0x6B6C,
    0x7BAE,0x840F,0x6B4C,0x738D,0x7BCE,0x630B,0x62EB,0x6B0B,0x738D,0x840F,0x840F,0x842F,
    0x840F,0x8C50,0x6B4C,0x6B4C,0x6B2B,0x6B4C,0x6B4C,0x736C,0x83CE,0x83EF,0x83EF,0x7BCE,
    0x7BCE,0x8C2F,0x94B1,0x94B1,0x9470,0x94B1,0xA4F2,0x9CD2,0x9491,0x8C50,0x8C2F,0x8C50,
    0x9470,0x8C50,0x840F,0x8C2F,0x842F,0x8C50,0x8C70,0x94B1,0x9470,0x9CB2,0x9CB1,0x8C30,
    0x840F,0x8C50,0x9471,0xA513,0xB595,0xA513,0xA4F3,0xA4F2,0x8C70,0x840F,0x8C30,0x8C50,
    0x840F,0x8C2F,0x9CB1,0xAD54,0xA534,0x9CF2,0x9CB2,0x9CD2,0x9CD2,0xA4F2,0xA513,0x9CD2,
    0x9CB2,0x94B1,0x9491,0x9470,0x9470,0x9470,0x8C30,0x842F,0x8C50,0x9470,0x9491,0x9470,
    0x9470,0x9470,0x9CB2,0xAD34,0x9491,0x94B1,0xA513,0xA4F2,0x9491,0x9CF2,0x9CB2,0xA4F2,
    0xA513,0x9491,0x9CB2,0xA513,0xAD54,0x9CD2,0x9491,0x8C70,0x9470,0x8C30,0x840F,0x840F,
    0x8C2F,0x8C2F,0x840F,0x9471,0x94B1,0x94B1,0x94B1,0x8C30,0x94B1,0x8C30,0x8C2F,0x8C50,
    0x8C30,0x7BAE,0x7BAD,0x7BCE,0x840F,0x8C50,0x9470,0x9CB2,0x9CD2,0xA513,0xA4F2,0x8C70,
    0x9491,0x9491,0x9491,0x8C30,0x8C2F,0x840F,0x840F,0x83EE,0x7BCE,0x7BCE,0x6B4C,0x736C,
    0x7BCE,0x840F,0x840F,0x7BCE,0x7BCE,0x83EF,0x9470,0x8C50,0x94B1,0x9491,0x8C30,0x83EF,
    0x83EE,0x8C50,0x840F,0x7BCE,0x83EE,0x7BCE,0x7BCE,0x840F,0x840F,0x7BCE,0x8C50,0x9470,
    0x840F,0x840F,0x738D,0x73AD,0x83CE,0x83EE,0x840F,0x8C70,0x840F,0x738D,0x6B4C,0x7BAD,
    0x7BAD,0x6B6C,0x736D,0x7BCE,0x7BAD,0x7BAD,0x7BCE,0x7BCE,0x7BCE,0x736C,0x7BAD,0x840F,
    0x840F,0x7BAD,0x738D,0x7BCE,0x7BCE,0x7BCE,0x736D,0x7BAD,0x7BAD,0x83EE,0x83CE,0x840F,
    0x6B4C,0x52A9,0x62EB,0x7BCE,0x83CE,0x7BCE,0x7BCE,0x83EE,0x8C2F,0x83EF,0x83EF,0x83EE,
    0x83EE,0x840F,0x8C2F,0x8C50,0x840F,0x9470,0x8C50,0x8C50,0x9CB2,0x9491,0x9470,0x9470,
    0x8C2F,0x840F,0x8C30,0x8C50,0x9491,0x9CB1,0x9CD2,0xA513,0xA533,0xA513,0xA513,0xAD54,
    0xA4F2,0x9CD2,0xA533,0xAD34,0xAD75,0xAD74,0xA513,0xA4F2,0x9CB2,0x9CB2,0x9CD2,0x9CD2,
    0x9CD2,0xA513,0xAD54,0xA513,0x9CD2,0x9CD2,0x9CD2,0xA533,0xAD54,0xA533,0xA513,0xBDB6,
    0xB5B5,0xAD33,0xA513,0xA513,0xA4F3,0xA513,0x9CF2,0x9CD2,0xA4F2,0xA4F3,0x94B1,0x9CB2,
    0x9CD2,0x9CF2,0xA534,0x9CD2,0x9CD2,0x9CD2,0x9CD2,0x9CB2,0x9CD2,0x9CB1,0xA513,0xA513,
    0x9CB2,0xA513,0xA513,0x9CD2,0xA513,0x9CD2,0x9CD2,0xA4F2,0x9CD2,0x9CB2,0x9CD2,0xA4F3,
    0xA513,0xAD34,0xAD34,0xAD54,0xA513,0xAD54,0xAD54,0x9CD2,0xA4F2,0x9CF2,0x9CD2,0x9CB1,
    0x9470,0x8C2F,0x8C50,0x9470,0x8C50,0x8C50,0x9CB2,0x9CB2,0xA4F2,0x9CD2,0xA4F2,0xA4F2,
    0x9CF2,0xA4F2,0xAD34,0xA513,0xA513,0xA513,0xA513,0xA4F2,0xA4F3,0xA4F2,0x94B1,0x9CD2,
    0x94B1,0x840F,0x94B1,0x8C50,0x83EF,0x842F,0x7BCE,0x7BCE,0x7BAE,0x83EE,0x94B1,0x9491,
    0x9471,0xA513,0x9491,0x9470,0x9470,0x9CD2,0xA533,0xA513,0xA4F3,0xA513,0x9CD2,0x9491,
    0x9CB1,0x9CF2,0x9CB2,0x9CD2,0x9CD2,0x94B2,0x9CD2,0x9CD2,0x9CD2,0xA4F3,0xAD34,0xA513,
    0xAD74,0xBDF7,0xBDB5,0xAD74,0xBDD6,0xC617,0xC658,0xBDF6,0xB595,0xAD54,0xAD54,0xBDD6,
    0xB5B5,0xC617,0xC638,0xC617,0xCE58,0xCE38,0xCE58,0xC638,0xC638,0xD699,0xC638,0xCE58,
    0xC617,0xBDF7,0xB5B6,0xB595,0xBDF7,0xC638,0xBDD6,0xC617,0xC617,0xB5B6,0xBDF7,0xC617,
    0xB595,0xA533,0xAD34,0xC617,0xD699,0xCE58,0xBDF6,0xBDD6,0xBDD6,0xB595,0xB575,0xAD75,
    0xAD74,0xAD74,0xAD54,0xAD54,0xAD54,0xAD74,0xB5B5,0xA513,0x9CD2,0x9CD2,0x9CF2,0xA4F2,
    0xA4F2,0xAD54,0xAD74,0xAD74,0xBDB6,0xB595,0xAD33,0xAD34,0xAD74,0xB5B5,0xBDD6,0xB595,
    0xAD54,0xAD33,0xAD54,0xAD54,0xAD54,0xAD34,0xAD54,0xB5B5,0xAD54,0xAD54,0xBDD6,0xB575,
    0xAD54,0xAD54,0xAD54,0xAD74,0xAD54,0xAD54,0xAD54,0xB595,0xB5B6,0xBDD6,0xAD54,0x9CD2,
    0xA513,0xB575,0xAD54,0xA533,0xA534,0xA534,0xA4F3,0x9CD2,0x9CD2,0x94B1,0x9491,0x94B1,
    0x9CD2,0xA4F2,0x9CD2,0xA4F2,0xA4F3,0x9CD2,0x9CB2,0x9CB2,0x9CD2,0x9CD2,0x9CD2,0xA4F2,
    0x9CD2,0x9CB2,0x9491,0x9491,0x9491,0x94B1,0x9470,0x840F,0x9470,0x842F,0x8C30,0x8C70,
    0x9CB2,0xB595,0xB595,0x9CD2,0x8C50,0x7BCE,0x6B2B,0x5AAA,0x5ACA,0x62EB,0x630B,0x6B2B,
    0x840F,0x842F,0x7BAD,0x83CE,0x7BCE,0x8C50,0x94B1,0x9470,0x9CB2,0xA4F3,0x840F,0x7BAE,
    0x6B4C,0x7BAE,0x7BCE,0x840F,0x8C30,0x83EE,0x8C2F,0x8C30,0x840F,0x8C50,0x9491,0xAD54,
    0x9CD2,0x9CD2,0xBDF7,0xB595,0x9CD2,0x9491,0x9470,0x842F,0x842F,0x8C50,0x8C50,0x840F,
    0x8C30,0x9491,0x94B1,0x9CB1,0x9491,0x9CB2,0x9CF2,0x9CD2,0x9CB2,0x9CB1,0x9CD2,0x94B1,
    0x9491,0x9491,0x94B1,0x94B1,0x8C70,0x7BCE,0x8C50,0x9470,0x9470,0x8C50,0x8C50,0xA513,
    0xA513,0xA513,0xA4F2,0xA533,0xA4F2,0xA4D2,0xA4F2,0x9CB2,0x9CD2,0x9491,0x94B1,0x9491,
    0x9491,0x9470,0x8C50,0x8C50,0x9470,0x9470,0x9491,0x94B1,0x9470,0xA513,0xA513,0x9CD2,
    0x9CB2,0xA4F2,0xA4F2,0xB595,0xB595,0x9CD2,0x9491,0x9470,0x9CB1,0x9CB2,0x94B1,0xA513,
    0xA533,0xAD34,0xA513,0x94B1,0x94B1,0x9491,0x8C2F,0x8C2F,0x9471,0x8C50,0x8C2F,0x9CB1,
    0x9471,0x8C30,0x8C70,0x9CB2,0x9CD2,0x9470,0x94B1,0x8C70,0x8C70,0x9491,0x94B1,0x9CD2,
    0x9CB1,0x9470,0x9491,0x8C2F,0x9CD2,0xA513,0x9CB2,0x8C30,0x9491,0x8C2F,0x8C30,0x842F,
    0x842F,0x8C2F,0x8C30,0x8C2F,0x840F,0x736C,0x6B4C,0x7BAD,0x83EF,0x83EE,0x840F,0x840F,
    0x8C30,0x8C50,0x94B1,0x9491,0x842F,0x83CE,0x83EE,0x8C50,0x840F,0x7BCE,0x7BAD,0x8C50,
    0x8C70,0x83EF,0x840F,0x8C50,0x9CB1,0x8C50,0x8C70,0x9491,0x8C2F,0x83EE,0x8C70,0x83EE,
    0x7BCE,0x840F,0x8C2F,0x9491,0x83EF,0x738D,0x738D,0x7BCE,0x7BAD,0x6B6C,0x738D,0x736D,
    0x73AD,0x7BCE,0x94B1,0x840F,0x736D,0x738D,0x6B2B,0x62EB,0x630B,0x6B4C,0x7BAD,0x7BAD,
    0x7BAD,0x83EE,0x7BAD,0x738D,0x736C,0x83EE,0x8C2F,0x7BCE,0x7BCE,0x7BCE,0x7BCE,0x83CE,
    0x7BAD,0x83CE,0x83EF,0x7BCE,0x83EF,0x840F,0x7BCE,0x83EE,0x9470,0x9470,0x8C30,0x8C30,
    0x840F,0x840F,0x840F,0x840F,0x9491,0x9491,0x9470,0x8C50,0x83EE,0x8C2F,0x8C30,0x8C2F,
    0x8C2F,0x9CB1,0xAD34,0xBDD6,0xD699,0xBDD6,0xAD54,0xA533,0x9CD2,0xA4F3,0xA4F2,0xA513,
    0xB595,0xB575,0xA533,0xA513,0x9CD2,0x9CB1,0x9491,0x94B1,0xA4F2,0xAD54,0xA513,0xA513,
    0xA4F2,0x9CB2,0xA4F2,0xA4F2,0xA533,0xAD34,0xC637,0xD699,0xD699,0xAD54,0xA513,0xA513,
    0x9CD2,0xA4F2,0xA513,0xA513,0xA4F2,0xA513,0xA4F2,0x9CB1,0x9CB2,0x9CD2,0x9CD2,0x9CD2,
    0x9CB2,0x9CD2,0xA513,0xA4F2,0xA513,0x9CD2,0xA4F2,0xA4F2,0x9CD2,0xAD54,0xAD34,0x9CD2,
    0x9CD2,0x9CD2,0xA4F2,0xA533,0x9CB1,0x9CD2,0xA4F2,0xA513,0xAD54,0xAD33,0xA513,0xA513,
    0xA513,0xAD74,0xAD54,0xA513,0xA4F2,0xA4F2,0x9CD2,0xA4F2,0x9CD2,0x9491,0x9470,0x8C30,
    0x8C2F,0x8C2F,0x8C50,0x94B1,0x9CB1,0x9CD2,0xA513,0xA4F3,0x9CD2,0x9CD2,0xA513,0xA513,
    0xA513,0x9CF2,0x9CF2,0x9CB1,0x9CF2,0x9CD2,0x94B1,0x9491,0x9491,0x7BCE,0x7BCE,0x840F,
    0x8C2F,0x8C50,0x7BCE,0x7BCE,0x83EF,0x840F,0x94B1,0x9470,0x94B1,0x9CD2,0x9CB2,0x9CB2,
    0x9CB2,0x9471,0x9491,0xA533,0xA513,0xA4F3,0x9CB2,0x9CD2,0x9CD2,0x9CD2,0xAD54,0xAD54,
    0x9CB2,0x9CF2,0xA4F2,0xA4F3,0xA513,0xA533,0xAD54,0xAD34,0xAD74,0xBDD6,0xB5B5,0xB595,
    0xC658,0xBDF7,0xAD34,0xAD34,0xB5B6,0xB595,0xAD75,0xAD74,0xB595,0xC617,0xCE79,0xBDD6,
    0xC617,0xC638,0xBDD6,0xC617,0xC638,0xC637,0xCE78,0xC617,0xBDF7,0xC5F7,0xC638,0xC637,
    0xBDF7,0xC637,0xBDF7,0xBDD6,0xC5F7,0xBDD7,0xBDF7,0xCE79,0xCE78,0xBDF7,0xB595,0xBDF6,
    0xDEFB,0xD699,0xC617,0xB5B5,0xB595,0xAD54,0xAD74,0xB595,0xB595,0xB595,0xAD54,0xAD54,
    0xAD54,0xB575,0xAD54,0xA513,0xA533,0xAD34,0xA513,0xA4F2,0x9CD2,0xA4F2,0xA513,0xAD74,
    0xAD34,0xB595,0xAD54,0xA513,0xAD34,0xB595,0xAD74,0xAD54,0xAD54,0xA533,0xAD34,0xBDD6,
    0xB574,0xAD54,0xAD34,0xA534,0xAD54,0xAD54,0xAD74,0xAD74,0xB575,0xBDD6,0xAD54,0xA513,
    0xA533,0xAD54,0xB595,0xB595,0xAD54,0xB5B5,0xB595,0xAD34,0xAD74,0xAD54,0xA533,0xAD54,
    0xAD54,0xAD33,0xAD33,0xAD74,0xA4F3,0x9CB1,0x9CB1,0x9470,0x8C50,0x9491,0x9CB2,0x9CB2,
    0x9491,0x9470,0x9491,0x9491,0x9CD2,0xA513,0x9CD2,0xA4F3,0x9491,0xA513,0xA533,0xA513,
    0x9CD2,0x9CB1,0x9491,0x8C70,0x83EE,0x738D,0x7BCE,0x8C50,0x9471,0x9CD2,0xA513,0x9CF2,
    0x9470,0x7BAD,0x5ACA,0x5AAA,0x5ACA,0x630B,0x6B6C,0x736C,0x83EF,0x8C30,0x83EE,0x7BAE,
    0x7BAD,0x8C30,0x9491,0x8C30,0x9470,0x8C50,0x9CB1,0x9CD2,0x842F,0x8C50,0x9491,0x9CD2,
    0x8C70,0x8C70,0x83EF,0x7BCE,0x8C50,0x840F,0x840F,0x9470,0x9CB2,0xA4F2,0xA513,0xA4F2,
    0x9491,0x8C50,0x7BCE,0x7BAD,0x840F,0x9491,0x8C50,0x9470,0x9CB1,0x9491,0x83EF,0x7B8D,
    0x738D,0x83CE,0x9CB1,0xA4F2,0x9491,0x9491,0x9CD2,0x9491,0x94B1,0x9491,0x9CF2,0x9CD2,
    0x9CD2,0x9CD2,0x9CF2,0x9491,0x8C50,0x9491,0x9470,0x94B1,0x8C50,0xA4F2,0xAD54,0xAD54,
    0xAD54,0xA513,0x9CD2,0x9CB1,0x94B1,0x9CB2,0xA4F2,0x9CD2,0x9470,0x9470,0x9470,0x9471,
    0x9491,0x9491,0x94B1,0xA513,0x9CB1,0xA4F2,0x9491,0x8C50,0x9470,0x9491,0x9CB1,0x9CD2,
    0xA4F2,0xA513,0xA513,0x9CB1,0x8C70,0x9470,0x9CB2,0x9470,0xAD34,0xAD54,0xA4F3,0xA513,
    0x9CD2,0x8C50,0x9470,0x9470,0x9470,0x9470,0x9491,0x8C70,0x8C30,0x9CD2,0x9CD2,0xA513,
    0x9CD2,0x9CD2,0x94B1,0x8C70,0x9491,0x9CF2,0xA513,0x9CD2,0x9CD2,0x9470,0x9491,0x9491,
    0x8C30,0x9491,0x9470,0x840F,0x840F,0x8C70,0x8C50,0x7BCE,0x8C30,0x840F,0x840F,0x840F,
    0x7BCE,0x840F,0x840F,0x83EE,0x8C30,0x842F,0x8C2F,0x8C30,0x9470,0x8C2F,0x8C2F,0x842F,
    0x8C2F,0x8C2F,0x8C50,0x9470,0x840F,0x83EE,0x8C2F,0x8C30,0x8C30,0x83EE,0x8C50,0x9491,
    0xA513,0x9CF2,0x8C30,0x842F,0x840F,0x7BCE,0x842F,0x840F,0x83EF,0x840F,0x840F,0x8C50,
    0x842F,0x7BCE,0x7BCE,0x7BAE,0x6B4C,0x7BCE,0x840F,0x736D,0x736C,0x736D,0x7BAD,0x7BAD,
    0x738D,0x738D,0x738D,0x5ACA,0x5ACA,0x736C,0x738D,0x738D,0x7BAD,0x7BAD,0x7BCE,0x7BCE,
    0x7BCE,0x7BCE,0x7BCE,0x7BCE,0x83CE,0x840F,0x83EE,0x8C2F,0x83EE,0x83CE,0x840F,0x83EF,
    0x7BAE,0x840F,0x7B8D,0x7BCE,0x840F,0x8C2F,0x8C2F,0x9491,0x9470,0x8C2F,0x840F,0x8C50,
    0x9470,0x8C2F,0x8C50,0x8C2F,0x8C30,0x8C50,0x8C50,0x9491,0x8C50,0x8C50,0x9CB1,0xAD54,
    0xBDD6,0xAD74,0xA513,0xA513,0xA513,0x9CD2,0x94B1,0x9CB2,0x9CD2,0xA513,0xA4F2,0xA4F2,
    0xA533,0xA4F2,0xA513,0xA533,0xA533,0x9CD2,0x9CD2,0xA513,0xA533,0xA533,0xA513,0xA4F2,
    0xA533,0xAD74,0xBDB6,0xAD74,0xAD54,0xA513,0xA4F2,0x9CD2,0xA4F2,0xA4F2,0x9CD2,0x9CD2,
    0x9CD2,0x9CD2,0x9CF2,0x9CB2,0x94B1,0x9491,0x94B1,0x9CB1,0xA4F2,0xA513,0xA533,0xB595,
    0xA534,0xC617,0xBDB6,0xA4F2,0xAD34,0xB595,0xA513,0x9CB2,0x9CD2,0x9CD2,0x9CD2,0xA4F2,
    0xA4F3,0xA533,0xA533,0xAD33,0xAD54,0xA513,0xA513,0xA513,0xA4F2,0xAD34,0xA513,0xA513,
    0xAD54,0xA533,0x9CD2,0xA4F2,0x9CD2,0xA4F3,0xA4F2,0x9CD2,0x9491,0x9CB2,0xA513,0x9CD2,
    0x9491,0x9CB1,0xA513,0xA533,0x9CD2,0x9CB2,0xA513,0xA4F2,0x9CB1,0x94B1,0xA534,0xA513,
    0x94B1,0x9CD2,0x9CD2,0x9491,0x8C70,0x83EF,0x842F,0x840F,0x8C2F,0x7BCE,0x7BCE,0x7BAD,
    0x7BCE,0x9471,0x9491,0x9491,0xA534,0xA533,0xAD54,0xA513,0xA4F3,0xA4F2,0xA513,0xA533,
    0xA513,0x94B1,0x9CD2,0xAD34,0xAD54,0x9CF2,0x9CF2,0xA513,0xA513,0x9CD2,0x9CD2,0xA533,
    0xA513,0xA533,0xAD54,0xA533,0xAD34,0xAD74,0xBDD6,0xC658,0xBDD6,0xAD75,0xAD54,0xAD74,
    0xAD54,0xAD75,0xAD75,0xAD74,0xBDD6,0xC617,0xBDF7,0xBDF7,0xC617,0xB5B6,0xB5B6,0xBDD7,
    0xBDF7,0xB595,0xC617,0xCE58,0xBDD6,0xBDF7,0xBDF7,0xC5F7,0xBDF7,0xBDF7,0xBDF7,0xB595,
    0xC617,0xCE58,0xB595,0xAD54,0xB595,0xB595,0xBDD7,0xCE58,0xC638,0xBDF7,0xB595,0xBDB5,
    0xB575,0xB595,0xB5B5,0xAD74,0xAD54,0xAD74,0xAD54,0xAD54,0xAD74,0xAD74,0xA533,0xA513,
    0xAD34,0xB575,0xAD54,0xAD34,0xA533,0xAD54,0xAD54,0xB595,0xB595,0xB595,0xAD75,0xA533,
    0xAD54,0xAD54,0xAD34,0xA513,0xA4F2,0x9CD2,0xA4F2,0xB575,0xAD33,0xA513,0xAD54,0xA513,
    0xA533,0xA4F2,0xA513,0xAD54,0xAD54,0xB595,0xBDB6,0xAD54,0xA513,0xAD74,0xB5B5,0xAD74,
    0xA533,0xA513,0xAD54,0xAD54,0xAD34,0xAD34,0xAD54,0xA534,0xA513,0xA513,0xA4F3,0xAD54,
    0xA513,0x9CD2,0x9CB1,0x9CD2,0x9CD2,0x9CB1,0x9471,0x9CD2,0xA513,0x9491,0xA4F2,0xA513,
    0x94B1,0x94B1,0x9CD2,0x9CD2,0x9470,0x9470,0xA534,0xBDD6,0xA533,0x9470,0x8C2F,0x9491,
    0x840F,0x840F,0x842F,0x8C50,0x8C50,0x9491,0x9CD2,0x9CB1,0x8C50,0x842F,0x7BCE,0x6B4C,
    0x6B2B,0x736D,0x7BAD,0x842F,0x840F,0x7BAD,0x736C,0x6B2B,0x736C,0x6B4C,0x840F,0x8C70,
    0x7BCE,0x7BCE,0x7BAD,0x83EE,0x9491,0x9491,0x9CD2,0x9CD2,0x9CB1,0x9CB2,0x840F,0x736D,
    0x8C70,0x9470,0x9470,0x9491,0x9CB1,0x9CB1,0x94B1,0x9491,0x8C50,0x8C50,0x83EF,0x840F,
    0x8C2F,0x94B1,0x9CB1,0x9CD2,0x8C70,0x9470,0x83EF,0x7BAD,0x7BCE,0x7BCE,0x9CB2,0x9470,
    0x9470,0xA4F2,0x94B1,0x9471,0x9CD2,0x9CB2,0xA513,0x9CD2,0x9471,0x8C50,0x94B1,0x9CD2,
    0x9471,0x9470,0x9470,0xA4F3,0x9491,0x9CD2,0xA4F2,0xA533,0xAD34,0xA513,0x9CB2,0x9CB1,
    0x9CB1,0x9CD2,0xA533,0x94B1,0x9CB2,0x94B1,0x9470,0x9CD2,0x9CD2,0x9491,0x9491,0x9470,
    0x8C50,0x840F,0x840F,0x840F,0x8C50,0x8C50,0x9CD2,0xA533,0x9CB1,0xA4F2,0xC617,0xC617,
    0xA513,0xA513,0xA513,0x9CB2,0xA513,0xA4F2,0x9CD2,0x9CD2,0x9CB2,0x9CD2,0xAD34,0xA4F3,
    0x94B1,0x9CB1,0x94B1,0x9470,0x8C50,0x9491,0x9491,0x94B1,0x9CB2,0x9470,0x8C70,0x9470,
    0x8C50,0x9491,0x9CD2,0xA513,0xB595,0xBDD6,0x9CB1,0x94B1,0x94B1,0x8C50,0x8C50,0x840F,
    0x7BAD,0x840F,0x8C30,0x7BCE,0x840F,0x8C50,0x8C30,0x840F,0x840F,0x840F,0x7BCE,0x738D,
    0x738D,0x7BCE,0x840F,0x83EE,0x738D,0x7BAE,0x83EF,0x8C2F,0x840F,0x840F,0x83CE,0x7BCD,
    0x7BAD,0x840F,0x83EF,0x7BAD,0x734C,0x7BAD,0x840F,0x840F,0x9CF2,0xA513,0x8C2F,0x840F,
    0x83EE,0x7BCE,0x7BCE,0x83EF,0x840F,0x8C2F,0x8C2F,0x8C2F,0x8C50,0x7BCE,0x7BAD,0x7BAD,
    0x736D,0x6B4C,0x6B4C,0x6B4C,0x736D,0x738D,0x6B4C,0x736C,0x736D,0x6B4C,0x738D,0x7BAD,
    0x6B6C,0x736C,0x83EE,0x736C,0x7BAD,0x7BCE,0x840F,0x83EF,0x83EE,0x840F,0x8C2F,0x840F,
    0x840F,0x8C30,0x8C2F,0x840F,0x840F,0x840F,0x842F,0x83EF,0x7BAD,0x7BCE,0x840F,0x83EF,
    0x7BCE,0x83EF,0x83EE,0x840F,0x8C30,0x840F,0x8C70,0x94B1,0x8C30,0x840F,0x8C30,0x9470,
    0x9491,0x8C50,0x8C30,0x9491,0x9470,0x8C50,0x9470,0x9CD2,0x9CD2,0x94B1,0x9CD2,0x9CD2,
    0x9CB2,0x94B1,0x9470,0x94B1,0x9CD2,0x9CD2,0x9CB2,0xA4F2,0xA513,0x9CB1,0x9CB1,0xA533,
    0xA4F2,0xA4F2,0x9CB2,0x9CB2,0x9CD2,0xAD54,0xA513,0xA513,0xA4F2,0xA513,0xA4F2,0xA4F2,
    0xA4F2,0xA4F3,0xAD34,0xAD54,0xA513,0x9CF2,0x9CD2,0x94B1,0x9CD2,0x9CD2,0x9CD2,0x9CF2,
    0x9CD2,0xAD34,0x9CB2,0x94B1,0xA513,0xA513,0x9CF2,0x9CD2,0xA533,0xBDD6,0xB595,0xAD34,
    0xAD34,0xAD74,0xA533,0xA513,0xA513,0x9CD2,0xA4F3,0x9CD2,0x9CF2,0xAD34,0xA4F2,0xA4F2,
    0xA513,0xA513,0xA4F3,0xAD34,0xAD33,0xA513,0xAD54,0xA533,0xA4F3,0x9CD2,0x9CD2,0x9CD2,
    0x9CD2,0xA513,0xA4F2,0xA533,0xA4F2,0x9CB2,0x9CF2,0x9CD2,0x9CB1,0x9CD2,0x9CD2,0xA534,
    0xA513,0xA513,0xA513,0x9CD2,0x94B1,0xA4F3,0xB5B5,0xA513,0x9CB2,0x9CD2,0xA4F3,0xA513,
    0x9CB2,0x8C50,0x9491,0x8C50,0x83EF,0x7BCE,0x83EF,0x7BCE,0x842F,0x8C50,0x840F,0x840F,
    0x94B1,0xA533,0xA513,0x9CD2,0xA513,0xAD54,0xAD54,0x9CD2,0x9CD2,0x94B1,0xA513,0xA513,
    0x9CF2,0xA513,0xA4F3,0xA513,0xA4F3,0xA4F2,0xA513,0xA513,0xA513,0xAD34,0xAD54,0xAD54,
    0xAD75,0xB595,0xC658,0xBDD6,0xB575,0xA533,0xAD34,0xAD34,0xA534,0xAD34,0xAD74,0xBDB6,
    0xC617,0xBDF7,0xB5B6,0xC617,0xC617,0xB595,0xBDD6,0xBDF6,0xC638,0xBDD6,0xAD75,0xCE58,
    0xBDF7,0xBDF6,0xBDD6,0xB595,0xBDD6,0xC617,0xC637,0xC617,0xC617,0xBDF7,0xAD54,0xA513,
    0xA534,0xAD54,0xAD54,0xAD75,0xAD54,0xB5B5,0xBDF7,0xB595,0xB595,0xAD54,0xB595,0xAD74,
    0xAD33,0xA533,0xA513,0xA533,0xAD34,0xA513,0xAD34,0xB575,0xA533,0x9CF2,0xA533,0xB575,
    0xB595,0xB575,0xAD75,0xAD54,0xAD54,0xAD54,0xAD74,0xB595,0xC617,0xBDD6,0xAD75,0xAD54,
    0xAD74,0xAD54,0xA4F2,0xA513,0xA513,0x9CD2,0xA513,0xA513,0xA513,0xA4F2,0xA533,0xAD34,
    0xA533,0xAD34,0xAD54,0xAD54,0xB595,0xAD74,0xA534,0xA533,0xA513,0xA513,0xA513,0xA513,
    0x9CD2,0x9CD2,0xAD34,0xAD54,0xA513,0xB575,0xAD74,0xAD75,0xAD34,0x9CB1,0xA4F2,0xA513,
    0x9CD2,0x9CB1,0x9470,0xAD54,0xAD74,0x9CB1,0x9CD2,0xA533,0x94B1,0x9491,0xA513,0x9CF2,
    0x94B1,0xA4F2,0xA513,0xA4F3,0xA4F2,0xA513,0x9CB1,0x9491,0x9470,0x9470,0x9470,0x9470,
    0x8C50,0x842F,0x9470,0x8C50,0x83EF,0x73AD,0x6B2B,0x736C,0x630B,0x6B4C,0x7BAE,0x7BAD,
    0x736D,0x6B4C,0x6B2C,0x6B2C,0x6B0B,0x736C,0x840F,0x840F,0x738D,0x6B2B,0x6B4C,0x7BCE,
    0x9491,0x9491,0x7BAD,0x738D,0x7BAD,0x8C50,0x9CD2,0x8C50,0x9470,0x9470,0x9470,0x9491,
    0x9CB2,0x9491,0x8C50,0x840F,0x8C70,0x9470,0x9471,0xA4F2,0xA513,0xA513,0x9CB1,0x94B1,
    0xA4F2,0x9CD2,0x9CB1,0xA533,0x9CD2,0x9491,0x9470,0x8C50,0x9CB2,0x9CB2,0xA4F2,0x9491,
    0x9CD2,0xA533,0xA533,0xAD75,0x8C70,0x9CF3,0x9CD2,0x94B1,0x9CF2,0x8C2F,0xA4F2,0xA4F3,
    0xA513,0xAD34,0xA533,0xAD54,0xA533,0xAD54,0x9CD2,0x9491,0x94B1,0x9CB2,0xA4F2,0x9CB1,
    0x9CD2,0x9CD2,0x9CD2,0x9491,0x8C50,0x94B1,0x9CB2,0x9CB1,0x9470,0x9470,0x9491,0x9491,
    0x94B1,0x9CD2,0xAD33,0xB575,0xA4F2,0x9CD2,0xA533,0xB575,0xAD33,0xA513,0xAD54,0xA513,
    0x9491,0x94B1,0xA4F2,0xA4F3,0x9491,0xA513,0xA4F2,0x9CD2,0x9CB2,0x9491,0x8C50,0x8C50,
    0x840F,0x8C2F,0x8C70,0x9470,0x9CB2,0x9CB1,0x9CB1,0x9491,0x9470,0x9CD2,0xA513,0xB595,
    0xB595,0xAD54,0x9CD2,0x9491,0x9470,0x8C2F,0x8C2F,0x8C2F,0x83CE,0x83CE,0x83CE,0xA4F2,
    0x94B1,0x83EF,0x8C50,0x840F,0x840F,0x7BAE,0x736D,0x73AD,0x6B2B,0x6B2B,0x7BAD,0x83EE,
    0x83EF,0x83EE,0x840F,0x842F,0x8C30,0x83EF,0x7BCE,0x83EE,0x7BCE,0x7BAD,0x83CE,0x842F,
    0x7BAD,0x736D,0x83EE,0x9CB2,0xAD34,0x94B1,0x83EF,0x7BCE,0x83EF,0x7BCE,0x83EE,0x840F,
    0x840F,0x8C2F,0x8C30,0x8C30,0x840F,0x83EE,0x7BAD,0x738D,0x738D,0x736D,0x736C,0x6B2B,
    0x7BAD,0x83CE,0x840F,0x738D,0x6B2C,0x736C,0x6B4C,0x6B4C,0x736C,0x738D,0x7BCE,0x738D,
    0x8C50,0x9470,0x8C30,0x840F,0x73AD,0x738D,0x840F,0x83EF,0x840F,0x840F,0x8C2F,0x8C2F,
    0x840F,0x840F,0x840F,0x83EE,0x83EE,0x83EE,0x83EE,0x7BAE,0x7BCE,0x83EE,0x7BCE,0x7BCE,
    0x8C2F,0x83CE,0x840F,0x8C2F,0x840F,0x83EE,0x8C2F,0x8C50,0x8C70,0x9470,0x840F,0x8C2F,
    0x9470,0x9470,0x8C50,0xA513,0x9CD2,0x9470,0x9470,0x9CB1,0x9491,0x9491,0x9491,0x9CB2,
    0xA513,0xA4F2,0x9CB1,0x9CD2,0x9CB2,0xA533,0xA4F2,0xA533,0xA533,0x9CB2,0x9CD2,0xA4F2,
    0x9CD2,0x9CD2,0x9CD2,0xA4F2,0xAD34,0xA513,0xA4F3,0xA4F3,0x9CD2,0xA513,0xA4F3,0xA513,
    0xA533,0xA513,0x9CB2,0x94B1,0x9CB1,0xA4F2,0x94B1,0x9CB1,0xA513,0xAD33,0xA513,0xA513,
    0xA4F2,0xA4F3,0xA513,0xA513,0x9CD2,0x9CD2,0xA513,0xA533,0xA4F2,0xAD34,0xBDB6,0xA513,
    0xA4F2,0xA533,0x9CD2,0x9CD2,0xA513,0xAD33,0xA513,0xAD54,0xAD33,0xA533,0xA4F2,0xA533,
    0xA513,0x9CD2,0xA513,0xAD34,0xA513,0xA4F2,0xA513,0xA4F2,0xA4F2,0xA513,0x9CD2,0x9CB1,
    0x9CD2,0xA4F2,0x9CB2,0x94B1,0x9CD2,0xAD54,0xAD34,0xA4F3,0xA533,0xAD54,0xA513,0xA4F3,
    0x9CB2,0xA513,0xAD54,0xA513,0xA513,0xA4F3,0xA534,0x9CF2,0xA513,0x9491,0x9471,0x9471,
    0x83EF,0x842F,0x8C2F,0x840F,0x9470,0x9491,0x8C70,0x8C30,0x8C50,0x9CF2,0xA513,0xA513,
    0x9CD2,0x9CB2,0x9CB1,0x9CB1,0xA4F2,0x9CD2,0x94B1,0xA513,0xA533,0x9CD2,0xA513,0xA533,
    0x9CF2,0xA513,0xAD54,0xAD75,0xAD34,0xAD54,0xAD34,0xAD75,0xBDD6,0xBDF6,0xAD75,0xAD54,
    0xB5B6,0xAD54,0xA533,0xA513,0xAD54,0xB595,0xBDD6,0xC5F7,0xC617,0xC637,0xC617,0xCE79,
    0xCE79,0xC617,0xBDD6,0xB5B6,0xCE58,0xC617,0xB595,0xB5B6,0xBDF7,0xAD74,0xA533,0xAD75,
    0xBDD6,0xB5B5,0xBDD6,0xB5B6,0xB595,0xA533,0xAD34,0xAD54,0xAD54,0xAD75,0xAD54,0xB595,
    0xB5B6,0xB595,0xB595,0xAD54,0xA534,0xA533,0xAD54,0xB595,0xB595,0xB595,0xAD34,0xAD54,
    0xAD54,0xA513,0xA513,0xA533,0xA513,0xA513,0xA513,0xAD34,0xAD34,0xAD74,0xAD74,0xAD34,
    0xAD34,0xAD54,0xA513,0xAD34,0xB5B5,0xB595,0xB575,0xAD54,0xAD34,0xBDB6,0xB595,0xAD54,
    0xAD54,0x9CF2,0x9CD2,0x9CD2,0xA513,0xAD34,0xA533,0xAD54,0xB595,0xB595,0xAD74,0xBDD6,
    0xC617,0xC638,0xAD54,0xAD54,0xA513,0xA533,0x9CD2,0x9CD2,0x9CD2,0x9CD2,0x9491,0x94B1,
    0x9CD2,0xAD54,0xBDD6,0xA533,0xA533,0xAD54,0xC617,0xB595,0x9CB1,0x9CD2,0x9CB1,0xA513,
    0xA513,0x9CB2,0x9CB1,0x94B1,0x94B1,0x9CD2,0x9CD2,0x9CD2,0xA4F2,0x9CB2,0x9CD2,0x9CB2,
    0x9CB2,0x9CD2,0x9CD2,0x9491,0x9491,0x9491,0x8C50,0x9491,0x9CD2,0x9CB2,0x9491,0x8C70,
    0x9CD2,0x9470,0x840F,0x7BCE,0x6B6C,0x6B2C,0x6B4C,0x6B4C,0x6B0B,0x6B2B,0x6B4C,0x6B6C,
    0x62EA,0x736D,0x8C70,0x8C70,0x8C50,0x840F,0x840F,0x9470,0x9CB1,0x94B1,0x840F,0x7BCE,
    0x7BCE,0x8C50,0x9491,0x8C30,0x7BCE,0x7BCE,0x83CE,0x8C30,0x9491,0x9CD2,0x9470,0x8C2F,
    0x9491,0x9CF2,0x94B1,0xA533,0xC637,0xAD74,0x9CD2,0x9471,0x8C30,0x9470,0x840F,0x83EF,
    0x83EF,0x9470,0x8C70,0x9470,0x9CD2,0x9CB2,0x9CB2,0x9CD2,0x9491,0x9491,0x9470,0x94B1,
    0x9CD2,0x9CB2,0x94B1,0x94B1,0x9CD2,0x9491,0x9CD2,0xAD54,0xC617,0xBDD6,0xAD74,0xAD54,
    0xAD74,0xB575,0xA513,0x94B1,0x94B1,0x9CB2,0x9CD2,0xA533,0xA513,0x9CB1,0x94B1,0x9CD2,
    0x94B1,0x9CD2,0xC617,0xAD54,0x94B1,0x9CD2,0x9CD2,0x9CB1,0x9CB1,0x9CD2,0xA4F2,0x9CD2,
    0xA4F2,0xA4F2,0x9CB2,0x9470,0x9CB2,0x9CB2,0xAD54,0xA533,0x9CD2,0x94B1,0xA4F2,0xA513,
    0x9CD2,0x9CD2,0x9CD2,0x9491,0x9470,0x8C50,0x9470,0x8C50,0x8C50,0x8C2F,0x9470,0x9491,
    0x9491,0x9471,0x9491,0x9CB2,0x9CD2,0x9CF2,0x9491,0x9CD2,0x8C50,0x842F,0x8C50,0x9470,
    0x8C2F,0x83EE,0x7BCE,0x7BCE,0x8C50,0x9470,0x840F,0x840F,0x7BCE,0x7BCE,0x94B1,0xA4F3,
    0x8C50,0x7BCE,0x73AD,0x83EF,0x7BCE,0x738D,0x83EE,0x7BCE,0x8C30,0x8C2F,0x840F,0x8C50,
    0x8C50,0x840F,0x7BCE,0x7BCE,0x840F,0x7BCE,0x840F,0x842F,0x83EF,0x7BAD,0x840F,0x9470,
    0x9471,0x840F,0x7BCE,0x7BAD,0x7BCE,0x7BCE,0x7BAE,0x7BAD,0x83CE,0x83EE,0x83EE,0x842F,
    0x8C50,0x840F,0x7BAD,0x736C,0x736C,0x6B4C,0x6B4C,0x6B2B,0x6B4C,0x73AD,0x736C,0x6B2B,
    0x6B4C,0x736D,0x6B4C,0x736D,0x738D,0x7BCE,0x738D,0x7BAD,0x842F,0x840F,0x83EF,0x840F,
    0x83EF,0x630B,0x6B2B,0x7BAE,0x7BCE,0x83CE,0x840F,0x840F,0x83EF,0x840F,0x840F,0x8C2F,
    0x83EF,0x840F,0x7BCE,0x83EF,0x8C50,0x840F,0x7BCE,0x7BCE,0x7BCE,0x7BCE,0x7BCE,0x7BCE,
    0x840F,0x83EF,0x83EE,0x840F,0x8C50,0x8C50,0x8C50,0x9491,0x94B1,0x9491,0x9471,0x9CF2,
    0xAD54,0xA513,0x9CB1,0x9470,0x9491,0x9491,0x9491,0x9CD2,0x9CF2,0xA4F2,0x9491,0x9CD2,
    0xA513,0x9CD2,0x9CD2,0x9CD2,0xA513,0x94B1,0x94B1,0x9CF2,0x9CD2,0xA533,0xA4F2,0xA4F2,
    0xA513,0xA533,0xA533,0xA4F3,0x9CD2,0xA4F2,0x9CD2,0x9CB2,0xA4F2,0x9CD2,0x9CB2,0x9491,
    0x9CB2,0xA513,0x9CD2,0x9CD2,0xA513,0x9CD2,0xA4F3,0xAD34,0xAD34,0xAD34,0xAD74,0xA513,
    0x9CD2,0xA4F2,0xAD33,0xA4F3,0xA513,0x9CD2,0x9CD2,0xA533,0x9CF2,0xA4F3,0xA513,0xB595,
    0xA513,0x9CD2,0x9CB1,0xA533,0xAD54,0xA513,0xA513,0xA533,0xA513,0xA533,0xA533,0xAD74,
    0xAD54,0xAD34,0xA4F2,0xA513,0xA4F3,0xA513,0x9CD2,0x9470,0x9491,0x9CD2,0x9CD2,0x9CD2,
    0x9CD2,0xA513,0xA533,0x9CD2,0xA4F2,0x9CD2,0xA533,0xAD33,0xA4F2,0xAD54,0xAD54,0xA534,
    0xA533,0xA533,0xA533,0xA533,0xAD54,0xA513,0x9491,0x8C30,0x8C50,0x8C50,0x8C30,0x8C2F,
    0x9470,0x94B1,0x94B1,0x8C70,0x9471,0x9CF2,0xA513,0x9CD2,0x9491,0x94B1,0xA4F2,0xA513,
    0xA534,0x9CB2,0x9CF2,0xAD54,0xAD54,0xAD34,0x9CB2,0xA4F2,0xA533,0xAD54,0xAD54,0xAD54,
    0xB595,0xAD74,0xAD75,0xBDD7,0xBDF6,0xAD74,0xA533,0xA533,0xAD54,0xAD54,0xA534,0xAD75,
    0xBDF7,0xC637,0xBDD6,0xC637,0xBDD6,0xBDD6,0xC617,0xCE58,0xC617,0xB595,0xAD54,0xB5B6,
    0xCE58,0xBDF7,0xBDD6,0xB5B5,0xB595,0xAD54,0xA533,0xB5B5,0xC638,0xB5B6,0xB595,0xBDF7,
    0xC617,0xB5B5,0xB595,0xBDD6,0xB5B6,0xAD54,0xAD54,0xAD74,0xBDB6,0xBDD6,0xBDD6,0xB595,
    0xAD74,0xAD34,0xA534,0xAD74,0xA534,0xB595,0xB595,0xB595,0xBDD6,0xBDF7,0xA533,0xAD34,
    0xA534,0xA4F2,0xA4F2,0xA4F2,0xA513,0xAD34,0xB575,0xB575,0xBDD6,0xAD74,0xAD54,0xB595,
    0xAD54,0xAD34,0xAD34,0xA513,0xAD54,0xAD75,0xB5B5,0xB595,0xAD54,0xA513,0xA513,0xA4F2,
    0xA513,0xAD34,0xAD34,0xA513,0xA533,0xAD34,0xB575,0xC617,0xBDD6,0xB595,0xAD75,0xAD54,
    0xA513,0xAD54,0xA4F3,0x9CB2,0x9CD2,0xA4F2,0x9CD2,0x9491,0x9CB2,0x9CB2,0xA4F2,0xA533,
    0xA513,0xB575,0xBDD6,0xB5B6,0xAD54,0xA513,0xAD54,0x9CD2,0x9CB2,0x9CB2,0x9CB1,0x9CB1,
    0x9CD2,0x9CF2,0xA4F2,0xA533,0x9CD2,0xA4F2,0x9CD2,0xA4F2,0x9CD2,0xA4F2,0xA4F3,0x9CD2,
    0x9CD2,0x9CD2,0x94B1,0x94B1,0x9CD2,0x9CF2,0x9CB2,0xA513,0xA513,0xA533,0xBDD6,0xB595,
    0x8C50,0x840F,0x840F,0x7BCE,0x6B2C,0x6B4C,0x6B2B,0x738D,0x83EF,0x9470,0xA533,0x9CD2,
    0x8C70,0x9CD2,0xA513,0x94B1,0x94B1,0x9CB2,0x94B1,0x8C50,0x9CB2,0x9CD2,0x8C50,0x9491,
    0x94B1,0x840F,0x83EE,0x8C2F,0x9CD2,0xA4F2,0x94B1,0x8C50,0x9470,0x9470,0x9470,0x8C50,
    0x8C50,0x9CB1,0xA4F2,0x840F,0x840F,0x7BCE,0x6B2B,0x738D,0x8C70,0x8C30,0x8C50,0x94B1,
    0xA513,0xAD74,0xAD34,0xA513,0xAD34,0xA513,0x9471,0x94B1,0xA533,0xA513,0xA513,0xA513,
    0xA4F2,0xA4F2,0xA533,0xBE17,0xCE99,0xB595,0xAD74,0xAD74,0xAD54,0xB5B5,0xAD54,0x9CB1,
    0x9491,0xA4F2,0xA513,0xA513,0xB595,0xB595,0x9470,0x9471,0x9470,0x8C50,0xAD34,0xA513,
    0x9CD2,0x9CD2,0x9470,0x9491,0x94B1,0x9491,0x94B1,0x9CD2,0x9CD2,0x9CD2,0xA513,0x94B1,
    0x9CD2,0xA4F2,0x94B1,0x9CB1,0x9CD2,0x94B1,0x94B1,0xAD34,0xA513,0x9CD2,0xA4F2,0x9CF2,
    0x9CB2,0x9CB2,0x9491,0x8C50,0x9CB1,0x9CD2,0x9CD2,0x9470,0x9470,0x9491,0x9CD2,0x9CF2,
    0x9CD2,0x840F,0x7BAD,0x7BAD,0x7BAD,0x7BCE,0x83EE,0x83EE,0x7BAD,0x7BCD,0x7BAD,0x7BAD,
    0x7BCE,0x8C50,0x842F,0x83EF,0x7BCE,0x840F,0x8C2F,0x8C70,0x9CB2,0x9470,0x9470,0x8C50,
    0x8C30,0x9471,0x9CB2,0x8C50,0x9470,0x9491,0x94B1,0x9491,0x8C30,0x8C50,0x7BCE,0x83EE,
    0x7BAD,0x7BAD,0x7BAD,0x736D,0x83EE,0x8C2F,0x8C2F,0x840F,0x83EE,0x83EE,0x7BCD,0x738D,
    0x736C,0x7BCE,0x7BCE,0x7BCE,0x73AD,0x7BAE,0x840F,0x8C30,0x8C50,0x8C2F,0x7BCE,0x7BAD,
    0x738D,0x6B4C,0x6B4C,0x6B2B,0x6B4C,0x736C,0x736C,0x6B4C,0x6B4C,0x7BAD,0x738D,0x736C,
    0x8C30,0x7BCE,0x7BAD,0x738D,0x7BCE,0x738D,0x7BCE,0x8C30,0x840F,0x7BAE,0x7BAD,0x7BCE,
    0x840F,0x83EF,0x83EE,0x7BCE,0x840F,0x840F,0x7BAE,0x7BCE,0x83CE,0x83EF,0x8C70,0x9CD2,
    0x94B1,0x9470,0x8C70,0x8C70,0x8C30,0x7BCE,0x83CE,0x8C2F,0x840F,0x83EF,0x8C2F,0x8C50,
    0x9CB1,0x9CB1,0x9470,0x94B1,0x9CB1,0xA4F3,0xA4F2,0xA513,0xAD54,0xA4F2,0xA4F3,0xA513,
    0x9491,0x9470,0x9CD2,0xA513,0x9CD2,0x9CB1,0x9CB1,0x9CB2,0xA513,0x9CD2,0x9CB2,0xA513,
    0x9CD2,0xAD33,0xA513,0xAD34,0xA513,0xB595,0xA533,0x9CF2,0xA4F2,0xA513,0xA513,0xAD34,
    0xAD34,0x9CD2,0x9CD2,0xA513,0xA4F2,0x9CB2,0x9CB2,0x94B1,0x9CB2,0x9CD2,0x9CD2,0x9CF2,
    0x9CD2,0xA4F3,0xA513,0xA4F2,0xAD54,0xAD74,0xAD34,0xA513,0xA513,0xA533,0x9CD2,0xAD74,
    0xAD74,0x9CD2,0x9CD2,0x94B1,0x9CD2,0xA4F2,0xA513,0xBDB6,0xB575,0xAD34,0xA533,0xA513,
    0xA513,0xA4F2,0xAD54,0xA533,0xA513,0xAD34,0xB5B5,0xBDD6,0xAD74,0xAD34,0xA513,0xAD34,
    0xA513,0xA533,0xA534,0x9CD2,0x9CD2,0xA4F3,0xAD54,0xA533,0xA513,0xAD54,0xA513,0x9CD2,
    0x9CB2,0xA4F3,0xA533,0xAD34,0xAD54,0xAD54,0xAD54,0xAD54,0xAD54,0xAD34,0xA533,0xA533,
    0xAD54,0xA513,0x94B1,0x8C70,0x9491,0x94B1,0x8C50,0x9491,0x9CB2,0x9CD2,0x9491,0x8C50,
    0x9470,0x9CD2,0xAD34,0x9CD2,0x9491,0xA4F3,0xA533,0xA4F2,0xA513,0xAD34,0xA513,0x9CB2,
    0x9CD2,0x9CF2,0x9CF2,0xA4F3,0x9CD2,0xA513,0xAD34,0xA513,0xAD75,0xB5B6,0xBDF7,0xBDF6,
    0xAD34,0xA513,0xA513,0xA4F2,0xA513,0xA534,0xAD75,0xBDD6,0xC637,0xC617,0xBDD6,0xBDD6,
    0xB5B6,0xBDD6,0xC637,0xC638,0xC5F7,0xBDD6,0xAD34,0xAD75,0xBDD6,0xBDD6,0xB5D6,0xB595,
    0xAD74,0xB595,0xB595,0xCE58,0xC617,0xBDD6,0xB595,0xBDF7,0xC617,0xC638,0xB595,0xB5B6,
    0xC617,0xBDD6,0xB595,0xAD75,0xB5B5,0xBDD6,0xB5B6,0xBDD6,0xBDD6,0xBDD6,0xAD74,0xA533,
    0xAD54,0xB595,0xAD34,0xA534,0xA534,0xAD54,0xAD54,0xA513,0x9CD2,0xA513,0xB575,0xAD54,
    0xAD54,0xAD54,0xAD33,0xB595,0xBDD6,0xB5B5,0xAD75,0xAD74,0xAD54,0xA533,0xA533,0xA4F2,
    0xAD54,0xAD34,0xA513,0xAD54,0xA513,0xA513,0xA513,0xA513,0xAD54,0xAD34,0xAD34,0xA513,
    0xA513,0xAD74,0xB5B5,0xB575,0xAD74,0xA513,0xAD74,0xAD54,0xA513,0xA513,0x9CB1,0x9470,
    0x94B1,0xAD54,0xAD54,0x9CD2,0xA533,0x9CD2,0x9CD2,0xA513,0xA533,0xAD54,0xAD54,0xAD54,
    0xAD54,0x9CD2,0x9CD2,0xA533,0x9CD2,0x9CD2,0x9CD2,0x94B1,0xA513,0x9CD2,0xA4F2,0xB595,
    0xB575,0xAD54,0xB595,0xAD54,0xAD54,0xAD34,0xAD54,0xA513,0x9CD2,0x9CB2,0xA513,0xB595,
    0xA513,0xA4F2,0x9CD2,0xA513,0x94B1,0xA513,0xAD54,0xA513,0x9CF2,0x9CB1,0x8C50,0x842F,
    0x7BCE,0x7BCE,0x840F,0x9470,0x9CB1,0xA513,0xBDB6,0xBDD6,0xAD34,0xA4F3,0xAD75,0x9CB2,
    0x9CB2,0x9CD2,0x734C,0x62EA,0x630B,0x840F,0x94B1,0x9CB2,0xAD54,0x9491,0x9470,0xA513,
    0x9CD2,0x9CD2,0x9491,0x840F,0x9470,0x9491,0x83EE,0x7BAD,0x736C,0x7BAD,0x83EE,0x8C2F,
    0x94B1,0xA4F2,0x94B1,0x9491,0x8C30,0x83EF,0x8C50,0xA4F3,0xA4F2,0x9470,0x8C30,0xA513,
    0xC617,0xB595,0xA513,0xAD54,0xAD54,0xAD54,0xA533,0xA513,0x9CD2,0x9CD2,0xAD54,0xC637,
    0xC637,0xBDF6,0xB595,0xB595,0xB595,0xBDB6,0xAD74,0x9CD2,0xA4F2,0xA513,0xA513,0xA533,
    0xA533,0xAD74,0xA4F3,0x9CB2,0x94B1,0x8C50,0x9470,0x9CB2,0x94B1,0x9CB1,0x9491,0x8C50,
    0x9470,0x9CB1,0xA4F2,0x9CD2,0x94B1,0xA4F2,0x9CD2,0x9CB2,0xA4F2,0x9CD2,0x9491,0x9491,
    0x9CB2,0xA513,0xAD54,0xB575,0xCE58,0xC5F7,0xA513,0xA513,0x9CD2,0xA4F2,0x94B1,0x8C50,
    0x94B1,0xA4F2,0x9CD2,0xA513,0x9CD2,0x9491,0x9CB1,0x9CB2,0x9491,0x7BCE,0x7BAD,0x83EE,
    0x738D,0x736C,0x7BAE,0x7BAD,0x736C,0x736C,0x736C,0x736D,0x840F,0x8C50,0x840F,0x738D,
    0x738D,0x7BCE,0x6B6C,0x736C,0x738D,0x8C2F,0x9CD2,0x9CD2,0x9CB1,0xA513,0xA513,0x9CB1,
    0x9470,0x9470,0x9491,0x9491,0x8C2F,0x8C50,0x840F,0x7BCE,0x83CE,0x8C30,0x7BCE,0x83EE,
    0x9491,0xA4F2,0x8C70,0x842F,0x8C2F,0x840F,0x7BAD,0x736D,0x6B4C,0x6B4C,0x7BAD,0x7BCE,
    0x83EE,0x7BCE,0x7BCE,0x8C50,0x8C70,0x8C50,0x7BCE,0x7BCE,0x83EE,0x840F,0x7BAD,0x736C,
    0x738D,0x6B4C,0x6B2C,0x6B4C,0x738D,0x7BAD,0x7BCE,0x7BAD,0x840F,0x7BCD,0x83EF,0x9470,
    0x842F,0x840F,0x83EE,0x7BCE,0x7BCE,0x840F,0x7BAD,0x7BCE,0x83EF,0x83EE,0x83CE,0x7BCE,
    0x840F,0x83EE,0x83EF,0x83EF,0x842F,0x9470,0x94B1,0x9470,0x8C50,0x8C50,0x8C2F,0x8C50,
    0x94B1,0x8C50,0x842F,0x9491,0x840F,0x840F,0x8C30,0x9470,0x9470,0x9CB1,0x9470,0x8C2F,
    0x9491,0x9CD2,0x8C50,0x8C70,0x94B1,0x94B1,0x9CD2,0xA4F2,0x94B1,0x9CB1,0x94B1,0x9CD2,
    0x9491,0x94B1,0x9491,0x94B1,0x8C50,0x9491,0xA4F2,0x9CD2,0xA513,0xAD54,0xAD34,0xAD74,
    0xAD54,0xA4F2,0xA4F2,0xAD34,0xAD34,0xA513,0xAD34,0xAD54,0xAD34,0x9CD2,0x9CB1,0xA4F2,
    0x9CD2,0x9CD2,0x9CB2,0x9CD2,0x9CF2,0x9CD2,0x9CB1,0xA4F2,0xA4F3,0x9491,0x9CD2,0xA4F2,
    0xA4F2,0xAD54,0xB5B5,0xAD34,0xAD54,0xAD34,0xA533,0xA513,0xA4F3,0xAD34,0xA513,0x9CB2,
    0x9CD2,0x9CD2,0xA513,0xA513,0xA533,0xAD54,0xAD54,0xA513,0xAD54,0xAD54,0xAD74,0xAD54,
    0xA533,0xAD34,0xAD54,0xAD54,0xAD34,0xA533,0xA513,0xA4F2,0xA513,0xA534,0xAD34,0xAD54,
    0xA513,0xA513,0xA533,0xA513,0x9CD2,0xA4F3,0xA513,0xAD54,0xA513,0x9CF2,0xAD54,0xB595,
    0xAD54,0xAD54,0xAD54,0xB5B5,0xB595,0xAD74,0xAD54,0xAD54,0xAD54,0xAD34,0xA4F2,0xA4F3,
    0x9CD2,0xA4F3,0x9CD2,0x9CB2,0x9CB2,0x9CD2,0x9CD2,0x9CF2,0xA513,0xAD54,0xAD34,0xA513,
    0xA513,0xA533,0xAD34,0xA533,0xA513,0xA533,0xA513,0x9CF2,0xA4F3,0xA4F2,0xA4F3,0x9CD2,
    0x9CB2,0x9CD2,0xA4F3,0xAD54,0xB595,0xB595,0xB595,0xAD54,0xAD34,0xB575,0xAD34,0xAD74,
    0xA533,0xA534,0xAD74,0xBDD6,0xBDF6,0xBDB6,0xBDD6,0xBDD6,0xC638,0xC638,0xCE58,0xCE58,
    0xC617,0xBDD6,0xB595,0xBDB6,0xBDD6,0xC617,0xBDF7,0xC637,0xBDD6,0xAD75,0xB5B6,0xD699,
    0xCE78,0xB5B6,0xAD74,0xB595,0xB5B6,0xBDD6,0xBDD6,0xAD74,0xB575,0xB595,0xB595,0xB5B5,
    0xB5B6,0xB5B5,0xBDB6,0xAD74,0xB595,0xBDB6,0xBDB6,0xBDB6,0xB595,0xB595,0xAD34,0xAD54,
    0x9CB2,0x9CF2,0xA513,0xAD74,0xA533,0xAD54,0xB595,0xAD74,0xAD74,0xAD54,0xA533,0xAD54,
    0xB575,0xB595,0xB5B5,0xB595,0xAD74,0xA533,0xA533,0xA533,0xA513,0xAD54,0xAD54,0xAD54,
    0xA533,0xA513,0xAD34,0xA513,0xA513,0xAD33,0xAD54,0xAD54,0xA533,0xAD34,0xAD34,0xA4F3,
    0xA533,0xB595,0xAD74,0xAD34,0xAD34,0x9CD2,0x9CB2,0x9CD2,0x9CB1,0xAD34,0xBDD6,0xA533,
    0xA4F2,0xA513,0xBDD6,0xC617,0xAD54,0xAD34,0xAD54,0xAD34,0xAD54,0xA4F2,0x9CD2,0x9CD2,
    0x94B1,0x9CB2,0x9CD2,0xA513,0xA513,0x9CD2,0xAD54,0xBDB6,0xAD54,0xA513,0xAD54,0xB575,
    0xB595,0xBDD6,0xB595,0xAD54,0xA533,0xAD54,0xB574,0xB575,0xA533,0xAD54,0xAD34,0xAD54,
    0xAD74,0xAD34,0xA513,0xA513,0x9CD2,0x840F,0x738D,0x6B4C,0x7BCE,0x7BCE,0x8C50,0x94B1,
    0x9491,0xA534,0xB575,0xCE58,0xBDB6,0x9CD2,0x94B1,0x9CB2,0x94B1,0x9CB2,0x8C70,0x83EE,
    0x7BAD,0x83EF,0x9491,0x9470,0x8C30,0x94B1,0x9CB2,0x9471,0x9470,0x9470,0x9491,0x94B1,
    0x9CB1,0x9CD2,0x9470,0x9470,0x840F,0x6B2B,0x6B0B,0x736C,0x9470,0x9CB2,0x8C70,0x8C2F,
    0x9491,0x9CD2,0xA4F2,0xA513,0xAD54,0xBDB6,0x9CF2,0x94B1,0x9CD2,0x9470,0x9CB2,0xAD54,
    0xAD54,0xA513,0xA4F3,0xA513,0xA513,0x9CD2,0xA4F2,0xC617,0xBDD6,0xBDF7,0xC617,0xC638,
    0xBDF7,0xBDF7,0xBDF7,0xB595,0xBDB5,0xB575,0xB595,0xB595,0xAD54,0xA513,0xA513,0x9CB2,
    0x9CD2,0x94B1,0x9CB1,0x9CB1,0x9491,0xAD54,0xA513,0x9491,0x94B1,0x9CB1,0x9CB2,0x9CD2,
    0x9CB1,0x9491,0x9CB1,0x9CD2,0x9CF2,0xA4F2,0x9491,0x94B1,0x9CD2,0xAD34,0xA533,0xA513,
    0xCE58,0xC637,0xA533,0x9CB1,0x9CB1,0x9CD2,0x9CD2,0x9470,0x9470,0x9CD2,0x9CB2,0xA533,
    0x94B1,0x8C30,0x9470,0xA4F2,0x94B1,0x840F,0x7BCE,0x7BCE,0x7BAD,0x736C,0x7BCE,0x840F,
    0x7BAD,0x7BAD,0x738D,0x83EE,0x8C2F,0x738D,0x736C,0x6B2B,0x6B2B,0x736C,0x7BAE,0x7BCE,
    0x7BCE,0x840F,0x9491,0x8C30,0x8C50,0x9491,0xA4F2,0x94B1,0x9470,0x9470,0x8C50,0x8C70,
    0x8C2F,0x9470,0x9470,0x8C30,0x8C2F,0x840F,0x8C30,0x8C2F,0x8C50,0x8C30,0x8C30,0x7BCE,
    0x7BCE,0x83EE,0x7BCE,0x73AD,0x83EF,0x840F,0x738D,0x840F,0x9491,0x7BCE,0x83EE,0x9491,
    0x9491,0x9491,0x8C70,0x840F,0x83EF,0x840F,0x7BCE,0x7BCE,0x7BCE,0x738D,0x7BAD,0x7BCE,
    0x7BCE,0x7BAD,0x738D,0x83EE,0x738D,0x7BCE,0x7BCE,0x840F,0x7BCE,0x83EF,0x8C50,0x83EE,
    0x83CE,0x842F,0x840F,0x840F,0x840F,0x8C2F,0x8C2F,0x83EE,0x840F,0x842F,0x83EF,0x840F,
    0x94B1,0x94B1,0x8C70,0x8C30,0x9470,0x94B1,0x840F,0x83EF,0x8C2F,0x8C50,0x840F,0x83EF,
    0x840F,0x840F,0x8C2F,0x840F,0x83EE,0x9491,0xA513,0x9CD2,0x9491,0x9470,0x9470,0x9470,
    0x9470,0x9491,0x9CD2,0x9CB1,0x9CB2,0x9CD2,0x9CB1,0x9470,0xA513,0xA513,0x94B1,0xA4F3,
    0x94B1,0x94B1,0x9CF2,0x9CD2,0xA4F2,0xA4F2,0xA533,0xA533,0xA513,0xAD54,0xAD34,0xAD34,
    0xBDD6,0xAD54,0xAD75,0xAD54,0xAD33,0xA513,0x9CD2,0xA513,0xA513,0x9CF2,0x9CD2,0x9CD2,
    0xA4F2,0xA513,0x9CD2,0x9CF2,0x9CD2,0x9CD2,0xA513,0xA513,0x9CD2,0x9CD2,0xAD54,0xA533,
    0xA513,0x9CD2,0x9CB1,0xA513,0xB595,0xAD54,0xA513,0xA4F2,0x9CF2,0xA4F2,0xA4F2,0x9CD2,
    0xA533,0xAD54,0xAD54,0xAD54,0xAD54,0xA513,0xA513,0xB575,0xAD54,0xB575,0xB5B6,0xB595,
    0xA533,0xB595,0xBDD6,0xB595,0xAD54,0x9CF2,0x9CD2,0xAD34,0xAD54,0xAD54,0xA533,0xA513,
    0xA513,0xA4F2,0xA4F2,0xA534,0xA533,0xA533,0xAD54,0xAD75,0xAD54,0xB575,0xAD75,0xB595,
    0xBDD6,0xBDB6,0xB595,0xAD75,0xB595,0xBDD6,0xBDD6,0xAD74,0xAD54,0xAD34,0xA533,0x9CD2,
    0xA533,0xAD34,0xAD54,0xB5B6,0xBDD6,0xBDF7,0xBDD6,0xBDF7,0xBDD6,0xB575,0xA513,0x9CD2,
    0xA4F2,0xA533,0x9CD2,0x9CD2,0xA513,0xA4F3,0xA533,0xA513,0xA513,0xA533,0xA533,0xB595,
    0xBDD6,0xB595,0xAD75,0xB575,0xAD74,0xB595,0xAD54,0xAD54,0xA534,0xB5B6,0xB5B5,0xB595,
    0xB575,0xC617,0xC638,0xBDD6,0xCE79,0xCE58,0xD6BA,0xD699,0xBDD6,0xB595,0xBDB6,0xB5B6,
    0xBDD6,0xC637,0xBDD6,0xC638,0xD699,0xC638,0xBDF7,0xC617,0xC637,0xC617,0xB595,0xAD75,
    0xB5B6,0xBDD6,0xBDD6,0xAD54,0xAD54,0xAD54,0xAD54,0xAD75,0xBDF7,0xC617,0xB5B6,0xAD54,
    0xAD54,0xBDD6,0xBDB6,0xBDF7,0xC617,0xC617,0xCE58,0xBE17,0xB595,0xB595,0xAD74,0xAD75,
    0xAD75,0xB5B5,0xC5F7,0xC617,0xB5B6,0xB595,0xAD34,0xAD54,0xB595,0xAD54,0xAD34,0xAD34,
    0xAD34,0xAD54,0xA513,0xA513,0xA513,0xAD54,0xB595,0xAD74,0xAD34,0xA533,0xA533,0xA513,
    0xA513,0xAD34,0xA513,0xAD33,0xAD54,0xAD74,0xAD74,0xA533,0xA513,0xAD54,0xAD33,0xAD54,
    0xAD54,0xA534,0xA513,0xAD54,0x9CD2,0xA4F2,0xAD74,0xB595,0xA533,0x9CD2,0xAD34,0xAD54,
    0xAD54,0xAD54,0xA513,0xA533,0xA513,0xAD34,0xAD34,0xA533,0xA513,0xAD34,0xA4F2,0xAD34,
    0xAD54,0xA533,0xA513,0xAD34,0xAD34,0xA533,0xAD34,0xAD74,0xB595,0xB595,0xAD54,0xB575,
    0xAD54,0xAD34,0xAD33,0xAD34,0xB595,0xA533,0x9CD2,0xAD54,0xBDF6,0xAD74,0xAD74,0xB595,
    0xAD34,0x738D,0x630B,0x6B2C,0x7BCE,0x94B1,0x9CB2,0x9470,0x842F,0x94B1,0x9CD2,0x9CD2,
    0x94B1,0x9CD2,0x94B1,0xA513,0xA513,0x9CB1,0x94B1,0x9CD2,0x9CF2,0x7BCE,0x736C,0x736C,
    0x6B4C,0x738D,0x8C30,0x8C2F,0x840F,0x8C50,0x9470,0x9491,0x8C50,0x8C50,0x9470,0x9470,
    0x9491,0x8C2F,0x73AD,0x6B4C,0x736C,0x83EF,0x8C70,0x8C50,0x9CD2,0xA533,0xA513,0x9CF2,
    0x94B1,0xA533,0x9CD2,0x9491,0xA513,0xAD54,0xAD54,0xA533,0xA513,0xAD34,0xA513,0xA4F3,
    0x9CD2,0x9491,0x9470,0x9CF2,0xBDB6,0xC638,0xCE58,0xCE58,0xD6BA,0xD6B9,0xD6BA,0xD699,
    0xD699,0xC617,0xB595,0xB5B5,0xBDD6,0xB595,0xBDD6,0xA513,0x9CB1,0x9CF2,0x9CD2,0x9CD2,
    0x9CB2,0xA513,0xA4F3,0xA533,0xA513,0x9470,0x9470,0x9491,0x9491,0x94B1,0x9CB2,0x9CD2,
    0xAD74,0xC637,0xA513,0x9CB1,0xA4F2,0xA4F2,0xA4F2,0x9CD2,0xA4F2,0xA513,0xA513,0x9CD2,
    0x9491,0x9CB1,0x9CB2,0xA4F2,0xA513,0xAD34,0x9CB2,0x9491,0x8C50,0x8C2F,0x8C50,0x9470,
    0x8C2F,0x8C30,0x7BCE,0x738D,0x7BAD,0x736D,0x736D,0x736C,0x630B,0x6B4C,0x7BCE,0x8C50,
    0x840F,0x6B4C,0x6B2B,0x738D,0x736C,0x738D,0x7BCE,0x840F,0x7BCE,0x8C30,0x8C50,0x840F,
    0x8C2F,0x8C2F,0x8C50,0x9491,0xA4F2,0x94B1,0x9491,0x8C50,0x8C50,0x9CD2,0x94B1,0x8C50,
    0x8C50,0x83EF,0x840F,0x9491,0x9491,0x840F,0x840F,0x8C2F,0x83EF,0x7BCE,0x7BCE,0x7BCE,
    0x9491,0x8C30,0x7BCE,0x840F,0x8C2F,0x842F,0x8C70,0x8C30,0x9491,0x9470,0x8C50,0x840F,
    0x840F,0x840F,0x842F,0x8C2F,0x840F,0x842F,0x83EF,0x7BCE,0x83EE,0x83EE,0x7BAD,0x7BCE,
    0x7BCE,0x7BAD,0x738D,0x736C,0x738D,0x7BCE,0x7BCE,0x83EE,0x7BCE,0x7BCE,0x83CE,0x83CE,
    0x83EE,0x842F,0x840F,0x7BCE,0x83CE,0x8C2F,0x840F,0x8C2F,0x9CD2,0x9CD2,0x8C50,0x8C50,
    0x8C2F,0x8C2F,0x8C50,0x9470,0x8C70,0x8C50,0x840F,0x83CE,0x840F,0x840F,0x8C2F,0x840F,
    0x8C30,0x9470,0x9470,0x8C2F,0x842F,0x8C50,0x9470,0x9CB1,0x9CB1,0x9CD2,0x9CF2,0x9491,
    0x9CD2,0x9CD2,0x9CB2,0x94B1,0x9CD2,0x9CB1,0x9CD2,0x9CB1,0x9CB1,0xA513,0x9CD2,0x94B1,
    0x9CB2,0xA4F2,0xAD54,0xA513,0xBDF7,0xBDD6,0xA533,0xAD54,0xAD34,0xA513,0xA533,0xA533,
    0xAD54,0xB575,0xAD74,0xAD54,0xA533,0x9CD2,0xA4F2,0xA4F3,0xA4F2,0x9CD2,0xA533,0xA513,
    0xA4F2,0x9CD2,0xAD34,0x9CD2,0x9CD2,0x9CB2,0xA4F2,0xA4F2,0x94B1,0x9491,0xA4F2,0xA533,
    0xAD75,0xBDB6,0xB575,0xA513,0xA4F3,0xA4F2,0xA533,0xAD54,0xB595,0xB575,0xAD54,0xAD54,
    0xA513,0xAD34,0xBDD6,0xBDD6,0xC617,0xBDF7,0xC617,0xBDF7,0xB5B5,0xB595,0xAD74,0xB595,
    0xAD75,0xA4F3,0x9CB2,0xA4F2,0xA533,0xAD34,0xA513,0xA533,0xA533,0xAD34,0xA4F2,0x9CD2,
    0xA4F3,0xAD54,0xAD75,0xAD54,0xB595,0xB595,0xBDD6,0xB595,0xB5B5,0xBDD6,0xBDD6,0xB595,
    0xBDB6,0xBDB6,0xB5B6,0xBDD6,0xB595,0xAD75,0xAD54,0xAD75,0xB575,0xB595,0xBDB6,0xC638,
    0xC617,0xBDF7,0xBDD6,0xB5B5,0xAD74,0xBE17,0xAD75,0x9CD2,0xA513,0xA4F2,0x9CF2,0x9CD2,
    0xA4F3,0x9CD2,0xA513,0xA533,0xA534,0xB595,0xC617,0xC617,0xBDD6,0xBDD6,0xAD54,0xB575,
    0xAD74,0xAD34,0xA533,0xA513,0xBDB6,0xC637,0xBDD6,0xAD75,0xBDB6,0xB5B6,0xBDD6,0xC5F7,
    0xC637,0xCE79,0xD6B9,0xC638,0xB595,0xCE79,0xCE78,0xC637,0xBDF7,0xCE58,0xBDD6,0xC617,
    0xD699,0xCE58,0xBDF7,0xBDF6,0xB5B6,0xBDD6,0xB5B6,0xBDD6,0xB595,0xAD75,0xAD75,0xB595,
    0xBDD6,0xC638,0xB595,0xB595,0xAD75,0xAD54,0xAD74,0xAD75,0xB575,0xB575,0xAD54,0xB575,
    0xBDF6,0xBDD6,0xBDD6,0xBDF7,0xB575,0xB595,0xAD54,0xAD54,0xAD75,0xB575,0xB5B6,0xBDF7,
    0xB5B5,0xBDF7,0xBDD6,0xB575,0xB575,0xB575,0xAD75,0xAD54,0xAD34,0xAD74,0xAD54,0xA513,
    0xAD54,0xAD75,0xAD54,0xAD34,0xAD34,0xA513,0xA513,0xAD54,0xB595,0xB595,0xBDD6,0xBDD6,
    0xAD54,0xB595,0xBDD6,0xAD74,0xAD54,0xAD34,0xAD33,0xA513,0xA4F2,0xA513,0xB595,0xAD74,
    0xA533,0xAD54,0xA513,0xAD54,0xB595,0xAD54,0xAD74,0xB5B5,0xAD54,0xAD34,0xA4F3,0xA513,
    0xA513,0xA4F2,0xAD54,0xAD54,0xA513,0xA533,0xAD74,0xAD33,0xB595,0xB595,0xB595,0xA513,
    0xA513,0xAD54,0xB595,0xAD75,0xAD54,0xA513,0xAD54,0xAD54,0xA533,0xAD33,0xAD34,0xA513,
    0xAD54,0xAD74,0xA513,0xA513,0xA533,0xAD74,0xAD54,0xB595,0xB575,0x9CD2,0x94B1,0x9CD2,
    0xA513,0xA533,0xAD54,0xAD54,0x9CB2,0x9CD2,0x9CD2,0x8C2F,0x83EF,0x9CD2,0x9491,0x9491,
    0x9CD2,0x8C70,0x7BAD,0x7BCE,0x9CD2,0x9491,0x7BAD,0x6B0B,0x6B2B,0x630B,0x736C,0x83EF,
    0x9470,0x9CD2,0x842F,0x6B2B,0x630B,0x630B,0x736C,0x8C70,0x8C50,0x8C50,0x840F,0x738D,
    0x7BCE,0x83EE,0x8C2F,0x840F,0x7BCE,0x7BCE,0x7BAD,0x7BAD,0x7BAE,0x7BAD,0x8C30,0xAD74,
    0xB5B5,0xBDD6,0xAD74,0xA513,0xA513,0xA4F2,0x9CD2,0xA513,0xA513,0xA513,0xA513,0xAD75,
    0xC637,0xCE79,0xD6B9,0xCE78,0xD6BA,0xDEFB,0xF7BE,0xEF7C,0xD6BA,0xC638,0xBDD6,0xB595,
    0xB595,0xBDB6,0xBDD6,0xB575,0x94B1,0x94B1,0x9CD2,0xA513,0x9CB2,0x9470,0x94B1,0x9470,
    0x9491,0x9491,0x9470,0x94B1,0x9CB1,0xA4F2,0xA513,0xA513,0xAD33,0xAD74,0xAD54,0xA513,
    0xAD54,0xA513,0xAD34,0xA533,0x9CD2,0x9CB2,0x9CD2,0xA513,0x9CD2,0x9491,0x9CB2,0xA533,
    0xA513,0x94B1,0x9491,0x8C50,0x8C50,0x9491,0x840F,0x840F,0x840F,0x8C50,0x840F,0x7BAD,
    0x6B2B,0x630B,0x630B,0x62EA,0x6B4C,0x7BAD,0x83EE,0x8C70,0x9470,0x7BCE,0x6B4C,0x7BAD,
    0x7BCE,0x840F,0x9491,0x94B1,0x94B1,0x9CB2,0x9CD2,0x8C70,0x8C50,0x9491,0x9491,0x9CD2,
    0x9CD2,0x9CD2,0x9491,0x8C70,0x8C50,0x94B1,0x9471,0x8C30,0x8C50,0x8C2F,0x8C2F,0x9491,
    0x94B1,0x9491,0x8C70,0x8C50,0x8C50,0x7BCE,0x7BCE,0x840F,0x840F,0x8C2F,0x840F,0x8C50,
    0x840F,0x94B1,0x9CF2,0x8C50,0x9470,0x8C30,0x8C2F,0x8C2F,0x840F,0x8C2F,0x8C2F,0x840F,
    0x840F,0x840F,0x7BCE,0x7BAD,0x7BCE,0x840F,0x7BCE,0x83EF,0x83CE,0x7BAD,0x7BCE,0x7BAD,
    0x83EF,0x7BCE,0x7BAD,0x83EE,0x840F,0x840F,0x83EF,0x7BCE,0x83EE,0x83EE,0x7BCE,0x840F,
    0x840F,0x83EF,0x840F,0x83EF,0x94B1,0xA4F2,0x9491,0x8C2F,0x8C30,0x8C30,0x8C2F,0x9491,
    0x9470,0x8C50,0x8C70,0x8C50,0x840F,0x83EE,0x83EE,0x8C2F,0x8C2F,0x840F,0x8C2F,0x840F,
    0x8C2F,0x8C2F,0x9470,0x94B1,0x9CD2,0xA4F2,0x9CB2,0x9CB1,0xA533,0x9CD2,0x9CD2,0xA533,
    0xA4F2,0x94B1,0xA4F2,0xA513,0x9CB1,0x9CD2,0x9CD2,0x9CF2,0x9CB1,0xA533,0xAD74,0xB595,
    0xB595,0xAD74,0xAD34,0x9CF2,0xBDB6,0xBDD6,0xBDF7,0xA533,0xAD54,0xAD74,0xAD54,0xB5B5,
    0xB595,0xAD54,0xA533,0xA4F2,0x9CF2,0x9CD2,0xA533,0xA533,0x9CD2,0x9CD2,0xA4F3,0x9CD2,
    0x9CD2,0x9CD2,0xA4F3,0xA513,0xA513,0xA513,0xA533,0xA513,0xAD74,0xBDD6,0xB595,0xAD75,
    0xAD34,0xA513,0xA533,0xAD75,0xBDB6,0xB5B5,0xB595,0xAD74,0xAD54,0xAD54,0xB595,0xB595,
    0xB595,0xBDD6,0xB5B6,0xBDF7,0xBDD6,0xB575,0xAD75,0xA513,0xA533,0xAD34,0xAD54,0xA533,
    0xA513,0xAD54,0xAD54,0xAD34,0xAD54,0xB5B5,0xAD54,0xAD54,0xA533,0xAD74,0xAD54,0xA534,
    0xB595,0xB595,0xBDD6,0xBDB6,0xAD75,0xB575,0xB575,0xAD54,0xAD54,0xAD54,0xB595,0xAD74,
    0xB595,0xB595,0xB5B5,0xBDD6,0xBDB6,0xB595,0xB5B5,0xBDD6,0xBDD6,0xB595,0xAD54,0xAD54,
    0xAD74,0xAD54,0xA533,0xA513,0xA513,0xA533,0xA513,0xAD34,0xAD54,0xA533,0xA513,0xAD54,
    0xBDD6,0xC617,0xBDF7,0xBDF6,0xBDD6,0xBDB6,0xBDD6,0xB5B5,0xB5B5,0xAD54,0xA534,0xAD54,
    0xB595,0xB595,0xB595,0xB5B5,0xBDD6,0xB595,0xB5B5,0xC617,0xCE58,0xD699,0xD699,0xC638,
    0xC5F7,0xC617,0xC638,0xC5F7,0xC617,0xC617,0xB5B5,0xBDD6,0xCE79,0xCE58,0xBDD7,0xBDD6,
    0xB5B5,0xB595,0xB595,0xB5B6,0xB5B5,0xAD54,0xA534,0xA534,0xAD75,0xBDD6,0xAD75,0xB575,
    0xAD74,0xA534,0xAD54,0xB595,0xB595,0xAD54,0xAD34,0xB575,0xBDD6,0xB5B6,0xBDF7,0xC658,
    0xC617,0xBDD6,0xB5B5,0xB5B6,0xB5B6,0xAD74,0xAD54,0xAD74,0xB5B5,0xBDD6,0xC638,0xBDF7,
    0xB595,0xAD74,0xAD54,0xAD54,0xA534,0xAD74,0xB575,0xB575,0xB595,0xAD54,0xA533,0xAD54,
    0xAD74,0xAD54,0xA4F2,0xAD74,0xB575,0xA533,0xAD54,0xBDD6,0xB595,0xAD54,0xA513,0xA513,
    0xAD34,0xAD34,0xA533,0xAD74,0xAD75,0xB595,0xAD54,0x9CB1,0x9CF2,0xAD34,0xA513,0xA533,
    0xB575,0xBDD6,0xAD74,0xAD54,0xAD34,0xA533,0x9CD2,0xA513,0xA513,0xA4F3,0xA513,0xAD54,
    0xAD34,0xA533,0xAD54,0xA513,0xAD54,0xAD34,0xB575,0xAD54,0xAD34,0xAD54,0xAD74,0xB5B5,
    0xB5B5,0xAD74,0xB595,0xA533,0xA4F2,0xAD33,0xA4F3,0xA4F3,0xA513,0xA513,0xA513,0xAD54,
    0xAD74,0xBDF6,0xC637,0xD6BA,0xD6B9,0xC5F7,0xB595,0xB595,0xB575,0xAD54,0xB595,0xB595,
    0x9CD2,0x94B1,0x9491,0x8C50,0x840F,0x94B1,0x842F,0x738D,0x736D,0x8C2F,0x8C2F,0x8C30,
    0x840F,0x840F,0x8C30,0x83EF,0x7BAD,0x83EF,0x94B1,0x9CB2,0x94B1,0x9CD2,0x9470,0x83EE,
    0x7BAD,0x738D,0x7BAD,0x9491,0x9470,0x9CB2,0x9491,0x8C2F,0x736C,0x736D,0x738D,0x7BAD,
    0x7BAD,0x7BAD,0x7BAD,0x7BAD,0x7BAE,0x842F,0x94B1,0xA513,0xA533,0xA533,0xA533,0x9CD2,
    0x9CD2,0x9CD2,0xA4F2,0xA534,0xAD54,0xAD54,0xBDD6,0xC638,0xC638,0xBDD6,0xC638,0xCE58,
    0xD699,0xD6DA,0xDF1B,0xDEFB,0xCE79,0xC637,0xBDF7,0xB5B5,0xB5B6,0xAD74,0xAD54,0xA513,
    0xA4F3,0xA513,0xA4F3,0xA513,0x9CB2,0x9471,0x8C50,0x8C70,0x8C70,0x9491,0x9491,0x9CB1,
    0xA513,0xAD74,0xA4F3,0x9CD2,0xA533,0xAD54,0xBDD6,0xC5F7,0xBDD6,0xAD54,0xA4F3,0xA4F3,
    0xA533,0xA533,0x9491,0x9470,0x9491,0x94B1,0x9CD2,0x9470,0x9470,0x9CD2,0xA513,0x9470,
    0x840F,0x840F,0x8C2F,0x840F,0x8C70,0x8C50,0x9491,0x9CD2,0x840F,0x6B2B,0x7BAD,0x7BCE,
    0x7BCE,0x8C2F,0x8C2F,0x8C70,0x94B1,0x9470,0x9491,0x9470,0x9470,0x9491,0x8C70,0x8C50,
    0x9491,0x9CD2,0x9491,0x9CB2,0xA4F2,0x9CB2,0x9CB2,0x9CB2,0x9470,0x9470,0x9470,0x8C50,
    0x8C50,0x9470,0x8C50,0x9470,0x9470,0x9470,0x8C50,0x9CB2,0x9CB1,0x94B1,0x9491,0x9470,
    0x94B1,0x9491,0x842F,0x840F,0x83EF,0x8C2F,0x9470,0x9470,0x8C50,0x9471,0xAD34,0xAD54,
    0x9491,0x8C30,0x8C50,0x8C2F,0x840F,0x83EF,0x840F,0x840F,0x7BAD,0x7BCE,0x7BCE,0x83EE,
    0x83EE,0x83EE,0x7BCE,0x840F,0x8C50,0x8C30,0x840F,0x840F,0x8C50,0x8C50,0x840F,0x840F,
    0x83EF,0x8C2F,0x842F,0x83EE,0x8C2F,0x8C2F,0x840F,0x840F,0x9470,0x8C2F,0x8C2F,0x8C50,
    0x9470,0x9491,0x9CB2,0x94B1,0x94B1,0x9471,0x9491,0x9491,0x9470,0x9470,0x8C2F,0x840F,
    0x8C30,0x8C2F,0x8C50,0x8C50,0x8C2F,0x9470,0x9470,0x9470,0x9491,0x9470,0x9491,0xA513,
    0xAD74,0x9CD2,0x9491,0x9CD2,0x9CB2,0xA4F2,0x9CD2,0x9CB1,0x9CF2,0x9CD2,0x9CB1,0x9CD2,
    0x9CB1,0x9491,0x9CD2,0xAD34,0xB575,0xAD34,0xA533,0xA513,0xAD34,0xAD54,0xAD75,0xA513,
    0xAD54,0xAD34,0xA533,0x9CD2,0xAD54,0xA533,0xAD54,0xB595,0xB5B5,0xB575,0xA534,0xAD54,
    0xB595,0xAD54,0xAD74,0xA534,0xA513,0xA533,0xAD74,0xAD34,0xA513,0xAD54,0xAD54,0xA513,
    0x9CD2,0x9CF2,0xA513,0xA533,0xB595,0xAD33,0xAD34,0xAD34,0x9CD2,0xA513,0xA513,0xAD34,
    0xAD34,0xAD34,0xAD54,0xA533,0xB575,0xBDD6,0xAD75,0xAD74,0xB595,0xBDB6,0xC617,0xB5B5,
    0xB595,0xB595,0xB575,0xA513,0xAD34,0xAD75,0xBDD6,0xAD54,0xAD74,0xB595,0xAD54,0xAD54,
    0xA533,0xA533,0xA533,0xAD34,0xA513,0xAD54,0xB595,0xB5B5,0xAD54,0xAD75,0xB595,0xB575,
    0xAD74,0xAD54,0xB595,0xB595,0xB595,0xAD74,0xAD74,0xAD74,0xB595,0xB575,0xB595,0xBDD6,
    0xB595,0xB575,0xB595,0xBDD6,0xBDD6,0xAD74,0xAD54,0xAD54,0xAD34,0xA533,0xA533,0xA513,
    0xA533,0xA533,0x9CD2,0xA4F3,0xA533,0xAD54,0xB595,0xBDD6,0xB595,0xAD54,0xAD74,0xB5B6,
    0xB575,0xAD74,0xAD74,0xAD74,0xB595,0xBDD6,0xB5D6,0xB595,0xB595,0xB595,0xBDD6,0xC617,
    0xBDB6,0xB595,0xC617,0xCE58,0xCE58,0xD6BA,0xD699,0xC637,0xC617,0xB5B5,0xB595,0xBDD6,
    0xC617,0xC5F7,0xCE58,0xC638,0xCE79,0xC617,0xBDD7,0xB595,0xB595,0xBDD6,0xB5B5,0xAD74,
    0xAD75,0xB595,0xAD54,0xA534,0xA534,0xA533,0xA513,0xB5B5,0xBDD6,0xBDD6,0xBDD6,0xBDD6,
    0xB5B6,0xB595,0xAD54,0xAD34,0xB595,0xB5B5,0xAD74,0xB5B6,0xBDF7,0xBDD6,0xB5B6,0xBDD6,
    0xCE79,0xBE17,0xB5B5,0xAD54,0xAD74,0xB595,0xB595,0xB595,0xBDB6,0xB5B6,0xB595,0xAD75,
    0xAD54,0xAD54,0xB575,0xB595,0xAD54,0xAD54,0xAD54,0xA513,0x9CD2,0x9CD2,0xA513,0xA534,
    0xA4F2,0xA513,0x9CD2,0x9CB2,0xA513,0xAD54,0xB595,0xAD54,0xA533,0xA513,0xA513,0xAD54,
    0xB5B5,0xAD75,0xAD54,0xAD34,0xA513,0xA533,0xA513,0x9CD2,0xA513,0xA533,0xA513,0xA513,
    0xA513,0xA533,0xAD54,0xA533,0xA533,0xA513,0xA513,0xA533,0xAD54,0xAD34,0xAD54,0xAD34,
    0xB575,0xAD74,0xAD74,0xA533,0xA533,0xA533,0xAD54,0xAD74,0xB595,0xAD54,0xAD54,0xAD54,
    0xA533,0xA513,0xA513,0xAD33,0xA513,0xA533,0xA513,0xAD54,0xB5B5,0xC637,0xCE58,0xDF1B,
    0xDEFB,0xCE79,0xC638,0xB575,0xAD75,0xAD54,0xA4F3,0xA513,0xA533,0xA513,0x94B1,0x840F,
    0x83EF,0x840F,0x7BCE,0x7BCE,0x7BCE,0x9491,0x9CD2,0xA4F2,0x8C50,0x83EE,0x9CB2,0x9CD2,
    0x9CD2,0xA4F3,0x94B1,0x83EF,0x9470,0x9CD2,0x94B1,0x9CF2,0x9CB2,0x9CB2,0x9CD2,0x9CD2,
    0x9CB2,0x9491,0x94B1,0x9471,0x83EE,0x7BCE,0x7BCE,0x7BCE,0x7BAD,0x738D,0x738D,0x83EF,
    0x840F,0x9471,0x9CB1,0x9CF2,0xA4F3,0x9CB2,0x9CB1,0xA4F2,0x9CD2,0xA513,0xAD34,0xB595,
    0xAD34,0xA533,0xB595,0xB595,0xBDD6,0xB5B6,0xBDF7,0xCE58,0xC638,0xD699,0xC617,0xC638,
    0xBDD6,0xB595,0xB5B5,0xB5B5,0xC637,0xBDD6,0xAD34,0x9CD2,0x9CD2,0xA513,0xA4F2,0x9CB2,
    0x9491,0x94B1,0x9470,0x9470,0x9491,0x9CB2,0x9CD2,0x9CD2,0xA513,0xAD34,0xA533,0x9CD2,
    0xA513,0xA513,0xA513,0xA513,0xAD74,0xAD54,0xA513,0xA533,0x9CD2,0xA4F2,0x9CB1,0x9CB1,
    0xA533,0x9CB2,0x9CD2,0x9CD2,0x9CB1,0x9CD2,0xA513,0x9CB1,0x8C50,0x8C50,0x8C2F,0x83EE,
    0x83CE,0x8C2F,0x8C2F,0x9470,0x8C50,0x736C,0x7BCE,0x840F,0x8C50,0x9470,0x8C70,0x9470,
    0x9470,0x94B1,0x9CB1,0x94B1,0x9470,0x9CD2,0x9CF2,0x840F,0x840F,0x9471,0x8C50,0x94B1,
    0x9CB1,0x94B1,0x9491,0x9470,0x9CB1,0x9491,0x8C50,0x840F,0x8C2F,0x9CB1,0x9CB1,0x9470,
    0x9470,0x9CD2,0x94B1,0x94B1,0xA4F2,0x9470,0x9491,0x8C50,0x840F,0x8C50,0x83EE,0x840F,
    0x8C70,0x8C50,0x8C50,0x83CE,0x840F,0x8C50,0x9491,0xA533,0xA533,0x9CD2,0x94B1,0x9470,
    0x8C2F,0x840F,0x840F,0x9470,0x83EE,0x83EF,0x8C30,0x83EE,0x83EE,0x7BCE,0x842F,0x840F,
    0x83EE,0x840F,0x840F,0x8C2F,0x8C50,0x9470,0x9490,0x8C30,0x840F,0x840F,0x83EF,0x8C2F,
    0x8C2F,0x9470,0x9470,0x9491,0x8C2F,0x9CB2,0xAD54,0xA4F2,0x9CB1,0x9491,0x9471,0x9470,
    0x9470,0x9470,0x8C50,0x8C50,0x8C50,0x8C50,0x8C30,0x8C2F,0x8C2F,0x8C2F,0x9470,0x9470,
    0x9470,0x8C50,0x9470,0x8C50,0x8C50,0x94B1,0x9CD2,0xA4F2,0x9CD2,0x9CD2,0xA513,0xAD34,
    0xA513,0xAD54,0xAD74,0x9CD2,0xA513,0x9CD2,0x9470,0x9470,0x9CB2,0x9CB1,0xA4F2,0xA533,
    0xAD74,0xAD54,0xA513,0x9CD2,0xA513,0xAD54,0xA513,0xAD34,0xAD54,0xA513,0xA513,0xA4F3,
    0xA513,0xA533,0xAD34,0xA513,0xAD74,0xAD54,0xA513,0xAD54,0xAD34,0xAD54,0xB595,0xBDD6,
    0xC5F7,0xBDD6,0xBDD6,0xBDD6,0xBDF7,0xBDF6,0xB575,0xAD34,0xA513,0xA533,0xB575,0xAD74,
    0xA533,0xA533,0xAD54,0xA513,0xA513,0xA533,0xAD54,0xAD34,0xB595,0xB5B5,0xB595,0xB595,
    0xB575,0xBDD6,0xBDF7,0xBDF7,0xB595,0xB595,0xB5B6,0xB5B5,0xB595,0xB595,0xAD54,0xBDD6,
    0xB595,0xB5B5,0xC617,0xBDD6,0xAD75,0xAD75,0xA533,0xAD54,0xAD54,0xAD74,0xAD54,0xAD54,
    0xA533,0xAD75,0xB595,0xBDD6,0xB595,0xB595,0xB595,0xAD75,0xA533,0xBDB6,0xCE38,0xCE58,
    0xCE78,0xCE79,0xC617,0xB595,0xAD54,0xAD54,0xBDB6,0xBDD6,0xB595,0xB595,0xB595,0xAD75,
    0xAD74,0xAD75,0xB595,0xAD75,0xA534,0xAD34,0xA533,0xA533,0xA513,0xAD34,0xAD74,0xA534,
    0xAD34,0xB595,0xB595,0xB595,0xAD34,0xA513,0xAD74,0xC617,0xBDD6,0xB595,0xAD74,0xAD75,
    0xB5B6,0xC617,0xC638,0xBDF7,0xBDF7,0xBDD6,0xBDD6,0xBDD6,0xB5B5,0xB595,0xC617,0xBDF7,
    0xC637,0xCE79,0xC617,0xBDD6,0xC638,0xCE78,0xD699,0xD699,0xDEFB,0xD699,0xCE78,0xC638,
    0xC637,0xB5B6,0xB5D6,0xB5B6,0xB5B6,0xBDD6,0xB5B6,0xB595,0xAD75,0xAD75,0xB595,0xAD54,
    0xAD54,0xAD54,0xA534,0xAD74,0xB595,0xAD74,0xAD74,0xAD75,0xB595,0xB5B6,0xAD75,0xAD34,
    0xAD34,0xB575,0xB595,0xB595,0xB595,0xAD75,0xAD75,0xBDD6,0xCE58,0xC638,0xC617,0xB5B6,
    0xAD54,0xAD54,0xBDD6,0xBE17,0xAD74,0xAD74,0xB575,0xAD74,0xB575,0xAD54,0xAD54,0xA513,
    0xA4F3,0xAD54,0xAD74,0xAD74,0xA4F3,0x9CD2,0x9CD2,0xA4F2,0xA513,0xAD74,0xA4F2,0x94B1,
    0x9CD2,0xA513,0xB5B6,0xBDD6,0xB595,0xA533,0xAD54,0xA533,0xAD34,0xAD34,0xAD54,0xA533,
    0xAD34,0xAD54,0xAD54,0xA533,0xA513,0xA513,0xAD34,0xA533,0xAD74,0xAD54,0xAD54,0xAD74,
    0xB595,0xB595,0xB595,0xBDD6,0xAD54,0xAD75,0xB575,0xAD54,0xB575,0xB5B6,0xB5B5,0xAD33,
    0xA533,0xA533,0xAD33,0xAD33,0xA513,0xA513,0xAD33,0xA513,0x9CF2,0xA4F2,0xA4F2,0xA513,
    0xA533,0xA513,0xA513,0xA533,0xA513,0xAD74,0xB5B5,0xB595,0xAD54,0xAD54,0xB575,0xA513,
    0xA513,0xA533,0xA4F3,0x9CD2,0x9CB1,0x9CF2,0x8C30,0x7BCE,0x7BCE,0x9471,0x9CB2,0x8C50,
    0x8C70,0x94B1,0x9471,0x9CD2,0x94B1,0x8C70,0x94B1,0xA513,0x9CF2,0x9CF2,0x9CB2,0x9CB1,
    0x94B1,0x9491,0x9CD2,0x9CD2,0xA4F2,0x8C50,0x840F,0x840F,0x94B1,0x9CB2,0x9470,0x9470,
    0x9491,0x9491,0x8C50,0x9CB2,0x8C70,0x8C50,0x8C50,0x8C50,0x9491,0x9CB2,0x9CB1,0x9CB2,
    0x9CD2,0xA513,0xA513,0xA513,0xA533,0xAD54,0xAD54,0xAD54,0x9CD2,0x9CD2,0xA4F3,0xA533,
    0xAD54,0xB5B5,0xBDF7,0xB595,0xAD74,0xB595,0xA533,0xB595,0xB575,0xB5B5,0xB5B5,0xB5B5,
    0xB5B6,0xB5B5,0xAD75,0x9CD2,0x9491,0xA513,0xA534,0xA513,0x9CB2,0x9CD2,0x9CB1,0xA513,
    0xA4F2,0x9CD2,0x9CB2,0x94B1,0x94B1,0x9CD2,0xA533,0x9CB2,0x94B1,0x9CD2,0x9CD2,0xAD54,
    0xA513,0x9CB1,0x9CD2,0xA4F2,0x9CD2,0x9491,0x9CB2,0xA513,0xB5B5,0xB575,0xA4F2,0x9CF2,
    0x9CB2,0x9491,0x9491,0x8C30,0x9491,0x9CD2,0x9470,0x83EE,0x8C2F,0x8C50,0x8C50,0x9CB2,
    0x9CB1,0x9470,0x840F,0x7BCE,0x9471,0x9470,0x8C50,0x8C70,0x9491,0x8C50,0x8C30,0x8C30,
    0x9470,0x9CB2,0x94B1,0x8C50,0x9470,0x94B1,0x9491,0x8C70,0x8C50,0x8C50,0x83EF,0x9470,
    0x9491,0x9CB1,0x8C30,0x842F,0x842F,0x8C30,0x9491,0x8C50,0x9CB1,0xA4F2,0x9CD2,0x9CB1,
    0x94B1,0x94B1,0x8C30,0x7BAD,0x7BAD,0x840F,0x83EE,0x83CE,0x8C70,0x9CB1,0x9491,0x9470,
    0x8C30,0x8C50,0x9CD2,0xAD54,0xAD74,0x9CD2,0x9CD2,0x9491,0x8C2F,0x8C2F,0x840F,0x8C50,
    0x9470,0x8C2F,0x840F,0x8C2F,0x8C50,0x8C50,0x8C50,0x840F,0x83EF,0x840F,0x8C50,0x9470,
    0x8C2F,0x8C50,0x9470,0x9470,0x840F,0x840F,0x840F,0x83CE,0x7BCE,0x83EE,0x842F,0x8C70,
    0x8C70,0xA513,0xAD54,0x9CD2,0x9CF2,0x94B1,0x9471,0x9470,0x9471,0x9470,0x9470,0x94B1,
    0x8C50,0x8C30,0x8C70,0x8C2F,0x840F,0x8C30,0x8C30,0x8C30,0x840F,0x8C70,0x9CD2,0x9CD2,
    0xA4F2,0x9CB2,0x9CB1,0x9491,0x8C70,0x9CD2,0x9CB2,0x9CB2,0xA533,0xA513,0x9CB1,0x9CD2,
    0x9CD2,0xA513,0xA4F2,0xAD54,0xB575,0xAD34,0xB575,0xAD75,0xA513,0xA533,0xA533,0xA513,
    0xA4F3,0x9CD2,0xA4F2,0xA4F2,0xA533,0xAD54,0xAD54,0xA533,0xB595,0xAD74,0xA533,0xA513,
    0xA4F2,0xA4F2,0xA513,0x9CD2,0xA513,0xA513,0xA513,0xB575,0xA513,0xA513,0xAD34,0xAD54,
    0xB595,0xAD54,0xAD54,0xAD54,0xA513,0xA4F2,0xA513,0xA513,0xA513,0xAD34,0xAD34,0xAD54,
    0xB595,0xAD74,0xAD34,0xB595,0xB595,0xB575,0xB595,0xB5B5,0xBDB6,0xBDB6,0xB595,0xBDD6,
    0xB595,0xB595,0xB5B5,0xBDB6,0xBDD6,0xBDD6,0xC617,0xBDD6,0xB5B6,0xAD54,0xB5B6,0xBDF7,
    0xBDD6,0xB595,0xB595,0xB595,0xB595,0xB595,0xB5B6,0xB5B5,0xB5B5,0xBDD6,0xBDD6,0xBDD6,
    0xBDD6,0xBDF7,0xC637,0xAD74,0xAD54,0xCE58,0xC617,0xC638,0xCE58,0xC637,0xCE58,0xBDF7,
    0xB595,0xB595,0xB5B5,0xB595,0xB595,0xB575,0xB595,0xB595,0xAD75,0xB5B5,0xB5B5,0xB5B5,
    0xB595,0xAD54,0xA533,0xA533,0xAD54,0xB575,0xBDD6,0xB595,0xAD74,0xAD74,0xAD54,0xAD54,
    0xAD54,0xAD75,0xAD54,0xAD75,0xBDD6,0xBDF7,0xB595,0xBDD6,0xB5B6,0xB5D6,0xAD74,0xAD54,
    0xA534,0xB575,0xB595,0xAD54,0xAD75,0xAD95,0xBE17,0xC617,0xC658,0xC658,0xBDF7,0xC5F7,
    0xC638,0xCE99,0xCE99,0xDEDA,0xE71B,0xD699,0xCE58,0xCE58,0xC617,0xBDD6,0xB595,0xAD75,
    0xBDF7,0xB5B5,0xB595,0xB595,0xAD54,0xAD75,0xAD75,0xB595,0xB575,0xAD75,0xAD75,0xAD54,
    0xB595,0xAD54,0xA533,0xA534,0xB5B6,0xD699,0xBDF7,0xBDD6,0xAD54,0xAD54,0xB575,0xAD74,
    0xB5B5,0xC617,0xC638,0xBDD6,0xAD75,0xB5B6,0xAD75,0xA533,0xAD54,0xB575,0xB595,0xBDD6,
    0xAD54,0xAD54,0xA533,0xAD34,0xAD54,0xAD54,0xB595,0xB595,0xAD34,0xAD74,0xA533,0xAD75,
    0xAD54,0xA513,0xA534,0xA533,0x9CF2,0xA513,0x9CF2,0xA513,0xB575,0xA513,0xA513,0xA533,
    0xA533,0xA513,0xAD34,0xAD34,0xA533,0xA533,0xAD34,0xAD54,0xAD54,0xAD54,0xAD54,0xAD74,
    0xB595,0xAD74,0xB595,0xB595,0xAD34,0xAD74,0xAD54,0xB575,0xBDF7,0xBDD6,0xBDD6,0xBDD6,
    0xAD33,0xAD54,0xAD74,0xB5B5,0xAD74,0xAD54,0xAD74,0xAD54,0xA533,0xA533,0xAD34,0xAD34,
    0xA513,0xB574,0xB575,0xAD74,0xB5B6,0xAD33,0x9CB1,0x9CD2,0xA513,0xA513,0xA513,0xAD54,
    0xAD74,0xAD54,0xA513,0xAD54,0xAD74,0xAD54,0xA4F2,0xA513,0xA513,0xA4F2,0xA513,0xA513,
    0x9CD2,0x9CD2,0xAD34,0xA534,0x9CB2,0x9CD2,0x94B2,0x9CD2,0x8C30,0x8C2F,0xA4F2,0x8C50,
    0x6B4C,0x6B2B,0x6B2B,0x83EF,0x9491,0x8C30,0x9470,0x9470,0x9470,0x9491,0x94B1,0x94B1,
    0x9CD2,0x9CD2,0x94B2,0x9CD2,0x9CD2,0x8C50,0x8C50,0x9471,0x9CD2,0xA513,0x9CB2,0x9CD2,
    0x9CD2,0x9CB1,0x9470,0x9470,0x9CD2,0x9CB2,0x9CD2,0x9491,0x94B1,0x9CD2,0x9CD2,0xA533,
    0xA4F3,0xB595,0xAD34,0x9CD2,0x9CD2,0x94B1,0xA4F3,0xA513,0xAD34,0xBDD6,0xAD54,0x9491,
    0xA533,0xA513,0xA4F2,0xB575,0xB595,0xAD74,0xAD54,0xAD54,0xBDF7,0xAD54,0xB575,0xA4F3,
    0x94B1,0x9CD2,0x9491,0x8C70,0x9CB1,0x9CB2,0xA4F3,0xB5B6,0xBDD6,0xB595,0xAD54,0xA513,
    0xA513,0x9CF2,0x94B1,0xA4F2,0xAD34,0x9CD2,0x9CD2,0xA513,0x9CD2,0x9CB1,0x94B1,0x9491,
    0x9CB2,0x9491,0x9CD2,0x9CD2,0x9CD2,0xAD74,0xA4F2,0x9CB2,0x94B1,0x9CD2,0x9CB1,0x9CB1,
    0x9CB1,0xA513,0x9470,0x9470,0x8C50,0x8C50,0x8C50,0x9491,0x9490,0x9491,0x94B1,0x9470,
    0x9470,0x9470,0x8C50,0x9491,0x9471,0x83EE,0x840F,0x8C50,0x9CB2,0x9470,0x9470,0x8C70,
    0x840F,0x840F,0x9491,0x94B1,0x9CF2,0x94B1,0x9491,0x840F,0x840F,0x7BCE,0x7BCE,0x840F,
    0x8C50,0x8C70,0x9470,0x9470,0x94B1,0x9CD2,0x9CD2,0x9CF2,0x8C50,0x8C2F,0x8C70,0x840F,
    0x840F,0x8C2F,0x842F,0x8C70,0x94B1,0x8C50,0x8C70,0xA513,0xA513,0xA513,0xA513,0xAD34,
    0xA533,0xA533,0xA513,0x9491,0x8C70,0x9491,0x8C2F,0x840F,0x840F,0x8C2F,0x9491,0x9470,
    0x8C70,0x8C30,0x8C2F,0x840F,0x83EE,0x840F,0x83EE,0x83EE,0x7BCE,0x7BCE,0x840F,0x8C50,
    0x9470,0x840F,0x83EE,0x8C2F,0x8C50,0x9470,0x8C50,0x840F,0x8C50,0x8C50,0x9491,0x94B1,
    0x9CF2,0x9CD2,0x9CB2,0x9470,0x9491,0x94B1,0x9CD2,0x9CB2,0x9491,0x9470,0x9470,0x8C50,
    0x8C70,0x9491,0x8C30,0x9470,0x9470,0x9470,0x9CB2,0x9CD2,0xA513,0xAD54,0xA533,0x94B1,
    0x94B1,0x9CB1,0x9491,0x9491,0xA4F3,0xB595,0x9CD2,0x9470,0x8C50,0x94B1,0xAD33,0xAD33,
    0xA4F2,0x9CD2,0xA513,0xA4F2,0x9CD2,0xA4F2,0xA533,0xA513,0xAD54,0xAD34,0xB595,0xB595,
    0xAD54,0xAD33,0xAD74,0xAD54,0xAD74,0xB595,0xC637,0xB595,0xA4F2,0xA533,0xAD54,0xB575,
    0xB595,0xAD33,0x9CD2,0x9CD2,0xA513,0xA513,0xA513,0xAD34,0xAD54,0xA533,0xAD54,0xAD54,
    0xA4F2,0xA4F2,0x9CD2,0xA4F2,0xA4F2,0xA4F2,0xA513,0xAD54,0xAD34,0xA533,0xAD54,0xBDB6,
    0xB5B5,0xAD75,0xBDD6,0xC617,0xBDD6,0xBDD6,0xBDF7,0xB5B6,0xBDD6,0xB595,0xB595,0xB5B5,
    0xAD54,0xAD34,0xAD75,0xB595,0xB5B5,0xB5B6,0xBDD6,0xB5B6,0xB5B6,0xBDF7,0xBDD6,0xB595,
    0xB5B5,0xB5B5,0xB5B5,0xBDD6,0xBDD6,0xBDD6,0xBDD6,0xBDD6,0xBDD6,0xBDF7,0xBDD6,0xAD54,
    0xAD74,0xC617,0xC638,0xBE17,0xAD74,0xA513,0xA513,0xAD54,0xB5D6,0xBDF7,0xC617,0xBDF7,
    0xC5F7,0xBDF7,0xBDD6,0xBDB6,0xB595,0xAD74,0xAD74,0xAD75,0xAD74,0xB575,0xAD74,0xAD74,
    0xAD75,0xB595,0xB595,0xB595,0xB595,0xAD75,0xAD54,0xAD74,0xAD54,0xAD34,0xAD54,0xBDD6,
    0xBDD6,0xC638,0xC638,0xBE17,0xBDD6,0xBDD6,0xB5B5,0xBDD6,0xBDD6,0xB5B5,0xBDD6,0xC637,
    0xBDD6,0xB5B5,0xC617,0xC638,0xCE58,0xD6B9,0xDEDA,0xD699,0xC638,0xCE58,0xCE78,0xD6BA,
    0xD6DA,0xCE99,0xD6BA,0xCE79,0xCE58,0xC638,0xBDD6,0xB595,0xBDB6,0xB5B5,0xAD54,0xAD75,
    0xAD75,0xAD75,0xB595,0xBDD6,0xB5B5,0xAD54,0xB595,0xAD75,0xBDF7,0xBDF7,0xBDD6,0xB595,
    0xBDF7,0xBDD6,0xBDB6,0xB5B6,0xBDD6,0xAD54,0xAD74,0xB5B5,0xBDD6,0xBDD6,0xC617,0xC617,
    0xB5B5,0xB595,0xAD34,0xA513,0xAD75,0xAD74,0xAD54,0xAD75,0xB595,0xB595,0xAD34,0xA533,
    0xA533,0xAD54,0xB595,0xBDD6,0xAD74,0xAD74,0xAD74,0xAD54,0xAD34,0xB575,0xB595,0xAD54,
    0xA513,0xAD54,0xAD54,0xAD54,0xB595,0xA533,0xA533,0xAD54,0xAD54,0xA533,0xAD54,0xAD74,
    0xAD54,0xAD34,0xAD54,0xB595,0xB5B5,0xB595,0xB595,0xB5B5,0xB5B5,0xB5B5,0xB575,0xAD34,
    0xA533,0xA513,0xA513,0xAD74,0xAD74,0xAD54,0xAD54,0xAD54,0xAD54,0xAD54,0xB595,0xB595,
    0xB595,0xB575,0xB595,0xAD74,0xA513,0xA513,0xA513,0xA533,0xAD33,0xAD54,0xAD54,0xA533,
    0xB575,0xA513,0xA4D2,0xA533,0xAD54,0xAD74,0xAD54,0xA534,0xA533,0xB595,0xC638,0xC617,
    0xB595,0xB595,0xB575,0xAD74,0xAD54,0xA513,0xA513,0xA533,0xA513,0xA4F2,0x9CB2,0x9CB2,
    0x9CD2,0x9491,0x9471,0x9CB2,0x9491,0x842F,0x9CB2,0x9CD2,0x9491,0x94B1,0x9CD2,0x9CD2,
    0x840F,0x83EF,0x83EF,0x840F,0x8C2F,0x8C50,0x8C2F,0x8C70,0x9491,0x9CD2,0xB595,0xAD54,
    0x94B1,0x9491,0xA4F3,0xAD34,0x9CD2,0x9CB1,0xA513,0xAD54,0xA534,0x9CD2,0x9491,0x94B1,
    0x9CD2,0xA513,0xA513,0xA513,0xA4F2,0xA513,0x9CD2,0x9CD2,0x9CD2,0xAD34,0xA533,0xA4F3,
    0x9CD2,0xA513,0xAD34,0xA513,0xB595,0xA533,0xAD54,0xA533,0xA533,0xA4F2,0xAD54,0xB5B5,
    0xAD75,0xAD54,0xAD54,0xAD34,0xB5B5,0xAD54,0xA533,0xA533,0xA513,0xA533,0xA4F3,0x9CD2,
    0x9CD2,0xA4F2,0xAD54,0xAD74,0xAD75,0xBDD6,0xC638,0xAD75,0xAD74,0xAD75,0xB575,0xAD54,
    0xA534,0xB575,0xA533,0xA513,0xAD34,0xAD54,0xA513,0x9CD2,0x94B1,0x94B1,0x9CB1,0x9491,
    0xA513,0xAD54,0x9CF2,0x9CD2,0x94B1,0x9CD2,0xA533,0xA513,0x9470,0x8C50,0x8C50,0x8C70,
    0x9CB1,0x9CB1,0x8C2F,0x9470,0xA513,0xA533,0x9CD2,0x9470,0x8C2F,0x840F,0x8C50,0x8C70,
    0x9470,0x8C2F,0x840F,0x840F,0x8C50,0x9471,0x9491,0x94B1,0x94B1,0x9470,0x9470,0x9CB1,
    0x9CD2,0x9CB1,0x9491,0x8C30,0x842F,0x8C2F,0x8C50,0x8C50,0x840F,0x8C50,0x9490,0x9491,
    0x9CB1,0xAD33,0xAD34,0xA533,0xA513,0x9470,0x9491,0x94B1,0x9470,0x9491,0x8C70,0x8C50,
    0x94B1,0x94B1,0x8C50,0x9CB2,0x9CD2,0x94B1,0x9CF2,0xA4F2,0xAD34,0x9CD2,0xA513,0x9CD2,
    0x9470,0x94B1,0x8C50,0x8C50,0x9470,0x9491,0x9CB1,0x8C50,0x8C2F,0x8C2F,0x840F,0x8C50,
    0x9470,0x8C50,0x840F,0x840F,0x8C2F,0x8C2F,0x840F,0x840F,0x8C2F,0x8C2F,0x8C50,0x9CD2,
    0x9CD2,0xA4F2,0x9CB1,0x9491,0x8C50,0x8C50,0x9470,0x9491,0x9491,0x9471,0x9470,0x8C30,
    0x8C50,0x9491,0x9470,0x9491,0x9CD2,0x9470,0x8C50,0x9470,0x9470,0x9CB2,0xA513,0x94B1,
    0x8C50,0x9470,0x9491,0x9491,0x8C70,0x9491,0x94B1,0x9CD2,0xA513,0x9CF2,0x9CF2,0x9CD2,
    0x9CD2,0x94B1,0x9CB1,0x9470,0x9470,0xA4F3,0xA513,0xA513,0xA533,0xA513,0xAD33,0xA512,
    0x9CB1,0x9491,0x9CD2,0xAD54,0xAD33,0xA533,0xAD34,0xA533,0xA513,0xA4F2,0xA533,0xA513,
    0x9CD2,0xB5B6,0xC638,0xB5B6,0xAD54,0xAD34,0xB575,0xB5B5,0xAD54,0xA513,0xA4F2,0xAD33,
    0xB595,0xBDD6,0xC5F7,0xBDD6,0xC5F7,0xBDD6,0xB595,0xB5B5,0xB5B5,0xB575,0xAD54,0xB595,
    0xB574,0xA513,0xAD33,0xA533,0xA513,0xA513,0xA513,0xAD33,0xAD75,0xB595,0xB595,0xB595,
    0xB5B5,0xB595,0xBDD6,0xC617,0xBDD6,0xBDF7,0xBDF7,0xBE17,0xBDD6,0xBDD6,0xB595,0xBDD6,
    0xBDD6,0xBDD6,0xBDD6,0xBDF7,0xBDF7,0xBDF7,0xBDD6,0xBDF6,0xBDF7,0xC617,0xBDD6,0xBDF7,
    0xC638,0xC617,0xBDD6,0xBDD6,0xBDF7,0xBDD6,0xBDD6,0xB5B5,0xB5B5,0xB595,0xAD74,0xAD34,
    0xA513,0xA533,0xAD54,0xAD34,0xB595,0xC617,0xC5F7,0xBDF7,0xC617,0xC617,0xBDD6,0xB595,
    0xAD74,0xB575,0xB595,0xB595,0xB595,0xBDD6,0xB5B5,0xB595,0xB5B5,0xB595,0xB595,0xBDB6,
    0xB575,0xAD75,0xAD75,0xB595,0xBDD6,0xB595,0xB595,0xBDF6,0xBDD6,0xC617,0xB5B6,0xB5B6,
    0xBDD6,0xBDD6,0xB595,0xBDD6,0xBDB6,0xB595,0xBDF7,0xCE58,0xC5F7,0xBDF7,0xC617,0xCE78,
    0xD6BA,0xDEFA,0xDEDA,0xD699,0xCE58,0xCE58,0xCE79,0xCE79,0xCE99,0xD699,0xD6BA,0xCE58,
    0xCE79,0xC658,0xBDF7,0xBDD6,0xB595,0xBDD6,0xAD74,0xAD54,0xB595,0xAD75,0xB595,0xBDD6,
    0xB5B6,0xB5B6,0xB595,0xB595,0xB5B6,0xBDD6,0xBDD6,0xBDB6,0xBDB6,0xB595,0xAD74,0xAD54,
    0xB595,0xAD74,0xAD74,0xAD74,0xAD74,0xBDD6,0xB595,0xB595,0xAD75,0xA513,0xAD54,0xAD74,
    0xB5B6,0xAD54,0xB575,0xAD54,0xA533,0xAD54,0xAD54,0xAD74,0xB595,0xB595,0xAD74,0xB595,
    0xB595,0xAD54,0xB595,0xB5B5,0xB595,0xAD74,0xAD74,0xB595,0xB595,0xB595,0xA513,0xA533,
    0xAD54,0xAD74,0xA533,0xAD74,0xAD34,0xAD54,0xB595,0xB595,0xB595,0xAD54,0xB595,0xAD74,
    0xBDD6,0xCE78,0xBDD6,0xAD75,0xB595,0xB595,0xB595,0xB595,0xB595,0xB595,0xBDD6,0xC617,
    0xBDD6,0xAD74,0xAD74,0xB595,0xAD54,0xB595,0xBDB6,0xBDF6,0xBDD6,0xB595,0xBDD6,0xB595,
    0xB595,0xB595,0xAD54,0xA513,0xA513,0xA4F2,0xA513,0xA513,0x9CD2,0x9CB1,0x9CD2,0xAD34,
    0xAD34,0xAD54,0xAD74,0xAD74,0xB575,0xB595,0xC617,0xC638,0xBDF7,0xBDD6,0xC617,0xBDD6,
    0xB595,0xAD74,0xAD74,0xA4F3,0xA4F2,0x9CD2,0x94B1,0x9CB1,0x9CD2,0x9CD2,0x8C50,0x83EF,
    0x83EF,0x7BCE,0x840F,0x83EE,0x8C30,0x9491,0x9CD2,0x9CD2,0x94B1,0x9491,0x8C70,0x8C70,
    0x9491,0x9471,0x9491,0x8C70,0x9470,0x9491,0x9491,0x94B1,0xA4F3,0x9CD2,0xA513,0xAD74,
    0xA513,0xA4F3,0xA513,0xAD54,0xA533,0xAD54,0xA533,0x9CD2,0xA4F2,0xA513,0xA513,0xA513,
    0x9CD2,0xA513,0xA513,0xA513,0xA513,0x9CD2,0x9491,0x9CB2,0xA513,0xAD54,0xB5B5,0xAD34,
    0xA4F2,0x94B1,0xAD33,0xAD54,0xB5B5,0xB595,0xB595,0xBDD6,0xB5B6,0xAD74,0xB595,0xB595,
    0xBDF6,0xC638,0xB5B5,0xBDD6,0xAD74,0xAD75,0x9CB2,0x9CF2,0xAD54,0xB595,0xAD75,0xA533,
    0xAD34,0xAD34,0xA534,0xA513,0xB595,0xC617,0xAD54,0xAD54,0xAD54,0xAD54,0xA513,0xA4F2,
    0xA513,0xAD74,0xA513,0x9CB1,0x9491,0x9CB2,0x9CD2,0x9491,0xA513,0xA4F2,0x9CD2,0x94B1,
    0x840F,0x83EE,0x8C70,0xA513,0x9CB1,0x9491,0x9491,0x8C50,0x8C70,0x8C70,0x9491,0x840F,
    0x9CD2,0x94B1,0x8C50,0x9470,0x840F,0x8C2F,0x8C50,0x9470,0x9490,0x94B1,0x9CB1,0x9CB2,
    0x9491,0x9491,0x9491,0x9CB2,0x9CD2,0xA513,0xA4F3,0x9470,0x94B1,0xA533,0xAD54,0x9CD2,
    0x94B1,0x8C50,0x840F,0x83EE,0x8C2F,0x8C2F,0x9470,0x9491,0xA4F2,0xAD54,0xA533,0x9CB1,
    0x9CD2,0xA4F2,0x9470,0x9491,0x9491,0x9CD2,0x9CD2,0x9CB2,0x9470,0x9CD2,0xA4F2,0x94B1,
    0x9491,0x94B1,0x9CD2,0xA4F2,0x9CD2,0x9CD2,0x9CB1,0x9CD2,0x9491,0x8C2F,0x8C50,0x8C50,
    0x8C50,0x8C2F,0x9470,0x8C50,0x8C2F,0x8C50,0x8C70,0x840F,0x8C50,0x9470,0x8C30,0x8C2F,
    0x8C2F,0x9470,0x9490,0x8C2F,0x840F,0x840F,0x9470,0x8C50,0x840F,0x8C2F,0x840F,0x9470,
    0x8C50,0x9470,0x9491,0x94B1,0x9491,0x9470,0x9470,0x94B1,0x9491,0x9470,0x8C50,0x9491,
    0x9491,0x94B1,0x9CB1,0x94B1,0x9491,0x9CB2,0xAD74,0xA513,0x9CB1,0x9CF2,0x9CB1,0x9CB2,
    0x9CD2,0x94B1,0x9491,0x9CB2,0x9CB1,0x9CF2,0xA513,0x9CB1,0x9CB2,0x9CD2,0x9CD2,0x94B1,
    0x9CD2,0xA513,0xAD54,0xAD74,0xA513,0x9CD2,0x9CD2,0x9CB2,0x9470,0x9CB1,0xA4F2,0xAD33,
    0xA513,0x9CD2,0xA513,0xA513,0x9CD2,0x9CD2,0xA513,0xA533,0xB5B5,0xB595,0xAD54,0xAD74,
    0xAD54,0xAD54,0xA533,0xA513,0xAD33,0x9CD2,0xB595,0xC617,0xCE38,0xC617,0xBDD6,0xB595,
    0xAD54,0xA513,0xA513,0xAD33,0xAD54,0xAD74,0xBDB5,0xBDD6,0xBDD6,0xBDD6,0xAD33,0xA4F2,
    0xA513,0xAD54,0xA513,0xA513,0xAD74,0xAD74,0xB5B6,0xB595,0xB595,0xB595,0xB575,0xBDD6,
    0xBDD6,0xC617,0xCE99,0xC638,0xBDF7,0xC637,0xC617,0xBDD6,0xB5B5,0xBDD6,0xBDF6,0xBDF7,
    0xBDD6,0xBDF7,0xCE58,0xC638,0xC637,0xC638,0xBDF7,0xBDD6,0xBDF7,0xBDD6,0xB595,0xC617,
    0xC617,0xBDD6,0xBDD6,0xBDD6,0xB5B5,0xB5B5,0xBDD6,0xA513,0xAD54,0xBDF7,0xB5B5,0xAD34,
    0xB5B6,0xBDD6,0xAD74,0xB595,0xB5B5,0xB575,0xB595,0xBDB6,0xB595,0xB5B5,0xBDD6,0xBDD6,
    0xC617,0xC638,0xBDF6,0xBDD6,0xB595,0xB575,0xAD75,0xAD74,0xAD54,0xAD74,0xAD74,0xAD74,
    0xAD74,0xAD74,0xAD74,0xB595,0xB5B6,0xB5B6,0xBDD6,0xBDF7,0xC617,0xB5B6,0xB5B5,0xB595,
    0xB5B5,0xB5B5,0xBDD6,0xBDD6,0xBDD6,0xD699,0xD6BA,0xD6BA,0xD6B9,0xD6BA,0xD699,0xCE79,
    0xC658,0xCE58,0xC638,0xC617,0xC637,0xD699,0xCE99,0xD6BA,0xCE79,0xC638,0xBDF7,0xBDB6,
    0xBDD6,0xBE17,0xBDD6,0xB5B5,0xB595,0xB5B6,0xBDD6,0xC617,0xBDD6,0xBDF7,0xBDD6,0xB595,
    0xBDD6,0xC5F7,0xBDD6,0xBDD6,0xBDD6,0xAD54,0xAD74,0xAD75,0xB595,0xB595,0xB595,0xB5B6,
    0xB5B5,0xBDF7,0xBDD6,0xAD54,0xAD54,0xAD74,0xB595,0xBDD6,0xB5B5,0xB595,0xAD54,0xAD74,
    0xAD54,0xAD74,0xC617,0xBDF7,0xBDB6,0xBDD6,0xBDF7,0xBDD6,0xAD75,0xB575,0xB595,0xB5B5,
    0xB575,0xAD74,0xAD74,0xB575,0xB595,0xB595,0xB595,0xAD54,0xAD74,0xBDD6,0xAD54,0xAD34,
    0xA533,0xA513,0xA513,0xAD54,0xAD74,0xB595,0xB5B5,0xB575,0xB575,0xBDB6,0xBDB6,0xC617,
    0xBDD6,0xB5B5,0xBDD6,0xB5B5,0xB5B5,0xB5B5,0xB5B5,0xBDF7,0xC617,0xBDD6,0xBDF7,0xBDB6,
    0xAD74,0xB5B5,0xC617,0xC617,0xC617,0xBDD6,0xC5F7,0xBDD6,0xC5F7,0xCE58,0xBDD6,0xB595,
    0xAD34,0xA533,0xA513,0xA513,0xAD34,0xA533,0xA533,0xAD54,0xAD54,0xA533,0xB575,0xBDD6,
    0xC638,0xBDF6,0xB595,0xBDD6,0xB5B5,0xA513,0x9CF2,0x9CF2,0x9CD2,0xA4F2,0xAD34,0xA4F2,
    0xA4F3,0xA513,0xAD34,0xA513,0xA533,0x9CD2,0x840F,0x83EF,0x840F,0x7BCE,0x736C,0x738D,
    0x7BCE,0x8C30,0xA513,0x9CB1,0x9CB2,0xA513,0xA513,0xA4F2,0x9CD2,0x9CD2,0x9CD2,0x9CF2,
    0xA513,0xA513,0xA513,0xA513,0xAD34,0xA4F2,0x9CD2,0x9CD2,0xAD34,0xBDD6,0xA533,0xA513,
    0xA533,0xAD34,0xA4F2,0x9CB1,0x9CB2,0x9CD2,0x9CD2,0xA513,0x9CD2,0xA533,0xAD75,0xB595,
    0xB5B5,0xA513,0x9CD2,0xA513,0xA513,0xA4F2,0xA4F2,0x9CD2,0xA4F2,0xA513,0xAD54,0xAD74,
    0xB595,0xBDD6,0xBDF6,0xCE79,0xD6B9,0xCE78,0xC658,0xCE79,0xC638,0xC637,0xC638,0xC637,
    0xBDF6,0xBDD6,0xB595,0xB575,0xB595,0xAD34,0x9CB2,0x9CD2,0x9CD2,0xA513,0xAD34,0xAD34,
    0xA513,0xA533,0xA4F3,0xA513,0xA533,0xA4F2,0xA513,0x9CF2,0x9CD2,0x9CD2,0x9CD2,0x9CD2,
    0x9CD2,0x9CD2,0x9CD2,0x9470,0x9CB1,0xAD74,0x9CD2,0x9CB2,0xA4F2,0xA513,0xA513,0xA513,
    0xA513,0xA513,0x9CD2,0x9491,0x8C50,0x840F,0x83EE,0x8C0F,0x9CD2,0xA513,0x9CD2,0x9470,
    0x94B1,0x94B1,0x9491,0x8C2F,0x8C50,0x9470,0x9470,0x9491,0x9470,0x8C2F,0x9491,0x9CB1,
    0x9470,0x9CB1,0x94B1,0xA513,0xAD54,0xA513,0x9CD2,0x9CB2,0x94B1,0x9CD2,0x94B1,0x8C50,
    0x9491,0x8C50,0x8C30,0x9491,0xAD74,0xB595,0xAD74,0x9CD2,0xA4F2,0x9CD2,0x94B1,0x9CB1,
    0x8C50,0x9470,0x8C50,0x94B1,0xA513,0x9491,0x9CD2,0x9CD2,0x9CD2,0x9491,0x9CD2,0x9CD2,
    0x9CF2,0xAD54,0x9CF2,0x9470,0x8C50,0x8C50,0x8C50,0x8C50,0x8C50,0x840F,0x840F,0x8C2F,
    0x8C50,0x8C50,0x8C50,0x8C50,0x8C30,0x8C50,0x8C50,0x8C2F,0x8C50,0x9491,0x9491,0x9491,
    0x8C50,0x8C50,0x8C50,0x9CB1,0x9491,0x8C70,0x8C50,0x8C50,0x8C50,0x9470,0x9491,0x9491,
    0x9470,0x8C70,0x9491,0x9491,0x8C50,0x9491,0x9491,0x9CD2,0x94B1,0x9491,0x94B1,0x9491,
    0x9491,0x8C70,0x8C50,0x9470,0x9491,0x9CD2,0x9CD2,0xA533,0xB595,0xA533,0xB595,0xB595,
    0xA513,0xA533,0x9CD2,0x9CB2,0x94B1,0x9CD2,0xAD34,0xA513,0x9CB2,0x9CB1,0xA513,0xA533,
    0xA513,0xA513,0xA533,0xA513,0xA4F3,0xA533,0xA4F2,0xA513,0xA513,0xA4F2,0xAD33,0xA4F2,
    0x9CD2,0xA513,0xA513,0xB575,0xC617,0xBDB6,0xB595,0xB595,0xAD54,0xA533,0xA513,0xA513,
    0xAD54,0xBDD6,0xC5F7,0xBDF6,0xB5B5,0xAD54,0xA513,0xA4F2,0xA4F2,0x9CD2,0xA513,0xA513,
    0xA513,0xAD33,0xA533,0xAD34,0xAD54,0xB595,0xC5F7,0xAD34,0xA513,0xA533,0xA533,0xAD54,
    0xAD54,0xAD54,0xAD74,0xAD74,0xAD75,0xB5B5,0xB595,0xAD54,0xAD75,0xB595,0xB595,0xBDD6,
    0xBE17,0xBDF6,0xB5B5,0xB5B5,0xBDF7,0xBDF6,0xBDD6,0xBDF7,0xC617,0xBDD6,0xBDD6,0xBE17,
    0xBDF6,0xBDD6,0xBDD6,0xBDD6,0xBDD6,0xBDD6,0xBDF7,0xBDF7,0xBDD6,0xBDD6,0xBDD6,0xBDD6,
    0xB595,0xB595,0xB595,0xAD75,0xB5B5,0xB595,0xB595,0xBDD6,0xB5B5,0xB595,0xAD74,0xAD95,
    0xB595,0xB5D6,0xBDD6,0xBDD6,0xB5B5,0xB595,0xAD74,0xB595,0xB5B5,0xB575,0xAD75,0xB595,
    0xAD74,0xB595,0xAD74,0xAD54,0xAD54,0xB595,0xB595,0xB575,0xAD74,0xB595,0xB5B5,0xBDD6,
    0xBDD6,0xBDB6,0xBDD6,0xBDF7,0xC638,0xBDD6,0xB5B5,0xB595,0xBDD6,0xC5F7,0xC617,0xC617,
    0xBDF7,0xCE78,0xD6B9,0xD6B9,0xD699,0xD699,0xCE79,0xCE79,0xBDF7,0xBDF7,0xC617,0xC638,
    0xCE58,0xCE78,0xCE99,0xD6DA,0xCE79,0xC658,0xCE79,0xBDD6,0xBDD6,0xBDF7,0xBDD6,0xB5B5,
    0xBDD6,0xBDD6,0xCE78,0xCE58,0xBDF7,0xBDD6,0xBDD6,0xB595,0xBDD6,0xC617,0xB575,0xA534,
    0xB575,0xBDB6,0xBDD6,0xBDD6,0xBDD6,0xBDD6,0xB5B5,0xBDD6,0xC617,0xBDD6,0xBDF7,0xB5B5,
    0xBDD6,0xB595,0xB595,0xBDF7,0xB5B6,0xAD54,0xAD54,0xAD74,0xAD75,0xAD74,0xB575,0xBDD6,
    0xBE17,0xAD75,0xAD54,0xAD34,0xB575,0xB595,0xBDD6,0xB595,0xAD54,0xAD74,0xAD54,0xA533,
    0xA533,0xB595,0xB5B5,0xAD54,0xAD54,0xB5B5,0xAD75,0xAD54,0xA513,0xA513,0xAD54,0xAD54,
    0xAD34,0xAD74,0xB575,0xAD54,0xB595,0xBDD6,0xB595,0xB575,0xB575,0xB5B5,0xC637,0xBDF6,
    0xC638,0xD699,0xBDD6,0xC638,0xC637,0xC638,0xC617,0xBDF6,0xC5F7,0xBDF7,0xC617,0xC5F7,
    0xC617,0xCE58,0xC617,0xBDD6,0xBDB6,0xBDD6,0xBDD6,0xBDF6,0xBDD6,0xB595,0xAD75,0xB595,
    0xBDD6,0xB595,0xAD54,0xAD54,0xAD74,0xBDD6,0xAD75,0xB595,0xC617,0xBDD6,0xAD54,0xAD34,
    0xAD54,0xAD75,0xA513,0xAD54,0xA513,0xA513,0x9CF2,0x9CF2,0xA513,0xA513,0xAD75,0xAD74,
    0xAD74,0x9CD2,0x8C50,0x9491,0x8C70,0x8C30,0x83EF,0x842F,0x9491,0xA4F2,0x9CD2,0x9491,
    0x9491,0x9491,0x9CB1,0x9CD2,0xA513,0xAD34,0xAD54,0xB595,0xB595,0xAD34,0xAD34,0xA533,
    0xAD34,0xAD54,0xA513,0xB575,0xBDD6,0xC617,0xC617,0xAD54,0xA533,0xAD33,0xAD54,0xA4F2,
    0xA513,0xA513,0xA533,0xAD74,0xAD54,0xAD54,0xAD74,0xA533,0xA513,0xA533,0xAD54,0xA533,
    0x9CD2,0x9CF2,0xA533,0xA513,0xAD34,0xAD74,0xB595,0xB575,0xAD75,0xAD75,0xBDF6,0xCE58,
    0xCE99,0xDF1B,0xD6DA,0xC638,0xB5B5,0xBDD6,0xBE17,0xBDB6,0xB5B5,0xB5B6,0xBDB6,0xB575,
    0xB595,0xAD74,0xA513,0x9CF2,0xA533,0xAD34,0xA513,0x9CD2,0x9CD2,0x94B1,0x9CB2,0xA513,
    0xA513,0xA533,0xAD54,0xA513,0x9CF2,0x94B1,0x9CF2,0xA513,0xA513,0xA4F3,0x9470,0x9491,
    0x9CB2,0xA4F2,0x9491,0x840F,0x9471,0xA513,0xA513,0xA513,0x9CD2,0x94B1,0x9CB1,0x94B1,
    0x94B1,0x8C2F,0x9491,0xA513,0xAD54,0xAD33,0xA513,0xA4F2,0xA512,0xA4F2,0xA513,0x9491,
    0x840F,0x8C50,0x8C50,0x8C50,0x9470,0x9491,0x94B1,0x8C50,0x9470,0x9491,0x8C50,0x9470,
    0x94B1,0x9CD2,0x840F,0x9491,0xA513,0xA534,0xA513,0x9CD2,0x9CB2,0x9491,0x9470,0x9CB1,
    0xB5B5,0xAD54,0xA513,0x9CD2,0x94B1,0x9470,0x9CB1,0x9CF2,0x9CB1,0x9470,0x9470,0x9CB1,
    0x9CD2,0x9491,0x9491,0x94B1,0xA513,0xA4F2,0xA513,0xA513,0xAD34,0xA533,0xA4F2,0x9CD2,
    0x9CD2,0x9491,0x9470,0x9491,0x8C50,0x8C50,0x9491,0x94B1,0x9CB1,0x9470,0x8C50,0x8C50,
    0x8C30,0x9470,0x8C50,0x8C50,0x9491,0x9491,0x9491,0x9470,0x9470,0x9491,0x94B1,0x9CB1,
    0x9CD2,0x9470,0x8C2F,0x8C2F,0x9470,0x94B1,0x9470,0x94B1,0x9491,0x9491,0x9491,0x9470,
    0x8C50,0x9470,0x9470,0x9491,0x9491,0x9CD2,0xA513,0x9CF2,0x9491,0x8C50,0x8C30,0x8C50,
    0x9491,0x94B1,0x9CB1,0x94B1,0x9491,0x9CB2,0x9CD2,0x9CD2,0x94B1,0x9491,0x9470,0x94B1,
    0x94B1,0x9CD2,0xA513,0x9CB2,0xA4F2,0x9CD2,0xA513,0xA513,0xA533,0xAD54,0xB5B6,0xA513,
    0x9CD2,0xA4F2,0x9CD2,0x9CD2,0x9CD2,0xA533,0xA513,0xA513,0xA513,0xA513,0xA533,0xB574,
    0xAD74,0xAD34,0xB575,0xAD34,0xA4F2,0xA4F2,0xA4F2,0xA4F2,0xAD33,0xC637,0xC617,0xC617,
    0xAD34,0xAD33,0xA513,0xAD33,0xAD54,0xB574,0xCE79,0xD699,0xC5F7,0xB5B5,0xAD54,0xAD33,
    0xAD54,0xB574,0xB5B5,0xBDD6,0xB575,0xB5B5,0xBDD6,0xB595,0xB595,0xB595,0xB595,0xAD75,
    0xAD74,0xAD74,0xAD74,0xB595,0xBDD6,0xBDD6,0xBDD6,0xBDD6,0xBDF6,0xB5B6,0xB5B6,0xBDD6,
    0xBDF7,0xBDF6,0xBDD6,0xB5B5,0xBDD6,0xBDD6,0xBDD6,0xBDD6,0xB5B6,0xBDD6,0xB5B5,0xBDD6,
    0xC637,0xBDF7,0xBDF7,0xBDD6,0xB5D6,0xB5B5,0xB5B5,0xB595,0xBDD6,0xBDD6,0xB5B5,0xAD54,
    0xB5B6,0xC617,0xBDF7,0xC638,0xB5B5,0xB5B5,0xBDD6,0xBDD6,0xB5B5,0xC638,0xCE58,0xBDF6,
    0xB595,0xB595,0xB595,0xAD74,0xAD74,0xAD75,0xAD74,0xAD74,0xAD54,0xAD74,0xAD54,0xAD74,
    0xAD74,0xB575,0xAD75,0xAD74,0xAD75,0xBDD6,0xBDD6,0xB595,0xBDD6,0xB5B5,0xBDD6,0xBDD6,
    0xBDD6,0xBDD6,0xB5D6,0xBDD6,0xC637,0xC638,0xCE78,0xC638,0xC617,0xCE58,0xCE79,0xCE79,
    0xD699,0xD6B9,0xCE79,0xD6BA,0xCE79,0xBDF7,0xC617,0xC637,0xCE58,0xC637,0xC617,0xD699,
    0xD699,0xC637,0xCE58,0xC617,0xBDD6,0xBDF6,0xBDD6,0xBDD6,0xB595,0xBDD6,0xBDD6,0xB5B5,
    0xBDD6,0xBDD6,0xB5B6,0xB595,0xB595,0xBDD6,0xB595,0xB595,0xBDD6,0xBDD6,0xAD74,0xAD54,
    0xAD54,0xB595,0xAD54,0xAD54,0xB5B5,0xB595,0xBDD6,0xBDD6,0xBE17,0xBDD6,0xB5B5,0xBDD6,
    0xC617,0xBDD6,0xAD74,0xAD34,0xAD54,0xAD74,0xAD74,0xAD74,0xB595,0xAD75,0xA533,0xAD54,
    0xAD74,0xAD74,0xB5B6,0xBDF6,0xBDD6,0xB5B6,0xB5B6,0xB575,0xB595,0xB595,0xB595,0xB575,
    0xAD74,0xAD54,0xB595,0xBDD6,0xB595,0xB595,0xB595,0xB595,0xB5B5,0xAD74,0xAD74,0xAD54,
    0xB5B5,0xBDD6,0xB595,0xB595,0xBDF6,0xC5F7,0xC638,0xC638,0xCE78,0xD699,0xBDF6,0xC617,
    0xC617,0xC638,0xC617,0xC5F7,0xC617,0xC617,0xC617,0xC637,0xC617,0xC5F7,0xC5F7,0xC617,
    0xBDD6,0xBDD6,0xC5F7,0xC617,0xC617,0xBDF6,0xBDD6,0xBDD6,0xBDB6,0xB595,0xAD54,0xB595,
    0xBDD6,0xC638,0xBDF7,0xBDD6,0xC617,0xBDB6,0xBDB6,0xB595,0xBDF7,0xCE58,0xAD54,0xA4F2,
    0xA534,0xAD54,0xAD34,0xA533,0xA533,0xA513,0xA513,0x9491,0x8C50,0x842F,0xA4F3,0x9CF2,
    0x9470,0x9491,0x8C70,0x8C50,0x8C70,0x9491,0x8C50,0x8C50,0x8C70,0x94B1,0x9CB2,0xA513,
    0xAD54,0xB5B5,0xBDD6,0xC638,0xC617,0xB5B5,0xAD75,0xAD54,0xAD75,0xAD74,0xAD54,0xB5B5,
    0xBDD6,0xBDF7,0xBDD6,0xB595,0xAD54,0xAD54,0xBDF7,0xB595,0xAD54,0xA513,0xAD74,0xB595,
    0xB575,0xAD74,0xA533,0xA513,0xA513,0xA513,0xA513,0xA513,0xA533,0xA533,0xAD54,0xAD34,
    0xA513,0xAD54,0xAD54,0xB575,0xB5B5,0xB595,0xB595,0xB5B6,0xC617,0xC617,0xC637,0xCE58,
    0xC617,0xB5B6,0xBDF7,0xBDD6,0xBDB6,0xB595,0xAD34,0xA513,0xAD54,0xB575,0xAD33,0xA513,
    0x9CD2,0x9CB1,0x9CF2,0x9CD2,0x94B1,0x9CD2,0xA4F2,0xA513,0xA513,0xAD33,0xA513,0xA4F2,
    0xA533,0xA513,0x9CF2,0x9CD2,0xA513,0xA4F2,0x9CB1,0x9491,0x9471,0x9470,0x8C2F,0x8C30,
    0x8C70,0x9CD2,0xA4F2,0x9CD2,0xA4F3,0xA534,0x9CD2,0xA4F2,0x9CB2,0x9491,0xA4F2,0xA4F2,
    0x9490,0x9490,0xAD54,0xA513,0x9491,0x9491,0x9491,0x9CB1,0x9470,0x8C50,0x9470,0x8C50,
    0x8C2F,0x8C50,0x9470,0x8C70,0x94B1,0x9CD2,0x9CB2,0x8C50,0x8C50,0x9470,0x9491,0xA4F2,
    0xA513,0xA513,0x9CD2,0xA4F2,0xAD54,0xA513,0xA513,0xAD74,0xAD74,0xA513,0x9CF2,0x9CB1,
    0x9CB1,0x9CB2,0x9CB1,0x9CB1,0x9CB1,0x94B1,0x9CD2,0x9CD2,0x94B1,0x94B1,0x9491,0x9491,
    0x9CD2,0xA4F3,0x9CD2,0xA533,0xB595,0xA513,0xA513,0xA513,0x9CD2,0x9CB1,0x9470,0x9491,
    0x9490,0x9491,0x9491,0x9CB1,0x9CD2,0x9CB1,0xA4F2,0x9CB1,0x9470,0x94B1,0x9CB2,0x9CB1,
    0x9CD2,0xA4F2,0xA533,0x9CB1,0x9CB1,0x9491,0x8C50,0x8C50,0x9470,0x9CD2,0x9491,0x94B1,
    0x9CD2,0xA4F2,0x9CD2,0x9CB1,0x9CB1,0x9CB1,0x9491,0x8C50,0x8C30,0x8C50,0x94B1,0x9CB2,
    0x9CB1,0xA513,0x9CB1,0x9470,0x9CD2,0x9CB2,0x94B1,0x94B1,0x9CD2,0x9CB1,0x9CB1,0x94B1,
    0x9491,0xA4F2,0xA513,0xA4F2,0x9CB2,0x9CD2,0xA4F2,0x9CF2,0xA513,0xB595,0xAD54,0xA513,
    0xA513,0xA513,0xA4F3,0xA513,0xAD74,0xAD34,0xA4F2,0x9CD2,0xA4F2,0xA513,0xA513,0xA513,
    0xAD54,0xB575,0xB595,0xAD74,0xAD54,0xB575,0xBDD6,0xB595,0xAD54,0xA533,0xA533,0xA513,
    0xA512,0xA4D2,0xA513,0xAD54,0xB595,0xBDD6,0xBDD6,0xBDD6,0xA513,0xAD34,0xAD54,0xAD54,
    0xAD54,0xAD54,0xB595,0xC617,0xBDD6,0xBDB5,0xB574,0xAD74,0xAD54,0xAD33,0xB575,0xBDD6,
    0xBDB6,0xB5B5,0xB595,0xAD75,0xAD74,0xAD54,0xAD54,0xAD74,0xB595,0xB595,0xB595,0xB5B6,
    0xB595,0xB595,0xBDD6,0xC638,0xBE17,0xBDD6,0xB595,0xB575,0xB575,0xBDF7,0xBDF6,0xBDD6,
    0xBDD6,0xB5B5,0xBDD6,0xBDD6,0xBDD6,0xBDD6,0xC638,0xC638,0xBDD6,0xB595,0xB5B6,0xBDD6,
    0xBDD6,0xBDD6,0xBDD6,0xBDB6,0xBDD6,0xB595,0xAD75,0xBDB6,0xB595,0xBDD6,0xBDD6,0xB595,
    0xB5B6,0xBE17,0xC637,0xCE58,0xBDD6,0xBDD6,0xC637,0xC617,0xBDD6,0xBDD6,0xBDD6,0xB595,
    0xB595,0xAD75,0xAD54,0xAD54,0xAD74,0xB595,0xAD74,0xB595,0xBDD6,0xB595,0xAD75,0xB595,
    0xB595,0xB595,0xB5B5,0xB5B5,0xBDD6,0xBDD6,0xBDF6,0xBDD6,0xB595,0xBDD6,0xC617,0xC638,
    0xC638,0xCE78,0xCE58,0xC617,0xC617,0xCE58,0xCE58,0xC638,0xC658,0xD6B9,0xCE79,0xCE79,
    0xD6B9,0xD699,0xCE58,0xD699,0xD6BA,0xCE79,0xCE58,0xCE78,0xCE99,0xCE99,0xCE79,0xCE79,
    0xC617,0xB5B5,0xBDD6,0xBDD6,0xBDD6,0xBDD6,0xBDD6,0xBDD6,0xBDD6,0xBDF7,0xC617,0xBDD6,
    0xBDD6,0xC617,0xBDF7,0xC637,0xC638,0xBDD6,0xB595,0xAD75,0xAD54,0xAD54,0xAD75,0xAD54,
    0xB595,0xBDD6,0xBDD6,0xC637,0xCE58,0xBDF7,0xBDF6,0xB5B5,0xBDF7,0xC658,0xBDF7,0xAD74,
    0xAD54,0xAD74,0xAD74,0xAD54,0xAD34,0xAD54,0xAD74,0xAD75,0xB575,0xB5B5,0xBDD6,0xBDD6,
    0xBDD6,0xC617,0xBDD6,0xBDD6,0xB595,0xB595,0xB595,0xB595,0xB595,0xB5B5,0xBDD6,0xBDD6,
    0xB5B5,0xB5B5,0xAD74,0xAD74,0xAD75,0xB575,0xB595,0xB595,0xB595,0xB595,0xBDF7,0xC617,
    0xC617,0xC617,0xC637,0xC637,0xCE58,0xCE79,0xC617,0xBDD6,0xBDD6,0xC5F7,0xBDF6,0xBDD6,
    0xBDD6,0xC5F7,0xCE58,0xC5F7,0xC617,0xC637,0xC617,0xC637,0xC617,0xC5F7,0xC617,0xBDF7,
    0xBDD6,0xBDD6,0xBDD6,0xB595,0xAD54,0xAD54,0xAD74,0xAD34,0xAD74,0xAD54,0xAD54,0xAD54,
    0xB575,0xB595,0xB5B5,0xAD54,0xB595,0xB595,0xAD54,0xB595,0xB575,0xAD34,0xAD74,0xAD34,
    0xA513,0xA513,0xAD74,0x9CD2,0x9CB2,0x9CF2,0xA4F2,0x9CD2,0x9CD2,0xA513,0xA513,0xA4F2,
    0x9CD2,0x9491,0x9CD2,0xAD34,0xA533,0xA513,0xA513,0xAD34,0xAD54,0xB5B5,0xC617,0xD699,
    0xCE58,0xC617,0xBDB6,0xAD74,0xAD54,0xB595,0xB5B5,0xAD34,0xAD34,0xA513,0xB5B5,0xB595,
    0xAD74,0x9CD2,0xA533,0xB5B5,0xAD54,0xAD54,0xAD54,0xAD74,0xB595,0xB595,0xA533,0xA513,
    0xA512,0xA4F2,0xA513,0xA533,0xAD54,0xAD74,0xB595,0xAD74,0xAD74,0xB595,0xB575,0xB575,
    0xAD75,0xAD74,0xAD54,0xAD74,0xAD75,0xB575,0xBDD6,0xBDF6,0xCE79,0xD6BA,0xCE78,0xCE78,
    0xC638,0xB595,0xB595,0xB595,0xB595,0xA533,0xA513,0xA513,0xA513,0xA533,0xAD54,0xAD74,
    0xA513,0xA513,0x9CF2,0x9CB2,0xA513,0xAD34,0xA533,0xAD34,0xAD33,0xA513,0xA4F3,0xA513,
    0xA4F2,0xA4F2,0xA4F2,0x94B1,0x94B1,0x9491,0x9491,0x94B1,0x94B1,0x9CB1,0x9CD2,0xAD34,
    0xB595,0xAD75,0xB595,0xAD74,0xA513,0xA513,0xAD54,0xA4F2,0x9CD2,0xA513,0xA513,0x9CB1,
    0x9CB1,0x9CD2,0x9CB2,0x9CB1,0x9CD2,0x94B1,0x9470,0x9471,0x9CB2,0x9CB1,0x9491,0x94B1,
    0x94B1,0x9CB2,0xA513,0xA4F2,0x9CD2,0xA513,0xAD34,0xAD33,0xA533,0xA513,0xA513,0xA533,
    0x9CD2,0xA4F2,0xAD54,0xAD54,0xA513,0x9CB1,0x9CB1,0x94B1,0x9491,0x9CB1,0x9CB1,0x9491,
    0x9471,0x9471,0x9CB1,0x9CB2,0x9CB2,0x9CB2,0x9491,0x9491,0x9CD2,0xA513,0xA513,0xA533,
    0xAD54,0xA533,0xAD33,0xA533,0x9CD2,0x9CD2,0xA4F2,0x9CD2,0x9CB1,0x9491,0x9CB1,0x9CB1,
    0x9CD2,0x9CD2,0xA4F2,0xA4F2,0x9CD2,0x9CB2,0xA4F2,0xA513,0xA513,0xA533,0xA513,0xA513,
    0xAD34,0xAD33,0xAD33,0xA4F3,0xA4F2,0x9CD2,0xAD33,0xAD74,0xAD33,0xA4F2,0x9471,0x9470,
    0x9470,0x9490,0x9491,0x9470,0x9491,0x9CD2,0x9470,0x9470,0x9470,0x9CD2,0x9CF2,0x9CB1,
    0x9CD2,0xA513,0xA513,0x9CD2,0x9CD2,0xA513,0xA533,0xAD54,0xA513,0xAD54,0xA513,0xA513,
    0xA4F2,0xA513,0xA533,0xA533,0xAD54,0xAD74,0xAD33,0xA513,0xAD33,0xA533,0xA513,0xAD34,
    0xA533,0xA513,0xA513,0xA513,0xAD54,0xAD54,0xAD54,0xAD74,0xAD74,0xAD74,0xBDB5,0xB575,
    0xB595,0xB575,0xB595,0xBDB5,0xAD74,0xAD34,0xAD54,0xAD54,0xAD54,0xAD33,0xAD33,0xAD54,
    0xBDD6,0xC617,0xBDF6,0xBDB5,0xB595,0xAD74,0xAD74,0xB575,0xB574,0xAD34,0xAD54,0xAD54,
    0xAD34,0xAD54,0xAD54,0xAD54,0xAD34,0xAD54,0xB595,0xB595,0xB595,0xB575,0xB575,0xB595,
    0xB595,0xB595,0xB5B5,0xB595,0xB575,0xB595,0xBDD6,0xB5B5,0xB5B5,0xBDD6,0xBDD6,0xBDB6,
    0xB5B5,0xB595,0xB5B5,0xB5B5,0xB5B5,0xB5B6,0xB5B5,0xBDD6,0xB595,0xBDD6,0xBDD6,0xBDB6,
    0xBDD6,0xBDB6,0xBDD6,0xBDD6,0xBDB6,0xBDD6,0xC617,0xC617,0xBDD6,0xBE17,0xBDD6,0xBDB5,
    0xBDD6,0xBDD6,0xB5B5,0xBDD6,0xC617,0xBDD6,0xBDD6,0xC617,0xCE79,0xCE58,0xC617,0xBDF7,
    0xC617,0xBDF6,0xBDD6,0xBDD6,0xBDD6,0xBDD6,0xB595,0xB5B6,0xBDF7,0xBDF6,0xB595,0xB595,
    0xB595,0xB5B5,0xB5B5,0xBDB6,0xBDD6,0xBDD6,0xBDD6,0xB595,0xB575,0xBDD6,0xB5B6,0xB5B5,
    0xBDD6,0xBDD6,0xBDD6,0xBDD6,0xBDD6,0xBDD6,0xC617,0xBDF7,0xBDD6,0xBDD6,0xBDD6,0xBDD6,
    0xC638,0xCE58,0xCE58,0xC658,0xC638,0xCE58,0xCE58,0xC658,0xCE79,0xD699,0xD699,0xCE79,
    0xCE58,0xC638,0xC617,0xCE58,0xCE58,0xCE78,0xC638,0xC617,0xBDD6,0xBDD6,0xBDD6,0xBDD6,
    0xC617,0xC617,0xBDF6,0xC617,0xC617,0xC617,0xC637,0xC637,0xC617,0xBDD6,0xC617,0xC638,
    0xC617,0xBDF7,0xC617,0xBDF6,0xBDD6,0xC617,0xC617,0xBDB6,0xBDD6,0xBDD6,0xBDD6,0xC617,
    0xCE38,0xC617,0xBDD6,0xBDF7,0xBDF7,0xBDF7,0xBDF7,0xBDF6,0xBDD6,0xB595,0xB575,0xAD34,
    0xB595,0xBDD6,0xBDD6,0xBDF7,0xBDD6,0xC617,0xBDF7,0xBDF7,0xBDD6,0xBDB6,0xB5B5,0xBDB6,
    0xB595,0xB575,0xB595,0xAD54,0xAD54,0xAD74,0xB5B5,0xB595,0xB595,0xB595,0xB595,0xB595,
    0xB595,0xBDB6,0xB595,0xB595,0xBDD6,0xBDD6,0xBDF6,0xBDD6,0xBDF7,0xBDF6,0xBDD6,0xBDB5,
    0xBDD6,0xCE38,0xC637,0xC617,0xBDD6,0xBDB5,0xBDB5,0xBDF7,0xC637,0xCE58,0xD699,0xC617,
    0xB595,0xC5F7,0xC617,0xBDD6,0xBDD6,0xBDD6,0xB595,0xB595,0xB595,0xB595,0xBDD6,0xBDD6,
    0xBDD6,0xB595,0xB595,0xB575,0xAD34,0xB575,0xB575,0xAD74,0xB595,0xB575,0xB575,0xAD54,
    0xAD54,0xB595,0xC638,0xCE58,0xBDD6,0xAD74,0xAD54,0xA513,0xA513,0xA533,0xAD54,0xAD74,
    0xA533,0xA533,0xAD54,0xA513,0xAD34,0xAD54,0xAD54,0xAD34,0xA513,0xA4F3,0xA4F2,0xA533,
    0xAD74,0xAD54,0xA513,0xA513,0xAD54,0xAD54,0xB575,0xBDB6,0xBDB6,0xBDD6,0xC5F7,0xB5B6,
    0xAD74,0xB595,0xB595,0xAD34,0xA513,0xA533,0xAD54,0xAD54,0xAD33,0xAD54,0xAD54,0xB595,
    0xB5B5,0xB595,0xB5B5,0xB595,0xBDF7,0xBDD6,0xAD74,0xAD74,0xAD54,0xAD54,0xAD54,0xAD54,
    0xAD54,0xB595,0xC617,0xDEDA,0xCE58,0xB5B5,0xB595,0xB575,0xAD74,0xAD75,0xAD74,0xB595,
    0xB5B5,0xB5B5,0xBDD6,0xC637,0xCE99,0xDEDA,0xDF1B,0xEF5C,0xD6BA,0xC638,0xBDF6,0xB595,
    0xB574,0xAD54,0xAD54,0xAD54,0xAD54,0xAD74,0xB575,0xB575,0xB575,0xB595,0xAD54,0xAD54,
    0xB595,0xAD74,0xB5B5,0xAD74,0xAD54,0xB595,0xAD54,0xAD54,0xAD74,0xAD54,0xA533,0xA513,
    0xA513,0xA513,0x9CD2,0x9CD2,0x9CD2,0xA4F2,0xA513,0xAD54,0xB5B5,0xB595,0xBDF6,0xB575,
    0xAD54,0xAD54,0xAD54,0xB575,0xBDD6,0xBDB6,0xAD74,0xA533,0xA513,0xA513,0xA4F2,0xA512,
    0xA513,0x9CB1,0x94B1,0x9491,0x9CB1,0x9CD2,0xA4F2,0xA4F2,0xA4D2,0x9CB1,0xA513,0xA513,
    0xAD54,0xAD54,0xAD54,0xA4F2,0x9CD2,0x9CB1,0x9CB1,0x9CD2,0xA4F2,0xA513,0xAD54,0xA4F2,
    0xA4F2,0xA533,0xA513,0xA513,0xA4F2,0xA513,0xA513,0xA4F3,0xA513,0xA533,0x9CF2,0x9CD2,
    0x9CD2,0x9CD2,0x9CD2,0x9CB1,0x94B1,0xA4F2,0xAD54,0xAD74,0xAD54,0xB574,0xAD54,0xAD33,
    0xAD34,0xA513,0xA513,0x9CD2,0x9CD2,0x9CB2,0x9CD2,0x9CF2,0x9CD2,0x9CD2,0x9CD2,0xA513,
    0xAD34,0xA513,0xA512,0xA4D2,0x9CD2,0xA4F2,0xA4F2,0xA4F2,0xAD33,0xAD54,0xAD54,0xAD54,
    0xAD34,0xA513,0xA533,0xA533,0xAD34,0xAD33,0xA533,0xA4F2,0x9CD2,0xA4F2,0x9CD2,0x9491,
    0x9491,0x9CD2,0x9CD2,0x9CF2,0xA533,0xA533,0xAD33,0xA513,0xA4F3,0xA4F2,0xA513,0xA513,
    0xAD54,0xAD33,0xA533,0xA533,0xA533,0xAD54,0xAD54,0xAD54,0xAD34,0xAD54,0xB595,0xAD74,
    0xAD54,0xAD54,0xA513,0xA513,0xA513,0xA533,0xA533,0xA533,0xA533,0xAD54,0xAD74,0xAD54,
    0xB595,0xB595,0xB575,0xB575,0xB595,0xAD74,0xAD74,0xAD54,0xAD54,0xAD54,0xAD54,0xAD74,
    0xAD54,0xB575,0xB595,0xB595,0xAD54,0xB574,0xAD54,0xAD54,0xB574,0xB595,0xB595,0xB595,
    0xBDD6,0xBDB5,0xAD74,0xAD74,0xB595,0xAD74,0xAD74,0xAD74,0xAD54,0xAD54,0xAD54,0xAD74,
    0xB595,0xB575,0xAD74,0xB595,0xB595,0xBDB5,0xBDB5,0xB5B5,0xBDB5,0xB595,0xB595,0xB595,
    0xB595,0xB5B5,0xB595,0xB595,0xB595,0xB595,0xB595,0xB5B5,0xC5F7,0xC617,0xBDB5,0xB595,
    0xB595,0xB595,0xB5B5,0xBDB6,0xB5B5,0xBDF6,0xBDD6,0xBDB6,0xBDD6,0xBDF6,0xBDF6,0xBDD6,
    0xBDF6,0xBDD6,0xC617,0xBDD6,0xBDD6,0xBDD6,0xBDD6,0xBDD6,0xBDD6,0xBDD6,0xBDF6,0xBDF7,
    0xBDD6,0xBDB6,0xBDD6,0xC617,0xBDF6,0xBDD6,0xBDD6,0xBDD6,0xBDD6,0xB595,0xB595,0xBDD6,
    0xB5B5,0xBDD6,0xBDD6,0xBDB6,0xB595,0xB595,0xB5B5,0xB5B5,0xAD75,0xAD54,0xB575,0xB595,
    0xAD74,0xB575,0xB595,0xB595,0xB595,0xB595,0xB595,0xB595,0xB595,0xB595,0xBDD6,0xBDD6,
    0xBDF6,0xBDD6,0xBDD6,0xBDD6,0xB5B5,0xB5B5,0xBDD6,0xBDF7,0xC638,0xC638,0xC617,0xC638,
    0xC638,0xCE58,0xC637,0xCE58,0xCE78,0xC637,0xC637,0xCE78,0xCE58,0xC637,0xBDF6,0xC617,
    0xC617,0xC637,0xC637,0xBDF6,0xBDD6,0xBDD6,0xBDF7,0xC617,0xBDF6,0xB595,0xB595,0xBDB6,
    0xC5F7,0xBDD6,0xB595,0xBDD6,0xBDD6,0xBDF7,0xC617,0xBDD6,0xBDD6,0xBDD6,0xBDD6,0xBDD6,
    0xB5B5,0xB595,0xBDD6,0xB5B5,0xB595,0xBDD6,0xC617,0xC638,0xC638,0xC637,0xBDF6,0xBDD6,
    0xBDB6,0xB595,0xB5B5,0xBDD6,0xBDD6,0xBDD6,0xB5B5,0xB595,0xB595,0xB595,0xB595,0xB5B5,
    0xB595,0xBDB6,0xBDF6,0xBDB5,0xB5B5,0xBDD6,0xBDD6,0xB595,0xB595,0xB5B5,0xB5B5,0xBDD6,
    0xB5B5,0xBDD6,0xC5F7,0xBDD6,0xBDD6,0xBDB6,0xB595,0xBDD6,0xC5F7,0xC617,0xBDD6,0xBDD6,
    0xBDD6,0xB5B5,0xBDD6,0xBDD6,0xBDF7,0xBDF7,0xBDF6,0xBDF6,0xBDF7,0xC5F7,0xC617,0xC5F7,
    0xBDD6,0xBDD6,0xBDD6,0xBDF6,0xC617,0xC617,0xC617,0xC617,0xC617,0xBDF6,0xBDF6,0xBDF7,
    0xBDF6,0xBDD6,0xB5B5,0xB595,0xB595,0xBDD6,0xBDD6,0xBDD6,0xBDD6,0xBDD6,0xBDD6,0xC617,
    0xBDF6,0xC5F7,0xAD74,0xAD34,0xB575,0xAD74,0xAD74,0xAD75,0xAD54,0xAD54,0xB575,0xB595,
    0xB575,0xB575,0xB575,0xAD74,0xAD54,0xB595,0xAD74,0xAD54,0xB595,0xAD74,0xAD74,0xAD74,
    0xAD54,0xAD54,0xA533,0xAD74,0xAD75,0xA533,0xA513,0xA513,0xA513,0xA513,0xA513,0xA513,
    0xAD54,0xAD74,0xAD54,0xAD54,0xAD74,0xB575,0xB595,0xB5B5,0xB595,0xB595,0xAD74,0xAD54,
    0xAD54,0xAD54,0xAD74,0xA513,0xA533,0xB5B5,0xBDD6,0xBDD6,0xB5B5,0xB595,0xAD74,0xAD74,
    0xB575,0xB5B5,0xBDB6,0xBDB5,0xB595,0xB575,0xAD74,0xAD54,0xAD54,0xB575,0xBDB6,0xC617,
    0xBDB6,0xB575,0xAD74,0xAD54,0xAD74,0xB575,0xAD74,0xB595,0xBDD6,0xBDD6,0xBDD6,0xBDD6,
    0xC617,0xC638,0xD699,0xD6BA,0xCE79,0xCE58,0xC617,0xB5B5,0xB595,0xB575,0xAD74,0xAD54,
    0xAD54,0xB574,0xAD74,0xB595,0xBDF6,0xBDD6,0xB5B5,0xBDB5,0xBDB6,0xBDB5,0xB595,0xB5B5,
    0xB595,0xB575,0xB595,0xAD75,0xB595,0xB575,0xAD74,0xAD54,0xAD54,0xAD54,0xA513,0xA513,
    0xAD33,0xAD34,0xAD34,0xB575,0xB595,0xB5B5,0xBDD6,0xC617,0xC617,0xCE38,0xC5F7,0xBDB5,
    0xB595,0xB595,0xB595,0xB575,0xAD75,0xAD33,0xA513,0xA533,0xAD54,0xA513,0x9CD2,0xA4F2,
    0xA4F2,0x9CD2,0x9CD2,0x9CB2,0xA4F2,0xA4F2,0xA4F2,0xA533,0xA513,0x9CF2,0x9CD2,0xA4F2,
    0xA4F2,0xA4D2,0x9CD2,0x9CD2,0xAD54,0xAD54,0xAD54,0xB575,0xB595,0xB595,0xAD74,0xAD54,
    0xAD54,0xAD33,0xAD54,0xAD54,0xAD33,0xAD54,0xB574,0xAD54,0xAD33,0xA4F3,0x9CD2,0x9CD2,
    0x9CD2,0xA513,0xAD54,0xAD33,0xA513,0xA513,0xA4F2,0xA4F2,0xA513,0xAD33,0xA513,0xA4F2,
    0xA4F2,0xA4F2,0xA4F2,0xA533,0xAD33,0xA533,0xAD34,0xAD54,0xA533,0xA4F2,0xA4F2,0xA513,
    0xAD34,0xAD34,0xA513,0xAD33,0xAD33,0xAD33,0xAD54,0xAD54,0xAD74,0xB575,0xAD34,0xA513,
    0xA533,0xA533,0xAD54,0xAD54,0xA533,0xAD34,0xA513,0x9CD2,0x9CD2,0x9CD2,0x9CD2,0x9CD2,
    0x9CD2,0xA4F3,0xA513,0xAD34,0xAD33,0xA533,0xA513,0xA513,0xAD54,0xAD34,0xAD54,0xAD74,
    0xAD54,0xA4F2,0xA533,0xB574,0xB574,0xAD54,0xAD74,0xAD74,0xAD74,0xAD74,0xAD54,0xAD54,
    0xAD33,0xAD54,0xAD33,0xAD54,0xAD74,0xB595,0xB595,0xB575,0xB574,0xAD74,0xB574,0xAD54,
    0xAD54,0xB575,0xB575,0xB595,0xB575,0xAD34,0xA513,0xAD34,0xAD34,0xAD54,0xAD54,0xAD54,
    0xAD74,0xAD74,0xAD54,0xAD54,0xAD54,0xAD54,0xAD74,0xB595,0xB595,0xB5B5,0xB595,0xB575,
    0xB595,0xB595,0xB595,0xBDB5,0xBDB5,0xB595,0xB595,0xBDB6,0xB574,0xAD74,0xB575,0xB595,
    0xB5B5,0xC5F7,0xBDD6,0xBDF6,0xBDD6,0xB5B5,0xB595,0xB5B5,0xB5B5,0xB5B5,0xB5B5,0xB5B5,
    0xBDD6,0xBDB5,0xBDD6,0xBDF7,0xCE58,0xCE58,0xC617,0xBDD6,0xBDD6,0xBDB6,0xBDD6,0xC5F7,
    0xC617,0xCE38,0xC617,0xBDF7,0xBDF6,0xC5F7,0xBDD6,0xC617,0xC638,0xC638,0xC637,0xBDD6,
    0xBDD6,0xBDD6,0xBDF7,0xBDF7,0xBDF7,0xC617,0xC617,0xC617,0xBDD6,0xBDD6,0xBDF6,0xBDD6,
    0xBDD6,0xBDD6,0xBDD6,0xBDD6,0xBDD6,0xB5B5,0xBDD6,0xBDD6,0xB5B5,0xBDD6,0xBDF6,0xBDD6,
    0xB5B5,0xB595,0xB5B5,0xB5B5,0xB595,0xB575,0xAD74,0xAD74,0xB575,0xB575,0xB595,0xB595,
    0xB595,0xBDB5,0xBDD6,0xBDB5,0xBDB5,0xBDF7,0xBDD6,0xBDD6,0xBDB6,0xBDB5,0xB5B5,0xBDD6,
    0xBDF6,0xBDD6,0xBDD6,0xBDF7,0xC637,0xC617,0xBDF7,0xBDF7,0xC617,0xC617,0xBDF6,0xC637,
    0xCE38,0xBDF6,0xBDD6,0xC617,0xC617,0xBDD6,0xB595,0xB595,0xBDB5,0xBDD6,0xC617,0xC5F7,
    0xBDD6,0xBDD6,0xBDD6,0xC5F7,0xBDD6,0xBDD6,0xBDD6,0xBDD6,0xC5F7,0xBDD6,0xB595,0xB595,
    0xBDD6,0xBDF7,0xBDF6,0xBDB5,0xB595,0xB595,0xB595,0xB575,0xB595,0xB595,0xB5B5,0xB595,
    0xB595,0xBDB5,0xBDF7,0xC637,0xC637,0xC638,0xC617,0xBDD6,0xBDB5,0xBDB6,0xB5B5,0xB595,
    0xBDB5,0xBDD6,0xBDD6,0xBDF7,0xBDB5,0xB575,0xB595,0xBDD6,0xBDB5,0xBDD6,0xBDF6,0xBDD6,
    0xB595,0xBDB5,0xBDB5,0xB595,0xB595,0xBDD6,0xBDD6,0xBDF7,0xBDF6,0xBDF6,0xBDD6,0xBDD6,
    0xBDD6,0xBDD6,0xBDD6,0xBDD6,0xBDD6,0xBDD6,0xBDD6,0xBDD6,0xBDB5,0xB595,0xB595,0xBDB6,
    0xBDD6,0xBDD6,0xBDD6,0xBDD6,0xBDB5,0xBDB5,0xBDD6,0xBDD6,0xBDB5,0xBDD6,0xBDD6,0xBDD6,
    0xC5F7,0xC5F7,0xC5F7,0xC638,0xC637,0xC617,0xC617,0xC5F7,0xC5F7,0xBDF6,0xBDD6,0xBDD6,
    0xBDD6,0xBDD6,0xBDB5,0xB595,0xB595,0xB595,0xB575,0xB595,0xBDF6,0xC5F7,0xB5B5,0xB595,
    0xAD74,0xAD74,0xB575,0xAD54,0xAD54,0xAD74,0xB575,0xAD54,0xAD33,0xAD54,0xAD54,0xAD54,
    0xAD54,0xAD74,0xAD74,0xAD54,0xAD54,0xAD54,0xAD74,0xB575,0xB595,0xA533,0xAD33,0xAD34,
    0xAD34,0xAD33,0xAD54,0xAD54,0xAD33,0xA533,0xA533,0xA513,0xA533,0xAD33,0xAD34,0xAD54,
    0xAD34,0xAD54,0xAD54,0xAD74,0xB575,0xAD74,0xAD54,0xAD33,0xAD34,0xAD33,0xAD54,0xAD54,
    0xAD74,0xAD74,0xB595,0xB595,0xB575,0xAD54,0xAD54,0xAD54,0xAD74,0xAD74,0xAD54,0xAD74,
    0xAD54,0xAD54,0xAD34,0xAD34,0xAD54,0xAD74,0xAD54,0xAD33,0xAD34,0xAD54,0xAD54,0xAD54,
    0xB575,0xB595,0xB595,0xB595,0xB595,0xB595,0xBDD6,0xBDF6,0xBDF7,0xC617,0xC617,0xC617,
    0xBDF6,0xBDD6,0xB595,0xB595,0xB575,0xAD54,0xA513,0xAD33,0xAD34,0xB575,0xB574,0xB5B5,
    0xBDD6,0xB595,0xB574,0xBDD6,0xBDF6,0xC617,0xC637,0xB595,0xBDD6,0xB595,0xB595,0xB595,
    0xAD74,0xAD74,0xAD54,0xB575,0xAD74,0xAD34,0xAD33,0xA513,0xA513,0xAD74,0xB5B5,0xB595,
    0xB574,0xAD74,0xAD74,0xB575,0xBDD6,0xBDF6,0xBDD6,0xB595,0xAD74,0xB595,0xBDD6,0xB595,
    0xB595,0xB575,0xAD54,0xAD54,0xAD74,0xB595,0xAD54,0xAD54,0xAD33,0xA513,0xA533,0xAD54,
    0xA513,0xA513,0xA513,0xAD34,0xA533,0xAD33,0xA513,0xA4F2,0xA4F2,0xA4F2,0xA4F2,0xA4F2,
    0xAD54,0xB575,0xBDD6,0xBDD6,0xB595,0xB574,0xAD54,0xA513,0xA513,0xA533,0xA513,0xA513,
    0xA513,0xAD33,0xAD33,0xAD54,0xAD54,0xB575,0xAD54,0xA513,0xA513,0xA533,0xAD34,0xA513,
    0xAD33,0xA513,0xA4F3,0xA513,0xA513,0xA4F2,0xA4F2,0xA4F2,0xA4F2,0xA513,0xA533,0xAD33,
    0xAD33,0xAD33,0xAD34,0xAD33,0xAD34,0xAD34,0xAD33,0xA513,0xA513,0xAD33,0xA513,0xA533,
    0xA513,0xA513,0xAD54,0xAD33,0xAD54,0xAD74,0xAD74,0xAD74,0xAD74,0xAD54,0xAD54,0xAD34,
    0xAD34,0xAD54,0xAD54,0xAD54,0xA533,0xA513,0xA4F2,0xA4F2,0xA4F3,0xA513,0xA513,0xA513,
    0xA513,0xA533,0xAD54,0xAD34,0xA533,0xAD54,0xAD54,0xAD54,0xAD34,0xAD54,0xAD54,0xAD34,
    0xAD54,0xAD54,0xAD54,0xAD74,0xAD54,0xAD54,0xAD54,0xAD54,0xAD74,0xAD54,0xAD54,0xAD54,
    0xB595,0xBDB5,0xB595,0xB595,0xB575,0xB575,0xAD74,0xAD74,0xAD54,0xB5B5,0xB595,0xB595,
    0xB574,0xAD54,0xAD54,0xAD54,0xB575,0xB595,0xB575,0xB595,0xAD74,0xAD74,0xB574,0xAD54,
    0xAD54,0xAD74,0xAD54,0xB574,0xB575,0xB595,0xB595,0xB574,0xB574,0xB575,0xB595,0xBDB5,
    0xBDD6,0xB595,0xB595,0xB595,0xBDD6,0xBDD6,0xB595,0xB595,0xBDB5,0xBDF6,0xBDB6,0xBDD6,
    0xBDF6,0xBDD6,0xBDD6,0xBDB5,0xB5B5,0xB595,0xB595,0xB595,0xB595,0xB595,0xB595,0xB595,
    0xB595,0xB5B5,0xBDD6,0xBDD6,0xBDD6,0xBDD6,0xC638,0xCE79,0xCE79,0xC638,0xC617,0xBDD6,
    0xBDD6,0xC617,0xC617,0xC637,0xC638,0xC637,0xC617,0xC637,0xC637,0xC638,0xC617,0xC617,
    0xC617,0xC617,0xBDD6,0xBDF6,0xBDF7,0xBDD6,0xBDD6,0xB5B5,0xB595,0xBDB5,0xBDD6,0xBDB6,
    0xBDF6,0xBDF6,0xBDD6,0xBDB6,0xB5B5,0xB595,0xB595,0xB595,0xB5B5,0xBDB6,0xBDB5,0xB595,
    0xB595,0xB575,0xB595,0xB595,0xB595,0xBDB6,0xBDD6,0xBDB5,0xBDD6,0xBDF6,0xBDF6,0xBDB6,
    0xB5B5,0xBDD6,0xBDD6,0xBDB5,0xB5B5,0xB595,0xB595,0xBDB5,0xB595,0xBDD6,0xBDD6,0xBDD6,
    0xBDF6,0xBDD6,0xBDF7,0xC617,0xBDF7,0xBDD6,0xBDD6,0xBDF6,0xC637,0xC617,0xBDF7,0xC617,
    0xC5F7,0xBDF6,0xBDD6,0xBDD6,0xB5B5,0xBDB5,0xBDD6,0xBDB5,0xBDD6,0xBDD6,0xBDB5,0xBDD6,
    0xBDD6,0xBDB5,0xBDB5,0xBDB5,0xB5B5,0xBDD6,0xBDF6,0xC617,0xBDD6,0xB5B5,0xB5B5,0xB5B5,
    0xB595,0xB595,0xB595,0xB5B5,0xBDB5,0xBDD6,0xBDD6,0xB595,0xBDB5,0xBDD6,0xBDD6,0xC617,
    0xC617,0xC5F7,0xBDD6,0xBDD6,0xB5B5,0xB5B5,0xB5B5,0xB5B5,0xB595,0xBDD6,0xBDD6,0xBDD6,
    0xC617,0xC5F7,0xBDD6,0xBDD6,0xBDD6,0xB595,0xBDD6,0xBDD6,0xB595,0xB5B5,0xB5B5,0xB5B5,
    0xBDD6,0xBDB5,0xBDB5,0xBDD6,0xBDD6,0xBDD6,0xBDD6,0xBDB5,0xBDD6,0xBDD6,0xBDB5,0xB5B5,
    0xBDB5,0xBDD6,0xBDB5,0xBDB6,0xBDD6,0xBDB5,0xB5B5,0xB595,0xB595,0xB595,0xB5B5,0xBDB5,
    0xB595,0xBDD6,0xBDF6,0xBDD6,0xC5F7,0xBDD6,0xBDD6,0xC617,0xC617,0xC617,0xC617,0xC617,
    0xC617,0xBDF7,0xBDD6,0xB5B5,0xB595,0xB595,0xB575,0xB575,0xB595,0xB5B5,0xB5B5,0xB5B5,
    0xB595,0xB595,0xAD74,0xAD54,0xAD54,0xB595,0xB595,0xB595,0xB575,0xAD74,0xAD54,0xAD54,
    0xAD34,0xAD54,0xB574,0xAD54,0xA533,0xA533,0xAD34,0xAD74,0xB575,0xB575,0xB575,0xAD54,
    0xAD34,0xAD34,0xAD54,0xAD54,0xAD54,0xA533,0xA513,0xAD34,0xAD74,0xAD74,0xB595,0xAD74,
    0xB575,0xAD54,0xB574,0xB595,0xAD54,0xAD34,0xAD54,0xAD54,0xAD54,0xAD54,0xAD34,0xAD33,
    0xA513,0xA513,0xA513,0xA533,0xA513,0xAD33,0xAD54,0xAD34,0xA533,0xA533,0xAD34,0xAD54,
    0xAD54,0xAD74,0xB575,0xAD54,0xAD54,0xAD74,0xB574,0xAD54,0xB574,0xB595,0xB595,0xB575,
    0xB595,0xB5B5,0xB574,0xB574,0xAD74,0xAD54,0xAD74,0xB575,0xB595,0xAD74,0xAD74,0xAD74,
    0xAD74,0xAD74,0xB575,0xB575,0xAD54,0xB575,0xBDB5,0xB595,0xB5B5,0xBDD6,0xC5F7,0xB5B5,
    0xAD54,0xAD34,0xAD54,0xAD54,0xAD33,0xAD54,0xAD54,0xAD54,0xAD54,0xAD74,0xB575,0xBDD6,
    0xBDF6,0xBDF6,0xBDF6,0xBDD6,0xBDD6,0xBDB5,0xB595,0xB595,0xAD74,0xB574,0xB575,0xBDB5,
    0xB574,0xAD54,0xAD54,0xAD54,0xAD54,0xAD74,0xAD74,0xAD54,0xAD54,0xAD54,0xAD54,0xAD74,
    0xB574,0xAD54,0xAD74,0xB595,0xB595,0xB595,0xBDD6,0xBDD6,0xBDD6,0xB595,0xB595,0xBDD6,
    0xBDB5,0xBDB5,0xB595,0xB575,0xAD54,0xAD34,0xA533,0xAD33,0xAD33,0xA533,0xAD33,0xAD34,
    0xAD54,0xAD33,0xA513,0xA513,0xA513,0xA513,0xAD54,0xAD34,0xAD54,0xB575,0xAD74,0xB575,
    0xB575,0xAD54,0xA513,0xA4F2,0x9CD2,0x9CD2,0x9CD2,0x9CD2,0xA4F2,0xAD34,0xAD54,0xAD34,
    0xAD54,0xAD54,0xBDB6,0xAD74,0xAD34,0xAD54,0xAD54,0xAD34,0xAD33,0xAD34,0xAD33,0xAD33,
    0xAD33,0xA513,0xA513,0xA513,0xA4F3,0xA4F3,0xA513,0xA513,0xA513,0xA513,0xAD33,0xAD34,
    0xAD54,0xAD54,0xAD54,0xAD54,0xAD54,0xAD54,0xAD33,0xAD33,0xAD34,0xAD33,0xAD33,0xAD33,
    0xAD34,0xAD34,0xAD54,0xAD74,0xAD74,0xB574,0xAD74,0xAD34,0xAD54,0xAD54,0xAD54,0xAD54,
    0xAD54,0xAD54,0xAD74,0xAD54,0xAD54,0xAD54,0xAD54,0xAD54,0xAD54,0xAD54,0xAD34,0xAD33,
    0xAD33,0xAD34,0xAD33,0xAD54,0xAD54,0xAD54,0xAD54,0xAD54,0xAD54,0xAD54,0xAD54,0xA533,
    0xAD54,0xAD54,0xAD54,0xAD54,0xAD54,0xAD54,0xAD54,0xAD54,0xB574,0xB595,0xAD54,0xAD54,
    0xAD54,0xAD54,0xAD54,0xAD33,0xAD33,0xAD54,0xB575,0xAD74,0xAD54,0xAD54,0xAD54,0xAD74,
    0xB575,0xB575,0xB595,0xB595,0xB595,0xB595,0xBDB5,0xB595,0xB575,0xAD74,0xB574,0xB575,
    0xB595,0xB595,0xB595,0xB595,0xB575,0xB595,0xB595,0xB574,0xB595,0xB595,0xB595,0xB5B5,
    0xBDB6,0xB595,0xB575,0xB595,0xB595,0xB575,0xB595,0xB595,0xB595,0xB595,0xB595,0xB595,
    0xB575,0xB595,0xB595,0xB595,0xB595,0xB595,0xB595,0xB575,0xB595,0xB595,0xB595,0xB595,
    0xB5B5,0xBDD6,0xC617,0xC617,0xC617,0xBDD6,0xBDD6,0xBDD6,0xC5F7,0xCE38,0xCE38,0xC638,
    0xC637,0xC637,0xCE58,0xCE38,0xC638,0xC617,0xC617,0xC617,0xC617,0xBDF7,0xBDD6,0xBDF6,
    0xBDD6,0xBDD6,0xBDD6,0xBDB5,0xB595,0xB595,0xBDB5,0xBDB5,0xB5B5,0xBDB5,0xBDD6,0xBDF6,
    0xBDD6,0xB595,0xB595,0xBDB5,0xB595,0xB595,0xB595,0xAD74,0xAD74,0xB574,0xB575,0xB575,
    0xB595,0xB5B5,0xB595,0xB595,0xBDD6,0xB5B5,0xB595,0xB595,0xB595,0xB595,0xB595,0xB595,
    0xB595,0xB595,0xB595,0xB5B5,0xBDB5,0xBDD6,0xBDD6,0xBDD6,0xBDF6,0xC5F7,0xC5F7,0xC5F7,
    0xBDD6,0xBDD6,0xBDD6,0xBDD6,0xC617,0xC617,0xC5F7,0xBDF6,0xBDF6,0xC5F7,0xBDF6,0xBDD6,
    0xC5F7,0xBDF6,0xBDD6,0xBDF6,0xBDF6,0xBDD6,0xBDF6,0xBDF6,0xC5F7,0xBDF6,0xBDD6,0xBDB5,
    0xB595,0xB595,0xB595,0xB5B5,0xBDD6,0xBDD6,0xBDD6,0xB5B5,0xBDB5,0xB595,0xB595,0xB595,
    0xB595,0xBDB5,0xBDD6,0xBDB5,0xBDD6,0xBDB5,0xB595,0xBDD6,0xC617,0xC617,0xC5F7,0xBDD6,
    0xBDD6,0xBDD6,0xB595,0xB595,0xB595,0xB5B5,0xBDB5,0xBDB5,0xBDD6,0xC617,0xBDD6,0xC5F6,
    0xC5F7,0xBDB5,0xBDD6,0xBDB5,0xBDB5,0xBDB5,0xB5B5,0xB595,0xB5B5,0xB5B5,0xBDB5,0xBDB5,
    0xBDB5,0xBDB6,0xBDD6,0xBDD6,0xBDD6,0xB595,0xB5B5,0xBDD6,0xBDB5,0xBDD6,0xB595,0xB595,
    0xB595,0xB595,0xB595,0xB5B5,0xB595,0xBDB5,0xB595,0xB595,0xBDB5,0xBDD6,0xBDD6,0xBDD6,
    0xC5F6,0xBDD6,0xC5F6,0xBDF6,0xBDD6,0xBDF6,0xBDF6,0xC617,0xC617,0xBDD6,0xB595,0xB595,
    0xB595,0xB595,0xAD74,0xAD54,0xAD54,0xAD54,0xB595,0xB575,0xB595,0xB575,0xB575,0xB595,
    0xAD74,0xAD74,0xB575,0xB574,0xB575,0xB595,0xBDB5,0xBDD6,0xB595,0xB575,0xB575,0xB575,
    0xAD54,0xAD54,0xAD54,0xAD54,0xAD74,0xB574,0xB575,0xB595,0xB595,0xB574,0xAD54,0xAD54,
    0xAD54,0xAD34,0xAD34,0xAD54,0xAD54,0xAD74,0xAD74,0xAD34,0xAD34,0xAD34,0xAD34,0xB575,
    0xAD74,0xAD54,0xAD34,0xA533,0xAD33,0xAD33,0xA513,0xA513,0xA513,0xA513,0xA513,0xA513,
    0xA513,0xAD33,0xAD33,0xA533,0xA533,0xAD54,0xAD54,0xAD34,0xAD33,0xAD34,0xAD54,0xAD54,
    0xAD74,0xB595,0xB574,0xAD54,0xAD54,0xAD54,0xAD54,0xAD74,0xAD74,0xAD74,0xB574,0xAD54,
    0xAD54,0xAD54,0xAD54,0xB595,0xBDB5,0xB574,0xAD74,0xAD54,0xAD54,0xAD54,0xAD54,0xAD54,
    0xAD54,0xB595,0xB595,0xB595,0xB575,0xB595,0xBDB5,0xBDB5,0xB595,0xB575,0xB595,0xB575,
    0xAD54,0xAD74,0xAD74,0xAD74,0xB574,0xB575,0xB595,0xB5B5,0xB595,0xB595,0xB595,0xBDB5,
    0xB595,0xB574,0xAD74,0xAD74,0xAD74,0xB574,0xB574,0xAD74,0xAD54,0xAD33,0xAD33,0xAD54,
    0xAD54,0xAD54,0xAD34,0xAD54,0xAD54,0xAD34,0xAD54,0xAD54,0xAD54,0xAD54,0xB574,0xBDB5,
    0xBDD6,0xB595,0xBDD6,0xBDD6,0xBDD6,0xBDB5,0xBDB5,0xB5B5,0xB595,0xB574,0xB575,0xAD54,
    0xAD33,0xA533,0xAD33,0xAD34,0xAD34,0xA533,0xAD33,0xAD34,0xAD54,0xAD33,0xA513,0xA513,
    0xA513,0xA513,0xA533,0xAD33,0xAD54,0xAD54,0xAD33,0xAD54,0xAD54,0xAD34,0xAD34,0xAD54,
    0xAD34,0xA533,0xAD33,0xA513,0xA513,0xA513,0xA533,0xAD34,0xAD54,0xAD74,0xAD74,0xA533,
    0xAD54,0xAD54,0xAD34,0xA533,0xA513,0xA533,0xA513,0xA513,0xA513,0xA513,0xA513,0xA513,
    0xA513,0xA4F2,0xA513,0xAD33,0xAD33,0xA513,0xAD33,0xAD54,0xAD33,0xA533,0xAD34,0xAD54,
    0xAD54,0xAD54,0xAD34,0xAD34,0xAD54,0xAD34,0xAD33,0xAD34,0xAD33,0xAD34,0xAD54,0xAD54,
    0xAD54,0xAD54,0xAD34,0xAD34,0xAD34,0xAD33,0xAD33,0xAD34,0xAD54,0xB575,0xB595,0xB595,
    0xB595,0xAD74,0xAD74,0xAD74,0xB574,0xAD54,0xAD54,0xAD34,0xAD33,0xAD33,0xAD34,0xAD34,
    0xAD33,0xAD33,0xAD33,0xAD54,0xAD54,0xAD74,0xAD54,0xAD34,0xAD54,0xAD54,0xAD54,0xAD34,
    0xAD54,0xAD54,0xB574,0xAD54,0xAD74,0xAD74,0xAD54,0xAD74,0xAD54,0xAD54,0xAD54,0xAD54,
    0xAD54,0xB574,0xAD54,0xAD54,0xAD54,0xAD34,0xAD54,0xAD74,0xAD74,0xAD74,0xAD74,0xB575,
    0xB5B5,0xBDD6,0xBDD6,0xB575,0xAD54,0xAD74,0xB595,0xB595,0xB595,0xB595,0xB595,0xB595,
    0xB575,0xB575,0xB574,0xB574,0xB595,0xB595,0xB595,0xB595,0xB595,0xB595,0xB574,0xB574,
    0xB575,0xB574,0xB575,0xB575,0xB575,0xB575,0xB574,0xB574,0xB575,0xB574,0xB575,0xB575,
    0xB595,0xB595,0xB595,0xB595,0xB595,0xB595,0xB595,0xB595,0xB595,0xB595,0xB595,0xB5B5,
    0xBDB5,0xB595,0xB595,0xBDD6,0xBDF6,0xC5F7,0xC5F7,0xC617,0xC637,0xC637,0xC637,0xC637,
    0xC637,0xC617,0xC617,0xC5F7,0xC617,0xBDD6,0xBDD6,0xBDD6,0xBDB6,0xBDB5,0xBDD6,0xBDD6,
    0xBDB5,0xB595,0xB595,0xB574,0xAD74,0xAD74,0xAD74,0xB575,0xB575,0xB575,0xB575,0xB595,
    0xBDB5,0xB5B5,0xB595,0xB5B5,0xBDB5,0xBDB5,0xB595,0xB575,0xB575,0xB595,0xB595,0xB595,
    0xB595,0xB595,0xB595,0xB574,0xB575,0xB595,0xB595,0xB595,0xB595,0xB595,0xB595,0xB595,
    0xB575,0xB595,0xBDB6,0xBDD6,0xBDD6,0xBDD6,0xBDD6,0xBDD6,0xBDD6,0xB595,0xB5B5,0xBDD6,
    0xBDD6,0xB5B5,0xBDB5,0xBDD6,0xBDD6,0xC5F7,0xC617,0xBDD6,0xBDD6,0xBDD6,0xBDD6,0xBDD6,
    0xBDD6,0xBDB5,0xBDD6,0xBDB5,0xBDD6,0xBDD6,0xBDD6,0xB595,0xB595,0xB595,0xB595,0xB595,
    0xB5B5,0xBDB5,0xBDB5,0xB595,0xB595,0xB595,0xB595,0xB595,0xB595,0xB595,0xBDB5,0xB595,
    0xB5B5,0xBDB5,0xBDB5,0xBDD6,0xBDD6,0xBDD6,0xBDD6,0xBDD6,0xBDB5,0xB595,0xB595,0xB575,
    0xB595,0xBDB5,0xBDB5,0xBDB5,0xBDB5,0xBDB5,0xBDB5,0xB595,0xB5B5,0xBDB5,0xBDB5,0xB5B5,
    0xBDB5,0xB5B5,0xB595,0xB595,0xB595,0xBDB5,0xBDB5,0xB595,0xB595,0xBDB5,0xB595,0xB595,
    0xBDB5,0xBDD6,0xB5B5,0xB595,0xB595,0xB595,0xB595,0xB574,0xB575,0xB575,0xB574,0xB574,
    0xB575,0xB595,0xB595,0xB595,0xBDB6,0xB595,0xB595,0xBDB5,0xBDB5,0xB595,0xBDB5,0xBDB5,
    0xBDB5,0xBDB5,0xBDB6,0xBDD6,0xBDB6,0xB595,0xB575,0xB595,0xB595,0xB595,0xB574,0xB575,
    0xB575,0xAD54,0xAD54,0xAD54,0xAD54,0xAD54,0xAD54,0xAD74,0xAD54,0xAD54,0xB575,0xB595,
    0xBDB5,0xB595,0xB5B5,0xBDB5,0xB595,0xAD74,0xAD54,0xAD54,0xAD54,0xAD54,0xB574,0xB574,
    0xB595,0xB595,0xAD74,0xAD54,0xAD54,0xAD54,0xAD74,0xAD54,0xAD33,0xAD54,0xAD54,0xAD33,
    0xA533,0xAD33,0xAD54,0xAD34,0xA513,0xA513,0xA533,0xAD33,0xAD54,0xAD54,0xAD74,0xAD54,
    0xAD54,0xAD34,0xAD33,0xA513,0xA513,0xA513,0xA513,0xA513,0xA513,0xA513,0xA533,0xAD33,
    0xAD54,0xB575,0xAD54,0xAD33,0xAD34,0xAD33,0xA533,0xAD34,0xAD54,0xAD54,0xAD54,0xAD54,
    0xAD74,0xAD54,0xAD54,0xAD34,0xAD54,0xAD34,0xAD34,0xAD33,0xAD33,0xAD34,0xAD54,0xAD54,
    0xAD74,0xAD54,0xAD54,0xB575,0xB574,0xAD54,0xAD74,0xB575,0xAD74,0xB595,0xBDB5,0xB595,
    0xBDB5,0xBDB5,0xB595,0xB595,0xB595,0xB595,0xB595,0xB595,0xB595,0xB595,0xB595,0xB595,
    0xB595,0xB595,0xB595,0xB595,0xBDB5,0xB595,0xB595,0xB595,0xB595,0xB575,0xAD74,0xAD54,
    0xAD54,0xAD54,0xAD54,0xAD54,0xAD54,0xAD34,0xAD54,0xAD54,0xAD54,0xAD34,0xAD34,0xAD54,
    0xAD54,0xB574,0xAD74,0xB575,0xB595,0xB575,0xB595,0xB595,0xBDB5,0xB5B5,0xB5B5,0xB595,
    0xB595,0xB595,0xB595,0xB575,0xB595,0xAD74,0xAD74,0xB574,0xAD74,0xB574,0xAD54,0xAD54,
    0xAD34,0xAD34,0xAD33,0xAD34,0xAD54,0xAD54,0xAD34,0xA513,0xAD33,0xAD34,0xAD33,0xAD33,
    0xAD33,0xAD33,0xAD34,0xAD33,0xA513,0xA533,0xA533,0xAD34,0xAD34,0xAD54,0xAD54,0xAD54,
    0xAD33,0xA533,0xAD33,0xAD54,0xAD74,0xB574,0xAD34,0xAD33,0xAD54,0xAD54,0xAD54,0xAD54,
    0xAD34,0xAD34,0xA513,0xA4F2,0xA513,0xA4F2,0xA512,0xA513,0xA513,0xA513,0xAD33,0xAD54,
    0xAD34,0xAD33,0xAD34,0xAD54,0xAD54,0xAD33,0xAD33,0xAD34,0xAD34,0xAD54,0xAD54,0xAD34,
    0xAD34,0xAD34,0xAD34,0xAD54,0xAD54,0xAD54,0xAD54,0xB574,0xAD54,0xAD54,0xAD54,0xAD54,
    0xAD54,0xAD34,0xAD54,0xAD74,0xAD74,0xAD74,0xAD74,0xAD54,0xAD74,0xAD74,0xB595,0xB5B5,
    0xAD74,0xAD74,0xB575,0xB574,0xAD54,0xAD54,0xAD54,0xAD34,0xAD33,0xAD34,0xAD34,0xAD54,
    0xAD54,0xAD54,0xAD54,0xAD54,0xAD34,0xAD34,0xAD34,0xAD54,0xAD54,0xAD74,0xB595,0xB595,
    0xB574,0xAD54,0xAD54,0xAD74,0xAD74,0xAD54,0xAD74,0xAD74,0xAD54,0xAD54,0xAD54,0xAD54,
    0xAD74,0xAD54,0xAD54,0xAD54,0xAD54,0xAD54,0xAD54,0xAD54,0xAD74,0xAD74,0xB574,0xB575,
    0xB574,0xB575,0xB595,0xB595,0xB595,0xB595,0xB595,0xB575,0xB595,0xBDB5,0xBDB6,0xB595,
    0xB595,0xB595,0xB575,0xB575,0xB575,0xAD74,0xB574,0xB574,0xB595,0xB595,0xB575,0xB575,
    0xB575,0xB575,0xB595,0xB595,0xB575,0xB575,0xB574,0xB575,0xB595,0xB595,0xB595,0xB595,
    0xB595,0xB595,0xB595,0xB595,0xB595,0xB595,0xB595,0xBDB5,0xBDB5,0xB595,0xB595,0xBDD6,
    0xBDD6,0xC617,0xC617,0xC5F7,0xC617,0xC617,0xC617,0xC617,0xC617,0xC5F6,0xBDF6,0xBDD6,
    0xBDD6,0xBDD6,0xBDD6,0xBDB5,0xB595,0xB595,0xBDD6,0xBDD6,0xBDD6,0xBDD6,0xBDB5,0xB5B5,
    0xB5B5,0xB575,0xB574,0xB595,0xB595,0xB595,0xB595,0xB5B5,0xBDB5,0xB595,0xB5B5,0xBDB5,
    0xBDD6,0xB595,0xB575,0xB595,0xB595,0xB595,0xB595,0xB595,0xB595,0xB595,0xB575,0xB575,
    0xB575,0xB575,0xB595,0xB595,0xB5B5,0xBDB5,0xB5B5,0xB595,0xB574,0xB575,0xB595,0xB595,
    0xB595,0xB5B5,0xBDD6,0xBDD6,0xBDD6,0xBDB5,0xBDB5,0xB5B5,0xB595,0xB595,0xBDB6,0xBDD6,
    0xBDD6,0xBDF6,0xBDD6,0xBDD6,0xBDD6,0xBDD6,0xC5F7,0xC5F7,0xC5F6,0xC5F7,0xBDD6,0xBDB6,
    0xBDD6,0xBDD6,0xBDB6,0xBDD6,0xB595,0xB595,0xB595,0xB595,0xBDB5,0xBDD6,0xBDB5,0xB5B5,
    0xB5B5,0xBDB5,0xBDB5,0xBDB5,0xBDB5,0xB5B5,0xB595,0xB5B5,0xB5B5,0xBDB6,0xBDD6,0xBDD6,
    0xBDB5,0xBDD6,0xBDB5,0xB5B5,0xB595,0xB595,0xB5B5,0xB595,0xB595,0xB595,0xB595,0xBDB5,
    0xB5B5,0xB595,0xBDB5,0xBDB6,0xBDB5,0xBDD6,0xBDB5,0xB5B5,0xB5B5,0xB595,0xB575,0xB595,
    0xBDB5,0xBDD6,0xBDD6,0xBDB5,0xBDB5,0xBDD6,0xBDB5,0xBDB5,0xBDD6,0xBDD6,0xBDD6,0xBDD6,
    0xBDB5,0xB595,0xB575,0xB595,0xB595,0xB595,0xB5B5,0xB595,0xB595,0xB595,0xB595,0xBDB5,
    0xB595,0xB595,0xBDB5,0xB595,0xB595,0xB595,0xB574,0xB575,0xB595,0xB575,0xB574,0xB574,
    0xB595,0xB595,0xB595,0xB575,0xB575,0xB595,0xB574,0xB575,0xB595,0xB574,0xB575,0xB575,
    0xB574,0xAD74,0xAD54,0xAD54,0xAD74,0xB574,0xAD74,0xB574,0xB595,0xB595,0xB595,0xB575,
    0xB595,0xB595,0xB574,0xAD74,0xAD74,0xAD54,0xAD54,0xAD34,0xAD54,0xAD54,0xAD54,0xAD54,
    0xAD34,0xAD54,0xAD74,0xAD74,0xAD34,0xAD54,0xAD74,0xAD74,0xAD54,0xAD54,0xAD54,0xAD34,
    0xA513,0xA513,0xA513,0xA513,0xA533,0xAD33,0xAD54,0xAD54,0xAD54,0xAD54,0xAD54,0xA533,
    0xA533,0xA513,0xA513,0xA513,0xA513,0xA513,0xAD33,0xAD34,0xAD54,0xAD54,0xB574,0xAD54,
    0xAD54,0xAD54,0xB574,0xB574,0xAD54,0xAD54,0xAD54,0xAD74,0xB575,0xB595,0xB595,0xAD54,
    0xAD54,0xAD54,0xAD54,0xAD54,0xAD54,0xAD54,0xB574,0xB595,0xB595,0xAD74,0xAD74,0xB575,
    0xB574,0xB575,0xB595,0xB595,0xB575,0xB575,0xB595,0xB595,0xB595,0xB595,0xB575,0xB595,
    0xB595,0xB595,0xB595,0xB595,0xB595,0xB595,0xB595,0xB595,0xB595,0xB595,0xBDD6,0xBDB5,
    0xB595,0xB595,0xB595,0xBDB5,0xB575,0xAD74,0xAD54,0xB574,0xAD74,0xAD54,0xAD74,0xAD74,
    0xAD74,0xAD54,0xAD74,0xAD74,0xAD54,0xAD74,0xAD54,0xAD54,0xAD54,0xB574,0xAD74,0xAD74,
    0xAD54,0xAD54,0xAD74,0xB595,0xBDD6,0xBDD6,0xBDD6,0xBDD6,0xBDB5,0xB595,0xB575,0xAD74,
    0xB574,0xAD74,0xB595,0xB575,0xAD74,0xAD74,0xAD54,0xAD54,0xAD54,0xAD54,0xAD33,0xAD34,
    0xAD54,0xAD54,0xAD54,0xAD54,0xAD34,0xAD54,0xAD33,0xAD34,0xA513,0xA513,0xA513,0xAD34,
    0xA513,0xAD33,0xAD33,0xA513,0xA513,0xA513,0xA513,0xA513,0xA533,0xAD33,0xAD33,0xA533,
    0xA533,0xAD33,0xA533,0xA533,0xA513,0xAD34,0xAD54,0xA533,0xA533,0xA513,0xA513,0xA512,
    0xA512,0xA513,0xA513,0xAD33,0xAD33,0xA533,0xAD33,0xAD33,0xAD34,0xAD33,0xAD34,0xAD54,
    0xAD34,0xAD34,0xAD34,0xAD33,0xAD33,0xAD54,0xAD54,0xAD54,0xAD34,0xAD34,0xAD54,0xAD34,
    0xAD34,0xAD34,0xAD33,0xAD33,0xAD33,0xAD34,0xAD34,0xAD54,0xB575,0xAD54,0xAD54,0xAD54,
    0xAD54,0xAD34,0xAD34,0xAD34,0xAD54,0xAD54,0xB574,0xB575,0xB575,0xB575,0xB595,0xB575,
    0xAD74,0xB574,0xB574,0xAD74,0xAD54,0xAD54,0xAD34,0xAD54,0xAD54,0xAD34,0xAD54,0xAD54,
    0xAD54,0xAD54,0xAD34,0xAD54,0xAD54,0xAD54,0xAD54,0xAD54,0xAD54,0xAD54,0xAD54,0xAD54,
    0xAD54,0xAD54,0xAD54,0xB574,0xAD74,0xAD54,0xAD74,0xAD74,0xB574,0xAD74,0xAD54,0xAD54,
    0xAD54,0xAD74,0xAD54,0xAD54,0xAD54,0xAD54,0xAD54,0xB595,0xB575,0xAD74,0xAD74,0xB595,
    0xB595,0xB575,0xB574,0xB574,0xB595,0xBDB5,0xB5B5,0xB595,0xAD74,0xAD54,0xAD74,0xB575,
    0xB574,0xB574,0xB595,0xB595,0xB595,0xB595,0xB595,0xB595,0xB575,0xB595,0xB595,0xB595,
    0xB595,0xB595,0xB575,0xB595,0xB595,0xB595,0xB575,0xB595,0xB575,0xB595,0xB595,0xB595,
    0xB595,0xB575,0xB595,0xBDB5,0xB5B5,0xBDB5,0xBDD6,0xC5F7,0xC5F7,0xBDD6,0xBDF6,0xBDD6,
    0xBDD6,0xBDF6,0xBDD6,0xBDD6,0xBDD6,0xBDD6,0xBDF6,0xC5F7,0xBDD6,0xBDD6,0xBDF6,0xBDB5,
    0xB595,0xBDB5,0xB595,0xB575,0xB595,0xBDB6,0xBDD6,0xBDD6,0xBDD6,0xB595,0xB595,0xB595,
    0xB595,0xB595,0xB575,0xB574,0xAD74,0xB575,0xB595,0xB574,0xB575,0xB595,0xB595,0xBDD6,
    0xBDB5,0xBDB6,0xBDB5,0xB595,0xB595,0xB575,0xAD74,0xB574,0xAD74,0xAD74,0xB575,0xB595,
    0xB575,0xB575,0xB574,0xB575,0xB595,0xB595,0xB595,0xB5B5,0xBDB5,0xBDB5,0xBDB6,0xBDD6,
    0xBDD6,0xBDB5,0xBDB5,0xBDD6,0xBDD6,0xBDF6,0xBDD6,0xBDD6,0xC5F6,0xC5F6,0xBDD6,0xB5B5,
    0xBDB5,0xBDB5,0xBDB6,0xBDD6,0xBDD6,0xBDD6,0xBDD6,0xBDB6,0xBDB5,0xBDB5,0xBDD6,0xBDB5,
    0xB575,0xB595,0xB595,0xB595,0xB595,0xB595,0xB595,0xB595,0xBDB5,0xBDB5,0xBDB6,0xBDD6,
    0xBDD6,0xC5F6,0xBDD6,0xBDD6,0xBDD6,0xBDD6,0xBDD6,0xBDF6,0xBDF6,0xBDD6,0xBDD6,0xBDD6,
    0xBDB5,0xBDB5,0xBDB5,0xB595,0xB595,0xB595,0xBDD6,0xBDD6,0xBDB5,0xBDB5,0xBDB5,0xBDD6,
    0xBDD6,0xBDD6,0xBDB5,0xB5B5,0xB595,0xB595,0xB595,0xB595,0xB595,0xBDB5,0xBDD6,0xC5F7,
    0xBDD6,0xBDD6,0xBDD6,0xBDD6,0xBDB5,0xB595,0xB5B5,0xBDB5,0xBDB5,0xBDD6,0xBDB5,0xBDB5,
    0xBDD6,0xBDD6,0xBDD6,0xBDB6,0xBDB5,0xBDB5,0xBDB5,0xBDB5,0xB5B5,0xB595,0xB595,0xB574,
    0xB575,0xB595,0xB595,0xB595,0xB595,0xB595,0xB575,0xB575,0xB595,0xB575,0xB574,0xB575,
    0xB574,0xB595,0xB595,0xB595,0xB575,0xB575,0xB575,0xB575,0xB595,0xB595,0xB575,0xAD74,
    0xAD54,0xAD54,0xAD54,0xAD54,0xAD54,0xAD54,0xAD54,0xAD54,0xB574,0xB595,0xB595,0xB574,
    0xB575,0xAD54,0xAD54,0xAD34,0xAD54,0xAD74,0xB595,0xBDB5,0xB574,0xAD54,0xAD54,0xB574,
    0xB575,0xAD54,0xB574,0xB574,0xAD54,0xAD34,0xAD33,0xA513,0xA533,0xAD33,0xAD33,0xAD33,
    0xA533,0xAD33,0xAD33,0xAD34,0xAD33,0xAD33,0xA513,0xA513,0xA513,0xA513,0xA513,0xA513,
    0xA513,0xA533,0xAD33,0xAD33,0xAD34,0xAD54,0xB595,0xB575,0xAD54,0xAD54,0xB574,0xAD54,
    0xAD34,0xAD33,0xA533,0xAD34,0xAD34,0xAD54,0xAD54,0xAD54,0xAD74,0xAD74,0xAD74,0xB595,
    0xB595,0xB595,0xBDB5,0xB595,0xAD74,0xB574,0xB575,0xB574,0xAD74,0xB574,0xB575,0xAD74,
    0xAD54,0xAD54,0xAD54,0xAD54,0xAD54,0xAD74,0xAD74,0xB575,0xB575,0xB575,0xB595,0xB575,
    0xB575,0xB575,0xB575,0xB574,0xB575,0xB595,0xB575,0xAD74,0xB574,0xB575,0xB575,0xB595,
    0xB595,0xB595,0xB595,0xB575,0xB574,0xB574,0xAD74,0xAD54,0xAD54,0xAD54,0xAD74,0xB575,
    0xB575,0xB575,0xB575,0xB575,0xB575,0xAD74,0xAD74,0xAD74,0xB574,0xAD74,0xAD54,0xAD74,
    0xB595,0xBDD6,0xBDD6,0xBDD6,0xBDF6,0xBDD6,0xBDB5,0xBDB5,0xB595,0xB595,0xB595,0xB574,
    0xB574,0xAD54,0xAD54,0xAD33,0xAD34,0xAD54,0xAD54,0xAD54,0xAD74,0xAD74,0xB575,0xB595,
    0xAD74,0xAD54,0xAD34,0xAD33,0xAD34,0xAD33,0xA533,0xA513,0xAD33,0xAD34,0xAD54,0xAD54,
    0xAD34,0xAD33,0xA533,0xA533,0xA533,0xA533,0xA533,0xA513,0xA513,0xA533,0xAD34,0xAD54,
    0xAD54,0xAD54,0xAD54,0xAD34,0xA533,0xA533,0xA513,0xA513,0xA513,0xA513,0xA533,0xAD54,
    0xAD54,0xAD33,0xA533,0xAD34,0xAD34,0xAD34,0xAD54,0xAD33,0xA533,0xA533,0xAD54,0xAD33,
    0xAD34,0xAD54,0xAD54,0xAD54,0xAD34,0xAD34,0xAD33,0xA513,0xA533,0xAD34,0xAD54,0xAD33,
    0xA533,0xAD34,0xB575,0xAD54,0xAD54,0xB575,0xAD74,0xAD54,0xAD54,0xAD74,0xAD54,0xAD34,
    0xAD34,0xAD54,0xAD54,0xAD54,0xB574,0xB595,0xB595,0xB595,0xB595,0xB575,0xB574,0xB575,
    0xB595,0xB574,0xAD74,0xAD54,0xAD54,0xAD34,0xAD54,0xAD34,0xAD34,0xAD54,0xAD34,0xAD34,
    0xAD54,0xAD54,0xAD33,0xAD34,0xAD54,0xAD54,0xAD54,0xAD54,0xAD54,0xAD34,0xAD54,0xB574,
    0xB574,0xB575,0xB574,0xAD74,0xAD54,0xAD54,0xAD54,0xAD54,0xAD54,0xAD74,0xAD54,0xAD54,
    0xAD54,0xAD54,0xAD54,0xAD54,0xAD54,0xAD54,0xAD54,0xB574,0xB575,0xB574,0xAD74,0xB575,
    0xB595,0xB575,0xB574,0xB574,0xB574,0xAD74,0xAD74,0xB574,0xB574,0xB595,0xB595,0xB595,
    0xB595,0xB595,0xB595,0xB595,0xBDB5,0xB595,0xB595,0xB595,0xB595,0xB595,0xBDB5,0xBDB5,
    0xB5B5,0xB595,0xB595,0xB5B5,0xB595,0xB595,0xB595,0xB595,0xB595,0xB595,0xB595,0xBDB5,
    0xB595,0xB5B5,0xBDB5,0xBDB5,0xBDD6,0xBDD6,0xBDF6,0xC5F7,0xC617,0xBDF6,0xBDD6,0xC5F6,
    0xBDF6,0xBDD6,0xBDD6,0xBDD6,0xBDB5,0xBDD6,0xBDB5,0xBDB5,0xBDB5,0xB595,0xB574,0xB574,
    0xB595,0xB595,0xBDD6,0xB5B5,0xBDB5,0xB595,0xB595,0xB595,0xB575,0xB595,0xB595,0xB595,
    0xBDB5,0xBDB6,0xBDB5,0xB595,0xBDB5,0xBDD6,0xBDB5,0xBDD6,0xBDD6,0xB595,0xB595,0xB595,
    0xB595,0xB595,0xB575,0xB574,0xB574,0xB575,0xB595,0xB595,0xB595,0xB574,0xB575,0xBDB5,
    0xB595,0xB595,0xB595,0xB595,0xB5B5,0xBDB5,0xBDD6,0xBDB6,0xB595,0xB595,0xB595,0xB595,
    0xBDD6,0xBDD6,0xBDB6,0xBDB5,0xBDB5,0xBDD6,0xBDD6,0xB595,0xB595,0xB595,0xB595,0xB595,
    0xB595,0xB595,0xB595,0xB595,0xB5B5,0xBDB5,0xBDD6,0xBDB5,0xBDB5,0xBDB5,0xB595,0xB595,
    0xB595,0xB575,0xB595,0xBDB5,0xB595,0xB595,0xBDB5,0xBDD6,0xBDD6,0xBDD6,0xBDB6,0xBDD6,
    0xBDD6,0xBDD6,0xBDD6,0xC5F7,0xBDD6,0xBDD6,0xBDF6,0xBDD6,0xBDD6,0xBDD6,0xBDD6,0xBDB5,
    0xBDB5,0xBDB5,0xBDD6,0xBDB5,0xBDB5,0xBDD6,0xBDB5,0xBDB5,0xBDD6,0xBDD6,0xBDD6,0xBDD6,
    0xBDD6,0xBDD6,0xBDD6,0xBDB5,0xBDB5,0xBDB5,0xB595,0xBDB5,0xBDD6,0xBDD6,0xBDB5,0xB5B5,
    0xB5B5,0xBDB5,0xBDB5,0xBDB5,0xBDD6,0xBDD6,0xBDD6,0xBDD6,0xB5B5,0xBDB5,0xBDD6,0xBDD6,
    0xBDD6,0xBDD6,0xBDD6,0xBDD6,0xBDD6,0xB5B5,0xB595,0xB595,0xB595,0xB575,0xB595,0xB595,
    0xB575,0xB595,0xB595,0xB575,0xB595,0xB595,0xB595,0xB595,0xB575,0xB575,0xB575,0xB575,
    0xB595,0xB595,0xB5B5,0xB595,0xB574,0xB595,0xB595,0xB574,0xAD74,0xB575,0xAD54,0xAD54,
    0xAD74,0xAD54,0xAD54,0xAD54,0xAD54,0xAD54,0xAD54,0xAD54,0xAD54,0xAD74,0xB575,0xB574,
    0xB575,0xB574,0xB574,0xB595,0xB595,0xAD54,0xAD54,0xAD54,0xAD74,0xAD54,0xAD54,0xAD34,
    0xAD34,0xA533,0xA513,0xA513,0xA513,0xAD34,0xAD54,0xAD54,0xAD54,0xAD54,0xAD54,0xAD34,
    0xAD33,0xAD33,0xA533,0xA533,0xA533,0xAD33,0xAD34,0xAD34,0xAD34,0xAD33,0xAD33,0xAD33,
    0xAD34,0xAD34,0xAD54,0xAD34,0xAD54,0xB574,0xAD54,0xAD34,0xAD33,0xAD33,0xAD34,0xAD54,
    0xAD54,0xAD54,0xAD34,0xAD34,0xAD54,0xB595,0xB595,0xB595,0xBDB5,0xB595,0xB574,0xAD54,
    0xAD54,0xAD54,0xAD54,0xAD54,0xAD54,0xAD54,0xAD54,0xB574,0xAD74,0xAD54,0xAD74,0xB574,
    0xB574,0xB575,0xB595,0xB595,0xBDB6,0xBDF6,0xC5F6,0xBDD6,0xBDB5,0xBDB5,0xB595,0xB575,
    0xB595,0xB575,0xB575,0xAD74,0xAD74,0xAD54,0xAD54,0xAD74,0xAD74,0xB595,0xBDB5,0xB595,
    0xB595,0xB595,0xB595,0xB575,0xAD74,0xAD74,0xAD54,0xAD54,0xB575,0xB595,0xBDB5,0xBDD6,
    0xBDD6,0xB5B5,0xB595,0xB575,0xAD54,0xB575,0xB595,0xB595,0xB575,0xB574,0xB595,0xBDB5,
    0xBDD6,0xBDD6,0xBDD6,0xBDB6,0xBDB6,0xB5B5,0xBDB5,0xB595,0xB575,0xAD74,0xAD54,0xAD34,
    0xAD54,0xAD54,0xAD54,0xAD54,0xAD74,0xB574,0xB575,0xB595,0xB575,0xB574,0xAD54,0xAD34,
    0xAD54,0xAD34,0xAD34,0xAD33,0xAD33,0xA513,0xA533,0xAD34,0xAD54,0xAD74,0xAD74,0xAD54,
    0xAD54,0xAD54,0xB575,0xAD54,0xAD34,0xAD54,0xAD74,0xB575,0xB574,0xB575,0xB575,0xAD54,
    0xAD54,0xAD54,0xAD54,0xAD54,0xAD54,0xAD34,0xAD54,0xAD54,0xAD54,0xAD33,0xAD33,0xAD33,
    0xAD33,0xAD33,0xAD33,0xAD34,0xAD33,0xAD33,0xAD33,0xAD33,0xAD34,0xAD33,0xAD34,0xAD34,
    0xAD34,0xAD34,0xAD54,0xB574,0xB595,0xB595,0xB595,0xAD54,0xAD34,0xAD74,0xB575,0xAD74,
    0xB574,0xB595,0xB595,0xAD74,0xB575,0xB595,0xB575,0xB575,0xB575,0xB595,0xBDD6,0xBDB5,
    0xB595,0xB595,0xB595,0xB575,0xB575,0xB575,0xAD74,0xAD54,0xAD54,0xB574,0xB575,0xB575,
    0xB595,0xB595,0xB595,0xAD54,0xAD74,0xAD54,0xAD34,0xAD54,0xAD74,0xAD54,0xAD54,0xAD54,
    0xAD54,0xAD74,0xB574,0xAD74,0xAD54,0xAD54,0xB575,0xB595,0xB595,0xB575,0xAD74,0xB574,
    0xB574,0xAD74,0xAD54,0xB574,0xAD54,0xAD54,0xAD74,0xAD54,0xAD74,0xB574,0xAD54,0xAD54,
    0xAD74,0xB574,0xAD74,0xB574,0xB574,0xAD74,0xB574,0xB595,0xB595,0xB574,0xB574,0xB574,
    0xB595,0xB595,0xB575,0xB575,0xB575,0xB575,0xB595,0xBDB5,0xBDB5,0xBDB5,0xB5B5,0xBDB5,
    0xBDB5,0xB595,0xB5B5,0xB595,0xB5B5,0xB5B5,0xBDB5,0xB5B5,0xB5B5,0xB595,0xB595,0xB575,
    0xB595,0xB595,0xB595,0xB595,0xB595,0xBDB5,0xBDB6,0xBDB5,0xB595,0xB595,0xB5B5,0xBDD6,
    0xBDB5,0xBDD6,0xBDD6,0xBDD6,0xBDD6,0xBDD6,0xBDD6,0xBDD6,0xBDD6,0xBDB6,0xBDD6,0xBDD6,
    0xBDD6,0xBDB5,0xB5B5,0xB595,0xB595,0xB595,0xB595,0xB5B5,0xBDB5,0xBDB5,0xBDB5,0xB595,
    0xB595,0xBDB5,0xBDB5,0xB595,0xB575,0xB574,0xB595,0xB595,0xB595,0xB5B5,0xB595,0xB595,
    0xBDB5,0xBDB5,0xB5B5,0xB595,0xB595,0xB575,0xAD54,0xB574,0xB595,0xB595,0xB575,0xAD74,
    0xAD54,0xAD74,0xB574,0xB595,0xBDB5,0xBDB5,0xBDB5,0xB595,0xB595,0xB595,0xB5B5,0xBDB5,
    0xBDB5,0xBDB5,0xBDD6,0xB5B5,0xB595,0xB595,0xBDB5,0xB5B5,0xB595,0xB595,0xBDD6,0xBDD6,
    0xBDD6,0xBDD6,0xBDD6,0xB595,0xBDB5,0xBDB5,0xB595,0xB595,0xB595,0xB595,0xBDB5,0xBDB5,
    0xBDB5,0xBDB6,0xB5B5,0xB595,0xBDB5,0xBDD6,0xBDD6,0xBDB6,0xBDB5,0xBDB5,0xB595,0xB595,
    0xB595,0xBDB5,0xBDD6,0xBDD6,0xBDD6,0xBDD6,0xBDD6,0xBDB5,0xB595,0xBDB5,0xBDB5,0xBDD6,
    0xBDD6,0xBDD6,0xBDD6,0xBDB5,0xBDD6,0xBDD6,0xBDD6,0xBDD6,0xBDD6,0xBDB5,0xBDB5,0xBDB5,
    0xBDD6,0xBDD6,0xBDD6,0xBDD6,0xBDD6,0xC5F7,0xC5F7,0xC5F7,0xC5F6,0xBDD6,0xBDF6,0xB5B5,
    0xB595,0xBDB5,0xBDB5,0xBDB5,0xBDB5,0xBDD6,0xBDD6,0xBDB5,0xBDD6,0xBDB5,0xB595,0xBDB5,
    0xBDD6,0xBDD6,0xBDD6,0xBDD6,0xBDD6,0xBDD6,0xBDD6,0xBDD6,0xBDD6,0xBDD6,0xC5F7,0xC5F7,
    0xC617,0xBDD6,0xBDD6,0xBDD6,0xBDB5,0xBDB5,0xB595,0xB595,0xB595,0xB595,0xB595,0xB595,
    0xB595,0xB595,0xB575,0xB575,0xB575,0xB574,0xB575,0xB595,0xB595,0xB595,0xB595,0xB575,
    0xB575,0xB574,0xB595,0xB595,0xB595,0xB595,0xB595,0xB595,0xB595,0xB595,0xB574,0xAD74,
    0xAD54,0xAD54,0xAD74,0xAD54,0xAD54,0xAD54,0xAD54,0xAD54,0xB574,0xB575,0xB595,0xBDB5,
    0xB5B5,0xBDB5,0xB595,0xB595,0xB574,0xAD54,0xAD54,0xAD54,0xAD54,0xAD34,0xAD34,0xAD54,
    0xAD54,0xAD54,0xAD74,0xB574,0xB575,0xAD74,0xAD54,0xAD34,0xA533,0xA513,0xA513,0xAD33,
    0xA533,0xAD33,0xAD34,0xAD54,0xAD54,0xAD54,0xAD54,0xAD54,0xAD54,0xB575,0xB5B5,0xAD74,
    0xAD54,0xAD54,0xAD54,0xAD54,0xAD34,0xAD54,0xAD54,0xAD54,0xAD54,0xB575,0xBDB5,0xAD74,
    0xAD74,0xAD74,0xAD54,0xAD54,0xB595,0xB574,0xAD54,0xAD34,0xAD54,0xAD34,0xAD54,0xAD54,
    0xAD54,0xAD54,0xB575,0xB595,0xB595,0xB595,0xB595,0xBDD6,0xBDB5,0xB595,0xB575,0xAD74,
    0xB595,0xBDD6,0xBDD6,0xBDB5,0xB5B5,0xB595,0xB595,0xB595,0xB595,0xB595,0xB595,0xB595,
    0xB575,0xAD74,0xAD74,0xAD74,0xAD54,0xAD54,0xAD54,0xAD54,0xB574,0xB595,0xB595,0xB595,
    0xB595,0xB574,0xAD74,0xAD74,0xB575,0xB595,0xB595,0xBDB5,0xBDB5,0xB595,0xB575,0xB575,
    0xB575,0xB574,0xB575,0xB575,0xB575,0xB575,0xB595,0xB595,0xBDB5,0xBDD6,0xBDD6,0xBDB5,
    0xB595,0xB595,0xB595,0xBDB5,0xB575,0xAD74,0xAD54,0xAD54,0xAD74,0xB595,0xB595,0xB574,
    0xAD74,0xAD54,0xAD54,0xAD54,0xAD54,0xAD74,0xAD54,0xAD34,0xAD74,0xB575,0xB595,0xB575,
    0xAD74,0xAD54,0xAD54,0xAD54,0xAD54,0xAD74,0xAD54,0xAD54,0xAD54,0xAD54,0xB575,0xB595,
    0xAD74,0xB575,0xAD54,0xAD54,0xB595,0xB595,0xB595,0xB575,0xAD74,0xAD74,0xAD54,0xAD54,
    0xAD54,0xAD54,0xAD54,0xAD54,0xAD54,0xAD54,0xAD34,0xAD34,0xAD34,0xAD34,0xAD54,0xAD54,
    0xAD54,0xAD54,0xAD54,0xAD54,0xAD54,0xAD54,0xAD74,0xAD74,0xB574,0xB595,0xBDD6,0xBDD6,
    0xB595,0xB595,0xB574,0xAD74,0xAD54,0xAD54,0xAD34,0xAD54,0xAD54,0xAD54,0xB574,0xB575,
    0xB595,0xB575,0xB575,0xB595,0xB575,0xB595,0xB5B5,0xBDB5,0xBDB6,0xB5B5,0xB595,0xB595,
    0xAD74,0xAD54,0xAD54,0xAD54,0xAD54,0xAD33,0xAD54,0xB574,0xB575,0xAD54,0xAD74,0xB595,
    0xB595,0xB574,0xAD74,0xB574,0xAD74,0xAD54,0xAD54,0xAD54,0xAD74,0xB574,0xB574,0xB574,
    0xB574,0xB575,0xB595,0xB595,0xBDB5,0xBDB5,0xB595,0xB575,0xB595,0xB575,0xB574,0xB575,
    0xBDD6,0xB595,0xB574,0xB575,0xB575,0xB575,0xAD74,0xAD74,0xB575,0xB575,0xB575,0xB575,
    0xB595,0xB575,0xB574,0xB575,0xB595,0xB595,0xB575,0xAD74,0xB574,0xB575,0xB595,0xB574,
    0xB575,0xB595,0xB595,0xBDB5,0xBDD6,0xBDB5,0xBDB5,0xBDD6,0xB595,0xB595,0xBDB5,0xBDD6,
    0xBDB6,0xBDD6,0xBDB5,0xB595,0xB595,0xB595,0xB595,0xB575,0xB595,0xB595,0xB595,0xB595,
    0xB595,0xB595,0xB595,0xB595,0xBDB5,0xBDB5,0xBDD6,0xBDD6,0xBDD6,0xBDD6,0xBDD6,0xBDD6,
    0xBDB5,0xBDB5,0xBDB5,0xBDB5,0xB595,0xB5B5,0xB595,0xB575,0xB595,0xBDB5,0xBDD6,0xBDB5,
    0xB575,0xB595,0xB595,0xB595,0xBDD6,0xB5B5,0xB595,0xB595,0xB575,0xB575,0xB595,0xB595,
    0xB595,0xBDB5,0xBDB5,0xBDB5,0xBDB5,0xBDB5,0xBDD6,0xBDD6,0xBDD6,0xBDB5,0xB595,0xBDB5,
    0xB595,0xB574,0xAD74,0xB574,0xAD74,0xB574,0xAD74,0xAD54,0xAD54,0xAD54,0xB574,0xB595,
    0xB595,0xB595,0xBDB5,0xB5B5,0xB5B5,0xB5B5,0xB5B5,0xBDB5,0xB5B5,0xBDB5,0xBDB5,0xB595,
    0xB595,0xBDD6,0xBDD6,0xBDD6,0xB5B5,0xB595,0xBDB5,0xB5B5,0xB595,0xBDB5,0xBDB6,0xBDB5,
    0xB595,0xB595,0xB575,0xB595,0xB595,0xB595,0xB595,0xB595,0xBDB5,0xBDB5,0xBDB6,0xBDD6,
    0xBDB5,0xBDB5,0xBDB6,0xBDB5,0xBDB5,0xBDD6,0xBDB5,0xBDB5,0xBDB5,0xBDD6,0xBDD6,0xBDD6,
    0xBDD6,0xBDD6,0xBDD6,0xBDD6,0xBDB5,0xB595,0xB595,0xB5B5,0xBDD6,0xBDD6,0xBDD6,0xBDD6,
    0xBDD6,0xBDD6,0xBDD6,0xBDF6,0xBDD6,0xBDD6,0xBDD6,0xBDD6,0xBDD6,0xBDD6,0xBDD6,0xBDD6,
    0xC5F6,0xC5F7,0xC5F7,0xC5F7,0xC5F7,0xC5F7,0xBDD6,0xBDB5,0xBDB5,0xBDD6,0xBDD6,0xBDD6,
    0xBDD6,0xBDD6,0xBDD6,0xC5F7,0xBDD6,0xBDB6,0xBDB5,0xB595,0xB595,0xB595,0xB595,0xBDD5,
    0xBDD6,0xBDD6,0xBDD6,0xBDD6,0xBDD6,0xBDD6,0xBDD6,0xBDD6,0xBDD6,0xBDB5,0xB595,0xB595,
    0xB595,0xBDB5,0xBDB5,0xB595,0xB595,0xB5B5,0xB595,0xB575,0xB575,0xB574,0xAD74,0xAD74,
    0xAD74,0xAD74,0xB574,0xB575,0xB595,0xB595,0xB595,0xB575,0xB575,0xB575,0xB595,0xB595,
    0xB595,0xB595,0xB595,0xBDB5,0xBDB5,0xB5B5,0xBDD6,0xBDB5,0xB595,0xB595,0xB574,0xB574,
    0xB575,0xAD74,0xB574,0xB575,0xB595,0xB595,0xBDB5,0xBDD6,0xBDB5,0xB595,0xB595,0xB595,
    0xB574,0xAD54,0xAD54,0xAD54,0xB595,0xB5B5,0xB5B5,0xB595,0xB595,0xB595,0xB595,0xB595,
    0xB595,0xB595,0xB595,0xB575,0xAD74,0xAD34,0xAD33,0xAD34,0xAD54,0xAD54,0xAD54,0xAD54,
    0xAD54,0xB595,0xB595,0xB595,0xB595,0xB595,0xB595,0xB575,0xB574,0xB575,0xAD74,0xAD54,
    0xAD54,0xAD54,0xAD74,0xAD74,0xAD74,0xB575,0xB575,0xB575,0xAD54,0xAD54,0xAD54,0xAD54,
    0xAD54,0xAD54,0xAD54,0xAD74,0xAD74,0xAD74,0xAD54,0xAD54,0xB575,0xB595,0xB595,0xB595,
    0xB595,0xB595,0xB595,0xB574,0xB574,0xB574,0xAD74,0xAD74,0xAD54,0xAD74,0xAD54,0xAD54,
    0xAD54,0xAD54,0xAD54,0xAD74,0xB595,0xB595,0xB595,0xB595,0xBDD6,0xB5B5,0xB575,0xB574,
    0xB574,0xB574,0xB574,0xAD74,0xAD54,0xAD74,0xB574,0xB595,0xB595,0xB595,0xB595,0xB595,
    0xB574,0xAD54,0xAD74,0xB595,0xB595,0xB595,0xB574,0xB575,0xB575,0xAD74,0xB575,0xAD74,
    0xB575,0xB595,0xB595,0xBDB5,0xBDD6,0xBDB5,0xB595,0xBDB5,0xB595,0xB575,0xB595,0xB595,
    0xB575,0xAD74,0xAD74,0xB595,0xB595,0xAD74,0xAD74,0xB575,0xAD74,0xAD74,0xB574,0xB575,
    0xAD74,0xAD54,0xB574,0xAD74,0xAD54,0xB574,0xB575,0xB595,0xB595,0xB595,0xBDB5,0xB595,
    0xB595,0xB595,0xB595,0xB595,0xB574,0xAD74,0xAD74,0xAD74,0xAD74,0xAD54,0xB574,0xB575,
    0xB595,0xB574,0xAD54,0xAD74,0xAD74,0xB575,0xB574,0xB574,0xAD54,0xAD54,0xAD33,0xAD33,
    0xAD34,0xAD54,0xAD34,0xAD54,0xAD54,0xAD54,0xAD54,0xAD54,0xAD54,0xAD54,0xAD54,0xAD74,
    0xB574,0xB575,0xB575,0xB575,0xB575,0xB575,0xAD74,0xAD74,0xAD54,0xAD74,0xAD54,0xAD54,
    0xAD54,0xAD54,0xAD54,0xB575,0xB575,0xB574,0xB575,0xB575,0xB595,0xB595,0xB5B5,0xB595,
    0xB595,0xB575,0xB575,0xB595,0xB595,0xB574,0xB574,0xB595,0xB575,0xB595,0xB595,0xAD74,
    0xB595,0xAD54,0xAD54,0xB575,0xB574,0xAD54,0xAD54,0xAD54,0xAD54,0xAD54,0xAD54,0xAD54,
    0xAD74,0xAD54,0xAD54,0xAD74,0xAD74,0xAD54,0xAD74,0xB595,0xB595,0xB5B5,0xB5B5,0xB595,
    0xB595,0xB595,0xB595,0xB595,0xB595,0xB595,0xB595,0xB575,0xB595,0xB595,0xB595,0xB595,
    0xB574,0xB595,0xB575,0xB575,0xAD74,0xB575,0xB5B5,0xB595,0xB595,0xB595,0xB595,0xB595,
    0xB595,0xB595,0xB575,0xB575,0xB574,0xB575,0xB595,0xB595,0xB595,0xBDB5,0xB5B5,0xBDD6,
    0xBDB5,0xB595,0xBDB5,0xBDB6,0xB5B5,0xBDB5,0xB5B5,0xBDD6,0xBDD6,0xBDB5,0xBDB6,0xB595,
    0xBDB5,0xB595,0xB595,0xB595,0xAD74,0xAD74,0xB574,0xB575,0xB595,0xB595,0xBDB5,0xBDD6,
    0xBDD6,0xBDB5,0xB595,0xB5B5,0xB595,0xB595,0xB595,0xB575,0xB574,0xB595,0xB595,0xB595,
    0xB575,0xB595,0xBDB5,0xBDD6,0xBDD6,0xBDB5,0xBDD6,0xBDD6,0xBDD6,0xBDD6,0xB5B5,0xBDB5,
    0xBDD6,0xBDB5,0xB595,0xB595,0xBDD6,0xBDD6,0xBDD6,0xBDB5,0xBDB5,0xBDB5,0xBDB5,0xBDD6,
    0xBDD6,0xBDD6,0xBDD6,0xBDD6,0xBDB5,0xB595,0xB595,0xBDB5,0xBDB6,0xB595,0xB595,0xB574,
    0xAD74,0xAD74,0xAD74,0xB575,0xB595,0xB595,0xB595,0xB595,0xBDB5,0xBDB5,0xBDD6,0xB595,
    0xB595,0xB595,0xB595,0xBDB5,0xBDB5,0xBDD6,0xBDD6,0xBDB6,0xBDD6,0xBDD6,0xBDF6,0xBDD6,
    0xBDD6,0xBDD6,0xBDD6,0xBDD6,0xBDD6,0xBDB5,0xBDB5,0xBDD6,0xBDD6,0xB595,0xB595,0xB595,
    0xB595,0xB5B5,0xBDB5,0xBDB5,0xBDB5,0xBDB5,0xBDB6,0xBDD6,0xBDD6,0xBDD6,0xBDD6,0xBDD6,
    0xBDD6,0xBDD6,0xBDD6,0xBDD6,0xBDF6,0xC5F7,0xBDD6,0xBDD6,0xBDB6,0xB5B5,0xBDD6,0xBDD6,
    0xBDD6,0xBDD6,0xC5F7,0xC617,0xC617,0xBDF6,0xBDD6,0xC5F6,0xBDF6,0xC5F6,0xC5F6,0xBDD6,
    0xBDD6,0xBDF6,0xC617,0xC617,0xBDD6,0xC5F6,0xBDD6,0xBDD6,0xBDD6,0xBDD6,0xC5F6,0xC5F6,
    0xC5F6,0xC5F7,0xBDF6,0xBDD6,0xBDD6,0xBDD6,0xBDD6,0xC5F7,0xC5F7,0xBDD6,0xBDD6,0xBDD6,
    0xBDD6,0xBDD6,0xBDD6,0xBDD6,0xBDD6,0xBDB5,0xB595,0xB595,0xB595,0xB5B5,0xBDB5,0xB595,
    0xB595,0xB5B5,0xBDB5,0xBDB6,0xBDB5,0xB595,0xB595,0xB595,0xB595,0xB595,0xB595,0xB5B5,
    0xBDB5,0xBDB5,0xBDB6,0xB595,0xB595,0xB575,0xB574,0xAD54,0xAD54,0xAD54,0xAD54,0xAD54,
    0xAD74,0xB575,0xB595,0xB595,0xB575,0xB575,0xB575,0xB574,0xB575,0xB575,0xB575,0xB595,
    0xBDD6,0xBDD6,0xB5B5,0xB595,0xB595,0xB575,0xB595,0xB575,0xB595,0xAD74,0xB575,0xB595,
    0xB575,0xB575,0xB575,0xB574,0xAD54,0xAD54,0xAD74,0xAD74,0xB575,0xB574,0xB574,0xAD74,
    0xAD74,0xAD54,0xB574,0xAD54,0xB574,0xB595,0xB575,0xB575,0xB574,0xB595,0xB595,0xB575,
    0xB595,0xBDB5,0xAD74,0xAD54,0xAD54,0xAD54,0xAD54,0xAD54,0xB574,0xB575,0xB574,0xB575,
    0xB574,0xAD74,0xBDD6,0xBDD6,0xBDD6,0xC5F6,0xBDB5,0xAD54,0xB575,0xB595,0xB574,0xB574,
    0xB595,0xB595,0xAD74,0xAD74,0xAD54,0xAD54,0xAD54,0xAD54,0xAD74,0xAD74,0xAD54,0xB574,
    0xB595,0xB575,0xB595,0xB595,0xB595,0xB595,0xBDB5,0xBDB5,0xB595,0xBDB5,0xBDD6,0xBDD6,
    0xBDD6,0xB595,0xAD54,0xAD54,0xAD54,0xAD54,0xAD33,0xAD33,0xAD54,0xAD54,0xAD54,0xAD74,
    0xB575,0xAD74,0xAD74,0xB575,0xB595,0xB595,0xB595,0xB595,0xB575,0xB574,0xB575,0xB575,
    0xB595,0xB595,0xB574,0xB574,0xB595,0xB595,0xB595,0xB595,0xB595,0xAD74,0xAD54,0xAD74,
    0xB575,0xB575,0xAD74,0xAD54,0xB574,0xB575,0xB595,0xB595,0xB575,0xB575,0xB574,0xB595,
    0xB595,0xB595,0xB575,0xB595,0xBDB5,0xB595,0xB595,0xBDB5,0xBDB5,0xBDB5,0xB5B5,0xB595,
    0xB575,0xB575,0xB575,0xAD74,0xAD54,0xAD54,0xB574,0xB574,0xAD74,0xB575,0xAD74,0xAD54,
    0xAD54,0xAD74,0xB575,0xB575,0xB595,0xB595,0xB595,0xB595,0xBDB5,0xBDB6,0xB5B5,0xB595,
    0xB5B5,0xB595,0xB595,0xB595,0xB5B5,0xB595,0xBDB5,0xBDD6,0xB5B5,0xB574,0xAD34,0xAD33,
    0xAD33,0xAD54,0xAD54,0xB574,0xAD74,0xAD74,0xAD54,0xAD54,0xAD34,0xAD54,0xAD54,0xAD54,
    0xAD54,0xAD54,0xAD54,0xAD54,0xAD54,0xAD34,0xAD54,0xB595,0xB595,0xAD74,0xAD74,0xB574,
    0xB574,0xAD74,0xAD54,0xAD54,0xAD54,0xAD54,0xAD54,0xAD34,0xAD54,0xAD54,0xAD54,0xAD74,
    0xB574,0xB574,0xB575,0xB575,0xB575,0xB575,0xB575,0xB575,0xB575,0xB574,0xAD74,0xAD74,
    0xAD74,0xAD54,0xAD54,0xAD74,0xB574,0xAD74,0xB574,0xAD74,0xAD74,0xAD54,0xAD54,0xAD74,
    0xAD54,0xAD54,0xAD74,0xAD54,0xAD54,0xAD54,0xAD54,0xAD54,0xAD54,0xAD54,0xAD54,0xAD34,
    0xAD54,0xAD54,0xAD54,0xAD54,0xAD54,0xAD74,0xAD74,0xB574,0xAD74,0xB595,0xB595,0xB595,
    0xB595,0xB595,0xB595,0xB574,0xAD54,0xB574,0xAD74,0xAD74,0xB574,0xB595,0xB574,0xB574,
    0xB595,0xB595,0xB595,0xB595,0xB595,0xB595,0xB595,0xB595,0xB595,0xB595,0xB574,0xB574,
    0xB595,0xBDB5,0xB595,0xB595,0xB595,0xB595,0xB5B5,0xB5B5,0xBDB5,0xBDB5,0xBDB5,0xBDB5,
    0xBDB5,0xB5B5,0xBDB5,0xBDB5,0xBDD6,0xBDD6,0xBDB6,0xBDB5,0xB595,0xB595,0xB595,0xB574,
    0xAD54,0xAD74,0xB575,0xB595,0xBDD6,0xBDD6,0xB595,0xBDB5,0xB5B5,0xB595,0xB595,0xB575,
    0xAD54,0xAD54,0xAD54,0xAD74,0xB595,0xBDB5,0xB595,0xB575,0xAD74,0xB595,0xBDF6,0xBDD6,
    0xBDD6,0xBDD6,0xBDB5,0xBDD6,0xBDD6,0xBDD6,0xBDD6,0xB595,0xB595,0xBDB5,0xBDB5,0xBDB5,
    0xBDD6,0xBDB6,0xBDD6,0xBDD6,0xBDD6,0xBDB5,0xBDB5,0xB595,0xBDD6,0xBDD6,0xBDD6,0xBDD6,
    0xBDB5,0xBDB5,0xB595,0xBDB5,0xBDB5,0xBDB5,0xBDB5,0xBDB5,0xB595,0xB575,0xB575,0xB595,
    0xB5B5,0xBDD6,0xBDD6,0xBDD6,0xBDD6,0xBDD6,0xB595,0xB595,0xB595,0xBDB5,0xBDB5,0xBDD6,
    0xC5F7,0xC617,0xBDD6,0xBDD6,0xBDD6,0xBDD6,0xBDD6,0xBDD6,0xBDD6,0xBDB5,0xBDD6,0xBDD6,
    0xBDD6,0xB595,0xB595,0xBDB5,0xBDD6,0xBDD6,0xBDB5,0xBDB5,0xBDB5,0xBDB5,0xBDB5,0xBDD6,
    0xBDD6,0xBDD6,0xBDD6,0xBDD6,0xBDD6,0xBDD6,0xBDD6,0xBDD6,0xBDD6,0xBDD6,0xBDF6,0xC5F6,
    0xC5F6,0xC5F7,0xBDD6,0xBDD6,0xBDD6,0xBDD6,0xBDF6,0xC5F6,0xC5F7,0xC617,0xC617,0xC5F7,
    0xC617,0xBDF6,0xBDD6,0xC5F6,0xBDF6,0xBDF6,0xBDD6,0xBDB5,0xBDD6,0xBDD6,0xBDF6,0xBDD6,
    0xBDD6,0xBDB5,0xBDB6,0xBDB5,0xBDD6,0xBDD6,0xBDF6,0xC5F6,0xBDF6,0xC5F7,0xBDD6,0xBDF6,
    0xBDD6,0xBDD6,0xBDD6,0xBDD6,0xBDD6,0xBDD6,0xBDD6,0xB5B5,0xB5B5,0xBDB5,0xBDB5,0xBDB6,
    0xBDD6,0xBDD6,0xBDD6,0xBDD6,0xBDD6,0xBDB6,0xBDD6,0xBDD6,0xBDD6,0xBDD6,0xBDD6,0xBDD6,
    0xBDD6,0xBDD6,0xBDB5,0xBDB5,0xBDB5,0xBDD6,0xBDB5,0xB5B5,0xBDB5,0xBDB5,0xB595,0xB595,
    0xB595,0xB595,0xBDB5,0xB595,0xAD74,0xB575,0xB575,0xB595,0xB575,0xB595,0xB595,0xB575,
    0xB595,0xB595,0xB595,0xB595,0xB5B5,0xBDB5,0xB595,0xB595,0xBDB5,0xBDB5,0xBDB5,0xBDB5,
    0xBDB5,0xB5B5,0xBDD6,0xC5F7,0xBDB5,0xBDB5,0xBDB6,0xBDB5,0xBDB5,0xBDB5,0xB595,0xB595,
    0xB595,0xB595,0xB595,0xB595,0xB5B5,0xBDD6,0xBDB5,0xB595,0xB574,0xAD54,0xAD54,0xAD74,
    0xB575,0xB595,0xB575,0xB595,0xB575,0xB574,0xAD74,0xAD74,0xB574,0xAD74,0xAD54,0xAD54,
    0xAD34,0xAD54,0xAD54,0xAD54,0xAD54,0xAD74,0xAD54,0xAD54,0xAD54,0xAD74,0xB595,0xB595,
    0xB595,0xB595,0xB575,0xAD74,0xAD74,0xB574,0xAD54,0xAD54,0xAD74,0xB575,0xAD74,0xAD54,
    0xAD54,0xAD74,0xAD74,0xAD74,0xAD74,0xB575,0xB575,0xAD54,0xAD74,0xAD74,0xB575,0xB595,
    0xB595,0xB595,0xBDB6,0xBDD6,0xBDB6,0xB595,0xB595,0xBDB5,0xBDB5,0xB575,0xAD74,0xAD54,
    0xAD54,0xAD54,0xAD54,0xAD54,0xAD54,0xAD54,0xAD54,0xA533,0xA513,0xA4F3,0xA513,0xA533,
    0xAD54,0xAD54,0xAD54,0xAD74,0xB575,0xB595,0xB595,0xB595,0xB595,0xAD74,0xAD74,0xB574,
    0xB575,0xB595,0xB595,0xB595,0xB595,0xB595,0xB575,0xB575,0xB575,0xB575,0xB595,0xB575,
    0xB595,0xB595,0xB595,0xB595,0xB595,0xB595,0xB595,0xB595,0xB595,0xB5B5,0xBDB5,0xBDB5,
    0xBDB5,0xBDB5,0xBDD6,0xBDB5,0xBDB5,0xBDB5,0xB5B5,0xB595,0xB595,0xBDB5,0xBDB5,0xB595,
    0xB595,0xB575,0xB575,0xAD74,0xAD54,0xAD54,0xAD54,0xAD74,0xB5B5,0xB5B5,0xBDB5,0xB5B5,
    0xB5B5,0xB595,0xB595,0xB595,0xB595,0xBDB5,0xB595,0xB575,0xB575,0xB595,0xBDB5,0xB595,
    0xBDB5,0xBDD6,0xBDD6,0xBDD6,0xBDD6,0xB575,0xAD54,0xA513,0xA513,0xA513,0xA513,0xAD33,
    0xAD34,0xAD54,0xAD54,0xB574,0xAD74,0xAD54,0xAD54,0xAD74,0xB574,0xB574,0xAD74,0xB574,
    0xB575,0xAD74,0xB575,0xB575,0xB575,0xB574,0xB575,0xB575,0xB574,0xB574,0xB574,0xAD74,
    0xB595,0xBDB5,0xB574,0xAD54,0xAD74,0xB574,0xAD54,0xAD54,0xAD74,0xB574,0xB595,0xB575,
    0xB574,0xB574,0xB574,0xB574,0xB574,0xB575,0xB575,0xB574,0xAD74,0xAD54,0xAD54,0xAD54,
    0xAD54,0xAD54,0xAD34,0xAD54,0xAD54,0xAD34,0xAD54,0xAD54,0xAD34,0xAD54,0xAD54,0xAD34,
    0xAD34,0xAD54,0xAD54,0xAD54,0xAD74,0xAD54,0xAD54,0xAD54,0xAD54,0xAD54,0xAD54,0xB574,
    0xAD74,0xAD74,0xAD54,0xAD74,0xB574,0xB574,0xB575,0xAD74,0xAD74,0xAD74,0xAD54,0xAD54,
    0xAD54,0xAD54,0xAD54,0xAD54,0xAD74,0xAD54,0xAD54,0xAD74,0xB574,0xB595,0xB575,0xB575,
    0xB575,0xB595,0xB595,0xBDB5,0xB595,0xB575,0xB595,0xB5B5,0xBDB5,0xB595,0xB595,0xB595,
    0xB595,0xB595,0xB595,0xB595,0xB595,0xB595,0xB595,0xB595,0xB595,0xB595,0xB595,0xB575,
    0xB595,0xBDB5,0xB5B5,0xBDB5,0xB595,0xB575,0xB595,0xB595,0xB574,0xB595,0xB575,0xB595,
    0xBDB5,0xB595,0xB595,0xB595,0xB574,0xB574,0xB575,0xB574,0xAD74,0xB574,0xB575,0xB595,
    0xBDB5,0xB595,0xB595,0xB595,0xBDD6,0xBDD6,0xBDD6,0xBDD6,0xB595,0xB595,0xB595,0xB5B5,
    0xB595,0xB595,0xB595,0xB595,0xB595,0xB595,0xB595,0xB595,0xBDB5,0xB5B5,0xB595,0xB595,
    0xB595,0xB595,0xB595,0xB595,0xB595,0xB595,0xB595,0xB595,0xB595,0xB595,0xBDB5,0xBDB5,
    0xBDD6,0xBDB5,0xB5B5,0xBDB5,0xB595,0xB595,0xB575,0xB595,0xB595,0xBDB5,0xBDD6,0xBDD6,
    0xBDB5,0xBDD6,0xBDD6,0xBDD6,0xBDD6,0xBDD6,0xBDD6,0xBDD6,0xBDD6,0xBDF6,0xBDD6,0xBDD6,
    0xBDD6,0xBDB5,0xBDB5,0xBDD6,0xBDD6,0xBDF6,0xBDD6,0xBDD6,0xBDD6,0xBDD6,0xBDD6,0xBDD6,
    0xBDD6,0xBDD6,0xBDB5,0xBDB5,0xBDB5,0xBDD6,0xBDD6,0xBDD6,0xBDD6,0xBDD6,0xBDD6,0xBDD6,
    0xBDD6,0xBDD6,0xBDF6,0xC5F6,0xC5F7,0xC617,0xC5F6,0xC5F7,0xC617,0xC617,0xC637,0xC5F6,
    0xC617,0xC617,0xC617,0xC617,0xC617,0xC617,0xC617,0xC617,0xC617,0xC617,0xC617,0xC5F6,
    0xC5F6,0xBDF6,0xBDD6,0xBDF6,0xC5F7,0xC617,0xC617,0xC5F6,0xBDF6,0xBDD6,0xBDD6,0xBDD6,
    0xBDF6,0xC5F6,0xC5F6,0xC617,0xC617,0xC617,0xC5F7,0xC5F7,0xC5F7,0xC5F7,0xBDF6,0xBDD6,
    0xBDD6,0xBDD6,0xBDD6,0xBDB5,0xB595,0xB595,0xBDB5,0xBDB5,0xB5B5,0xBDB5,0xBDB5,0xBDB6,
    0xBDB6,0xBDB6,0xBDB5,0xB5B5,0xB5B5,0xB5B5,0xB595,0xB595,0xB595,0xBDB5,0xBDB5,0xB595,
    0xBDB5,0xBDD6,0xB5B5,0xB595,0xBDD6,0xBDD6,0xBDB5,0xB595,0xB595,0xB5B5,0xB595,0xB595,
    0xB575,0xB575,0xB575,0xB595,0xB595,0xB575,0xB574,0xB575,0xAD74,0xB574,0xB575,0xB595,
    0xB595,0xBDB5,0xBDB5,0xBDB5,0xBDB5,0xB595,0xBDB5,0xB595,0xB5B5,0xBDB5,0xBDD6,0xBDD6,
    0xBDD6,0xBDD6,0xBDD6,0xBDD6,0xBDD6,0xBDD6,0xBDD6,0xBDB5,0xB5B5,0xB595,0xB5B5,0xB595,
    0xB595,0xBDB5,0xBDB5,0xBDB5,0xBDB5,0xB595,0xB595,0xB5B5,0xB5B5,0xBDB5,0xBDB5,0xBDB5,
    0xB595,0xB575,0xAD74,0xAD74,0xAD54,0xAD54,0xAD34,0xAD34,0xAD34,0xAD34,0xAD54,0xAD54,
    0xAD54,0xAD54,0xAD54,0xB574,0xB595,0xB595,0xAD74,0xAD54,0xAD54,0xB574,0xB574,0xAD74,
    0xAD54,0xAD74,0xB574,0xB595,0xB595,0xB595,0xB595,0xBDB5,0xBDB5,0xBDB5,0xB595,0xB574,
    0xAD54,0xAD54,0xAD54,0xAD54,0xAD54,0xB574,0xB595,0xB595,0xB595,0xB5B5,0xB5B5,0xB595,
    0xB595,0xBDB5,0xB5B5,0xB595,0xB595,0xB575,0xAD74,0xB575,0xAD74,0xAD54,0xAD54,0xAD54,
    0xAD54,0xAD54,0xAD54,0xAD34,0xAD33,0xA533,0xA513,0xA513,0xA533,0xB574,0xB595,0xB574,
    0xB575,0xB575,0xB575,0xB575,0xB595,0xAD74,0xAD74,0xAD54,0xB575,0xB575,0xB575,0xB595,
    0xB595,0xB595,0xB595,0xB575,0xB575,0xB575,0xB595,0xB5B5,0xBDB5,0xBDB5,0xB595,0xB595,
    0xB575,0xB595,0xB595,0xB595,0xBDB5,0xBDD6,0xBDD6,0xBDD6,0xBDD6,0xBDD6,0xBDD6,0xBDD6,
    0xBDD6,0xBDD6,0xBDD6,0xBDB5,0xB5B5,0xB595,0xB595,0xB595,0xB595,0xB595,0xB595,0xB595,
    0xB595,0xB595,0xB595,0xB5B5,0xB595,0xB5B5,0xBDD6,0xBDD6,0xBDD6,0xBDD6,0xBDD6,0xBDD6,
    0xBDD6,0xBDF6,0xC5F6,0xBDD6,0xBDD6,0xBDB5,0xB595,0xB595,0xB595,0xB595,0xBDB5,0xBDD6,
    0xC5F7,0xBDF6,0xB595,0xAD54,0xAD54,0xAD54,0xB574,0xAD74,0xAD54,0xAD54,0xAD54,0xAD74,
    0xB575,0xB574,0xB574,0xB574,0xB575,0xB595,0xB595,0xB595,0xB595,0xB595,0xB575,0xB575,
    0xAD74,0xB575,0xB574,0xB574,0xB575,0xB574,0xAD74,0xAD74,0xAD74,0xAD74,0xAD54,0xAD54,
    0xAD74,0xB574,0xAD74,0xAD74,0xAD74,0xB595,0xBDB5,0xB595,0xB575,0xB595,0xB595,0xB595,
    0xB595,0xB595,0xB575,0xB575,0xAD74,0xAD54,0xAD54,0xAD54,0xAD54,0xAD34,0xAD54,0xAD33,
    0xAD34,0xAD74,0xAD54,0xAD54,0xAD54,0xAD54,0xAD34,0xAD34,0xAD54,0xAD54,0xAD74,0xAD54,
    0xAD54,0xAD74,0xAD54,0xAD54,0xAD74,0xAD74,0xAD74,0xB575,0xB574,0xAD54,0xAD54,0xAD54,
    0xAD74,0xAD54,0xAD54,0xAD54,0xAD54,0xAD54,0xAD54,0xAD54,0xAD54,0xB595,0xB575,0xAD54,
    0xAD54,0xB574,0xB595,0xB595,0xB595,0xAD74,0xB574,0xB595,0xB575,0xB595,0xB595,0xB5B5,
    0xB595,0xB575,0xB575,0xB595,0xBDB5,0xB595,0xB575,0xB595,0xB575,0xB575,0xB595,0xB595,
    0xB595,0xB575,0xB595,0xB595,0xB595,0xBDD6,0xBDB5,0xBDB5,0xBDB5,0xB595,0xB595,0xB595,
    0xB595,0xB595,0xB595,0xB595,0xB595,0xB5B5,0xB595,0xB595,0xB595,0xB595,0xB595,0xB595,
    0xB595,0xB595,0xB575,0xB575,0xB575,0xB595,0xB595,0xB595,0xB595,0xB595,0xB575,0xB595,
    0xBDD6,0xBDD6,0xB5B5,0xBDB6,0xBDB6,0xBDB5,0xB575,0xB575,0xB575,0xB575,0xB595,0xBDB5,
    0xB595,0xB595,0xB595,0xB595,0xB595,0xB595,0xB595,0xB575,0xB575,0xB595,0xB595,0xB595,
    0xB595,0xB575,0xAD74,0xB575,0xB595,0xBDD6,0xBDB5,0xB595,0xB595,0xB5B5,0xB595,0xBDB5,
    0xBDB5,0xB5B5,0xBDB5,0xBDD6,0xBDD6,0xBDB5,0xBDD6,0xBDD6,0xBDB5,0xBDB6,0xBDD6,0xBDD6,
    0xBDD6,0xBDD6,0xBDD6,0xBDF6,0xBDF6,0xBDF6,0xC5F6,0xC5F7,0xBDD6,0xBDD6,0xBDD6,0xBDD6,
    0xBDD6,0xBDF6,0xC5F6,0xBDD6,0xBDD6,0xBDD6,0xBDD6,0xBDD6,0xBDD6,0xC5F6,0xBDF6,0xBDD6,
    0xBDB6,0xBDD6,0xBDD6,0xBDD6,0xBDD6,0xBDD6,0xBDF6,0xC617,0xC617,0xC617,0xC617,0xC617,
    0xC617,0xC617,0xC617,0xC617,0xC617,0xC617,0xC637,0xC637,0xC637,0xC617,0xC617,0xC617,
    0xC617,0xC617,0xC617,0xC617,0xC5F6,0xBDD6,0xBDF6,0xC5F7,0xC617,0xC617,0xC5F7,0xC617,
    0xC617,0xC617,0xC617,0xC617,0xC617,0xC617,0xC617,0xC617,0xC617,0xC617,0xC617,0xC617,
    0xC617,0xC617,0xC617,0xC617,0xC5F7,0xC5F7,0xC5F7,0xC5F6,0xC5F7,0xC5F6,0xBDD6,0xBDD6,
    0xBDD6,0xBDD6,0xBDD6,0xBDD6,0xBDD6,0xBDD6,0xBDD6,0xBDD6,0xBDD6,0xBDB6,0xBDB5,0xBDB5,
    0xB595,0xB595,0xB595,0xB595,0xB595,0xB595,0xB595,0xB595,0xBDD6,0xBDB6,0xBDB6,0xBDB6,
    0xBDB5,0xBDB5,0xBDB5,0xB595,0xB595,0xB595,0xB595,0xB595,0xB595,0xB575,0xB595,0xB595,
    0xB595,0xB595,0xB595,0xB595,0xB595,0xB574,0xB575,0xB575,0xB575,0xB595,0xBDB5,0xBDB5,
    0xBDB5,0xBDB5,0xB5B5,0xB595,0xB595,0xB595,0xB595,0xB595,0xBDB5,0xBDB5,0xBDD6,0xBDD6,
    0xBDD6,0xBDB5,0xBDB5,0xB595,0xB575,0xBDB6,0xB5B5,0xB5B5,0xC5F6,0xBDD6,0xBDB5,0xBDD6,
    0xBDD6,0xBDB5,0xBDD6,0xBDD6,0xBDD6,0xBDB5,0xB5B5,0xB595,0xB575,0xB575,0xB574,0xB574,
    0xAD74,0xAD74,0xAD54,0xAD54,0xAD54,0xAD54,0xB575,0xB574,0xAD74,0xAD74,0xB574,0xB574,
    0xB595,0xB575,0xB574,0xB595,0xB574,0xB575,0xAD74,0xAD54,0xAD74,0xB575,0xB595,0xB595,
    0xB595,0xAD74,0xB574,0xB595,0xB5B5,0xB595,0xAD74,0xAD54,0xAD54,0xAD74,0xB574,0xB595,
    0xB595,0xB575,0xB595,0xB595,0xB575,0xB574,0xB595,0xBDB5,0xBDD6,0xBDD6,0xBDD6,0xB595,
    0xB575,0xB574,0xAD74,0xAD54,0xAD74,0xAD54,0xAD74,0xB595,0xB595,0xB575,0xB595,0xB575,
    0xB575,0xB574,0xAD74,0xB574,0xAD74,0xB595,0xB595,0xB595,0xB595,0xB575,0xB575,0xB575,
    0xAD74,0xAD74,0xAD74,0xB574,0xB595,0xAD74,0xAD74,0xAD74,0xB574,0xB574,0xAD74,0xB574,
    0xAD74,0xAD74,0xAD74,0xB595,0xB595,0xB595,0xB595,0xB595,0xB575,0xB595,0xB595,0xB595,
    0xBDB5,0xBDB5,0xBDD6,0xBDD6,0xBDD6,0xBDB6,0xBDD6,0xBDD6,0xBDF6,0xBDF6,0xBDD6,0xBDB5,
    0xB595,0xBDB5,0xB595,0xB595,0xB595,0xB595,0xB595,0xB595,0xB5B5,0xB595,0xB595,0xB595,
    0xB575,0xAD74,0xB575,0xB595,0xB595,0xB595,0xB595,0xB595,0xB595,0xB595,0xBDD6,0xB5B5,
    0xB595,0xB595,0xB595,0xB595,0xB595,0xB575,0xBDB5,0xBDD6,0xBDD6,0xBDF6,0xBDD6,0xB595,
    0xAD54,0xB575,0xB595,0xB595,0xB574,0xAD33,0xA513,0xA533,0xAD74,0xB595,0xB595,0xB595,
    0xB595,0xB595,0xB574,0xB574,0xB574,0xB574,0xB575,0xB595,0xB595,0xB575,0xB574,0xB575,
    0xB595,0xB595,0xB574,0xAD54,0xAD54,0xAD34,0xAD34,0xAD54,0xAD33,0xAD54,0xAD74,0xAD54,
    0xAD54,0xAD74,0xB574,0xB595,0xB575,0xB574,0xB574,0xB574,0xAD54,0xAD54,0xAD54,0xAD54,
    0xAD54,0xAD54,0xAD34,0xAD34,0xAD54,0xAD54,0xAD54,0xAD54,0xAD54,0xAD54,0xAD54,0xAD54,
    0xAD34,0xAD34,0xAD34,0xAD54,0xAD54,0xAD54,0xAD54,0xAD54,0xAD74,0xAD54,0xAD54,0xAD74,
    0xB574,0xB574,0xB575,0xB575,0xAD74,0xB574,0xB575,0xB574,0xB575,0xB575,0xB575,0xB595,
    0xB575,0xB575,0xB595,0xB595,0xB574,0xB595,0xBDD6,0xBDB5,0xB595,0xB595,0xB595,0xB595,
    0xB574,0xB574,0xB595,0xBDB5,0xB595,0xB5B5,0xB595,0xB595,0xB595,0xB595,0xB575,0xB595,
    0xB595,0xB595,0xB595,0xB595,0xB595,0xB595,0xB595,0xB595,0xB595,0xB595,0xB595,0xB595,
    0xB595,0xB595,0xB595,0xB595,0xB595,0xB595,0xB5B5,0xB5B5,0xB595,0xB595,0xB595,0xB595,
    0xB595,0xB595,0xB595,0xB595,0xB595,0xB595,0xB595,0xB595,0xB595,0xB595,0xB595,0xB595,
    0xB595,0xB595,0xB595,0xB595,0xB595,0xB595,0xB595,0xBDB5,0xB595,0xB595,0xB595,0xB595,
    0xB595,0xBDB5,0xBDB5,0xB595,0xB595,0xB575,0xB595,0xB595,0xB595,0xB595,0xB5B5,0xB5B5,
    0xBDB5,0xBDD6,0xBDD6,0xBDB5,0xB595,0xB595,0xB595,0xB595,0xB595,0xB595,0xB595,0xB5B5,
    0xB5B5,0xB5B5,0xB595,0xB575,0xB595,0xB595,0xB575,0xB5B5,0xB5B5,0xB595,0xBDB5,0xBDD6,
    0xBDD6,0xBDD6,0xBDB5,0xBDB5,0xBDB5,0xBDB5,0xBDD6,0xBDD6,0xBDD6,0xBDD6,0xBDD6,0xC5F6,
    0xC5F7,0xC5F6,0xBDF6,0xBDD6,0xBDD6,0xBDD6,0xBDD6,0xBDD6,0xBDD6,0xC5F6,0xC5F7,0xC5F6,
    0xC5F6,0xBDF6,0xC5F6,0xBDD6,0xC5F7,0xC5F7,0xBDF6,0xC5F6,0xBDD6,0xBDD6,0xBDD6,0xBDD6,
    0xBDD6,0xBDD6,0xC5F6,0xC5F6,0xC5F7,0xC5F7,0xC5F7,0xC617,0xC617,0xC617,0xC617,0xC617,
    0xC617,0xC617,0xBDD6,0xC617,0xC637,0xC617,0xC617,0xC5F7,0xC617,0xC617,0xC637,0xC617,
    0xC5F6,0xBDF6,0xC5F7,0xC617,0xC617,0xC617,0xC617,0xC5F7,0xC5F7,0xC5F7,0xC617,0xC617,
    0xC617,0xC617,0xC617,0xC617,0xC617,0xC617,0xC5F7,0xC617,0xC617,0xC617,0xC617,0xC5F7,
    0xBDD6,0xBDF6,0xBDF6,0xBDF6,0xC5F6,0xBDF6,0xBDD6,0xBDD6,0xBDD6,0xBDD6,0xBDD6,0xC617,
    0xC5F6,0xBDD6,0xBDD6,0xBDD6,0xBDD6,0xBDD6,0xBDD6,0xBDD6,0xBDD6,0xBDD6,0xBDB6,0xBDB6,
    0xBDB5,0xB595,0xB5B5,0xB5B5,0xBDB5,0xBDB5,0xBDB6,0xBDD6,0xBDD6,0xBDB5,0xBDB5,0xB595,
    0xB595,0xB595,0xB595,0xB5B5,0xB595,0xB595,0xB595,0xB595,0xB595,0xBDB5,0xBDB6,0xBDB6,
    0xBDB6,0xB5B5,0xB595,0xB595,0xB595,0xB595,0xB575,0xB575,0xB595,0xB595,0xB595,0xB595,
    0xB575,0xB595,0xB5B5,0xB5B5,0xB595,0xB5B5,0xBDB5,0xBDB5,0xBDB5,0xBDB5,0xBDD6,0xBDD6,
    0xBDD6,0xBDD6,0xBDF6,0xBDF6,0xC5F6,0xBDF6,0xBDD6,0xBDD6,0xBDB6,0xBDD6,0xBDD6,0xBDB5,
    0xBDD6,0xBDB5,0xBDB5,0xBDB5,0xBDB5,0xBDB5,0xBDB5,0xBDB5,0xBDD6,0xBDD6,0xBDB5,0xB595,
    0xB575,0xB595,0xB575,0xB574,0xB575,0xB575,0xB595,0xB5B5,0xBDB5,0xBDB6,0xBDD6,0xBDD6,
    0xBDB5,0xB595,0xB575,0xB574,0xB575,0xB595,0xB595,0xB595,0xB575,0xB575,0xB575,0xAD74,
    0xB575,0xB595,0xBDB5,0xBDB5,0xBDD6,0xBDD6,0xBDD6,0xBDD6,0xBDD6,0xBDB5,0xBDB5,0xBDD6,
    0xBDD6,0xBDB5,0xB595,0xB595,0xB595,0xB575,0xB595,0xB575,0xB595,0xB595,0xB595,0xB595,
    0xBDB5,0xB595,0xB595,0xB595,0xB595,0xB595,0xB595,0xB595,0xB595,0xB595,0xB595,0xB595,
    0xB595,0xB595,0xB595,0xBDB5,0xB5B5,0xB5B5,0xB595,0xB595,0xB575,0xB574,0xB574,0xB575,
    0xB574,0xAD74,0xB575,0xB574,0xAD74,0xAD74,0xB575,0xB575,0xB575,0xB575,0xB575,0xAD74,
    0xAD54,0xAD74,0xB595,0xB595,0xB575,0xB574,0xB595,0xB595,0xBDD6,0xBDD6,0xBDB5,0xBDB5,
    0xBDB5,0xBDB5,0xBDB5,0xBDD6,0xBDF6,0xBDD6,0xBDD6,0xBDB5,0xB595,0xB595,0xB595,0xB595,
    0xB595,0xB595,0xB575,0xB575,0xB595,0xB595,0xB595,0xB595,0xB595,0xB595,0xB595,0xB595,
    0xB595,0xB595,0xB595,0xB595,0xB595,0xB595,0xBDB5,0xB595,0xB595,0xBDB5,0xBDB5,0xBDB5,
    0xBDB5,0xB5B5,0xBDB5,0xBDD6,0xBDD6,0xBDB5,0xB5B5,0xAD74,0xAD33,0xA513,0xAD54,0xB574,
    0xAD74,0xAD54,0xAD54,0xAD54,0xAD74,0xB595,0xB595,0xB575,0xAD74,0xAD74,0xAD74,0xB574,
    0xB574,0xAD74,0xAD74,0xB574,0xB574,0xAD74,0xB595,0xB595,0xB574,0xB574,0xB595,0xB575,
    0xB574,0xB574,0xAD74,0xAD74,0xAD54,0xAD54,0xAD54,0xAD54,0xAD34,0xAD34,0xAD54,0xAD54,
    0xAD54,0xAD34,0xAD34,0xAD34,0xAD34,0xAD54,0xAD54,0xAD54,0xAD54,0xAD54,0xAD54,0xAD54,
    0xAD54,0xAD54,0xAD54,0xAD54,0xAD54,0xAD54,0xAD54,0xAD54,0xAD54,0xAD74,0xAD74,0xB574,
    0xAD74,0xAD54,0xB574,0xB574,0xAD74,0xAD74,0xAD74,0xAD74,0xAD74,0xB574,0xB574,0xB574,
    0xB574,0xB595,0xB595,0xB595,0xB595,0xBDB5,0xB5B5,0xBDB5,0xBDD6,0xBDD6,0xBDD6,0xBDD6,
    0xBDD6,0xBDD6,0xBDD6,0xBDF6,0xBDF6,0xBDD6,0xBDB5,0xB5B5,0xB595,0xBDB5,0xB595,0xB595,
    0xB595,0xB595,0xBDB5,0xB595,0xB595,0xB595,0xB575,0xB575,0xB575,0xB575,0xB595,0xB595,
    0xB595,0xB595,0xB595,0xB595,0xB595,0xB595,0xBDB5,0xB595,0xB595,0xB595,0xB595,0xB595,
    0xB595,0xB595,0xB595,0xB595,0xB595,0xB595,0xB595,0xB595,0xB575,0xB595,0xB595,0xB574,
    0xB575,0xB575,0xB574,0xB575,0xB575,0xB595,0xB595,0xB595,0xB575,0xB595,0xB575,0xB574,
    0xB574,0xB575,0xB595,0xB595,0xB595,0xB5B5,0xBDD6,0xBDB5,0xB5B5,0xB595,0xB595,0xB575,
    0xB574,0xB575,0xB595,0xB595,0xB5B5,0xB595,0xBDB5,0xBDD6,0xBDB6,0xBDB5,0xBDB5,0xB595,
    0xB595,0xB595,0xB595,0xB595,0xB595,0xB595,0xB595,0xB595,0xB595,0xBDD6,0xBDF6,0xBDD6,
    0xB595,0xBDB5,0xB595,0xBDB6,0xBDB6,0xBDD6,0xBDD6,0xBDD6,0xBDD6,0xBDB5,0xBDB5,0xBDB5,
    0xB595,0xBDB5,0xBDD6,0xBDD6,0xBDD6,0xBDD6,0xBDD6,0xC5F6,0xC5F6,0xBDD6,0xBDD6,0xBDD6,
    0xBDD6,0xBDD6,0xBDD6,0xBDD6,0xBDD6,0xBDF6,0xC5F6,0xBDF6,0xBDF6,0xBDD6,0xBDD6,0xBDD6,
    0xBDD6,0xBDD6,0xBDD6,0xBDD6,0xBDD6,0xBDD6,0xBDD6,0xBDB6,0xBDD6,0xBDD6,0xBDD6,0xBDD6,
    0xBDD6,0xBDD6,0xBDF6,0xC5F7,0xC617,0xC617,0xC617,0xC617,0xC617,0xC5F7,0xC617,0xC617,
    0xC617,0xC617,0xC617,0xC5F7,0xC617,0xC617,0xC617,0xC5F7,0xC617,0xC617,0xC617,0xC617,
    0xC617,0xC617,0xC617,0xC617,0xC617,0xC5F7,0xC5F7,0xC5F7,0xC5F7,0xBDD6,0xBDD6,0xBDD6,
    0xBDD6,0xBDD6,0xC5F6,0xC5F7,0xC5F7,0xC5F7,0xC5F7,0xC5F7,0xC5F7,0xBDF6,0xBDF6,0xBDD6,
    0xBDF6,0xBDF6,0xBDF6,0xBDF6,0xBDD6,0xBDD6,0xBDD6,0xBDD6,0xBDD6,0xBDD6,0xBDD6,0xBDD6,
    0xBDF6,0xBDD6,0xBDD6,0xBDD6,0xBDB6,0xB5B5,0xBDB5,0xBDB6,0xBDB5,0xBDB5,0xBDB5,0xBDD6,
    0xBDD6,0xBDB6,0xBDB5,0xBDB5,0xB595,0xB595,0xBDB5,0xB595,0xBDB5,0xBDB5,0xBDB6,0xBDD6,
    0xBDD6,0xBDD6,0xBDD6,0xBDB5,0xBDB5,0xBDD5,0xBDB6,0xBDD6,0xBDB6,0xBDD6,0xBDD6,0xBDD6,
    0xBDD6,0xBDD6,0xB595,0xB574,0xB575,0xB595,0xB595,0xB595,0xB595,0xBDB5,0xBDB5,0xBDB5,
    0xB5B5,0xB5B5,0xBDD6,0xBDB5,0xBDB5,0xBDD6,0xBDD6,0xBDD6,0xBDD6,0xBDD6,0xBDD6,0xBDD6,
    0xBDD6,0xBDD6,0xBDB5,0xBDB5,0xBDD6,0xBDB5,0xB595,0xB595,0xB595,0xB595,0xB575,0xB595,
    0xB595,0xBDB5,0xBDD6,0xBDD6,0xBDD6,0xBDB5,0xB595,0xB575,0xB575,0xB595,0xB595,0xB595,
    0xB595,0xB595,0xB595,0xB5B5,0xB595,0xBDB5,0xB5B5,0xB595,0xB575,0xB595,0xB595,0xB595,
    0xB595,0xB595,0xB595,0xB595,0xB595,0xB575,0xB575,0xB575,0xB595,0xB595,0xB595,0xBDB5,
    0xBDD6,0xBDD6,0xBDD6,0xBDD6,0xBDF6,0xBDD6,0xBDB5,0xBDB5,0xB595,0xB595,0xB595,0xB595,
    0xB595,0xBDB5,0xB5B5,0xB595,0xB595,0xBDB5,0xB595,0xB595,0xB5B5,0xBDD6,0xBDB5,0xB595,
    0xB575,0xB595,0xB595,0xB575,0xB595,0xB595,0xB595,0xB575,0xB595,0xB575,0xB575,0xB575,
    0xB575,0xB575,0xB575,0xAD54,0xAD74,0xB574,0xB574,0xB575,0xB574,0xB575,0xAD74,0xAD74,
    0xB575,0xB574,0xB575,0xB595,0xB575,0xB595,0xB595,0xB575,0xB575,0xB595,0xB595,0xB574,
    0xAD54,0xAD54,0xAD54,0xB574,0xB575,0xB595,0xB595,0xBDB5,0xBDD6,0xBDD6,0xBDD6,0xBDD6,
    0xBDB5,0xBDB5,0xB595,0xB595,0xB595,0xB595,0xB595,0xB595,0xB595,0xB575,0xB595,0xB575,
    0xB574,0xB575,0xB595,0xB595,0xB595,0xB595,0xB5B5,0xBDB5,0xBDB5,0xBDB5,0xBDB5,0xB595,
    0xB595,0xB595,0xB595,0xB595,0xB595,0xB595,0xB595,0xB595,0xB595,0xB595,0xB595,0xBDB5,
    0xB5B5,0xB595,0xAD74,0xAD54,0xA513,0xA513,0xA533,0xAD33,0xA533,0xAD33,0xAD34,0xAD54,
    0xAD54,0xB574,0xB574,0xAD74,0xB574,0xAD74,0xB575,0xB574,0xB575,0xB575,0xB595,0xB595,
    0xB575,0xB574,0xB595,0xB575,0xB574,0xAD74,0xB574,0xB575,0xB595,0xB595,0xB595,0xB595,
    0xBDB5,0xB595,0xB595,0xB595,0xB595,0xB595,0xB595,0xB595,0xB575,0xB575,0xB595,0xB574,
    0xB574,0xB574,0xB575,0xB574,0xAD74,0xAD74,0xB574,0xB575,0xB574,0xB574,0xB574,0xAD74,
    0xAD74,0xB574,0xB574,0xB574,0xB574,0xB574,0xB574,0xAD74,0xAD74,0xAD74,0xB574,0xAD74,
    0xAD74,0xAD54,0xAD54,0xAD54,0xAD54,0xAD54,0xAD74,0xAD54,0xB574,0xAD54,0xAD74,0xB574,
    0xB574,0xB575,0xBDB5,0xBDD6,0xC5F7,0xBDD6,0xBDD6,0xBDD6,0xBDD6,0xC5F7,0xBDD6,0xC5F6,
    0xC5F7,0xBDF6,0xBDD6,0xBDD6,0xBDD6,0xBDD6,0xB595,0xB595,0xB595,0xB595,0xB595,0xB5B5,
    0xB5B5,0xB595,0xB595,0xB595,0xB595,0xB575,0xB595,0xB595,0xB595,0xB595,0xB595,0xB595,
    0xB595,0xB595,0xB595,0xB595,0xB595,0xB595,0xB5B5,0xB595,0xB5B5,0xBDB5,0xB595,0xB5B5,
    0xB5B5,0xBDB5,0xBDD6,0xBDD6,0xB595,0xB575,0xB595,0xB595,0xB595,0xB595,0xB595,0xB595,
    0xB575,0xB595,0xB595,0xB575,0xB575,0xB595,0xB575,0xB575,0xAD74,0xB574,0xB575,0xB574,
    0xB575,0xB595,0xB595,0xB595,0xB595,0xB575,0xB595,0xB595,0xB595,0xB595,0xB595,0xB595,
    0xBDB5,0xB5B5,0xBDB5,0xB595,0xB595,0xB595,0xB595,0xB595,0xB595,0xB595,0xB574,0xB575,
    0xB595,0xB575,0xB595,0xB595,0xB595,0xB595,0xBDD6,0xBDD6,0xBDD6,0xBDB5,0xBDB5,0xBDD6,
    0xBDD6,0xC5F6,0xBDD6,0xBDD6,0xBDD6,0xBDB5,0xBDD6,0xBDB5,0xB5B5,0xBDB5,0xBDD6,0xBDD6,
    0xBDD6,0xBDD6,0xBDD6,0xC5F6,0xC5F7,0xBDF6,0xBDD6,0xBDD6,0xBDD6,0xBDD6,0xBDD6,0xBDB5,
    0xBDB5,0xBDD6,0xBDD6,0xBDB5,0xBDB5,0xBDB5,0xBDB5,0xB5B5,0xBDB5,0xBDD6,0xBDD6,0xBDD6,
    0xBDD6,0xBDD6,0xBDD6,0xBDD6,0xBDD6,0xBDF6,0xBDF6,0xBDD6,0xBDD6,0xBDD6,0xBDD6,0xC5F6,
    0xBDF6,0xC5F6,0xC5F7,0xC617,0xC5F7,0xBDD6,0xBDF6,0xC5F7,0xC617,0xC617,0xC617,0xC5F7,
    0xC5F6,0xC5F6,0xC5F7,0xBDF6,0xC5F7,0xC617,0xC617,0xC617,0xC617,0xC617,0xC617,0xC5F7,
    0xC617,0xC617,0xC637,0xBDF6,0xBDD6,0xBDD6,0xBDB5,0xBDD6,0xC637,0xBDF6,0xC5F6,0xC5F7,
    0xC5F7,0xC5F7,0xC5F7,0xC5F7,0xBDF6,0xBDF6,0xC5F6,0xC5F6,0xC5F6,0xC5F6,0xC5F7,0xBDF6,
    0xBDF6,0xC5F7,0xC5F6,0xC5F6,0xBDF6,0xBDD6,0xBDD6,0xBDD6,0xBDD6,0xBDD6,0xBDD6,0xBDD6,
    0xBDD6,0xBDD6,0xBDD6,0xBDB6,0xBDB6,0xBDB5,0xB5B5,0xB595,0xBDB5,0xB5B5,0xB5B5,0xB595,
    0xB595,0xBDB5,0xBDB5,0xBDB5,0xBDB6,0xBDB6,0xBDB6,0xBDB5,0xBDB6,0xBDD6,0xBDD6,0xBDB5,
    0xBDD6,0xBDD6,0xBDD6,0xBDD6,0xBDB5,0xBDD6,0xBDB5,0xBDB6,0xBDB6,0xBDD6,0xBDB6,0xB595,
    0xB575,0xB595,0xB595,0xB595,0xB595,0xB595,0xBDB5,0xBDB5,0xBDB6,0xBDD6,0xBDD6,0xBDD6,
    0xBDD6,0xBDD6,0xBDD6,0xBDF6,0xBDD6,0xBDD6,0xBDD6,0xBDD6,0xBDD6,0xBDD6,0xBDD6,0xBDB5,
    0xBDB6,0xBDB5,0xB5B5,0xBDB6,0xBDD6,0xBDB5,0xBDD6,0xBDB6,0xB5B5,0xB5B5,0xB595,0xB595,
    0xB595,0xB595,0xB595,0xB595,0xB575,0xB575,0xB574,0xB595,0xB575,0xAD74,0xAD74,0xB575,
    0xB575,0xB575,0xB575,0xB595,0xB595,0xB575,0xB595,0xB595,0xB575,0xAD74,0xAD74,0xB575,
    0xB575,0xB575,0xB595,0xB575,0xB575,0xB595,0xB595,0xB595,0xB595,0xB575,0xB575,0xB595,
    0xB595,0xB595,0xB575,0xB575,0xB595,0xB595,0xB595,0xB595,0xB595,0xBDB5,0xBDD6,0xBDD6,
    0xBDD6,0xBDB5,0xB595,0xB595,0xB595,0xBDB5,0xBDB5,0xB595,0xB595,0xB595,0xB595,0xB595,
    0xB595,0xB595,0xB575,0xAD74,0xAD54,0xAD54,0xAD74,0xAD54,0xAD54,0xAD54,0xAD54,0xAD54,
    0xAD74,0xB595,0xB595,0xB575,0xB574,0xB575,0xB574,0xB574,0xB575,0xB595,0xB575,0xB595,
    0xB595,0xB595,0xB5B5,0xB595,0xB595,0xB595,0xB595,0xB575,0xB574,0xB595,0xB595,0xBDB5,
    0xB5B5,0xB595,0xB5B5,0xBDB5,0xBDB6,0xBDD6,0xBDD6,0xBDB5,0xB595,0xB595,0xB595,0xB575,
    0xB595,0xB595,0xB595,0xB595,0xB595,0xB595,0xB595,0xB595,0xB595,0xB595,0xB595,0xB595,
    0xB595,0xB595,0xB595,0xB575,0xB575,0xB595,0xB595,0xB595,0xB575,0xB575,0xB574,0xB574,
    0xAD74,0xB595,0xB595,0xB595,0xB595,0xB595,0xBDB5,0xBDB5,0xBDD6,0xBDD6,0xBDD6,0xBDB5,
    0xB575,0xAD54,0xAD54,0xAD54,0xAD54,0xAD54,0xAD54,0xAD54,0xAD54,0xAD54,0xAD54,0xAD74,
    0xAD54,0xAD54,0xAD54,0xAD74,0xAD54,0xAD54,0xAD54,0xAD74,0xAD74,0xB575,0xB575,0xB5B5,
    0xB595,0xB595,0xB575,0xAD74,0xAD74,0xB575,0xB575,0xB575,0xB575,0xB574,0xB575,0xB595,
    0xB575,0xB575,0xAD74,0xAD74,0xB574,0xB574,0xAD74,0xAD74,0xAD54,0xB574,0xB574,0xAD74,
    0xAD54,0xB574,0xB574,0xAD54,0xAD54,0xAD74,0xAD54,0xAD54,0xAD54,0xAD54,0xAD54,0xAD74,
    0xAD74,0xAD74,0xAD54,0xAD54,0xAD54,0xAD54,0xAD54,0xAD54,0xAD54,0xAD54,0xAD54,0xAD54,
    0xAD54,0xAD54,0xAD54,0xAD54,0xB574,0xB574,0xAD54,0xAD74,0xB595,0xB575,0xB595,0xB595,
    0xB595,0xB595,0xB595,0xBDB5,0xBDB5,0xBDD6,0xBDB5,0xB5B5,0xBDD6,0xBDB5,0xBDB5,0xB595,
    0xBDB5,0xBDB5,0xB5B5,0xB5B5,0xB595,0xB595,0xB5B5,0xBDB5,0xBDB5,0xB595,0xB595,0xBDD6,
    0xBDB5,0xBDB5,0xBDB5,0xB595,0xB5B5,0xB595,0xB595,0xB595,0xB595,0xB595,0xB595,0xB595,
    0xB595,0xB595,0xB595,0xB595,0xB595,0xBDB5,0xB595,0xB595,0xBDB6,0xBDB5,0xBDD6,0xBDD6,
    0xB5B5,0xB575,0xB574,0xB575,0xB595,0xB595,0xB595,0xB575,0xB574,0xB575,0xB595,0xB595,
    0xAD74,0xB574,0xB574,0xB575,0xB595,0xB5B5,0xB595,0xB595,0xB595,0xB595,0xB595,0xB595,
    0xB575,0xB575,0xB595,0xB595,0xB595,0xBDB5,0xBDB5,0xB5B5,0xB595,0xBDB5,0xBDB5,0xB595,
    0xB595,0xB595,0xBDB5,0xBDB5,0xB595,0xBDB5,0xB595,0xB595,0xB595,0xB575,0xB595,0xBDB5,
    0xBDB5,0xBDD6,0xBDB5,0xBDB5,0xBDB6,0xBDB6,0xBDB5,0xBDB5,0xBDD6,0xBDB6,0xB595,0xBDB5,
    0xBDB5,0xB595,0xB595,0xB595,0xB595,0xB595,0xB595,0xB595,0xB595,0xB595,0xB5B5,0xBDB5,
    0xBDD6,0xBDD6,0xBDD6,0xBDB5,0xBDB5,0xB5B5,0xBDB5,0xBDD6,0xBDB5,0xBDB5,0xB5B5,0xB595,
    0xB5B5,0xB5B5,0xB5B5,0xBDB6,0xBDD6,0xBDD6,0xBDD6,0xBDF6,0xBDD6,0xBDF6,0xBDF6,0xBDF6,
    0xBDF6,0xC5F6,0xC5F7,0xC5F7,0xC5F6,0xBDD6,0xBDD6,0xBDD6,0xBDD6,0xBDD6,0xBDD6,0xBDD6,
    0xC5F6,0xBDF6,0xC5F7,0xC617,0xC617,0xBDD6,0xBDD6,0xBDD6,0xBDD6,0xBDD6,0xBDF6,0xC5F6,
    0xC617,0xC617,0xC617,0xC617,0xC617,0xC617,0xC617,0xC617,0xC617,0xC617,0xC617,0xC617,
    0xC617,0xC617,0xC617,0xC637,0xC617,0xC5F7,0xBDF6,0xC5F6,0xC5F6,0xC5F7,0xC5F7,0xC5F7,
    0xC5F7,0xC5F6,0xC5F6,0xC5F6,0xBDD6,0xBDD6,0xBDD6,0xBDD6,0xBDD6,0xBDD6,0xBDD6,0xC5F7,
    0xBDF6,0xBDF6,0xBDF6,0xBDF6,0xBDD6,0xBDD6,0xBDB5,0xBDB5,0xBDB6,0xBDB6,0xBDD6,0xBDD6,
    0xBDB5,0xB595,0xB595,0xB595,0xBDB5,0xB595,0xB595,0xB595,0xB595,0xB575,0xB595,0xB595,
    0xB595,0xB575,0xB575,0xB574,0xB575,0xB595,0xB5B5,0xBDB5,0xBDB5,0xBDD6,0xBDD6,0xBDD6,
    0xBDD6,0xBDB5,0xBDD6,0xC5F6,0xBDD6,0xBDB5,0xB5B5,0xB595,0xB595,0xB575,0xB575,0xB574,
    0xB575,0xB595,0xB595,0xB595,0xB595,0xB595,0xB5B5,0xB5B5,0xB5B5,0xBDB5,0xBDD6,0xBDD6,
    0xBDD6,0xBDD6,0xBDD6,0xBDD6,0xBDD6,0xBDD6,0xBDD6,0xBDB5,0xBDB5,0xBDB6,0xBDD6,0xBDB5,
    0xB595,0xB595,0xB595,0xB595,0xB595,0xB595,0xB595,0xB5B5,0xB595,0xB595,0xB595,0xB595,
    0xB595,0xAD74,0xAD74,0xAD54,0xAD54,0xAD54,0xAD54,0xAD54,0xAD74,0xAD74,0xAD74,0xB574,
    0xAD74,0xAD54,0xAD54,0xAD54,0xAD54,0xAD74,0xAD74,0xAD74,0xAD54,0xAD54,0xAD74,0xB575,
    0xB575,0xB595,0xB595,0xB595,0xB595,0xB595,0xB595,0xB595,0xB595,0xB575,0xB595,0xB595,
    0xB595,0xB595,0xB595,0xB595,0xB595,0xB595,0xB595,0xB595,0xB595,0xB595,0xB595,0xB595,
    0xB595,0xB575,0xB575,0xB575,0xB574,0xB575,0xB575,0xB575,0xB575,0xB575,0xB575,0xB575,
    0xB574,0xAD74,0xB574,0xAD74,0xB574,0xAD74,0xAD74,0xB574,0xAD74,0xB574,0xB574,0xB574,
    0xAD74,0xAD74,0xB575,0xBDB5,0xBDB5,0xB5B5,0xB595,0xB595,0xB595,0xB595,0xB575,0xB595,
    0xB595,0xB575,0xB575,0xB595,0xB595,0xB595,0xB595,0xB595,0xB595,0xB595,0xBDB5,0xBDB5,
    0xBDD6,0xB595,0xB595,0xB595,0xB595,0xB575,0xB575,0xB575,0xAD74,0xB575,0xB595,0xB595,
    0xB595,0xB595,0xB595,0xB595,0xB5B5,0xB5B5,0xB595,0xB595,0xB595,0xB595,0xB595,0xB574,
    0xB574,0xB595,0xBDB6,0xB595,0xB595,0xB575,0xB575,0xB575,0xB574,0xB575,0xB575,0xB595,
    0xB595,0xB595,0xB595,0xB595,0xB595,0xB595,0xB595,0xB595,0xB595,0xB575,0xAD74,0xAD54,
    0xAD74,0xB575,0xB575,0xB575,0xB574,0xB575,0xB575,0xB595,0xB575,0xB575,0xAD74,0xAD54,
    0xAD54,0xAD54,0xAD54,0xAD54,0xAD54,0xAD54,0xB574,0xB595,0xB595,0xAD74,0xB574,0xB575,
    0xAD74,0xB574,0xB595,0xB595,0xB574,0xB574,0xB575,0xB595,0xAD74,0xAD74,0xAD74,0xAD74,
    0xAD54,0xAD54,0xAD54,0xAD54,0xAD54,0xAD54,0xAD54,0xAD54,0xAD54,0xAD74,0xAD54,0xAD54,
    0xAD54,0xAD54,0xAD54,0xAD54,0xAD54,0xAD54,0xAD54,0xAD54,0xAD54,0xAD54,0xAD54,0xAD74,
    0xB595,0xAD74,0xAD54,0xAD54,0xAD54,0xAD54,0xAD54,0xAD54,0xAD54,0xAD54,0xAD74,0xAD74,
    0xAD74,0xAD74,0xAD74,0xB595,0xB595,0xB595,0xB595,0xB595,0xB595,0xB595,0xB595,0xB595,
    0xB5B5,0xB5B5,0xB5B5,0xB595,0xB595,0xB595,0xB595,0xB595,0xB5B5,0xB595,0xB595,0xB575,
    0xB575,0xB595,0xB595,0xB575,0xB595,0xB595,0xB595,0xB5B5,0xBDB5,0xBDB5,0xBDB5,0xB595,
    0xB575,0xAD74,0xAD74,0xAD74,0xB575,0xB595,0xB575,0xB595,0xB595,0xB575,0xB575,0xB575,
    0xB595,0xB575,0xB595,0xB595,0xB595,0xB595,0xB595,0xB595,0xB575,0xB595,0xB595,0xB595,
    0xB595,0xB595,0xB575,0xB574,0xB575,0xB574,0xB574,0xB574,0xB574,0xAD74,0xB574,0xB574,
    0xB575,0xB595,0xB575,0xB595,0xB595,0xB595,0xBDB5,0xBDB5,0xB5B5,0xBDB5,0xB595,0xB595,
    0xB5B5,0xB595,0xB595,0xB595,0xB595,0xB595,0xB595,0xB575,0xB595,0xB595,0xB595,0xB595,
    0xB575,0xB595,0xB595,0xB595,0xBDD6,0xBDB5,0xB574,0xB575,0xBDB5,0xB5B5,0xB5B5,0xB5B5,
    0xBDB5,0xB595,0xB5B5,0xB595,0xB595,0xB595,0xB595,0xB595,0xB595,0xB595,0xB595,0xB5B5,
    0xB595,0xB575,0xB574,0xB575,0xB595,0xB595,0xB595,0xB595,0xB595,0xB575,0xB595,0xB5B5,
    0xBDB6,0xB5B5,0xBDB5,0xBDD6,0xBDB5,0xB5B5,0xB5B5,0xBDB5,0xBDD6,0xBDB6,0xBDD6,0xBDD6,
    0xBDD6,0xBDD6,0xBDD6,0xBDD6,0xBDD6,0xBDD6,0xBDD6,0xBDD6,0xBDF6,0xBDF6,0xBDD6,0xBDD6,
    0xBDD6,0xBDD6,0xBDD6,0xBDD6,0xBDD6,0xBDD6,0xBDD6,0xBDD6,0xBDD6,0xBDD6,0xC5F6,0xC5F7,
    0xC5F6,0xBDD6,0xBDD6,0xBDD6,0xC5F6,0xC5F7,0xC5F7,0xC617,0xC617,0xC5F7,0xC5F7,0xC617,
    0xC617,0xC617,0xC617,0xC617,0xC617,0xC617,0xC617,0xC617,0xC617,0xC5F7,0xC617,0xC5F6,
    0xBDF6,0xC617,0xC617,0xC617,0xC617,0xC617,0xC5F6,0xBDD6,0xBDD6,0xBDD6,0xC617,0xBDF6,
    0xBDF6,0xBDF6,0xBDD6,0xBDF6,0xBDD6,0xBDD6,0xBDD6,0xBDD6,0xBDD6,0xBDD6,0xBDD6,0xBDB6,
    0xBDB5,0xBDB5,0xB595,0xB595,0xB595,0xB575,0xB595,0xB595,0xB595,0xB595,0xB595,0xB595,
    0xB595,0xB595,0xB595,0xB575,0xB575,0xB575,0xB574,0xB574,0xB575,0xB595,0xB595,0xB575,
    0xB595,0xB595,0xBDB6,0xBDD6,0xBDB5,0xBDB5,0xBDD6,0xBDD6,0xB595,0xB595,0xB5B5,0xBDB5,
    0xB595,0xB595,0xBDB5,0xBDB5,0xBDB5,0xBDB5,0xBDB5,0xBDB5,0xB5B5,0xB5B5,0xBDB5,0xBDB5,
    0xB595,0xB595,0xBDB5,0xBDD6,0xBDB6,0xBDB6,0xBDD6,0xBDD6,0xBDD6,0xC5F6,0xC5F6,0xBDD6,
    0xBDD6,0xBDB6,0xB5B5,0xB595,0xB5B5,0xB595,0xB595,0xB575,0xB595,0xB574,0xB575,0xB575,
    0xB595,0xB595,0xB595,0xB595,0xB595,0xB595,0xB575,0xB575,0xB575,0xAD74,0xAD54,0xAD54,
    0xAD54,0xAD74,0xAD74,0xAD54,0xB574,0xB574,0xAD54,0xAD54,0xAD54,0xAD54,0xAD54,0xAD34,
    0xAD54,0xAD54,0xAD74,0xAD54,0xB574,0xB574,0xB575,0xB574,0xAD74,0xAD54,0xAD54,0xAD54,
    0xAD54,0xB574,0xB595,0xB575,0xB595,0xB595,0xB595,0xB595,0xB595,0xB595,0xB595,0xB595,
    0xB595,0xB5B5,0xBDB5,0xBDB5,0xB595,0xB595,0xB595,0xB595,0xB575,0xB595,0xB575,0xB575,
    0xB575,0xB575,0xB595,0xB595,0xB595,0xB595,0xB575,0xB595,0xB575,0xB575,0xAD74,0xB574,
    0xB574,0xB595,0xB595,0xB575,0xAD54,0xAD54,0xAD54,0xAD74,0xAD74,0xAD54,0xAD74,0xB575,
    0xB595,0xB575,0xB574,0xB575,0xB575,0xB575,0xB575,0xB575,0xB574,0xAD74,0xAD74,0xAD74,
    0xAD74,0xB574,0xB595,0xB595,0xB595,0xB595,0xBDB5,0xBDB5,0xB595,0xB595,0xB575,0xB595,
    0xB595,0xB595,0xB595,0xB574,0xAD74,0xB574,0xB574,0xB595,0xB595,0xB575,0xB595,0xB595,
    0xB595,0xB595,0xB595,0xB595,0xB595,0xB595,0xB5B5,0xB595,0xB595,0xB595,0xB5B5,0xB595,
    0xB595,0xB595,0xB595,0xB595,0xB595,0xB595,0xB595,0xB595,0xBDB5,0xBDB5,0xB5B5,0xB5B5,
    0xB595,0xB595,0xBDB5,0xB595,0xB575,0xB595,0xB595,0xB595,0xB595,0xB595,0xB595,0xB575,
    0xB574,0xB595,0xB5B5,0xB595,0xB595,0xB595,0xB595,0xAD74,0xAD54,0xB575,0xAD54,0xAD54,
    0xAD54,0xAD74,0xAD54,0xAD74,0xAD54,0xAD74,0xB574,0xB575,0xB595,0xB595,0xBDB5,0xBDD6,
    0xBDD6,0xBDD6,0xB5B5,0xB595,0xB595,0xB595,0xB595,0xB595,0xB575,0xB574,0xAD74,0xAD74,
    0xAD54,0xAD54,0xAD54,0xAD74,0xAD74,0xAD74,0xB595,0xB574,0xAD54,0xAD74,0xAD54,0xAD54,
    0xAD74,0xB574,0xAD74,0xAD74,0xAD54,0xAD74,0xB575,0xB595,0xB575,0xB575,0xAD74,0xAD54,
    0xAD54,0xAD54,0xAD54,0xAD74,0xB574,0xAD54,0xAD74,0xAD74,0xAD74,0xB575,0xB595,0xB595,
    0xB575,0xB595,0xB595,0xB595,0xB595,0xB595,0xB5B5,0xBDB5,0xBDD6,0xB595,0xB595,0xB595,
    0xB595,0xB595,0xB595,0xB5B5,0xB5B5,0xB595,0xB575,0xAD74,0xB575,0xB575,0xB5B5,0xB595,
    0xB595,0xB575,0xB575,0xAD74,0xAD74,0xAD74,0xB575,0xB575,0xB574,0xB574,0xB574,0xB574,
    0xB595,0xB595,0xB595,0xB595,0xBDB6,0xB595,0xB595,0xB595,0xB595,0xB595,0xB595,0xB595,
    0xB595,0xB595,0xB575,0xB575,0xB595,0xB595,0xB595,0xBDB5,0xBDB5,0xBDB5,0xB595,0xB595,
    0xB595,0xB595,0xB5B5,0xBDB5,0xBDB5,0xBDD6,0xBDD6,0xBDB5,0xB595,0xBDB5,0xB595,0xB595,
    0xB595,0xB595,0xBDB5,0xBDD6,0xBDB5,0xBDD6,0xBDD6,0xBDB5,0xBDB6,0xBDB5,0xB595,0xB575,
    0xB575,0xB575,0xAD74,0xAD74,0xAD74,0xB575,0xB575,0xB575,0xB595,0xB595,0xB595,0xB595,
    0xB595,0xB595,0xB575,0xB575,0xB595,0xB595,0xB595,0xB595,0xB5B5,0xB595,0xBDB5,0xB595,
    0xB595,0xB595,0xB595,0xB595,0xB575,0xB595,0xB5B5,0xBDD6,0xBDD6,0xBDD6,0xBDD6,0xBDD6,
    0xBDD6,0xBDD6,0xBDD6,0xBDD6,0xBDB5,0xBDB5,0xBDB5,0xBDB5,0xB595,0xB595,0xB595,0xB595,
    0xB595,0xB5B5,0xB595,0xBDB5,0xB595,0xB595,0xBDB5,0xBDB5,0xBDD6,0xBDD6,0xBDD6,0xBDB5,
    0xBDD6,0xBDD6,0xBDD6,0xBDD6,0xBDD6,0xBDD6,0xBDD6,0xBDD6,0xBDD6,0xBDD6,0xBDD6,0xBDD6,
    0xBDD6,0xBDD6,0xBDD6,0xBDD6,0xBDD6,0xBDD6,0xBDD6,0xBDD6,0xBDB6,0xBDB5,0xBDD6,0xBDD6,
    0xBDD6,0xBDD6,0xBDF6,0xC5F7,0xC617,0xC617,0xC617,0xC5F7,0xBDD6,0xC5F6,0xC637,0xC617,
    0xC617,0xC617,0xC617,0xC617,0xC5F7,0xC617,0xC617,0xC617,0xC617,0xC617,0xC637,0xC617,
    0xC5F7,0xBDD6,0xBDF6,0xBDD6,0xBDD6,0xC5F6,0xC5F6,0xBDD6,0xBDD6,0xBDB5,0xB5B5,0xB5B5,
    0xB595,0xBDB5,0xBDB5,0xBDB5,0xBDB6,0xBDB6,0xBDD6,0xB595,0xB595,0xB595,0xB575,0xAD74,
    0xB574,0xB574,0xB575,0xB575,0xB595,0xB595,0xB595,0xB595,0xB595,0xBDB5,0xB595,0xB595,
    0xB595,0xB595,0xB595,0xB595,0xBDB5,0xBDB5,0xBDB5,0xB595,0xB595,0xB595,0xB595,0xB595,
    0xB595,0xB595,0xB575,0xB595,0xB595,0xB595,0xB595,0xB595,0xB595,0xBDB5,0xBDD6,0xBDB5,
    0xBDD6,0xBDD6,0xBDD6,0xBDD6,0xB595,0xB5B5,0xBDB5,0xBDB5,0xB5B5,0xBDB5,0xBDD6,0xBDD6,
    0xBDD6,0xBDB5,0xBDB5,0xBDD6,0xBDD6,0xBDD6,0xBDF6,0xBDD6,0xBDD6,0xBDB6,0xBDB5,0xB5B5,
    0xBDB5,0xBDB5,0xBDD6,0xBDB5,0xBDD6,0xB5B5,0xB595,0xB595,0xB595,0xB5B5,0xBDB5,0xBDB5,
    0xB595,0xB595,0xB5B5,0xB5B5,0xBDB5,0xBDB5,0xB595,0xB595,0xB575,0xB575,0xB595,0xB595,
    0xB575,0xB595,0xB595,0xB595,0xB575,0xB575,0xAD74,0xAD74,0xAD74,0xAD54,0xAD74,0xB574,
    0xB574,0xB575,0xB575,0xB575,0xB575,0xAD74,0xAD74,0xAD54,0xAD74,0xAD54,0xAD54,0xAD74,
    0xAD74,0xB574,0xB574,0xB595,0xB595,0xB575,0xB574,0xB575,0xB595,0xB595,0xB595,0xB595,
    0xB595,0xB595,0xB595,0xB595,0xB595,0xB575,0xB575,0xB575,0xB575,0xB595,0xB595,0xB595,
    0xB595,0xB595,0xB575,0xB574,0xAD74,0xB575,0xB575,0xB574,0xAD74,0xB595,0xAD74,0xAD54,
    0xAD54,0xAD74,0xAD54,0xAD54,0xAD74,0xAD74,0xB574,0xB574,0xB575,0xB575,0xB595,0xB595,
    0xB575,0xB595,0xB595,0xB575,0xB574,0xB575,0xB595,0xB595,0xB595,0xB595,0xB595,0xB595,
    0xB574,0xB575,0xB595,0xB595,0xB575,0xB575,0xB595,0xB595,0xBDD6,0xBDD6,0xBDB5,0xB595,
    0xB595,0xB595,0xB575,0xBDB5,0xB5B5,0xB595,0xB595,0xB595,0xB595,0xB595,0xB595,0xB595,
    0xB595,0xB595,0xB5B5,0xB595,0xB595,0xB575,0xB575,0xB575,0xB595,0xB595,0xB595,0xB595,
    0xB595,0xB595,0xB575,0xB595,0xB595,0xB595,0xBDB5,0xBDB6,0xBDD6,0xBDB5,0xB595,0xB595,
    0xB575,0xB595,0xB595,0xB595,0xB575,0xB595,0xB595,0xB595,0xB5B5,0xBDB5,0xBDB5,0xBDD6,
    0xBDB5,0xB595,0xB5B5,0xBDB5,0xB595,0xB595,0xB595,0xB595,0xB595,0xB595,0xB595,0xB575,
    0xB575,0xB595,0xB575,0xB575,0xB595,0xB595,0xB5B5,0xB5B5,0xB595,0xB595,0xB595,0xB595,
    0xB595,0xB595,0xB595,0xB595,0xB595,0xB595,0xB595,0xB595,0xB575,0xB575,0xB575,0xB595,
    0xB595,0xB595,0xB595,0xB574,0xB595,0xB595,0xB575,0xB574,0xB575,0xB595,0xB575,0xAD74,
    0xAD74,0xAD54,0xB574,0xB575,0xB574,0xAD74,0xB575,0xB575,0xB575,0xB575,0xB575,0xB574,
    0xB575,0xB574,0xAD74,0xB575,0xB575,0xB575,0xB575,0xB595,0xB595,0xB595,0xB575,0xB574,
    0xB575,0xB595,0xB595,0xBDB5,0xBDD6,0xBDD6,0xB595,0xB595,0xB595,0xB595,0xB5B5,0xB595,
    0xBDB5,0xBDB5,0xB5B5,0xB575,0xB595,0xB595,0xB595,0xB595,0xB595,0xB595,0xB595,0xB595,
    0xB575,0xB575,0xB575,0xB595,0xB595,0xB575,0xB595,0xB595,0xB595,0xB5B5,0xB5B5,0xB595,
    0xB5B5,0xB595,0xB595,0xB5B5,0xB595,0xB575,0xB595,0xB595,0xB595,0xB595,0xB595,0xB575,
    0xB575,0xB595,0xB595,0xB595,0xBDB5,0xB5B5,0xB595,0xB595,0xB595,0xB595,0xB595,0xB595,
    0xB595,0xBDB5,0xBDB5,0xBDB5,0xBDB5,0xB595,0xBDB5,0xBDB5,0xB595,0xB595,0xB595,0xB595,
    0xB595,0xBDB5,0xBDB5,0xBDB5,0xBDB5,0xB595,0xB595,0xB595,0xB595,0xB595,0xB575,0xB595,
    0xB595,0xB575,0xB574,0xB575,0xB595,0xB595,0xB575,0xB575,0xB575,0xB575,0xB575,0xB575,
    0xB595,0xB595,0xB595,0xB595,0xB575,0xB575,0xB575,0xB595,0xB595,0xB595,0xB575,0xB575,
    0xB595,0xB575,0xB574,0xB595,0xB595,0xBDB5,0xBDB5,0xBDD6,0xBDD6,0xBDD6,0xBDF6,0xBDD6,
    0xB5B5,0xB595,0xB595,0xB595,0xB575,0xB575,0xB575,0xB595,0xBDB5,0xBDB5,0xB595,0xB595,
    0xB595,0xB575,0xB595,0xBDB5,0xBDB5,0xB595,0xB595,0xB595,0xB595,0xB595,0xB595,0xB595,
    0xB595,0xB595,0xBDD6,0xBDD6,0xBDD6,0xBDB5,0xB595,0xB595,0xB595,0xBDD6,0xBDD6,0xBDB5,
    0xBDD6,0xBDD6,0xBDD6,0xBDD6,0xBDD6,0xBDD6,0xBDD6,0xBDD6,0xBDD6,0xBDF6,0xBDF6,0xBDD6,
    0xBDD6,0xBDD6,0xC5F7,0xBDD6,0xC5F6,0xC5F6,0xC617,0xC5F7,0xC5F6,0xC5F7,0xBDD6,0xC5F7,
    0xC617,0xC5F7,0xC5F7,0xC5F6,0xC5F7,0xC5F7,0xBDF6,0xBDD6,0xBDF6,0xBDD6,0xBDD6,0xBDD6,
    0xBDD6,0xBDD6,0xBDD6,0xC5F6,0xBDD6,0xBDB5,0xBDB5,0xB595,0xB595,0xBDD6,0xC617,0xBDD6,
    0xB5B5,0xB595,0xB595,0xB595,0xB595,0xB575,0xB595,0xB595,0xB595,0xB595,0xB595,0xB575,
    0xB575,0xB575,0xB595,0xB575,0xB595,0xBDB5,0xBDB5,0xB595,0xB575,0xB575,0xBDB5,0xBDD6,
    0xBDB5,0xB5B5,0xBDB5,0xB595,0xB595,0xB595,0xB595,0xB595,0xB595,0xB595,0xB5B5,0xB595,
    0xBDB6,0xBDB5,0xBDD6,0xBDD6,0xBDB5,0xBDB5,0xBDB5,0xBDD6,0xBDB5,0xB5B5,0xBDB5,0xB595,
    0xBDD6,0xBDD6,0xB5B5,0xB595,0xBDB5,0xBDB5,0xBDB6,0xBDB6,0xBDB5,0xB595,0xBDB5,0xBDB6,
    0xBDD6,0xBDD6,0xBDD6,0xBDB5,0xB595,0xB595,0xB5B5,0xBDB5,0xBDB5,0xBDB5,0xBDD6,0xBDD6,
    0xBDD6,0xBDD6,0xBDB5,0xBDB5,0xB595,0xB595,0xB595,0xB595,0xB595,0xB595,0xBDB5,0xBDB5,
    0xBDB5,0xBDB5,0xB5B5,0xB595,0xB595,0xB595,0xB595,0xB595,0xB595,0xB595,0xB595,0xB595,
    0xB574,0xAD54,0xAD54,0xB574,0xB574,0xB574,0xB575,0xB575,0xAD74,0xAD74,0xAD74,0xAD74,
    0xB575,0xAD74,0xB574,0xB595,0xB595,0xB595,0xB595,0xBDB5,0xBDD6,0xBDD6,0xB5B5,0xB595,
    0xB575,0xB575,0xB595,0xB575,0xAD74,0xAD74,0xAD74,0xAD54,0xB574,0xB595,0xB595,0xB595,
    0xB595,0xB5B5,0xB595,0xBDB5,0xBDB6,0xBDB5,0xBDB6,0xBDB6,0xBDB5,0xBDB5,0xBDB5,0xB595,
    0xB595,0xB595,0xB575,0xB574,0xAD74,0xB574,0xB575,0xB595,0xB574,0xAD74,0xAD74,0xAD74,
    0xB574,0xB595,0xB595,0xB595,0xB595,0xB595,0xB595,0xB595,0xB595,0xB575,0xB595,0xB595,
    0xBDB5,0xBDB5,0xBDD6,0xBDB5,0xB595,0xB575,0xB595,0xB595,0xB595,0xB595,0xB595,0xB595,
    0xB595,0xB595,0xB595,0xBDB5,0xBDB5,0xBDD6,0xBDD6,0xBDB5,0xB5B5,0xB595,0xB595,0xB595,
    0xB595,0xB595,0xB5B5,0xB5B5,0xB595,0xB595,0xB595,0xB595,0xB595,0xB595,0xB595,0xB595,
    0xB595,0xB595,0xB595,0xB595,0xB595,0xB595,0xB595,0xB595,0xB595,0xB595,0xB595,0xB595,
    0xB595,0xB595,0xB595,0xB5B5,0xBDB5,0xBDB5,0xBDB5,0xB595,0xB595,0xBDB5,0xBDD6,0xBDD6,
    0xBDB5,0xBDD6,0xBDD6,0xB595,0xB595,0xBDB5,0xBDB5,0xBDD6,0xBDD6,0xBDD6,0xBDB5,0xB595,
    0xB595,0xB595,0xB575,0xB595,0xAD74,0xB595,0xB595,0xB575,0xB595,0xB595,0xB595,0xB574,
    0xB574,0xB595,0xB595,0xB574,0xB575,0xB595,0xB595,0xB595,0xB575,0xB595,0xB575,0xB595,
    0xB595,0xB595,0xB575,0xB575,0xB595,0xB595,0xB595,0xB575,0xB595,0xB595,0xB575,0xB595,
    0xB595,0xB595,0xB5B5,0xB595,0xB595,0xB595,0xB595,0xB595,0xB595,0xB575,0xB595,0xB595,
    0xB595,0xB595,0xB595,0xB595,0xB595,0xB595,0xB595,0xB595,0xAD74,0xAD74,0xB575,0xB595,
    0xB595,0xB595,0xB595,0xB595,0xB595,0xB5B5,0xB595,0xB595,0xB5B5,0xB595,0xB5B5,0xB595,
    0xB595,0xB595,0xB5B5,0xB595,0xB574,0xB574,0xB575,0xB575,0xB575,0xAD74,0xB575,0xAD74,
    0xB575,0xB595,0xB595,0xB595,0xB595,0xB595,0xB595,0xB595,0xB595,0xB595,0xB595,0xB595,
    0xB595,0xB595,0xB595,0xB595,0xB5B5,0xB595,0xB595,0xB595,0xB595,0xB595,0xB5B5,0xBDB5,
    0xBDB6,0xBDB5,0xBDB5,0xBDB5,0xBDD6,0xB5B5,0xBDB5,0xBDB5,0xBDB6,0xB595,0xB595,0xBDB5,
    0xBDB5,0xB595,0xB595,0xB595,0xB595,0xB595,0xB595,0xB595,0xB595,0xB595,0xB575,0xB575,
    0xB574,0xAD74,0xB595,0xB575,0xAD74,0xAD74,0xAD74,0xAD54,0xAD54,0xAD54,0xAD54,0xAD54,
    0xAD54,0xB574,0xB595,0xB595,0xB595,0xB595,0xB575,0xB595,0xBDD6,0xBDB6,0xB595,0xB595,
    0xB595,0xB575,0xB574,0xAD74,0xB574,0xB595,0xB595,0xB595,0xB595,0xB595,0xB575,0xB575,
    0xB574,0xB575,0xB575,0xB575,0xB595,0xB595,0xBDB5,0xB5B5,0xB5B5,0xB595,0xB595,0xB595,
    0xB595,0xB595,0xB595,0xB5B5,0xBDB5,0xBDD6,0xBDD6,0xBDD6,0xBDB6,0xBDB5,0xBDB5,0xBDB5,
    0xBDB5,0xBDB5,0xBDB5,0xB5B5,0xB5B5,0xB595,0xB595,0xB595,0xB595,0xB595,0xB595,0xB595,
    0xB595,0xB595,0xB595,0xBDD6,0xBDB5,0xBDB6,0xBDD6,0xBDB6,0xBDB5,0xBDD6,0xBDD6,0xBDD6,
    0xBDD6,0xC5F6,0xC5F7,0xBDD6,0xBDD6,0xBDD6,0xC5F7,0xBDF6,0xBDD6,0xBDD6,0xBDD6,0xBDD6,
    0xBDB5,0xB595,0xB595,0xB595,0xB595,0xB595,0xB5B5,0xBDF6,0xBDD6,0xBDD6,0xBDD6,0xBDD6,
    0xBDF6,0xBDD6,0xBDD6,0xBDD6,0xBDD6,0xBDF6,0xBDD6,0xBDD6,0xBDF6,0xBDB5,0xB595,0xB595,
    0xB595,0xBDD6,0xC5F6,0xC5F6,0xBDD6,0xBDD6,0xC5F7,0xBDD6,0xBDD6,0xBDD6,0xBDD6,0xBDD6,
    0xBDD6,0xBDB5,0xBDB5,0xB595,0xB595,0xB595,0xBDB5,0xBDB5,0xBDB5,0xB5B5,0xB595,0xB595,
    0xB595,0xB595,0xBDD6,0xBDD6,0xBDD6,0xBDD6,0xBDD6,0xBDD6,0xC5F6,0xBDF6,0xBDD6,0xBDD6,
    0xBDD6,0xBDD6,0xBDD6,0xBDD6,0xBDD6,0xBDD6,0xBDD6,0xBDD6,0xBDD6,0xBDD6,0xBDB5,0xBDB5,
    0xB5B5,0xBDB5,0xB5B5,0xB595,0xB595,0xBDB5,0xBDB5,0xB595,0xB5B5,0xBDB5,0xBDD6,0xBDB5,
    0xBDB5,0xB5B5,0xB5B5,0xBDB5,0xBDD6,0xBDB6,0xBDB5,0xBDB5,0xBDD6,0xBDB5,0xBDB5,0xBDB5,
    0xBDD6,0xBDB5,0xB595,0xB595,0xB595,0xB595,0xB595,0xB595,0xB595,0xB5B5,0xB595,0xBDB5,
    0xBDB5,0xBDB5,0xBDB6,0xBDB5,0xBDB5,0xBDD6,0xC5F6,0xC5F6,0xC5F6,0xC5F6,0xBDD6,0xBDD6,
    0xBDD6,0xBDB5,0xB595,0xB595,0xB595,0xB595,0xB595,0xB595,0xB595,0xB575,0xB574,0xB574,
    0xAD54,0xAD74,0xAD74,0xAD74,0xB575,0xB575,0xB595,0xB595,0xB575,0xB575,0xB575,0xB574,
    0xB595,0xB595,0xB595,0xB595,0xBDB5,0xBDB5,0xBDB5,0xBDB5,0xB595,0xB595,0xB575,0xB595,
    0xB575,0xAD74,0xB575,0xB595,0xB575,0xB575,0xAD74,0xAD74,0xAD74,0xAD54,0xAD54,0xAD74,
    0xAD74,0xAD54,0xB575,0xB595,0xB595,0xB595,0xB595,0xB5B5,0xBDB5,0xBDD6,0xBDD6,0xBDD6,
    0xBDD6,0xBDD6,0xBDD6,0xBDD6,0xBDD6,0xBDB5,0xBDB5,0xB5B5,0xB595,0xB595,0xB595,0xB575,
    0xB574,0xB574,0xB574,0xB575,0xB575,0xAD74,0xB575,0xB575,0xB575,0xB595,0xB595,0xB595,
    0xB595,0xB595,0xB595,0xBDB5,0xB5B5,0xBDD6,0xBDD6,0xBDD6,0xBDD6,0xBDB5,0xBDD6,0xBDD6,
    0xBDB5,0xBDB5,0xBDB5,0xBDB5,0xBDD6,0xBDB6,0xBDB5,0xBDD6,0xBDB5,0xB595,0xB595,0xB595,
    0xB595,0xB595,0xBDB5,0xBDB5,0xB5B5,0xBDB5,0xB595,0xB595,0xB595,0xB5B5,0xB595,0xB595,
    0xB595,0xB5B5,0xB595,0xB595,0xBDB5,0xBDD6,0xBDB5,0xBDB5,0xB5B5,0xB5B5,0xBDB5,0xBDD6,
    0xBDD6,0xBDD6,0xBDB5,0xBDB5,0xB5B5,0xB5B5,0xBDB5,0xBDB6,0xBDD6,0xBDD6,0xBDD6,0xBDD6,
    0xBDF6,0xBDD6,0xBDD6,0xBDD6,0xBDD6,0xBDB5,0xBDB5,0xBDB5,0xBDB5,0xBDB6,0xB595,0xB595,
    0xB595,0xB595,0xB595,0xB595,0xB595,0xB595,0xB595,0xB595,0xB595,0xB595,0xB575,0xB575,
    0xB575,0xAD74,0xB574,0xB574,0xB595,0xB575,0xB595,0xB5B5,0xB595,0xB595,0xB5B5,0xB595,
    0xB595,0xB595,0xB595,0xB595,0xB575,0xB595,0xB595,0xB595,0xB595,0xB575,0xB575,0xB595,
    0xB595,0xB595,0xB595,0xB595,0xB595,0xB595,0xB595,0xB595,0xB595,0xB595,0xB5B5,0xB595,
    0xB5B5,0xB5B5,0xB595,0xB5B5,0xB595,0xBDB5,0xB5B5,0xBDB5,0xBDB5,0xB595,0xB5B5,0xBDB5,
    0xBDB5,0xBDB5,0xBDB5,0xB595,0xB595,0xB595,0xB595,0xBDB5,0xB595,0xB5B5,0xB595,0xB595,
    0xB595,0xBDD6,0xBDB5,0xBDB5,0xB5B5,0xB595,0xB595,0xBDB5,0xBDB5,0xBDB5,0xBDB5,0xB595,
    0xB595,0xBDB5,0xB595,0xB595,0xB595,0xB595,0xB595,0xB595,0xB595,0xB595,0xBDB5,0xBDD6,
    0xBDD6,0xB595,0xB595,0xBDB5,0xBDD6,0xBDD6,0xBDD6,0xBDD6,0xBDD6,0xBDD6,0xBDB5,0xBDB5,
    0xB5B5,0xB595,0xB595,0xB595,0xB595,0xB595,0xB595,0xBDB5,0xBDB5,0xBDB5,0xBDB6,0xBDB6,
    0xB595,0xB595,0xB595,0xB595,0xBDB6,0xBDD6,0xBDD6,0xBDD6,0xB5B5,0xB595,0xB595,0xB595,
    0xB595,0xB595,0xB595,0xB595,0xB595,0xB595,0xBDD6,0xBDD6,0xBDB5,0xBDB5,0xBDB5,0xBDB5,
    0xBDB5,0xBDB5,0xB595,0xB595,0xB595,0xB595,0xB595,0xBDB5,0xBDB5,0xB595,0xB595,0xB595,
    0xB595,0xB595,0xB574,0xAD74,0xAD74,0xB595,0xB595,0xB595,0xB595,0xB595,0xB595,0xB595,
    0xB595,0xB575,0xB574,0xB575,0xB574,0xB595,0xB575,0xB575,0xB575,0xB575,0xB595,0xB595,
    0xB595,0xB595,0xB595,0xBDB5,0xB595,0xB595,0xBDB5,0xBDB5,0xBDB6,0xBDB5,0xBDD6,0xBDD6,
    0xBDD6,0xBDB6,0xBDD6,0xBDD6,0xBDB5,0xB595,0xB595,0xB595,0xB595,0xB595,0xB595,0xB595,
    0xB595,0xB595,0xB595,0xB595,0xB595,0xB595,0xB595,0xB595,0xB595,0xB5B5,0xB595,0xB575,
    0xAD74,0xAD74,0xB574,0xB575,0xB574,0xB575,0xBDB5,0xBDD6,0xB595,0xB5B5,0xB595,0xBDB5,
    0xBDB6,0xBDB6,0xBDD6,0xBDD6,0xBDD6,0xB595,0xB5B5,0xBDB5,0xB595,0xB595,0xB595,0xB595,
    0xB595,0xB5B5,0xBDD6,0xC617,0xC617,0xBDF6,0xBDD6,0xBDB5,0xB5B5,0xB5B5,0xBDD6,0xBDD6,
    0xBDD6,0xBDB6,0xB5B5,0xBDB5,0xBDD6,0xBDD6,0xBDB5,0xBDB5,0xBDB5,0xB5B5,0xBDD6,0xBDD6,
    0xB5B5,0xBDB6,0xBDD6,0xBDD6,0xBDB6,0xB595,0xB575,0xB574,0xB575,0xB595,0xB595,0xB5B5,
    0xBDB5,0xBDB5,0xB595,0xB595,0xB5B5,0xB5B5,0xBDB5,0xB595,0xB595,0xB595,0xB595,0xB5B5,
    0xBDB5,0xBDB5,0xBDD6,0xBDD6,0xBDD6,0xC5F6,0xC617,0xC617,0xC5F7,0xC5F7,0xC617,0xC617,
    0xC5F7,0xC617,0xC617,0xC617,0xC5F7,0xBDD6,0xBDD6,0xBDD6,0xBDD6,0xBDD6,0xB5B5,0xB5B5,
    0xBDB5,0xBDB5,0xB5B5,0xB595,0xB595,0xBDB5,0xBDB5,0xB595,0xB595,0xBDB5,0xBDB5,0xBDB5,
    0xBDB5,0xBDB5,0xBDB5,0xBDB6,0xBDB5,0xBDB5,0xBDD6,0xBDD6,0xBDD6,0xBDD6,0xBDD6,0xBDD6,
    0xBDB6,0xBDB5,0xBDB5,0xB5B5,0xB595,0xB595,0xB595,0xB595,0xB5B5,0xBDB5,0xB5B5,0xBDB5,
    0xBDB5,0xBDD6,0xBDD6,0xBDD6,0xBDD6,0xBDD6,0xBDD6,0xBDD6,0xBDD6,0xBDD6,0xBDB5,0xBDB5,
    0xBDB5,0xBDB5,0xB595,0xB595,0xB595,0xB595,0xB575,0xB575,0xB575,0xB575,0xB595,0xB575,
    0xB595,0xB595,0xB575,0xB575,0xB595,0xB595,0xB595,0xB575,0xB595,0xB595,0xBDB5,0xBDB5,
    0xB5B5,0xB595,0xB574,0xB574,0xB575,0xB595,0xB575,0xB575,0xB574,0xB575,0xB595,0xB575,
    0xB595,0xB574,0xAD74,0xB574,0xB574,0xAD74,0xAD54,0xAD74,0xAD74,0xB574,0xB575,0xB595,
    0xB595,0xBDB5,0xB595,0xB595,0xB595,0xB575,0xB575,0xB595,0xB595,0xB595,0xB595,0xB595,
    0xB595,0xB595,0xB5B5,0xB595,0xB595,0xB595,0xB5B5,0xB595,0xB595,0xB575,0xB574,0xB575,
    0xB595,0xB575,0xB595,0xB595,0xB595,0xB575,0xB574,0xB575,0xB595,0xB595,0xB595,0xB595,
    0xB595,0xB595,0xB595,0xB575,0xB575,0xB595,0xBDD6,0xBDD6,0xBDD6,0xBDB5,0xBDB5,0xB5B5,
    0xBDB5,0xBDB5,0xBDD6,0xBDB5,0xBDD6,0xBDD6,0xBDD6,0xBDD6,0xBDB6,0xBDD6,0xBDD6,0xBDB6,
    0xBDB5,0xB595,0xB595,0xB595,0xB575,0xB595,0xB595,0xB595,0xB595,0xB595,0xB595,0xB595,
    0xB595,0xB595,0xB5B5,0xBDB5,0xBDB5,0xBDB5,0xBDB5,0xB5B5,0xB595,0xBDB5,0xBDD6,0xBDB5,
    0xBDB5,0xBDB5,0xBDB5,0xBDB5,0xBDD5,0xBDD6,0xBDD6,0xBDD6,0xBDD6,0xBDD6,0xB5B5,0xB595,
    0xB595,0xB595,0xB595,0xB595,0xB595,0xB575,0xB595,0xB575,0xB575,0xB595,0xAD74,0xB574,
    0xB575,0xB575,0xB574,0xB575,0xB575,0xB575,0xB595,0xB595,0xB595,0xB5B5,0xBDB5,0xBDB5,
    0xBDB5,0xBDB5,0xBDB5,0xB5B5,0xB595,0xBDB5,0xB595,0xB595,0xB595,0xB574,0xAD54,0xAD74,
    0xAD54,0xAD54,0xB575,0xB575,0xB575,0xB595,0xBDD6,0xBDD6,0xBDB5,0xB595,0xB595,0xB595,
    0xB575,0xB575,0xB575,0xB575,0xB575,0xB575,0xB595,0xB595,0xB595,0xB595,0xB595,0xB595,
    0xB595,0xB595,0xB595,0xB595,0xB595,0xB595,0xB595,0xB595,0xB575,0xAD74,0xAD74,0xB574,
    0xB574,0xB575,0xB575,0xB5B5,0xB595,0xB595,0xB595,0xB595,0xB595,0xB595,0xB575,0xB575,
    0xB595,0xB595,0xB595,0xB595,0xB595,0xB595,0xB595,0xB595,0xBDB5,0xB595,0xB595,0xB595,
    0xB575,0xB575,0xB574,0xB574,0xB574,0xB595,0xB595,0xBDD6,0xBDD6,0xB595,0xBDB5,0xBDD6,
    0xBDB5,0xBDB5,0xB5B5,0xB595,0xB595,0xB595,0xB595,0xB595,0xB595,0xBDB5,0xB5B5,0xB595,
    0xB595,0xB595,0xB595,0xB595,0xB595,0xB595,0xB595,0xB595,0xB595,0xB595,0xB595,0xB595,
    0xB595,0xB595,0xB595,0xB595,0xBDB6,0xBDD6,0xBDD6,0xBDD6,0xBDB5,0xB595,0xB595,0xB595,
    0xB595,0xB595,0xB595,0xB595,0xB595,0xB595,0xB595,0xB595,0xB595,0xB595,0xB595,0xB595,
    0xB595,0xB595,0xB595,0xB595,0xB595,0xB575,0xB575,0xB575,0xB595,0xB575,0xAD74,0xAD74,
    0xB575,0xB575,0xB595,0xB595,0xB575,0xB575,0xB575,0xB595,0xBDB5,0xBDB5,0xBDD6,0xBDD6,
    0xBDD6,0xBDB5,0xB595,0xB595,0xB5B5,0xB5B5,0xB5B5,0xB595,0xB5B5,0xBDB5,0xB595,0xB595,
    0xB595,0xB595,0xB595,0xB595,0xB595,0xB595,0xB5B5,0xBDB5,0xBDB5,0xBDB5,0xBDD6,0xBDD6,
    0xBDB6,0xBDB5,0xB5B5,0xB595,0xB595,0xB595,0xB595,0xB595,0xB595,0xB595,0xBDB5,0xBDD6,
    0xB595,0xB595,0xB595,0xB595,0xB595,0xB595,0xB595,0xB595,0xB595,0xB595,0xB575,0xB595,
    0xB595,0xBDB5,0xBDD6,0xBDD6,0xBDD6,0xBDD6,0xBDD6,0xBDD6,0xBDF6,0xBDF6,0xBDF6,0xC5F7,
    0xC5F7,0xC5F6,0xBDD6,0xBDF6,0xBDD6,0xBDD6,0xC5F6,0xBDD6,0xBDD6,0xBDD6,0xC5F6,0xC617,
    0xC617,0xC617,0xC5F7,0xC5F6,0xBDD6,0xBDD6,0xBDD6,0xBDB5,0xB5B5,0xBDD6,0xBDD6,0xBDB5,
    0xBDD6,0xBDF6,0xBDD6,0xBDD6,0xBDD6,0xBDF6,0xBDD6,0xBDB5,0xBDB5,0xBDB5,0xBDB5,0xB5B5,
    0xBDB5,0xB5B5,0xB595,0xB575,0xB595,0xBDD6,0xBDD6,0xBDB5,0xBDB5,0xBDB5,0xBDD6,0xBDB5,
    0xBDB5,0xBDB5,0xB595,0xB595,0xB595,0xB5B5,0xBDB5,0xBDB5,0xBDB5,0xBDD6,0xBDB6,0xBDD6,
    0xBDD6,0xBDD6,0xBDD6,0xBDD6,0xBDD6,0xBDD6,0xBDF6,0xBDF6,0xBDD6,0xBDD6,0xBDD6,0xBDD6,
    0xBDB5,0xB5B5,0xBDB5,0xB5B5,0xB5B5,0xB5B5,0xBDB5,0xBDB5,0xB595,0xB595,0xB595,0xB595,
    0xB595,0xB595,0xB5B5,0xBDB5,0xBDB5,0xBDB6,0xBDD6,0xBDD6,0xBDD6,0xBDD6,0xBDF6,0xBDD6,
    0xBDB5,0xBDD6,0xBDD6,0xBDB5,0xBDD6,0xBDD6,0xBDD6,0xBDD6,0xBDD6,0xBDD6,0xBDB5,0xB595,
    0xB595,0xB595,0xB595,0xB595,0xB595,0xB595,0xB595,0xBDB5,0xB5B5,0xBDB5,0xBDB5,0xBDB5,
    0xBDB5,0xBDB6,0xBDB5,0xBDB5,0xBDB5,0xBDB5,0xBDB5,0xBDB5,0xBDB5,0xBDB5,0xBDB6,0xBDB5,
    0xB595,0xB595,0xBDB5,0xB5B5,0xBDB5,0xBDB5,0xBDB5,0xB5B5,0xB595,0xB595,0xB595,0xB595,
    0xB595,0xB595,0xB595,0xBDB5,0xBDB5,0xBDB5,0xBDB5,0xBDB5,0xBDB5,0xBDB5,0xBDB5,0xBDB5,
    0xB5B5,0xB595,0xB595,0xB595,0xB595,0xB595,0xB595,0xB575,0xB595,0xB595,0xB575,0xB574,
    0xB574,0xB575,0xB575,0xB575,0xB595,0xB595,0xB595,0xB595,0xBDB5,0xBDB5,0xBDB5,0xB5B5,
    0xB5B5,0xB595,0xB595,0xB595,0xB595,0xB595,0xB595,0xB595,0xB595,0xB595,0xB595,0xB595,
    0xB595,0xB595,0xB595,0xB595,0xB595,0xB575,0xB595,0xB595,0xB574,0xAD74,0xAD74,0xB574,
    0xB575,0xB575,0xB575,0xB595,0xBDB5,0xBDB5,0xB595,0xB595,0xB595,0xB595,0xB595,0xB575,
    0xB595,0xBDB5,0xBDB5,0xBDB5,0xB595,0xB595,0xB595,0xB595,0xB595,0xB595,0xBDB5,0xB595,
    0xB595,0xBDB6,0xBDD6,0xBDD6,0xBDD6,0xBDD6,0xBDD6,0xBDB5,0xBDB5,0xBDD6,0xBDD6,0xBDD6,
    0xB595,0xB595,0xB595,0xB595,0xB595,0xBDD6,0xB595,0xB595,0xB595,0xB595,0xB595,0xB595,
    0xB595,0xB5B5,0xB595,0xB575,0xB575,0xB575,0xB595,0xB595,0xB595,0xBDB5,0xB5B5,0xB595,
    0xB5B5,0xB595,0xB595,0xB595,0xB5B5,0xB595,0xB595,0xB595,0xB595,0xB595,0xB595,0xB595,
    0xB595,0xB575,0xB595,0xB574,0xAD74,0xAD74,0xB575,0xB595,0xB595,0xB574,0xB574,0xB574,
    0xAD74,0xB575,0xB595,0xB575,0xB595,0xB595,0xB595,0xB595,0xB595,0xB595,0xB595,0xB595,
    0xB595,0xBDB5,0xBDB5,0xB595,0xB575,0xAD74,0xAD54,0xAD54,0xB595,0xB595,0xAD54,0xAD54,
    0xB574,0xB575,0xB595,0xBDB5,0xBDD6,0xBDD6,0xB595,0xAD74,0xB575,0xB595,0xB574,0xB574,
    0xB574,0xB575,0xB595,0xB595,0xB575,0xB574,0xB595,0xB595,0xB595,0xB595,0xB595,0xB595,
    0xB595,0xB595,0xB595,0xB595,0xB595,0xB575,0xB574,0xB575,0xB574,0xB574,0xB595,0xB595,
    0xB595,0xB595,0xB595,0xB595,0xB595,0xB595,0xB595,0xB575,0xB575,0xB595,0xB595,0xB575,
    0xB574,0xB574,0xB595,0xB575,0xB595,0xB575,0xB574,0xB595,0xB574,0xAD74,0xB575,0xB574,
    0xB575,0xB575,0xB574,0xB574,0xB574,0xB595,0xB575,0xB574,0xB595,0xB595,0xB595,0xB595,
    0xB575,0xB595,0xB575,0xB575,0xB595,0xB595,0xB595,0xB595,0xB595,0xB595,0xBDB5,0xB595,
    0xBDB5,0xBDD6,0xBDD6,0xBDB5,0xB595,0xB595,0xB574,0xB574,0xB575,0xB575,0xB595,0xB595,
    0xB595,0xBDB5,0xBDB5,0xBDB5,0xB5B5,0xB595,0xB595,0xB595,0xB595,0xB595,0xB595,0xB595,
    0xB595,0xB595,0xB595,0xB595,0xB595,0xB575,0xB595,0xB595,0xB5B5,0xB595,0xB595,0xB575,
    0xB575,0xB595,0xB595,0xB595,0xB595,0xB595,0xB575,0xB575,0xB595,0xB575,0xB575,0xB574,
    0xB575,0xB575,0xB575,0xB574,0xB595,0xB595,0xB595,0xB595,0xB595,0xB595,0xB574,0xB574,
    0xB574,0xB595,0xB595,0xB595,0xB595,0xBDB5,0xBDD6,0xBDD6,0xBDB5,0xBDB5,0xB5B5,0xB595,
    0xBDB5,0xBDD6,0xBDD6,0xBDB5,0xB5B5,0xB595,0xB595,0xB595,0xB595,0xBDB6,0xB5B5,0xB595,
    0xB595,0xB595,0xB595,0xB595,0xB595,0xB595,0xB595,0xBDB5,0xBDB5,0xBDB5,0xBDD6,0xBDB5,
    0xBDD6,0xBDB5,0xBDB5,0xBDD6,0xBDD6,0xBDB6,0xBDD6,0xBDD6,0xBDD6,0xBDD6,0xBDB6,0xB5B5,
    0xB595,0xB595,0xBDD6,0xBDD6,0xBDB6,0xB595,0xB595,0xB595,0xB595,0xBDB5,0xBDB5,0xBDB5,
    0xBDD6,0xBDD6,0xBDD6,0xBDD6,0xC5F6,0xC5F7,0xC5F6,0xBDF6,0xC5F6,0xC5F6,0xC5F6,0xC5F7,
    0xC5F7,0xC617,0xC5F6,0xBDD6,0xBDD6,0xBDD6,0xBDD6,0xBDF6,0xBDD6,0xBDD6,0xBDD6,0xBDD6,
    0xBDD6,0xBDD6,0xBDD6,0xBDD6,0xBDB5,0xBDB5,0xBDB5,0xB595,0xBDB5,0xB5B5,0xB595,0xB595,
    0xB595,0xB595,0xB595,0xB595,0xB595,0xB595,0xB595,0xB595,0xB575,0xB595,0xB595,0xB595,
    0xB595,0xBDB5,0xB595,0xB595,0xB595,0xB595,0xB5B5,0xB595,0xB5B5,0xB5B5,0xBDB5,0xB595,
    0xB595,0xB595,0xB595,0xB595,0xBDB5,0xB595,0xAD74,0xAD74,0xB574,0xB595,0xB575,0xB595,
    0xB575,0xB595,0xB595,0xB595,0xB595,0xB595,0xB595,0xB5B5,0xB595,0xBDB5,0xBDB6,0xBDD6,
    0xBDD6,0xBDD6,0xBDD6,0xBDD6,0xBDD6,0xBDF6,0xBDD6,0xBDD6,0xB595,0xB595,0xB595,0xB595,
    0xB575,0xB595,0xB595,0xB595,0xB595,0xB595,0xB595,0xB595,0xB595,0xB595,0xBDB5,0xBDB5,
    0xBDB5,0xBDB6,0xBDD6,0xBDD6,0xBDD6,0xBDD6,0xBDB5,0xBDB5,0xB595,0xBDB5,0xBDD6,0xBDD6,
    0xBDB5,0xBDB5,0xBDD6,0xBDD6,0xBDD6,0xBDD6,0xBDD6,0xBDD6,0xBDD6,0xBDD6,0xBDD6,0xBDB5,
    0xBDD6,0xBDD6,0xBDB5,0xB5B5,0xBDB5,0xB5B5,0xB595,0xB595,0xB595,0xB595,0xB595,0xB595,
    0xB595,0xB595,0xB595,0xB595,0xBDB5,0xBDD6,0xC5F6,0xC5F6,0xBDB5,0xB5B5,0xB5B5,0xB5B5,
    0xB5B5,0xB5B5,0xB595,0xB595,0xB5B5,0xBDD6,0xBDB5,0xB575,0xB575,0xB574,0xB574,0xB575,
    0xB575,0xB575,0xB575,0xB595,0xB595,0xB595,0xBDD6,0xBDB5,0xBDB5,0xBDB6,0xB595,0xB595,
    0xB595,0xB595,0xB595,0xB595,0xB575,0xB575,0xB574,0xB574,0xB574,0xB574,0xB575,0xB574,
    0xB574,0xAD74,0xB574,0xB575,0xB575,0xB575,0xB575,0xB575,0xB595,0xB595,0xB595,0xB595,
    0xB575,0xB574,0xB574,0xB575,0xB595,0xBDB5,0xBDB5,0xBDB5,0xB5B5,0xB595,0xB595,0xBDB5,
    0xB595,0xB595,0xB595,0xB5B5,0xBDB5,0xBDB5,0xBDD6,0xBDD6,0xBDD6,0xC5F6,0xC5F6,0xBDF6,
    0xBDD6,0xBDD6,0xBDD6,0xBDD6,0xBDD6,0xBDD6,0xBDD6,0xBDD6,0xBDB5,0xBDB5,0xBDB5,0xBDB5,
    0xBDB5,0xBDB5,0xB595,0xB595,0xB595,0xB595,0xB595,0xB595,0xB595,0xB595,0xB574,0xB575,
    0xB575,0xB595,0xBDB5,0xBDB5,0xB595,0xB595,0xB595,0xB595,0xBDB5,0xB595,0xB595,0xB5B5,
    0xB5B5,0xB5B5,0xBDB5,0xBDD6,0xBDD6,0xBDD6,0xBDB5,0xB595,0xB575,0xB595,0xB575,0xB574,
    0xB574,0xB575,0xB595,0xB5B5,0xB595,0xB595,0xB595,0xB595,0xB575,0xB595,0xB595,0xB595,
    0xAD74,0xB574,0xAD74,0xAD54,0xAD54,0xAD54,0xAD54,0xAD54,0xAD74,0xB595,0xAD74,0xAD54,
    0xAD54,0xAD74,0xAD54,0xAD74,0xB5B5,0xBDD6,0xB595,0xB595,0xB595,0xB595,0xB595,0xBDB6,
    0xBDD6,0xBDD6,0xB595,0xB575,0xB595,0xB595,0xB595,0xB595,0xB575,0xB575,0xB595,0xB595,
    0xB595,0xBDB5,0xB595,0xB5B5,0xBDB5,0xB5B5,0xB595,0xB595,0xB595,0xB575,0xB575,0xB595,
    0xB595,0xB595,0xB5B5,0xB595,0xB595,0xB575,0xB575,0xB575,0xB595,0xB575,0xB595,0xB595,
    0xB595,0xB595,0xB595,0xB575,0xB574,0xB574,0xB574,0xAD74,0xB574,0xB595,0xB574,0xB574,
    0xAD74,0xAD74,0xB574,0xAD74,0xAD54,0xAD74,0xAD74,0xB574,0xAD74,0xB574,0xB574,0xB575,
    0xB575,0xB595,0xB595,0xB575,0xB575,0xB574,0xB574,0xB595,0xB574,0xB574,0xB575,0xB575,
    0xB574,0xB575,0xB575,0xB575,0xB575,0xB595,0xB575,0xB575,0xB595,0xB595,0xB595,0xB595,
    0xB595,0xB595,0xB575,0xB575,0xB575,0xB595,0xB595,0xB595,0xB575,0xB595,0xB595,0xB595,
    0xB595,0xB575,0xB575,0xB575,0xB575,0xB574,0xB574,0xB574,0xB575,0xB575,0xB575,0xB575,
    0xB575,0xB575,0xB574,0xB575,0xB575,0xB575,0xB595,0xB575,0xB575,0xB595,0xB575,0xB575,
    0xB575,0xB575,0xB575,0xB575,0xB575,0xB575,0xB575,0xB575,0xB595,0xB595,0xB575,0xB575,
    0xB575,0xB574,0xAD74,0xAD74,0xAD74,0xAD74,0xAD74,0xAD74,0xAD74,0xB575,0xB595,0xB595,
    0xB595,0xB574,0xB574,0xB575,0xB595,0xB595,0xB595,0xBDB5,0xBDD6,0xBDD6,0xBDD6,0xBDD6,
    0xBDD6,0xBDD6,0xBDB5,0xB595,0xB5B5,0xB5B5,0xBDB5,0xBDB5,0xB5B5,0xB595,0xB595,0xB5B5,
    0xB595,0xB595,0xB595,0xB5B5,0xB595,0xB595,0xB575,0xB595,0xB595,0xB575,0xB575,0xB575,
    0xB595,0xB595,0xB5B5,0xBDB6,0xBDD6,0xBDD6,0xB5B5,0xB595,0xB595,0xB595,0xB595,0xB5B5,
    0xB5B5,0xBDB5,0xB595,0xB595,0xB595,0xB595,0xB595,0xB595,0xB595,0xB595,0xB575,0xB595,
    0xB5B5,0xBDD6,0xBDD6,0xBDD6,0xBDD6,0xBDD6,0xBDD6,0xBDD6,0xBDD6,0xBDD6,0xBDD6,0xBDB5,
    0xBDD6,0xBDD6,0xBDD6,0xBDB5,0xBDB5,0xBDB5,0xB595,0xB595,0xB595,0xB595,0xB595,0xB595,
    0xB5B5,0xB595,0xB5B5,0xB5B5,0xBDB5,0xBDB5,0xBDB6,0xBDB5,0xB595,0xB595,0xB595,0xB5B5,
    0xB5B5,0xB595,0xB595,0xBDB5,0xBDB6,0xBDD6,0xBDD6,0xBDD6,0xBDD6,0xBDD6,0xB595,0xB595,
    0xBDB6,0xB595,0xB595,0xB5B5,0xB5B5,0xB5B5,0xB595,0xB595,0xB595,0xAD74,0xAD74,0xAD74,
    0xB575,0xB574,0xAD54,0xAD74,0xB574,0xAD74,0xAD74,0xAD74,0xAD74,0xAD74,0xAD54,0xAD54,
    0xAD74,0xAD74,0xAD74,0xB574,0xB575,0xB595,0xB575,0xB575,0xB595,0xB595,0xB595,0xB595,
    0xB575,0xB575,0xB595,0xB595,0xB595,0xB595,0xB595,0xB575,0xB575,0xB575,0xB574,0xB595,
    0xB595,0xB595,0xB595,0xB595,0xB595,0xB595,0xB595,0xB595,0xBDB5,0xBDB6,0xBDD6,0xBDD6,
    0xBDB6,0xBDB5,0xB595,0xB5B5,0xB595,0xB595,0xBDB5,0xBDB5,0xBDB6,0xBDB5,0xBDB5,0xBDB5,
    0xBDB5,0xB5B5,0xBDB5,0xBDB5,0xBDD6,0xBDD6,0xBDD6,0xBDD6,0xBDD6,0xBDD6,0xBDD6,0xBDB6,
    0xBDB5,0xBDB5,0xB595,0xB595,0xB575,0xB574,0xB575,0xB575,0xB575,0xB575,0xB575,0xB575,
    0xB575,0xB575,0xB595,0xB595,0xB595,0xB595,0xB595,0xB595,0xB595,0xB595,0xB595,0xB595,
    0xB575,0xB575,0xAD74,0xAD74,0xAD74,0xAD74,0xAD74,0xAD74,0xB574,0xB574,0xB574,0xAD74,
    0xAD74,0xAD74,0xAD74,0xAD74,0xB574,0xAD74,0xAD74,0xAD54,0xAD54,0xAD74,0xB574,0xB574,
    0xB575,0xB575,0xB574,0xB574,0xAD74,0xB574,0xB575,0xB575,0xB574,0xB574,0xB5B5,0xB595,
    0xB574,0xB574,0xAD74,0xAD54,0xAD54,0xAD54,0xAD74,0xAD74,0xAD74,0xAD74,0xB574,0xB575,
    0xB595,0xB595,0xB595,0xB5B5,0xB595,0xBDB5,0xBDB6,0xBDD6,0xBDF6,0xBDD6,0xBDD6,0xBDD6,
    0xBDD6,0xBDD6,0xBDD6,0xBDD6,0xBDD6,0xBDD6,0xBDD6,0xBDD6,0xBDB5,0xB5B5,0xB595,0xB595,
    0xB595,0xB595,0xB595,0xB595,0xB595,0xB5B5,0xBDD6,0xBDD6,0xBDD6,0xB595,0xB595,0xB595,
    0xBDB5,0xB5B5,0xB5B5,0xB5B5,0xB595,0xB595,0xB595,0xB595,0xB5B5,0xBDB5,0xBDD6,0xBDD6,
    0xB5B5,0xB595,0xB595,0xB595,0xB595,0xB595,0xB595,0xB595,0xB595,0xB595,0xB595,0xB575,
    0xB595,0xB595,0xB595,0xB575,0xB574,0xB575,0xB574,0xB595,0xB595,0xB575,0xB595,0xB595,
    0xB595,0xB595,0xB595,0xB595,0xB595,0xB575,0xB574,0xB574,0xB574,0xAD74,0xAD54,0xB574,
    0xB575,0xB575,0xB575,0xB574,0xB574,0xB575,0xB574,0xB574,0xB574,0xB574,0xB574,0xB574,
    0xAD74,0xAD54,0xB574,0xB575,0xB595,0xB595,0xB595,0xB595,0xBDB5,0xBDB5,0xBDD6,0xBDD6,
    0xBDD6,0xBDD6,0xBDD6,0xBDB5,0xB595,0xB595,0xBDB5,0xBDB5,0xBDB5,0xBDD6,0xBDD6,0xBDB5,
    0xB595,0xB595,0xB595,0xB595,0xB595,0xB5B5,0xB5B5,0xB595,0xB595,0xBDD6,0xBDD6,0xBDD6,
    0xBDD6,0xBDD6,0xBDD6,0xBDD6,0xBDB5,0xBDB5,0xBDB5,0xBDB5,0xB595,0xB595,0xB574,0xB574,
    0xB595,0xB575,0xB575,0xB575,0xB575,0xB595,0xB595,0xB574,0xB575,0xB574,0xB595,0xB575,
    0xB574,0xB574,0xAD74,0xAD74,0xAD74,0xAD74,0xAD74,0xAD74,0xAD54,0xAD54,0xAD54,0xAD74,
    0xAD74,0xB574,0xB575,0xB574,0xB575,0xB574,0xB574,0xB574,0xB575,0xB575,0xB574,0xAD74,
    0xAD74,0xB575,0xB575,0xB574,0xB575,0xB575,0xB575,0xB595,0xB595,0xB595,0xB595,0xB595,
    0xB595,0xB595,0xB595,0xB574,0xB574,0xB595,0xB595,0xB595,0xB595,0xB595,0xB595,0xB574,
    0xB574,0xB574,0xB574,0xB574,0xB574,0xB575,0xB595,0xB575,0xB595,0xB595,0xB595,0xB595,
    0xB595,0xB595,0xB595,0xB595,0xB595,0xB595,0xB595,0xB595,0xB575,0xB575,0xB575,0xB575,
    0xB575,0xB575,0xB575,0xB595,0xB575,0xB575,0xB575,0xB574,0xAD74,0xB574,0xB574,0xB574,
    0xB574,0xB574,0xB574,0xB574,0xB575,0xB595,0xB595,0xBDB5,0xBDD6,0xBDB6,0xBDD6,0xBDD6,
    0xBDD6,0xBDD6,0xBDD6,0xBDD6,0xBDD6,0xBDD6,0xBDD6,0xBDB5,0xBDD6,0xBDD6,0xBDD6,0xBDB5,
    0xB5B5,0xBDB5,0xB595,0xB595,0xB595,0xB595,0xB595,0xB595,0xBDB5,0xBDB5,0xB5B5,0xBDB6,
    0xBDB5,0xB5B5,0xBDB5,0xBDB5,0xBDB5,0xBDD6,0xBDD6,0xBDB5,0xBDB5,0xBDD6,0xBDD6,0xBDB6,
    0xBDB5,0xBDB5,0xBDB5,0xBDD6,0xBDD6,0xBDF6,0xBDD6,0xBDF6,0xC5F7,0xC5F7,0xC5F7,0xC5F7,
    0xC617,0xC617,0xC617,0xC617,0xC617,0xC5F6,0xBDD6,0xBDD6,0xBDD6,0xBDD6,0xBDD6,0xBDD6,
    0xBDD6,0xBDD6,0xBDD6,0xBDD6,0xBDF6,0xBDD6,0xBDD6,0xBDF6,0xBDF6,0xBDD6,0xBDD6,0xBDD6,
    0xBDD6,0xBDD6,0xBDD6,0xBDD6,0xBDD6,0xBDD6,0xBDD6,0xBDD6,0xBDD6,0xBDD6,0xBDD6,0xC5F6,
    0xC5F6,0xBDF6,0xBDF6,0xBDD6,0xBDD6,0xBDB5,0xBDB5,0xBDB6,0xBDB5,0xBDD6,0xBDD6,0xBDD6,
    0xBDD6,0xBDD6,0xBDD6,0xBDD6,0xBDD6,0xBDB5,0xB575,0xAD74,0xAD74,0xAD54,0xAD54,0xAD74,
    0xB574,0xB574,0xAD74,0xB574,0xAD74,0xAD74,0xAD74,0xAD74,0xAD74,0xB575,0xAD54,0xAD54,
    0xAD74,0xB574,0xAD74,0xB574,0xB575,0xB595,0xB575,0xAD74,0xB574,0xB574,0xAD74,0xAD74,
    0xB574,0xB574,0xAD74,0xAD74,0xB574,0xB574,0xB575,0xB575,0xB575,0xB575,0xB575,0xAD74,
    0xB574,0xAD74,0xB574,0xB575,0xB575,0xB595,0xB595,0xB595,0xB595,0xB595,0xB595,0xB595,
    0xB575,0xB595,0xB595,0xB595,0xB595,0xB595,0xB595,0xB595,0xB595,0xB595,0xB595,0xB595,
    0xB595,0xB595,0xB595,0xB595,0xB595,0xB595,0xB595,0xB595,0xB5B5,0xBDB5,0xB5B5,0xBDB5,
    0xBDD6,0xBDD6,0xBDD6,0xBDD6,0xBDB5,0xBDB5,0xBDB5,0xB5B5,0xB595,0xB595,0xB595,0xB575,
    0xB575,0xB574,0xB574,0xB574,0xB574,0xB574,0xAD74,0xAD74,0xAD54,0xAD54,0xAD74,0xAD54,
    0xAD74,0xB574,0xB574,0xB574,0xAD74,0xAD74,0xB574,0xAD74,0xAD74,0xAD74,0xAD54,0xAD54,
    0xAD54,0xAD54,0xAD54,0xAD54,0xAD74,0xAD74,0xAD74,0xAD74,0xAD74,0xB574,0xB574,0xAD74,
    0xB574,0xB574,0xB574,0xB574,0xB575,0xB595,0xB595,0xB5B5,0xB595,0xB595,0xB595,0xB595,
    0xB595,0xB595,0xB575,0xB595,0xB595,0xB595,0xBDD6,0xBDD6,0xBDB5,0xB595,0xB595,0xB595,
    0xB595,0xBDB5,0xBDB5,0xB5B5,0xB595,0xB595,0xB595,0xB595,0xB595,0xB595,0xB595,0xB595,
    0xB595,0xB595,0xB595,0xB595,0xB595,0xB595,0xB595,0xB595,0xB595,0xB595,0xB595,0xB595,
    0xB595,0xB5B5,0xB595,0xB5B5,0xBDB5,0xBDB5,0xBDB5,0xB595,0xB595,0xB574,0xB574,0xB575,
    0xB595,0xBDB5,0xBDF6,0xC617,0xC5F7,0xBDD6,0xBDB6,0xBDB5,0xB5B5,0xB5B5,0xB5B5,0xBDB5,
    0xB595,0xB5B5,0xB595,0xB595,0xB595,0xB595,0xB575,0xB575,0xAD74,0xAD74,0xB574,0xB574,
    0xB574,0xAD74,0xAD74,0xAD74,0xAD74,0xAD74,0xAD74,0xAD74,0xAD74,0xB574,0xB575,0xB595,
    0xB595,0xB595,0xB595,0xB595,0xBDB5,0xBDB5,0xBDB5,0xBDB6,0xBDB5,0xBDB5,0xBDB5,0xB595,
    0xB595,0xB595,0xB595,0xB595,0xB595,0xB595,0xB595,0xB595,0xB595,0xB595,0xB595,0xBDB5,
    0xBDB5,0xB595,0xB595,0xB595,0xB575,0xB575,0xB575,0xB575,0xB574,0xB574,0xB575,0xB575,
    0xB574,0xAD74,0xB574,0xB574,0xB574,0xB575,0xB575,0xB575,0xB575,0xB574,0xB574,0xAD74,
    0xB574,0xB595,0xB595,0xB595,0xB595,0xB575,0xB595,0xB595,0xB595,0xB595,0xB5B5,0xBDB5,
    0xBDB5,0xBDD6,0xBDB5,0xBDD6,0xBDB5,0xBDB5,0xB595,0xB595,0xBDB5,0xB5B5,0xB595,0xB595,
    0xB595,0xB595,0xB595,0xB595,0xB595,0xB595,0xB574,0xB574,0xB575,0xB595,0xB595,0xB595,
    0xB595,0xB595,0xB595,0xB595,0xB595,0xB575,0xB575,0xB575,0xB575,0xB574,0xB574,0xB574,
    0xB574,0xAD74,0xAD74,0xAD74,0xAD74,0xAD74,0xAD74,0xB574,0xB574,0xB574,0xB574,0xB574,
    0xAD74,0xB574,0xAD74,0xB574,0xB575,0xB574,0xB575,0xB595,0xB595,0xB595,0xB575,0xB574,
    0xB574,0xB574,0xB575,0xB575,0xB595,0xB595,0xB595,0xB595,0xB595,0xB575,0xB575,0xB595,
    0xB595,0xB575,0xB574,0xB575,0xB595,0xB595,0xB595,0xB595,0xB595,0xB595,0xB595,0xB595,
    0xB5B5,0xB5B5,0xB5B5,0xB595,0xB595,0xBDB5,0xBDB5,0xB595,0xB595,0xB595,0xB595,0xB595,
    0xB595,0xB595,0xB595,0xB575,0xB575,0xB574,0xB574,0xB575,0xB574,0xB574,0xB575,0xB575,
    0xB575,0xB595,0xB595,0xB575,0xB595,0xB5B5,0xBDB5,0xBDB5,0xB5B5,0xBDB5,0xB5B5,0xB5B5,
    0xBDB5,0xBDB5,0xBDB5,0xBDD6,0xBDB6,0xBDD6,0xBDD6,0xBDB6,0xBDD6,0xBDD6,0xBDD6,0xBDD6,
    0xBDD6,0xBDD6,0xBDB5,0xB5B5,0xBDB5,0xB595,0xB5B5,0xBDD6,0xBDB5,0xBDB5,0xB595,0xB595,
    0xB595,0xB595,0xB595,0xB595,0xB595,0xB595,0xB595,0xB595,0xB595,0xB5B5,0xBDB5,0xBDB5,
    0xBDB5,0xBDB5,0xBDD6,0xBDB6,0xBDD6,0xBDD6,0xBDD6,0xBDB6,0xBDD6,0xBDD6,0xBDD6,0xBDD6,
    0xBDB5,0xBDB5,0xBDB5,0xB595,0xBDB5,0xBDD6,0xBDD6,0xBDD6,0xBDD6,0xBDD6,0xBDD6,0xBDD6,
    0xBDD6,0xBDB6,0xBDB5,0xBDB5,0xBDD6,0xBDB6,0xBDB5,0xBDB5,0xBDD6,0xBDD6,0xBDD6,0xBDB5,
    0xB5B5,0xB5B5,0xBDB5,0xB595,0xB595,0xB575,0xB575,0xB595,0xB595,0xB595,0xBDB5,0xBDB5,
    0xB595,0xB595,0xB595,0xB595,0xB595,0xB595,0xB595,0xB595,0xB595,0xB595,0xB595,0xB595,
    0xB5B5,0xB595,0xBDB5,0xB5B5,0xB5B5,0xBDB5,0xBDB5,0xB5B5,0xBDB5,0xBDB5,0xBDB6,0xBDD6,
    0xBDD6,0xBDD6,0xBDD6,0xBDF6,0xBDD6,0xB5B5,0xB5B5,0xB595,0xB5B5,0xBDB5,0xB5B5,0xB595,
    0xB595,0xB595,0xB595,0xB595,0xB595,0xB595,0xB595,0xB574,0xAD74,0xB574,0xB574,0xB574,
    0xB574,0xB595,0xB595,0xB595,0xB595,0xB595,0xB595,0xB595,0xB595,0xB595,0xB595,0xB595,
    0xB5B5,0xB5B5,0xBDB5,0xB595,0xB5B5,0xB5B5,0xB595,0xB595,0xB595,0xB595,0xB595,0xB595,
    0xB595,0xB5B5,0xBDB5,0xB5B5,0xB595,0xB595,0xB5B5,0xB5B5,0xB595,0xB595,0xB5B5,0xBDB5,
    0xBDB5,0xBDB5,0xBDB5,0xBDB5,0xB595,0xB595,0xB595,0xB595,0xB595,0xB595,0xB595,0xB595,
    0xB595,0xB595,0xB5B5,0xB595,0xB5B5,0xBDB5,0xBDB5,0xBDB5,0xB5B5,0xBDB5,0xBDB5,0xBDB5,
    0xBDB5,0xB595,0xB595,0xB595,0xB595,0xB595,0xB595,0xB595,0xB595,0xB595,0xB595,0xB595,
    0xB595,0xB595,0xB595,0xB575,0xB575,0xB575,0xB595,0xB595,0xB595,0xB574,0xB574,0xB574,
    0xB574,0xB574,0xB574,0xB574,0xB574,0xB575,0xB575,0xB575,0xB575,0xB575,0xB575,0xB575,
    0xB595,0xB595,0xB575,0xB575,0xB595,0xB595,0xB575,0xB575,0xB575,0xB595,0xB595,0xB595,
    0xB595,0xB595,0xB595,0xB595,0xB595,0xB595,0xB595,0xB595,0xB595,0xB595,0xB595,0xB575,
    0xB574,0xB574,0xAD74,0xB574,0xAD74,0xB574,0xB575,0xB595,0xB595,0xB595,0xB575,0xB595,
    0xB595,0xB575,0xB575,0xB575,0xB575,0xB575,0xB574,0xB574,0xB575,0xB575,0xB575,0xB595,
    0xB595,0xB595,0xB595,0xB575,0xB574,0xB574,0xB574,0xB574,0xB574,0xB574,0xB575,0xB575,
    0xB575,0xB595,0xB595,0xB595,0xB595,0xB595,0xB595,0xB575,0xB595,0xB595,0xB595,0xB595,
    0xB595,0xB595,0xB595,0xB595,0xB595,0xB5B5,0xB5B5,0xB5B5,0xB595,0xB595,0xB595,0xB595,
    0xB595,0xB595,0xB595,0xB595,0xB595,0xB595,0xB595,0xBDB5,0xBDB5,0xBDB5,0xBDB5,0xBDB5,
    0xBDB5,0xB5B5,0xB595,0xB595,0xB595,0xB595,0xB595,0xB595,0xB5B5,0xBDB5,0xB595,0xB595,
    0xB5B5,0xB595,0xB595,0xB595,0xB595,0xB595,0xB595,0xB595,0xB595,0xB595,0xB595,0xB595,
    0xB595,0xB5B5,0xB5B5,0xBDB5,0xBDB6,0xBDB6,0xBDB5,0xB5B5,0xB595,0xB595,0xB595,0xB595,
    0xB595,0xB595,0xB595,0xB595,0xB595,0xB595,0xB595,0xB595,0xB575,0xB575,0xB575,0xB574,
    0xB574,0xB574,0xB574,0xB575,0xB575,0xB575,0xB574,0xB575,0xB575,0xB575,0xB595,0xB595,
    0xB575,0xB575,0xB575,0xB595,0xB595,0xB575,0xB574,0xB574,0xAD74,0xAD74,0xAD74,0xB574,
    0xB575,0xB575,0xB575,0xB575,0xB595,0xB595,0xB595,0xB595,0xB595,0xB595,0xB595,0xB595,
    0xB595,0xB595,0xB595,0xB595,0xB595,0xB595,0xB5B5,0xB595,0xB595,0xB595,0xBDB6,0xBDD6,
    0xBDD6,0xBDD6,0xBDB5,0xB595,0xB595,0xB595,0xB595,0xB595,0xB595,0xB595,0xB595,0xB595,
    0xB595,0xB595,0xB595,0xB595,0xB595,0xB575,0xB575,0xB575,0xB575,0xB574,0xB574,0xB574,
    0xB574,0xB575,0xB574,0xB575,0xB595,0xB595,0xB595,0xB595,0xB595,0xB575,0xB595,0xB595,
    0xB595,0xB595,0xB575,0xB575,0xB575,0xB575,0xB575,0xB595,0xB595,0xB575,0xB575,0xB575,
    0xB575,0xB575,0xB575,0xB595,0xB575,0xB575,0xB575,0xB595,0xB595,0xB595,0xB595,0xB595,
    0xB595,0xBDB5,0xBDB5,0xB595,0xB595,0xB595,0xB575,0xB595,0xB595,0xB595,0xB595,0xB595,
    0xB595,0xB595,0xB5B5,0xBDB5,0xBDB5,0xB5B5,0xBDB5,0xBDB5,0xBDB5,0xBDB5,0xBDB5,0xB5B5,
    0xBDB5,0xBDB5,0xBDB5,0xBDB5,0xBDB5,0xB5B5,0xB595,0xB595,0xB5B5,0xB5B5,0xB5B5,0xB595,
    0xB595,0xB595,0xBDB5,0xBDB5,0xBDB5,0xBDB6,0xBDB5,0xB595,0xB595,0xB595,0xB595,0xB595,
    0xB595,0xB595,0xB595,0xB595,0xB595,0xB595,0xB595,0xB595,0xB595,0xB5B5,0xB5B5,0xB5B5,
    0xB595,0xB595,0xB595,0xB595,0xB595,0xB595,0xB595,0xB595,0xBDB5,0xBDB5,0xBDB5,0xBDB5,
    0xBDB5,0xB595,0xB595,0xB595,0xB595,0xB595,0xB595,0xB595,0xB595,0xB595,0xB595,0xB595,
    0xB595,0xB595,0xB595,0xB595,0xBDB5,0xB595,0xB575,0xB595,0xB575,0xB574,0xB574,0xAD74,
    0xAD74,0xAD74,0xB574,0xB574,0xAD74,0xAD74,0xAD74,0xAD54,0xAD54,0xAD74,0xAD74,0xAD74,
    0xAD74,0xB574,0xB574,0xAD74,0xAD74,0xAD74,0xAD74,0xAD74,0xAD74,0xAD74,0xAD74,0xB574,
    0xB575,0xB575,0xB575,0xB575,0xB575,0xB595,0xB595,0xB595,0xB595,0xB595,0xB595,0xB595,
    0xB595,0xB595,0xB595,0xBDB5,0xB595,0xB595,0xB595,0xB595,0xBDB5,0xBDD6,0xBDD6,0xBDB6,
    0xBDB5,0xBDB5,0xBDB5,0xBDB5,0xBDB5,0xBDB5,0xBDB5,0xBDB5,0xBDB5,0xBDB5,0xBDB5,0xB595,
    0xB595,0xB595,0xB595,0xB595,0xB575,0xB595,0xB595,0xB595,0xB595,0xB595,0xB595,0xB595,
    0xB595,0xB5B5,0xB5B5,0xB595,0xB5B5,0xB595,0xB595,0xB595,0xB5B5,0xB595,0xB595,0xB595,
    0xB595,0xB595,0xB595,0xB5B5,0xB5B5,0xBDB5,0xB5B5,0xBDB5,0xBDB5,0xBDB5,0xBDB5,0xBDB5,
    0xBDB6,0xBDD6,0xBDD6,0xBDD6,0xBDD6,0xBDB5,0xBDB5,0xBDB5,0xBDB5,0xBDB5,0xBDB5,0xBDB5,
    0xBDB5,0xBDB5,0xBDB5,0xBDB5,0xBDB5,0xBDB5,0xBDB5,0xBDB5,0xBDB5,0xB5B5,0xBDB5,0xBDB5,
    0xBDB5,0xBDB5,0xBDB5,0xBDB6,0xBDB5,0xB595,0xB595,0xBDB5,0xBDB5,0xB595,0xB595,0xB5B5,
    0xB595,0xB595,0xB595,0xB595,0xBDB5,0xB595,0xB595,0xB595,0xB595,0xB595,0xB595,0xB595,
    0xB5B5,0xBDB5,0xBDB5,0xB595,0xB595,0xB595,0xB595,0xB595,0xB595,0xB595,0xB595,0xB595,
    0xB595,0xBDB5,0xBDB5,0xB5B5,0xB5B5,0xB595,0xB595,0xB595,0xB595,0xB595,0xB575,0xB595,
    0xB595,0xB595,0xB595,0xB595,0xB595,0xB595,0xB595,0xB595,0xB575,0xB575,0xB575,0xB574,
    0xB574,0xB575,0xB575,0xB574,0xB574,0xB574,0xB574,0xAD74,0xAD54,0xAD54,0xAD54,0xAD54,
    0xAD74,0xAD74,0xAD74,0xAD74,0xAD74,0xAD74,0xB574,0xB575,0xB575,0xB575,0xB575,0xB575,
    0xB575,0xB575,0xB575,0xB575,0xB574,0xB575,0xB575,0xB595,0xB595,0xB595,0xB595,0xB595,
    0xB595,0xB595,0xB595,0xB595,0xB595,0xB595,0xB595,0xB595,0xB595,0xB595,0xBDB5,0xBDB5,
    0xBDB5,0xBDD6,0xBDB5,0xBDB5,0xBDB5,0xB595,0xB595,0xB5B5,0xB595,0xB595,0xB595,0xB595,
    0xBDD6,0xBDD6,0xBDD6,0xBDD6,0xBDD6,0xBDB6,0xBDB6,0xBDB6,0xBDB6,0xBDD6,0xBDD6,0xBDD6,
    0xBDD6,0xBDB6,0xBDB5,0xBDB5,0xBDD6,0xBDD6,0xBDB6,0xBDB5,0xBDB5,0xBDB5,0xBDB5,0xBDB5,
    0xBDB5,0xBDB5,0xBDB5,0xB5B5,0xB595,0xBDB5,0xB5B5,0xB5B5,0xB5B5,0xBDB5,0xBDB5,0xB5B5,
    0xB595,0xB595,0xB595,0xB595,0xB595,0xB595,0xB595,0xB595,0xB595,0xB595,0xB595,0xB595,
    0xB5B5,0xBDB5,0xBDB5,0xB5B5,0xB595,0xB595,0xB595,0xB595,0xB595,0xB595,0xB595,0xB595,
    0xB595,0xB595,0xB595,0xB595,0xB595,0xB595,0xB595,0xB595,0xB595,0xB595,0xB595,0xB595,
    0xB595,0xB5B5,0xB5B5,0xB595,0xB595,0xB595,0xB595,0xB5B5,0xB595,0xB595,0xB595,0xB595,
    0xB575,0xB574,0xB574,0xB574,0xB574,0xB574,0xB574,0xAD74,0xAD74,0xAD74,0xB574,0xB574,
    0xB575,0xB595,0xB595,0xB595,0xB595,0xB595,0xB595,0xB595,0xB595,0xB5B5,0xBDB5,0xBDB5,
    0xB595,0xB595,0xB595,0xB595,0xB595,0xB595,0xB595,0xB595,0xB595,0xB595,0xB595,0xB595,
    0xB595,0xB595,0xB5B5,0xBDB5,0xBDB5,0xBDB5,0xBDB5,0xB5B5,0xBDB5,0xBDB5,0xBDD6,0xBDD6,
    0xBDB5,0xB595,0xB595,0xB5B5,0xB595,0xB595,0xB595,0xB595,0xB595,0xB595,0xB595,0xB595,
    0xB595,0xB595,0xB595,0xB595,0xB595,0xB595,0xB595,0xB595,0xB595,0xBDB5,0xB5B5,0xB595,
    0xB595,0xB595,0xB595,0xB595,0xB595,0xB595,0xB595,0xB595,0xB595,0xB595,0xB595,0xB595,
    0xB595,0xB595,0xB595,0xB575,0xB575,0xB575,0xB595,0xB595,0xB575,0xB575,0xB575,0xB575,
    0xB575,0xB575,0xB575,0xB575,0xB595,0xB595,0xB595,0xB595,0xB595,0xB595,0xB595,0xB595,
    0xB595,0xB595,0xB595,0xB5B5,0xB5B5,0xBDB5,0xBDB5,0xBDB5,0xB595,0xB595,0xB595,0xBDB5,
    0xBDB5,0xBDB5,0xBDB5,0xB595,0xB595,0xB5B5,0xB595,0xB595,0xB5B5,0xB595,0xB595,0xB5B5,
    0xB5B5,0xBDB5,0xBDB5,0xB5B5,0xB595,0xB595,0xB595,0xB575,0xB575,0xB575,0xB575,0xB595,
    0xB595,0xB575,0xB595,0xB575,0xB595,0xB595,0xB595,0xB595,0xB595,0xB595,0xB595,0xB595,
    0xB5B5,0xB5B5,0xB595,0xB595,0xB5B5,0xB595,0xB595,0xB5B5,0xB595,0xB595,0xB595,0xB595,
    0xB595,0xB5B5,0xB5B5,0xBDB5,0xB5B5,0xB5B5,0xB5B5,0xB5B5,0xB5B5,0xB5B5,0xB5B5,0xB5B5,
    0xB595,0xB595,0xB595,0xB595,0xB595,0xB595,0xB575,0xB575,0xB575,0xB575,0xB595,0xB595,
    0xB575,0xB575,0xB575,0xB595,0xB595,0xB595,0xB575,0xB575,0xB575,0xB595,0xB595,0xB595,
    0xB595,0xB595,0xB595,0xB595,0xB595,0xB595,0xB595,0xB595,0xB575,0xB575,0xB575,0xB575,
    0xB575,0xB595,0xB595,0xB595,0xB595,0xB595,0xB595,0xB595,0xB595,0xB595,0xB595,0xB595,
    0xB5B5,0xB5B5,0xB5B5,0xB5B5,0xBDB5,0xBDB5,0xBDB5,0xB595,0xB595,0xB595,0xB5B5,0xB595,
    0xB5B5,0xB5B5,0xB5B5,0xB5B5,0xB5B5,0xBDB5,0xBDB5,0xB5B5,0xB5B5,0xBDB5,0xBDB5,0xBDB5,
    0xBDD6,0xBDD6,0xBDD6,0xBDD6,0xBDD6,0xBDD6,0xBDB5,0xBDB5,0xBDB5,0xBDB5,0xBDB5,0xBDB5,
    0xBDB5,0xBDB5,0xBDB5,0xBDB5,0xBDB5,0xBDB5,0xB5B5,0xBDB5,0xBDB5,0xBDD6,0xBDD6,0xBDD6,
    0xBDD6,0xBDD6,0xBDD6,0xBDD6,0xBDD6,0xBDD6,0xBDD6,0xBDD6,0xBDD6,0xBDD6,0xBDD6,0xBDD6,
    0xBDD6,0xBDD6,0xBDD6,0xBDD6,0xBDD6,0xBDD6,0xBDD6,0xBDD6,0xBDD6,0xBDD6,0xBDD6,0xBDD6,
    0xBDD6,0xBDD6,0xBDD6,0xBDD6,0xBDD6,0xBDB6,0xBDB6,0xBDB6,0xBDB5,0xBDB5,0xBDB6,0xBDD6,
    0xBDB6,0xB595,0xB595,0xB595,0xB5B5,0xB595,0xB595,0xB595,0xB595,0xB595,0xB595,0xB595,
    0xB595,0xB595,0xB595,0xBDB5,0xBDB5,0xBDB5,0xBDB5,0xBDB5,0xB5B5,0xB5B5,0xB595,0xB595,
    0xB595,0xB595,0xB595,0xB595,0xB595,0xB595,0xB595,0xB595,0xB595,0xB595,0xB595,0xB595,
    0xB595,0xB595,0xB595,0xB595,0xB595,0xB595,0xB595,0xB595,0xB595,0xB595,0xB595,0xB595,
    0xB595,0xB595,0xB595,0xB595,0xB595,0xB575,0xB595,0xB595,0xB575,0xB575,0xB575,0xB575,
    0xB575,0xB575,0xB575,0xB575,0xB575,0xB575,0xB575,0xB575,0xB595,0xB595,0xB595,0xB595,
    0xB595,0xB595,0xB595,0xB575,0xB575,0xB575,0xB575,0xB595,0xB595,0xB595,0xB575,0xB575,
    0xB595,0xB595,0xB595,0xB595,0xB595,0xB595,0xB595,0xB595,0xB595,0xB595,0xB595,0xB5B5,
    0xBDB5,0xB5B5,0xBDB5,0xBDB5,0xBDB5,0xBDB6,0xBDD6,0xBDD6,0xBDD6,0xBDD6,0xBDD6,0xBDD6,
    0xBDD6,0xBDD6,0xBDD6,0xBDD6,0xBDD6,0xBDD6,0xBDD6,0xBDD6,0xBDB6,0xBDB5,0xBDB5,0xBDB5,
    0xBDB5,0xBDB6,0xBDB5,0xBDB5,0xBDB6,0xBDD6,0xBDD6,0xBDD6,0xBDD6,0xBDD6,0xC5F6,0xC5F7,
    0xC617,0xC617,0xC617,0xC617,0xC617,0xC617,0xBDF6,0xBDF6,0xBDD6,0xBDD6,0xBDD6,0xBDD6,
    0xBDB6,0xBDB5,0xBDB5,0xBDB5,0xBDB5,0xBDB5,0xBDB5,0xBDB5,0xBDB5,0xBDB5,0xBDB5,0xBDB5,
    0xBDB5,0xBDB5,0xBDB5,0xBDB5,0xBDB5,0xBDB5,0xBDB5,0xBDB5,0xB5B5,0xB5B5,0xB5B5,0xB5B5,
    0xB595,0xB595,0xB595,0xB595,0xB595,0xB595,0xB595,0xB595,0xB595,0xB595,0xB595,0xB595,
    0xB595,0xB595,0xB595,0xB595,0xB595,0xB595,0xB595,0xB595,0xB595,0xB595,0xB595,0xB595,
    0xB595,0xB595,0xB595,0xB595,0xB595,0xB575,0xB575,0xB575,0xB575,0xB575,0xB575,0xB595,
    0xB595,0xB595,0xB595,0xBDB5,0xBDB5,0xBDD6,0xBDB6,0xBDB5,0xB5B5,0xB5B5,0xB595,0xB595,
    0xB595,0xB595,0xB595,0xB595,0xB575,0xB575,0xB575,0xB575,0xB575,0xB575,0xB575,0xB575,
    0xB595,0xB595,0xB595,0xB595,0xB595,0xB595,0xB595,0xB595,0xB595,0xB595,0xB5B5,0xB5B5,
    0xBDB5,0xB5B5,0xB5B5,0xB595,0xB595,0xB5B5,0xB595,0xB595,0xB595,0xB595,0xB595,0xB595,
    0xB595,0xB595,0xB595,0xB595,0xB595,0xB595,0xB595,0xB595,0xB595,0xB595,0xBDB5,0xBDD6,
    0xBDD6,0xBDD6,0xBDD6,0xBDD6,0xBDD6,0xBDD6,0xBDD6,0xBDD6,0xBDF6,0xBDD6,0xBDD6,0xBDD6,
    0xBDD6,0xBDD6,0xBDD6,0xBDD6,0xBDB6,0xBDD6,0xBDD6,0xBDD6,0xBDD6,0xBDD6,0xBDD6,0xBDD6,
    0xBDD6,0xBDD6,0xBDD6,0xBDD6,0xBDD6,0xBDB6,0xBDB5,0xBDB5,0xBDB5,0xBDD6,0xBDB6,0xBDB5,
    0xBDB5,0xBDB5,0xBDB5,0xBDB5,0xBDB5,0xBDB5,0xBDB5,0xBDB6,0xBDB5,0xBDB5,0xBDB5,0xBDB5,
    0xBDB5,0xBDB5,0xBDB5,0xBDD6,0xBDD6,0xBDB6,0xBDB5,0xBDB6,0xBDD6,0xBDD6,0xBDD6,0xBDD6,
    0xBDB6,0xBDB5,0xBDB5,0xBDB5,0xBDB5,0xBDB5,0xBDB5,0xB595,0xBDB5,0xBDB5,0xBDB5,0xBDB5,
    0xBDB5,0xB595,0xB595,0xB595,0xB595,0xB595,0xB5B5,0xB595,0xB595,0xB5B5,0xB5B5,0xB5B5,
    0xB5B5,0xB5B5,0xB5B5,0xB5B5,0xBDB5,0xBDB5,0xBDB5,0xBDB5,0xBDB5,0xB5B5,0xB5B5,0xBDB5,
    0xBDB5,0xBDB5,0xBDB5,0xB5B5,0xB5B5,0xBDB5,0xBDB5,0xBDB5,0xBDB5,0xBDB5,0xBDB5,0xBDB5,
    0xBDD6,0xBDD6,0xBDD6,0xBDD6,0xBDD6,0xBDD6,0xBDD6,0xBDD6,0xBDD6,0xBDD6,0xBDB5,0xBDB5,
    0xBDB5,0xB5B5,0xB595,0xB595,0xB595,0xB595,0xB595,0xB595,0xB595,0xB595,0xB595,0xB595,
    0xB595,0xB595,0xB595,0xB595,0xB595,0xB595,0xB595,0xB595,0xBDB5,0xB5B5,0xBDB5,0xB5B5,
    0xB595,0xB595,0xB595,0xB595,0xB595,0xB595,0xB595,0xB595,0xB595,0xB595,0xB595,0xB595,
    0xB595,0xB5B5,0xBDB5,0xBDB5,0xBDB5,0xBDB5,0xBDB5,0xBDB5,0xBDB5,0xBDB5,0xBDB5,0xBDB5,
    0xBDB5,0xBDB5,0xBDB5,0xBDB5,0xBDB5,0xBDB6,0xBDB5,0xBDD6,0xBDD6,0xBDD6,0xBDD6,0xBDD6,
    0xBDD6,0xBDD6,0xBDD6,0xBDD6,0xBDD6,0xBDD6,0xBDD6,0xBDD6,0xBDD6,0xBDD6,0xBDD6,0xBDD6,
    0xBDD6,0xBDD6,0xBDD6,0xBDD6,0xBDD6,0xBDD6,0xBDB5,0xBDD6,0xBDD6,0xBDD6,0xBDD6,0xBDD6,
    0xBDD6,0xBDD6,0xBDD6,0xBDD6,0xBDD6,0xBDD6,0xBDD6,0xBDD6,0xBDD6,0xBDD6,0xBDD6,0xBDD6,
    0xBDD6,0xBDD6,0xBDD6,0xBDD6,0xBDD6,0xBDD6,0xBDD6,0xBDD6,0xBDD6,0xBDD6,0xBDD6,0xBDD6,
    0xBDD6,0xBDB6,0xBDB5,0xBDB5,0xBDB5,0xBDB5,0xBDB5,0xBDB5,0xBDB5,0xBDB5,0xBDB5,0xBDB5,
    0xBDB5,0xBDB5,0xBDB5,0xB5B5,0xB5B5,0xB5B5,0xB595,0xB5B5,0xB5B5,0xB5B5,0xB5B5,0xB595,
    0xB595,0xB595,0xB595,0xB595,0xB595,0xBDB5,0xBDB5,0xBDB5,0xBDB5,0xBDB5,0xBDB5,0xBDB5,
    0xBDD6,0xBDD6,0xBDD6,0xBDD6,0xBDD6,0xBDD6,0xBDD6,0xBDD6,0xBDD6,0xBDD6,0xBDD6,0xBDD6,
    0xBDD6,0xBDD6,0xBDD6,0xBDD6,0xBDD6,0xBDD6,0xBDD6,0xBDB6,0xBDB5,0xBDB5,0xBDB5,0xBDB5,
    0xBDB5,0xBDB6,0xBDB6,0xBDD6,0xBDD6,0xBDD6,0xBDD6,0xBDD6,0xBDD6,0xBDD6,0xBDB6,0xBDB6,
    0xBDB5,0xBDB5,0xB595,0xB595,0xB595,0xB595,0xB595,0xB595,0xB595,0xB595,0xB595,0xB595,
    0xB595,0xB595,0xB5B5,0xB5B5,0xBDB5,0xBDB5,0xB5B5,0xB5B5,0xB5B5,0xBDB5,0xB5B5,0xB5B5,
    0xBDB5,0xBDB5,0xB5B5,0xB5B5,0xB5B5,0xB595,0xB595,0xB595,0xB595,0xB5B5,0xBDB5,0xB5B5,
    0xB595,0xB5B5,0xB595,0xB595,0xB595,0xB5B5,0xB5B5,0xB595,0xB595,0xB595,0xB595,0xB595,
    0xB595,0xB595,0xB595,0xB595,0xB595,0xB595,0xB595,0xB595,0xB595,0xB595,0xB595,0xB5B5,
    0xBDB5,0xBDB5,0xBDB5,0xBDB5,0xBDD6,0xBDD6,0xBDD6,0xBDD6,0xBDD6,0xBDD6,0xBDD6,0xBDD6,
    0xBDD6,0xBDD6,0xBDD6,0xBDD6,0xBDD6,0xBDD6,0xBDD6,0xBDD6,0xBDD6,0xBDF6,0xBDF6,0xC5F6,
    0xC5F6,0xC5F6,0xBDF6,0xBDF6,0xBDF6,0xC5F6,0xC5F6,0xC5F6,0xC5F7,0xC5F7,0xC5F6,0xC5F7,
    0xC5F6,0xC5F7,0xC5F7,0xC5F7,0xC617,0xC5F7,0xC617,0xC617,0xC617,0xC5F7,0xC5F7,0xC617,
    0xC617,0xC617,0xC617,0xC617,0xC617,0xC617,0xC617,0xC5F7,0xC5F7,0xC5F7,0xC5F6,0xC5F7,
    0xC5F6,0xC5F6,0xC5F7,0xC5F6,0xC5F6,0xC5F6,0xC5F6,0xC5F6,0xC5F6,0xBDF6,0xC5F6,0xC5F6,
    0xC5F6,0xC5F6,0xBDF6,0xBDF6,0xC5F6,0xC5F6,0xBDF6,0xBDD6,0xBDD6,0xBDD6,0xBDD6,0xBDD6,
    0xBDD6,0xBDD6,0xBDD6,0xBDD6,0xBDD6,0xBDD6,0xBDD6,0xBDF6,0xC5F6,0xC5F6,0xC5F6,0xC5F7,
    0xC5F7,0xC5F7,0xC5F6,0xC5F6,0xC5F6,0xBDF6,0xBDF6,0xBDD6,0xBDD6,0xBDD6,0xBDD6,0xBDD6,
    0xBDD6,0xBDD6,0xBDF6,0xBDF6,0xBDD6,0xBDD6,0xBDD6,0xBDD6,0xBDD6,0xBDD6,0xBDF6,0xBDD6,
    0xBDD6,0xBDD6,0xBDD6,0xBDD6,0xBDD6,0xBDD6,0xBDD6,0xBDD6,0xBDD6,0xBDD6,0xBDD6,0xBDD6,
    0xBDD6,0xBDD6,0xBDD6,0xBDD6,0xBDD6,0xBDD6,0xBDD6,0xBDD6,0xBDD6,0xBDD6,0xBDD6,0xBDD6,
    0xBDD6,0xBDD6,0xBDD6,0xBDD6,0xBDD6,0xBDD6,0xBDD6,0xBDD6,0xBDD6,0xBDD6,0xBDD6,0xBDD6,
    0xBDD6,0xBDD6,0xBDD6,0xBDD6,0xBDD6,0xBDD6,0xBDD6,0xBDD6,0xBDD6,0xBDD6,0xBDD6,0xBDD6,
    0xBDD6,0xBDD6,0xBDD6,0xBDD6,0xBDD6,0xBDF6,0xBDD6,0xBDD6,0xBDD6,0xBDD6,0xBDD6,0xBDD6,
    0xBDD6,0xBDD6,0xBDD6,0xBDB6,0xBDD6,0xBDD6,0xBDB5,0xBDB5,0xBDB5,0xBDB5,0xBDB5,0xBDB5,
    0xBDB5,0xBDB5,0xBDB5,0xBDB5,0xBDB5,0xBDB5,0xBDB5,0xBDB5,0xBDB5,0xBDB5,0xBDB5,0xBDB5,
    0xBDB5,0xBDB5,0xBDB5,0xBDB5,0xBDB5,0xBDB5,0xBDB5,0xB5B5,0xB5B5,0xB5B5,0xB5B5,0xB5B5,
    0xB5B5,0xB5B5,0xB5B5,0xB5B5,0xB5B5,0xB595,0xB595,0xB5B5,0xB5B5,0xBDB5,0xBDB5,0xBDD6,
    0xBDD6,0xBDD6,0xBDD6,0xBDB5,0xB5B5,0xB5B5,0xBDB5,0xBDB5,0xB5B5,0xB5B5,0xBDB5,0xBDB5,
    0xBDB5,0xBDB5,0xBDB5,0xBDB5,0xBDB5,0xBDB5,0xBDB5,0xBDD6,0xBDD6,0xBDD6,0xBDD6,0xBDD6,
    0xBDD6,0xBDD6,0xBDD6,0xBDD6,0xBDD6,0xBDB5,0xBDB5,0xBDB5,0xBDB6,0xBDD6,0xBDD6,0xBDD6,
    0xBDB6,0xBDB6,0xBDB5,0xBDB5,0xBDB5,0xBDB5,0xB5B5,0xB595,0xB595,0xB595,0xB595,0xB595,
    0xB595,0xB595,0xB595,0xB595,0xB595,0xB595,0xB595,0xB595,0xB595,0xB595,0xB595,0xB595,
    0xB595,0xB5B5,0xB5B5,0xBDB5,0xBDB5,0xBDB5,0xBDD6,0xBDD6,0xBDB6,0xBDB5,0xBDD6,0xBDD6,
    0xBDD6,0xBDD6,0xBDD6,0xBDD6,0xBDD6,0xBDD6,0xBDD6,0xBDD6,0xBDD6,0xBDD6,0xBDD6,0xBDD6,
    0xBDD6,0xBDD6,0xBDD6,0xBDD6,0xBDD6,0xBDD6,0xBDD6,0xBDD6,0xBDD6,0xBDD6,0xBDD6,0xBDD6,
    0xBDD6,0xBDD6,0xBDD6,0xBDD6,0xBDD6,0xBDD6,0xBDD6,0xBDD6,0xBDD6,0xBDD6,0xBDD6,0xBDD6,
    0xBDD6,0xBDD6,0xBDD6,0xBDD6,0xBDD6,0xBDD6,0xBDD6,0xBDD6,0xBDD6,0xBDD6,0xBDD6,0xBDD6,
    0xBDD6,0xBDD6,0xBDD6,0xBDD6,0xBDD6,0xBDD6,0xBDD6,0xBDD6,0xBDD6,0xBDD6,0xBDD6,0xBDD6,
    0xBDD6,0xBDD6,0xBDD6,0xBDD6,0xBDD6,0xBDD6,0xBDD6,0xBDD6,0xBDD6,0xBDD6,0xBDD6,0xBDD6,
    0xBDD6,0xBDD6,0xBDD6,0xBDD6,0xBDD6,0xBDD6,0xBDD6,0xBDD6,0xBDD6,0xBDD6,0xBDD6,0xBDD6,
    0xBDD6,0xBDD6,0xBDD6,0xBDD6,0xBDD6,0xBDD6,0xBDD6,0xBDD6,0xBDD6,0xBDD6,0xBDD6,0xBDD6,
    0xBDD6,0xBDD6,0xBDD6,0xBDD6,0xBDD6,0xBDD6,0xBDD6,0xBDD6,0xBDD6,0xBDD6,0xBDD6,0xBDD6,
    0xBDD6,0xBDD6,0xBDD6,0xBDD6,0xBDD6,0xBDD6,0xBDD6,0xBDD6,0xBDD6,0xBDD6,0xBDD6,0xBDD6,
    0xBDD6,0xBDF6,0xBDF6,0xBDF6,0xC5F6,0xBDF6,0xBDF6,0xC5F6,0xC5F6,0xC5F6,0xBDF6,0xBDF6,
    0xBDF6,0xBDD6,0xBDD6,0xBDD6,0xBDD6,0xBDD6,0xBDD6,0xBDD6,0xBDD6,0xBDD6,0xBDD6,0xBDD6,
    0xBDD6,0xBDD6,0xBDD6,0xBDD6,0xBDD6,0xBDD6,0xBDD6,0xBDD6,0xBDD6,0xBDD6,0xBDD6,0xBDD6,
    0xBDD6,0xC5F6,0xC5F6,0xBDF6,0xBDF6,0xBDF6,0xBDF6,0xBDF6,0xBDF6,0xBDF6,0xBDF6,0xBDD6,
    0xBDD6,0xBDD6,0xBDD6,0xBDD6,0xBDD6,0xBDD6,0xBDD6,0xBDD6,0xBDD6,0xBDD6,0xBDD6,0xBDD6,
    0xBDD6,0xBDD6,0xBDD6,0xBDD6,0xBDD6,0xBDD6,0xBDD6,0xBDD6,0xBDD6,0xBDD6,0xBDD6,0xBDD6,
    0xBDD6,0xBDD6,0xBDD6,0xBDD6,0xBDD6,0xBDD6,0xBDD6,0xBDD6,0xBDD6,0xBDD6,0xBDD6,0xBDD6,
    0xBDD6,0xBDD6,0xBDD6,0xBDD6,0xBDD6,0xBDD6,0xBDD6,0xBDD6,0xBDD6,0xBDD6,0xBDD6,0xBDD6,
    0xC5F7,0xC5F7,0xC5F7,0xC617,0xC617,0xC617,0xC617,0xC617,0xC617,0xC617,0xC637,0xC637,
    0xC637,0xC637,0xC617,0xC617,0xC617,0xC617,0xC617,0xC637,0xC637,0xC617,0xC617,0xC617,
    0xC617,0xC617,0xC617,0xC617,0xC617,0xC617,0xC617,0xC617,0xC617,0xC617,0xC617,0xC617,
    0xC617,0xC617,0xC617,0xC617,0xC617,0xC5F7,0xC5F7,0xC617,0xC5F7,0xC5F7,0xC5F7,0xC617,
    0xC617,0xC617,0xC617,0xC617,0xC617,0xC617,0xC617,0xC617,0xC617,0xC617,0xC617,0xC617,
    0xC617,0xC617,0xC617,0xC617,0xC617,0xC617,0xC617,0xC617,0xC617,0xC617,0xC617,0xC617,
    0xC617,0xC617,0xC617,0xC5F7,0xC5F7,0xC5F7,0xC5F7,0xC5F7,0xC5F6,0xC5F7,0xC5F7,0xC5F7,
    0xC5F7,0xC5F6,0xBDF6,0xBDD6,0xBDD6,0xBDD6,0xBDF6,0xBDF6,0xBDF6,0xBDD6,0xC5F6,0xC5F7,
    0xC5F7,0xC617,0xC617,0xC617,0xC617,0xC617,0xC617,0xC617,0xC617,0xC637,0xC637,0xC617,
    0xC637,0xC637,0xC617,0xC637,0xC637,0xC637,0xC637,0xC637,0xC617,0xC637,0xC637,0xC617,
    0xC617,0xC617,0xC617,0xC617,0xC617,0xC617,0xC617,0xC617,0xC5F7,0xC5F7,0xC5F7,0xC5F6,
    0xC5F6,0xC5F6,0xC5F6,0xC5F6,0xC5F6,0xBDF6,0xBDF6,0xBDF6,0xBDF6,0xBDF6,0xBDD6,0xBDD6,
    0xBDD6,0xBDD6,0xBDD6,0xBDD6,0xBDD6,0xBDD6,0xBDD6,0xBDD6,0xBDD6,0xBDD6,0xBDD6,0xBDD6,
    0xBDD6,0xBDD6,0xBDD6,0xBDD6,0xBDD6,0xBDD6,0xBDD6,0xBDD6,0xBDD6,0xC5F6,0xC5F7,0xC5F7,
    0xC5F7,0xC5F7,0xC5F7,0xC5F7,0xC5F6,0xBDF6,0xBDD6,0xBDD6,0xBDD6,0xBDD6,0xBDD6,0xBDD6,
    0xBDD6,0xBDD6,0xBDD6,0xBDD6,0xBDD6,0xBDD6,0xBDD6,0xBDD6,0xBDD6,0xBDD6,0xBDD6,0xBDD6,
    0xBDD6,0xBDD6,0xBDD6,0xBDD6,0xBDD6,0xBDD6,0xBDD6,0xBDD6,0xBDD6,0xBDD6,0xBDD6,0xBDD6,
    0xBDD6,0xBDD6,0xBDD6,0xBDD6,0xBDD6,0xBDD6,0xBDD6,0xBDD6,0xBDD6,0xBDD6,0xBDD6,0xBDD6,
    0xBDD6,0xBDD6,0xBDD6,0xBDD6,0xBDD6,0xBDD6,0xBDD6,0xBDD6,0xBDD6,0xBDD6,0xBDD6,0xBDD6,
    0xBDD6,0xBDD6,0xBDD6,0xBDD6,0xBDD6,0xBDD6,0xBDD6,0xBDD6,0xBDD6,0xBDD6,0xBDD6,0xBDD6,
    0xBDD6,0xBDD6,0xBDD6,0xBDD6,0xBDD6,0xBDD6,0xBDD6,0xBDD6,0xBDD6,0xBDD6,0xBDD6,0xBDD6,
    0xBDF6,0xBDF6,0xBDD6,0xBDD6,0xBDD6,0xBDD6,0xBDF6,0xBDF6,0xBDD6,0xC5F6,0xC5F6,0xC5F6,
    0xBDF6,0xC5F6,0xBDF6,0xBDF6,0xBDD6,0xBDD6,0xBDD6,0xBDD6,0xBDD6,0xBDD6,0xBDD6,0xBDD6,
    0xBDD6,0xBDD6,0xBDD6,0xBDD6,0xBDD6,0xBDD6,0xBDD6,0xBDD6,0xBDD6,0xBDD6,0xBDD6,0xBDD6,
    0xBDD6,0xBDD6,0xBDD6,0xBDD6,0xBDD6,0xBDD6,0xBDD6,0xBDD6,0xBDD6,0xBDD6,0xBDD6,0xBDD6,
    0xBDD6,0xBDD6,0xBDD6,0xBDD6,0xBDD6,0xBDD6,0xBDD6,0xBDD6,0xBDD6,0xBDD6,0xBDD6,0xBDF6,
    0xBDF6,0xBDD6,0xBDD6,0xBDD6,0xBDF6,0xBDD6,0xBDF6,0xBDF6,0xBDF6,0xBDF6,0xC5F6,0xC5F6,
    0xC5F6,0xC5F6,0xC5F6,0xC5F7,0xC5F6,0xC5F7,0xC5F7,0xC5F7,0xC5F7,0xC617,0xC617,0xC617,
    0xC617,0xC617,0xC617,0xC617,0xC617,0xC617,0xC617,0xC617,0xC617,0xC617,0xC617,0xC617,
    0xC617,0xC617,0xC617,0xC617,0xC617,0xC617,0xC617,0xC617,0xC617,0xC617,0xC617,0xC617,
    0xC5F7,0xC5F7,0xC5F7,0xC5F7,0xC5F7,0xC5F7,0xC5F7,0xC5F7,0xC5F7,0xC5F7,0xC5F7,0xC5F7,
    0xC5F6,0xC5F7,0xC5F6,0xC5F7,0xC5F6,0xC5F6,0xBDF6,0xC5F7,0xBDF6,0xC5F6,0xC5F6,0xC5F6,
    0xC5F6,0xC5F6,0xC5F6,0xC5F6,0xC5F6,0xC5F6,0xBDF6,0xBDF6,0xBDF6,0xBDF6,0xBDF6,0xBDF6,
    0xBDF6,0xBDF6,0xBDF6,0xBDF6,0xBDF6,0xBDF6,0xBDF6,0xBDF6,0xBDF6,0xBDF6,0xBDF6,0xBDF6,
    0xBDF6,0xBDD6,0xBDD6,0xBDD6,0xBDD6,0xBDD6,0xBDD6,0xBDD6,0xBDD6,0xBDD6,0xBDD6,0xBDD6,
    0xBDD6,0xBDD6,0xBDD6,0xBDD6,0xBDD6,0xBDD6,0xBDD6,0xBDD6,0xBDF6,0xBDF6,0xBDF6,0xBDD6,
    0xBDD6,0xBDD6,0xBDD6,0xBDD6,0xBDD6,0xBDD6,0xBDD6,0xBDD6,0xBDD6,0xBDD6,0xBDF6,0xBDD6,
    0xBDD6,0xBDD6,0xBDD6,0xBDF6,0xBDD6,0xBDD6,0xBDF6,0xBDF6,0xBDF6,0xBDF6,0xC5F6,0xBDF6,
    0xC5F6,0xC5F6,0xC5F6,0xBDF6,0xBDF6,0xBDF6,0xBDF6,0xBDF6,0xBDF6,0xC5F6,0xC5F6,0xC5F6,
    0xBDF6,0xBDF6,0xBDF6,0xBDF6,0xBDF6,0xBDF6,0xBDF6,0xBDF6,0xBDF6,0xBDF6,0xBDF6,0xBDF6,
    0xBDF6,0xBDF6,0xBDF6,0xBDF6,0xBDF6,0xBDF6,0xBDF6,0xC5F6,0xC5F6,0xC5F6,0xC5F6,0xC5F6,
    0xC5F7,0xC5F6,0xC5F6,0xC5F7,0xC5F7,0xC5F7,0xC5F7,0xC5F7,0xC5F7,0xC5F7,0xC5F7,0xC617,
    0xC617,0xC617,0xC617,0xC617,0xC5F7,0xC5F7,0xC5F7,0xC5F7,
};
